Date,Qdrat ID,Tag,D1_p,Dn1,D2_p,Dn2,D3_p,Dn3,"D6_c,p",Dn6,"D7_c,p",Dn7,PH,PD,FlC,FrC,EFN ct,EFN score,gone_fr,,,,,,
6/24/26,652,39,2.8,"1,3",0,0,1.4,2,0,0,0,0,91,15,3,6,"6,8","2,1",1,,,,,,
6/24/26,652,48,2.5,"1,2",0,0,0.5,2,0,0,0,0,89,12,2,7,"6,8","2,1",1,,,,,,
6/24/26,652,22,19,"2,4",2,"1,2,3",1.5,4,0,0,0,0,82,14,2,6,"2,12","2,1",1,,,,,,
6/24/26,652,17,0,0,2.5,"2,3",0,0,0,0,0,0,45,8,1,3,6,1,1,,,,,,
6/24/26,652,32,13.3,"1,2,3",0,0,0,0,0,0,0,0,67,18,2,3,"4,5","2,1",0,,,,,,
6/24/26,652,36,0,0,0,0,8.9,"1,2",0,0,0,0,85,19,3,5,"4,12","2,1",0,,,,,,
6/24/26,652,49,16.7,"2,3",0,0,0,0,0,0,0,0,56,12,3,7,"7,7","2,1",0,,,,,,
6/24/26,652,46,7.7,"2,3",0,0,5.5,"3,4",0,0,0,0,100,21,4,5,"12,2","2,1",0,,,,,,
6/24/26,652,2,0,0,0,0,2.7,"1,3,4",0,0,0,0,93,14,3,6,8,2,1,,,,,,
6/24/26,652,51,0,0,0,0,0,0,0,0,0,0,50,8,0,5,6,1,1,,,,,,
6/24/26,652,28,0.5,2,0.5,2,2,1,0,0,0,0,52,7,1,4,"6,5","2,1",0,,,,,,
6/24/26,652,20,0,0,0,0,4.1,"1,2,3",0,0,0,0,72,18,1,5,11,1,0,,,,,,
6/24/26,652,38,5.6,3,0,0,3.1,"1,2",0,0,0,0,50,10,1,2,"4,4","2,1",1,,,,,,
6/24/26,652,15,8.1,"2,3",3.2,"2,3,4,5",0,0,0,0,0,0,92,10,3,6,8,2,1,,,,,,
6/24/26,652,47,5,"1,4",1,3,1,2,0,0,0,0,70,12,5,3,"6,4","2,1",1,,,,,,
6/24/26,989,19,dead,0,0,0,0,0,0,0,0,0,0,0,0,0,0,"2,1",0,,,,,,0
6/24/26,989,43,dead,0,0,0,0,0,0,0,0,0,0,0,0,0,0,"2,1",0,,,,,,
6/24/26,989,25,dead,0,0,0,0,0,0,0,0,0,0,0,0,1,0,"2,1",0,,,,,,
6/24/26,989,4,dead,0,0,0,0,0,0,0,0,0,0,0,0,1,0,"2,1",0,,,,,,
6/24/26,989,35,dead,0,0,0,0,0,0,0,0,0,0,0,0,0,0,"2,1",0,,,,,,
6/24/26,989,13,10,3,0,0,4.2,2,0,0,0,0,54,10,4,5,7,1,0,,,,,,
6/24/26,989,18,Sen,0,0,0,0,0,0,0,0,0,24,4,0,2,0,"2,1",0,,,,,,
6/24/26,989,3,dead,0,0,0,0,0,0,0,0,0,0,0,0,1,0,"2,1",0,,,,,,
6/24/26,989,6,dead,0,0,0,0,0,0,0,0,0,0,0,0,1,0,"2,1",0,,,,,,
6/24/26,989,14,dead,0,0,0,0,0,0,0,0,0,0,0,0,1,0,"2,1",0,,,,,,
6/24/26,989,7,0,0,0,0,0,0,0,0,0,0,23,6,1,2,6,1,0,,,,,,
6/24/26,989,21,dead,0,0,0,0,0,0,0,0,0,0,0,0,0,0,"2,1",0,,,,,,
6/24/26,989,16,12.5,"2,3",1.9,2,0,0,0,0,0,0,32,12,2,7,8,1,0,,,,,,
6/24/26,989,8,28.6,"2,3",0,0,0,0,0,0,0,0,35,12,2,5,5,1,0,,,,,,
6/24/26,626,45,3,2,0,0,0,0,0,0,0,0,35,6,0,3,6,1,1,,,,,,
6/24/26,626,42,16.3,2,0,0,0,0,0,0,0,0,18,4,0,1,4,1,0,,,,,,
6/24/26,626,5,3.6,3,0,0,0,0,0,0,0,0,62,8,2,4,2,1,0,,,,,,
6/24/26,626,40,5.6,"2,3",0,0,1.9,2,0,0,0,0,75,8,0,5,6,1,0,,,,,,
6/24/26,626,26,0,0,0,0,3,2,0,0,0,0,73,10,4,12,"12,2","2,1",2,,,,,,
6/24/26,626,1,0,0,22.1,3,0,0,0,0,0,0,49,15,0,5,4,1,0,,,,,,
6/24/26,626,37,0,0,0,0,0,0,0,0,0,0,22,5,0,2,4,1,0,,,,,,
6/24/26,626,34,3.6,3,0,0,0,0,0,0,0,0,34,10,0,4,8,1,0,,,,,,
6/24/26,626,52,5.7,"2,3",0,0,1.4,2,0,0,0,0,32,6,0,4,4,1,0,,,,,,
6/24/26,626,29,1.4,2,0,0,1.4,1,0,0,0,0,53,10,0,3,8,1,0,,,,,,
6/24/26,626,31,0,0,0,0,5,2,0,0,0,0,40,14,2,6,4,1,0,,,,,,
6/24/26,626,44,4.6,"2,4",0,0,1.2,2,0,0,0,0,103,21,4,13,16,2,0,,,,,,
6/24/26,626,11,17.5,"2,3,4",0,0,0,0,0,0,0,0,23,8,0,4,12,1,0,,,,,,
6/24/26,626,23,dead,0,0,0,0,0,0,0,0,0,0,0,0,0,0,0,0,,,,,,
7/7/26,63,115,0,0,1.2,"2,3,4",1.2,1,0,0,0,0,84,12,4,5,"2,8","2,1",0,,,,,,
7/7/26,63,138,0,0,0.3,2,0,0,0,0,0,0,43,8,2,2,8,1,0,,,,,,
7/7/26,63,129,2.7,"1,2",0,0,0,0,0,0,0,0,42,10,1,3,14,1,0,,,,,,
7/7/26,63,109,0,0,1.6,"1,2,3",0,0,0,0,0,0,78,10,2,3,10,1,0,,,,,,
7/7/26,63,104,0,0,0,0,0,1.6,1,0,0,0,38,8,1,2,"2,8","2,1",0,,,,,,
7/7/26,63,117,16.7,1,0,0,0,0,0,0,0,0,69,10,2,3,9,1,0,,,,,,
7/7/26,63,175,0,0,2,"1,2,3",1.9,2,0,0,0,0,51,11,1,4,"4,3","2,1",0,,,,,,
7/7/26,63,128,0,0,0,0,0,0,0,0,0,0,16,8,0,2,1,1,0,,,,,,
7/7/26,63,152,0,0,1.1,2,0,0,0,0,0,0,34,10,1,3,8,1,0,,,,,,
7/7/26,63,107,0,0,0,0,0,0,0,0,0,0,20,8,0,2,4,1,0,,,,,,
7/7/26,63,30,0,0,2,"1,2,3",0,0,0,0,0,0,32,15,1,2,4,1,0,,,,,,
7/7/26,63,124,0,0,0,0,0,0,0,0,0,0,19,8,1,1,0,0,0,,,,,,
7/7/26,63,122,0.5,3,0.5,3,2.9,1,0,0,0,0,26,10,1,3,3,1,0,,,,,,
7/7/26,63,174,0.6,3,0.6,"1,2,3",0,0,0,0,0,0,35,10,2,2,10,1,0,,,,,,
7/7/26,63,127,0,0,1,"1,2",1.6,1,0,0,0,0,14,6,1,1,1,1,0,,,,,,
7/7/26,905,100,0,0,0,0,0,0,0,0,0,0,14,6,0,1,0,0,0,,,,,,
7/7/26,905,164,0,0,2.1,"1,2,3",0,0,0,0,0,0,21,6,1,2,5,1,0,,,,,,
7/7/26,905,53,0,0,1.6,"2,3",0,0,0,0,0,0,13,4,1,1,0,0,0,,,,,,
7/7/26,905,65,0,0,0,0,0,0,0,0,0,0,21,8,1,2,0,0,0,,,,,,
7/7/26,905,40,0,0,0,0,0,0,0,0,0,0,25,10,1,3,0,0,0,,,,,,
7/7/26,905,121,0,0,0,0,0,0,0,0,0,0,29,12,1,1,0,0,0,,,,,,
7/7/26,905,31,0,0,0,0,0,0,0,0,0,0,12,6,0,1,0,0,0,,,,,,
7/7/26,905,101,0,0,0,0,0,0,0,0,0,0,14,7,1,1,2,1,0,,,,,,
7/7/26,905,4,0,0,0,0,0,0,0,0,0,0,12,4,1,0,0,0,0,,,,,,
7/7/26,905,54,0,0,0,0,0,0,0,0,0,0,12,6,1,1,0,0,0,,,,,,
7/7/26,905,105,0,0,0,0,0,0,0,0,0,0,26,10,1,2,6,1,0,,,,,,
7/7/26,905,145,0,0,0,0,0,0,0,0,0,0,14,8,1,1,6,1,0,,,,,,
7/7/26,905,49,0,0,0,0,0,0,0,0,0,0,8,3,0,1,0,0,0,,,,,,
7/7/26,905,81,0,0,0,0,7.5,1,0,0,0,0,12,6,1,1,0,0,0,,,,,,
7/7/26,905,2,0,0,0,0,0,0,0,0,0,0,18,8,0,1,0,0,0,,,,,,
7/7/26,105,24,8.3,1,0,0,0,0,0,0,0,0,18,6,0,1,1,2,0,,,,,,
7/7/26,105,629,0,0,7.5,"1,2,3",1.6,1,0,0,0,0,18,5,0,1,1,2,0,,,,,,
7/7/26,105,42,0,0,3,"1,2",0,0,0,0,0,0,12,6,0,1,0,0,0,,,,,,
7/7/26,105,643,0,0,0,0,0,0,0,0,0,0,18,8,1,1,2,1,0,,,,,,
7/7/26,105,180,0,0,0,0,2.5,1,0,0,0,0,27,7,1,1,4,1,0,,,,,,
7/7/26,105,120,0,0,0,0,0,0,0,0,0,0,24,7,0,2,4,1,0,,,,,,
7/7/26,105,72,0,0,3,"1,2,3",0,0,0,0,0,0,16,8,1,1,4,1,0,,,,,,
7/7/26,105,51,0,0,4.2,"1,2,3",4.2,1,0,0,0,0,18,7,1,1,2,1,0,,,,,,
7/7/26,105,79,0,0,0,0,0,0,0,0,0,0,24,8,0,1,0,0,0,,,,,,
7/7/26,105,179,0,0,0,0,1.9,"1,2",0,0,0,0,38,12,2,1,"4,4","2,1",0,,,,,,
7/7/26,105,672,2.1,3,0,0,0,0,0,0,0,0,32,10,0,1,0,0,0,,,,,,
7/7/26,105,698,0,0,4.2,"1,2,3",0,0,0,0,0,0,30,10,1,2,6,1,0,,,,,,
7/7/26,105,664,0,0,6.6,"1,2",1,0,0,0,0,0,10,4,0,1,0,0,0,,,,,,
7/7/26,105,56,30,1,0,0,0,0,0,0,0,0,4,4,0,0,0,0,0,,,,,,
7/7/26,105,32,0,0,6,"1,2",0,0,0,0,0,0,14,8,1,0,0,0,0,,,,,,
7/15/26,670,14,0,0,0,0,3.5,"2,4",0,0,0,0,65,14,0,7,10,1,7,,,,,,
7/15/26,670,38,4.4,3,3,"2,3,4",0,0,0,0,0,0,96,12,0,11,10,1,0,,,,,,
7/15/26,670,21,5.5,2,0,0,2.6,"2,3",0,0,0,0,73,12,0,7,"2,7","2,1",0,,,,,,
7/15/26,670,12,6.1,4,2,"2,3,4",8.3,3,0,0,0,0,81,14,14,6,8,1,0,,,,,,
7/15/26,670,22,10,"2,3,4",1.9,4,3.8,2,0,0,0,0,86,8,0,4,2,1,0,,,,,,
7/15/26,670,26,3.3,4,0,0,3.3,4,0,0,0,0,79,10,0,1,2,1,0,,,,,,
7/15/26,670,19,2.8,2,0,0,3,"2,3",0,0,0,0,119,12,0,11,"8,16","2,1",0,,,,,,
7/15/26,670,40,1.1,"2,3",0,0,0,0,0,0,0,0,59,8,0,10,"4,10","2,1",0,,,,,,
7/15/26,670,23,13.3,"2,3",3,"2,3,4",4.2,4,0,0,0,0,95,8,0,8,10,1,0,,,,,,
7/15/26,670,7,1.6,2,2.6,"2,3,4",1.6,3,0,0,0,0,38,10,0,3,6,1,0,,,,,,
7/15/26,670,20,5,"1,2,3",0,0,0,0,0,0,0,0,33,8,0,1,4,1,0,,,,,,
7/15/26,670,42,6.4,2,0,0,1.4,3,0,0,"2, 2.1",2,80,8,0,3,6,1,0,,,,,,
7/15/26,670,11,5.6,"2,3,4",0,0,0,0,0,0,0,0,49,10,0,1,4,1,1,,,,,,
7/15/26,670,41,1.6,"3,4",0,0,0,0,"1, 5.8",0,0,0,61,10,0,4,7,1,0,,,,,,
7/15/26,670,35,7.2,"3,4",5,"3,4,5",1.1,5,0,0,0,0,75,8,0,4,7,1,0,,,,,,
7/15/26,989,71,dead,0,0,0,0,0,0,0,0,0,0,0,0,0,0,0,0,,,,,,
7/15/26,989,13,dead,0,0,0,0,0,0,0,0,0,0,0,0,5,0,0,0,,,,,,
7/15/26,989,8,dead,0,0,0,0,0,0,0,0,0,0,0,0,4,0,0,0,,,,,,
7/15/26,989,16,dead,0,0,0,0,0,0,0,0,0,0,0,0,3,0,0,0,,,,,,
7/15/26,989,18,dead,0,0,0,0,0,0,0,0,0,0,0,0,0,0,0,0,,,,,,
7/15/26,652,22,na,0,0,0,0,0,0,0,0,0,0,0,0,0,0,0,0,,,,,,
7/15/26,652,19,7.9,"2,3",2,"2,3,4",0,0,0,0,0,0,85,10,1,5,10,1,0,,,,,,
7/15/26,652,46,12.5,"2,3,4",1,"3,4",1,"1,4",0,0,0,0,87,12,1,6,10,1,0,,,,,,
7/15/26,652,47,0,0,0,0,0,0,0,0,0,0,76,12,2,6,8,1,6,,,,,,
7/15/26,652,15,12.1,"2,3,4,5",0,0,0,0,0,0,0,0,87,7,0,3,6,1,0,,,,,,
7/15/26,652,20,0,0,0,0,0,0,0,0,0,0,65,0,0,0,0,0,0,,,,,,
7/15/26,652,38,0,0,0,0,0,0,0,0,0,0,45,8,0,4,6,1,0,,,,,,
7/15/26,652,28,7.9,3,0,0,0,0,0,0,0,0,50,8,3,3,8,1,0,,,,,,
7/15/26,652,51,0,0,0,0,0,0,0,0,0,0,48,6,0,4,6,1,0,,,,,,
7/15/26,652,2,3.6,3,0,0,0.7,4,0,0,0,0,85,7,2,3,8,1,0,,,,,,
7/15/26,652,36,5,"2,4",1,"2,3",0,0,0,0,0,0,84,8,0,7,6,1,0,,,,,,
7/15/26,652,32,9,3,5,"2,3",0,0,0,0,0,0,65,8,0,5,5,1,0,,,,,,
7/15/26,652,17,13.3,3,0,0,0,0,0,0,0,0,41,5,0,3,3,1,0,,,,,,
7/21/26,699,4,dead,0,0,0,0,0,0,0,0,0,0,0,0,0,0,0,0,,,,,,
7/21/26,699,10,dead,0,0,0,0,0,0,0,0,0,0,0,0,0,0,0,0,,,,,,
7/21/26,699,11,dead,0,0,0,0,0,0,0,0,0,0,0,0,2,0,0,2,,,,,,
7/21/26,699,3,dead,0,0,0,0,0,0,0,0,0,0,0,0,1,0,0,0,,,,,,
7/21/26,699,5,dead,0,0,0,0,0,0,0,0,0,0,0,0,0,0,0,0,,,,,,
7/21/26,699,1,dead,0,0,0,0,0,0,0,0,0,0,0,0,0,0,0,0,,,,,,
7/21/26,699,14,dead,0,0,0,0,0,0,0,0,0,0,0,0,2,0,0,0,,,,,,
7/21/26,699,9,dead,0,0,0,0,0,0,0,0,0,0,0,0,3,0,0,3,,,,,,
7/21/26,699,13,dead,0,0,0,0,0,0,0,0,0,0,0,0,0,0,0,0,,,,,,
7/21/26,699,8,dead,0,0,0,0,0,0,0,0,0,0,0,0,0,0,0,0,,,,,,
7/21/26,699,2,dead,0,0,0,0,0,0,0,0,0,0,0,0,0,0,0,0,,,,,,
7/21/26,699,12,dead,0,0,0,0,0,0,0,0,0,0,0,0,0,0,0,0,,,,,,
7/21/26,640,10,dead,0,0,0,0,0,0,0,0,0,0,0,0,0,0,0,0,,,,,,
7/21/26,640,6,dead,0,0,0,0,0,0,0,0,0,0,0,0,0,0,0,0,,,,,,
7/21/26,640,11,dead,0,0,0,0,0,0,0,0,0,0,0,0,0,0,0,0,,,,,,
7/21/26,640,7,0,0,0,0,0,0,0,0,0,0,24,6,0,1,0,0,0,,,,,,
7/21/26,640,8,0,0,0,0,0,0,0,0,0,0,28,6,0,1,4,1,0,,,,,,
7/21/26,640,15,0,0,0,0,5,"2,3",0,0,0,0,32,7,1,0,4,1,0,,,,,,
7/21/26,640,3,0,0,0,0,0,0,0,0,0,0,27,5,1,0,0,0,0,,,,,,
7/21/26,640,1,0,4,1,0,4,1,0,0,0,0,29,6,2,0,0,0,0,,,,,,
7/21/26,640,13,15,2,0,0,4,2,0,0,0,0,10,4,0,0,0,0,0,,,,,,
7/21/26,640,9,0,0,0,0,0,0,0,0,0,0,14,5,1,0,0,0,0,,,,,,
7/21/26,640,2,10,1,0,0,0,0,0,0,0,0,32,4,0,2,0,0,0,,,,,,
7/21/26,69,8,dead,0,0,0,0,0,0,0,0,0,0,0,0,2,0,0,2,,,,,,
7/21/26,69,11,dead,0,0,0,0,0,0,0,0,0,0,0,0,2,0,0,2,,,,,,
7/21/26,69,14,dead,0,0,0,0,0,0,0,0,0,0,0,0,1,0,0,1,,,,,,
7/21/26,69,4,dead,0,0,0,0,0,0,0,0,0,0,0,0,2,0,0,2,,,,,,
7/21/26,69,15,dead,0,0,0,0,0,0,0,0,0,0,0,0,0,0,0,0,,,,,,
7/21/26,69,5,0,0,0,0,0,0,0,0,0,0,18,6,1,2,0,0,0,,,,,,
7/21/26,69,2,dead,0,0,0,0,0,0,0,0,0,0,0,0,2,0,0,2,,,,,,
7/21/26,69,13,dead,0,0,0,0,0,0,0,0,0,0,0,0,0,0,0,0,,,,,,
7/21/26,69,3,dead,0,0,0,0,0,0,0,0,0,0,0,0,3,0,0,3,,,,,,
7/21/26,69,7,dead,0,0,0,0,0,0,0,0,0,0,0,0,10,0,0,10,,,,,,
7/21/26,69,1,dead,0,0,0,0,0,0,0,0,0,0,0,0,1,0,0,1,,,,,,
7/21/26,69,10,dead,0,0,0,0,0,0,0,0,0,0,0,0,2,0,0,2,,,,,,
7/21/26,69,12,dead,0,0,0,0,0,0,0,0,0,0,0,0,0,0,0,0,,,,,,
7/21/26,69,9,dead,0,0,0,0,0,0,0,0,0,0,0,0,4,0,0,3,,,,,,
7/21/26,69,6,dead,0,0,0,0,0,0,0,0,0,0,0,0,3,0,0,2,,,,,,
7/21/26,98,5,5,"1,2",0,0,4,2,0,0,0,0,32,8,1,0,3,1,0,,,,,,
7/21/26,98,14,5,"1,2",0,0,0,0,0,0,0,0,22,6,0,0,0,0,0,,,,,,
7/21/26,98,9,5,2,0,0,0,0,0,0,0,0,30,7,0,1,0,0,0,,,,,,
7/21/26,98,2,0,0,0,0,0,0,0,0,0,0,18,4,0,1,0,0,0,,,,,,
7/21/26,98,10,0,0,0,0,0,0,0,0,0,0,28,6,0,2,0,0,0,,,,,,
7/21/26,98,13,0,0,0,0,4,1,0,0,0,0,32,6,0,1,0,0,0,,,,,,
7/21/26,98,3,dead,0,0,0,0,0,0,0,0,0,0,0,0,0,0,0,0,,,,,,
7/21/26,98,4,0,0,4.3,1,0,0,0,0,0,0,45,9,0,3,4,1,0,,,,,,
7/21/26,98,8,0,0,0,0,0,0,0,0,0,0,29,10,1,1,0,0,0,,,,,,
7/21/26,98,15,0,0,0,0,0,0,0,0,0,0,33,4,0,1,0,0,0,,,,,,
7/21/26,98,1,0,0,0,0,0,0,0,0,0,0,58,8,0,1,4,1,0,,,,,,
7/21/26,98,12,0,0,5.6,"1,2,3,4",0,0,0,0,0,0,68,16,0,5,12,1,0,,,,,,
7/21/26,98,7,0,0,0,0,2.1,1,0,0,0,0,35,8,0,1,0,0,0,,,,,,
7/21/26,98,11,0,0,0,0,0,0,0,0,0,0,54,8,0,1,0,0,0,,,,,,
7/21/26,98,61,dead,0,0,0,0,0,0,0,0,0,0,0,0,0,0,0,0,,,,,,
7/21/26,604,8,dead,0,0,0,0,0,0,0,0,0,0,0,0,1,0,0,1,,,,,,
7/21/26,604,5,dead,0,0,0,0,0,0,0,0,0,0,0,0,0,0,0,0,,,,,,
7/21/26,604,4,na,0,0,0,0,0,0,0,0,0,0,0,0,0,0,0,0,,,,,,
7/21/26,604,5,dead,0,0,0,0,0,0,0,0,0,0,0,0,6,0,0,6,,,,,,
7/21/26,604,15,dead,0,0,0,0,0,0,0,0,0,0,0,0,1,0,0,1,,,,,,
7/21/26,604,7,dead,0,0,0,0,0,0,0,0,0,0,0,0,11,0,0,9,,,,,,
7/21/26,604,14,dead,0,0,0,0,0,0,0,0,0,0,0,0,7,0,0,4,,,,,,
7/21/26,604,11,na,0,0,0,0,0,0,0,0,0,0,0,0,0,0,0,0,,,,,,
7/21/26,604,10,dead,0,0,0,0,0,0,0,0,0,0,0,0,2,0,0,2,,,,,,
7/21/26,604,13,dead,0,0,0,0,0,0,0,0,0,0,0,0,0,0,0,0,,,,,,
7/21/26,698,1,dead,0,0,0,0,0,0,0,0,0,0,0,0,0,0,0,0,,,,,,
7/21/26,698,12,dead,0,0,0,0,0,0,0,0,0,0,0,0,0,0,0,0,,,,,,
7/21/26,698,4,dead,0,0,0,0,0,0,0,0,0,0,0,0,1,0,0,1,,,,,,
7/21/26,698,9,dead,0,0,0,0,0,0,0,0,0,0,0,0,0,0,0,0,,,,,,
7/21/26,698,5,dead,0,0,0,0,0,0,0,0,0,0,0,0,1,0,0,1,,,,,,
7/21/26,698,11,dead,0,0,0,0,0,0,0,0,0,0,0,0,1,0,0,1,,,,,,
7/21/26,698,7,dead,0,0,0,0,0,0,0,0,0,0,0,0,0,0,0,0,,,,,,
7/21/26,698,3,dead,0,0,0,0,0,0,0,0,0,0,0,0,0,0,0,0,,,,,,
7/21/26,698,15,0,0,0,0,0,0,0,0,0,0,22,8,0,2,0,0,2,,,,,,
7/21/26,698,2,dead,0,0,0,0,0,0,0,0,0,0,0,0,0,0,0,0,,,,,,
7/21/26,698,8,dead,0,0,0,0,0,0,0,0,0,0,0,0,0,0,0,0,,,,,,
7/21/26,698,6,dead,0,0,0,0,0,0,0,0,0,0,0,0,0,0,0,0,,,,,,
7/21/26,698,10,dead,0,0,0,0,0,0,0,0,0,0,0,0,6,0,0,6,,,,,,
7/21/26,698,13,dead,0,0,0,0,0,0,0,0,0,0,0,0,0,0,0,0,,,,,,
8/5/26,655,3,dead,0,0,0,0,0,0,0,0,0,0,0,0,1,0,0,0,,,,,,
8/5/26,655,1,dead,0,0,0,0,0,0,0,0,0,0,0,0,7,0,0,5,,,,,,
8/5/26,655,9,dead,0,0,0,0,0,0,0,0,0,0,0,0,2,0,0,2,,,,,,
8/5/26,655,13,dead,0,0,0,0,0,0,0,0,0,0,0,0,3,0,0,2,,,,,,
8/5/26,655,9,dead,0,0,0,0,0,0,0,0,0,0,0,0,1,0,0,1,,,,,,
8/5/26,655,5,dead,0,0,0,0,0,0,0,0,0,0,0,0,1,0,0,1,,,,,,
8/5/26,655,7,dead,0,0,0,0,0,0,0,0,0,0,0,0,0,0,0,0,,,,,,
8/5/26,655,2,dead,0,0,0,0,0,0,0,0,0,0,0,0,0,0,0,0,,,,,,
8/5/26,655,8,dead,0,0,0,0,0,0,0,0,0,0,0,0,0,0,0,0,,,,,,
8/5/26,655,15,dead,0,0,0,0,0,0,0,0,0,0,0,0,3,0,0,1,,,,,,
8/5/26,655,6,dead,0,0,0,0,0,0,0,0,0,0,0,0,3,0,0,1,,,,,,
8/5/26,655,11,dead,0,0,0,0,0,0,0,0,0,0,0,0,3,0,0,3,,,,,,
8/5/26,655,14,0,0,0,0,0,0,0,0,0,0,0,0,0,1,0,0,1,,,,,,
8/5/26,655,12,dead,0,0,0,0,0,0,0,0,0,0,0,0,3,0,0,3,,,,,,
8/5/26,655,10,dead,0,0,0,0,0,0,0,0,0,0,0,0,1,0,0,0,,,,,,
8/5/26,700,4,na,0,0,0,0,0,0,0,0,0,0,0,0,0,0,0,0,,,,,,
8/5/26,700,8,0,0,0,0,0,0,0,0,0,0,60,0,0,4,0,0,3,,,,,,
8/5/26,700,13,dead,0,0,0,0,0,0,0,0,0,0,0,0,2,0,0,2,,,,,,
8/5/26,700,10,0,0,0,0,0,0,0,0,0,0,62,0,0,6,0,0,1,,,,,,
8/5/26,700,11,dead,0,0,0,0,0,0,0,0,0,0,0,0,1,0,0,1,,,,,,
8/5/26,700,14,dead,0,0,0,0,0,0,0,0,0,0,0,0,0,0,0,0,,,,,,
8/5/26,700,12,0,0,0,0,0,0,0,0,0,0,24,0,1,1,0,0,1,,,,,,
8/5/26,700,6,dead,0,0,0,0,0,0,0,0,0,0,0,0,2,0,0,2,,,,,,
8/5/26,700,3,dead,0,0,0,0,0,0,0,0,0,0,0,0,1,0,0,1,,,,,,
8/5/26,700,7,na,0,0,0,0,0,0,0,0,0,0,0,0,0,0,0,0,,,,,,
8/5/26,700,2,0,0,0,0,0,0,0,0,0,0,42,0,0,3,0,0,0,,,,,,
8/5/26,700,5,0,0,0,0,0,0,0,0,0,0,120,24,0,14,0,0,7,,,,,,
8/5/26,700,1,0,0,0,0,0,0,0,0,0,0,68,0,0,4,0,0,3,,,,,,
8/5/26,41,2,dead,0,0,0,0,0,0,0,0,0,0,0,0,1,0,0,0,,,,,,
8/5/26,41,14,dead,0,0,0,0,0,0,0,0,0,0,0,0,1,0,0,0,,,,,,
8/5/26,41,15,dead,0,0,0,0,0,0,0,0,0,0,0,0,1,0,0,1,,,,,,
8/5/26,41,1,dead,0,0,0,0,0,0,0,0,0,0,0,0,1,0,0,1,,,,,,
8/5/26,41,10,dead,0,0,0,0,0,0,0,0,0,0,0,0,1,0,0,1,,,,,,
8/5/26,41,7,dead,0,0,0,0,0,0,0,0,0,0,0,0,1,0,0,1,,,,,,
8/5/26,41,8,0,0,0,0,0,0,0,0,0,0,32,0,0,2,0,0,0,,,,,,
8/5/26,41,13,0,0,0,0,0,0,0,0,0,0,34,0,0,3,0,0,2,,,,,,
8/5/26,41,5,dead,0,0,0,0,0,0,0,0,0,0,0,0,2,0,0,2,,,,,,
8/5/26,41,9,0,0,0,0,0,0,0,0,0,0,45,0,0,2,0,0,1,,,,,,
8/5/26,41,12,0,0,0,0,0,0,0,0,0,0,70,0,0,4,0,0,3,,,,,,
8/5/26,41,3,dead,0,0,0,0,0,0,0,0,0,0,0,0,0,0,0,0,,,,,,
8/5/26,620,222,0,0,0,0,0,0,0,0,0,0,20,0,0,1,0,0,1,,,,,,
8/5/26,620,292,dead,0,0,0,0,0,0,0,0,0,0,0,0,4,0,0,4,,,,,,
8/5/26,620,202,dead,0,0,0,0,0,0,0,0,0,0,0,0,0,0,0,0,,,,,,
8/5/26,620,231,dead,0,0,0,0,0,0,0,0,0,0,0,0,1,0,0,1,,,,,,
8/5/26,620,261,dead,0,0,0,0,0,0,0,0,0,0,0,0,3,0,0,3,,,,,,
8/5/26,620,288,dead,0,0,0,0,0,0,0,0,0,0,0,0,0,0,0,0,,,,,,
8/5/26,620,268,dead,0,0,0,0,0,0,0,0,0,0,0,0,0,0,0,0,,,,,,
8/5/26,620,660,dead,0,0,0,0,0,0,0,0,0,0,0,0,0,0,0,0,,,,,,
8/5/26,620,350,dead,0,0,0,0,0,0,0,0,0,0,0,0,0,0,0,0,,,,,,
8/5/26,620,276,dead,0,0,0,0,0,0,0,0,0,0,0,0,2,0,0,1,,,,,,
8/5/26,620,15,dead,0,0,0,0,0,0,0,0,0,0,0,0,1,0,0,1,,,,,,
8/5/26,620,333,dead,0,0,0,0,0,0,0,0,0,0,0,0,0,0,0,0,,,,,,
8/5/26,620,367,dead,0,0,0,0,0,0,0,0,0,0,0,0,1,0,0,1,,,,,,
8/5/26,620,300,dead,0,0,0,0,0,0,0,0,0,0,0,0,0,0,0,0,,,,,,
8/5/26,620,45,dead,0,0,0,0,0,0,0,0,0,0,0,0,2,0,0,2,,,,,,
8/5/26,78,87,dead,0,0,0,0,0,0,0,0,0,0,0,0,1,0,0,0,,,,,,
8/5/26,78,899,dead,0,0,0,0,0,0,0,0,0,0,0,0,0,0,0,0,,,,,,
8/5/26,78,811,dead,0,0,0,0,0,0,0,0,0,0,0,0,9,0,0,7,,,,,,
8/5/26,78,94,dead,0,0,0,0,0,0,0,0,0,0,0,0,4,0,0,3,,,,,,
8/5/26,78,91,dead,0,0,0,0,0,0,0,0,0,0,0,0,0,0,0,0,,,,,,
8/5/26,78,812,dead,0,0,0,0,0,0,0,0,0,0,0,0,1,0,0,1,,,,,,
8/5/26,78,507,dead,0,0,0,0,0,0,0,0,0,0,0,0,0,0,0,0,,,,,,
8/5/26,78,572,dead,0,0,0,0,0,0,0,0,0,0,0,0,3,0,0,3,,,,,,
8/5/26,78,301,dead,0,0,0,0,0,0,0,0,0,0,0,0,2,0,0,1,,,,,,
8/5/26,78,896,dead,0,0,0,0,0,0,0,0,0,0,0,0,8,0,0,4,,,,,,
8/5/26,78,257,dead,0,0,0,0,0,0,0,0,0,0,0,0,0,0,0,0,,,,,,
8/5/26,78,895,0,0,0,0,0,0,0,0,0,0,57,0,0,0,0,0,0,,,,,,
8/5/26,78,248,0,0,0,0,0,0,0,0,0,0,19,8,0,1,0,0,1,,,,,,
8/5/26,36,207,dead,0,0,0,0,0,0,0,0,0,0,0,0,1,0,0,1,,,,,,
8/5/26,36,929,0,0,0,0,0,0,0,0,0,0,75,15,0,13,0,0,2,,,,,,
8/5/26,36,958,dead,0,0,0,0,0,0,0,0,0,0,0,0,7,0,0,4,,,,,,
8/5/26,36,299,dead,0,0,0,0,0,0,0,0,0,0,0,0,16,0,0,16,,,,,,
8/5/26,36,221,dead,0,0,0,0,0,0,0,0,0,0,0,0,0,0,0,0,,,,,,
8/5/26,36,688,0,0,0,0,0,0,0,0,0,0,0,0,0,6,0,0,1,,,,,,
8/5/26,36,810,0,0,0,0,0,0,0,0,0,0,95,16,0,11,0,0,5,,,,,,
8/5/26,36,225,0,0,0,0,0,0,0,0,0,0,74,17,0,11,0,0,9,,,,,,
8/5/26,36,185,dead,0,0,0,0,0,0,0,0,0,0,0,0,3,0,0,1,,,,,,
8/5/26,36,910,dead,0,0,0,0,0,0,0,0,0,0,0,0,9,0,0,4,,,,,,
8/5/26,36,27,0,0,0,0,0,0,0,0,0,0,24,0,0,3,0,0,2,,,,,,
8/5/26,36,435,dead,0,0,0,0,0,0,0,0,0,0,0,0,4,0,0,2,,,,,,
8/5/26,36,399,dead,0,0,0,0,0,0,0,0,0,0,0,0,4,0,0,2,,,,,,
8/5/26,36,897,0,0,0,0,0,0,0,0,0,0,42,0,0,6,0,0,2,,,,,,
8/5/26,63,115,dead,0,0,0,0,0,0,0,0,0,0,0,0,7,0,0,2,,,,,,
8/5/26,63,138,dead,0,0,0,0,0,0,0,0,0,0,0,0,2,0,0,1,,,,,,
8/5/26,63,129,dead,0,0,0,0,0,0,0,0,0,0,0,0,4,0,0,2,,,,,,
8/5/26,63,109,dead,0,0,0,0,0,0,0,0,0,0,0,0,7,0,0,1,,,,,,
8/5/26,63,104,dead,0,0,0,0,0,0,0,0,0,0,0,0,2,0,0,0,,,,,,
8/5/26,63,117,dead,0,0,0,0,0,0,0,0,0,0,0,0,1,0,0,0,,,,,,
8/5/26,63,128,dead,0,0,0,0,0,0,0,0,0,0,0,0,2,0,0,0,,,,,,
8/5/26,63,152,dead,0,0,0,0,0,0,0,0,0,0,0,0,4,0,0,2,,,,,,
8/5/26,63,175,dead,0,0,0,0,0,0,0,0,0,0,0,0,3,0,0,2,,,,,,
8/5/26,63,107,dead,0,0,0,0,0,0,0,0,0,0,0,0,2,0,0,1,,,,,,
8/5/26,63,124,dead,0,0,0,0,0,0,0,0,0,0,0,0,1,0,0,1,,,,,,
8/5/26,63,122,dead,0,0,0,0,0,0,0,0,0,0,0,0,1,0,0,1,,,,,,
8/5/26,63,127,dead,0,0,0,0,0,0,0,0,0,0,0,0,0,0,0,0,,,,,,
8/5/26,63,30,dead,0,0,0,0,0,0,0,0,0,0,0,0,5,0,0,5,,,,,,
8/5/26,905,100,dead,0,0,0,0,0,0,0,0,0,0,0,0,2,0,0,2,,,,,,
8/5/26,905,145,dead,0,0,0,0,0,0,0,0,0,0,0,0,3,0,0,2,,,,,,
8/5/26,905,105,dead,0,0,0,0,0,0,0,0,0,0,0,0,12,0,0,1,,,,,,
8/5/26,905,49,dead,0,0,0,0,0,0,0,0,0,0,0,0,0,0,0,0,,,,,,
8/5/26,905,81,dead,0,0,0,0,0,0,0,0,0,0,0,0,1,0,0,1,,,,,,
8/5/26,905,54,dead,0,0,0,0,0,0,0,0,0,0,0,0,2,0,0,2,,,,,,
8/5/26,905,4,dead,0,0,0,0,0,0,0,0,0,0,0,0,1,0,0,1,,,,,,
8/5/26,905,101,dead,0,0,0,0,0,0,0,0,0,0,0,0,1,0,0,1,,,,,,
8/5/26,905,31,dead,0,0,0,0,0,0,0,0,0,0,0,0,1,0,0,1,,,,,,
8/5/26,905,121,dead,0,0,0,0,0,0,0,0,0,0,0,0,2,0,0,1,,,,,,
8/5/26,905,40,0,0,0,0,0,0,0,0,0,0,38,0,0,3,0,0,1,,,,,,
8/5/26,905,2,0,0,0,0,0,0,0,0,0,0,22,0,0,1,0,0,1,,,,,,
8/5/26,905,53,dead,0,0,0,0,0,0,0,0,0,0,0,0,1,0,0,1,,,,,,
8/5/26,905,65,dead,0,0,0,0,0,0,0,0,0,0,0,0,2,0,0,1,,,,,,
8/5/26,105,32,dead,0,0,0,0,0,0,0,0,0,0,0,0,1,0,0,1,,,,,,
8/5/26,105,51,dead,0,0,0,0,0,0,0,0,0,0,0,0,1,0,0,1,,,,,,
8/5/26,105,71,dead,0,0,0,0,0,0,0,0,0,0,0,0,1,0,0,1,,,,,,
8/5/26,105,179,dead,0,0,0,0,0,0,0,0,0,0,0,0,3,0,0,1,,,,,,
8/5/26,105,72,dead,0,0,0,0,0,0,0,0,0,0,0,0,2,0,0,2,,,,,,
8/5/26,105,180,dead,0,0,0,0,0,0,0,0,0,0,0,0,2,0,0,2,,,,,,
8/5/26,105,120,dead,0,0,0,0,0,0,0,0,0,0,0,0,2,0,0,1,,,,,,
8/5/26,105,56,dead,0,0,0,0,0,0,0,0,0,0,0,0,0,0,0,0,,,,,,
8/5/26,105,664,dead,0,0,0,0,0,0,0,0,0,0,0,0,0,0,0,0,,,,,,
8/5/26,105,698,dead,0,0,0,0,0,0,0,0,0,0,0,0,3,0,0,2,,,,,,
8/5/26,105,672,0,0,0,0,0,0,0,0,0,0,32,0,0,6,0,0,3,,,,,,
8/5/26,105,643,dead,0,0,0,0,0,0,0,0,0,0,0,0,1,0,0,1,,,,,,
8/5/26,105,42,dead,0,0,0,0,0,0,0,0,0,0,0,0,0,0,0,0,,,,,,
8/5/26,105,24,dead,0,0,0,0,0,0,0,0,0,0,0,0,1,0,0,1,,,,,,
8/5/26,105,629,dead,0,0,0,0,0,0,0,0,0,0,0,0,1,0,0,0,,,,,,
7/21/26,691,11,0,0,0,0,0,0,0,0,0,0,56,11,0,1,5,1,0,,,,,,
7/21/26,691,13,dead,0,0,0,0,0,0,0,0,0,0,0,0,0,0,0,0,,,,,,
7/21/26,691,1,5,1,1.11,2,0,0,0,0,0,0,25,19,1,3,0,0,0,,,,,,
7/21/26,691,5,0,0,0,0,0.9,"2,3",0,0,0,0,36,24,0,10,4,1,0,,,,,,
7/21/26,691,7,5.83,1,1.67,2,0,0,0,0,0,0,29,11,0,3,0,0,0,,,,,,
7/21/26,691,4,0,0,0,0,0,0,0,0,0,0,25,4,0,1,0,0,0,,,,,,
7/21/26,691,10,0,0,0,0,0,0,0,0,0,0,70,7,2,1,0,0,0,,,,,,
7/21/26,691,3,0,0,0,0,0,0,0,0,0,0,21,3,1,0,0,0,0,,,,,,
7/21/26,691,6,dead,0,0,0,0,0,0,0,0,0,0,0,0,0,0,0,0,,,,,,
7/21/26,691,2,0,0,0,0,1,2,0,0,0,0,25,5,0,1,0,0,0,,,,,,
7/21/26,691,15,0,0,0,0,9.16,2,0,0,0,0,28,6,1,1,0,0,0,,,,,,
7/21/26,691,14,0,0,0,0,6.42,1,0,0,0,0,36,7,0,3,0,0,0,,,,,,
7/21/26,650,1,0,0,0,0,2,2,0,0,0,0,61,7,0,2,6,1,0,,,,,,
7/21/26,650,2,0,0,0,0,3.75,2,0,0,0,0,45,3,1,0,6,1,0,,,,,,
7/21/26,650,3,0,0,0,0,0,0,0,0,0,0,48,4,0,1,0,0,0,,,,,,
7/21/26,650,4,0,0,0,0,2.34,"2,3,4",0,0,0,0,115,19,0,7,24,1,6,,,,,,
7/21/26,650,5,dead,0,0,0,0,0,0,0,0,0,0,0,0,0,0,0,0,,,,,,
7/21/26,650,6,0,0,1.42,2,1,3,0,0,0,0,42,9,0,2,5,1,0,,,,,,
7/21/26,650,7,0,0,0,0,0,0,0,0,0,0,115,15,0,9,18,1,6,,,,,,
7/21/26,650,8,0,0,0,0,2.36,"2,5",0,0,0,0,111,15,0,13,20,1,4,,,,,,
7/21/26,650,9,dead,0,0,0,0,0,0,0,0,0,0,0,0,0,0,0,0,,,,,,
7/21/26,650,10,dead,0,0,0,0,0,0,0,0,0,0,0,0,0,0,0,0,,,,,,
7/21/26,650,11,0,0,0,0,0,0,0,0,0,0,36,10,0,0,4,1,0,,,,,,
7/21/26,650,12,0,0,0,0,0,0,0,0,0,0,81,16,0,6,14,1,3,,,,,,
7/21/26,650,13,0,0,0,0,0,0,0,0,0,0,29,5,1,0,0,0,1,,,,,,
7/21/26,650,14,0,0,0,0,0,0,0,0,0,0,55,14,0,1,8,1,2,,,,,,
7/21/26,650,15,0,0,0,0,0,0,0,0,0,0,63,7,0,4,10,1,0,,,,,,
7/21/26,619,2,0,0,0,0,2.78,"1,2,4",0,0,0,0,72,15,3,4,12,1,2,,,,,,
7/21/26,619,3,0,0,0,0,1.95,"2,3,5",0,0,0,0,139,18,0,20,"10,28","2,1",12,,,,,,
7/21/26,619,4,0,0,0,0,0,0,0,0,0,0,92,18,0,6,10,1,7,,,,,,
7/21/26,619,5,0,0,0,0,3.91,"2,3,4",0,0,0,0,142,21,0,23,40,1,6,,,,,,
7/21/26,619,6,dead,0,0,0,0,0,0,0,0,0,0,0,0,0,0,0,0,,,,,,
7/21/26,619,8,dead,0,0,0,0,0,0,0,0,0,0,0,0,0,0,0,0,,,,,,
7/21/26,619,7,0,0,0,0,0,0,0,0,0,0,160,16,0,22,0,0,7,,,,,,
7/21/26,619,10,0,0,0,0,0.41,"4,5",0,0,0,0,55,21,0,5,12,1,0,,,,,,
7/21/26,619,11,0,0,0,0,1.3,"1,2,3,5",0,0,0,0,205,20,10,40,72,1,10,,,,,,
7/21/26,619,12,0,0,0,0,0,0,0,0,0,0,80,19,0,6,4,1,5,,,,,,
7/21/26,619,13,0,0,0,0,0,0,0,0,0,0,110,17,0,7,12,1,3,,,,,,
7/21/26,619,14,0,0,0,0,0,0,0,0,0,0,80,15,0,3,10,1,2,,,,,,
7/21/26,619,15,0,0,0,0,0.38,"2,3,4",0,0,0,0,205,20,4,53,126,1,14,,,,,,
7/27/26,263,59,dead,0,0,0,0,0,0,0,0,0,0,0,0,0,0,0,0,,,,,,
7/27/26,263,953,5,"2,3",0,0,0,0,0,0,0,0,36,11,0,4,0,0,2,,,,,,
7/27/26,263,839,0,0,0,0,0,0,0,0,0,0,51,6,0,5,0,0,2,,,,,,
7/27/26,263,874,dead,0,0,0,0,0,0,0,0,0,0,0,0,8,0,0,8,,,,,,
7/27/26,263,223,0,0,0,0,0,0,0,0,0,0,49,5,0,2,0,0,1,,,,,,
7/27/26,263,360,0,0,0,0,1.66,2,0,0,0,0,35,4,0,2,0,0,1,,,,,,
7/27/26,263,388,dead,0,0,0,0,0,0,0,0,0,0,0,0,2,0,0,2,,,,,,
7/27/26,263,353,0,0,0,0,1.25,2,0,0,0,0,35,7,0,3,0,0,1,,,,,,
7/27/26,263,691,0,0,0,0,1.36,2,0,0,0,0,72,6,1,5,0,0,3,,,,,,
7/27/26,263,450,0,0,0,0,0.62,2,0,0,0,0,41,7,0,5,0,0,2,,,,,,
7/27/26,17,593,dead,0,0,0,0,0,0,0,0,0,0,0,0,1,0,0,0,,,,,,
7/27/26,17,162,dead,0,0,0,0,0,0,0,0,0,0,0,0,0,0,0,0,,,,,,
7/27/26,17,656,dead,0,0,0,0,0,0,0,0,0,0,0,0,1,0,0,0,,,,,,
7/27/26,17,339,25,1,0,0,0,0,0,0,0,0,10,0,0,0,0,0,0,,,,,,
7/27/26,17,648,0,0,0,0,0,0,0,0,0,0,30,2,0,1,0,0,0,,,,,,
7/27/26,17,666,0,0,0,0,1.25,1,0,0,0,0,34,6,0,1,0,0,0,,,,,,
7/27/26,730,246,23.3,"1,2,3",0,0,0,0,0,0,0,0,39,5,0,2,0,0,1,,,,,,
7/27/26,730,356,8.33,2,0,0,0,0,0,0,0,0,44,6,0,2,0,0,0,,,,,,
7/27/26,730,243,dead,0,0,0,0,0,0,0,0,0,0,0,0,0,0,0,0,,,,,,
7/27/26,730,555,0,0,0,0,0,0,0,0,0,0,35,4,0,1,0,0,0,,,,,,
7/27/26,730,204,13,"1,2",0,0,0,0,0,0,0,0,45,2,0,0,0,0,0,,,,,,
7/27/26,730,1,15,3,0,0,0,0,0,0,0,0,59,6,0,2,0,0,1,,,,,,
7/27/26,730,217,dead,0,0,0,0,0,0,0,0,0,0,0,0,0,0,0,0,,,,,,
7/27/26,730,294,dead,0,0,0,0,0,0,0,0,0,0,0,0,0,0,0,0,,,,,,
7/27/26,730,267,dead,0,0,0,0,0,0,0,0,0,0,0,0,0,0,0,0,,,,,,
7/27/26,730,266,0,0,0,0,3.75,1,0,0,0,0,31,2,1,0,0,0,0,,,,,,
7/27/26,730,206,12.5,"2,3",0,0,2.5,2,0,0,0,0,24,4,1,1,0,0,1,,,,,,
7/27/26,730,2,0,0,0,0,6.25,"2,3",0,0,0,0,35,3,0,0,0,0,0,,,,,,
7/27/26,730,281,dead,0,0,0,0,0,0,0,0,0,0,0,0,0,0,0,0,,,,,,
7/27/26,730,364,4.16,3,0,0,0,0,0,0,0,0,26,4,0,1,0,0,0,,,,,,
8/3/26,27,130,2.5,2,0,0,1.25,2,0,0,0,0,20,4,0,2,0,0,0,,,,,,
8/3/26,27,170,0,0,0,0,0,0,0,0,0,0,51,12,0,5,0,0,0,,,,,,
8/3/26,13,463,dead,0,0,0,0,0,0,0,0,0,0,0,0,0,0,0,0,,,,,,
8/3/26,13,455,na,0,0,0,0,0,0,0,0,0,0,0,0,4,0,0,4,,,,,,
8/3/26,13,477,na,0,0,0,0,0,0,0,0,0,0,0,0,1,0,0,1,,,,,,
8/3/26,13,460,na,0,0,0,0,0,0,0,0,0,0,0,0,2,0,0,1,,,,,,
8/3/26,13,478,na,0,0,0,0,0,0,0,0,0,0,0,0,5,0,0,2,,,,,,
8/3/26,13,205,na,0,0,0,0,0,0,0,0,0,0,0,0,11,0,0,8,,,,,,
8/3/26,13,471,na,0,0,0,0,0,0,0,0,0,0,0,0,7,0,0,5,,,,,,
8/3/26,13,230,na,0,0,0,0,0,0,0,0,0,0,0,0,6,0,0,5,,,,,,
8/3/26,13,798,na,0,0,0,0,0,0,0,0,0,0,0,0,5,0,0,4,,,,,,
8/3/26,13,277,na,0,0,0,0,0,0,0,0,0,0,0,0,8,0,0,6,,,,,,
8/3/26,13,856,na,0,0,0,0,0,0,0,0,0,0,0,0,8,0,0,7,,,,,,
8/3/26,13,62,na,0,0,0,0,0,0,0,0,0,0,0,0,7,0,0,3,,,,,,
8/3/26,81,103,0,0,0,0,2,"3,4",0,0,0,0,59,16,0,24,24,1,5,,,,,,
8/3/26,81,71,na,0,0,0,0,0,0,0,0,0,0,0,0,15,0,0,15,,,,,,
8/3/26,81,154,0.9,3,0,0,0,0,0,0,0,0,72,17,0,14,0,0,9,,,,,,
8/3/26,81,163,0,0,0,0,2.9,5,0,0,0,0,81,14,0,37,0,0,25,,,,,,
8/3/26,81,235,na,0,0,0,0,0,0,0,0,0,0,0,0,6,0,0,4,,,,,,
8/3/26,81,159,25,"2,3",0,0,10,3,0,0,0,0,33,7,0,1,0,0,1,,,,,,
8/3/26,81,133,0,0,0,0,0,0,0,0,0,0,70,5,0,15,0,0,6,,,,,,
8/3/26,81,166,dead,0,0,0,0,0,0,0,0,0,0,0,0,0,0,0,0,,,,,,
8/3/26,81,146,2.3,4,0,0,0.9,21,0,0,0,0,80,21,0,15,16,1,6,,,,,,
8/3/26,81,143,0,0,0,0,0,0,0,0,0,0,125,15,0,25,0,0,16,,,,,,
8/3/26,88,602,dead,0,0,0,0,0,0,0,0,0,0,0,0,0,0,0,0,,,,,,
8/3/26,88,762,0,0,0,0,0,0,0,0,0,0,96,14,0,4,0,0,2,,,,,,
8/3/26,88,30,0,0,0,0,0,0,0,0,0,0,40,8,0,4,0,0,3,,,,,,
8/3/26,88,430,0,0,0,0,0,0,0,0,0,0,112,20,0,6,0,0,2,,,,,,
8/3/26,88,617,0,0,0,0,0,0,0,0,0,0,35,0,0,2,0,0,2,,,,,,
8/3/26,88,157,0,0,0,0,0,0,0,0,0,0,42,0,0,2,0,0,1,,,,,,
8/3/26,88,32,0,0,0,0,0,0,0,0,0,0,56,0,0,2,0,0,1,,,,,,
8/3/26,88,412,0,0,0,0,0,0,0,0,0,0,46,0,0,2,0,0,0,,,,,,
8/3/26,88,443,0,0,0,0,0,0,0,0,0,0,40,13,0,3,0,0,0,,,,,,
8/3/26,88,932,0,0,0,0,0,0,0,0,0,0,22,8,1,0,0,0,0,,,,,,
8/3/26,88,29,dead,0,0,0,0,0,0,0,0,0,0,0,0,0,0,0,0,,,,,,
8/3/26,88,25,0,0,0,0,0,0,0,0,0,0,35,13,0,4,0,0,1,,,,,,
8/3/26,88,41,0,0,0,0,2.5,2,0,0,0,0,40,15,0,5,0,0,3,,,,,,
8/3/26,88,19,0,0,0,0,0,0,0,0,0,0,45,12,0,3,0,0,2,,,,,,
8/3/26,88,294,0,0,0,0,0,0,0,0,0,0,50,20,0,3,0,0,0,,,,,,
8/3/26,49,92,dead,0,0,0,0,0,0,0,0,0,0,0,0,4,0,0,3,,,,,,
8/3/26,49,95,dead,0,0,0,0,0,0,0,0,0,0,0,0,3,0,0,2,,,,,,
8/3/26,49,25,dead,0,0,0,0,0,0,0,0,0,0,0,0,7,0,0,5,,,,,,
8/3/26,49,97,dead,0,0,0,0,0,0,0,0,0,0,0,0,3,0,0,1,,,,,,
8/3/26,49,86,dead,0,0,0,0,0,0,0,0,0,0,0,0,10,0,0,2,,,,,,
8/3/26,49,211,dead,0,0,0,0,0,0,0,0,0,0,0,0,3,0,0,2,,,,,,
8/3/26,49,282,dead,0,0,0,0,0,0,0,0,0,0,0,0,1,0,0,0,,,,,,
8/3/26,49,231,dead,0,0,0,0,0,0,0,0,0,0,0,0,3,0,0,3,,,,,,
8/3/26,49,298,dead,0,0,0,0,0,0,0,0,0,0,0,0,6,0,0,3,,,,,,
8/3/26,49,1,dead,0,0,0,0,0,0,0,0,0,0,0,0,0,0,0,0,,,,,,
8/3/26,49,278,dead,0,0,0,0,0,0,0,0,0,0,0,0,4,0,0,2,,,,,,
8/3/26,49,17,dead,0,0,0,0,0,0,0,0,0,0,0,0,1,0,0,1,,,,,,
8/3/26,49,8,dead,0,0,0,0,0,0,0,0,0,0,0,0,12,0,0,8,,,,,,
8/3/26,637,22,0,0,0,0,0,0,0,0,0,0,45,14,1,16,0,0,4,,,,,,
8/3/26,637,465,dead,0,0,0,0,0,0,0,0,0,0,0,0,0,0,0,0,,,,,,
8/3/26,637,696,dead,0,0,0,0,0,0,0,0,0,0,0,0,6,0,0,5,,,,,,
8/3/26,637,285,dead,0,0,0,0,0,0,0,0,0,0,0,0,4,0,0,4,,,,,,
8/3/26,637,21,dead,0,0,0,0,0,0,0,0,0,0,0,0,4,0,0,4,,,,,,
8/3/26,637,31,dead,0,0,0,0,0,0,0,0,0,0,0,0,1,0,0,0,,,,,,
8/3/26,637,480,dead,0,0,0,0,0,0,0,0,0,0,0,0,1,0,0,1,,,,,,
8/3/26,637,8,dead,0,0,0,0,0,0,0,0,0,0,0,0,9,0,0,9,,,,,,
8/3/26,637,12,0,0,0,0,0,0,0,0,0,0,42,0,0,5,0,0,4,,,,,,
8/3/26,637,14,0,0,0,0,0,0,0,0,0,0,27,4,1,1,0,0,1,,,,,,
8/3/26,637,42,0,0,0,0,0,0,0,0,0,0,35,6,0,3,0,0,2,,,,,,
8/3/26,637,15,dead,0,0,0,0,0,0,0,0,0,0,0,0,2,0,0,1,,,,,,
8/3/26,637,4,0,0,0,0,4.4,"2,3",0,0,0,0,32,14,1,6,8,1,3,,,,,,
8/3/26,637,218,dead,0,0,0,0,0,0,0,0,0,0,0,0,8,0,0,7,,,,,,
8/3/26,637,20,0,0,0,0,0,0,0,0,0,0,34,8,0,4,0,0,2,,,,,,
7/17/26,609,644,na,0,0,0,0,0,0,0,0,0,0,0,0,0,0,0,0,,,,,,
7/17/26,609,613,dead,0,0,0,0,0,0,0,0,0,0,0,0,0,0,0,0,,,,,,
7/17/26,609,684,dead,0,0,0,0,0,0,0,0,0,0,0,0,0,0,0,0,,,,,,
7/17/26,609,649,0,0,0,0,26.26,"2,3",0,0,0,0,57,14,0,0,3,1,0,,,,,,
7/17/26,609,607,20,4,0,0,0,0,0,0,0,0,42,6,0,2,0,0,0,,,,,,
7/17/26,609,615,28.75,3,0,0,3.33,3,0,0,0,0,31,6,1,0,0,0,0,,,,,,
7/17/26,609,674,0,0,0,0,0,0,0,0,"1,2.5",3,33,9,0,0,0,0,0,,,,,,
7/17/26,609,673,0,0,0,0,1.11,3,0,0,0,0,102,17,1,9,14,1,0,,,,,,
7/17/26,609,636,0,0,0,0,21.42,"3,4",0,0,0,0,79,10,1,2,0,0,0,,,,,,
7/17/26,609,637,2.85,2,0,0,5,"2,3",0,0,0,0,70,12,0,3,0,0,0,,,,,,
7/17/26,611,686,4.72,"2,3,4,5",0,0,0,0,0,0,0,0,73,10,0,5,13,1,0,,,,,,
7/17/26,611,657,0,0,0,0,2.5,4,0,0,0,0,61,6,0,0,0,0,0,,,,,,
7/17/26,611,502,20,0,0,0,0,0,0,0,0,0,45,7,2,6,9,1,0,,,,,,
7/17/26,611,663,15,4.5,0,0,0,0,0,0,0,0,51,8,0,1,7,1,0,,,,,,
7/17/26,611,623,18.57,"2,3,4",0,0,2.14,3,0,0,0,0,89,18,0,7,20,1,0,,,,,,
7/17/26,611,614,25,3,0,0,0,0,0,0,0,0,48,5,0,2,0,0,0,,,,,,
7/17/26,611,622,0,0,0,0,0,0,"1,20",3,0,0,44,7,0,1,0,0,0,,,,,,
7/17/26,611,683,4.44,"3,4,5,6",0,0,5.55,"3,4",0,0,0,0,132,20,0,9,22,1,0,,,,,,
7/17/26,611,601,6.76,"2,4",0,0,0,0,"1,1.76",3,0,0,128,9,0,0,19,1,0,,,,,,
7/17/26,614,641,dead,0,0,0,0,0,0,0,0,0,0,0,0,0,0,0,0,,,,,,
7/17/26,614,630,dead,0,0,0,0,0,0,0,0,0,0,0,0,0,0,0,0,,,,,,
7/17/26,614,625,dead,0,0,0,0,0,0,0,0,0,0,0,0,0,0,0,0,,,,,,
7/17/26,614,620,dead,0,0,0,0,0,0,0,0,0,0,0,0,0,0,0,0,,,,,,
7/17/26,614,609,dead,0,0,0,0,0,0,0,0,0,0,0,0,6,0,0,0,,,,,,
7/17/26,614,619,16.66,3,0,0,8.33,3,0,0,0,0,49,3,0,1,0,0,0,,,,,,
6/30/26,457,466,dead,0,0,0,0,0,0,0,0,0,0,0,0,0,0,0,0,,,,,,
6/30/26,457,467,dead,0,0,0,0,0,0,0,0,0,0,0,0,0,0,0,0,,,,,,
6/30/26,457,458,dead,0,0,0,0,0,0,0,0,0,0,0,0,0,0,0,0,,,,,,
6/30/26,457,264,dead,0,0,0,0,0,0,0,0,0,0,0,0,0,0,0,0,,,,,,
6/30/26,457,670,0,0,2,"2,3",0,0,0,0,0,0,51,11,0,1,4,1,0,,,,,,
6/30/26,416,472,dead,0,0,0,0,0,0,0,0,0,0,0,0,0,0,0,0,,,,,,
6/30/26,416,451,dead,0,0,0,0,0,0,0,0,0,0,0,0,0,0,0,0,,,,,,
6/30/26,416,600,dead,0,0,0,0,0,0,0,0,0,0,0,0,0,0,0,0,,,,,,
6/30/26,416,469,0,0,0,0,0,0,0,0,0,0,74,14,0,3,2,1,0,,,,,,
6/30/26,416,634,0,0,0,0,4.16,5,0,0,0,0,106,8,0,3,0,0,0,,,,,,
6/30/26,416,661,4.3,"3,4",0,0,8.75,"3,4",0,0,0,0,179,16,0,9,6,1,0,,,,,,
6/30/26,416,186,dead,0,0,0,0,0,0,0,0,0,0,0,0,0,0,0,0,,,,,,
6/30/26,416,184,dead,0,0,0,0,0,0,0,0,0,0,0,0,0,0,0,0,,,,,,
6/30/26,458,67,6.67,"1,2,3",0,0,0,0,0,0,0,0,80,12,1,1,10,1,0,,,,,,
6/30/26,458,468,5.71,"1,2,3,4,5",0,0,3.67,"1,2,5",0,0,0,0,136,13,0,5,8,1,0,,,,,,
6/30/26,458,462,24,"3,4",0,0,4,"3,4",0,0,0,0,76,10,0,4,3,1,0,,,,,,
6/30/26,458,475,7.5,3,0,0,0,0,0,0,0,0,50,9,0,2,2,1,0,,,,,,
6/30/26,458,868,10,4,2.57,"2,3,4",0,0,0,0,0,0,101,4,0,4,7,1,0,,,,,,
6/30/26,458,452,dead,0,0,0,0,0,0,0,0,0,0,0,0,0,0,0,0,,,,,,
6/30/26,458,459,6.7,5,0,0,20,"2,3,4,5",0,0,0,0,80,5,0,0,4,1,0,,,,,,
6/30/26,458,689,33.33,"2,3",0,0,2,"2,3",0,0,0,0,35,6,0,2,4,1,0,,,,,,
6/30/26,458,650,0,0,0,0,16.42,"4,5",0,0,0,0,75,12,1,2,4,1,0,,,,,,
6/30/26,458,479,dead,0,0,0,0,0,0,0,0,0,0,0,0,0,0,0,0,,,,,,
6/30/26,458,980,dead,0,0,0,0,0,0,0,0,0,0,0,0,0,0,0,0,,,,,,
6/30/26,458,464,8.34,"3,5,6",0,0,6.12,"2,3,4,5",0,0,0,0,162,11,3,5,"4,5","2,1",0,,,,,,
6/30/26,458,247,1.66,2,0,0,0,0,0,0,0,0,26,4,1,0,0,0,0,,,,,,
6/30/26,667,246,dead,0,0,0,0,0,0,0,0,0,0,0,0,0,0,0,0,,,,,,
6/30/26,667,221,2.85,1,0,0,0.71,1,0,0,0,0,37,12,0,2,0,0,0,,,,,,
6/30/26,667,943,30,"2,3,4",0,0,2.22,1,0,0,0,0,44,6,0,0,0,0,0,,,,,,
6/30/26,815,269,3.57,"3,4",0,0,15,"2,3",0,0,0,0,40,7,0,1,0,0,0,,,,,,
6/30/26,815,224,0,0,0,0,0,0,0,0,0,0,49,6,0,1,0,0,0,,,,,,
6/30/26,815,220,10,"2,3",2.14,1,1.4,"3,4",0,0,0,0,37,4,0,1,0,0,0,,,,,,
6/30/26,815,181,0,0,3.57,4,1.4,"2,4",0,0,0,0,53,3,0,1,0,0,0,,,,,,
6/30/26,610,767,11,"3,4,5,6",0,0,2,"3,4",0,0,0,0,66,6,4,2,2,1,0,,,,,,
6/30/26,610,272,15.9,"3,5",0,0,1.36,1,0,0,0,0,131,8,3,4,10,1,2,,,,,,
6/30/26,610,266,7.91,"3,4,5",0,0,0.28,3,0,0,0,0,85,3,1,5,6,1,0,,,,,,
6/30/26,610,270,1.66,3,0,0,0,0,0,0,0,0,62,4,0,2,4,1,0,,,,,,
6/30/26,610,232,0,0,0,0,0,0,0,0,0,0,43,6,0,2,0,0,0,,,,,,
6/30/26,610,241,6.67,"2,3,4,5,6",0,0,5.55,1,0,0,0,0,89,8,3,6,8,1,0,,,,,,
6/30/26,610,242,0.93,1,0,0,3.33,"1,2",0,0,0,0,30,12,0,0,0,0,0,,,,,,
6/30/26,610,296,0,0,0,0,1,1,0,0,0,0,36,6,1,0,0,0,0,,,,,,
6/30/26,610,255,1.25,"1,3",0,0,2.08,3,0,0,0,0,61,12,2,3,8,1,0,,,,,,
6/30/26,610,237,5.45,"1,4",6.36,"3,4",0.9,4,0,0,0,0,47,5,1,1,3,1,0,,,,,,
6/30/26,610,209,2.71,"2,3,4,6",0,0,0.42,"1,4",0,0,0,0,177,10,5,12,17,1,0,,,,,,
6/30/26,610,196,0,0,0,0,3.12,"2,3","1,3.1",3,0,0,29,11,0,1,0,0,0,,,,,,
6/25/26,634,668,0,0,2.9,2,0.71,"2,3",0,0,0,0,51,11,1,8,10,1,0,,,,,,
6/25/26,634,690,0,0,0,0,0,0,0,0,0,0,72,9,1,3,10,1,0,,,,,,
6/25/26,634,675,1.36,1,0.91,4,1.81,"1,5",0,0,0,0,65,11,2,3,14,1,0,,,,,,
6/25/26,634,681,31.3,3,0,0,0,0,0,0,0,0,18,6,1,0,0,0,0,,,,,,
6/25/26,634,667,14.4,"1,2",0,0,0.63,3,0,0,0,0,22,6,0,2,8,1,0,,,,,,
6/25/26,634,692,2.92,1,0,0,4.58,"1,2",0,0,0,0,76,12,3,6,"4,12","2,1",0,,,,,,
6/25/26,634,689,0,0,0,0,1.5,"2,4",0,0,0,0,69,15,0,4,12,1,0,,,,,,
6/25/26,634,682,0,0,0,0,2,"1,2,4",0,0,0,0,57,5,1,4,10,1,0,,,,,,
6/25/26,634,693,0,0,0,0,0,0,0,0,0,0,24,6,1,2,0,0,0,,,,,,
6/25/26,634,646,0.94,"1,5",0,0,1.56,"1,3,5",0,0,0,0,70,12,4,6,12,1,0,,,,,,
6/25/26,634,602,8.13,"1,3,4",0,0,0.94,"1,5",0,0,0,0,61,9,13,5,16,1,0,,,,,,
6/25/26,634,618,dead,0,0,0,0,0,0,0,0,0,0,0,0,0,0,0,0,,,,,,
6/25/26,634,621,5.55,"1,3",0.16,6,0.83,1,0,0,0,0,151,17,4,7,"4,22","2,1",0,,,,,,
6/25/26,611,657,0,0,0,0,0,0,0,0,0,0,55,16,3,2,12,1,0,,,,,,
6/25/26,611,686,7.5,"1,2,3,4,5",0,0,1.66,"1,2,4,5",0,0,0,0,74,11,2,14,22,1,0,,,,,,
6/25/26,611,502,23.93,"1,2,3,4,5",0,0,0.71,"1,2",0,0,0,0,68,6,2,3,"4,6","2,1",0,,,,,,
6/25/26,611,663,24.4,"2,3,4",0,0,0,0,0,0,0,0,56,9,1,4,"10,1","2,1",2,,,,,,
6/25/26,611,623,12.92,"2,3,4",0,0,1.66,3,0,0,0,0,86,12,2,5,"4,12","2,1",0,,,,,,
6/25/26,611,622,34.44,"1,2,4",0,0,0.55,2,0,0,0,0,40,11,1,3,6,1,0,,,,,,
6/25/26,611,614,23.88,"1,2,3,4,5",0,0,1.11,3,0,0,0,0,52,9,0,2,8,1,1,,,,,,
6/25/26,611,683,12.47,"2,3,4,6",0,0,6.05,"1,3,4",0,0,0,0,140,20,4,12,"8,10","2,1",0,,,,,,
6/25/26,611,601,9.06,"1,2,3,4",0,0,0,0,"1,0.63",3,0,0,115,15,4,6,17,1,0,,,,,,
6/25/26,609,615,41,"2,3,4",0,0,2,3,0,0,0,0,22,8,0,0,0,0,0,,,,,,
6/25/26,609,674,18.8,"2,3",0,0,0,0,0,0,0,0,31,8,1,1,5,1,0,,,,,,
6/25/26,609,673,40,2,0,0,0.5,3,0,0,0,0,102,13,4,5,10,1,0,,,,,,
6/25/26,609,649,dead,0,0,0,0,0,0,0,0,0,0,0,0,0,0,0,0,,,,,,
6/25/26,609,637,20.6,"2,3,5",0,0,2.22,"3,4",0,0,0,0,66,7,2,3,12,1,0,,,,,,
6/25/26,609,636,10,"3,4,5,6",0,0,4.5,"2,3,4,5",0,0,0,0,79,18,1,5,12,1,0,,,,,,
6/25/26,609,607,41.5,"2,3,4",0,0,0.62,3,0,0,0,0,41,9,2,1,5,1,0,,,,,,
6/25/26,609,649,20.2,"2,3",0,0,0,0,0,0,0,0,55,14,0,1,3,1,0,,,,,,
6/25/26,609,684,15.5,"2,3,4",0,0,1,3,0,0,0,0,76,9,0,5,10,1,0,,,,,,
6/25/26,609,613,9.11,"2,3,5",0,0,0.58,"2,3",0,0,0,0,139,11,4,12,"4,16","2,1",0,,,,,,
6/25/26,609,644,8.21,"1,2,3",0,0,0.71,1,0,0,0,0,77,12,3,6,"4,11","2,1",0,,,,,,
6/25/26,609,678,9.23,"2,3,4,5,6,7",0,0,0.96,"3,4",0,0,0,0,205,11,8,14,"6,24","2,1",0,,,,,,
6/5/26,700,1,0,0,0,0,2.5,1,0,0,0,0,7,6,0,0,0,0,0,,,,,,
6/5/26,700,2,0,0,0,0,3.33,"1,2",0,0,0,0,19,11,0,0,0,0,0,,,,,,
6/5/26,700,3,0,0,0,0,0,0,0,0,0,0,9,6,0,0,0,0,0,,,,,,
6/5/26,700,4,0,0,0,0,0,0,0,0,0,0,12,8,0,0,0,0,0,,,,,,
6/5/26,700,5,0,0,0,0,0,0,0,0,0,0,10,9,0,0,0,0,0,,,,,,
6/5/26,700,6,0,0,0,0,0,0,0,0,0,0,9,4,0,0,0,0,0,,,,,,
6/5/26,700,7,0,0,0,0,0,0,0,0,0,0,12,8,0,0,0,0,0,,,,,,
6/5/26,700,8,0,0,0,0,15,1,0,0,0,0,6,3,0,0,0,0,0,,,,,,
6/5/26,700,9,0,0,0,0,0,0,0,0,0,0,5,5,0,0,0,0,0,,,,,,
6/5/26,700,10,5,1,0,0,0,0,0,0,0,0,8,7,0,0,0,0,0,,,,,,
6/5/26,700,11,0,0,0,0,0,0,0,0,0,0,6,4,0,0,0,0,0,,,,,,
6/5/26,700,12,0,0,0,0,20,1,0,0,0,0,4,1,0,0,0,0,0,,,,,,
6/5/26,700,13,0,0,0,0,0,0,0,0,0,0,9,6,0,0,0,0,0,,,,,,
6/5/26,700,14,0,0,0,0,0,0,0,0,0,0,4,5,0,0,0,0,0,,,,,,
6/5/26,700,15,0,0,0,0,0,0,0,0,0,0,9,8,0,0,0,0,0,,,,,,
6/5/26,78,895,0,0,0,0,0,0,0,0,0,0,5,8,0,0,0,0,0,,,,,,
6/5/26,78,257,12.5,1,0,0,2.5,1,0,0,0,0,4,6,0,0,0,0,0,,,,,,
6/5/26,78,812,1,1,0,0,0,0,0,0,0,0,5,8,0,0,0,0,0,,,,,,
6/5/26,78,811,0,0,0,0,0,0,0,0,0,0,5,9,0,0,0,0,0,,,,,,
6/5/26,78,248,0,0,0,0,0,0,0,0,0,0,4,4,0,0,0,0,0,,,,,,
6/5/26,78,899,0,0,0,0,4,1,0,0,0,0,5,6,0,0,0,0,0,,,,,,
6/5/26,78,572,0,0,0,0,0,0,0,0,0,0,4,7,0,0,0,0,0,,,,,,
6/5/26,78,90,0,0,0,0,7.5,1,0,0,0,0,5,6,0,0,0,0,0,,,,,,
6/5/26,78,507,0,0,0,0,0,0,0,0,0,0,9,7,0,0,0,0,0,,,,,,
6/5/26,78,93,0,0,0,0,0,0,0,0,0,0,4,8,0,0,0,0,0,,,,,,
6/5/26,78,896,4,1,0,0,7.5,1,0,0,0,0,5,8,0,0,0,0,0,,,,,,
6/5/26,78,87,0,0,0,0,0,0,0,0,0,0,7,5,0,0,0,0,0,,,,,,
6/5/26,78,91,0,0,0,0,0,0,0,0,0,0,7,10,0,0,0,0,0,,,,,,
6/5/26,78,301,0,0,0,0,2.5,1,0,0,0,0,4,9,0,0,0,0,0,,,,,,
6/5/26,78,94,0,0,0,0,0,0,0,0,0,0,6,7,0,0,0,0,0,,,,,,
6/23/26,614,632,dead,0,0,0,0,0,0,0,0,0,0,0,0,2,0,0,0,,,,,,
6/23/26,614,641,0,0,0,0,0,0,0,0,0,0,29,11,0,1,0,0,0,,,,,,
6/23/26,614,619,0,0,0,0,0.16,3,0,0,0,0,46,7,2,2,2,1,0,,,,,,
6/23/26,614,630,0,0,0,0,1.17,"1,2,3",0,0,0,0,29,6,0,2,2,1,0,,,,,,
6/23/26,614,639,dead,0,0,0,0,0,0,0,0,0,0,0,0,0,0,0,0,,,,,,
6/23/26,614,620,0,0,0,0,1,3,"1,8",2,0,0,22,10,0,2,0,0,0,,,,,,
6/23/26,614,609,2.72,1,0,0,2.27,"2,3,4",0,0,0,0,49,21,2,3,"1,8","2,1",0,,,,,,
6/23/26,614,625,0,0,0,0,3.1,"1,2",0,0,0,0,29,9,0,2,0,0,0,,,,,,
6/23/26,614,612,na,0,0,0,0,0,0,0,0,0,0,0,0,0,0,0,0,,,,,,
6/23/26,642,670,dead,0,0,0,0,0,0,0,0,0,0,0,0,0,0,0,0,,,,,,
6/23/26,642,700,0,0,0,0,0,0,0,0,0,0,29,9,1,0,0,0,0,,,,,,
6/23/26,642,658,0,0,0,0,0,0,0,0,0,0,22,4,0,1,0,0,0,,,,,,
6/23/26,642,654,0,0,1,3,4.16,"1,2,3",0,0,0,0,19,3,0,0,0,0,0,,,,,,
6/23/26,642,655,13.8,"1,2",0,0,0,0,0,0,0,0,11,4,1,0,0,0,0,,,,,,
6/23/26,642,617,11.3,"2,3",0,0,0,0,0,0,0,0,16,7,0,1,0,0,0,,,,,,
6/23/26,642,694,0,0,0,0,10.8,"2,3",0,0,0,0,29,6,0,1,0,0,0,,,,,,
6/23/26,642,640,na,0,0,0,0,0,0,0,0,0,0,0,0,0,0,0,0,,,,,,
6/23/26,642,653,0,0,0,0,1.67,2,0,0,0,0,29,2,0,1,0,0,0,,,,,,
6/23/26,642,669,0,0,0,0,0.08,3,0,0,0,0,12,7,1,1,0,0,0,,,,,,
6/23/26,642,659,0,0,0,0,0,0,0,0,0,0,11,7,0,1,0,0,0,,,,,,
6/23/26,642,608,0,0,0,0,8.33,"2,3",0,0,0,0,19,12,0,1,0,0,0,,,,,,
6/23/26,642,647,0,0,2.5,3,8.34,"2,3,4",0,0,0,0,36,13,0,1,6,1,0,,,,,,
6/23/26,624,605,dead,0,0,0,0,0,0,0,0,0,0,0,0,0,0,0,0,,,,,,
6/23/26,624,699,dead,0,0,0,0,0,0,0,0,0,0,0,0,0,0,0,0,,,,,,
6/23/26,624,651,dead,0,0,0,0,0,0,0,0,0,0,0,0,0,0,0,0,,,,,,
6/23/26,624,634,dead,0,0,0,0,0,0,0,0,0,0,0,0,0,0,0,0,,,,,,
6/23/26,624,642,0,0,5.62,"2,3",11.87,"1,2,3","1,0.63",2,0,0,51,11,1,2,"2,6","2,1",0,,,,,,
6/23/26,624,606,5,2,0,0,2.4,1,0,0,0,0,27,12,1,2,6,1,0,,,,,,
6/23/26,624,624,0,0,0,0,0,0,0,0,0,0,32,4,1,1,0,0,0,,,,,,
6/23/26,624,633,0,0,1.89,"3,4",6.66,"1,2,3,4",0,0,0,0,80,7,3,4,4,1,0,,,,,,
6/23/26,624,650,0,0,0,0,0,0,0,0,0,0,38,16,1,2,4,1,0,,,,,,
6/23/26,624,604,0,0,0,0,0,0,0,0,0,0,20,6,1,0,0,0,0,,,,,,
6/23/26,624,662,0,0,0,0,0,0,0,0,0,0,29,10,1,2,4,1,0,,,,,,
6/23/26,624,696,0,0,0,0,20,1,0,0,0,0,30,12,0,0,0,0,0,,,,,,
7/14/26,683,21,dead,0,0,0,0,0,0,0,0,0,0,0,0,0,0,0,0,,,,,,
7/14/26,683,29,0,0,0,0,0,0,0,0,0,0,80,7,0,0,0,0,0,,,,,,
7/14/26,683,16,0,0,0,0,1.5,"2,3",0,0,0,0,59,14,2,3,4,1,0,,,,,,
7/14/26,683,10,0,0,0,0,1.87,3,0,0,0,0,51,8,1,2,6,1,0,,,,,,
7/14/26,683,14,1.66,"2,5",0,0,0.55,3,0,0,0,0,21,10,0,3,6,1,0,,,,,,
7/14/26,683,6,5,4,0,0,0,0,0,0,0,0,71,5,0,4,2,1,0,,,,,,
7/14/26,683,17,dead,0,0,0,0,0,0,0,0,0,0,0,0,0,0,0,0,,,,,,
7/14/26,683,43,1.25,3,0,0,0,0,0,0,0,0,77,9,0,2,0,0,0,,,,,,
7/14/26,683,22,0,0,0,0,3.75,2,0,0,0,0,78,12,2,1,4,1,0,,,,,,
7/14/26,683,28,0,0,0,0,10.33,"1,2,3,5",0,0,0,0,115,5,0,8,12,11,0,,,,,,
7/14/26,683,44,0,0,0,0,1.87,"1,3",0,0,0,0,70,7,0,3,8,1,0,,,,,,
7/14/26,683,36,0,0,0,0,0.5,4,0,0,0,0,116,10,0,5,4,1,0,,,,,,
7/14/26,683,35,0,0,0,0,0.56,3,0,0,0,0,91,8,0,6,4,1,0,,,,,,
7/14/26,660,41,0,0,0,0,2.5,1,0,0,0,0,26,5,0,1,0,0,0,,,,,,
7/14/26,660,9,0,0,0,0,4.4,1,0,0,0,0,41,9,1,1,0,0,0,,,,,,
7/14/26,660,13,dead,0,0,0,0,0,0,0,0,0,0,0,0,0,0,0,0,,,,,,
7/14/26,660,4,dead,0,0,0,0,0,0,0,0,0,0,0,0,0,0,0,0,,,,,,
7/14/26,660,2,dead,0,0,0,0,0,0,0,0,0,0,0,0,0,0,0,0,,,,,,
7/14/26,660,15,dead,0,0,0,0,0,0,0,0,0,0,0,0,0,0,0,0,,,,,,
7/14/26,660,10,na,0,0,0,0,0,0,0,0,0,0,0,0,0,0,0,0,,,,,,
7/14/26,660,999,na,0,0,0,0,0,0,0,0,0,0,0,0,0,0,0,0,,,,,,
7/14/26,660,34,na,0,0,0,0,0,0,0,0,0,0,0,0,0,0,0,0,,,,,,
7/14/26,660,20,0,0,0,0,0,0,0,0,0,0,31,7,0,0,0,0,0,,,,,,
7/14/26,660,25,0,0,0,0,0,0,0,0,0,0,32,8,0,1,2,1,0,,,,,,
7/14/26,660,17,0,0,0,0,0,0,0,0,0,0,37,4,0,1,0,0,0,,,,,,
7/14/26,660,5,0,0,0,0,0.28,3,0,0,0,0,26,7,1,0,0,0,0,,,,,,
7/14/26,660,27,0,0,0,0,1.66,1,0,0,0,0,16,5,1,0,0,0,0,,,,,,
7/14/26,674,37,0,0,0,0,0,0,0,0,0,0,86,2,0,2,0,0,0,,,,,,
7/14/26,674,3,0,0,0,0,0,0,0,0,0,0,40,3,0,0,4,1,0,,,,,,
7/14/26,674,29,0,0,0,0,8.33,1,0,0,0,0,45,12,0,2,2,1,0,,,,,,
7/14/26,674,23,2.5,3,0,0,2,3,0,0,0,0,54,2,0,7,4,1,0,,,,,,
7/14/26,674,39,18.75,2,0,0,0,0,0,0,0,0,61,8,0,7,1,1,0,,,,,,
7/14/26,674,1,0,0,0,0,0,0,0,0,0,0,55,3,0,2,0,0,0,,,,,,
7/14/26,674,33,12.5,2,0,0,0,0,0,0,0,0,19,5,0,2,0,0,0,,,,,,
7/14/26,674,26,0,0,0,0,0,0,0,0,0,0,55,7,0,1,4,1,0,,,,,,
7/14/26,674,18,0,0,0,0,3.75,2,0,0,0,0,38,7,0,0,0,0,0,,,,,,
7/14/26,674,38,dead,0,0,0,0,0,0,0,0,0,0,0,0,0,0,0,0,,,,,,
7/14/26,674,40,3.57,2,0,0,0.7,2,0,0,0,0,48,5,0,0,4,1,0,,,,,,
7/14/26,632,18,0,0,0,0,7.85,"1,2,3",0,0,0,0,20,7,0,0,0,0,0,,,,,,
7/14/26,632,5,dead,0,0,0,0,0,0,0,0,0,0,0,0,0,0,0,0,,,,,,
7/14/26,632,11,dead,0,0,0,0,0,0,0,0,0,0,0,0,0,0,0,0,,,,,,
7/14/26,632,12,0,0,0,0,0.67,2,0,0,0,0,15,5,0,1,0,0,0,,,,,,
7/14/26,632,8,dead,0,0,0,0,0,0,0,0,0,0,0,0,0,0,0,0,,,,,,
7/14/26,632,9,2.5,1,3.75,2,0,0,0,0,0,0,40,6,2,0,0,0,0,,,,,,
7/14/26,632,7,0,0,3.34,"2,3",2.5,3,0,0,0,0,51,10,0,2,0,0,0,,,,,,
7/14/26,632,3,0,0,0,0,9.16,"2,3",0,0,0,0,23,6,1,3,0,0,0,,,,,,
7/14/26,632,16,0,0,0,0,0,0,0,0,0,0,22,10,0,0,0,0,0,,,,,,
7/14/26,632,10,0,0,2,2,0,0,0,0,0,0,25,4,1,0,0,0,0,,,,,,
7/14/26,632,30,dead,0,0,0,0,0,0,0,0,0,0,0,0,0,0,0,0,,,,,,
7/14/26,632,2,0,0,0,0,2.5,"1,2",0,0,0,0,35,2,0,0,0,0,0,,,,,,
7/14/26,632,1,dead,0,0,0,0,0,0,0,0,0,0,0,0,0,0,0,0,,,,,,
7/14/26,632,6,0,0,2.87,"2,3",0.71,"2,3",0,0,0,0,56,9,1,1,0,0,0,,,,,,
7/14/26,632,17,dead,0,0,0,0,0,0,0,0,0,0,0,0,0,0,0,0,,,,,,
7/14/26,624,45,0,0,6.07,"2,3",0,0,0,0,0,0,30,37,0,8,0,0,0,,,,,,
7/14/26,624,44,0,0,0,0,1.25,2,0,0,0,0,21,9,1,0,0,0,0,,,,,,
7/14/26,624,43,0,0,5.56,"2,3",0,0,0,0,0,0,22,14,0,3,0,0,0,,,,,,
7/14/26,624,37,0,0,5.56,"1,2,3,4",0,0,0,0,0,0,52,11,0,1,2,1,0,,,,,,
7/14/26,624,41,0,0,1,2,0,0,0,0,0,0,31,5,1,0,0,0,0,,,,,,
7/14/26,624,40,dead,0,0,0,0,0,0,0,0,0,0,0,0,0,0,0,0,,,,,,
7/14/26,624,36,0,0,3.46,"2,3,4",0,0,0,0,0,0,44,45,2,8,0,0,0,,,,,,
7/14/26,624,38,0,0,3.07,"3,4",0,0,0,0,0,0,37,32,0,6,4,2,0,,,,,,
7/14/26,624,42,0,0,1.17,"2,3,4,5",1.15,"2,3",0,0,0,0,76,19,2,5,0,0,0,,,,,,
7/14/26,624,31,0,0,5,"1,2,3",0,0,0,0,0,0,36,13,1,3,0,0,0,,,,,,
7/14/26,624,30,0,0,4.09,"1,2,3",1.37,"1,3,4",0,0,0,0,71,8,1,6,0,0,0,,,,,,
7/14/26,624,25,0,0,5,"1,2,3",0,0,0,0,0,0,36,11,0,2,2,1,0,,,,,,
7/14/26,624,35,0,0,2.5,"3,4",0,0,0,0,0,0,22,26,1,2,0,0,0,,,,,,
7/14/26,624,33,0,0,4.16,"2,3",1.34,"2,3",0,0,0,0,71,19,0,1,0,0,0,,,,,,
7/14/26,672,13,na,0,0,0,0,0,0,0,0,0,0,0,0,0,0,0,0,,,,,,
7/14/26,672,23,0,0,0,0,0,0,0,0,0,0,12,12,0,3,0,0,0,,,,,,
7/14/26,672,28,na,0,0,0,0,0,0,0,0,0,0,0,0,0,0,0,0,,,,,,
7/14/26,672,26,0,0,0,0,0,0,0,0,0,0,17,3,0,0,0,0,0,,,,,,
7/14/26,672,24,0,0,0,0,0,0,0,0,0,0,40,12,0,0,0,0,0,,,,,,
7/14/26,672,79,0,0,0,0,1,2,0,0,0,0,22,4,0,0,0,0,0,,,,,,
7/14/26,672,34,0,0,3.12,"1,2,3",0,0,0,0,0,0,29,20,1,2,4,1,0,,,,,,
7/14/26,672,27,dead,0,0,0,0,0,0,0,0,0,0,0,0,0,0,0,0,,,,,,
6/1/26,63,138,0,0,0.7,2,0,0,0,0,0,0,12,7,0,0,0,0,0,,,,,,
6/1/26,63,129,6.6,"1,2,3",0,0,0,0,0,0,0,0,13,8,0,0,0,0,0,,,,,,
6/1/26,63,115,0,0,1.4,"1,2,3",1.4,1,0,0,0,0,16,12,0,0,4,1,0,,,,,,
6/1/26,63,109,0,0,0,0,0,0,0,0,0,0,15,10,0,0,0,0,0,,,,,,
6/1/26,63,104,0,0,0,0,0,0,0,0,0,0,12,7,0,0,0,0,0,,,,,,
6/1/26,63,117,2.5,1,0,0,0,0,0,0,0,0,13,8,0,0,0,0,0,,,,,,
6/1/26,63,175,0,0,2,"1,2",0,0,0,0,0,0,14,10,0,0,0,0,0,,,,,,
6/1/26,63,152,0,0,1.6,2,0,0,0,0,0,0,12,8,0,0,0,0,0,,,,,,
6/1/26,63,128,0,0,0,0,0,0,0,0,0,0,7,5,0,0,0,0,0,,,,,,
6/1/26,63,107,0,0,0,0,0,0,0,0,0,0,14,6,0,0,0,0,0,,,,,,
6/1/26,63,30,0,0,1.6,2,0,0,0,0,0,0,22,10,0,0,0,0,0,,,,,,
6/1/26,63,174,0,0,0,0,0,0,0,0,0,0,15,8,0,0,0,0,0,,,,,,
6/1/26,63,122,0,0,0,0,4,"1,2",0,0,0,0,13,8,0,0,0,0,0,,,,,,
6/1/26,63,124,0,0,0,0,0,0,0,0,0,0,8,5,0,0,0,0,0,,,,,,
6/1/26,63,127,0,0,0,0,0,0,0,0,0,0,10,6,0,0,0,0,0,,,,,,
6/1/26,905,164,0,0,0,0,0,0,0,0,0,0,8,6,0,0,0,0,0,,,,,,
6/1/26,905,100,0,0,0,0,0,0,0,0,0,0,6,4,0,0,0,0,0,,,,,,
6/1/26,905,105,0,0,0,0,0,0,0,0,0,0,10,8,0,0,0,0,0,,,,,,
6/1/26,905,53,0,0,5,1,0,0,0,0,0,0,8,6,0,0,0,0,0,,,,,,
6/1/26,905,54,0,0,0,0,0,0,0,0,0,0,8,6,0,0,0,0,0,,,,,,
6/1/26,905,65,0,0,0,0,0,0,0,0,0,0,9,6,0,0,0,0,0,,,,,,
6/1/26,905,2,0,0,0,0,0,0,0,0,0,0,6,5,0,0,0,0,0,,,,,,
6/1/26,905,31,0,0,0,0,0,0,0,0,0,0,6,4,0,0,0,0,0,,,,,,
6/1/26,905,121,0,0,0,0,0,0,0,0,0,0,10,8,0,0,0,0,0,,,,,,
6/1/26,905,49,5,1,0,0,0,0,0,0,0,0,6,5,0,0,0,0,0,,,,,,
6/1/26,905,81,0,0,0,0,0,0,0,0,0,0,9,6,0,0,0,0,0,,,,,,
6/1/26,905,4,0,0,5,1,0,0,0,0,0,0,5,4,0,0,0,0,0,,,,,,
6/1/26,905,40,0,0,0,0,0,0,0,0,0,0,12,8,0,0,0,0,0,,,,,,
6/1/26,905,145,0,0,0,0,0,0,0,0,0,0,6,5,0,0,0,0,0,,,,,,
6/1/26,905,101,0,0,0,0,0,0,0,0,0,0,8,6,0,0,0,0,0,,,,,,
6/1/26,105,51,0,0,1.6,"1,2",1.6,1,0,0,0,0,12,6,0,0,0,0,0,,,,,,
6/1/26,105,79,0,0,0,0,0,0,0,0,0,0,11,4,0,0,0,0,0,,,,,,
6/1/26,105,179,0,0,0,0,1.5,"1,2",0,0,0,0,13,8,0,0,0,0,0,,,,,,
6/1/26,105,180,0,0,0,0,4.2,1,0,0,0,0,13,8,0,0,0,0,0,,,,,,
6/1/26,105,120,0,0,0,0,0,0,0,0,0,0,13,6,0,0,0,0,0,,,,,,
6/1/26,105,72,0,0,0,0,0,0,0,0,0,0,10,5,0,0,0,0,0,,,,,,
6/1/26,105,664,0,0,0,0,10,1,0,0,0,0,8,4,0,0,0,0,0,,,,,,
6/1/26,105,56,0,0,10,1,0,0,0,0,0,0,3,3,0,0,0,0,0,,,,,,
6/1/26,105,689,0,0,0,0,0.81,1,0,0,0,0,11,6,0,0,0,0,0,,,,,,
6/1/26,105,643,0,0,0,0,0,0,0,0,0,0,8,5,0,0,0,0,0,,,,,,
6/1/26,105,42,0,0,0,0,0,0,0,0,0,0,8,5,0,0,0,0,0,,,,,,
6/1/26,105,32,0,0,0,0,0,0,0,0,0,0,10,7,0,0,0,0,0,,,,,,
6/1/26,105,672,0,0,0,0,0,0,0,0,0,0,8,4,0,0,0,0,0,,,,,,
6/1/26,105,24,0,0,0,0,0,0,0,0,0,0,7,6,0,0,0,0,0,,,,,,
6/1/26,105,629,0,0,0,0,2.5,1,0,0,0,0,6,5,0,0,0,0,0,,,,,,
6/2/26,263,533,0,0,0,0,0,0,0,0,0,0,12,8,0,0,0,0,0,,,,,,
6/2/26,263,223,0.6,1,0,0,0,0,0,0,0,0,34,14,1,0,8,2,0,,,,,,
6/2/26,263,360,1,1,0,0,0,0,0,0,0,0,8,7,0,0,0,0,0,,,,,,
6/2/26,263,59,10,1,0,0,0.6,1,0,0,0,0,14,9,1,0,"4,4","2,1",0,,,,,,
6/2/26,263,388,0,0,0,0,5.8,1,0,0,0,0,12,8,1,0,4,1,0,,,,,,
6/2/26,263,691,0,0,0,0,0,0,0,0,0,0,27,12,1,1,"8,4","2,1",0,,,,,,
6/2/26,263,853,8.3,1,0,0,0,0,0,0,0,0,18,10,1,0,8,2,0,,,,,,
6/2/26,263,450,0,0,0,0,0,0,0,0,0,0,20,10,0,0,4,1,0,,,,,,
6/2/26,263,695,0.6,1,0,0,0,0,0,0,0,0,10,8,0,0,"4,2","2,1",0,,,,,,
6/2/26,263,874,0,0,0,0,0,0,0,0,0,0,22,13,1,0,11,2,0,,,,,,
6/2/26,263,839,0,0,0,0,0.6,1,0,0,0,0,30,10,1,0,0,0,0,,,,,,
6/2/26,263,287,0,0,0,0,0,0,0,0,0,0,18,11,0,0,4,1,0,,,,,,
6/2/26,263,953,0,0,0,0,0,0,0,0,0,0,25,8,0,0,5,1,0,,,,,,
6/2/26,263,214,0,0,0.8,1,0,0,0,0,0,0,10,8,0,0,4,1,0,,,,,,
6/2/26,263,30,0,0,0,0,0,0,0,0,0,0,12,7,0,0,0,0,0,,,,,,
6/2/26,17,167,0,0,0,0,0,0,0,0,0,0,5,5,0,0,0,0,0,,,,,,
6/2/26,17,593,0,0,0,0,0,0,0,0,0,0,5,7,0,0,0,0,0,,,,,,
6/2/26,17,290,0,0,0,0,0,0,0,0,0,0,5,7,0,0,0,0,0,,,,,,
6/2/26,17,656,0,0,0,0,0,0,0,0,0,0,8,4,0,0,0,0,0,,,,,,
6/2/26,17,339,0,0,0,0,0,0,0,0,0,0,6,7,0,0,0,0,0,,,,,,
6/2/26,17,203,0,0,0,0,0,0,0,0,0,0,7,4,0,0,0,0,0,,,,,,
6/2/26,17,645,0,0,0,0,0,0,0,0,0,0,12,8,0,0,0,0,0,,,,,,
6/2/26,17,162,0,0,0,0,0,0,0,0,0,0,10,7,0,0,0,0,0,,,,,,
6/2/26,17,368,17.5,1,0,0,0,0,0,0,0,0,8,5,0,0,0,0,0,,,,,,
6/2/26,17,666,0,0,0,0,0,0,0,0,0,0,10,7,0,0,0,0,0,,,,,,
6/2/26,17,600,0,0,0,0,0,0,0,0,0,0,5,5,0,0,0,0,0,,,,,,
6/2/26,17,526,0,0,0,0,0,0,0,0,0,0,5,5,0,0,0,0,0,,,,,,
6/2/26,17,144,0,0,0,0,0,0,0,0,0,0,5,5,0,0,0,0,0,,,,,,
6/2/26,17,648,0,0,0,0,0,0,0,0,0,0,10,6,0,0,0,0,0,,,,,,
6/2/26,17,194,0,0,0,0,17.5,1,0,0,0,0,7,5,0,0,0,0,0,,,,,,
6/2/26,730,246,0,0,3.8,"1,2",0,0,0,0,0,0,12,8,0,0,0,0,0,,,,,,
6/2/26,730,204,0,0,3.3,2,0,0,0,0,0,0,16,10,0,0,0,0,0,,,,,,
6/2/26,730,357,0,0,6.6,2,6.6,1,0,0,0,0,14,12,0,0,0,0,0,,,,,,
6/2/26,730,243,1,1,2,"1,2",0,0,0,0,0,0,11,6,0,0,0,0,0,,,,,,
6/2/26,730,1,0,0,0,0,1,1,0,0,0,0,14,8,0,0,0,0,0,,,,,,
6/2/26,730,206,0,0,0,0,2.5,2,0,0,0,0,21,10,0,0,0,0,0,,,,,,
6/2/26,730,555,0,0,0,0,0,0,0,0,0,0,6,5,0,0,0,0,0,,,,,,
6/2/26,730,294,0,0,0,0,0,0,0,0,0,0,10,7,0,0,0,0,0,,,,,,
6/2/26,730,267,0,0,0,0,0,0,0,0,0,0,10,6,0,0,0,0,0,,,,,,
6/2/26,730,266,0,0,0,0,0,0,0,0,0,0,10,8,0,0,0,0,0,,,,,,
6/2/26,730,238,0,0,0.5,1,0,0,0,0,0,0,8,6,0,0,0,0,0,,,,,,
6/2/26,730,2,7.5,1,7.5,"1,2",0,0,0,0,0,0,10,6,0,0,0,0,0,,,,,,
6/2/26,730,217,0,0,0,0,0,0,0,0,0,0,7,5,0,0,0,0,0,,,,,,
6/2/26,730,364,16.6,1,0,0,10,1,0,0,0,0,8,5,0,0,0,0,0,,,,,,
6/2/26,730,281,0,0,8.3,"1,2",0,0,0,0,0,0,9,6,0,0,0,0,0,,,,,,
6/5/26,655,7,0,0,0,0,0,0,0,0,0,0,4,4,0,0,0,0,0,,,,,,
6/5/26,655,8,0,0,0,0,2.5,1,0,0,0,0,6,6,0,0,0,0,0,,,,,,
6/5/26,655,5,1.6,2,0,0,0,0,0,0,0,0,8,6,0,0,0,0,0,,,,,,
6/5/26,655,4,0,0,5,1,0,0,0,0,0,0,8,7,0,0,0,0,0,,,,,,
6/5/26,655,9,0,0,0,0,0,0,"1,5",2,0,0,12,10,0,0,2,1,0,,,,,,
6/5/26,655,1,0,0,1,1,0,0,0,0,0,0,13,11,0,0,0,0,0,,,,,,
6/5/26,655,2,0,0,0,0,1.2,1,0,0,0,0,11,8,0,0,0,0,0,,,,,,
6/5/26,655,12,0,0,0,0,0,0,0,0,0,0,14,9,0,0,0,0,0,,,,,,
6/5/26,655,3,0,0,0,0,1,1,0,0,0,0,8,5,0,0,0,0,0,,,,,,
6/5/26,655,6,1,1,0,0,0,0,0,0,0,0,6,4,0,0,0,0,0,,,,,,
6/5/26,655,14,0,0,1,1,0,0,0,0,0,0,9,5,0,0,0,0,0,,,,,,
6/5/26,655,13,0,0,0,0,1.6,1,0,0,0,0,10,6,0,0,0,0,0,,,,,,
6/5/26,655,15,0,0,0,0,3.3,1,0,0,0,0,8,6,0,0,0,0,0,,,,,,
6/5/26,655,11,0,0,0,0,0,0,0,0,0,0,12,10,0,0,4,1,0,,,,,,
6/5/26,655,10,0,0,0,0,0,0,0,0,0,0,5,4,0,0,0,0,0,,,,,,
6/5/26,41,5,0,0,0,0,0,0,0,0,0,0,6,8,0,0,0,0,0,,,,,,
6/5/26,41,13,0,0,1.6,1,0,0,0,0,0,0,11,8,0,0,0,0,0,,,,,,
6/5/26,41,12,0,0,0,0,0,0,0,0,0,0,8,12,0,0,0,0,0,,,,,,
6/5/26,41,10,0,0,0,0,0,0,0,0,0,0,7,6,0,0,0,0,0,,,,,,
6/5/26,41,14,0,0,1,1,0,0,0,0,0,0,8,10,0,0,0,0,0,,,,,,
6/5/26,41,11,0,0,0,0,0,0,0,0,0,0,10,12,0,0,0,0,0,,,,,,
6/5/26,41,8,0,0,0,0,0,0,0,0,0,0,10,10,0,0,0,0,0,,,,,,
6/5/26,41,7,0,0,0,0,0,0,0,0,0,0,6,8,0,0,0,0,0,,,,,,
6/5/26,41,6,0,0,0,0,0,0,0,0,0,0,6,8,0,0,0,0,0,,,,,,
6/5/26,41,3,0,0,1,1,0,0,0,0,0,0,4,6,0,0,0,0,0,,,,,,
6/5/26,41,1,0,0,1,1,0,0,0,0,0,0,4,6,0,0,0,0,0,,,,,,
6/5/26,41,15,0,0,0,0,0,0,0,0,0,0,7,6,0,0,0,0,0,,,,,,
6/5/26,41,2,0,0,0,0,0,0,0,0,0,0,10,6,0,0,0,0,0,,,,,,
6/5/26,41,4,0,0,0,0,2,1,0,0,0,0,12,6,0,0,0,0,0,,,,,,
6/5/26,41,9,0,0,0,0,2.5,1,0,0,0,0,8,7,0,0,0,0,0,,,,,,
6/5/26,620,222,0,0,0,0,0,0,0,0,0,0,6,6,0,0,0,0,0,,,,,,
6/5/26,620,231,0,0,0,0,0,0,0,0,0,0,10,8,0,0,0,0,0,,,,,,
6/5/26,620,292,0,0,0,0,3.3,1,0,0,0,0,12,10,0,0,0,0,0,,,,,,
6/5/26,620,288,0,0,0,0,0,0,0,0,0,0,12,10,0,0,0,0,0,,,,,,
6/5/26,620,660,0,0,2,1,0,0,0,0,0,0,10,10,0,0,0,0,0,,,,,,
6/5/26,620,268,0,0,0,0,0,0,0,0,0,0,12,8,0,0,0,0,0,,,,,,
6/5/26,620,45,0,0,0,0,0,0,0,0,0,0,10,10,0,0,0,0,0,,,,,,
6/5/26,620,300,0,0,0,0,0,0,0,0,0,0,6,6,0,0,0,0,0,,,,,,
6/5/26,620,261,0,0,0,0,0,0,0,0,0,0,8,10,0,0,0,0,0,,,,,,
6/5/26,620,350,0,0,0,0,5,1,0,0,0,0,14,8,0,0,0,0,0,,,,,,
6/5/26,620,15,0,0,0,0,1,1,0,0,0,0,10,8,0,0,0,0,0,,,,,,
6/5/26,620,367,0,0,0,0,12.5,1,0,0,0,0,11,7,0,0,0,0,0,,,,,,
6/5/26,620,333,0,0,0,0,0,0,0,0,0,0,7,8,0,0,0,0,0,,,,,,
6/5/26,620,276,0,0,0,0,0,0,0,0,0,0,8,6,0,0,0,0,0,,,,,,
6/5/26,620,202,0,0,2,1,0,0,0,0,0,0,10,7,0,0,0,0,0,,,,,,
6/5/26,36,207,0,0,0,0,0,0,0,0,0,0,12,8,0,0,0,0,0,,,,,,
6/5/26,36,810,0,0,0,0,1.3,1,0,0,0,0,17,10,0,0,"4,2","2,1",0,,,,,,
6/5/26,36,958,0,0,0,0,2.5,"1,2",0,0,0,0,15,10,1,0,0,0,0,,,,,,
6/5/26,36,225,0,0,0,0,2.5,1,0,0,0,0,18,11,0,0,4,1,0,,,,,,
6/5/26,36,185,0,0,0,0,1,1,0,0,0,0,10,8,0,0,0,0,0,,,,,,
6/5/26,36,221,0,0,3.3,1,0,0,0,0,0,0,10,7,0,0,0,0,0,,,,,,
6/5/26,36,910,0,0,0,0,1.2,1,0,0,0,0,8,10,0,0,0,0,0,,,,,,
6/5/26,36,435,0,0,0,0,5.8,1,0,0,0,0,14,10,0,0,0,0,0,,,,,,
6/5/26,36,688,3.8,1,0,0,0,0,0,0,0,0,8,6,0,0,0,0,0,,,,,,
6/5/26,36,929,0,0,1.6,1,1.6,3,0,0,0,0,12,10,0,0,0,0,0,,,,,,
6/5/26,36,27,0,0,1,"1,2",0,0,0,0,0,0,10,10,0,0,0,0,0,,,,,,
6/5/26,36,897,0.3,1,0,0,0,0,0,0,0,0,8,8,0,0,0,0,0,,,,,,
6/5/26,36,299,0,0,0.7,1,0,0,0,0,0,0,16,10,0,0,4,2,0,,,,,,
6/5/26,36,399,0,0,0,0,0.5,1,0,0,0,0,13,7,0,0,0,0,0,,,,,,
6/5/26,36,89,0,0,0,0,0,0,0,0,0,0,7,5,0,0,0,0,0,,,,,,
6/9/26,667,247,0,0,0,0,0,0,0,0,0,0,35,4,0,1,2,1,0,,,,,,
6/9/26,667,221,0,0,5.8,"1,2",2.5,1,0,0,0,0,34,11,0,0,0,0,0,,,,,,
6/9/26,667,943,19.16,"1,3",14.62,"1,2,3",0,0,0,0,0,0,45,9,0,1,0,0,0,,,,,,
6/9/26,667,246,0.8,2,5.84,"1,2,3",7,1,0,0,0,0,31,13,0,1,0,0,0,,,,,,
6/9/26,610,266,21,"2,4,5",1.5,"2,3,4",9.5,"2,3,4,5",0,0,0,0,81,12,1,4,0,0,0,,,,,,
6/9/26,610,272,0,0,0,0,25.71,"1,5",0,0,0,0,123,16,0,4,2,1,0,,,,,,
6/9/26,610,277,na,0,0,0,0,0,0,0,0,0,0,0,0,0,0,0,0,,,,,,
6/9/26,610,270,7,"1,2,3",1.9,"1,2,3,4",1,"1,2",0,0,0,0,49,9,1,2,0,0,0,,,,,,
6/9/26,610,232,0,0,1.67,"2,3,4",10.8,3,0,0,0,0,42,7,1,1,0,0,0,,,,,,
6/9/26,610,241,0,0,1.42,"2,3,4",11.78,"1,2,3,4,5,6",0,0,0,0,81,14,2,5,"2,8","2,1",0,,,,,,
6/9/26,610,255,0.6,1,1.87,"1,2,3",1.25,"1,2,3",0,0,0,0,46,21,0,0,0,0,0,,,,,,
6/9/26,610,237,5.56,1,3.34,"1,3,4",0,0,0,0,0,0,42,9,0,2,0,0,0,,,,,,
6/9/26,610,296,0,0,1,"1,2,3,4",0.5,2,0,0,0,0,69,10,0,2,2,1,0,,,,,,
6/9/26,610,209,4.76,"2,3",0.71,"1,2,3,4,5,6",0,0,0,0,0,0,152,20,4,9,8,1,2,,,,,,
6/9/26,610,196,13.3,3,0,0,0,0,0,0,0,0,21,6,0,0,0,0,0,,,,,,
6/9/26,610,242,10.9,"2,3",1.36,"1,2,4",1.81,"2,3",0,0,0,0,24,35,1,1,0,0,0,,,,,,
6/9/26,610,877,na,0,0,0,0,0,0,0,0,0,0,0,0,0,0,0,0,,,,,,
6/9/26,610,767,0.5,4,3.33,"1,2,3",1.67,"1,2",0,0,0,0,84,14,1,7,0,0,0,,,,,,
6/9/26,815,856,na,0,0,0,0,0,0,0,0,0,0,0,0,0,0,0,0,,,,,,
6/9/26,815,62,na,0,0,0,0,0,0,0,0,0,0,0,0,0,0,0,0,,,,,,
6/9/26,815,174,na,0,0,0,0,0,0,0,0,0,0,0,0,0,0,0,0,,,,,,
6/9/26,815,230,na,0,0,0,0,0,0,0,0,0,0,0,0,0,0,0,0,,,,,,
6/9/26,815,205,na,0,0,0,0,0,0,0,0,0,0,0,0,0,0,0,0,,,,,,
6/9/26,815,269,7.14,"2,4",13.57,"2,3",0,0,0,0,0,0,38,20,1,2,0,0,0,,,,,,
6/9/26,815,224,0,0,0,0,5,"1,2,4",0,0,"1,1.42",3,51,11,0,3,0,0,1,,,,,,
6/9/26,815,220,8.75,"2,3",3.75,"1,2,3",1.5,"2,3",0,0,0,0,36,5,1,1,0,0,0,,,,,,
6/9/26,815,181,0,0,7.14,"2,3,4",0.71,1,0,0,0,0,56,11,0,3,0,0,0,,,,,,
6/9/26,458,798,na,0,0,0,0,0,0,0,0,0,0,0,0,0,0,0,0,,,,,,
6/9/26,458,462,21.87,"1,2,3,4",0,0,1,2,0,0,0,0,63,10,1,2,5,1,0,,,,,,
6/9/26,458,468,8.46,"2,3,4",0,0,2.31,"1,2",0,0,0,0,120,10,1,4,12,1,0,,,,,,
6/9/26,458,67,1.1,1,0,0,0.5,3,0,0,0,0,71,14,0,3,8,1,0,,,,,,
6/9/26,458,980,28.57,"2,3,4,5",0,0,2.14,2,0,0,0,0,59,9,1,2,2,1,0,,,,,,
6/9/26,458,479,1,2,0,0,0,0,0,0,0,0,14,2,0,0,0,0,0,,,,,,
6/9/26,458,689,17.78,"1,2,3,4",0.2,3,3.88,"1,2",0,0,0,0,40,11,2,0,8,1,0,,,,,,
6/9/26,458,650,18.33,"2,3,4,5,6",0,0,4.16,"1,2,4",0,0,0,0,77,12,1,5,13,1,0,,,,,,
6/9/26,458,459,6.36,"1,3,4",0,0,2.72,"2,3,5",0,0,0,0,79,7,1,4,7,1,0,,,,,,
6/9/26,458,460,dead,0,0,0,0,0,0,0,0,0,0,0,0,0,0,0,0,,,,,,
6/9/26,458,868,1,"2,5",0,0,0,0,0,0,0,0,59,10,1,4,14,1,0,,,,,,
6/9/26,458,452,26.43,"1,2,3",0,0,1.43,1,"3,3.13",2,0,0,40,7,0,2,4,1,0,,,,,,
6/9/26,458,475,27.5,"2,3,4",0,0,0.6,3,0,0,0,0,45,9,2,4,7,1,0,,,,,,
6/9/26,458,464,26.6,"2,3,4,5,6",0,0,2.5,2,0,0,0,0,128,9,1,2,3,1,0,,,,,,
6/9/26,457,458,40,2,0,0,0,0,0,0,0,0,21,4,1,0,0,0,0,,,,,,
6/9/26,457,467,2.5,2,0,0,0,0,0,0,0,0,29,3,0,1,0,0,0,,,,,,
6/9/26,457,466,19.16,"3,4",0,0,2.5,2,0,0,0,0,30,4,0,1,0,0,0,,,,,,
6/9/26,457,944,na,0,0,0,0,0,0,0,0,0,0,0,0,0,0,0,0,,,,,,
6/9/26,457,60,na,0,0,0,0,0,0,0,0,0,0,0,0,0,0,0,0,,,,,,
6/9/26,457,264,3.75,2,0,0,2.5,3,0,0,0,0,24,6,0,1,0,0,0,,,,,,
6/9/26,457,670,0,0,0,0,0,0,0,0,0,0,46,11,0,2,8,1,0,,,,,,
6/9/26,457,470,2.57,1,0,0,2.14,2,0,0,0,0,48,15,0,0,6,1,0,,,,,,
6/9/26,457,416,472,21,"1,2,3",0,5,1,0,0,0,0,50,9,2,2,10,1,0,,,,,,
6/9/26,457,471,na,0,0,0,0,0,0,0,0,0,0,0,0,0,0,0,0,,,,,,
6/9/26,457,451,8.13,"2,3",0,0,0,0,0,0,"3,5",4,68,9,1,5,6,1,0,,,,,,
6/9/26,457,463,dead,0,0,0,0,0,0,0,0,0,0,0,2,3,0,0,0,,,,,,
6/9/26,457,600,1.78,2,0,0,0,0,0,0,0,0,109,16,3,12,16,1,0,,,,,,
6/9/26,457,469,1.33,2,0,0,1.66,2,0,0,0,0,67,15,1,2,8,1,0,,,,,,
6/9/26,457,634,12.5,2,0,0,0,0,0,0,0,0,93,12,1,2,12,1,0,,,,,,
6/9/26,457,661,1.56,"2,3",0,0,1.25,"1,2",0,0,"2,1.87",5,149,12,3,5,"6,16","2,1",0,,,,,,
6/9/26,457,478,dead,0,0,0,0,0,0,0,0,0,0,0,0,0,0,0,0,,,,,,
6/9/26,457,455,dead,0,0,0,0,0,0,0,0,0,0,0,0,2,0,0,0,,,,,,
6/9/26,457,484,6.36,1,0,0,1.36,2,0,0,0,0,84,10,1,5,8,1,0,,,,,,
6/9/26,457,186,13.6,"2,3",0,0,0,0,0,0,0,0,53,10,2,2,8,1,0,,,,,,
7/7/26,263,360,0,0,0,0,0,0,0,0,0,0,27,12,1,2,8,1,0,,,,,,
7/7/26,263,853,0,0,0,0,9.73,1,0,0,0,0,36,12,3,3,6,1,0,,,,,,
7/7/26,263,691,0,0,0,0,0.8,"1,5",0,0,0,0,75,15,1,14,"4,10","2,1",0,,,,,,
7/7/26,263,450,0,0,0,0,1.5,"1,2",0,0,0,0,46,13,1,4,8,1,0,,,,,,
7/7/26,263,533,dead,0,0,0,0,0,0,0,0,0,0,0,0,0,0,0,0,,,,,,
7/7/26,263,695,dead,0,0,0,0,0,0,0,0,0,0,0,0,0,0,0,0,,,,,,
7/7/26,263,874,0,0,0,0,0.67,"1,3",0,0,0,0,66,15,5,12,"4,10","2,1",0,,,,,,
7/7/26,263,223,0,0,0,0,0,0,0,0,0,0,50,12,0,7,10,1,0,,,,,,
7/7/26,263,59,0,0,0,0,0,0,0,0,0,0,29,9,0,3,4,1,0,,,,,,
7/7/26,263,30,dead,0,0,0,0,0,0,0,0,0,0,0,0,0,0,0,0,,,,,,
7/7/26,263,214,dead,0,0,0,0,0,0,0,0,0,0,0,0,0,0,0,0,,,,,,
7/7/26,263,839,0,0,0,0,2.27,"1,3",0,0,0,0,45,11,2,8,0,0,0,,,,,,
7/7/26,263,287,dead,0,0,0,0,0,0,0,0,0,0,0,0,0,0,0,0,,,,,,
7/7/26,263,953,0,0,0,0,2.27,2,0,0,0,0,61,14,5,6,6,1,0,,,,,,
7/7/26,263,388,0,0,0,0,0,0,0,0,0,0,42,7,0,2,8,1,0,,,,,,
7/7/26,17,144,0,0,0,0,0,0,0,0,0,0,13,2,0,1,0,0,0,,,,,,
7/7/26,17,648,0,0,0,0,0,0,0,0,0,0,32,10,1,1,4,1,0,,,,,,
7/7/26,17,526,dead,0,0,0,0,0,0,0,0,0,0,0,0,0,0,0,0,,,,,,
7/7/26,17,600,dead,0,0,0,0,0,0,0,0,0,0,0,0,0,0,0,0,,,,,,
7/7/26,17,645,dead,0,0,0,0,0,0,0,0,0,0,0,0,0,0,0,0,,,,,,
7/7/26,17,203,na,0,0,0,0,0,0,0,0,0,0,0,0,0,0,0,0,,,,,,
7/7/26,17,692,na,0,0,0,0,0,0,0,0,0,0,0,0,0,0,0,0,,,,,,
7/7/26,17,593,0,0,0,0,0,0,0,0,0,0,23,11,1,1,2,1,0,,,,,,
7/7/26,17,167,0,0,0,0,0,0,0,0,0,0,26,14,0,1,2,1,0,,,,,,
7/7/26,17,256,0,0,0,0,0,0,0,0,0,0,32,8,1,0,0,0,0,,,,,,
7/7/26,17,339,0,0,4,"1,2",0,0,0,0,0,0,36,15,0,2,0,0,0,,,,,,
7/7/26,17,162,0,0,0,0,14.17,2,0,0,0,0,63,9,0,2,0,0,0,,,,,,
7/7/26,17,194,dead,0,0,0,0,0,0,0,0,0,0,0,0,0,0,0,0,,,,,,
7/7/26,17,666,0,0,0,0,0,0,0,0,0,0,40,16,0,1,0,0,0,,,,,,
7/7/26,17,368,dead,0,0,0,0,0,0,0,0,0,0,0,0,0,0,0,0,,,,,,
7/7/26,730,238,dead,0,0,0,0,0,0,0,0,0,0,0,0,0,0,0,0,,,,,,
7/7/26,730,281,0,0,0,0,18.34,"1,2",0,0,0,0,20,14,0,2,0,0,0,,,,,,
7/7/26,730,364,0,0,3,2,3,1,0,0,0,0,26,11,0,1,2,1,0,,,,,,
7/7/26,730,267,0,0,3.34,2,1.16,1,0,0,0,0,27,13,1,1,2,1,0,,,,,,
7/7/26,730,294,0,0,0,0,18.34,"1,2",0,0,0,0,34,6,0,2,0,0,0,,,,,,
7/7/26,730,217,0,0,2.5,"1,2",0,0,0,0,0,0,19,5,0,1,0,0,0,,,,,,
7/7/26,730,204,0,0,0,0,2.5,"1,2",0,0,0,0,39,11,0,2,0,0,0,,,,,,
7/7/26,730,246,0,0,0,0,18.75,"1,2,3",0,0,0,0,41,11,1,2,7,1,0,,,,,,
7/7/26,730,357,0,0,2.14,"2,3",25,"1,2",0,0,0,0,41,9,0,3,4,1,0,,,,,,
7/7/26,730,243,0,0,2,"1,2",0,0,0,0,0,0,29,7,1,1,0,0,0,,,,,,
7/7/26,730,555,0,0,1,2,0,0,0,0,0,0,23,7,0,2,0,0,0,,,,,,
7/7/26,730,206,1.25,2,0,0,0,0,0,0,0,0,33,10,0,2,2,1,0,,,,,,
7/7/26,730,2,0,0,0,0,8,1,0,0,0,0,25,4,0,1,0,0,0,,,,,,
7/7/26,730,266,0,0,1.67,"1,2",0,0,0,0,0,0,32,6,0,2,0,0,0,,,,,,
7/7/26,730,1,0,0,2.5,"2,3",2.14,1,0,0,0,0,45,16,1,1,6,1,0,,,,,,
7/7/26,27,167,na,0,0,0,0,0,0,0,0,0,0,0,0,0,0,0,0,,,,,,
7/7/26,27,158,na,0,0,0,0,0,0,0,0,0,0,0,0,0,0,0,0,,,,,,
7/7/26,27,130,0,0,0,0,0,0,0,0,0,0,12,10,0,0,0,0,0,,,,,,
7/7/26,27,170,0,0,0,0,0,0,0,0,0,0,36,10,0,0,0,0,0,,,,,,
7/7/26,27,172,0,0,0,0,0,0,0,0,0,0,0,0,0,0,0,0,0,,,,,,
7/7/26,13,174,na,0,0,0,0,0,0,0,0,0,0,0,0,0,0,0,0,,,,,,
7/7/26,13,856,6.17,"2,3",0,0,1.17,"1,2",0,0,0,0,54,9,2,4,"6,10","2,1",0,,,,,,
7/7/26,13,62,0.71,2,0,0,3.18,"1,2",0,0,0,0,48,7,2,4,12,1,0,,,,,,
7/7/26,13,471,0.43,3,0,0,1.09,"1,2,5",0,0,0,0,83,12,7,8,"6,35","2,1",0,,,,,,
7/7/26,13,277,0,0,0,0,2.3,"1,2,3",0,0,0,0,33,12,3,4,14,1,0,,,,,,
7/7/26,13,798,2.91,"1,3",0,0,1.66,1,0,0,0,0,62,18,2,4,14,1,0,,,,,,
7/7/26,13,220,0,0,0,0,10.88,"1,2,3",0,0,0,0,60,11,3,5,20,1,1,,,,,,
7/7/26,13,460,0,0,0,0,3.33,"1,2,3",0,0,0,0,36,9,1,3,12,1,0,,,,,,
7/7/26,13,478,0,0,0,0,3,"1,2,4",0,0,0,0,36,17,3,3,0,0,0,,,,,,
7/7/26,13,205,0,0,0,0,1.75,"1,2,3",0,0,0,0,70,15,4,5,30,1,0,,,,,,
7/7/26,13,877,0,0,0,0,1.25,1,0,0,0,0,20,11,0,0,0,0,0,,,,,,
7/7/26,13,455,0,0,0,0,1.07,"1,2,3",0,0,0,0,54,11,3,3,"4,12","2,1",0,,,,,,
7/7/26,13,798,1.9,3,0,0,3.07,1,0,0,0,0,57,20,2,3,"4,12","2,1",0,,,,,,
7/7/26,13,463,0,0,0,0,0.5,1,0,0,0,0,49,11,1,4,12,1,0,,,,,,
7/7/26,81,166,5,1,0,0,0,0,0,0,0,0,8,7,0,0,0,0,0,,,,,,
7/7/26,81,133,4.68,"1,2,4,5",0,0,0,0,0,0,0,0,44,19,1,2,"4,12","2,1",0,,,,,,
7/7/26,81,103,3.57,"2,3,4,5",0,0,0,0,0,0,0,0,34,12,3,3,"8,7","2,1",0,,,,,,
7/7/26,81,171,1.25,3,0,0,1.66,"1,2,3,4",0,0,0,0,37,16,1,2,"4,12","2,1",0,,,,,,
7/7/26,81,154,0,0,0,0,10,"1,2",0,0,0,0,55,13,3,1,"4,18","2,1",0,,,,,,
7/7/26,81,71,2.2,"2,3,4",0,0,2.78,"1,4,5",0,0,0,0,67,20,0,0,"4,16","2,1",0,,,,,,
7/7/26,81,163,1.99,"1,2,5",0,0,0,0,"1,0.8",2,0,0,59,21,5,2,"12,26","2,1",0,,,,,,
7/7/26,81,159,0,0,0,0,5,1,0,0,0,0,20,12,0,0,8,1,0,,,,,,
7/7/26,81,233,5,"1,2,3,4",0,0,1.66,1,0,0,0,0,22,10,0,0,0,0,0,,,,,,
7/7/26,81,112,0.95,"1,2",0,0,0.3,2,0,0,0,0,53,22,5,4,"4,17","2,1",0,,,,,,
7/7/26,81,143,0,0,0,0,2.59,"1,2",0,0,0,0,109,20,8,5,"4,24","2,1",0,,,,,,
7/7/26,81,141,na,0,0,0,0,0,0,0,0,0,0,0,0,0,0,0,0,,,,,,
7/7/26,81,131,na,0,0,0,0,0,0,0,0,0,0,0,0,0,0,0,0,,,,,,
7/7/26,81,181,na,0,0,0,0,0,0,0,0,0,0,0,0,0,0,0,0,,,,,,
7/7/26,81,146,10.71,"1,3,4",0,0,0,0,0,0,0,0,38,22,1,0,7,1,0,,,,,,
7/7/26,88,25,0,0,0,0,0,0,0,0,0,0,32,17,2,0,"4,4","2,1",0,,,,,,
7/7/26,88,41,0,0,0,0,0,0,0,0,0,0,37,20,1,0,8,1,0,,,,,,
7/7/26,88,294,0,0,1.52,2,0,0,0,0,0,0,49,19,1,1,12,1,0,,,,,,
7/7/26,88,29,0,0,0,0,0,0,0,0,0,0,39,16,1,0,8,1,0,,,,,,
7/7/26,88,19,0,0,0.62,2,0.12,1,0,0,0,0,35,15,1,1,10,1,0,,,,,,
7/7/26,88,932,0,0,0,0,0,0,0,0,0,0,27,13,0,1,4,1,0,,,,,,
7/7/26,88,443,0,0,0,0,0,0,0,0,0,0,31,16,0,1,10,1,0,,,,,,
7/7/26,88,412,5.6,1,0,0,0,0,0,0,0,0,34,6,1,1,8,1,0,,,,,,
7/7/26,88,32,0,0,0,0,0,0,0,0,0,0,46,11,1,1,10,1,0,,,,,,
7/7/26,88,157,0,0,0.83,2,0,0,0,0,0,0,31,19,1,1,6,2,0,,,,,,
7/7/26,88,602,0,0,0,0,0,0,0,0,0,0,51,20,2,1,"6,6","2,1",0,,,,,,
7/7/26,88,30,0,0,0,0,0,0,0,0,0,0,35,11,1,1,8,1,0,,,,,,
7/7/26,88,617,0,0,0,0,4.28,1,0,0,0,0,27,14,0,1,4,1,0,,,,,,
7/7/26,88,430,0,0,1,"3,4,5",0,0,0,0,0,0,95,29,2,2,8,1,0,,,,,,
7/7/26,88,762,0,0,0.62,3,0,0,0,0,0,0,81,21,2,1,12,1,0,,,,,,
7/7/26,49,652,na,0,0,0,0,0,0,0,0,0,0,0,0,0,0,0,0,,,,,,
7/7/26,49,92,0,0,0,0,1.67,"1,2","1,0.62",2,0,0,98,30,4,2,10,1,0,,,,,,
7/7/26,49,95,0,0,0,0,0,5,"2,3",0,0,0,42,21,1,1,4,2,0,,,,,,
7/7/26,49,64,dead,0,0,0,0,0,0,0,0,0,0,0,0,0,0,0,0,,,,,,
7/7/26,49,1,0,0,0,0,0,0,0,0,0,0,41,11,0,1,0,0,0,,,,,,
7/7/26,49,298,0,0,0,0,0.62,2,0,0,0,0,32,25,1,2,"4,8","2,1",0,,,,,,
7/7/26,49,86,0,0,0,0,6.25,"1,2,3",0,0,0,0,85,40,6,3,4,1,0,,,,,,
7/7/26,49,8,0,0,0,0,2.5,2,0,0,0,0,110,32,10,2,8,1,0,,,,,,
7/7/26,49,97,0,0,0,0,4.28,"2,3",0,0,0,0,51,17,2,0,6,1,0,,,,,,
7/7/26,49,25,0,0,0.5,2,2.5,"2,3",0,0,0,0,93,25,0,0,13,1,0,,,,,,
7/7/26,49,211,0,0,0,0,3.89,"2,3,4",0,0,0,0,61,21,3,1,6,1,0,,,,,,
7/7/26,49,282,0,0,0,0,0.28,2,0,0,0,0,24,15,1,0,4,1,0,,,,,,
7/7/26,49,231,0,0,0,0,4.16,"2,3",0,0,0,0,30,15,2,0,4,2,0,,,,,,
7/7/26,49,17,0,0,0,0,3.12,"1,2,3",0,0,0,0,54,13,1,1,6,1,0,,,,,,
7/7/26,49,278,0,0,0,0,0,0,0,0,0,0,47,29,1,1,8,1,0,,,,,,
7/7/26,637,20,0,0,0,0,0.56,2,0,0,0,0,24,20,1,2,"4,6","2,1",0,,,,,,
7/7/26,637,218,0,0,0.2,3,0.8,"1,2",0,0,0,0,52,19,5,3,14,1,0,,,,,,
7/7/26,637,14,0,0,0,0,0,0,0,0,0,0,29,11,1,2,2,1,0,,,,,,
7/7/26,637,42,0,0,0,0,0,0,0,0,0,0,34,13,2,2,10,1,0,,,,,,
7/7/26,637,15,0,0,0,0,0,0,0,0,0,0,30,9,2,3,"4,5","2,1",0,,,,,,
7/7/26,637,12,0,0,0,0,0,0,0,0,0,0,41,20,2,3,8,1,0,,,,,,
7/7/26,637,22,0,0,0,0,1,1,0,0,0,0,34,19,1,2,"2,12","2,1",0,,,,,,
7/7/26,637,465,0,0,0,0,0,0,0,0,0,0,39,22,1,3,12,1,0,,,,,,
7/7/26,637,4,0,0,0,0,0,0,0,0,0,0,32,15,1,2,"4,8","2,1",0,,,,,,
7/7/26,637,8,0,0,0,0,0,0,0,0,0,0,45,21,2,2,8,1,0,,,,,,
7/7/26,637,480,0,0,0,0,0,0,0,0,0,0,20,4,1,1,0,0,0,,,,,,
7/7/26,637,31,0,0,0,0,0,0,0,0,0,0,35,7,0,1,0,0,0,,,,,,
7/7/26,637,21,5,3,0,0,0,0,0,0,0,0,36,19,4,3,16,1,0,,,,,,
7/7/26,637,696,0,0,0,0,0,0,0,0,0,0,73,18,1,3,"2,10","2,1",0,,,,,,
7/17/26,642,658,dead,0,0,0,0,0,0,0,0,0,0,0,0,0,0,0,0,,,,,,
7/17/26,642,700,dead,0,0,0,0,0,0,0,0,0,0,0,0,0,0,0,0,,,,,,
7/17/26,642,617,dead,0,0,0,0,0,0,0,0,0,0,0,0,0,0,0,0,,,,,,
7/17/26,642,654,dead,0,0,0,0,0,0,0,0,0,0,0,0,0,0,0,0,,,,,,
7/17/26,642,655,dead,0,0,0,0,0,0,0,0,0,0,0,0,0,0,0,0,,,,,,
7/17/26,642,669,dead,0,0,0,0,0,0,0,0,0,0,0,0,1,0,0,0,,,,,,
7/17/26,642,694,dead,0,0,0,0,0,0,0,0,0,0,0,0,0,0,0,0,,,,,,
7/17/26,642,659,dead,0,0,0,0,0,0,0,0,0,0,0,0,0,0,0,0,,,,,,
7/17/26,642,608,dead,0,0,0,0,0,0,0,0,0,0,0,0,0,0,0,0,,,,,,
7/17/26,642,653,dead,0,0,0,0,0,0,0,0,0,0,0,0,0,0,0,0,,,,,,
7/17/26,642,697,dead,0,0,0,0,0,0,0,0,0,0,0,0,0,0,0,0,,,,,,
7/17/26,642,647,dead,0,0,0,0,0,0,0,0,0,0,0,0,2,0,0,0,,,,,,
7/17/26,642,581,dead,0,0,0,0,0,0,0,0,0,0,0,0,0,0,0,0,,,,,,
7/17/26,629,624,dead,0,0,0,0,0,0,0,0,0,0,0,0,0,0,0,0,,,,,,
7/17/26,629,650,dead,0,0,0,0,0,0,0,0,0,0,0,0,2,0,0,0,,,,,,
7/17/26,629,606,dead,0,0,0,0,0,0,0,0,0,0,0,0,0,0,0,0,,,,,,
7/17/26,629,696,0,0,0,0,0,0,0,0,0,0,18,0,0,1,0,0,0,,,,,,
7/17/26,629,633,dead,0,0,0,0,0,0,0,0,0,0,0,0,3,0,0,0,,,,,,
7/17/26,629,662,dead,0,0,0,0,0,0,0,0,0,0,0,0,3,0,0,3,,,,,,
7/17/26,629,642,na,0,0,0,0,0,0,0,0,0,0,0,0,0,0,0,0,,,,,,
7/17/26,629,604,dead,0,0,0,0,0,0,0,0,0,0,0,0,0,0,0,0,,,,,,
7/17/26,634,668,dead,0,0,0,0,0,0,0,0,0,0,0,0,4,0,0,0,,,,,,
7/17/26,634,675,0,0,0,0,0,0,0,0,0,0,54,0,0,2,0,0,0,,,,,,
7/17/26,634,667,dead,0,0,0,0,0,0,0,0,0,0,0,0,1,0,0,0,,,,,,
7/17/26,634,692,0,0,0,0,0,0,0,0,0,0,82,0,0,7,0,0,0,,,,,,
7/17/26,634,689,dead,0,0,0,0,0,0,0,0,0,0,0,0,0,0,0,0,,,,,,
7/17/26,634,693,dead,0,0,0,0,0,0,0,0,0,0,0,0,1,0,0,0,,,,,,
7/17/26,634,682,0,0,0,0,0,0,0,0,0,0,54,0,0,1,0,0,0,,,,,,
7/17/26,634,646,0,0,0,0,0,0,0,0,0,0,74,0,0,8,0,0,0,,,,,,
7/17/26,634,662,2.5,3,0,0,2.1,"4,5",0,0,0,0,66,8,0,8,6,1,2,,,,,,
7/17/26,634,621,na,0,0,0,0,0,0,0,0,0,0,0,0,0,0,0,0,,,,,,
7/17/26,634,55,na,0,0,0,0,0,0,0,0,0,0,0,0,0,0,0,0,,,,,,
7/17/26,634,681,dead,0,0,0,0,0,0,0,0,0,0,0,0,0,0,0,0,,,,,,
7/17/26,634,690,0,0,0,0,0.625,3,0,0,0,0,0,0,0,3,2,1,0,,,,,,
4/10/26,813,950,0,0,0,0,10,1,0,0,0,0,9,2,0,0,0,0,0,,,,,,
4/10/26,813,859,0,0,0,0,0,0,0,0,0,0,8,2,0,0,0,0,0,,,,,,
4/10/26,813,922,0,0,0,0,0,0,0,0,0,0,15,7,0,0,0,0,0,,,,,,
4/10/26,813,618,5,1,0,0,0,0,0,0,0,0,6,2,0,0,0,0,0,,,,,,
4/10/26,813,422,5,1,0,0,0,0,0,0,0,0,6,2,0,0,0,0,0,,,,,,
4/10/26,813,437,0,0,0,0,0,0,0,0,0,0,2,2,0,0,0,0,0,,,,,,
4/10/26,813,258,0,0,0,0,30,1,0,0,0,0,2,2,0,0,0,0,0,,,,,,
4/10/26,813,490,60,1,0,0,0,0,0,0,0,0,7,2,0,0,0,0,0,,,,,,
4/10/26,813,942,70,1,0,0,0,0,0,0,0,0,7,2,0,0,0,0,0,,,,,,
4/10/26,813,179,0,0,0,0,0,0,0,0,0,0,7,2,0,0,0,0,0,,,,,,
4/10/26,838,430,0,0,0,0,2,1,0,0,0,0,10,6,0,0,0,0,0,,,,,,
4/10/26,838,231,0,0,0,0,0,0,0,0,"1, 40",1,8,6,0,0,0,0,0,,,,,,
4/10/26,838,185,5,1,0,0,0,0,0,0,0,0,8,6,0,0,0,0,0,,,,,,
4/10/26,838,278,0,0,0,0,0,0,0,0,0,0,10,10,0,0,0,0,0,,,,,,
4/10/26,838,248,0,0,0,0,0,0,0,0,0,0,10,8,0,0,0,0,0,,,,,,
4/10/26,838,617,20,1,0,0,0,0,0,0,0,0,10,10,0,0,0,0,0,,,,,,
4/10/26,838,762,0,0,0,0,5,1,0,0,0,0,8,10,0,0,0,0,0,,,,,,
4/10/26,838,412,0,0,0,0,0,0,0,0,0,0,18,12,0,0,0,0,0,,,,,,
4/10/26,838,298,40,1,0,0,0,0,0,0,0,0,10,6,0,0,0,0,0,,,,,,
4/10/26,838,602,32.5,"1,2,3",0,0,0,0,0,0,0,0,30,22,0,0,0,0,0,,,,,,
4/10/26,794,897,0,0,0,0,0,0,0,0,0,0,20,13,0,0,0,0,0,,,,,,
4/10/26,794,958,0,0,0,0,0,0,0,0,0,0,10,15,0,0,0,0,0,,,,,,
4/10/26,794,895,7.5,"1,2",0,0,2,1,0,0,0,0,10,15,0,0,0,0,0,,,,,,
4/10/26,794,218,0,0,0,0,0,0,0,0,0,0,8,4,0,0,0,0,0,,,,,,
4/10/26,794,161,0,0,0,0,0,0,0,0,0,0,15,10,0,0,0,0,0,,,,,,
4/10/26,794,282,5,1,0,0,0,0,0,0,0,0,6,10,0,0,0,0,0,,,,,,
4/10/26,794,932,0,0,0,0,0,0,0,0,0,0,6,6,0,0,0,0,0,,,,,,
4/10/26,794,696,0,0,0,0,0,0,0,0,0,0,4,4,0,0,0,0,0,,,,,,
4/10/26,794,423,0,0,0,0,0,0,0,0,0,0,15,10,0,0,0,0,0,,,,,,
4/10/26,794,682,0,0,0,0,0,0,0,0,0,0,15,8,0,0,0,0,0,,,,,,
4/10/26,71,889,0,0,0,0,0,0,0,0,0,0,15,10,0,0,0,0,0,,,,,,
4/10/26,71,899,0,0,0,0,0,0,0,0,0,0,6,6,0,0,0,0,0,,,,,,
4/10/26,71,64,0,0,0,0,5,"1,2",0,0,0,0,21,10,0,0,0,0,0,,,,,,
4/10/26,71,961,0,0,0,0,0,0,0,0,0,0,18,10,0,0,0,0,0,,,,,,
4/10/26,71,812,0,0,0,0,5,1,0,0,0,0,20,10,0,0,0,0,0,,,,,,
4/10/26,71,810,0,0,0,0,0,0,0,0,0,0,33,10,0,0,0,0,0,,,,,,
4/10/26,71,811,0,0,0,0,0,0,0,0,0,0,15,8,0,0,0,0,0,,,,,,
4/10/26,71,894,0,0,0,0,0,0,0,0,0,0,12,8,0,0,0,0,0,,,,,,
4/10/26,71,869,0,0,0,0,0,0,0,0,0,0,12,8,0,0,0,0,0,,,,,,
4/10/26,71,896,50,1,0,0,0,0,0,0,0,0,8,4,0,0,0,0,0,,,,,,
4/10/26,893,892,0,0,0,0,0,0,0,0,0,0,10,4,0,0,0,0,0,,,,,,
4/10/26,893,66,0,0,0,0,0,0,0,0,0,0,10,6,0,0,0,0,0,,,,,,
4/10/26,893,283,50,"1,2",0,0,0,0,0,0,0,0,8,6,0,0,0,0,0,,,,,,
4/10/26,893,870,0,0,0,0,0,0,0,0,0,0,10,6,0,0,0,0,0,,,,,,
4/10/26,893,982,0,0,0,0,0,0,0,0,0,0,18,15,0,0,0,0,0,,,,,,
4/10/26,893,75,0,0,0,0,0,0,0,0,0,0,8,6,0,0,0,0,0,,,,,,
4/10/26,893,74,0,0,0,0,2,1,0,0,0,0,8,6,0,0,0,0,0,,,,,,
4/10/26,893,890,10,1,0,0,0,0,0,0,0,0,8,6,0,0,0,0,0,,,,,,
4/10/26,893,72,0,0,0,0,0,0,0,0,0,0,8,4,0,0,0,0,0,,,,,,
4/10/26,893,73,0,0,0,0,0,0,0,0,0,0,6,4,0,0,0,0,0,,,,,,
4/10/26,891,849,0,0,0,0,0,0,0,0,0,0,6,4,0,0,0,0,0,,,,,,
4/10/26,891,857,0,0,0,0,0,0,1,1,0,0,6,4,0,0,0,0,0,,,,,,
4/10/26,891,65,0,0,0,0,0,0,0,0,0,0,10,6,0,0,0,0,0,,,,,,
4/10/26,891,777,0,0,0,0,0,0,1,1,0,0,10,8,0,0,0,0,0,,,,,,
4/10/26,891,901,0,0,0,0,0,0,0,0,0,0,10,8,0,0,0,0,0,,,,,,
4/10/26,891,461,0,0,0,0,0,0,0,0,0,0,10,10,0,0,0,0,0,,,,,,
4/10/26,891,900,0,0,0,0,0,0,0,0,0,0,14,10,0,0,0,0,0,,,,,,
4/10/26,891,919,0,0,0,0,0,0,0,0,0,0,6,4,0,0,0,0,0,,,,,,
4/10/26,891,477,0,0,0,0,0,0,0,0,0,0,8,4,0,0,0,0,0,,,,,,
4/10/26,891,920,7.5,1,0,0,0,0,0,0,0,0,8,4,0,0,0,0,0,,,,,,
4/20/26,96,160,0,0,0,0,0,0,0,0,0,0,15,9,0,0,0,0,0,,,,,,
4/20/26,96,837,0,0,0,0,0,0,"2,40",1,0,0,10,8,0,0,0,0,0,,,,,,
4/20/26,96,151,0,0,0,0,0,0,0,0,0,0,22,10,0,0,0,0,0,,,,,,
4/20/26,96,154,0,0,0,0,5,1,0,0,0,0,10,8,0,0,0,0,0,,,,,,
4/20/26,96,162,13,"2,3",0,0,0,0,0,0,0,0,18,10,0,0,2,1,0,,,,,,
4/20/26,96,157,0,0,0.5,1,0,0,0,0,0,0,35,16,0,0,4,1,0,,,,,,
4/20/26,96,153,8.3,2,0,0,0,0,"1, 26",1,0,0,20,10,0,0,2,1,0,,,,,,
4/20/26,96,176,0,0,0,0,0,0,"1,25",1,0,0,12,8,0,0,0,0,0,,,,,,
4/20/26,96,108,0,0,0,0,0,0,"1,11",1,0,0,16,12,0,0,2,1,0,,,,,,
4/20/26,96,173,0,0,0,0,1,1,"1,16",1,0,0,24,16,0,0,2,1,0,,,,,,
4/20/26,96,177,0,0,0,0,0,0,0,0,0,0,6,6,0,0,0,0,0,,,,,,
4/20/26,96,139,0,0,0,0,3,1,0,0,0,0,20,12,0,0,0,0,0,,,,,,
4/20/26,96,179,1.25,3,0,0,0,0,0,0,0,0,12,8,0,0,0,0,0,,,,,,
4/20/26,96,119,0,0,3.3,2,0,0,0,0,0,0,22,16,0,0,2,1,0,,,,,,
4/20/26,96,180,0,0,0,0,0,0,0,0,0,0,8,6,0,0,0,0,0,,,,,,
4/20/26,38,167,0,0,2,1,2,2,0,0,0,0,18,12,0,0,0,0,0,,,,,,
4/20/26,38,150,0,0,2,1,2,1,0,0,"1,2",2,16,12,0,0,2,1,0,,,,,,
4/20/26,38,174,40,2,0,0,0,0,"1,10",1,0,0,12,10,0,0,0,0,0,,,,,,
4/20/26,38,158,20,2,0,0,0,0,"1,4",1,0,0,18,12,0,0,0,0,0,,,,,,
4/20/26,38,146,12.5,2,0,0,0,0,0,0,0,0,10,8,0,0,0,0,0,,,,,,
4/20/26,38,102,0,0,0,0,0,0,0,0,0,0,10,8,0,0,0,0,0,,,,,,
4/20/26,38,172,5,3,0.8,1,0.8,3,"1,6.6",1,0,0,22,12,0,0,0,0,0,,,,,,
4/20/26,38,120,3.8,3,0,0,11.4,1,0,0,0,0,20,18,0,0,0,0,0,,,,,,
4/20/26,38,178,20,"1,2",0,0,0,0,0,0,0,0,12,4,0,0,0,0,0,,,,,,
4/20/26,38,170,0.8,2,0,0,4.1,"1,2",0,0,0,0,14,8,0,0,0,0,0,,,,,,
4/20/26,38,155,0,0,0,0,3.3,2,0,0,0,0,18,14,0,0,0,0,0,,,,,,
4/20/26,38,133,1.6,3,0,0,1.6,1,0,0,0,0,24,16,0,0,0,0,0,,,,,,
4/20/26,38,112,16.6,1,0,0,0,0,0,0,0,0,32,18,0,0,4,1,0,,,,,,
4/20/26,38,138,0.8,2,0.8,"1,2",0.8,1,"1,1.6",2,"1,1.6",2,18,12,0,0,2,1,0,,,,,,
4/20/26,38,156,0,0,0,0,0,0,0,0,0,0,10,8,0,0,0,0,0,,,,,,
4/20/26,94,122,18.3,2,0,0,15,1,0,0,0,0,12,8,0,0,0,0,0,,,,,,
4/20/26,94,104,10,"1,2",0,0,0,0,0,0,0,0,12,8,0,0,0,0,0,,,,,,
4/20/26,94,152,0,0,0,0,0,0,0,0,0,0,10,6,0,0,0,0,0,,,,,,
4/20/26,94,109,0,0,0,0,0,0,0,0,0,0,12,6,0,0,0,0,0,,,,,,
4/20/26,94,115,5,"2,3",0,0,10.8,"1,3",0,0,0,0,16,10,0,0,0,0,0,,,,,,
4/20/26,94,117,5,"1,2",0,0,0,0,0,0,0,0,10,6,0,0,0,0,0,,,,,,
4/20/26,94,127,0,0,0,0,0,0,0,0,0,0,12,6,0,0,0,0,0,,,,,,
4/20/26,94,130,3.3,2,0,0,3.3,1,0,0,0,0,12,6,0,0,0,0,0,,,,,,
4/20/26,94,124,33.3,2,0,0,6.6,1,0,0,0,0,12,6,0,0,0,0,0,,,,,,
4/20/26,94,167,25,1,0,0,0,0,0,0,0,0,10,6,0,0,0,0,0,,,,,,
4/20/26,94,175,6.6,2,0,0,0,0,0,0,0,0,10,6,0,0,0,0,0,,,,,,
4/20/26,94,161,18.6,"1,2,3",2,1,0,0,0,0,0,0,24,18,1,0,0,0,0,,,,,,
4/20/26,94,128,2.5,1,0,0,0,0,0,0,0,0,10,6,0,0,0,0,0,,,,,,
4/20/26,94,142,32,"1,2",0,0,0,0,0,0,0,0,22,10,0,0,0,0,0,,,,,,
4/20/26,94,129,0,0,1,1,0,0,0,0,0,0,10,6,0,0,0,0,0,,,,,,
4/20/26,76,132,0,0,0,0,0,0,0,0,0,0,45,20,0,2,1,0,0,,,,,,
4/20/26,76,165,0,0,0,0,0,0,0,0,0,0,12,6,0,0,0,0,0,,,,,,
4/20/26,76,108,0,0,0,0,0,0,0,0,0,0,14,10,0,0,0,0,0,,,,,,
4/20/26,76,144,0,0,0,0,0,0,0,0,0,0,22,10,0,0,0,0,0,,,,,,
4/20/26,76,143,0,0,2,1,0,0,0,0,0,0,22,14,0,0,0,0,0,,,,,,
4/20/26,76,136,0,0,0,0,0,0,0,0,0,0,24,12,0,0,0,0,0,,,,,,
4/20/26,76,146,0,0,0,0,0,0,0,0,0,0,30,18,0,0,0,0,0,,,,,,
4/20/26,76,137,0,0,2,1,0,0,0,0,0,0,18,12,0,0,0,0,0,,,,,,
4/20/26,76,141,0.5,1,0,0,0,0,0,0,0,0,14,10,0,0,0,0,0,,,,,,
4/20/26,76,135,0,0,0,0,0,0,0,0,0,0,24,14,0,2,1,0,0,,,,,,
4/20/26,76,131,0,0,0,0,0,0,0,0,0,0,12,10,0,0,0,0,0,,,,,,
4/20/26,76,123,20,1,2,2,0,0,0,0,0,0,24,18,0,2,1,0,0,,,,,,
4/20/26,76,113,0,0,0,0,0,0,0,0,0,0,14,8,0,0,0,0,0,,,,,,
4/20/26,76,106,0,0,0,0,0,0,0,0,0,0,18,8,0,0,0,0,0,,,,,,
4/20/26,76,958,0,0,2,1,0,0,0,0,0,0,22,16,0,0,0,0,0,,,,,,
4/20/26,80,126,0,0,0,0,0,0,0,0,0,0,18,10,0,0,0,0,0,,,,,,
4/20/26,80,105,0,0,0,0,0,0,0,0,0,0,8,6,0,0,0,0,0,,,,,,
4/20/26,80,100,0,0,0,0,0,0,0,0,0,0,12,8,0,0,0,0,0,,,,,,
4/20/26,80,118,0,0,0,0,1.25,1,0,0,0,0,18,12,0,0,0,0,0,,,,,,
4/20/26,80,125,18.75,1,0,0,0,0,0,0,0,0,18,12,0,0,0,0,0,,,,,,
4/20/26,80,763,0,0,0,0,0,0,0,0,0,0,10,6,0,0,0,0,0,,,,,,
4/20/26,80,121,0,0,0,0,0,0,0,0,0,0,18,12,0,0,0,0,0,,,,,,
4/20/26,80,104,0,0,0,0,0,0,0,0,0,0,20,15,0,0,0,0,0,,,,,,
4/20/26,80,110,0,0,0,0,0,0,0,0,0,0,22,16,0,0,0,0,0,,,,,,
4/20/26,80,111,0,0,0,0,0,0,0,0,0,0,10,8,0,0,0,0,0,,,,,,
4/20/26,80,912,0,0,1,1,0,0,0,0,0,0,10,8,0,0,0,0,0,,,,,,
4/20/26,80,698,0,0,0,0,0,0,0,0,0,0,12,8,0,0,0,0,0,,,,,,
4/20/26,80,101,0,0,0,0,0,0,0,0,0,0,10,10,0,0,0,0,0,,,,,,
4/20/26,80,848,0,0,0,0,0,0,0,0,0,0,18,12,0,0,0,0,0,,,,,,
4/20/26,80,145,0,0,0,0,0.25,1,0,0,0,0,14,12,0,0,0,0,0,,,,,,
4/20/26,6,166,5,2,0,0,5,1,0,0,0,0,12,10,0,0,0,0,0,,,,,,
4/20/26,6,171,0,0,0,0,0,0,0,0,0,0,10,8,0,0,0,0,0,,,,,,
4/20/26,6,134,8.3,"2,3",0,0,0,0,0,0,0,0,16,10,0,0,2,1,0,,,,,,
4/20/26,6,159,5,1,0,0,0,0,0,0,0,0,12,10,0,0,0,0,0,,,,,,
4/20/26,6,103,10,"2,3",0,0,10,1,0,0,0,0,18,10,0,0,0,0,0,,,,,,
4/20/26,6,235,5.7,"1,2",0,0,0,0,0,0,0,0,24,14,1,0,2,1,0,,,,,,
4/20/26,6,169,5,2,0,0,2.5,1,0,0,0,0,18,10,0,0,0,0,0,,,,,,
4/20/26,6,181,0,0,0,0,0,0,0,0,0,0,10,8,0,0,0,0,0,,,,,,
4/20/26,6,116,3.75,2,0,0,0,0,0,0,0,0,16,10,0,0,0,0,0,,,,,,
4/20/26,6,163,0,0,0,0,0,0,0,0,0,0,16,10,0,0,0,0,0,,,,,,
4/20/26,6,811,10,1,0,0,0,0,0,0,0,0,12,8,0,0,0,0,0,,,,,,
4/20/26,6,59,0,0,0,0,0,0,0,0,0,0,12,8,0,0,0,0,0,,,,,,
4/20/26,6,6,3.3,"1,2,3",0,0,0,0,0,0,0,0,16,10,0,0,0,0,0,,,,,,
4/20/26,6,44,0,0,0,0,0,0,0,0,0,0,8,6,0,0,0,0,0,,,,,,
4/21/26,218,204,1,1,0,0,2.5,1,0,0,0,0,12,8,0,0,0,0,0,,,,,,
4/21/26,218,205,0,0,0,0,0,0,0,0,0,0,14,8,0,0,0,0,0,,,,,,
4/21/26,218,209,0,0,0,0,0,0,0,0,0,0,15,10,0,0,0,0,0,,,,,,
4/21/26,218,207,1.6,"2,3",1,1,0,0,0,0,0,0,14,10,0,0,0,0,0,,,,,,
4/21/26,218,201,4.2,"2,3",0,0,0,0,0,0,0,0,16,10,0,0,0,0,0,,,,,,
4/21/26,218,252,1,2,2,1,0,0,0,0,0,0,14,10,0,0,0,0,0,,,,,,
4/21/26,218,208,9.2,"2,3",0,0,0,0,0,0,0,0,20,12,0,0,2,1,0,,,,,,
4/21/26,218,221,0,0,0,0,0,0,0,0,0,0,10,8,0,0,0,0,0,,,,,,
4/21/26,218,240,1,3,0,0,0.8,1,0,0,0,0,14,10,0,0,0,0,0,,,,,,
4/21/26,218,269,1.25,1,0,0,1.25,1,0,0,0,0,12,10,0,0,0,0,0,,,,,,
4/21/26,218,287,3,"1,3",0,0,0,0,0,0,0,0,22,10,0,0,0,0,0,,,,,,
4/21/26,218,220,0,0,0,0,0,0,"1,0.8",2,0,0,20,12,0,0,0,0,0,,,,,,
4/21/26,218,230,1,"2,3",1,"1,2",0,0,0,0,0,0,12,10,0,0,0,0,0,,,,,,
4/21/26,218,236,3,"2,3",0,0,1,1,0,0,0,0,14,12,0,0,0,0,0,,,,,,
4/21/26,218,237,1.25,1,0,0,1.25,1,0,0,0,0,12,8,0,0,0,0,0,,,,,,
4/21/26,240,202,0,0,0,0,0,0,0,0,0,0,12,10,0,0,0,0,0,,,,,,
4/21/26,240,213,5,2,0,0,0,0,0,0,0,0,12,10,0,0,0,0,0,,,,,,
4/21/26,240,286,0,0,10,1,0,0,0,0,0,0,8,6,0,0,0,0,0,,,,,,
4/21/26,240,211,0,0,0,0,0,0,0,0,0,0,18,12,0,0,0,0,0,,,,,,
4/21/26,240,255,0,0,0,0,0,0,0,0,0,0,16,10,0,0,0,0,0,,,,,,
4/21/26,240,216,35,"1,2",0,0,0,0,0,0,0,0,12,10,0,0,0,0,0,,,,,,
4/21/26,240,219,1,3,4,"1,2",0,0,0,0,0,0,30,14,0,0,0,0,0,,,,,,
4/21/26,240,222,0,0,5,2,1,2,0,0,0,0,12,10,0,0,0,0,0,,,,,,
4/21/26,240,280,0,0,0,0,0,0,0,0,0,0,30,12,0,0,1,1,0,,,,,,
4/21/26,240,214,0,0,0,0,0,0,0,0,0,0,12,12,0,0,0,0,0,,,,,,
4/21/26,240,270,0,0,0,0,0,0,0,0,0,0,6,6,0,0,0,0,0,,,,,,
4/21/26,240,210,0,0,0,0,0,0,0,0,0,0,18,14,0,0,0,0,0,,,,,,
4/21/26,240,256,0,0,0,0,2,1,0,0,0,0,16,8,0,0,0,0,0,,,,,,
4/21/26,240,215,0,0,0,0,0,0,0,0,0,0,22,16,0,0,2,1,0,,,,,,
4/21/26,240,265,0,0,0,0,0,0,0,0,0,0,24,16,0,0,0,0,0,,,,,,
4/21/26,227,226,0,0,0,0,0,0,0,0,0,0,12,8,0,0,0,0,0,,,,,,
4/21/26,227,203,0,0,1.6,"1,2",0,0,0,0,0,0,14,10,0,0,0,0,0,,,,,,
4/21/26,227,263,0,0,0,0,0,0,0,0,0,0,6,4,0,0,0,0,0,,,,,,
4/21/26,227,217,0,0,0,0,0,0,0,0,0,0,12,10,0,0,0,0,0,,,,,,
4/21/26,227,261,25,1,0,0,0,0,0,0,0,0,10,10,0,0,0,0,0,,,,,,
4/21/26,227,281,18.3,"1,2",0,0,0,0,0,0,0,0,10,10,0,0,0,0,0,,,,,,
4/21/26,227,248,0,0,0,0,0,0,0,0,0,0,14,10,0,0,0,0,0,,,,,,
4/21/26,227,243,0,0,0,0,0.8,1,0,0,0,0,20,14,0,0,0,0,0,,,,,,
4/21/26,227,245,0,0,0,0,0,0,0,0,0,0,10,8,0,0,0,0,0,,,,,,
4/21/26,227,296,0.8,2,0.8,2,0,0,0,0,0,0,22,12,0,0,0,0,0,,,,,,
4/21/26,227,223,0,0,0,0,0,0,0,0,0,0,10,8,0,0,0,0,0,,,,,,
4/21/26,227,249,5.8,2,0,0,3.3,1,0,0,0,0,18,14,0,0,0,0,0,,,,,,
4/21/26,227,264,0,0,6,"2,3",0,0,0,0,0,0,16,12,0,0,0,0,0,,,,,,
4/21/26,227,206,0,0,0,0,0,0,0,0,0,0,10,6,0,0,0,0,0,,,,,,
4/21/26,227,253,0,0,0,0,2.5,1,0,0,0,0,12,8,0,0,0,0,0,,,,,,
4/21/26,259,266,27,"2,3",0,0,0,0,0,0,0,0,12,8,0,0,0,0,0,,,,,,
4/21/26,259,275,0,0,0,0,0,0,0,0,0,0,10,8,0,0,0,0,0,,,,,,
4/21/26,259,246,0,0,5,1,0,0,0,0,0,0,10,8,0,0,0,0,0,,,,,,
4/21/26,259,267,33.3,1,0,0,5,1,0,0,0,0,10,8,0,0,0,0,0,,,,,,
4/21/26,259,242,0,0,25,"1,2,3",0,0,0,0,0,0,16,10,0,0,0,0,0,,,,,,
4/21/26,259,282,0,0,15,"1,2,3,4",0,0,0,0,0,0,26,20,0,0,0,0,0,,,,,,
4/21/26,259,268,0,0,25,1,0,0,0,0,0,0,10,6,0,0,0,0,0,,,,,,
4/21/26,259,300,0,0,25,"1,2,3",1,1,0,0,0,0,16,12,0,0,0,0,0,,,,,,
4/21/26,259,292,0,0,25,"1,2",0,0,0,0,0,0,12,8,0,0,0,0,0,,,,,,
4/21/26,259,291,0,0,0,0,3.3,1,0,0,0,0,12,8,0,0,0,0,0,,,,,,
4/21/26,259,288,46.6,"1,2,3",25,"1,2,3",0,0,0,0,0,0,12,8,0,0,0,0,0,,,,,,
4/21/26,259,238,0,0,20,"1,2",0,0,0,0,0,0,12,8,0,0,0,0,0,,,,,,
4/21/26,259,260,1.6,"2,3",15,"1,2,3",0,0,0,0,0,0,12,8,0,0,0,0,0,,,,,,
4/21/26,259,294,0,0,50,1,0,0,0,0,0,0,8,6,0,0,0,0,0,,,,,,
4/21/26,259,293,0,0,10,1,0,0,0,0,0,0,10,8,0,0,0,0,0,,,,,,
4/21/26,258,262,12.5,3,0,0,12.5,1,0,0,0,0,22,10,0,0,0,0,0,,,,,,
4/21/26,258,212,2.2,3,0,0,0,0,0,0,0,0,34,22,2,0,4,2,0,,,,,,
4/21/26,258,244,6.25,1,0,0,0,0,0,0,0,0,30,18,1,0,4,2,0,,,,,,
4/21/26,258,284,33.3,"1,2,3",0,0,0,0,0,0,0,0,22,14,0,0,2,1,0,,,,,,
4/21/26,258,229,5,2,0,0,10,1,0,0,0,0,12,8,0,0,0,0,0,,,,,,
4/21/26,258,233,30,"2,3",0,0,0,0,0,0,0,0,14,8,0,0,0,0,0,,,,,,
4/21/26,258,228,3.75,2,0,0,0,0,0,0,0,0,30,22,1,0,4,2,0,,,,,,
4/21/26,258,234,21.6,2,0,0,0,0,0,0,0,0,24,12,0,0,2,2,0,,,,,,
4/21/26,258,251,9.1,"1,3",0,0,0,0,0,0,0,0,20,10,0,0,0,0,0,,,,,,
4/21/26,258,232,23.75,"1,2,3,4",0,0,0,0,0,0,0,0,20,12,0,0,2,2,0,,,,,,
4/21/26,258,224,26,"2,3",0,0,8,1,0,0,0,0,20,10,0,0,2,1,0,,,,,,
4/21/26,258,254,20,1,0,0,0,0,0,0,0,0,10,8,0,0,0,0,0,,,,,,
4/21/26,258,231,11.25,"1,2",0,0,0,0,0,0,0,0,14,10,0,0,0,0,0,,,,,,
4/21/26,258,298,0,0,20,"1,2",0,0,0,0,0,0,16,10,0,0,0,0,0,,,,,,
4/21/26,258,241,20,"1,2,3",0,0,0,0,0,0,0,0,20,10,0,0,2,1,0,,,,,,
4/21/26,285,276,50,1,0,0,0,0,0,0,0,0,8,6,0,0,0,0,0,,,,,,
4/21/26,285,272,43,"1,2,3",0,0,0.8,2,0,0,0,0,24,16,0,0,2,2,0,,,,,,
4/21/26,285,200,26.6,na,0,0,0,0,0,0,0,0,18,10,0,0,0,0,0,,,,,,
4/21/26,285,234,5,"2,3",0,0,1.6,1,0,0,0,0,18,12,0,0,0,0,0,,,,,,
4/21/26,285,273,4.2,"2,3",0,0,10,1,0,0,0,0,18,12,0,0,2,2,0,,,,,,
4/21/26,285,247,11.8,"1,2,3",0,0,0,0,0,0,0,0,20,12,0,0,0,0,0,,,,,,
4/21/26,285,239,37.5,"1,2,3,4",0,0,1.25,1,0,0,0,0,28,16,1,0,1,1,0,,,,,,
4/21/26,285,235,25,1,0,0,0,0,0,0,0,0,10,8,0,0,0,0,0,,,,,,
4/21/26,285,283,13,"2,3",0,0,1,3,0,0,0,0,14,10,0,0,0,0,0,,,,,,
4/21/26,285,250,37.5,"1,2,3,4",0,0,0,0,0,0,0,0,28,18,1,0,2,2,0,,,,,,
4/21/26,285,277,5,"2,3",0,0,0,0,0,0,0,0,22,12,0,0,0,0,0,,,,,,
4/21/26,285,257,4.2,"1,2",0,0,0,0,0,0,0,0,16,10,0,0,0,0,0,,,,,,
4/21/26,285,299,0,0,0,0,2.5,1,0,0,0,0,8,6,0,0,0,0,0,,,,,,
4/21/26,285,295,14.2,"1,2,3",0,0,1.6,1,0,0,0,0,18,12,0,0,2,2,0,,,,,,
4/21/26,285,271,40,"1,2,3,4",0,0,3,3,0,0,0,0,34,22,0,1,0,0,0,,,,,,
4/22/26,311,289,2.5,1,0,0,0,0,0,0,0,0,12,10,0,0,0,0,0,,,,,,
4/22/26,311,305,5,"1,2,3",0,0,0,0,0,0,0,0,12,10,0,0,0,0,0,,,,,,
4/22/26,311,304,1.4,2,0,0,1.4,"2,3",0,0,0,0,16,12,0,0,2,2,0,,,,,,
4/22/26,311,361,8.3,1,0,0,0.8,1,0,0,0,0,14,12,0,0,2,1,0,,,,,,
4/22/26,311,342,0,0,0,0,5,"1,2,3",0,0,0,0,20,14,0,0,2,2,0,,,,,,
4/22/26,311,345,11,2,0,0,3,"1,2,3",0,0,0,0,20,12,0,0,2,2,0,,,,,,
4/22/26,311,313,16.6,2,0,0,0,0,0,0,0,0,12,8,0,0,2,1,0,,,,,,
4/22/26,311,318,0,0,0,0,1.6,1,0,0,0,0,8,6,0,0,0,0,0,,,,,,
4/22/26,311,308,0,0,0,0,1.3,"2,3",0,0,0,0,12,8,0,0,0,0,0,,,,,,
4/22/26,311,310,2.1,2,0,0,2.1,"1,2",0,0,0,0,20,14,1,0,2,1,0,,,,,,
4/22/26,311,325,5,3,0,0,8.6,"1,2",0,0,0,0,8,12,0,0,2,1,0,,,,,,
4/22/26,311,354,1.4,1,0,0,7.8,"1,2",0,0,0,0,12,10,0,0,2,1,0,,,,,,
4/22/26,311,316,0.63,3,0,0,0,0,0,0,0,0,20,16,0,0,2,1,0,,,,,,
4/22/26,311,314,5,"2,3",0,0,0,0,0,0,0,0,20,16,0,0,2,2,0,,,,,,
4/22/26,311,315,7,"1,2",0,0,0,0,0,0,0,0,18,14,0,0,2,1,0,,,,,,
4/22/26,319,392,0,0,0,0,0,0,0,0,0,0,12,10,0,0,0,0,0,,,,,,
4/22/26,319,323,0,0,0,0,0,0,0,0,0,0,20,18,0,0,0,0,0,,,,,,
4/22/26,319,352,0.33,2,0,0,0,0,0,0,0,0,20,18,0,0,0,0,0,,,,,,
4/22/26,319,321,0,0,0,0,0,0,0,0,0,0,4,4,0,0,0,0,0,,,,,,
4/22/26,319,324,0,0,0,0,0,0,0,0,0,0,8,6,0,0,0,0,0,,,,,,
4/22/26,319,328,1.3,1,0,0,0.8,2,0,0,0,0,10,10,0,0,0,0,0,,,,,,
4/22/26,319,340,0,0,0,0,0,0,0,0,0,0,12,8,0,0,0,0,0,,,,,,
4/22/26,319,329,0,0,0,0,0,0,0,0,0,0,14,10,0,0,0,0,0,,,,,,
4/22/26,319,331,0,0,0,0,5,1,0,0,0,0,12,8,0,0,0,0,0,,,,,,
4/22/26,319,349,0,0,0,0,0,0,0,0,0,0,12,10,0,0,0,0,0,,,,,,
4/22/26,319,322,1,2,0,0,2,1,0,0,0,0,12,10,0,0,0,0,0,,,,,,
4/22/26,319,338,25,"1,2",0,0,0,0,0,0,0,0,10,8,0,0,0,0,0,,,,,,
4/22/26,319,348,2.5,2,0,0,0,0,0,0,0,0,10,8,0,0,0,0,0,,,,,,
4/22/26,319,353,0,0,0,0,0.8,1,0,0,0,0,12,10,0,0,0,0,0,,,,,,
4/22/26,319,334,0,0,0,0,0,0,0,0,0,0,14,10,0,0,0,0,0,,,,,,
4/22/26,347,326,3.1,"2,3",0,0,0.63,2,0,0,0,0,24,12,1,0,4,1,0,,,,,,
4/22/26,347,317,7.5,"1,2",0,0,1.6,2,0,0,0,0,14,8,1,0,0,0,0,,,,,,
4/22/26,347,370,7.5,"1,2,3",0,0,9.2,"2,3",0,0,0,0,16,10,0,0,0,0,0,,,,,,
4/22/26,347,336,18.3,"2,3",0,0,6.6,1,0,0,0,0,10,8,0,0,0,0,0,,,,,,
4/22/26,347,357,25,1,0,0,25,1,0,0,0,0,8,6,0,0,0,0,0,,,,,,
4/22/26,347,364,1.6,2,0,0,13.3,1,0,0,0,0,10,8,0,0,0,0,0,,,,,,
4/22/26,347,335,2.5,3,0,0,6.9,"1,2,3,4",0,0,0,0,24,16,1,0,4,1,0,,,,,,
4/22/26,347,350,5.7,3,0,0,5.7,"1,2,3,4",0,0,0,0,20,10,1,0,2,1,0,,,,,,
4/22/26,347,355,8,"1,2,3,4",0,0,2.5,"1,2",0,0,0,0,22,12,0,0,"2,2","2,1",0,,,,,,
4/22/26,347,312,10.5,"1,2,3,4,5",0,0,6.1,"1,4",0,0,0,0,30,14,1,0,2,1,0,,,,,,
4/22/26,347,344,37.5,"1,2,3,4",0,0,0,0,0,0,0,0,32,20,0,0,2,2,0,,,,,,
4/22/26,347,362,2.5,1,0,0,2.5,1,0,0,0,0,10,6,0,0,0,0,0,,,,,,
4/22/26,347,365,13.1,"1,2,3,4",0,0,1.9,"1,2",0,0,0,0,18,14,1,0,2,2,0,,,,,,
4/22/26,347,333,7.5,"1,2",0,0,0,0,0,0,0,0,14,8,0,0,2,2,0,,,,,,
4/22/26,347,356,2.3,"1,2",0,0,0,0,0,0,0,0,18,16,0,0,2,2,0,,,,,,
4/22/26,320,368,3.6,3,4,"1,2,3",4.3,"1,2",0,0,0,0,18,12,0,0,0,0,0,,,,,,
4/22/26,320,372,30,"1,2,3",0,0,0,0,0,0,0,0,12,6,0,0,0,0,0,,,,,,
4/22/26,320,379,0.8,1,0,0,3.3,1,0,0,0,0,14,8,0,0,0,0,0,,,,,,
4/22/26,320,332,37.5,"1,2,3,4",0,0,0,0,0,0,0,0,12,6,0,0,0,0,0,,,,,,
4/22/26,320,389,9.3,"2,3",2,"1,2,3",0,0,0,0,0,0,24,18,1,0,0,0,0,,,,,,
4/22/26,320,290,0,0,4.2,2,0,0,0,0,0,0,30,12,0,0,0,0,0,,,,,,
4/22/26,320,378,6,"1,2,3",2,1,6,"1,2,3",0,0,0,0,16,10,0,0,0,0,0,,,,,,
4/22/26,320,373,26,"1,2,3",0,0,0,0,0,0,0,0,16,10,0,0,0,0,0,,,,,,
4/22/26,320,390,26,"1,2,3",0,0,0,0,0,0,0,0,20,12,0,0,0,0,0,,,,,,
4/22/26,320,360,2.5,"2,3",5,"1,2,3",0,0,0,0,0,0,18,12,0,0,0,0,0,,,,,,
4/22/26,320,384,33.3,"1,2",0,0,0,0,0,0,0,0,18,12,0,0,0,0,0,,,,,,
4/22/26,320,367,58.3,"1,2,3",0,0,0,0,0,0,0,0,22,8,0,0,0,0,0,,,,,,
4/22/26,320,343,36.6,"1,2,3",0,0,0,0,0,0,0,0,18,10,0,0,0,0,0,,,,,,
4/22/26,320,327,15,"1,2,3,4",0,0,5,"2,3",0,0,0,0,24,14,0,1,0,0,0,,,,,,
4/22/26,320,306,26.6,"1,2,3",0,0,0,0,0,0,0,0,20,12,0,0,0,0,0,,,,,,
4/22/26,302,307,10,1,0,0,0,0,0,0,0,0,6,6,0,0,0,0,0,,,,,,
4/22/26,302,346,25,1,0,0,0,0,0,0,0,0,10,6,0,0,0,0,0,,,,,,
4/22/26,302,380,0,0,0,0,8.3,1,0,0,0,0,10,8,0,0,0,0,0,,,,,,
4/22/26,302,341,0,0,0,0,0.8,1,0,0,0,0,14,10,0,0,0,0,0,,,,,,
4/22/26,302,297,0,0,0,0,0,0,0,0,0,0,14,12,0,0,0,0,0,,,,,,
4/22/26,302,337,0,0,5,1,0,0,0,0,0,0,12,8,0,0,0,0,0,,,,,,
4/22/26,302,396,11.6,"2,3",0,0,0,0,0,0,0,0,14,10,0,0,0,0,0,,,,,,
4/22/26,302,309,8.3,1,1,2,0,0,0,0,0,0,10,10,0,0,0,0,0,,,,,,
4/22/26,302,395,0,0,50,"1,2",0,0,0,0,0,0,6,6,0,0,0,0,0,,,,,,
4/22/26,302,393,0,0,6.25,1,0,0,0,0,0,0,12,10,0,0,0,0,0,,,,,,
4/22/26,302,273,0,0,50,"1,2",0,0,0,0,0,0,10,8,0,0,0,0,0,,,,,,
4/22/26,302,274,0,0,5,"1,2",0,0,0,0,0,0,8,6,0,0,0,0,0,,,,,,
4/22/26,302,225,0,0,0,0,0,0,0,0,0,0,10,8,0,0,0,0,0,,,,,,
4/22/26,302,391,0,0,5,"1,2",0,0,0,0,0,0,10,8,0,0,0,0,0,,,,,,
4/22/26,302,399,0,0,0,0,0,0,0,0,0,0,6,6,0,0,0,0,0,,,,,,
4/22/26,387,383,14,"1,2,3",0,0,0,0,0,0,0,0,26,14,1,0,0,0,0,,,,,,
4/22/26,387,377,10,"1,2,3,4,5,6",0,0,2.75,"1,2,3,4,5,6",0,0,0,0,44,20,3,2,0,0,0,,,,,,
4/22/26,387,394,18,"1,2,3,4",0,0,6.5,1,0,0,0,0,20,20,0,0,0,0,0,,,,,,
4/22/26,387,400,17.7,"1,2,3,4",0,0,5.5,"1,4",0,0,0,0,24,18,1,1,0,0,0,,,,,,
4/22/26,387,363,25,"1,2,3,4",0,0,1,2,0,0,0,0,22,14,0,1,0,0,0,,,,,,
4/22/26,387,271,20,"1,2,3,4,5",0,0,1.5,"2,3",0,0,0,0,26,16,2,0,0,0,0,,,,,,
4/22/26,387,375,34,"1,2,3,4,5",0,0,5,"1,2,3,4,5","1,1",3,0,0,22,14,0,0,0,0,0,,,,,,
4/22/26,387,369,11.4,"1,2,3,4,5",0,0,0,0,0,0,0,0,26,16,0,0,0,0,0,,,,,,
4/22/26,387,385,3,3,0,0,4,"1,2,3,4",0,0,0,0,22,18,1,0,0,0,0,,,,,,
4/22/26,387,376,12.9,"1,2,3,4",0,0,7.1,"2,3",0,0,0,0,28,22,1,0,2,1,0,,,,,,
4/22/26,387,388,10,"2,3,4",0,0,6.4,"2,3,4",0,0,0,0,40,18,0,0,0,0,0,,,,,,
4/22/26,387,351,20,"1,2,3,4",0,0,20,"1,2,3,4",0,0,0,0,28,18,0,1,0,0,0,,,,,,
4/22/26,387,339,1.2,"1,2",0,0,0.8,"1,2",0,0,0,0,12,10,0,0,0,0,0,,,,,,
4/22/26,387,386,14,"1,2,3,4,5",0,0,3,"2,3,4",0,0,0,0,32,18,1,1,0,0,0,,,,,,
4/22/26,387,330,12.7,"1,2,3,4,5",0,0,27,"2,3,4,5",0,0,0,0,36,22,2,2,2,1,0,,,,,,
4/30/26,71,89,0,0,0,0,0,0,"1,2.2",1,0,0,24,10,0,0,0,0,0,,,,,,
4/30/26,71,22,0,0,0,0,0,0,"1,3.6",2,0,0,32,14,0,0,0,0,0,,,,,,
4/30/26,71,889,0,0,0,0,0,0,0,0,0,0,18,12,0,0,0,0,0,,,,,,
4/30/26,71,894,0,0,0,0,0,0,0,0,0,0,14,10,0,0,0,0,0,,,,,,
4/30/26,71,899,0,0,0,0,0,0,0,0,0,0,10,8,0,0,0,0,0,,,,,,
4/30/26,71,896,0,0,0,0,0,0,0,0,0,0,12,8,0,0,0,0,0,,,,,,
4/30/26,71,64,0,0,0,0,0,0,0,0,0,0,32,18,0,0,0,0,0,,,,,,
4/30/26,71,812,0,0,0,0,0,0,0,0,0,0,40,22,0,0,0,0,0,,,,,,
4/30/26,71,69,0,0,0,0,0,0,0,0,0,0,30,18,0,0,0,0,0,,,,,,
4/30/26,71,961,0,0,0,0,0,0,0,0,0,0,26,14,0,0,0,0,0,,,,,,
4/30/26,71,11,0,0,0,0,0,0,"2,3.75",1,0,0,16,10,0,0,0,0,0,,,,,,
4/30/26,71,809,0,0,0,0,0,0,0,0,0,0,20,14,0,0,0,0,0,,,,,,
4/30/26,71,810,0,0,0,0,0.8,1,0,0,0,0,26,14,0,0,0,0,0,,,,,,
4/30/26,71,8,0,0,0,0,5,1,0,0,0,0,16,10,0,0,0,0,0,,,,,,
4/30/26,71,811,0,0,0,0,0.8,2,"1,3.3",2,0,0,18,12,0,0,0,0,0,,,,,,
4/30/26,893,890,0,0,0,0,0,0,0,0,0,0,16,10,0,0,0,0,0,,,,,,
4/30/26,893,74,0,0,0,0,35,"1,2",0,0,0,0,12,10,0,0,0,0,0,,,,,,
4/30/26,893,72,0,0,0,0,0,0,0,0,0,0,12,10,0,0,0,0,0,,,,,,
4/30/26,893,73,0,0,0,0,0,0,0,0,0,0,12,10,0,0,0,0,0,,,,,,
4/30/26,893,982,0,0,0,0,0.8,1,0,0,0,0,24,16,0,0,0,0,0,,,,,,
4/30/26,893,17,na,0,0,0,0,0,0,0,0,0,0,0,0,0,0,0,0,,,,,,
4/30/26,893,87,0,0,0,0,0,0,0,0,0,0,24,18,0,0,0,0,0,,,,,,
4/30/26,893,870,0,0,0,0,0,0,0,0,0,0,18,12,0,0,0,0,0,,,,,,
4/30/26,893,75,0,0,0,0,0,0,0,0,0,0,10,10,0,0,0,0,0,,,,,,
4/30/26,893,26,0,0,0,0,0,0,0,0,0,0,22,14,0,0,0,0,0,,,,,,
4/30/26,893,892,0,0,0,0,2.5,1,0,0,0,0,14,10,0,0,0,0,0,,,,,,
4/30/26,893,66,0,0,0,0,0,0,0,0,0,0,20,14,0,0,0,0,0,,,,,,
4/30/26,893,283,22,1,0,0,0,0,0,0,0,0,18,14,0,0,0,0,0,,,,,,
4/30/26,893,25,0,0,0,0,1,1,0,0,0,0,14,10,0,0,0,0,0,,,,,,
4/30/26,893,23,0,0,5,2,0,0,"2,1",1,0,0,12,10,0,0,0,0,0,,,,,,
4/30/26,891,97,0,0,0,0,0,0,0,0,0,0,10,10,0,0,0,0,0,,,,,,
4/30/26,891,51,0,0,0,0,0,0,0,0,0,0,14,8,0,0,0,0,0,,,,,,
4/30/26,891,857,0,0,0,0,30,1,0,0,0,0,12,10,0,0,0,0,0,,,,,,
4/30/26,891,849,0,0,0,0,1.3,1,0,0,0,0,10,8,0,0,0,0,0,,,,,,
4/30/26,891,18,0,0,0,0,0,0,0,0,0,0,18,12,0,0,0,0,0,,,,,,
4/30/26,891,12,0,0,0,0,0,0,0,0,0,0,10,8,0,0,0,0,0,,,,,,
4/30/26,891,65,0,0,0,0,0,0,0,0,0,0,18,12,0,0,0,0,0,,,,,,
4/30/26,891,477,2.5,1,0,0,0,0,0,0,0,0,14,10,0,0,0,0,0,,,,,,
4/30/26,891,977,0,0,0,0,0,0,"1,8.3",1,0,0,22,14,0,0,0,0,0,,,,,,
4/30/26,891,920,0,0,0,0,0,0,0,0,0,0,12,10,0,0,0,0,0,,,,,,
4/30/26,891,919,0,0,0,0,0,0,0,0,0,0,12,10,0,0,0,0,0,,,,,,
4/30/26,891,461,0,0,0,0,0,0,0,0,0,0,22,14,0,0,0,0,0,,,,,,
4/30/26,891,7,0,0,0,0,0,0,0,0,0,0,12,10,0,0,0,0,0,,,,,,
4/30/26,891,900,0,0,0,0,0,0,0,0,0,0,30,14,0,0,0,0,0,,,,,,
4/30/26,891,901,0,0,0,0,5,"1,2",0,0,0,0,14,10,0,0,0,0,0,,,,,,
4/30/26,813,85,3.3,1,0,0,0,0,0,0,0,0,6,4,0,0,0,0,0,,,,,,
4/30/26,813,437,0,0,0,0,0,0,0,0,0,0,10,6,0,0,0,0,0,,,,,,
4/30/26,813,258,0,0,0,0,5,1,0,0,0,0,8,8,0,0,0,0,0,,,,,,
4/30/26,813,422,0,0,0,0,0,0,0,0,0,0,10,8,0,0,0,0,0,,,,,,
4/30/26,813,942,30,1,0,0,0,0,0,0,0,0,10,6,0,0,0,0,0,,,,,,
4/30/26,813,490,30,1,0,0,0,0,0,0,0,0,10,6,0,0,0,0,0,,,,,,
4/30/26,813,83,25,1,0,0,0,0,0,0,0,0,10,6,0,0,0,0,0,,,,,,
4/30/26,813,82,75,1,0,0,0,0,0,0,0,0,10,6,0,0,0,0,0,,,,,,
4/30/26,813,179,0,0,0,0,2.5,1,0,0,0,0,10,6,0,0,0,0,0,,,,,,
4/30/26,813,859,2.5,1,0,0,0,0,0,0,0,0,10,8,0,0,0,0,0,,,,,,
4/30/26,813,950,0,0,0,0,20,1,0,0,0,0,12,8,0,0,0,0,0,,,,,,
4/30/26,813,618,0,0,0,0,1.3,1,0,0,0,0,10,8,0,0,0,0,0,,,,,,
4/30/26,813,81,0,0,0,0,0,0,0,0,0,0,10,8,0,0,0,0,0,,,,,,
4/30/26,813,84,0,0,0,0,2,1,0,0,0,0,12,8,0,0,0,0,0,,,,,,
4/30/26,813,922,0,0,0,0,1.42,1,0,0,0,0,24,16,0,0,0,0,0,,,,,,
4/30/26,838,617,dead,0,0,0,0,0,0,0,0,0,0,0,0,0,0,0,0,,,,,,
4/30/26,838,95,50,"1,2,3,4",0,0,0,0,0,0,0,0,18,6,0,0,0,0,0,,,,,,
4/30/26,838,430,3.3,3,0,0,0.8,1,0,0,0,0,16,12,0,0,0,0,0,,,,,,
4/30/26,838,86,0,0,0,0,0.3,1,0,0,0,0,16,12,0,0,0,0,0,,,,,,
4/30/26,838,94,0,0,5,1,0,0,0,0,0,0,14,10,0,0,0,0,0,,,,,,
4/30/26,838,93,0,0,2,1,0,0,0,0,0,0,12,10,0,0,0,0,0,,,,,,
4/30/26,838,231,0,0,0,0,0,0,0,0,"3,22","1,2",12,10,0,0,0,0,0,,,,,,
4/30/26,838,762,0,0,0,0,1.6,1,0,0,0,0,16,12,0,0,0,0,0,,,,,,
4/30/26,838,92,0,0,0,0,1.6,1,0,0,0,0,14,10,0,0,0,0,0,,,,,,
4/30/26,838,602,6.25,1,0,0,0,0,0,0,0,0,36,20,1,0,1,1,0,,,,,,
4/30/26,838,412,0,0,0,0,0,0,0,0,0,0,20,16,0,0,0,0,0,,,,,,
4/30/26,838,185,1.6,2,0,0,0.8,1,0,0,0,0,16,10,0,0,0,0,0,,,,,,
4/30/26,838,270,0,0,0,0,0,0,0,0,0,0,14,12,0,0,0,0,0,,,,,,
4/30/26,838,298,0,0,0,0,1.25,3,0,0,0,0,12,10,0,0,0,0,0,,,,,,
4/30/26,838,248,1.6,3,0,0,0,0,0,0,0,0,14,10,0,0,0,0,0,,,,,,
4/30/26,794,958,0,0,0,0,0,0,0,0,0,0,16,10,0,0,0,0,0,,,,,,
4/30/26,794,895,5,2,0.3,1,0,0,0,0,0,0,14,10,0,0,0,0,0,,,,,,
4/30/26,794,897,0,0,0,0,0,0,0,0,0,0,22,16,0,0,2,2,0,,,,,,
4/30/26,794,87,0,0,0,0,0,0,0,0,0,0,22,14,0,0,2,2,0,,,,,,
4/30/26,794,423,0,0,0,0,0,0,0,0,0,0,18,12,0,0,0,0,0,,,,,,
4/30/26,794,88,0,0,0,0,0.3,2,0,0,0,0,18,12,0,0,0,0,0,,,,,,
4/30/26,794,218,0,0,0,0,0,0,0,0,0,0,14,10,0,0,0,0,0,,,,,,
4/30/26,794,161,0,0,0,0,12.5,2,0,0,0,0,26,18,1,0,0,0,0,,,,,,
4/30/26,794,682,15,1,0,0,0,0,0,0,0,0,20,16,0,0,1,2,0,,,,,,
4/30/26,794,91,0,0,0.3,1,0,0,0,0,0,0,14,10,0,0,2,2,0,,,,,,
4/30/26,794,932,0,0,0,0,0,0,0,0,0,0,12,10,0,0,0,0,0,,,,,,
4/30/26,794,90,0,0,0.3,1,0,0,0,0,0,0,16,10,0,0,0,0,0,,,,,,
4/30/26,794,89,0,0,0,0,3.6,1,0,0,0,0,20,14,0,0,0,0,0,,,,,,
4/30/26,794,282,0,0,0,0,1,1,0,0,0,0,12,8,0,0,0,0,0,,,,,,
4/30/26,794,696,0,0,0,0,0,0,0,0,0,0,8,8,0,0,0,0,0,,,,,,
4/30/26,914,191,0,0,0,0,0.8,1,0,0,0,0,12,10,0,0,0,0,0,,,,,,
4/30/26,914,285,0,0,0,0,0.8,1,0,0,0,0,18,12,1,0,0,0,0,,,,,,
4/30/26,914,236,0,0,0,0,0.8,1,0,0,0,0,12,10,0,0,0,0,0,,,,,,
4/30/26,914,257,0,0,0,0,0,0,0,0,0,0,10,6,0,0,0,0,0,,,,,,
4/30/26,914,274,0,0,0,0,1.6,3,0,0,0,0,22,14,0,0,0,0,0,,,,,,
4/30/26,914,271,0,0,0,0,5,"1,2",0,0,0,0,24,14,0,0,0,0,0,,,,,,
4/30/26,914,270,20,1,0,0,0,0,0,0,0,0,18,12,0,0,0,0,0,,,,,,
4/30/26,914,225,1.6,3,0,0,0,0,0,0,0,0,20,14,1,0,0,0,0,,,,,,
4/30/26,914,876,12.5,1,0,0,0,0,0,0,0,0,42,20,0,2,0,0,0,,,,,,
4/30/26,914,207,0,0,0,0,0,0,0,0,0,0,18,12,0,0,0,0,0,,,,,,
4/30/26,945,855,0,0,0,0,0,0,"1,1.25",2,0,0,22,14,1,0,0,0,0,,,,,,
4/30/26,945,283,0,0,0,0,0,0,0,0,0,0,18,10,0,0,0,0,0,,,,,,
4/30/26,945,206,11.9,"1,2,3",0,0,0,0,0,0,0,0,18,12,1,0,0,0,0,,,,,,
4/30/26,945,243,3.3,1,0,0,0,0,0,0,0,0,12,10,0,0,0,0,0,,,,,,
4/30/26,945,294,0,0,0,0,0,0,0,0,0,0,12,8,0,0,0,0,0,,,,,,
4/30/26,945,287,1.25,2,0,0,7.5,"1,2",0,0,0,0,28,14,1,0,0,0,0,,,,,,
4/30/26,945,244,0,0,0,0,21.4,"1,2",0,0,0,0,24,14,1,0,0,0,0,,,,,,
4/30/26,945,256,0,0,0,0,0,0,0,0,0,0,20,12,1,0,0,0,0,,,,,,
4/30/26,945,208,0,0,0,0,9.4,"2,3",0,0,0,0,32,18,1,1,0,0,0,,,,,,
4/30/26,945,299,0,0,0,0,0,0,0,0,0,0,32,18,1,0,0,0,0,,,,,,
4/30/26,945,202,0,0,0,0,0,0,0,0,0,0,32,16,0,1,0,0,0,,,,,,
4/30/26,945,840,0,0,0,0,0,0,0,0,0,0,32,14,0,1,0,0,0,,,,,,
4/30/26,945,222,5,1,0,0,2.5,1,0,0,0,0,28,14,1,0,0,0,0,,,,,,
4/30/26,945,929,0,0,0.63,1,0.63,1,0,0,0,0,18,12,0,0,0,0,0,,,,,,
4/30/26,898,975,dead,0,0,0,0,0,0,0,0,0,0,0,0,0,0,0,0,,,,,,
4/30/26,898,200,0,0,0,0,0,0,0,0,0,0,12,10,0,0,0,0,0,,,,,,
4/30/26,898,221,0,0,0,0,0,0,0,0,0,0,14,10,0,0,0,0,0,,,,,,
4/30/26,898,299,0,0,0,0,0,0,0,0,0,0,16,10,0,0,0,0,0,,,,,,
4/30/26,898,282,0,0,0.3,1,0,0,0,0,0,0,16,10,0,0,0,0,0,,,,,,
4/30/26,898,104,0,0,0.3,1,0,0,0,0,0,0,14,10,0,0,0,0,0,,,,,,
4/30/26,898,297,0,0,0,0,0.8,1,0,0,0,0,18,12,1,0,0,0,0,,,,,,
4/30/26,898,202,0,0,1,1,0.8,1,0,0,0,0,14,10,1,0,0,0,0,,,,,,
4/30/26,898,233,0,0,0,0,0,0,0,0,0,0,22,14,0,1,1,1,0,,,,,,
4/30/26,898,688,0,0,0,0,0.7,1,0,0,0,0,20,14,0,1,0,0,0,,,,,,
4/30/26,898,399,20,"1,2",0,0,0,0,0,0,0,0,20,14,1,0,0,0,0,,,,,,
4/30/26,898,435,0,0,0,0,0,0,0,0,0,0,22,14,0,1,0,0,0,,,,,,
5/6/26,94,161,10,"1,2,3",0,0,5.5,"1,3,5",0,0,0,0,25,12,1,1,2,1,0,,,,,,
5/6/26,94,142,4,2,0,0,0,0,0,0,0,0,20,10,0,0,0,0,0,,,,,,
5/6/26,94,109,0,0,0,0,0,0,0,0,0,0,10,8,0,0,0,0,0,,,,,,
5/6/26,94,127,0,0,0,0,8,"2,3",0,0,0,0,14,6,0,0,0,0,0,,,,,,
5/6/26,94,130,19.2,"2,3",0,0,3.3,1,0,0,0,0,12,7,0,0,0,0,0,,,,,,
5/6/26,94,124,0.8,2,0,0,17.5,"1,2",0,0,0,0,8,5,0,0,0,0,0,,,,,,
5/6/26,94,117,3.3,1,0,0,0,0,0,0,0,0,5,5,0,0,0,0,0,,,,,,
5/6/26,94,152,11.6,3,0,0,5.8,"1,2,3",0,0,0,0,9,5,0,0,0,0,0,,,,,,
5/6/26,94,122,18.6,2,0,0,18.6,"1,2,3",0,0,0,0,11,5,0,0,0,0,0,,,,,,
5/6/26,94,128,0,0,0,0,14.2,1,0,0,0,0,11,5,0,0,0,0,0,,,,,,
5/6/26,94,104,0.8,3,0,0,7.5,"1,2",0,0,0,0,9,4,0,0,0,0,0,,,,,,
5/6/26,94,129,0,0,0,0,7.5,1,0,0,0,0,7,4,0,0,0,0,0,,,,,,
5/6/26,94,175,6.25,2,0,0,6.25,2,0,0,0,0,8,4,0,0,0,0,0,,,,,,
5/6/26,38,150,na,0,0,0,0,0,0,0,0,0,0,0,0,0,0,0,0,,,,,,
5/6/26,38,133,na,0,0,0,0,0,0,0,0,0,0,0,0,0,0,0,0,,,,,,
5/6/26,38,167,2.5,"2,3",0.8,1,10,"2,3",0,0,0,0,26,16,0,0,2,1,0,,,,,,
5/6/26,38,174,0,0,0,0,0,0,0,0,0,0,32,21,1,0,0,0,0,,,,,,
5/6/26,38,120,4.5,"3,4",0,0,0.5,2,"1,4",3,0,0,12,10,0,0,0,0,0,,,,,,
5/6/26,38,146,10,"2,3",0,0,0,0,0,0,0,0,14,10,1,0,0,0,0,,,,,,
5/6/26,38,158,0,0,3.75,1,0,0,0,0,0,0,34,18,0,0,0,0,0,,,,,,
5/6/26,38,102,0,0,1,1,0,0,0,0,0,0,10,6,0,0,0,0,0,,,,,,
5/6/26,38,172,3.75,3,0,0,12.5,3,"1,3.1",2,"1,3.1",3,34,14,1,0,0,0,0,,,,,,
5/6/26,38,156,dead,0,0,0,0,0,0,0,0,0,0,0,0,0,0,0,0,,,,,,
5/6/26,38,170,2.8,3,14.3,2,0,0,"1,2.8",3,0,0,21,15,0,0,0,0,0,,,,,,
5/6/26,38,155,0,0,0,0,0,0,0,0,0,0,14,10,0,2,0,0,0,,,,,,
5/6/26,38,138,0,0,0,0,0,0,0,0,0,0,8,6,0,0,0,0,0,,,,,,
5/6/26,38,112,0,0,0,0,3,"2,3",0,0,0,0,42,22,0,0,0,0,0,,,,,,
5/6/26,38,178,6.6,3,0,0,10,"1,2",0,0,0,0,14,10,0,0,0,0,0,,,,,,
5/6/26,96,160,0,0,0.3,1,0,0,0,0,0,0,16,11,0,0,2,1,0,,,,,,
5/6/26,96,837,0,0,3.3,1,0,0,0,0,0,0,13,8,0,0,0,0,0,,,,,,
5/6/26,96,151,0,0,0,0,0,0,0,0,0,0,37,10,0,0,0,0,0,,,,,,
5/6/26,96,154,dead,0,0,0,0,0,0,0,0,0,0,0,0,0,0,0,0,,,,,,
5/6/26,96,162,12.5,"2,3",0,0,6.6,"1,2,3",0,0,0,0,21,10,0,0,0,0,0,,,,,,
5/6/26,96,157,0,0,0,0,0,0,0,0,0,0,62,20,1,1,6,2,0,,,,,,
5/6/26,96,153,dead,0,0,0,0,0,0,0,0,0,0,0,0,0,0,0,0,,,,,,
5/6/26,96,176,0,0,0,0,0,0,0,0,0,0,24,10,0,0,0,0,0,,,,,,
5/6/26,96,168,0,0,0,0,5,1,0,0,0,0,29,14,0,0,4,2,0,,,,,,
5/6/26,96,173,0,0,0,0,0,0,"1,10",1,0,0,36,21,1,0,4,2,0,,,,,,
5/6/26,96,119,0,0,2.8,2,0,0,0,0,0,0,28,16,0,0,2,1,0,,,,,,
5/6/26,96,179,2.5,2,0,0,0,0,0,0,0,0,18,10,0,0,0,0,0,,,,,,
5/6/26,96,180,0,0,0,0,0,0,0,0,0,0,16,10,0,0,0,0,0,,,,,,
5/6/26,96,139,0,0,0,0,1.6,1,0,0,0,0,24,15,0,0,0,0,0,,,,,,
5/6/26,96,177,0,0,0,0,0,0,0,0,0,0,6,6,0,0,0,0,0,,,,,,
5/6/26,76,113,0,0,0,0,0,0,0,0,0,0,12,6,0,0,0,0,0,,,,,,
5/6/26,76,131,0,0,0,0,15,1,0,0,0,0,9,5,0,0,0,0,0,,,,,,
5/6/26,76,108,0,0,0,0,0,0,0,0,0,0,13,10,0,0,0,0,0,,,,,,
5/6/26,76,165,0,0,0,0,0,0,0,0,0,0,9,7,0,0,0,0,0,,,,,,
5/6/26,76,132,0,0,0,0,0,0,0,0,0,0,76,35,2,0,"2,4","2,1",0,,,,,,
5/6/26,76,144,na,0,0,0,0,0,0,0,0,0,0,0,0,`,0,0,0,,,,,,
5/6/26,76,136,0,0,0,0,6.6,2,0,0,0,0,16,11,0,0,0,0,0,,,,,,
5/6/26,76,143,0,0,5,"1,2,3",5,"1,2,3",0,0,0,0,17,10,0,0,0,0,0,,,,,,
5/6/26,76,137,0,0,0,0,2,1,0,0,0,0,10,8,0,0,0,0,0,,,,,,
5/6/26,76,146,0,0,0,0,0,0,0,0,0,0,51,18,0,0,0,0,0,,,,,,
5/6/26,76,135,0,0,0,0,0,0,0,0,0,0,34,14,0,0,"3,1","2,1",0,,,,,,
5/6/26,76,106,0,0,0,0,0,0,0,0,0,0,18,11,0,0,0,0,0,,,,,,
5/6/26,76,141,0,0,0,0,0,0,0,0,0,0,25,8,0,0,0,0,0,,,,,,
5/6/26,76,958,0,0,3.3,2,0.8,2,0,0,0,0,26,14,0,0,2,2,0,,,,,,
5/6/26,76,123,7.1,1,0,0,7.1,1,0,0,0,0,30,21,0,0,4,2,0,,,,,,
5/6/26,80,118,0,0,0,0,1.6,1,0,0,0,0,16,10,0,0,0,0,0,,,,,,
5/6/26,80,121,0,0,0,0,0,0,0,0,0,0,28,8,0,0,0,0,0,,,,,,
5/6/26,80,120,0,0,0,0,3,2,0,0,0,0,16,8,0,0,0,0,0,,,,,,
5/6/26,80,848,0,0,0,0,6.6,2,0,0,0,0,18,10,0,0,2,2,0,,,,,,
5/6/26,80,164,0,0,0,0,0.8,2,0,0,0,0,30,19,0,0,0,0,0,,,,,,
5/6/26,80,698,0,0,0,0,0,0,0,0,0,0,21,10,0,0,0,0,0,,,,,,
5/6/26,80,912,0,0,0.6,1,0,0,0,0,0,0,8,5,0,0,0,0,0,,,,,,
5/6/26,80,111,0,0,0,0,0,0,0,0,0,0,10,6,0,0,0,0,0,,,,,,
5/6/26,80,105,0,0,0,0,0,0,0,0,0,0,6,4,0,0,0,0,0,,,,,,
5/6/26,80,100,0,0,0,0,1.25,2,0,0,0,0,10,10,0,0,0,0,0,,,,,,
5/6/26,80,125,0,0,0,0,0,0,0,0,0,0,10,10,0,0,0,0,0,,,,,,
5/6/26,80,765,0,0,0,0,0,0,0,0,0,0,6,5,0,0,0,0,0,,,,,,
5/6/26,80,110,0,0,0.7,1,0,0,0,0,0,0,32,19,0,0,2,1,0,,,,,,
5/6/26,80,101,0,0,0,0,0,0,0,0,0,0,10,10,0,0,0,0,0,,,,,,
5/6/26,80,145,0,0,0,0,0,0,0,0,0,0,14,10,0,0,0,0,0,,,,,,
5/6/26,6,71,0,0,0,0,1.6,1,0,0,0,0,8,5,0,0,0,0,0,,,,,,
5/6/26,6,44,0,0,0,0,0,0,0,0,0,0,8,5,0,0,0,0,0,,,,,,
5/6/26,6,59,0,0,0,0,5,"1,2,3",0,0,0,0,13,5,0,0,0,0,0,,,,,,
5/6/26,6,811,11.25,0,0,0,0,0,0,0,0,0,14,5,0,0,0,0,0,,,,,,
5/6/26,6,154,1,2,0.8,1,0.8,1,0,0,0,0,14,5,0,0,0,0,0,,,,,,
5/6/26,6,166,4.2,"2,3",0,0,6.6,1,0,0,0,0,20,7,0,0,0,0,0,,,,,,
5/6/26,6,171,0.8,2,0.8,1,0.8,1,0,0,0,0,19,7,0,0,0,0,0,,,,,,
5/6/26,6,134,3.1,"1,2,3",0,0,0,0,0,0,0,0,22,10,1,0,4,2,0,,,,,,
5/6/26,6,169,2.5,"2,3",0,0,2.5,1,0,0,0,0,18,8,2,0,0,0,0,,,,,,
5/6/26,6,103,2.9,"2,3",0,0,5.7,1,0,0,0,0,18,7,1,0,0,0,0,,,,,,
5/6/26,6,235,6.1,"1,2,3",0,0,0.5,3,0,0,0,0,36,20,2,1,0,0,0,,,,,,
5/6/26,6,9,1.89,"1,2",0,0,0,0,0,0,0,0,28,10,1,0,2,2,0,,,,,,
5/6/26,6,116,2.1,2,0,0,0.7,1,0,0,0,0,17,8,1,0,0,0,0,,,,,,
5/6/26,6,181,1,1,0,0,1,1,0,0,0,0,10,7,0,0,0,0,0,,,,,,
5/6/26,6,163,0,0,1,1,0,0,0,0,0,0,14,10,1,0,0,0,0,,,,,,
5/5/26,696,4,0,0,0,0,0,0,0,0,0,0,20,11,0,0,2,2,0,,,,,,
5/5/26,696,44,0,0,0,0,0,0,0,0,0,0,12,8,0,0,0,0,0,,,,,,
5/5/26,696,33,10,1,0,0,0,0,0,0,0,0,12,5,0,0,0,0,0,,,,,,
5/5/26,696,17,0,0,0,0,0,0,0,0,0,0,26,11,1,0,4,2,0,,,,,,
5/5/26,696,36,4,2,0,0,0,0,0,0,0,0,10,7,0,0,0,0,0,,,,,,
5/5/26,696,29,0,0,0,0,0,0,0,0,0,0,16,10,0,0,2,1,0,,,,,,
5/5/26,696,28,2.5,"1,2",0,0,0,0,0,0,0,0,14,10,0,0,0,0,0,,,,,,
5/5/26,696,1,21.25,"1,2",0,0,0.2,1,0,0,0,0,7,6,0,0,0,0,0,,,,,,
5/5/26,696,5,0,0,0,0,0,0,0,0,0,0,12,10,0,0,0,0,0,,,,,,
5/5/26,696,37,6.6,2,0,0,6.6,1,0,0,0,0,14,8,0,0,0,0,0,,,,,,
5/5/26,696,31,13.3,3,0,0,1.6,"1,3",0,0,0,0,14,7,0,0,1,2,0,,,,,,
5/5/26,696,32,0.8,2,0,0,0,0,0,0,0,0,15,8,0,0,0,0,0,,,,,,
5/5/26,696,39,0,0,0,0,0,0,0,0,0,0,13,6,0,0,0,0,0,,,,,,
5/5/26,696,34,8.2,"3,4",0,0,0,0,0,0,0,0,24,12,0,0,2,2,0,,,,,,
5/5/26,696,27,2.5,3,0,0,0,0,0,0,0,0,25,15,0,0,2,2,0,,,,,,
5/5/26,670,26,7.5,"1,3",0.8,1,0,0,0,0,0,0,12,8,0,0,0,0,0,,,,,,
5/5/26,670,22,2.1,"3,4",0.8,1,0,0,0,0,0,0,21,9,0,0,0,0,0,,,,,,
5/5/26,670,19,0,0,0,0,1,2,0,0,0,0,15,12,0,0,0,0,0,,,,,,
5/5/26,670,12,0,0,0,0,0,0,0,0,0,0,14,7,0,0,0,0,0,,,,,,
5/5/26,670,21,0,0,0,0,2,1,0,0,0,0,12,7,0,0,0,0,0,,,,,,
5/5/26,670,14,16.6,1,0,0,3.3,"1,3",0,0,0,0,16,8,0,0,0,0,0,,,,,,
5/5/26,670,38,0,0,0,0,0,0,0,0,0,0,15,7,0,0,2,1,0,,,,,,
5/5/26,670,23,3.3,2,0,0,1.6,1,0,0,0,0,15,7,0,0,0,0,0,,,,,,
5/5/26,670,20,0,0,0,0,0,0,0,0,0,0,10,10,0,0,0,0,0,,,,,,
5/5/26,670,7,0.8,2,0,0,0,0,0,0,0,0,10,7,0,0,0,0,0,,,,,,
5/5/26,670,40,0,0,3,1,0,0,0,0,0,0,10,5,0,0,0,0,0,,,,,,
5/5/26,670,42,0,0,0,0,0,0,0,0,0,0,15,8,0,0,0,0,0,,,,,,
5/5/26,670,11,0,0,0,0,0,0,0,0,0,0,15,8,0,0,0,0,0,,,,,,
5/5/26,670,35,0,0,0,0,0,0,0,0,0,0,8,8,0,0,0,0,0,,,,,,
5/5/26,670,41,26,"1,2",0,0,0,0,0,0,0,0,12,5,0,0,0,0,0,,,,,,
5/5/26,899,13,0,0,0,0,0,0,0,0,0,0,18,11,0,0,0,0,0,,,,,,
5/5/26,899,30,0,0,0,0,0,0,0,0,0,0,10,6,0,0,0,0,0,,,,,,
5/5/26,899,3,0,0,0,0,0,0,0,0,0,0,10,15,0,0,0,0,0,,,,,,
5/5/26,899,8,0,0,0,0,0,0,0,0,0,0,17,14,0,0,2,2,0,,,,,,
5/5/26,899,15,8.3,1,0,0,0,0,0,0,0,0,15,11,0,0,0,0,0,,,,,,
5/5/26,899,2,0,0,0,0,0,0,0,0,0,0,11,8,0,0,0,0,0,,,,,,
5/5/26,899,24,0,0,0,0,0,0,0,0,0,0,8,6,0,0,0,0,0,,,,,,
5/5/26,899,16,0,0,0,0,0.8,1,0,0,0,0,12,8,0,0,0,0,0,,,,,,
5/5/26,899,10,0,0,2,"1,2",0,0,0,0,0,0,10,9,0,0,0,0,0,,,,,,
5/5/26,899,9,5.7,3,0,0,5.7,1,0,0,0,0,19,10,0,0,0,0,0,,,,,,
5/5/26,899,25,0,0,0,0,0,0,0,0,0,0,10,5,0,0,0,0,0,,,,,,
5/5/26,899,18,0,0,0,0,0,0,0,0,0,0,10,8,0,0,0,0,0,,,,,,
5/5/26,899,43,7.5,1,0,0,0,0,0,0,0,0,14,7,0,0,0,0,0,,,,,,
5/5/26,899,45,0,0,0,0,0,0,0,0,0,0,9,5,0,0,0,0,0,,,,,,
5/5/26,899,6,0,0,2,"1,2",0,0,0,0,0,0,7,5,0,0,0,0,0,,,,,,
5/5/26,654,39,0,0,0,0,0,0,0,0,0,0,7,10,0,0,0,0,0,,,,,,
5/5/26,654,22,0,0,0,0,0,0,0,0,0,0,7,10,0,0,0,0,0,,,,,,
5/5/26,654,48,0,0,0,0,0,0,0,0,0,0,7,10,0,0,0,0,0,,,,,,
5/5/26,654,17,0,0,0,0,0,0,0,0,0,0,5,5,0,0,0,0,0,,,,,,
5/5/26,654,28,0,0,0,0,7.5,1,0,0,0,0,7,11,0,0,0,0,0,,,,,,
5/5/26,654,38,0,0,0,0,0,0,0,0,0,0,7,10,0,0,0,0,0,,,,,,
5/5/26,654,32,0,0,0,0,0,0,0,0,0,0,10,6,0,0,0,0,0,,,,,,
5/5/26,654,2,0,0,0,0,2,1,0,0,0,0,11,11,0,0,0,0,0,,,,,,
5/5/26,654,51,0,0,0,0,0,0,0,0,0,0,7,6,0,0,0,0,0,,,,,,
5/5/26,654,20,0,0,0,0,0,0,0,0,0,0,10,10,0,0,0,0,0,,,,,,
5/5/26,654,15,0,0,0,0,0,0,0,0,0,0,7,8,0,0,0,0,0,,,,,,
5/5/26,654,36,0,0,0,0,0,0,0,0,0,0,10,7,0,0,0,0,0,,,,,,
5/5/26,654,49,0,0,0,0,0,0,0,0,0,0,10,9,0,0,0,0,0,,,,,,
5/5/26,654,46,0,0,0,0,0,0,0,0,0,0,11,10,0,0,0,0,0,,,,,,
5/5/26,654,47,0,0,0,0,0,0,0,0,0,0,5,5,0,0,0,0,0,,,,,,
5/5/26,989,16,11,"1,2",0,0,0,0,0,0,0,0,10,8,0,0,0,0,0,,,,,,
5/5/26,989,25,0,0,0,0,0,0,0,0,0,0,7,4,0,0,0,0,0,,,,,,
5/5/26,989,19,0,0,0,0,0,0,0,0,0,0,5,4,0,0,0,0,0,,,,,,
5/5/26,989,43,0,0,0,0,2.5,1,0,0,0,0,6,4,0,0,0,0,0,,,,,,
5/5/26,989,4,0,0,0,0,0,0,0,0,0,0,7,9,0,0,0,0,0,,,,,,
5/5/26,989,13,0,0,0,0,0,0,0,0,0,0,9,7,0,0,0,0,0,,,,,,
5/5/26,989,35,0,0,0,0,0,0,0,0,0,0,7,5,0,0,0,0,0,,,,,,
5/5/26,989,8,0,0,0,0,0,0,0,0,0,0,5,5,0,0,0,0,0,,,,,,
5/5/26,989,21,3.3,"1,2",0,0,0,0,0,0,0,0,7,5,0,0,0,0,0,,,,,,
5/5/26,989,27,0,0,0,0,0,0,0,0,0,0,5,5,0,0,0,0,0,,,,,,
5/5/26,989,3,0,0,0,0,0,0,0,0,0,0,9,7,0,0,0,0,0,,,,,,
5/5/26,989,18,0,0,0,0,0,0,0,0,0,0,7,5,0,0,0,0,0,,,,,,
5/5/26,989,14,0,0,0,0,8.3,1,0,0,0,0,9,5,0,0,0,0,0,,,,,,
5/5/26,989,6,2.5,2,0,0,0,0,0,0,0,0,9,5,0,0,0,0,0,,,,,,
5/5/26,989,7,1.6,1,0,0,0,0,0,0,0,0,9,7,0,0,0,0,0,,,,,,
5/5/26,626,40,0,0,0,0,0,0,0,0,0,0,14,11,0,0,2,1,0,,,,,,
5/5/26,626,5,1.25,1,0,0,1.25,1,0,0,0,0,9,8,0,0,0,0,0,,,,,,
5/5/26,626,45,0,0,0,0,0,0,0,0,0,0,7,5,0,0,0,0,0,,,,,,
5/5/26,626,42,0,0,0,0,0,0,0,0,0,0,7,6,0,0,0,0,0,,,,,,
5/5/26,626,26,1.6,"2,3",0,0,0,0,0,0,0,0,11,10,0,0,2,1,0,,,,,,
5/5/26,626,34,0,0,0,0,0,0,0,0,0,0,8,5,0,0,0,0,0,,,,,,
5/5/26,626,9,0,0,0,0,0,0,0,0,0,0,11,8,0,0,1,1,0,,,,,,
5/5/26,626,31,1.25,1,0,0,0,0,0,0,0,0,11,7,0,0,0,0,0,,,,,,
5/5/26,626,52,0,0,0,0,0,0,0,0,0,0,10,8,0,0,0,0,0,,,,,,
5/5/26,626,37,0,0,0,0,0,0,0,0,0,0,8,5,0,0,0,0,0,,,,,,
5/5/26,626,33,0,0,0,0,0,0,0,0,0,0,9,5,0,0,1,1,0,,,,,,
5/5/26,626,29,0,0,0,0,0,0,0,0,0,0,11,5,0,0,0,0,0,,,,,,
5/5/26,626,11,2.5,1,0,0,0,0,0,0,0,0,12,7,0,0,0,0,0,,,,,,
5/5/26,626,44,0,0,0,0,1,1,0,0,0,0,12,8,0,0,0,0,0,,,,,,
5/5/26,626,23,0,0,0,0,0,0,0,0,0,0,12,8,0,0,0,0,0,,,,,,
6/24/26,683,21,0,0,0,0,20,1,0,0,0,0,19,7,0,1,0,0,0,,,,,,
6/24/26,683,16,0,0,2,3,3.34,"1,2",0,0,0,0,56,12,0,0,"2,2","2,1",0,,,,,,
6/24/26,683,10,0,0,2.23,"1,2,4",0,0,0,0,0,0,51,19,1,3,8,1,0,,,,,,
6/24/26,683,14,0,0,0.21,4,2.23,"1,2,3",0,0,0,0,73,26,1,1,"4,4","2,1",0,,,,,,
6/24/26,683,17,1.12,"1,3",0,0,0,0,0,0,0,0,56,21,1,3,4,1,0,,,,,,
6/24/26,683,43,0,0,0,0,0.5,2,0,0,0,0,70,15,1,2,8,1,0,,,,,,
6/24/26,683,24,0,0,0,0,0,0,0,0,0,0,69,20,1,2,8,1,0,,,,,,
6/24/26,683,22,0,0,0,0,1.67,"1,2",0,0,0,0,85,24,0,1,4,2,0,,,,,,
6/24/26,683,6,15,4,0.5,3,0,0,0,0,0,0,66,24,0,3,0,0,0,,,,,,
6/24/26,683,28,0,0,0.5,4,1.78,"1,2,3",0,0,0,0,90,15,4,5,14,1,0,,,,,,
6/24/26,683,44,0,0,0,0,0.78,1,0,0,0,0,59,19,1,4,8,1,0,,,,,,
6/24/26,683,36,0,0,0,0,0,0,0,0,0,0,82,29,1,1,"2,9","2,1",0,,,,,,
6/24/26,683,35,0,0,0,0,0,0,0,0,0,0,75,20,1,2,"4,8","2,1",0,,,,,,
6/24/26,660,41,0,0,0.83,"1,2",0,0,0,0,0,0,24,10,0,1,0,0,0,,,,,,
6/24/26,660,4,dead,0,0,0,0,0,0,0,0,0,0,0,0,1,0,0,0,,,,,,
6/24/26,660,2,dead,0,0,0,0,0,0,0,0,0,0,0,0,0,0,0,0,,,,,,
6/24/26,660,15,0,0,0.83,"1,3",0,0,0,0,0,0,36,6,0,0,0,0,0,,,,,,
6/24/26,660,34,0,0,0,0,0,0,0,0,0,0,35,14,1,1,0,0,0,,,,,,
6/24/26,660,25,0,0,0.1,2,0,0,0,0,0,0,35,16,0,1,0,0,0,,,,,,
6/24/26,660,7,0,0,0,0,0,0,0,0,0,0,35,14,0,1,0,0,0,,,,,,
6/24/26,660,5,0,0,0,0,0.33,2,0,0,0,0,22,11,0,1,0,0,0,,,,,,
6/24/26,660,10,0,0,1.25,1,0,0,0,0,0,0,38,15,0,0,0,0,0,,,,,,
6/24/26,660,27,0,0,0,0,0.83,1,0,0,0,0,16,11,0,1,0,0,0,,,,,,
6/24/26,660,41,0,0,0,0,0.83,1,0,0,0,0,23,7,0,1,0,0,0,,,,,,
6/24/26,660,9,0,0,0.71,"1,3",0,0,0,0,0,0,23,12,0,1,0,0,0,,,,,,
6/24/26,660,13,dead,0,0,0,0,0,0,0,0,0,0,0,0,0,0,0,0,,,,,,
6/24/26,660,20,0,0,0,0,1,1,0,0,0,0,30,6,0,0,0,0,0,,,,,,
6/24/26,674,38,0,0,0,0,0,0,0,0,0,0,17,8,0,1,0,0,0,,,,,,
6/24/26,674,40,0,0,0,0,1.12,1,0,0,0,0,49,7,1,2,4,2,0,,,,,,
6/24/26,674,33,11.25,2,1.75,"1,2",1.25,1,0,0,0,0,12,7,0,0,0,0,0,,,,,,
6/24/26,674,18,0,0,0,0,2.5,"1,3",0,0,0,0,41,6,0,2,6,1,0,,,,,,
6/24/26,674,26,0,0,0,0,0.62,"1,4",0,0,0,0,51,7,1,1,"2,6","2,1",0,,,,,,
6/24/26,674,24,dead,0,0,0,0,0,0,0,0,0,0,0,0,0,0,0,0,,,,,,
6/24/26,674,37,0,0,1,"1,3,4",1,"1,4",0,0,0,0,91,11,0,4,"4,6","2,1",0,,,,,,
6/24/26,674,3,0,0,1,"1,2",1.25,2,0,0,0,0,40,9,1,0,8,1,0,,,,,,
6/24/26,674,23,0,0,0,0,4.09,"1,3",0,0,0,0,53,22,6,0,6,1,0,,,,,,
6/24/26,674,39,0,0,2.17,"1,2",19,"1,2",0,0,0,0,65,18,2,0,0,0,0,,,,,,
6/24/26,674,1,0,0,1.4,"2,3",2.5,"1,2,3",0,0,0,0,60,9,2,2,6,1,0,,,,,,
6/24/26,674,45,na,0,0,0,0,0,0,0,0,0,0,0,0,0,0,0,0,,,,,,
6/24/26,674,29,0,0,2.14,"1,2,3",1.42,1,0,0,0,0,56,9,0,1,4,2,0,,,,,,
7/2/26,650,15,0,0,4.16,"1,2",0.83,"2,4",0,0,0,0,61,9,2,4,12,1,0,,,,,,
7/2/26,650,2,0,0,1.87,1,1,"1,2",0,0,0,0,34,11,1,1,12,1,0,,,,,,
7/2/26,650,13,0,0,0,0,0,0,0,0,0,0,28,9,0,2,8,1,0,,,,,,
7/2/26,650,9,0,0,0,0,12.5,2,0,0,0,0,17,3,0,2,0,0,0,,,,,,
7/2/26,650,7,0,0,0,0,2.86,"1,3",0,0,0,0,103,15,7,12,36,1,0,,,,,,
7/2/26,650,8,0,0,0,0,0.75,"1,2",0,0,0,0,101,15,6,6,"8,20","2,1",0,,,,,,
7/2/26,650,6,0,0,0,0,0,0,0,0,0,0,33,7,1,2,12,1,0,,,,,,
7/2/26,650,14,0,0,0.41,1,0,0,0,0,0,0,52,10,2,8,20,1,0,,,,,,
7/2/26,650,11,5,2,0,0,2.5,"1,3",0,0,0,0,34,12,1,1,8,1,0,,,,,,
7/2/26,650,12,0,0,0,0,0.33,3,0,0,0,0,66,11,3,6,20,1,0,,,,,,
7/2/26,650,10,0,0,0,0,1,2,0,0,0,0,59,17,4,2,42,1,0,,,,,,
7/2/26,650,3,0,0,0,0,1.87,2,0,0,0,0,43,5,0,3,8,1,0,,,,,,
7/2/26,650,1,1.25,2,0,0,0.42,1,0,0,0,0,58,10,1,2,16,1,0,,,,,,
7/2/26,650,5,6.25,2,0,0,0.62,2,0,0,0,0,45,5,0,1,6,1,0,,,,,,
7/2/26,650,4,0.22,5,0,0,0.68,"3,4",0,0,0,0,105,15,5,6,"10,12","2,1",0,,,,,,
7/2/26,691,13,0.83,2,0,0,2.5,"1,2",0,0,0,0,20,3,0,0,0,0,0,,,,,,
7/2/26,691,8,dead,0,0,0,0,0,0,0,0,0,0,0,0,0,0,0,0,,,,,,
7/2/26,691,9,dead,0,0,0,0,0,0,0,0,0,0,0,0,0,0,0,0,,,,,,
7/2/26,691,11,0,0,0,0,0,0,0,0,0,0,61,15,2,12,1,0,0,,,,,,
7/2/26,691,12,na,0,0,0,0,0,0,0,0,0,0,0,0,0,0,0,0,,,,,,
7/2/26,691,10,0,0,0,0,0,0,0,0,0,0,50,10,0,0,2,1,0,,,,,,
7/2/26,691,7,0,0,0,0,1.25,1,0,0,0,0,25,11,0,0,0,0,0,,,,,,
7/2/26,691,4,0,0,0,0,0,0,0,0,0,0,18,4,0,1,0,0,0,,,,,,
7/2/26,691,1,0,0,5,1,0,0,0,0,0,0,25,12,0,0,0,0,0,,,,,,
7/2/26,691,5,6.25,1,1.82,2,0,0,0,0,0,0,32,25,1,0,4,1,0,,,,,,
7/2/26,691,14,8.12,1,2.13,2,0.62,2,0,0,0,0,39,7,2,1,4,1,0,,,,,,
7/2/26,691,15,14,2,2,2,0,0,0,0,0,0,23,6,0,1,0,0,0,,,,,,
7/2/26,691,3,0,0,0,0,0,0,0,0,0,0,14,2,0,1,0,0,0,,,,,,
7/2/26,691,6,2.5,1,2.5,1,0,0,0,0,0,0,7,2,0,0,0,0,0,,,,,,
7/2/26,691,2,0,0,8.33,2,0,0,0,0,0,0,24,7,0,1,8,0,0,,,,,,
7/2/26,619,6,3,"1,2",0,0,1,"2,3",0,0,0,0,52,12,7,5,12,1,0,,,,,,
7/2/26,619,8,0,0,0,0,0,0,0,0,0,0,20,8,0,2,4,1,0,,,,,,
7/2/26,619,7,1.3,"1,2,3",0,0,4.9,"1,3,4,5,6",0,0,0,0,143,13,16,21,"22,44","2,1",0,,,,,,
7/2/26,619,4,1,1,0,0,13.66,"2,3,4,5",0,0,0,0,79,12,5,8,16,1,0,,,,,,
7/2/26,619,13,2.89,"1,2,3,6",0,0,0,0,0,0,0,0,95,10,5,9,"4,20","2,1",0,,,,,,
7/2/26,619,1,dead,0,0,0,0,0,0,0,0,0,0,0,0,0,0,0,0,,,,,,
7/2/26,619,9,na,0,0,0,0,0,0,0,0,0,0,0,0,0,0,0,0,,,,,,
7/2/26,619,2,6.25,"2,5",1.66,3,0,0,0,0,0,0,70,9,2,5,12,1,0,,,,,,
7/2/26,619,12,0.6,4,0,0,1,"1,2",0,0,0,0,84,9,8,14,"6,24","2,1",0,,,,,,
7/2/26,619,3,0.53,"2,3",0,0,4.1,"1,2,4",0,0,0,0,134,16,6,9,"6,32","2,1",0,,,,,,
7/2/26,619,10,0,0,0,0,0.62,6,0,0,0,0,50,15,4,3,16,1,0,,,,,,
7/2/26,619,15,0.4,"2,3,5",0,0,0.2,"3,4,5",0,0,0,0,180,15,25,27,"32,136","2,1",0,,,,,,
7/2/26,619,5,0,0,0,0,1.5,"1,2",0,0,0,0,120,16,4,12,"12,28","2,1",0,,,,,,
7/2/26,619,14,5.93,"1,2,3",0,0,0.94,"1,2",0,0,0,0,79,12,2,7,"6,8","2,1",0,,,,,,
7/2/26,619,11,0.28,2,0,0,0.28,"3,7",0,0,0,0,170,10,12,14,"16,42","2,1",0,,,,,,
5/8/26,674,18,0,0,0,0,0,0,0,0,0,0,15,9,0,0,2,1,0,,,,,,
5/8/26,674,12,0,0,0,0,0,0,0,0,0,0,10,8,0,0,0,0,0,,,,,,
5/8/26,674,26,0,0,0,0,0,0,0,0,0,0,14,10,0,0,0,0,0,,,,,,
5/8/26,674,1,0,0,0,0,1,2,0,0,0,0,12,8,0,0,0,0,0,,,,,,
5/8/26,674,31,0,0,0.2,1,0,0,0,0,0,0,12,8,0,0,0,0,0,,,,,,
5/8/26,674,39,0,0,0,0,0.285714286,2,0,0,0,0,14,12,0,0,0,0,0,,,,,,
5/8/26,674,38,0,0,0,0,8.333333333,1,0,0,0,0,10,6,0,0,0,0,0,,,,,,
5/8/26,674,40,0,0,0,0,0,0,0,0,0,0,14,10,0,0,2,1,0,,,,,,
5/8/26,674,33,0,0,0,0,0.4,3,0,0,0,0,10,6,0,0,0,0,0,,,,,,
5/8/26,674,29,0,0,0,0,0,0,0,0,0,0,16,14,0,0,2,2,0,,,,,,
5/8/26,674,23,0,0,0,0,0,0,0,0,0,0,18,12,0,0,2,1,0,,,,,,
5/8/26,674,3,0,0,0,0,0,0,0,0,0,0,11,6,0,0,0,0,0,,,,,,
5/8/26,674,37,0,0,0,0,0,0,0,0,0,0,14,10,0,0,0,0,0,,,,,,
5/8/26,674,45,0,0,0,0,0,0,0,0,0,0,6,5,0,0,0,0,0,,,,,,
5/8/26,674,24,0,0,0,0,0,0,0,0,0,0,10,7,0,0,0,0,0,,,,,,
5/8/26,660,8,0,0,0,0,0,0,0,0,0,0,4,4,0,0,0,0,0,,,,,,
5/8/26,660,2,0,0,0,0,0.6,1,0,0,0,0,8,8,0,0,0,0,0,,,,,,
5/8/26,660,15,0,0,0,0,0,0,0,0,0,0,8,5,0,0,0,0,0,,,,,,
5/8/26,660,34,0,0,0,0,0,0,0,0,0,0,9,8,0,0,0,0,0,,,,,,
5/8/26,660,25,0,0,0,0,0,0,0,0,0,0,10,5,0,0,0,0,0,,,,,,
5/8/26,660,20,0,0,0,0,0,0,0,0,0,0,14,10,0,0,0,0,0,,,,,,
5/8/26,660,41,0,0,0,0,0,0,0,0,0,0,5,5,0,0,0,0,0,,,,,,
5/8/26,660,9,0,0,0,0,0,0,0,0,0,0,7,5,0,0,0,0,0,,,,,,
5/8/26,660,13,0,0,0,0,0,0,0,0,0,0,9,5,0,0,0,0,0,,,,,,
5/8/26,660,11,0,0,0,0,0,0,0,0,0,0,9,5,0,0,0,0,0,,,,,,
5/8/26,660,10,0,0,0,0,0,0,0,0,0,0,10,6,0,0,0,0,0,,,,,,
5/8/26,660,27,0,0,0,0,0,0,0,0,0,0,8,6,0,0,0,0,0,,,,,,
5/8/26,660,5,0,0,0,0,0,0,0,0,0,0,7,5,0,0,0,0,0,,,,,,
5/8/26,660,7,0,0,0,0,0,0,0,0,0,0,10,6,0,0,0,0,0,,,,,,
5/8/26,660,4,0,0,0,0,0,0,0,0,0,0,10,7,0,0,0,0,0,,,,,,
5/8/26,683,21,0,0,0,0,0,0,0,0,0,0,8,6,0,0,0,0,0,,,,,,
5/8/26,683,42,0,0,0,0,0,0,0,0,0,0,8,6,0,0,0,0,0,,,,,,
5/8/26,683,28,0,0,0,0,1,1,0,0,0,0,12,12,0,0,0,0,0,,,,,,
5/8/26,683,6,0,0,0,0,0,0,0,0,0,0,10,10,0,0,0,0,0,,,,,,
5/8/26,683,22,0,0,0,0,0,0,0,0,0,0,12,10,0,0,0,0,0,,,,,,
5/8/26,683,19,0,0,0,0,0,0,0,0,0,0,10,8,0,0,0,0,0,,,,,,
5/8/26,683,36,0,0,0,0,0,0,0,0,0,0,12,7,0,0,0,0,0,,,,,,
5/8/26,683,35,0,0,0,0,0,0,0,0,0,0,10,6,0,0,0,0,0,,,,,,
5/8/26,683,17,0,0,0,0,0,0,0,0,0,0,10,8,0,0,0,0,0,,,,,,
5/8/26,683,16,0,0,0,0,0,0,0,0,0,0,10,11,0,0,0,0,0,,,,,,
5/8/26,683,43,0,0,0,0,5,"1,2",0,0,0,0,10,7,0,0,0,0,0,,,,,,
5/8/26,683,14,0,0,0,0,0,0,0,0,0,0,10,6,0,0,0,0,0,,,,,,
5/8/26,683,24,0,0,0,0,0,0,0,0,0,0,12,8,0,0,0,0,0,,,,,,
5/8/26,683,10,1.66,1,0,0,0,0,0,0,0,0,8,5,0,0,0,0,0,,,,,,
5/8/26,683,44,0,0,0,0,0,0,0,0,0,0,14,12,0,0,0,0,0,,,,,,
5/8/26,624,35,0,0,0,0,0,0,0,0,0,0,16,10,0,0,0,0,0,,,,,,
5/8/26,624,30,0,0,2.5,"1,2,3",0,0,0,0,0,0,14,10,0,0,0,0,0,,,,,,
5/8/26,624,31,0,0,0,0,0,0,0,0,0,0,18,14,0,0,0,0,0,,,,,,
5/8/26,624,25,0,0,0,0,0,0,0,0,0,0,22,16,0,0,0,0,0,,,,,,
5/8/26,624,36,0,0,4.2,"2,3",0,0,0,0,0,0,14,10,0,0,0,0,0,,,,,,
5/8/26,624,39,0,0,0,0,0,0,0,0,0,0,20,14,0,0,0,0,0,,,,,,
5/8/26,624,45,0,0,0,0,1.86,1,0,0,0,0,34,21,1,0,0,0,0,,,,,,
5/8/26,624,40,0,0,0,0,0,0,0,0,0,0,6,4,0,0,0,0,0,,,,,,
5/8/26,624,38,2.5,3,0,0,2.5,"1,2",0,0,0,0,18,16,0,0,0,0,0,,,,,,
5/8/26,624,41,2.1,2,0,0,1.4,1,0,0,0,0,18,18,0,0,0,0,0,,,,,,
5/8/26,624,42,1.6,1,1.6,3,0,0,0,0,0,0,12,8,0,0,0,0,0,,,,,,
5/8/26,624,33,0,0,0,0,0,0,0,0,0,0,16,16,0,0,0,0,0,,,,,,
5/8/26,624,44,0,0,0,0,0,0,0,0,0,0,8,4,0,0,0,0,0,,,,,,
5/8/26,624,43,0,0,5,"1,2,3",0,0,0,0,0,0,30,19,0,0,0,0,0,,,,,,
5/8/26,624,37,0,0,0,0,0,0,0,0,0,0,26,10,0,0,0,0,0,,,,,,
5/8/26,672,34,0,0,0,0,0,0,0,0,0,0,4,6,0,0,0,0,0,,,,,,
5/8/26,672,22,0,0,0,0,0,0,0,0,0,0,6,4,0,0,0,0,0,,,,,,
5/8/26,672,13,0,0,0,0,0,0,0,0,0,0,4,10,0,0,0,0,0,,,,,,
5/8/26,672,21,0,0,0,0,0,0,0,0,0,0,4,6,0,0,0,0,0,,,,,,
5/8/26,672,15,2.5,1,0,0,0,0,0,0,0,0,6,6,0,0,0,0,0,,,,,,
5/8/26,672,23,0,0,0,0,0,0,0,0,0,0,4,6,0,0,0,0,0,,,,,,
5/8/26,672,27,0,0,0,0,0,0,0,0,0,0,4,6,0,0,0,0,0,,,,,,
5/8/26,672,26,0,0,0,0,0,0,0,0,0,0,4,6,0,0,0,0,0,,,,,,
5/8/26,672,14,0,0,0,0,0,0,0,0,0,0,4,4,0,0,0,0,0,,,,,,
5/8/26,672,28,0,0,0.5,1,2.5,1,0,0,0,0,4,6,0,0,0,0,0,,,,,,
5/8/26,672,32,0,0,0,0,0,0,0,0,0,0,6,6,0,0,0,0,0,,,,,,
5/8/26,672,29,0,0,0,0,0,0,0,0,0,0,6,8,0,0,0,0,0,,,,,,
5/8/26,672,24,0,0,0,0,0,0,0,0,0,0,6,10,0,0,0,0,0,,,,,,
5/8/26,672,19,0,0,0,0,0,0,0,0,0,0,4,4,0,0,0,0,0,,,,,,
5/8/26,672,20,0,0,0,0,0,0,0,0,0,0,4,8,0,0,0,0,0,,,,,,
5/8/26,632,1,0,0,0,0,5,1,0,0,0,0,6,10,0,0,0,0,0,,,,,,
5/8/26,632,6,0,0,0,0,0,0,0,0,0,0,6,8,0,0,0,0,0,,,,,,
5/8/26,632,2,0,0,0,0,0,0,0,0,0,0,4,7,0,0,0,0,0,,,,,,
5/8/26,632,30,30,1,0,0,0,0,0,0,0,0,6,6,0,0,0,0,0,,,,,,
5/8/26,632,17,0,0,0,0,0,0,0,0,0,0,8,6,0,0,0,0,0,,,,,,
5/8/26,632,12,0,0,0,0,0,0,0,0,0,0,8,6,0,0,0,0,0,,,,,,
5/8/26,632,5,40,1,0,0,0,0,0,0,0,0,4,4,0,0,0,0,0,,,,,,
5/8/26,632,11,0,0,0,0,0,0,0,0,0,0,6,6,0,0,0,0,0,,,,,,
5/8/26,632,8,0,0,0,0,0,0,0,0,0,0,8,6,0,0,0,0,0,,,,,,
5/8/26,632,9,5,1,0,0,0,0,0,0,0,0,6,8,0,0,0,0,0,,,,,,
5/8/26,632,7,0,0,0,0,1.6,1,0,0,0,0,10,9,0,0,0,0,0,,,,,,
5/8/26,632,3,0,0,0,0,0,0,0,0,0,0,7,5,0,0,0,0,0,,,,,,
5/8/26,632,18,0,0,0,0,0,0,0,0,0,0,5,6,0,0,0,0,0,,,,,,
5/8/26,632,10,20,1,0,0,20,1,0,0,0,0,8,8,0,0,0,0,0,,,,,,
5/8/26,632,16,0,0,0,0,0,0,0,0,0,0,8,11,0,0,0,0,0,,,,,,
6/16/26,623,550,dead,0,0,0,0,0,0,0,0,0,0,0,0,0,0,0,0,,,,,,
6/16/26,623,520,dead,0,0,0,0,0,0,0,0,0,0,0,0,0,0,0,0,,,,,,
6/16/26,623,545,dead,0,0,0,0,0,0,0,0,0,0,0,0,0,0,0,0,,,,,,
6/16/26,623,539,dead,0,0,0,0,0,0,0,0,0,0,0,0,3,0,0,0,,,,,,
6/16/26,623,570,dead,0,0,0,0,0,0,0,0,0,0,0,0,2,0,0,1,,,,,,
6/16/26,623,574,0,0,0,0,0,0,0,0,0,0,23,6,0,1,0,0,0,,,,,,
6/16/26,623,575,10,3,0,0,0,0,0,0,0,0,na,na,0,0,0,0,0,,,,,,
6/16/26,623,541,dead,0,0,0,0,0,0,0,0,0,0,0,0,0,0,0,0,,,,,,
6/16/26,623,542,37.5,"3,4",0,0,0,0,0,0,0,0,26,4,0,1,0,0,0,,,,,,
6/16/26,623,558,0,0,0,0,52.5,1,0,0,0,0,12,4,0,0,0,0,0,,,,,,
6/16/26,623,557,0,0,7,"3,4",0,0,0,0,0,0,30,6,0,3,0,0,2,,,,,,
6/16/26,623,521,24,"2,4",4,"2,3",0,0,0,0,0,0,22,12,0,3,0,0,0,,,,,,
6/16/26,623,536,45,"3,4",0,0,0,0,0,0,0,0,29,4,0,4,0,0,2,,,,,,
6/16/26,639,532,dead,0,0,0,0,0,0,0,0,0,0,0,0,0,0,0,0,,,,,,
6/16/26,639,569,dead,0,0,0,0,0,0,0,0,0,0,0,0,0,0,0,0,,,,,,
6/16/26,639,568,0,0,0,0,0,0,0,0,0,0,16,5,1,1,0,0,0,,,,,,
6/16/26,639,567,0,0,0,0,6.66,2,0,0,0,0,12,4,0,1,0,0,0,,,,,,
6/16/26,639,588,15,4,0,0,5,"2,3",0,0,0,0,24,7,0,1,0,0,0,,,,,,
6/16/26,639,551,dead,0,0,0,0,0,0,0,0,0,0,0,0,0,0,0,0,,,,,,
6/16/26,639,565,dead,0,0,0,0,0,0,0,0,0,0,0,0,0,0,0,0,,,,,,
6/16/26,639,528,dead,0,0,0,0,0,0,0,0,0,0,0,0,0,0,0,0,,,,,,
6/16/26,639,511,dead,0,0,0,0,0,0,0,0,0,0,0,0,0,0,0,0,,,,,,
6/16/26,639,564,dead,0,0,0,0,0,0,0,0,0,0,0,0,0,0,0,0,,,,,,
6/16/26,639,563,dead,0,0,0,0,0,0,0,0,0,0,0,0,0,0,0,0,,,,,,
6/16/26,687,552,10,"4,5",0,0,3,"1,3",0,0,0,0,49,10,0,3,0,0,0,,,,,,
6/16/26,687,523,27.5,"2,3",0,0,0,0,0,0,0,0,17,5,0,1,0,0,0,,,,,,
6/16/26,687,512,16.43,"2,3,4,5",0,0,1.43,"2,4",0,0,0,0,111,10,2,5,"4,14","2,1",1,,,,,,
6/16/26,687,537,10,"1,4",0,0,1,"3,5",0,0,0,0,120,11,1,1,7,1,1,,,,,,
6/16/26,687,573,12.14,"1,2,3",0,0,3.57,"1,2",0,0,0,0,39,5,1,1,2,1,0,,,,,,
6/16/26,687,587,13.16,"1,3,4,5,6",0,0,2.91,"1,3,4",0,0,0,0,51,8,0,2,4,1,1,,,,,,
6/16/26,687,549,dead,0,0,0,0,0,0,0,0,0,0,0,0,0,0,0,0,,,,,,
6/16/26,687,524,dead,0,0,0,0,0,0,0,0,0,0,0,0,1,0,0,1,,,,,,
6/16/26,687,382,35.63,"2,3,4",0,0,0,0,0,0,0,0,60,8,0,2,4,1,0,,,,,,
6/16/26,687,592,dead,0,0,0,0,0,0,0,0,0,0,0,0,0,0,0,0,,,,,,
6/16/26,687,595,56.87,"1,2,3,4,5",0,0,0,0,0,0,0,0,37,3,0,1,0,0,1,,,,,,
6/16/26,687,591,dead,0,0,0,0,0,0,0,0,0,0,0,0,0,0,0,0,,,,,,
6/16/26,687,584,7,"2,3,4",0,0,2,3,0,0,0,0,44,7,0,2,0,0,2,,,,,,
6/16/26,687,529,15.7,"2,3,4",0,0,5,"3,4,5",0,0,0,0,105,12,0,1,7,1,0,,,,,,
6/17/26,574,565,dead,0,0,0,0,0,0,0,0,0,0,0,0,0,0,0,0,,,,,,
6/17/26,574,381,dead,0,0,0,0,0,0,0,0,0,0,0,0,0,0,0,0,,,,,,
6/17/26,574,522,dead,0,0,0,0,0,0,0,0,0,0,0,0,0,0,0,0,,,,,,
6/17/26,574,590,dead,0,0,0,0,0,0,0,0,0,0,0,0,0,0,0,0,,,,,,
6/17/26,574,579,dead,0,0,0,0,0,0,0,0,0,0,0,0,0,0,0,0,,,,,,
6/17/26,574,535,dead,0,0,0,0,0,0,0,0,0,0,0,0,0,0,0,0,,,,,,
6/17/26,574,371,dead,0,0,0,0,0,0,0,0,0,0,0,0,0,0,0,0,,,,,,
6/17/26,574,540,0,0,0,0,0,0,0,0,0,0,32,na,0,4,0,0,0,,,,,,
6/17/26,574,366,0,0,0,0,0,0,0,0,0,0,64,na,0,6,0,0,1,,,,,,
6/17/26,574,374,0,0,0,0,0,0,0,0,0,0,36,na,0,3,0,0,0,,,,,,
6/17/26,695,562,dead,0,0,0,0,0,0,0,0,0,0,0,0,0,0,0,0,,,,,,
6/17/26,695,597,0,0,0,0,0,0,0,0,0,0,104,na,0,6,0,0,0,,,,,,
6/17/26,695,358,1,1,0,0,1,1,0,0,0,0,81,10,2,7,"10,6","2,1",0,,,,,,
6/17/26,695,515,0,0,0,0,5,2,0,0,0,0,62,5,0,2,0,0,0,,,,,,
6/17/26,695,359,dead,0,0,0,0,0,0,0,0,0,0,0,0,0,0,0,0,,,,,,
6/17/26,695,534,0,0,0,0,3.1,"1,2",0,0,0,0,122,10,5,11,2,1,0,,,,,,
6/17/26,695,527,1.5,3,0,0,4.5,"2,3",0,0,0,0,111,7,3,4,12,1,0,,,,,,
6/17/26,695,583,0,0,0,0,0,0,0,0,0,0,64,10,0,3,0,0,0,,,,,,
6/17/26,695,594,0,0,0,0,0,0,0,0,0,0,29,5,0,2,0,0,0,,,,,,
6/17/26,695,531,0,0,0,0,0,0,0,0,0,0,54,4,5,7,0,0,0,,,,,,
6/17/26,695,598,dead,0,0,0,0,0,0,0,0,0,0,0,0,1,0,0,0,,,,,,
6/17/26,695,509,dead,0,0,0,0,0,0,0,0,0,0,0,0,0,0,0,0,,,,,,
6/17/26,695,561,0,0,0,0,0,0,0,0,0,0,34,4,0,2,0,0,0,,,,,,
6/17/26,695,576,11.4,"2,3",0,0,5,"2,3,4",0,0,0,0,111,10,3,4,"6,2","2,1",0,,,,,,
6/17/26,636,548,na,0,0,0,0,0,0,0,0,0,0,0,0,0,0,0,0,,,,,,
6/17/26,636,303,dead,0,0,0,0,0,0,0,0,0,0,0,0,0,0,0,0,,,,,,
6/17/26,636,397,na,0,0,0,0,0,0,0,0,0,0,0,0,0,0,0,0,,,,,,
6/17/26,636,566,na,0,0,0,0,0,0,0,0,0,0,0,0,0,0,0,0,,,,,,
6/17/26,636,516,1.9,"2,3,4",1.6,"2,3,4",1.6,"2,4",0,0,0,0,175,15,2,4,"10,8","2,1",0,,,,,,
6/17/26,636,596,7.9,"1,2,4,5",0,0,0.4,4,0,0,0,0,19,22,4,7,20,2,0,,,,,,
6/17/26,636,514,0,0,5,"2,3,4",5,"1,3",0,0,0,0,150,14,2,4,"8,12","2,1",0,,,,,,
6/17/26,636,599,0.8,"2,3",1.4,"2,3,4,5",0.2,4,0,0,0,0,224,40,7,6,"21,12","2,1",0,,,,,,
6/17/26,636,559,2.1,5,0,0,5.4,"1,2,3",0,0,0,0,145,16,2,3,"5,2","2,1",0,,,,,,
6/17/26,636,541,0.5,5,0.5,"2,3,4,5",2.7,"1,2,3",0,0,0,0,152,15,2,3,"8,4","2,1",0,,,,,,
6/17/26,636,517,12.5,3,0,0,0,0,0,0,0,0,45,6,0,1,0,0,0,,,,,,
6/17/26,636,577,3,"1,3,5,6",1,"2,3,4,5",0.2,2,0,0,0,0,180,14,4,5,19,2,0,,,,,,
6/17/26,636,571,2.9,"2,3,4",1,"2,3,4",0,0,0,0,0,0,144,8,2,1,"12,4","2,1",0,,,,,,
6/17/26,636,544,3.2,"3,4",0.9,"3,4",0.9,5,0,0,0,0,130,11,1,4,"10,2","2,1",0,,,,,,
6/17/26,636,530,8.4,"3,4,5",1,"2,3,4,5",2.8,"2,3,4,5",0,0,0,0,154,25,4,7,"10,3","2,1",0,,,,,,
6/15/26,311,316,2.1,"3,4",0,0,1.1,2,"1,1.8",2,0,0,110,20,4,8,20,2,0,,,,,,
6/15/26,311,354,4.2,"1,2,3",0,0,3.4,"1,2,3",0,0,0,0,87,8,2,4,"12,2","2,1",1,,,,,,
6/15/26,311,325,3.2,2,2,0.7,2,0,0,0,0,0,79,11,8,6,"25,2","2,1",0,,,,,,
6/15/26,311,315,1.9,3,0,0,0,0,0,0,0,0,85,15,3,7,12,2,0,,,,,,
6/15/26,311,314,1.9,"2,3,6",0,0,0,0,0,0,0,0,84,9,6,6,"17,1","2,1",0,,,,,,
6/15/26,311,308,3.9,"2,3,4",0,0,1.1,2,0,0,0,0,60,4,1,4,9,2,0,,,,,,
6/15/26,311,313,2.5,"2,4,5",0,0,1.3,1,0,0,0,0,109,9,4,3,17,2,0,,,,,,
6/15/26,311,304,2.8,"3,4,5",0,0,2,"3,4","1,0.8",7,0,0,166,19,9,15,24,2,1,,,,,,
6/15/26,311,289,0.9,2,0,0,1.4,"1,2",0,0,0,0,44,6,1,2,"4,6","2,1",0,,,,,,
6/15/26,311,361,0.6,4,0,0,0,0,0,0,0,0,41,4,2,2,8,2,0,,,,,,
6/15/26,311,342,1.6,"2,5",0,0,1,2,0,0,0,0,111,8,4,6,19,2,0,,,,,,
6/15/26,311,345,7.9,"2,4,5,6",0,0,1.9,"2,4,5",0,0,0,0,109,8,5,2,"11,4","2,1",0,,,,,,
6/15/26,311,310,4.2,"2,3",0,0,1.9,"2,3","1,1.9",3,0,0,105,6,5,6,"10,6","2,1",0,,,,,,
6/15/26,311,305,2.8,"2,3,4",0,0,2.8,"2,3",0,0,0,0,83,10,2,3,"5,6","2,1",1,,,,,,
6/15/26,319,338,1.5,4,1,"3,4",4.1,"1,2,3,4",0,0,0,0,61,8,2,2,"6,2","2,1",0,,,,,,
6/15/26,319,353,0.9,"3,4",1.1,3,1.9,"3,5",0,0,0,0,94,8,3,5,18,2,0,,,,,,
6/15/26,319,331,11,"1,2,3,4",0,0,1,"1,2,3",0,0,0,0,72,6,2,3,"9,4","2,1",0,,,,,,
6/15/26,319,329,0.8,4,0,0,0.8,"1,3",0,0,0,0,72,12,4,4,18,2,0,,,,,,
6/15/26,319,324,2.6,"2,3",0,0,0.9,"1,2",0,0,0,0,54,15,1,3,9,2,0,,,,,,
6/15/26,319,328,1.1,"2,3,4",1.4,"2,3",3.2,"2,3",0,0,0,0,98,8,2,4,"4,5","2,1",0,,,,,,
6/15/26,319,321,dead,0,0,0,0,0,0,0,0,0,0,0,0,0,0,0,0,,,,,,
6/15/26,319,352,4.2,"2,3,4",0.8,5,0.6,6,0,0,0,0,120,10,7,6,17,2,0,,,,,,
6/15/26,319,340,6.6,"2,4,5",0,0,3.3,2,0,0,0,0,6,10,2,4,"10,2","2,1",0,,,,,,
6/15/26,319,392,2.5,"1,2,3",0.8,1,1,"2,3",0,0,0,0,55,7,1,3,7,1,0,,,,,,
6/15/26,319,323,0.6,4,0,0,2.6,"1,2,3,4",0,0,0,0,118,21,4,5,16,2,0,,,,,,
6/15/26,319,349,2.3,"4,5",0,0,0.4,5,0,0,0,0,111,18,6,5,"12,8","2,1",0,,,,,,
6/15/26,319,334,4.2,"3,4",0.5,2,3.3,"2,3",0,0,0,0,104,14,5,3,15.3,"2,1",0,,,,,,
6/15/26,319,322,1.5,"2,3,4",0,0,4.3,"1,2,3,4",0,0,0,0,76,8,2,3,"7,5","2,1",0,,,,,,
6/15/26,319,348,8.5,"3,4",0,0,2.5,2,0,0,0,0,75,10,3,4,10,2,0,,,,,,
6/15/26,347,326,na,0,0,0,0,0,0,0,0,0,0,0,0,0,0,0,0,,,,,,
6/15/26,347,312,4.6,"2,3,4",0,0,3.8,"2,3,4","2,10","3,4",0,0,46,8,4,1,3,1,0,,,,,,
6/15/26,347,344,3.3,3,0,0,0.7,"2,3,4","1,3.3",3,0,0,60,6,6,4,"16,10","2,1",0,,,,,,
6/15/26,347,335,5.7,3,0,0,0,0,"3,14.3","2,3",0,0,45,6,3,2,1,1,0,,,,,,
6/15/26,347,370,0,0,0,0,0,0,0,0,0,0,35,2,0,0,0,0,0,,,,,,
6/15/26,347,317,0,0,0,0,0,0,0,0,0,0,39,2,0,2,0,0,1,,,,,,
6/15/26,347,355,5.6,"3,4",0,0,0,0,"3,12.5","3,4",0,0,60,10,5,4,6,1,0,,,,,,
6/15/26,347,362,dead,0,0,0,0,0,0,0,0,0,0,0,0,1,0,0,0,,,,,,
6/15/26,347,365,5.1,"2,3,4,5",0,0,1.6,"2,3,4,5","2,5","2,3",0,0,75,6,4,4,"10,6","2,1",0,,,,,,
6/15/26,347,356,1.8,"2,4",0,0,0,0,0,0,0,0,79,8,2,7,"10,6","2,1",0,,,,,,
6/15/26,320,372,dead,0,0,0,0,0,0,0,0,0,0,0,0,0,0,0,0,,,,,,
6/15/26,320,327,dead,0,0,0,0,0,0,0,0,0,0,0,0,0,0,0,0,,,,,,
6/15/26,320,332,dead,0,0,0,0,0,0,0,0,0,0,0,0,0,0,0,0,,,,,,
6/15/26,320,389,dead,0,0,0,0,0,0,0,0,0,0,0,0,8,0,0,0,,,,,,
6/15/26,320,379,1.3,5,0,0,0,0,0,0,0,0,46,8,1,3,0,0,0,,,,,,
6/15/26,320,343,8.5,"2,3",0,0,0,0,0,0,0,0,43,6,1,1,"2,3","2,1",0,,,,,,
6/15/26,320,390,0,0,0,0,3.1,"2,3,4",0,0,0,0,52,6,2,4,4,1,0,,,,,,
6/15/26,320,378,2,"2,3",0.5,"2,3",1,"2,3",0,0,0,0,30,5,3,3,1,1,0,,,,,,
6/15/26,320,384,dead,0,0,0,0,0,0,0,0,0,0,0,0,2,0,0,0,,,,,,
6/15/26,320,373,0,0,0,0,0,0,"1,6.6",2,0,0,38,8,0,3,0,0,0,,,,,,
6/15/26,320,306,1.9,"2,3,4",0,0,1.9,"2,3,4",0,0,0,0,30,6,1,2,0,0,0,,,,,,
6/15/26,387,377,8.6,"2,3,4,5,6",0,0,1.4,"2,3,4,5,6","2,2.4",4,"1,0.7",5,142,12,10,35,"16,6","2,1",0,,,,,,
6/15/26,387,375,1.9,5,0,0,1.9,"3,4",0,0,"3,10.6","4,5",65,8,1,4,2,1,0,,,,,,
6/15/26,387,383,dead,0,0,0,0,0,0,0,0,0,0,0,0,9,0,0,0,,,,,,
6/15/26,387,394,dead,0,0,0,0,0,0,0,0,0,0,0,0,0,0,0,0,,,,,,
6/15/26,387,363,10.6,"2,3,4",0,0,0,0,0,0,0,0,65,10,2,8,0,0,4,,,,,,
6/15/26,387,385,1.8,"2,3,4,5",0,0,3.4,"2,3,4,5",0,0,0,0,119,14,1,11,"6,10","2,1",0,,,,,,
6/15/26,387,376,7.7,"2,3,4,5,6,7",0,0,1.6,"2,3,4,5,6,7",0,0,"1,1.1",4,96,10,5,16,6,2,5,,,,,,
6/15/26,387,369,0,0,0,0,0,0,0,0,0,0,92,8,2,26,0,0,4,,,,,,
6/15/26,387,271,0,0,0,0,0,0,0,0,0,0,114,12,7,23,0,0,0,,,,,,
6/15/26,387,400,20,"2,3,4,5",0,0,5.6,"4,5",0,0,"3,1",4,50,8,1,8,0,0,2,,,,,,
6/15/26,387,386,dead,0,0,0,0,0,0,0,0,0,0,0,0,0,0,0,0,,,,,,
6/15/26,387,330,dead,0,0,0,0,0,0,0,0,0,0,0,0,22,0,0,10,,,,,,
6/15/26,387,351,0,0,0,0,0,0,0,0,0,0,55,6,2,6,0,0,0,,,,,,
6/15/26,302,399,na,0,0,0,0,0,0,0,0,0,0,0,0,0,0,0,0,,,,,,
6/15/26,302,307,dead,0,0,0,0,0,0,0,0,0,0,0,0,0,0,0,0,,,,,,
6/15/26,302,278,0,0,0,0,2.5,1,0,0,0,0,30,5,0,1,0,0,0,,,,,,
6/15/26,302,337,0,0,2.5,3,2.5,"1,4",0,0,0,0,36,6,1,1,0,0,0,,,,,,
6/15/26,302,395,0,0,6.3,"1,2,3,4",0,0,0,0,0,0,40,8,1,1,0,0,0,,,,,,
6/15/26,302,393,10,5,0,0,0,0,0,0,0,0,82,8,2,0,6,2,0,,,,,,
6/15/26,302,309,6.4,4,0,0,0,0,0,0,0,0,64,6,0,2,2,1,0,,,,,,
6/15/26,302,341,0,0,0,0,2.5,1,0,0,0,0,64,6,1,1,4,2,0,,,,,,
6/15/26,302,225,0,0,0,0,0,0,0,0,0,0,34,4,0,1,0,0,0,,,,,,
6/15/26,302,391,0,0,4.4,3,9.4,"1,2",0,0,0,0,43,6,1,1,0,0,0,,,,,,
6/15/26,302,396,18,"2,3,4",3.5,"2,4",0.5,1,0,0,0,0,72,6,2,2,2,1,0,,,,,,
6/15/26,302,274,0,0,0,0,1.7,"1,2",0,0,0,0,46,7,0,0,0,0,0,,,,,,
6/15/26,302,346,21,"1,2,3",0,0,0,0,0,0,0,0,23,5,1,1,0,0,0,,,,,,
6/15/26,302,380,10,"1,2",3,"1,2,3",0,0,0,0,0,0,20,5,1,0,0,0,0,,,,,,
6/22/26,696,28,3.9,"2,4",0,0,7.2,"1,2,3,4",0,0,0,0,60,14,2,6,"1,4","2,1",1,,,,,,
6/22/26,696,33,16,"1,2,3",0,0,2.8,1,0,0,0,0,27,7,1,2,2,2,0,,,,,,
6/22/26,696,5,dead,0,0,0,0,0,0,0,0,0,0,0,0,0,0,0,0,,,,,,
6/22/26,696,27,5.6,"2,3,4,5,6",0.6,"5,6",1.4,1,0,0,0,0,123,12,7,14,23,1,1,,,,,,
6/22/26,696,39,1.6,4,0,0,1.3,"1,2","2,2.5","1,2",0,0,47,10,1,6,"9,6","2,1",0,,,,,,
6/22/26,696,37,22.7,"1,2,3",0,0,1.8,4,0,0,0,0,50,7,3,6,"10,2","2,1",0,,,,,,
6/22/26,696,32,2.5,2.3.4.5,0,0,1.8,3,1.1.1,4,0,0,57,12,3,6,15,1,1,,,,,,
6/22/26,696,31,8.5,"1,2,3,4",0,0,0.5,3,0,0,0,0,39,10,1,4,1,1,0,,,,,,
6/22/26,696,1,9.5,1.2.4,0,0,0,0,0,0,0,0,62,14,1,4,"2,5","2,1",0,,,,,,
6/22/26,696,34,2.9,"2,3",0,0,0.4,3,0,0,0,0,62,10,1,9,"4,6","2,1",3,,,,,,
6/22/26,696,29,4.6,"2,3,4",2.1,"2,3,4",2.1,"1,2,3","1,4.2",2,"1,2.1",3,72,8,2,6,2,1,0,,,,,,
6/22/26,696,17,5.9,"1,3,4,5",0,0,2.5,"1,3,5",0,0,0,0,104,8,5,17,15,1,0,,,,,,
6/22/26,696,36,4.5,"2,3,4",0,0,4.5,"2,3,4",0,0,0,0,44,10,2,3,2,1,0,,,,,,
6/22/26,696,44,21.4,"1,2,3",0,0,0,0,0,0,0,0,50,6,2,2,6,1,0,,,,,,
6/22/26,696,4,9.2,"1,2,4,5",0,0,1.1,3,0,0,0,0,94,12,2,11,"2,15","2,1",0,,,,,,
6/22/26,670,14,0.4,4,0,0,2.8,"3,4",0,0,0,0,80,19,2,6,"3,9","2,1",0,,,,,,
6/22/26,670,42,0,0,2,"1,2,3,4",3.5,"1,2,3",0,0,0,0,85,10,4,7,"10,6","2,1",0,,,,,,
6/22/26,670,38,6.6,"1,2,3",2,"1,2,3,4,5",2.1,1,0,0,0,0,110,19,3,7,"4,10","2,1",0,,,,,,
6/22/26,670,11,10.6,"1,2,4",2,"1,2,3,4",0,0,0,0,0,0,65,15,1,4,"2,6","2,1",0,,,,,,
6/22/26,670,20,17.2,"1,2,3",0.5,"3,4",0,0,0,0,0,0,45,14,1,4,"4,6","2,1",0,,,,,,
6/22/26,670,35,0,0,4.4,"1,3,4,5",0,0,0,0,0,0,55,10,0,0,0,0,0,,,,,,
6/22/26,670,7,11.1,"1,2",1,"1,2,3",8.3,3,0,0,0,0,45,13,1,6,"6,2","2,1",1,,,,,,
6/22/26,670,21,3.8,"2,3,4",0,0,1.7,"2,3",0,0,0,0,79,17,3,3,"10,6","2,1",0,,,,,,
6/22/26,670,12,0.8,3,2.9,"2,3,4",2.1,"1,4",0,0,0,0,84,20,2,3,"8,4","2,1",0,,,,,,
6/22/26,670,41,3.6,"1,2,3,4",5,"1,2,3,4",0,0,0,0,0,0,73,8,1,3,"4,8","2,1",0,,,,,,
6/22/26,670,40,7.2,"1,2,3",3.9,"1,2,3",3.9,"2,3",0,0,0,0,53,8,3,2,"4,10","2,1",0,,,,,,
6/22/26,670,23,5,2,3.2,"2,3,4,5",0.9,5,0,0,0,0,52,6,3,7,12,2,0,,,,,,
6/22/26,670,19,0,0,1.2,"1,2,3",0,0,0,0,0,0,125,10,4,13,24,2,0,,,,,,
6/22/26,670,26,2.8,"2,4",2,"1,2,3,4",0,0,0,0,0,0,80,15,0,2,"2,8","2,1",0,,,,,,
6/22/26,670,22,5.6,"3,4,5",0,0,4.4,3,0,0,0,0,100,19,2,5,"6,7","2,1",0,,,,,,
6/22/26,899,3,0,0,0,0,2.5,"3,4",0,0,0,0,85,13,5,6,12,2,0,,,,,,
6/22/26,899,13,6.3,3,2.5,4,0,0,0,0,0,0,60,15,2,1,4,1,0,,,,,,
6/22/26,899,8,0.8,2,0,0,1.9,4,0,0,0,0,97,8,3,16,"8,8","2,1",0,,,,,,
6/22/26,899,9,na,0,0,0,0,0,0,0,0,0,0,0,0,0,0,0,0,,,,,,
6/22/26,899,24,0,0,0,0,9,2,0,0,0,0,20,4,1,2,2,1,0,,,,,,
6/22/26,899,2,9,1,0,0,0,0,0,0,0,0,70,12,5,5,10,1,0,,,,,,
6/22/26,899,16,7.1,"1,3",0,0,0.8,"1,2,3",0,0,0,0,85,8,2,7,"6,8","2,1",0,,,,,,
6/22/26,899,10,na,0,0,0,0,0,0,0,0,0,0,0,0,0,0,0,0,,,,,,
6/22/26,899,43,5,1,1,"2,3",0,0,0,0,0,0,130,20,3,7,"10,6","2,1",0,,,,,,
6/22/26,899,45,dead,0,0,0,0,0,0,0,0,0,0,0,0,0,0,0,0,,,,,,
6/22/26,899,6,0,0,0,0,0,0,0,0,0,0,20,4,0,1,2,2,0,,,,,,
6/22/26,899,18,8.5,"3,4",0,0,0.9,2,0,0,0,0,68,15,3,2,"4,4","2,1",0,,,,,,
6/22/26,624,45,0,0,14.5,"2,3,4",0.9,2,0,0,0,0,24,10,2,3,10,1,0,,,,,,
6/22/26,624,43,0,0,10.62,"1,2,3",2.5,1,0,0,0,0,15,8,0,0,4,1,0,,,,,,
6/22/26,624,44,0,0,5.71,"2,3",0,0,0,0,0,0,13,6,0,1,0,0,0,,,,,,
6/22/26,624,37,0,0,27.2,"1,2,3,4",0,0,0,0,0,0,49,19,2,2,2,1,0,,,,,,
6/22/26,624,25,0,0,1.66,3,5.88,"1,2,3,4",0,0,0,0,33,6,1,2,0,0,0,,,,,,
6/22/26,624,39,dead,0,0,0,0,0,0,0,0,0,0,0,0,0,0,0,0,,,,,,
6/22/26,624,40,0,0,5,2,1.66,2,0,0,0,0,21,7,0,1,0,0,0,,,,,,
6/22/26,624,41,0,0,0,0,0,0,0,0,0,0,14,3,0,0,0,0,0,,,,,,
6/22/26,624,42,0,0,0,0,1.66,"1,2,4",0,0,0,0,79,12,2,7,0,0,0,,,,,,
6/22/26,624,31,0,0,0,0,1.66,"1,2",0,0,0,0,20,7,0,0,0,0,0,,,,,,
6/22/26,624,30,4,4,1.5,2,1.5,"1,3",0,0,0,0,67,14,1,0,0,0,0,,,,,,
6/22/26,624,35,0,0,2.75,"3,4",0,0,0,0,0,0,49,11,0,3,0,0,0,,,,,,
6/22/26,624,36,3.8,"1,2",0.67,"3,4",5.38,"1,2,3",0,0,0,0,37,9,1,0,4,1,0,,,,,,
6/22/26,624,38,0,0,1.15,3,8.8,"1,2,3",0,0,0,0,40,8,2,1,0,0,0,,,,,,
6/22/26,624,33,0,0,0,0,4.16,1,0,0,0,0,12,9,0,0,0,0,0,,,,,,
6/22/26,672,26,0.83,"2,3",0,0,0,0,0,0,0,0,13,6,1,0,0,0,0,,,,,,
6/22/26,672,24,0,0,2.5,3,0.25,2,0,0,0,0,30,11,1,1,0,0,0,,,,,,
6/22/26,672,29,0,0,0,0,2.5,1,0,0,0,0,14,5,0,1,0,0,0,,,,,,
6/22/26,672,28,0,0,0,0,1.63,"1,3",0,0,0,0,39,10,1,1,0,0,0,,,,,,
6/22/26,672,34,0,0,0.6,3,1.87,1,0,0,0,0,29,12,1,1,0,0,0,,,,,,
6/22/26,672,27,1,2,0,0,2,1,0,0,0,0,27,15,0,0,0,0,0,,,,,,
6/22/26,672,23,0,0,0,0,1.42,1,0,0,0,0,22,5,0,0,0,0,0,,,,,,
6/22/26,672,13,0,0,0,0,0.83,1,0,0,0,0,22,3,0,0,0,0,0,,,,,,
6/22/26,632,18,14.5,"1,2,3",0,0,2,2,0,0,0,0,21,6,2,1,6,1,0,,,,,,
6/22/26,632,12,25.83,"1,2",0,0,0.83,2,0,0,0,0,13,3,0,1,0,0,0,,,,,,
6/22/26,632,11,11.4,"1,2",0,0,0.7,2,0,0,0,0,16,4,0,1,0,0,0,,,,,,
6/22/26,632,5,2.85,"1,2",0,0,0.4,3,0,0,0,0,22,3,0,2,0,0,0,,,,,,
6/22/26,632,8,0,0,0,0,1.43,"1,2",0,0,0,0,16,3,0,2,4,1,0,,,,,,
6/22/26,632,9,1,1,0,0,1,2,0,0,0,0,41,9,1,2,6,1,0,,,,,,
6/22/26,632,7,6.66,1,0,0,0.33,2,0,0,0,0,53,5,3,3,8,1,0,,,,,,
6/22/26,632,3,6.87,"2,3,4",0,0,3.12,"1,2",0,0,0,0,20,10,0,1,5,1,0,,,,,,
6/22/26,632,16,18.75,"2,3",0,0,1.87,"1,2",0,0,0,0,21,6,0,1,4,1,0,,,,,,
6/22/26,632,10,3.39,1,1.6,1,0.5,2,0,0,0,0,19,5,0,1,0,0,0,,,,,,
6/22/26,632,17,0.63,2,0,0,0.63,2,0,0,0,0,39,5,0,2,4,1,0,,,,,,
6/22/26,632,30,23.143,"1,2",0,0,0,0,0,0,0,0,17,5,1,0,0,0,0,,,,,,
6/22/26,632,2,23.75,"1,2,3",0,0,1.25,2,0,0,0,0,32,6,0,2,0,0,0,,,,,,
6/22/26,632,6,0,0,0,0,1.14,"2,3",0,0,0,0,52,10,1,3,10,1,0,,,,,,
6/22/26,632,1,2.22,2,0,0,2.66,"1,2",0,0,0,0,29,13,1,0,4,1,0,,,,,,
6/10/26,34,10,0,0,0,0,0,0,0,0,0,0,69,7,0,4,0,0,0,,,,,,
6/10/26,34,76,0,0,0,0,0.2,2,0,0,0,0,80,10,3,13,3,1,0,,,,,,
6/10/26,34,81,na,0,0,0,0,0,0,0,0,0,0,0,0,0,0,0,0,,,,,,
6/10/26,34,28,7.78,"2,4",0,0,0.5,3,0,0,0,0,35,10,0,2,0,0,0,,,,,,
6/10/26,34,4,na,0,0,0,0,0,0,0,0,0,0,0,0,0,0,0,0,,,,,,
6/10/26,34,53,na,0,0,0,0,0,0,0,0,0,0,0,0,0,0,0,0,,,,,,
6/10/26,34,47,2.33,4,0,0,0.67,3,0,0,0,0,59,9,4,10,0,0,0,,,,,,
6/10/26,34,8,0,0,0,0,0,0,0,0,0,0,32,20,0,1,0,0,0,,,,,,
6/10/26,34,14,2.08,"4,5,6",0,0,2.08,"2,4",0,0,0,0,93,12,3,9,0,0,0,,,,,,
6/10/26,34,2,dead,0,0,0,0,0,0,0,0,0,0,0,0,0,0,0,0,,,,,,
6/10/26,34,38,0,0,0.68,"3,5",0.6,"3,4",0,0,0,0,102,14,8,24,6,1,4,,,,,,
6/10/26,34,21,0,0,0,0,0.9,"4,5","1,3.18",3,0,0,71,15,2,7,4,1,0,,,,,,
6/10/26,34,50,1.67,"2,3",0,0,0,0,0,0,0,0,19,9,0,3,0,0,0,,,,,,
6/10/26,34,23,1.09,5,0,0,3.18,"1,3,4",0,0,0,0,94,13,2,8,4,1,0,,,,,,
6/10/26,15,56,dead,0,0,0,0,0,0,0,0,0,0,0,0,0,0,0,0,,,,,,
6/10/26,15,71,dead,0,0,0,0,0,0,0,0,0,0,0,0,0,0,0,0,,,,,,
6/10/26,15,54,dead,0,0,0,0,0,0,0,0,0,0,0,0,0,0,0,0,,,,,,
6/10/26,15,65,dead,0,0,0,0,0,0,0,0,0,0,0,0,1,0,0,0,,,,,,
6/10/26,15,31,dead,0,0,0,0,0,0,0,0,0,0,0,0,0,0,0,0,,,,,,
6/10/26,15,40,dead,0,0,0,0,0,0,0,0,0,0,0,0,0,0,0,0,,,,,,
6/10/26,15,12,0,0,0,0,0.5,"2,3",0,0,0,0,80,9,4,11,12,1,0,,,,,,
6/10/26,15,69,10,"3,4,5",0,0,0,0,0,0,0,0,70,12,1,10,2,1,0,,,,,,
6/10/26,15,52,1.4,"3,4,5",0,0,0.5,3,"2,2","5,6",0,0,104,10,7,26,4,1,0,,,,,,
6/10/26,15,49,dead,0,0,0,0,0,0,0,0,0,0,0,0,5,0,0,0,,,,,,
6/10/26,15,35,0,0,0,0,0,0,0,0,0,0,na,na,0,4,0,0,0,,,,,,
6/10/26,15,70,0.8,3,0,0,0.8,3,0,0,0,0,76,10,3,10,2,1,0,,,,,,
6/10/26,80,118,0,0,0,0,6,"2,3,4",0,0,0,0,57,10,0,2,6,1,0,,,,,,
6/10/26,80,126,0,0,0,0,1.25,2,0,0,0,0,26,7,0,1,0,0,0,,,,,,
6/10/26,80,121,dead,0,0,0,0,0,0,0,0,0,0,0,0,0,0,0,0,,,,,,
6/10/26,80,848,0,0,0,0,2.5,3,0,0,0,0,49,15,1,3,8,1,0,,,,,,
6/10/26,80,164,dead,0,0,0,0,0,0,0,0,0,0,0,0,0,0,0,0,,,,,,
6/10/26,80,698,0,0,0,0,2,"1,2",0,0,0,0,29,8,0,0,0,0,0,,,,,,
6/10/26,80,912,0,0,0,0,1.25,2,0,0,0,0,20,3,0,1,0,0,0,,,,,,
6/10/26,80,111,0,0,0,0,0,0,0,0,0,0,38,6,0,1,2,1,0,,,,,,
6/10/26,80,763,0,0,0,0,0.5,1,0,0,0,0,22,4,0,1,2,1,0,,,,,,
6/10/26,80,100,dead,0,0,0,0,0,0,0,0,0,0,0,0,0,0,0,0,,,,,,
6/10/26,80,125,0,0,0,0,0,0,0,0,0,0,40,9,0,0,0,0,0,,,,,,
6/10/26,80,105,dead,0,0,0,0,0,0,0,0,0,0,0,0,0,0,0,0,,,,,,
6/10/26,80,110,0,0,0,0,1,"1,3",0,0,0,0,123,21,0,4,"4,8","2,1",0,,,,,,
6/10/26,80,101,dead,0,0,0,0,0,0,0,0,0,0,0,0,0,0,0,0,,,,,,
6/10/26,80,145,dead,0,0,0,0,0,0,0,0,0,0,0,0,0,0,0,0,,,,,,
6/10/26,6,169,na,0,0,0,0,0,0,0,0,0,0,0,0,0,0,0,0,,,,,,
6/10/26,6,159,na,0,0,0,0,0,0,0,0,0,0,0,0,0,0,0,0,,,,,,
6/10/26,6,103,na,0,0,0,0,0,0,0,0,0,0,0,0,0,0,0,0,,,,,,
6/10/26,6,171,dead,0,0,0,0,0,0,0,0,0,0,0,0,0,0,0,0,,,,,,
6/10/26,6,811,0,0,0,0,0,0,0,0,0,0,18,na,0,1,0,0,0,,,,,,
6/10/26,6,166,dead,0,0,0,0,0,0,0,0,0,0,0,0,0,0,0,0,,,,,,
6/10/26,6,134,0,0,0,0,0,0,0,0,0,0,21,na,0,2,0,0,1,,,,,,
6/10/26,6,235,na,0,0,0,0,0,0,0,0,0,0,0,0,0,0,0,0,,,,,,
6/10/26,6,44,dead,0,0,0,0,0,0,0,0,0,0,0,0,0,0,0,0,,,,,,
6/10/26,6,71,dead,0,0,0,0,0,0,0,0,0,0,0,0,0,0,0,0,,,,,,
6/10/26,6,59,dead,0,0,0,0,0,0,0,0,0,0,0,0,0,0,0,0,,,,,,
6/10/26,6,181,dead,0,0,0,0,0,0,0,0,0,0,0,0,0,0,0,0,,,,,,
6/10/26,6,163,dead,0,0,0,0,0,0,0,0,0,0,0,0,0,0,0,0,,,,,,
6/10/26,6,116,0,0,0,0,16.3,"2,3",0,0,0,0,13,5,0,1,0,0,0,,,,,,
6/10/26,6,9,0,0,0,0,0,0,0,0,0,0,55,na,1,1,0,0,0,,,,,,
6/10/26,94,109,na,0,0,0,0,0,0,0,0,0,0,0,0,0,0,0,0,,,,,,
6/10/26,94,115,na,0,0,0,0,0,0,0,0,0,0,0,0,0,0,0,0,,,,,,
6/10/26,94,107,na,0,0,0,0,0,0,0,0,0,0,0,0,0,0,0,0,,,,,,
6/10/26,94,129,dead,0,0,0,0,0,0,0,0,0,0,0,0,0,0,0,0,,,,,,
6/10/26,94,104,dead,0,0,0,0,0,0,0,0,0,0,0,0,0,0,0,0,,,,,,
6/10/26,94,175,dead,0,0,0,0,0,0,0,0,0,0,0,0,0,0,0,0,,,,,,
6/10/26,94,128,dead,0,0,0,0,0,0,0,0,0,0,0,0,0,0,0,0,,,,,,
6/10/26,94,122,0,0,0,0,0,0,0,0,0,0,na,na,0,1,0,0,0,,,,,,
6/10/26,94,152,dead,0,0,0,0,0,0,0,0,0,0,0,0,0,0,0,0,,,,,,
6/10/26,94,117,dead,0,0,0,0,0,0,0,0,0,0,0,0,0,0,0,0,,,,,,
6/10/26,94,124,dead,0,0,0,0,0,0,0,0,0,0,0,0,0,0,0,0,,,,,,
6/10/26,94,130,dead,0,0,0,0,0,0,0,0,0,0,0,0,0,0,0,0,,,,,,
6/10/26,94,127,dead,0,0,0,0,0,0,0,0,0,0,0,0,0,0,0,0,,,,,,
6/10/26,94,142,dead,0,0,0,0,0,0,0,0,0,0,0,0,0,0,0,0,,,,,,
6/10/26,94,161,0,0,0,0,0,0,0,0,0,0,na,na,0,1,0,0,0,,,,,,
6/10/26,76,165,0,0,0,0,0,0,0,0,0,0,31,8,0,1,0,0,0,,,,,,
6/10/26,76,108,0,0,0,0,0,0,"1,3.9",2,0,0,51,22,1,1,4,1,0,,,,,,
6/10/26,76,132,0,0,0,0,2,"2,3","2,2",4,"1,1",4,294,34,6,15,32,2,0,,,,,,
6/10/26,76,136,0,0,0,0,0,0,0,0,0,0,na,na,0,2,0,0,0,,,,,,
6/10/26,76,131,dead,0,0,0,0,0,0,0,0,0,0,0,0,0,0,0,0,,,,,,
6/10/26,76,113,0,0,0,0,0,0,0,0,0,0,na,na,0,1,0,0,0,,,,,,
6/10/26,76,143,dead,0,0,0,0,0,0,0,0,0,0,0,0,0,0,0,0,,,,,,
6/10/26,76,958,0,0,1.1,2,0,0,0,0,0,0,151,29,1,5,11,1,0,,,,,,
6/10/26,76,141,dead,0,0,0,0,0,0,0,0,0,0,0,0,0,0,0,0,,,,,,
6/10/26,76,106,0,0,0,0,0,0,0,0,0,0,80,12,0,1,0,0,0,,,,,,
6/10/26,76,135,10,4,0,0,0,0,0,0,0,0,158,10,0,1,4,2,0,,,,,,
6/10/26,76,146,0,0,0,0,0,0,0,0,0,0,98,24,2,0,0,0,0,,,,,,
6/10/26,76,123,0,0,0,0,1.1,2,0,0,0,0,60,15,2,6,14,1,2,,,,,,
6/10/26,96,168,0,0,2.1,2,0,0,0,0,0,0,70,12,1,4,4,1,0,,,,,,
6/10/26,96,176,0,0,0,0,0,0,"1,25",2,0,0,24,8,0,0,0,0,0,,,,,,
6/10/26,96,157,0,0,1.8,3,0,0,0,0,0,0,154,10,3,8,0,0,0,,,,,,
6/10/26,96,153,na,0,0,0,0,0,0,0,0,0,0,0,0,0,0,0,0,,,,,,
6/10/26,96,162,dead,0,0,0,0,0,0,0,0,0,0,0,0,0,0,0,0,,,,,,
6/10/26,96,154,dead,0,0,0,0,0,0,0,0,0,0,0,0,0,0,0,0,,,,,,
6/10/26,96,173,0,0,0,0,0,0,"3,14.3","3,4",0,0,100,16,0,7,0,0,0,,,,,,
6/10/26,96,177,dead,0,0,0,0,0,0,0,0,0,0,0,0,0,0,0,0,,,,,,
6/10/26,96,139,0,0,0,0,0,0,0,0,0,0,46,5,0,2,0,0,0,,,,,,
6/10/26,96,179,dead,0,0,0,0,0,0,0,0,0,0,0,0,0,0,0,0,,,,,,
6/10/26,96,119,10,1,3,3,0,0,0,0,0,0,51,12,0,3,2,1,0,,,,,,
6/10/26,96,151,0,0,3.8,3,0,0,0,0,0,0,50,8,0,2,0,0,0,,,,,,
6/10/26,96,837,dead,0,0,0,0,0,0,0,0,0,0,0,0,0,0,0,0,,,,,,
6/10/26,96,160,0,0,1.3,3,0,0,0,0,0,0,68,10,1,4,8,1,0,,,,,,
6/10/26,96,180,dead,0,0,0,0,0,0,0,0,0,0,0,0,0,0,0,0,,,,,,
6/10/26,38,172,dead,0,0,0,0,0,0,0,0,0,0,0,0,0,0,0,0,,,,,,
6/10/26,38,158,0,0,0,0,0,0,0,0,0,0,70,5,0,5,0,0,1,,,,,,
6/10/26,38,102,dead,0,0,0,0,0,0,0,0,0,0,0,0,0,0,0,0,,,,,,
6/10/26,38,146,dead,0,0,0,0,0,0,0,0,0,0,0,0,0,0,0,0,,,,,,
6/10/26,38,170,dead,0,0,0,0,0,0,0,0,0,0,0,0,0,0,0,0,,,,,,
6/10/26,38,155,dead,0,0,0,0,0,0,0,0,0,0,0,0,0,0,0,0,,,,,,
6/10/26,38,178,dead,0,0,0,0,0,0,0,0,0,0,0,0,0,0,0,0,,,,,,
6/10/26,38,138,dead,0,0,0,0,0,0,0,0,0,0,0,0,0,0,0,0,,,,,,
6/10/26,38,112,dead,0,0,0,0,0,0,0,0,0,0,0,0,0,0,0,0,,,,,,
6/10/26,38,156,dead,0,0,0,0,0,0,0,0,0,0,0,0,0,0,0,0,,,,,,
6/10/26,38,174,dead,0,0,0,0,0,0,0,0,0,0,0,0,0,0,0,0,,,,,,
6/10/26,38,120,dead,0,0,0,0,0,0,0,0,0,0,0,0,3,0,0,0,,,,,,
6/10/26,38,133,dead,0,0,0,0,0,0,0,0,0,0,0,0,0,0,0,0,,,,,,
6/10/26,38,150,dead,0,0,0,0,0,0,0,0,0,0,0,0,0,0,0,0,,,,,,
6/10/26,38,167,0,0,0,0,0,0,0,0,0,0,44,na,0,4,0,0,0,,,,,,
5/27/26,227,263,dead,0,0,0,0,0,0,0,0,0,0,0,0,0,0,0,0,,,,,,
5/27/26,227,217,dead,0,0,0,0,0,0,0,0,0,0,0,0,0,0,0,0,,,,,,
5/27/26,227,249,5.8,"2,3,4",6.6,"2,3",2.5,"2,3",0,0,0,0,44,11,2,2,8,1,0,,,,,,
5/27/26,227,264,0,0,6,"2,3,4",4,"1,2,3",0,0,0,0,44,16,1,1,8,1,0,,,,,,
5/27/26,227,253,0,0,0.7,3,0.71,1,0,0,0,0,27,8,1,1,0,0,0,,,,,,
5/27/26,227,223,0,0,11,"2,3",0,0,0,0,0,0,15,7,0,0,4,1,0,,,,,,
5/27/26,227,296,22.5,2,5,1,0,0,0,0,0,0,34,4,0,0,0,0,0,,,,,,
5/27/26,227,206,dead,0,0,0,0,0,0,0,0,0,0,0,0,0,0,0,0,,,,,,
5/27/26,227,245,0,0,9.16,"1,2",0,0,0,0,0,0,19,6,0,0,0,0,0,,,,,,
5/27/26,227,261,dead,0,0,0,0,0,0,0,0,0,0,0,0,0,0,0,0,,,,,,
5/27/26,227,226,0.71,3,0,0,2.1,2,0,0,0,0,13,6,1,0,0,0,0,,,,,,
5/27/26,227,203,2.5,2,0,0,3.1,2,0,0,0,0,19,10,0,1,0,0,0,,,,,,
5/27/26,227,281,dead,0,0,0,0,0,0,0,0,0,0,0,0,0,0,0,0,,,,,,
5/27/26,227,248,0,0,6.25,"1,2,3,4",0,0,0,0,0,0,25,4,1,0,4,1,0,,,,,,
5/27/26,227,243,0,0,8,"2,3,4",2.5,"1,2,3",0,0,0,0,37,11,2,1,8,1,0,,,,,,
5/27/26,240,213,1.87,2,2.5,3,1,1,0,0,0,0,29,12,1,0,"6,2","2,1",0,,,,,,
5/27/26,240,202,0,0,3.1,"1,3",0,0,0,0,0,0,25,15,1,0,8,1,0,,,,,,
5/27/26,240,210,0,0,0,0,1.5,"1,2",0,0,0,0,48,21,2,0,"4,4","2,1",0,,,,,,
5/27/26,240,216,0,0,14,"1,2,3",2.14,"1,2",0,0,0,0,22,14,2,0,6,1,0,,,,,,
5/27/26,240,280,0,0,2,"2,3",1.5,1,0,0,0,0,44,18,0,0,"4,4","2,1",0,,,,,,
5/27/26,240,265,0,0,7.7,"2,3",0.77,1,0,0,0,0,34,13,1,0,"4,5","2,1",0,,,,,,
5/27/26,240,222,0,0,5.6,"2,3",0.62,3,0,0,0,0,39,26,1,0,6,1,0,,,,,,
5/27/26,240,211,0,0,2.5,3,0.5,2,0,0,0,0,39,24,1,0,"4,4","2,1",0,,,,,,
5/27/26,240,255,0,0,14.3,"1,2,3,4",0.6,1,0,0,0,0,31,20,1,0,7,1,0,,,,,,
5/27/26,240,219,0.5,3,5,"2,3",0,0,0,0,0,0,71,13,2,0,"2,5","2,1",0,,,,,,
5/27/26,240,286,0,0,5,"1,2",0.5,3,0,0,0,0,15,11,0,0,4,1,0,,,,,,
5/27/26,240,256,0,0,9,2,2,1,0,0,0,0,28,6,0,0,0,0,0,,,,,,
5/27/26,240,215,0,0,2,"1,2,3",0,0,0,0,0,0,35,18,1,0,"4,8","2,1",0,,,,,,
5/27/26,240,270,0,0,0,0,0,0,0,0,0,0,8,3,0,0,0,0,0,,,,,,
5/27/26,240,214,0,0,1.8,2,0,0,0,0,0,0,27,14,0,0,6,1,0,,,,,,
5/27/26,218,208,8.18,"2,3,4",1.36,"3,4",6.36,"1,2,3",0,0,0,0,79,12,1,2,8,1,0,,,,,,
5/27/26,218,269,0,0,0,0,1.87,1,0,0,0,0,34,14,0,1,12,1,0,,,,,,
5/27/26,218,207,3.12,"3,4,5",0,0,1.87,2,0,0,0,0,46,11,1,2,8,1,0,,,,,,
5/27/26,218,210,5.62,"2,3,4",0,0,0,0,0,0,0,0,39,19,2,1,7,1,0,,,,,,
5/27/26,218,252,3.57,"2,3",0,0,2.14,"1,2",0,0,0,0,47,21,2,1,8,1,0,,,,,,
5/27/26,218,240,15.8,"1,2,3",0,0,0,0,0,0,0,0,10,3,0,0,0,0,0,,,,,,
5/27/26,218,221,0,0,0,0,0,0,0,0,0,0,20,11,1,0,2,1,0,,,,,,
5/27/26,218,287,0,0,0,0,2,"1,2",0,0,0,0,34,7,1,0,0,0,0,,,,,,
5/27/26,218,205,4.6,"1,3",0,0,0.3,1,0,0,0,0,23,6,1,0,0,0,0,,,,,,
5/27/26,218,204,dead,0,0,0,0,0,0,0,0,0,0,0,0,0,0,0,0,,,,,,
5/27/26,218,209,0,0,0.6,3,0,0,0,0,0,0,33,10,0,1,4,1,0,,,,,,
5/27/26,218,237,0,0,0,0,22,"1,2,3",0,0,0,0,26,9,1,0,4,1,0,,,,,,
5/27/26,218,220,1.44,"1,4",0,0,1.29,"1,2,3",0,0,0,0,39,11,3,1,10,1,0,,,,,,
5/27/26,218,236,1.81,"3,4,5",0,0,3.63,"1,2,3",0,0,0,0,59,17,3,0,"4,10","2,1",0,,,,,,
5/27/26,218,230,4.37,"2,3,4",0,0,1.25,1,0,0,0,0,32,11,1,0,8,1,0,,,,,,
5/27/26,699,10,14,1,0,0,0,0,0,0,0,0,15,4,0,0,0,0,0,,,,,,
5/27/26,699,11,4.2,1,1.6,3,1.6,1,0,0,0,0,25,5,1,0,0,0,0,,,,,,
5/27/26,699,3,0,0,0,0,0,0,0,0,0,0,12,4,1,0,0,0,0,,,,,,
5/27/26,699,5,16,"1,2",0,0,0,0,0,0,0,0,18,5,0,0,0,0,0,,,,,,
5/27/26,699,4,4,2,0,0,0,0,0,0,0,0,11,5,0,0,0,0,0,,,,,,
5/27/26,699,1,0,0,0.8,1,0,0,0,0,0,0,11,5,0,0,0,0,0,,,,,,
5/27/26,699,9,9.2,1,0,0,0,0,0,0,0,0,15,6,1,0,4,1,0,,,,,,
5/27/26,699,14,6.6,1,0.3,1,0,0,0,0,0,0,15,8,2,0,4,1,0,,,,,,
5/27/26,699,13,0,0,0,0,0,0,0,0,0,0,12,5,0,0,0,0,0,,,,,,
5/27/26,699,8,0,0,0,0,0,0,0,0,0,0,17,7,1,0,4,1,0,,,,,,
5/27/26,699,2,0,0,0,0,0,0,0,0,0,0,15,5,0,0,0,0,0,,,,,,
5/27/26,699,12,0,0,0,0,0,0,0,0,0,0,14,5,0,0,0,0,0,,,,,,
5/27/26,699,6,3.8,1,0,0,1.3,1,0,0,0,0,12,6,0,0,0,0,0,,,,,,
5/27/26,699,7,0,0,0,0,0,0,0,0,0,0,8,5,0,0,0,0,0,,,,,,
5/27/26,699,957,0,0,0,0,0,0,0,0,0,0,3,3,0,0,0,0,0,,,,,,
5/27/26,98,5,0,0,2,1,0,0,0,0,0,0,21,8,0,0,0,0,0,,,,,,
5/27/26,98,14,0,0,0,0,0,0,0,0,0,0,4,4,0,0,0,0,0,,,,,,
5/27/26,98,9,6.3,2,2,1,0,0,0,0,0,0,12,5,0,0,0,0,0,,,,,,
5/27/26,98,10,0,0,0,0,0,0,0,0,0,0,8,5,0,0,0,0,0,,,,,,
5/27/26,98,15,0,0,0,0,0,0,0,0,0,0,10,6,0,0,0,0,0,,,,,,
5/27/26,98,13,0,0,0,0,0,0,0,0,0,0,6,10,0,0,0,0,0,,,,,,
5/27/26,98,7,0,0,0,0,0,0,0,0,0,0,10,6,0,0,0,0,0,,,,,,
5/27/26,98,3,0,0,4,"1,2",0,0,0,0,0,0,25,10,0,0,0,0,0,,,,,,
5/27/26,98,4,0,0,0,0,0,0,0,0,0,0,14,8,0,0,0,0,0,,,,,,
5/27/26,98,1,0,0,0,0,0,0,0,0,0,0,8,6,0,0,0,0,0,,,,,,
5/27/26,98,6,0,0,10,1,0,0,0,0,0,0,5,5,0,0,0,0,0,,,,,,
5/27/26,98,11,0,0,0,0,0,0,0,0,0,0,12,6,0,0,0,0,0,,,,,,
5/27/26,98,2,0,0,0,0,0,0,0,0,0,0,8,4,0,0,0,0,0,,,,,,
5/27/26,98,8,0,0,0,0,0,0,0,0,0,0,15,8,0,0,0,0,0,,,,,,
5/27/26,98,12,0,0,0,0,0,0,0,0,0,0,12,8,0,0,0,0,0,,,,,,
5/27/26,640,3,16.6,1,0,0,0,0,0,0,0,0,8,7,0,0,0,0,0,,,,,,
5/27/26,640,1,0,0,0,0,0,0,0,0,0,0,12,10,0,0,0,0,0,,,,,,
5/27/26,640,14,0,0,0,0,0,0,0,0,0,0,7,5,0,0,0,0,0,,,,,,
5/27/26,640,15,8.3,2,0,0,0,0,0,0,0,0,7,10,0,0,0,0,0,,,,,,
5/27/26,640,13,0,0,0,0,0,0,0,0,0,0,8,6,0,0,0,0,0,,,,,,
5/27/26,640,4,2.5,1,0,0,0,0,0,0,0,0,8,5,0,0,0,0,0,,,,,,
5/27/26,640,9,5,1,0,0,0,0,0,0,0,0,10,10,0,0,0,0,0,,,,,,
5/27/26,640,6,0,0,0,0,0,0,0,0,0,0,10,8,0,0,0,0,0,,,,,,
5/27/26,640,2,0,0,0,0,0,0,0,0,0,0,10,10,0,0,0,0,0,,,,,,
5/27/26,640,10,0,0,0,0,0,0,0,0,0,0,6,8,0,0,0,0,0,,,,,,
5/27/26,640,7,0,0,0,0,0,0,0,0,0,0,10,10,0,0,0,0,0,,,,,,
5/27/26,640,12,0,0,0,0,0,0,0,0,0,0,12,8,0,0,0,0,0,,,,,,
5/27/26,640,8,0,0,0,0,0,0,0,0,0,0,7,5,0,0,0,0,0,,,,,,
5/27/26,640,11,1.6,3,0,0,0,0,0,0,0,0,14,10,0,0,0,0,0,,,,,,
5/27/26,640,5,0,0,0,0,0,0,0,0,0,0,8,8,0,0,0,0,0,,,,,,
5/27/26,698,1,2.5,1,0,0,1,1,0,0,0,0,12,8,1,0,0,0,0,,,,,,
5/27/26,698,12,0,0,0,0,5,"1,2,3",0,0,0,0,14,7,1,0,4,1,0,,,,,,
5/27/26,698,4,0,0,0,0,0.3,1,0,0,0,0,20,8,1,1,4,1,0,,,,,,
5/27/26,698,5,0,0,0,0,1.3,1,0,0,0,0,35,10,1,3,14,1,0,,,,,,
5/27/26,698,15,0,0,0.5,1,1.4,"3,4",0,0,0,0,16,7,1,1,6,1,0,,,,,,
5/27/26,698,3,0,0,1,1,0,0,0,0,0,0,16,10,1,0,8,1,0,,,,,,
5/27/26,698,9,0,0,0,0,3.6,1,0,0,0,0,24,12,1,1,8,1,0,,,,,,
5/27/26,698,7,0,0,0,0,0,0,0,0,0,0,16,10,1,1,8,1,0,,,,,,
5/27/26,698,8,0,0,0,0,0,0,0,0,0,0,18,8,1,0,8,1,0,,,,,,
5/27/26,698,11,0,0,0,0,0,0,0,0,0,0,25,10,2,1,4,1,0,,,,,,
5/27/26,698,2,0,0,0,0,3.2,1,0,0,0,0,2,2,1,1,10,1,0,,,,,,
5/27/26,698,14,0,0,0,0,5.8,1,0,0,0,0,18,8,2,0,4,1,0,,,,,,
5/27/26,698,6,0,0,0,0,0,0,0,0,0,0,12,8,1,0,4,1,0,,,,,,
5/27/26,698,10,0,0,0,0,0,0,0,0,0,0,28,10,2,1,"4,6","2,1",0,,,,,,
5/27/26,698,13,0,0,0,0,0,0,0,0,0,0,27,12,1,1,8,1,0,,,,,,
5/27/26,697,4,3.12,1,0,0,0,0,0,0,0,0,26,12,1,2,10,1,0,,,,,,
5/27/26,697,15,0,0,0,0,0.3,1,0,0,0,0,18,10,0,1,4,1,0,,,,,,
5/27/26,697,11,0,0,0,0,0.3,1,0,0,0,0,16,8,1,0,6,1,0,,,,,,
5/27/26,697,8,0,0,0,0,0.5,1,0,0,0,0,28,16,1,2,"10,2","2,1",0,,,,,,
5/27/26,697,3,0,0,0,0,2.5,"2,3","1,5.6",2,0,0,20,18,1,2,2,1,0,,,,,,
5/27/26,697,2,0,0,0,0,1,2,0,0,0,0,10,8,1,0,4,1,0,,,,,,
5/27/26,697,14,0,0,0,0,0,0,0,0,0,0,32,12,1,1,0,0,0,,,,,,
5/27/26,697,5,0,0,0,0,0.6,1,0,0,0,0,30,10,2,2,"4,4","2,1",0,,,,,,
5/27/26,697,1,0,0,0,0,0,0,0,0,0,0,18,10,0,1,"2,6","2,1",0,,,,,,
5/27/26,697,6,0,0,0,0,0,0,0,0,0,0,40,15,2,2,"4,4","2,1",0,,,,,,
5/27/26,697,9,0,0,0,0,0,0,0,0,0,0,25,8,1,2,10,1,0,,,,,,
5/27/26,697,12,0,0,0,0,0,0,0,0,0,0,18,10,0,1,0,0,0,,,,,,
5/27/26,697,10,0,0,0,0,2.5,1,0,0,0,0,18,10,2,1,8,1,0,,,,,,
5/27/26,697,7,0,0,0,0,0.3,1,0,0,0,0,50,20,5,3,"2,16","2,1",0,,,,,,
5/27/26,697,13,0,0,0,0,0,0,0,0,0,0,10,7,1,0,0,0,0,,,,,,
5/27/26,604,7,0,0,0,0,0,0,0,0,0,0,35,10,1,1,7,1,0,,,,,,
5/27/26,604,13,8.3,2,0,0,0,0,0,0,0,0,24,8,0,1,0,0,0,,,,,,
5/27/26,604,14,0,0,0,0,0,0,0,0,0,0,25,13,0,1,4,2,0,,,,,,
5/27/26,604,10,6.3,2,0,0,1.3,3,0,0,0,0,43,8,2,2,8,1,0,,,,,,
5/27/26,604,6,6.5,1,0,0,0,0,0,0,0,0,24,16,1,1,"4,8","2,1",0,,,,,,
5/27/26,604,3,0,0,0,0,0.8,1,0,0,0,0,12,10,1,0,0,0,0,,,,,,
5/27/26,604,15,0,0,0,0,0,0,0,0,0,0,24,10,2,0,8,1,0,,,,,,
5/27/26,604,12,0,0,0.8,1,0,0,0,0,0,0,14,10,1,0,0,0,0,,,,,,
5/27/26,604,1,0,0,0,0,0.8,1,0,0,0,0,12,8,1,0,0,0,0,,,,,,
5/27/26,604,4,0,0,0.63,"1,3",0,0,0,0,0,0,28,8,1,2,0,0,0,,,,,,
5/27/26,604,9,0,0,0,0,7.5,"2,3",0,0,0,0,12,8,1,0,2,1,0,,,,,,
5/27/26,604,8,0,0,0,0,0.93,3,0,0,0,0,20,14,1,1,"6,6","2,1",0,,,,,,
5/27/26,604,5,7.5,1,0,0,0,0,0,0,0,0,14,18,1,2,"4,4","2,1",0,,,,,,
5/27/26,604,11,0.7,1,0,0,0,0,0,0,0,0,31,7,1,2,12,1,0,,,,,,
5/27/26,604,2,0,0,0,0,1.6,2,0,0,0,0,27,10,1,1,4,1,0,,,,,,
5/29/26,670,26,8.1,"1,2,3",1.9,"2,3",1.9,1,0,0,0,0,47,16,1,1,"3,4","2,1",0,,,,,,
5/29/26,670,22,16.4,"2,3,4",0,0,3.6,"2,3,4",0,0,0,0,47,15,2,2,8,1,0,,,,,,
5/29/26,670,19,0.5,3,0,0,1.5,"1,2",0,0,0,0,53,20,4,2,"2,12","2,1",0,,,,,,
5/29/26,670,40,12.5,"1,2,3",1.9,"2,3",0,0,0,0,0,0,19,19,0,1,8,1,0,,,,,,
5/29/26,670,23,11.1,"1,2,3",0,0,5,"1,2",0,0,0,0,33,13,1,2,10,1,0,,,,,,
5/29/26,670,41,7.9,"1,2",4.3,"3,4",0,0,0,0,0,0,40,15,1,1,"4,2","2,1",0,,,,,,
5/29/26,670,7,5,"1,2,3",1.6,2,1.6,2,0,0,0,0,27,8,1,1,10,1,0,,,,,,
5/29/26,670,20,8.8,"1,2",0,0,0,0,0,0,0,0,25,8,1,1,12,1,0,,,,,,
5/29/26,670,12,0,0,4.4,"2,3,4",0,0,0,0,0,0,51,18,0,1,"4,4","2,1",0,,,,,,
5/29/26,670,21,5,"2,4",0,0,4,1,0,0,0,0,35,13,1,1,"4,5","2,1",0,,,,,,
5/29/26,670,38,16.6,"1,2,3",1.6,3,1.6,1,0,0,0,0,50,14,2,1,"4,5","2,1",0,,,,,,
5/29/26,670,14,0,0,2,4,2.5,"1,2",0,0,0,0,50,16,1,1,10,1,0,,,,,,
5/29/26,670,42,0,0,1.5,"2,3",3,"1,2,3",0,0,0,0,53,15,2,1,"4,8","2,1",0,,,,,,
5/29/26,670,11,9.4,"1,2,4",3.3,"2,3",0,0,0,0,0,0,50,11,2,2,"4,4","2,1",0,,,,,,
5/29/26,670,35,15,1,0,0,0,0,0,0,0,0,15,4,0,0,0,0,0,,,,,,
5/29/26,652,49,6.5,"2,3",0,0,0,0,0,0,0,0,36,9,1,0,"2,14","2,1",0,,,,,,
5/29/26,652,46,8.1,"2,3",0,0,0,0,0,0,0,0,29,15,2,0,"2,9","2,1",0,,,,,,
5/29/26,652,32,0,0,1.3,1,0,0,0,0,0,0,26,11,1,0,6,1,0,,,,,,
5/29/26,652,17,0,0,1.3,1,0,0,0,0,0,0,22,8,1,0,8,1,0,,,,,,
5/29/26,652,47,0,0,0,0,0,0,0,0,0,0,20,10,1,0,8,1,0,,,,,,
5/29/26,652,2,1.6,3,0,0,2.8,1,0,0,0,0,40,11,1,1,"2,7","2,1",0,,,,,,
5/29/26,652,36,0,0,0,0,1.9,1,0,0,0,0,27,8,1,0,"2,6","2,1",0,,,,,,
5/29/26,652,39,3.1,"2,3",0.5,"1,3",0,0,0,0,0,0,27,13,1,0,"3,6","2,1",0,,,,,,
5/29/26,652,22,6.3,3,0,0,1.9,"1,2",0,0,0,0,27,14,1,0,"2,10","2,1",0,,,,,,
5/29/26,652,48,0,0,0,0,0,0,0,0,0,0,24,11,1,0,"4,8","2,1",0,,,,,,
5/29/26,652,15,4.4,3,0,0,3.1,1,0,0,0,0,22,15,2,0,"4,8","2,1",0,,,,,,
5/29/26,652,51,0,0,0,0,10.6,1,0,0,0,0,28,13,1,0,8,1,0,,,,,,
5/29/26,652,28,1.3,"1,2,3",0,0,5,1,0,0,0,0,24,10,1,0,"2,8","2,1",0,,,,,,
5/29/26,652,38,1.9,"1,3",0,0,2.5,"1,2",0,0,0,0,22,10,2,0,"4,5","2,1",0,,,,,,
5/29/26,652,20,0.6,3,0,0,0.6,1,0,0,0,0,40,8,2,1,"6,5","2,1",0,,,,,,
5/29/26,989,27,dead,0,0,0,0,0,0,0,0,0,0,0,0,0,0,0,0,,,,,,
5/29/26,989,25,0,0,0,0,0,0,0,0,0,0,25,5,1,0,0,0,0,,,,,,
5/29/26,989,19,0,0,0,0,0,0,0,0,0,0,18,5,0,1,0,0,0,,,,,,
5/29/26,989,43,0,0,0,0,0,0,0,0,0,0,14,4,0,1,0,0,0,,,,,,
5/29/26,989,4,0,0,0,0,1.6,2,0,0,0,0,na,na,1,1,12,1,0,,,,,,
5/29/26,989,13,0,0,0,0,0,0,0,0,0,0,44,10,1,1,"6,2","2,1",0,,,,,,
5/29/26,989,35,0,0,0,0,0,0,0,0,0,0,18,6,0,1,4,1,0,,,,,,
5/29/26,989,6,0,0,0,0,2.5,2,0,0,0,0,15,5,1,1,4,1,0,,,,,,
5/29/26,989,14,0,0,0,0,8.3,1,0,0,0,0,20,7,0,1,2,1,0,,,,,,
5/29/26,989,7,7.1,1,0,0,7.1,1,0,0,0,0,32,5,0,2,6,1,0,,,,,,
5/29/26,989,18,0,0,0,0,0,0,0,0,0,0,19,7,0,1,8,1,0,,,,,,
5/29/26,989,3,0,0,0,0,0,0,0,0,0,0,39,5,1,2,12,1,0,,,,,,
5/29/26,989,16,6.9,"1,2",0,0,0,0,0,0,0,0,32,7,1,1,"8,4","2,1",0,,,,,,
5/29/26,989,8,5,2,0,0,0.8,2,0,0,0,0,22,9,0,1,"4,2","2,1",0,,,,,,
5/29/26,989,21,15,2,0,0,0,0,0,0,0,0,12,5,0,1,2,1,0,,,,,,
5/29/26,696,4,0.33,"1,2,4,5",0,0,0,0,0,0,0,0,61,12,4,3,"4,16","2,1",0,,,,,,
5/29/26,696,44,17,"2,4",0,0,1,1,0,0,0,0,41,14,2,3,"4,6","2,1",0,,,,,,
5/29/26,696,33,11.25,1,0,0,5,3,0,0,0,0,22,11,1,1,8,1,0,,,,,,
5/29/26,696,27,5.88,"2,3,4,6",0,0,0,0,0,0,0,0,79,15,6,5,"8,10","2,1",0,,,,,,
5/29/26,696,28,6.36,"1,2,4,5",0,0,1.36,"1,4",0,0,0,0,43,11,2,3,10,1,0,,,,,,
5/29/26,696,5,2.5,2,0,0,0,0,0,0,0,0,15,6,0,0,0,0,0,,,,,,
5/29/26,696,39,0,0,0,0,2,"1,3,4",0,0,0,0,32,11,2,1,"4,12","2,1",0,,,,,,
5/29/26,696,32,1.25,"2,5",0,0,3.75,"1,2",0,0,"1,1.25",3,39,11,2,3,13,1,0,,,,,,
5/29/26,696,31,3,"3,4",0,0,3.5,"1,2,3",0,0,0,0,37,11,2,4,9,1,0,,,,,,
5/29/26,696,37,4,"2,3",0,0,6,"1,2",0,0,0,0,39,13,2,2,"4,9","2,1",0,,,,,,
5/29/26,696,1,8.2,"1,2",2.5,3,1.25,1,0,0,0,0,32,9,2,1,8,1,0,,,,,,
5/29/26,696,17,6,"1,4,5,6",0,0,0.5,3,0,0,0,0,68,17,6,8,"6,16","2,1",0,,,,,,
5/29/26,696,36,4.37,"2,3",0,0,1,2,0,0,0,0,31,12,0,2,8,1,0,,,,,,
5/29/26,696,29,6.81,"3,4,5",0,0,2.27,"3,5",0,0,0,0,51,13,2,2,5,1,0,,,,,,
5/29/26,696,34,2.69,"3,4",0,0,0.38,4,0,0,0,0,41,11,4,4,16,1,0,,,,,,
5/29/26,899,9,0,0,0,0,8.5,"2,4",0,0,0,0,50,10,1,3,10,1,0,,,,,,
5/29/26,899,25,dead,0,0,0,0,0,0,0,0,0,0,0,0,0,0,0,0,,,,,,
5/29/26,899,8,1.25,1,0,0,1.5,4,0,0,0,0,67,15,5,4,8,1,0,,,,,,
5/29/26,899,10,11.87,1,0.33,2,0,0,0,0,0,0,30,19,0,1,8,1,0,,,,,,
5/29/26,899,43,5,1,0,0,0,0,0,0,0,0,59,25,1,2,"2,1","2,1",0,,,,,,
5/29/26,899,45,0,0,0,0,0,0,0,0,0,0,21,2,0,0,0,0,0,,,,,,
5/29/26,899,6,0,0,0,0,0,0,0,0,0,0,27,5,0,0,2,1,0,,,,,,
5/29/26,899,18,18.57,1,0,0,1.14,3,0,0,0,0,27,11,0,0,2,1,0,,,,,,
5/29/26,899,15,10.5,1,1,4,0,0,0,0,0,0,55,21,2,2,"6,2","2,1",0,,,,,,
5/29/26,899,13,12.5,"2,3",2.5,"3,4",0,0,0,0,0,0,54,21,1,2,2,1,0,,,,,,
5/29/26,899,30,10.83,1,0,0,0,0,0,0,0,0,24,4,0,0,0,0,0,,,,,,
5/29/26,899,3,0,0,0,0,0,0,0,0,0,0,31,9,1,1,"2,4","2,1",0,,,,,,
5/29/26,899,14,0,0,0.35,2,20.83,"1,2",0,0,0,0,14,6,1,0,4,1,0,,,,,,
5/29/26,899,2,6.67,1,1.34,2,0,0,0,0,0,0,48,18,1,1,8,1,0,,,,,,
5/29/26,899,16,9.5,1,0,0,0.78,3,0,0,0,0,52,18,2,2,6,1,0,,,,,,
5/29/26,626,42,12.5,2,0,0,0,0,0,0,0,0,16,7,0,1,6,1,0,,,,,,
5/29/26,626,45,5.62,"1,2,3",0,0,1.25,"1,2",0,0,0,0,19,7,1,0,4,1,0,,,,,,
5/29/26,626,29,1.87,"2,3",0,0,0,0,0,0,0,0,27,10,1,0,8,1,0,,,,,,
5/29/26,626,31,0.62,2,0,0,1.87,1,0,0,0,0,26,12,1,1,12,1,0,,,,,,
5/29/26,626,44,0,0,0,0,2.27,"1,2,3",0,0,0,0,45,19,1,1,"8,7","2,1",0,,,,,,
5/29/26,626,5,3.33,"1,3",0,0,0,0,0,0,0,0,46,15,1,1,8,1,0,,,,,,
5/29/26,626,40,2,1,0,0,3,1,0,0,0,0,57,13,2,1,14,1,0,,,,,,
5/29/26,626,9,0.5,1,0,0,0,0,0,0,0,0,39,16,2,1,12,1,0,,,,,,
5/29/26,626,33,0.62,1,0,0,0,0,0,0,0,0,35,12,1,1,12,1,0,,,,,,
5/29/26,626,37,0,0,0,0,0,0,0,0,0,0,22,5,1,0,4,1,0,,,,,,
5/29/26,626,26,2.5,2,0,0,0.2,1,0,0,0,0,49,11,3,1,"6,10","2,1",0,,,,,,
5/29/26,626,34,1.25,1,0,0,0.62,1,0,0,0,0,24,12,1,1,8,1,0,,,,,,
5/29/26,626,52,2.5,"1,3",0,0,0,0,0,0,0,0,26,12,2,1,10,1,0,,,,,,
5/29/26,626,11,1,1,0,0,0,0,0,0,0,0,9,5,0,0,0,0,0,,,,,,
5/29/26,626,23,0,0,0,0,0,0,0,0,0,0,20,4,0,1,4,1,0,,,,,,
6/15/26,49,64,0,0,1.6,2,4.01,1,0,0,0,0,24,12,0,0,6,1,0,,,,,,
6/15/26,49,298,0,0,1.16,3,4.36,1.2.3,0,0,0,0,17,10,1,0,8,1,0,,,,,,
6/15/26,49,8,0,0,0,0,0.6,"1,3",0,0,0,0,29,20,0,0,"4,4","2,1",0,,,,,,
6/15/26,49,95,0,0,0,0,5,"1,2",0,0,0,0,23,11,0,0,8,1,0,,,,,,
6/15/26,49,278,0,0,0,0,1.33,1,0,0,0,0,18,7,0,0,0,0,0,,,,,,
6/15/26,49,1,7.5,1,0.6,1,0,0,0,0,0,0,25,6,0,0,4,1,0,,,,,,
6/15/26,49,211,0,0,0,0,1.6,3,0,0,0,0,19,10,0,0,0,0,0,,,,,,
6/15/26,49,282,0,0,0,0,0.75,2,0,0,0,0,8,7,0,0,0,0,0,,,,,,
6/15/26,49,86,11.1,1,0.5,2,0.5,3,0,0,0,0,29,16,1,0,"4,4","2,1",0,,,,,,
6/15/26,49,652,0,0,5.5,"2,3,4",0.8,1,0,0,0,0,30,15,1,0,8,1,0,,,,,,
6/15/26,49,92,0.6,1,0,0,0.3,1,0,0,0,0,28,16,0,0,"4,4","2,1",0,,,,,,
6/15/26,49,97,0,0,0,0,0.7,1,0,0,0,0,21,7,0,0,6,1,0,,,,,,
6/15/26,49,231,0,0,0,0,0.5,1,0,0,0,0,14,6,0,0,4,1,0,,,,,,
6/15/26,49,17,0,0,0,0,0,0,0,0,0,0,18,6,0,0,0,0,0,,,,,,
6/15/26,49,25,0,0,0,0,0,0,0,0,0,0,26,14,0,0,"8,4","2,1",0,,,,,,
6/15/26,637,15,0,0,0,0,0,0,0,0,0,0,21,6,1,0,4,1,0,,,,,,
6/15/26,637,218,0,0,0,0,0.62,1,0,0,0,0,16,9,1,0,10,1,0,,,,,,
6/15/26,637,12,0,0,0,0,0,0,0,0,0,0,20,6,1,0,6,1,0,,,,,,
6/15/26,637,465,0,0,0,0,0.5,1,0,0,0,0,19,8,1,0,4,1,0,,,,,,
6/15/26,637,14,0,0,0,0,0,0,0,0,0,0,15,4,1,0,4,1,0,,,,,,
6/15/26,637,8,0,0,2.5,1,1.6,2,0,0,0,0,16,9,0,0,5,1,0,,,,,,
6/15/26,637,21,0,0,0,0,0.25,1,0,0,0,0,18,6,1,0,10,1,0,,,,,,
6/15/26,637,20,0,0,0.3,3,0,0,0,0,0,0,15,8,1,0,8,1,0,,,,,,
6/15/26,637,480,0,0,0,0,1.33,1,0,0,0,0,15,4,1,0,4,1,0,,,,,,
6/15/26,637,4,0,0,0,0,0.83,1,0,0,0,0,14,8,1,0,0,0,0,,,,,,
6/15/26,637,31,0,0,0,0,1.66,1,0,0,0,0,13,6,1,0,8,1,0,,,,,,
6/15/26,637,696,0,0,1.25,2,0,0,0,0,0,0,29,9,1,0,4,1,0,,,,,,
6/15/26,637,285,0,0,0,0,0,0,0,0,0,0,21,5,1,0,4,1,0,,,,,,
6/15/26,637,42,0,0,0.7,2,0,0,0,0,0,0,20,5,1,0,4,1,0,,,,,,
6/15/26,637,22,0.83,1,0.8,2,0,0,0,0,0,0,16,6,1,0,4,1,0,,,,,,
6/15/26,27,150,1.67,2,1,2,0,0,0,0,0,0,12,7,0,0,4,1,0,,,,,,
6/15/26,27,291,0,0,1.25,1,0,0,0,0,0,0,11,3,0,0,0,0,0,,,,,,
6/15/26,27,156,0,0,0,0,0,0,0,0,0,0,9,12,0,0,4,1,0,,,,,,
6/15/26,27,172,0,0,0,0,0,0,0,0,0,0,12,15,0,0,0,0,0,,,,,,
6/15/26,27,177,0,0,0,0,0,0,0,0,0,0,9,11,0,0,0,0,0,,,,,,
6/15/26,27,170,0,0,0,0,0,0,0,0,0,0,27,14,0,0,4,1,0,,,,,,
6/15/26,27,130,0,0,0,0,0,0,0,0,0,0,8,9,0,0,0,0,0,,,,,,
6/15/26,27,142,0,0,0,0,0,0,0,0,0,0,28,5,0,0,0,0,0,,,,,,
6/15/26,27,158,0,0,0,0,0.83,1,0,0,0,0,12,22,0,0,0,0,0,,,,,,
6/15/26,27,191,0,0,0,0,0,0,0,0,0,0,6,10,0,0,0,0,0,,,,,,
6/15/26,27,155,0,0,0,0,0,0,0,0,0,0,19,6,0,0,0,0,0,,,,,,
6/15/26,27,153,0,0,0,0,0,0,0,0,0,0,10,14,0,0,0,0,0,,,,,,
6/15/26,27,167,0,0,0,0,0,0,0,0,0,0,20,10,0,0,0,0,0,,,,,,
6/15/26,27,44,0,0,0,0,0,0,0,0,0,0,14,15,0,0,0,0,0,,,,,,
6/15/26,27,102,0,0,0,0,0,0,0,0,0,0,17,6,0,0,0,0,0,,,,,,
6/15/26,13,659,0,0,0,0,0,0,0,0,0,0,30,15,1,0,6,1,0,,,,,,
6/15/26,13,6,0,0,0,0,2.8,2,0,0,0,0,16,14,1,0,4,1,0,,,,,,
6/15/26,13,174,0,0,0,0,0,0,0,0,0,0,14,14,1,0,0,0,0,,,,,,
6/15/26,13,798,0,0,0,0,2.14,1,0,0,0,0,12,16,1,0,4,1,0,,,,,,
6/15/26,13,277,0,0,0,0,0,0,0,0,0,0,17,14,1,0,5,1,0,,,,,,
6/15/26,13,230,0,0,0,0,3.5,"1,2",0,0,0,0,22,13,1,0,0,0,0,,,,,,
6/15/26,13,478,0,0,0,0,0,0,0,0,0,0,24,12,1,0,4,1,0,,,,,,
6/15/26,13,455,0,0,0,0,0,0,0,0,0,0,24,16,1,0,"2,4","2,1",0,,,,,,
6/15/26,13,877,0,0,0,0,0.5,1,0,0,0,0,30,11,1,0,2,1,0,,,,,,
6/15/26,13,471,0,0,0,0,0,0,0,0,0,0,33,11,0,1,6,1,0,,,,,,
6/15/26,13,62,1,2,0,0,2.5,1,0,0,0,0,28,7,1,0,6,1,0,,,,,,
6/15/26,13,460,0.83,1,0,0,0,0,0,0,0,0,23,10,1,0,0,0,0,,,,,,
6/15/26,13,463,0.3,1,5.7,"2,3",0,0,0,0,0,0,20,14,1,0,4,1,0,,,,,,
6/15/26,13,205,0,0,0,0,0,0,0,0,0,0,17,18,1,0,6,1,0,,,,,,
6/15/26,13,856,0,0,0,0,5.7,2,0,0,0,0,28,16,1,0,4,1,0,,,,,,
6/15/26,81,71,0,0,0,0,10.67,"1,2,3",0,0,0,0,36,13,1,0,6,1,0,,,,,,
6/15/26,81,103,1,2,0,0,13.75,"1,2,3",0,0,0,0,22,10,0,0,0,0,0,,,,,,
6/15/26,81,141,12.57,"1,2",0,0,5.7,2,0,0,0,0,19,8,1,0,7,1,0,,,,,,
6/15/26,81,181,0,0,0,0,6.87,"1,2,3",0,0,0,0,19,16,0,0,"2,7","2,1",0,,,,,,
6/15/26,81,154,0.13,2,0,0,0,0,0,0,0,0,20,12,1,0,4,1,0,,,,,,
6/15/26,81,146,0,0,0,0,1,3,0,0,0,0,27,25,1,0,"2,10","2,1",0,,,,,,
6/15/26,81,211,0,0,0,0,0.71,1,0,0,0,0,17,14,1,0,"2,6","2,1",0,,,,,,
6/15/26,81,43,0,0,0,0,0,0,0,0,0,0,16,4,0,0,0,0,0,,,,,,
6/15/26,81,106,6.67,2,0,0,0,0,0,0,0,0,20,10,1,0,6,1,0,,,,,,
6/15/26,81,235,1.42,1,2.85,"1,2",1.42,"1,2",0,0,0,0,9,5,0,0,0,0,0,,,,,,
6/15/26,81,133,0,0,0,0,0,0,0,0,0,0,11,6,0,0,0,0,0,,,,,,
6/15/26,81,131,1.42,2,0,0,0,0,0,0,0,0,35,15,1,0,"6,6","2,1",0,,,,,,
6/15/26,81,163,0,0,0,0,5.8,"1,2",0,0,0,0,14,15,0,0,4,1,0,,,,,,
6/15/26,81,171,2.8,3,0,0,1.4,"1,2",0,0,0,0,19,8,1,0,4,1,0,,,,,,
6/15/26,81,159,0.83,2,0,0,0,0,0,0,0,0,25,21,1,0,"2,6","2,1",0,,,,,,
6/15/26,88,294,0,0,0,0,0,0,0,0,0,0,16,4,0,0,4,1,0,,,,,,
6/15/26,88,25,0,0,0,0,0,0,0,0,0,0,12,5,0,0,3,1,0,,,,,,
6/15/26,88,430,0,0,0,0,3.12,"2,3",0,0,0,0,28,9,0,0,8,1,0,,,,,,
6/15/26,88,32,0,0,0,0,0.83,"2,3",0,0,0,0,12,4,0,0,6,1,0,,,,,,
6/15/26,88,617,8,1,0,0,0,0,0,0,0,0,10,3,0,0,0,0,0,,,,,,
6/15/26,88,19,0,0,0,0,1.6,2,0,0,0,0,19,4,0,0,4,1,0,,,,,,
6/15/26,88,762,0,0,0,0,0,0,0,0,0,0,28,6,0,0,4,1,0,,,,,,
6/15/26,88,30,0,0,0,0,4.16,"2,3",0,0,0,0,17,4,0,0,4,1,0,,,,,,
6/15/26,88,443,0,0,5,2,0,0,0,0,0,0,11,5,0,0,3,1,0,,,,,,
6/15/26,88,602,0,0,2.11,3,0,0,0,0,0,0,16,6,0,0,4,1,0,,,,,,
6/15/26,88,412,12.5,1,2.5,3,0,0,0,0,0,0,9,4,0,0,0,0,0,,,,,,
6/15/26,88,932,0,0,0,0,0,0,0,0,0,0,10,3,0,0,0,0,0,,,,,,
6/15/26,88,157,0,0,3,2,0,0,0,0,0,0,9,7,0,0,4,1,0,,,,,,
6/15/26,88,41,0,0,3.75,2,1.25,1,0,0,0,0,5,5,0,0,0,0,0,,,,,,
6/15/26,88,19,0,0,2.5,"2,3",0.83,1,0,0,0,0,21,5,0,0,4,1,0,,,,,,
6/17/26,227,203,0,0,0,0,0,0,0,0,0,0,23,4,0,0,0,0,0,,,,,,
6/17/26,227,226,0,0,13.34,"1,2",0,0,0,0,0,0,14,4,0,1,0,0,0,,,,,,
6/17/26,227,249,0,0,5,"2,3",6.67,"2,3",0,0,0,0,45,10,1,3,4,1,0,,,,,,
6/17/26,227,264,0,0,5.8,"1,2,3,4",7.8,"1,2,3",0,0,0,0,61,25,0,4,2,1,0,,,,,,
6/17/26,227,223,na,0,0,0,0,0,0,0,0,0,0,0,0,0,0,0,0,,,,,,
6/17/26,227,253,1,3,13,"1,2,3",0,0,0,0,0,0,40,6,0,1,0,0,0,,,,,,
6/17/26,227,296,0,0,8.12,"1,2,3",0,0,0,0,0,0,39,23,2,1,2,1,0,,,,,,
6/17/26,227,245,0,0,0,0,0,0,0,0,0,0,23,4,0,1,0,0,0,,,,,,
6/17/26,227,248,0,0,0,0,0,0,0,0,0,0,na,na,0,1,0,0,0,,,,,,
6/17/26,227,243,0,0,13.75,"1,2,3,4,5",0.62,3,0,0,0,0,na,na,3,3,8,1,0,,,,,,
6/17/26,218,102,na,0,0,0,0,0,0,0,0,0,0,0,0,0,0,0,0,,,,,,
6/17/26,218,205,na,0,0,0,0,0,0,0,0,0,0,0,0,0,0,0,0,,,,,,
6/17/26,218,230,2.5,"2,3,4",1,2.4,2,"1,2",0,0,0,0,52,20,2,3,"2,8","2,1",0,,,,,,
6/17/26,218,236,2.3,"3,4,5",0,0,2.3,"2,3,4",0,0,0,0,110,27,4,4,"4,12","2,1",0,,,,,,
6/17/26,218,209,0,0,1.67,"1,2",0.8,1,0,0,0,0,39,11,0,1,0,0,0,,,,,,
6/17/26,218,237,0,0,0,0,2.5,3,"2,13.25",2,0,0,28,14,0,6,0,0,1,,,,,,
6/17/26,218,220,0.87,4,0,0,2.5,"2,3,4",0,0,0,0,27,10,2,2,12,1,0,,,,,,
6/17/26,218,252,5,3,4.4,"2,3",0,0,0,0,0,0,63,22,1,2,6,1,0,,,,,,
6/17/26,218,207,0,0,0,0,4.38,"2,3,4",0,0,0,0,59,19,1,2,6,1,0,,,,,,
6/17/26,218,240,dead,0,0,0,0,0,0,0,0,0,0,0,0,0,0,0,0,,,,,,
6/17/26,218,221,0.85,3,0,0,0,0,0,0,0,0,39,9,0,1,2,1,0,,,,,,
6/17/26,218,208,0,0,5,"1,4",5.6,"2,3,4",0,0,0,0,129,9,5,2,"2,4","2,1",0,,,,,,
6/17/26,218,269,0,0,0,0,0,0,0,0,0,0,62,10,1,1,3,1,0,,,,,,
6/17/26,240,216,0,0,7.14,"1,2,3,4",2.85,"1,2",0,0,0,0,59,22,1,2,6,1,0,,,,,,
6/17/26,240,219,0,0,6,"1,2,3,4",0,0,0,0,0,0,149,23,3,6,10,1,0,,,,,,
6/17/26,240,265,0,0,6.5,"1,2,3",0,0,0,0,0,0,62,21,2,3,"4,8","2,1",0,,,,,,
6/17/26,240,255,0.45,3,2.7,"2,3,4",2.72,1,0,0,0,0,70,32,3,2,"4,6","2,1",0,,,,,,
6/17/26,240,210,0,0,1.81,"2,3,4",1.36,1,0,0,0,0,110,17,3,4,"6,8","2,1",0,,,,,,
6/17/26,240,213,0,0,1.67,"2,3",1.87,"1,2",0,0,0,0,60,23,3,2,6,1,0,,,,,,
6/17/26,240,202,0,0,1.78,"1,2,3,4",1.56,"1,3",0,0,0,0,62,23,2,2,7,1,0,,,,,,
6/17/26,240,286,0,0,0.72,"2,3",1,"3,4",0,0,0,0,40,20,1,1,6,1,0,,,,,,
6/17/26,240,280,0,0,1.8,"2,3,4",0,0,0,0,0,0,82,21,3,4,"4,10","2,1",0,,,,,,
6/17/26,240,211,0,0,2.73,"2,3,4,5",2.63,"1,2,3,5",0,0,0,0,82,29,3,4,"4,10","2,1",0,,,,,,
6/17/26,240,270,na,0,0,0,0,0,0,0,0,0,0,0,0,0,0,0,0,,,,,,
6/17/26,240,214,0,0,1.87,"1,2,3",0,0,0,0,0,0,55,21,2,1,"2,4","2,1",0,,,,,,
6/17/26,240,215,0,0,4.54,"1,2,3,4",4.09,"4,5",0,0,0,0,80,24,2,5,"2,8","2,1",0,,,,,,
6/17/26,240,256,0,0,2,2,1,1,0,0,0,0,32,17,2,0,0,0,0,,,,,,
6/17/26,240,222,0,0,1.87,"2,3,4",0.6,3,0,0,0,0,71,26,6,1,"4,4","2,1",0,,,,,,
6/17/26,285,295,10.8,"1,2,3,4,5",0,0,2,"1,2",0,0,0,0,90,10,1,2,7,1,0,,,,,,
6/17/26,285,299,5,1,0,0,0,0,0,0,0,0,22,7,0,0,8,1,0,,,,,,
6/17/26,285,557,4.16,"2,3",0,0,3.33,2,"1,5",3,0,0,26,4,0,1,2,1,0,,,,,,
6/17/26,285,277,5,"3,4",0,0,1,4,"1,10",3,"1,6",3,67,11,0,2,0,0,0,,,,,,
6/17/26,285,200,25,"2,3,4",0,0,0,0,0,0,0,0,26,4,0,0,0,0,0,,,,,,
6/17/26,285,234,11.66,"1,2",0,0,1.66,3,0,0,0,0,46,10,1,0,6,1,0,,,,,,
6/17/26,285,247,10,"4,5",0,0,0,0,0,0,0,0,62,4,0,4,0,0,0,,,,,,
6/17/26,285,271,6.34,"2,3,4,5,6",0,0,1.15,"2,4,5",0,0,0,0,166,12,7,12,"14,18","2,1",0,,,,,,
6/17/26,285,272,3.36,"3,4,5",0,0,4.09,"3,4",0,0,0,0,55,12,2,3,10,1,0,,,,,,
6/17/26,285,239,7.5,"3,4,5",0,0,2.91,"3,4",0,0,0,0,114,10,0,5,14,1,0,,,,,,
6/17/26,285,250,15.5,"3,4,5",0,0,1.5,"3,4,5",0,0,0,0,85,15,1,3,8,1,0,,,,,,
6/17/26,285,235,15,1,0,0,0,0,0,0,0,0,12,4,0,1,0,0,0,,,,,,
6/17/26,285,283,3.12,"2,3",1.25,2,0,0,0,0,0,0,45,10,1,2,6,1,0,,,,,,
6/17/26,285,273,6.11,"2,3",2.22,3,11.66,"1,2,3",0,0,0,0,76,16,1,9,11,1,0,,,,,,
6/17/26,259,282,6.25,"2,3,4,5",4.16,"1,2,3,4",1.25,"1,2",0,0,0,0,69,20,3,10,"10,7","2,1",5,,,,,,
6/17/26,259,242,0,0,6.6,3,0,0,0,0,0,0,30,5,0,1,0,0,0,,,,,,
6/17/26,259,291,18.75,2,0,0,0,0,0,0,0,0,24,5,0,0,0,0,0,,,,,,
6/17/26,259,260,1.42,"2,3",11.42,"2,3,4",0,0,0,0,0,0,49,10,1,3,8,1,0,,,,,,
6/17/26,259,203,40,2,0,0,1,1,0,0,0,0,29,3,0,0,0,0,0,,,,,,
6/17/26,258,262,dead,0,0,0,0,0,0,0,0,0,0,0,0,0,0,0,0,,,,,,
6/17/26,258,229,na,0,0,0,0,0,0,0,0,0,0,0,0,0,0,0,0,,,,,,
6/17/26,258,284,5.5,2,0,0,2.3,"2,3,4,5",0,0,0,0,48,6,0,4,8,1,0,,,,,,
6/17/26,258,212,6.42,"1,3,6,7",0,0,1.6,"2,3,4",0,0,0,0,150,10,7,11,"10,18","2,1",1,,,,,,
6/17/26,258,258,na,0,0,0,0,0,0,0,0,0,0,0,0,0,0,0,0,,,,,,
6/17/26,258,244,6.66,"3,6",0,0,0,0,0,0,0,0,91,6,1,6,20,1,0,,,,,,
6/17/26,258,233,7.5,"2,3,4,5",0,0,2.5,"4,5","1,1.56",3,0,0,53,10,1,5,9,1,0,,,,,,
6/17/26,258,228,1.25,3,0,0,0.6,"3,4",0,0,0,0,151,16,6,10,"8,12","2,1",0,,,,,,
6/17/26,258,232,7.5,"3,4,5",0,0,5.6,3,"1,4.45",3,0,0,71,10,5,5,12,1,3,,,,,,
6/17/26,258,224,dead,0,0,0,0,0,0,0,0,0,0,0,0,1,0,0,1,,,,,,
6/17/26,258,241,9.09,"2,3",0,0,0,0,0,0,0,0,78,8,1,5,16,1,0,,,,,,
6/17/26,258,234,1.51,2,2,4,1,3,0,0,0,0,49,5,2,1,7,1,0,,,,,,
6/17/26,258,254,7,2,0,0,0,0,0,0,0,0,19,3,0,0,0,0,0,,,,,,
6/17/26,258,298,3,"2,3",0,0,1,3,0,0,0,0,32,6,0,3,4,1,0,,,,,,
5/7/26,3,19,dead,0,0,0,0,0,0,0,0,0,0,0,0,0,0,0,0,,,,,,
5/7/26,3,78,1.25,3,0,0,5,"1,2,3",0,0,0,0,45,9,1,0,0,0,0,,,,,,
5/7/26,3,43,4,"2,3,4",0,0,5,"1,2,3,4",0,0,0,0,18,8,0,0,0,0,0,,,,,,
5/7/26,3,22,5.6,"1,2,3",0,0,2.5,"1,2",0,0,0,0,24,14,1,0,2,1,0,,,,,,
5/7/26,3,37,4.4,"2,3",0,0,4.4,1,0,0,0,0,29,14,1,0,3,2,0,,,,,,
5/7/26,3,46,1.9,"1,2",0,0,0.6,2,0,0,0,0,20,10,1,0,0,0,0,,,,,,
5/7/26,3,77,2,1,0,0,4,"2,3",0,0,0,0,16,8,0,0,0,0,0,,,,,,
5/7/26,3,48,4.4,"1,2,3,4",0,0,1.25,4,0,0,0,0,22,10,0,0,0,0,0,,,,,,
5/7/26,3,36,1.1,2,0,0,1.6,2,0,0,0,0,40,12,1,0,0,0,0,,,,,,
5/7/26,3,64,1.8,na,0,0,0.9,2,0,0,0,0,40,12,1,0,5,2,0,,,,,,
5/7/26,3,7,2.2,3,0,0,0,0,0,0,0,0,40,21,1,0,2,1,0,,,,,,
5/7/26,3,13,2.5,"3,4,5",0,0,1.5,"1,2,3",0,0,0,0,42,20,1,0,4,1,0,,,,,,
5/7/26,3,9,2,1,0,0,0,0,0,0,0,0,54,25,1,0,0,0,0,,,,,,
5/7/26,3,63,4.1,"2,3,4",0,0,0.8,3,0,0,0,0,60,25,2,0,6,2,0,,,,,,
5/7/26,3,6,2.2,na,0,0,0.3,2,0,0,0,0,82,25,1,2,2,1,0,,,,,,
5/7/26,62,80,na,0,0,0,0,0,0,0,0,0,0,0,0,0,0,0,0,,,,,,
5/7/26,62,45,na,0,0,0,0,0,0,0,0,0,0,0,0,0,0,0,0,,,,,,
5/7/26,62,17,na,0,0,0,0,0,0,0,0,0,0,0,0,0,0,0,0,,,,,,
5/7/26,62,33,dead,0,0,0,0,0,0,0,0,0,0,0,0,0,0,0,0,,,,,,
5/7/26,62,20,5,3,12.5,"1,2,3,4",7.5,1,0,0,0,0,35,12,1,0,0,0,0,,,,,,
5/7/26,62,30,10,2,14,"1,2,3,4,5",0,0,0,0,0,0,40,10,1,0,0,0,0,,,,,,
5/7/26,62,32,0,0,0,0,0,0,0,0,0,0,32,10,1,0,0,0,0,,,,,,
5/7/26,62,11,1.25,4,6.9,"1,2,3,4",12.5,3,0,0,0,0,32,14,1,1,0,0,0,,,,,,
5/7/26,62,42,0,0,5,"1,2,3",0.2,3,0,0,0,0,24,10,0,0,0,0,0,,,,,,
5/7/26,62,72,0,0,0,0,4.3,1,0,0,0,0,42,14,1,1,2,1,0,,,,,,
5/7/26,62,59,6,1,0,0,1,2,"1,5",3,0,0,46,21,1,0,2,1,0,,,,,,
5/7/26,62,51,14.2,2,0,0,7.5,3,0,0,0,0,34,10,1,0,0,0,0,,,,,,
5/7/26,62,27,1.6,2,0,0,0,0,0,0,0,0,34,12,1,0,1,1,0,,,,,,
5/7/26,62,24,0,0,0,0,11.1,"2,3",0,0,0,0,38,10,1,1,0,0,0,,,,,,
5/7/26,62,68,na,0,0,0,0,0,0,0,0,0,0,0,0,0,0,0,0,,,,,,
5/7/26,433,660,2.8,"3,4,5",0,0,2.8,"1,2",0,0,0,0,65,11,2,1,2,1,1,,,,,,
5/7/26,433,163,2.7,"3,4",0,0,2.2,"1,2",0,0,0,0,48,10,2,0,0,0,0,,,,,,
5/7/26,433,252,4.4,"3,4",0,0,4.4,"1,2",0,0,0,0,28,12,0,1,0,0,0,,,,,,
5/7/26,433,658,7.5,"1,3,4",0,0,1,2,0,0,0,0,32,14,1,1,"2,2","2,1",0,,,,,,
5/7/26,433,103,4.4,"2,3,4",0,0,4.4,1,0,0,0,0,28,11,1,0,0,0,0,,,,,,
5/7/26,433,905,17.5,"1,2,3,4",0,0,2.5,"1,2,3",0,0,0,0,24,8,1,0,0,0,0,,,,,,
5/7/26,433,29,1.5,"3,4",0,0,7.5,"1,2,3,4,5",0,0,0,0,54,25,2,0,"2,2","2,1",0,,,,,,
5/7/26,433,291,9.4,"1,3,4",0,0,3.8,"1,3",0,0,0,0,27,10,1,0,0,0,0,,,,,,
5/7/26,433,61,11,"1,2,3,4,5",0,0,8,"1,2,3,4,5",0,0,0,0,42,16,2,0,1,1,0,,,,,,
5/7/26,433,204,2.5,"2,3,4",0,0,1,1,0,0,0,0,48,20,1,1,2,1,0,,,,,,
5/7/26,433,677,5.5,"1,2,3,4,5",0,0,2.5,"1,2,3",0,0,0,0,28,14,1,0,3,1,0,,,,,,
5/7/26,433,284,4,"3,4,5",0,0,3.5,"1,2",0,0,0,0,55,18,2,1,4,2,0,,,,,,
5/7/26,433,63,2.5,1,0,0,2,1,0,0,0,0,14,8,0,0,0,0,0,,,,,,
5/7/26,433,5,27.5,"2,3,4",0,0,2.5,2,0,0,0,0,14,10,1,0,1,1,0,,,,,,
5/7/26,433,68,5.8,"3,4,5",0,0,8.3,"1,2,3,4",0,0,0,0,74,21,2,1,4,2,0,,,,,,
5/7/26,15,74,na,0,0,0,0,0,0,0,0,0,0,0,0,0,0,0,0,,,,,,
5/7/26,15,18,na,0,0,0,0,0,0,0,0,0,0,0,0,0,0,0,0,,,,,,
5/7/26,15,54,15,"2,3,4",0,0,0,0,0,0,0,0,24,14,1,0,0,0,0,,,,,,
5/7/26,15,52,1.25,"3,4",0,0,0.75,1,0,0,"1,1.25",2,65,20,3,1,0,0,1,,,,,,
5/7/26,15,49,0,0,0,0,0.7,3,0,0,0,0,18,10,0,1,0,0,0,,,,,,
5/7/26,15,66,0.63,4,0.63,3,2.5,"1,2",0,0,0,0,17,8,1,0,0,0,0,,,,,,
5/7/26,15,69,5.63,"1,2,3,4",3.1,"1,2,3,4",0,0,0,0,0,0,28,12,1,0,0,0,0,,,,,,
5/7/26,15,12,10,"1,3",3,"2,3,4",12,na,0,0,0,0,26,11,1,0,0,0,0,,,,,,
5/7/26,15,71,10,2,4,2.3,0,0,0,0,0,0,12,6,0,0,0,0,0,,,,,,
5/7/26,15,56,1.3,3,0,0,3.75,1,0,0,0,0,28,14,0,1,0,0,0,,,,,,
5/7/26,15,65,1.9,4,1.9,"3,4",3.75,2,0,0,0,0,30,10,1,0,0,0,0,,,,,,
5/7/26,15,31,14.2,"1,2",0,0,0,0,0,0,"2,4.2","2,3",12,5,1,1,2,1,0,,,,,,
5/7/26,15,40,4.2,"1,2,3,4",0,0,1.3,3,0,0,0,0,32,18,0,0,0,0,0,,,,,,
5/7/26,15,70,0,0,3.1,3,0,0,0,0,0,0,41,15,0,1,2,1,0,,,,,,
5/7/26,15,35,1,"1,3",0,0,1,"2,3",0,0,0,0,47,10,1,1,4,1,0,,,,,,
5/7/26,34,76,0,0,1.25,1,0,0,0,0,0,0,21,12,1,0,0,0,0,,,,,,
5/7/26,34,10,7.5,1,0,0,0,0,0,0,0,0,22,14,0,0,0,0,0,,,,,,
5/7/26,34,81,3.6,1,0,0,0,0,0,0,0,0,22,8,1,0,0,0,0,,,,,,
5/7/26,34,28,0,0,7.5,2,2.5,2,0,0,0,0,18,10,0,0,0,0,0,,,,,,
5/7/26,34,4,23,"1,2,3",0,0,0.8,2,0,0,0,0,12,6,1,0,0,0,0,,,,,,
5/7/26,34,53,12.5,2,0,0,2.5,"1,2",0,0,0,0,24,10,1,0,0,0,0,,,,,,
5/7/26,34,47,10,2,0,0,0,0,0,0,0,0,24,18,0,0,0,0,0,,,,,,
5/7/26,34,8,11.25,3,0,0,0,0,0,0,0,0,20,12,1,0,0,0,0,,,,,,
5/7/26,34,1,0,0,1.1,3,2.7,1,0,0,0,0,24,12,1,0,0,0,0,,,,,,
5/7/26,34,14,0,0,0,0,1.25,2,0,0,0,0,24,16,1,0,0,0,0,,,,,,
5/7/26,34,2,7.1,3,0,0,2.1,1,0,0,0,0,22,10,1,0,0,0,0,,,,,,
5/7/26,34,38,0,0,0,0,5,"1,3",0,0,0,0,28,12,1,0,2,1,0,,,,,,
5/7/26,34,50,18.75,"1,2,3,4",0,0,0,0,0,0,0,0,15,8,0,0,0,0,0,,,,,,
5/7/26,34,23,0,0,0,0,2.7,3,0,0,0,0,24,12,1,0,0,0,0,,,,,,
5/7/26,34,21,0,0,0,0,2.7,1,0,0,0,0,24,12,1,0,0,0,0,,,,,,
5/7/26,883,75,1.4,2,0,0,0,0,0,0,0,0,18,10,0,0,0,0,0,,,,,,
5/7/26,883,234,0,0,0,0,0,0,0,0,0,0,26,14,0,0,0,0,0,,,,,,
5/7/26,883,16,11.3,1,0,0,12.5,"1,2",0,0,0,0,24,10,0,0,0,0,0,,,,,,
5/7/26,883,39,0,0,1.25,1,0,0,0,0,0,0,31,8,0,0,0,0,0,,,,,,
5/7/26,883,73,2.9,1,0,0,0,0,0,0,0,0,27,10,0,0,0,0,0,,,,,,
5/7/26,883,57,0,0,0,0,2.5,2,0,0,0,0,11,6,0,0,0,0,0,,,,,,
5/7/26,883,79,0,0,0,0,0,0,0,0,0,0,30,14,0,0,0,0,0,,,,,,
5/7/26,883,44,0,0,0,0,0.6,1,0,0,0,0,24,10,0,0,0,0,0,,,,,,
5/7/26,883,58,8.3,3,0,0,0,0,0,0,0,0,20,10,0,0,0,0,0,,,,,,
5/7/26,883,41,0,0,0,0,2.5,1,0,0,0,0,24,18,0,0,0,0,0,,,,,,
5/7/26,883,67,1.4,"3,4",0,0,0,0,0,0,0,0,18,10,0,0,0,0,0,,,,,,
5/7/26,883,26,0,0,0,0,3.1,"2,3,4",0,0,0,0,34,10,1,0,0,0,0,,,,,,
5/7/26,883,60,0.5,3,0,0,1,"2,3",0,0,0,0,42,15,1,0,0,0,0,,,,,,
5/7/26,883,25,0,0,0,0,20.2,"1,2,5",0,0,0,0,26,15,1,0,0,0,0,,,,,,
5/7/26,883,55,0,0,0,0,0,0,0,0,0,0,24,10,1,0,0,0,0,,,,,,
5/14/26,614,629,0,0,0,0,0,0,0,0,0,0,4,4,0,0,0,0,0,,,,,,
5/14/26,614,603,0,0,0,0,0,0,0,0,0,0,10,10,0,0,0,0,0,,,,,,
5/14/26,614,632,0,0,0,0,0,0,0,0,0,0,10,6,0,0,0,0,0,,,,,,
5/14/26,614,612,0,0,0,0,0,0,0,0,0,0,6,4,0,0,0,0,0,,,,,,
5/14/26,614,639,10,1,0,0,10,1,0,0,0,0,14,10,0,0,0,0,0,,,,,,
5/14/26,614,631,0,0,1,1,0,0,0,0,0,0,14,10,0,0,0,0,0,,,,,,
5/14/26,614,610,0,0,0,0,0,0,0,0,0,0,12,10,0,0,0,0,0,,,,,,
5/14/26,614,626,0,0,0,0,0,0,0,0,0,0,12,6,0,0,0,0,0,,,,,,
5/14/26,614,619,0,0,0,0,0,0,0,0,0,0,6,4,0,0,0,0,0,,,,,,
5/14/26,614,609,0,0,0,0,0,0,0,0,0,0,10,4,0,0,0,0,0,,,,,,
5/14/26,614,641,0,0,0,0,0,0,0,0,0,0,10,4,0,0,0,0,0,,,,,,
5/14/26,614,625,0,0,0,0,1,1,0,0,0,0,14,10,0,0,0,0,0,,,,,,
5/14/26,614,630,0,0,0,0,0,0,0,0,0,0,10,10,0,0,0,0,0,,,,,,
5/14/26,614,627,10,1,0,0,2,1,0,0,0,0,12,10,0,0,0,0,0,,,,,,
5/14/26,614,620,23,1,0,0,16.6,1,0,0,0,0,12,10,0,0,0,0,0,,,,,,
5/14/26,629,643,0,0,0,0,2.5,1,0,0,0,0,12,10,0,0,0,0,0,,,,,,
5/14/26,629,699,1.6,2,0,0,0,0,0,0,0,0,12,6,0,0,0,0,0,,,,,,
5/14/26,629,635,0,0,0,0,0,0,0,0,0,0,8,5,0,0,0,0,0,,,,,,
5/14/26,629,604,0,0,0,0,0,0,0,0,0,0,6,6,0,0,0,0,0,,,,,,
5/14/26,629,642,1.6,2,0,0,5,1,0,0,0,0,10,8,0,0,0,0,0,,,,,,
5/14/26,629,605,0,0,0,0,0,0,0,0,0,0,10,10,0,0,0,0,0,,,,,,
5/14/26,629,651,0,0,0,0,0,0,0,0,0,0,12,10,0,0,0,0,0,,,,,,
5/14/26,629,606,1.25,1,0,0,1.25,1,0,0,0,0,12,10,0,0,0,0,0,,,,,,
5/14/26,629,650,0,0,0,0,0,0,0,0,0,0,14,8,0,0,0,0,0,,,,,,
5/14/26,629,634,0,0,0,0,0,0,0,0,0,0,10,8,0,0,0,0,0,,,,,,
5/14/26,629,633,0,0,0,0,2.5,"1,2",0,0,0,0,12,7,0,0,0,0,0,,,,,,
5/14/26,629,611,0,0,0,0,0,0,0,0,0,0,12,12,0,0,0,0,0,,,,,,
5/14/26,629,696,5,1,0,0,0,0,0,0,0,0,6,6,0,0,0,0,0,,,,,,
5/14/26,629,662,0,0,0,0,0,0,0,0,0,0,6,8,0,0,0,0,0,,,,,,
5/14/26,629,624,0,0,0,0,0,0,0,0,0,0,8,6,0,0,0,0,0,,,,,,
5/14/26,642,658,0,0,0,0,0,0,0,0,0,0,6,4,0,0,0,0,0,,,,,,
5/14/26,642,655,0,0,0,0,0,0,0,0,0,0,8,6,0,0,0,0,0,,,,,,
5/14/26,642,659,0,0,0,0,0,0,0,0,0,0,6,4,0,0,0,0,0,,,,,,
5/14/26,642,654,0,0,4.1,"1,2",0,0,0,0,0,0,10,10,0,0,0,0,0,,,,,,
5/14/26,642,617,0,0,0,0,3.3,1,0,0,0,0,8,10,0,0,0,0,0,,,,,,
5/14/26,642,640,8.3,1,0,0,0,0,0,0,0,0,6,6,0,0,0,0,0,,,,,,
5/14/26,642,653,0,0,0,0,0,0,0,0,0,0,10,8,0,0,0,0,0,,,,,,
5/14/26,642,700,0,0,0,0,0,0,0,0,0,0,8,6,0,0,0,0,0,,,,,,
5/14/26,642,670,1,2,0,0,15,1,0,0,0,0,10,8,0,0,0,0,0,,,,,,
5/14/26,642,697,25,1,0,0,0,0,0,0,0,0,8,5,0,0,0,0,0,,,,,,
5/14/26,642,647,0,0,4.2,"2,3",0,0,0,0,0,0,12,8,0,0,0,0,0,,,,,,
5/14/26,642,694,0,0,0.5,1,0,0,0,0,0,0,10,8,0,0,0,0,0,,,,,,
5/14/26,642,581,0,0,0,0,0,0,0,0,0,0,14,10,0,0,2,1,0,,,,,,
5/14/26,642,608,0,0,3,2,12,1,0,0,0,0,10,8,0,0,0,0,0,,,,,,
5/14/26,642,669,0,0,0,0,0,0,0,0,0,0,10,8,0,0,0,0,0,,,,,,
5/14/26,634,692,0,0,0,0,0,0,0,0,0,0,16,10,0,0,0,0,0,,,,,,
5/14/26,634,690,0,0,0,0,0,0,0,0,0,0,10,10,0,0,0,0,0,,,,,,
5/14/26,634,661,1.6,2,0,0,0,0,0,0,0,0,20,12,0,0,2,1,0,,,,,,
5/14/26,634,681,8.75,1,0,0,0,0,0,0,0,0,12,10,0,0,0,0,0,,,,,,
5/14/26,634,682,0,0,0,0,0,0,0,0,0,0,14,10,0,0,0,0,0,,,,,,
5/14/26,634,668,0,0,0,0,0,0,0,0,0,0,12,10,0,0,0,0,0,,,,,,
5/14/26,634,675,6.25,1,0,0,0,0,0,0,0,0,12,6,0,0,0,0,0,,,,,,
5/14/26,634,667,0,0,6.6,1,0,0,0,0,0,0,12,8,0,0,0,0,0,,,,,,
5/14/26,634,687,0,0,0,0,0,0,0,0,0,0,14,10,0,0,0,0,0,,,,,,
5/14/26,634,602,9.2,1,0,0,0,0,0,0,0,0,15,10,0,0,0,0,0,,,,,,
5/14/26,634,693,0,0,0,0,0,0,0,0,0,0,6,4,0,0,0,0,0,,,,,,
5/14/26,634,689,0,0,4,1,0,0,0,0,0,0,14,8,0,0,0,0,0,,,,,,
5/14/26,634,646,0,0,1,1,0,0,0,0,0,0,14,11,0,0,0,0,0,,,,,,
5/14/26,634,621,0,0,0,0,0,0,0,0,0,0,16,8,0,0,0,0,0,,,,,,
5/14/26,634,618,1.6,"1,2",0,0,0,0,0,0,0,0,12,10,0,0,0,0,0,,,,,,
5/14/26,611,663,0,0,0,0,0,0,0,0,0,0,12,10,0,0,0,0,0,,,,,,
5/14/26,611,665,0,0,0,0,0,0,0,0,0,0,10,10,0,0,0,0,0,,,,,,
5/14/26,611,689,0,0,0,0,0,0,0,0,0,0,28,8,0,0,0,0,0,,,,,,
5/14/26,611,622,0,0,0,0,0,0,0,0,0,0,10,7,0,0,0,0,0,,,,,,
5/14/26,611,623,5,1,0,0,0,0,0,0,0,0,10,14,0,0,0,0,0,,,,,,
5/14/26,611,659,0,0,0,0,0,0,0,0,0,0,10,8,0,0,0,0,0,,,,,,
5/14/26,611,686,0,0,0.5,1,0,0,0,0,0,0,12,12,0,0,0,0,0,,,,,,
5/14/26,611,614,0,0,0,0,0,0,0,0,0,0,12,8,0,0,0,0,0,,,,,,
5/14/26,611,664,0,0,0,0,0,0,0,0,0,0,7,5,0,0,0,0,0,,,,,,
5/14/26,611,676,0,0,0,0,10,1,0,0,0,0,9,8,0,0,0,0,0,,,,,,
5/14/26,611,683,0,0,0,0,0,0,0,0,0,0,14,11,0,0,0,0,0,,,,,,
5/14/26,611,680,0,0,0,0,0,0,0,0,0,0,10,12,0,0,0,0,0,,,,,,
5/14/26,611,601,0,0,0,0,0,0,0,0,0,0,10,7,0,0,0,0,0,,,,,,
5/14/26,611,657,0,0,0,0,0,0,0,0,0,0,10,6,0,0,0,0,0,,,,,,
5/14/26,611,502,4,1,0,0,0,0,0,0,0,0,11,10,0,0,0,0,0,,,,,,
5/14/26,609,613,0,0,0,0,0,0,0,0,0,0,12,7,0,0,0,0,0,,,,,,
5/14/26,609,684,0,0,0,0,0,0,0,0,0,0,10,8,0,0,0,0,0,,,,,,
5/14/26,609,649,0,0,0,0,0,0,0,0,0,0,9,7,0,0,0,0,0,,,,,,
5/14/26,609,607,2.5,1,0,0,0,0,0,0,0,0,8,5,0,0,0,0,0,,,,,,
5/14/26,609,644,0,0,0,0,0,0,0,0,0,0,16,12,0,0,0,0,0,,,,,,
5/14/26,609,672,0,0,0,0,0,0,0,0,0,0,10,7,0,0,0,0,0,,,,,,
5/14/26,609,678,0,0,0,0,0,0,0,0,0,0,22,15,0,0,2,2,0,,,,,,
5/14/26,609,615,0,0,0,0,0.5,1,0,0,0,0,8,4,0,0,0,0,0,,,,,,
5/14/26,609,698,0,0,0,0,0,0,0,0,0,0,20,8,0,0,0,0,0,,,,,,
5/14/26,609,674,1.25,2,0,0,0,0,0,0,0,0,22,10,0,0,0,0,0,,,,,,
5/14/26,609,586,6.6,"2,3",0,0,0,0,0,0,0,0,24,13,0,0,0,0,0,,,,,,
5/14/26,609,673,2.5,"2,3",0,0,0,0,0,0,0,0,16,11,0,0,0,0,0,,,,,,
5/14/26,609,649,32.8,"1,3",0,0,0,0,0,0,0,0,28,18,0,0,0,0,0,,,,,,
5/14/26,609,636,0,0,0,0,18,"1,3",0,0,0,0,21,14,0,0,0,0,0,,,,,,
5/14/26,609,637,0,0,0,0,6.25,3,0,0,0,0,8,8,0,0,0,0,0,,,,,,
4/15/26,883,234,0,0,0,0,0,0,0,0,0,0,14,10,0,0,0,0,0,,,,,,
4/15/26,883,75,0,0,0,0,0,0,0,0,0,0,10,8,0,0,0,0,0,,,,,,
4/15/26,883,57,0,0,0,0,2,1,0,0,0,0,8,6,0,0,0,0,0,,,,,,
4/15/26,883,73,4,1,0,0,0,0,0,0,0,0,12,10,0,0,0,0,0,,,,,,
4/15/26,883,39,2,2,0,0,1,1,"1,2",2,0,0,12,10,0,0,0,0,0,,,,,,
4/15/26,883,16,6.25,"1,2",0,0,1,2,"1,7.5",1,0,0,8,6,0,0,0,0,0,,,,,,
4/15/26,883,67,0,0,0,0,0,0,0,0,0,0,10,8,0,0,0,0,0,,,,,,
4/15/26,883,58,0,0,0,0,0,0,0,0,0,0,10,8,0,0,0,0,0,,,,,,
4/15/26,883,79,0,0,0.4,1,0,0,0,0,0,0,14,10,0,0,0,0,0,,,,,,
4/15/26,883,26,3.3,2,0,0,0,0,0,0,0,0,16,12,0,0,0,0,0,,,,,,
4/15/26,883,44,0,0,0,0,0,0,0,0,0,0,16,10,0,0,0,0,0,,,,,,
4/15/26,883,41,0,0,0,0,0,0,0,0,0,0,20,14,0,0,0,0,0,,,,,,
4/15/26,883,60,0,0,0,0,0.2,1,0,0,0,0,22,12,0,0,0,0,0,,,,,,
4/15/26,883,55,0,0,0,0,1,2,0,0,0,0,12,10,0,0,0,0,0,,,,,,
4/15/26,34,76,0,0,1.5,1,0,0,0,0,0,0,14,10,0,0,0,0,0,,,,,,
4/15/26,34,50,0,0,0,0,0,0,"1,14",2,0,0,10,8,0,0,0,0,0,,,,,,
4/15/26,34,21,0,0,0.8,1,0,0,0,0,0,0,20,12,0,0,0,0,0,,,,,,
4/15/26,34,23,0,0,0,0,0.2,1,0,0,0,0,14,8,0,0,0,0,0,,,,,,
4/15/26,34,8,8.3,2,0,0,0.8,1,0,0,0,0,14,10,0,0,0,0,0,,,,,,
4/15/26,34,14,0,0,0,0,0,0,0,0,0,0,12,10,0,0,0,0,0,,,,,,
4/15/26,34,38,0,0,0,0,1.6,1,0,0,0,0,22,16,0,0,0,0,0,,,,,,
4/15/26,34,53,18.3,"1,2",0,0,1.6,1,0,0,0,0,28,14,0,0,0,0,0,,,,,,
4/15/26,34,81,0,0,0,0,0,0,0,0,0,0,24,10,0,0,0,0,0,,,,,,
4/15/26,34,28,0,0,2,1,0,0,0,0,0,0,16,10,0,0,0,0,0,,,,,,
4/15/26,34,47,0,0,0,0,0.8,1,0,0,0,0,16,16,0,0,0,0,0,,,,,,
4/15/26,34,4,70,"1,2,3",0,0,0,0,0,0,0,0,8,4,0,0,0,0,0,,,,,,
4/15/26,34,10,0,0,0,0,0,0,0,0,0,0,10,6,0,0,0,0,0,,,,,,
4/15/26,34,2,0,0,0,0,0,0,0,0,0,0,12,10,0,0,0,0,0,,,,,,
4/15/26,34,1,0,0,0,0,1.6,"1,2","1,1.6",1,0,0,14,10,0,0,0,0,0,,,,,,
4/15/26,15,65,0,0,0,0,3,2,0,0,0,0,22,10,0,0,0,0,0,,,,,,
4/15/26,15,18,3.6,"1,2,3",0,0,0.7,1,"1,1.4",3,0,0,28,12,0,0,0,0,0,,,,,,
4/15/26,15,40,2,"1,2",0,0,0.4,"2,3","1,3",3,0,0,24,16,0,0,0,0,0,,,,,,
4/15/26,15,31,3,"1,2",0,0,0,0,"2,1.4",3,0,0,24,12,0,0,0,0,0,,,,,,
4/15/26,15,56,2.5,"1,2,3",2,2,0,0,0,0,0,0,14,14,0,0,0,0,0,,,,,,
4/15/26,15,71,6,3,13,"1,2,3",0,0,0,0,0,0,10,8,0,0,0,0,0,,,,,,
4/15/26,15,12,0,0,2.5,3,0.8,3,"1,0.8",1,0,0,18,14,0,0,0,0,0,,,,,,
4/15/26,15,69,5,"2,3,4",2.5,"2,3",0,0,0,0,0,0,28,16,0,0,0,0,0,,,,,,
4/15/26,15,54,21,"1,2,3",0,0,0,0,0,0,0,0,30,16,0,0,0,0,0,,,,,,
4/15/26,15,52,1.25,3,0,0,1.25,"1,3",0,0,0,0,38,20,1,0,2,1,0,,,,,,
4/15/26,15,66,1.25,1,12.5,"1,2,3",0,0,0,0,0,0,14,10,0,0,0,0,0,,,,,,
4/15/26,15,49,0,0,0,0,0,0,0,0,0,0,14,10,0,0,0,0,0,,,,,,
4/15/26,15,70,0,0,0.8,3,0,0,0,0,0,0,30,12,0,0,0,0,0,,,,,,
4/15/26,15,35,0.7,1,0,0,0,0,0,0,0,0,45,20,0,0,0,0,0,,,,,,
4/15/26,15,74,2.5,"2,3",3.75,"2,3",0,0,0,0,0,0,26,20,1,0,0,0,0,,,,,,
4/15/26,3,37,3.8,"2,3",0,0,0,0,"1,4.2",1,0,0,20,14,0,0,4,2,0,,,,,,
4/15/26,3,22,5,"1,2,3",0,0,2.5,2,0,0,0,0,20,14,0,0,0,0,0,,,,,,
4/15/26,3,43,15,"2,3",0,0,5,1,0,0,0,0,10,6,0,0,0,0,0,,,,,,
4/15/26,3,19,2.5,1,0,0,0.8,3,0,0,0,0,12,8,0,0,0,0,0,,,,,,
4/15/26,3,46,5,"1,2",0,0,1.6,3,0,0,0,0,16,8,0,0,0,0,0,,,,,,
4/15/26,3,36,1.4,2,0,0,0.7,2,0,0,0,0,16,10,0,0,0,0,0,,,,,,
4/15/26,3,48,0,0,0.5,1,0,0,0,0,0,0,8,6,0,0,0,0,0,,,,,,
4/15/26,3,78,0.7,3,2,"1,2,3",0.7,2,"1,2",1,0,0,24,12,0,0,0,0,0,,,,,,
4/15/26,3,64,3,2,0,0,0,0,0,0,0,0,28,16,0,0,0,0,0,,,,,,
4/15/26,3,77,0,0,0,0,0,0,0,0,0,0,10,6,0,0,0,0,0,,,,,,
4/15/26,3,63,4.4,"2,3",0,0,1.25,2,0,0,0,0,40,26,1,0,4,1,0,,,,,,
4/15/26,3,6,4.5,"2,3,4",0,0,1,2,0,0,0,0,40,25,0,0,0,0,0,,,,,,
4/15/26,3,9,2.1,"1,2",0,0,0.7,2,0,0,0,0,20,16,0,0,0,0,0,,,,,,
4/15/26,3,13,1.9,3,0,0,1.9,"1,2,3",0,0,0,0,22,18,0,0,0,0,0,,,,,,
4/15/26,3,7,1.4,3,0,0,0,0,0,0,0,0,22,16,0,0,0,0,0,,,,,,
4/15/26,29,17,0,0,20,"1,2",0,0,0,0,0,0,8,6,0,0,0,0,0,,,,,,
4/15/26,29,20,4.3,3,0,0,0,0,"1,0.7",1,0,0,28,14,0,0,0,0,0,,,,,,
4/15/26,29,32,0,0,4.3,"1,2,3,4",0,0,0,0,0,0,20,16,0,0,0,0,0,,,,,,
4/15/26,29,30,3.6,3,0,0,0,0,"1,2.1",2,0,0,22,16,0,0,0,0,0,,,,,,
4/15/26,29,33,0,0,4.2,"1,2,3",0,0,0,0,0,0,16,12,0,0,0,0,0,,,,,,
4/15/26,29,42,3.3,3,0,0,0,0,0,0,0,0,16,10,0,0,0,0,0,,,,,,
4/15/26,29,11,1.6,3,5,"1,2,3,4",1.6,3,0,0,0,0,22,14,1,0,0,0,0,,,,,,
4/15/26,29,27,0,0,0,0,0.8,2,0,0,0,0,24,16,0,0,0,0,0,,,,,,
4/15/26,29,15,20,"1,2",0,0,0,0,0,0,0,0,24,16,0,0,0,0,0,,,,,,
4/15/26,29,45,10,"1,2,3",0,0,0,0,0,0,0,0,8,6,0,0,0,0,0,,,,,,
4/15/26,29,24,2.1,3,0,0,0,0,0,0,0,0,28,14,0,0,0,0,0,,,,,,
4/15/26,29,80,11.25,"1,2",0,0,0,0,0,0,0,0,22,18,0,0,0,0,0,,,,,,
4/15/26,29,68,1.4,4,2.9,"1,2,3,4",1.4,1,0,0,0,0,26,18,1,0,"2,2","2,1",0,,,,,,
4/15/26,29,59,12,"1,3,4",0,0,1.4,2,0,0,0,0,20,16,0,0,0,0,0,,,,,,
4/15/26,29,72,0,0,2.5,"2,3,4",1.25,1,0,0,0,0,32,16,1,0,4,1,0,,,,,,
4/15/26,433,68,6.6,"1,2,3,4",0,0,2.7,"1,2,3",0,0,0,0,42,28,1,0,4,1,0,,,,,,
4/15/26,433,5,32,"2,3",0,0,5.8,2,0,0,0,0,12,10,0,0,0,0,0,,,,,,
4/15/26,433,63,22,"1,2",0,0,0,0,0,0,0,0,16,10,0,0,0,0,0,,,,,,
4/15/26,433,62,1.25,1,0,0,3.1,"1,2,3,4",0,0,0,0,26,20,0,0,2,2,0,,,,,,
4/15/26,433,291,17.5,"1,2,3,4",0,0,3.1,3,0,0,0,0,26,16,0,0,2,2,0,,,,,,
4/15/26,433,61,23.3,"1,2,3",0,0,0,0,0,0,0,0,10,8,0,0,0,0,0,,,,,,
4/15/26,433,677,5.7,"1,2,3,4",0,0,2.1,"2,3",0,0,0,0,26,16,0,0,0,0,0,,,,,,
4/15/26,433,284,1.9,"1,2",0,0,5.6,"1,2,3,4",0,0,0,0,42,28,1,0,4,1,0,,,,,,
4/15/26,433,204,4.4,3,0,0,0,0,0,0,0,0,36,24,0,0,2,1,0,,,,,,
4/15/26,433,253,1.6,3,0,0,3.3,"1,2,3",0,0,0,0,22,14,0,0,0,0,0,,,,,,
4/15/26,433,163,4.3,"1,3",0,0,0.7,"1,2",0,0,0,0,22,12,0,0,0,0,0,,,,,,
4/15/26,433,658,5.6,"1,2,3,4",0,0,1.25,2,0,0,0,0,22,10,0,0,2,1,0,,,,,,
4/15/26,433,660,2.1,3,0,0,0.7,2,0,0,0,0,28,18,0,0,0,0,0,,,,,,
4/15/26,433,905,14,"1,3",0,0,0,0,0,0,0,0,14,10,0,0,2,1,0,,,,,,
4/15/26,433,103,1.6,2,0,0,0,0,"1,2.5",1,0,0,14,10,0,0,0,0,0,,,,,,
4/15/26,813,82,53,"1,2",0,0,0,0,0,0,0,0,4,4,0,0,0,0,0,,,,,,
4/15/26,813,179,0,0,0,0,7.5,1,0,0,0,0,4,4,0,0,0,0,0,,,,,,
4/15/26,813,83,0,0,0,0,0,0,"1,30",1,0,0,4,4,0,0,0,0,0,,,,,,
4/15/26,813,84,1.25,1,0,0,1.25,1,0,0,0,0,6,4,0,0,0,0,0,,,,,,
4/15/26,813,81,0,0,0,0,0,0,0,0,0,0,6,6,0,0,0,0,0,,,,,,
4/15/26,813,85,0,0,0,0,0,0,0,0,0,0,4,4,0,0,0,0,0,,,,,,
4/15/26,838,94,0,0,0,0,0,0,0,0,0,0,14,8,0,0,0,0,0,,,,,,
4/15/26,838,86,0,0,0,0,0.33,1,0,0,0,0,12,10,0,0,0,0,0,,,,,,
4/15/26,838,95,0,0,0,0,0.8,1,0,0,0,0,14,10,0,0,0,0,0,,,,,,
4/15/26,838,93,0,0,0,0,0.5,1,0,0,0,0,10,6,0,0,0,0,0,,,,,,
4/15/26,838,92,0,0,0,0,0.5,1,0,0,0,0,12,6,0,0,0,0,0,,,,,,
4/15/26,794,89,0,0,0,0,1.6,1,0,0,0,0,16,10,0,0,0,0,0,,,,,,
4/15/26,794,88,0,0,0,0,1,1,0,0,0,0,16,10,0,0,0,0,0,,,,,,
4/15/26,794,91,0,0,0,0,0.2,1,0,0,0,0,14,8,0,0,0,0,0,,,,,,
4/15/26,794,90,0,0,0,0,0,0,0,0,0,0,10,8,0,0,0,0,0,,,,,,
4/15/26,794,87,0,0,0,0,0,0,0,0,0,0,24,12,0,0,0,0,0,,,,,,
4/20/26,71,89,0,0,0,0,0,0,"1,13.6",1,0,0,20,10,0,0,0,0,0,,,,,,
4/20/26,71,22,0,0,0,0,1,1,0,0,0,0,24,12,0,0,0,0,0,,,,,,
4/20/26,71,69,0,0,0,0,0,0,0,0,0,0,30,14,0,0,0,0,0,,,,,,
4/20/26,71,11,0,0,0,0,1.25,1,0,0,0,0,18,10,0,0,0,0,0,,,,,,
4/20/26,71,8,0,0,0,0,1.25,1,0,0,0,0,14,8,0,0,0,0,0,,,,,,
4/20/26,893,23,0,0,1.25,1,0,0,0,0,0,0,12,10,0,0,0,0,0,,,,,,
4/20/26,893,17,0,0,1.25,1,0,0,0,0,0,0,12,10,0,0,0,0,0,,,,,,
4/20/26,893,87,0,0,0,0,0,0,0,0,0,0,18,12,0,0,0,0,0,,,,,,
4/20/26,893,25,0,0,0,0,0,0,0,0,"1,3.3",1,16,10,0,0,0,0,0,,,,,,
4/20/26,893,26,0,0,0,0,0,0,0,0,0,0,20,12,0,0,0,0,0,,,,,,
4/20/26,891,477,0,0,0,0,0,0,0,0,0,0,10,8,0,0,0,0,0,,,,,,
4/20/26,891,51,0,0,0,0,0,0,0,0,0,0,10,4,0,0,0,0,0,,,,,,
4/20/26,891,97,0,0,0,0,0,0,0,0,0,0,10,6,0,0,0,0,0,,,,,,
4/20/26,891,18,0,0,0,0,0,0,0,0,0,0,14,10,0,0,0,0,0,,,,,,
4/20/26,891,7,0,0,0,0,0,0,0,0,0,0,8,6,0,0,0,0,0,,,,,,
4/20/26,891,12,0,0,0,0,0,0,0,0,0,0,8,6,0,0,0,0,0,,,,,,
5/20/26,574,566,dead,0,0,0,0,0,0,0,0,0,0,0,0,0,0,0,0,,,,,,
5/20/26,574,525,dead,0,0,0,0,0,0,0,0,0,0,0,0,0,0,0,0,,,,,,
5/20/26,574,398,dead,0,0,0,0,0,0,0,0,0,0,0,0,0,0,0,0,,,,,,
5/20/26,574,560,dead,0,0,0,0,0,0,0,0,0,0,0,0,0,0,0,0,,,,,,
5/20/26,574,535,6.9,2,0,0,5.6,"1,3",0,0,"1,0.6",4,16,8,0,0,4,1,0,,,,,,
5/20/26,574,371,0,0,2,"3,4",2,"3,4",0,0,0,0,32,10,1,4,4,1,0,,,,,,
5/20/26,574,540,0,0,0,0,0,0,0,0,0,0,30,7,0,3,0,0,0,,,,,,
5/20/26,574,579,2,2,0,0,0,0,0,0,0,0,7,5,0,1,0,0,0,,,,,,
5/20/26,574,590,0,0,0,0,2.5,3,"1,17.5",3,0,0,25,5,0,1,0,0,0,,,,,,
5/20/26,574,366,10,"2,3,4",0,0,1,3,0,0,0,0,53,12,2,6,"6,11",2.1,0,,,,,,
5/20/26,574,374,1.6,"1,2",0,0,0.2,3,0,0,0,0,20,8,2,0,0,0,0,,,,,,
5/20/26,574,547,0,0,0,0,0,0,0,0,0,0,25,6,1,2,0,0,0,,,,,,
5/20/26,574,522,1.3,4,0,0,8.8,"2,3",0,0,0,0,25,8,0,0,0,0,0,,,,,,
5/20/26,574,381,8.5,"1,3,4",0.63,2,0.63,5,"1,2.5",3,0,0,43,12,3,1,4,1,0,,,,,,
5/20/26,574,565,19,"2,3",0,0,0,0,0,0,0,0,7,5,1,1,0,0,0,,,,,,
5/20/26,695,358,2.1,3,0,0,3.6,2,0,0,0,0,40,7,2,2,"4,2","2,1",0,,,,,,
5/20/26,695,597,0,0,2,2,2.2,"2,3",0,0,0,0,68,10,3,4,14,1,0,,,,,,
5/20/26,695,562,2,3,0,0,9,2,0,0,0,0,12,6,1,1,0,0,0,,,,,,
5/20/26,695,301,dead,0,0,0,0,0,0,0,0,0,0,0,0,0,0,0,0,,,,,,
5/20/26,695,527,1.1,4,0,0,0.6,3,0,0,0,0,62,6,1,3,5,1,0,,,,,,
5/20/26,695,583,3.1,2,0,0,2.9,"1,2,3",0,0,0,0,34,7,1,1,3,1,0,,,,,,
5/20/26,695,594,10,2,0,0,2,3,0,0,0,0,22,8,1,1,4,1,0,,,,,,
5/20/26,695,515,1.3,2,0,0,6.9,"1,2",0,0,0,0,32,5,1,1,6,1,0,,,,,,
5/20/26,695,534,0.9,4,0,0,5,"1,3","1,1.2",4,0,0,62,10,4,4,11,1,0,,,,,,
5/20/26,695,561,0,0,1.6,1,1.6,"1,2",0,0,0,0,26,7,1,1,4,1,0,,,,,,
5/20/26,695,576,3.6,2,0,0,6.4,"1,3",0,0,0,0,52,9,1,3,"9,6","2,1",0,,,,,,
5/20/26,695,359,0,0,2.5,"2,3",3.1,1,0,0,0,0,39,8,1,1,8,1,0,,,,,,
5/20/26,695,531,1.1,4,0,0,1.33,2,0,0,0,0,47,10,1,3,"8,4","2,1",0,,,,,,
5/20/26,695,509,0,0,0,0,0,0,0,0,0,0,30,7,1,1,4,1,0,,,,,,
5/20/26,695,598,0,0,0,0,16.3,"2,3",0,0,0,0,19,4,0,2,4,2,0,,,,,,
5/20/26,636,559,0,0,0,0,0.6,1,0,0,0,0,27,10,0,0,4,1,0,,,,,,
5/20/26,636,541,0,0,0,0,0.6,1,0,0,0,0,22,10,0,0,4,1,0,,,,,,
5/20/26,636,517,0,0,0,0,12.5,1,0,0,0,0,11,4,0,0,0,0,0,,,,,,
5/20/26,636,577,1.3,4,0,0,1.1,3,0,0,0,0,26,11,0,0,7,1,0,,,,,,
5/20/26,636,544,6.4,"1,3",0,0,0,0,0,0,0,0,25,8,0,0,8,1,0,,,,,,
5/20/26,636,571,0,0,0,0,0,0,0,0,0,0,26,7,0,0,4,1,0,,,,,,
5/20/26,636,530,1.6,"2,4",0,0,0,0,0,0,0,0,33,8,1,0,"4,6","2,1",0,,,,,,
5/20/26,636,566,1.4,2,0,0,1,"1,2,3",0,0,0,0,65,14,1,0,"4,6","2,1",0,,,,,,
5/20/26,636,548,20,"1,2,3,4,5",0,0,0.5,4,0,0,0,0,25,8,1,0,3,1,0,,,,,,
5/20/26,636,514,0.7,4,0,0,6,"12,3",0,0,0,0,24,12,0,0,8,1,0,,,,,,
5/20/26,636,599,1.9,"3,5",0,0,0.3,1,0,0,0,0,30,18,0,0,"3,8","2,1",0,,,,,,
5/20/26,636,397,1,2,0,0,2.5,"2,3",0,0,0,0,45,9,2,0,"8,4","2,1",0,,,,,,
5/20/26,636,596,3.3,1,0,0,0,0,0,0,0,0,46,14,1,0,"8,4","2,1",0,,,,,,
5/20/26,636,303,1.1,4,0,0,0.3,2,0,0,0,0,36,12,0,0,"8,4","2,1",0,,,,,,
5/20/26,636,516,0,0,0.7,1,1.4,"1,2",0,0,0,0,29,11,0,0,"4,4","2,1",0,,,,,,
5/15/26,258,262,31.4,"2,3",0,0,0,0,0,0,0,0,30,10,1,0,"2,4","2,1",0,,,,,,
5/15/26,258,229,2,"1,2,3",0,0,10.8,"1,2,3",0,0,0,0,14,5,1,0,2,1,0,,,,,,
5/15/26,258,284,10,2,0,0,6.6,4,"2,4.2",3,0,0,33,9,0,1,0,0,0,,,,,,
5/15/26,258,233,18.8,"1,2,3",0.63,3,1.3,"1,3",0,0,0,0,31,7,0,1,"4,4","2,1",0,,,,,,
5/15/26,258,212,2.3,3,0,0,0.4,4,0,0,0,0,87,15,2,4,"8,7","2,1",0,,,,,,
5/15/26,258,244,7,1,0,0,1.4,1,0,0,0,0,64,13,1,2,4.4,"2,1",0,,,,,,
5/15/26,258,228,3.3,3,4.4,2.4,0.5,3,0,0,0,0,59,15,1,2,13,1,0,,,,,,
5/15/26,258,298,3,"2,3",0,0,0,0,0,0,0,0,29,7,1,0,4,1,0,,,,,,
5/15/26,258,254,21.6,"1,2",0,0,0,0,0,0,0,0,11,3,0,0,0,0,0,,,,,,
5/15/26,258,231,dead,0,0,0,0,0,0,0,0,0,0,0,0,0,0,0,0,,,,,,
5/15/26,258,224,21.9,"1,2,3",0,0,5,1,0,0,0,0,44,10,1,1,8,1,1,,,,,,
5/15/26,258,241,16.1,"1,2,3",0,0,0.5,2,0,0,0,0,55,16,0,1,9,1,0,,,,,,
5/15/26,258,234,20,2,0,0,0,0,0,0,0,0,44,7,0,0,0,0,0,,,,,,
5/15/26,258,251,30,"1,2,3",0,0,0,0,"1,6.3",2,0,0,30,6,0,0,0,0,0,,,,,,
5/15/26,258,232,21.3,"2,3,4",1.9,"2,3,4","1,1",3,",",0,0,0,59,21,2,0,"4,8","2,1",0,,,,,,
5/15/26,259,292,dead,0,0,0,0,0,0,0,0,0,0,0,0,0,0,0,0,,,,,,
5/15/26,259,238,dead,0,0,0,0,0,0,0,0,0,0,0,0,0,0,0,0,,,,,,
5/15/26,259,294,dead,0,0,0,0,0,0,0,0,0,0,0,0,0,0,0,0,,,,,,
5/15/26,259,288,dead,0,0,0,0,0,0,0,0,0,0,0,0,0,0,0,0,,,,,,
5/15/26,259,268,dead,0,0,0,0,0,0,0,0,0,0,0,0,0,0,0,0,,,,,,
5/15/26,259,300,dead,0,0,0,0,0,0,0,0,0,0,0,0,0,0,0,0,,,,,,
5/15/26,259,246,dead,0,0,0,0,0,0,0,0,0,0,0,0,0,0,0,0,,,,,,
5/15/26,259,275,dead,0,0,0,0,0,0,0,0,0,0,0,0,0,0,0,0,,,,,,
5/15/26,259,226,dead,0,0,0,0,0,0,0,0,0,0,0,0,0,0,0,0,,,,,,
5/15/26,259,291,2.5,"1,3",10,"1,2,3",0.8,"1,2",0,0,0,0,27,7,0,0,0,0,0,,,,,,
5/15/26,259,242,0,0,13,"2,3",13,"2,3",0,0,0,0,13,6,0,0,0,0,0,,,,,,
5/15/26,259,282,0,0,10,"2,3,4,5",1.6,"2,3,4",0,0,0,0,47,19,2,1,"10,2","2,1",0,,,,,,
5/15/26,259,260,1.6,"2,3",6.25,"1,2",0,0,0,0,0,0,19,7,1,0,0,0,0,,,,,,
5/15/26,259,293,0,0,9.2,"1,2,3",0.8,1,0,0,0,0,24,9,0,0,4,1,0,,,,,,
5/15/26,285,276,na,0,0,0,0,0,0,0,0,0,0,0,0,0,0,0,0,,,,,,
5/15/26,285,200,12,"1,2,3",0,0,9.3,"1,2,3",0,0,0,0,29,8,0,1,4,1,0,,,,,,
5/15/26,285,234,5.6,"2,3,4",0,0,1.9,1,0,0,0,0,34,15,1,0,"4,4","2,1",0,,,,,,
5/15/26,285,247,50,"1,2,3,4",0,0,7.5,"1,3,4",0,0,0,0,52,10,0,1,0,0,0,,,,,,
5/15/26,285,272,30,"2,3,4",0,0,7.5,"3,4",0,0,0,0,30,14,0,1,2,1,0,,,,,,
5/15/26,285,279,10,"3,4,5",0,0,2.9,"3,5",0,0,0,0,76,19,2,1,5,1,0,,,,,,
5/15/26,285,299,6,1,0,0,4,1,0,0,0,0,8,4,0,0,0,0,0,,,,,,
5/15/26,285,295,18.8,"1,2,3,4",0,0,4.1,"1,2,3,4",0,0,0,0,48,9,0,1,2,1,0,,,,,,
5/15/26,285,257,5.8,"1,2,3",0,0,4.2,"1,2",0,0,0,0,20,8,0,0,0,0,0,,,,,,
5/15/26,285,277,5.6,"2,3",0,0,4.4,"1,2,3",0,0,0,0,37,10,0,1,4,1,0,,,,,,
5/15/26,285,273,3.1,"2,3",1.3,3,8.8,"1,2",0,0,0,0,42,15,1,0,"4,4","2,1",0,,,,,,
5/15/26,285,283,10.8,"2,3",0,0,3.3,"2,3",0,0,0,0,24,6,0,0,1,1,0,,,,,,
5/15/26,285,235,13.3,1,0,0,0,0,0,0,0,0,11,4,0,0,0,0,0,,,,,,
5/15/26,285,250,20,"3,4",0,0,0,0,0,0,0,0,55,17,0,1,0,0,1,,,,,,
5/15/26,285,239,33,"2,3,4",0,0,2.2,"3,4",0,0,0,0,68,18,0,0,6,1,0,,,,,,
5/14/26,416,472,1.6,3,0,0,0.8,1,0,0,0,0,19,5,0,0,0,0,0,,,,,,
5/14/26,416,471,5,3,0,0,0,0,0,0,0,0,19,7,0,0,0,0,0,,,,,,
5/14/26,416,451,5.7,"1,2,3",0,0,1.4,2,0,0,0,0,30,12,1,0,4,1,0,,,,,,
5/14/26,416,463,8.7,2,0,0,1.3,3,0,0,0,0,19,8,1,0,3,1,0,,,,,,
5/14/26,416,469,8.6,1,0,0,9.4,"2,3",0,0,0,0,37,7,1,0,0,0,0,,,,,,
5/14/26,416,600,2.7,1,0,0,3.6,2,0,0,0,0,49,14,3,1,5,1,0,,,,,,
5/14/26,416,634,10,1,0,0,0,0,0,0,0,0,36,8,1,0,4,1,0,,,,,,
5/14/26,416,186,5.6,"2,3",0,0,0.6,2,0,0,0,0,35,12,0,1,4,1,0,,,,,,
5/14/26,416,478,9.4,"1,2,4",0,0,1.6,2,0,0,0,0,42,11,0,1,3,1,0,,,,,,
5/14/26,416,455,5,"1,2,3",0,0,0.6,2,0,0,0,0,40,10,1,0,1,1,0,,,,,,
5/14/26,416,661,2.7,"2,3",0,0,1.9,"1,2",0,0,0,0,39,12,0,1,"2,2","2,1",0,,,,,,
5/14/26,416,484,10.7,1,0,0,0,0,0,0,0,0,22,11,1,0,0,0,0,,,,,,
5/14/26,458,980,9.3,"1,2,3",0,0,2.9,"1,2",0,0,0,0,31,9,1,0,3,1,0,,,,,,
5/14/26,458,479,16.3,1,0,0,0,0,0,0,0,0,18,4,0,0,0,0,0,,,,,,
5/14/26,458,468,15.6,"2,3,4",0,0,3.7,"1,2,4",0,0,0,0,49,11,0,0,0,0,0,,,,,,
5/14/26,458,689,25,"1,2",0,0,5,1,"1,0.7",1,0,0,15,7,0,0,0,0,0,,,,,,
5/14/26,458,667,5,"1,3",0,0,0,0,0,0,0,0,41,10,0,0,0,0,0,,,,,,
5/14/26,458,650,3.12,"1,2,4",0,0,21,"2,3,4",0,0,0,0,49,10,0,0,0,0,0,,,,,,
5/14/26,458,459,1.3,3,0,0,1.9,"1,2,4",0,0,0,0,37,11,0,0,0,0,0,,,,,,
5/14/26,458,798,na,0,0,0,0,0,0,0,0,0,0,0,0,0,0,0,0,,,,,,
5/14/26,458,868,0,0,0.6,1,0,0,0,0,0,0,36,12,0,0,0,0,0,,,,,,
5/14/26,458,452,52,"1,3",0,0,2.5,1,0,0,0,0,21,6,0,0,0,0,0,,,,,,
5/14/26,458,462,7,"2,3",0,0,9,"1,3",0,0,0,0,21,6,0,0,0,0,0,,,,,,
5/14/26,458,460,6.6,2,0,0,0,0,0,0,0,0,31,5,0,0,0,0,0,,,,,,
5/14/26,458,475,29.4,"1,2,3,4",0,0,0,0,0,0,0,0,28,10,0,0,0,0,0,,,,,,
5/14/26,458,464,27.2,"1,2,3,4",0,0,6.6,"1,2",0,0,0,0,63,15,0,0,0,0,0,,,,,,
5/14/26,457,476,dead,0,0,0,0,0,0,0,0,0,0,0,0,0,0,0,0,,,,,,
5/14/26,457,853,dead,0,0,0,0,0,0,0,0,0,0,0,0,0,0,0,0,,,,,,
5/14/26,457,157,dead,0,0,0,0,0,0,0,0,0,0,0,0,0,0,0,0,,,,,,
5/14/26,457,480,dead,0,0,0,0,0,0,0,0,0,0,0,0,0,0,0,0,,,,,,
5/14/26,457,59,dead,0,0,0,0,0,0,0,0,0,0,0,0,0,0,0,0,,,,,,
5/14/26,457,474,10,1,1,1,0,0,0,0,0,0,14,7,0,0,4,1,0,,,,,,
5/14/26,457,466,0,0,0,0,0,0,0,0,0,0,26,7,0,0,4,1,0,,,,,,
5/14/26,457,467,0,0,0,0,0,0,0,0,0,0,26,5,0,0,0,0,0,,,,,,
5/14/26,457,458,0,0,0,0,0,0,0,0,0,0,12,3,0,0,0,0,0,,,,,,
5/14/26,457,264,31,"1,2",0,0,0,0,0,0,0,0,21,3,0,0,4,1,0,,,,,,
5/14/26,457,470,0,0,0,0,0,0,0,0,0,0,56,18,1,0,8,1,0,,,,,,
5/14/26,457,60,15,1,0,0,0,0,0,0,0,0,20,7,0,0,0,0,0,,,,,,
5/14/26,457,944,11.6,"1,2,3",0,0,0,0,0,0,0,0,22,4,0,0,0,0,0,,,,,,
5/14/26,457,670,8.3,1,0,0,0,0,0,0,0,0,34,6,0,0,4,1,0,,,,,,
5/14/26,610,266,12.5,"2,3,4",0,0,1.9,"3,4",0,0,0,0,42,14,0,1,0,0,0,,,,,,
5/14/26,610,465,dead,0,0,0,0,0,0,0,0,0,0,0,0,0,0,0,0,,,,,,
5/14/26,610,272,0,0,0.5,1,0,0,0,0,0,0,83,16,1,1,0,0,0,,,,,,
5/14/26,610,241,10.5,"2,3,4,5",0,0,5.5,"2,4",0,0,0,0,55,15,0,2,4,1,0,,,,,,
5/14/26,610,270,13.1,"2,3",1.25,1,0,0,0,0,0,0,35,9,1,0,0,0,0,,,,,,
5/14/26,610,277,8.8,1,0,0,5.6,1,0,0,0,0,34,9,1,0,0,0,0,,,,,,
5/14/26,610,232,12.1,"1,3",2.1,3,0,0,0,0,0,0,25,5,0,0,1,1,0,,,,,,
5/14/26,610,255,0,0,1.1,"2,3,4",1.1,1,0,0,0,0,65,12,0,0,0,0,0,,,,,,
5/14/26,610,296,0,0,1.25,1,1.25,1,0,0,0,0,40,12,1,0,0,0,0,,,,,,
5/14/26,610,237,5,1,5,"2,3,4",0,0,0,0,0,0,25,8,0,0,0,0,0,,,,,,
5/14/26,610,209,0,0,2.14,"1,2,3,4",0.6,1,0,0,0,0,76,25,0,1,0,0,0,,,,,,
5/14/26,610,196,0,0,0,0,0,0,0,0,0,0,45,2,0,0,0,0,0,,,,,,
5/14/26,610,877,2.7,5,6.8,"1,2",0,0,0,0,0,0,44,15,1,0,0,0,0,,,,,,
5/14/26,610,242,6.1,"1,2",0,0,0,0,0,0,0,0,35,10,0,0,0,0,0,,,,,,
5/14/26,610,767,1.4,5,0,0,1.4,"1,2",0,0,0,0,45,10,2,1,0,0,0,,,,,,
5/14/26,815,62,15,1,0,0,0,0,0,0,0,0,10,4,0,0,0,0,0,,,,,,
5/14/26,815,230,28.3,"1,2,3,4",0,0,0,0,0,0,0,0,29,9,0,1,0,0,0,,,,,,
5/14/26,815,287,dead,0,0,0,0,0,0,0,0,0,0,0,0,0,0,0,0,,,,,,
5/14/26,815,162,dead,0,0,0,0,0,0,0,0,0,0,0,0,0,0,0,0,,,,,,
5/14/26,815,856,1.3,1,0,0,3.1,"1,2,3",0,0,0,0,3.7,8,1,1,0,0,0,,,,,,
5/14/26,815,174,0,0,1.9,"1,2,3",1.9,2,0,0,0,0,41,9,1,1,2,1,0,,,,,,
5/14/26,815,194,na,0,0,0,0,0,0,0,0,0,0,0,0,0,0,0,0,,,,,,
5/14/26,815,214,na,0,0,0,0,0,0,0,0,0,0,0,0,0,0,0,0,,,,,,
5/14/26,815,105,stept,0,0,0,0,0,0,0,0,0,0,0,0,0,0,0,0,,,,,,
5/14/26,815,211,na,0,0,0,0,0,0,0,0,0,0,0,0,0,0,0,0,,,,,,
5/14/26,815,181,0,0,4.2,"3,4",2.5,"1,2",0,0,0,0,50,14,1,0,0,0,0,,,,,,
5/14/26,815,220,9.2,"2,3",2.5,"1,2,3",0,0,0,0,0,0,29,5,0,0,0,0,0,,,,,,
5/14/26,815,205,0,0,5,"1,2",0,0,0,0,0,0,15,6,0,0,0,0,0,,,,,,
5/14/26,815,269,15.5,"2,3,4",0,0,2.5,"2,3",0,0,0,0,28,10,1,0,0,0,0,,,,,,
5/14/26,815,224,13.1,2.3,2,1,4.4,"2,3",0,0,0,0,32,11,1,2,1,1,0,,,,,,
5/14/26,667,226,dead,0,0,0,0,0,0,0,0,0,0,0,0,0,0,0,0,,,,,,
5/14/26,667,178,dead,0,0,0,0,0,0,0,0,0,0,0,0,0,0,0,0,,,,,,
5/14/26,667,167,dead,0,0,0,0,0,0,0,0,0,0,0,0,0,0,0,0,,,,,,
5/14/26,667,203,dead,0,0,0,0,0,0,0,0,0,0,0,0,0,0,0,0,,,,,,
5/14/26,667,874,dead,0,0,0,0,0,0,0,0,0,0,0,0,0,0,0,0,,,,,,
5/14/26,667,285,dead,0,0,0,0,0,0,0,0,0,0,0,0,0,0,0,0,,,,,,
5/14/26,667,424,dead,0,0,0,0,0,0,0,0,0,0,0,0,0,0,0,0,,,,,,
5/14/26,667,268,dead,0,0,0,0,0,0,0,0,0,0,0,0,0,0,0,0,,,,,,
5/14/26,667,247,0,0,0,0,0,0,0,0,0,0,26,6,0,0,0,0,0,,,,,,
5/14/26,667,239,dead,0,0,0,0,0,0,0,0,0,0,0,0,0,0,0,0,,,,,,
5/14/26,667,246,0,0,17.5,"1,2,3",0.8,1,0,0,0,0,26,5,0,0,0,0,0,,,,,,
5/14/26,667,221,0,0,12.5,1,12.5,1,0,0,0,0,30,6,0,0,0,0,0,,,,,,
5/14/26,667,943,6,3,15,"1,2,3",1,2,0,0,0,0,30,6,0,0,0,0,0,,,,,,
5/28/26,619,10,0,0,0.7,0,0,0,0,0,0,0,22,10,1,0,0,0,0,,,,,,
5/28/26,619,13,3,"1,2,3",0,0,0,0,0,0,0,0,42,15,0,0,4,2,0,,,,,,
5/28/26,619,6,1.25,1,1.25,2,1.25,"1,2",0,0,0,0,25,10,0,1,0,0,0,,,,,,
5/28/26,619,7,3.4,"1,2,3",0,0,0.3,3,0,0,0,0,56,18,1,2,"8,4","2,1",0,,,,,,
5/28/26,619,8,0,0,0,0,0,0,0,0,0,0,12,6,0,0,0,0,0,,,,,,
5/28/26,619,12,1.5,4,0,0,1.5,"1,2",0,0,0,0,45,18,1,2,"4,6","2,1",0,,,,,,
5/28/26,619,2,2.2,2,0,0,1.5,3,0,0,0,0,38,10,1,1,8,1,0,,,,,,
5/28/26,619,3,0,0,1.5,"3,4",2,"1,2",0,0,0,0,33,20,1,1,"8,4","2,1",0,,,,,,
5/28/26,619,9,1.5,3,0,0,3,"1,2",0,0,0,0,34,14,2,1,8,0,0,,,,,,
5/28/26,619,1,4.2,2,1.6,4,0,0,0,0,0,0,35,19,3,1,8,0,0,,,,,,
5/28/26,619,11,1.3,2,0,0,0,0,0,0,0,0,38,21,4,0,"8,6","2,1",0,,,,,,
5/28/26,619,14,1,3,0,0,3.5,"1,2",0,0,0,0,30,20,1,1,"6,4","2,1",0,,,,,,
5/28/26,619,5,0,0,0,0,1,3,0,0,0,0,35,16,1,1,"2,4","2,1",0,,,,,,
5/28/26,619,4,6.3,1,0,0,0,0,0,0,0,0,14,12,0,0,2,1,0,,,,,,
5/28/26,619,15,0.6,2,0,0,0.6,3,0,0,0,0,62,25,2,1,"14,6","2,1",0,,,,,,
5/28/26,691,11,0,0,0,0,0,0,0,0,0,0,30,10,0,0,4,1,0,,,,,,
5/28/26,691,9,0,0,2.5,"1,2,3",0,0,0,0,0,0,34,8,0,0,6,1,0,,,,,,
5/28/26,691,13,1.3,1,0,0,0,0,0,0,0,0,8,6,0,0,0,0,0,,,,,,
5/28/26,691,1,0,0,0,0,1,1,0,0,0,0,26,12,0,0,5,1,0,,,,,,
5/28/26,691,3,0,0,0,0,0,0,0,0,0,0,6,6,0,0,0,0,0,,,,,,
5/28/26,691,8,0,0,2,"1,2",0,0,0,0,0,0,18,10,0,0,4,1,0,,,,,,
5/28/26,691,7,0,0,4.2,"2,3",1.6,1,0,0,0,0,28,16,0,0,0,0,0,,,,,,
5/28/26,691,4,0,0,1.2,"1,2",0,0,0,0,0,0,10,6,0,0,0,0,0,,,,,,
5/28/26,691,10,0,0,0,0,0,0,0,0,0,0,26,15,0,0,4,1,0,,,,,,
5/28/26,691,5,6.3,1,0,0,0,0,0,0,0,0,35,15,0,0,6,1,0,,,,,,
5/28/26,691,6,0,0,0,0,0,0,0,0,0,0,5,5,0,0,0,0,0,,,,,,
5/28/26,691,14,0,0,5,"1,2,3",0,0,0,0,0,0,18,8,0,0,0,0,0,,,,,,
5/28/26,691,12,0,0,0,0,0,0,0,0,0,0,10,7,0,0,0,0,0,,,,,,
5/28/26,691,15,0,0,0,0,0,0,0,0,0,0,8,10,0,0,0,0,0,,,,,,
5/28/26,691,2,0,0,6.3,"1,2",0,0,0,0,0,0,11,8,0,0,0,0,0,,,,,,
5/28/26,650,7,0,0,2,"1,2,3,4",0,0,0,0,0,0,28,10,2,1,"8,4","2,1",0,,,,,,
5/28/26,650,9,1,1,0,0,0,0,0,0,0,0,10,8,0,0,0,0,0,,,,,,
5/28/26,650,8,0,0,0,0,0,0,0,0,0,0,25,14,0,0,"4,4","2,1",0,,,,,,
5/28/26,650,13,0,0,0,0,0,0,0,0,0,0,10,8,0,0,0,0,0,,,,,,
5/28/26,650,6,0,0,2,"1,2,3",0,0,0,0,0,0,14,10,0,0,4,1,0,,,,,,
5/28/26,650,14,0,0,0.6,1,0,0,0,0,0,0,25,10,1,0,8,2,0,,,,,,
5/28/26,650,5,0,0,0,0,0,0,0,0,0,0,18,10,0,0,4,1,0,,,,,,
5/28/26,650,1,0,0,0,0,0,0,0,0,0,0,38,12,1,1,"6,4","2,1",0,,,,,,
5/28/26,650,10,0,0,1.6,1,0,0,0,0,0,0,22,11,0,0,4,4,0,,,,,,
5/28/26,650,11,0,0,0,0,0,0,0,0,0,0,16,10,0,0,2,1,0,,,,,,
5/28/26,650,12,0,0,0,0,0,0,0,0,0,0,32,18,1,0,"6,2","2,1",0,,,,,,
5/28/26,650,2,0,0,0,0,0,0,0,0,0,0,12,10,0,0,0,0,0,,,,,,
5/28/26,650,4,0,0,0,0,0,0,0,0,0,0,26,18,0,0,"4,6","2,1",0,,,,,,
5/28/26,650,3,0,0,0,0,0,0,0,0,0,0,18,10,1,0,0,0,0,,,,,,
5/28/26,650,15,0,0,1,"1,2,3",0,0,0,0,0,0,24,11,1,0,"12,4","2,1",0,,,,,,
6/3/26,614,632,0,0,0,0,2.5,"2,3",0,0,0,0,34,13,2,2,5,1,0,,,,,,
6/3/26,614,603,na,0,0,0,0,0,0,0,0,0,0,0,0,0,0,0,0,,,,,,
6/3/26,614,629,na,0,0,0,0,0,0,0,0,0,0,0,0,0,0,0,0,,,,,,
6/3/26,614,609,0,0,0,0,1.67,2,0,0,0,0,29,13,1,3,6,1,0,,,,,,
6/3/26,614,610,dead,0,0,0,0,0,0,0,0,0,0,0,0,0,0,0,0,,,,,,
6/3/26,614,612,0,0,0,0,3.75,1,0,0,0,0,9,5,0,0,0,0,0,,,,,,
6/3/26,614,620,16.67,1,0,0,0,0,0,0,0,0,22,9,1,0,2,1,0,,,,,,
6/3/26,614,639,0,0,0,0,7.6,2,0,0,0,0,24,17,1,1,5,1,0,,,,,,
6/3/26,614,641,20,1,0.83,0,0,0,0,0,0,0,18,3,1,0,0,0,0,,,,,,
6/3/26,614,619,5,1,0,0,0,0,0,0,0,0,32,16,1,0,2,1,0,,,,,,
6/3/26,614,626,dead,0,0,0,0,0,0,0,0,0,0,0,0,0,0,0,0,,,,,,
6/3/26,614,625,0,0,0,0,2,"2,3",0,0,0,0,15,6,1,0,2,1,0,,,,,,
6/3/26,642,670,9.29,"2,3",0,0,0,0,0,0,0,0,21,4,1,1,0,0,0,,,,,,
6/3/26,642,700,0,0,0,0,1,1,0,0,0,0,11,6,0,1,0,0,0,,,,,,
6/3/26,642,581,5,"2,3",0,0,14.29,"1,2",0,0,0,0,29,6,0,3,4,1,0,,,,,,
6/3/26,642,697,20,"2,3",0,0,0,0,0,0,0,0,19,7,1,1,0,0,0,,,,,,
6/3/26,642,647,16.87,"1,2,3",0,0,4.37,3,0,0,0,0,40,6,1,3,0,0,0,,,,,,
6/3/26,642,653,0,0,0,0,9.84,"1,2",0,0,0,0,24,6,1,1,0,0,0,,,,,,
6/3/26,642,608,0,0,7.2,2,23.3,"2,3",0,0,0,0,14,9,0,0,0,0,0,,,,,,
6/3/26,642,640,0,0,2.9,2,0.83,1,0,0,0,0,13,5,0,1,0,0,0,,,,,,
6/3/26,642,694,0,0,2,3,21.42,"1,2,3",0,0,0,0,21,14,1,1,3,1,0,,,,,,
6/3/26,642,617,7.5,2,0,0,0,0,0,0,0,0,14,9,0,1,2,1,0,,,,,,
6/3/26,642,669,10.71,"1,2",0.71,"2,3",0.8,"1,2",0,0,0,0,24,6,1,2,2,1,0,,,,,,
6/3/26,642,655,0,0,0,0,8.75,"1,2",0,0,0,0,7,6,0,1,0,0,0,,,,,,
6/3/26,642,659,0,0,1,"1,2",0,0,0,0,0,0,4,5,0,0,0,0,0,,,,,,
6/3/26,642,654,0,0,0,0,0.4,"2,3",0,0,0,0,16,4,1,0,0,0,0,,,,,,
6/3/26,642,658,0,0,0,0,0,0,0,0,0,0,7,3,0,1,2,1,0,,,,,,
6/3/26,629,851,0,0,0,0,1.67,"1,2",0,0,0,0,18,4,0,0,0,0,0,,,,,,
6/3/26,629,605,0,0,0.67,"1,2",0,0,0,0,0,0,17,8,0,2,2,1,0,,,,,,
6/3/26,629,699,12,2,0,0,1,1,0,0,0,0,20,6,1,1,2,1,0,,,,,,
6/3/26,629,624,2.34,1,0,0,0,0,0,0,0,0,19,6,1,0,0,0,0,,,,,,
6/3/26,629,634,0,0,0,0,8.12,"1,2",0,0,0,0,24,7,0,1,4,1,0,,,,,,
6/3/26,629,650,0,0,0,0,0.83,1,0,0,0,0,22,6,1,0,3,1,0,,,,,,
6/3/26,629,696,0.83,1,0,0,0,0,0,0,0,0,29,7,1,1,2,1,0,,,,,,
6/3/26,629,299,0,0,0,0,3.73,"1,2",0,0,0,0,27,10,1,1,4,1,0,,,,,,
6/3/26,629,633,0.5,2,0,0,2.5,"1,3",0,0,0,0,39,17,2,0,6,1,0,,,,,,
6/3/26,629,606,1.87,2,0,0,1.25,"1,2",0,0,0,0,22,10,0,2,0,0,0,,,,,,
6/3/26,629,642,0.71,2,0,0,2.14,"1,2",0,0,0,0,27,9,0,1,6,1,0,,,,,,
6/3/26,629,643,dead,0,0,0,0,0,0,0,0,0,0,0,0,0,0,0,0,,,,,,
6/3/26,629,635,dead,0,0,0,0,0,0,0,0,0,0,0,0,0,0,0,0,,,,,,
6/3/26,629,604,0,0,0,0,0,0,0,0,0,0,20,6,0,1,2,1,0,,,,,,
6/3/26,634,690,0,0,0.71,2,0,0,0,0,0,0,39,11,1,0,8,1,0,,,,,,
6/3/26,634,682,na,0,0,0,0,0,0,0,0,0,0,0,0,0,0,0,0,,,,,,
6/3/26,634,668,1.63,2,0,0,0.9,"1,3",0,0,"1,1",4,40,15,1,2,12,1,0,,,,,,
6/3/26,634,675,5,1,0,0,2,"1,5",0,0,0,0,39,9,1,1,9,1,0,,,,,,
6/3/26,634,681,29.9,"1,3",0.83,3,0,0,0,0,0,0,22,4,1,0,0,0,0,,,,,,
6/3/26,634,687,na,0,0,0,0,0,0,0,0,0,0,0,0,0,0,0,0,,,,,,
6/3/26,634,667,16.6,1,0,0,2.5,"1,2",0,0,0,0,24,5,0,1,2,1,0,,,,,,
6/3/26,634,692,3.5,1,0,0,1.5,1,0,0,0,0,41,12,2,2,"4,8","2,1",0,,,,,,
6/3/26,634,661,na,0,0,0,0,0,0,0,0,0,0,0,0,0,0,0,0,,,,,,
6/3/26,634,602,7.5,"1,3,4",0.6,3,0.4,1,0,0,0,0,41,6,1,2,11,1,0,,,,,,
6/3/26,634,693,0,0,0,0,0.6,1,0,0,0,0,17,7,1,0,4,1,0,,,,,,
6/3/26,634,646,0.83,"1,5",0.41,"4,5",0.4,3,"1,0.6",4,0,0,51,16,2,2,11,1,0,,,,,,
6/3/26,634,689,0,0,1.87,2,1.25,2,0,0,0,0,44,14,1,1,8,1,0,,,,,,
6/3/26,634,618,1,"1,2",0,0,2.5,"1,2",0,0,0,0,30,5,1,1,4,1,0,,,,,,
6/3/26,634,621,2.08,3,0,0,0.41,1,0,0,0,0,75,21,2,1,"8,4","2,1",0,,,,,,
6/3/26,611,657,0,0,0,0,0.25,1,0,0,0,0,29,9,0,1,8,1,0,,,,,,
6/3/26,611,686,10.76,"1,2,3,4,5",0,0,1.53,"1,2,4",0,0,0,0,49,14,2,2,10,1,0,,,,,,
6/3/26,611,664,dead,0,0,0,0,0,0,0,0,0,0,0,0,0,0,0,0,,,,,,
6/3/26,611,676,dead,0,0,0,0,0,0,0,0,0,0,0,0,0,0,0,0,,,,,,
6/3/26,611,614,21.25,"1,2,3,4",0,0,2.5,"1,3",0,0,0,0,35,4,0,1,6,1,0,,,,,,
6/3/26,611,665,na,0,0,0,0,0,0,0,0,0,0,0,0,1,4,1,0,,,,,,
6/3/26,611,502,27.7,"1,2,3,4",0,0,1.67,"2,4",0,0,0,0,43,11,1,1,0,0,0,,,,,,
6/3/26,611,663,57,"1,2,3",0,0,0,0,0,0,0,0,25,11,1,1,4,1,0,,,,,,
6/3/26,611,623,30,"1,2,3,4",0,0,2.5,"1,4",0,0,0,0,50,15,1,1,9,1,0,,,,,,
6/3/26,611,638,na,0,0,0,0,0,0,0,0,0,0,0,0,0,0,0,0,,,,,,
6/3/26,611,622,7.14,1,0,0,0,0,0,0,0,0,29,9,1,1,4,1,0,,,,,,
6/3/26,611,683,2.85,"3,4",0,0,0,0,0,0,0,0,69,19,1,2,6,1,0,,,,,,
6/3/26,611,601,1.75,"1,2",0,0,0,0,0,0,0,0,34,12,1,1,8,1,0,,,,,,
6/3/26,611,659,dead,0,0,0,0,0,0,0,0,0,0,0,0,0,0,0,0,,,,,,
6/3/26,611,680,na,0,0,0,0,0,0,0,0,0,0,0,0,0,0,0,0,,,,,,
6/3/26,609,636,10.63,"2,3",0,0,1.87,"2,3",0,0,0,0,45,9,1,1,6,1,0,,,,,,
6/3/26,609,637,43.75,"1,2,3",0,0,0.62,4,0,0,0,0,36,7,2,1,6,1,0,,,,,,
6/3/26,609,649,13.63,"2,3,4",0,0,1.36,"3,4",0,0,0,0,56,12,2,3,"2,10","2,1",0,,,,,,
6/3/26,609,615,29.37,"1,2,3",0,0,0,0,0,0,0,0,29,4,0,1,2,1,0,,,,,,
6/3/26,609,698,na,0,0,0,0,0,0,0,0,0,0,0,0,0,0,0,0,,,,,,
6/3/26,609,694,10.71,"2,3",0,0,0,0,0,0,0,0,12,4,0,1,0,0,0,,,,,,
6/3/26,609,586,dead,0,0,0,0,0,0,0,0,0,0,0,0,0,0,0,0,,,,,,
6/3/26,609,673,12.5,"1,2",0,0,1.5,3,0,0,0,0,60,9,2,2,8,1,0,,,,,,
6/3/26,609,607,47,"1,2,3,4",0,0,1.42,3,0,0,0,0,21,4,0,1,0,0,0,,,,,,
6/3/26,609,672,na,0,0,0,0,0,0,0,0,0,0,0,0,0,0,0,0,,,,,,
6/3/26,609,649,26.66,"1,2,3,4",0,0,0,0,0,0,0,0,43,11,1,1,5,1,0,,,,,,
6/3/26,609,684,26,"1,2,3,4",0,0,1.5,3,0,0,0,0,52,7,2,1,7,1,0,,,,,,
6/3/26,609,613,18.75,"1,2,3",0,0,0.8,"2,5",0,0,0,0,68,10,2,1,"4,9","2,1",0,,,,,,
6/3/26,609,678,15.93,"1,2,3,4,5,6",0,0,1.25,"3,4",0,0,0,0,120,20,2,4,"6,10","10,1",0,,,,,,
6/3/26,609,644,6,"2,3",0,0,0.5,1,0,0,0,0,42,10,1,1,7,1,0,,,,,,
7/1/26,620,333,0,0,0,0,0,0,0,0,0,0,10,6,0,0,0,0,0,,,,,,
7/1/26,620,15,0,0,0,0,0.83,1,0,0,0,0,22,8,0,1,8,1,0,,,,,,
7/1/26,620,276,0,0,0,0,0.5,1,0,0,0,0,26,7,0,1,8,1,0,,,,,,
7/1/26,620,367,0.5,2,0,0,5,1,0,0,0,0,20,5,1,0,2,1,0,,,,,,
7/1/26,620,660,0,0,0,0,0.63,1,0,0,0,0,36,7,0,1,8,1,0,,,,,,
7/1/26,620,350,0,0,1.66,3,1.33,1,0,0,0,0,27,7,0,0,4,1,0,,,,,,
7/1/26,620,202,0,0,0,0,0.83,1,0,0,0,0,29,5,1,0,6,1,0,,,,,,
7/1/26,620,222,0,0,0,0,0.83,1,0,0,0,0,11,3,1,0,4,1,0,,,,,,
7/1/26,620,292,0,0,0.62,2,1.25,1,0,0,0,0,26,10,1,1,12,1,0,,,,,,
7/1/26,620,261,0,0,0.63,2,0.63,2,0,0,0,0,26,5,1,1,8,1,0,,,,,,
7/1/26,620,288,0,0,0, ,0.83,1,0,0,0,0,23,7,0,0,2,1,0,,,,,,
7/1/26,620,231,0,0,2.5,"2,3",0,0,0,0,0,0,32,5,1,0,8,1,0,,,,,,
7/1/26,620,892,0,0,0,0,0.33,1,0,0,0,0,21,4,0,0,0,0,0,,,,,,
7/1/26,620,300,0,0,0,0,1.25,1,0,0,0,0,7,3,0,0,0,0,0,,,,,,
7/1/26,620,45,0,0,0,0,0,0,0,0,0,0,29,6,1,1,8,1,0,,,,,,
7/1/26,78,87,0,0,0,0,2.5,1,0,0,0,0,10,3,0,0,0,0,0,,,,,,
7/1/26,78,899,0,0,0,0,5,2,0,0,0,0,10,4,1,0,2,1,0,,,,,,
7/1/26,78,811,0,0,0,0,1,2,0,0,0,0,21,11,0,1,8,1,0,,,,,,
7/1/26,78,94,0,0,0,0,1,1,0,0,0,0,15,7,1,1,8,1,0,,,,,,
7/1/26,78,90,na,0,0,0,0,0,0,0,0,0,0,0,0,0,0,0,0,,,,,,
7/1/26,78,91,5.55,3,0,0,33.33,"1,2,3",0,0,0,0,30,11,1,1,7,1,0,,,,,,
7/1/26,78,507,0,0,0,0,16.66,1,0,0,0,0,17,11,0,1,0,0,0,,,,,,
7/1/26,78,812,0,0,0,0,0.91,"1,3",0,0,0,0,30,11,1,1,12,1,0,,,,,,
7/1/26,78,572,0,0,0,0,2.77,1,0,0,0,0,21,10,1,1,12,1,0,,,,,,
7/1/26,78,896,0.5,1,0,0,0,0,0,0,0,0,35,12,1,1,12,1,0,,,,,,
7/1/26,78,257,6.66,1,0,0,3.33,"1,2",0,0,0,0,36,10,0,0,4,1,0,,,,,,
7/1/26,78,248,0,0,0,0,0,0,0,0,0,0,15,7,1,0,4,1,0,,,,,,
7/1/26,78,895,0,0,0,0,0.83,1,0,0,0,0,22,6,0,0,8,1,0,,,,,,
7/1/26,78,301,0,0,0,0,1,1,0,0,0,0,19,8,0,1,10,1,0,,,,,,
7/1/26,78,na,0,0,0,0,0,0,0,0,0,0,0,0,0,0,0,0,0,,,,,,
7/1/26,36,688,1.11,1,0,0,0.55,3,0,0,0,0,19,5,1,1,6,1,0,,,,,,
7/1/26,36,221,3.13,2,0,0,11.25,1,0,0,0,0,17,4,0,1,4,1,0,,,,,,
7/1/26,36,958,1.81,"2,3",0,0,0,0,0,0,0,0,44,5,0,4,14,1,0,,,,,,
7/1/26,36,207,0,0,0,0,0.63,1,0,0,0,0,17,7,1,1,4,1,0,,,,,,
7/1/26,36,929,0.41,3,0,0,0.41,1,0,0,0,0,59,13,2,2,"6,12","2,1",0,,,,,,
7/1/26,36,807,8,"3,4",0,0,1.5,"1,3",0,0,0,0,36,5,15,2,6,1,0,,,,,,
7/1/26,36,810,1.11,1,0,0,0.83,1,0,0,0,0,84,12,5,7,20,1,0,,,,,,
7/1/26,36,299,0,0,0,0,0.45,"1,2",0,0,0,0,79,20,5,5,"6,16","2,1",0,,,,,,
7/1/26,36,225,0,0,0,0,1.66,"1,2",0,0,0,0,52,11,3,2,"6,12","2,1",0,,,,,,
7/1/26,36,185,0.55,2,0,0,0,0,0,0,0,0,21,13,1,2,8,1,0,,,,,,
7/1/26,36,68,na,0,0,0,0,0,0,0,0,0,0,0,0,0,0,0,0,,,,,,
7/1/26,36,910,0,0,0,0,0.45,1,0,0,0,0,31,11,1,3,14,1,0,,,,,,
7/1/26,36,27,0,0,0,0,0.63,1,0,0,0,0,26,4,1,2,12,1,0,,,,,,
7/1/26,36,399,0,0,0,0,0.33,1,0,0,0,0,25,13,1,3,14,1,0,,,,,,
7/1/26,36,435,3.5,"1,3",0,0,0.5,1,0,0,0,0,41,7,1,2,8,1,0,,,,,,
7/1/26,640,3,6,1,0,0,2.14,"1,2",0,0,0,0,24,7,0,2,0,0,0,,,,,,
7/1/26,640,1,0,0,0,0,0,0,0,0,0,0,40,10,0,3,6,1,0,,,,,,
7/1/26,640,14,dead,0,0,0,0,0,0,0,0,0,0,0,0,0,0,0,0,,,,,,
7/1/26,640,13,0,0,0,0,13.34,2,0,0,0,0,15,4,0,1,0,0,0,,,,,,
7/1/26,640,15,0,0,0,0,2.14,"1,2",0,0,0,0,40,12,0,3,0,0,0,,,,,,
7/1/26,640,4,dead,0,0,0,0,0,0,0,0,0,0,0,0,0,0,0,0,,,,,,
7/1/26,640,2,0,0,0,0,0,0,0,0,0,0,31,9,0,3,6,1,0,,,,,,
7/1/26,640,9,0,0,0,0,1,1,0,0,0,0,25,5,0,2,0,0,0,,,,,,
7/1/26,640,6,0,0,0,0,0,0,0,0,0,0,29,6,0,0,0,0,0,,,,,,
7/1/26,640,10,0,0,0,0,0,0,0,0,0,0,15,5,0,1,0,0,0,,,,,,
7/1/26,640,5,na,0,0,0,0,0,0,0,0,0,0,0,0,0,0,0,0,,,,,,
7/1/26,640,7,0,0,0,0,0,0,0,0,0,0,32,10,0,4,0,0,0,,,,,,
7/1/26,640,11,0,0,0,0,0,0,0,0,0,0,40,12,0,0,0,0,0,,,,,,
7/1/26,640,12,0,0,1,"1,3",0.83,2,0,0,0,0,0,0,0,1,0,0,0,,,,,,
7/1/26,640,8,0,0,0,0,0,0,0,0,0,0,46,5,1,2,6,1,0,,,,,,
7/1/26,699,6,dead,0,0,0,0,0,0,0,0,0,0,0,0,1,0,0,0,,,,,,
7/1/26,699,13,0,0,0,0,1.67,2,0,0,0,0,15,4,0,2,0,0,0,,,,,,
7/1/26,699,9,0,0,0,0,4.16,2,0,0,0,0,29,3,0,4,6,1,2,,,,,,
7/1/26,699,5,15,"1,2",0,0,0,0,0,0,0,0,16,2,0,3,0,0,0,,,,,,
7/1/26,699,3,0,0,0,0,2.5,"2,3",0,0,0,0,26,2,0,2,4,1,2,,,,,,
7/1/26,699,1,2.85,2,0,0,0,0,0,0,0,0,17,4,1,1,0,0,0,,,,,,
7/1/26,699,2,0,0,0,0,3.75,2,0,0,0,0,31,3,0,3,0,0,0,,,,,,
7/1/26,699,12,0,0,0,0,0,0,0,0,0,0,17,4,1,0,2,1,0,,,,,,
7/1/26,699,4,16.66,2,0,0,3,1,0,0,0,0,11,7,0,2,0,0,0,,,,,,
7/1/26,699,11,0,0,0,0,25.83,"1,2",0,0,0,0,36,6,0,3,2,1,1,,,,,,
7/1/26,699,10,11.67,"1,2",0,0,10.83,"1,2",0,0,0,0,19,6,0,2,0,0,0,,,,,,
7/1/26,699,957,na,0,0,0,0,0,0,0,0,0,0,0,0,0,0,0,0,,,,,,
7/1/26,699,14,0,0,0,0,7.85,2,0,0,0,0,31,3,0,5,2,1,3,,,,,,
7/1/26,699,7,dead,0,0,0,0,0,0,0,0,0,0,0,0,0,0,0,0,,,,,,
7/1/26,699,8,0,0,0,0,2.15,"1,2,3",0,0,0,0,45,11,0,12,4,1,0,,,,,,
5/12/26,387,375,21.6,"1,2,3,4,5,6",0,0,2.9,"2,3,6","2,5.8","3,6",0,0,49,11,2,0,0,0,0,,,,,,
5/12/26,387,377,4.4,"1,2,3,4,5,6",0,0,1.4,2-4,"6,3.9","2,3,4,5",0,0,110,25,6,4,0,0,0,,,,,,
5/12/26,387,383,5,"3,4",0,0,0,0,0,0,0,0,65,14,2,2,0,0,0,,,,,,
5/12/26,387,394,20,1,0,0,0,0,0,0,0,0,4,6,0,0,0,0,0,,,,,,
5/12/26,387,363,15,"2,3,5",0,0,0,0,0,0,0,0,55,16,2,3,1,1,0,,,,,,
5/12/26,387,376,4.2,"2,3,5",0,0,3.1,2-4,"1,0.3",5,0,0,58,17,3,2,0,0,0,,,,,,
5/12/26,387,385,3.75,"3,4,5",0,0,2.8,1-5,0,0,0,0,72,20,1,4,2,2,0,,,,,,
5/12/26,387,271,2.4,"2,3,4,5,6",0,0,0.8,"2,4","2,1.6","2,3,4,5",0,0,80,16,3,0,4,1,0,,,,,,
5/12/26,387,369,2.9,"2,3,4",0,0,0.7,"3,5",0,0,0,0,82,14,4,0,4,2,0,,,,,,
5/12/26,387,400,8.6,"2,3,4,5",0,0,2.7,2,"1,2.3",3,0,0,50,14,3,0,1,2,0,,,,,,
5/12/26,387,351,0,0,0,0,12.2,"1,2","4,7.2","2,3,4",0,0,45,17,3,0,0,0,0,,,,,,
5/12/26,387,330,6,"2,3,4,5,6",0,0,2.6,"2,3,4","4,2.4",4,0,0,88,12,3,4,0,0,1,,,,,,
5/12/26,387,386,0,0,0,0,0,0,0,0,0,0,74,0,0,3,0,0,1,,,,,,
5/12/26,387,339,dead,0,0,0,0,0,0,0,0,0,0,0,0,0,0,0,0,,,,,,
5/12/26,387,388,dead,0,0,0,0,0,0,0,0,0,0,0,0,0,0,0,0,,,,,,
5/12/26,302,225,0,0,0,0,0,0,0,0,0,0,16,8,0,0,0,0,0,,,,,,
5/12/26,302,391,0,0,0.4,1,5,1,0,0,0,0,18,7,0,0,0,0,0,,,,,,
5/12/26,302,396,2.9,"2,3",0,0,0,0,0,0,0,0,34,9,0,0,0,0,0,,,,,,
5/12/26,302,274,0,0,0,0,0,0,0,0,0,0,17,6,0,0,0,0,0,,,,,,
5/12/26,302,393,0,0,0.3,1,2.1,1,0,0,0,0,32,12,1,0,0,0,0,,,,,,
5/12/26,302,395,0,0,7.5,"1,2,3",0,0,0,0,0,0,19,9,0,0,0,0,0,,,,,,
5/12/26,302,341,0,0,0,0,0.7,1,0,0,0,0,23,8,0,0,0,0,0,,,,,,
5/12/26,302,309,4.2,"1,2,3",0,0,0,0,0,0,0,0,26,7,0,0,0,0,0,,,,,,
5/12/26,302,337,0,0,5.8,"1,2,3",0,0,0,0,0,0,25,8,0,0,0,0,0,,,,,,
5/12/26,302,278,0,0,0,0,0,0,0,0,0,0,15,5,0,0,0,0,0,,,,,,
5/12/26,302,399,0,0,15,"1,2",0,0,0,0,0,0,8,6,0,0,0,0,0,,,,,,
5/12/26,302,307,0,0,0,0,0,0,0,0,0,0,6,3,0,0,0,0,0,,,,,,
5/12/26,302,380,26,"2,3",0,0,8,1,0,0,0,0,12,8,0,0,0,0,0,,,,,,
5/12/26,302,346,12.5,"2,3",2.5,"2,3",0,0,0,0,0,0,10,7,0,0,0,0,0,,,,,,
5/12/26,302,297,dead,0,0,0,0,0,0,0,0,0,0,0,0,0,0,0,0,,,,,,
5/12/26,320,368,dead,0,0,0,0,0,0,0,0,0,0,0,0,0,0,0,0,,,,,,
5/12/26,320,290,dead,0,0,0,0,0,0,0,0,0,0,0,0,0,0,0,0,,,,,,
5/12/26,320,360,dead,0,0,0,0,0,0,0,0,0,0,0,0,0,0,0,0,,,,,,
5/12/26,320,367,dead,0,0,0,0,0,0,0,0,0,0,0,0,0,0,0,0,,,,,,
5/12/26,320,306,12.9,"1,3,4",0,0,1.4,2,0,0,0,0,30,7,0,1,0,0,0,,,,,,
5/12/26,320,327,11.6,"1,2,3,4",2,3,4.4,"2,3",0,0,0,0,45,15,1,1,1,1,0,,,,,,
5/12/26,320,284,17,2,0,0,1.7,3,0,0,0,0,35,8,1,0,0,0,0,,,,,,
5/12/26,320,378,5.5,"2,3,4",0,0,1.5,1,0,0,0,0,29,8,0,0,0,0,0,,,,,,
5/12/26,320,373,12,"2,3,4",0,0,0,0,0,0,0,0,25,7,1,0,1,1,0,,,,,,
5/12/26,320,390,18.3,"1,2,3",0,0,0,0,0,0,0,0,49,11,1,1,0,0,0,,,,,,
5/12/26,320,343,21.4,"1,2,3",0,0,0,0,0,0,0,0,30,7,0,1,0,0,0,,,,,,
5/12/26,320,372,32.1,"1,2,3",0,0,0,0,"1,6.6",3,0,0,22,5,1,0,0,0,0,,,,,,
5/12/26,320,379,0,0,0,0,2.1,1,0,0,0,0,39,7,1,0,0,0,0,,,,,,
5/12/26,320,389,8.3,"1,2,3,4",0,0,0,0,0,0,0,0,55,13,1,1,0,0,0,,,,,,
5/12/26,320,332,10.83,"1,3,4",0,0,7.5,2,0,0,0,0,20,7,0,0,0,0,0,,,,,,
5/22/26,838,86,dead,0,0,0,0,0,0,0,0,0,0,0,0,0,0,0,0,,,,,,
5/22/26,838,94,dead,0,0,0,0,0,0,0,0,0,0,0,0,0,0,0,0,,,,,,
5/22/26,838,93,dead,0,0,0,0,0,0,0,0,0,0,0,0,0,0,0,0,,,,,,
5/22/26,838,95,dead,0,0,0,0,0,0,0,0,0,0,0,0,0,0,0,0,,,,,,
5/22/26,838,430,dead,0,0,0,0,0,0,0,0,0,0,0,0,0,0,0,0,,,,,,
5/22/26,838,231,dead,0,0,0,0,0,0,0,0,0,0,0,0,0,0,0,0,,,,,,
5/22/26,838,762,dead,0,0,0,0,0,0,0,0,0,0,0,0,0,0,0,0,,,,,,
5/22/26,838,602,dead,0,0,0,0,0,0,0,0,0,0,0,0,1,0,0,0,,,,,,
5/22/26,838,617,dead,0,0,0,0,0,0,0,0,0,0,0,0,0,0,0,0,,,,,,
5/22/26,838,248,dead,0,0,0,0,0,0,0,0,0,0,0,0,0,0,0,0,,,,,,
5/22/26,838,298,dead,0,0,0,0,0,0,0,0,0,0,0,0,0,0,0,0,,,,,,
5/22/26,838,412,dead,0,0,0,0,0,0,0,0,0,0,0,0,0,0,0,0,,,,,,
5/22/26,838,92,dead,0,0,0,0,0,0,0,0,0,0,0,0,0,0,0,0,,,,,,
5/22/26,838,278,dead,0,0,0,0,0,0,0,0,0,0,0,0,0,0,0,0,,,,,,
5/22/26,838,185,3.8,4,0,0,0,0,0,0,0,0,25,7,0,0,4,1,0,,,,,,
5/22/26,794,423,0,0,0,0,0,0,0,0,0,0,35,10,0,2,0,0,0,,,,,,
5/22/26,794,958,0,0,0,0,0,0,0,0,0,0,15,5,0,0,0,0,0,,,,,,
5/22/26,794,897,11.3,"3,4",0,0,11.3,"3,4",0,0,0,0,45,12,1,2,4,1,0,,,,,,
5/22/26,794,88,5,"3,4",0,0,0.8,2,0,0,0,0,26,9,1,1,3,1,0,,,,,,
5/22/26,794,682,dead,0,0,0,0,0,0,0,0,0,0,0,0,1,0,0,0,,,,,,
5/22/26,794,161,dead,0,0,0,0,0,0,0,0,0,0,0,0,1,0,0,0,,,,,,
5/22/26,794,89,6.3,4,0,0,0,0,0,0,0,0,26,10,1,1,0,0,0,,,,,,
5/22/26,794,87,dead,0,0,0,0,0,0,0,0,0,0,0,0,0,0,0,0,,,,,,
5/22/26,794,932,dead,0,0,0,0,0,0,0,0,0,0,0,0,0,0,0,0,,,,,,
5/22/26,794,696,dead,0,0,0,0,0,0,0,0,0,0,0,0,0,0,0,0,,,,,,
5/22/26,794,218,dead,0,0,0,0,0,0,0,0,0,0,0,0,0,0,0,0,,,,,,
5/22/26,794,91,dead,0,0,0,0,0,0,0,0,0,0,0,0,0,0,0,0,,,,,,
5/22/26,794,282,dead,0,0,0,0,0,0,0,0,0,0,0,0,0,0,0,0,,,,,,
5/22/26,794,895,dead,0,0,0,0,0,0,0,0,0,0,0,0,0,0,0,0,,,,,,
5/22/26,794,90,dead,0,0,0,0,0,0,0,0,0,0,0,0,0,0,0,0,,,,,,
5/22/26,910,225,0,0,0,0,0,0,0,0,0,0,24,8,0,1,0,0,0,,,,,,
5/22/26,910,191,0,0,0,0,1.3,1,0,0,0,0,16,7,0,1,0,0,0,,,,,,
5/22/26,910,236,0,0,0,0,18.8,3,0,0,0,0,21,5,1,0,0,0,0,,,,,,
5/22/26,910,285,0,0,0,0,6.3,"1,3",0,0,0,0,39,10,0,1,0,0,0,,,,,,
5/22/26,910,274,0,0,0,0,2.1,"1,3",0,0,0,0,26,9,0,1,0,0,0,,,,,,
5/22/26,910,271,0,0,0,0,2,"2,3",0,0,0,0,28,10,0,1,0,0,0,,,,,,
5/22/26,910,207,dead,0,0,0,0,0,0,0,0,0,0,0,0,0,0,0,0,,,,,,
5/22/26,910,876,dead,0,0,0,0,0,0,0,0,0,0,0,0,0,0,0,0,,,,,,
5/22/26,910,270,dead,0,0,0,0,0,0,0,0,0,0,0,0,0,0,0,0,,,,,,
5/22/26,910,257,dead,0,0,0,0,0,0,0,0,0,0,0,0,0,0,0,0,,,,,,
5/22/26,898,200,0,0,0,0,0,0,0,0,0,0,19,8,1,0,0,0,0,,,,,,
5/22/26,898,299,0,0,0,0,0,0,0,0,0,0,25,4,0,0,0,0,0,,,,,,
5/22/26,898,221,0,0,0,0,0,0,0,0,0,0,24,6,0,1,0,0,0,,,,,,
5/22/26,898,297,0,0,1.6,3,0,0,0,0,0,0,29,8,0,2,0,0,0,,,,,,
5/22/26,898,233,0,0,0,0,1.4,2,0,0,0,0,42,9,1,1,0,0,0,,,,,,
5/22/26,898,435,0,0,0,0,0,0,0,0,0,0,32,5,0,1,0,0,0,,,,,,
5/22/26,898,688,0,0,0,0,0,0,0,0,0,0,34,0,0,2,0,0,0,,,,,,
5/22/26,898,399,0,0,0,0,0,0,0,0,0,0,0,0,0,1,0,0,0,,,,,,
5/22/26,898,957,dead,0,0,0,0,0,0,0,0,0,0,0,0,0,0,0,0,,,,,,
5/22/26,898,282,dead,0,0,0,0,0,0,0,0,0,0,0,0,0,0,0,0,,,,,,
5/22/26,898,202,dead,0,0,0,0,0,0,0,0,0,0,0,0,0,0,0,0,,,,,,
5/22/26,898,104,dead,0,0,0,0,0,0,0,0,0,0,0,0,0,0,0,0,,,,,,
5/22/26,813,437,8,1,0,0,0,0,0,0,0,0,12,4,0,0,0,0,0,,,,,,
5/22/26,813,85,dead,0,0,0,0,0,0,0,0,0,0,0,0,0,0,0,0,,,,,,
5/22/26,813,258,0,0,0,0,5,1,0,0,0,0,4,3,0,0,0,0,0,,,,,,
5/22/26,813,422,0,0,0,0,2,1,0,0,0,0,7,3,0,0,0,0,0,,,,,,
5/22/26,813,942,10,1,0,0,0,0,0,0,0,0,13,4,0,0,0,0,0,,,,,,
5/22/26,813,81,0,0,0,0,1,1,0,0,0,0,5,5,0,0,0,0,0,,,,,,
5/22/26,813,490,17,1,0,0,0,0,0,0,0,0,11,4,0,0,0,0,0,,,,,,
5/22/26,813,179,8,2,0,0,1,1,0,0,0,0,7,4,0,0,0,0,0,,,,,,
5/22/26,813,82,14,"1,2",0,0,3,1,0,0,0,0,10,5,0,0,0,0,0,,,,,,
5/22/26,813,859,0,0,0,0,0.83,1,0,0,0,0,18,5,0,0,0,0,0,,,,,,
5/22/26,813,950,0,0,0,0,6.67,1,0,0,0,0,20,10,0,0,0,0,0,,,,,,
5/22/26,813,618,3,2,0,0,0,0,0,0,0,0,16,5,1,0,0,0,0,,,,,,
5/22/26,813,84,1.67,1,0,0,2.5,"1,3",0,0,0,0,20,8,0,0,0,0,0,,,,,,
5/22/26,813,922,0,0,0,0,1.67,"2,3",0,0,0,0,58,9,1,1,0,0,0,,,,,,
5/22/26,813,83,11,1,0,0,2.4,1,0,0,0,0,9,4,0,0,0,0,0,,,,,,
5/22/26,945,929,dead,0,0,0,0,0,0,0,0,0,0,0,0,0,0,0,0,,,,,,
5/22/26,945,222,dead,0,0,0,0,0,0,0,0,0,0,0,0,0,0,0,0,,,,,,
5/22/26,945,840,dead,0,0,0,0,0,0,0,0,0,0,0,0,0,0,0,0,,,,,,
5/22/26,945,202,dead,0,0,0,0,0,0,0,0,0,0,0,0,1,0,0,0,,,,,,
5/22/26,945,855,3.34,"2,3",0,0,0,0,0,0,0,0,55,15,1,2,0,0,0,,,,,,
5/22/26,945,283,1.42,2,0,0,6.42,"2,3",0,0,0,0,28,4,0,1,0,0,0,,,,,,
5/22/26,945,206,0,0,0,0,2.88,2,0,0,0,0,35,12,1,2,0,0,0,,,,,,
5/22/26,945,243,dead,0,0,0,0,0,0,0,0,0,0,0,0,0,0,0,0,,,,,,
5/22/26,945,294,dead,0,0,0,0,0,0,0,0,0,0,0,0,0,0,0,0,,,,,,
5/22/26,945,287,0,0,0,0,5,"2,3",0,0,0,0,57,6,1,2,0,0,0,,,,,,
5/22/26,945,249,21.6,"2,3,4",0,0,0,0,0,0,0,0,52,7,0,2,0,0,0,,,,,,
5/22/26,945,299,0,0,1.25,4,0,0,0,0,0,0,72,11,2,2,7,1,0,,,,,,
5/22/26,945,256,0,0,0,0,1.2,3,0,0,0,0,34,12,0,1,0,0,0,,,,,,
5/22/26,945,208,0,0,0,0,5,"2,3,4",0,0,0,0,72,12,1,3,4,1,0,,,,,,
5/22/26,893,870,0,0,0,0,0.3,1,0,0,0,0,35,15,1,0,0,0,0,,,,,,
5/22/26,893,87,0,0,1,2,5,2,0,0,0,0,53,15,0,0,0,0,0,,,,,,
5/22/26,893,982,0,0,0,0,1.5,"1,2,3",0,0,0,0,52,15,1,0,0,0,0,,,,,,
5/22/26,893,890,0,0,0,0,0,0,0,0,0,0,48,9,0,0,1,1,0,,,,,,
5/22/26,893,74,0,0,0,0,5,1,0,0,0,0,15,8,0,0,0,0,0,,,,,,
5/22/26,893,72,0,0,0,0,0,0,0,0,0,0,12,5,0,0,0,0,0,,,,,,
5/22/26,893,73,0,0,0,0,0,0,0,0,0,0,27,7,0,0,0,0,0,,,,,,
5/22/26,893,23,0,0,5,"1,2,3",3.5,1,0,0,0,0,21,7,0,0,0,0,0,,,,,,
5/22/26,893,75,0,0,0,0,0,0,0,0,0,0,22,8,0,0,0,0,0,,,,,,
5/22/26,893,892,0,0,0,0,3,"1,2",0,0,0,0,40,7,0,0,0,0,0,,,,,,
5/22/26,893,66,0,0,0,0,0,0,0,0,0,0,56,12,1,0,0,0,0,,,,,,
5/22/26,893,283,0.7,1,0,0,0,0,0,0,0,0,46,13,0,0,0,0,0,,,,,,
5/22/26,893,26,0,0,0,0,0,0,0,0,0,0,68,14,1,1,0,0,0,,,,,,
5/22/26,893,25,0,0,0,0,0,0,0,0,0,0,0,0,0,0,0,0,0,,,,,,
5/22/26,893,17,dead,0,0,0,0,0,0,0,0,0,0,0,0,0,0,0,0,,,,,,
5/22/26,891,97,dead,0,0,0,0,0,0,0,0,0,0,0,0,0,0,0,0,,,,,,
5/22/26,891,51,dead,0,0,0,2.5,1,0,0,0,0,20,6,0,0,0,0,0,,,,,,
5/22/26,891,857,0,0,0,0,23.3,1,0,0,0,0,6,4,0,0,0,0,0,,,,,,
5/22/26,891,849,0,0,0,0,0.8,1,0,0,0,0,14,4,0,0,0,0,0,,,,,,
5/22/26,891,65,0,0,0,0,0,0,0,0,0,0,32,7,0,0,0,0,0,,,,,,
5/22/26,891,477,0,0,0,0,1.6,1,0,0,0,0,35,7,0,0,0,0,0,,,,,,
5/22/26,891,18,0,0,0,0,0,0,0,0,0,0,47,10,1,0,2,1,0,,,,,,
5/22/26,891,12,0,0,0,0,0,0,0,0,0,0,15,3,0,0,0,0,0,,,,,,
5/22/26,891,977,0,0,0,0,10,1,0,0,0,0,50,10,1,0,0,0,0,,,,,,
5/22/26,891,920,0,0,0,0,0,0,0,0,0,0,36,8,0,0,2,1,0,,,,,,
5/22/26,891,919,0,0,0,0,2.5,1,0,0,0,0,25,9,0,0,2,1,0,,,,,,
5/22/26,891,461,0,0,0,0,0,0,0,0,0,0,52,14,1,0,0,0,0,,,,,,
5/22/26,891,900,0,0,0,0,0,0,0,0,0,0,45,10,0,0,0,0,0,,,,,,
5/22/26,891,901,0,0,0,0,3.3,"1,2",0,0,0,0,27,7,0,0,0,0,0,,,,,,
5/22/26,891,7,0,0,0,0,0,0,0,0,0,0,24,6,0,0,0,0,0,,,,,,
5/22/26,71,64,dead,0,0,0,0,0,0,0,0,0,0,0,0,0,0,0,0,,,,,,
5/22/26,71,899,dead,0,0,0,0,0,0,0,0,0,0,0,0,0,0,0,0,,,,,,
5/22/26,71,896,dead,0,0,0,0,0,0,0,0,0,0,0,0,0,0,0,0,,,,,,
5/22/26,71,89,0,0,0,0,0,0,0,0,0,0,28,6,0,0,0,0,0,,,,,,
5/22/26,71,22,0,0,0,0,2.5,3,"1,8.3",2,0,0,30,8,0,0,0,0,0,,,,,,
5/22/26,71,811,dead,0,0,0,0,0,0,0,0,0,0,0,0,0,0,0,0,,,,,,
5/22/26,71,889,0,0,0,0,0,0,0,0,0,0,52,10,0,0,0,0,0,,,,,,
5/22/26,71,894,0,0,0,0,0,0,0,0,0,0,24,4,0,0,0,0,0,,,,,,
5/22/26,71,961,0,0,0,0,0,0,0,0,0,0,68,16,0,0,0,0,0,,,,,,
5/22/26,71,69,0,0,0,0,4.2,"1,4",0,0,0,0,90,20,0,0,0,0,0,,,,,,
5/22/26,71,812,dead,0,0,0,0,0,0,0,0,0,0,0,0,0,0,0,0,,,,,,
5/22/26,71,11,0,0,0,0,10,3,0,0,0,0,20,5,0,0,0,0,0,,,,,,
5/22/26,71,8,dead,0,0,0,0,0,0,0,0,0,0,0,0,0,0,0,0,,,,,,
5/22/26,71,810,0,0,0,0,1.9,1,"1,6.3",2,0,0,38,11,1,0,0,0,0,,,,,,
5/22/26,71,869,0,0,0,0,0,0,0,0,0,0,49,16,0,0,0,0,0,,,,,,
5/13/26,639,532,0,0,0,0,0,0,0,0,0,0,8,5,0,0,0,0,0,,,,,,
5/13/26,639,569,0,0,0,0,0,0,0,0,0,0,4,4,0,0,0,0,0,,,,,,
5/13/26,639,526,dead,0,0,0,0,0,0,0,0,0,0,0,0,0,0,0,0,,,,,,
5/13/26,639,588,0,0,0,0,0,0,0,0,0,0,25,10,0,0,0,0,0,,,,,,
5/13/26,639,551,0,0,0,0,0,0,0,0,0,0,12,7,0,0,0,0,0,,,,,,
5/13/26,639,553,0,0,0,0,1.6,"1,2",0,0,0,0,24,9,0,0,0,0,0,,,,,,
5/13/26,639,538,0,0,0,0,0.5,1,0,0,0,0,22,7,0,0,0,0,0,,,,,,
5/13/26,639,568,0,0,0,0,0.5,1,0,0,0,0,20,6,0,0,0,0,0,,,,,,
5/13/26,639,567,0,0,0.5,1,0.5,1,0,0,0,0,23,7,0,0,0,0,0,,,,,,
5/13/26,639,556,0,0,0,0,0,0,0,0,0,0,15,5,0,0,0,0,0,,,,,,
5/13/26,639,528,0,0,0,0,0,0,0,0,0,0,27,7,0,0,0,0,0,,,,,,
5/13/26,639,511,0,0,0,0,0,0,0,0,0,0,17,6,0,0,0,0,0,,,,,,
5/13/26,639,564,0,0,0,0,0,0,0,0,0,0,15,5,0,0,0,0,0,,,,,,
5/13/26,639,563,0,0,0,0,0,0,0,0,0,0,13,5,0,0,0,0,0,,,,,,
5/13/26,639,574,0,0,0,0,0,0,0,0,0,0,4,4,0,0,0,0,0,,,,,,
5/13/26,687,537,0,0,0,0,0.6,1,0,0,0,0,35,11,0,0,0,0,0,,,,,,
5/13/26,687,573,0,0,0,0,3.3,2,0,0,0,0,19,8,0,0,0,0,0,,,,,,
5/13/26,687,512,0,0,0,0,0,0,0,0,0,0,45,19,1,0,4,1,0,,,,,,
5/13/26,687,552,0,0,0,0,0,0,0,0,0,0,21,6,1,0,0,0,0,,,,,,
5/13/26,687,523,0,0,0,0,1.6,1,0,0,0,0,19,5,1,0,0,0,0,,,,,,
5/13/26,687,587,0,0,0,0,0.63,1,0,0,0,0,29,9,1,0,0,0,0,,,,,,
5/13/26,687,549,5,2,0,0,0,0,0,0,0,0,25,4,0,0,2,1,0,,,,,,
5/13/26,687,524,0,0,0,0,0,0,0,0,0,0,25,9,0,0,0,0,0,,,,,,
5/13/26,687,382,0,0,3.6,1,2.9,"2,3",0,0,0,0,35,10,1,0,1,1,0,,,,,,
5/13/26,687,592,1.6,1,0,0,2.5,1,0,0,0,0,19,6,0,0,0,0,0,,,,,,
5/13/26,687,595,0,0,0,0,0.7,1,0,0,0,0,31,10,1,0,0,0,0,,,,,,
5/13/26,687,591,21,"2,3",0,0,0,0,0,0,0,0,20,5,1,0,0,0,0,,,,,,
5/13/26,687,584,4.4,1,0,0,0,0,0,0,0,0,28,8,1,0,0,0,0,,,,,,
5/13/26,687,529,0,0,0,0,4.3,"1,3",0,0,0,0,31,7,0,0,4,1,0,,,,,,
5/13/26,687,533,dead,0,0,0,0,0,0,0,0,0,0,0,0,0,0,0,0,,,,,,
5/13/26,623,555,dead,0,0,0,0,0,0,0,0,0,0,0,0,0,0,0,0,,,,,,
5/13/26,623,572,dead,0,0,0,0,0,0,0,0,0,0,0,0,0,0,0,0,,,,,,
5/13/26,623,554,dead,0,0,0,0,0,0,0,0,0,0,0,0,0,0,0,0,,,,,,
5/13/26,623,536,0,0,0,0,0.7,2,0,0,0,0,13,9,0,0,2,1,0,,,,,,
5/13/26,623,521,0,0,0,0,0.42,1,0,0,0,0,22,9,1,0,2,1,0,,,,,,
5/13/26,623,570,0,0,0,0,0,0,0,0,0,0,12,7,0,1,0,0,0,,,,,,
5/13/26,623,545,0,0,0,0,1.25,3,0,0,0,0,9,5,0,0,0,0,0,,,,,,
5/13/26,623,520,0,0,0,0,0,0,0,0,0,0,15,6,0,0,0,0,0,,,,,,
5/13/26,623,575,0,0,0,0,0.3,2,0,0,0,0,22,7,1,0,0,0,0,,,,,,
5/13/26,623,541,0,0,0,0,0,0,0,0,0,0,9,5,0,0,0,0,0,,,,,,
5/13/26,623,550,0,0,0,0,6,"1,2",0,0,0,0,11,4,0,0,0,0,0,,,,,,
5/13/26,623,557,0,0,0,0,2.1,1,0,0,0,0,29,9,1,1,0,0,0,,,,,,
5/13/26,623,542,9.3,"3,4",0,0,1.1,2,0,0,0,0,20,6,1,0,0,0,0,,,,,,
5/13/26,623,558,0,0,0,0,16.5,1,0,0,0,0,14,5,0,0,0,0,0,,,,,,
5/13/26,623,539,0,0,1,1,1.4,"1,2,3",0,0,0,0,22,9,1,1,0,0,0,,,,,,
5/13/26,94,129,dead,0,0,0,0,0,0,0,0,0,0,0,0,0,0,0,0,,,,,,
5/13/26,94,175,dead,0,0,0,0,0,0,0,0,0,0,0,0,0,0,0,0,,,,,,
5/13/26,94,104,dead,0,0,0,0,0,0,0,0,0,0,0,0,0,0,0,0,,,,,,
5/13/26,94,128,dead,0,0,0,0,0,0,0,0,0,0,0,0,0,0,0,0,,,,,,
5/13/26,94,152,dead,0,0,0,0,0,0,0,0,0,0,0,0,0,0,0,0,,,,,,
5/13/26,94,117,dead,0,0,0,0,0,0,0,0,0,0,0,0,0,0,0,0,,,,,,
5/13/26,94,124,dead,0,0,0,0,0,0,0,0,0,0,0,0,0,0,0,0,,,,,,
5/13/26,94,130,dead,0,0,0,0,0,0,0,0,0,0,0,0,0,0,0,0,,,,,,
5/1/26,574,547,0,0,0,0,5,"1,2",0,0,0,0,16,6,0,0,0,0,0,,,,,,
5/1/26,574,374,0,0,0,0,3,1,0,0,0,0,12,6,0,0,0,0,0,,,,,,
5/1/26,574,565,11.8,"3,4",0,0,1.8,"3,4",0,0,0,0,12,8,1,0,0,0,0,,,,,,
5/1/26,574,366,0.5,"2,3",0,0,2.5,"1,2,3",0,0,0,0,20,16,3,0,6,2,0,,,,,,
5/1/26,574,579,6.8,"2,3",0,0,2.5,"1,2,4",0,0,0,0,22,10,1,0,2,1,0,,,,,,
5/1/26,574,566,11.3,"1,2",0,0,0,0,0,0,0,0,10,6,0,0,0,0,0,,,,,,
5/1/26,574,522,3.7,"3,4",0,0,0,0,0,0,0,0,22,12,1,0,0,0,0,,,,,,
5/1/26,574,381,11,"1,3,4",0,0,0,0,0,0,0,0,22,12,0,0,0,0,0,,,,,,
5/1/26,574,535,4.5,"2,3,4",0,0,2,"1,2,3","2,12","2,3",0,0,32,18,1,0,4,1,0,,,,,,
5/1/26,574,371,8.1,"1,2,3",0.6,5,5,4,0,0,0,0,22,12,1,0,0,0,0,,,,,,
5/1/26,574,540,12.5,"1,2",0,0,0,0,0,0,0,0,18,10,1,0,0,0,0,,,,,,
5/1/26,574,525,0,0,0,0,2.5,2,0,0,0,0,14,10,0,0,0,0,0,,,,,,
5/1/26,574,560,0,0,0,0,2.5,"1,2,3",0,0,0,0,18,8,0,0,0,0,0,,,,,,
5/1/26,574,590,5.5,"3,4,5",0,0,2,"2,4",0,0,0,0,24,12,1,1,2,1,0,,,,,,
5/1/26,574,398,0,0,0,0,0,0,0,0,0,0,10,6,0,0,0,0,0,,,,,,
5/1/26,636,516,0,0,0,0,0,0,0,0,0,0,14,8,0,0,0,0,0,,,,,,
5/1/26,636,303,0,0,0.8,0,0,0,0,0,0,0,10,10,0,0,0,0,0,,,,,,
5/1/26,636,596,8.3,1,0,0,0,0,0,0,0,0,16,12,0,0,0,0,0,,,,,,
5/1/26,636,599,0,0,0,0,2,1,0,0,0,0,16,12,0,0,0,0,0,,,,,,
5/1/26,636,548,0,0,0,0,0,0,0,0,0,0,16,12,0,0,0,0,0,,,,,,
5/1/26,636,397,0,0,0,0,0,0,0,0,0,0,20,12,0,0,0,0,0,,,,,,
5/1/26,636,514,0,0,0,0,3.3,1,0,0,0,0,10,8,0,0,0,0,0,,,,,,
5/1/26,636,566,0,0,0,0,0.8,1,0,0,0,0,20,12,0,0,0,0,0,,,,,,
5/1/26,636,530,0.8,2,0,0,0,0,0,0,0,0,12,12,0,0,0,0,0,,,,,,
5/1/26,636,544,2.5,1,0,0,0,0,0,0,0,0,10,10,0,0,0,0,0,,,,,,
5/1/26,636,541,0,0,0,0,0,0,0,0,0,0,10,8,0,0,0,0,0,,,,,,
5/1/26,636,571,0,0,0,0,0,0,0,0,0,0,12,10,0,0,0,0,0,,,,,,
5/1/26,636,577,0,0,0,0,0,0,0,0,0,0,12,12,0,0,0,0,0,,,,,,
5/1/26,636,559,0,0,0,0,1.3,1,0,0,0,0,10,8,0,0,0,0,0,,,,,,
5/1/26,636,517,0,0,0,0,3.7,1,0,0,0,0,8,4,0,0,0,0,0,,,,,,
5/1/26,623,521,0,0,0,0,0,0,0,0,0,0,12,8,0,0,0,0,0,,,,,,
5/1/26,623,536,0,0,0,0,0,0,0,0,0,0,10,8,0,0,0,0,0,,,,,,
5/1/26,623,570,0,0,0,0,0,0,0,0,0,0,16,12,0,0,2,1,0,,,,,,
5/1/26,623,545,0,0,0,0,0,0,0,0,0,0,15,5,0,0,0,0,0,,,,,,
5/1/26,623,575,0,0,0,0,0,0,0,0,0,0,15,9,0,0,0,0,0,,,,,,
5/1/26,623,555,0,0,0,0,0,0,0,0,0,0,14,9,0,0,2,1,0,,,,,,
5/1/26,623,550,0,0,0.5,1,0,0,0,0,0,0,8,5,0,0,0,0,0,,,,,,
5/1/26,623,541,0,0,0,0,0,0,0,0,0,0,6,4,0,0,0,0,0,,,,,,
5/1/26,623,557,0,0,0.3,1,0.8,1,"1,1.6",1,0,0,15,10,0,0,0,0,0,,,,,,
5/1/26,623,542,0,0,0,0,0,0,0,0,0,0,10,6,0,0,0,0,0,,,,,,
5/1/26,623,554,0,0,0,0,0,0,0,0,0,0,10,8,0,0,0,0,0,,,,,,
5/1/26,623,558,0,0,0,0,0,0,0,0,0,0,12,6,0,0,0,0,0,,,,,,
5/1/26,623,539,0,0,0,0,0,0,0,0,0,0,10,10,0,0,0,0,0,,,,,,
5/1/26,623,572,0,0,0,0,0,0,0,0,0,0,8,6,0,0,0,0,0,,,,,,
5/1/26,623,520,0,0,0,0,0,0,0,0,0,0,12,8,0,0,0,0,0,,,,,,
5/1/26,639,532,0,0,0,0,0,0,0,0,0,0,6,4,0,0,0,0,0,,,,,,
5/1/26,639,538,0,0,0,0,0,0,0,0,0,0,6,4,0,0,0,0,0,,,,,,
5/1/26,639,574,0,0,0,0,0,0,0,0,0,0,6,4,0,0,0,0,0,,,,,,
5/1/26,639,553,0,0,0.3,1,1,1,0,0,0,0,8,6,0,0,0,0,0,,,,,,
5/1/26,639,568,0,0,0,0,2.5,1,0,0,0,0,8,6,0,0,0,0,0,,,,,,
5/1/26,639,567,0,0,1.6,1,0,0,0,0,0,0,10,6,0,0,0,0,0,,,,,,
5/1/26,639,528,0,0,0,0,0,0,0,0,0,0,8,8,0,0,0,0,0,,,,,,
5/1/26,639,588,0,0,0,0,0,0,0,0,0,0,10,6,0,0,0,0,0,,,,,,
5/1/26,639,563,0,0,0,0,0,0,0,0,0,0,10,6,0,0,0,0,0,,,,,,
5/1/26,639,564,0,0,0,0,2.5,1,0,0,0,0,8,6,0,0,0,0,0,,,,,,
5/1/26,639,511,0,0,0,0,0,0,0,0,0,0,10,6,0,0,0,0,0,,,,,,
5/1/26,639,556,0,0,0,0,0,0,0,0,0,0,8,6,0,0,0,0,0,,,,,,
5/1/26,639,551,0,0,0,0,0,0,0,0,0,0,8,8,0,0,0,0,0,,,,,,
5/1/26,639,526,0,0,0,0,7.5,1,0,0,0,0,5,6,0,0,0,0,0,,,,,,
5/1/26,639,569,0,0,1,1,0,0,0,0,0,0,6,6,0,0,0,0,0,,,,,,
5/1/26,687,529,0,0,0.8,"1,3",0,0,0,0,0,0,12,8,0,0,1,1,0,,,,,,
5/1/26,687,584,2.5,1,0,0,0,0,0,0,0,0,12,10,0,0,0,0,0,,,,,,
5/1/26,687,594,0,0,0.8,1,0.8,1,0,0,0,0,12,10,0,0,0,0,0,,,,,,
5/1/26,687,591,0,0,0,0,0,0,0,0,0,0,10,6,0,0,0,0,0,,,,,,
5/1/26,687,592,6.25,1,0,0,6.25,1,0,0,0,0,8,6,0,0,0,0,0,,,,,,
5/1/26,687,382,20,1,1.6,1,1.6,"1,2","1,2.5",1,0,0,15,9,0,0,0,0,0,,,,,,
5/1/26,687,524,0,0,0,0,0,0,0,0,0,0,12,8,0,0,0,0,0,,,,,,
5/1/26,687,552,0,0,0,0,0,0,0,0,0,0,10,8,0,0,0,0,0,,,,,,
5/1/26,687,523,0,0,0,0,5,1,0,0,0,0,8,6,0,0,0,0,0,,,,,,
5/1/26,687,512,0,0,0,0,0,0,0,0,0,0,20,15,0,0,0,0,0,,,,,,
5/1/26,687,549,0,0,0,0,0,0,"1,0.8",1,0,0,12,8,0,0,0,0,0,,,,,,
5/1/26,687,537,0,0,0,0,0.5,1,0,0,0,0,12,8,0,0,0,0,0,,,,,,
5/1/26,687,573,0,0,0,0,11.6,2,0,0,0,0,8,6,0,0,0,0,0,,,,,,
5/1/26,687,533,0,0,0,0,0,0,0,0,0,0,6,6,0,0,0,0,0,,,,,,
5/1/26,687,587,0,0,0,0,1,1,0,0,0,0,12,6,0,0,0,0,0,,,,,,
5/1/26,695,359,0,0,1.6,1,3.3,1,0,0,0,0,14,10,0,0,0,0,0,,,,,,
5/1/26,695,515,0,0,0,0,6.6,"1,2,3",0,0,0,0,12,10,0,0,0,0,0,,,,,,
5/1/26,695,358,1.6,3,0,0,2,"2,3",0,0,0,0,18,10,0,0,2,2,0,,,,,,
5/1/26,695,597,0,0,0.6,3,0,0,0,0,0,0,20,14,0,0,0,0,0,,,,,,
5/1/26,695,531,0,0,0,0,0,0,0,0,0,0,32,16,0,0,0,0,0,,,,,,
5/1/26,695,598,0,0,0,0,0,0,0,0,0,0,12,8,0,0,2,1,0,,,,,,
5/1/26,695,594,28,"1,2",0,0,0,0,0,0,0,0,12,8,0,0,0,0,0,,,,,,
5/1/26,695,583,0.8,3,0,0,0,0,0,0,0,0,12,12,0,0,0,0,0,,,,,,
5/1/26,695,562,0.8,3,0,0,0,0,0,0,0,0,12,10,0,0,0,0,0,,,,,,
5/1/26,695,301,0,0,0,0,0,0,0,0,0,0,6,6,0,0,0,0,0,,,,,,
5/1/26,695,527,0,0,0,0,0.7,3,0,0,0,0,16,10,0,0,2,1,0,,,,,,
5/1/26,695,561,0,0,0,0,0,0,0,0,0,0,10,6,0,0,0,0,0,,,,,,
5/1/26,695,534,1,4,0,0,0.6,1,0,0,0,0,na,na,0,0,"2,2","2,1",0,,,,,,
5/1/26,695,576,0,0,0,0,3.6,"1,2,3",0,0,0,0,20,12,0,0,2,2,0,,,,,,
5/1/26,695,509,0,0,0,0,2,1,0,0,0,0,12,10,0,0,2,2,0,,,,,,
5/28/26,319,338,11.1,"1,2,3,4",0,0,0,0,0,0,0,0,34,12,1,1,7,1,0,,,,,,
5/28/26,319,324,1.25,1,0,0,0.37,2,0,0,0,0,22,10,1,0,4,1,0,,,,,,
5/28/26,319,329,0,0,0,0,0,0,0,0,0,0,25,20,1,0,"6,2","2,1",0,,,,,,
5/28/26,319,352,3.63,"3,4",0,0,0,0,0,0,0,0,40,15,1,2,"4,5","2,1",0,,,,,,
5/28/26,319,331,2.78,"1,2,3",0,0,0.56,2,0,0,0,0,28,18,0,1,7,1,0,,,,,,
5/28/26,319,348,2,"2,3",0,0,3.89,"2,3",0,0,0,0,50,15,1,2,5,1,0,,,,,,
5/28/26,319,334,7.5,"1,2,3",0,0,1.2,"2,3",0,0,0,0,40,20,2,1,"4,7","2,1",0,,,,,,
5/28/26,319,349,2.5,4,0,0,0,0,0,0,0,0,56,23,1,2,"2,8","2,1",0,,,,,,
5/28/26,319,322,4,"1,2,3",0,0,0.5,1,0,0,0,0,45,14,1,1,6,1,0,,,,,,
5/28/26,319,321,12.14,"1,2",0,0,0,0,0,0,0,0,17,5,0,0,2,1,0,,,,,,
5/28/26,319,352,0.9,"3,4",0,0,0,0,0,0,0,0,60,15,2,1,10,1,0,,,,,,
5/28/26,319,323,1.25,"2,3",0,0,0.83,"2,3",0,0,0,0,70,20,2,2,"4,4","2,1",0,,,,,,
5/28/26,319,328,1.67,"2,3",0,0,5.8,2,0,0,0,0,43,12,2,1,10,1,0,,,,,,
5/28/26,319,340,1.11,4,0,0,1.45,2,0,0,0,0,60,14,2,2,"2,4","2,1",0,,,,,,
5/28/26,319,392,2.5,"1,2,3",0,0,0.62,3,0,0,0,0,27,5,1,1,4,1,0,,,,,,
5/28/26,311,289,0.62,2,0,0,0.62,1,0,0,0,0,32,10,1,2,6,1,0,,,,,,
5/28/26,311,361,0,0,0,0,0,0,0,0,0,0,32,5,1,2,"2,10","2,1",0,,,,,,
5/28/26,311,342,0,0,0,0,5.3,"1,2",0,0,0,0,72,12,1,6,"2,11","2,1",0,,,,,,
5/28/26,311,345,3,"2,3",0,0,2.5,"1,2,3",0,0,0,0,60,15,0,3,"2,7","2,1",0,,,,,,
5/28/26,311,305,2.7,"2,3,4",0,0,1,3,0,0,0,0,42,18,1,3,7,1,0,,,,,,
5/28/26,311,304,2.33,"2,3,4,5",0,0,1,"3,4",0,0,0,0,72,14,3,3,12,1,0,,,,,,
5/28/26,311,313,5,"2,4",0,0,0,0,0,0,0,0,52,13,2,3,"5,5","2,1",0,,,,,,
5/28/26,311,354,3.5,"2,3,4",0,0,1,5,0,0,0,0,61,12,1,4,10,1,0,,,,,,
5/28/26,311,325,4.54,"2,3",0,0,5,"2,3",0,0,0,0,42,14,2,5,"2,10","2,1",0,,,,,,
5/28/26,311,316,1.53,"3,4",0,0,2.69,2,0,0,0,0,90,20,3,5,"4,14","2,1",0,,,,,,
5/28/26,311,315,5.56,"2,3",0,0,0,0,0,0,0,0,40,24,1,5,"2,7","2,1",0,,,,,,
5/28/26,311,314,6.87,"2,3,4",0,0,0,0,0,0,0,0,50,22,0,2,7,1,0,,,,,,
5/28/26,311,308,1.67,"3,4",0,0,0.56,3,0,0,0,0,37,10,1,2,5,1,0,,,,,,
5/28/26,311,318,dead,0,0,0,0,0,0,0,0,0,0,0,0,0,0,0,0,,,,,,
5/28/26,311,310,1.5,"2,3",1,2,0.5,1,0,0,0,0,77,15,3,4,6,1,0,,,,,,
5/28/26,347,357,dead,0,0,0,0,0,0,0,0,0,0,0,0,0,0,0,0,,,,,,
5/28/26,347,336,dead,0,0,0,0,0,0,0,0,0,0,0,0,0,0,0,0,,,,,,
5/28/26,347,364,dead,0,0,0,0,0,0,0,0,0,0,0,0,0,0,0,0,,,,,,
5/28/26,347,317,2.5,"2,3",0,0,1.67,3,0,0,0,0,44,4,1,0,2,1,0,,,,,,
5/28/26,347,370,3.33,3,0,0,5.56,"2,3",0,0,0,0,27,11,0,0,0,0,0,,,,,,
5/28/26,347,355,11,"2,3,4",0,0,10,"2,3",0,0,0,0,56,11,1,0,0,0,0,,,,,,
5/28/26,347,335,6.42,"2,3",0,0,2.85,"2,3","2,7.14","2,3",0,0,47,9,0,0,2,1,0,,,,,,
5/28/26,347,350,dead,0,0,0,0,0,0,0,0,0,0,0,0,0,0,0,0,,,,,,
5/28/26,347,344,6.3,"3,4,5",0,0,2.9,"2,3,4","1,3.5",4,0,0,49,14,1,2,4,1,0,,,,,,
5/28/26,347,312,0,0,0,0,8,"2,3,4","1,2",3,0,0,42,14,0,2,3,1,0,,,,,,
5/28/26,347,333,dead,0,0,0,0,0,0,0,0,0,0,0,0,0,0,0,0,,,,,,
5/28/26,347,362,0,0,0,0,0.83,3,0,0,0,0,19,10,0,2,0,0,0,,,,,,
5/28/26,347,365,4.2,"2,3,4",0,0,4.5,"2,3,4",0,0,0,0,45,20,2,5,0,0,0,,,,,,
5/28/26,347,356,0,0,0,0,1.67,"2,3,4",0,0,0,0,63,12,1,2,"6,3","2,1",0,,,,,,
4/13/26,898,957,0,0,0,0,0,0,0,0,0,0,4,8,0,0,0,0,0,,,,,,
4/13/26,898,200,0,0,0,0,0,0,0,0,0,0,6,8,0,0,0,0,0,,,,,,
4/13/26,898,282,0,0,0,0,10,2,0,0,0,0,18,9,0,0,0,0,0,,,,,,
4/13/26,898,221,0,0,0,0,5,1,0,0,0,0,12,6,0,0,0,0,0,,,,,,
4/13/26,898,299,0,0,0,0,0,0,0,0,0,0,16,6,0,0,0,0,0,,,,,,
4/13/26,898,104,0,0,0,0,0,0,0,0,0,0,6,8,0,0,0,0,0,,,,,,
4/13/26,898,297,0,0,0,0,6.3,"1,3",0,0,0,0,22,8,0,0,0,0,0,,,,,,
4/13/26,898,202,0,0,0,0,1,1,0,0,0,0,18,6,1,0,0,0,0,,,,,,
4/13/26,898,233,0,0,0,0,0,0,0,0,0,0,16,8,1,0,0,0,0,,,,,,
4/13/26,898,688,0.6,1,0,0,1,1,0,0,0,0,25,12,1,0,0,0,0,,,,,,
4/13/26,898,435,0,0,0,0,0,0,0,0,0,0,18,8,0,0,0,0,0,,,,,,
4/13/26,898,399,6.6,1,0,0,0,0,1,2,0,0,25,8,1,0,0,0,0,,,,,,
4/13/26,914,207,0,0,0,0,0,0,1,1,0,0,12,8,0,0,0,0,0,,,,,,
4/13/26,914,876,0,0,0,0,0,0,0,0,0,0,30,15,2,0,0,0,0,,,,,,
4/13/26,914,270,0,0,0,0,0,0,2,1,0,0,8,6,0,0,0,0,0,,,,,,
4/13/26,914,225,0,0,0,0,0,0,0,0,0,0,14,8,1,0,0,0,0,,,,,,
4/13/26,914,236,0,0,0,0,0,0,1,1,0,0,8,6,0,0,0,0,0,,,,,,
4/13/26,914,191,1,1,0,0,0,0,0,0,0,0,12,6,0,0,0,0,0,,,,,,
4/13/26,914,285,0,0,0,0,0,0,0,0,0,0,15,8,1,0,0,0,0,,,,,,
4/13/26,914,257,0,0,0,0,0,0,0,0,0,0,6,6,0,0,0,0,0,,,,,,
4/13/26,914,271,2,1,0,0,0,0,0,0,0,0,16,8,0,0,0,0,0,,,,,,
4/13/26,914,274,0,0,0,0,0,0,0,0,0,0,12,6,0,0,0,0,0,,,,,,
4/13/26,914,910,0,0,0,0,0,0,1,1,0,0,6,8,0,0,0,0,0,,,,,,
4/13/26,945,840,14,1,0,0,0,0,0,0,0,0,32,10,1,0,0,0,0,,,,,,
4/13/26,945,283,0,0,0,0,0,0,0,0,0,0,12,6,0,0,0,0,0,,,,,,
4/13/26,945,855,0,0,0,0,0,0,1,2,0,0,26,10,1,0,0,0,0,,,,,,
4/13/26,945,206,5,1,0,0,0,0,1,2,0,0,18,10,0,0,0,0,0,,,,,,
4/13/26,945,294,45,1,0,0,30,1,0,0,0,0,8,6,0,0,0,0,0,,,,,,
4/13/26,945,287,0,0,0,0,0,0,2,"1,2",0,0,24,10,1,0,0,0,0,,,,,,
4/13/26,945,202,0,0,0,0,0,0,0,0,0,0,30,12,1,0,0,0,0,,,,,,
4/13/26,945,244,0,0,0,0,0,0,2,1,0,0,24,10,0,0,0,0,0,,,,,,
4/13/26,945,208,0,0,0,0,0,0,1,1,0,0,20,12,1,0,0,0,0,,,,,,
4/13/26,945,256,0,0,0,0,0,0,0,0,0,0,18,10,0,0,0,0,0,,,,,,
4/13/26,945,299,0,0,0,0,0,0,0,0,0,0,34,14,1,0,0,0,0,,,,,,
4/13/26,945,243,20,1,0,0,0,0,1,1,0,0,6,6,0,0,0,0,0,,,,,,
4/13/26,945,222,6,1,0,0,5,1,0,0,0,0,30,12,1,0,0,0,0,,,,,,
4/13/26,945,929,0,0,0,0,0.8,1,0,0,0,0,20,10,0,0,0,0,0,,,,,,
4/13/26,416,451,0,0,0,0,1,1,0,0,0,0,10,8,0,0,0,0,0,,,,,,
4/13/26,416,463,0,0,0,0,0,0,0,0,0,0,10,8,0,0,0,0,0,,,,,,
4/13/26,416,469,23,1,0,0,0,0,0,0,0,0,10,6,0,0,0,0,0,,,,,,
4/13/26,416,600,6.25,"1,2",0,0,1.25,2,0,0,0,0,10,12,0,0,0,0,0,,,,,,
4/13/26,416,472,0,0,0,0,10,1,0,0,0,0,10,8,0,0,0,0,0,,,,,,
4/13/26,416,478,21,"1,2",0,0,0.05,1,0,0,0,0,14,12,0,0,0,0,0,,,,,,
4/13/26,416,661,0,0,0,0,0,0,0,0,0,0,14,12,0,0,0,0,0,,,,,,
4/13/26,416,186,0,0,0,0,1,1,0,0,0,0,10,12,0,0,0,0,0,,,,,,
4/13/26,416,634,0,0,0,0,0,0,0,0,0,0,6,6,0,0,0,0,0,,,,,,
4/13/26,416,471,0,0,0,0,0,0,0,0,0,0,6,6,0,0,0,0,0,,,,,,
4/13/26,416,453,3.3,1,0,0,0,0,0,0,0,0,18,6,0,0,0,0,0,,,,,,
4/13/26,416,484,0,0,0,0,0,0,1,1,0,0,10,12,0,0,0,0,0,,,,,,
4/13/26,416,450,0,0,0,0,2.5,1,0,0,0,0,10,14,0,0,0,0,0,,,,,,
4/13/26,416,455,0,0,0,0,1.25,1,0,0,0,0,14,14,0,0,0,0,0,,,,,,
4/13/26,457,467,0,0,0,0,0,0,0,0,0,0,8,8,0,0,0,0,0,,,,,,
4/13/26,457,474,25,1,0,0,0,0,0,0,0,0,8,8,0,0,0,0,0,,,,,,
4/13/26,457,157,0,0,0,0,0,0,0,0,0,0,8,8,0,0,0,0,0,,,,,,
4/13/26,457,670,0,0,0,0,0,0,0,0,0,0,10,10,0,0,0,0,0,,,,,,
4/13/26,457,264,5,1,0,0,0,0,0,0,0,0,8,8,0,0,0,0,0,,,,,,
4/13/26,457,60,0,0,0,0,0,0,0,0,0,0,6,4,0,0,0,0,0,,,,,,
4/13/26,457,480,2.5,"1,2",0,0,2.5,1,0,0,0,0,12,8,0,0,0,0,0,,,,,,
4/13/26,457,466,0,0,0,0,0,0,0,0,0,0,12,10,0,0,0,0,0,,,,,,
4/13/26,457,853,0,0,0,0,0,0,0,0,0,0,8,6,0,0,0,0,0,,,,,,
4/13/26,457,458,0,0,0,0,0,0,0,0,0,0,8,6,0,0,0,0,0,,,,,,
4/13/26,457,944,0,0,0,0,0,0,0,0,0,0,12,8,0,0,0,0,0,,,,,,
4/13/26,457,467,0,0,0,0,0,0,0,0,0,0,10,8,0,0,0,0,0,,,,,,
4/13/26,457,470,0,0,0,0,0,0,0,0,0,0,12,14,0,0,0,0,0,,,,,,
4/13/26,457,953,0,0,0,0,0,0,0,0,0,0,6,6,0,0,0,0,0,,,,,,
4/13/26,457,59,0,0,0,0,0,0,0,0,0,0,10,6,0,0,0,0,0,,,,,,
4/13/26,458,468,0,0,0,0,0,0,0,0,0,0,40,18,0,0,0,0,0,,,,,,
4/13/26,458,67,0,0,0,0,0,0,1,1,0,0,22,12,0,0,0,0,0,,,,,,
4/13/26,458,980,3.75,1,0,0,3.75,1,3,1,0,0,20,10,0,0,0,0,0,,,,,,
4/13/26,458,479,33,"1,2",0,0,0,0,1,1,0,0,14,8,0,0,0,0,0,,,,,,
4/13/26,458,689,0,0,0,0,0,0,0,0,0,0,20,8,0,0,0,0,0,,,,,,
4/13/26,458,650,3,2,0,0,4,1,0,0,0,0,22,12,0,0,0,0,0,,,,,,
4/13/26,458,798,10,1,0,0,0,0,0,0,0,0,14,8,0,0,0,0,0,,,,,,
4/13/26,458,452,0,0,0,0,15,1,0,0,0,0,20,12,0,0,0,0,0,,,,,,
4/13/26,458,839,25,"1,2",0,0,0,0,0,0,0,0,14,10,0,0,0,0,0,,,,,,
4/13/26,458,475,8.3,2,0,0,0,0,0,0,0,0,12,12,0,0,0,0,0,,,,,,
4/13/26,458,459,2,3,0,0,2,2,0,0,0,0,16,12,0,0,0,0,0,,,,,,
4/13/26,458,400,0,0,0,0,0,0,0,0,0,0,20,10,0,0,0,0,0,,,,,,
4/13/26,458,464,11,1,0,0,0,0,0,0,0,0,34,14,0,0,0,0,0,,,,,,
4/13/26,458,868,0,0,0,0,0,0,0,0,0,0,18,12,0,0,0,0,0,,,,,,
4/13/26,458,462,50,1,0,0,0,0,0,0,0,0,28,6,0,0,0,0,0,,,,,,
4/13/26,667,246,0,0,0,0,0,0,0,0,0,0,12,8,0,0,0,0,0,,,,,,
4/13/26,667,221,0,0,0,0,0,0,0,0,0,0,22,10,0,0,0,0,0,,,,,,
4/13/26,667,943,0,0,10,2,0,0,2,1,0,0,18,10,0,0,0,0,0,,,,,,
4/13/26,667,239,0,0,0,0,0,0,0,0,0,0,10,8,0,0,0,0,0,,,,,,
4/13/26,667,268,0,0,0,0,0,0,0,0,0,0,10,8,0,0,0,0,0,,,,,,
4/13/26,667,424,0,0,0,0,3.75,"1,2",0,0,0,0,14,8,0,0,0,0,0,,,,,,
4/13/26,667,183,6,1,0,0,0,0,0,0,0,0,14,8,0,0,0,0,0,,,,,,
4/13/26,667,285,8.3,1,0,0,0,0,0,0,0,0,6,4,0,0,0,0,0,,,,,,
4/13/26,667,203,0,0,0,0,0,0,0,0,0,0,18,10,0,0,0,0,0,,,,,,
4/13/26,667,874,4,"1,2",0,0,0,0,0,0,0,0,14,8,0,0,0,0,0,,,,,,
4/13/26,667,167,40,1,0,0,0,0,0,0,0,0,10,6,0,0,0,0,0,,,,,,
4/13/26,667,247,0,0,0,0,0,0,0,0,0,0,22,8,0,0,0,0,0,,,,,,
4/13/26,667,178,0,0,0,0,7,1.2,0,0,0,0,12,10,0,0,0,0,0,,,,,,
4/13/26,667,223,25,1,0,0,15,1,0,0,0,0,8,6,0,0,0,0,0,,,,,,
4/13/26,610,266,35,"1,2",0,0,0,0,0,0,0,0,14,8,0,0,0,0,0,,,,,,
4/13/26,610,272,0,0,0,0,0,0,0,0,0,0,22,16,0,0,0,0,0,,,,,,
4/13/26,610,270,23,"1,2",0,0,0,0,0,0,0,0,14,8,0,0,0,0,0,,,,,,
4/13/26,610,277,0,0,0,0,22,1,0,0,0,0,12,8,0,0,0,0,0,,,,,,
4/13/26,610,241,43,"1,2,3,4",0,0,0,0,0,0,0,0,16,10,1,0,0,0,0,,,,,,
4/13/26,610,232,25,1,0,0,0,0,0,0,0,0,12,6,0,0,0,0,0,,,,,,
4/13/26,610,242,14,"1,2,3",0,0,0,0,0,0,0,0,18,10,0,0,0,0,0,,,,,,
4/13/26,610,296,4,1,0,0,0,0,0,0,0,0,12,8,0,0,0,0,0,,,,,,
4/13/26,610,237,12.5,1,0,0,0,0,0,0,0,0,8,8,0,0,0,0,0,,,,,,
4/13/26,610,707,16.6,1,0,0,0.8,2,0,0,0,0,12,10,0,0,0,0,0,,,,,,
4/13/26,610,196,0,0,0,0,0,0,0,0,0,0,20,10,0,0,0,0,0,,,,,,
4/13/26,610,255,1.6,0,0,0,0,0,0,0,0,0,22,14,0,0,0,0,0,,,,,,
4/13/26,610,209,0,0,0,0,0,0,0,0,0,0,30,16,0,0,0,0,0,,,,,,
4/13/26,610,877,0.8,1,0,0,0.8,2,0,0,0,0,18,12,0,0,0,0,0,,,,,,
4/13/26,610,465,5,1,0,0,0,0,0,0,0,0,8,6,0,0,0,0,0,,,,,,
4/13/26,815,230,27.5,"1,2",0,0,1,2,0,0,0,0,14,10,0,0,0,0,0,,,,,,
4/13/26,815,194,0,0,0,0,0,0,0,0,0,0,4,8,0,0,0,0,0,,,,,,
4/13/26,815,205,0,0,0,0,0,0,0,0,0,0,6,8,0,0,0,0,0,,,,,,
4/13/26,815,162,40,1,0,0,0,0,0,0,0,0,6,6,0,0,0,0,0,,,,,,
4/13/26,815,856,0,0,0,0,10.8,1.2,0,0,0,0,26,14,0,0,0,0,0,,,,,,
4/13/26,815,174,0,0,0,0,0,0,0,0,0,0,20,12,0,0,0,0,0,,,,,,
4/13/26,815,181,0,0,0,0,0,0,0,0,0,0,16,10,0,0,0,0,0,,,,,,
4/13/26,815,220,0,0,0,0,0,0,0,0,0,0,14,10,0,0,0,0,0,,,,,,
4/13/26,815,211,0,0,0,0,0,0,0,0,0,0,16,10,0,0,0,0,0,,,,,,
4/13/26,815,269,0,0,0,0,5,"2,3",0,0,0,0,14,10,0,0,0,0,0,,,,,,
4/13/26,815,224,22,"1,2",0,0,0,0,0,0,0,0,14,10,0,0,0,0,0,,,,,,
4/13/26,815,287,12,"1,2,3",0,0,2,"2,3",0,0,0,0,12,10,0,0,0,0,0,,,,,,
4/13/26,815,105,0,0,0,0,0,0,0,0,0,0,6,6,0,0,0,0,0,,,,,,
4/13/26,815,62,0,0,0,0,0,0,0,0,0,0,4,4,0,0,0,0,0,,,,,,
4/13/26,815,214,0,0,0,0,0,0,0,0,0,0,6,6,0,0,0,0,0,,,,,,
6/2/26,624,42,2.5,1,1.87,3,3.12,"1,2,4",0,0,0,0,27,8,1,0,0,0,0,,,,,,
6/2/26,624,25,0,0,2.5,"1,2,3",1.56,"1,2,4",0,0,0,0,38,15,2,1,4,1,0,,,,,,
6/2/26,624,31,0,0,0,0,9,1,0,0,0,0,16,11,0,0,0,0,0,,,,,,
6/2/26,624,39,0,0,2,3,0,0,0,0,0,0,32,11,0,1,0,0,0,,,,,,
6/2/26,624,36,2.08,"2,4",6.25,"2,3,4",3.33,"1,2,3,4","1,0.8",3,0,0,32,14,1,0,3,1,0,,,,,,
6/2/26,624,30,0,0,3.33,"1,2,3",0,0,0,0,0,0,35,10,0,1,0,0,0,,,,,,
6/2/26,624,35,1.87,"2,4",7.5,"3,4",1.87,1,0,0,0,0,43,16,0,0,0,0,0,,,,,,
6/2/26,624,33,0,0,0,0,10,1,0,0,0,0,9,8,0,0,0,0,0,,,,,,
6/2/26,624,38,0,0,4.16,3,5,"1,2",0,0,0,0,30,25,0,0,0,0,0,,,,,,
6/2/26,624,40,0,0,0.8,1,0,0,0,0,0,0,11,3,0,0,0,0,0,,,,,,
6/2/26,624,41,0,0,0,0,0,0,0,0,0,0,14,1,0,0,0,0,0,,,,,,
6/2/26,624,45,0,0,9.16,"2,3,4,5",3.75,"1,2",0,0,0,0,30,11,0,1,2,1,0,,,,,,
6/2/26,624,44,0,0,20,"1,2,3",0,0,0,0,0,0,11,5,0,0,0,0,0,,,,,,
6/2/26,624,43,0,0,0,0,7.5,1,0,0,0,0,15,12,0,0,0,0,0,,,,,,
6/2/26,624,37,0,0,38,"1,2,3,4",0.6,1,0,0,0,0,22,12,1,0,0,0,0,,,,,,
6/2/26,672,19,0,0,0,0,0,0,0,0,0,0,0,0,0,0,0,0,0,,,,,,
6/2/26,672,15,na,0,0,0,0,0,0,0,0,0,0,0,0,0,0,0,0,,,,,,
6/2/26,672,22,na,0,0,0,0,0,0,0,0,0,0,0,0,0,0,0,0,,,,,,
6/2/26,672,21,na,0,0,0,0,0,0,0,0,0,0,0,0,0,0,0,0,,,,,,
6/2/26,672,32,na,0,0,0,0,0,0,0,0,0,0,0,0,0,0,0,0,,,,,,
6/2/26,672,14,na,0,0,0,0,0,0,0,0,0,0,0,0,0,0,0,0,,,,,,
6/2/26,672,30,na,0,0,0,0,0,0,0,0,0,0,0,0,0,0,0,0,,,,,,
6/2/26,672,34,0,0,0,0,0.8,1,0,0,0,0,14,3,0,0,0,0,0,,,,,,
6/2/26,672,24,0,0,0,0,0.71,2,0,0,0,0,16,6,0,0,0,0,0,,,,,,
6/2/26,672,27,0,0,0,0,1.6,"1,3",0,0,0,0,15,10,0,0,0,0,0,,,,,,
6/2/26,672,13,0,0,0,0,5,"1,2,3",0,0,0,0,14,8,0,0,0,0,0,,,,,,
6/2/26,672,33,0,0,0,0,3,1,0,0,0,0,14,7,0,0,0,0,0,,,,,,
6/2/26,672,29,0,0,0,0,2.16,"1,2",0,0,0,0,13,4,0,0,0,0,0,,,,,,
6/2/26,672,28,0,0,3,1,2.5,"1,2,3",0,0,0,0,11,4,0,0,0,0,0,,,,,,
6/2/26,672,26,0,0,0,0,0,0,0,0,0,0,9,4,0,0,0,0,0,,,,,,
6/2/26,632,1,5,1,0,0,0.37,1,0,0,0,0,25,11,2,0,8,1,0,,,,,,
6/2/26,632,6,0.5,2,0,0,0,0,0,0,0,0,30,6,1,1,8,1,0,,,,,,
6/2/26,632,2,25.6,"1,2,3,4",0,0,0.6,3,0,0,0,0,20,5,1,1,7,1,0,,,,,,
6/2/26,632,30,28.3,"1,2",0,0,0,0,0,0,0,0,10,4,0,1,0,0,0,,,,,,
6/2/26,632,17,0,0,0,0,0.6,"1,2",0,0,0,0,20,4,0,1,8,1,0,,,,,,
6/2/26,632,8,0,0,0,0,0.8,1,0,0,0,0,14,6,0,1,6,1,0,,,,,,
6/2/26,632,5,3,1,3.2,2,0,0,0,0,0,0,14,5,1,0,4,1,0,,,,,,
6/2/26,632,9,1.75,1,0,0,0.37,1,0,0,0,0,22,6,1,2,8,1,0,,,,,,
6/2/26,632,12,0,0,0,0,0,0,0,0,0,0,11,3,1,0,0,0,0,,,,,,
6/2/26,632,18,6.87,"1,2",0,0,2.25,"3,4",0,0,0,0,11,4,0,1,4,1,0,,,,,,
6/2/26,632,11,20,"1,3",0,0,1.33,2,0,0,0,0,12,3,1,1,0,0,0,,,,,,
6/2/26,632,7,0,0,0,0,0.63,1,0,0,0,0,30,9,0,0,6,1,0,,,,,,
6/2/26,632,3,1.15,1,0,0,1.87,"2,3",0,0,0,0,15,5,0,1,4,1,0,,,,,,
6/2/26,632,16,0,0,0,0,0.71,1,0,0,0,0,20,7,0,1,10,1,0,,,,,,
6/2/26,632,10,2.5,1,3,"1,2",2.5,1,0,0,0,0,18,5,0,0,6,1,0,,,,,,
6/2/26,683,42,na,0,0,0,0,0,0,0,0,0,0,0,0,0,0,0,0,,,,,,
6/2/26,683,21,0,0,0,0,0.83,1,0,0,0,0,16,7,0,0,0,0,0,,,,,,
6/2/26,683,10,0,0,0.42,1,0,0,0,0,0,0,24,14,1,0,6,1,0,,,,,,
6/2/26,683,6,0,0,0,0,2.5,"1,2,3",0,0,0,0,38,22,2,0,"2,6","2,1",0,,,,,,
6/2/26,683,14,0,0,0,0,1.42,"1,2",0,0,0,0,24,22,1,0,6,1,0,,,,,,
6/2/26,683,16,0,0,0,0,0,0,0,0,0,0,42,19,1,1,8,1,0,,,,,,
6/2/26,683,17,0,0,2.28,"1,2,3",0,0,0,0,0,0,22,10,1,0,8,1,0,,,,,,
6/2/26,683,43,3.75,"1,2",0,0,0.62,2,0,0,0,0,25,16,1,0,3,1,0,,,,,,
6/2/26,683,24,0,0,0,0,1.57,"1,2",0,0,0,0,28,10,1,0,4,1,0,,,,,,
6/2/26,683,22,0,0,0,0,0.62,1,0,0,0,0,36,22,1,0,8,1,0,,,,,,
6/2/26,683,28,0,0,2.78,"1,2,3,4",3.33,"1,2,3",0,0,0,0,30,19,0,1,"4,6","2,1",0,,,,,,
6/2/26,683,44,0,0,0,0,0.75,1,0,0,0,0,32,12,1,0,12,1,0,,,,,,
6/2/26,683,19,dead,0,0,0,0,0,0,0,0,0,0,0,0,0,0,0,0,,,,,,
6/2/26,683,36,0,0,0,0,0.42,1,0,0,0,0,30,15,0,1,6,1,0,,,,,,
6/2/26,683,35,0,0,0,0,0.2,1,0,0,0,0,29,17,1,0,"2,4","2,1",0,,,,,,
6/2/26,660,41,0,0,0,0,0,0,0,0,0,0,13,3,0,0,2,1,0,,,,,,
6/2/26,660,13,0,0,0,0,12,1,0,0,0,0,12,3,0,0,0,0,0,,,,,,
6/2/26,660,9,0,0,0,0,0,0,0,0,0,0,19,5,0,0,0,0,0,,,,,,
6/2/26,660,4,0,0,0,0,11.7,"1,2",0,0,0,0,17,9,0,0,0,0,0,,,,,,
6/2/26,660,15,0,0,0,0,0,0,0,0,0,0,20,5,0,0,0,0,0,,,,,,
6/2/26,660,8,dead,0,0,0,0,0,0,0,0,0,0,0,0,0,0,0,0,,,,,,
6/2/26,660,34,0,0,0,0,0,0,0,0,0,0,19,4,0,0,0,0,0,,,,,,
6/2/26,660,25,0,0,0,0,0,0,0,0,0,0,19,5,0,0,0,0,0,,,,,,
6/2/26,660,7,0,0,0,0,0,0,0,0,0,0,25,6,0,0,0,0,0,,,,,,
6/2/26,660,11,0,0,0,0,0,0,0,0,0,0,16,4,0,0,0,0,0,,,,,,
6/2/26,660,5,0,0,0,0,0,0,0,0,0,0,15,7,0,0,0,0,0,,,,,,
6/2/26,660,10,0,0,0,0,0,0,0,0,0,0,18,9,0,1,2,1,0,,,,,,
6/2/26,660,24,0,0,0,0,4,"1,2",0,0,0,0,15,6,0,0,0,0,0,,,,,,
6/2/26,660,20,0,0,0,0,0,0,0,0,0,0,29,12,0,0,0,0,0,,,,,,
6/2/26,660,2,0,0,0,0,0,0,0,0,0,0,19,7,0,0,0,0,0,,,,,,
6/2/26,674,18,0,0,1.52,1,0,0,0,0,0,0,29,13,1,1,8,1,0,,,,,,
6/2/26,674,12,dead,0,0,0,0,0,0,0,0,0,0,0,0,0,0,0,0,,,,,,
6/2/26,674,26,0,0,0,0,0,0,0,0,0,0,32,10,0,1,6,1,0,,,,,,
6/2/26,674,1,0.12,2,0,0,0,0,0,0,0,0,38,11,1,1,4,1,1,,,,,,
6/2/26,674,31,0,0,0,0,0,0,0,0,0,0,0,0,0,0,0,0,0,,,,,,
6/2/26,674,33,0,0,0,0,0,0,0,0,0,0,12,6,0,1,4,1,0,,,,,,
6/2/26,674,38,0,0,0,0,4,1,0,0,0,0,15,6,1,0,0,0,0,,,,,,
6/2/26,674,40,0,0,0,0,0,0,0,0,0,0,32,7,1,1,6,1,0,,,,,,
6/2/26,674,45,0,0,0,0,0,0,0,0,0,0,19,4,1,0,0,0,0,,,,,,
6/2/26,674,24,0,0,0,0,0,0,0,0,0,0,18,5,0,0,0,0,0,,,,,,
6/2/26,674,29,0,0,0.25,"1,2",0,0,0,0,0,0,54,19,2,1,7,1,0,,,,,,
6/2/26,674,39,0,0,0,0,0.9,2,0,0,0,0,59,22,0,4,10,1,0,,,,,,
6/2/26,674,3,0,0,0,0,0,0,0,0,0,0,23,6,0,1,2,1,0,,,,,,
6/2/26,674,23,0,0,0,0,0,0,0,0,0,0,44,21,0,1,4,1,0,,,,,,
6/2/26,674,37,0,0,0,0,0.25,1,0,0,0,0,53,12,1,1,10,1,0,,,,,,
6/2/26,813,81,dead,0,0,0,0,0,0,0,0,0,0,0,0,0,0,0,0,,,,,,
6/2/26,813,437,0,0,0,0,0,0,0,0,0,0,12,5,1,0,0,0,0,,,,,,
6/2/26,813,258,0,0,0,0,0,0,0,0,0,0,8,4,0,0,0,0,0,,,,,,
6/2/26,813,422,0,0,0,0,1.6,1,0,0,0,0,10,4,0,0,0,0,0,,,,,,
6/2/26,813,942,33.3,0,0,0,0,0,0,0,0,0,10,4,0,0,0,0,0,,,,,,
6/2/26,813,490,14.3,1,0.7,"1,2,3",0,0,0,0,0,0,8,10,0,0,0,0,0,,,,,,
6/2/26,813,82,5,1,0,0,0,0,0,0,0,0,11,5,1,0,0,0,0,,,,,,
6/2/26,813,179,4.2,"2,3",1.6,1,0,0,0,0,0,0,13,5,0,0,0,0,0,,,,,,
6/2/26,813,83,10,"1,2",0,0,5,1,0,0,0,0,15,6,1,0,0,0,0,,,,,,
6/2/26,813,859,0,0,0.8,1,0,0,0,0,0,0,21,8,0,1,0,0,0,,,,,,
6/2/26,813,950,0,0,0,0,4.4,1,0,0,0,0,26,10,0,1,0,0,0,,,,,,
6/2/26,813,84,0,0,0,0,1.2,3,0,0,0,0,23,11,0,1,0,0,0,,,,,,
6/2/26,813,922,0,0,1.6,2,1.6,3,0,0,0,0,87,12,2,1,0,0,0,,,,,,
6/2/26,838,185,0,0,0,0,0,0,0,0,0,0,21,10,0,1,0,0,0,,,,,,
6/2/26,794,958,dead,0,0,0,0,0,0,0,0,0,0,0,0,0,0,0,0,,,,,,
6/2/26,794,897,dead,0,0,0,0,0,0,0,0,0,0,0,0,0,0,0,0,,,,,,
6/2/26,794,161,dead,0,0,0,0,0,0,0,0,0,0,0,0,0,0,0,0,,,,,,
6/2/26,794,89,dead,0,0,0,0,0,0,0,0,0,0,0,0,0,0,0,0,,,,,,
6/2/26,794,88,2.5,3,2.5,2,0,0,0,0,0,0,20,10,0,0,3,1,0,,,,,,
6/2/26,794,423,dead,0,0,0,0,0,0,0,0,0,0,0,0,0,0,0,0,,,,,,
6/2/26,71,89,dead,0,0,0,0,0,0,0,0,0,0,0,0,0,0,0,0,,,,,,
6/2/26,71,22,0,0,0,0,0,0,0,0,0,0,22,5,0,0,0,0,0,,,,,,
6/2/26,71,889,0,0,1.3,"1,2",0,0,0,0,0,0,85,10,1,0,2,1,0,,,,,,
6/2/26,71,894,0,0,1,1,1,1,0,0,0,0,24,6,0,0,0,0,0,,,,,,
6/2/26,71,961,0,0,1.1,3,1.1,2,0,0,0,0,110,20,1,1,4,1,0,,,,,,
6/2/26,71,69,0,0,0,0,0,0,0,0,0,0,84,20,0,1,0,0,0,,,,,,
6/2/26,71,11,0,0,0,0,0,0,0,0,0,0,0,0,0,0,0,0,0,,,,,,
6/2/26,71,869,0,0,1.3,4,1.3,4,0,0,0,0,68,15,1,1,0,0,0,,,,,,
6/2/26,71,810,na,0,0,0,0,0,0,0,0,0,0,0,0,0,0,0,0,,,,,,
6/2/26,893,73,0,0,0.8,1,0,0,0,0,0,0,45,8,1,0,0,0,0,,,,,,
6/2/26,893,72,0,0,0,0,0,0,0,0,0,0,14,5,0,0,0,0,0,,,,,,
6/2/26,893,74,0,0,1,1,15,"1,2",0,0,0,0,23,8,0,0,0,0,0,,,,,,
6/2/26,893,890,0,0,0,0,0,0,0,0,0,0,84,10,1,0,0,0,0,,,,,,
6/2/26,893,982,0,0,1,"1,2,3",2,"2,3",0,0,0,0,105,21,2,2,8,1,0,,,,,,
6/2/26,893,870,0,0,0,0,0,0,0,0,0,0,61,10,1,0,4,1,0,,,,,,
6/2/26,893,87,0,0,1.6,"3,4",12.5,"2,3",0,0,0,0,68,16,1,1,2,1,0,,,,,,
6/2/26,893,26,0,0,1.6,"3,4,5",1.6,"3,5",0,0,0,0,110,9,2,1,1,1,0,,,,,,
6/2/26,893,892,0,0,0,0,0,0,"1,10",3,0,0,44,8,0,0,0,0,0,,,,,,
6/2/26,893,283,0,0,2,3,0,0,0,0,0,0,71,10,1,1,0,0,0,,,,,,
6/2/26,893,66,0,0,0.8,"2,3",0,0,0,0,0,0,83,10,1,1,2,1,0,,,,,,
6/2/26,893,23,dead,0,0,0,0,0,0,0,0,0,0,0,0,0,0,0,0,,,,,,
6/2/26,893,75,0,0,0,0,0.8,"3,4",0,0,0,0,22,10,1,0,0,0,0,,,,,,
6/2/26,891,51,0,0,0,0,0,0,0,0,0,0,33,6,1,0,0,0,0,,,,,,
6/2/26,891,857,0,0,0,0,0,0,0,0,0,0,10,4,0,0,0,0,0,,,,,,
6/2/26,891,849,0,0,0,0,0,0.7,1,0,0,0,20,5,1,0,0,0,0,,,,,,
6/2/26,891,65,0,0,0,0,3.1,"1,2",0,0,0,0,50,10,0,0,0,0,0,,,,,,
6/2/26,891,477,0,0,1.3,"1,2",3.1,1,0,0,0,0,52,10,0,0,0,0,0,,,,,,
6/2/26,891,7,0,0,0,0,0,0,0,0,0,0,42,8,0,0,0,0,0,,,,,,
6/2/26,891,901,0,0,0,0,5,"1,2",0,0,0,0,37,9,1,0,0,0,0,,,,,,
6/2/26,891,900,0,0,0,0,0,0,0,0,0,0,25,5,0,0,0,0,0,,,,,,
6/2/26,891,12,0,0,0,0,0,0,0,0,0,0,23,4,0,0,0,0,0,,,,,,
6/2/26,891,18,0,0,3.3,"1,2,3,4",3.3,1,0,0,0,0,87,10,1,1,4,1,0,,,,,,
6/2/26,891,977,1.9,2,0,0,3.8,1,0,0,0,0,65,10,1,1,0,0,0,,,,,,
6/2/26,891,920,0,0,0,0,0,0,0,0,0,0,55,6,1,0,0,0,0,,,,,,
6/2/26,891,461,0,0,0,0,2.1,1,0,0,0,0,84,8,1,1,4,1,0,,,,,,
6/2/26,891,919,0,0,0,0,4.3,1,0,0,0,0,35,7,1,0,0,0,0,,,,,,
6/2/26,914,225,dead,0,0,0,0,0,0,0,0,0,0,0,0,0,0,0,0,,,,,,
6/2/26,914,910,dead,0,0,0,0,0,0,0,0,0,0,0,0,0,0,0,0,,,,,,
6/2/26,914,191,10,1,0,0,0,0,0,0,0,0,16,8,1,0,0,0,0,,,,,,
6/2/26,914,236,0,0,0,0,15,2,0,0,0,0,19,7,0,1,0,0,0,,,,,,
6/2/26,914,285,0,0,0,0,5,"3,5",0,0,0,0,42,10,1,1,0,0,0,,,,,,
6/2/26,914,274,0,0,0,0,3.8,1,0,0,0,0,35,6,1,1,0,0,0,,,,,,
6/2/26,914,271,0,0,0,0,0,0,0,0,0,0,36,8,0,1,0,0,0,,,,,,
6/2/26,945,855,10,"2,3,4",0,0,3.1,"2,3",0,0,0,0,65,15,1,3,0,0,0,,,,,,
6/2/26,945,283,0,0,0,0,15,3,0,0,0,0,18,5,0,0,0,0,0,,,,,,
6/2/26,945,206,0,0,0,0,10,2,0,0,0,0,38,11,2,1,0,0,0,,,,,,
6/2/26,945,287,9.2,"2,3",0,0,0,0,0,0,0,0,60,8,0,2,0,0,0,,,,,,
6/2/26,945,244,10.8,"2,3,4",0,0,6.6,4,0,0,0,0,45,6,1,0,0,0,0,,,,,,
6/2/26,945,299,6.3,2,0,0,0,0,0,0,0,0,76,6,1,2,0,0,0,,,,,,
6/2/26,945,256,0,0,0,0,0,0,0,0,0,0,34,0,0,0,0,0,0,,,,,,
6/2/26,945,208,0,0,0,0,9.3,"2,3,4,5",0,0,0,0,0,0,1,1,0,0,0,,,,,,
6/2/26,898,221,dead,0,0,0,0,0,0,0,0,0,0,0,0,0,0,0,0,,,,,,
6/2/26,898,435,dead,0,0,0,0,0,0,0,0,0,0,0,0,0,0,0,0,,,,,,
6/2/26,898,399,dead,0,0,0,0,0,0,0,0,0,0,0,0,0,0,0,0,,,,,,
6/2/26,898,299,dead,0,0,0,0,0,0,0,0,0,0,0,0,0,0,0,0,,,,,,
6/2/26,898,688,dead,0,0,0,0,0,0,0,0,0,0,0,0,0,0,0,0,,,,,,
6/2/26,898,297,0,0,0,0,0,0,0,0,0,0,38,0,0,0,0,0,0,,,,,,
6/2/26,898,233,0,0,0,0,0,0,0,0,0,0,50,6,1,2,0,0,0,,,,,,
6/2/26,898,200,0,0,0,0,1.6,2,0,0,0,0,18,7,0,1,0,0,0,,,,,,
7/15/26,626,42,dead,0,0,0,0,0,0,0,0,0,0,0,0,0,0,0,0,,,,,,
7/15/26,626,45,dead,0,0,0,0,0,0,0,0,0,0,0,0,0,0,0,0,,,,,,
7/15/26,626,5,dead,0,0,0,0,0,0,0,0,0,0,0,0,0,0,0,0,,,,,,
7/15/26,626,26,dead,0,0,0,0,0,0,0,0,0,0,0,0,0,0,0,0,,,,,,
7/15/26,626,52,dead,0,0,0,0,0,0,0,0,0,0,0,0,0,0,0,0,,,,,,
7/15/26,626,34,dead,0,0,0,0,0,0,0,0,0,0,0,0,0,0,0,0,,,,,,
7/15/26,626,33,dead,0,0,0,0,0,0,0,0,0,0,0,0,0,0,0,0,,,,,,
7/15/26,626,40,dead,0,0,0,0,0,0,0,0,0,0,0,0,0,0,0,0,,,,,,
7/15/26,626,9,dead,0,0,0,0,0,0,0,0,0,0,0,0,0,0,0,0,,,,,,
7/15/26,626,37,dead,0,0,0,0,0,0,0,0,0,0,0,0,0,0,0,0,,,,,,
7/15/26,626,11,dead,0,0,0,0,0,0,0,0,0,0,0,0,0,0,0,0,,,,,,
7/15/26,626,31,dead,0,0,0,0,0,0,0,0,0,0,0,0,0,0,0,0,,,,,,
7/15/26,626,29,0,0,0,0,0,0,0,0,0,0,62,8,0,3,8,1,0,,,,,,
7/15/26,626,44,0,0,0,0,0,0,0,0,0,0,0,0,0,3,0,0,0,,,,,,
7/15/26,626,23,dead,0,0,0,0,0,0,0,0,0,0,0,0,0,0,0,0,,,,,,
7/15/26,696,28,13.88,"2,3,4,5",0,0,15,"2,4",0,0,0,0,66,8,0,3,0,0,3,,,,,,
7/15/26,696,27,1.53,"2,3,4",0,0,5,"2,3,4",0,0,0,0,135,7,0,5,12,1,0,,,,,,
7/15/26,696,39,5,"2,3",0,0,5.83,"2,3",0,0,0,0,44,14,0,3,2,1,0,,,,,,
7/15/26,696,32,13,"2,3,4,5",0,0,8,"2,3,4",0,0,0,0,55,7,0,7,8,1,4,,,,,,
7/15/26,696,31,16,"3,4",0,0,2,4,0,0,0,0,43,6,1,2,0,0,0,,,,,,
7/15/26,696,37,9.37,"3,5,6",0,0,8.75,"3,4,5,6",0,0,0,0,57,6,0,5,0,0,5,,,,,,
7/15/26,696,1,1.43,3,0,0,4.29,"2,3,4",0,0,0,0,32,7,0,2,4,1,0,,,,,,
7/15/26,696,29,0,0,0,0,0,0,0,0,0,0,0,0,0,0,0,0,0,,,,,,
7/15/26,696,33,dead,0,0,0,0,0,0,0,0,0,0,0,0,0,0,0,0,,,,,,
7/15/26,696,36,0,0,0,0,0,0,0,0,0,0,0,0,0,0,0,0,0,,,,,,
7/15/26,696,17,3.84,4,0,0,26,"2,3,4,5",0,0,0,0,98,7,0,4,0,0,4,,,,,,
7/15/26,696,44,11.66,"2,3,4",0,0,0,0,0,0,0,0,50,9,0,1,3,1,0,,,,,,
7/15/26,696,4,6.25,"4,5,6,7",0,0,2.5,"4,5,6",0,0,0,0,98,5,0,3,4,1,4,,,,,,
7/15/26,696,34,20.71,"2,3,4,5",0,0,11.42,"2,3,4,5",0,0,0,0,64,11,0,0,0,0,0,,,,,,
7/15/26,668,43,10,"1,2,3,4",0,0,3,"2,3,4,5",0,0,0,0,139,9,0,9,10,1,0,,,,,,
7/15/26,668,6,dead,0,0,0,0,0,0,0,0,0,0,0,0,0,0,0,0,,,,,,
7/15/26,668,18,dead,0,0,0,0,0,0,0,0,0,0,0,0,0,0,0,0,,,,,,
7/15/26,668,15,9.58,"2,3",0,0,2.5,"3,4,5",0,0,0,0,116,10,0,8,10,1,4,,,,,,
7/15/26,668,24,dead,0,0,0,0,0,0,0,0,0,0,0,0,0,0,0,0,,,,,,
7/15/26,668,2,dead,0,0,0,0,0,0,0,0,0,0,0,0,0,0,0,0,,,,,,
7/15/26,668,16,2.14,"3,4",0,0,1.42,"3,4",0,0,0,0,91,8,2,6,14,1,2,,,,,,
7/15/26,668,3,5.5,"2,3,4",0,0,2.5,"2,3,4,5",0,0,0,0,90,7,0,5,6,1,1,,,,,,
7/15/26,668,8,0.94,4,0,0,6.56,"3,4",0,0,0,0,94,7,0,7,6,1,4,,,,,,
6/9/26,3,78,5,"3,4,5",0,0,0,0,0,0,0,0,62,8,1,3,0,0,0,,,,,,
6/9/26,3,43,dead,0,0,0,0,0,0,0,0,0,0,0,0,0,0,0,0,,,,,,
6/9/26,3,48,5,"3,4",0,0,1.5,"2,3,4","2,4","2,3",0,0,50,10,1,2,4,1,0,,,,,,
6/9/26,3,22,0,0,0,0,0,0,0,0,0,0,45,6,1,4,0,0,0,,,,,,
6/9/26,3,63,1.8,"3,4",0,0,2.1,2,"1,0.7",4,0,0,75,15,2,8,6.6,2.1,0,,,,,,
6/9/26,3,6,2.6,"2,3,5",0,0,3,"2,3,5","2,2","2,6",0,0,111,12,1,9,"8,6","2,1",0,,,,,,
6/9/26,3,35,0,0,0,0,0,0,0,0,0,0,20,5,0,0,0,0,0,,,,,,
6/9/26,3,46,0,0,0,0,0,0,0,0,0,0,30,10,0,0,0,0,0,,,,,,
6/9/26,3,36,7.1,"4,5",0,0,6.4,"2,3",0,0,0,0,60,8,0,6,0,0,0,,,,,,
6/9/26,3,77,21.3,"1,2",0,0,3.8,2,0,0,0,0,14,5,0,0,0,0,0,,,,,,
6/9/26,3,64,10,3,0,0,0,0,0,0,0,0,45,8,1,3,4,1,0,,,,,,
6/9/26,3,13,3.3,"4,5",0,0,1.6,"2,3","1,3.9",4,0,0,55,12,1,3,2,1,0,,,,,,
6/9/26,3,7,11.4,3,0,0,2.9,2,0,0,0,0,80,7,2,6,"4,1","2,1",3,,,,,,
6/9/26,3,9,4,3,0,0,2,"1,2",0,0,0,0,98,8,0,5,0,0,0,,,,,,
6/9/26,29,24,dead,0,0,0,0,0,0,0,0,0,0,0,0,0,0,0,0,,,,,,
6/9/26,29,51,dead,0,0,0,0,0,0,0,0,0,0,0,0,1,0,0,0,,,,,,
6/9/26,29,72,dead,0,0,0,0,0,0,0,0,0,0,0,0,0,0,0,0,,,,,,
6/9/26,29,42,dead,0,0,0,0,0,0,0,0,0,0,0,0,0,0,0,0,,,,,,
6/9/26,29,11,0,0,0,0,0,0,0,0,0,0,45,5,0,4,0,0,0,,,,,,
6/9/26,29,20,0,0,0,0,0,0,0,0,0,0,25,5,0,2,0,0,0,,,,,,
6/9/26,29,30,dead,0,0,0,0,0,0,0,0,0,0,0,0,1,0,0,0,,,,,,
6/9/26,29,32,dead,0,0,0,0,0,0,0,0,0,0,0,0,1,0,0,0,,,,,,
6/9/26,29,59,5,3,0,0,0,0,"2,5",3,"1,3.3",3,70,18,3,6,0,0,0,,,,,,
6/9/26,29,27,0,0,0,0,0,0,0,0,0,0,35,8,1,4,0,0,0,,,,,,
6/9/26,433,62,4.2,"4,5",0,0,6.5,"2,3,4,6",0,0,0,0,150,8,4,11,14,2,0,,,,,,
6/9/26,433,905,4,4,0,0,2.2,"2,3","1,2.5",3,"1,1.7",4,82,12,0,4,12,2,0,,,,,,
6/9/26,433,291,5.4,"4,5",0,0,4.5,"3,6","2,13.6","3,4",0,0,83,10,3,5,5,1,0,,,,,,
6/9/26,433,61,3,"2,3,4",0,0,2.8,"2,3,4",0,0,0,0,67,12,1,9,0,0,1,,,,,,
6/9/26,433,68,0.9,2,0,0,1.4,"2,3,4,5,6","4,14","3,4,5","2,2.8","3,6",115,21,4,5,"5,4","2,1",1,,,,,,
6/9/26,433,5,dead,0,0,0,0,0,0,0,0,0,0,0,0,0,0,0,0,,,,,,
6/9/26,433,63,dead,0,0,0,0,0,0,0,0,0,0,0,0,2,0,0,1,,,,,,
6/9/26,433,284,3.9,"1,2,3,4,5",0,0,1.8,"1,2,3",0,0,0,0,104,12,4,13,"6,6","2,1",0,,,,,,
6/9/26,433,677,0,0,0,0,0,0,0,0,0,0,55,10,1,7,0,0,0,,,,,,
6/9/26,433,204,2.7,"1,2,3",0,0,2.7,"1,2,3,4",0,0,0,0,102,12,2,9,0,0,1,,,,,,
6/9/26,433,103,4.4,"2,3,4",0,0,0,0,"1,1.3",4,0,0,68,5,1,4,0,0,0,,,,,,
6/9/26,433,163,2.2,2,0,0,2.2,"1,3",0,0,0,0,85,8,1,7,0,0,0,,,,,,
6/9/26,433,252,8.3,"3,4,5",0,0,2,"2,3",0,0,"1,5.5",3,64,8,1,4,0,0,0,,,,,,
6/9/26,433, ,0,0,0,0,0,0,0,0,0,0,62,7,1,5,0,0,1,,,,,,
6/9/26,433,660,0.8,4,0,0,3.5,"2,3,4",0,0,0,0,128,12,2,8,0,0,1,,,,,,
6/9/26,883,44,na,0,0,0,0,0,0,0,0,0,0,0,0,0,0,0,0,,,,,,
6/9/26,883,25,dead,0,0,0,0,0,0,0,0,0,0,0,0,0,0,0,0,,,,,,
6/9/26,883,55,dead,0,0,0,0,0,0,0,0,0,0,0,0,0,0,0,0,,,,,,
6/9/26,883,75,3.6,"2,4",0,0,1.8,"2,3",0,0,0,0,96,10,1,4,7,1,0,,,,,,
6/9/26,883,234,10.4,"1,2,3,4,5,6",0,0,1.7,3,0,0,0,0,119,12,4,2,2,4,0,,,,,,
6/9/26,883,16,0.3,6,0,0,0,0,0,0,0,0,74,15,1,4,0,0,0,,,,,,
6/9/26,883,57,0,0,0,0,1.9,2,0,0,0,0,42,8,1,1,0,0,0,,,,,,
6/9/26,883,39,1.9,5,0,0,1.9,"2,3,4",0,0,0,0,132,12,1,4,0,0,0,,,,,,
6/9/26,883,73,2.5,5,0,0,0,0,0,0,0,0,100,13,0,5,0,0,0,,,,,,
6/9/26,883,79,0,0,0,0,0,0,0,0,0,0,128,11,2,6,0,0,0,,,,,,
6/9/26,883,58,1.6,3,0,0,0,0,0,0,0,0,122,14,1,4,0,0,0,,,,,,
6/9/26,883,67,0.5,"3,4",0,0,0,0,0,0,0,0,130,8,2,4,6,1,0,,,,,,
6/9/26,883,26,3,"4,6",0,0,3.5,"3,4,5",0,0,0,0,140,10,2,6,11,1,2,,,,,,
6/9/26,883,60,0,0,0,0,0.6,4,"2,5.8",5,0,0,201,14,3,11,12,1,0,,,,,,
6/9/26,883,41,2,2,0,0,0,0,0,0,0,0,0,0,5,11,2,1,0,,,,,,