Plot Title: 3S2G,#,"Date Time, GMT-06:00",T,End Of File (LGR S/N: 10574306)
Plot Title: 3S2G,1,5/6/26 11:00,61.054,
Plot Title: 3S2G,2,5/6/26 11:15,57.441,
Plot Title: 3S2G,3,5/6/26 11:30,59.164,
Plot Title: 3S2G,4,5/6/26 11:45,64.652,
Plot Title: 3S2G,5,5/6/26 12:00,67.392,
Plot Title: 3S2G,6,5/6/26 12:15,72.891,
Plot Title: 3S2G,7,5/6/26 12:30,78.975,
Plot Title: 3S2G,8,5/6/26 12:45,68.763,
Plot Title: 3S2G,9,5/6/26 13:00,66.366,
Plot Title: 3S2G,10,5/6/26 13:15,66.366,
Plot Title: 3S2G,11,5/6/26 13:30,64.825,
Plot Title: 3S2G,12,5/6/26 13:45,63.797,
Plot Title: 3S2G,13,5/6/26 14:00,72.545,
Plot Title: 3S2G,14,5/6/26 14:15,88.282,
Plot Title: 3S2G,15,5/6/26 14:30,90.124,
Plot Title: 3S2G,16,5/6/26 14:45,82.864,
Plot Title: 3S2G,17,5/6/26 15:00,77.749,
Plot Title: 3S2G,18,5/6/26 15:15,72.372,
Plot Title: 3S2G,19,5/6/26 15:30,69.622,
Plot Title: 3S2G,20,5/6/26 15:45,69.964,
Plot Title: 3S2G,21,5/6/26 16:00,72.199,
Plot Title: 3S2G,22,5/6/26 16:15,73.753,
Plot Title: 3S2G,23,5/6/26 16:30,74.098,
Plot Title: 3S2G,24,5/6/26 16:45,74.098,
Plot Title: 3S2G,25,5/6/26 17:00,74.271,
Plot Title: 3S2G,26,5/6/26 17:15,75.484,
Plot Title: 3S2G,27,5/6/26 17:30,78.274,
Plot Title: 3S2G,28,5/6/26 17:45,81.09,
Plot Title: 3S2G,29,5/6/26 18:00,83.221,
Plot Title: 3S2G,30,5/6/26 18:15,84.474,
Plot Title: 3S2G,31,5/6/26 18:30,85.194,
Plot Title: 3S2G,32,5/6/26 18:45,85.374,
Plot Title: 3S2G,33,5/6/26 19:00,85.374,
Plot Title: 3S2G,34,5/6/26 19:15,84.834,
Plot Title: 3S2G,35,5/6/26 19:30,84.295,
Plot Title: 3S2G,36,5/6/26 19:45,83.399,
Plot Title: 3S2G,37,5/6/26 20:00,82.508,
Plot Title: 3S2G,38,5/6/26 20:15,81.442,
Plot Title: 3S2G,39,5/6/26 20:30,80.382,
Plot Title: 3S2G,40,5/6/26 20:45,79.326,
Plot Title: 3S2G,41,5/6/26 21:00,78.274,
Plot Title: 3S2G,42,5/6/26 21:15,77.225,
Plot Title: 3S2G,43,5/6/26 21:30,76.006,
Plot Title: 3S2G,44,5/6/26 21:45,74.964,
Plot Title: 3S2G,45,5/6/26 22:00,74.098,
Plot Title: 3S2G,46,5/6/26 22:15,73.062,
Plot Title: 3S2G,47,5/6/26 22:30,72.199,
Plot Title: 3S2G,48,5/6/26 22:45,71.339,
Plot Title: 3S2G,49,5/6/26 23:00,70.48,
Plot Title: 3S2G,50,5/6/26 23:15,69.793,
Plot Title: 3S2G,51,5/6/26 23:30,69.107,
Plot Title: 3S2G,52,5/6/26 23:45,68.421,
Plot Title: 3S2G,53,5/7/26 00:00,67.735,
Plot Title: 3S2G,54,5/7/26 00:15,67.05,
Plot Title: 3S2G,55,5/7/26 00:30,66.366,
Plot Title: 3S2G,56,5/7/26 00:45,65.68,
Plot Title: 3S2G,57,5/7/26 01:00,64.996,
Plot Title: 3S2G,58,5/7/26 01:15,64.481,
Plot Title: 3S2G,59,5/7/26 01:30,63.797,
Plot Title: 3S2G,60,5/7/26 01:45,63.111,
Plot Title: 3S2G,61,5/7/26 02:00,62.598,
Plot Title: 3S2G,62,5/7/26 02:15,61.741,
Plot Title: 3S2G,63,5/7/26 02:30,61.227,
Plot Title: 3S2G,64,5/7/26 02:45,60.539,
Plot Title: 3S2G,65,5/7/26 03:00,59.851,
Plot Title: 3S2G,66,5/7/26 03:15,59.164,
Plot Title: 3S2G,67,5/7/26 03:30,58.647,
Plot Title: 3S2G,68,5/7/26 03:45,57.958,
Plot Title: 3S2G,69,5/7/26 04:00,57.268,
Plot Title: 3S2G,70,5/7/26 04:15,56.75,
Plot Title: 3S2G,71,5/7/26 04:30,56.057,
Plot Title: 3S2G,72,5/7/26 04:45,55.537,
Plot Title: 3S2G,73,5/7/26 05:00,54.842,
Plot Title: 3S2G,74,5/7/26 05:15,54.495,
Plot Title: 3S2G,75,5/7/26 05:30,53.973,
Plot Title: 3S2G,76,5/7/26 05:45,53.623,
Plot Title: 3S2G,77,5/7/26 06:00,53.274,
Plot Title: 3S2G,78,5/7/26 06:15,52.75,
Plot Title: 3S2G,79,5/7/26 06:30,52.401,
Plot Title: 3S2G,80,5/7/26 06:45,52.05,
Plot Title: 3S2G,81,5/7/26 07:00,51.874,
Plot Title: 3S2G,82,5/7/26 07:15,51.523,
Plot Title: 3S2G,83,5/7/26 07:30,51.172,
Plot Title: 3S2G,84,5/7/26 07:45,50.995,
Plot Title: 3S2G,85,5/7/26 08:00,50.819,
Plot Title: 3S2G,86,5/7/26 08:15,50.819,
Plot Title: 3S2G,87,5/7/26 08:30,50.819,
Plot Title: 3S2G,88,5/7/26 08:45,50.995,
Plot Title: 3S2G,89,5/7/26 09:00,51.172,
Plot Title: 3S2G,90,5/7/26 09:15,51.699,
Plot Title: 3S2G,91,5/7/26 09:30,52.05,
Plot Title: 3S2G,92,5/7/26 09:45,52.75,
Plot Title: 3S2G,93,5/7/26 10:00,54.842,
Plot Title: 3S2G,94,5/7/26 10:15,57.268,
Plot Title: 3S2G,95,5/7/26 10:30,59.851,
Plot Title: 3S2G,96,5/7/26 10:45,62.769,
Plot Title: 3S2G,97,5/7/26 11:00,65.167,
Plot Title: 3S2G,98,5/7/26 11:15,66.366,
Plot Title: 3S2G,99,5/7/26 11:30,64.996,
Plot Title: 3S2G,100,5/7/26 11:45,65.167,
Plot Title: 3S2G,101,5/7/26 12:00,67.906,
Plot Title: 3S2G,102,5/7/26 12:15,72.028,
Plot Title: 3S2G,103,5/7/26 12:30,77.574,
Plot Title: 3S2G,104,5/7/26 12:45,79.151,
Plot Title: 3S2G,105,5/7/26 13:00,73.234,
Plot Title: 3S2G,106,5/7/26 13:15,71.168,
Plot Title: 3S2G,107,5/7/26 13:30,70.651,
Plot Title: 3S2G,108,5/7/26 13:45,68.592,
Plot Title: 3S2G,109,5/7/26 14:00,67.906,
Plot Title: 3S2G,110,5/7/26 14:15,74.446,
Plot Title: 3S2G,111,5/7/26 14:30,73.407,
Plot Title: 3S2G,112,5/7/26 14:45,72.028,
Plot Title: 3S2G,113,5/7/26 15:00,73.234,
Plot Title: 3S2G,114,5/7/26 15:15,76.181,
Plot Title: 3S2G,115,5/7/26 15:30,75.139,
Plot Title: 3S2G,116,5/7/26 15:45,76.006,
Plot Title: 3S2G,117,5/7/26 16:00,77.574,
Plot Title: 3S2G,118,5/7/26 16:15,91.24,
Plot Title: 3S2G,119,5/7/26 16:30,84.295,
Plot Title: 3S2G,120,5/7/26 16:45,77.4,
Plot Title: 3S2G,121,5/7/26 17:00,73.407,
Plot Title: 3S2G,122,5/7/26 17:15,72.545,
Plot Title: 3S2G,123,5/7/26 17:30,71.683,
Plot Title: 3S2G,124,5/7/26 17:45,70.308,
Plot Title: 3S2G,125,5/7/26 18:00,69.964,
Plot Title: 3S2G,126,5/7/26 18:15,70.651,
Plot Title: 3S2G,127,5/7/26 18:30,70.824,
Plot Title: 3S2G,128,5/7/26 18:45,70.824,
Plot Title: 3S2G,129,5/7/26 19:00,70.651,
Plot Title: 3S2G,130,5/7/26 19:15,70.48,
Plot Title: 3S2G,131,5/7/26 19:30,70.308,
Plot Title: 3S2G,132,5/7/26 19:45,70.137,
Plot Title: 3S2G,133,5/7/26 20:00,69.964,
Plot Title: 3S2G,134,5/7/26 20:15,69.622,
Plot Title: 3S2G,135,5/7/26 20:30,69.107,
Plot Title: 3S2G,136,5/7/26 20:45,68.763,
Plot Title: 3S2G,137,5/7/26 21:00,68.077,
Plot Title: 3S2G,138,5/7/26 21:15,67.564,
Plot Title: 3S2G,139,5/7/26 21:30,66.879,
Plot Title: 3S2G,140,5/7/26 21:45,66.193,
Plot Title: 3S2G,141,5/7/26 22:00,65.509,
Plot Title: 3S2G,142,5/7/26 22:15,64.825,
Plot Title: 3S2G,143,5/7/26 22:30,64.31,
Plot Title: 3S2G,144,5/7/26 22:45,63.797,
Plot Title: 3S2G,145,5/7/26 23:00,63.282,
Plot Title: 3S2G,146,5/7/26 23:15,62.769,
Plot Title: 3S2G,147,5/7/26 23:30,62.254,
Plot Title: 3S2G,148,5/7/26 23:45,61.569,
Plot Title: 3S2G,149,5/8/26 00:00,61.054,
Plot Title: 3S2G,150,5/8/26 00:15,60.368,
Plot Title: 3S2G,151,5/8/26 00:30,59.68,
Plot Title: 3S2G,152,5/8/26 00:45,59.164,
Plot Title: 3S2G,153,5/8/26 01:00,58.647,
Plot Title: 3S2G,154,5/8/26 01:15,57.958,
Plot Title: 3S2G,155,5/8/26 01:30,57.441,
Plot Title: 3S2G,156,5/8/26 01:45,56.923,
Plot Title: 3S2G,157,5/8/26 02:00,56.404,
Plot Title: 3S2G,158,5/8/26 02:15,55.884,
Plot Title: 3S2G,159,5/8/26 02:30,55.364,
Plot Title: 3S2G,160,5/8/26 02:45,54.669,
Plot Title: 3S2G,161,5/8/26 03:00,54.322,
Plot Title: 3S2G,162,5/8/26 03:15,53.798,
Plot Title: 3S2G,163,5/8/26 03:30,53.274,
Plot Title: 3S2G,164,5/8/26 03:45,52.75,
Plot Title: 3S2G,165,5/8/26 04:00,52.225,
Plot Title: 3S2G,166,5/8/26 04:15,51.699,
Plot Title: 3S2G,167,5/8/26 04:30,51.346,
Plot Title: 3S2G,168,5/8/26 04:45,50.819,
Plot Title: 3S2G,169,5/8/26 05:00,50.29,
Plot Title: 3S2G,170,5/8/26 05:15,49.937,
Plot Title: 3S2G,171,5/8/26 05:30,49.404,
Plot Title: 3S2G,172,5/8/26 05:45,49.05,
Plot Title: 3S2G,173,5/8/26 06:00,48.695,
Plot Title: 3S2G,174,5/8/26 06:15,48.16,
Plot Title: 3S2G,175,5/8/26 06:30,47.802,
Plot Title: 3S2G,176,5/8/26 06:45,47.624,
Plot Title: 3S2G,177,5/8/26 07:00,47.266,
Plot Title: 3S2G,178,5/8/26 07:15,47.088,
Plot Title: 3S2G,179,5/8/26 07:30,46.908,
Plot Title: 3S2G,180,5/8/26 07:45,46.908,
Plot Title: 3S2G,181,5/8/26 08:00,47.088,
Plot Title: 3S2G,182,5/8/26 08:15,47.266,
Plot Title: 3S2G,183,5/8/26 08:30,48.517,
Plot Title: 3S2G,184,5/8/26 08:45,50.466,
Plot Title: 3S2G,185,5/8/26 09:00,52.576,
Plot Title: 3S2G,186,5/8/26 09:15,55.017,
Plot Title: 3S2G,187,5/8/26 09:30,57.958,
Plot Title: 3S2G,188,5/8/26 09:45,58.82,
Plot Title: 3S2G,189,5/8/26 10:00,60.539,
Plot Title: 3S2G,190,5/8/26 10:15,62.598,
Plot Title: 3S2G,191,5/8/26 10:30,65.509,
Plot Title: 3S2G,192,5/8/26 10:45,67.05,
Plot Title: 3S2G,193,5/8/26 11:00,68.421,
Plot Title: 3S2G,194,5/8/26 11:15,69.964,
Plot Title: 3S2G,195,5/8/26 11:30,70.824,
Plot Title: 3S2G,196,5/8/26 11:45,68.248,
Plot Title: 3S2G,197,5/8/26 12:00,67.564,
Plot Title: 3S2G,198,5/8/26 12:15,71.339,
Plot Title: 3S2G,199,5/8/26 12:30,69.278,
Plot Title: 3S2G,200,5/8/26 12:45,70.824,
Plot Title: 3S2G,201,5/8/26 13:00,71.168,
Plot Title: 3S2G,202,5/8/26 13:15,72.891,
Plot Title: 3S2G,203,5/8/26 13:30,74.446,
Plot Title: 3S2G,204,5/8/26 13:45,72.718,
Plot Title: 3S2G,205,5/8/26 14:00,73.234,
Plot Title: 3S2G,206,5/8/26 14:15,67.221,
Plot Title: 3S2G,207,5/8/26 14:30,63.626,
Plot Title: 3S2G,208,5/8/26 14:45,61.569,
Plot Title: 3S2G,209,5/8/26 15:00,60.024,
Plot Title: 3S2G,210,5/8/26 15:15,58.993,
Plot Title: 3S2G,211,5/8/26 15:30,58.303,
Plot Title: 3S2G,212,5/8/26 15:45,58.131,
Plot Title: 3S2G,213,5/8/26 16:00,57.441,
Plot Title: 3S2G,214,5/8/26 16:15,56.75,
Plot Title: 3S2G,215,5/8/26 16:30,56.923,
Plot Title: 3S2G,216,5/8/26 16:45,56.23,
Plot Title: 3S2G,217,5/8/26 17:00,55.711,
Plot Title: 3S2G,218,5/8/26 17:15,55.189,
Plot Title: 3S2G,219,5/8/26 17:30,55.017,
Plot Title: 3S2G,220,5/8/26 17:45,54.495,
Plot Title: 3S2G,221,5/8/26 18:00,53.973,
Plot Title: 3S2G,222,5/8/26 18:15,53.623,
Plot Title: 3S2G,223,5/8/26 18:30,52.75,
Plot Title: 3S2G,224,5/8/26 18:45,52.05,
Plot Title: 3S2G,225,5/8/26 19:00,51.523,
Plot Title: 3S2G,226,5/8/26 19:15,50.819,
Plot Title: 3S2G,227,5/8/26 19:30,50.29,
Plot Title: 3S2G,228,5/8/26 19:45,49.759,
Plot Title: 3S2G,229,5/8/26 20:00,49.404,
Plot Title: 3S2G,230,5/8/26 20:15,49.05,
Plot Title: 3S2G,231,5/8/26 20:30,48.695,
Plot Title: 3S2G,232,5/8/26 20:45,48.339,
Plot Title: 3S2G,233,5/8/26 21:00,47.982,
Plot Title: 3S2G,234,5/8/26 21:15,47.624,
Plot Title: 3S2G,235,5/8/26 21:30,47.446,
Plot Title: 3S2G,236,5/8/26 21:45,47.266,
Plot Title: 3S2G,237,5/8/26 22:00,46.908,
Plot Title: 3S2G,238,5/8/26 22:15,46.728,
Plot Title: 3S2G,239,5/8/26 22:30,46.369,
Plot Title: 3S2G,240,5/8/26 22:45,46.008,
Plot Title: 3S2G,241,5/8/26 23:00,45.648,
Plot Title: 3S2G,242,5/8/26 23:15,45.286,
Plot Title: 3S2G,243,5/8/26 23:30,44.922,
Plot Title: 3S2G,244,5/8/26 23:45,44.56,
Plot Title: 3S2G,245,5/9/26 00:00,44.379,
Plot Title: 3S2G,246,5/9/26 00:15,44.195,
Plot Title: 3S2G,247,5/9/26 00:30,44.013,
Plot Title: 3S2G,248,5/9/26 00:45,43.831,
Plot Title: 3S2G,249,5/9/26 01:00,43.648,
Plot Title: 3S2G,250,5/9/26 01:15,43.466,
Plot Title: 3S2G,251,5/9/26 01:30,43.099,
Plot Title: 3S2G,252,5/9/26 01:45,42.732,
Plot Title: 3S2G,253,5/9/26 02:00,42.363,
Plot Title: 3S2G,254,5/9/26 02:15,42.179,
Plot Title: 3S2G,255,5/9/26 02:30,41.994,
Plot Title: 3S2G,256,5/9/26 02:45,41.994,
Plot Title: 3S2G,257,5/9/26 03:00,41.439,
Plot Title: 3S2G,258,5/9/26 03:15,41.067,
Plot Title: 3S2G,259,5/9/26 03:30,40.696,
Plot Title: 3S2G,260,5/9/26 03:45,40.321,
Plot Title: 3S2G,261,5/9/26 04:00,40.134,
Plot Title: 3S2G,262,5/9/26 04:15,39.76,
Plot Title: 3S2G,263,5/9/26 04:30,39.573,
Plot Title: 3S2G,264,5/9/26 04:45,39.384,
Plot Title: 3S2G,265,5/9/26 05:00,39.196,
Plot Title: 3S2G,266,5/9/26 05:15,39.196,
Plot Title: 3S2G,267,5/9/26 05:30,39.007,
Plot Title: 3S2G,268,5/9/26 05:45,38.818,
Plot Title: 3S2G,269,5/9/26 06:00,38.818,
Plot Title: 3S2G,270,5/9/26 06:15,38.818,
Plot Title: 3S2G,271,5/9/26 06:30,38.818,
Plot Title: 3S2G,272,5/9/26 06:45,39.196,
Plot Title: 3S2G,273,5/9/26 07:00,39.76,
Plot Title: 3S2G,274,5/9/26 07:15,40.134,
Plot Title: 3S2G,275,5/9/26 07:30,40.509,
Plot Title: 3S2G,276,5/9/26 07:45,40.696,
Plot Title: 3S2G,277,5/9/26 08:00,40.696,
Plot Title: 3S2G,278,5/9/26 08:15,40.509,
Plot Title: 3S2G,279,5/9/26 08:30,40.321,
Plot Title: 3S2G,280,5/9/26 08:45,40.509,
Plot Title: 3S2G,281,5/9/26 09:00,41.625,
Plot Title: 3S2G,282,5/9/26 09:15,42.732,
Plot Title: 3S2G,283,5/9/26 09:30,43.466,
Plot Title: 3S2G,284,5/9/26 09:45,47.088,
Plot Title: 3S2G,285,5/9/26 10:00,49.404,
Plot Title: 3S2G,286,5/9/26 10:15,56.75,
Plot Title: 3S2G,287,5/9/26 10:30,58.303,
Plot Title: 3S2G,288,5/9/26 10:45,52.75,
Plot Title: 3S2G,289,5/9/26 11:00,63.111,
Plot Title: 3S2G,290,5/9/26 11:15,59.508,
Plot Title: 3S2G,291,5/9/26 11:30,61.569,
Plot Title: 3S2G,292,5/9/26 11:45,62.598,
Plot Title: 3S2G,293,5/9/26 12:00,68.592,
Plot Title: 3S2G,294,5/9/26 12:15,68.763,
Plot Title: 3S2G,295,5/9/26 12:30,72.372,
Plot Title: 3S2G,296,5/9/26 12:45,74.619,
Plot Title: 3S2G,297,5/9/26 13:00,74.791,
Plot Title: 3S2G,298,5/9/26 13:15,73.753,
Plot Title: 3S2G,299,5/9/26 13:30,74.446,
Plot Title: 3S2G,300,5/9/26 13:45,74.446,
Plot Title: 3S2G,301,5/9/26 14:00,71.512,
Plot Title: 3S2G,302,5/9/26 14:15,66.537,
Plot Title: 3S2G,303,5/9/26 14:30,62.083,
Plot Title: 3S2G,304,5/9/26 14:45,60.024,
Plot Title: 3S2G,305,5/9/26 15:00,59.164,
Plot Title: 3S2G,306,5/9/26 15:15,58.131,
Plot Title: 3S2G,307,5/9/26 15:30,57.268,
Plot Title: 3S2G,308,5/9/26 15:45,56.75,
Plot Title: 3S2G,309,5/9/26 16:00,56.404,
Plot Title: 3S2G,310,5/9/26 16:15,55.364,
Plot Title: 3S2G,311,5/9/26 16:30,54.669,
Plot Title: 3S2G,312,5/9/26 16:45,53.449,
Plot Title: 3S2G,313,5/9/26 17:00,52.576,
Plot Title: 3S2G,314,5/9/26 17:15,52.225,
Plot Title: 3S2G,315,5/9/26 17:30,51.874,
Plot Title: 3S2G,316,5/9/26 17:45,51.346,
Plot Title: 3S2G,317,5/9/26 18:00,50.29,
Plot Title: 3S2G,318,5/9/26 18:15,49.759,
Plot Title: 3S2G,319,5/9/26 18:30,49.228,
Plot Title: 3S2G,320,5/9/26 18:45,48.695,
Plot Title: 3S2G,321,5/9/26 19:00,48.16,
Plot Title: 3S2G,322,5/9/26 19:15,47.624,
Plot Title: 3S2G,323,5/9/26 19:30,47.266,
Plot Title: 3S2G,324,5/9/26 19:45,46.728,
Plot Title: 3S2G,325,5/9/26 20:00,46.369,
Plot Title: 3S2G,326,5/9/26 20:15,46.008,
Plot Title: 3S2G,327,5/9/26 20:30,45.648,
Plot Title: 3S2G,328,5/9/26 20:45,45.286,
Plot Title: 3S2G,329,5/9/26 21:00,44.922,
Plot Title: 3S2G,330,5/9/26 21:15,44.56,
Plot Title: 3S2G,331,5/9/26 21:30,44.379,
Plot Title: 3S2G,332,5/9/26 21:45,44.013,
Plot Title: 3S2G,333,5/9/26 22:00,43.831,
Plot Title: 3S2G,334,5/9/26 22:15,43.648,
Plot Title: 3S2G,335,5/9/26 22:30,43.466,
Plot Title: 3S2G,336,5/9/26 22:45,43.282,
Plot Title: 3S2G,337,5/9/26 23:00,43.099,
Plot Title: 3S2G,338,5/9/26 23:15,42.915,
Plot Title: 3S2G,339,5/9/26 23:30,42.548,
Plot Title: 3S2G,340,5/9/26 23:45,42.363,
Plot Title: 3S2G,341,5/10/26 00:00,42.179,
Plot Title: 3S2G,342,5/10/26 00:15,42.179,
Plot Title: 3S2G,343,5/10/26 00:30,41.994,
Plot Title: 3S2G,344,5/10/26 00:45,41.81,
Plot Title: 3S2G,345,5/10/26 01:00,41.625,
Plot Title: 3S2G,346,5/10/26 01:15,41.439,
Plot Title: 3S2G,347,5/10/26 01:30,41.254,
Plot Title: 3S2G,348,5/10/26 01:45,40.881,
Plot Title: 3S2G,349,5/10/26 02:00,40.696,
Plot Title: 3S2G,350,5/10/26 02:15,40.696,
Plot Title: 3S2G,351,5/10/26 02:30,40.509,
Plot Title: 3S2G,352,5/10/26 02:45,40.321,
Plot Title: 3S2G,353,5/10/26 03:00,40.134,
Plot Title: 3S2G,354,5/10/26 03:15,39.947,
Plot Title: 3S2G,355,5/10/26 03:30,39.76,
Plot Title: 3S2G,356,5/10/26 03:45,39.573,
Plot Title: 3S2G,357,5/10/26 04:00,39.384,
Plot Title: 3S2G,358,5/10/26 04:15,39.196,
Plot Title: 3S2G,359,5/10/26 04:30,39.196,
Plot Title: 3S2G,360,5/10/26 04:45,38.818,
Plot Title: 3S2G,361,5/10/26 05:00,38.629,
Plot Title: 3S2G,362,5/10/26 05:15,38.44,
Plot Title: 3S2G,363,5/10/26 05:30,38.25,
Plot Title: 3S2G,364,5/10/26 05:45,38.061,
Plot Title: 3S2G,365,5/10/26 06:00,38.061,
Plot Title: 3S2G,366,5/10/26 06:15,37.87,
Plot Title: 3S2G,367,5/10/26 06:30,37.679,
Plot Title: 3S2G,368,5/10/26 06:45,37.87,
Plot Title: 3S2G,369,5/10/26 07:00,38.061,
Plot Title: 3S2G,370,5/10/26 07:15,38.25,
Plot Title: 3S2G,371,5/10/26 07:30,38.818,
Plot Title: 3S2G,372,5/10/26 07:45,39.384,
Plot Title: 3S2G,373,5/10/26 08:00,39.384,
Plot Title: 3S2G,374,5/10/26 08:15,39.384,
Plot Title: 3S2G,375,5/10/26 08:30,39.76,
Plot Title: 3S2G,376,5/10/26 08:45,40.134,
Plot Title: 3S2G,377,5/10/26 09:00,40.696,
Plot Title: 3S2G,378,5/10/26 09:15,41.067,
Plot Title: 3S2G,379,5/10/26 09:30,41.625,
Plot Title: 3S2G,380,5/10/26 09:45,46.369,
Plot Title: 3S2G,381,5/10/26 10:00,53.1,
Plot Title: 3S2G,382,5/10/26 10:15,60.539,
Plot Title: 3S2G,383,5/10/26 10:30,64.652,
Plot Title: 3S2G,384,5/10/26 10:45,68.421,
Plot Title: 3S2G,385,5/10/26 11:00,71.856,
Plot Title: 3S2G,386,5/10/26 11:15,75.139,
Plot Title: 3S2G,387,5/10/26 11:30,77.749,
Plot Title: 3S2G,388,5/10/26 11:45,80.382,
Plot Title: 3S2G,389,5/10/26 12:00,83.043,
Plot Title: 3S2G,390,5/10/26 12:15,84.654,
Plot Title: 3S2G,391,5/10/26 12:30,86.641,
Plot Title: 3S2G,392,5/10/26 12:45,88.099,
Plot Title: 3S2G,393,5/10/26 13:00,89.2,
Plot Title: 3S2G,394,5/10/26 13:15,89.938,
Plot Title: 3S2G,395,5/10/26 13:30,90.495,
Plot Title: 3S2G,396,5/10/26 13:45,90.124,
Plot Title: 3S2G,397,5/10/26 14:00,89.569,
Plot Title: 3S2G,398,5/10/26 14:15,78.098,
Plot Title: 3S2G,399,5/10/26 14:30,70.651,
Plot Title: 3S2G,400,5/10/26 14:45,66.708,
Plot Title: 3S2G,401,5/10/26 15:00,64.31,
Plot Title: 3S2G,402,5/10/26 15:15,62.598,
Plot Title: 3S2G,403,5/10/26 15:30,61.227,
Plot Title: 3S2G,404,5/10/26 15:45,60.195,
Plot Title: 3S2G,405,5/10/26 16:00,59.337,
Plot Title: 3S2G,406,5/10/26 16:15,58.82,
Plot Title: 3S2G,407,5/10/26 16:30,57.958,
Plot Title: 3S2G,408,5/10/26 16:45,56.923,
Plot Title: 3S2G,409,5/10/26 17:00,56.404,
Plot Title: 3S2G,410,5/10/26 17:15,56.23,
Plot Title: 3S2G,411,5/10/26 17:30,55.884,
Plot Title: 3S2G,412,5/10/26 17:45,55.017,
Plot Title: 3S2G,413,5/10/26 18:00,54.322,
Plot Title: 3S2G,414,5/10/26 18:15,53.623,
Plot Title: 3S2G,415,5/10/26 18:30,53.274,
Plot Title: 3S2G,416,5/10/26 18:45,52.75,
Plot Title: 3S2G,417,5/10/26 19:00,52.401,
Plot Title: 3S2G,418,5/10/26 19:15,52.05,
Plot Title: 3S2G,419,5/10/26 19:30,51.699,
Plot Title: 3S2G,420,5/10/26 19:45,51.346,
Plot Title: 3S2G,421,5/10/26 20:00,50.995,
Plot Title: 3S2G,422,5/10/26 20:15,50.643,
Plot Title: 3S2G,423,5/10/26 20:30,50.466,
Plot Title: 3S2G,424,5/10/26 20:45,50.113,
Plot Title: 3S2G,425,5/10/26 21:00,49.582,
Plot Title: 3S2G,426,5/10/26 21:15,49.404,
Plot Title: 3S2G,427,5/10/26 21:30,49.228,
Plot Title: 3S2G,428,5/10/26 21:45,48.871,
Plot Title: 3S2G,429,5/10/26 22:00,48.517,
Plot Title: 3S2G,430,5/10/26 22:15,48.339,
Plot Title: 3S2G,431,5/10/26 22:30,48.339,
Plot Title: 3S2G,432,5/10/26 22:45,48.16,
Plot Title: 3S2G,433,5/10/26 23:00,47.802,
Plot Title: 3S2G,434,5/10/26 23:15,47.802,
Plot Title: 3S2G,435,5/10/26 23:30,47.802,
Plot Title: 3S2G,436,5/10/26 23:45,47.802,
Plot Title: 3S2G,437,5/11/26 00:00,47.802,
Plot Title: 3S2G,438,5/11/26 00:15,47.624,
Plot Title: 3S2G,439,5/11/26 00:30,47.446,
Plot Title: 3S2G,440,5/11/26 00:45,47.446,
Plot Title: 3S2G,441,5/11/26 01:00,47.266,
Plot Title: 3S2G,442,5/11/26 01:15,47.088,
Plot Title: 3S2G,443,5/11/26 01:30,46.908,
Plot Title: 3S2G,444,5/11/26 01:45,46.908,
Plot Title: 3S2G,445,5/11/26 02:00,46.728,
Plot Title: 3S2G,446,5/11/26 02:15,46.548,
Plot Title: 3S2G,447,5/11/26 02:30,46.548,
Plot Title: 3S2G,448,5/11/26 02:45,46.188,
Plot Title: 3S2G,449,5/11/26 03:00,46.188,
Plot Title: 3S2G,450,5/11/26 03:15,46.008,
Plot Title: 3S2G,451,5/11/26 03:30,45.828,
Plot Title: 3S2G,452,5/11/26 03:45,45.828,
Plot Title: 3S2G,453,5/11/26 04:00,45.466,
Plot Title: 3S2G,454,5/11/26 04:15,45.286,
Plot Title: 3S2G,455,5/11/26 04:30,45.104,
Plot Title: 3S2G,456,5/11/26 04:45,44.922,
Plot Title: 3S2G,457,5/11/26 05:00,44.922,
Plot Title: 3S2G,458,5/11/26 05:15,44.922,
Plot Title: 3S2G,459,5/11/26 05:30,44.922,
Plot Title: 3S2G,460,5/11/26 05:45,44.742,
Plot Title: 3S2G,461,5/11/26 06:00,44.56,
Plot Title: 3S2G,462,5/11/26 06:15,44.56,
Plot Title: 3S2G,463,5/11/26 06:30,44.56,
Plot Title: 3S2G,464,5/11/26 06:45,44.742,
Plot Title: 3S2G,465,5/11/26 07:00,44.742,
Plot Title: 3S2G,466,5/11/26 07:15,44.742,
Plot Title: 3S2G,467,5/11/26 07:30,44.742,
Plot Title: 3S2G,468,5/11/26 07:45,44.922,
Plot Title: 3S2G,469,5/11/26 08:00,45.286,
Plot Title: 3S2G,470,5/11/26 08:15,45.648,
Plot Title: 3S2G,471,5/11/26 08:30,46.008,
Plot Title: 3S2G,472,5/11/26 08:45,46.369,
Plot Title: 3S2G,473,5/11/26 09:00,46.728,
Plot Title: 3S2G,474,5/11/26 09:15,46.908,
Plot Title: 3S2G,475,5/11/26 09:30,47.088,
Plot Title: 3S2G,476,5/11/26 09:45,50.995,
Plot Title: 3S2G,477,5/11/26 10:00,60.539,
Plot Title: 3S2G,478,5/11/26 10:15,68.077,
Plot Title: 3S2G,479,5/11/26 10:30,73.753,
Plot Title: 3S2G,480,5/11/26 10:45,78.449,
Plot Title: 3S2G,481,5/11/26 11:00,82.508,
Plot Title: 3S2G,482,5/11/26 11:15,85.735,
Plot Title: 3S2G,483,5/11/26 11:30,88.282,
Plot Title: 3S2G,484,5/11/26 11:45,90.309,
Plot Title: 3S2G,485,5/11/26 12:00,91.987,
Plot Title: 3S2G,486,5/11/26 12:15,93.493,
Plot Title: 3S2G,487,5/11/26 12:30,94.633,
Plot Title: 3S2G,488,5/11/26 12:45,95.4,
Plot Title: 3S2G,489,5/11/26 13:00,95.59,
Plot Title: 3S2G,490,5/11/26 13:15,95.976,
Plot Title: 3S2G,491,5/11/26 13:30,96.555,
Plot Title: 3S2G,492,5/11/26 13:45,95.976,
Plot Title: 3S2G,493,5/11/26 14:00,94.444,
Plot Title: 3S2G,494,5/11/26 14:15,81.975,
Plot Title: 3S2G,495,5/11/26 14:30,74.791,
Plot Title: 3S2G,496,5/11/26 14:45,70.651,
Plot Title: 3S2G,497,5/11/26 15:00,68.077,
Plot Title: 3S2G,498,5/11/26 15:15,66.193,
Plot Title: 3S2G,499,5/11/26 15:30,64.825,
Plot Title: 3S2G,500,5/11/26 15:45,63.797,
Plot Title: 3S2G,501,5/11/26 16:00,62.769,
Plot Title: 3S2G,502,5/11/26 16:15,61.912,
Plot Title: 3S2G,503,5/11/26 16:30,61.398,
Plot Title: 3S2G,504,5/11/26 16:45,60.368,
Plot Title: 3S2G,505,5/11/26 17:00,59.337,
Plot Title: 3S2G,506,5/11/26 17:15,58.476,
Plot Title: 3S2G,507,5/11/26 17:30,57.614,
Plot Title: 3S2G,508,5/11/26 17:45,56.923,
Plot Title: 3S2G,509,5/11/26 18:00,56.23,
Plot Title: 3S2G,510,5/11/26 18:15,55.711,
Plot Title: 3S2G,511,5/11/26 18:30,55.189,
Plot Title: 3S2G,512,5/11/26 18:45,54.495,
Plot Title: 3S2G,513,5/11/26 19:00,54.147,
Plot Title: 3S2G,514,5/11/26 19:15,53.623,
Plot Title: 3S2G,515,5/11/26 19:30,53.274,
Plot Title: 3S2G,516,5/11/26 19:45,52.75,
Plot Title: 3S2G,517,5/11/26 20:00,52.401,
Plot Title: 3S2G,518,5/11/26 20:15,51.874,
Plot Title: 3S2G,519,5/11/26 20:30,51.346,
Plot Title: 3S2G,520,5/11/26 20:45,50.819,
Plot Title: 3S2G,521,5/11/26 21:00,50.466,
Plot Title: 3S2G,522,5/11/26 21:15,49.937,
Plot Title: 3S2G,523,5/11/26 21:30,49.582,
Plot Title: 3S2G,524,5/11/26 21:45,49.228,
Plot Title: 3S2G,525,5/11/26 22:00,48.871,
Plot Title: 3S2G,526,5/11/26 22:15,48.517,
Plot Title: 3S2G,527,5/11/26 22:30,48.16,
Plot Title: 3S2G,528,5/11/26 22:45,47.982,
Plot Title: 3S2G,529,5/11/26 23:00,47.624,
Plot Title: 3S2G,530,5/11/26 23:15,47.446,
Plot Title: 3S2G,531,5/11/26 23:30,47.088,
Plot Title: 3S2G,532,5/11/26 23:45,46.908,
Plot Title: 3S2G,533,5/12/26 00:00,46.728,
Plot Title: 3S2G,534,5/12/26 00:15,46.548,
Plot Title: 3S2G,535,5/12/26 00:30,46.188,
Plot Title: 3S2G,536,5/12/26 00:45,46.008,
Plot Title: 3S2G,537,5/12/26 01:00,45.828,
Plot Title: 3S2G,538,5/12/26 01:15,45.648,
Plot Title: 3S2G,539,5/12/26 01:30,45.466,
Plot Title: 3S2G,540,5/12/26 01:45,45.104,
Plot Title: 3S2G,541,5/12/26 02:00,45.104,
Plot Title: 3S2G,542,5/12/26 02:15,44.742,
Plot Title: 3S2G,543,5/12/26 02:30,44.742,
Plot Title: 3S2G,544,5/12/26 02:45,44.56,
Plot Title: 3S2G,545,5/12/26 03:00,44.379,
Plot Title: 3S2G,546,5/12/26 03:15,44.195,
Plot Title: 3S2G,547,5/12/26 03:30,44.013,
Plot Title: 3S2G,548,5/12/26 03:45,43.648,
Plot Title: 3S2G,549,5/12/26 04:00,43.466,
Plot Title: 3S2G,550,5/12/26 04:15,43.282,
Plot Title: 3S2G,551,5/12/26 04:30,43.099,
Plot Title: 3S2G,552,5/12/26 04:45,43.099,
Plot Title: 3S2G,553,5/12/26 05:00,43.099,
Plot Title: 3S2G,554,5/12/26 05:15,42.915,
Plot Title: 3S2G,555,5/12/26 05:30,42.732,
Plot Title: 3S2G,556,5/12/26 05:45,42.548,
Plot Title: 3S2G,557,5/12/26 06:00,42.548,
Plot Title: 3S2G,558,5/12/26 06:15,42.363,
Plot Title: 3S2G,559,5/12/26 06:30,42.548,
Plot Title: 3S2G,560,5/12/26 06:45,42.548,
Plot Title: 3S2G,561,5/12/26 07:00,42.732,
Plot Title: 3S2G,562,5/12/26 07:15,43.099,
Plot Title: 3S2G,563,5/12/26 07:30,43.099,
Plot Title: 3S2G,564,5/12/26 07:45,43.282,
Plot Title: 3S2G,565,5/12/26 08:00,43.282,
Plot Title: 3S2G,566,5/12/26 08:15,43.282,
Plot Title: 3S2G,567,5/12/26 08:30,43.466,
Plot Title: 3S2G,568,5/12/26 08:45,43.831,
Plot Title: 3S2G,569,5/12/26 09:00,44.379,
Plot Title: 3S2G,570,5/12/26 09:15,44.742,
Plot Title: 3S2G,571,5/12/26 09:30,45.286,
Plot Title: 3S2G,572,5/12/26 09:45,49.228,
Plot Title: 3S2G,573,5/12/26 10:00,59.337,
Plot Title: 3S2G,574,5/12/26 10:15,66.708,
Plot Title: 3S2G,575,5/12/26 10:30,72.028,
Plot Title: 3S2G,576,5/12/26 10:45,76.354,
Plot Title: 3S2G,577,5/12/26 11:00,80.735,
Plot Title: 3S2G,578,5/12/26 11:15,84.295,
Plot Title: 3S2G,579,5/12/26 11:30,87.552,
Plot Title: 3S2G,580,5/12/26 11:45,90.309,
Plot Title: 3S2G,581,5/12/26 12:00,92.55,
Plot Title: 3S2G,582,5/12/26 12:15,92.363,
Plot Title: 3S2G,583,5/12/26 12:30,92.55,
Plot Title: 3S2G,584,5/12/26 12:45,93.115,
Plot Title: 3S2G,585,5/12/26 13:00,93.493,
Plot Title: 3S2G,586,5/12/26 13:15,93.493,
Plot Title: 3S2G,587,5/12/26 13:30,94.444,
Plot Title: 3S2G,588,5/12/26 13:45,94.633,
Plot Title: 3S2G,589,5/12/26 14:00,92.363,
Plot Title: 3S2G,590,5/12/26 14:15,80.559,
Plot Title: 3S2G,591,5/12/26 14:30,73.926,
Plot Title: 3S2G,592,5/12/26 14:45,70.137,
Plot Title: 3S2G,593,5/12/26 15:00,67.564,
Plot Title: 3S2G,594,5/12/26 15:15,65.851,
Plot Title: 3S2G,595,5/12/26 15:30,64.481,
Plot Title: 3S2G,596,5/12/26 15:45,63.282,
Plot Title: 3S2G,597,5/12/26 16:00,62.083,
Plot Title: 3S2G,598,5/12/26 16:15,61.227,
Plot Title: 3S2G,599,5/12/26 16:30,60.883,
Plot Title: 3S2G,600,5/12/26 16:45,59.68,
Plot Title: 3S2G,601,5/12/26 17:00,58.82,
Plot Title: 3S2G,602,5/12/26 17:15,58.303,
Plot Title: 3S2G,603,5/12/26 17:30,57.785,
Plot Title: 3S2G,604,5/12/26 17:45,57.268,
Plot Title: 3S2G,605,5/12/26 18:00,56.75,
Plot Title: 3S2G,606,5/12/26 18:15,56.404,
Plot Title: 3S2G,607,5/12/26 18:30,56.057,
Plot Title: 3S2G,608,5/12/26 18:45,55.711,
Plot Title: 3S2G,609,5/12/26 19:00,55.537,
Plot Title: 3S2G,610,5/12/26 19:15,55.189,
Plot Title: 3S2G,611,5/12/26 19:30,54.842,
Plot Title: 3S2G,612,5/12/26 19:45,54.669,
Plot Title: 3S2G,613,5/12/26 20:00,54.322,
Plot Title: 3S2G,614,5/12/26 20:15,53.798,
Plot Title: 3S2G,615,5/12/26 20:30,53.274,
Plot Title: 3S2G,616,5/12/26 20:45,52.75,
Plot Title: 3S2G,617,5/12/26 21:00,52.576,
Plot Title: 3S2G,618,5/12/26 21:15,52.225,
Plot Title: 3S2G,619,5/12/26 21:30,51.874,
Plot Title: 3S2G,620,5/12/26 21:45,51.699,
Plot Title: 3S2G,621,5/12/26 22:00,51.346,
Plot Title: 3S2G,622,5/12/26 22:15,51.172,
Plot Title: 3S2G,623,5/12/26 22:30,50.819,
Plot Title: 3S2G,624,5/12/26 22:45,50.643,
Plot Title: 3S2G,625,5/12/26 23:00,50.643,
Plot Title: 3S2G,626,5/12/26 23:15,50.29,
Plot Title: 3S2G,627,5/12/26 23:30,50.29,
Plot Title: 3S2G,628,5/12/26 23:45,49.937,
Plot Title: 3S2G,629,5/13/26 00:00,49.582,
Plot Title: 3S2G,630,5/13/26 00:15,49.582,
Plot Title: 3S2G,631,5/13/26 00:30,49.404,
Plot Title: 3S2G,632,5/13/26 00:45,49.228,
Plot Title: 3S2G,633,5/13/26 01:00,48.871,
Plot Title: 3S2G,634,5/13/26 01:15,48.695,
Plot Title: 3S2G,635,5/13/26 01:30,48.339,
Plot Title: 3S2G,636,5/13/26 01:45,48.16,
Plot Title: 3S2G,637,5/13/26 02:00,47.982,
Plot Title: 3S2G,638,5/13/26 02:15,47.802,
Plot Title: 3S2G,639,5/13/26 02:30,47.982,
Plot Title: 3S2G,640,5/13/26 02:45,47.982,
Plot Title: 3S2G,641,5/13/26 03:00,48.16,
Plot Title: 3S2G,642,5/13/26 03:15,48.517,
Plot Title: 3S2G,643,5/13/26 03:30,48.517,
Plot Title: 3S2G,644,5/13/26 03:45,48.517,
Plot Title: 3S2G,645,5/13/26 04:00,48.339,
Plot Title: 3S2G,646,5/13/26 04:15,48.16,
Plot Title: 3S2G,647,5/13/26 04:30,47.802,
Plot Title: 3S2G,648,5/13/26 04:45,47.802,
Plot Title: 3S2G,649,5/13/26 05:00,47.982,
Plot Title: 3S2G,650,5/13/26 05:15,47.982,
Plot Title: 3S2G,651,5/13/26 05:30,47.982,
Plot Title: 3S2G,652,5/13/26 05:45,47.982,
Plot Title: 3S2G,653,5/13/26 06:00,47.982,
Plot Title: 3S2G,654,5/13/26 06:15,47.802,
Plot Title: 3S2G,655,5/13/26 06:30,47.982,
Plot Title: 3S2G,656,5/13/26 06:45,47.982,
Plot Title: 3S2G,657,5/13/26 07:00,48.339,
Plot Title: 3S2G,658,5/13/26 07:15,48.871,
Plot Title: 3S2G,659,5/13/26 07:30,49.05,
Plot Title: 3S2G,660,5/13/26 07:45,49.228,
Plot Title: 3S2G,661,5/13/26 08:00,49.228,
Plot Title: 3S2G,662,5/13/26 08:15,49.582,
Plot Title: 3S2G,663,5/13/26 08:30,49.582,
Plot Title: 3S2G,664,5/13/26 08:45,49.937,
Plot Title: 3S2G,665,5/13/26 09:00,50.466,
Plot Title: 3S2G,666,5/13/26 09:15,50.466,
Plot Title: 3S2G,667,5/13/26 09:30,51.172,
Plot Title: 3S2G,668,5/13/26 09:45,54.147,
Plot Title: 3S2G,669,5/13/26 10:00,63.455,
Plot Title: 3S2G,670,5/13/26 10:15,71.512,
Plot Title: 3S2G,671,5/13/26 10:30,78.098,
Plot Title: 3S2G,672,5/13/26 10:45,83.221,
Plot Title: 3S2G,673,5/13/26 11:00,85.915,
Plot Title: 3S2G,674,5/13/26 11:15,88.65,
Plot Title: 3S2G,675,5/13/26 11:30,91.053,
Plot Title: 3S2G,676,5/13/26 11:45,93.682,
Plot Title: 3S2G,677,5/13/26 12:00,93.873,
Plot Title: 3S2G,678,5/13/26 12:15,91.053,
Plot Title: 3S2G,679,5/13/26 12:30,90.68,
Plot Title: 3S2G,680,5/13/26 12:45,94.633,
Plot Title: 3S2G,681,5/13/26 13:00,96.168,
Plot Title: 3S2G,682,5/13/26 13:15,94.062,
Plot Title: 3S2G,683,5/13/26 13:30,89.569,
Plot Title: 3S2G,684,5/13/26 13:45,84.115,
Plot Title: 3S2G,685,5/13/26 14:00,83.221,
Plot Title: 3S2G,686,5/13/26 14:15,76.703,
Plot Title: 3S2G,687,5/13/26 14:30,72.891,
Plot Title: 3S2G,688,5/13/26 14:45,70.651,
Plot Title: 3S2G,689,5/13/26 15:00,68.763,
Plot Title: 3S2G,690,5/13/26 15:15,67.906,
Plot Title: 3S2G,691,5/13/26 15:30,66.879,
Plot Title: 3S2G,692,5/13/26 15:45,66.366,
Plot Title: 3S2G,693,5/13/26 16:00,66.022,
Plot Title: 3S2G,694,5/13/26 16:15,64.825,
Plot Title: 3S2G,695,5/13/26 16:30,63.455,
Plot Title: 3S2G,696,5/13/26 16:45,62.94,
Plot Title: 3S2G,697,5/13/26 17:00,62.083,
Plot Title: 3S2G,698,5/13/26 17:15,61.054,
Plot Title: 3S2G,699,5/13/26 17:30,60.539,
Plot Title: 3S2G,700,5/13/26 17:45,59.68,
Plot Title: 3S2G,701,5/13/26 18:00,59.337,
Plot Title: 3S2G,702,5/13/26 18:15,58.476,
Plot Title: 3S2G,703,5/13/26 18:30,58.476,
Plot Title: 3S2G,704,5/13/26 18:45,57.614,
Plot Title: 3S2G,705,5/13/26 19:00,56.577,
Plot Title: 3S2G,706,5/13/26 19:15,56.057,
Plot Title: 3S2G,707,5/13/26 19:30,55.711,
Plot Title: 3S2G,708,5/13/26 19:45,55.189,
Plot Title: 3S2G,709,5/13/26 20:00,54.842,
Plot Title: 3S2G,710,5/13/26 20:15,54.495,
Plot Title: 3S2G,711,5/13/26 20:30,52.75,
Plot Title: 3S2G,712,5/13/26 20:45,52.401,
Plot Title: 3S2G,713,5/13/26 21:00,51.523,
Plot Title: 3S2G,714,5/13/26 21:15,50.29,
Plot Title: 3S2G,715,5/13/26 21:30,49.404,
Plot Title: 3S2G,716,5/13/26 21:45,48.695,
Plot Title: 3S2G,717,5/13/26 22:00,47.982,
Plot Title: 3S2G,718,5/13/26 22:15,47.446,
Plot Title: 3S2G,719,5/13/26 22:30,47.088,
Plot Title: 3S2G,720,5/13/26 22:45,46.908,
Plot Title: 3S2G,721,5/13/26 23:00,46.548,
Plot Title: 3S2G,722,5/13/26 23:15,46.008,
Plot Title: 3S2G,723,5/13/26 23:30,45.466,
Plot Title: 3S2G,724,5/13/26 23:45,45.104,
Plot Title: 3S2G,725,5/14/26 00:00,44.379,
Plot Title: 3S2G,726,5/14/26 00:15,44.013,
Plot Title: 3S2G,727,5/14/26 00:30,43.648,
Plot Title: 3S2G,728,5/14/26 00:45,43.466,
Plot Title: 3S2G,729,5/14/26 01:00,43.099,
Plot Title: 3S2G,730,5/14/26 01:15,42.915,
Plot Title: 3S2G,731,5/14/26 01:30,42.548,
Plot Title: 3S2G,732,5/14/26 01:45,42.363,
Plot Title: 3S2G,733,5/14/26 02:00,42.179,
Plot Title: 3S2G,734,5/14/26 02:15,41.994,
Plot Title: 3S2G,735,5/14/26 02:30,41.81,
Plot Title: 3S2G,736,5/14/26 02:45,41.439,
Plot Title: 3S2G,737,5/14/26 03:00,41.254,
Plot Title: 3S2G,738,5/14/26 03:15,41.067,
Plot Title: 3S2G,739,5/14/26 03:30,40.881,
Plot Title: 3S2G,740,5/14/26 03:45,40.696,
Plot Title: 3S2G,741,5/14/26 04:00,40.509,
Plot Title: 3S2G,742,5/14/26 04:15,40.321,
Plot Title: 3S2G,743,5/14/26 04:30,40.134,
Plot Title: 3S2G,744,5/14/26 04:45,39.947,
Plot Title: 3S2G,745,5/14/26 05:00,39.76,
Plot Title: 3S2G,746,5/14/26 05:15,39.573,
Plot Title: 3S2G,747,5/14/26 05:30,39.384,
Plot Title: 3S2G,748,5/14/26 05:45,39.196,
Plot Title: 3S2G,749,5/14/26 06:00,39.384,
Plot Title: 3S2G,750,5/14/26 06:15,39.196,
Plot Title: 3S2G,751,5/14/26 06:30,39.196,
Plot Title: 3S2G,752,5/14/26 06:45,39.573,
Plot Title: 3S2G,753,5/14/26 07:00,39.573,
Plot Title: 3S2G,754,5/14/26 07:15,39.947,
Plot Title: 3S2G,755,5/14/26 07:30,40.134,
Plot Title: 3S2G,756,5/14/26 07:45,40.134,
Plot Title: 3S2G,757,5/14/26 08:00,40.134,
Plot Title: 3S2G,758,5/14/26 08:15,40.321,
Plot Title: 3S2G,759,5/14/26 08:30,40.509,
Plot Title: 3S2G,760,5/14/26 08:45,40.696,
Plot Title: 3S2G,761,5/14/26 09:00,41.067,
Plot Title: 3S2G,762,5/14/26 09:15,41.439,
Plot Title: 3S2G,763,5/14/26 09:30,41.439,
Plot Title: 3S2G,764,5/14/26 09:45,44.195,
Plot Title: 3S2G,765,5/14/26 10:00,50.995,
Plot Title: 3S2G,766,5/14/26 10:15,61.569,
Plot Title: 3S2G,767,5/14/26 10:30,67.05,
Plot Title: 3S2G,768,5/14/26 10:45,69.449,
Plot Title: 3S2G,769,5/14/26 11:00,71.683,
Plot Title: 3S2G,770,5/14/26 11:15,73.926,
Plot Title: 3S2G,771,5/14/26 11:30,76.181,
Plot Title: 3S2G,772,5/14/26 11:45,77.923,
Plot Title: 3S2G,773,5/14/26 12:00,80.029,
Plot Title: 3S2G,774,5/14/26 12:15,82.152,
Plot Title: 3S2G,775,5/14/26 12:30,84.474,
Plot Title: 3S2G,776,5/14/26 12:45,86.097,
Plot Title: 3S2G,777,5/14/26 13:00,87.733,
Plot Title: 3S2G,778,5/14/26 13:15,89.384,
Plot Title: 3S2G,779,5/14/26 13:30,90.124,
Plot Title: 3S2G,780,5/14/26 13:45,89.017,
Plot Title: 3S2G,781,5/14/26 14:00,82.686,
Plot Title: 3S2G,782,5/14/26 14:15,73.407,
Plot Title: 3S2G,783,5/14/26 14:30,68.248,
Plot Title: 3S2G,784,5/14/26 14:45,65.167,
Plot Title: 3S2G,785,5/14/26 15:00,63.282,
Plot Title: 3S2G,786,5/14/26 15:15,62.769,
Plot Title: 3S2G,787,5/14/26 15:30,62.254,
Plot Title: 3S2G,788,5/14/26 15:45,61.912,
Plot Title: 3S2G,789,5/14/26 16:00,61.054,
Plot Title: 3S2G,790,5/14/26 16:15,60.195,
Plot Title: 3S2G,791,5/14/26 16:30,59.337,
Plot Title: 3S2G,792,5/14/26 16:45,58.476,
Plot Title: 3S2G,793,5/14/26 17:00,57.614,
Plot Title: 3S2G,794,5/14/26 17:15,56.923,
Plot Title: 3S2G,795,5/14/26 17:30,56.23,
Plot Title: 3S2G,796,5/14/26 17:45,55.537,
Plot Title: 3S2G,797,5/14/26 18:00,54.842,
Plot Title: 3S2G,798,5/14/26 18:15,54.322,
Plot Title: 3S2G,799,5/14/26 18:30,53.798,
Plot Title: 3S2G,800,5/14/26 18:45,53.449,
Plot Title: 3S2G,801,5/14/26 19:00,53.1,
Plot Title: 3S2G,802,5/14/26 19:15,52.576,
Plot Title: 3S2G,803,5/14/26 19:30,52.225,
Plot Title: 3S2G,804,5/14/26 19:45,51.699,
Plot Title: 3S2G,805,5/14/26 20:00,51.346,
Plot Title: 3S2G,806,5/14/26 20:15,50.819,
Plot Title: 3S2G,807,5/14/26 20:30,50.29,
Plot Title: 3S2G,808,5/14/26 20:45,49.937,
Plot Title: 3S2G,809,5/14/26 21:00,49.582,
Plot Title: 3S2G,810,5/14/26 21:15,49.228,
Plot Title: 3S2G,811,5/14/26 21:30,49.05,
Plot Title: 3S2G,812,5/14/26 21:45,48.695,
Plot Title: 3S2G,813,5/14/26 22:00,48.517,
Plot Title: 3S2G,814,5/14/26 22:15,48.16,
Plot Title: 3S2G,815,5/14/26 22:30,47.982,
Plot Title: 3S2G,816,5/14/26 22:45,47.624,
Plot Title: 3S2G,817,5/14/26 23:00,47.446,
Plot Title: 3S2G,818,5/14/26 23:15,47.266,
Plot Title: 3S2G,819,5/14/26 23:30,46.908,
Plot Title: 3S2G,820,5/14/26 23:45,46.728,
Plot Title: 3S2G,821,5/15/26 00:00,46.369,
Plot Title: 3S2G,822,5/15/26 00:15,46.008,
Plot Title: 3S2G,823,5/15/26 00:30,45.648,
Plot Title: 3S2G,824,5/15/26 00:45,45.286,
Plot Title: 3S2G,825,5/15/26 01:00,44.742,
Plot Title: 3S2G,826,5/15/26 01:15,44.013,
Plot Title: 3S2G,827,5/15/26 01:30,43.648,
Plot Title: 3S2G,828,5/15/26 01:45,43.282,
Plot Title: 3S2G,829,5/15/26 02:00,43.099,
Plot Title: 3S2G,830,5/15/26 02:15,42.732,
Plot Title: 3S2G,831,5/15/26 02:30,42.548,
Plot Title: 3S2G,832,5/15/26 02:45,42.363,
Plot Title: 3S2G,833,5/15/26 03:00,42.179,
Plot Title: 3S2G,834,5/15/26 03:15,41.81,
Plot Title: 3S2G,835,5/15/26 03:30,41.81,
Plot Title: 3S2G,836,5/15/26 03:45,41.625,
Plot Title: 3S2G,837,5/15/26 04:00,41.439,
Plot Title: 3S2G,838,5/15/26 04:15,41.439,
Plot Title: 3S2G,839,5/15/26 04:30,41.254,
Plot Title: 3S2G,840,5/15/26 04:45,41.254,
Plot Title: 3S2G,841,5/15/26 05:00,41.067,
Plot Title: 3S2G,842,5/15/26 05:15,41.067,
Plot Title: 3S2G,843,5/15/26 05:30,40.881,
Plot Title: 3S2G,844,5/15/26 05:45,40.696,
Plot Title: 3S2G,845,5/15/26 06:00,40.696,
Plot Title: 3S2G,846,5/15/26 06:15,40.696,
Plot Title: 3S2G,847,5/15/26 06:30,40.696,
Plot Title: 3S2G,848,5/15/26 06:45,41.067,
Plot Title: 3S2G,849,5/15/26 07:00,41.067,
Plot Title: 3S2G,850,5/15/26 07:15,41.254,
Plot Title: 3S2G,851,5/15/26 07:30,41.81,
Plot Title: 3S2G,852,5/15/26 07:45,41.994,
Plot Title: 3S2G,853,5/15/26 08:00,42.179,
Plot Title: 3S2G,854,5/15/26 08:15,41.994,
Plot Title: 3S2G,855,5/15/26 08:30,42.363,
Plot Title: 3S2G,856,5/15/26 08:45,42.915,
Plot Title: 3S2G,857,5/15/26 09:00,43.648,
Plot Title: 3S2G,858,5/15/26 09:15,44.195,
Plot Title: 3S2G,859,5/15/26 09:30,44.56,
Plot Title: 3S2G,860,5/15/26 09:45,46.369,
Plot Title: 3S2G,861,5/15/26 10:00,57.958,
Plot Title: 3S2G,862,5/15/26 10:15,65.68,
Plot Title: 3S2G,863,5/15/26 10:30,71.339,
Plot Title: 3S2G,864,5/15/26 10:45,75.312,
Plot Title: 3S2G,865,5/15/26 11:00,80.029,
Plot Title: 3S2G,866,5/15/26 11:15,84.474,
Plot Title: 3S2G,867,5/15/26 11:30,87.915,
Plot Title: 3S2G,868,5/15/26 11:45,90.124,
Plot Title: 3S2G,869,5/15/26 12:00,92.174,
Plot Title: 3S2G,870,5/15/26 12:15,94.633,
Plot Title: 3S2G,871,5/15/26 12:30,95.59,
Plot Title: 3S2G,872,5/15/26 12:45,96.748,
Plot Title: 3S2G,873,5/15/26 13:00,97.525,
Plot Title: 3S2G,874,5/15/26 13:15,97.525,
Plot Title: 3S2G,875,5/15/26 13:30,96.942,
Plot Title: 3S2G,876,5/15/26 13:45,97.137,
Plot Title: 3S2G,877,5/15/26 14:00,91.24,
Plot Title: 3S2G,878,5/15/26 14:15,78.274,
Plot Title: 3S2G,879,5/15/26 14:30,72.545,
Plot Title: 3S2G,880,5/15/26 14:45,69.449,
Plot Title: 3S2G,881,5/15/26 15:00,66.879,
Plot Title: 3S2G,882,5/15/26 15:15,64.825,
Plot Title: 3S2G,883,5/15/26 15:30,63.282,
Plot Title: 3S2G,884,5/15/26 15:45,62.083,
Plot Title: 3S2G,885,5/15/26 16:00,61.054,
Plot Title: 3S2G,886,5/15/26 16:15,60.024,
Plot Title: 3S2G,887,5/15/26 16:30,59.508,
Plot Title: 3S2G,888,5/15/26 16:45,58.82,
Plot Title: 3S2G,889,5/15/26 17:00,58.303,
Plot Title: 3S2G,890,5/15/26 17:15,57.785,
Plot Title: 3S2G,891,5/15/26 17:30,57.785,
Plot Title: 3S2G,892,5/15/26 17:45,57.268,
Plot Title: 3S2G,893,5/15/26 18:00,56.75,
Plot Title: 3S2G,894,5/15/26 18:15,56.23,
Plot Title: 3S2G,895,5/15/26 18:30,55.364,
Plot Title: 3S2G,896,5/15/26 18:45,54.495,
Plot Title: 3S2G,897,5/15/26 19:00,53.973,
Plot Title: 3S2G,898,5/15/26 19:15,53.274,
Plot Title: 3S2G,899,5/15/26 19:30,52.75,
Plot Title: 3S2G,900,5/15/26 19:45,52.05,
Plot Title: 3S2G,901,5/15/26 20:00,51.346,
Plot Title: 3S2G,902,5/15/26 20:15,50.819,
Plot Title: 3S2G,903,5/15/26 20:30,50.29,
Plot Title: 3S2G,904,5/15/26 20:45,49.759,
Plot Title: 3S2G,905,5/15/26 21:00,49.228,
Plot Title: 3S2G,906,5/15/26 21:15,48.871,
Plot Title: 3S2G,907,5/15/26 21:30,48.517,
Plot Title: 3S2G,908,5/15/26 21:45,48.16,
Plot Title: 3S2G,909,5/15/26 22:00,47.802,
Plot Title: 3S2G,910,5/15/26 22:15,47.624,
Plot Title: 3S2G,911,5/15/26 22:30,47.266,
Plot Title: 3S2G,912,5/15/26 22:45,47.088,
Plot Title: 3S2G,913,5/15/26 23:00,46.728,
Plot Title: 3S2G,914,5/15/26 23:15,46.548,
Plot Title: 3S2G,915,5/15/26 23:30,46.188,
Plot Title: 3S2G,916,5/15/26 23:45,45.828,
Plot Title: 3S2G,917,5/16/26 00:00,45.648,
Plot Title: 3S2G,918,5/16/26 00:15,45.466,
Plot Title: 3S2G,919,5/16/26 00:30,45.104,
Plot Title: 3S2G,920,5/16/26 00:45,44.922,
Plot Title: 3S2G,921,5/16/26 01:00,44.742,
Plot Title: 3S2G,922,5/16/26 01:15,44.56,
Plot Title: 3S2G,923,5/16/26 01:30,44.379,
Plot Title: 3S2G,924,5/16/26 01:45,44.195,
Plot Title: 3S2G,925,5/16/26 02:00,44.013,
Plot Title: 3S2G,926,5/16/26 02:15,43.648,
Plot Title: 3S2G,927,5/16/26 02:30,43.466,
Plot Title: 3S2G,928,5/16/26 02:45,43.282,
Plot Title: 3S2G,929,5/16/26 03:00,43.282,
Plot Title: 3S2G,930,5/16/26 03:15,43.099,
Plot Title: 3S2G,931,5/16/26 03:30,42.915,
Plot Title: 3S2G,932,5/16/26 03:45,42.548,
Plot Title: 3S2G,933,5/16/26 04:00,42.548,
Plot Title: 3S2G,934,5/16/26 04:15,42.548,
Plot Title: 3S2G,935,5/16/26 04:30,42.548,
Plot Title: 3S2G,936,5/16/26 04:45,42.548,
Plot Title: 3S2G,937,5/16/26 05:00,42.548,
Plot Title: 3S2G,938,5/16/26 05:15,42.363,
Plot Title: 3S2G,939,5/16/26 05:30,42.363,
Plot Title: 3S2G,940,5/16/26 05:45,42.179,
Plot Title: 3S2G,941,5/16/26 06:00,42.179,
Plot Title: 3S2G,942,5/16/26 06:15,42.179,
Plot Title: 3S2G,943,5/16/26 06:30,42.179,
Plot Title: 3S2G,944,5/16/26 06:45,42.363,
Plot Title: 3S2G,945,5/16/26 07:00,42.548,
Plot Title: 3S2G,946,5/16/26 07:15,42.732,
Plot Title: 3S2G,947,5/16/26 07:30,42.915,
Plot Title: 3S2G,948,5/16/26 07:45,43.099,
Plot Title: 3S2G,949,5/16/26 08:00,43.282,
Plot Title: 3S2G,950,5/16/26 08:15,43.466,
Plot Title: 3S2G,951,5/16/26 08:30,44.013,
Plot Title: 3S2G,952,5/16/26 08:45,44.56,
Plot Title: 3S2G,953,5/16/26 09:00,45.466,
Plot Title: 3S2G,954,5/16/26 09:15,46.728,
Plot Title: 3S2G,955,5/16/26 09:30,46.548,
Plot Title: 3S2G,956,5/16/26 09:45,46.008,
Plot Title: 3S2G,957,5/16/26 10:00,47.266,
Plot Title: 3S2G,958,5/16/26 10:15,46.908,
Plot Title: 3S2G,959,5/16/26 10:30,47.088,
Plot Title: 3S2G,960,5/16/26 10:45,47.802,
Plot Title: 3S2G,961,5/16/26 11:00,49.937,
Plot Title: 3S2G,962,5/16/26 11:15,51.172,
Plot Title: 3S2G,963,5/16/26 11:30,51.346,
Plot Title: 3S2G,964,5/16/26 11:45,55.884,
Plot Title: 3S2G,965,5/16/26 12:00,54.495,
Plot Title: 3S2G,966,5/16/26 12:15,56.23,
Plot Title: 3S2G,967,5/16/26 12:30,54.669,
Plot Title: 3S2G,968,5/16/26 12:45,54.147,
Plot Title: 3S2G,969,5/16/26 13:00,52.576,
Plot Title: 3S2G,970,5/16/26 13:15,52.576,
Plot Title: 3S2G,971,5/16/26 13:30,50.995,
Plot Title: 3S2G,972,5/16/26 13:45,50.643,
Plot Title: 3S2G,973,5/16/26 14:00,51.346,
Plot Title: 3S2G,974,5/16/26 14:15,50.995,
Plot Title: 3S2G,975,5/16/26 14:30,50.113,
Plot Title: 3S2G,976,5/16/26 14:45,49.937,
Plot Title: 3S2G,977,5/16/26 15:00,48.695,
Plot Title: 3S2G,978,5/16/26 15:15,46.188,
Plot Title: 3S2G,979,5/16/26 15:30,44.56,
Plot Title: 3S2G,980,5/16/26 15:45,43.831,
Plot Title: 3S2G,981,5/16/26 16:00,43.099,
Plot Title: 3S2G,982,5/16/26 16:15,42.732,
Plot Title: 3S2G,983,5/16/26 16:30,42.363,
Plot Title: 3S2G,984,5/16/26 16:45,42.179,
Plot Title: 3S2G,985,5/16/26 17:00,41.994,
Plot Title: 3S2G,986,5/16/26 17:15,41.81,
Plot Title: 3S2G,987,5/16/26 17:30,41.625,
Plot Title: 3S2G,988,5/16/26 17:45,41.254,
Plot Title: 3S2G,989,5/16/26 18:00,41.067,
Plot Title: 3S2G,990,5/16/26 18:15,40.881,
Plot Title: 3S2G,991,5/16/26 18:30,40.696,
Plot Title: 3S2G,992,5/16/26 18:45,40.509,
Plot Title: 3S2G,993,5/16/26 19:00,40.321,
Plot Title: 3S2G,994,5/16/26 19:15,40.134,
Plot Title: 3S2G,995,5/16/26 19:30,39.947,
Plot Title: 3S2G,996,5/16/26 19:45,39.947,
Plot Title: 3S2G,997,5/16/26 20:00,39.76,
Plot Title: 3S2G,998,5/16/26 20:15,39.76,
Plot Title: 3S2G,999,5/16/26 20:30,39.573,
Plot Title: 3S2G,1000,5/16/26 20:45,39.384,
Plot Title: 3S2G,1001,5/16/26 21:00,39.384,
Plot Title: 3S2G,1002,5/16/26 21:15,39.196,
Plot Title: 3S2G,1003,5/16/26 21:30,39.196,
Plot Title: 3S2G,1004,5/16/26 21:45,39.007,
Plot Title: 3S2G,1005,5/16/26 22:00,39.007,
Plot Title: 3S2G,1006,5/16/26 22:15,38.818,
Plot Title: 3S2G,1007,5/16/26 22:30,38.818,
Plot Title: 3S2G,1008,5/16/26 22:45,38.818,
Plot Title: 3S2G,1009,5/16/26 23:00,38.629,
Plot Title: 3S2G,1010,5/16/26 23:15,38.629,
Plot Title: 3S2G,1011,5/16/26 23:30,38.44,
Plot Title: 3S2G,1012,5/16/26 23:45,38.44,
Plot Title: 3S2G,1013,5/17/26 00:00,38.44,
Plot Title: 3S2G,1014,5/17/26 00:15,38.25,
Plot Title: 3S2G,1015,5/17/26 00:30,38.25,
Plot Title: 3S2G,1016,5/17/26 00:45,38.25,
Plot Title: 3S2G,1017,5/17/26 01:00,38.25,
Plot Title: 3S2G,1018,5/17/26 01:15,38.061,
Plot Title: 3S2G,1019,5/17/26 01:30,38.061,
Plot Title: 3S2G,1020,5/17/26 01:45,38.061,
Plot Title: 3S2G,1021,5/17/26 02:00,38.061,
Plot Title: 3S2G,1022,5/17/26 02:15,38.061,
Plot Title: 3S2G,1023,5/17/26 02:30,38.061,
Plot Title: 3S2G,1024,5/17/26 02:45,37.87,
Plot Title: 3S2G,1025,5/17/26 03:00,37.87,
Plot Title: 3S2G,1026,5/17/26 03:15,37.87,
Plot Title: 3S2G,1027,5/17/26 03:30,37.87,
Plot Title: 3S2G,1028,5/17/26 03:45,37.87,
Plot Title: 3S2G,1029,5/17/26 04:00,37.87,
Plot Title: 3S2G,1030,5/17/26 04:15,37.87,
Plot Title: 3S2G,1031,5/17/26 04:30,37.87,
Plot Title: 3S2G,1032,5/17/26 04:45,37.679,
Plot Title: 3S2G,1033,5/17/26 05:00,37.679,
Plot Title: 3S2G,1034,5/17/26 05:15,37.679,
Plot Title: 3S2G,1035,5/17/26 05:30,37.679,
Plot Title: 3S2G,1036,5/17/26 05:45,37.679,
Plot Title: 3S2G,1037,5/17/26 06:00,37.488,
Plot Title: 3S2G,1038,5/17/26 06:15,37.488,
Plot Title: 3S2G,1039,5/17/26 06:30,37.488,
Plot Title: 3S2G,1040,5/17/26 06:45,37.488,
Plot Title: 3S2G,1041,5/17/26 07:00,37.488,
Plot Title: 3S2G,1042,5/17/26 07:15,37.297,
Plot Title: 3S2G,1043,5/17/26 07:30,37.297,
Plot Title: 3S2G,1044,5/17/26 07:45,37.297,
Plot Title: 3S2G,1045,5/17/26 08:00,37.297,
Plot Title: 3S2G,1046,5/17/26 08:15,37.297,
Plot Title: 3S2G,1047,5/17/26 08:30,37.297,
Plot Title: 3S2G,1048,5/17/26 08:45,37.297,
Plot Title: 3S2G,1049,5/17/26 09:00,37.297,
Plot Title: 3S2G,1050,5/17/26 09:15,37.297,
Plot Title: 3S2G,1051,5/17/26 09:30,37.107,
Plot Title: 3S2G,1052,5/17/26 09:45,37.107,
Plot Title: 3S2G,1053,5/17/26 10:00,37.107,
Plot Title: 3S2G,1054,5/17/26 10:15,37.107,
Plot Title: 3S2G,1055,5/17/26 10:30,37.107,
Plot Title: 3S2G,1056,5/17/26 10:45,37.107,
Plot Title: 3S2G,1057,5/17/26 11:00,37.107,
Plot Title: 3S2G,1058,5/17/26 11:15,36.914,
Plot Title: 3S2G,1059,5/17/26 11:30,36.914,
Plot Title: 3S2G,1060,5/17/26 11:45,36.914,
Plot Title: 3S2G,1061,5/17/26 12:00,37.107,
Plot Title: 3S2G,1062,5/17/26 12:15,36.914,
Plot Title: 3S2G,1063,5/17/26 12:30,36.914,
Plot Title: 3S2G,1064,5/17/26 12:45,36.914,
Plot Title: 3S2G,1065,5/17/26 13:00,36.914,
Plot Title: 3S2G,1066,5/17/26 13:15,36.914,
Plot Title: 3S2G,1067,5/17/26 13:30,36.723,
Plot Title: 3S2G,1068,5/17/26 13:45,36.531,
Plot Title: 3S2G,1069,5/17/26 14:00,36.531,
Plot Title: 3S2G,1070,5/17/26 14:15,36.531,
Plot Title: 3S2G,1071,5/17/26 14:30,36.531,
Plot Title: 3S2G,1072,5/17/26 14:45,36.531,
Plot Title: 3S2G,1073,5/17/26 15:00,36.531,
Plot Title: 3S2G,1074,5/17/26 15:15,36.338,
Plot Title: 3S2G,1075,5/17/26 15:30,36.338,
Plot Title: 3S2G,1076,5/17/26 15:45,36.338,
Plot Title: 3S2G,1077,5/17/26 16:00,36.338,
Plot Title: 3S2G,1078,5/17/26 16:15,36.338,
Plot Title: 3S2G,1079,5/17/26 16:30,36.338,
Plot Title: 3S2G,1080,5/17/26 16:45,36.338,
Plot Title: 3S2G,1081,5/17/26 17:00,36.338,
Plot Title: 3S2G,1082,5/17/26 17:15,36.338,
Plot Title: 3S2G,1083,5/17/26 17:30,36.338,
Plot Title: 3S2G,1084,5/17/26 17:45,36.338,
Plot Title: 3S2G,1085,5/17/26 18:00,36.338,
Plot Title: 3S2G,1086,5/17/26 18:15,36.338,
Plot Title: 3S2G,1087,5/17/26 18:30,36.338,
Plot Title: 3S2G,1088,5/17/26 18:45,36.338,
Plot Title: 3S2G,1089,5/17/26 19:00,36.338,
Plot Title: 3S2G,1090,5/17/26 19:15,36.338,
Plot Title: 3S2G,1091,5/17/26 19:30,36.338,
Plot Title: 3S2G,1092,5/17/26 19:45,36.338,
Plot Title: 3S2G,1093,5/17/26 20:00,36.338,
Plot Title: 3S2G,1094,5/17/26 20:15,36.338,
Plot Title: 3S2G,1095,5/17/26 20:30,36.338,
Plot Title: 3S2G,1096,5/17/26 20:45,36.338,
Plot Title: 3S2G,1097,5/17/26 21:00,36.338,
Plot Title: 3S2G,1098,5/17/26 21:15,36.338,
Plot Title: 3S2G,1099,5/17/26 21:30,36.338,
Plot Title: 3S2G,1100,5/17/26 21:45,36.338,
Plot Title: 3S2G,1101,5/17/26 22:00,36.338,
Plot Title: 3S2G,1102,5/17/26 22:15,36.338,
Plot Title: 3S2G,1103,5/17/26 22:30,36.338,
Plot Title: 3S2G,1104,5/17/26 22:45,36.338,
Plot Title: 3S2G,1105,5/17/26 23:00,36.338,
Plot Title: 3S2G,1106,5/17/26 23:15,36.338,
Plot Title: 3S2G,1107,5/17/26 23:30,36.338,
Plot Title: 3S2G,1108,5/17/26 23:45,36.145,
Plot Title: 3S2G,1109,5/18/26 00:00,36.145,
Plot Title: 3S2G,1110,5/18/26 00:15,36.145,
Plot Title: 3S2G,1111,5/18/26 00:30,36.145,
Plot Title: 3S2G,1112,5/18/26 00:45,36.145,
Plot Title: 3S2G,1113,5/18/26 01:00,35.951,
Plot Title: 3S2G,1114,5/18/26 01:15,35.951,
Plot Title: 3S2G,1115,5/18/26 01:30,35.758,
Plot Title: 3S2G,1116,5/18/26 01:45,35.758,
Plot Title: 3S2G,1117,5/18/26 02:00,35.758,
Plot Title: 3S2G,1118,5/18/26 02:15,35.758,
Plot Title: 3S2G,1119,5/18/26 02:30,35.564,
Plot Title: 3S2G,1120,5/18/26 02:45,35.564,
Plot Title: 3S2G,1121,5/18/26 03:00,35.564,
Plot Title: 3S2G,1122,5/18/26 03:15,35.564,
Plot Title: 3S2G,1123,5/18/26 03:30,35.564,
Plot Title: 3S2G,1124,5/18/26 03:45,35.564,
Plot Title: 3S2G,1125,5/18/26 04:00,35.564,
Plot Title: 3S2G,1126,5/18/26 04:15,35.37,
Plot Title: 3S2G,1127,5/18/26 04:30,35.37,
Plot Title: 3S2G,1128,5/18/26 04:45,35.37,
Plot Title: 3S2G,1129,5/18/26 05:00,35.37,
Plot Title: 3S2G,1130,5/18/26 05:15,35.37,
Plot Title: 3S2G,1131,5/18/26 05:30,35.37,
Plot Title: 3S2G,1132,5/18/26 05:45,35.37,
Plot Title: 3S2G,1133,5/18/26 06:00,35.37,
Plot Title: 3S2G,1134,5/18/26 06:15,35.175,
Plot Title: 3S2G,1135,5/18/26 06:30,35.175,
Plot Title: 3S2G,1136,5/18/26 06:45,35.175,
Plot Title: 3S2G,1137,5/18/26 07:00,35.175,
Plot Title: 3S2G,1138,5/18/26 07:15,35.175,
Plot Title: 3S2G,1139,5/18/26 07:30,35.175,
Plot Title: 3S2G,1140,5/18/26 07:45,35.175,
Plot Title: 3S2G,1141,5/18/26 08:00,35.175,
Plot Title: 3S2G,1142,5/18/26 08:15,35.175,
Plot Title: 3S2G,1143,5/18/26 08:30,35.175,
Plot Title: 3S2G,1144,5/18/26 08:45,34.981,
Plot Title: 3S2G,1145,5/18/26 09:00,34.981,
Plot Title: 3S2G,1146,5/18/26 09:15,34.981,
Plot Title: 3S2G,1147,5/18/26 09:30,34.981,
Plot Title: 3S2G,1148,5/18/26 09:45,34.981,
Plot Title: 3S2G,1149,5/18/26 10:00,34.981,
Plot Title: 3S2G,1150,5/18/26 10:15,34.981,
Plot Title: 3S2G,1151,5/18/26 10:30,34.981,
Plot Title: 3S2G,1152,5/18/26 10:45,34.981,
Plot Title: 3S2G,1153,5/18/26 11:00,35.175,
Plot Title: 3S2G,1154,5/18/26 11:15,35.175,
Plot Title: 3S2G,1155,5/18/26 11:30,35.175,
Plot Title: 3S2G,1156,5/18/26 11:45,35.37,
Plot Title: 3S2G,1157,5/18/26 12:00,35.37,
Plot Title: 3S2G,1158,5/18/26 12:15,35.37,
Plot Title: 3S2G,1159,5/18/26 12:30,35.564,
Plot Title: 3S2G,1160,5/18/26 12:45,35.564,
Plot Title: 3S2G,1161,5/18/26 13:00,35.564,
Plot Title: 3S2G,1162,5/18/26 13:15,35.564,
Plot Title: 3S2G,1163,5/18/26 13:30,35.758,
Plot Title: 3S2G,1164,5/18/26 13:45,35.758,
Plot Title: 3S2G,1165,5/18/26 14:00,35.951,
Plot Title: 3S2G,1166,5/18/26 14:15,35.951,
Plot Title: 3S2G,1167,5/18/26 14:30,35.951,
Plot Title: 3S2G,1168,5/18/26 14:45,35.951,
Plot Title: 3S2G,1169,5/18/26 15:00,35.951,
Plot Title: 3S2G,1170,5/18/26 15:15,36.145,
Plot Title: 3S2G,1171,5/18/26 15:30,36.145,
Plot Title: 3S2G,1172,5/18/26 15:45,36.145,
Plot Title: 3S2G,1173,5/18/26 16:00,36.145,
Plot Title: 3S2G,1174,5/18/26 16:15,35.951,
Plot Title: 3S2G,1175,5/18/26 16:30,35.951,
Plot Title: 3S2G,1176,5/18/26 16:45,35.951,
Plot Title: 3S2G,1177,5/18/26 17:00,35.951,
Plot Title: 3S2G,1178,5/18/26 17:15,35.951,
Plot Title: 3S2G,1179,5/18/26 17:30,35.951,
Plot Title: 3S2G,1180,5/18/26 17:45,35.758,
Plot Title: 3S2G,1181,5/18/26 18:00,35.951,
Plot Title: 3S2G,1182,5/18/26 18:15,35.758,
Plot Title: 3S2G,1183,5/18/26 18:30,35.758,
Plot Title: 3S2G,1184,5/18/26 18:45,35.758,
Plot Title: 3S2G,1185,5/18/26 19:00,35.758,
Plot Title: 3S2G,1186,5/18/26 19:15,35.758,
Plot Title: 3S2G,1187,5/18/26 19:30,35.758,
Plot Title: 3S2G,1188,5/18/26 19:45,35.758,
Plot Title: 3S2G,1189,5/18/26 20:00,35.758,
Plot Title: 3S2G,1190,5/18/26 20:15,35.758,
Plot Title: 3S2G,1191,5/18/26 20:30,35.564,
Plot Title: 3S2G,1192,5/18/26 20:45,35.564,
Plot Title: 3S2G,1193,5/18/26 21:00,35.564,
Plot Title: 3S2G,1194,5/18/26 21:15,35.564,
Plot Title: 3S2G,1195,5/18/26 21:30,35.37,
Plot Title: 3S2G,1196,5/18/26 21:45,35.37,
Plot Title: 3S2G,1197,5/18/26 22:00,35.175,
Plot Title: 3S2G,1198,5/18/26 22:15,35.175,
Plot Title: 3S2G,1199,5/18/26 22:30,34.981,
Plot Title: 3S2G,1200,5/18/26 22:45,34.981,
Plot Title: 3S2G,1201,5/18/26 23:00,34.981,
Plot Title: 3S2G,1202,5/18/26 23:15,34.981,
Plot Title: 3S2G,1203,5/18/26 23:30,34.786,
Plot Title: 3S2G,1204,5/18/26 23:45,34.786,
Plot Title: 3S2G,1205,5/19/26 00:00,34.786,
Plot Title: 3S2G,1206,5/19/26 00:15,34.59,
Plot Title: 3S2G,1207,5/19/26 00:30,34.59,
Plot Title: 3S2G,1208,5/19/26 00:45,34.59,
Plot Title: 3S2G,1209,5/19/26 01:00,34.59,
Plot Title: 3S2G,1210,5/19/26 01:15,34.59,
Plot Title: 3S2G,1211,5/19/26 01:30,34.394,
Plot Title: 3S2G,1212,5/19/26 01:45,34.394,
Plot Title: 3S2G,1213,5/19/26 02:00,34.394,
Plot Title: 3S2G,1214,5/19/26 02:15,34.198,
Plot Title: 3S2G,1215,5/19/26 02:30,34.198,
Plot Title: 3S2G,1216,5/19/26 02:45,34.198,
Plot Title: 3S2G,1217,5/19/26 03:00,34.198,
Plot Title: 3S2G,1218,5/19/26 03:15,34.002,
Plot Title: 3S2G,1219,5/19/26 03:30,34.002,
Plot Title: 3S2G,1220,5/19/26 03:45,34.002,
Plot Title: 3S2G,1221,5/19/26 04:00,33.805,
Plot Title: 3S2G,1222,5/19/26 04:15,33.805,
Plot Title: 3S2G,1223,5/19/26 04:30,33.805,
Plot Title: 3S2G,1224,5/19/26 04:45,33.607,
Plot Title: 3S2G,1225,5/19/26 05:00,33.607,
Plot Title: 3S2G,1226,5/19/26 05:15,33.607,
Plot Title: 3S2G,1227,5/19/26 05:30,33.411,
Plot Title: 3S2G,1228,5/19/26 05:45,33.411,
Plot Title: 3S2G,1229,5/19/26 06:00,33.213,
Plot Title: 3S2G,1230,5/19/26 06:15,33.213,
Plot Title: 3S2G,1231,5/19/26 06:30,33.213,
Plot Title: 3S2G,1232,5/19/26 06:45,33.213,
Plot Title: 3S2G,1233,5/19/26 07:00,33.013,
Plot Title: 3S2G,1234,5/19/26 07:15,33.013,
Plot Title: 3S2G,1235,5/19/26 07:30,33.013,
Plot Title: 3S2G,1236,5/19/26 07:45,33.013,
Plot Title: 3S2G,1237,5/19/26 08:00,33.013,
Plot Title: 3S2G,1238,5/19/26 08:15,33.013,
Plot Title: 3S2G,1239,5/19/26 08:30,33.013,
Plot Title: 3S2G,1240,5/19/26 08:45,33.213,
Plot Title: 3S2G,1241,5/19/26 09:00,33.213,
Plot Title: 3S2G,1242,5/19/26 09:15,33.411,
Plot Title: 3S2G,1243,5/19/26 09:30,33.411,
Plot Title: 3S2G,1244,5/19/26 09:45,33.411,
Plot Title: 3S2G,1245,5/19/26 10:00,33.411,
Plot Title: 3S2G,1246,5/19/26 10:15,33.805,
Plot Title: 3S2G,1247,5/19/26 10:30,34.198,
Plot Title: 3S2G,1248,5/19/26 10:45,35.175,
Plot Title: 3S2G,1249,5/19/26 11:00,35.951,
Plot Title: 3S2G,1250,5/19/26 11:15,40.696,
Plot Title: 3S2G,1251,5/19/26 11:30,50.819,
Plot Title: 3S2G,1252,5/19/26 11:45,59.508,
Plot Title: 3S2G,1253,5/19/26 12:00,57.441,
Plot Title: 3S2G,1254,5/19/26 12:15,62.254,
Plot Title: 3S2G,1255,5/19/26 12:30,65.68,
Plot Title: 3S2G,1256,5/19/26 12:45,65.68,
Plot Title: 3S2G,1257,5/19/26 13:00,65.338,
Plot Title: 3S2G,1258,5/19/26 13:15,63.455,
Plot Title: 3S2G,1259,5/19/26 13:30,59.851,
Plot Title: 3S2G,1260,5/19/26 13:45,58.82,
Plot Title: 3S2G,1261,5/19/26 14:00,56.577,
Plot Title: 3S2G,1262,5/19/26 14:15,55.189,
Plot Title: 3S2G,1263,5/19/26 14:30,53.449,
Plot Title: 3S2G,1264,5/19/26 14:45,52.576,
Plot Title: 3S2G,1265,5/19/26 15:00,51.699,
Plot Title: 3S2G,1266,5/19/26 15:15,51.172,
Plot Title: 3S2G,1267,5/19/26 15:30,50.995,
Plot Title: 3S2G,1268,5/19/26 15:45,50.466,
Plot Title: 3S2G,1269,5/19/26 16:00,49.937,
Plot Title: 3S2G,1270,5/19/26 16:15,49.05,
Plot Title: 3S2G,1271,5/19/26 16:30,48.871,
Plot Title: 3S2G,1272,5/19/26 16:45,47.982,
Plot Title: 3S2G,1273,5/19/26 17:00,46.908,
Plot Title: 3S2G,1274,5/19/26 17:15,46.728,
Plot Title: 3S2G,1275,5/19/26 17:30,46.908,
Plot Title: 3S2G,1276,5/19/26 17:45,46.908,
Plot Title: 3S2G,1277,5/19/26 18:00,46.369,
Plot Title: 3S2G,1278,5/19/26 18:15,45.828,
Plot Title: 3S2G,1279,5/19/26 18:30,45.466,
Plot Title: 3S2G,1280,5/19/26 18:45,45.104,
Plot Title: 3S2G,1281,5/19/26 19:00,44.742,
Plot Title: 3S2G,1282,5/19/26 19:15,44.379,
Plot Title: 3S2G,1283,5/19/26 19:30,43.648,
Plot Title: 3S2G,1284,5/19/26 19:45,43.099,
Plot Title: 3S2G,1285,5/19/26 20:00,42.548,
Plot Title: 3S2G,1286,5/19/26 20:15,42.179,
Plot Title: 3S2G,1287,5/19/26 20:30,41.81,
Plot Title: 3S2G,1288,5/19/26 20:45,41.439,
Plot Title: 3S2G,1289,5/19/26 21:00,41.067,
Plot Title: 3S2G,1290,5/19/26 21:15,40.321,
Plot Title: 3S2G,1291,5/19/26 21:30,39.76,
Plot Title: 3S2G,1292,5/19/26 21:45,39.196,
Plot Title: 3S2G,1293,5/19/26 22:00,38.818,
Plot Title: 3S2G,1294,5/19/26 22:15,38.629,
Plot Title: 3S2G,1295,5/19/26 22:30,38.25,
Plot Title: 3S2G,1296,5/19/26 22:45,38.061,
Plot Title: 3S2G,1297,5/19/26 23:00,37.87,
Plot Title: 3S2G,1298,5/19/26 23:15,37.87,
Plot Title: 3S2G,1299,5/19/26 23:30,37.488,
Plot Title: 3S2G,1300,5/19/26 23:45,37.488,
Plot Title: 3S2G,1301,5/20/26 00:00,37.679,
Plot Title: 3S2G,1302,5/20/26 00:15,37.87,
Plot Title: 3S2G,1303,5/20/26 00:30,37.679,
Plot Title: 3S2G,1304,5/20/26 00:45,37.297,
Plot Title: 3S2G,1305,5/20/26 01:00,36.723,
Plot Title: 3S2G,1306,5/20/26 01:15,36.723,
Plot Title: 3S2G,1307,5/20/26 01:30,36.531,
Plot Title: 3S2G,1308,5/20/26 01:45,36.723,
Plot Title: 3S2G,1309,5/20/26 02:00,36.531,
Plot Title: 3S2G,1310,5/20/26 02:15,36.338,
Plot Title: 3S2G,1311,5/20/26 02:30,36.145,
Plot Title: 3S2G,1312,5/20/26 02:45,35.758,
Plot Title: 3S2G,1313,5/20/26 03:00,35.951,
Plot Title: 3S2G,1314,5/20/26 03:15,35.951,
Plot Title: 3S2G,1315,5/20/26 03:30,35.758,
Plot Title: 3S2G,1316,5/20/26 03:45,35.758,
Plot Title: 3S2G,1317,5/20/26 04:00,35.758,
Plot Title: 3S2G,1318,5/20/26 04:15,35.564,
Plot Title: 3S2G,1319,5/20/26 04:30,35.564,
Plot Title: 3S2G,1320,5/20/26 04:45,35.37,
Plot Title: 3S2G,1321,5/20/26 05:00,35.37,
Plot Title: 3S2G,1322,5/20/26 05:15,35.37,
Plot Title: 3S2G,1323,5/20/26 05:30,35.175,
Plot Title: 3S2G,1324,5/20/26 05:45,35.175,
Plot Title: 3S2G,1325,5/20/26 06:00,35.175,
Plot Title: 3S2G,1326,5/20/26 06:15,34.981,
Plot Title: 3S2G,1327,5/20/26 06:30,34.981,
Plot Title: 3S2G,1328,5/20/26 06:45,34.981,
Plot Title: 3S2G,1329,5/20/26 07:00,34.981,
Plot Title: 3S2G,1330,5/20/26 07:15,34.981,
Plot Title: 3S2G,1331,5/20/26 07:30,34.981,
Plot Title: 3S2G,1332,5/20/26 07:45,34.981,
Plot Title: 3S2G,1333,5/20/26 08:00,35.175,
Plot Title: 3S2G,1334,5/20/26 08:15,35.175,
Plot Title: 3S2G,1335,5/20/26 08:30,35.37,
Plot Title: 3S2G,1336,5/20/26 08:45,35.951,
Plot Title: 3S2G,1337,5/20/26 09:00,37.679,
Plot Title: 3S2G,1338,5/20/26 09:15,39.196,
Plot Title: 3S2G,1339,5/20/26 09:30,40.509,
Plot Title: 3S2G,1340,5/20/26 09:45,41.81,
Plot Title: 3S2G,1341,5/20/26 10:00,50.113,
Plot Title: 3S2G,1342,5/20/26 10:15,49.05,
Plot Title: 3S2G,1343,5/20/26 10:30,47.624,
Plot Title: 3S2G,1344,5/20/26 10:45,50.995,
Plot Title: 3S2G,1345,5/20/26 11:00,52.576,
Plot Title: 3S2G,1346,5/20/26 11:15,49.05,
Plot Title: 3S2G,1347,5/20/26 11:30,49.582,
Plot Title: 3S2G,1348,5/20/26 11:45,52.925,
Plot Title: 3S2G,1349,5/20/26 12:00,50.113,
Plot Title: 3S2G,1350,5/20/26 12:15,54.842,
Plot Title: 3S2G,1351,5/20/26 12:30,52.225,
Plot Title: 3S2G,1352,5/20/26 12:45,59.337,
Plot Title: 3S2G,1353,5/20/26 13:00,62.769,
Plot Title: 3S2G,1354,5/20/26 13:15,56.23,
Plot Title: 3S2G,1355,5/20/26 13:30,55.364,
Plot Title: 3S2G,1356,5/20/26 13:45,63.626,
Plot Title: 3S2G,1357,5/20/26 14:00,58.476,
Plot Title: 3S2G,1358,5/20/26 14:15,54.495,
Plot Title: 3S2G,1359,5/20/26 14:30,53.623,
Plot Title: 3S2G,1360,5/20/26 14:45,52.225,
Plot Title: 3S2G,1361,5/20/26 15:00,51.699,
Plot Title: 3S2G,1362,5/20/26 15:15,51.346,
Plot Title: 3S2G,1363,5/20/26 15:30,50.643,
Plot Title: 3S2G,1364,5/20/26 15:45,51.172,
Plot Title: 3S2G,1365,5/20/26 16:00,50.995,
Plot Title: 3S2G,1366,5/20/26 16:15,50.466,
Plot Title: 3S2G,1367,5/20/26 16:30,50.113,
Plot Title: 3S2G,1368,5/20/26 16:45,49.759,
Plot Title: 3S2G,1369,5/20/26 17:00,48.871,
Plot Title: 3S2G,1370,5/20/26 17:15,48.517,
Plot Title: 3S2G,1371,5/20/26 17:30,48.16,
Plot Title: 3S2G,1372,5/20/26 17:45,48.339,
Plot Title: 3S2G,1373,5/20/26 18:00,47.802,
Plot Title: 3S2G,1374,5/20/26 18:15,47.624,
Plot Title: 3S2G,1375,5/20/26 18:30,47.446,
Plot Title: 3S2G,1376,5/20/26 18:45,47.446,
Plot Title: 3S2G,1377,5/20/26 19:00,46.728,
Plot Title: 3S2G,1378,5/20/26 19:15,45.648,
Plot Title: 3S2G,1379,5/20/26 19:30,44.922,
Plot Title: 3S2G,1380,5/20/26 19:45,44.013,
Plot Title: 3S2G,1381,5/20/26 20:00,43.282,
Plot Title: 3S2G,1382,5/20/26 20:15,42.732,
Plot Title: 3S2G,1383,5/20/26 20:30,42.179,
Plot Title: 3S2G,1384,5/20/26 20:45,41.81,
Plot Title: 3S2G,1385,5/20/26 21:00,40.881,
Plot Title: 3S2G,1386,5/20/26 21:15,39.76,
Plot Title: 3S2G,1387,5/20/26 21:30,39.384,
Plot Title: 3S2G,1388,5/20/26 21:45,39.384,
Plot Title: 3S2G,1389,5/20/26 22:00,39.196,
Plot Title: 3S2G,1390,5/20/26 22:15,39.007,
Plot Title: 3S2G,1391,5/20/26 22:30,38.818,
Plot Title: 3S2G,1392,5/20/26 22:45,38.629,
Plot Title: 3S2G,1393,5/20/26 23:00,38.44,
Plot Title: 3S2G,1394,5/20/26 23:15,38.44,
Plot Title: 3S2G,1395,5/20/26 23:30,38.25,
Plot Title: 3S2G,1396,5/20/26 23:45,38.061,
Plot Title: 3S2G,1397,5/21/26 00:00,38.061,
Plot Title: 3S2G,1398,5/21/26 00:15,37.87,
Plot Title: 3S2G,1399,5/21/26 00:30,37.87,
Plot Title: 3S2G,1400,5/21/26 00:45,37.679,
Plot Title: 3S2G,1401,5/21/26 01:00,37.679,
Plot Title: 3S2G,1402,5/21/26 01:15,37.679,
Plot Title: 3S2G,1403,5/21/26 01:30,37.488,
Plot Title: 3S2G,1404,5/21/26 01:45,37.488,
Plot Title: 3S2G,1405,5/21/26 02:00,37.488,
Plot Title: 3S2G,1406,5/21/26 02:15,37.297,
Plot Title: 3S2G,1407,5/21/26 02:30,37.297,
Plot Title: 3S2G,1408,5/21/26 02:45,37.297,
Plot Title: 3S2G,1409,5/21/26 03:00,37.107,
Plot Title: 3S2G,1410,5/21/26 03:15,37.107,
Plot Title: 3S2G,1411,5/21/26 03:30,37.107,
Plot Title: 3S2G,1412,5/21/26 03:45,37.107,
Plot Title: 3S2G,1413,5/21/26 04:00,36.914,
Plot Title: 3S2G,1414,5/21/26 04:15,36.914,
Plot Title: 3S2G,1415,5/21/26 04:30,36.914,
Plot Title: 3S2G,1416,5/21/26 04:45,36.914,
Plot Title: 3S2G,1417,5/21/26 05:00,36.914,
Plot Title: 3S2G,1418,5/21/26 05:15,36.723,
Plot Title: 3S2G,1419,5/21/26 05:30,36.723,
Plot Title: 3S2G,1420,5/21/26 05:45,36.723,
Plot Title: 3S2G,1421,5/21/26 06:00,36.723,
Plot Title: 3S2G,1422,5/21/26 06:15,36.723,
Plot Title: 3S2G,1423,5/21/26 06:30,36.531,
Plot Title: 3S2G,1424,5/21/26 06:45,36.531,
Plot Title: 3S2G,1425,5/21/26 07:00,36.531,
Plot Title: 3S2G,1426,5/21/26 07:15,36.531,
Plot Title: 3S2G,1427,5/21/26 07:30,36.531,
Plot Title: 3S2G,1428,5/21/26 07:45,36.531,
Plot Title: 3S2G,1429,5/21/26 08:00,36.531,
Plot Title: 3S2G,1430,5/21/26 08:15,36.338,
Plot Title: 3S2G,1431,5/21/26 08:30,36.338,
Plot Title: 3S2G,1432,5/21/26 08:45,36.338,
Plot Title: 3S2G,1433,5/21/26 09:00,36.338,
Plot Title: 3S2G,1434,5/21/26 09:15,36.338,
Plot Title: 3S2G,1435,5/21/26 09:30,36.338,
Plot Title: 3S2G,1436,5/21/26 09:45,36.338,
Plot Title: 3S2G,1437,5/21/26 10:00,36.145,
Plot Title: 3S2G,1438,5/21/26 10:15,36.145,
Plot Title: 3S2G,1439,5/21/26 10:30,36.145,
Plot Title: 3S2G,1440,5/21/26 10:45,36.145,
Plot Title: 3S2G,1441,5/21/26 11:00,36.145,
Plot Title: 3S2G,1442,5/21/26 11:15,36.145,
Plot Title: 3S2G,1443,5/21/26 11:30,36.145,
Plot Title: 3S2G,1444,5/21/26 11:45,36.145,
Plot Title: 3S2G,1445,5/21/26 12:00,35.951,
Plot Title: 3S2G,1446,5/21/26 12:15,35.951,
Plot Title: 3S2G,1447,5/21/26 12:30,35.951,
Plot Title: 3S2G,1448,5/21/26 12:45,35.951,
Plot Title: 3S2G,1449,5/21/26 13:00,35.951,
Plot Title: 3S2G,1450,5/21/26 13:15,35.758,
Plot Title: 3S2G,1451,5/21/26 13:30,35.758,
Plot Title: 3S2G,1452,5/21/26 13:45,35.758,
Plot Title: 3S2G,1453,5/21/26 14:00,35.758,
Plot Title: 3S2G,1454,5/21/26 14:15,35.758,
Plot Title: 3S2G,1455,5/21/26 14:30,35.758,
Plot Title: 3S2G,1456,5/21/26 14:45,35.758,
Plot Title: 3S2G,1457,5/21/26 15:00,35.758,
Plot Title: 3S2G,1458,5/21/26 15:15,35.564,
Plot Title: 3S2G,1459,5/21/26 15:30,35.564,
Plot Title: 3S2G,1460,5/21/26 15:45,35.564,
Plot Title: 3S2G,1461,5/21/26 16:00,35.564,
Plot Title: 3S2G,1462,5/21/26 16:15,35.564,
Plot Title: 3S2G,1463,5/21/26 16:30,35.564,
Plot Title: 3S2G,1464,5/21/26 16:45,35.564,
Plot Title: 3S2G,1465,5/21/26 17:00,35.564,
Plot Title: 3S2G,1466,5/21/26 17:15,35.564,
Plot Title: 3S2G,1467,5/21/26 17:30,35.564,
Plot Title: 3S2G,1468,5/21/26 17:45,35.37,
Plot Title: 3S2G,1469,5/21/26 18:00,35.37,
Plot Title: 3S2G,1470,5/21/26 18:15,35.37,
Plot Title: 3S2G,1471,5/21/26 18:30,35.37,
Plot Title: 3S2G,1472,5/21/26 18:45,35.37,
Plot Title: 3S2G,1473,5/21/26 19:00,35.37,
Plot Title: 3S2G,1474,5/21/26 19:15,35.37,
Plot Title: 3S2G,1475,5/21/26 19:30,35.37,
Plot Title: 3S2G,1476,5/21/26 19:45,35.37,
Plot Title: 3S2G,1477,5/21/26 20:00,35.37,
Plot Title: 3S2G,1478,5/21/26 20:15,35.37,
Plot Title: 3S2G,1479,5/21/26 20:30,35.37,
Plot Title: 3S2G,1480,5/21/26 20:45,35.37,
Plot Title: 3S2G,1481,5/21/26 21:00,35.37,
Plot Title: 3S2G,1482,5/21/26 21:15,35.37,
Plot Title: 3S2G,1483,5/21/26 21:30,35.37,
Plot Title: 3S2G,1484,5/21/26 21:45,35.37,
Plot Title: 3S2G,1485,5/21/26 22:00,35.37,
Plot Title: 3S2G,1486,5/21/26 22:15,35.37,
Plot Title: 3S2G,1487,5/21/26 22:30,35.37,
Plot Title: 3S2G,1488,5/21/26 22:45,35.37,
Plot Title: 3S2G,1489,5/21/26 23:00,35.37,
Plot Title: 3S2G,1490,5/21/26 23:15,35.37,
Plot Title: 3S2G,1491,5/21/26 23:30,35.37,
Plot Title: 3S2G,1492,5/21/26 23:45,35.37,
Plot Title: 3S2G,1493,5/22/26 00:00,35.37,
Plot Title: 3S2G,1494,5/22/26 00:15,35.37,
Plot Title: 3S2G,1495,5/22/26 00:30,35.37,
Plot Title: 3S2G,1496,5/22/26 00:45,35.37,
Plot Title: 3S2G,1497,5/22/26 01:00,35.37,
Plot Title: 3S2G,1498,5/22/26 01:15,35.37,
Plot Title: 3S2G,1499,5/22/26 01:30,35.37,
Plot Title: 3S2G,1500,5/22/26 01:45,35.37,
Plot Title: 3S2G,1501,5/22/26 02:00,35.37,
Plot Title: 3S2G,1502,5/22/26 02:15,35.37,
Plot Title: 3S2G,1503,5/22/26 02:30,35.37,
Plot Title: 3S2G,1504,5/22/26 02:45,35.37,
Plot Title: 3S2G,1505,5/22/26 03:00,35.37,
Plot Title: 3S2G,1506,5/22/26 03:15,35.37,
Plot Title: 3S2G,1507,5/22/26 03:30,35.37,
Plot Title: 3S2G,1508,5/22/26 03:45,35.37,
Plot Title: 3S2G,1509,5/22/26 04:00,35.37,
Plot Title: 3S2G,1510,5/22/26 04:15,35.37,
Plot Title: 3S2G,1511,5/22/26 04:30,35.37,
Plot Title: 3S2G,1512,5/22/26 04:45,35.37,
Plot Title: 3S2G,1513,5/22/26 05:00,35.37,
Plot Title: 3S2G,1514,5/22/26 05:15,35.37,
Plot Title: 3S2G,1515,5/22/26 05:30,35.37,
Plot Title: 3S2G,1516,5/22/26 05:45,35.37,
Plot Title: 3S2G,1517,5/22/26 06:00,35.37,
Plot Title: 3S2G,1518,5/22/26 06:15,35.37,
Plot Title: 3S2G,1519,5/22/26 06:30,35.37,
Plot Title: 3S2G,1520,5/22/26 06:45,35.37,
Plot Title: 3S2G,1521,5/22/26 07:00,35.37,
Plot Title: 3S2G,1522,5/22/26 07:15,35.37,
Plot Title: 3S2G,1523,5/22/26 07:30,35.37,
Plot Title: 3S2G,1524,5/22/26 07:45,35.37,
Plot Title: 3S2G,1525,5/22/26 08:00,35.37,
Plot Title: 3S2G,1526,5/22/26 08:15,35.37,
Plot Title: 3S2G,1527,5/22/26 08:30,35.37,
Plot Title: 3S2G,1528,5/22/26 08:45,35.37,
Plot Title: 3S2G,1529,5/22/26 09:00,35.37,
Plot Title: 3S2G,1530,5/22/26 09:15,35.37,
Plot Title: 3S2G,1531,5/22/26 09:30,35.37,
Plot Title: 3S2G,1532,5/22/26 09:45,35.37,
Plot Title: 3S2G,1533,5/22/26 10:00,35.564,
Plot Title: 3S2G,1534,5/22/26 10:15,35.564,
Plot Title: 3S2G,1535,5/22/26 10:30,35.758,
Plot Title: 3S2G,1536,5/22/26 10:45,35.758,
Plot Title: 3S2G,1537,5/22/26 11:00,35.758,
Plot Title: 3S2G,1538,5/22/26 11:15,35.564,
Plot Title: 3S2G,1539,5/22/26 11:30,36.145,
Plot Title: 3S2G,1540,5/22/26 11:45,43.282,
Plot Title: 3S2G,1541,5/22/26 12:00,48.871,
Plot Title: 3S2G,1542,5/22/26 12:15,49.582,
Plot Title: 3S2G,1543,5/22/26 12:30,55.711,
Plot Title: 3S2G,1544,5/22/26 12:45,56.75,
Plot Title: 3S2G,1545,5/22/26 13:00,58.303,
Plot Title: 3S2G,1546,5/22/26 13:15,63.111,
Plot Title: 3S2G,1547,5/22/26 13:30,61.912,
Plot Title: 3S2G,1548,5/22/26 13:45,63.968,
Plot Title: 3S2G,1549,5/22/26 14:00,57.785,
Plot Title: 3S2G,1550,5/22/26 14:15,53.623,
Plot Title: 3S2G,1551,5/22/26 14:30,51.172,
Plot Title: 3S2G,1552,5/22/26 14:45,50.466,
Plot Title: 3S2G,1553,5/22/26 15:00,50.819,
Plot Title: 3S2G,1554,5/22/26 15:15,50.995,
Plot Title: 3S2G,1555,5/22/26 15:30,51.172,
Plot Title: 3S2G,1556,5/22/26 15:45,50.29,
Plot Title: 3S2G,1557,5/22/26 16:00,48.871,
Plot Title: 3S2G,1558,5/22/26 16:15,47.624,
Plot Title: 3S2G,1559,5/22/26 16:30,47.088,
Plot Title: 3S2G,1560,5/22/26 16:45,46.008,
Plot Title: 3S2G,1561,5/22/26 17:00,45.648,
Plot Title: 3S2G,1562,5/22/26 17:15,45.828,
Plot Title: 3S2G,1563,5/22/26 17:30,46.369,
Plot Title: 3S2G,1564,5/22/26 17:45,46.369,
Plot Title: 3S2G,1565,5/22/26 18:00,46.369,
Plot Title: 3S2G,1566,5/22/26 18:15,46.188,
Plot Title: 3S2G,1567,5/22/26 18:30,45.648,
Plot Title: 3S2G,1568,5/22/26 18:45,44.56,
Plot Title: 3S2G,1569,5/22/26 19:00,43.648,
Plot Title: 3S2G,1570,5/22/26 19:15,42.915,
Plot Title: 3S2G,1571,5/22/26 19:30,42.363,
Plot Title: 3S2G,1572,5/22/26 19:45,42.363,
Plot Title: 3S2G,1573,5/22/26 20:00,41.994,
Plot Title: 3S2G,1574,5/22/26 20:15,41.439,
Plot Title: 3S2G,1575,5/22/26 20:30,40.881,
Plot Title: 3S2G,1576,5/22/26 20:45,40.509,
Plot Title: 3S2G,1577,5/22/26 21:00,40.321,
Plot Title: 3S2G,1578,5/22/26 21:15,39.947,
Plot Title: 3S2G,1579,5/22/26 21:30,39.76,
Plot Title: 3S2G,1580,5/22/26 21:45,39.76,
Plot Title: 3S2G,1581,5/22/26 22:00,39.384,
Plot Title: 3S2G,1582,5/22/26 22:15,39.384,
Plot Title: 3S2G,1583,5/22/26 22:30,39.196,
Plot Title: 3S2G,1584,5/22/26 22:45,39.384,
Plot Title: 3S2G,1585,5/22/26 23:00,39.573,
Plot Title: 3S2G,1586,5/22/26 23:15,39.76,
Plot Title: 3S2G,1587,5/22/26 23:30,39.76,
Plot Title: 3S2G,1588,5/22/26 23:45,39.76,
Plot Title: 3S2G,1589,5/23/26 00:00,39.384,
Plot Title: 3S2G,1590,5/23/26 00:15,39.196,
Plot Title: 3S2G,1591,5/23/26 00:30,39.007,
Plot Title: 3S2G,1592,5/23/26 00:45,39.196,
Plot Title: 3S2G,1593,5/23/26 01:00,39.196,
Plot Title: 3S2G,1594,5/23/26 01:15,39.196,
Plot Title: 3S2G,1595,5/23/26 01:30,39.196,
Plot Title: 3S2G,1596,5/23/26 01:45,39.007,
Plot Title: 3S2G,1597,5/23/26 02:00,38.818,
Plot Title: 3S2G,1598,5/23/26 02:15,38.818,
Plot Title: 3S2G,1599,5/23/26 02:30,38.629,
Plot Title: 3S2G,1600,5/23/26 02:45,38.629,
Plot Title: 3S2G,1601,5/23/26 03:00,38.44,
Plot Title: 3S2G,1602,5/23/26 03:15,38.25,
Plot Title: 3S2G,1603,5/23/26 03:30,37.87,
Plot Title: 3S2G,1604,5/23/26 03:45,37.488,
Plot Title: 3S2G,1605,5/23/26 04:00,37.107,
Plot Title: 3S2G,1606,5/23/26 04:15,36.914,
Plot Title: 3S2G,1607,5/23/26 04:30,36.723,
Plot Title: 3S2G,1608,5/23/26 04:45,36.531,
Plot Title: 3S2G,1609,5/23/26 05:00,36.531,
Plot Title: 3S2G,1610,5/23/26 05:15,36.338,
Plot Title: 3S2G,1611,5/23/26 05:30,36.145,
Plot Title: 3S2G,1612,5/23/26 05:45,36.145,
Plot Title: 3S2G,1613,5/23/26 06:00,35.951,
Plot Title: 3S2G,1614,5/23/26 06:15,35.951,
Plot Title: 3S2G,1615,5/23/26 06:30,36.338,
Plot Title: 3S2G,1616,5/23/26 06:45,36.723,
Plot Title: 3S2G,1617,5/23/26 07:00,37.107,
Plot Title: 3S2G,1618,5/23/26 07:15,37.107,
Plot Title: 3S2G,1619,5/23/26 07:30,37.679,
Plot Title: 3S2G,1620,5/23/26 07:45,38.25,
Plot Title: 3S2G,1621,5/23/26 08:00,38.818,
Plot Title: 3S2G,1622,5/23/26 08:15,39.384,
Plot Title: 3S2G,1623,5/23/26 08:30,39.76,
Plot Title: 3S2G,1624,5/23/26 08:45,40.321,
Plot Title: 3S2G,1625,5/23/26 09:00,40.881,
Plot Title: 3S2G,1626,5/23/26 09:15,41.067,
Plot Title: 3S2G,1627,5/23/26 09:30,41.439,
Plot Title: 3S2G,1628,5/23/26 09:45,42.915,
Plot Title: 3S2G,1629,5/23/26 10:00,55.364,
Plot Title: 3S2G,1630,5/23/26 10:15,63.626,
Plot Title: 3S2G,1631,5/23/26 10:30,67.05,
Plot Title: 3S2G,1632,5/23/26 10:45,69.793,
Plot Title: 3S2G,1633,5/23/26 11:00,72.372,
Plot Title: 3S2G,1634,5/23/26 11:15,71.512,
Plot Title: 3S2G,1635,5/23/26 11:30,74.271,
Plot Title: 3S2G,1636,5/23/26 11:45,72.545,
Plot Title: 3S2G,1637,5/23/26 12:00,74.446,
Plot Title: 3S2G,1638,5/23/26 12:15,71.339,
Plot Title: 3S2G,1639,5/23/26 12:30,76.181,
Plot Title: 3S2G,1640,5/23/26 12:45,74.791,
Plot Title: 3S2G,1641,5/23/26 13:00,70.137,
Plot Title: 3S2G,1642,5/23/26 13:15,66.193,
Plot Title: 3S2G,1643,5/23/26 13:30,65.851,
Plot Title: 3S2G,1644,5/23/26 13:45,66.022,
Plot Title: 3S2G,1645,5/23/26 14:00,63.111,
Plot Title: 3S2G,1646,5/23/26 14:15,61.569,
Plot Title: 3S2G,1647,5/23/26 14:30,59.68,
Plot Title: 3S2G,1648,5/23/26 14:45,58.82,
Plot Title: 3S2G,1649,5/23/26 15:00,57.614,
Plot Title: 3S2G,1650,5/23/26 15:15,57.096,
Plot Title: 3S2G,1651,5/23/26 15:30,56.577,
Plot Title: 3S2G,1652,5/23/26 15:45,55.364,
Plot Title: 3S2G,1653,5/23/26 16:00,54.495,
Plot Title: 3S2G,1654,5/23/26 16:15,53.798,
Plot Title: 3S2G,1655,5/23/26 16:30,53.274,
Plot Title: 3S2G,1656,5/23/26 16:45,53.274,
Plot Title: 3S2G,1657,5/23/26 17:00,53.798,
Plot Title: 3S2G,1658,5/23/26 17:15,52.576,
Plot Title: 3S2G,1659,5/23/26 17:30,51.523,
Plot Title: 3S2G,1660,5/23/26 17:45,51.172,
Plot Title: 3S2G,1661,5/23/26 18:00,50.819,
Plot Title: 3S2G,1662,5/23/26 18:15,50.113,
Plot Title: 3S2G,1663,5/23/26 18:30,49.582,
Plot Title: 3S2G,1664,5/23/26 18:45,49.228,
Plot Title: 3S2G,1665,5/23/26 19:00,49.05,
Plot Title: 3S2G,1666,5/23/26 19:15,48.517,
Plot Title: 3S2G,1667,5/23/26 19:30,47.982,
Plot Title: 3S2G,1668,5/23/26 19:45,47.802,
Plot Title: 3S2G,1669,5/23/26 20:00,47.624,
Plot Title: 3S2G,1670,5/23/26 20:15,47.088,
Plot Title: 3S2G,1671,5/23/26 20:30,46.728,
Plot Title: 3S2G,1672,5/23/26 20:45,46.369,
Plot Title: 3S2G,1673,5/23/26 21:00,45.828,
Plot Title: 3S2G,1674,5/23/26 21:15,45.466,
Plot Title: 3S2G,1675,5/23/26 21:30,45.104,
Plot Title: 3S2G,1676,5/23/26 21:45,44.922,
Plot Title: 3S2G,1677,5/23/26 22:00,44.742,
Plot Title: 3S2G,1678,5/23/26 22:15,44.379,
Plot Title: 3S2G,1679,5/23/26 22:30,44.195,
Plot Title: 3S2G,1680,5/23/26 22:45,44.013,
Plot Title: 3S2G,1681,5/23/26 23:00,43.831,
Plot Title: 3S2G,1682,5/23/26 23:15,43.831,
Plot Title: 3S2G,1683,5/23/26 23:30,43.648,
Plot Title: 3S2G,1684,5/23/26 23:45,43.466,
Plot Title: 3S2G,1685,5/24/26 00:00,43.282,
Plot Title: 3S2G,1686,5/24/26 00:15,43.099,
Plot Title: 3S2G,1687,5/24/26 00:30,43.099,
Plot Title: 3S2G,1688,5/24/26 00:45,42.915,
Plot Title: 3S2G,1689,5/24/26 01:00,42.732,
Plot Title: 3S2G,1690,5/24/26 01:15,42.732,
Plot Title: 3S2G,1691,5/24/26 01:30,42.548,
Plot Title: 3S2G,1692,5/24/26 01:45,42.363,
Plot Title: 3S2G,1693,5/24/26 02:00,42.179,
Plot Title: 3S2G,1694,5/24/26 02:15,41.994,
Plot Title: 3S2G,1695,5/24/26 02:30,41.625,
Plot Title: 3S2G,1696,5/24/26 02:45,41.625,
Plot Title: 3S2G,1697,5/24/26 03:00,41.439,
Plot Title: 3S2G,1698,5/24/26 03:15,41.254,
Plot Title: 3S2G,1699,5/24/26 03:30,41.067,
Plot Title: 3S2G,1700,5/24/26 03:45,40.881,
Plot Title: 3S2G,1701,5/24/26 04:00,40.696,
Plot Title: 3S2G,1702,5/24/26 04:15,40.509,
Plot Title: 3S2G,1703,5/24/26 04:30,40.509,
Plot Title: 3S2G,1704,5/24/26 04:45,40.321,
Plot Title: 3S2G,1705,5/24/26 05:00,40.134,
Plot Title: 3S2G,1706,5/24/26 05:15,40.134,
Plot Title: 3S2G,1707,5/24/26 05:30,39.947,
Plot Title: 3S2G,1708,5/24/26 05:45,39.76,
Plot Title: 3S2G,1709,5/24/26 06:00,39.573,
Plot Title: 3S2G,1710,5/24/26 06:15,39.384,
Plot Title: 3S2G,1711,5/24/26 06:30,39.384,
Plot Title: 3S2G,1712,5/24/26 06:45,40.134,
Plot Title: 3S2G,1713,5/24/26 07:00,40.134,
Plot Title: 3S2G,1714,5/24/26 07:15,40.321,
Plot Title: 3S2G,1715,5/24/26 07:30,40.509,
Plot Title: 3S2G,1716,5/24/26 07:45,40.881,
Plot Title: 3S2G,1717,5/24/26 08:00,41.254,
Plot Title: 3S2G,1718,5/24/26 08:15,41.994,
Plot Title: 3S2G,1719,5/24/26 08:30,42.548,
Plot Title: 3S2G,1720,5/24/26 08:45,43.282,
Plot Title: 3S2G,1721,5/24/26 09:00,44.013,
Plot Title: 3S2G,1722,5/24/26 09:15,44.379,
Plot Title: 3S2G,1723,5/24/26 09:30,44.379,
Plot Title: 3S2G,1724,5/24/26 09:45,46.008,
Plot Title: 3S2G,1725,5/24/26 10:00,55.189,
Plot Title: 3S2G,1726,5/24/26 10:15,56.23,
Plot Title: 3S2G,1727,5/24/26 10:30,59.337,
Plot Title: 3S2G,1728,5/24/26 10:45,67.906,
Plot Title: 3S2G,1729,5/24/26 11:00,71.683,
Plot Title: 3S2G,1730,5/24/26 11:15,73.926,
Plot Title: 3S2G,1731,5/24/26 11:30,76.006,
Plot Title: 3S2G,1732,5/24/26 11:45,76.528,
Plot Title: 3S2G,1733,5/24/26 12:00,78.098,
Plot Title: 3S2G,1734,5/24/26 12:15,79.678,
Plot Title: 3S2G,1735,5/24/26 12:30,80.382,
Plot Title: 3S2G,1736,5/24/26 12:45,80.206,
Plot Title: 3S2G,1737,5/24/26 13:00,79.502,
Plot Title: 3S2G,1738,5/24/26 13:15,79.151,
Plot Title: 3S2G,1739,5/24/26 13:30,81.442,
Plot Title: 3S2G,1740,5/24/26 13:45,81.797,
Plot Title: 3S2G,1741,5/24/26 14:00,70.995,
Plot Title: 3S2G,1742,5/24/26 14:15,66.708,
Plot Title: 3S2G,1743,5/24/26 14:30,64.825,
Plot Title: 3S2G,1744,5/24/26 14:45,63.111,
Plot Title: 3S2G,1745,5/24/26 15:00,61.741,
Plot Title: 3S2G,1746,5/24/26 15:15,61.227,
Plot Title: 3S2G,1747,5/24/26 15:30,60.368,
Plot Title: 3S2G,1748,5/24/26 15:45,60.024,
Plot Title: 3S2G,1749,5/24/26 16:00,58.993,
Plot Title: 3S2G,1750,5/24/26 16:15,58.131,
Plot Title: 3S2G,1751,5/24/26 16:30,57.958,
Plot Title: 3S2G,1752,5/24/26 16:45,57.785,
Plot Title: 3S2G,1753,5/24/26 17:00,57.614,
Plot Title: 3S2G,1754,5/24/26 17:15,57.785,
Plot Title: 3S2G,1755,5/24/26 17:30,57.268,
Plot Title: 3S2G,1756,5/24/26 17:45,56.923,
Plot Title: 3S2G,1757,5/24/26 18:00,56.75,
Plot Title: 3S2G,1758,5/24/26 18:15,56.057,
Plot Title: 3S2G,1759,5/24/26 18:30,55.189,
Plot Title: 3S2G,1760,5/24/26 18:45,54.322,
Plot Title: 3S2G,1761,5/24/26 19:00,53.798,
Plot Title: 3S2G,1762,5/24/26 19:15,53.623,
Plot Title: 3S2G,1763,5/24/26 19:30,53.449,
Plot Title: 3S2G,1764,5/24/26 19:45,53.274,
Plot Title: 3S2G,1765,5/24/26 20:00,52.576,
Plot Title: 3S2G,1766,5/24/26 20:15,52.05,
Plot Title: 3S2G,1767,5/24/26 20:30,51.699,
Plot Title: 3S2G,1768,5/24/26 20:45,50.995,
Plot Title: 3S2G,1769,5/24/26 21:00,50.466,
Plot Title: 3S2G,1770,5/24/26 21:15,50.113,
Plot Title: 3S2G,1771,5/24/26 21:30,49.759,
Plot Title: 3S2G,1772,5/24/26 21:45,49.404,
Plot Title: 3S2G,1773,5/24/26 22:00,49.228,
Plot Title: 3S2G,1774,5/24/26 22:15,48.871,
Plot Title: 3S2G,1775,5/24/26 22:30,48.695,
Plot Title: 3S2G,1776,5/24/26 22:45,48.339,
Plot Title: 3S2G,1777,5/24/26 23:00,48.16,
Plot Title: 3S2G,1778,5/24/26 23:15,47.982,
Plot Title: 3S2G,1779,5/24/26 23:30,47.802,
Plot Title: 3S2G,1780,5/24/26 23:45,47.624,
Plot Title: 3S2G,1781,5/25/26 00:00,47.446,
Plot Title: 3S2G,1782,5/25/26 00:15,47.266,
Plot Title: 3S2G,1783,5/25/26 00:30,47.088,
Plot Title: 3S2G,1784,5/25/26 00:45,46.908,
Plot Title: 3S2G,1785,5/25/26 01:00,46.728,
Plot Title: 3S2G,1786,5/25/26 01:15,46.548,
Plot Title: 3S2G,1787,5/25/26 01:30,46.188,
Plot Title: 3S2G,1788,5/25/26 01:45,46.008,
Plot Title: 3S2G,1789,5/25/26 02:00,45.828,
Plot Title: 3S2G,1790,5/25/26 02:15,45.648,
Plot Title: 3S2G,1791,5/25/26 02:30,45.466,
Plot Title: 3S2G,1792,5/25/26 02:45,45.466,
Plot Title: 3S2G,1793,5/25/26 03:00,45.286,
Plot Title: 3S2G,1794,5/25/26 03:15,45.104,
Plot Title: 3S2G,1795,5/25/26 03:30,44.922,
Plot Title: 3S2G,1796,5/25/26 03:45,44.922,
Plot Title: 3S2G,1797,5/25/26 04:00,44.742,
Plot Title: 3S2G,1798,5/25/26 04:15,44.742,
Plot Title: 3S2G,1799,5/25/26 04:30,44.56,
Plot Title: 3S2G,1800,5/25/26 04:45,44.379,
Plot Title: 3S2G,1801,5/25/26 05:00,44.195,
Plot Title: 3S2G,1802,5/25/26 05:15,44.379,
Plot Title: 3S2G,1803,5/25/26 05:30,44.379,
Plot Title: 3S2G,1804,5/25/26 05:45,44.379,
Plot Title: 3S2G,1805,5/25/26 06:00,44.013,
Plot Title: 3S2G,1806,5/25/26 06:15,43.831,
Plot Title: 3S2G,1807,5/25/26 06:30,43.831,
Plot Title: 3S2G,1808,5/25/26 06:45,44.379,
Plot Title: 3S2G,1809,5/25/26 07:00,44.922,
Plot Title: 3S2G,1810,5/25/26 07:15,45.286,
Plot Title: 3S2G,1811,5/25/26 07:30,45.466,
Plot Title: 3S2G,1812,5/25/26 07:45,45.828,
Plot Title: 3S2G,1813,5/25/26 08:00,45.828,
Plot Title: 3S2G,1814,5/25/26 08:15,46.008,
Plot Title: 3S2G,1815,5/25/26 08:30,46.008,
Plot Title: 3S2G,1816,5/25/26 08:45,46.369,
Plot Title: 3S2G,1817,5/25/26 09:00,46.908,
Plot Title: 3S2G,1818,5/25/26 09:15,47.088,
Plot Title: 3S2G,1819,5/25/26 09:30,47.266,
Plot Title: 3S2G,1820,5/25/26 09:45,49.404,
Plot Title: 3S2G,1821,5/25/26 10:00,60.195,
Plot Title: 3S2G,1822,5/25/26 10:15,67.05,
Plot Title: 3S2G,1823,5/25/26 10:30,71.512,
Plot Title: 3S2G,1824,5/25/26 10:45,75.312,
Plot Title: 3S2G,1825,5/25/26 11:00,78.274,
Plot Title: 3S2G,1826,5/25/26 11:15,80.382,
Plot Title: 3S2G,1827,5/25/26 11:30,82.33,
Plot Title: 3S2G,1828,5/25/26 11:45,84.295,
Plot Title: 3S2G,1829,5/25/26 12:00,85.374,
Plot Title: 3S2G,1830,5/25/26 12:15,84.654,
Plot Title: 3S2G,1831,5/25/26 12:30,87.186,
Plot Title: 3S2G,1832,5/25/26 12:45,88.65,
Plot Title: 3S2G,1833,5/25/26 13:00,88.65,
Plot Title: 3S2G,1834,5/25/26 13:15,85.735,
Plot Title: 3S2G,1835,5/25/26 13:30,75.484,
Plot Title: 3S2G,1836,5/25/26 13:45,73.407,
Plot Title: 3S2G,1837,5/25/26 14:00,68.763,
Plot Title: 3S2G,1838,5/25/26 14:15,65.167,
Plot Title: 3S2G,1839,5/25/26 14:30,63.626,
Plot Title: 3S2G,1840,5/25/26 14:45,64.139,
Plot Title: 3S2G,1841,5/25/26 15:00,62.598,
Plot Title: 3S2G,1842,5/25/26 15:15,61.227,
Plot Title: 3S2G,1843,5/25/26 15:30,60.883,
Plot Title: 3S2G,1844,5/25/26 15:45,59.68,
Plot Title: 3S2G,1845,5/25/26 16:00,58.647,
Plot Title: 3S2G,1846,5/25/26 16:15,57.958,
Plot Title: 3S2G,1847,5/25/26 16:30,57.441,
Plot Title: 3S2G,1848,5/25/26 16:45,57.096,
Plot Title: 3S2G,1849,5/25/26 17:00,56.923,
Plot Title: 3S2G,1850,5/25/26 17:15,57.268,
Plot Title: 3S2G,1851,5/25/26 17:30,57.268,
Plot Title: 3S2G,1852,5/25/26 17:45,56.577,
Plot Title: 3S2G,1853,5/25/26 18:00,56.75,
Plot Title: 3S2G,1854,5/25/26 18:15,56.75,
Plot Title: 3S2G,1855,5/25/26 18:30,56.404,
Plot Title: 3S2G,1856,5/25/26 18:45,56.404,
Plot Title: 3S2G,1857,5/25/26 19:00,55.884,
Plot Title: 3S2G,1858,5/25/26 19:15,55.537,
Plot Title: 3S2G,1859,5/25/26 19:30,55.189,
Plot Title: 3S2G,1860,5/25/26 19:45,54.842,
Plot Title: 3S2G,1861,5/25/26 20:00,54.322,
Plot Title: 3S2G,1862,5/25/26 20:15,53.798,
Plot Title: 3S2G,1863,5/25/26 20:30,53.623,
Plot Title: 3S2G,1864,5/25/26 20:45,53.1,
Plot Title: 3S2G,1865,5/25/26 21:00,52.401,
Plot Title: 3S2G,1866,5/25/26 21:15,51.699,
Plot Title: 3S2G,1867,5/25/26 21:30,51.346,
Plot Title: 3S2G,1868,5/25/26 21:45,50.819,
Plot Title: 3S2G,1869,5/25/26 22:00,50.466,
Plot Title: 3S2G,1870,5/25/26 22:15,50.29,
Plot Title: 3S2G,1871,5/25/26 22:30,49.937,
Plot Title: 3S2G,1872,5/25/26 22:45,49.759,
Plot Title: 3S2G,1873,5/25/26 23:00,49.404,
Plot Title: 3S2G,1874,5/25/26 23:15,49.228,
Plot Title: 3S2G,1875,5/25/26 23:30,49.05,
Plot Title: 3S2G,1876,5/25/26 23:45,48.695,
Plot Title: 3S2G,1877,5/26/26 00:00,48.517,
Plot Title: 3S2G,1878,5/26/26 00:15,48.16,
Plot Title: 3S2G,1879,5/26/26 00:30,48.16,
Plot Title: 3S2G,1880,5/26/26 00:45,47.982,
Plot Title: 3S2G,1881,5/26/26 01:00,47.624,
Plot Title: 3S2G,1882,5/26/26 01:15,47.446,
Plot Title: 3S2G,1883,5/26/26 01:30,47.266,
Plot Title: 3S2G,1884,5/26/26 01:45,47.088,
Plot Title: 3S2G,1885,5/26/26 02:00,46.728,
Plot Title: 3S2G,1886,5/26/26 02:15,46.548,
Plot Title: 3S2G,1887,5/26/26 02:30,46.548,
Plot Title: 3S2G,1888,5/26/26 02:45,46.369,
Plot Title: 3S2G,1889,5/26/26 03:00,46.369,
Plot Title: 3S2G,1890,5/26/26 03:15,46.188,
Plot Title: 3S2G,1891,5/26/26 03:30,46.188,
Plot Title: 3S2G,1892,5/26/26 03:45,46.188,
Plot Title: 3S2G,1893,5/26/26 04:00,45.828,
Plot Title: 3S2G,1894,5/26/26 04:15,45.648,
Plot Title: 3S2G,1895,5/26/26 04:30,45.466,
Plot Title: 3S2G,1896,5/26/26 04:45,45.466,
Plot Title: 3S2G,1897,5/26/26 05:00,45.466,
Plot Title: 3S2G,1898,5/26/26 05:15,45.648,
Plot Title: 3S2G,1899,5/26/26 05:30,45.648,
Plot Title: 3S2G,1900,5/26/26 05:45,45.466,
Plot Title: 3S2G,1901,5/26/26 06:00,45.286,
Plot Title: 3S2G,1902,5/26/26 06:15,45.286,
Plot Title: 3S2G,1903,5/26/26 06:30,45.466,
Plot Title: 3S2G,1904,5/26/26 06:45,45.648,
Plot Title: 3S2G,1905,5/26/26 07:00,45.648,
Plot Title: 3S2G,1906,5/26/26 07:15,45.828,
Plot Title: 3S2G,1907,5/26/26 07:30,46.188,
Plot Title: 3S2G,1908,5/26/26 07:45,46.369,
Plot Title: 3S2G,1909,5/26/26 08:00,46.728,
Plot Title: 3S2G,1910,5/26/26 08:15,47.266,
Plot Title: 3S2G,1911,5/26/26 08:30,47.446,
Plot Title: 3S2G,1912,5/26/26 08:45,47.982,
Plot Title: 3S2G,1913,5/26/26 09:00,48.695,
Plot Title: 3S2G,1914,5/26/26 09:15,49.228,
Plot Title: 3S2G,1915,5/26/26 09:30,50.29,
Plot Title: 3S2G,1916,5/26/26 09:45,50.643,
Plot Title: 3S2G,1917,5/26/26 10:00,51.172,
Plot Title: 3S2G,1918,5/26/26 10:15,51.874,
Plot Title: 3S2G,1919,5/26/26 10:30,53.1,
Plot Title: 3S2G,1920,5/26/26 10:45,53.449,
Plot Title: 3S2G,1921,5/26/26 11:00,54.322,
Plot Title: 3S2G,1922,5/26/26 11:15,56.577,
Plot Title: 3S2G,1923,5/26/26 11:30,64.996,
Plot Title: 3S2G,1924,5/26/26 11:45,66.022,
Plot Title: 3S2G,1925,5/26/26 12:00,62.083,
Plot Title: 3S2G,1926,5/26/26 12:15,61.569,
Plot Title: 3S2G,1927,5/26/26 12:30,67.392,
Plot Title: 3S2G,1928,5/26/26 12:45,63.626,
Plot Title: 3S2G,1929,5/26/26 13:00,62.254,
Plot Title: 3S2G,1930,5/26/26 13:15,59.851,
Plot Title: 3S2G,1931,5/26/26 13:30,58.82,
Plot Title: 3S2G,1932,5/26/26 13:45,57.441,
Plot Title: 3S2G,1933,5/26/26 14:00,57.096,
Plot Title: 3S2G,1934,5/26/26 14:15,58.303,
Plot Title: 3S2G,1935,5/26/26 14:30,58.303,
Plot Title: 3S2G,1936,5/26/26 14:45,57.958,
Plot Title: 3S2G,1937,5/26/26 15:00,57.958,
Plot Title: 3S2G,1938,5/26/26 15:15,57.785,
Plot Title: 3S2G,1939,5/26/26 15:30,57.785,
Plot Title: 3S2G,1940,5/26/26 15:45,56.577,
Plot Title: 3S2G,1941,5/26/26 16:00,55.537,
Plot Title: 3S2G,1942,5/26/26 16:15,54.322,
Plot Title: 3S2G,1943,5/26/26 16:30,53.798,
Plot Title: 3S2G,1944,5/26/26 16:45,53.798,
Plot Title: 3S2G,1945,5/26/26 17:00,53.449,
Plot Title: 3S2G,1946,5/26/26 17:15,53.798,
Plot Title: 3S2G,1947,5/26/26 17:30,53.623,
Plot Title: 3S2G,1948,5/26/26 17:45,53.274,
Plot Title: 3S2G,1949,5/26/26 18:00,52.925,
Plot Title: 3S2G,1950,5/26/26 18:15,51.874,
Plot Title: 3S2G,1951,5/26/26 18:30,51.346,
Plot Title: 3S2G,1952,5/26/26 18:45,51.874,
Plot Title: 3S2G,1953,5/26/26 19:00,51.699,
Plot Title: 3S2G,1954,5/26/26 19:15,51.346,
Plot Title: 3S2G,1955,5/26/26 19:30,51.346,
Plot Title: 3S2G,1956,5/26/26 19:45,50.819,
Plot Title: 3S2G,1957,5/26/26 20:00,50.466,
Plot Title: 3S2G,1958,5/26/26 20:15,50.113,
Plot Title: 3S2G,1959,5/26/26 20:30,49.759,
Plot Title: 3S2G,1960,5/26/26 20:45,49.404,
Plot Title: 3S2G,1961,5/26/26 21:00,49.05,
Plot Title: 3S2G,1962,5/26/26 21:15,48.695,
Plot Title: 3S2G,1963,5/26/26 21:30,48.517,
Plot Title: 3S2G,1964,5/26/26 21:45,48.517,
Plot Title: 3S2G,1965,5/26/26 22:00,48.339,
Plot Title: 3S2G,1966,5/26/26 22:15,48.339,
Plot Title: 3S2G,1967,5/26/26 22:30,48.16,
Plot Title: 3S2G,1968,5/26/26 22:45,47.802,
Plot Title: 3S2G,1969,5/26/26 23:00,47.624,
Plot Title: 3S2G,1970,5/26/26 23:15,47.266,
Plot Title: 3S2G,1971,5/26/26 23:30,47.088,
Plot Title: 3S2G,1972,5/26/26 23:45,46.908,
Plot Title: 3S2G,1973,5/27/26 00:00,46.908,
Plot Title: 3S2G,1974,5/27/26 00:15,46.908,
Plot Title: 3S2G,1975,5/27/26 00:30,46.728,
Plot Title: 3S2G,1976,5/27/26 00:45,46.369,
Plot Title: 3S2G,1977,5/27/26 01:00,46.188,
Plot Title: 3S2G,1978,5/27/26 01:15,46.008,
Plot Title: 3S2G,1979,5/27/26 01:30,46.008,
Plot Title: 3S2G,1980,5/27/26 01:45,45.828,
Plot Title: 3S2G,1981,5/27/26 02:00,45.648,
Plot Title: 3S2G,1982,5/27/26 02:15,45.466,
Plot Title: 3S2G,1983,5/27/26 02:30,45.286,
Plot Title: 3S2G,1984,5/27/26 02:45,45.104,
Plot Title: 3S2G,1985,5/27/26 03:00,44.922,
Plot Title: 3S2G,1986,5/27/26 03:15,44.742,
Plot Title: 3S2G,1987,5/27/26 03:30,44.56,
Plot Title: 3S2G,1988,5/27/26 03:45,44.379,
Plot Title: 3S2G,1989,5/27/26 04:00,44.379,
Plot Title: 3S2G,1990,5/27/26 04:15,44.195,
Plot Title: 3S2G,1991,5/27/26 04:30,44.013,
Plot Title: 3S2G,1992,5/27/26 04:45,44.013,
Plot Title: 3S2G,1993,5/27/26 05:00,43.831,
Plot Title: 3S2G,1994,5/27/26 05:15,43.831,
Plot Title: 3S2G,1995,5/27/26 05:30,43.648,
Plot Title: 3S2G,1996,5/27/26 05:45,43.648,
Plot Title: 3S2G,1997,5/27/26 06:00,43.648,
Plot Title: 3S2G,1998,5/27/26 06:15,43.648,
Plot Title: 3S2G,1999,5/27/26 06:30,43.648,
Plot Title: 3S2G,2000,5/27/26 06:45,43.831,
Plot Title: 3S2G,2001,5/27/26 07:00,44.013,
Plot Title: 3S2G,2002,5/27/26 07:15,44.195,
Plot Title: 3S2G,2003,5/27/26 07:30,44.56,
Plot Title: 3S2G,2004,5/27/26 07:45,45.104,
Plot Title: 3S2G,2005,5/27/26 08:00,45.648,
Plot Title: 3S2G,2006,5/27/26 08:15,45.648,
Plot Title: 3S2G,2007,5/27/26 08:30,45.828,
Plot Title: 3S2G,2008,5/27/26 08:45,46.369,
Plot Title: 3S2G,2009,5/27/26 09:00,46.728,
Plot Title: 3S2G,2010,5/27/26 09:15,47.088,
Plot Title: 3S2G,2011,5/27/26 09:30,47.446,
Plot Title: 3S2G,2012,5/27/26 09:45,49.05,
Plot Title: 3S2G,2013,5/27/26 10:00,57.441,
Plot Title: 3S2G,2014,5/27/26 10:15,66.366,
Plot Title: 3S2G,2015,5/27/26 10:30,71.339,
Plot Title: 3S2G,2016,5/27/26 10:45,74.446,
Plot Title: 3S2G,2017,5/27/26 11:00,76.703,
Plot Title: 3S2G,2018,5/27/26 11:15,78.449,
Plot Title: 3S2G,2019,5/27/26 11:30,79.678,
Plot Title: 3S2G,2020,5/27/26 11:45,80.735,
Plot Title: 3S2G,2021,5/27/26 12:00,81.975,
Plot Title: 3S2G,2022,5/27/26 12:15,83.399,
Plot Title: 3S2G,2023,5/27/26 12:30,84.474,
Plot Title: 3S2G,2024,5/27/26 12:45,83.935,
Plot Title: 3S2G,2025,5/27/26 13:00,74.964,
Plot Title: 3S2G,2026,5/27/26 13:15,70.824,
Plot Title: 3S2G,2027,5/27/26 13:30,77.4,
Plot Title: 3S2G,2028,5/27/26 13:45,80.559,
Plot Title: 3S2G,2029,5/27/26 14:00,72.891,
Plot Title: 3S2G,2030,5/27/26 14:15,68.934,
Plot Title: 3S2G,2031,5/27/26 14:30,67.735,
Plot Title: 3S2G,2032,5/27/26 14:45,65.851,
Plot Title: 3S2G,2033,5/27/26 15:00,64.652,
Plot Title: 3S2G,2034,5/27/26 15:15,63.968,
Plot Title: 3S2G,2035,5/27/26 15:30,62.94,
Plot Title: 3S2G,2036,5/27/26 15:45,62.425,
Plot Title: 3S2G,2037,5/27/26 16:00,62.254,
Plot Title: 3S2G,2038,5/27/26 16:15,61.569,
Plot Title: 3S2G,2039,5/27/26 16:30,60.539,
Plot Title: 3S2G,2040,5/27/26 16:45,59.851,
Plot Title: 3S2G,2041,5/27/26 17:00,59.68,
Plot Title: 3S2G,2042,5/27/26 17:15,60.368,
Plot Title: 3S2G,2043,5/27/26 17:30,59.508,
Plot Title: 3S2G,2044,5/27/26 17:45,59.164,
Plot Title: 3S2G,2045,5/27/26 18:00,58.303,
Plot Title: 3S2G,2046,5/27/26 18:15,58.647,
Plot Title: 3S2G,2047,5/27/26 18:30,58.476,
Plot Title: 3S2G,2048,5/27/26 18:45,57.958,
Plot Title: 3S2G,2049,5/27/26 19:00,56.75,
Plot Title: 3S2G,2050,5/27/26 19:15,56.057,
Plot Title: 3S2G,2051,5/27/26 19:30,55.364,
Plot Title: 3S2G,2052,5/27/26 19:45,55.017,
Plot Title: 3S2G,2053,5/27/26 20:00,54.669,
Plot Title: 3S2G,2054,5/27/26 20:15,54.322,
Plot Title: 3S2G,2055,5/27/26 20:30,54.147,
Plot Title: 3S2G,2056,5/27/26 20:45,53.798,
Plot Title: 3S2G,2057,5/27/26 21:00,53.274,
Plot Title: 3S2G,2058,5/27/26 21:15,53.1,
Plot Title: 3S2G,2059,5/27/26 21:30,52.925,
Plot Title: 3S2G,2060,5/27/26 21:45,52.576,
Plot Title: 3S2G,2061,5/27/26 22:00,52.225,
Plot Title: 3S2G,2062,5/27/26 22:15,52.05,
Plot Title: 3S2G,2063,5/27/26 22:30,51.874,
Plot Title: 3S2G,2064,5/27/26 22:45,51.874,
Plot Title: 3S2G,2065,5/27/26 23:00,51.699,
Plot Title: 3S2G,2066,5/27/26 23:15,51.523,
Plot Title: 3S2G,2067,5/27/26 23:30,51.346,
Plot Title: 3S2G,2068,5/27/26 23:45,51.172,
Plot Title: 3S2G,2069,5/28/26 00:00,50.995,
Plot Title: 3S2G,2070,5/28/26 00:15,50.819,
Plot Title: 3S2G,2071,5/28/26 00:30,50.819,
Plot Title: 3S2G,2072,5/28/26 00:45,50.466,
Plot Title: 3S2G,2073,5/28/26 01:00,50.29,
Plot Title: 3S2G,2074,5/28/26 01:15,50.29,
Plot Title: 3S2G,2075,5/28/26 01:30,50.113,
Plot Title: 3S2G,2076,5/28/26 01:45,49.937,
Plot Title: 3S2G,2077,5/28/26 02:00,49.937,
Plot Title: 3S2G,2078,5/28/26 02:15,49.759,
Plot Title: 3S2G,2079,5/28/26 02:30,49.582,
Plot Title: 3S2G,2080,5/28/26 02:45,49.582,
Plot Title: 3S2G,2081,5/28/26 03:00,49.404,
Plot Title: 3S2G,2082,5/28/26 03:15,49.228,
Plot Title: 3S2G,2083,5/28/26 03:30,48.695,
Plot Title: 3S2G,2084,5/28/26 03:45,48.339,
Plot Title: 3S2G,2085,5/28/26 04:00,48.16,
Plot Title: 3S2G,2086,5/28/26 04:15,47.982,
Plot Title: 3S2G,2087,5/28/26 04:30,47.982,
Plot Title: 3S2G,2088,5/28/26 04:45,47.982,
Plot Title: 3S2G,2089,5/28/26 05:00,47.802,
Plot Title: 3S2G,2090,5/28/26 05:15,47.802,
Plot Title: 3S2G,2091,5/28/26 05:30,47.802,
Plot Title: 3S2G,2092,5/28/26 05:45,47.802,
Plot Title: 3S2G,2093,5/28/26 06:00,47.802,
Plot Title: 3S2G,2094,5/28/26 06:15,47.802,
Plot Title: 3S2G,2095,5/28/26 06:30,47.982,
Plot Title: 3S2G,2096,5/28/26 06:45,47.982,
Plot Title: 3S2G,2097,5/28/26 07:00,47.982,
Plot Title: 3S2G,2098,5/28/26 07:15,47.982,
Plot Title: 3S2G,2099,5/28/26 07:30,47.982,
Plot Title: 3S2G,2100,5/28/26 07:45,47.982,
Plot Title: 3S2G,2101,5/28/26 08:00,48.339,
Plot Title: 3S2G,2102,5/28/26 08:15,48.339,
Plot Title: 3S2G,2103,5/28/26 08:30,48.517,
Plot Title: 3S2G,2104,5/28/26 08:45,48.695,
Plot Title: 3S2G,2105,5/28/26 09:00,49.05,
Plot Title: 3S2G,2106,5/28/26 09:15,49.582,
Plot Title: 3S2G,2107,5/28/26 09:30,49.937,
Plot Title: 3S2G,2108,5/28/26 09:45,51.699,
Plot Title: 3S2G,2109,5/28/26 10:00,58.993,
Plot Title: 3S2G,2110,5/28/26 10:15,67.906,
Plot Title: 3S2G,2111,5/28/26 10:30,72.891,
Plot Title: 3S2G,2112,5/28/26 10:45,76.703,
Plot Title: 3S2G,2113,5/28/26 11:00,80.029,
Plot Title: 3S2G,2114,5/28/26 11:15,83.043,
Plot Title: 3S2G,2115,5/28/26 11:30,85.554,
Plot Title: 3S2G,2116,5/28/26 11:45,84.474,
Plot Title: 3S2G,2117,5/28/26 12:00,83.043,
Plot Title: 3S2G,2118,5/28/26 12:15,85.014,
Plot Title: 3S2G,2119,5/28/26 12:30,78.098,
Plot Title: 3S2G,2120,5/28/26 12:45,82.152,
Plot Title: 3S2G,2121,5/28/26 13:00,85.735,
Plot Title: 3S2G,2122,5/28/26 13:15,80.382,
Plot Title: 3S2G,2123,5/28/26 13:30,78.274,
Plot Title: 3S2G,2124,5/28/26 13:45,84.295,
Plot Title: 3S2G,2125,5/28/26 14:00,76.528,
Plot Title: 3S2G,2126,5/28/26 14:15,72.718,
Plot Title: 3S2G,2127,5/28/26 14:30,70.48,
Plot Title: 3S2G,2128,5/28/26 14:45,69.107,
Plot Title: 3S2G,2129,5/28/26 15:00,67.735,
Plot Title: 3S2G,2130,5/28/26 15:15,66.708,
Plot Title: 3S2G,2131,5/28/26 15:30,66.366,
Plot Title: 3S2G,2132,5/28/26 15:45,66.366,
Plot Title: 3S2G,2133,5/28/26 16:00,65.68,
Plot Title: 3S2G,2134,5/28/26 16:15,65.167,
Plot Title: 3S2G,2135,5/28/26 16:30,64.652,
Plot Title: 3S2G,2136,5/28/26 16:45,63.797,
Plot Title: 3S2G,2137,5/28/26 17:00,62.769,
Plot Title: 3S2G,2138,5/28/26 17:15,63.111,
Plot Title: 3S2G,2139,5/28/26 17:30,63.282,
Plot Title: 3S2G,2140,5/28/26 17:45,62.083,
Plot Title: 3S2G,2141,5/28/26 18:00,61.398,
Plot Title: 3S2G,2142,5/28/26 18:15,60.712,
Plot Title: 3S2G,2143,5/28/26 18:30,60.195,
Plot Title: 3S2G,2144,5/28/26 18:45,59.164,
Plot Title: 3S2G,2145,5/28/26 19:00,58.647,
Plot Title: 3S2G,2146,5/28/26 19:15,59.164,
Plot Title: 3S2G,2147,5/28/26 19:30,58.82,
Plot Title: 3S2G,2148,5/28/26 19:45,58.303,
Plot Title: 3S2G,2149,5/28/26 20:00,57.614,
Plot Title: 3S2G,2150,5/28/26 20:15,56.923,
Plot Title: 3S2G,2151,5/28/26 20:30,56.577,
Plot Title: 3S2G,2152,5/28/26 20:45,55.884,
Plot Title: 3S2G,2153,5/28/26 21:00,55.189,
Plot Title: 3S2G,2154,5/28/26 21:15,54.669,
Plot Title: 3S2G,2155,5/28/26 21:30,54.322,
Plot Title: 3S2G,2156,5/28/26 21:45,53.973,
Plot Title: 3S2G,2157,5/28/26 22:00,53.623,
Plot Title: 3S2G,2158,5/28/26 22:15,53.274,
Plot Title: 3S2G,2159,5/28/26 22:30,52.925,
Plot Title: 3S2G,2160,5/28/26 22:45,52.75,
Plot Title: 3S2G,2161,5/28/26 23:00,52.576,
Plot Title: 3S2G,2162,5/28/26 23:15,52.225,
Plot Title: 3S2G,2163,5/28/26 23:30,51.874,
Plot Title: 3S2G,2164,5/28/26 23:45,51.523,
Plot Title: 3S2G,2165,5/29/26 00:00,51.172,
Plot Title: 3S2G,2166,5/29/26 00:15,50.995,
Plot Title: 3S2G,2167,5/29/26 00:30,50.819,
Plot Title: 3S2G,2168,5/29/26 00:45,50.643,
Plot Title: 3S2G,2169,5/29/26 01:00,50.643,
Plot Title: 3S2G,2170,5/29/26 01:15,50.466,
Plot Title: 3S2G,2171,5/29/26 01:30,50.29,
Plot Title: 3S2G,2172,5/29/26 01:45,50.113,
Plot Title: 3S2G,2173,5/29/26 02:00,49.937,
Plot Title: 3S2G,2174,5/29/26 02:15,49.759,
Plot Title: 3S2G,2175,5/29/26 02:30,49.404,
Plot Title: 3S2G,2176,5/29/26 02:45,49.05,
Plot Title: 3S2G,2177,5/29/26 03:00,48.871,
Plot Title: 3S2G,2178,5/29/26 03:15,48.695,
Plot Title: 3S2G,2179,5/29/26 03:30,48.517,
Plot Title: 3S2G,2180,5/29/26 03:45,48.339,
Plot Title: 3S2G,2181,5/29/26 04:00,48.16,
Plot Title: 3S2G,2182,5/29/26 04:15,47.982,
Plot Title: 3S2G,2183,5/29/26 04:30,47.802,
Plot Title: 3S2G,2184,5/29/26 04:45,47.982,
Plot Title: 3S2G,2185,5/29/26 05:00,47.982,
Plot Title: 3S2G,2186,5/29/26 05:15,47.624,
Plot Title: 3S2G,2187,5/29/26 05:30,47.446,
Plot Title: 3S2G,2188,5/29/26 05:45,47.446,
Plot Title: 3S2G,2189,5/29/26 06:00,47.266,
Plot Title: 3S2G,2190,5/29/26 06:15,47.088,
Plot Title: 3S2G,2191,5/29/26 06:30,46.908,
Plot Title: 3S2G,2192,5/29/26 06:45,47.266,
Plot Title: 3S2G,2193,5/29/26 07:00,47.446,
Plot Title: 3S2G,2194,5/29/26 07:15,47.446,
Plot Title: 3S2G,2195,5/29/26 07:30,47.624,
Plot Title: 3S2G,2196,5/29/26 07:45,47.624,
Plot Title: 3S2G,2197,5/29/26 08:00,47.982,
Plot Title: 3S2G,2198,5/29/26 08:15,48.339,
Plot Title: 3S2G,2199,5/29/26 08:30,48.339,
Plot Title: 3S2G,2200,5/29/26 08:45,48.871,
Plot Title: 3S2G,2201,5/29/26 09:00,49.05,
Plot Title: 3S2G,2202,5/29/26 09:15,49.582,
Plot Title: 3S2G,2203,5/29/26 09:30,50.29,
Plot Title: 3S2G,2204,5/29/26 09:45,51.523,
Plot Title: 3S2G,2205,5/29/26 10:00,57.096,
Plot Title: 3S2G,2206,5/29/26 10:15,66.366,
Plot Title: 3S2G,2207,5/29/26 10:30,72.545,
Plot Title: 3S2G,2208,5/29/26 10:45,78.098,
Plot Title: 3S2G,2209,5/29/26 11:00,82.33,
Plot Title: 3S2G,2210,5/29/26 11:15,85.915,
Plot Title: 3S2G,2211,5/29/26 11:30,89.017,
Plot Title: 3S2G,2212,5/29/26 11:45,91.24,
Plot Title: 3S2G,2213,5/29/26 12:00,92.174,
Plot Title: 3S2G,2214,5/29/26 12:15,93.304,
Plot Title: 3S2G,2215,5/29/26 12:30,90.495,
Plot Title: 3S2G,2216,5/29/26 12:45,87.004,
Plot Title: 3S2G,2217,5/29/26 13:00,80.382,
Plot Title: 3S2G,2218,5/29/26 13:15,76.528,
Plot Title: 3S2G,2219,5/29/26 13:30,73.407,
Plot Title: 3S2G,2220,5/29/26 13:45,70.48,
Plot Title: 3S2G,2221,5/29/26 14:00,69.278,
Plot Title: 3S2G,2222,5/29/26 14:15,68.248,
Plot Title: 3S2G,2223,5/29/26 14:30,67.564,
Plot Title: 3S2G,2224,5/29/26 14:45,66.366,
Plot Title: 3S2G,2225,5/29/26 15:00,66.366,
Plot Title: 3S2G,2226,5/29/26 15:15,65.851,
Plot Title: 3S2G,2227,5/29/26 15:30,65.338,
Plot Title: 3S2G,2228,5/29/26 15:45,63.797,
Plot Title: 3S2G,2229,5/29/26 16:00,63.455,
Plot Title: 3S2G,2230,5/29/26 16:15,63.282,
Plot Title: 3S2G,2231,5/29/26 16:30,62.254,
Plot Title: 3S2G,2232,5/29/26 16:45,61.398,
Plot Title: 3S2G,2233,5/29/26 17:00,60.712,
Plot Title: 3S2G,2234,5/29/26 17:15,61.054,
Plot Title: 3S2G,2235,5/29/26 17:30,60.368,
Plot Title: 3S2G,2236,5/29/26 17:45,60.024,
Plot Title: 3S2G,2237,5/29/26 18:00,59.337,
Plot Title: 3S2G,2238,5/29/26 18:15,58.82,
Plot Title: 3S2G,2239,5/29/26 18:30,58.131,
Plot Title: 3S2G,2240,5/29/26 18:45,57.614,
Plot Title: 3S2G,2241,5/29/26 19:00,57.441,
Plot Title: 3S2G,2242,5/29/26 19:15,57.096,
Plot Title: 3S2G,2243,5/29/26 19:30,56.577,
Plot Title: 3S2G,2244,5/29/26 19:45,56.23,
Plot Title: 3S2G,2245,5/29/26 20:00,55.884,
Plot Title: 3S2G,2246,5/29/26 20:15,55.537,
Plot Title: 3S2G,2247,5/29/26 20:30,55.189,
Plot Title: 3S2G,2248,5/29/26 20:45,54.669,
Plot Title: 3S2G,2249,5/29/26 21:00,54.322,
Plot Title: 3S2G,2250,5/29/26 21:15,54.147,
Plot Title: 3S2G,2251,5/29/26 21:30,53.973,
Plot Title: 3S2G,2252,5/29/26 21:45,53.798,
Plot Title: 3S2G,2253,5/29/26 22:00,53.623,
Plot Title: 3S2G,2254,5/29/26 22:15,53.449,
Plot Title: 3S2G,2255,5/29/26 22:30,53.274,
Plot Title: 3S2G,2256,5/29/26 22:45,53.1,
Plot Title: 3S2G,2257,5/29/26 23:00,52.925,
Plot Title: 3S2G,2258,5/29/26 23:15,52.75,
Plot Title: 3S2G,2259,5/29/26 23:30,52.576,
Plot Title: 3S2G,2260,5/29/26 23:45,52.401,
Plot Title: 3S2G,2261,5/30/26 00:00,52.05,
Plot Title: 3S2G,2262,5/30/26 00:15,51.874,
Plot Title: 3S2G,2263,5/30/26 00:30,51.523,
Plot Title: 3S2G,2264,5/30/26 00:45,51.346,
Plot Title: 3S2G,2265,5/30/26 01:00,51.172,
Plot Title: 3S2G,2266,5/30/26 01:15,50.995,
Plot Title: 3S2G,2267,5/30/26 01:30,50.819,
Plot Title: 3S2G,2268,5/30/26 01:45,50.466,
Plot Title: 3S2G,2269,5/30/26 02:00,49.937,
Plot Title: 3S2G,2270,5/30/26 02:15,49.404,
Plot Title: 3S2G,2271,5/30/26 02:30,49.05,
Plot Title: 3S2G,2272,5/30/26 02:45,48.871,
Plot Title: 3S2G,2273,5/30/26 03:00,48.695,
Plot Title: 3S2G,2274,5/30/26 03:15,48.517,
Plot Title: 3S2G,2275,5/30/26 03:30,48.16,
Plot Title: 3S2G,2276,5/30/26 03:45,47.982,
Plot Title: 3S2G,2277,5/30/26 04:00,47.802,
Plot Title: 3S2G,2278,5/30/26 04:15,47.624,
Plot Title: 3S2G,2279,5/30/26 04:30,47.802,
Plot Title: 3S2G,2280,5/30/26 04:45,47.802,
Plot Title: 3S2G,2281,5/30/26 05:00,47.982,
Plot Title: 3S2G,2282,5/30/26 05:15,47.982,
Plot Title: 3S2G,2283,5/30/26 05:30,48.16,
Plot Title: 3S2G,2284,5/30/26 05:45,48.16,
Plot Title: 3S2G,2285,5/30/26 06:00,47.982,
Plot Title: 3S2G,2286,5/30/26 06:15,47.982,
Plot Title: 3S2G,2287,5/30/26 06:30,48.16,
Plot Title: 3S2G,2288,5/30/26 06:45,48.16,
Plot Title: 3S2G,2289,5/30/26 07:00,48.339,
Plot Title: 3S2G,2290,5/30/26 07:15,48.695,
Plot Title: 3S2G,2291,5/30/26 07:30,49.05,
Plot Title: 3S2G,2292,5/30/26 07:45,49.228,
Plot Title: 3S2G,2293,5/30/26 08:00,49.228,
Plot Title: 3S2G,2294,5/30/26 08:15,49.05,
Plot Title: 3S2G,2295,5/30/26 08:30,48.871,
Plot Title: 3S2G,2296,5/30/26 08:45,48.871,
Plot Title: 3S2G,2297,5/30/26 09:00,48.695,
Plot Title: 3S2G,2298,5/30/26 09:15,48.517,
Plot Title: 3S2G,2299,5/30/26 09:30,48.695,
Plot Title: 3S2G,2300,5/30/26 09:45,49.228,
Plot Title: 3S2G,2301,5/30/26 10:00,48.871,
Plot Title: 3S2G,2302,5/30/26 10:15,48.695,
Plot Title: 3S2G,2303,5/30/26 10:30,49.05,
Plot Title: 3S2G,2304,5/30/26 10:45,49.228,
Plot Title: 3S2G,2305,5/30/26 11:00,49.228,
Plot Title: 3S2G,2306,5/30/26 11:15,49.05,
Plot Title: 3S2G,2307,5/30/26 11:30,49.05,
Plot Title: 3S2G,2308,5/30/26 11:45,48.871,
Plot Title: 3S2G,2309,5/30/26 12:00,49.05,
Plot Title: 3S2G,2310,5/30/26 12:15,49.228,
Plot Title: 3S2G,2311,5/30/26 12:30,49.228,
Plot Title: 3S2G,2312,5/30/26 12:45,49.05,
Plot Title: 3S2G,2313,5/30/26 13:00,49.404,
Plot Title: 3S2G,2314,5/30/26 13:15,49.404,
Plot Title: 3S2G,2315,5/30/26 13:30,49.404,
Plot Title: 3S2G,2316,5/30/26 13:45,49.404,
Plot Title: 3S2G,2317,5/30/26 14:00,49.582,
Plot Title: 3S2G,2318,5/30/26 14:15,49.759,
Plot Title: 3S2G,2319,5/30/26 14:30,49.759,
Plot Title: 3S2G,2320,5/30/26 14:45,49.404,
Plot Title: 3S2G,2321,5/30/26 15:00,49.759,
Plot Title: 3S2G,2322,5/30/26 15:15,49.759,
Plot Title: 3S2G,2323,5/30/26 15:30,49.404,
Plot Title: 3S2G,2324,5/30/26 15:45,49.228,
Plot Title: 3S2G,2325,5/30/26 16:00,49.404,
Plot Title: 3S2G,2326,5/30/26 16:15,50.113,
Plot Title: 3S2G,2327,5/30/26 16:30,51.172,
Plot Title: 3S2G,2328,5/30/26 16:45,50.995,
Plot Title: 3S2G,2329,5/30/26 17:00,50.29,
Plot Title: 3S2G,2330,5/30/26 17:15,50.29,
Plot Title: 3S2G,2331,5/30/26 17:30,50.113,
Plot Title: 3S2G,2332,5/30/26 17:45,49.937,
Plot Title: 3S2G,2333,5/30/26 18:00,49.759,
Plot Title: 3S2G,2334,5/30/26 18:15,49.759,
Plot Title: 3S2G,2335,5/30/26 18:30,49.759,
Plot Title: 3S2G,2336,5/30/26 18:45,49.582,
Plot Title: 3S2G,2337,5/30/26 19:00,49.228,
Plot Title: 3S2G,2338,5/30/26 19:15,48.871,
Plot Title: 3S2G,2339,5/30/26 19:30,48.695,
Plot Title: 3S2G,2340,5/30/26 19:45,48.517,
Plot Title: 3S2G,2341,5/30/26 20:00,48.16,
Plot Title: 3S2G,2342,5/30/26 20:15,47.982,
Plot Title: 3S2G,2343,5/30/26 20:30,47.802,
Plot Title: 3S2G,2344,5/30/26 20:45,47.624,
Plot Title: 3S2G,2345,5/30/26 21:00,47.446,
Plot Title: 3S2G,2346,5/30/26 21:15,47.266,
Plot Title: 3S2G,2347,5/30/26 21:30,47.088,
Plot Title: 3S2G,2348,5/30/26 21:45,46.728,
Plot Title: 3S2G,2349,5/30/26 22:00,46.728,
Plot Title: 3S2G,2350,5/30/26 22:15,46.548,
Plot Title: 3S2G,2351,5/30/26 22:30,46.369,
Plot Title: 3S2G,2352,5/30/26 22:45,46.188,
Plot Title: 3S2G,2353,5/30/26 23:00,46.008,
Plot Title: 3S2G,2354,5/30/26 23:15,45.648,
Plot Title: 3S2G,2355,5/30/26 23:30,45.648,
Plot Title: 3S2G,2356,5/30/26 23:45,45.466,
Plot Title: 3S2G,2357,5/31/26 00:00,45.286,
Plot Title: 3S2G,2358,5/31/26 00:15,45.104,
Plot Title: 3S2G,2359,5/31/26 00:30,44.922,
Plot Title: 3S2G,2360,5/31/26 00:45,44.922,
Plot Title: 3S2G,2361,5/31/26 01:00,44.742,
Plot Title: 3S2G,2362,5/31/26 01:15,44.742,
Plot Title: 3S2G,2363,5/31/26 01:30,44.742,
Plot Title: 3S2G,2364,5/31/26 01:45,44.56,
Plot Title: 3S2G,2365,5/31/26 02:00,44.56,
Plot Title: 3S2G,2366,5/31/26 02:15,44.379,
Plot Title: 3S2G,2367,5/31/26 02:30,44.379,
Plot Title: 3S2G,2368,5/31/26 02:45,44.379,
Plot Title: 3S2G,2369,5/31/26 03:00,44.195,
Plot Title: 3S2G,2370,5/31/26 03:15,44.195,
Plot Title: 3S2G,2371,5/31/26 03:30,44.013,
Plot Title: 3S2G,2372,5/31/26 03:45,44.013,
Plot Title: 3S2G,2373,5/31/26 04:00,44.013,
Plot Title: 3S2G,2374,5/31/26 04:15,43.831,
Plot Title: 3S2G,2375,5/31/26 04:30,43.831,
Plot Title: 3S2G,2376,5/31/26 04:45,43.831,
Plot Title: 3S2G,2377,5/31/26 05:00,43.648,
Plot Title: 3S2G,2378,5/31/26 05:15,43.648,
Plot Title: 3S2G,2379,5/31/26 05:30,43.466,
Plot Title: 3S2G,2380,5/31/26 05:45,43.466,
Plot Title: 3S2G,2381,5/31/26 06:00,43.466,
Plot Title: 3S2G,2382,5/31/26 06:15,43.466,
Plot Title: 3S2G,2383,5/31/26 06:30,43.466,
Plot Title: 3S2G,2384,5/31/26 06:45,43.282,
Plot Title: 3S2G,2385,5/31/26 07:00,43.282,
Plot Title: 3S2G,2386,5/31/26 07:15,43.282,
Plot Title: 3S2G,2387,5/31/26 07:30,43.282,
Plot Title: 3S2G,2388,5/31/26 07:45,43.099,
Plot Title: 3S2G,2389,5/31/26 08:00,43.099,
Plot Title: 3S2G,2390,5/31/26 08:15,42.915,
Plot Title: 3S2G,2391,5/31/26 08:30,43.099,
Plot Title: 3S2G,2392,5/31/26 08:45,43.099,
Plot Title: 3S2G,2393,5/31/26 09:00,43.282,
Plot Title: 3S2G,2394,5/31/26 09:15,43.648,
Plot Title: 3S2G,2395,5/31/26 09:30,44.013,
Plot Title: 3S2G,2396,5/31/26 09:45,44.195,
Plot Title: 3S2G,2397,5/31/26 10:00,44.56,
Plot Title: 3S2G,2398,5/31/26 10:15,45.104,
Plot Title: 3S2G,2399,5/31/26 10:30,45.466,
Plot Title: 3S2G,2400,5/31/26 10:45,45.828,
Plot Title: 3S2G,2401,5/31/26 11:00,45.828,
Plot Title: 3S2G,2402,5/31/26 11:15,46.008,
Plot Title: 3S2G,2403,5/31/26 11:30,46.008,
Plot Title: 3S2G,2404,5/31/26 11:45,46.008,
Plot Title: 3S2G,2405,5/31/26 12:00,46.188,
Plot Title: 3S2G,2406,5/31/26 12:15,46.548,
Plot Title: 3S2G,2407,5/31/26 12:30,46.908,
Plot Title: 3S2G,2408,5/31/26 12:45,46.188,
Plot Title: 3S2G,2409,5/31/26 13:00,46.188,
Plot Title: 3S2G,2410,5/31/26 13:15,46.548,
Plot Title: 3S2G,2411,5/31/26 13:30,46.908,
Plot Title: 3S2G,2412,5/31/26 13:45,47.088,
Plot Title: 3S2G,2413,5/31/26 14:00,46.908,
Plot Title: 3S2G,2414,5/31/26 14:15,47.266,
Plot Title: 3S2G,2415,5/31/26 14:30,47.266,
Plot Title: 3S2G,2416,5/31/26 14:45,46.369,
Plot Title: 3S2G,2417,5/31/26 15:00,46.369,
Plot Title: 3S2G,2418,5/31/26 15:15,46.908,
Plot Title: 3S2G,2419,5/31/26 15:30,46.728,
Plot Title: 3S2G,2420,5/31/26 15:45,46.188,
Plot Title: 3S2G,2421,5/31/26 16:00,45.828,
Plot Title: 3S2G,2422,5/31/26 16:15,45.466,
Plot Title: 3S2G,2423,5/31/26 16:30,45.466,
Plot Title: 3S2G,2424,5/31/26 16:45,45.648,
Plot Title: 3S2G,2425,5/31/26 17:00,45.648,
Plot Title: 3S2G,2426,5/31/26 17:15,45.828,
Plot Title: 3S2G,2427,5/31/26 17:30,46.369,
Plot Title: 3S2G,2428,5/31/26 17:45,46.369,
Plot Title: 3S2G,2429,5/31/26 18:00,46.188,
Plot Title: 3S2G,2430,5/31/26 18:15,45.648,
Plot Title: 3S2G,2431,5/31/26 18:30,45.286,
Plot Title: 3S2G,2432,5/31/26 18:45,44.922,
Plot Title: 3S2G,2433,5/31/26 19:00,44.56,
Plot Title: 3S2G,2434,5/31/26 19:15,44.379,
Plot Title: 3S2G,2435,5/31/26 19:30,44.195,
Plot Title: 3S2G,2436,5/31/26 19:45,44.013,
Plot Title: 3S2G,2437,5/31/26 20:00,43.831,
Plot Title: 3S2G,2438,5/31/26 20:15,43.466,
Plot Title: 3S2G,2439,5/31/26 20:30,43.282,
Plot Title: 3S2G,2440,5/31/26 20:45,42.915,
Plot Title: 3S2G,2441,5/31/26 21:00,42.732,
Plot Title: 3S2G,2442,5/31/26 21:15,42.548,
Plot Title: 3S2G,2443,5/31/26 21:30,42.548,
Plot Title: 3S2G,2444,5/31/26 21:45,42.363,
Plot Title: 3S2G,2445,5/31/26 22:00,42.179,
Plot Title: 3S2G,2446,5/31/26 22:15,41.994,
Plot Title: 3S2G,2447,5/31/26 22:30,41.81,
Plot Title: 3S2G,2448,5/31/26 22:45,41.81,
Plot Title: 3S2G,2449,5/31/26 23:00,41.625,
Plot Title: 3S2G,2450,5/31/26 23:15,41.625,
Plot Title: 3S2G,2451,5/31/26 23:30,41.625,
Plot Title: 3S2G,2452,5/31/26 23:45,41.254,
Plot Title: 3S2G,2453,6/1/26 00:00,41.067,
Plot Title: 3S2G,2454,6/1/26 00:15,41.067,
Plot Title: 3S2G,2455,6/1/26 00:30,41.067,
Plot Title: 3S2G,2456,6/1/26 00:45,41.067,
Plot Title: 3S2G,2457,6/1/26 01:00,40.881,
Plot Title: 3S2G,2458,6/1/26 01:15,40.696,
Plot Title: 3S2G,2459,6/1/26 01:30,40.509,
Plot Title: 3S2G,2460,6/1/26 01:45,40.509,
Plot Title: 3S2G,2461,6/1/26 02:00,40.509,
Plot Title: 3S2G,2462,6/1/26 02:15,40.509,
Plot Title: 3S2G,2463,6/1/26 02:30,40.321,
Plot Title: 3S2G,2464,6/1/26 02:45,40.321,
Plot Title: 3S2G,2465,6/1/26 03:00,40.321,
Plot Title: 3S2G,2466,6/1/26 03:15,40.134,
Plot Title: 3S2G,2467,6/1/26 03:30,39.573,
Plot Title: 3S2G,2468,6/1/26 03:45,39.384,
Plot Title: 3S2G,2469,6/1/26 04:00,39.384,
Plot Title: 3S2G,2470,6/1/26 04:15,39.384,
Plot Title: 3S2G,2471,6/1/26 04:30,39.384,
Plot Title: 3S2G,2472,6/1/26 04:45,39.196,
Plot Title: 3S2G,2473,6/1/26 05:00,39.007,
Plot Title: 3S2G,2474,6/1/26 05:15,38.818,
Plot Title: 3S2G,2475,6/1/26 05:30,38.629,
Plot Title: 3S2G,2476,6/1/26 05:45,38.44,
Plot Title: 3S2G,2477,6/1/26 06:00,38.44,
Plot Title: 3S2G,2478,6/1/26 06:15,38.44,
Plot Title: 3S2G,2479,6/1/26 06:30,38.629,
Plot Title: 3S2G,2480,6/1/26 06:45,38.818,
Plot Title: 3S2G,2481,6/1/26 07:00,39.196,
Plot Title: 3S2G,2482,6/1/26 07:15,39.573,
Plot Title: 3S2G,2483,6/1/26 07:30,40.321,
Plot Title: 3S2G,2484,6/1/26 07:45,40.881,
Plot Title: 3S2G,2485,6/1/26 08:00,41.254,
Plot Title: 3S2G,2486,6/1/26 08:15,41.81,
Plot Title: 3S2G,2487,6/1/26 08:30,42.179,
Plot Title: 3S2G,2488,6/1/26 08:45,43.282,
Plot Title: 3S2G,2489,6/1/26 09:00,43.466,
Plot Title: 3S2G,2490,6/1/26 09:15,44.013,
Plot Title: 3S2G,2491,6/1/26 09:30,44.195,
Plot Title: 3S2G,2492,6/1/26 09:45,44.922,
Plot Title: 3S2G,2493,6/1/26 10:00,50.643,
Plot Title: 3S2G,2494,6/1/26 10:15,61.398,
Plot Title: 3S2G,2495,6/1/26 10:30,65.851,
Plot Title: 3S2G,2496,6/1/26 10:45,69.278,
Plot Title: 3S2G,2497,6/1/26 11:00,72.718,
Plot Title: 3S2G,2498,6/1/26 11:15,75.484,
Plot Title: 3S2G,2499,6/1/26 11:30,77.4,
Plot Title: 3S2G,2500,6/1/26 11:45,77.923,
Plot Title: 3S2G,2501,6/1/26 12:00,76.006,
Plot Title: 3S2G,2502,6/1/26 12:15,76.703,
Plot Title: 3S2G,2503,6/1/26 12:30,78.975,
Plot Title: 3S2G,2504,6/1/26 12:45,80.735,
Plot Title: 3S2G,2505,6/1/26 13:00,80.911,
Plot Title: 3S2G,2506,6/1/26 13:15,81.975,
Plot Title: 3S2G,2507,6/1/26 13:30,80.206,
Plot Title: 3S2G,2508,6/1/26 13:45,72.891,
Plot Title: 3S2G,2509,6/1/26 14:00,66.022,
Plot Title: 3S2G,2510,6/1/26 14:15,63.968,
Plot Title: 3S2G,2511,6/1/26 14:30,62.254,
Plot Title: 3S2G,2512,6/1/26 14:45,61.741,
Plot Title: 3S2G,2513,6/1/26 15:00,60.024,
Plot Title: 3S2G,2514,6/1/26 15:15,57.958,
Plot Title: 3S2G,2515,6/1/26 15:30,57.096,
Plot Title: 3S2G,2516,6/1/26 15:45,57.614,
Plot Title: 3S2G,2517,6/1/26 16:00,57.441,
Plot Title: 3S2G,2518,6/1/26 16:15,56.577,
Plot Title: 3S2G,2519,6/1/26 16:30,56.577,
Plot Title: 3S2G,2520,6/1/26 16:45,55.537,
Plot Title: 3S2G,2521,6/1/26 17:00,54.842,
Plot Title: 3S2G,2522,6/1/26 17:15,54.322,
Plot Title: 3S2G,2523,6/1/26 17:30,53.623,
Plot Title: 3S2G,2524,6/1/26 17:45,53.449,
Plot Title: 3S2G,2525,6/1/26 18:00,53.1,
Plot Title: 3S2G,2526,6/1/26 18:15,52.576,
Plot Title: 3S2G,2527,6/1/26 18:30,50.995,
Plot Title: 3S2G,2528,6/1/26 18:45,47.446,
Plot Title: 3S2G,2529,6/1/26 19:00,46.728,
Plot Title: 3S2G,2530,6/1/26 19:15,46.369,
Plot Title: 3S2G,2531,6/1/26 19:30,47.446,
Plot Title: 3S2G,2532,6/1/26 19:45,47.802,
Plot Title: 3S2G,2533,6/1/26 20:00,47.802,
Plot Title: 3S2G,2534,6/1/26 20:15,47.446,
Plot Title: 3S2G,2535,6/1/26 20:30,47.088,
Plot Title: 3S2G,2536,6/1/26 20:45,46.548,
Plot Title: 3S2G,2537,6/1/26 21:00,46.008,
Plot Title: 3S2G,2538,6/1/26 21:15,45.466,
Plot Title: 3S2G,2539,6/1/26 21:30,45.286,
Plot Title: 3S2G,2540,6/1/26 21:45,45.104,
Plot Title: 3S2G,2541,6/1/26 22:00,44.742,
Plot Title: 3S2G,2542,6/1/26 22:15,44.56,
Plot Title: 3S2G,2543,6/1/26 22:30,44.379,
Plot Title: 3S2G,2544,6/1/26 22:45,44.195,
Plot Title: 3S2G,2545,6/1/26 23:00,44.013,
Plot Title: 3S2G,2546,6/1/26 23:15,43.831,
Plot Title: 3S2G,2547,6/1/26 23:30,43.831,
Plot Title: 3S2G,2548,6/1/26 23:45,43.831,
Plot Title: 3S2G,2549,6/2/26 00:00,44.013,
Plot Title: 3S2G,2550,6/2/26 00:15,43.831,
Plot Title: 3S2G,2551,6/2/26 00:30,43.648,
Plot Title: 3S2G,2552,6/2/26 00:45,43.466,
Plot Title: 3S2G,2553,6/2/26 01:00,43.099,
Plot Title: 3S2G,2554,6/2/26 01:15,42.915,
Plot Title: 3S2G,2555,6/2/26 01:30,42.915,
Plot Title: 3S2G,2556,6/2/26 01:45,42.548,
Plot Title: 3S2G,2557,6/2/26 02:00,42.363,
Plot Title: 3S2G,2558,6/2/26 02:15,41.994,
Plot Title: 3S2G,2559,6/2/26 02:30,41.81,
Plot Title: 3S2G,2560,6/2/26 02:45,41.625,
Plot Title: 3S2G,2561,6/2/26 03:00,41.439,
Plot Title: 3S2G,2562,6/2/26 03:15,41.439,
Plot Title: 3S2G,2563,6/2/26 03:30,41.254,
Plot Title: 3S2G,2564,6/2/26 03:45,41.439,
Plot Title: 3S2G,2565,6/2/26 04:00,41.439,
Plot Title: 3S2G,2566,6/2/26 04:15,41.439,
Plot Title: 3S2G,2567,6/2/26 04:30,41.439,
Plot Title: 3S2G,2568,6/2/26 04:45,41.439,
Plot Title: 3S2G,2569,6/2/26 05:00,41.439,
Plot Title: 3S2G,2570,6/2/26 05:15,41.439,
Plot Title: 3S2G,2571,6/2/26 05:30,41.254,
Plot Title: 3S2G,2572,6/2/26 05:45,41.067,
Plot Title: 3S2G,2573,6/2/26 06:00,41.067,
Plot Title: 3S2G,2574,6/2/26 06:15,41.067,
Plot Title: 3S2G,2575,6/2/26 06:30,41.067,
Plot Title: 3S2G,2576,6/2/26 06:45,41.067,
Plot Title: 3S2G,2577,6/2/26 07:00,41.439,
Plot Title: 3S2G,2578,6/2/26 07:15,41.81,
Plot Title: 3S2G,2579,6/2/26 07:30,42.179,
Plot Title: 3S2G,2580,6/2/26 07:45,42.548,
Plot Title: 3S2G,2581,6/2/26 08:00,43.099,
Plot Title: 3S2G,2582,6/2/26 08:15,43.466,
Plot Title: 3S2G,2583,6/2/26 08:30,44.742,
Plot Title: 3S2G,2584,6/2/26 08:45,44.922,
Plot Title: 3S2G,2585,6/2/26 09:00,45.466,
Plot Title: 3S2G,2586,6/2/26 09:15,46.008,
Plot Title: 3S2G,2587,6/2/26 09:30,46.008,
Plot Title: 3S2G,2588,6/2/26 09:45,46.369,
Plot Title: 3S2G,2589,6/2/26 10:00,50.113,
Plot Title: 3S2G,2590,6/2/26 10:15,59.164,
Plot Title: 3S2G,2591,6/2/26 10:30,63.626,
Plot Title: 3S2G,2592,6/2/26 10:45,62.94,
Plot Title: 3S2G,2593,6/2/26 11:00,63.968,
Plot Title: 3S2G,2594,6/2/26 11:15,64.996,
Plot Title: 3S2G,2595,6/2/26 11:30,69.964,
Plot Title: 3S2G,2596,6/2/26 11:45,70.137,
Plot Title: 3S2G,2597,6/2/26 12:00,67.05,
Plot Title: 3S2G,2598,6/2/26 12:15,71.856,
Plot Title: 3S2G,2599,6/2/26 12:30,74.964,
Plot Title: 3S2G,2600,6/2/26 12:45,77.749,
Plot Title: 3S2G,2601,6/2/26 13:00,78.098,
Plot Title: 3S2G,2602,6/2/26 13:15,77.574,
Plot Title: 3S2G,2603,6/2/26 13:30,73.062,
Plot Title: 3S2G,2604,6/2/26 13:45,72.891,
Plot Title: 3S2G,2605,6/2/26 14:00,66.366,
Plot Title: 3S2G,2606,6/2/26 14:15,63.797,
Plot Title: 3S2G,2607,6/2/26 14:30,62.254,
Plot Title: 3S2G,2608,6/2/26 14:45,61.227,
Plot Title: 3S2G,2609,6/2/26 15:00,60.368,
Plot Title: 3S2G,2610,6/2/26 15:15,59.68,
Plot Title: 3S2G,2611,6/2/26 15:30,59.164,
Plot Title: 3S2G,2612,6/2/26 15:45,58.82,
Plot Title: 3S2G,2613,6/2/26 16:00,58.476,
Plot Title: 3S2G,2614,6/2/26 16:15,58.131,
Plot Title: 3S2G,2615,6/2/26 16:30,57.785,
Plot Title: 3S2G,2616,6/2/26 16:45,57.441,
Plot Title: 3S2G,2617,6/2/26 17:00,57.268,
Plot Title: 3S2G,2618,6/2/26 17:15,57.096,
Plot Title: 3S2G,2619,6/2/26 17:30,56.23,
Plot Title: 3S2G,2620,6/2/26 17:45,55.711,
Plot Title: 3S2G,2621,6/2/26 18:00,55.189,
Plot Title: 3S2G,2622,6/2/26 18:15,54.669,
Plot Title: 3S2G,2623,6/2/26 18:30,53.973,
Plot Title: 3S2G,2624,6/2/26 18:45,53.623,
Plot Title: 3S2G,2625,6/2/26 19:00,52.925,
Plot Title: 3S2G,2626,6/2/26 19:15,52.75,
Plot Title: 3S2G,2627,6/2/26 19:30,52.401,
Plot Title: 3S2G,2628,6/2/26 19:45,52.05,
Plot Title: 3S2G,2629,6/2/26 20:00,51.874,
Plot Title: 3S2G,2630,6/2/26 20:15,51.346,
Plot Title: 3S2G,2631,6/2/26 20:30,50.466,
Plot Title: 3S2G,2632,6/2/26 20:45,49.937,
Plot Title: 3S2G,2633,6/2/26 21:00,49.582,
Plot Title: 3S2G,2634,6/2/26 21:15,49.05,
Plot Title: 3S2G,2635,6/2/26 21:30,48.517,
Plot Title: 3S2G,2636,6/2/26 21:45,48.16,
Plot Title: 3S2G,2637,6/2/26 22:00,47.982,
Plot Title: 3S2G,2638,6/2/26 22:15,47.982,
Plot Title: 3S2G,2639,6/2/26 22:30,47.802,
Plot Title: 3S2G,2640,6/2/26 22:45,47.446,
Plot Title: 3S2G,2641,6/2/26 23:00,47.088,
Plot Title: 3S2G,2642,6/2/26 23:15,46.728,
Plot Title: 3S2G,2643,6/2/26 23:30,46.548,
Plot Title: 3S2G,2644,6/2/26 23:45,46.369,
Plot Title: 3S2G,2645,6/3/26 00:00,46.188,
Plot Title: 3S2G,2646,6/3/26 00:15,46.008,
Plot Title: 3S2G,2647,6/3/26 00:30,46.008,
Plot Title: 3S2G,2648,6/3/26 00:45,45.648,
Plot Title: 3S2G,2649,6/3/26 01:00,45.466,
Plot Title: 3S2G,2650,6/3/26 01:15,45.286,
Plot Title: 3S2G,2651,6/3/26 01:30,45.104,
Plot Title: 3S2G,2652,6/3/26 01:45,45.104,
Plot Title: 3S2G,2653,6/3/26 02:00,44.742,
Plot Title: 3S2G,2654,6/3/26 02:15,44.56,
Plot Title: 3S2G,2655,6/3/26 02:30,44.379,
Plot Title: 3S2G,2656,6/3/26 02:45,44.195,
Plot Title: 3S2G,2657,6/3/26 03:00,44.013,
Plot Title: 3S2G,2658,6/3/26 03:15,43.831,
Plot Title: 3S2G,2659,6/3/26 03:30,43.648,
Plot Title: 3S2G,2660,6/3/26 03:45,43.648,
Plot Title: 3S2G,2661,6/3/26 04:00,43.466,
Plot Title: 3S2G,2662,6/3/26 04:15,43.466,
Plot Title: 3S2G,2663,6/3/26 04:30,43.282,
Plot Title: 3S2G,2664,6/3/26 04:45,43.099,
Plot Title: 3S2G,2665,6/3/26 05:00,42.915,
Plot Title: 3S2G,2666,6/3/26 05:15,42.732,
Plot Title: 3S2G,2667,6/3/26 05:30,42.548,
Plot Title: 3S2G,2668,6/3/26 05:45,42.363,
Plot Title: 3S2G,2669,6/3/26 06:00,42.179,
Plot Title: 3S2G,2670,6/3/26 06:15,42.179,
Plot Title: 3S2G,2671,6/3/26 06:30,42.363,
Plot Title: 3S2G,2672,6/3/26 06:45,42.732,
Plot Title: 3S2G,2673,6/3/26 07:00,43.648,
Plot Title: 3S2G,2674,6/3/26 07:15,43.282,
Plot Title: 3S2G,2675,6/3/26 07:30,43.099,
Plot Title: 3S2G,2676,6/3/26 07:45,43.282,
Plot Title: 3S2G,2677,6/3/26 08:00,43.466,
Plot Title: 3S2G,2678,6/3/26 08:15,44.013,
Plot Title: 3S2G,2679,6/3/26 08:30,44.013,
Plot Title: 3S2G,2680,6/3/26 08:45,44.379,
Plot Title: 3S2G,2681,6/3/26 09:00,44.742,
Plot Title: 3S2G,2682,6/3/26 09:15,45.104,
Plot Title: 3S2G,2683,6/3/26 09:30,45.466,
Plot Title: 3S2G,2684,6/3/26 09:45,45.828,
Plot Title: 3S2G,2685,6/3/26 10:00,51.346,
Plot Title: 3S2G,2686,6/3/26 10:15,62.598,
Plot Title: 3S2G,2687,6/3/26 10:30,68.592,
Plot Title: 3S2G,2688,6/3/26 10:45,71.856,
Plot Title: 3S2G,2689,6/3/26 11:00,74.271,
Plot Title: 3S2G,2690,6/3/26 11:15,75.832,
Plot Title: 3S2G,2691,6/3/26 11:30,77.749,
Plot Title: 3S2G,2692,6/3/26 11:45,78.975,
Plot Title: 3S2G,2693,6/3/26 12:00,80.382,
Plot Title: 3S2G,2694,6/3/26 12:15,81.266,
Plot Title: 3S2G,2695,6/3/26 12:30,82.864,
Plot Title: 3S2G,2696,6/3/26 12:45,83.579,
Plot Title: 3S2G,2697,6/3/26 13:00,84.295,
Plot Title: 3S2G,2698,6/3/26 13:15,84.654,
Plot Title: 3S2G,2699,6/3/26 13:30,84.834,
Plot Title: 3S2G,2700,6/3/26 13:45,80.735,
Plot Title: 3S2G,2701,6/3/26 14:00,71.683,
Plot Title: 3S2G,2702,6/3/26 14:15,67.735,
Plot Title: 3S2G,2703,6/3/26 14:30,65.509,
Plot Title: 3S2G,2704,6/3/26 14:45,63.626,
Plot Title: 3S2G,2705,6/3/26 15:00,62.425,
Plot Title: 3S2G,2706,6/3/26 15:15,61.398,
Plot Title: 3S2G,2707,6/3/26 15:30,60.539,
Plot Title: 3S2G,2708,6/3/26 15:45,59.851,
Plot Title: 3S2G,2709,6/3/26 16:00,59.164,
Plot Title: 3S2G,2710,6/3/26 16:15,58.476,
Plot Title: 3S2G,2711,6/3/26 16:30,57.958,
Plot Title: 3S2G,2712,6/3/26 16:45,57.785,
Plot Title: 3S2G,2713,6/3/26 17:00,58.131,
Plot Title: 3S2G,2714,6/3/26 17:15,58.476,
Plot Title: 3S2G,2715,6/3/26 17:30,58.131,
Plot Title: 3S2G,2716,6/3/26 17:45,57.958,
Plot Title: 3S2G,2717,6/3/26 18:00,57.785,
Plot Title: 3S2G,2718,6/3/26 18:15,57.785,
Plot Title: 3S2G,2719,6/3/26 18:30,57.441,
Plot Title: 3S2G,2720,6/3/26 18:45,57.268,
Plot Title: 3S2G,2721,6/3/26 19:00,56.923,
Plot Title: 3S2G,2722,6/3/26 19:15,56.404,
Plot Title: 3S2G,2723,6/3/26 19:30,56.057,
Plot Title: 3S2G,2724,6/3/26 19:45,55.537,
Plot Title: 3S2G,2725,6/3/26 20:00,55.017,
Plot Title: 3S2G,2726,6/3/26 20:15,54.669,
Plot Title: 3S2G,2727,6/3/26 20:30,53.973,
Plot Title: 3S2G,2728,6/3/26 20:45,53.449,
Plot Title: 3S2G,2729,6/3/26 21:00,53.1,
Plot Title: 3S2G,2730,6/3/26 21:15,53.1,
Plot Title: 3S2G,2731,6/3/26 21:30,52.75,
Plot Title: 3S2G,2732,6/3/26 21:45,52.576,
Plot Title: 3S2G,2733,6/3/26 22:00,52.225,
Plot Title: 3S2G,2734,6/3/26 22:15,51.874,
Plot Title: 3S2G,2735,6/3/26 22:30,51.699,
Plot Title: 3S2G,2736,6/3/26 22:45,51.346,
Plot Title: 3S2G,2737,6/3/26 23:00,51.172,
Plot Title: 3S2G,2738,6/3/26 23:15,50.819,
Plot Title: 3S2G,2739,6/3/26 23:30,50.29,
Plot Title: 3S2G,2740,6/3/26 23:45,49.937,
Plot Title: 3S2G,2741,6/4/26 00:00,49.937,
Plot Title: 3S2G,2742,6/4/26 00:15,49.759,
Plot Title: 3S2G,2743,6/4/26 00:30,49.937,
Plot Title: 3S2G,2744,6/4/26 00:45,49.759,
Plot Title: 3S2G,2745,6/4/26 01:00,49.404,
Plot Title: 3S2G,2746,6/4/26 01:15,49.404,
Plot Title: 3S2G,2747,6/4/26 01:30,49.404,
Plot Title: 3S2G,2748,6/4/26 01:45,49.404,
Plot Title: 3S2G,2749,6/4/26 02:00,49.404,
Plot Title: 3S2G,2750,6/4/26 02:15,49.404,
Plot Title: 3S2G,2751,6/4/26 02:30,49.05,
Plot Title: 3S2G,2752,6/4/26 02:45,48.695,
Plot Title: 3S2G,2753,6/4/26 03:00,48.695,
Plot Title: 3S2G,2754,6/4/26 03:15,48.517,
Plot Title: 3S2G,2755,6/4/26 03:30,48.339,
Plot Title: 3S2G,2756,6/4/26 03:45,48.16,
Plot Title: 3S2G,2757,6/4/26 04:00,47.982,
Plot Title: 3S2G,2758,6/4/26 04:15,47.624,
Plot Title: 3S2G,2759,6/4/26 04:30,47.266,
Plot Title: 3S2G,2760,6/4/26 04:45,47.088,
Plot Title: 3S2G,2761,6/4/26 05:00,46.908,
Plot Title: 3S2G,2762,6/4/26 05:15,46.728,
Plot Title: 3S2G,2763,6/4/26 05:30,46.548,
Plot Title: 3S2G,2764,6/4/26 05:45,46.548,
Plot Title: 3S2G,2765,6/4/26 06:00,46.548,
Plot Title: 3S2G,2766,6/4/26 06:15,46.908,
Plot Title: 3S2G,2767,6/4/26 06:30,47.266,
Plot Title: 3S2G,2768,6/4/26 06:45,47.266,
Plot Title: 3S2G,2769,6/4/26 07:00,47.802,
Plot Title: 3S2G,2770,6/4/26 07:15,48.16,
Plot Title: 3S2G,2771,6/4/26 07:30,49.228,
Plot Title: 3S2G,2772,6/4/26 07:45,49.937,
Plot Title: 3S2G,2773,6/4/26 08:00,50.113,
Plot Title: 3S2G,2774,6/4/26 08:15,50.29,
Plot Title: 3S2G,2775,6/4/26 08:30,50.466,
Plot Title: 3S2G,2776,6/4/26 08:45,50.819,
Plot Title: 3S2G,2777,6/4/26 09:00,50.995,
Plot Title: 3S2G,2778,6/4/26 09:15,51.346,
Plot Title: 3S2G,2779,6/4/26 09:30,52.05,
Plot Title: 3S2G,2780,6/4/26 09:45,52.401,
Plot Title: 3S2G,2781,6/4/26 10:00,57.785,
Plot Title: 3S2G,2782,6/4/26 10:15,58.131,
Plot Title: 3S2G,2783,6/4/26 10:30,56.404,
Plot Title: 3S2G,2784,6/4/26 10:45,59.337,
Plot Title: 3S2G,2785,6/4/26 11:00,57.614,
Plot Title: 3S2G,2786,6/4/26 11:15,60.368,
Plot Title: 3S2G,2787,6/4/26 11:30,57.096,
Plot Title: 3S2G,2788,6/4/26 11:45,58.993,
Plot Title: 3S2G,2789,6/4/26 12:00,68.248,
Plot Title: 3S2G,2790,6/4/26 12:15,67.735,
Plot Title: 3S2G,2791,6/4/26 12:30,72.891,
Plot Title: 3S2G,2792,6/4/26 12:45,74.619,
Plot Title: 3S2G,2793,6/4/26 13:00,70.824,
Plot Title: 3S2G,2794,6/4/26 13:15,72.891,
Plot Title: 3S2G,2795,6/4/26 13:30,77.4,
Plot Title: 3S2G,2796,6/4/26 13:45,77.225,
Plot Title: 3S2G,2797,6/4/26 14:00,69.793,
Plot Title: 3S2G,2798,6/4/26 14:15,66.537,
Plot Title: 3S2G,2799,6/4/26 14:30,64.825,
Plot Title: 3S2G,2800,6/4/26 14:45,63.626,
Plot Title: 3S2G,2801,6/4/26 15:00,62.94,
Plot Title: 3S2G,2802,6/4/26 15:15,61.569,
Plot Title: 3S2G,2803,6/4/26 15:30,60.712,
Plot Title: 3S2G,2804,6/4/26 15:45,60.195,
Plot Title: 3S2G,2805,6/4/26 16:00,59.851,
Plot Title: 3S2G,2806,6/4/26 16:15,59.337,
Plot Title: 3S2G,2807,6/4/26 16:30,58.82,
Plot Title: 3S2G,2808,6/4/26 16:45,58.476,
Plot Title: 3S2G,2809,6/4/26 17:00,58.303,
Plot Title: 3S2G,2810,6/4/26 17:15,57.785,
Plot Title: 3S2G,2811,6/4/26 17:30,57.268,
Plot Title: 3S2G,2812,6/4/26 17:45,56.75,
Plot Title: 3S2G,2813,6/4/26 18:00,56.23,
Plot Title: 3S2G,2814,6/4/26 18:15,55.537,
Plot Title: 3S2G,2815,6/4/26 18:30,55.189,
Plot Title: 3S2G,2816,6/4/26 18:45,54.495,
Plot Title: 3S2G,2817,6/4/26 19:00,53.973,
Plot Title: 3S2G,2818,6/4/26 19:15,53.623,
Plot Title: 3S2G,2819,6/4/26 19:30,53.274,
Plot Title: 3S2G,2820,6/4/26 19:45,52.925,
Plot Title: 3S2G,2821,6/4/26 20:00,52.576,
Plot Title: 3S2G,2822,6/4/26 20:15,52.225,
Plot Title: 3S2G,2823,6/4/26 20:30,51.874,
Plot Title: 3S2G,2824,6/4/26 20:45,51.523,
Plot Title: 3S2G,2825,6/4/26 21:00,51.172,
Plot Title: 3S2G,2826,6/4/26 21:15,50.819,
Plot Title: 3S2G,2827,6/4/26 21:30,50.466,
Plot Title: 3S2G,2828,6/4/26 21:45,50.29,
Plot Title: 3S2G,2829,6/4/26 22:00,50.113,
Plot Title: 3S2G,2830,6/4/26 22:15,49.759,
Plot Title: 3S2G,2831,6/4/26 22:30,49.582,
Plot Title: 3S2G,2832,6/4/26 22:45,49.404,
Plot Title: 3S2G,2833,6/4/26 23:00,49.228,
Plot Title: 3S2G,2834,6/4/26 23:15,49.05,
Plot Title: 3S2G,2835,6/4/26 23:30,48.871,
Plot Title: 3S2G,2836,6/4/26 23:45,48.695,
Plot Title: 3S2G,2837,6/5/26 00:00,48.517,
Plot Title: 3S2G,2838,6/5/26 00:15,48.339,
Plot Title: 3S2G,2839,6/5/26 00:30,48.16,
Plot Title: 3S2G,2840,6/5/26 00:45,47.982,
Plot Title: 3S2G,2841,6/5/26 01:00,47.802,
Plot Title: 3S2G,2842,6/5/26 01:15,47.624,
Plot Title: 3S2G,2843,6/5/26 01:30,47.446,
Plot Title: 3S2G,2844,6/5/26 01:45,47.266,
Plot Title: 3S2G,2845,6/5/26 02:00,47.088,
Plot Title: 3S2G,2846,6/5/26 02:15,46.908,
Plot Title: 3S2G,2847,6/5/26 02:30,46.728,
Plot Title: 3S2G,2848,6/5/26 02:45,46.548,
Plot Title: 3S2G,2849,6/5/26 03:00,46.369,
Plot Title: 3S2G,2850,6/5/26 03:15,46.369,
Plot Title: 3S2G,2851,6/5/26 03:30,46.188,
Plot Title: 3S2G,2852,6/5/26 03:45,46.008,
Plot Title: 3S2G,2853,6/5/26 04:00,45.828,
Plot Title: 3S2G,2854,6/5/26 04:15,45.648,
Plot Title: 3S2G,2855,6/5/26 04:30,45.286,
Plot Title: 3S2G,2856,6/5/26 04:45,45.286,
Plot Title: 3S2G,2857,6/5/26 05:00,45.104,
Plot Title: 3S2G,2858,6/5/26 05:15,44.922,
Plot Title: 3S2G,2859,6/5/26 05:30,44.742,
Plot Title: 3S2G,2860,6/5/26 05:45,44.742,
Plot Title: 3S2G,2861,6/5/26 06:00,44.742,
Plot Title: 3S2G,2862,6/5/26 06:15,44.742,
Plot Title: 3S2G,2863,6/5/26 06:30,44.742,
Plot Title: 3S2G,2864,6/5/26 06:45,44.922,
Plot Title: 3S2G,2865,6/5/26 07:00,46.188,
Plot Title: 3S2G,2866,6/5/26 07:15,45.828,
Plot Title: 3S2G,2867,6/5/26 07:30,45.648,
Plot Title: 3S2G,2868,6/5/26 07:45,45.828,
Plot Title: 3S2G,2869,6/5/26 08:00,46.188,
Plot Title: 3S2G,2870,6/5/26 08:15,46.369,
Plot Title: 3S2G,2871,6/5/26 08:30,46.369,
Plot Title: 3S2G,2872,6/5/26 08:45,46.369,
Plot Title: 3S2G,2873,6/5/26 09:00,46.728,
Plot Title: 3S2G,2874,6/5/26 09:15,46.908,
Plot Title: 3S2G,2875,6/5/26 09:30,47.266,
Plot Title: 3S2G,2876,6/5/26 09:45,47.624,
Plot Title: 3S2G,2877,6/5/26 10:00,54.322,
Plot Title: 3S2G,2878,6/5/26 10:15,64.825,
Plot Title: 3S2G,2879,6/5/26 10:30,69.622,
Plot Title: 3S2G,2880,6/5/26 10:45,72.718,
Plot Title: 3S2G,2881,6/5/26 11:00,75.832,
Plot Title: 3S2G,2882,6/5/26 11:15,78.975,
Plot Title: 3S2G,2883,6/5/26 11:30,81.621,
Plot Title: 3S2G,2884,6/5/26 11:45,84.115,
Plot Title: 3S2G,2885,6/5/26 12:00,86.459,
Plot Title: 3S2G,2886,6/5/26 12:15,88.466,
Plot Title: 3S2G,2887,6/5/26 12:30,90.124,
Plot Title: 3S2G,2888,6/5/26 12:45,91.425,
Plot Title: 3S2G,2889,6/5/26 13:00,91.8,
Plot Title: 3S2G,2890,6/5/26 13:15,92.55,
Plot Title: 3S2G,2891,6/5/26 13:30,92.926,
Plot Title: 3S2G,2892,6/5/26 13:45,88.833,
Plot Title: 3S2G,2893,6/5/26 14:00,77.923,
Plot Title: 3S2G,2894,6/5/26 14:15,72.718,
Plot Title: 3S2G,2895,6/5/26 14:30,69.964,
Plot Title: 3S2G,2896,6/5/26 14:45,68.077,
Plot Title: 3S2G,2897,6/5/26 15:00,66.366,
Plot Title: 3S2G,2898,6/5/26 15:15,64.996,
Plot Title: 3S2G,2899,6/5/26 15:30,63.968,
Plot Title: 3S2G,2900,6/5/26 15:45,63.282,
Plot Title: 3S2G,2901,6/5/26 16:00,62.598,
Plot Title: 3S2G,2902,6/5/26 16:15,61.741,
Plot Title: 3S2G,2903,6/5/26 16:30,60.883,
Plot Title: 3S2G,2904,6/5/26 16:45,60.195,
Plot Title: 3S2G,2905,6/5/26 17:00,59.851,
Plot Title: 3S2G,2906,6/5/26 17:15,59.337,
Plot Title: 3S2G,2907,6/5/26 17:30,58.647,
Plot Title: 3S2G,2908,6/5/26 17:45,58.131,
Plot Title: 3S2G,2909,6/5/26 18:00,57.614,
Plot Title: 3S2G,2910,6/5/26 18:15,57.268,
Plot Title: 3S2G,2911,6/5/26 18:30,56.75,
Plot Title: 3S2G,2912,6/5/26 18:45,56.404,
Plot Title: 3S2G,2913,6/5/26 19:00,56.057,
Plot Title: 3S2G,2914,6/5/26 19:15,55.711,
Plot Title: 3S2G,2915,6/5/26 19:30,55.364,
Plot Title: 3S2G,2916,6/5/26 19:45,55.189,
Plot Title: 3S2G,2917,6/5/26 20:00,54.842,
Plot Title: 3S2G,2918,6/5/26 20:15,54.495,
Plot Title: 3S2G,2919,6/5/26 20:30,54.322,
Plot Title: 3S2G,2920,6/5/26 20:45,54.147,
Plot Title: 3S2G,2921,6/5/26 21:00,53.798,
Plot Title: 3S2G,2922,6/5/26 21:15,53.449,
Plot Title: 3S2G,2923,6/5/26 21:30,53.274,
Plot Title: 3S2G,2924,6/5/26 21:45,52.925,
Plot Title: 3S2G,2925,6/5/26 22:00,52.576,
Plot Title: 3S2G,2926,6/5/26 22:15,52.401,
Plot Title: 3S2G,2927,6/5/26 22:30,52.225,
Plot Title: 3S2G,2928,6/5/26 22:45,51.874,
Plot Title: 3S2G,2929,6/5/26 23:00,51.699,
Plot Title: 3S2G,2930,6/5/26 23:15,51.523,
Plot Title: 3S2G,2931,6/5/26 23:30,51.346,
Plot Title: 3S2G,2932,6/5/26 23:45,51.172,
Plot Title: 3S2G,2933,6/6/26 00:00,50.995,
Plot Title: 3S2G,2934,6/6/26 00:15,50.819,
Plot Title: 3S2G,2935,6/6/26 00:30,50.643,
Plot Title: 3S2G,2936,6/6/26 00:45,50.29,
Plot Title: 3S2G,2937,6/6/26 01:00,49.937,
Plot Title: 3S2G,2938,6/6/26 01:15,49.759,
Plot Title: 3S2G,2939,6/6/26 01:30,49.582,
Plot Title: 3S2G,2940,6/6/26 01:45,49.404,
Plot Title: 3S2G,2941,6/6/26 02:00,49.228,
Plot Title: 3S2G,2942,6/6/26 02:15,49.05,
Plot Title: 3S2G,2943,6/6/26 02:30,48.871,
Plot Title: 3S2G,2944,6/6/26 02:45,48.695,
Plot Title: 3S2G,2945,6/6/26 03:00,48.517,
Plot Title: 3S2G,2946,6/6/26 03:15,48.339,
Plot Title: 3S2G,2947,6/6/26 03:30,48.16,
Plot Title: 3S2G,2948,6/6/26 03:45,48.16,
Plot Title: 3S2G,2949,6/6/26 04:00,47.982,
Plot Title: 3S2G,2950,6/6/26 04:15,47.802,
Plot Title: 3S2G,2951,6/6/26 04:30,47.624,
Plot Title: 3S2G,2952,6/6/26 04:45,47.624,
Plot Title: 3S2G,2953,6/6/26 05:00,47.446,
Plot Title: 3S2G,2954,6/6/26 05:15,47.266,
Plot Title: 3S2G,2955,6/6/26 05:30,47.266,
Plot Title: 3S2G,2956,6/6/26 05:45,47.266,
Plot Title: 3S2G,2957,6/6/26 06:00,47.266,
Plot Title: 3S2G,2958,6/6/26 06:15,47.266,
Plot Title: 3S2G,2959,6/6/26 06:30,47.624,
Plot Title: 3S2G,2960,6/6/26 06:45,48.339,
Plot Title: 3S2G,2961,6/6/26 07:00,48.871,
Plot Title: 3S2G,2962,6/6/26 07:15,49.228,
Plot Title: 3S2G,2963,6/6/26 07:30,49.759,
Plot Title: 3S2G,2964,6/6/26 07:45,50.29,
Plot Title: 3S2G,2965,6/6/26 08:00,50.819,
Plot Title: 3S2G,2966,6/6/26 08:15,51.699,
Plot Title: 3S2G,2967,6/6/26 08:30,52.576,
Plot Title: 3S2G,2968,6/6/26 08:45,52.925,
Plot Title: 3S2G,2969,6/6/26 09:00,52.401,
Plot Title: 3S2G,2970,6/6/26 09:15,53.1,
Plot Title: 3S2G,2971,6/6/26 09:30,52.576,
Plot Title: 3S2G,2972,6/6/26 09:45,52.75,
Plot Title: 3S2G,2973,6/6/26 10:00,52.576,
Plot Title: 3S2G,2974,6/6/26 10:15,52.75,
Plot Title: 3S2G,2975,6/6/26 10:30,52.75,
Plot Title: 3S2G,2976,6/6/26 10:45,52.925,
Plot Title: 3S2G,2977,6/6/26 11:00,54.669,
Plot Title: 3S2G,2978,6/6/26 11:15,56.923,
Plot Title: 3S2G,2979,6/6/26 11:30,63.455,
Plot Title: 3S2G,2980,6/6/26 11:45,63.111,
Plot Title: 3S2G,2981,6/6/26 12:00,62.598,
Plot Title: 3S2G,2982,6/6/26 12:15,64.481,
Plot Title: 3S2G,2983,6/6/26 12:30,62.425,
Plot Title: 3S2G,2984,6/6/26 12:45,62.769,
Plot Title: 3S2G,2985,6/6/26 13:00,65.338,
Plot Title: 3S2G,2986,6/6/26 13:15,66.193,
Plot Title: 3S2G,2987,6/6/26 13:30,64.139,
Plot Title: 3S2G,2988,6/6/26 13:45,63.455,
Plot Title: 3S2G,2989,6/6/26 14:00,63.626,
Plot Title: 3S2G,2990,6/6/26 14:15,63.282,
Plot Title: 3S2G,2991,6/6/26 14:30,63.111,
Plot Title: 3S2G,2992,6/6/26 14:45,62.598,
Plot Title: 3S2G,2993,6/6/26 15:00,61.741,
Plot Title: 3S2G,2994,6/6/26 15:15,60.368,
Plot Title: 3S2G,2995,6/6/26 15:30,59.851,
Plot Title: 3S2G,2996,6/6/26 15:45,59.508,
Plot Title: 3S2G,2997,6/6/26 16:00,58.82,
Plot Title: 3S2G,2998,6/6/26 16:15,58.82,
Plot Title: 3S2G,2999,6/6/26 16:30,58.476,
Plot Title: 3S2G,3000,6/6/26 16:45,58.131,
Plot Title: 3S2G,3001,6/6/26 17:00,57.785,
Plot Title: 3S2G,3002,6/6/26 17:15,57.614,
Plot Title: 3S2G,3003,6/6/26 17:30,56.75,
Plot Title: 3S2G,3004,6/6/26 17:45,55.884,
Plot Title: 3S2G,3005,6/6/26 18:00,55.537,
Plot Title: 3S2G,3006,6/6/26 18:15,55.189,
Plot Title: 3S2G,3007,6/6/26 18:30,54.322,
Plot Title: 3S2G,3008,6/6/26 18:45,54.322,
Plot Title: 3S2G,3009,6/6/26 19:00,53.973,
Plot Title: 3S2G,3010,6/6/26 19:15,53.449,
Plot Title: 3S2G,3011,6/6/26 19:30,53.449,
Plot Title: 3S2G,3012,6/6/26 19:45,52.925,
Plot Title: 3S2G,3013,6/6/26 20:00,52.576,
Plot Title: 3S2G,3014,6/6/26 20:15,52.05,
Plot Title: 3S2G,3015,6/6/26 20:30,51.699,
Plot Title: 3S2G,3016,6/6/26 20:45,51.346,
Plot Title: 3S2G,3017,6/6/26 21:00,50.995,
Plot Title: 3S2G,3018,6/6/26 21:15,50.466,
Plot Title: 3S2G,3019,6/6/26 21:30,49.937,
Plot Title: 3S2G,3020,6/6/26 21:45,49.582,
Plot Title: 3S2G,3021,6/6/26 22:00,49.228,
Plot Title: 3S2G,3022,6/6/26 22:15,49.05,
Plot Title: 3S2G,3023,6/6/26 22:30,48.871,
Plot Title: 3S2G,3024,6/6/26 22:45,48.695,
Plot Title: 3S2G,3025,6/6/26 23:00,48.695,
Plot Title: 3S2G,3026,6/6/26 23:15,48.695,
Plot Title: 3S2G,3027,6/6/26 23:30,48.695,
Plot Title: 3S2G,3028,6/6/26 23:45,48.517,
Plot Title: 3S2G,3029,6/7/26 00:00,48.339,
Plot Title: 3S2G,3030,6/7/26 00:15,48.339,
Plot Title: 3S2G,3031,6/7/26 00:30,48.16,
Plot Title: 3S2G,3032,6/7/26 00:45,47.982,
Plot Title: 3S2G,3033,6/7/26 01:00,47.802,
Plot Title: 3S2G,3034,6/7/26 01:15,47.624,
Plot Title: 3S2G,3035,6/7/26 01:30,47.446,
Plot Title: 3S2G,3036,6/7/26 01:45,47.266,
Plot Title: 3S2G,3037,6/7/26 02:00,47.088,
Plot Title: 3S2G,3038,6/7/26 02:15,46.908,
Plot Title: 3S2G,3039,6/7/26 02:30,46.728,
Plot Title: 3S2G,3040,6/7/26 02:45,46.728,
Plot Title: 3S2G,3041,6/7/26 03:00,46.728,
Plot Title: 3S2G,3042,6/7/26 03:15,46.548,
Plot Title: 3S2G,3043,6/7/26 03:30,46.369,
Plot Title: 3S2G,3044,6/7/26 03:45,46.548,
Plot Title: 3S2G,3045,6/7/26 04:00,46.369,
Plot Title: 3S2G,3046,6/7/26 04:15,46.369,
Plot Title: 3S2G,3047,6/7/26 04:30,46.369,
Plot Title: 3S2G,3048,6/7/26 04:45,46.548,
Plot Title: 3S2G,3049,6/7/26 05:00,46.728,
Plot Title: 3S2G,3050,6/7/26 05:15,46.728,
Plot Title: 3S2G,3051,6/7/26 05:30,46.369,
Plot Title: 3S2G,3052,6/7/26 05:45,46.188,
Plot Title: 3S2G,3053,6/7/26 06:00,46.008,
Plot Title: 3S2G,3054,6/7/26 06:15,46.008,
Plot Title: 3S2G,3055,6/7/26 06:30,46.188,
Plot Title: 3S2G,3056,6/7/26 06:45,46.188,
Plot Title: 3S2G,3057,6/7/26 07:00,47.266,
Plot Title: 3S2G,3058,6/7/26 07:15,46.548,
Plot Title: 3S2G,3059,6/7/26 07:30,46.188,
Plot Title: 3S2G,3060,6/7/26 07:45,46.188,
Plot Title: 3S2G,3061,6/7/26 08:00,46.188,
Plot Title: 3S2G,3062,6/7/26 08:15,46.188,
Plot Title: 3S2G,3063,6/7/26 08:30,46.188,
Plot Title: 3S2G,3064,6/7/26 08:45,46.548,
Plot Title: 3S2G,3065,6/7/26 09:00,47.266,
Plot Title: 3S2G,3066,6/7/26 09:15,47.088,
Plot Title: 3S2G,3067,6/7/26 09:30,47.088,
Plot Title: 3S2G,3068,6/7/26 09:45,47.446,
Plot Title: 3S2G,3069,6/7/26 10:00,48.695,
Plot Title: 3S2G,3070,6/7/26 10:15,53.449,
Plot Title: 3S2G,3071,6/7/26 10:30,53.623,
Plot Title: 3S2G,3072,6/7/26 10:45,55.537,
Plot Title: 3S2G,3073,6/7/26 11:00,60.712,
Plot Title: 3S2G,3074,6/7/26 11:15,67.564,
Plot Title: 3S2G,3075,6/7/26 11:30,70.308,
Plot Title: 3S2G,3076,6/7/26 11:45,73.926,
Plot Title: 3S2G,3077,6/7/26 12:00,77.225,
Plot Title: 3S2G,3078,6/7/26 12:15,75.659,
Plot Title: 3S2G,3079,6/7/26 12:30,72.718,
Plot Title: 3S2G,3080,6/7/26 12:45,71.168,
Plot Title: 3S2G,3081,6/7/26 13:00,68.592,
Plot Title: 3S2G,3082,6/7/26 13:15,63.968,
Plot Title: 3S2G,3083,6/7/26 13:30,62.254,
Plot Title: 3S2G,3084,6/7/26 13:45,60.195,
Plot Title: 3S2G,3085,6/7/26 14:00,57.785,
Plot Title: 3S2G,3086,6/7/26 14:15,56.23,
Plot Title: 3S2G,3087,6/7/26 14:30,54.669,
Plot Title: 3S2G,3088,6/7/26 14:45,53.449,
Plot Title: 3S2G,3089,6/7/26 15:00,52.401,
Plot Title: 3S2G,3090,6/7/26 15:15,51.699,
Plot Title: 3S2G,3091,6/7/26 15:30,51.172,
Plot Title: 3S2G,3092,6/7/26 15:45,50.995,
Plot Title: 3S2G,3093,6/7/26 16:00,50.466,
Plot Title: 3S2G,3094,6/7/26 16:15,49.759,
Plot Title: 3S2G,3095,6/7/26 16:30,49.404,
Plot Title: 3S2G,3096,6/7/26 16:45,49.228,
Plot Title: 3S2G,3097,6/7/26 17:00,48.517,
Plot Title: 3S2G,3098,6/7/26 17:15,47.802,
Plot Title: 3S2G,3099,6/7/26 17:30,47.446,
Plot Title: 3S2G,3100,6/7/26 17:45,47.802,
Plot Title: 3S2G,3101,6/7/26 18:00,48.871,
Plot Title: 3S2G,3102,6/7/26 18:15,48.871,
Plot Title: 3S2G,3103,6/7/26 18:30,47.982,
Plot Title: 3S2G,3104,6/7/26 18:45,46.728,
Plot Title: 3S2G,3105,6/7/26 19:00,46.188,
Plot Title: 3S2G,3106,6/7/26 19:15,45.828,
Plot Title: 3S2G,3107,6/7/26 19:30,45.648,
Plot Title: 3S2G,3108,6/7/26 19:45,45.648,
Plot Title: 3S2G,3109,6/7/26 20:00,45.466,
Plot Title: 3S2G,3110,6/7/26 20:15,45.104,
Plot Title: 3S2G,3111,6/7/26 20:30,44.742,
Plot Title: 3S2G,3112,6/7/26 20:45,44.56,
Plot Title: 3S2G,3113,6/7/26 21:00,44.56,
Plot Title: 3S2G,3114,6/7/26 21:15,44.379,
Plot Title: 3S2G,3115,6/7/26 21:30,44.195,
Plot Title: 3S2G,3116,6/7/26 21:45,44.013,
Plot Title: 3S2G,3117,6/7/26 22:00,43.648,
Plot Title: 3S2G,3118,6/7/26 22:15,43.466,
Plot Title: 3S2G,3119,6/7/26 22:30,42.732,
Plot Title: 3S2G,3120,6/7/26 22:45,42.179,
Plot Title: 3S2G,3121,6/7/26 23:00,41.81,
Plot Title: 3S2G,3122,6/7/26 23:15,41.439,
Plot Title: 3S2G,3123,6/7/26 23:30,41.067,
Plot Title: 3S2G,3124,6/7/26 23:45,40.881,
Plot Title: 3S2G,3125,6/8/26 00:00,40.509,
Plot Title: 3S2G,3126,6/8/26 00:15,40.321,
Plot Title: 3S2G,3127,6/8/26 00:30,40.134,
Plot Title: 3S2G,3128,6/8/26 00:45,40.134,
Plot Title: 3S2G,3129,6/8/26 01:00,39.947,
Plot Title: 3S2G,3130,6/8/26 01:15,39.76,
Plot Title: 3S2G,3131,6/8/26 01:30,39.384,
Plot Title: 3S2G,3132,6/8/26 01:45,39.196,
Plot Title: 3S2G,3133,6/8/26 02:00,39.007,
Plot Title: 3S2G,3134,6/8/26 02:15,39.007,
Plot Title: 3S2G,3135,6/8/26 02:30,38.818,
Plot Title: 3S2G,3136,6/8/26 02:45,38.629,
Plot Title: 3S2G,3137,6/8/26 03:00,38.629,
Plot Title: 3S2G,3138,6/8/26 03:15,38.44,
Plot Title: 3S2G,3139,6/8/26 03:30,38.44,
Plot Title: 3S2G,3140,6/8/26 03:45,38.44,
Plot Title: 3S2G,3141,6/8/26 04:00,38.44,
Plot Title: 3S2G,3142,6/8/26 04:15,38.25,
Plot Title: 3S2G,3143,6/8/26 04:30,38.25,
Plot Title: 3S2G,3144,6/8/26 04:45,38.25,
Plot Title: 3S2G,3145,6/8/26 05:00,38.25,
Plot Title: 3S2G,3146,6/8/26 05:15,38.061,
Plot Title: 3S2G,3147,6/8/26 05:30,38.061,
Plot Title: 3S2G,3148,6/8/26 05:45,38.061,
Plot Title: 3S2G,3149,6/8/26 06:00,38.25,
Plot Title: 3S2G,3150,6/8/26 06:15,38.25,
Plot Title: 3S2G,3151,6/8/26 06:30,38.25,
Plot Title: 3S2G,3152,6/8/26 06:45,38.44,
Plot Title: 3S2G,3153,6/8/26 07:00,38.818,
Plot Title: 3S2G,3154,6/8/26 07:15,39.573,
Plot Title: 3S2G,3155,6/8/26 07:30,39.76,
Plot Title: 3S2G,3156,6/8/26 07:45,40.134,
Plot Title: 3S2G,3157,6/8/26 08:00,40.134,
Plot Title: 3S2G,3158,6/8/26 08:15,40.134,
Plot Title: 3S2G,3159,6/8/26 08:30,39.76,
Plot Title: 3S2G,3160,6/8/26 08:45,39.76,
Plot Title: 3S2G,3161,6/8/26 09:00,40.134,
Plot Title: 3S2G,3162,6/8/26 09:15,40.321,
Plot Title: 3S2G,3163,6/8/26 09:30,40.696,
Plot Title: 3S2G,3164,6/8/26 09:45,41.067,
Plot Title: 3S2G,3165,6/8/26 10:00,46.728,
Plot Title: 3S2G,3166,6/8/26 10:15,58.82,
Plot Title: 3S2G,3167,6/8/26 10:30,64.652,
Plot Title: 3S2G,3168,6/8/26 10:45,67.906,
Plot Title: 3S2G,3169,6/8/26 11:00,70.48,
Plot Title: 3S2G,3170,6/8/26 11:15,74.098,
Plot Title: 3S2G,3171,6/8/26 11:30,76.703,
Plot Title: 3S2G,3172,6/8/26 11:45,80.029,
Plot Title: 3S2G,3173,6/8/26 12:00,83.399,
Plot Title: 3S2G,3174,6/8/26 12:15,85.735,
Plot Title: 3S2G,3175,6/8/26 12:30,87.733,
Plot Title: 3S2G,3176,6/8/26 12:45,89.2,
Plot Title: 3S2G,3177,6/8/26 13:00,90.68,
Plot Title: 3S2G,3178,6/8/26 13:15,91.24,
Plot Title: 3S2G,3179,6/8/26 13:30,91.425,
Plot Title: 3S2G,3180,6/8/26 13:45,86.641,
Plot Title: 3S2G,3181,6/8/26 14:00,75.484,
Plot Title: 3S2G,3182,6/8/26 14:15,70.137,
Plot Title: 3S2G,3183,6/8/26 14:30,67.05,
Plot Title: 3S2G,3184,6/8/26 14:45,65.851,
Plot Title: 3S2G,3185,6/8/26 15:00,63.797,
Plot Title: 3S2G,3186,6/8/26 15:15,62.254,
Plot Title: 3S2G,3187,6/8/26 15:30,61.912,
Plot Title: 3S2G,3188,6/8/26 15:45,62.083,
Plot Title: 3S2G,3189,6/8/26 16:00,61.912,
Plot Title: 3S2G,3190,6/8/26 16:15,61.054,
Plot Title: 3S2G,3191,6/8/26 16:30,60.195,
Plot Title: 3S2G,3192,6/8/26 16:45,60.195,
Plot Title: 3S2G,3193,6/8/26 17:00,59.68,
Plot Title: 3S2G,3194,6/8/26 17:15,59.337,
Plot Title: 3S2G,3195,6/8/26 17:30,58.647,
Plot Title: 3S2G,3196,6/8/26 17:45,57.958,
Plot Title: 3S2G,3197,6/8/26 18:00,57.441,
Plot Title: 3S2G,3198,6/8/26 18:15,57.096,
Plot Title: 3S2G,3199,6/8/26 18:30,56.577,
Plot Title: 3S2G,3200,6/8/26 18:45,56.23,
Plot Title: 3S2G,3201,6/8/26 19:00,55.711,
Plot Title: 3S2G,3202,6/8/26 19:15,55.189,
Plot Title: 3S2G,3203,6/8/26 19:30,55.017,
Plot Title: 3S2G,3204,6/8/26 19:45,54.495,
Plot Title: 3S2G,3205,6/8/26 20:00,53.973,
Plot Title: 3S2G,3206,6/8/26 20:15,53.274,
Plot Title: 3S2G,3207,6/8/26 20:30,52.75,
Plot Title: 3S2G,3208,6/8/26 20:45,52.225,
Plot Title: 3S2G,3209,6/8/26 21:00,52.05,
Plot Title: 3S2G,3210,6/8/26 21:15,51.699,
Plot Title: 3S2G,3211,6/8/26 21:30,51.523,
Plot Title: 3S2G,3212,6/8/26 21:45,51.172,
Plot Title: 3S2G,3213,6/8/26 22:00,50.995,
Plot Title: 3S2G,3214,6/8/26 22:15,50.643,
Plot Title: 3S2G,3215,6/8/26 22:30,50.466,
Plot Title: 3S2G,3216,6/8/26 22:45,50.29,
Plot Title: 3S2G,3217,6/8/26 23:00,50.113,
Plot Title: 3S2G,3218,6/8/26 23:15,50.113,
Plot Title: 3S2G,3219,6/8/26 23:30,49.937,
Plot Title: 3S2G,3220,6/8/26 23:45,49.937,
Plot Title: 3S2G,3221,6/9/26 00:00,49.759,
Plot Title: 3S2G,3222,6/9/26 00:15,49.759,
Plot Title: 3S2G,3223,6/9/26 00:30,49.582,
Plot Title: 3S2G,3224,6/9/26 00:45,49.582,
Plot Title: 3S2G,3225,6/9/26 01:00,49.404,
Plot Title: 3S2G,3226,6/9/26 01:15,49.404,
Plot Title: 3S2G,3227,6/9/26 01:30,49.228,
Plot Title: 3S2G,3228,6/9/26 01:45,49.228,
Plot Title: 3S2G,3229,6/9/26 02:00,49.05,
Plot Title: 3S2G,3230,6/9/26 02:15,48.871,
Plot Title: 3S2G,3231,6/9/26 02:30,48.871,
Plot Title: 3S2G,3232,6/9/26 02:45,48.871,
Plot Title: 3S2G,3233,6/9/26 03:00,48.695,
Plot Title: 3S2G,3234,6/9/26 03:15,48.695,
Plot Title: 3S2G,3235,6/9/26 03:30,48.695,
Plot Title: 3S2G,3236,6/9/26 03:45,48.517,
Plot Title: 3S2G,3237,6/9/26 04:00,48.339,
Plot Title: 3S2G,3238,6/9/26 04:15,48.339,
Plot Title: 3S2G,3239,6/9/26 04:30,47.982,
Plot Title: 3S2G,3240,6/9/26 04:45,47.802,
Plot Title: 3S2G,3241,6/9/26 05:00,47.624,
Plot Title: 3S2G,3242,6/9/26 05:15,47.802,
Plot Title: 3S2G,3243,6/9/26 05:30,47.624,
Plot Title: 3S2G,3244,6/9/26 05:45,47.624,
Plot Title: 3S2G,3245,6/9/26 06:00,47.266,
Plot Title: 3S2G,3246,6/9/26 06:15,47.088,
Plot Title: 3S2G,3247,6/9/26 06:30,46.908,
Plot Title: 3S2G,3248,6/9/26 06:45,46.728,
Plot Title: 3S2G,3249,6/9/26 07:00,46.548,
Plot Title: 3S2G,3250,6/9/26 07:15,46.728,
Plot Title: 3S2G,3251,6/9/26 07:30,47.088,
Plot Title: 3S2G,3252,6/9/26 07:45,47.266,
Plot Title: 3S2G,3253,6/9/26 08:00,47.446,
Plot Title: 3S2G,3254,6/9/26 08:15,47.624,
Plot Title: 3S2G,3255,6/9/26 08:30,47.982,
Plot Title: 3S2G,3256,6/9/26 08:45,48.517,
Plot Title: 3S2G,3257,6/9/26 09:00,48.339,
Plot Title: 3S2G,3258,6/9/26 09:15,47.982,
Plot Title: 3S2G,3259,6/9/26 09:30,48.339,
Plot Title: 3S2G,3260,6/9/26 09:45,48.695,
Plot Title: 3S2G,3261,6/9/26 10:00,53.449,
Plot Title: 3S2G,3262,6/9/26 10:15,55.884,
Plot Title: 3S2G,3263,6/9/26 10:30,59.337,
Plot Title: 3S2G,3264,6/9/26 10:45,56.75,
Plot Title: 3S2G,3265,6/9/26 11:00,65.167,
Plot Title: 3S2G,3266,6/9/26 11:15,67.221,
Plot Title: 3S2G,3267,6/9/26 11:30,60.024,
Plot Title: 3S2G,3268,6/9/26 11:45,56.75,
Plot Title: 3S2G,3269,6/9/26 12:00,53.798,
Plot Title: 3S2G,3270,6/9/26 12:15,55.537,
Plot Title: 3S2G,3271,6/9/26 12:30,56.577,
Plot Title: 3S2G,3272,6/9/26 12:45,56.057,
Plot Title: 3S2G,3273,6/9/26 13:00,54.147,
Plot Title: 3S2G,3274,6/9/26 13:15,52.925,
Plot Title: 3S2G,3275,6/9/26 13:30,51.172,
Plot Title: 3S2G,3276,6/9/26 13:45,50.113,
Plot Title: 3S2G,3277,6/9/26 14:00,49.05,
Plot Title: 3S2G,3278,6/9/26 14:15,48.16,
Plot Title: 3S2G,3279,6/9/26 14:30,47.802,
Plot Title: 3S2G,3280,6/9/26 14:45,47.624,
Plot Title: 3S2G,3281,6/9/26 15:00,47.266,
Plot Title: 3S2G,3282,6/9/26 15:15,47.088,
Plot Title: 3S2G,3283,6/9/26 15:30,46.908,
Plot Title: 3S2G,3284,6/9/26 15:45,46.728,
Plot Title: 3S2G,3285,6/9/26 16:00,47.088,
Plot Title: 3S2G,3286,6/9/26 16:15,47.982,
Plot Title: 3S2G,3287,6/9/26 16:30,47.802,
Plot Title: 3S2G,3288,6/9/26 16:45,47.446,
Plot Title: 3S2G,3289,6/9/26 17:00,48.16,
Plot Title: 3S2G,3290,6/9/26 17:15,48.517,
Plot Title: 3S2G,3291,6/9/26 17:30,48.16,
Plot Title: 3S2G,3292,6/9/26 17:45,47.446,
Plot Title: 3S2G,3293,6/9/26 18:00,46.548,
Plot Title: 3S2G,3294,6/9/26 18:15,46.188,
Plot Title: 3S2G,3295,6/9/26 18:30,45.286,
Plot Title: 3S2G,3296,6/9/26 18:45,45.104,
Plot Title: 3S2G,3297,6/9/26 19:00,45.466,
Plot Title: 3S2G,3298,6/9/26 19:15,45.466,
Plot Title: 3S2G,3299,6/9/26 19:30,45.104,
Plot Title: 3S2G,3300,6/9/26 19:45,45.104,
Plot Title: 3S2G,3301,6/9/26 20:00,45.104,
Plot Title: 3S2G,3302,6/9/26 20:15,44.742,
Plot Title: 3S2G,3303,6/9/26 20:30,44.379,
Plot Title: 3S2G,3304,6/9/26 20:45,44.195,
Plot Title: 3S2G,3305,6/9/26 21:00,43.831,
Plot Title: 3S2G,3306,6/9/26 21:15,43.282,
Plot Title: 3S2G,3307,6/9/26 21:30,42.915,
Plot Title: 3S2G,3308,6/9/26 21:45,42.915,
Plot Title: 3S2G,3309,6/9/26 22:00,42.548,
Plot Title: 3S2G,3310,6/9/26 22:15,42.548,
Plot Title: 3S2G,3311,6/9/26 22:30,42.548,
Plot Title: 3S2G,3312,6/9/26 22:45,42.363,
Plot Title: 3S2G,3313,6/9/26 23:00,42.179,
Plot Title: 3S2G,3314,6/9/26 23:15,41.994,
Plot Title: 3S2G,3315,6/9/26 23:30,41.439,
Plot Title: 3S2G,3316,6/9/26 23:45,41.067,
Plot Title: 3S2G,3317,6/10/26 00:00,40.696,
Plot Title: 3S2G,3318,6/10/26 00:15,40.509,
Plot Title: 3S2G,3319,6/10/26 00:30,40.321,
Plot Title: 3S2G,3320,6/10/26 00:45,40.134,
Plot Title: 3S2G,3321,6/10/26 01:00,40.134,
Plot Title: 3S2G,3322,6/10/26 01:15,40.134,
Plot Title: 3S2G,3323,6/10/26 01:30,40.134,
Plot Title: 3S2G,3324,6/10/26 01:45,40.134,
Plot Title: 3S2G,3325,6/10/26 02:00,40.134,
Plot Title: 3S2G,3326,6/10/26 02:15,39.947,
Plot Title: 3S2G,3327,6/10/26 02:30,39.76,
Plot Title: 3S2G,3328,6/10/26 02:45,39.573,
Plot Title: 3S2G,3329,6/10/26 03:00,39.384,
Plot Title: 3S2G,3330,6/10/26 03:15,39.384,
Plot Title: 3S2G,3331,6/10/26 03:30,39.196,
Plot Title: 3S2G,3332,6/10/26 03:45,39.196,
Plot Title: 3S2G,3333,6/10/26 04:00,39.196,
Plot Title: 3S2G,3334,6/10/26 04:15,39.384,
Plot Title: 3S2G,3335,6/10/26 04:30,39.384,
Plot Title: 3S2G,3336,6/10/26 04:45,39.196,
Plot Title: 3S2G,3337,6/10/26 05:00,39.007,
Plot Title: 3S2G,3338,6/10/26 05:15,38.629,
Plot Title: 3S2G,3339,6/10/26 05:30,38.629,
Plot Title: 3S2G,3340,6/10/26 05:45,38.818,
Plot Title: 3S2G,3341,6/10/26 06:00,39.007,
Plot Title: 3S2G,3342,6/10/26 06:15,39.007,
Plot Title: 3S2G,3343,6/10/26 06:30,38.818,
Plot Title: 3S2G,3344,6/10/26 06:45,39.007,
Plot Title: 3S2G,3345,6/10/26 07:00,39.384,
Plot Title: 3S2G,3346,6/10/26 07:15,39.76,
Plot Title: 3S2G,3347,6/10/26 07:30,40.134,
Plot Title: 3S2G,3348,6/10/26 07:45,40.509,
Plot Title: 3S2G,3349,6/10/26 08:00,40.509,
Plot Title: 3S2G,3350,6/10/26 08:15,41.439,
Plot Title: 3S2G,3351,6/10/26 08:30,41.81,
Plot Title: 3S2G,3352,6/10/26 08:45,42.363,
Plot Title: 3S2G,3353,6/10/26 09:00,42.548,
Plot Title: 3S2G,3354,6/10/26 09:15,42.548,
Plot Title: 3S2G,3355,6/10/26 09:30,42.732,
Plot Title: 3S2G,3356,6/10/26 09:45,42.732,
Plot Title: 3S2G,3357,6/10/26 10:00,46.548,
Plot Title: 3S2G,3358,6/10/26 10:15,58.993,
Plot Title: 3S2G,3359,6/10/26 10:30,62.598,
Plot Title: 3S2G,3360,6/10/26 10:45,61.398,
Plot Title: 3S2G,3361,6/10/26 11:00,55.711,
Plot Title: 3S2G,3362,6/10/26 11:15,53.449,
Plot Title: 3S2G,3363,6/10/26 11:30,58.82,
Plot Title: 3S2G,3364,6/10/26 11:45,61.227,
Plot Title: 3S2G,3365,6/10/26 12:00,63.111,
Plot Title: 3S2G,3366,6/10/26 12:15,67.564,
Plot Title: 3S2G,3367,6/10/26 12:30,71.512,
Plot Title: 3S2G,3368,6/10/26 12:45,62.598,
Plot Title: 3S2G,3369,6/10/26 13:00,55.711,
Plot Title: 3S2G,3370,6/10/26 13:15,55.017,
Plot Title: 3S2G,3371,6/10/26 13:30,53.623,
Plot Title: 3S2G,3372,6/10/26 13:45,50.819,
Plot Title: 3S2G,3373,6/10/26 14:00,49.404,
Plot Title: 3S2G,3374,6/10/26 14:15,50.995,
Plot Title: 3S2G,3375,6/10/26 14:30,50.29,
Plot Title: 3S2G,3376,6/10/26 14:45,49.05,
Plot Title: 3S2G,3377,6/10/26 15:00,47.088,
Plot Title: 3S2G,3378,6/10/26 15:15,48.517,
Plot Title: 3S2G,3379,6/10/26 15:30,47.266,
Plot Title: 3S2G,3380,6/10/26 15:45,45.466,
Plot Title: 3S2G,3381,6/10/26 16:00,45.466,
Plot Title: 3S2G,3382,6/10/26 16:15,45.648,
Plot Title: 3S2G,3383,6/10/26 16:30,46.188,
Plot Title: 3S2G,3384,6/10/26 16:45,46.728,
Plot Title: 3S2G,3385,6/10/26 17:00,45.104,
Plot Title: 3S2G,3386,6/10/26 17:15,44.922,
Plot Title: 3S2G,3387,6/10/26 17:30,44.742,
Plot Title: 3S2G,3388,6/10/26 17:45,44.742,
Plot Title: 3S2G,3389,6/10/26 18:00,44.379,
Plot Title: 3S2G,3390,6/10/26 18:15,44.742,
Plot Title: 3S2G,3391,6/10/26 18:30,44.922,
Plot Title: 3S2G,3392,6/10/26 18:45,44.56,
Plot Title: 3S2G,3393,6/10/26 19:00,44.379,
Plot Title: 3S2G,3394,6/10/26 19:15,43.831,
Plot Title: 3S2G,3395,6/10/26 19:30,43.466,
Plot Title: 3S2G,3396,6/10/26 19:45,42.915,
Plot Title: 3S2G,3397,6/10/26 20:00,42.363,
Plot Title: 3S2G,3398,6/10/26 20:15,42.179,
Plot Title: 3S2G,3399,6/10/26 20:30,42.179,
Plot Title: 3S2G,3400,6/10/26 20:45,41.81,
Plot Title: 3S2G,3401,6/10/26 21:00,41.067,
Plot Title: 3S2G,3402,6/10/26 21:15,40.881,
Plot Title: 3S2G,3403,6/10/26 21:30,40.321,
Plot Title: 3S2G,3404,6/10/26 21:45,39.573,
Plot Title: 3S2G,3405,6/10/26 22:00,39.384,
Plot Title: 3S2G,3406,6/10/26 22:15,39.196,
Plot Title: 3S2G,3407,6/10/26 22:30,39.007,
Plot Title: 3S2G,3408,6/10/26 22:45,39.007,
Plot Title: 3S2G,3409,6/10/26 23:00,39.007,
Plot Title: 3S2G,3410,6/10/26 23:15,39.007,
Plot Title: 3S2G,3411,6/10/26 23:30,38.818,
Plot Title: 3S2G,3412,6/10/26 23:45,38.818,
Plot Title: 3S2G,3413,6/11/26 00:00,38.629,
Plot Title: 3S2G,3414,6/11/26 00:15,38.629,
Plot Title: 3S2G,3415,6/11/26 00:30,38.629,
Plot Title: 3S2G,3416,6/11/26 00:45,38.629,
Plot Title: 3S2G,3417,6/11/26 01:00,38.629,
Plot Title: 3S2G,3418,6/11/26 01:15,38.629,
Plot Title: 3S2G,3419,6/11/26 01:30,38.629,
Plot Title: 3S2G,3420,6/11/26 01:45,38.629,
Plot Title: 3S2G,3421,6/11/26 02:00,38.629,
Plot Title: 3S2G,3422,6/11/26 02:15,38.629,
Plot Title: 3S2G,3423,6/11/26 02:30,38.629,
Plot Title: 3S2G,3424,6/11/26 02:45,38.44,
Plot Title: 3S2G,3425,6/11/26 03:00,38.44,
Plot Title: 3S2G,3426,6/11/26 03:15,38.44,
Plot Title: 3S2G,3427,6/11/26 03:30,38.44,
Plot Title: 3S2G,3428,6/11/26 03:45,38.44,
Plot Title: 3S2G,3429,6/11/26 04:00,38.44,
Plot Title: 3S2G,3430,6/11/26 04:15,38.44,
Plot Title: 3S2G,3431,6/11/26 04:30,38.44,
Plot Title: 3S2G,3432,6/11/26 04:45,38.44,
Plot Title: 3S2G,3433,6/11/26 05:00,38.44,
Plot Title: 3S2G,3434,6/11/26 05:15,38.44,
Plot Title: 3S2G,3435,6/11/26 05:30,38.25,
Plot Title: 3S2G,3436,6/11/26 05:45,38.25,
Plot Title: 3S2G,3437,6/11/26 06:00,38.25,
Plot Title: 3S2G,3438,6/11/26 06:15,38.25,
Plot Title: 3S2G,3439,6/11/26 06:30,38.44,
Plot Title: 3S2G,3440,6/11/26 06:45,38.629,
Plot Title: 3S2G,3441,6/11/26 07:00,38.818,
Plot Title: 3S2G,3442,6/11/26 07:15,39.196,
Plot Title: 3S2G,3443,6/11/26 07:30,39.573,
Plot Title: 3S2G,3444,6/11/26 07:45,40.134,
Plot Title: 3S2G,3445,6/11/26 08:00,40.509,
Plot Title: 3S2G,3446,6/11/26 08:15,40.696,
Plot Title: 3S2G,3447,6/11/26 08:30,41.625,
Plot Title: 3S2G,3448,6/11/26 08:45,42.363,
Plot Title: 3S2G,3449,6/11/26 09:00,43.282,
Plot Title: 3S2G,3450,6/11/26 09:15,43.831,
Plot Title: 3S2G,3451,6/11/26 09:30,44.379,
Plot Title: 3S2G,3452,6/11/26 09:45,44.195,
Plot Title: 3S2G,3453,6/11/26 10:00,46.369,
Plot Title: 3S2G,3454,6/11/26 10:15,46.369,
Plot Title: 3S2G,3455,6/11/26 10:30,46.008,
Plot Title: 3S2G,3456,6/11/26 10:45,48.16,
Plot Title: 3S2G,3457,6/11/26 11:00,50.113,
Plot Title: 3S2G,3458,6/11/26 11:15,55.189,
Plot Title: 3S2G,3459,6/11/26 11:30,56.057,
Plot Title: 3S2G,3460,6/11/26 11:45,57.614,
Plot Title: 3S2G,3461,6/11/26 12:00,58.82,
Plot Title: 3S2G,3462,6/11/26 12:15,60.883,
Plot Title: 3S2G,3463,6/11/26 12:30,65.851,
Plot Title: 3S2G,3464,6/11/26 12:45,63.968,
Plot Title: 3S2G,3465,6/11/26 13:00,67.906,
Plot Title: 3S2G,3466,6/11/26 13:15,73.407,
Plot Title: 3S2G,3467,6/11/26 13:30,74.964,
Plot Title: 3S2G,3468,6/11/26 13:45,71.683,
Plot Title: 3S2G,3469,6/11/26 14:00,62.598,
Plot Title: 3S2G,3470,6/11/26 14:15,58.82,
Plot Title: 3S2G,3471,6/11/26 14:30,56.577,
Plot Title: 3S2G,3472,6/11/26 14:45,55.364,
Plot Title: 3S2G,3473,6/11/26 15:00,54.322,
Plot Title: 3S2G,3474,6/11/26 15:15,53.798,
Plot Title: 3S2G,3475,6/11/26 15:30,52.925,
Plot Title: 3S2G,3476,6/11/26 15:45,52.225,
Plot Title: 3S2G,3477,6/11/26 16:00,51.699,
Plot Title: 3S2G,3478,6/11/26 16:15,51.172,
Plot Title: 3S2G,3479,6/11/26 16:30,50.643,
Plot Title: 3S2G,3480,6/11/26 16:45,50.466,
Plot Title: 3S2G,3481,6/11/26 17:00,49.937,
Plot Title: 3S2G,3482,6/11/26 17:15,49.759,
Plot Title: 3S2G,3483,6/11/26 17:30,49.582,
Plot Title: 3S2G,3484,6/11/26 17:45,49.404,
Plot Title: 3S2G,3485,6/11/26 18:00,48.871,
Plot Title: 3S2G,3486,6/11/26 18:15,48.517,
Plot Title: 3S2G,3487,6/11/26 18:30,48.16,
Plot Title: 3S2G,3488,6/11/26 18:45,47.802,
Plot Title: 3S2G,3489,6/11/26 19:00,47.446,
Plot Title: 3S2G,3490,6/11/26 19:15,47.266,
Plot Title: 3S2G,3491,6/11/26 19:30,46.908,
Plot Title: 3S2G,3492,6/11/26 19:45,46.728,
Plot Title: 3S2G,3493,6/11/26 20:00,46.548,
Plot Title: 3S2G,3494,6/11/26 20:15,46.369,
Plot Title: 3S2G,3495,6/11/26 20:30,46.188,
Plot Title: 3S2G,3496,6/11/26 20:45,46.008,
Plot Title: 3S2G,3497,6/11/26 21:00,45.828,
Plot Title: 3S2G,3498,6/11/26 21:15,45.466,
Plot Title: 3S2G,3499,6/11/26 21:30,45.286,
Plot Title: 3S2G,3500,6/11/26 21:45,44.922,
Plot Title: 3S2G,3501,6/11/26 22:00,44.742,
Plot Title: 3S2G,3502,6/11/26 22:15,44.56,
Plot Title: 3S2G,3503,6/11/26 22:30,44.379,
Plot Title: 3S2G,3504,6/11/26 22:45,44.195,
Plot Title: 3S2G,3505,6/11/26 23:00,43.831,
Plot Title: 3S2G,3506,6/11/26 23:15,43.831,
Plot Title: 3S2G,3507,6/11/26 23:30,43.466,
Plot Title: 3S2G,3508,6/11/26 23:45,43.466,
Plot Title: 3S2G,3509,6/12/26 00:00,43.282,
Plot Title: 3S2G,3510,6/12/26 00:15,43.099,
Plot Title: 3S2G,3511,6/12/26 00:30,42.915,
Plot Title: 3S2G,3512,6/12/26 00:45,42.732,
Plot Title: 3S2G,3513,6/12/26 01:00,42.548,
Plot Title: 3S2G,3514,6/12/26 01:15,42.363,
Plot Title: 3S2G,3515,6/12/26 01:30,42.363,
Plot Title: 3S2G,3516,6/12/26 01:45,42.179,
Plot Title: 3S2G,3517,6/12/26 02:00,42.179,
Plot Title: 3S2G,3518,6/12/26 02:15,41.994,
Plot Title: 3S2G,3519,6/12/26 02:30,41.994,
Plot Title: 3S2G,3520,6/12/26 02:45,41.81,
Plot Title: 3S2G,3521,6/12/26 03:00,41.625,
Plot Title: 3S2G,3522,6/12/26 03:15,41.625,
Plot Title: 3S2G,3523,6/12/26 03:30,41.439,
Plot Title: 3S2G,3524,6/12/26 03:45,41.254,
Plot Title: 3S2G,3525,6/12/26 04:00,41.067,
Plot Title: 3S2G,3526,6/12/26 04:15,41.067,
Plot Title: 3S2G,3527,6/12/26 04:30,40.881,
Plot Title: 3S2G,3528,6/12/26 04:45,40.696,
Plot Title: 3S2G,3529,6/12/26 05:00,40.696,
Plot Title: 3S2G,3530,6/12/26 05:15,40.509,
Plot Title: 3S2G,3531,6/12/26 05:30,40.321,
Plot Title: 3S2G,3532,6/12/26 05:45,40.321,
Plot Title: 3S2G,3533,6/12/26 06:00,40.321,
Plot Title: 3S2G,3534,6/12/26 06:15,40.321,
Plot Title: 3S2G,3535,6/12/26 06:30,40.321,
Plot Title: 3S2G,3536,6/12/26 06:45,40.509,
Plot Title: 3S2G,3537,6/12/26 07:00,41.625,
Plot Title: 3S2G,3538,6/12/26 07:15,41.439,
Plot Title: 3S2G,3539,6/12/26 07:30,41.067,
Plot Title: 3S2G,3540,6/12/26 07:45,41.254,
Plot Title: 3S2G,3541,6/12/26 08:00,41.254,
Plot Title: 3S2G,3542,6/12/26 08:15,41.81,
Plot Title: 3S2G,3543,6/12/26 08:30,41.81,
Plot Title: 3S2G,3544,6/12/26 08:45,41.994,
Plot Title: 3S2G,3545,6/12/26 09:00,42.363,
Plot Title: 3S2G,3546,6/12/26 09:15,42.548,
Plot Title: 3S2G,3547,6/12/26 09:30,43.099,
Plot Title: 3S2G,3548,6/12/26 09:45,43.466,
Plot Title: 3S2G,3549,6/12/26 10:00,48.695,
Plot Title: 3S2G,3550,6/12/26 10:15,61.741,
Plot Title: 3S2G,3551,6/12/26 10:30,68.421,
Plot Title: 3S2G,3552,6/12/26 10:45,72.545,
Plot Title: 3S2G,3553,6/12/26 11:00,74.619,
Plot Title: 3S2G,3554,6/12/26 11:15,77.225,
Plot Title: 3S2G,3555,6/12/26 11:30,78.624,
Plot Title: 3S2G,3556,6/12/26 11:45,80.029,
Plot Title: 3S2G,3557,6/12/26 12:00,81.266,
Plot Title: 3S2G,3558,6/12/26 12:15,82.508,
Plot Title: 3S2G,3559,6/12/26 12:30,83.757,
Plot Title: 3S2G,3560,6/12/26 12:45,84.654,
Plot Title: 3S2G,3561,6/12/26 13:00,85.374,
Plot Title: 3S2G,3562,6/12/26 13:15,86.277,
Plot Title: 3S2G,3563,6/12/26 13:30,86.823,
Plot Title: 3S2G,3564,6/12/26 13:45,83.399,
Plot Title: 3S2G,3565,6/12/26 14:00,73.753,
Plot Title: 3S2G,3566,6/12/26 14:15,68.934,
Plot Title: 3S2G,3567,6/12/26 14:30,66.537,
Plot Title: 3S2G,3568,6/12/26 14:45,64.825,
Plot Title: 3S2G,3569,6/12/26 15:00,63.282,
Plot Title: 3S2G,3570,6/12/26 15:15,62.425,
Plot Title: 3S2G,3571,6/12/26 15:30,61.741,
Plot Title: 3S2G,3572,6/12/26 15:45,61.227,
Plot Title: 3S2G,3573,6/12/26 16:00,60.195,
Plot Title: 3S2G,3574,6/12/26 16:15,59.68,
Plot Title: 3S2G,3575,6/12/26 16:30,59.68,
Plot Title: 3S2G,3576,6/12/26 16:45,59.337,
Plot Title: 3S2G,3577,6/12/26 17:00,58.476,
Plot Title: 3S2G,3578,6/12/26 17:15,57.785,
Plot Title: 3S2G,3579,6/12/26 17:30,56.75,
Plot Title: 3S2G,3580,6/12/26 17:45,56.23,
Plot Title: 3S2G,3581,6/12/26 18:00,55.537,
Plot Title: 3S2G,3582,6/12/26 18:15,54.842,
Plot Title: 3S2G,3583,6/12/26 18:30,54.322,
Plot Title: 3S2G,3584,6/12/26 18:45,53.973,
Plot Title: 3S2G,3585,6/12/26 19:00,53.798,
Plot Title: 3S2G,3586,6/12/26 19:15,53.623,
Plot Title: 3S2G,3587,6/12/26 19:30,53.274,
Plot Title: 3S2G,3588,6/12/26 19:45,52.925,
Plot Title: 3S2G,3589,6/12/26 20:00,52.401,
Plot Title: 3S2G,3590,6/12/26 20:15,52.05,
Plot Title: 3S2G,3591,6/12/26 20:30,51.699,
Plot Title: 3S2G,3592,6/12/26 20:45,51.346,
Plot Title: 3S2G,3593,6/12/26 21:00,50.995,
Plot Title: 3S2G,3594,6/12/26 21:15,50.819,
Plot Title: 3S2G,3595,6/12/26 21:30,50.643,
Plot Title: 3S2G,3596,6/12/26 21:45,50.466,
Plot Title: 3S2G,3597,6/12/26 22:00,50.113,
Plot Title: 3S2G,3598,6/12/26 22:15,49.759,
Plot Title: 3S2G,3599,6/12/26 22:30,49.582,
Plot Title: 3S2G,3600,6/12/26 22:45,49.228,
Plot Title: 3S2G,3601,6/12/26 23:00,49.05,
Plot Title: 3S2G,3602,6/12/26 23:15,48.695,
Plot Title: 3S2G,3603,6/12/26 23:30,48.517,
Plot Title: 3S2G,3604,6/12/26 23:45,48.16,
Plot Title: 3S2G,3605,6/13/26 00:00,47.982,
Plot Title: 3S2G,3606,6/13/26 00:15,47.802,
Plot Title: 3S2G,3607,6/13/26 00:30,47.446,
Plot Title: 3S2G,3608,6/13/26 00:45,47.266,
Plot Title: 3S2G,3609,6/13/26 01:00,47.088,
Plot Title: 3S2G,3610,6/13/26 01:15,46.908,
Plot Title: 3S2G,3611,6/13/26 01:30,46.728,
Plot Title: 3S2G,3612,6/13/26 01:45,46.548,
Plot Title: 3S2G,3613,6/13/26 02:00,46.188,
Plot Title: 3S2G,3614,6/13/26 02:15,46.008,
Plot Title: 3S2G,3615,6/13/26 02:30,45.828,
Plot Title: 3S2G,3616,6/13/26 02:45,45.648,
Plot Title: 3S2G,3617,6/13/26 03:00,45.466,
Plot Title: 3S2G,3618,6/13/26 03:15,45.466,
Plot Title: 3S2G,3619,6/13/26 03:30,45.286,
Plot Title: 3S2G,3620,6/13/26 03:45,45.104,
Plot Title: 3S2G,3621,6/13/26 04:00,44.742,
Plot Title: 3S2G,3622,6/13/26 04:15,44.56,
Plot Title: 3S2G,3623,6/13/26 04:30,44.56,
Plot Title: 3S2G,3624,6/13/26 04:45,44.379,
Plot Title: 3S2G,3625,6/13/26 05:00,44.195,
Plot Title: 3S2G,3626,6/13/26 05:15,44.013,
Plot Title: 3S2G,3627,6/13/26 05:30,44.013,
Plot Title: 3S2G,3628,6/13/26 05:45,43.831,
Plot Title: 3S2G,3629,6/13/26 06:00,43.831,
Plot Title: 3S2G,3630,6/13/26 06:15,43.648,
Plot Title: 3S2G,3631,6/13/26 06:30,43.648,
Plot Title: 3S2G,3632,6/13/26 06:45,43.648,
Plot Title: 3S2G,3633,6/13/26 07:00,43.466,
Plot Title: 3S2G,3634,6/13/26 07:15,43.466,
Plot Title: 3S2G,3635,6/13/26 07:30,43.466,
Plot Title: 3S2G,3636,6/13/26 07:45,43.466,
Plot Title: 3S2G,3637,6/13/26 08:00,43.466,
Plot Title: 3S2G,3638,6/13/26 08:15,43.466,
Plot Title: 3S2G,3639,6/13/26 08:30,43.648,
Plot Title: 3S2G,3640,6/13/26 08:45,43.831,
Plot Title: 3S2G,3641,6/13/26 09:00,44.013,
Plot Title: 3S2G,3642,6/13/26 09:15,44.195,
Plot Title: 3S2G,3643,6/13/26 09:30,44.379,
Plot Title: 3S2G,3644,6/13/26 09:45,44.56,
Plot Title: 3S2G,3645,6/13/26 10:00,44.379,
Plot Title: 3S2G,3646,6/13/26 10:15,44.195,
Plot Title: 3S2G,3647,6/13/26 10:30,44.013,
Plot Title: 3S2G,3648,6/13/26 10:45,43.466,
Plot Title: 3S2G,3649,6/13/26 11:00,43.648,
Plot Title: 3S2G,3650,6/13/26 11:15,44.379,
Plot Title: 3S2G,3651,6/13/26 11:30,46.008,
Plot Title: 3S2G,3652,6/13/26 11:45,47.624,
Plot Title: 3S2G,3653,6/13/26 12:00,48.871,
Plot Title: 3S2G,3654,6/13/26 12:15,50.819,
Plot Title: 3S2G,3655,6/13/26 12:30,53.274,
Plot Title: 3S2G,3656,6/13/26 12:45,55.364,
Plot Title: 3S2G,3657,6/13/26 13:00,51.699,
Plot Title: 3S2G,3658,6/13/26 13:15,50.643,
Plot Title: 3S2G,3659,6/13/26 13:30,51.874,
Plot Title: 3S2G,3660,6/13/26 13:45,53.973,
Plot Title: 3S2G,3661,6/13/26 14:00,54.322,
Plot Title: 3S2G,3662,6/13/26 14:15,52.05,
Plot Title: 3S2G,3663,6/13/26 14:30,51.523,
Plot Title: 3S2G,3664,6/13/26 14:45,52.401,
Plot Title: 3S2G,3665,6/13/26 15:00,52.75,
Plot Title: 3S2G,3666,6/13/26 15:15,52.75,
Plot Title: 3S2G,3667,6/13/26 15:30,52.75,
Plot Title: 3S2G,3668,6/13/26 15:45,52.05,
Plot Title: 3S2G,3669,6/13/26 16:00,51.346,
Plot Title: 3S2G,3670,6/13/26 16:15,50.819,
Plot Title: 3S2G,3671,6/13/26 16:30,50.113,
Plot Title: 3S2G,3672,6/13/26 16:45,49.937,
Plot Title: 3S2G,3673,6/13/26 17:00,49.937,
Plot Title: 3S2G,3674,6/13/26 17:15,50.113,
Plot Title: 3S2G,3675,6/13/26 17:30,49.937,
Plot Title: 3S2G,3676,6/13/26 17:45,49.759,
Plot Title: 3S2G,3677,6/13/26 18:00,49.759,
Plot Title: 3S2G,3678,6/13/26 18:15,49.228,
Plot Title: 3S2G,3679,6/13/26 18:30,48.695,
Plot Title: 3S2G,3680,6/13/26 18:45,47.802,
Plot Title: 3S2G,3681,6/13/26 19:00,46.728,
Plot Title: 3S2G,3682,6/13/26 19:15,46.548,
Plot Title: 3S2G,3683,6/13/26 19:30,46.008,
Plot Title: 3S2G,3684,6/13/26 19:45,45.286,
Plot Title: 3S2G,3685,6/13/26 20:00,44.922,
Plot Title: 3S2G,3686,6/13/26 20:15,44.56,
Plot Title: 3S2G,3687,6/13/26 20:30,44.195,
Plot Title: 3S2G,3688,6/13/26 20:45,43.831,
Plot Title: 3S2G,3689,6/13/26 21:00,43.466,
Plot Title: 3S2G,3690,6/13/26 21:15,43.099,
Plot Title: 3S2G,3691,6/13/26 21:30,42.732,
Plot Title: 3S2G,3692,6/13/26 21:45,42.363,
Plot Title: 3S2G,3693,6/13/26 22:00,42.179,
Plot Title: 3S2G,3694,6/13/26 22:15,41.81,
Plot Title: 3S2G,3695,6/13/26 22:30,41.625,
Plot Title: 3S2G,3696,6/13/26 22:45,41.439,
Plot Title: 3S2G,3697,6/13/26 23:00,41.254,
Plot Title: 3S2G,3698,6/13/26 23:15,41.067,
Plot Title: 3S2G,3699,6/13/26 23:30,40.881,
Plot Title: 3S2G,3700,6/13/26 23:45,40.696,
Plot Title: 3S2G,3701,6/14/26 00:00,40.696,
Plot Title: 3S2G,3702,6/14/26 00:15,40.509,
Plot Title: 3S2G,3703,6/14/26 00:30,40.321,
Plot Title: 3S2G,3704,6/14/26 00:45,40.134,
Plot Title: 3S2G,3705,6/14/26 01:00,39.947,
Plot Title: 3S2G,3706,6/14/26 01:15,39.947,
Plot Title: 3S2G,3707,6/14/26 01:30,39.76,
Plot Title: 3S2G,3708,6/14/26 01:45,39.573,
Plot Title: 3S2G,3709,6/14/26 02:00,39.384,
Plot Title: 3S2G,3710,6/14/26 02:15,39.384,
Plot Title: 3S2G,3711,6/14/26 02:30,39.196,
Plot Title: 3S2G,3712,6/14/26 02:45,39.196,
Plot Title: 3S2G,3713,6/14/26 03:00,39.007,
Plot Title: 3S2G,3714,6/14/26 03:15,39.007,
Plot Title: 3S2G,3715,6/14/26 03:30,38.818,
Plot Title: 3S2G,3716,6/14/26 03:45,38.818,
Plot Title: 3S2G,3717,6/14/26 04:00,38.629,
Plot Title: 3S2G,3718,6/14/26 04:15,38.44,
Plot Title: 3S2G,3719,6/14/26 04:30,38.44,
Plot Title: 3S2G,3720,6/14/26 04:45,38.25,
Plot Title: 3S2G,3721,6/14/26 05:00,38.061,
Plot Title: 3S2G,3722,6/14/26 05:15,38.061,
Plot Title: 3S2G,3723,6/14/26 05:30,37.87,
Plot Title: 3S2G,3724,6/14/26 05:45,37.87,
Plot Title: 3S2G,3725,6/14/26 06:00,37.679,
Plot Title: 3S2G,3726,6/14/26 06:15,37.87,
Plot Title: 3S2G,3727,6/14/26 06:30,38.061,
Plot Title: 3S2G,3728,6/14/26 06:45,38.25,
Plot Title: 3S2G,3729,6/14/26 07:00,39.196,
Plot Title: 3S2G,3730,6/14/26 07:15,39.196,
Plot Title: 3S2G,3731,6/14/26 07:30,39.196,
Plot Title: 3S2G,3732,6/14/26 07:45,39.384,
Plot Title: 3S2G,3733,6/14/26 08:00,39.76,
Plot Title: 3S2G,3734,6/14/26 08:15,40.321,
Plot Title: 3S2G,3735,6/14/26 08:30,40.321,
Plot Title: 3S2G,3736,6/14/26 08:45,40.509,
Plot Title: 3S2G,3737,6/14/26 09:00,40.696,
Plot Title: 3S2G,3738,6/14/26 09:15,41.067,
Plot Title: 3S2G,3739,6/14/26 09:30,41.625,
Plot Title: 3S2G,3740,6/14/26 09:45,42.179,
Plot Title: 3S2G,3741,6/14/26 10:00,45.648,
Plot Title: 3S2G,3742,6/14/26 10:15,58.303,
Plot Title: 3S2G,3743,6/14/26 10:30,65.851,
Plot Title: 3S2G,3744,6/14/26 10:45,69.449,
Plot Title: 3S2G,3745,6/14/26 11:00,72.028,
Plot Title: 3S2G,3746,6/14/26 11:15,74.446,
Plot Title: 3S2G,3747,6/14/26 11:30,77.225,
Plot Title: 3S2G,3748,6/14/26 11:45,79.326,
Plot Title: 3S2G,3749,6/14/26 12:00,81.09,
Plot Title: 3S2G,3750,6/14/26 12:15,77.05,
Plot Title: 3S2G,3751,6/14/26 12:30,74.098,
Plot Title: 3S2G,3752,6/14/26 12:45,68.592,
Plot Title: 3S2G,3753,6/14/26 13:00,73.58,
Plot Title: 3S2G,3754,6/14/26 13:15,72.891,
Plot Title: 3S2G,3755,6/14/26 13:30,75.312,
Plot Title: 3S2G,3756,6/14/26 13:45,73.407,
Plot Title: 3S2G,3757,6/14/26 14:00,65.851,
Plot Title: 3S2G,3758,6/14/26 14:15,62.254,
Plot Title: 3S2G,3759,6/14/26 14:30,60.368,
Plot Title: 3S2G,3760,6/14/26 14:45,58.993,
Plot Title: 3S2G,3761,6/14/26 15:00,57.785,
Plot Title: 3S2G,3762,6/14/26 15:15,56.923,
Plot Title: 3S2G,3763,6/14/26 15:30,56.23,
Plot Title: 3S2G,3764,6/14/26 15:45,55.537,
Plot Title: 3S2G,3765,6/14/26 16:00,54.842,
Plot Title: 3S2G,3766,6/14/26 16:15,54.322,
Plot Title: 3S2G,3767,6/14/26 16:30,53.798,
Plot Title: 3S2G,3768,6/14/26 16:45,53.449,
Plot Title: 3S2G,3769,6/14/26 17:00,53.1,
Plot Title: 3S2G,3770,6/14/26 17:15,52.925,
Plot Title: 3S2G,3771,6/14/26 17:30,52.75,
Plot Title: 3S2G,3772,6/14/26 17:45,52.225,
Plot Title: 3S2G,3773,6/14/26 18:00,51.699,
Plot Title: 3S2G,3774,6/14/26 18:15,51.346,
Plot Title: 3S2G,3775,6/14/26 18:30,51.172,
Plot Title: 3S2G,3776,6/14/26 18:45,51.172,
Plot Title: 3S2G,3777,6/14/26 19:00,50.643,
Plot Title: 3S2G,3778,6/14/26 19:15,49.937,
Plot Title: 3S2G,3779,6/14/26 19:30,49.582,
Plot Title: 3S2G,3780,6/14/26 19:45,49.228,
Plot Title: 3S2G,3781,6/14/26 20:00,48.871,
Plot Title: 3S2G,3782,6/14/26 20:15,48.517,
Plot Title: 3S2G,3783,6/14/26 20:30,48.16,
Plot Title: 3S2G,3784,6/14/26 20:45,47.802,
Plot Title: 3S2G,3785,6/14/26 21:00,47.446,
Plot Title: 3S2G,3786,6/14/26 21:15,46.908,
Plot Title: 3S2G,3787,6/14/26 21:30,46.728,
Plot Title: 3S2G,3788,6/14/26 21:45,46.369,
Plot Title: 3S2G,3789,6/14/26 22:00,46.008,
Plot Title: 3S2G,3790,6/14/26 22:15,45.648,
Plot Title: 3S2G,3791,6/14/26 22:30,45.466,
Plot Title: 3S2G,3792,6/14/26 22:45,45.286,
Plot Title: 3S2G,3793,6/14/26 23:00,45.104,
Plot Title: 3S2G,3794,6/14/26 23:15,44.922,
Plot Title: 3S2G,3795,6/14/26 23:30,44.742,
Plot Title: 3S2G,3796,6/14/26 23:45,44.56,
Plot Title: 3S2G,3797,6/15/26 00:00,44.379,
Plot Title: 3S2G,3798,6/15/26 00:15,44.195,
Plot Title: 3S2G,3799,6/15/26 00:30,44.195,
Plot Title: 3S2G,3800,6/15/26 00:45,44.013,
Plot Title: 3S2G,3801,6/15/26 01:00,43.648,
Plot Title: 3S2G,3802,6/15/26 01:15,43.466,
Plot Title: 3S2G,3803,6/15/26 01:30,43.282,
Plot Title: 3S2G,3804,6/15/26 01:45,43.099,
Plot Title: 3S2G,3805,6/15/26 02:00,42.915,
Plot Title: 3S2G,3806,6/15/26 02:15,42.732,
Plot Title: 3S2G,3807,6/15/26 02:30,42.548,
Plot Title: 3S2G,3808,6/15/26 02:45,42.363,
Plot Title: 3S2G,3809,6/15/26 03:00,42.179,
Plot Title: 3S2G,3810,6/15/26 03:15,41.994,
Plot Title: 3S2G,3811,6/15/26 03:30,41.81,
Plot Title: 3S2G,3812,6/15/26 03:45,41.625,
Plot Title: 3S2G,3813,6/15/26 04:00,41.625,
Plot Title: 3S2G,3814,6/15/26 04:15,41.439,
Plot Title: 3S2G,3815,6/15/26 04:30,41.254,
Plot Title: 3S2G,3816,6/15/26 04:45,41.254,
Plot Title: 3S2G,3817,6/15/26 05:00,41.067,
Plot Title: 3S2G,3818,6/15/26 05:15,41.254,
Plot Title: 3S2G,3819,6/15/26 05:30,41.067,
Plot Title: 3S2G,3820,6/15/26 05:45,40.881,
Plot Title: 3S2G,3821,6/15/26 06:00,40.881,
Plot Title: 3S2G,3822,6/15/26 06:15,41.067,
Plot Title: 3S2G,3823,6/15/26 06:30,41.254,
Plot Title: 3S2G,3824,6/15/26 06:45,41.439,
Plot Title: 3S2G,3825,6/15/26 07:00,42.363,
Plot Title: 3S2G,3826,6/15/26 07:15,42.179,
Plot Title: 3S2G,3827,6/15/26 07:30,42.179,
Plot Title: 3S2G,3828,6/15/26 07:45,42.179,
Plot Title: 3S2G,3829,6/15/26 08:00,42.363,
Plot Title: 3S2G,3830,6/15/26 08:15,42.915,
Plot Title: 3S2G,3831,6/15/26 08:30,43.099,
Plot Title: 3S2G,3832,6/15/26 08:45,43.282,
Plot Title: 3S2G,3833,6/15/26 09:00,43.648,
Plot Title: 3S2G,3834,6/15/26 09:15,43.831,
Plot Title: 3S2G,3835,6/15/26 09:30,44.56,
Plot Title: 3S2G,3836,6/15/26 09:45,45.104,
Plot Title: 3S2G,3837,6/15/26 10:00,49.582,
Plot Title: 3S2G,3838,6/15/26 10:15,61.227,
Plot Title: 3S2G,3839,6/15/26 10:30,67.906,
Plot Title: 3S2G,3840,6/15/26 10:45,71.512,
Plot Title: 3S2G,3841,6/15/26 11:00,74.791,
Plot Title: 3S2G,3842,6/15/26 11:15,78.8,
Plot Title: 3S2G,3843,6/15/26 11:30,82.508,
Plot Title: 3S2G,3844,6/15/26 11:45,85.554,
Plot Title: 3S2G,3845,6/15/26 12:00,87.915,
Plot Title: 3S2G,3846,6/15/26 12:15,89.384,
Plot Title: 3S2G,3847,6/15/26 12:30,90.124,
Plot Title: 3S2G,3848,6/15/26 12:45,89.938,
Plot Title: 3S2G,3849,6/15/26 13:00,91.24,
Plot Title: 3S2G,3850,6/15/26 13:15,92.174,
Plot Title: 3S2G,3851,6/15/26 13:30,92.363,
Plot Title: 3S2G,3852,6/15/26 13:45,87.915,
Plot Title: 3S2G,3853,6/15/26 14:00,77.574,
Plot Title: 3S2G,3854,6/15/26 14:15,73.062,
Plot Title: 3S2G,3855,6/15/26 14:30,70.824,
Plot Title: 3S2G,3856,6/15/26 14:45,69.449,
Plot Title: 3S2G,3857,6/15/26 15:00,68.077,
Plot Title: 3S2G,3858,6/15/26 15:15,66.708,
Plot Title: 3S2G,3859,6/15/26 15:30,64.825,
Plot Title: 3S2G,3860,6/15/26 15:45,63.455,
Plot Title: 3S2G,3861,6/15/26 16:00,62.425,
Plot Title: 3S2G,3862,6/15/26 16:15,61.741,
Plot Title: 3S2G,3863,6/15/26 16:30,61.741,
Plot Title: 3S2G,3864,6/15/26 16:45,62.083,
Plot Title: 3S2G,3865,6/15/26 17:00,61.912,
Plot Title: 3S2G,3866,6/15/26 17:15,61.398,
Plot Title: 3S2G,3867,6/15/26 17:30,61.569,
Plot Title: 3S2G,3868,6/15/26 17:45,60.883,
Plot Title: 3S2G,3869,6/15/26 18:00,60.712,
Plot Title: 3S2G,3870,6/15/26 18:15,59.851,
Plot Title: 3S2G,3871,6/15/26 18:30,58.647,
Plot Title: 3S2G,3872,6/15/26 18:45,57.958,
Plot Title: 3S2G,3873,6/15/26 19:00,57.785,
Plot Title: 3S2G,3874,6/15/26 19:15,57.268,
Plot Title: 3S2G,3875,6/15/26 19:30,56.404,
Plot Title: 3S2G,3876,6/15/26 19:45,55.537,
Plot Title: 3S2G,3877,6/15/26 20:00,55.017,
Plot Title: 3S2G,3878,6/15/26 20:15,54.669,
Plot Title: 3S2G,3879,6/15/26 20:30,54.322,
Plot Title: 3S2G,3880,6/15/26 20:45,53.798,
Plot Title: 3S2G,3881,6/15/26 21:00,53.449,
Plot Title: 3S2G,3882,6/15/26 21:15,53.274,
Plot Title: 3S2G,3883,6/15/26 21:30,52.925,
Plot Title: 3S2G,3884,6/15/26 21:45,52.576,
Plot Title: 3S2G,3885,6/15/26 22:00,52.225,
Plot Title: 3S2G,3886,6/15/26 22:15,52.05,
Plot Title: 3S2G,3887,6/15/26 22:30,52.05,
Plot Title: 3S2G,3888,6/15/26 22:45,51.874,
Plot Title: 3S2G,3889,6/15/26 23:00,51.699,
Plot Title: 3S2G,3890,6/15/26 23:15,51.699,
Plot Title: 3S2G,3891,6/15/26 23:30,51.523,
Plot Title: 3S2G,3892,6/15/26 23:45,51.346,
Plot Title: 3S2G,3893,6/16/26 00:00,51.172,
Plot Title: 3S2G,3894,6/16/26 00:15,51.172,
Plot Title: 3S2G,3895,6/16/26 00:30,51.172,
Plot Title: 3S2G,3896,6/16/26 00:45,50.995,
Plot Title: 3S2G,3897,6/16/26 01:00,50.819,
Plot Title: 3S2G,3898,6/16/26 01:15,50.466,
Plot Title: 3S2G,3899,6/16/26 01:30,50.29,
Plot Title: 3S2G,3900,6/16/26 01:45,50.29,
Plot Title: 3S2G,3901,6/16/26 02:00,50.466,
Plot Title: 3S2G,3902,6/16/26 02:15,50.466,
Plot Title: 3S2G,3903,6/16/26 02:30,50.466,
Plot Title: 3S2G,3904,6/16/26 02:45,50.29,
Plot Title: 3S2G,3905,6/16/26 03:00,50.113,
Plot Title: 3S2G,3906,6/16/26 03:15,49.759,
Plot Title: 3S2G,3907,6/16/26 03:30,49.404,
Plot Title: 3S2G,3908,6/16/26 03:45,49.228,
Plot Title: 3S2G,3909,6/16/26 04:00,48.871,
Plot Title: 3S2G,3910,6/16/26 04:15,48.695,
Plot Title: 3S2G,3911,6/16/26 04:30,48.339,
Plot Title: 3S2G,3912,6/16/26 04:45,48.16,
Plot Title: 3S2G,3913,6/16/26 05:00,47.982,
Plot Title: 3S2G,3914,6/16/26 05:15,47.802,
Plot Title: 3S2G,3915,6/16/26 05:30,47.802,
Plot Title: 3S2G,3916,6/16/26 05:45,47.982,
Plot Title: 3S2G,3917,6/16/26 06:00,47.982,
Plot Title: 3S2G,3918,6/16/26 06:15,48.339,
Plot Title: 3S2G,3919,6/16/26 06:30,48.339,
Plot Title: 3S2G,3920,6/16/26 06:45,48.517,
Plot Title: 3S2G,3921,6/16/26 07:00,48.339,
Plot Title: 3S2G,3922,6/16/26 07:15,48.339,
Plot Title: 3S2G,3923,6/16/26 07:30,48.339,
Plot Title: 3S2G,3924,6/16/26 07:45,48.517,
Plot Title: 3S2G,3925,6/16/26 08:00,48.695,
Plot Title: 3S2G,3926,6/16/26 08:15,49.228,
Plot Title: 3S2G,3927,6/16/26 08:30,49.05,
Plot Title: 3S2G,3928,6/16/26 08:45,49.228,
Plot Title: 3S2G,3929,6/16/26 09:00,49.582,
Plot Title: 3S2G,3930,6/16/26 09:15,49.937,
Plot Title: 3S2G,3931,6/16/26 09:30,50.466,
Plot Title: 3S2G,3932,6/16/26 09:45,50.819,
Plot Title: 3S2G,3933,6/16/26 10:00,55.364,
Plot Title: 3S2G,3934,6/16/26 10:15,66.708,
Plot Title: 3S2G,3935,6/16/26 10:30,73.58,
Plot Title: 3S2G,3936,6/16/26 10:45,77.4,
Plot Title: 3S2G,3937,6/16/26 11:00,81.266,
Plot Title: 3S2G,3938,6/16/26 11:15,82.33,
Plot Title: 3S2G,3939,6/16/26 11:30,83.579,
Plot Title: 3S2G,3940,6/16/26 11:45,85.014,
Plot Title: 3S2G,3941,6/16/26 12:00,87.004,
Plot Title: 3S2G,3942,6/16/26 12:15,85.014,
Plot Title: 3S2G,3943,6/16/26 12:30,86.459,
Plot Title: 3S2G,3944,6/16/26 12:45,91.8,
Plot Title: 3S2G,3945,6/16/26 13:00,95.016,
Plot Title: 3S2G,3946,6/16/26 13:15,96.168,
Plot Title: 3S2G,3947,6/16/26 13:30,96.748,
Plot Title: 3S2G,3948,6/16/26 13:45,92.926,
Plot Title: 3S2G,3949,6/16/26 14:00,80.911,
Plot Title: 3S2G,3950,6/16/26 14:15,74.964,
Plot Title: 3S2G,3951,6/16/26 14:30,71.856,
Plot Title: 3S2G,3952,6/16/26 14:45,69.622,
Plot Title: 3S2G,3953,6/16/26 15:00,68.248,
Plot Title: 3S2G,3954,6/16/26 15:15,67.05,
Plot Title: 3S2G,3955,6/16/26 15:30,66.022,
Plot Title: 3S2G,3956,6/16/26 15:45,64.996,
Plot Title: 3S2G,3957,6/16/26 16:00,64.31,
Plot Title: 3S2G,3958,6/16/26 16:15,63.626,
Plot Title: 3S2G,3959,6/16/26 16:30,62.94,
Plot Title: 3S2G,3960,6/16/26 16:45,62.254,
Plot Title: 3S2G,3961,6/16/26 17:00,61.741,
Plot Title: 3S2G,3962,6/16/26 17:15,61.227,
Plot Title: 3S2G,3963,6/16/26 17:30,60.712,
Plot Title: 3S2G,3964,6/16/26 17:45,60.195,
Plot Title: 3S2G,3965,6/16/26 18:00,59.68,
Plot Title: 3S2G,3966,6/16/26 18:15,59.337,
Plot Title: 3S2G,3967,6/16/26 18:30,58.82,
Plot Title: 3S2G,3968,6/16/26 18:45,58.476,
Plot Title: 3S2G,3969,6/16/26 19:00,58.131,
Plot Title: 3S2G,3970,6/16/26 19:15,57.785,
Plot Title: 3S2G,3971,6/16/26 19:30,57.614,
Plot Title: 3S2G,3972,6/16/26 19:45,57.268,
Plot Title: 3S2G,3973,6/16/26 20:00,57.096,
Plot Title: 3S2G,3974,6/16/26 20:15,56.75,
Plot Title: 3S2G,3975,6/16/26 20:30,56.404,
Plot Title: 3S2G,3976,6/16/26 20:45,56.057,
Plot Title: 3S2G,3977,6/16/26 21:00,55.711,
Plot Title: 3S2G,3978,6/16/26 21:15,55.189,
Plot Title: 3S2G,3979,6/16/26 21:30,54.842,
Plot Title: 3S2G,3980,6/16/26 21:45,54.322,
Plot Title: 3S2G,3981,6/16/26 22:00,53.973,
Plot Title: 3S2G,3982,6/16/26 22:15,53.623,
Plot Title: 3S2G,3983,6/16/26 22:30,53.274,
Plot Title: 3S2G,3984,6/16/26 22:45,53.1,
Plot Title: 3S2G,3985,6/16/26 23:00,52.75,
Plot Title: 3S2G,3986,6/16/26 23:15,52.576,
Plot Title: 3S2G,3987,6/16/26 23:30,52.401,
Plot Title: 3S2G,3988,6/16/26 23:45,52.05,
Plot Title: 3S2G,3989,6/17/26 00:00,51.874,
Plot Title: 3S2G,3990,6/17/26 00:15,51.523,
Plot Title: 3S2G,3991,6/17/26 00:30,51.346,
Plot Title: 3S2G,3992,6/17/26 00:45,51.346,
Plot Title: 3S2G,3993,6/17/26 01:00,50.995,
Plot Title: 3S2G,3994,6/17/26 01:15,50.643,
Plot Title: 3S2G,3995,6/17/26 01:30,50.466,
Plot Title: 3S2G,3996,6/17/26 01:45,50.29,
Plot Title: 3S2G,3997,6/17/26 02:00,49.937,
Plot Title: 3S2G,3998,6/17/26 02:15,49.759,
Plot Title: 3S2G,3999,6/17/26 02:30,49.582,
Plot Title: 3S2G,4000,6/17/26 02:45,49.404,
Plot Title: 3S2G,4001,6/17/26 03:00,49.05,
Plot Title: 3S2G,4002,6/17/26 03:15,48.871,
Plot Title: 3S2G,4003,6/17/26 03:30,48.695,
Plot Title: 3S2G,4004,6/17/26 03:45,48.517,
Plot Title: 3S2G,4005,6/17/26 04:00,48.16,
Plot Title: 3S2G,4006,6/17/26 04:15,48.339,
Plot Title: 3S2G,4007,6/17/26 04:30,48.16,
Plot Title: 3S2G,4008,6/17/26 04:45,47.982,
Plot Title: 3S2G,4009,6/17/26 05:00,48.16,
Plot Title: 3S2G,4010,6/17/26 05:15,47.982,
Plot Title: 3S2G,4011,6/17/26 05:30,47.802,
Plot Title: 3S2G,4012,6/17/26 05:45,47.802,
Plot Title: 3S2G,4013,6/17/26 06:00,47.446,
Plot Title: 3S2G,4014,6/17/26 06:15,47.446,
Plot Title: 3S2G,4015,6/17/26 06:30,47.446,
Plot Title: 3S2G,4016,6/17/26 06:45,47.624,
Plot Title: 3S2G,4017,6/17/26 07:00,47.982,
Plot Title: 3S2G,4018,6/17/26 07:15,47.982,
Plot Title: 3S2G,4019,6/17/26 07:30,47.982,
Plot Title: 3S2G,4020,6/17/26 07:45,48.16,
Plot Title: 3S2G,4021,6/17/26 08:00,48.339,
Plot Title: 3S2G,4022,6/17/26 08:15,48.871,
Plot Title: 3S2G,4023,6/17/26 08:30,48.517,
Plot Title: 3S2G,4024,6/17/26 08:45,48.695,
Plot Title: 3S2G,4025,6/17/26 09:00,48.871,
Plot Title: 3S2G,4026,6/17/26 09:15,49.05,
Plot Title: 3S2G,4027,6/17/26 09:30,49.759,
Plot Title: 3S2G,4028,6/17/26 09:45,49.937,
Plot Title: 3S2G,4029,6/17/26 10:00,54.322,
Plot Title: 3S2G,4030,6/17/26 10:15,66.193,
Plot Title: 3S2G,4031,6/17/26 10:30,72.718,
Plot Title: 3S2G,4032,6/17/26 10:45,77.749,
Plot Title: 3S2G,4033,6/17/26 11:00,81.442,
Plot Title: 3S2G,4034,6/17/26 11:15,85.374,
Plot Title: 3S2G,4035,6/17/26 11:30,89.384,
Plot Title: 3S2G,4036,6/17/26 11:45,92.174,
Plot Title: 3S2G,4037,6/17/26 12:00,84.295,
Plot Title: 3S2G,4038,6/17/26 12:15,81.975,
Plot Title: 3S2G,4039,6/17/26 12:30,76.876,
Plot Title: 3S2G,4040,6/17/26 12:45,70.308,
Plot Title: 3S2G,4041,6/17/26 13:00,67.906,
Plot Title: 3S2G,4042,6/17/26 13:15,69.964,
Plot Title: 3S2G,4043,6/17/26 13:30,67.392,
Plot Title: 3S2G,4044,6/17/26 13:45,68.421,
Plot Title: 3S2G,4045,6/17/26 14:00,65.68,
Plot Title: 3S2G,4046,6/17/26 14:15,63.626,
Plot Title: 3S2G,4047,6/17/26 14:30,62.769,
Plot Title: 3S2G,4048,6/17/26 14:45,63.626,
Plot Title: 3S2G,4049,6/17/26 15:00,63.282,
Plot Title: 3S2G,4050,6/17/26 15:15,61.054,
Plot Title: 3S2G,4051,6/17/26 15:30,59.851,
Plot Title: 3S2G,4052,6/17/26 15:45,59.68,
Plot Title: 3S2G,4053,6/17/26 16:00,60.195,
Plot Title: 3S2G,4054,6/17/26 16:15,59.508,
Plot Title: 3S2G,4055,6/17/26 16:30,59.337,
Plot Title: 3S2G,4056,6/17/26 16:45,58.647,
Plot Title: 3S2G,4057,6/17/26 17:00,58.303,
Plot Title: 3S2G,4058,6/17/26 17:15,57.441,
Plot Title: 3S2G,4059,6/17/26 17:30,57.441,
Plot Title: 3S2G,4060,6/17/26 17:45,56.923,
Plot Title: 3S2G,4061,6/17/26 18:00,56.923,
Plot Title: 3S2G,4062,6/17/26 18:15,56.75,
Plot Title: 3S2G,4063,6/17/26 18:30,56.577,
Plot Title: 3S2G,4064,6/17/26 18:45,55.884,
Plot Title: 3S2G,4065,6/17/26 19:00,55.711,
Plot Title: 3S2G,4066,6/17/26 19:15,55.364,
Plot Title: 3S2G,4067,6/17/26 19:30,55.017,
Plot Title: 3S2G,4068,6/17/26 19:45,54.147,
Plot Title: 3S2G,4069,6/17/26 20:00,53.449,
Plot Title: 3S2G,4070,6/17/26 20:15,52.925,
Plot Title: 3S2G,4071,6/17/26 20:30,52.401,
Plot Title: 3S2G,4072,6/17/26 20:45,52.05,
Plot Title: 3S2G,4073,6/17/26 21:00,51.523,
Plot Title: 3S2G,4074,6/17/26 21:15,51.172,
Plot Title: 3S2G,4075,6/17/26 21:30,50.643,
Plot Title: 3S2G,4076,6/17/26 21:45,50.113,
Plot Title: 3S2G,4077,6/17/26 22:00,49.759,
Plot Title: 3S2G,4078,6/17/26 22:15,49.404,
Plot Title: 3S2G,4079,6/17/26 22:30,49.05,
Plot Title: 3S2G,4080,6/17/26 22:45,48.695,
Plot Title: 3S2G,4081,6/17/26 23:00,48.339,
Plot Title: 3S2G,4082,6/17/26 23:15,47.982,
Plot Title: 3S2G,4083,6/17/26 23:30,47.802,
Plot Title: 3S2G,4084,6/17/26 23:45,47.446,
Plot Title: 3S2G,4085,6/18/26 00:00,47.266,
Plot Title: 3S2G,4086,6/18/26 00:15,47.088,
Plot Title: 3S2G,4087,6/18/26 00:30,46.728,
Plot Title: 3S2G,4088,6/18/26 00:45,46.548,
Plot Title: 3S2G,4089,6/18/26 01:00,46.369,
Plot Title: 3S2G,4090,6/18/26 01:15,46.188,
Plot Title: 3S2G,4091,6/18/26 01:30,46.008,
Plot Title: 3S2G,4092,6/18/26 01:45,45.828,
Plot Title: 3S2G,4093,6/18/26 02:00,45.828,
Plot Title: 3S2G,4094,6/18/26 02:15,45.648,
Plot Title: 3S2G,4095,6/18/26 02:30,45.466,
Plot Title: 3S2G,4096,6/18/26 02:45,45.286,
Plot Title: 3S2G,4097,6/18/26 03:00,45.104,
Plot Title: 3S2G,4098,6/18/26 03:15,45.104,
Plot Title: 3S2G,4099,6/18/26 03:30,44.922,
Plot Title: 3S2G,4100,6/18/26 03:45,44.922,
Plot Title: 3S2G,4101,6/18/26 04:00,44.742,
Plot Title: 3S2G,4102,6/18/26 04:15,44.56,
Plot Title: 3S2G,4103,6/18/26 04:30,44.56,
Plot Title: 3S2G,4104,6/18/26 04:45,44.379,
Plot Title: 3S2G,4105,6/18/26 05:00,44.013,
Plot Title: 3S2G,4106,6/18/26 05:15,44.013,
Plot Title: 3S2G,4107,6/18/26 05:30,44.013,
Plot Title: 3S2G,4108,6/18/26 05:45,44.013,
Plot Title: 3S2G,4109,6/18/26 06:00,43.831,
Plot Title: 3S2G,4110,6/18/26 06:15,43.648,
Plot Title: 3S2G,4111,6/18/26 06:30,43.648,
Plot Title: 3S2G,4112,6/18/26 06:45,44.013,
Plot Title: 3S2G,4113,6/18/26 07:00,45.104,
Plot Title: 3S2G,4114,6/18/26 07:15,45.648,
Plot Title: 3S2G,4115,6/18/26 07:30,45.828,
Plot Title: 3S2G,4116,6/18/26 07:45,46.008,
Plot Title: 3S2G,4117,6/18/26 08:00,46.369,
Plot Title: 3S2G,4118,6/18/26 08:15,46.369,
Plot Title: 3S2G,4119,6/18/26 08:30,46.188,
Plot Title: 3S2G,4120,6/18/26 08:45,46.188,
Plot Title: 3S2G,4121,6/18/26 09:00,46.548,
Plot Title: 3S2G,4122,6/18/26 09:15,47.624,
Plot Title: 3S2G,4123,6/18/26 09:30,49.05,
Plot Title: 3S2G,4124,6/18/26 09:45,49.759,
Plot Title: 3S2G,4125,6/18/26 10:00,53.973,
Plot Title: 3S2G,4126,6/18/26 10:15,55.884,
Plot Title: 3S2G,4127,6/18/26 10:30,64.825,
Plot Title: 3S2G,4128,6/18/26 10:45,72.545,
Plot Title: 3S2G,4129,6/18/26 11:00,73.753,
Plot Title: 3S2G,4130,6/18/26 11:15,68.934,
Plot Title: 3S2G,4131,6/18/26 11:30,75.484,
Plot Title: 3S2G,4132,6/18/26 11:45,77.923,
Plot Title: 3S2G,4133,6/18/26 12:00,80.382,
Plot Title: 3S2G,4134,6/18/26 12:15,84.474,
Plot Title: 3S2G,4135,6/18/26 12:30,88.099,
Plot Title: 3S2G,4136,6/18/26 12:45,90.124,
Plot Title: 3S2G,4137,6/18/26 13:00,91.612,
Plot Title: 3S2G,4138,6/18/26 13:15,92.174,
Plot Title: 3S2G,4139,6/18/26 13:30,91.053,
Plot Title: 3S2G,4140,6/18/26 13:45,89.755,
Plot Title: 3S2G,4141,6/18/26 14:00,77.749,
Plot Title: 3S2G,4142,6/18/26 14:15,72.372,
Plot Title: 3S2G,4143,6/18/26 14:30,69.107,
Plot Title: 3S2G,4144,6/18/26 14:45,66.879,
Plot Title: 3S2G,4145,6/18/26 15:00,65.167,
Plot Title: 3S2G,4146,6/18/26 15:15,63.968,
Plot Title: 3S2G,4147,6/18/26 15:30,62.598,
Plot Title: 3S2G,4148,6/18/26 15:45,61.569,
Plot Title: 3S2G,4149,6/18/26 16:00,60.883,
Plot Title: 3S2G,4150,6/18/26 16:15,60.368,
Plot Title: 3S2G,4151,6/18/26 16:30,59.68,
Plot Title: 3S2G,4152,6/18/26 16:45,58.82,
Plot Title: 3S2G,4153,6/18/26 17:00,58.131,
Plot Title: 3S2G,4154,6/18/26 17:15,57.441,
Plot Title: 3S2G,4155,6/18/26 17:30,56.923,
Plot Title: 3S2G,4156,6/18/26 17:45,56.404,
Plot Title: 3S2G,4157,6/18/26 18:00,55.884,
Plot Title: 3S2G,4158,6/18/26 18:15,55.364,
Plot Title: 3S2G,4159,6/18/26 18:30,54.842,
Plot Title: 3S2G,4160,6/18/26 18:45,54.495,
Plot Title: 3S2G,4161,6/18/26 19:00,54.147,
Plot Title: 3S2G,4162,6/18/26 19:15,53.798,
Plot Title: 3S2G,4163,6/18/26 19:30,53.449,
Plot Title: 3S2G,4164,6/18/26 19:45,53.1,
Plot Title: 3S2G,4165,6/18/26 20:00,52.925,
Plot Title: 3S2G,4166,6/18/26 20:15,52.576,
Plot Title: 3S2G,4167,6/18/26 20:30,52.225,
Plot Title: 3S2G,4168,6/18/26 20:45,51.874,
Plot Title: 3S2G,4169,6/18/26 21:00,51.346,
Plot Title: 3S2G,4170,6/18/26 21:15,50.995,
Plot Title: 3S2G,4171,6/18/26 21:30,50.643,
Plot Title: 3S2G,4172,6/18/26 21:45,50.29,
Plot Title: 3S2G,4173,6/18/26 22:00,49.937,
Plot Title: 3S2G,4174,6/18/26 22:15,49.582,
Plot Title: 3S2G,4175,6/18/26 22:30,49.228,
Plot Title: 3S2G,4176,6/18/26 22:45,49.05,
Plot Title: 3S2G,4177,6/18/26 23:00,48.695,
Plot Title: 3S2G,4178,6/18/26 23:15,48.517,
Plot Title: 3S2G,4179,6/18/26 23:30,48.339,
Plot Title: 3S2G,4180,6/18/26 23:45,47.982,
Plot Title: 3S2G,4181,6/19/26 00:00,47.802,
Plot Title: 3S2G,4182,6/19/26 00:15,47.624,
Plot Title: 3S2G,4183,6/19/26 00:30,47.446,
Plot Title: 3S2G,4184,6/19/26 00:45,47.266,
Plot Title: 3S2G,4185,6/19/26 01:00,47.088,
Plot Title: 3S2G,4186,6/19/26 01:15,46.908,
Plot Title: 3S2G,4187,6/19/26 01:30,46.728,
Plot Title: 3S2G,4188,6/19/26 01:45,46.728,
Plot Title: 3S2G,4189,6/19/26 02:00,46.548,
Plot Title: 3S2G,4190,6/19/26 02:15,46.369,
Plot Title: 3S2G,4191,6/19/26 02:30,46.188,
Plot Title: 3S2G,4192,6/19/26 02:45,46.188,
Plot Title: 3S2G,4193,6/19/26 03:00,46.008,
Plot Title: 3S2G,4194,6/19/26 03:15,45.828,
Plot Title: 3S2G,4195,6/19/26 03:30,45.648,
Plot Title: 3S2G,4196,6/19/26 03:45,45.466,
Plot Title: 3S2G,4197,6/19/26 04:00,45.286,
Plot Title: 3S2G,4198,6/19/26 04:15,45.104,
Plot Title: 3S2G,4199,6/19/26 04:30,44.922,
Plot Title: 3S2G,4200,6/19/26 04:45,44.742,
Plot Title: 3S2G,4201,6/19/26 05:00,44.56,
Plot Title: 3S2G,4202,6/19/26 05:15,44.379,
Plot Title: 3S2G,4203,6/19/26 05:30,44.195,
Plot Title: 3S2G,4204,6/19/26 05:45,44.195,
Plot Title: 3S2G,4205,6/19/26 06:00,44.195,
Plot Title: 3S2G,4206,6/19/26 06:15,44.195,
Plot Title: 3S2G,4207,6/19/26 06:30,44.379,
Plot Title: 3S2G,4208,6/19/26 06:45,44.56,
Plot Title: 3S2G,4209,6/19/26 07:00,45.286,
Plot Title: 3S2G,4210,6/19/26 07:15,45.286,
Plot Title: 3S2G,4211,6/19/26 07:30,45.286,
Plot Title: 3S2G,4212,6/19/26 07:45,45.648,
Plot Title: 3S2G,4213,6/19/26 08:00,46.369,
Plot Title: 3S2G,4214,6/19/26 08:15,47.088,
Plot Title: 3S2G,4215,6/19/26 08:30,47.624,
Plot Title: 3S2G,4216,6/19/26 08:45,47.982,
Plot Title: 3S2G,4217,6/19/26 09:00,48.517,
Plot Title: 3S2G,4218,6/19/26 09:15,49.582,
Plot Title: 3S2G,4219,6/19/26 09:30,49.937,
Plot Title: 3S2G,4220,6/19/26 09:45,50.643,
Plot Title: 3S2G,4221,6/19/26 10:00,52.576,
Plot Title: 3S2G,4222,6/19/26 10:15,54.147,
Plot Title: 3S2G,4223,6/19/26 10:30,62.083,
Plot Title: 3S2G,4224,6/19/26 10:45,66.537,
Plot Title: 3S2G,4225,6/19/26 11:00,64.825,
Plot Title: 3S2G,4226,6/19/26 11:15,65.338,
Plot Title: 3S2G,4227,6/19/26 11:30,69.107,
Plot Title: 3S2G,4228,6/19/26 11:45,74.098,
Plot Title: 3S2G,4229,6/19/26 12:00,75.832,
Plot Title: 3S2G,4230,6/19/26 12:15,74.791,
Plot Title: 3S2G,4231,6/19/26 12:30,70.651,
Plot Title: 3S2G,4232,6/19/26 12:45,66.537,
Plot Title: 3S2G,4233,6/19/26 13:00,68.421,
Plot Title: 3S2G,4234,6/19/26 13:15,75.484,
Plot Title: 3S2G,4235,6/19/26 13:30,75.484,
Plot Title: 3S2G,4236,6/19/26 13:45,74.964,
Plot Title: 3S2G,4237,6/19/26 14:00,71.683,
Plot Title: 3S2G,4238,6/19/26 14:15,68.592,
Plot Title: 3S2G,4239,6/19/26 14:30,67.564,
Plot Title: 3S2G,4240,6/19/26 14:45,66.366,
Plot Title: 3S2G,4241,6/19/26 15:00,65.509,
Plot Title: 3S2G,4242,6/19/26 15:15,64.481,
Plot Title: 3S2G,4243,6/19/26 15:30,64.139,
Plot Title: 3S2G,4244,6/19/26 15:45,63.797,
Plot Title: 3S2G,4245,6/19/26 16:00,63.282,
Plot Title: 3S2G,4246,6/19/26 16:15,62.94,
Plot Title: 3S2G,4247,6/19/26 16:30,62.769,
Plot Title: 3S2G,4248,6/19/26 16:45,61.741,
Plot Title: 3S2G,4249,6/19/26 17:00,61.569,
Plot Title: 3S2G,4250,6/19/26 17:15,61.741,
Plot Title: 3S2G,4251,6/19/26 17:30,60.883,
Plot Title: 3S2G,4252,6/19/26 17:45,59.337,
Plot Title: 3S2G,4253,6/19/26 18:00,58.303,
Plot Title: 3S2G,4254,6/19/26 18:15,57.958,
Plot Title: 3S2G,4255,6/19/26 18:30,58.647,
Plot Title: 3S2G,4256,6/19/26 18:45,58.476,
Plot Title: 3S2G,4257,6/19/26 19:00,57.958,
Plot Title: 3S2G,4258,6/19/26 19:15,57.268,
Plot Title: 3S2G,4259,6/19/26 19:30,56.23,
Plot Title: 3S2G,4260,6/19/26 19:45,55.537,
Plot Title: 3S2G,4261,6/19/26 20:00,55.017,
Plot Title: 3S2G,4262,6/19/26 20:15,54.495,
Plot Title: 3S2G,4263,6/19/26 20:30,54.147,
Plot Title: 3S2G,4264,6/19/26 20:45,53.798,
Plot Title: 3S2G,4265,6/19/26 21:00,53.449,
Plot Title: 3S2G,4266,6/19/26 21:15,53.449,
Plot Title: 3S2G,4267,6/19/26 21:30,53.1,
Plot Title: 3S2G,4268,6/19/26 21:45,52.75,
Plot Title: 3S2G,4269,6/19/26 22:00,52.401,
Plot Title: 3S2G,4270,6/19/26 22:15,52.401,
Plot Title: 3S2G,4271,6/19/26 22:30,52.576,
Plot Title: 3S2G,4272,6/19/26 22:45,52.401,
Plot Title: 3S2G,4273,6/19/26 23:00,52.401,
Plot Title: 3S2G,4274,6/19/26 23:15,52.225,
Plot Title: 3S2G,4275,6/19/26 23:30,52.401,
Plot Title: 3S2G,4276,6/19/26 23:45,52.401,
Plot Title: 3S2G,4277,6/20/26 00:00,52.401,
Plot Title: 3S2G,4278,6/20/26 00:15,52.401,
Plot Title: 3S2G,4279,6/20/26 00:30,52.225,
Plot Title: 3S2G,4280,6/20/26 00:45,51.874,
Plot Title: 3S2G,4281,6/20/26 01:00,51.699,
Plot Title: 3S2G,4282,6/20/26 01:15,51.699,
Plot Title: 3S2G,4283,6/20/26 01:30,51.699,
Plot Title: 3S2G,4284,6/20/26 01:45,51.874,
Plot Title: 3S2G,4285,6/20/26 02:00,51.699,
Plot Title: 3S2G,4286,6/20/26 02:15,51.523,
Plot Title: 3S2G,4287,6/20/26 02:30,51.346,
Plot Title: 3S2G,4288,6/20/26 02:45,51.346,
Plot Title: 3S2G,4289,6/20/26 03:00,51.172,
Plot Title: 3S2G,4290,6/20/26 03:15,51.172,
Plot Title: 3S2G,4291,6/20/26 03:30,51.172,
Plot Title: 3S2G,4292,6/20/26 03:45,51.172,
Plot Title: 3S2G,4293,6/20/26 04:00,51.172,
Plot Title: 3S2G,4294,6/20/26 04:15,51.172,
Plot Title: 3S2G,4295,6/20/26 04:30,50.819,
Plot Title: 3S2G,4296,6/20/26 04:45,50.466,
Plot Title: 3S2G,4297,6/20/26 05:00,50.29,
Plot Title: 3S2G,4298,6/20/26 05:15,50.29,
Plot Title: 3S2G,4299,6/20/26 05:30,50.29,
Plot Title: 3S2G,4300,6/20/26 05:45,50.29,
Plot Title: 3S2G,4301,6/20/26 06:00,50.29,
Plot Title: 3S2G,4302,6/20/26 06:15,50.29,
Plot Title: 3S2G,4303,6/20/26 06:30,50.29,
Plot Title: 3S2G,4304,6/20/26 06:45,50.643,
Plot Title: 3S2G,4305,6/20/26 07:00,51.172,
Plot Title: 3S2G,4306,6/20/26 07:15,50.995,
Plot Title: 3S2G,4307,6/20/26 07:30,50.995,
Plot Title: 3S2G,4308,6/20/26 07:45,50.995,
Plot Title: 3S2G,4309,6/20/26 08:00,51.523,
Plot Title: 3S2G,4310,6/20/26 08:15,51.874,
Plot Title: 3S2G,4311,6/20/26 08:30,51.699,
Plot Title: 3S2G,4312,6/20/26 08:45,51.346,
Plot Title: 3S2G,4313,6/20/26 09:00,51.346,
Plot Title: 3S2G,4314,6/20/26 09:15,51.346,
Plot Title: 3S2G,4315,6/20/26 09:30,51.346,
Plot Title: 3S2G,4316,6/20/26 09:45,51.346,
Plot Title: 3S2G,4317,6/20/26 10:00,52.225,
Plot Title: 3S2G,4318,6/20/26 10:15,53.1,
Plot Title: 3S2G,4319,6/20/26 10:30,52.925,
Plot Title: 3S2G,4320,6/20/26 10:45,52.75,
Plot Title: 3S2G,4321,6/20/26 11:00,53.623,
Plot Title: 3S2G,4322,6/20/26 11:15,54.842,
Plot Title: 3S2G,4323,6/20/26 11:30,54.147,
Plot Title: 3S2G,4324,6/20/26 11:45,53.449,
Plot Title: 3S2G,4325,6/20/26 12:00,52.75,
Plot Title: 3S2G,4326,6/20/26 12:15,52.925,
Plot Title: 3S2G,4327,6/20/26 12:30,53.973,
Plot Title: 3S2G,4328,6/20/26 12:45,54.322,
Plot Title: 3S2G,4329,6/20/26 13:00,54.842,
Plot Title: 3S2G,4330,6/20/26 13:15,56.23,
Plot Title: 3S2G,4331,6/20/26 13:30,57.268,
Plot Title: 3S2G,4332,6/20/26 13:45,58.476,
Plot Title: 3S2G,4333,6/20/26 14:00,58.82,
Plot Title: 3S2G,4334,6/20/26 14:15,57.614,
Plot Title: 3S2G,4335,6/20/26 14:30,58.476,
Plot Title: 3S2G,4336,6/20/26 14:45,57.958,
Plot Title: 3S2G,4337,6/20/26 15:00,56.23,
Plot Title: 3S2G,4338,6/20/26 15:15,54.147,
Plot Title: 3S2G,4339,6/20/26 15:30,52.576,
Plot Title: 3S2G,4340,6/20/26 15:45,51.523,
Plot Title: 3S2G,4341,6/20/26 16:00,50.995,
Plot Title: 3S2G,4342,6/20/26 16:15,50.819,
Plot Title: 3S2G,4343,6/20/26 16:30,50.643,
Plot Title: 3S2G,4344,6/20/26 16:45,50.29,
Plot Title: 3S2G,4345,6/20/26 17:00,49.937,
Plot Title: 3S2G,4346,6/20/26 17:15,49.582,
Plot Title: 3S2G,4347,6/20/26 17:30,49.582,
Plot Title: 3S2G,4348,6/20/26 17:45,49.404,
Plot Title: 3S2G,4349,6/20/26 18:00,49.404,
Plot Title: 3S2G,4350,6/20/26 18:15,49.404,
Plot Title: 3S2G,4351,6/20/26 18:30,49.404,
Plot Title: 3S2G,4352,6/20/26 18:45,49.228,
Plot Title: 3S2G,4353,6/20/26 19:00,49.05,
Plot Title: 3S2G,4354,6/20/26 19:15,49.05,
Plot Title: 3S2G,4355,6/20/26 19:30,49.05,
Plot Title: 3S2G,4356,6/20/26 19:45,48.871,
Plot Title: 3S2G,4357,6/20/26 20:00,48.871,
Plot Title: 3S2G,4358,6/20/26 20:15,48.871,
Plot Title: 3S2G,4359,6/20/26 20:30,48.695,
Plot Title: 3S2G,4360,6/20/26 20:45,48.517,
Plot Title: 3S2G,4361,6/20/26 21:00,48.517,
Plot Title: 3S2G,4362,6/20/26 21:15,48.517,
Plot Title: 3S2G,4363,6/20/26 21:30,48.339,
Plot Title: 3S2G,4364,6/20/26 21:45,48.339,
Plot Title: 3S2G,4365,6/20/26 22:00,48.16,
Plot Title: 3S2G,4366,6/20/26 22:15,47.982,
Plot Title: 3S2G,4367,6/20/26 22:30,47.982,
Plot Title: 3S2G,4368,6/20/26 22:45,47.982,
Plot Title: 3S2G,4369,6/20/26 23:00,47.982,
Plot Title: 3S2G,4370,6/20/26 23:15,47.982,
Plot Title: 3S2G,4371,6/20/26 23:30,47.802,
Plot Title: 3S2G,4372,6/20/26 23:45,47.624,
Plot Title: 3S2G,4373,6/21/26 00:00,47.624,
Plot Title: 3S2G,4374,6/21/26 00:15,47.624,
Plot Title: 3S2G,4375,6/21/26 00:30,47.624,
Plot Title: 3S2G,4376,6/21/26 00:45,47.624,
Plot Title: 3S2G,4377,6/21/26 01:00,47.624,
Plot Title: 3S2G,4378,6/21/26 01:15,47.624,
Plot Title: 3S2G,4379,6/21/26 01:30,47.624,
Plot Title: 3S2G,4380,6/21/26 01:45,47.446,
Plot Title: 3S2G,4381,6/21/26 02:00,47.446,
Plot Title: 3S2G,4382,6/21/26 02:15,47.088,
Plot Title: 3S2G,4383,6/21/26 02:30,46.728,
Plot Title: 3S2G,4384,6/21/26 02:45,46.728,
Plot Title: 3S2G,4385,6/21/26 03:00,46.728,
Plot Title: 3S2G,4386,6/21/26 03:15,46.908,
Plot Title: 3S2G,4387,6/21/26 03:30,46.908,
Plot Title: 3S2G,4388,6/21/26 03:45,46.728,
Plot Title: 3S2G,4389,6/21/26 04:00,46.728,
Plot Title: 3S2G,4390,6/21/26 04:15,46.908,
Plot Title: 3S2G,4391,6/21/26 04:30,46.908,
Plot Title: 3S2G,4392,6/21/26 04:45,46.728,
Plot Title: 3S2G,4393,6/21/26 05:00,46.728,
Plot Title: 3S2G,4394,6/21/26 05:15,46.728,
Plot Title: 3S2G,4395,6/21/26 05:30,46.548,
Plot Title: 3S2G,4396,6/21/26 05:45,46.548,
Plot Title: 3S2G,4397,6/21/26 06:00,46.548,
Plot Title: 3S2G,4398,6/21/26 06:15,46.728,
Plot Title: 3S2G,4399,6/21/26 06:30,47.088,
Plot Title: 3S2G,4400,6/21/26 06:45,47.446,
Plot Title: 3S2G,4401,6/21/26 07:00,47.446,
Plot Title: 3S2G,4402,6/21/26 07:15,47.802,
Plot Title: 3S2G,4403,6/21/26 07:30,47.982,
Plot Title: 3S2G,4404,6/21/26 07:45,48.16,
Plot Title: 3S2G,4405,6/21/26 08:00,48.695,
Plot Title: 3S2G,4406,6/21/26 08:15,49.05,
Plot Title: 3S2G,4407,6/21/26 08:30,49.228,
Plot Title: 3S2G,4408,6/21/26 08:45,49.404,
Plot Title: 3S2G,4409,6/21/26 09:00,49.404,
Plot Title: 3S2G,4410,6/21/26 09:15,50.643,
Plot Title: 3S2G,4411,6/21/26 09:30,51.523,
Plot Title: 3S2G,4412,6/21/26 09:45,52.05,
Plot Title: 3S2G,4413,6/21/26 10:00,54.322,
Plot Title: 3S2G,4414,6/21/26 10:15,59.68,
Plot Title: 3S2G,4415,6/21/26 10:30,70.137,
Plot Title: 3S2G,4416,6/21/26 10:45,68.592,
Plot Title: 3S2G,4417,6/21/26 11:00,67.05,
Plot Title: 3S2G,4418,6/21/26 11:15,75.832,
Plot Title: 3S2G,4419,6/21/26 11:30,67.906,
Plot Title: 3S2G,4420,6/21/26 11:45,64.139,
Plot Title: 3S2G,4421,6/21/26 12:00,75.659,
Plot Title: 3S2G,4422,6/21/26 12:15,75.832,
Plot Title: 3S2G,4423,6/21/26 12:30,75.139,
Plot Title: 3S2G,4424,6/21/26 12:45,74.964,
Plot Title: 3S2G,4425,6/21/26 13:00,80.735,
Plot Title: 3S2G,4426,6/21/26 13:15,77.749,
Plot Title: 3S2G,4427,6/21/26 13:30,72.718,
Plot Title: 3S2G,4428,6/21/26 13:45,75.484,
Plot Title: 3S2G,4429,6/21/26 14:00,68.592,
Plot Title: 3S2G,4430,6/21/26 14:15,66.193,
Plot Title: 3S2G,4431,6/21/26 14:30,64.139,
Plot Title: 3S2G,4432,6/21/26 14:45,63.111,
Plot Title: 3S2G,4433,6/21/26 15:00,62.254,
Plot Title: 3S2G,4434,6/21/26 15:15,61.054,
Plot Title: 3S2G,4435,6/21/26 15:30,60.883,
Plot Title: 3S2G,4436,6/21/26 15:45,60.024,
Plot Title: 3S2G,4437,6/21/26 16:00,59.337,
Plot Title: 3S2G,4438,6/21/26 16:15,59.337,
Plot Title: 3S2G,4439,6/21/26 16:30,59.164,
Plot Title: 3S2G,4440,6/21/26 16:45,58.647,
Plot Title: 3S2G,4441,6/21/26 17:00,58.131,
Plot Title: 3S2G,4442,6/21/26 17:15,57.441,
Plot Title: 3S2G,4443,6/21/26 17:30,57.096,
Plot Title: 3S2G,4444,6/21/26 17:45,56.923,
Plot Title: 3S2G,4445,6/21/26 18:00,56.923,
Plot Title: 3S2G,4446,6/21/26 18:15,56.577,
Plot Title: 3S2G,4447,6/21/26 18:30,56.057,
Plot Title: 3S2G,4448,6/21/26 18:45,55.537,
Plot Title: 3S2G,4449,6/21/26 19:00,55.017,
Plot Title: 3S2G,4450,6/21/26 19:15,55.189,
Plot Title: 3S2G,4451,6/21/26 19:30,55.189,
Plot Title: 3S2G,4452,6/21/26 19:45,55.189,
Plot Title: 3S2G,4453,6/21/26 20:00,55.189,
Plot Title: 3S2G,4454,6/21/26 20:15,54.842,
Plot Title: 3S2G,4455,6/21/26 20:30,54.322,
Plot Title: 3S2G,4456,6/21/26 20:45,53.623,
Plot Title: 3S2G,4457,6/21/26 21:00,53.449,
Plot Title: 3S2G,4458,6/21/26 21:15,53.274,
Plot Title: 3S2G,4459,6/21/26 21:30,53.1,
Plot Title: 3S2G,4460,6/21/26 21:45,52.576,
Plot Title: 3S2G,4461,6/21/26 22:00,52.225,
Plot Title: 3S2G,4462,6/21/26 22:15,51.523,
Plot Title: 3S2G,4463,6/21/26 22:30,51.172,
Plot Title: 3S2G,4464,6/21/26 22:45,50.819,
Plot Title: 3S2G,4465,6/21/26 23:00,50.29,
Plot Title: 3S2G,4466,6/21/26 23:15,49.937,
Plot Title: 3S2G,4467,6/21/26 23:30,49.582,
Plot Title: 3S2G,4468,6/21/26 23:45,49.404,
Plot Title: 3S2G,4469,6/22/26 00:00,49.05,
Plot Title: 3S2G,4470,6/22/26 00:15,48.695,
Plot Title: 3S2G,4471,6/22/26 00:30,48.517,
Plot Title: 3S2G,4472,6/22/26 00:45,48.339,
Plot Title: 3S2G,4473,6/22/26 01:00,48.16,
Plot Title: 3S2G,4474,6/22/26 01:15,47.982,
Plot Title: 3S2G,4475,6/22/26 01:30,47.624,
Plot Title: 3S2G,4476,6/22/26 01:45,47.446,
Plot Title: 3S2G,4477,6/22/26 02:00,47.266,
Plot Title: 3S2G,4478,6/22/26 02:15,47.446,
Plot Title: 3S2G,4479,6/22/26 02:30,47.266,
Plot Title: 3S2G,4480,6/22/26 02:45,47.088,
Plot Title: 3S2G,4481,6/22/26 03:00,46.908,
Plot Title: 3S2G,4482,6/22/26 03:15,46.548,
Plot Title: 3S2G,4483,6/22/26 03:30,46.548,
Plot Title: 3S2G,4484,6/22/26 03:45,46.369,
Plot Title: 3S2G,4485,6/22/26 04:00,46.369,
Plot Title: 3S2G,4486,6/22/26 04:15,46.008,
Plot Title: 3S2G,4487,6/22/26 04:30,46.008,
Plot Title: 3S2G,4488,6/22/26 04:45,46.008,
Plot Title: 3S2G,4489,6/22/26 05:00,46.008,
Plot Title: 3S2G,4490,6/22/26 05:15,45.828,
Plot Title: 3S2G,4491,6/22/26 05:30,46.008,
Plot Title: 3S2G,4492,6/22/26 05:45,46.008,
Plot Title: 3S2G,4493,6/22/26 06:00,46.008,
Plot Title: 3S2G,4494,6/22/26 06:15,46.188,
Plot Title: 3S2G,4495,6/22/26 06:30,46.188,
Plot Title: 3S2G,4496,6/22/26 06:45,46.369,
Plot Title: 3S2G,4497,6/22/26 07:00,46.908,
Plot Title: 3S2G,4498,6/22/26 07:15,47.088,
Plot Title: 3S2G,4499,6/22/26 07:30,47.088,
Plot Title: 3S2G,4500,6/22/26 07:45,47.266,
Plot Title: 3S2G,4501,6/22/26 08:00,47.266,
Plot Title: 3S2G,4502,6/22/26 08:15,47.624,
Plot Title: 3S2G,4503,6/22/26 08:30,47.982,
Plot Title: 3S2G,4504,6/22/26 08:45,48.339,
Plot Title: 3S2G,4505,6/22/26 09:00,48.695,
Plot Title: 3S2G,4506,6/22/26 09:15,48.695,
Plot Title: 3S2G,4507,6/22/26 09:30,49.05,
Plot Title: 3S2G,4508,6/22/26 09:45,49.228,
Plot Title: 3S2G,4509,6/22/26 10:00,51.699,
Plot Title: 3S2G,4510,6/22/26 10:15,63.282,
Plot Title: 3S2G,4511,6/22/26 10:30,71.856,
Plot Title: 3S2G,4512,6/22/26 10:45,72.199,
Plot Title: 3S2G,4513,6/22/26 11:00,76.876,
Plot Title: 3S2G,4514,6/22/26 11:15,79.502,
Plot Title: 3S2G,4515,6/22/26 11:30,79.326,
Plot Title: 3S2G,4516,6/22/26 11:45,78.449,
Plot Title: 3S2G,4517,6/22/26 12:00,82.33,
Plot Title: 3S2G,4518,6/22/26 12:15,81.797,
Plot Title: 3S2G,4519,6/22/26 12:30,78.098,
Plot Title: 3S2G,4520,6/22/26 12:45,81.621,
Plot Title: 3S2G,4521,6/22/26 13:00,80.559,
Plot Title: 3S2G,4522,6/22/26 13:15,81.621,
Plot Title: 3S2G,4523,6/22/26 13:30,81.975,
Plot Title: 3S2G,4524,6/22/26 13:45,78.8,
Plot Title: 3S2G,4525,6/22/26 14:00,73.407,
Plot Title: 3S2G,4526,6/22/26 14:15,70.308,
Plot Title: 3S2G,4527,6/22/26 14:30,68.592,
Plot Title: 3S2G,4528,6/22/26 14:45,67.564,
Plot Title: 3S2G,4529,6/22/26 15:00,66.879,
Plot Title: 3S2G,4530,6/22/26 15:15,65.851,
Plot Title: 3S2G,4531,6/22/26 15:30,65.167,
Plot Title: 3S2G,4532,6/22/26 15:45,64.139,
Plot Title: 3S2G,4533,6/22/26 16:00,63.455,
Plot Title: 3S2G,4534,6/22/26 16:15,63.111,
Plot Title: 3S2G,4535,6/22/26 16:30,62.425,
Plot Title: 3S2G,4536,6/22/26 16:45,61.741,
Plot Title: 3S2G,4537,6/22/26 17:00,61.227,
Plot Title: 3S2G,4538,6/22/26 17:15,60.712,
Plot Title: 3S2G,4539,6/22/26 17:30,60.195,
Plot Title: 3S2G,4540,6/22/26 17:45,60.195,
Plot Title: 3S2G,4541,6/22/26 18:00,59.68,
Plot Title: 3S2G,4542,6/22/26 18:15,59.164,
Plot Title: 3S2G,4543,6/22/26 18:30,58.647,
Plot Title: 3S2G,4544,6/22/26 18:45,57.958,
Plot Title: 3S2G,4545,6/22/26 19:00,57.441,
Plot Title: 3S2G,4546,6/22/26 19:15,56.923,
Plot Title: 3S2G,4547,6/22/26 19:30,56.057,
Plot Title: 3S2G,4548,6/22/26 19:45,55.711,
Plot Title: 3S2G,4549,6/22/26 20:00,55.364,
Plot Title: 3S2G,4550,6/22/26 20:15,54.842,
Plot Title: 3S2G,4551,6/22/26 20:30,54.322,
Plot Title: 3S2G,4552,6/22/26 20:45,53.623,
Plot Title: 3S2G,4553,6/22/26 21:00,53.274,
Plot Title: 3S2G,4554,6/22/26 21:15,53.1,
Plot Title: 3S2G,4555,6/22/26 21:30,52.75,
Plot Title: 3S2G,4556,6/22/26 21:45,52.05,
Plot Title: 3S2G,4557,6/22/26 22:00,51.346,
Plot Title: 3S2G,4558,6/22/26 22:15,50.995,
Plot Title: 3S2G,4559,6/22/26 22:30,50.643,
Plot Title: 3S2G,4560,6/22/26 22:45,50.29,
Plot Title: 3S2G,4561,6/22/26 23:00,50.113,
Plot Title: 3S2G,4562,6/22/26 23:15,49.759,
Plot Title: 3S2G,4563,6/22/26 23:30,49.582,
Plot Title: 3S2G,4564,6/22/26 23:45,49.228,
Plot Title: 3S2G,4565,6/23/26 00:00,48.871,
Plot Title: 3S2G,4566,6/23/26 00:15,48.695,
Plot Title: 3S2G,4567,6/23/26 00:30,48.339,
Plot Title: 3S2G,4568,6/23/26 00:45,48.16,
Plot Title: 3S2G,4569,6/23/26 01:00,47.982,
Plot Title: 3S2G,4570,6/23/26 01:15,47.802,
Plot Title: 3S2G,4571,6/23/26 01:30,47.446,
Plot Title: 3S2G,4572,6/23/26 01:45,47.266,
Plot Title: 3S2G,4573,6/23/26 02:00,47.088,
Plot Title: 3S2G,4574,6/23/26 02:15,46.908,
Plot Title: 3S2G,4575,6/23/26 02:30,46.728,
Plot Title: 3S2G,4576,6/23/26 02:45,46.548,
Plot Title: 3S2G,4577,6/23/26 03:00,46.369,
Plot Title: 3S2G,4578,6/23/26 03:15,46.188,
Plot Title: 3S2G,4579,6/23/26 03:30,46.008,
Plot Title: 3S2G,4580,6/23/26 03:45,45.828,
Plot Title: 3S2G,4581,6/23/26 04:00,45.648,
Plot Title: 3S2G,4582,6/23/26 04:15,45.466,
Plot Title: 3S2G,4583,6/23/26 04:30,45.286,
Plot Title: 3S2G,4584,6/23/26 04:45,45.104,
Plot Title: 3S2G,4585,6/23/26 05:00,44.922,
Plot Title: 3S2G,4586,6/23/26 05:15,44.742,
Plot Title: 3S2G,4587,6/23/26 05:30,44.56,
Plot Title: 3S2G,4588,6/23/26 05:45,44.379,
Plot Title: 3S2G,4589,6/23/26 06:00,44.379,
Plot Title: 3S2G,4590,6/23/26 06:15,44.379,
Plot Title: 3S2G,4591,6/23/26 06:30,44.379,
Plot Title: 3S2G,4592,6/23/26 06:45,44.56,
Plot Title: 3S2G,4593,6/23/26 07:00,45.286,
Plot Title: 3S2G,4594,6/23/26 07:15,45.286,
Plot Title: 3S2G,4595,6/23/26 07:30,45.286,
Plot Title: 3S2G,4596,6/23/26 07:45,45.466,
Plot Title: 3S2G,4597,6/23/26 08:00,45.648,
Plot Title: 3S2G,4598,6/23/26 08:15,46.188,
Plot Title: 3S2G,4599,6/23/26 08:30,46.188,
Plot Title: 3S2G,4600,6/23/26 08:45,46.369,
Plot Title: 3S2G,4601,6/23/26 09:00,46.548,
Plot Title: 3S2G,4602,6/23/26 09:15,46.728,
Plot Title: 3S2G,4603,6/23/26 09:30,47.266,
Plot Title: 3S2G,4604,6/23/26 09:45,47.446,
Plot Title: 3S2G,4605,6/23/26 10:00,50.113,
Plot Title: 3S2G,4606,6/23/26 10:15,63.282,
Plot Title: 3S2G,4607,6/23/26 10:30,70.308,
Plot Title: 3S2G,4608,6/23/26 10:45,74.271,
Plot Title: 3S2G,4609,6/23/26 11:00,78.098,
Plot Title: 3S2G,4610,6/23/26 11:15,81.621,
Plot Title: 3S2G,4611,6/23/26 11:30,85.014,
Plot Title: 3S2G,4612,6/23/26 11:45,87.915,
Plot Title: 3S2G,4613,6/23/26 12:00,90.68,
Plot Title: 3S2G,4614,6/23/26 12:15,92.737,
Plot Title: 3S2G,4615,6/23/26 12:30,94.253,
Plot Title: 3S2G,4616,6/23/26 12:45,95.4,
Plot Title: 3S2G,4617,6/23/26 13:00,96.168,
Plot Title: 3S2G,4618,6/23/26 13:15,96.748,
Plot Title: 3S2G,4619,6/23/26 13:30,97.137,
Plot Title: 3S2G,4620,6/23/26 13:45,94.062,
Plot Title: 3S2G,4621,6/23/26 14:00,80.735,
Plot Title: 3S2G,4622,6/23/26 14:15,74.271,
Plot Title: 3S2G,4623,6/23/26 14:30,70.824,
Plot Title: 3S2G,4624,6/23/26 14:45,68.592,
Plot Title: 3S2G,4625,6/23/26 15:00,66.879,
Plot Title: 3S2G,4626,6/23/26 15:15,65.509,
Plot Title: 3S2G,4627,6/23/26 15:30,64.31,
Plot Title: 3S2G,4628,6/23/26 15:45,63.282,
Plot Title: 3S2G,4629,6/23/26 16:00,62.598,
Plot Title: 3S2G,4630,6/23/26 16:15,61.741,
Plot Title: 3S2G,4631,6/23/26 16:30,61.054,
Plot Title: 3S2G,4632,6/23/26 16:45,60.368,
Plot Title: 3S2G,4633,6/23/26 17:00,59.68,
Plot Title: 3S2G,4634,6/23/26 17:15,59.164,
Plot Title: 3S2G,4635,6/23/26 17:30,58.647,
Plot Title: 3S2G,4636,6/23/26 17:45,58.131,
Plot Title: 3S2G,4637,6/23/26 18:00,57.614,
Plot Title: 3S2G,4638,6/23/26 18:15,57.268,
Plot Title: 3S2G,4639,6/23/26 18:30,56.75,
Plot Title: 3S2G,4640,6/23/26 18:45,56.23,
Plot Title: 3S2G,4641,6/23/26 19:00,55.884,
Plot Title: 3S2G,4642,6/23/26 19:15,55.537,
Plot Title: 3S2G,4643,6/23/26 19:30,55.189,
Plot Title: 3S2G,4644,6/23/26 19:45,54.842,
Plot Title: 3S2G,4645,6/23/26 20:00,54.495,
Plot Title: 3S2G,4646,6/23/26 20:15,54.147,
Plot Title: 3S2G,4647,6/23/26 20:30,53.798,
Plot Title: 3S2G,4648,6/23/26 20:45,53.449,
Plot Title: 3S2G,4649,6/23/26 21:00,53.1,
Plot Title: 3S2G,4650,6/23/26 21:15,52.75,
Plot Title: 3S2G,4651,6/23/26 21:30,52.576,
Plot Title: 3S2G,4652,6/23/26 21:45,52.225,
Plot Title: 3S2G,4653,6/23/26 22:00,52.05,
Plot Title: 3S2G,4654,6/23/26 22:15,51.874,
Plot Title: 3S2G,4655,6/23/26 22:30,51.699,
Plot Title: 3S2G,4656,6/23/26 22:45,51.523,
Plot Title: 3S2G,4657,6/23/26 23:00,51.346,
Plot Title: 3S2G,4658,6/23/26 23:15,51.172,
Plot Title: 3S2G,4659,6/23/26 23:30,50.995,
Plot Title: 3S2G,4660,6/23/26 23:45,50.819,
Plot Title: 3S2G,4661,6/24/26 00:00,50.466,
Plot Title: 3S2G,4662,6/24/26 00:15,50.29,
Plot Title: 3S2G,4663,6/24/26 00:30,50.113,
Plot Title: 3S2G,4664,6/24/26 00:45,49.937,
Plot Title: 3S2G,4665,6/24/26 01:00,50.113,
Plot Title: 3S2G,4666,6/24/26 01:15,50.113,
Plot Title: 3S2G,4667,6/24/26 01:30,50.113,
Plot Title: 3S2G,4668,6/24/26 01:45,49.937,
Plot Title: 3S2G,4669,6/24/26 02:00,49.759,
Plot Title: 3S2G,4670,6/24/26 02:15,49.582,
Plot Title: 3S2G,4671,6/24/26 02:30,49.582,
Plot Title: 3S2G,4672,6/24/26 02:45,49.228,
Plot Title: 3S2G,4673,6/24/26 03:00,49.05,
Plot Title: 3S2G,4674,6/24/26 03:15,48.695,
Plot Title: 3S2G,4675,6/24/26 03:30,48.695,
Plot Title: 3S2G,4676,6/24/26 03:45,48.339,
Plot Title: 3S2G,4677,6/24/26 04:00,48.16,
Plot Title: 3S2G,4678,6/24/26 04:15,47.982,
Plot Title: 3S2G,4679,6/24/26 04:30,47.802,
Plot Title: 3S2G,4680,6/24/26 04:45,47.802,
Plot Title: 3S2G,4681,6/24/26 05:00,47.982,
Plot Title: 3S2G,4682,6/24/26 05:15,48.16,
Plot Title: 3S2G,4683,6/24/26 05:30,47.624,
Plot Title: 3S2G,4684,6/24/26 05:45,47.266,
Plot Title: 3S2G,4685,6/24/26 06:00,47.088,
Plot Title: 3S2G,4686,6/24/26 06:15,46.908,
Plot Title: 3S2G,4687,6/24/26 06:30,46.908,
Plot Title: 3S2G,4688,6/24/26 06:45,47.088,
Plot Title: 3S2G,4689,6/24/26 07:00,47.624,
Plot Title: 3S2G,4690,6/24/26 07:15,47.802,
Plot Title: 3S2G,4691,6/24/26 07:30,47.624,
Plot Title: 3S2G,4692,6/24/26 07:45,47.802,
Plot Title: 3S2G,4693,6/24/26 08:00,48.339,
Plot Title: 3S2G,4694,6/24/26 08:15,49.05,
Plot Title: 3S2G,4695,6/24/26 08:30,49.05,
Plot Title: 3S2G,4696,6/24/26 08:45,49.05,
Plot Title: 3S2G,4697,6/24/26 09:00,49.228,
Plot Title: 3S2G,4698,6/24/26 09:15,49.404,
Plot Title: 3S2G,4699,6/24/26 09:30,49.937,
Plot Title: 3S2G,4700,6/24/26 09:45,50.113,
Plot Title: 3S2G,4701,6/24/26 10:00,52.576,
Plot Title: 3S2G,4702,6/24/26 10:15,66.022,
Plot Title: 3S2G,4703,6/24/26 10:30,72.199,
Plot Title: 3S2G,4704,6/24/26 10:45,76.528,
Plot Title: 3S2G,4705,6/24/26 11:00,81.09,
Plot Title: 3S2G,4706,6/24/26 11:15,85.194,
Plot Title: 3S2G,4707,6/24/26 11:30,89.2,
Plot Title: 3S2G,4708,6/24/26 11:45,91.987,
Plot Title: 3S2G,4709,6/24/26 12:00,94.825,
Plot Title: 3S2G,4710,6/24/26 12:15,96.942,
Plot Title: 3S2G,4711,6/24/26 12:30,98.699,
Plot Title: 3S2G,4712,6/24/26 12:45,99.489,
Plot Title: 3S2G,4713,6/24/26 13:00,99.885,
Plot Title: 3S2G,4714,6/24/26 13:15,100.483,
Plot Title: 3S2G,4715,6/24/26 13:30,100.083,
Plot Title: 3S2G,4716,6/24/26 13:45,94.825,
Plot Title: 3S2G,4717,6/24/26 14:00,84.474,
Plot Title: 3S2G,4718,6/24/26 14:15,79.502,
Plot Title: 3S2G,4719,6/24/26 14:30,76.528,
Plot Title: 3S2G,4720,6/24/26 14:45,74.271,
Plot Title: 3S2G,4721,6/24/26 15:00,72.891,
Plot Title: 3S2G,4722,6/24/26 15:15,71.683,
Plot Title: 3S2G,4723,6/24/26 15:30,70.995,
Plot Title: 3S2G,4724,6/24/26 15:45,70.137,
Plot Title: 3S2G,4725,6/24/26 16:00,69.449,
Plot Title: 3S2G,4726,6/24/26 16:15,68.421,
Plot Title: 3S2G,4727,6/24/26 16:30,67.392,
Plot Title: 3S2G,4728,6/24/26 16:45,66.366,
Plot Title: 3S2G,4729,6/24/26 17:00,65.68,
Plot Title: 3S2G,4730,6/24/26 17:15,64.652,
Plot Title: 3S2G,4731,6/24/26 17:30,64.31,
Plot Title: 3S2G,4732,6/24/26 17:45,63.455,
Plot Title: 3S2G,4733,6/24/26 18:00,62.425,
Plot Title: 3S2G,4734,6/24/26 18:15,61.398,
Plot Title: 3S2G,4735,6/24/26 18:30,60.883,
Plot Title: 3S2G,4736,6/24/26 18:45,60.712,
Plot Title: 3S2G,4737,6/24/26 19:00,60.368,
Plot Title: 3S2G,4738,6/24/26 19:15,60.195,
Plot Title: 3S2G,4739,6/24/26 19:30,59.508,
Plot Title: 3S2G,4740,6/24/26 19:45,58.993,
Plot Title: 3S2G,4741,6/24/26 20:00,58.476,
Plot Title: 3S2G,4742,6/24/26 20:15,58.303,
Plot Title: 3S2G,4743,6/24/26 20:30,57.958,
Plot Title: 3S2G,4744,6/24/26 20:45,57.614,
Plot Title: 3S2G,4745,6/24/26 21:00,57.096,
Plot Title: 3S2G,4746,6/24/26 21:15,56.577,
Plot Title: 3S2G,4747,6/24/26 21:30,56.23,
Plot Title: 3S2G,4748,6/24/26 21:45,56.057,
Plot Title: 3S2G,4749,6/24/26 22:00,55.711,
Plot Title: 3S2G,4750,6/24/26 22:15,55.364,
Plot Title: 3S2G,4751,6/24/26 22:30,55.017,
Plot Title: 3S2G,4752,6/24/26 22:45,54.669,
Plot Title: 3S2G,4753,6/24/26 23:00,54.495,
Plot Title: 3S2G,4754,6/24/26 23:15,54.322,
Plot Title: 3S2G,4755,6/24/26 23:30,54.322,
Plot Title: 3S2G,4756,6/24/26 23:45,53.973,
Plot Title: 3S2G,4757,6/25/26 00:00,53.449,
Plot Title: 3S2G,4758,6/25/26 00:15,53.1,
Plot Title: 3S2G,4759,6/25/26 00:30,52.925,
Plot Title: 3S2G,4760,6/25/26 00:45,52.925,
Plot Title: 3S2G,4761,6/25/26 01:00,53.1,
Plot Title: 3S2G,4762,6/25/26 01:15,53.1,
Plot Title: 3S2G,4763,6/25/26 01:30,53.274,
Plot Title: 3S2G,4764,6/25/26 01:45,53.1,
Plot Title: 3S2G,4765,6/25/26 02:00,53.1,
Plot Title: 3S2G,4766,6/25/26 02:15,52.576,
Plot Title: 3S2G,4767,6/25/26 02:30,52.225,
Plot Title: 3S2G,4768,6/25/26 02:45,51.874,
Plot Title: 3S2G,4769,6/25/26 03:00,51.699,
Plot Title: 3S2G,4770,6/25/26 03:15,51.346,
Plot Title: 3S2G,4771,6/25/26 03:30,50.995,
Plot Title: 3S2G,4772,6/25/26 03:45,50.819,
Plot Title: 3S2G,4773,6/25/26 04:00,50.643,
Plot Title: 3S2G,4774,6/25/26 04:15,50.466,
Plot Title: 3S2G,4775,6/25/26 04:30,50.466,
Plot Title: 3S2G,4776,6/25/26 04:45,50.29,
Plot Title: 3S2G,4777,6/25/26 05:00,50.643,
Plot Title: 3S2G,4778,6/25/26 05:15,50.643,
Plot Title: 3S2G,4779,6/25/26 05:30,50.29,
Plot Title: 3S2G,4780,6/25/26 05:45,50.113,
Plot Title: 3S2G,4781,6/25/26 06:00,49.759,
Plot Title: 3S2G,4782,6/25/26 06:15,49.759,
Plot Title: 3S2G,4783,6/25/26 06:30,49.582,
Plot Title: 3S2G,4784,6/25/26 06:45,49.937,
Plot Title: 3S2G,4785,6/25/26 07:00,50.466,
Plot Title: 3S2G,4786,6/25/26 07:15,50.466,
Plot Title: 3S2G,4787,6/25/26 07:30,50.643,
Plot Title: 3S2G,4788,6/25/26 07:45,50.995,
Plot Title: 3S2G,4789,6/25/26 08:00,50.643,
Plot Title: 3S2G,4790,6/25/26 08:15,50.995,
Plot Title: 3S2G,4791,6/25/26 08:30,50.643,
Plot Title: 3S2G,4792,6/25/26 08:45,50.995,
Plot Title: 3S2G,4793,6/25/26 09:00,51.699,
Plot Title: 3S2G,4794,6/25/26 09:15,51.172,
Plot Title: 3S2G,4795,6/25/26 09:30,50.819,
Plot Title: 3S2G,4796,6/25/26 09:45,50.995,
Plot Title: 3S2G,4797,6/25/26 10:00,52.05,
Plot Title: 3S2G,4798,6/25/26 10:15,54.495,
Plot Title: 3S2G,4799,6/25/26 10:30,57.614,
Plot Title: 3S2G,4800,6/25/26 10:45,57.268,
Plot Title: 3S2G,4801,6/25/26 11:00,56.923,
Plot Title: 3S2G,4802,6/25/26 11:15,55.364,
Plot Title: 3S2G,4803,6/25/26 11:30,58.82,
Plot Title: 3S2G,4804,6/25/26 11:45,63.797,
Plot Title: 3S2G,4805,6/25/26 12:00,69.964,
Plot Title: 3S2G,4806,6/25/26 12:15,71.683,
Plot Title: 3S2G,4807,6/25/26 12:30,68.421,
Plot Title: 3S2G,4808,6/25/26 12:45,63.111,
Plot Title: 3S2G,4809,6/25/26 13:00,63.455,
Plot Title: 3S2G,4810,6/25/26 13:15,69.107,
Plot Title: 3S2G,4811,6/25/26 13:30,69.449,
Plot Title: 3S2G,4812,6/25/26 13:45,69.107,
Plot Title: 3S2G,4813,6/25/26 14:00,65.167,
Plot Title: 3S2G,4814,6/25/26 14:15,63.282,
Plot Title: 3S2G,4815,6/25/26 14:30,61.912,
Plot Title: 3S2G,4816,6/25/26 14:45,61.569,
Plot Title: 3S2G,4817,6/25/26 15:00,61.398,
Plot Title: 3S2G,4818,6/25/26 15:15,61.054,
Plot Title: 3S2G,4819,6/25/26 15:30,61.569,
Plot Title: 3S2G,4820,6/25/26 15:45,61.398,
Plot Title: 3S2G,4821,6/25/26 16:00,61.569,
Plot Title: 3S2G,4822,6/25/26 16:15,60.368,
Plot Title: 3S2G,4823,6/25/26 16:30,58.993,
Plot Title: 3S2G,4824,6/25/26 16:45,59.68,
Plot Title: 3S2G,4825,6/25/26 17:00,59.337,
Plot Title: 3S2G,4826,6/25/26 17:15,59.164,
Plot Title: 3S2G,4827,6/25/26 17:30,58.647,
Plot Title: 3S2G,4828,6/25/26 17:45,58.131,
Plot Title: 3S2G,4829,6/25/26 18:00,57.441,
Plot Title: 3S2G,4830,6/25/26 18:15,57.441,
Plot Title: 3S2G,4831,6/25/26 18:30,57.096,
Plot Title: 3S2G,4832,6/25/26 18:45,56.923,
Plot Title: 3S2G,4833,6/25/26 19:00,56.75,
Plot Title: 3S2G,4834,6/25/26 19:15,56.577,
Plot Title: 3S2G,4835,6/25/26 19:30,56.23,
Plot Title: 3S2G,4836,6/25/26 19:45,55.884,
Plot Title: 3S2G,4837,6/25/26 20:00,54.842,
Plot Title: 3S2G,4838,6/25/26 20:15,54.147,
Plot Title: 3S2G,4839,6/25/26 20:30,54.147,
Plot Title: 3S2G,4840,6/25/26 20:45,54.147,
Plot Title: 3S2G,4841,6/25/26 21:00,53.274,
Plot Title: 3S2G,4842,6/25/26 21:15,52.75,
Plot Title: 3S2G,4843,6/25/26 21:30,52.401,
Plot Title: 3S2G,4844,6/25/26 21:45,52.576,
Plot Title: 3S2G,4845,6/25/26 22:00,52.75,
Plot Title: 3S2G,4846,6/25/26 22:15,52.401,
Plot Title: 3S2G,4847,6/25/26 22:30,52.401,
Plot Title: 3S2G,4848,6/25/26 22:45,52.225,
Plot Title: 3S2G,4849,6/25/26 23:00,51.874,
Plot Title: 3S2G,4850,6/25/26 23:15,51.874,
Plot Title: 3S2G,4851,6/25/26 23:30,51.523,
Plot Title: 3S2G,4852,6/25/26 23:45,51.346,
Plot Title: 3S2G,4853,6/26/26 00:00,51.346,
Plot Title: 3S2G,4854,6/26/26 00:15,51.523,
Plot Title: 3S2G,4855,6/26/26 00:30,51.523,
Plot Title: 3S2G,4856,6/26/26 00:45,51.346,
Plot Title: 3S2G,4857,6/26/26 01:00,50.995,
Plot Title: 3S2G,4858,6/26/26 01:15,50.466,
Plot Title: 3S2G,4859,6/26/26 01:30,50.29,
Plot Title: 3S2G,4860,6/26/26 01:45,50.113,
Plot Title: 3S2G,4861,6/26/26 02:00,50.29,
Plot Title: 3S2G,4862,6/26/26 02:15,50.29,
Plot Title: 3S2G,4863,6/26/26 02:30,50.29,
Plot Title: 3S2G,4864,6/26/26 02:45,50.29,
Plot Title: 3S2G,4865,6/26/26 03:00,50.29,
Plot Title: 3S2G,4866,6/26/26 03:15,50.113,
Plot Title: 3S2G,4867,6/26/26 03:30,50.113,
Plot Title: 3S2G,4868,6/26/26 03:45,50.113,
Plot Title: 3S2G,4869,6/26/26 04:00,49.937,
Plot Title: 3S2G,4870,6/26/26 04:15,49.937,
Plot Title: 3S2G,4871,6/26/26 04:30,49.582,
Plot Title: 3S2G,4872,6/26/26 04:45,49.404,
Plot Title: 3S2G,4873,6/26/26 05:00,49.404,
Plot Title: 3S2G,4874,6/26/26 05:15,49.404,
Plot Title: 3S2G,4875,6/26/26 05:30,49.404,
Plot Title: 3S2G,4876,6/26/26 05:45,49.404,
Plot Title: 3S2G,4877,6/26/26 06:00,49.404,
Plot Title: 3S2G,4878,6/26/26 06:15,49.404,
Plot Title: 3S2G,4879,6/26/26 06:30,49.582,
Plot Title: 3S2G,4880,6/26/26 06:45,49.582,
Plot Title: 3S2G,4881,6/26/26 07:00,49.759,
Plot Title: 3S2G,4882,6/26/26 07:15,50.113,
Plot Title: 3S2G,4883,6/26/26 07:30,50.29,
Plot Title: 3S2G,4884,6/26/26 07:45,50.643,
Plot Title: 3S2G,4885,6/26/26 08:00,51.346,
Plot Title: 3S2G,4886,6/26/26 08:15,52.05,
Plot Title: 3S2G,4887,6/26/26 08:30,52.401,
Plot Title: 3S2G,4888,6/26/26 08:45,52.576,
Plot Title: 3S2G,4889,6/26/26 09:00,52.401,
Plot Title: 3S2G,4890,6/26/26 09:15,52.75,
Plot Title: 3S2G,4891,6/26/26 09:30,53.449,
Plot Title: 3S2G,4892,6/26/26 09:45,53.973,
Plot Title: 3S2G,4893,6/26/26 10:00,55.017,
Plot Title: 3S2G,4894,6/26/26 10:15,56.057,
Plot Title: 3S2G,4895,6/26/26 10:30,55.711,
Plot Title: 3S2G,4896,6/26/26 10:45,59.164,
Plot Title: 3S2G,4897,6/26/26 11:00,60.539,
Plot Title: 3S2G,4898,6/26/26 11:15,64.652,
Plot Title: 3S2G,4899,6/26/26 11:30,63.282,
Plot Title: 3S2G,4900,6/26/26 11:45,63.626,
Plot Title: 3S2G,4901,6/26/26 12:00,63.455,
Plot Title: 3S2G,4902,6/26/26 12:15,64.825,
Plot Title: 3S2G,4903,6/26/26 12:30,65.851,
Plot Title: 3S2G,4904,6/26/26 12:45,64.996,
Plot Title: 3S2G,4905,6/26/26 13:00,64.996,
Plot Title: 3S2G,4906,6/26/26 13:15,68.592,
Plot Title: 3S2G,4907,6/26/26 13:30,70.651,
Plot Title: 3S2G,4908,6/26/26 13:45,67.221,
Plot Title: 3S2G,4909,6/26/26 14:00,65.167,
Plot Title: 3S2G,4910,6/26/26 14:15,63.282,
Plot Title: 3S2G,4911,6/26/26 14:30,61.398,
Plot Title: 3S2G,4912,6/26/26 14:45,60.712,
Plot Title: 3S2G,4913,6/26/26 15:00,60.539,
Plot Title: 3S2G,4914,6/26/26 15:15,57.958,
Plot Title: 3S2G,4915,6/26/26 15:30,59.337,
Plot Title: 3S2G,4916,6/26/26 15:45,60.195,
Plot Title: 3S2G,4917,6/26/26 16:00,60.368,
Plot Title: 3S2G,4918,6/26/26 16:15,60.712,
Plot Title: 3S2G,4919,6/26/26 16:30,60.883,
Plot Title: 3S2G,4920,6/26/26 16:45,60.195,
Plot Title: 3S2G,4921,6/26/26 17:00,59.337,
Plot Title: 3S2G,4922,6/26/26 17:15,59.164,
Plot Title: 3S2G,4923,6/26/26 17:30,58.476,
Plot Title: 3S2G,4924,6/26/26 17:45,58.303,
Plot Title: 3S2G,4925,6/26/26 18:00,58.303,
Plot Title: 3S2G,4926,6/26/26 18:15,58.476,
Plot Title: 3S2G,4927,6/26/26 18:30,57.785,
Plot Title: 3S2G,4928,6/26/26 18:45,57.441,
Plot Title: 3S2G,4929,6/26/26 19:00,56.923,
Plot Title: 3S2G,4930,6/26/26 19:15,56.923,
Plot Title: 3S2G,4931,6/26/26 19:30,56.577,
Plot Title: 3S2G,4932,6/26/26 19:45,56.057,
Plot Title: 3S2G,4933,6/26/26 20:00,55.189,
Plot Title: 3S2G,4934,6/26/26 20:15,54.495,
Plot Title: 3S2G,4935,6/26/26 20:30,54.147,
Plot Title: 3S2G,4936,6/26/26 20:45,53.274,
Plot Title: 3S2G,4937,6/26/26 21:00,52.925,
Plot Title: 3S2G,4938,6/26/26 21:15,52.925,
Plot Title: 3S2G,4939,6/26/26 21:30,52.75,
Plot Title: 3S2G,4940,6/26/26 21:45,52.225,
Plot Title: 3S2G,4941,6/26/26 22:00,52.05,
Plot Title: 3S2G,4942,6/26/26 22:15,51.523,
Plot Title: 3S2G,4943,6/26/26 22:30,51.172,
Plot Title: 3S2G,4944,6/26/26 22:45,50.819,
Plot Title: 3S2G,4945,6/26/26 23:00,50.819,
Plot Title: 3S2G,4946,6/26/26 23:15,50.643,
Plot Title: 3S2G,4947,6/26/26 23:30,50.29,
Plot Title: 3S2G,4948,6/26/26 23:45,50.29,
Plot Title: 3S2G,4949,6/27/26 00:00,50.29,
Plot Title: 3S2G,4950,6/27/26 00:15,50.29,
Plot Title: 3S2G,4951,6/27/26 00:30,50.466,
Plot Title: 3S2G,4952,6/27/26 00:45,50.29,
Plot Title: 3S2G,4953,6/27/26 01:00,50.29,
Plot Title: 3S2G,4954,6/27/26 01:15,50.29,
Plot Title: 3S2G,4955,6/27/26 01:30,50.29,
Plot Title: 3S2G,4956,6/27/26 01:45,50.29,
Plot Title: 3S2G,4957,6/27/26 02:00,50.29,
Plot Title: 3S2G,4958,6/27/26 02:15,50.113,
Plot Title: 3S2G,4959,6/27/26 02:30,49.937,
Plot Title: 3S2G,4960,6/27/26 02:45,49.937,
Plot Title: 3S2G,4961,6/27/26 03:00,49.759,
Plot Title: 3S2G,4962,6/27/26 03:15,49.582,
Plot Title: 3S2G,4963,6/27/26 03:30,49.404,
Plot Title: 3S2G,4964,6/27/26 03:45,49.228,
Plot Title: 3S2G,4965,6/27/26 04:00,48.517,
Plot Title: 3S2G,4966,6/27/26 04:15,48.16,
Plot Title: 3S2G,4967,6/27/26 04:30,47.982,
Plot Title: 3S2G,4968,6/27/26 04:45,47.982,
Plot Title: 3S2G,4969,6/27/26 05:00,47.982,
Plot Title: 3S2G,4970,6/27/26 05:15,47.982,
Plot Title: 3S2G,4971,6/27/26 05:30,47.802,
Plot Title: 3S2G,4972,6/27/26 05:45,47.624,
Plot Title: 3S2G,4973,6/27/26 06:00,47.624,
Plot Title: 3S2G,4974,6/27/26 06:15,47.624,
Plot Title: 3S2G,4975,6/27/26 06:30,47.802,
Plot Title: 3S2G,4976,6/27/26 06:45,47.982,
Plot Title: 3S2G,4977,6/27/26 07:00,48.16,
Plot Title: 3S2G,4978,6/27/26 07:15,48.339,
Plot Title: 3S2G,4979,6/27/26 07:30,48.871,
Plot Title: 3S2G,4980,6/27/26 07:45,49.759,
Plot Title: 3S2G,4981,6/27/26 08:00,50.113,
Plot Title: 3S2G,4982,6/27/26 08:15,49.582,
Plot Title: 3S2G,4983,6/27/26 08:30,49.228,
Plot Title: 3S2G,4984,6/27/26 08:45,49.937,
Plot Title: 3S2G,4985,6/27/26 09:00,50.819,
Plot Title: 3S2G,4986,6/27/26 09:15,50.643,
Plot Title: 3S2G,4987,6/27/26 09:30,50.995,
Plot Title: 3S2G,4988,6/27/26 09:45,51.523,
Plot Title: 3S2G,4989,6/27/26 10:00,52.75,
Plot Title: 3S2G,4990,6/27/26 10:15,56.23,
Plot Title: 3S2G,4991,6/27/26 10:30,54.669,
Plot Title: 3S2G,4992,6/27/26 10:45,57.268,
Plot Title: 3S2G,4993,6/27/26 11:00,57.268,
Plot Title: 3S2G,4994,6/27/26 11:15,55.189,
Plot Title: 3S2G,4995,6/27/26 11:30,54.495,
Plot Title: 3S2G,4996,6/27/26 11:45,55.364,
Plot Title: 3S2G,4997,6/27/26 12:00,54.147,
Plot Title: 3S2G,4998,6/27/26 12:15,53.1,
Plot Title: 3S2G,4999,6/27/26 12:30,53.1,
Plot Title: 3S2G,5000,6/27/26 12:45,53.1,
Plot Title: 3S2G,5001,6/27/26 13:00,52.576,
Plot Title: 3S2G,5002,6/27/26 13:15,52.05,
Plot Title: 3S2G,5003,6/27/26 13:30,52.225,
Plot Title: 3S2G,5004,6/27/26 13:45,53.274,
Plot Title: 3S2G,5005,6/27/26 14:00,52.225,
Plot Title: 3S2G,5006,6/27/26 14:15,51.699,
Plot Title: 3S2G,5007,6/27/26 14:30,53.449,
Plot Title: 3S2G,5008,6/27/26 14:45,52.925,
Plot Title: 3S2G,5009,6/27/26 15:00,52.05,
Plot Title: 3S2G,5010,6/27/26 15:15,52.225,
Plot Title: 3S2G,5011,6/27/26 15:30,52.401,
Plot Title: 3S2G,5012,6/27/26 15:45,52.05,
Plot Title: 3S2G,5013,6/27/26 16:00,51.699,
Plot Title: 3S2G,5014,6/27/26 16:15,51.523,
Plot Title: 3S2G,5015,6/27/26 16:30,51.346,
Plot Title: 3S2G,5016,6/27/26 16:45,51.172,
Plot Title: 3S2G,5017,6/27/26 17:00,51.699,
Plot Title: 3S2G,5018,6/27/26 17:15,51.172,
Plot Title: 3S2G,5019,6/27/26 17:30,50.995,
Plot Title: 3S2G,5020,6/27/26 17:45,50.643,
Plot Title: 3S2G,5021,6/27/26 18:00,49.937,
Plot Title: 3S2G,5022,6/27/26 18:15,49.582,
Plot Title: 3S2G,5023,6/27/26 18:30,49.582,
Plot Title: 3S2G,5024,6/27/26 18:45,49.759,
Plot Title: 3S2G,5025,6/27/26 19:00,49.404,
Plot Title: 3S2G,5026,6/27/26 19:15,48.871,
Plot Title: 3S2G,5027,6/27/26 19:30,48.695,
Plot Title: 3S2G,5028,6/27/26 19:45,48.695,
Plot Title: 3S2G,5029,6/27/26 20:00,48.339,
Plot Title: 3S2G,5030,6/27/26 20:15,48.16,
Plot Title: 3S2G,5031,6/27/26 20:30,48.16,
Plot Title: 3S2G,5032,6/27/26 20:45,47.982,
Plot Title: 3S2G,5033,6/27/26 21:00,47.624,
Plot Title: 3S2G,5034,6/27/26 21:15,47.446,
Plot Title: 3S2G,5035,6/27/26 21:30,47.266,
Plot Title: 3S2G,5036,6/27/26 21:45,47.088,
Plot Title: 3S2G,5037,6/27/26 22:00,46.728,
Plot Title: 3S2G,5038,6/27/26 22:15,46.369,
Plot Title: 3S2G,5039,6/27/26 22:30,46.008,
Plot Title: 3S2G,5040,6/27/26 22:45,45.648,
Plot Title: 3S2G,5041,6/27/26 23:00,45.648,
Plot Title: 3S2G,5042,6/27/26 23:15,45.466,
Plot Title: 3S2G,5043,6/27/26 23:30,45.466,
Plot Title: 3S2G,5044,6/27/26 23:45,45.286,
Plot Title: 3S2G,5045,6/28/26 00:00,45.104,
Plot Title: 3S2G,5046,6/28/26 00:15,45.104,
Plot Title: 3S2G,5047,6/28/26 00:30,44.922,
Plot Title: 3S2G,5048,6/28/26 00:45,44.742,
Plot Title: 3S2G,5049,6/28/26 01:00,44.56,
Plot Title: 3S2G,5050,6/28/26 01:15,44.379,
Plot Title: 3S2G,5051,6/28/26 01:30,44.195,
Plot Title: 3S2G,5052,6/28/26 01:45,44.195,
Plot Title: 3S2G,5053,6/28/26 02:00,44.195,
Plot Title: 3S2G,5054,6/28/26 02:15,44.013,
Plot Title: 3S2G,5055,6/28/26 02:30,44.013,
Plot Title: 3S2G,5056,6/28/26 02:45,44.013,
Plot Title: 3S2G,5057,6/28/26 03:00,44.013,
Plot Title: 3S2G,5058,6/28/26 03:15,43.831,
Plot Title: 3S2G,5059,6/28/26 03:30,43.831,
Plot Title: 3S2G,5060,6/28/26 03:45,43.831,
Plot Title: 3S2G,5061,6/28/26 04:00,43.831,
Plot Title: 3S2G,5062,6/28/26 04:15,43.648,
Plot Title: 3S2G,5063,6/28/26 04:30,43.648,
Plot Title: 3S2G,5064,6/28/26 04:45,43.466,
Plot Title: 3S2G,5065,6/28/26 05:00,43.466,
Plot Title: 3S2G,5066,6/28/26 05:15,43.466,
Plot Title: 3S2G,5067,6/28/26 05:30,43.282,
Plot Title: 3S2G,5068,6/28/26 05:45,43.282,
Plot Title: 3S2G,5069,6/28/26 06:00,43.282,
Plot Title: 3S2G,5070,6/28/26 06:15,43.282,
Plot Title: 3S2G,5071,6/28/26 06:30,43.282,
Plot Title: 3S2G,5072,6/28/26 06:45,43.466,
Plot Title: 3S2G,5073,6/28/26 07:00,43.466,
Plot Title: 3S2G,5074,6/28/26 07:15,43.466,
Plot Title: 3S2G,5075,6/28/26 07:30,43.648,
Plot Title: 3S2G,5076,6/28/26 07:45,43.648,
Plot Title: 3S2G,5077,6/28/26 08:00,43.648,
Plot Title: 3S2G,5078,6/28/26 08:15,43.648,
Plot Title: 3S2G,5079,6/28/26 08:30,43.648,
Plot Title: 3S2G,5080,6/28/26 08:45,43.648,
Plot Title: 3S2G,5081,6/28/26 09:00,43.831,
Plot Title: 3S2G,5082,6/28/26 09:15,43.831,
Plot Title: 3S2G,5083,6/28/26 09:30,44.013,
Plot Title: 3S2G,5084,6/28/26 09:45,44.195,
Plot Title: 3S2G,5085,6/28/26 10:00,44.195,
Plot Title: 3S2G,5086,6/28/26 10:15,43.831,
Plot Title: 3S2G,5087,6/28/26 10:30,43.282,
Plot Title: 3S2G,5088,6/28/26 10:45,42.732,
Plot Title: 3S2G,5089,6/28/26 11:00,42.179,
Plot Title: 3S2G,5090,6/28/26 11:15,41.994,
Plot Title: 3S2G,5091,6/28/26 11:30,42.548,
Plot Title: 3S2G,5092,6/28/26 11:45,42.915,
Plot Title: 3S2G,5093,6/28/26 12:00,43.282,
Plot Title: 3S2G,5094,6/28/26 12:15,43.466,
Plot Title: 3S2G,5095,6/28/26 12:30,43.466,
Plot Title: 3S2G,5096,6/28/26 12:45,43.648,
Plot Title: 3S2G,5097,6/28/26 13:00,44.013,
Plot Title: 3S2G,5098,6/28/26 13:15,44.013,
Plot Title: 3S2G,5099,6/28/26 13:30,44.013,
Plot Title: 3S2G,5100,6/28/26 13:45,44.379,
Plot Title: 3S2G,5101,6/28/26 14:00,44.56,
Plot Title: 3S2G,5102,6/28/26 14:15,44.922,
Plot Title: 3S2G,5103,6/28/26 14:30,45.286,
Plot Title: 3S2G,5104,6/28/26 14:45,45.828,
Plot Title: 3S2G,5105,6/28/26 15:00,45.828,
Plot Title: 3S2G,5106,6/28/26 15:15,46.008,
Plot Title: 3S2G,5107,6/28/26 15:30,46.369,
Plot Title: 3S2G,5108,6/28/26 15:45,46.008,
Plot Title: 3S2G,5109,6/28/26 16:00,45.828,
Plot Title: 3S2G,5110,6/28/26 16:15,45.828,
Plot Title: 3S2G,5111,6/28/26 16:30,45.828,
Plot Title: 3S2G,5112,6/28/26 16:45,45.648,
Plot Title: 3S2G,5113,6/28/26 17:00,45.286,
Plot Title: 3S2G,5114,6/28/26 17:15,45.466,
Plot Title: 3S2G,5115,6/28/26 17:30,45.648,
Plot Title: 3S2G,5116,6/28/26 17:45,45.466,
Plot Title: 3S2G,5117,6/28/26 18:00,45.104,
Plot Title: 3S2G,5118,6/28/26 18:15,44.56,
Plot Title: 3S2G,5119,6/28/26 18:30,44.379,
Plot Title: 3S2G,5120,6/28/26 18:45,44.195,
Plot Title: 3S2G,5121,6/28/26 19:00,43.831,
Plot Title: 3S2G,5122,6/28/26 19:15,43.648,
Plot Title: 3S2G,5123,6/28/26 19:30,43.466,
Plot Title: 3S2G,5124,6/28/26 19:45,43.099,
Plot Title: 3S2G,5125,6/28/26 20:00,42.915,
Plot Title: 3S2G,5126,6/28/26 20:15,42.732,
Plot Title: 3S2G,5127,6/28/26 20:30,42.548,
Plot Title: 3S2G,5128,6/28/26 20:45,42.363,
Plot Title: 3S2G,5129,6/28/26 21:00,42.179,
Plot Title: 3S2G,5130,6/28/26 21:15,41.994,
Plot Title: 3S2G,5131,6/28/26 21:30,41.81,
Plot Title: 3S2G,5132,6/28/26 21:45,41.81,
Plot Title: 3S2G,5133,6/28/26 22:00,41.625,
Plot Title: 3S2G,5134,6/28/26 22:15,41.625,
Plot Title: 3S2G,5135,6/28/26 22:30,41.254,
Plot Title: 3S2G,5136,6/28/26 22:45,41.254,
Plot Title: 3S2G,5137,6/28/26 23:00,41.067,
Plot Title: 3S2G,5138,6/28/26 23:15,40.881,
Plot Title: 3S2G,5139,6/28/26 23:30,40.696,
Plot Title: 3S2G,5140,6/28/26 23:45,40.696,
Plot Title: 3S2G,5141,6/29/26 00:00,40.509,
Plot Title: 3S2G,5142,6/29/26 00:15,40.696,
Plot Title: 3S2G,5143,6/29/26 00:30,40.696,
Plot Title: 3S2G,5144,6/29/26 00:45,40.696,
Plot Title: 3S2G,5145,6/29/26 01:00,40.509,
Plot Title: 3S2G,5146,6/29/26 01:15,40.509,
Plot Title: 3S2G,5147,6/29/26 01:30,40.321,
Plot Title: 3S2G,5148,6/29/26 01:45,40.321,
Plot Title: 3S2G,5149,6/29/26 02:00,40.321,
Plot Title: 3S2G,5150,6/29/26 02:15,40.134,
Plot Title: 3S2G,5151,6/29/26 02:30,39.947,
Plot Title: 3S2G,5152,6/29/26 02:45,39.76,
Plot Title: 3S2G,5153,6/29/26 03:00,39.76,
Plot Title: 3S2G,5154,6/29/26 03:15,39.384,
Plot Title: 3S2G,5155,6/29/26 03:30,39.196,
Plot Title: 3S2G,5156,6/29/26 03:45,39.384,
Plot Title: 3S2G,5157,6/29/26 04:00,39.573,
Plot Title: 3S2G,5158,6/29/26 04:15,39.76,
Plot Title: 3S2G,5159,6/29/26 04:30,39.76,
Plot Title: 3S2G,5160,6/29/26 04:45,39.76,
Plot Title: 3S2G,5161,6/29/26 05:00,39.76,
Plot Title: 3S2G,5162,6/29/26 05:15,39.76,
Plot Title: 3S2G,5163,6/29/26 05:30,39.76,
Plot Title: 3S2G,5164,6/29/26 05:45,39.573,
Plot Title: 3S2G,5165,6/29/26 06:00,39.573,
Plot Title: 3S2G,5166,6/29/26 06:15,39.573,
Plot Title: 3S2G,5167,6/29/26 06:30,39.573,
Plot Title: 3S2G,5168,6/29/26 06:45,39.76,
Plot Title: 3S2G,5169,6/29/26 07:00,39.76,
Plot Title: 3S2G,5170,6/29/26 07:15,39.947,
Plot Title: 3S2G,5171,6/29/26 07:30,40.134,
Plot Title: 3S2G,5172,6/29/26 07:45,40.321,
Plot Title: 3S2G,5173,6/29/26 08:00,39.76,
Plot Title: 3S2G,5174,6/29/26 08:15,38.629,
Plot Title: 3S2G,5175,6/29/26 08:30,38.44,
Plot Title: 3S2G,5176,6/29/26 08:45,38.818,
Plot Title: 3S2G,5177,6/29/26 09:00,38.629,
Plot Title: 3S2G,5178,6/29/26 09:15,38.25,
Plot Title: 3S2G,5179,6/29/26 09:30,37.87,
Plot Title: 3S2G,5180,6/29/26 09:45,37.87,
Plot Title: 3S2G,5181,6/29/26 10:00,37.679,
Plot Title: 3S2G,5182,6/29/26 10:15,37.488,
Plot Title: 3S2G,5183,6/29/26 10:30,37.107,
Plot Title: 3S2G,5184,6/29/26 10:45,37.107,
Plot Title: 3S2G,5185,6/29/26 11:00,36.914,
Plot Title: 3S2G,5186,6/29/26 11:15,37.107,
Plot Title: 3S2G,5187,6/29/26 11:30,37.107,
Plot Title: 3S2G,5188,6/29/26 11:45,37.107,
Plot Title: 3S2G,5189,6/29/26 12:00,36.914,
Plot Title: 3S2G,5190,6/29/26 12:15,36.914,
Plot Title: 3S2G,5191,6/29/26 12:30,36.914,
Plot Title: 3S2G,5192,6/29/26 12:45,36.914,
Plot Title: 3S2G,5193,6/29/26 13:00,36.914,
Plot Title: 3S2G,5194,6/29/26 13:15,36.914,
Plot Title: 3S2G,5195,6/29/26 13:30,36.914,
Plot Title: 3S2G,5196,6/29/26 13:45,36.914,
Plot Title: 3S2G,5197,6/29/26 14:00,36.914,
Plot Title: 3S2G,5198,6/29/26 14:15,36.914,
Plot Title: 3S2G,5199,6/29/26 14:30,36.914,
Plot Title: 3S2G,5200,6/29/26 14:45,36.914,
Plot Title: 3S2G,5201,6/29/26 15:00,36.914,
Plot Title: 3S2G,5202,6/29/26 15:15,36.914,
Plot Title: 3S2G,5203,6/29/26 15:30,36.914,
Plot Title: 3S2G,5204,6/29/26 15:45,36.723,
Plot Title: 3S2G,5205,6/29/26 16:00,36.723,
Plot Title: 3S2G,5206,6/29/26 16:15,36.723,
Plot Title: 3S2G,5207,6/29/26 16:30,36.914,
Plot Title: 3S2G,5208,6/29/26 16:45,36.914,
Plot Title: 3S2G,5209,6/29/26 17:00,36.914,
Plot Title: 3S2G,5210,6/29/26 17:15,37.107,
Plot Title: 3S2G,5211,6/29/26 17:30,37.297,
Plot Title: 3S2G,5212,6/29/26 17:45,37.297,
Plot Title: 3S2G,5213,6/29/26 18:00,37.297,
Plot Title: 3S2G,5214,6/29/26 18:15,37.297,
Plot Title: 3S2G,5215,6/29/26 18:30,37.297,
Plot Title: 3S2G,5216,6/29/26 18:45,37.488,
Plot Title: 3S2G,5217,6/29/26 19:00,37.679,
Plot Title: 3S2G,5218,6/29/26 19:15,38.25,
Plot Title: 3S2G,5219,6/29/26 19:30,38.818,
Plot Title: 3S2G,5220,6/29/26 19:45,39.573,
Plot Title: 3S2G,5221,6/29/26 20:00,40.134,
Plot Title: 3S2G,5222,6/29/26 20:15,40.134,
Plot Title: 3S2G,5223,6/29/26 20:30,40.134,
Plot Title: 3S2G,5224,6/29/26 20:45,40.134,
Plot Title: 3S2G,5225,6/29/26 21:00,40.134,
Plot Title: 3S2G,5226,6/29/26 21:15,40.134,
Plot Title: 3S2G,5227,6/29/26 21:30,39.947,
Plot Title: 3S2G,5228,6/29/26 21:45,40.134,
Plot Title: 3S2G,5229,6/29/26 22:00,40.134,
Plot Title: 3S2G,5230,6/29/26 22:15,40.134,
Plot Title: 3S2G,5231,6/29/26 22:30,40.134,
Plot Title: 3S2G,5232,6/29/26 22:45,40.134,
Plot Title: 3S2G,5233,6/29/26 23:00,39.947,
Plot Title: 3S2G,5234,6/29/26 23:15,40.134,
Plot Title: 3S2G,5235,6/29/26 23:30,40.134,
Plot Title: 3S2G,5236,6/29/26 23:45,39.947,
Plot Title: 3S2G,5237,6/30/26 00:00,39.947,
Plot Title: 3S2G,5238,6/30/26 00:15,39.947,
Plot Title: 3S2G,5239,6/30/26 00:30,39.947,
Plot Title: 3S2G,5240,6/30/26 00:45,40.134,
Plot Title: 3S2G,5241,6/30/26 01:00,39.947,
Plot Title: 3S2G,5242,6/30/26 01:15,40.134,
Plot Title: 3S2G,5243,6/30/26 01:30,40.134,
Plot Title: 3S2G,5244,6/30/26 01:45,40.134,
Plot Title: 3S2G,5245,6/30/26 02:00,40.134,
Plot Title: 3S2G,5246,6/30/26 02:15,40.321,
Plot Title: 3S2G,5247,6/30/26 02:30,40.321,
Plot Title: 3S2G,5248,6/30/26 02:45,40.321,
Plot Title: 3S2G,5249,6/30/26 03:00,40.509,
Plot Title: 3S2G,5250,6/30/26 03:15,40.509,
Plot Title: 3S2G,5251,6/30/26 03:30,40.509,
Plot Title: 3S2G,5252,6/30/26 03:45,40.509,
Plot Title: 3S2G,5253,6/30/26 04:00,40.509,
Plot Title: 3S2G,5254,6/30/26 04:15,40.509,
Plot Title: 3S2G,5255,6/30/26 04:30,40.696,
Plot Title: 3S2G,5256,6/30/26 04:45,40.696,
Plot Title: 3S2G,5257,6/30/26 05:00,40.696,
Plot Title: 3S2G,5258,6/30/26 05:15,40.696,
Plot Title: 3S2G,5259,6/30/26 05:30,40.696,
Plot Title: 3S2G,5260,6/30/26 05:45,40.696,
Plot Title: 3S2G,5261,6/30/26 06:00,40.696,
Plot Title: 3S2G,5262,6/30/26 06:15,40.696,
Plot Title: 3S2G,5263,6/30/26 06:30,40.881,
Plot Title: 3S2G,5264,6/30/26 06:45,40.881,
Plot Title: 3S2G,5265,6/30/26 07:00,41.067,
Plot Title: 3S2G,5266,6/30/26 07:15,41.067,
Plot Title: 3S2G,5267,6/30/26 07:30,41.254,
Plot Title: 3S2G,5268,6/30/26 07:45,41.254,
Plot Title: 3S2G,5269,6/30/26 08:00,41.625,
Plot Title: 3S2G,5270,6/30/26 08:15,42.548,
Plot Title: 3S2G,5271,6/30/26 08:30,43.282,
Plot Title: 3S2G,5272,6/30/26 08:45,44.379,
Plot Title: 3S2G,5273,6/30/26 09:00,44.56,
Plot Title: 3S2G,5274,6/30/26 09:15,45.104,
Plot Title: 3S2G,5275,6/30/26 09:30,46.008,
Plot Title: 3S2G,5276,6/30/26 09:45,46.548,
Plot Title: 3S2G,5277,6/30/26 10:00,48.339,
Plot Title: 3S2G,5278,6/30/26 10:15,59.508,
Plot Title: 3S2G,5279,6/30/26 10:30,59.68,
Plot Title: 3S2G,5280,6/30/26 10:45,55.189,
Plot Title: 3S2G,5281,6/30/26 11:00,61.227,
Plot Title: 3S2G,5282,6/30/26 11:15,60.195,
Plot Title: 3S2G,5283,6/30/26 11:30,64.31,
Plot Title: 3S2G,5284,6/30/26 11:45,58.303,
Plot Title: 3S2G,5285,6/30/26 12:00,56.577,
Plot Title: 3S2G,5286,6/30/26 12:15,60.539,
Plot Title: 3S2G,5287,6/30/26 12:30,57.785,
Plot Title: 3S2G,5288,6/30/26 12:45,60.539,
Plot Title: 3S2G,5289,6/30/26 13:00,58.993,
Plot Title: 3S2G,5290,6/30/26 13:15,59.68,
Plot Title: 3S2G,5291,6/30/26 13:30,57.268,
Plot Title: 3S2G,5292,6/30/26 13:45,59.164,
Plot Title: 3S2G,5293,6/30/26 14:00,58.993,
Plot Title: 3S2G,5294,6/30/26 14:15,58.303,
Plot Title: 3S2G,5295,6/30/26 14:30,57.614,
Plot Title: 3S2G,5296,6/30/26 14:45,57.096,
Plot Title: 3S2G,5297,6/30/26 15:00,56.923,
Plot Title: 3S2G,5298,6/30/26 15:15,56.577,
Plot Title: 3S2G,5299,6/30/26 15:30,56.23,
Plot Title: 3S2G,5300,6/30/26 15:45,56.23,
Plot Title: 3S2G,5301,6/30/26 16:00,56.057,
Plot Title: 3S2G,5302,6/30/26 16:15,55.364,
Plot Title: 3S2G,5303,6/30/26 16:30,55.189,
Plot Title: 3S2G,5304,6/30/26 16:45,54.495,
Plot Title: 3S2G,5305,6/30/26 17:00,54.147,
Plot Title: 3S2G,5306,6/30/26 17:15,54.322,
Plot Title: 3S2G,5307,6/30/26 17:30,53.623,
Plot Title: 3S2G,5308,6/30/26 17:45,52.925,
Plot Title: 3S2G,5309,6/30/26 18:00,52.225,
Plot Title: 3S2G,5310,6/30/26 18:15,51.523,
Plot Title: 3S2G,5311,6/30/26 18:30,51.172,
Plot Title: 3S2G,5312,6/30/26 18:45,51.172,
Plot Title: 3S2G,5313,6/30/26 19:00,50.995,
Plot Title: 3S2G,5314,6/30/26 19:15,50.819,
Plot Title: 3S2G,5315,6/30/26 19:30,50.113,
Plot Title: 3S2G,5316,6/30/26 19:45,49.759,
Plot Title: 3S2G,5317,6/30/26 20:00,49.582,
Plot Title: 3S2G,5318,6/30/26 20:15,49.404,
Plot Title: 3S2G,5319,6/30/26 20:30,48.871,
Plot Title: 3S2G,5320,6/30/26 20:45,48.339,
Plot Title: 3S2G,5321,6/30/26 21:00,47.982,
Plot Title: 3S2G,5322,6/30/26 21:15,47.446,
Plot Title: 3S2G,5323,6/30/26 21:30,47.088,
Plot Title: 3S2G,5324,6/30/26 21:45,46.728,
Plot Title: 3S2G,5325,6/30/26 22:00,46.548,
Plot Title: 3S2G,5326,6/30/26 22:15,46.369,
Plot Title: 3S2G,5327,6/30/26 22:30,46.188,
Plot Title: 3S2G,5328,6/30/26 22:45,45.828,
Plot Title: 3S2G,5329,6/30/26 23:00,45.648,
Plot Title: 3S2G,5330,6/30/26 23:15,45.466,
Plot Title: 3S2G,5331,6/30/26 23:30,45.286,
Plot Title: 3S2G,5332,6/30/26 23:45,45.104,
Plot Title: 3S2G,5333,7/1/26 00:00,44.922,
Plot Title: 3S2G,5334,7/1/26 00:15,44.742,
Plot Title: 3S2G,5335,7/1/26 00:30,44.56,
Plot Title: 3S2G,5336,7/1/26 00:45,44.379,
Plot Title: 3S2G,5337,7/1/26 01:00,44.195,
Plot Title: 3S2G,5338,7/1/26 01:15,44.013,
Plot Title: 3S2G,5339,7/1/26 01:30,43.831,
Plot Title: 3S2G,5340,7/1/26 01:45,43.648,
Plot Title: 3S2G,5341,7/1/26 02:00,43.648,
Plot Title: 3S2G,5342,7/1/26 02:15,43.466,
Plot Title: 3S2G,5343,7/1/26 02:30,43.466,
Plot Title: 3S2G,5344,7/1/26 02:45,43.282,
Plot Title: 3S2G,5345,7/1/26 03:00,43.282,
Plot Title: 3S2G,5346,7/1/26 03:15,43.099,
Plot Title: 3S2G,5347,7/1/26 03:30,43.099,
Plot Title: 3S2G,5348,7/1/26 03:45,42.915,
Plot Title: 3S2G,5349,7/1/26 04:00,42.732,
Plot Title: 3S2G,5350,7/1/26 04:15,42.732,
Plot Title: 3S2G,5351,7/1/26 04:30,42.548,
Plot Title: 3S2G,5352,7/1/26 04:45,42.548,
Plot Title: 3S2G,5353,7/1/26 05:00,42.363,
Plot Title: 3S2G,5354,7/1/26 05:15,42.363,
Plot Title: 3S2G,5355,7/1/26 05:30,42.179,
Plot Title: 3S2G,5356,7/1/26 05:45,41.994,
Plot Title: 3S2G,5357,7/1/26 06:00,42.179,
Plot Title: 3S2G,5358,7/1/26 06:15,42.179,
Plot Title: 3S2G,5359,7/1/26 06:30,42.179,
Plot Title: 3S2G,5360,7/1/26 06:45,42.363,
Plot Title: 3S2G,5361,7/1/26 07:00,43.648,
Plot Title: 3S2G,5362,7/1/26 07:15,43.648,
Plot Title: 3S2G,5363,7/1/26 07:30,43.648,
Plot Title: 3S2G,5364,7/1/26 07:45,43.648,
Plot Title: 3S2G,5365,7/1/26 08:00,43.831,
Plot Title: 3S2G,5366,7/1/26 08:15,44.195,
Plot Title: 3S2G,5367,7/1/26 08:30,44.379,
Plot Title: 3S2G,5368,7/1/26 08:45,44.56,
Plot Title: 3S2G,5369,7/1/26 09:00,44.742,
Plot Title: 3S2G,5370,7/1/26 09:15,45.104,
Plot Title: 3S2G,5371,7/1/26 09:30,45.648,
Plot Title: 3S2G,5372,7/1/26 09:45,46.369,
Plot Title: 3S2G,5373,7/1/26 10:00,48.695,
Plot Title: 3S2G,5374,7/1/26 10:15,50.643,
Plot Title: 3S2G,5375,7/1/26 10:30,52.401,
Plot Title: 3S2G,5376,7/1/26 10:45,67.392,
Plot Title: 3S2G,5377,7/1/26 11:00,69.278,
Plot Title: 3S2G,5378,7/1/26 11:15,71.683,
Plot Title: 3S2G,5379,7/1/26 11:30,66.366,
Plot Title: 3S2G,5380,7/1/26 11:45,67.221,
Plot Title: 3S2G,5381,7/1/26 12:00,70.995,
Plot Title: 3S2G,5382,7/1/26 12:15,69.793,
Plot Title: 3S2G,5383,7/1/26 12:30,70.48,
Plot Title: 3S2G,5384,7/1/26 12:45,63.968,
Plot Title: 3S2G,5385,7/1/26 13:00,59.508,
Plot Title: 3S2G,5386,7/1/26 13:15,56.923,
Plot Title: 3S2G,5387,7/1/26 13:30,58.303,
Plot Title: 3S2G,5388,7/1/26 13:45,68.077,
Plot Title: 3S2G,5389,7/1/26 14:00,61.741,
Plot Title: 3S2G,5390,7/1/26 14:15,58.993,
Plot Title: 3S2G,5391,7/1/26 14:30,58.647,
Plot Title: 3S2G,5392,7/1/26 14:45,58.131,
Plot Title: 3S2G,5393,7/1/26 15:00,57.614,
Plot Title: 3S2G,5394,7/1/26 15:15,56.404,
Plot Title: 3S2G,5395,7/1/26 15:30,57.096,
Plot Title: 3S2G,5396,7/1/26 15:45,57.096,
Plot Title: 3S2G,5397,7/1/26 16:00,56.057,
Plot Title: 3S2G,5398,7/1/26 16:15,55.017,
Plot Title: 3S2G,5399,7/1/26 16:30,54.322,
Plot Title: 3S2G,5400,7/1/26 16:45,54.322,
Plot Title: 3S2G,5401,7/1/26 17:00,54.147,
Plot Title: 3S2G,5402,7/1/26 17:15,53.973,
Plot Title: 3S2G,5403,7/1/26 17:30,54.322,
Plot Title: 3S2G,5404,7/1/26 17:45,53.973,
Plot Title: 3S2G,5405,7/1/26 18:00,53.274,
Plot Title: 3S2G,5406,7/1/26 18:15,52.401,
Plot Title: 3S2G,5407,7/1/26 18:30,51.346,
Plot Title: 3S2G,5408,7/1/26 18:45,50.819,
Plot Title: 3S2G,5409,7/1/26 19:00,50.995,
Plot Title: 3S2G,5410,7/1/26 19:15,50.995,
Plot Title: 3S2G,5411,7/1/26 19:30,50.643,
Plot Title: 3S2G,5412,7/1/26 19:45,50.29,
Plot Title: 3S2G,5413,7/1/26 20:00,50.113,
Plot Title: 3S2G,5414,7/1/26 20:15,50.113,
Plot Title: 3S2G,5415,7/1/26 20:30,49.937,
Plot Title: 3S2G,5416,7/1/26 20:45,49.759,
Plot Title: 3S2G,5417,7/1/26 21:00,49.404,
Plot Title: 3S2G,5418,7/1/26 21:15,49.228,
Plot Title: 3S2G,5419,7/1/26 21:30,48.871,
Plot Title: 3S2G,5420,7/1/26 21:45,48.871,
Plot Title: 3S2G,5421,7/1/26 22:00,48.871,
Plot Title: 3S2G,5422,7/1/26 22:15,48.517,
Plot Title: 3S2G,5423,7/1/26 22:30,48.16,
Plot Title: 3S2G,5424,7/1/26 22:45,48.16,
Plot Title: 3S2G,5425,7/1/26 23:00,47.982,
Plot Title: 3S2G,5426,7/1/26 23:15,47.982,
Plot Title: 3S2G,5427,7/1/26 23:30,47.802,
Plot Title: 3S2G,5428,7/1/26 23:45,47.624,
Plot Title: 3S2G,5429,7/2/26 00:00,47.088,
Plot Title: 3S2G,5430,7/2/26 00:15,46.908,
Plot Title: 3S2G,5431,7/2/26 00:30,47.088,
Plot Title: 3S2G,5432,7/2/26 00:45,47.266,
Plot Title: 3S2G,5433,7/2/26 01:00,47.266,
Plot Title: 3S2G,5434,7/2/26 01:15,47.266,
Plot Title: 3S2G,5435,7/2/26 01:30,47.088,
Plot Title: 3S2G,5436,7/2/26 01:45,46.908,
Plot Title: 3S2G,5437,7/2/26 02:00,46.908,
Plot Title: 3S2G,5438,7/2/26 02:15,46.728,
Plot Title: 3S2G,5439,7/2/26 02:30,46.548,
Plot Title: 3S2G,5440,7/2/26 02:45,46.188,
Plot Title: 3S2G,5441,7/2/26 03:00,45.828,
Plot Title: 3S2G,5442,7/2/26 03:15,45.466,
Plot Title: 3S2G,5443,7/2/26 03:30,45.286,
Plot Title: 3S2G,5444,7/2/26 03:45,45.104,
Plot Title: 3S2G,5445,7/2/26 04:00,44.922,
Plot Title: 3S2G,5446,7/2/26 04:15,44.742,
Plot Title: 3S2G,5447,7/2/26 04:30,44.56,
Plot Title: 3S2G,5448,7/2/26 04:45,44.56,
Plot Title: 3S2G,5449,7/2/26 05:00,44.379,
Plot Title: 3S2G,5450,7/2/26 05:15,44.195,
Plot Title: 3S2G,5451,7/2/26 05:30,44.013,
Plot Title: 3S2G,5452,7/2/26 05:45,43.831,
Plot Title: 3S2G,5453,7/2/26 06:00,43.831,
Plot Title: 3S2G,5454,7/2/26 06:15,43.831,
Plot Title: 3S2G,5455,7/2/26 06:30,43.831,
Plot Title: 3S2G,5456,7/2/26 06:45,44.013,
Plot Title: 3S2G,5457,7/2/26 07:00,44.742,
Plot Title: 3S2G,5458,7/2/26 07:15,44.922,
Plot Title: 3S2G,5459,7/2/26 07:30,44.922,
Plot Title: 3S2G,5460,7/2/26 07:45,45.104,
Plot Title: 3S2G,5461,7/2/26 08:00,45.286,
Plot Title: 3S2G,5462,7/2/26 08:15,45.648,
Plot Title: 3S2G,5463,7/2/26 08:30,45.648,
Plot Title: 3S2G,5464,7/2/26 08:45,46.008,
Plot Title: 3S2G,5465,7/2/26 09:00,46.369,
Plot Title: 3S2G,5466,7/2/26 09:15,46.728,
Plot Title: 3S2G,5467,7/2/26 09:30,47.446,
Plot Title: 3S2G,5468,7/2/26 09:45,47.624,
Plot Title: 3S2G,5469,7/2/26 10:00,49.05,
Plot Title: 3S2G,5470,7/2/26 10:15,63.455,
Plot Title: 3S2G,5471,7/2/26 10:30,70.48,
Plot Title: 3S2G,5472,7/2/26 10:45,73.407,
Plot Title: 3S2G,5473,7/2/26 11:00,76.528,
Plot Title: 3S2G,5474,7/2/26 11:15,78.098,
Plot Title: 3S2G,5475,7/2/26 11:30,77.225,
Plot Title: 3S2G,5476,7/2/26 11:45,79.502,
Plot Title: 3S2G,5477,7/2/26 12:00,82.686,
Plot Title: 3S2G,5478,7/2/26 12:15,83.757,
Plot Title: 3S2G,5479,7/2/26 12:30,85.014,
Plot Title: 3S2G,5480,7/2/26 12:45,85.014,
Plot Title: 3S2G,5481,7/2/26 13:00,85.554,
Plot Title: 3S2G,5482,7/2/26 13:15,80.911,
Plot Title: 3S2G,5483,7/2/26 13:30,80.029,
Plot Title: 3S2G,5484,7/2/26 13:45,73.234,
Plot Title: 3S2G,5485,7/2/26 14:00,69.449,
Plot Title: 3S2G,5486,7/2/26 14:15,67.05,
Plot Title: 3S2G,5487,7/2/26 14:30,66.193,
Plot Title: 3S2G,5488,7/2/26 14:45,64.481,
Plot Title: 3S2G,5489,7/2/26 15:00,63.968,
Plot Title: 3S2G,5490,7/2/26 15:15,62.94,
Plot Title: 3S2G,5491,7/2/26 15:30,62.425,
Plot Title: 3S2G,5492,7/2/26 15:45,62.769,
Plot Title: 3S2G,5493,7/2/26 16:00,62.598,
Plot Title: 3S2G,5494,7/2/26 16:15,61.912,
Plot Title: 3S2G,5495,7/2/26 16:30,61.054,
Plot Title: 3S2G,5496,7/2/26 16:45,60.712,
Plot Title: 3S2G,5497,7/2/26 17:00,60.024,
Plot Title: 3S2G,5498,7/2/26 17:15,58.993,
Plot Title: 3S2G,5499,7/2/26 17:30,58.993,
Plot Title: 3S2G,5500,7/2/26 17:45,58.993,
Plot Title: 3S2G,5501,7/2/26 18:00,58.993,
Plot Title: 3S2G,5502,7/2/26 18:15,58.647,
Plot Title: 3S2G,5503,7/2/26 18:30,58.476,
Plot Title: 3S2G,5504,7/2/26 18:45,57.958,
Plot Title: 3S2G,5505,7/2/26 19:00,57.441,
Plot Title: 3S2G,5506,7/2/26 19:15,56.75,
Plot Title: 3S2G,5507,7/2/26 19:30,56.23,
Plot Title: 3S2G,5508,7/2/26 19:45,55.884,
Plot Title: 3S2G,5509,7/2/26 20:00,55.537,
Plot Title: 3S2G,5510,7/2/26 20:15,55.364,
Plot Title: 3S2G,5511,7/2/26 20:30,55.189,
Plot Title: 3S2G,5512,7/2/26 20:45,54.669,
Plot Title: 3S2G,5513,7/2/26 21:00,53.973,
Plot Title: 3S2G,5514,7/2/26 21:15,53.449,
Plot Title: 3S2G,5515,7/2/26 21:30,53.1,
Plot Title: 3S2G,5516,7/2/26 21:45,52.75,
Plot Title: 3S2G,5517,7/2/26 22:00,52.401,
Plot Title: 3S2G,5518,7/2/26 22:15,52.05,
Plot Title: 3S2G,5519,7/2/26 22:30,51.699,
Plot Title: 3S2G,5520,7/2/26 22:45,51.523,
Plot Title: 3S2G,5521,7/2/26 23:00,51.172,
Plot Title: 3S2G,5522,7/2/26 23:15,50.819,
Plot Title: 3S2G,5523,7/2/26 23:30,50.819,
Plot Title: 3S2G,5524,7/2/26 23:45,50.643,
Plot Title: 3S2G,5525,7/3/26 00:00,50.643,
Plot Title: 3S2G,5526,7/3/26 00:15,50.29,
Plot Title: 3S2G,5527,7/3/26 00:30,49.937,
Plot Title: 3S2G,5528,7/3/26 00:45,49.759,
Plot Title: 3S2G,5529,7/3/26 01:00,49.582,
Plot Title: 3S2G,5530,7/3/26 01:15,49.404,
Plot Title: 3S2G,5531,7/3/26 01:30,49.05,
Plot Title: 3S2G,5532,7/3/26 01:45,48.871,
Plot Title: 3S2G,5533,7/3/26 02:00,48.871,
Plot Title: 3S2G,5534,7/3/26 02:15,48.695,
Plot Title: 3S2G,5535,7/3/26 02:30,48.517,
Plot Title: 3S2G,5536,7/3/26 02:45,48.339,
Plot Title: 3S2G,5537,7/3/26 03:00,48.339,
Plot Title: 3S2G,5538,7/3/26 03:15,48.16,
Plot Title: 3S2G,5539,7/3/26 03:30,47.802,
Plot Title: 3S2G,5540,7/3/26 03:45,47.802,
Plot Title: 3S2G,5541,7/3/26 04:00,47.624,
Plot Title: 3S2G,5542,7/3/26 04:15,47.266,
Plot Title: 3S2G,5543,7/3/26 04:30,47.088,
Plot Title: 3S2G,5544,7/3/26 04:45,46.908,
Plot Title: 3S2G,5545,7/3/26 05:00,46.908,
Plot Title: 3S2G,5546,7/3/26 05:15,46.728,
Plot Title: 3S2G,5547,7/3/26 05:30,46.548,
Plot Title: 3S2G,5548,7/3/26 05:45,46.548,
Plot Title: 3S2G,5549,7/3/26 06:00,46.548,
Plot Title: 3S2G,5550,7/3/26 06:15,46.548,
Plot Title: 3S2G,5551,7/3/26 06:30,46.728,
Plot Title: 3S2G,5552,7/3/26 06:45,46.728,
Plot Title: 3S2G,5553,7/3/26 07:00,47.982,
Plot Title: 3S2G,5554,7/3/26 07:15,47.802,
Plot Title: 3S2G,5555,7/3/26 07:30,47.802,
Plot Title: 3S2G,5556,7/3/26 07:45,48.16,
Plot Title: 3S2G,5557,7/3/26 08:00,48.339,
Plot Title: 3S2G,5558,7/3/26 08:15,48.517,
Plot Title: 3S2G,5559,7/3/26 08:30,48.695,
Plot Title: 3S2G,5560,7/3/26 08:45,49.05,
Plot Title: 3S2G,5561,7/3/26 09:00,49.228,
Plot Title: 3S2G,5562,7/3/26 09:15,49.759,
Plot Title: 3S2G,5563,7/3/26 09:30,50.29,
Plot Title: 3S2G,5564,7/3/26 09:45,50.643,
Plot Title: 3S2G,5565,7/3/26 10:00,52.401,
Plot Title: 3S2G,5566,7/3/26 10:15,63.968,
Plot Title: 3S2G,5567,7/3/26 10:30,68.077,
Plot Title: 3S2G,5568,7/3/26 10:45,67.735,
Plot Title: 3S2G,5569,7/3/26 11:00,68.763,
Plot Title: 3S2G,5570,7/3/26 11:15,69.278,
Plot Title: 3S2G,5571,7/3/26 11:30,67.221,
Plot Title: 3S2G,5572,7/3/26 11:45,66.022,
Plot Title: 3S2G,5573,7/3/26 12:00,70.651,
Plot Title: 3S2G,5574,7/3/26 12:15,77.05,
Plot Title: 3S2G,5575,7/3/26 12:30,76.528,
Plot Title: 3S2G,5576,7/3/26 12:45,76.876,
Plot Title: 3S2G,5577,7/3/26 13:00,72.891,
Plot Title: 3S2G,5578,7/3/26 13:15,74.619,
Plot Title: 3S2G,5579,7/3/26 13:30,78.449,
Plot Title: 3S2G,5580,7/3/26 13:45,77.4,
Plot Title: 3S2G,5581,7/3/26 14:00,71.856,
Plot Title: 3S2G,5582,7/3/26 14:15,69.107,
Plot Title: 3S2G,5583,7/3/26 14:30,67.221,
Plot Title: 3S2G,5584,7/3/26 14:45,66.022,
Plot Title: 3S2G,5585,7/3/26 15:00,64.996,
Plot Title: 3S2G,5586,7/3/26 15:15,64.139,
Plot Title: 3S2G,5587,7/3/26 15:30,63.111,
Plot Title: 3S2G,5588,7/3/26 15:45,62.083,
Plot Title: 3S2G,5589,7/3/26 16:00,61.398,
Plot Title: 3S2G,5590,7/3/26 16:15,60.712,
Plot Title: 3S2G,5591,7/3/26 16:30,60.368,
Plot Title: 3S2G,5592,7/3/26 16:45,59.508,
Plot Title: 3S2G,5593,7/3/26 17:00,58.82,
Plot Title: 3S2G,5594,7/3/26 17:15,58.476,
Plot Title: 3S2G,5595,7/3/26 17:30,58.647,
Plot Title: 3S2G,5596,7/3/26 17:45,58.476,
Plot Title: 3S2G,5597,7/3/26 18:00,58.303,
Plot Title: 3S2G,5598,7/3/26 18:15,57.614,
Plot Title: 3S2G,5599,7/3/26 18:30,57.614,
Plot Title: 3S2G,5600,7/3/26 18:45,57.614,
Plot Title: 3S2G,5601,7/3/26 19:00,56.923,
Plot Title: 3S2G,5602,7/3/26 19:15,56.404,
Plot Title: 3S2G,5603,7/3/26 19:30,56.23,
Plot Title: 3S2G,5604,7/3/26 19:45,56.404,
Plot Title: 3S2G,5605,7/3/26 20:00,56.404,
Plot Title: 3S2G,5606,7/3/26 20:15,56.057,
Plot Title: 3S2G,5607,7/3/26 20:30,55.711,
Plot Title: 3S2G,5608,7/3/26 20:45,55.364,
Plot Title: 3S2G,5609,7/3/26 21:00,54.842,
Plot Title: 3S2G,5610,7/3/26 21:15,54.669,
Plot Title: 3S2G,5611,7/3/26 21:30,54.147,
Plot Title: 3S2G,5612,7/3/26 21:45,53.623,
Plot Title: 3S2G,5613,7/3/26 22:00,53.274,
Plot Title: 3S2G,5614,7/3/26 22:15,52.925,
Plot Title: 3S2G,5615,7/3/26 22:30,52.576,
Plot Title: 3S2G,5616,7/3/26 22:45,52.401,
Plot Title: 3S2G,5617,7/3/26 23:00,52.225,
Plot Title: 3S2G,5618,7/3/26 23:15,52.05,
Plot Title: 3S2G,5619,7/3/26 23:30,51.874,
Plot Title: 3S2G,5620,7/3/26 23:45,51.699,
Plot Title: 3S2G,5621,7/4/26 00:00,51.523,
Plot Title: 3S2G,5622,7/4/26 00:15,51.346,
Plot Title: 3S2G,5623,7/4/26 00:30,51.172,
Plot Title: 3S2G,5624,7/4/26 00:45,50.995,
Plot Title: 3S2G,5625,7/4/26 01:00,50.819,
Plot Title: 3S2G,5626,7/4/26 01:15,50.643,
Plot Title: 3S2G,5627,7/4/26 01:30,50.466,
Plot Title: 3S2G,5628,7/4/26 01:45,50.29,
Plot Title: 3S2G,5629,7/4/26 02:00,50.29,
Plot Title: 3S2G,5630,7/4/26 02:15,50.113,
Plot Title: 3S2G,5631,7/4/26 02:30,49.937,
Plot Title: 3S2G,5632,7/4/26 02:45,49.759,
Plot Title: 3S2G,5633,7/4/26 03:00,49.582,
Plot Title: 3S2G,5634,7/4/26 03:15,49.404,
Plot Title: 3S2G,5635,7/4/26 03:30,49.228,
Plot Title: 3S2G,5636,7/4/26 03:45,49.05,
Plot Title: 3S2G,5637,7/4/26 04:00,48.871,
Plot Title: 3S2G,5638,7/4/26 04:15,48.695,
Plot Title: 3S2G,5639,7/4/26 04:30,48.339,
Plot Title: 3S2G,5640,7/4/26 04:45,48.16,
Plot Title: 3S2G,5641,7/4/26 05:00,47.982,
Plot Title: 3S2G,5642,7/4/26 05:15,47.802,
Plot Title: 3S2G,5643,7/4/26 05:30,47.802,
Plot Title: 3S2G,5644,7/4/26 05:45,47.802,
Plot Title: 3S2G,5645,7/4/26 06:00,47.624,
Plot Title: 3S2G,5646,7/4/26 06:15,47.624,
Plot Title: 3S2G,5647,7/4/26 06:30,47.624,
Plot Title: 3S2G,5648,7/4/26 06:45,47.446,
Plot Title: 3S2G,5649,7/4/26 07:00,48.871,
Plot Title: 3S2G,5650,7/4/26 07:15,48.695,
Plot Title: 3S2G,5651,7/4/26 07:30,48.517,
Plot Title: 3S2G,5652,7/4/26 07:45,48.517,
Plot Title: 3S2G,5653,7/4/26 08:00,48.695,
Plot Title: 3S2G,5654,7/4/26 08:15,49.05,
Plot Title: 3S2G,5655,7/4/26 08:30,49.05,
Plot Title: 3S2G,5656,7/4/26 08:45,49.228,
Plot Title: 3S2G,5657,7/4/26 09:00,49.404,
Plot Title: 3S2G,5658,7/4/26 09:15,49.759,
Plot Title: 3S2G,5659,7/4/26 09:30,50.29,
Plot Title: 3S2G,5660,7/4/26 09:45,50.643,
Plot Title: 3S2G,5661,7/4/26 10:00,52.225,
Plot Title: 3S2G,5662,7/4/26 10:15,65.851,
Plot Title: 3S2G,5663,7/4/26 10:30,72.199,
Plot Title: 3S2G,5664,7/4/26 10:45,76.528,
Plot Title: 3S2G,5665,7/4/26 11:00,80.559,
Plot Title: 3S2G,5666,7/4/26 11:15,84.474,
Plot Title: 3S2G,5667,7/4/26 11:30,88.099,
Plot Title: 3S2G,5668,7/4/26 11:45,91.24,
Plot Title: 3S2G,5669,7/4/26 12:00,93.682,
Plot Title: 3S2G,5670,7/4/26 12:15,95.4,
Plot Title: 3S2G,5671,7/4/26 12:30,96.748,
Plot Title: 3S2G,5672,7/4/26 12:45,95.783,
Plot Title: 3S2G,5673,7/4/26 13:00,97.916,
Plot Title: 3S2G,5674,7/4/26 13:15,99.093,
Plot Title: 3S2G,5675,7/4/26 13:30,99.687,
Plot Title: 3S2G,5676,7/4/26 13:45,96.748,
Plot Title: 3S2G,5677,7/4/26 14:00,83.757,
Plot Title: 3S2G,5678,7/4/26 14:15,77.225,
Plot Title: 3S2G,5679,7/4/26 14:30,73.926,
Plot Title: 3S2G,5680,7/4/26 14:45,71.683,
Plot Title: 3S2G,5681,7/4/26 15:00,69.964,
Plot Title: 3S2G,5682,7/4/26 15:15,68.934,
Plot Title: 3S2G,5683,7/4/26 15:30,67.564,
Plot Title: 3S2G,5684,7/4/26 15:45,66.537,
Plot Title: 3S2G,5685,7/4/26 16:00,65.851,
Plot Title: 3S2G,5686,7/4/26 16:15,64.996,
Plot Title: 3S2G,5687,7/4/26 16:30,64.139,
Plot Title: 3S2G,5688,7/4/26 16:45,63.455,
Plot Title: 3S2G,5689,7/4/26 17:00,62.769,
Plot Title: 3S2G,5690,7/4/26 17:15,62.254,
Plot Title: 3S2G,5691,7/4/26 17:30,61.741,
Plot Title: 3S2G,5692,7/4/26 17:45,61.398,
Plot Title: 3S2G,5693,7/4/26 18:00,61.054,
Plot Title: 3S2G,5694,7/4/26 18:15,60.712,
Plot Title: 3S2G,5695,7/4/26 18:30,60.368,
Plot Title: 3S2G,5696,7/4/26 18:45,60.024,
Plot Title: 3S2G,5697,7/4/26 19:00,59.851,
Plot Title: 3S2G,5698,7/4/26 19:15,59.508,
Plot Title: 3S2G,5699,7/4/26 19:30,59.164,
Plot Title: 3S2G,5700,7/4/26 19:45,58.82,
Plot Title: 3S2G,5701,7/4/26 20:00,58.476,
Plot Title: 3S2G,5702,7/4/26 20:15,58.303,
Plot Title: 3S2G,5703,7/4/26 20:30,57.958,
Plot Title: 3S2G,5704,7/4/26 20:45,57.785,
Plot Title: 3S2G,5705,7/4/26 21:00,57.441,
Plot Title: 3S2G,5706,7/4/26 21:15,57.268,
Plot Title: 3S2G,5707,7/4/26 21:30,56.923,
Plot Title: 3S2G,5708,7/4/26 21:45,56.75,
Plot Title: 3S2G,5709,7/4/26 22:00,56.404,
Plot Title: 3S2G,5710,7/4/26 22:15,56.23,
Plot Title: 3S2G,5711,7/4/26 22:30,56.057,
Plot Title: 3S2G,5712,7/4/26 22:45,55.884,
Plot Title: 3S2G,5713,7/4/26 23:00,55.711,
Plot Title: 3S2G,5714,7/4/26 23:15,55.537,
Plot Title: 3S2G,5715,7/4/26 23:30,55.189,
Plot Title: 3S2G,5716,7/4/26 23:45,54.842,
Plot Title: 3S2G,5717,7/5/26 00:00,54.669,
Plot Title: 3S2G,5718,7/5/26 00:15,54.669,
Plot Title: 3S2G,5719,7/5/26 00:30,54.495,
Plot Title: 3S2G,5720,7/5/26 00:45,54.495,
Plot Title: 3S2G,5721,7/5/26 01:00,54.322,
Plot Title: 3S2G,5722,7/5/26 01:15,54.322,
Plot Title: 3S2G,5723,7/5/26 01:30,54.147,
Plot Title: 3S2G,5724,7/5/26 01:45,53.973,
Plot Title: 3S2G,5725,7/5/26 02:00,53.973,
Plot Title: 3S2G,5726,7/5/26 02:15,53.798,
Plot Title: 3S2G,5727,7/5/26 02:30,53.449,
Plot Title: 3S2G,5728,7/5/26 02:45,53.449,
Plot Title: 3S2G,5729,7/5/26 03:00,53.274,
Plot Title: 3S2G,5730,7/5/26 03:15,53.1,
Plot Title: 3S2G,5731,7/5/26 03:30,52.75,
Plot Title: 3S2G,5732,7/5/26 03:45,52.401,
Plot Title: 3S2G,5733,7/5/26 04:00,52.401,
Plot Title: 3S2G,5734,7/5/26 04:15,52.401,
Plot Title: 3S2G,5735,7/5/26 04:30,52.225,
Plot Title: 3S2G,5736,7/5/26 04:45,51.874,
Plot Title: 3S2G,5737,7/5/26 05:00,51.699,
Plot Title: 3S2G,5738,7/5/26 05:15,51.346,
Plot Title: 3S2G,5739,7/5/26 05:30,51.172,
Plot Title: 3S2G,5740,7/5/26 05:45,50.995,
Plot Title: 3S2G,5741,7/5/26 06:00,50.995,
Plot Title: 3S2G,5742,7/5/26 06:15,51.172,
Plot Title: 3S2G,5743,7/5/26 06:30,51.346,
Plot Title: 3S2G,5744,7/5/26 06:45,50.995,
Plot Title: 3S2G,5745,7/5/26 07:00,52.75,
Plot Title: 3S2G,5746,7/5/26 07:15,52.05,
Plot Title: 3S2G,5747,7/5/26 07:30,51.699,
Plot Title: 3S2G,5748,7/5/26 07:45,51.699,
Plot Title: 3S2G,5749,7/5/26 08:00,51.874,
Plot Title: 3S2G,5750,7/5/26 08:15,52.05,
Plot Title: 3S2G,5751,7/5/26 08:30,52.225,
Plot Title: 3S2G,5752,7/5/26 08:45,52.401,
Plot Title: 3S2G,5753,7/5/26 09:00,52.75,
Plot Title: 3S2G,5754,7/5/26 09:15,53.1,
Plot Title: 3S2G,5755,7/5/26 09:30,53.449,
Plot Title: 3S2G,5756,7/5/26 09:45,53.973,
Plot Title: 3S2G,5757,7/5/26 10:00,55.364,
Plot Title: 3S2G,5758,7/5/26 10:15,68.248,
Plot Title: 3S2G,5759,7/5/26 10:30,75.484,
Plot Title: 3S2G,5760,7/5/26 10:45,80.735,
Plot Title: 3S2G,5761,7/5/26 11:00,85.374,
Plot Title: 3S2G,5762,7/5/26 11:15,89.755,
Plot Title: 3S2G,5763,7/5/26 11:30,93.493,
Plot Title: 3S2G,5764,7/5/26 11:45,96.555,
Plot Title: 3S2G,5765,7/5/26 12:00,97.916,
Plot Title: 3S2G,5766,7/5/26 12:15,99.489,
Plot Title: 3S2G,5767,7/5/26 12:30,101.484,
Plot Title: 3S2G,5768,7/5/26 12:45,102.493,
Plot Title: 3S2G,5769,7/5/26 13:00,101.887,
Plot Title: 3S2G,5770,7/5/26 13:15,96.942,
Plot Title: 3S2G,5771,7/5/26 13:30,95.783,
Plot Title: 3S2G,5772,7/5/26 13:45,85.735,
Plot Title: 3S2G,5773,7/5/26 14:00,80.206,
Plot Title: 3S2G,5774,7/5/26 14:15,76.354,
Plot Title: 3S2G,5775,7/5/26 14:30,73.926,
Plot Title: 3S2G,5776,7/5/26 14:45,71.683,
Plot Title: 3S2G,5777,7/5/26 15:00,69.278,
Plot Title: 3S2G,5778,7/5/26 15:15,67.05,
Plot Title: 3S2G,5779,7/5/26 15:30,65.509,
Plot Title: 3S2G,5780,7/5/26 15:45,64.825,
Plot Title: 3S2G,5781,7/5/26 16:00,64.31,
Plot Title: 3S2G,5782,7/5/26 16:15,62.94,
Plot Title: 3S2G,5783,7/5/26 16:30,62.94,
Plot Title: 3S2G,5784,7/5/26 16:45,62.769,
Plot Title: 3S2G,5785,7/5/26 17:00,62.769,
Plot Title: 3S2G,5786,7/5/26 17:15,62.083,
Plot Title: 3S2G,5787,7/5/26 17:30,62.083,
Plot Title: 3S2G,5788,7/5/26 17:45,62.598,
Plot Title: 3S2G,5789,7/5/26 18:00,62.769,
Plot Title: 3S2G,5790,7/5/26 18:15,62.598,
Plot Title: 3S2G,5791,7/5/26 18:30,61.912,
Plot Title: 3S2G,5792,7/5/26 18:45,61.569,
Plot Title: 3S2G,5793,7/5/26 19:00,60.539,
Plot Title: 3S2G,5794,7/5/26 19:15,60.195,
Plot Title: 3S2G,5795,7/5/26 19:30,59.851,
Plot Title: 3S2G,5796,7/5/26 19:45,59.851,
Plot Title: 3S2G,5797,7/5/26 20:00,59.508,
Plot Title: 3S2G,5798,7/5/26 20:15,59.337,
Plot Title: 3S2G,5799,7/5/26 20:30,58.993,
Plot Title: 3S2G,5800,7/5/26 20:45,58.476,
Plot Title: 3S2G,5801,7/5/26 21:00,58.131,
Plot Title: 3S2G,5802,7/5/26 21:15,57.958,
Plot Title: 3S2G,5803,7/5/26 21:30,57.785,
Plot Title: 3S2G,5804,7/5/26 21:45,57.614,
Plot Title: 3S2G,5805,7/5/26 22:00,57.441,
Plot Title: 3S2G,5806,7/5/26 22:15,57.268,
Plot Title: 3S2G,5807,7/5/26 22:30,56.923,
Plot Title: 3S2G,5808,7/5/26 22:45,56.577,
Plot Title: 3S2G,5809,7/5/26 23:00,56.23,
Plot Title: 3S2G,5810,7/5/26 23:15,55.884,
Plot Title: 3S2G,5811,7/5/26 23:30,55.711,
Plot Title: 3S2G,5812,7/5/26 23:45,55.537,
Plot Title: 3S2G,5813,7/6/26 00:00,55.189,
Plot Title: 3S2G,5814,7/6/26 00:15,54.842,
Plot Title: 3S2G,5815,7/6/26 00:30,54.669,
Plot Title: 3S2G,5816,7/6/26 00:45,54.495,
Plot Title: 3S2G,5817,7/6/26 01:00,54.495,
Plot Title: 3S2G,5818,7/6/26 01:15,54.495,
Plot Title: 3S2G,5819,7/6/26 01:30,54.495,
Plot Title: 3S2G,5820,7/6/26 01:45,54.322,
Plot Title: 3S2G,5821,7/6/26 02:00,54.147,
Plot Title: 3S2G,5822,7/6/26 02:15,53.798,
Plot Title: 3S2G,5823,7/6/26 02:30,53.798,
Plot Title: 3S2G,5824,7/6/26 02:45,53.798,
Plot Title: 3S2G,5825,7/6/26 03:00,53.623,
Plot Title: 3S2G,5826,7/6/26 03:15,53.274,
Plot Title: 3S2G,5827,7/6/26 03:30,53.1,
Plot Title: 3S2G,5828,7/6/26 03:45,52.925,
Plot Title: 3S2G,5829,7/6/26 04:00,52.75,
Plot Title: 3S2G,5830,7/6/26 04:15,52.576,
Plot Title: 3S2G,5831,7/6/26 04:30,52.401,
Plot Title: 3S2G,5832,7/6/26 04:45,52.225,
Plot Title: 3S2G,5833,7/6/26 05:00,51.874,
Plot Title: 3S2G,5834,7/6/26 05:15,51.699,
Plot Title: 3S2G,5835,7/6/26 05:30,51.523,
Plot Title: 3S2G,5836,7/6/26 05:45,51.346,
Plot Title: 3S2G,5837,7/6/26 06:00,51.346,
Plot Title: 3S2G,5838,7/6/26 06:15,51.523,
Plot Title: 3S2G,5839,7/6/26 06:30,51.874,
Plot Title: 3S2G,5840,7/6/26 06:45,52.401,
Plot Title: 3S2G,5841,7/6/26 07:00,52.75,
Plot Title: 3S2G,5842,7/6/26 07:15,53.1,
Plot Title: 3S2G,5843,7/6/26 07:30,53.623,
Plot Title: 3S2G,5844,7/6/26 07:45,53.623,
Plot Title: 3S2G,5845,7/6/26 08:00,53.798,
Plot Title: 3S2G,5846,7/6/26 08:15,54.147,
Plot Title: 3S2G,5847,7/6/26 08:30,54.669,
Plot Title: 3S2G,5848,7/6/26 08:45,55.537,
Plot Title: 3S2G,5849,7/6/26 09:00,55.884,
Plot Title: 3S2G,5850,7/6/26 09:15,56.23,
Plot Title: 3S2G,5851,7/6/26 09:30,56.057,
Plot Title: 3S2G,5852,7/6/26 09:45,56.057,
Plot Title: 3S2G,5853,7/6/26 10:00,56.057,
Plot Title: 3S2G,5854,7/6/26 10:15,56.577,
Plot Title: 3S2G,5855,7/6/26 10:30,57.096,
Plot Title: 3S2G,5856,7/6/26 10:45,57.785,
Plot Title: 3S2G,5857,7/6/26 11:00,60.539,
Plot Title: 3S2G,5858,7/6/26 11:15,59.337,
Plot Title: 3S2G,5859,7/6/26 11:30,59.164,
Plot Title: 3S2G,5860,7/6/26 11:45,61.054,
Plot Title: 3S2G,5861,7/6/26 12:00,61.569,
Plot Title: 3S2G,5862,7/6/26 12:15,61.912,
Plot Title: 3S2G,5863,7/6/26 12:30,60.883,
Plot Title: 3S2G,5864,7/6/26 12:45,60.712,
Plot Title: 3S2G,5865,7/6/26 13:00,59.164,
Plot Title: 3S2G,5866,7/6/26 13:15,58.476,
Plot Title: 3S2G,5867,7/6/26 13:30,61.227,
Plot Title: 3S2G,5868,7/6/26 13:45,62.083,
Plot Title: 3S2G,5869,7/6/26 14:00,62.083,
Plot Title: 3S2G,5870,7/6/26 14:15,61.227,
Plot Title: 3S2G,5871,7/6/26 14:30,61.398,
Plot Title: 3S2G,5872,7/6/26 14:45,61.741,
Plot Title: 3S2G,5873,7/6/26 15:00,62.083,
Plot Title: 3S2G,5874,7/6/26 15:15,61.569,
Plot Title: 3S2G,5875,7/6/26 15:30,61.569,
Plot Title: 3S2G,5876,7/6/26 15:45,61.054,
Plot Title: 3S2G,5877,7/6/26 16:00,60.368,
Plot Title: 3S2G,5878,7/6/26 16:15,60.195,
Plot Title: 3S2G,5879,7/6/26 16:30,59.508,
Plot Title: 3S2G,5880,7/6/26 16:45,59.164,
Plot Title: 3S2G,5881,7/6/26 17:00,59.337,
Plot Title: 3S2G,5882,7/6/26 17:15,59.164,
Plot Title: 3S2G,5883,7/6/26 17:30,58.476,
Plot Title: 3S2G,5884,7/6/26 17:45,57.958,
Plot Title: 3S2G,5885,7/6/26 18:00,58.303,
Plot Title: 3S2G,5886,7/6/26 18:15,57.785,
Plot Title: 3S2G,5887,7/6/26 18:30,57.096,
Plot Title: 3S2G,5888,7/6/26 18:45,56.75,
Plot Title: 3S2G,5889,7/6/26 19:00,56.577,
Plot Title: 3S2G,5890,7/6/26 19:15,56.75,
Plot Title: 3S2G,5891,7/6/26 19:30,56.404,
Plot Title: 3S2G,5892,7/6/26 19:45,55.711,
Plot Title: 3S2G,5893,7/6/26 20:00,54.842,
Plot Title: 3S2G,5894,7/6/26 20:15,54.495,
Plot Title: 3S2G,5895,7/6/26 20:30,54.147,
Plot Title: 3S2G,5896,7/6/26 20:45,53.973,
Plot Title: 3S2G,5897,7/6/26 21:00,53.623,
Plot Title: 3S2G,5898,7/6/26 21:15,53.274,
Plot Title: 3S2G,5899,7/6/26 21:30,53.274,
Plot Title: 3S2G,5900,7/6/26 21:45,52.925,
Plot Title: 3S2G,5901,7/6/26 22:00,52.75,
Plot Title: 3S2G,5902,7/6/26 22:15,52.576,
Plot Title: 3S2G,5903,7/6/26 22:30,52.401,
Plot Title: 3S2G,5904,7/6/26 22:45,52.401,
Plot Title: 3S2G,5905,7/6/26 23:00,52.576,
Plot Title: 3S2G,5906,7/6/26 23:15,52.75,
Plot Title: 3S2G,5907,7/6/26 23:30,52.925,
Plot Title: 3S2G,5908,7/6/26 23:45,52.925,
Plot Title: 3S2G,5909,7/7/26 00:00,52.925,
Plot Title: 3S2G,5910,7/7/26 00:15,52.925,
Plot Title: 3S2G,5911,7/7/26 00:30,52.75,
Plot Title: 3S2G,5912,7/7/26 00:45,52.576,
Plot Title: 3S2G,5913,7/7/26 01:00,52.225,
Plot Title: 3S2G,5914,7/7/26 01:15,51.874,
Plot Title: 3S2G,5915,7/7/26 01:30,51.874,
Plot Title: 3S2G,5916,7/7/26 01:45,51.874,
Plot Title: 3S2G,5917,7/7/26 02:00,51.523,
Plot Title: 3S2G,5918,7/7/26 02:15,51.346,
Plot Title: 3S2G,5919,7/7/26 02:30,50.995,
Plot Title: 3S2G,5920,7/7/26 02:45,51.172,
Plot Title: 3S2G,5921,7/7/26 03:00,51.346,
Plot Title: 3S2G,5922,7/7/26 03:15,51.523,
Plot Title: 3S2G,5923,7/7/26 03:30,51.523,
Plot Title: 3S2G,5924,7/7/26 03:45,51.523,
Plot Title: 3S2G,5925,7/7/26 04:00,51.346,
Plot Title: 3S2G,5926,7/7/26 04:15,50.995,
Plot Title: 3S2G,5927,7/7/26 04:30,50.643,
Plot Title: 3S2G,5928,7/7/26 04:45,50.29,
Plot Title: 3S2G,5929,7/7/26 05:00,50.113,
Plot Title: 3S2G,5930,7/7/26 05:15,49.937,
Plot Title: 3S2G,5931,7/7/26 05:30,50.113,
Plot Title: 3S2G,5932,7/7/26 05:45,49.937,
Plot Title: 3S2G,5933,7/7/26 06:00,49.759,
Plot Title: 3S2G,5934,7/7/26 06:15,49.759,
Plot Title: 3S2G,5935,7/7/26 06:30,49.759,
Plot Title: 3S2G,5936,7/7/26 06:45,49.759,
Plot Title: 3S2G,5937,7/7/26 07:00,51.172,
Plot Title: 3S2G,5938,7/7/26 07:15,51.172,
Plot Title: 3S2G,5939,7/7/26 07:30,51.172,
Plot Title: 3S2G,5940,7/7/26 07:45,51.172,
Plot Title: 3S2G,5941,7/7/26 08:00,51.346,
Plot Title: 3S2G,5942,7/7/26 08:15,51.874,
Plot Title: 3S2G,5943,7/7/26 08:30,52.05,
Plot Title: 3S2G,5944,7/7/26 08:45,52.576,
Plot Title: 3S2G,5945,7/7/26 09:00,52.925,
Plot Title: 3S2G,5946,7/7/26 09:15,53.274,
Plot Title: 3S2G,5947,7/7/26 09:30,53.798,
Plot Title: 3S2G,5948,7/7/26 09:45,55.189,
Plot Title: 3S2G,5949,7/7/26 10:00,56.404,
Plot Title: 3S2G,5950,7/7/26 10:15,69.622,
Plot Title: 3S2G,5951,7/7/26 10:30,75.139,
Plot Title: 3S2G,5952,7/7/26 10:45,80.029,
Plot Title: 3S2G,5953,7/7/26 11:00,83.221,
Plot Title: 3S2G,5954,7/7/26 11:15,85.374,
Plot Title: 3S2G,5955,7/7/26 11:30,86.641,
Plot Title: 3S2G,5956,7/7/26 11:45,87.733,
Plot Title: 3S2G,5957,7/7/26 12:00,88.833,
Plot Title: 3S2G,5958,7/7/26 12:15,89.569,
Plot Title: 3S2G,5959,7/7/26 12:30,90.309,
Plot Title: 3S2G,5960,7/7/26 12:45,91.053,
Plot Title: 3S2G,5961,7/7/26 13:00,91.612,
Plot Title: 3S2G,5962,7/7/26 13:15,92.737,
Plot Title: 3S2G,5963,7/7/26 13:30,91.987,
Plot Title: 3S2G,5964,7/7/26 13:45,89.017,
Plot Title: 3S2G,5965,7/7/26 14:00,81.266,
Plot Title: 3S2G,5966,7/7/26 14:15,76.528,
Plot Title: 3S2G,5967,7/7/26 14:30,73.753,
Plot Title: 3S2G,5968,7/7/26 14:45,72.199,
Plot Title: 3S2G,5969,7/7/26 15:00,70.824,
Plot Title: 3S2G,5970,7/7/26 15:15,69.793,
Plot Title: 3S2G,5971,7/7/26 15:30,68.934,
Plot Title: 3S2G,5972,7/7/26 15:45,68.421,
Plot Title: 3S2G,5973,7/7/26 16:00,67.906,
Plot Title: 3S2G,5974,7/7/26 16:15,67.735,
Plot Title: 3S2G,5975,7/7/26 16:30,66.879,
Plot Title: 3S2G,5976,7/7/26 16:45,66.537,
Plot Title: 3S2G,5977,7/7/26 17:00,66.708,
Plot Title: 3S2G,5978,7/7/26 17:15,66.193,
Plot Title: 3S2G,5979,7/7/26 17:30,66.022,
Plot Title: 3S2G,5980,7/7/26 17:45,65.851,
Plot Title: 3S2G,5981,7/7/26 18:00,65.851,
Plot Title: 3S2G,5982,7/7/26 18:15,64.996,
Plot Title: 3S2G,5983,7/7/26 18:30,64.652,
Plot Title: 3S2G,5984,7/7/26 18:45,63.968,
Plot Title: 3S2G,5985,7/7/26 19:00,63.968,
Plot Title: 3S2G,5986,7/7/26 19:15,63.626,
Plot Title: 3S2G,5987,7/7/26 19:30,63.111,
Plot Title: 3S2G,5988,7/7/26 19:45,62.769,
Plot Title: 3S2G,5989,7/7/26 20:00,62.254,
Plot Title: 3S2G,5990,7/7/26 20:15,61.741,
Plot Title: 3S2G,5991,7/7/26 20:30,61.227,
Plot Title: 3S2G,5992,7/7/26 20:45,60.539,
Plot Title: 3S2G,5993,7/7/26 21:00,60.024,
Plot Title: 3S2G,5994,7/7/26 21:15,59.508,
Plot Title: 3S2G,5995,7/7/26 21:30,58.993,
Plot Title: 3S2G,5996,7/7/26 21:45,58.647,
Plot Title: 3S2G,5997,7/7/26 22:00,58.303,
Plot Title: 3S2G,5998,7/7/26 22:15,58.131,
Plot Title: 3S2G,5999,7/7/26 22:30,57.958,
Plot Title: 3S2G,6000,7/7/26 22:45,57.614,
Plot Title: 3S2G,6001,7/7/26 23:00,57.441,
Plot Title: 3S2G,6002,7/7/26 23:15,57.268,
Plot Title: 3S2G,6003,7/7/26 23:30,56.923,
Plot Title: 3S2G,6004,7/7/26 23:45,56.75,
Plot Title: 3S2G,6005,7/8/26 00:00,56.577,
Plot Title: 3S2G,6006,7/8/26 00:15,56.23,
Plot Title: 3S2G,6007,7/8/26 00:30,56.057,
Plot Title: 3S2G,6008,7/8/26 00:45,55.711,
Plot Title: 3S2G,6009,7/8/26 01:00,55.537,
Plot Title: 3S2G,6010,7/8/26 01:15,55.189,
Plot Title: 3S2G,6011,7/8/26 01:30,55.017,
Plot Title: 3S2G,6012,7/8/26 01:45,54.842,
Plot Title: 3S2G,6013,7/8/26 02:00,54.669,
Plot Title: 3S2G,6014,7/8/26 02:15,54.322,
Plot Title: 3S2G,6015,7/8/26 02:30,54.147,
Plot Title: 3S2G,6016,7/8/26 02:45,53.973,
Plot Title: 3S2G,6017,7/8/26 03:00,53.798,
Plot Title: 3S2G,6018,7/8/26 03:15,53.449,
Plot Title: 3S2G,6019,7/8/26 03:30,53.274,
Plot Title: 3S2G,6020,7/8/26 03:45,53.1,
Plot Title: 3S2G,6021,7/8/26 04:00,53.1,
Plot Title: 3S2G,6022,7/8/26 04:15,53.1,
Plot Title: 3S2G,6023,7/8/26 04:30,52.925,
Plot Title: 3S2G,6024,7/8/26 04:45,52.75,
Plot Title: 3S2G,6025,7/8/26 05:00,52.576,
Plot Title: 3S2G,6026,7/8/26 05:15,52.401,
Plot Title: 3S2G,6027,7/8/26 05:30,52.225,
Plot Title: 3S2G,6028,7/8/26 05:45,52.05,
Plot Title: 3S2G,6029,7/8/26 06:00,52.05,
Plot Title: 3S2G,6030,7/8/26 06:15,52.05,
Plot Title: 3S2G,6031,7/8/26 06:30,52.05,
Plot Title: 3S2G,6032,7/8/26 06:45,52.225,
Plot Title: 3S2G,6033,7/8/26 07:00,53.798,
Plot Title: 3S2G,6034,7/8/26 07:15,53.449,
Plot Title: 3S2G,6035,7/8/26 07:30,53.449,
Plot Title: 3S2G,6036,7/8/26 07:45,53.449,
Plot Title: 3S2G,6037,7/8/26 08:00,53.449,
Plot Title: 3S2G,6038,7/8/26 08:15,53.798,
Plot Title: 3S2G,6039,7/8/26 08:30,53.623,
Plot Title: 3S2G,6040,7/8/26 08:45,53.798,
Plot Title: 3S2G,6041,7/8/26 09:00,54.147,
Plot Title: 3S2G,6042,7/8/26 09:15,54.495,
Plot Title: 3S2G,6043,7/8/26 09:30,54.669,
Plot Title: 3S2G,6044,7/8/26 09:45,55.189,
Plot Title: 3S2G,6045,7/8/26 10:00,56.23,
Plot Title: 3S2G,6046,7/8/26 10:15,68.934,
Plot Title: 3S2G,6047,7/8/26 10:30,75.659,
Plot Title: 3S2G,6048,7/8/26 10:45,80.382,
Plot Title: 3S2G,6049,7/8/26 11:00,84.474,
Plot Title: 3S2G,6050,7/8/26 11:15,88.65,
Plot Title: 3S2G,6051,7/8/26 11:30,92.55,
Plot Title: 3S2G,6052,7/8/26 11:45,89.938,
Plot Title: 3S2G,6053,7/8/26 12:00,78.8,
Plot Title: 3S2G,6054,7/8/26 12:15,86.097,
Plot Title: 3S2G,6055,7/8/26 12:30,92.737,
Plot Title: 3S2G,6056,7/8/26 12:45,92.363,
Plot Title: 3S2G,6057,7/8/26 13:00,84.474,
Plot Title: 3S2G,6058,7/8/26 13:15,82.508,
Plot Title: 3S2G,6059,7/8/26 13:30,83.399,
Plot Title: 3S2G,6060,7/8/26 13:45,86.459,
Plot Title: 3S2G,6061,7/8/26 14:00,80.382,
Plot Title: 3S2G,6062,7/8/26 14:15,76.528,
Plot Title: 3S2G,6063,7/8/26 14:30,74.619,
Plot Title: 3S2G,6064,7/8/26 14:45,73.753,
Plot Title: 3S2G,6065,7/8/26 15:00,72.372,
Plot Title: 3S2G,6066,7/8/26 15:15,71.683,
Plot Title: 3S2G,6067,7/8/26 15:30,70.995,
Plot Title: 3S2G,6068,7/8/26 15:45,70.48,
Plot Title: 3S2G,6069,7/8/26 16:00,70.308,
Plot Title: 3S2G,6070,7/8/26 16:15,69.449,
Plot Title: 3S2G,6071,7/8/26 16:30,68.421,
Plot Title: 3S2G,6072,7/8/26 16:45,67.564,
Plot Title: 3S2G,6073,7/8/26 17:00,66.537,
Plot Title: 3S2G,6074,7/8/26 17:15,65.68,
Plot Title: 3S2G,6075,7/8/26 17:30,64.996,
Plot Title: 3S2G,6076,7/8/26 17:45,65.167,
Plot Title: 3S2G,6077,7/8/26 18:00,65.338,
Plot Title: 3S2G,6078,7/8/26 18:15,64.996,
Plot Title: 3S2G,6079,7/8/26 18:30,64.31,
Plot Title: 3S2G,6080,7/8/26 18:45,64.139,
Plot Title: 3S2G,6081,7/8/26 19:00,63.455,
Plot Title: 3S2G,6082,7/8/26 19:15,63.111,
Plot Title: 3S2G,6083,7/8/26 19:30,62.769,
Plot Title: 3S2G,6084,7/8/26 19:45,62.425,
Plot Title: 3S2G,6085,7/8/26 20:00,62.083,
Plot Title: 3S2G,6086,7/8/26 20:15,61.398,
Plot Title: 3S2G,6087,7/8/26 20:30,61.054,
Plot Title: 3S2G,6088,7/8/26 20:45,60.539,
Plot Title: 3S2G,6089,7/8/26 21:00,60.195,
Plot Title: 3S2G,6090,7/8/26 21:15,60.024,
Plot Title: 3S2G,6091,7/8/26 21:30,59.68,
Plot Title: 3S2G,6092,7/8/26 21:45,59.337,
Plot Title: 3S2G,6093,7/8/26 22:00,58.993,
Plot Title: 3S2G,6094,7/8/26 22:15,58.647,
Plot Title: 3S2G,6095,7/8/26 22:30,57.958,
Plot Title: 3S2G,6096,7/8/26 22:45,57.268,
Plot Title: 3S2G,6097,7/8/26 23:00,56.404,
Plot Title: 3S2G,6098,7/8/26 23:15,55.884,
Plot Title: 3S2G,6099,7/8/26 23:30,55.537,
Plot Title: 3S2G,6100,7/8/26 23:45,55.189,
Plot Title: 3S2G,6101,7/9/26 00:00,54.669,
Plot Title: 3S2G,6102,7/9/26 00:15,54.322,
Plot Title: 3S2G,6103,7/9/26 00:30,53.973,
Plot Title: 3S2G,6104,7/9/26 00:45,53.798,
Plot Title: 3S2G,6105,7/9/26 01:00,53.798,
Plot Title: 3S2G,6106,7/9/26 01:15,53.623,
Plot Title: 3S2G,6107,7/9/26 01:30,53.449,
Plot Title: 3S2G,6108,7/9/26 01:45,53.274,
Plot Title: 3S2G,6109,7/9/26 02:00,53.1,
Plot Title: 3S2G,6110,7/9/26 02:15,52.925,
Plot Title: 3S2G,6111,7/9/26 02:30,52.75,
Plot Title: 3S2G,6112,7/9/26 02:45,52.576,
Plot Title: 3S2G,6113,7/9/26 03:00,52.401,
Plot Title: 3S2G,6114,7/9/26 03:15,52.401,
Plot Title: 3S2G,6115,7/9/26 03:30,52.225,
Plot Title: 3S2G,6116,7/9/26 03:45,52.05,
Plot Title: 3S2G,6117,7/9/26 04:00,52.05,
Plot Title: 3S2G,6118,7/9/26 04:15,51.874,
Plot Title: 3S2G,6119,7/9/26 04:30,51.523,
Plot Title: 3S2G,6120,7/9/26 04:45,51.172,
Plot Title: 3S2G,6121,7/9/26 05:00,50.995,
Plot Title: 3S2G,6122,7/9/26 05:15,50.643,
Plot Title: 3S2G,6123,7/9/26 05:30,50.466,
Plot Title: 3S2G,6124,7/9/26 05:45,50.466,
Plot Title: 3S2G,6125,7/9/26 06:00,50.29,
Plot Title: 3S2G,6126,7/9/26 06:15,50.29,
Plot Title: 3S2G,6127,7/9/26 06:30,50.29,
Plot Title: 3S2G,6128,7/9/26 06:45,50.29,
Plot Title: 3S2G,6129,7/9/26 07:00,51.874,
Plot Title: 3S2G,6130,7/9/26 07:15,51.699,
Plot Title: 3S2G,6131,7/9/26 07:30,51.523,
Plot Title: 3S2G,6132,7/9/26 07:45,51.523,
Plot Title: 3S2G,6133,7/9/26 08:00,51.699,
Plot Title: 3S2G,6134,7/9/26 08:15,52.576,
Plot Title: 3S2G,6135,7/9/26 08:30,52.401,
Plot Title: 3S2G,6136,7/9/26 08:45,52.576,
Plot Title: 3S2G,6137,7/9/26 09:00,52.925,
Plot Title: 3S2G,6138,7/9/26 09:15,53.449,
Plot Title: 3S2G,6139,7/9/26 09:30,53.623,
Plot Title: 3S2G,6140,7/9/26 09:45,53.973,
Plot Title: 3S2G,6141,7/9/26 10:00,54.842,
Plot Title: 3S2G,6142,7/9/26 10:15,68.763,
Plot Title: 3S2G,6143,7/9/26 10:30,77.4,
Plot Title: 3S2G,6144,7/9/26 10:45,81.621,
Plot Title: 3S2G,6145,7/9/26 11:00,84.654,
Plot Title: 3S2G,6146,7/9/26 11:15,86.459,
Plot Title: 3S2G,6147,7/9/26 11:30,88.099,
Plot Title: 3S2G,6148,7/9/26 11:45,89.384,
Plot Title: 3S2G,6149,7/9/26 12:00,90.124,
Plot Title: 3S2G,6150,7/9/26 12:15,90.867,
Plot Title: 3S2G,6151,7/9/26 12:30,91.24,
Plot Title: 3S2G,6152,7/9/26 12:45,91.8,
Plot Title: 3S2G,6153,7/9/26 13:00,92.55,
Plot Title: 3S2G,6154,7/9/26 13:15,93.115,
Plot Title: 3S2G,6155,7/9/26 13:30,93.682,
Plot Title: 3S2G,6156,7/9/26 13:45,93.682,
Plot Title: 3S2G,6157,7/9/26 14:00,83.221,
Plot Title: 3S2G,6158,7/9/26 14:15,77.4,
Plot Title: 3S2G,6159,7/9/26 14:30,74.619,
Plot Title: 3S2G,6160,7/9/26 14:45,73.062,
Plot Title: 3S2G,6161,7/9/26 15:00,72.545,
Plot Title: 3S2G,6162,7/9/26 15:15,71.512,
Plot Title: 3S2G,6163,7/9/26 15:30,69.964,
Plot Title: 3S2G,6164,7/9/26 15:45,68.934,
Plot Title: 3S2G,6165,7/9/26 16:00,68.077,
Plot Title: 3S2G,6166,7/9/26 16:15,67.392,
Plot Title: 3S2G,6167,7/9/26 16:30,66.537,
Plot Title: 3S2G,6168,7/9/26 16:45,65.851,
Plot Title: 3S2G,6169,7/9/26 17:00,65.338,
Plot Title: 3S2G,6170,7/9/26 17:15,64.825,
Plot Title: 3S2G,6171,7/9/26 17:30,64.31,
Plot Title: 3S2G,6172,7/9/26 17:45,63.797,
Plot Title: 3S2G,6173,7/9/26 18:00,63.455,
Plot Title: 3S2G,6174,7/9/26 18:15,63.111,
Plot Title: 3S2G,6175,7/9/26 18:30,62.598,
Plot Title: 3S2G,6176,7/9/26 18:45,62.083,
Plot Title: 3S2G,6177,7/9/26 19:00,61.569,
Plot Title: 3S2G,6178,7/9/26 19:15,61.227,
Plot Title: 3S2G,6179,7/9/26 19:30,60.883,
Plot Title: 3S2G,6180,7/9/26 19:45,60.539,
Plot Title: 3S2G,6181,7/9/26 20:00,60.368,
Plot Title: 3S2G,6182,7/9/26 20:15,60.024,
Plot Title: 3S2G,6183,7/9/26 20:30,59.68,
Plot Title: 3S2G,6184,7/9/26 20:45,59.337,
Plot Title: 3S2G,6185,7/9/26 21:00,58.993,
Plot Title: 3S2G,6186,7/9/26 21:15,58.647,
Plot Title: 3S2G,6187,7/9/26 21:30,58.303,
Plot Title: 3S2G,6188,7/9/26 21:45,58.131,
Plot Title: 3S2G,6189,7/9/26 22:00,57.958,
Plot Title: 3S2G,6190,7/9/26 22:15,57.614,
Plot Title: 3S2G,6191,7/9/26 22:30,57.441,
Plot Title: 3S2G,6192,7/9/26 22:45,57.096,
Plot Title: 3S2G,6193,7/9/26 23:00,56.923,
Plot Title: 3S2G,6194,7/9/26 23:15,56.577,
Plot Title: 3S2G,6195,7/9/26 23:30,56.404,
Plot Title: 3S2G,6196,7/9/26 23:45,56.23,
Plot Title: 3S2G,6197,7/10/26 00:00,56.057,
Plot Title: 3S2G,6198,7/10/26 00:15,55.884,
Plot Title: 3S2G,6199,7/10/26 00:30,55.711,
Plot Title: 3S2G,6200,7/10/26 00:45,55.537,
Plot Title: 3S2G,6201,7/10/26 01:00,55.364,
Plot Title: 3S2G,6202,7/10/26 01:15,55.189,
Plot Title: 3S2G,6203,7/10/26 01:30,54.842,
Plot Title: 3S2G,6204,7/10/26 01:45,54.842,
Plot Title: 3S2G,6205,7/10/26 02:00,54.669,
Plot Title: 3S2G,6206,7/10/26 02:15,54.495,
Plot Title: 3S2G,6207,7/10/26 02:30,54.495,
Plot Title: 3S2G,6208,7/10/26 02:45,54.495,
Plot Title: 3S2G,6209,7/10/26 03:00,54.495,
Plot Title: 3S2G,6210,7/10/26 03:15,54.322,
Plot Title: 3S2G,6211,7/10/26 03:30,54.147,
Plot Title: 3S2G,6212,7/10/26 03:45,53.973,
Plot Title: 3S2G,6213,7/10/26 04:00,53.973,
Plot Title: 3S2G,6214,7/10/26 04:15,53.798,
Plot Title: 3S2G,6215,7/10/26 04:30,53.449,
Plot Title: 3S2G,6216,7/10/26 04:45,53.274,
Plot Title: 3S2G,6217,7/10/26 05:00,53.274,
Plot Title: 3S2G,6218,7/10/26 05:15,53.1,
Plot Title: 3S2G,6219,7/10/26 05:30,53.1,
Plot Title: 3S2G,6220,7/10/26 05:45,52.925,
Plot Title: 3S2G,6221,7/10/26 06:00,52.75,
Plot Title: 3S2G,6222,7/10/26 06:15,52.75,
Plot Title: 3S2G,6223,7/10/26 06:30,52.75,
Plot Title: 3S2G,6224,7/10/26 06:45,52.925,
Plot Title: 3S2G,6225,7/10/26 07:00,54.147,
Plot Title: 3S2G,6226,7/10/26 07:15,53.798,
Plot Title: 3S2G,6227,7/10/26 07:30,53.449,
Plot Title: 3S2G,6228,7/10/26 07:45,53.449,
Plot Title: 3S2G,6229,7/10/26 08:00,53.449,
Plot Title: 3S2G,6230,7/10/26 08:15,54.147,
Plot Title: 3S2G,6231,7/10/26 08:30,54.147,
Plot Title: 3S2G,6232,7/10/26 08:45,54.495,
Plot Title: 3S2G,6233,7/10/26 09:00,54.842,
Plot Title: 3S2G,6234,7/10/26 09:15,55.537,
Plot Title: 3S2G,6235,7/10/26 09:30,55.537,Logged