Plot Title: 3S3G,#,"Date Time, GMT-06:00",T,End Of File (LGR S/N: 10567947)
Plot Title: 3S3G,1,5/27/26 11:00,79.151,
Plot Title: 3S3G,2,5/27/26 11:15,79.853,
Plot Title: 3S3G,3,5/27/26 11:30,79.853,
Plot Title: 3S3G,4,5/27/26 11:45,80.206,
Plot Title: 3S3G,5,5/27/26 12:00,81.266,
Plot Title: 3S3G,6,5/27/26 12:15,82.33,
Plot Title: 3S3G,7,5/27/26 12:30,83.221,
Plot Title: 3S3G,8,5/27/26 12:45,82.686,
Plot Title: 3S3G,9,5/27/26 13:00,83.221,
Plot Title: 3S3G,10,5/27/26 13:15,82.508,
Plot Title: 3S3G,11,5/27/26 13:30,76.703,
Plot Title: 3S3G,12,5/27/26 13:45,78.274,
Plot Title: 3S3G,13,5/27/26 14:00,73.062,
Plot Title: 3S3G,14,5/27/26 14:15,69.793,
Plot Title: 3S3G,15,5/27/26 14:30,73.234,
Plot Title: 3S3G,16,5/27/26 14:45,70.651,
Plot Title: 3S3G,17,5/27/26 15:00,68.248,
Plot Title: 3S3G,18,5/27/26 15:15,70.137,
Plot Title: 3S3G,19,5/27/26 15:30,70.824,
Plot Title: 3S3G,20,5/27/26 15:45,70.651,
Plot Title: 3S3G,21,5/27/26 16:00,69.449,
Plot Title: 3S3G,22,5/27/26 16:15,66.537,
Plot Title: 3S3G,23,5/27/26 16:30,64.652,
Plot Title: 3S3G,24,5/27/26 16:45,64.139,
Plot Title: 3S3G,25,5/27/26 17:00,63.797,
Plot Title: 3S3G,26,5/27/26 17:15,62.94,
Plot Title: 3S3G,27,5/27/26 17:30,63.111,
Plot Title: 3S3G,28,5/27/26 17:45,56.577,
Plot Title: 3S3G,29,5/27/26 18:00,56.923,
Plot Title: 3S3G,30,5/27/26 18:15,56.577,
Plot Title: 3S3G,31,5/27/26 18:30,57.614,
Plot Title: 3S3G,32,5/27/26 18:45,57.268,
Plot Title: 3S3G,33,5/27/26 19:00,56.404,
Plot Title: 3S3G,34,5/27/26 19:15,55.884,
Plot Title: 3S3G,35,5/27/26 19:30,54.669,
Plot Title: 3S3G,36,5/27/26 19:45,54.147,
Plot Title: 3S3G,37,5/27/26 20:00,53.449,
Plot Title: 3S3G,38,5/27/26 20:15,52.925,
Plot Title: 3S3G,39,5/27/26 20:30,52.75,
Plot Title: 3S3G,40,5/27/26 20:45,52.225,
Plot Title: 3S3G,41,5/27/26 21:00,51.523,
Plot Title: 3S3G,42,5/27/26 21:15,50.995,
Plot Title: 3S3G,43,5/27/26 21:30,50.643,
Plot Title: 3S3G,44,5/27/26 21:45,50.29,
Plot Title: 3S3G,45,5/27/26 22:00,50.113,
Plot Title: 3S3G,46,5/27/26 22:15,49.759,
Plot Title: 3S3G,47,5/27/26 22:30,49.404,
Plot Title: 3S3G,48,5/27/26 22:45,49.228,
Plot Title: 3S3G,49,5/27/26 23:00,48.871,
Plot Title: 3S3G,50,5/27/26 23:15,48.695,
Plot Title: 3S3G,51,5/27/26 23:30,48.517,
Plot Title: 3S3G,52,5/27/26 23:45,48.16,
Plot Title: 3S3G,53,5/28/26 00:00,47.982,
Plot Title: 3S3G,54,5/28/26 00:15,47.802,
Plot Title: 3S3G,55,5/28/26 00:30,47.624,
Plot Title: 3S3G,56,5/28/26 00:45,47.446,
Plot Title: 3S3G,57,5/28/26 01:00,47.266,
Plot Title: 3S3G,58,5/28/26 01:15,46.908,
Plot Title: 3S3G,59,5/28/26 01:30,46.728,
Plot Title: 3S3G,60,5/28/26 01:45,46.548,
Plot Title: 3S3G,61,5/28/26 02:00,46.369,
Plot Title: 3S3G,62,5/28/26 02:15,46.369,
Plot Title: 3S3G,63,5/28/26 02:30,46.188,
Plot Title: 3S3G,64,5/28/26 02:45,46.188,
Plot Title: 3S3G,65,5/28/26 03:00,46.008,
Plot Title: 3S3G,66,5/28/26 03:15,45.828,
Plot Title: 3S3G,67,5/28/26 03:30,45.648,
Plot Title: 3S3G,68,5/28/26 03:45,45.286,
Plot Title: 3S3G,69,5/28/26 04:00,45.286,
Plot Title: 3S3G,70,5/28/26 04:15,45.104,
Plot Title: 3S3G,71,5/28/26 04:30,45.104,
Plot Title: 3S3G,72,5/28/26 04:45,44.922,
Plot Title: 3S3G,73,5/28/26 05:00,44.742,
Plot Title: 3S3G,74,5/28/26 05:15,44.56,
Plot Title: 3S3G,75,5/28/26 05:30,44.379,
Plot Title: 3S3G,76,5/28/26 05:45,44.195,
Plot Title: 3S3G,77,5/28/26 06:00,44.379,
Plot Title: 3S3G,78,5/28/26 06:15,45.648,
Plot Title: 3S3G,79,5/28/26 06:30,46.908,
Plot Title: 3S3G,80,5/28/26 06:45,50.819,
Plot Title: 3S3G,81,5/28/26 07:00,54.669,
Plot Title: 3S3G,82,5/28/26 07:15,58.303,
Plot Title: 3S3G,83,5/28/26 07:30,61.227,
Plot Title: 3S3G,84,5/28/26 07:45,63.111,
Plot Title: 3S3G,85,5/28/26 08:00,66.022,
Plot Title: 3S3G,86,5/28/26 08:15,68.934,
Plot Title: 3S3G,87,5/28/26 08:30,70.995,
Plot Title: 3S3G,88,5/28/26 08:45,72.545,
Plot Title: 3S3G,89,5/28/26 09:00,74.271,
Plot Title: 3S3G,90,5/28/26 09:15,75.139,
Plot Title: 3S3G,91,5/28/26 09:30,75.659,
Plot Title: 3S3G,92,5/28/26 09:45,76.181,
Plot Title: 3S3G,93,5/28/26 10:00,76.528,
Plot Title: 3S3G,94,5/28/26 10:15,78.098,
Plot Title: 3S3G,95,5/28/26 10:30,79.502,
Plot Title: 3S3G,96,5/28/26 10:45,80.206,
Plot Title: 3S3G,97,5/28/26 11:00,80.382,
Plot Title: 3S3G,98,5/28/26 11:15,80.735,
Plot Title: 3S3G,99,5/28/26 11:30,81.266,
Plot Title: 3S3G,100,5/28/26 11:45,81.975,
Plot Title: 3S3G,101,5/28/26 12:00,80.382,
Plot Title: 3S3G,102,5/28/26 12:15,80.735,
Plot Title: 3S3G,103,5/28/26 12:30,82.686,
Plot Title: 3S3G,104,5/28/26 12:45,82.686,
Plot Title: 3S3G,105,5/28/26 13:00,82.864,
Plot Title: 3S3G,106,5/28/26 13:15,81.621,
Plot Title: 3S3G,107,5/28/26 13:30,78.8,
Plot Title: 3S3G,108,5/28/26 13:45,77.4,
Plot Title: 3S3G,109,5/28/26 14:00,78.098,
Plot Title: 3S3G,110,5/28/26 14:15,77.4,
Plot Title: 3S3G,111,5/28/26 14:30,77.923,
Plot Title: 3S3G,112,5/28/26 14:45,75.659,
Plot Title: 3S3G,113,5/28/26 15:00,73.407,
Plot Title: 3S3G,114,5/28/26 15:15,71.683,
Plot Title: 3S3G,115,5/28/26 15:30,70.995,
Plot Title: 3S3G,116,5/28/26 15:45,72.199,
Plot Title: 3S3G,117,5/28/26 16:00,71.856,
Plot Title: 3S3G,118,5/28/26 16:15,70.137,
Plot Title: 3S3G,119,5/28/26 16:30,69.449,
Plot Title: 3S3G,120,5/28/26 16:45,67.392,
Plot Title: 3S3G,121,5/28/26 17:00,65.68,
Plot Title: 3S3G,122,5/28/26 17:15,64.825,
Plot Title: 3S3G,123,5/28/26 17:30,64.825,
Plot Title: 3S3G,124,5/28/26 17:45,64.31,
Plot Title: 3S3G,125,5/28/26 18:00,63.111,
Plot Title: 3S3G,126,5/28/26 18:15,62.083,
Plot Title: 3S3G,127,5/28/26 18:30,61.227,
Plot Title: 3S3G,128,5/28/26 18:45,60.539,
Plot Title: 3S3G,129,5/28/26 19:00,59.508,
Plot Title: 3S3G,130,5/28/26 19:15,59.508,
Plot Title: 3S3G,131,5/28/26 19:30,59.68,
Plot Title: 3S3G,132,5/28/26 19:45,58.993,
Plot Title: 3S3G,133,5/28/26 20:00,57.958,
Plot Title: 3S3G,134,5/28/26 20:15,56.75,
Plot Title: 3S3G,135,5/28/26 20:30,55.537,
Plot Title: 3S3G,136,5/28/26 20:45,54.495,
Plot Title: 3S3G,137,5/28/26 21:00,53.449,
Plot Title: 3S3G,138,5/28/26 21:15,52.75,
Plot Title: 3S3G,139,5/28/26 21:30,51.874,
Plot Title: 3S3G,140,5/28/26 21:45,51.346,
Plot Title: 3S3G,141,5/28/26 22:00,50.819,
Plot Title: 3S3G,142,5/28/26 22:15,50.29,
Plot Title: 3S3G,143,5/28/26 22:30,49.759,
Plot Title: 3S3G,144,5/28/26 22:45,49.404,
Plot Title: 3S3G,145,5/28/26 23:00,48.871,
Plot Title: 3S3G,146,5/28/26 23:15,48.695,
Plot Title: 3S3G,147,5/28/26 23:30,48.339,
Plot Title: 3S3G,148,5/28/26 23:45,47.802,
Plot Title: 3S3G,149,5/29/26 00:00,47.446,
Plot Title: 3S3G,150,5/29/26 00:15,47.088,
Plot Title: 3S3G,151,5/29/26 00:30,46.908,
Plot Title: 3S3G,152,5/29/26 00:45,46.548,
Plot Title: 3S3G,153,5/29/26 01:00,46.188,
Plot Title: 3S3G,154,5/29/26 01:15,46.008,
Plot Title: 3S3G,155,5/29/26 01:30,45.648,
Plot Title: 3S3G,156,5/29/26 01:45,45.466,
Plot Title: 3S3G,157,5/29/26 02:00,45.104,
Plot Title: 3S3G,158,5/29/26 02:15,44.922,
Plot Title: 3S3G,159,5/29/26 02:30,44.742,
Plot Title: 3S3G,160,5/29/26 02:45,44.56,
Plot Title: 3S3G,161,5/29/26 03:00,44.195,
Plot Title: 3S3G,162,5/29/26 03:15,44.195,
Plot Title: 3S3G,163,5/29/26 03:30,44.013,
Plot Title: 3S3G,164,5/29/26 03:45,44.013,
Plot Title: 3S3G,165,5/29/26 04:00,43.831,
Plot Title: 3S3G,166,5/29/26 04:15,43.831,
Plot Title: 3S3G,167,5/29/26 04:30,43.648,
Plot Title: 3S3G,168,5/29/26 04:45,43.466,
Plot Title: 3S3G,169,5/29/26 05:00,43.466,
Plot Title: 3S3G,170,5/29/26 05:15,43.466,
Plot Title: 3S3G,171,5/29/26 05:30,43.282,
Plot Title: 3S3G,172,5/29/26 05:45,43.466,
Plot Title: 3S3G,173,5/29/26 06:00,43.831,
Plot Title: 3S3G,174,5/29/26 06:15,44.195,
Plot Title: 3S3G,175,5/29/26 06:30,44.922,
Plot Title: 3S3G,176,5/29/26 06:45,45.286,
Plot Title: 3S3G,177,5/29/26 07:00,49.759,
Plot Title: 3S3G,178,5/29/26 07:15,54.842,
Plot Title: 3S3G,179,5/29/26 07:30,58.82,
Plot Title: 3S3G,180,5/29/26 07:45,61.398,
Plot Title: 3S3G,181,5/29/26 08:00,64.652,
Plot Title: 3S3G,182,5/29/26 08:15,67.564,
Plot Title: 3S3G,183,5/29/26 08:30,69.964,
Plot Title: 3S3G,184,5/29/26 08:45,72.372,
Plot Title: 3S3G,185,5/29/26 09:00,74.446,
Plot Title: 3S3G,186,5/29/26 09:15,76.354,
Plot Title: 3S3G,187,5/29/26 09:30,78.274,
Plot Title: 3S3G,188,5/29/26 09:45,79.502,
Plot Title: 3S3G,189,5/29/26 10:00,79.502,
Plot Title: 3S3G,190,5/29/26 10:15,83.043,
Plot Title: 3S3G,191,5/29/26 10:30,84.834,
Plot Title: 3S3G,192,5/29/26 10:45,86.097,
Plot Title: 3S3G,193,5/29/26 11:00,87.186,
Plot Title: 3S3G,194,5/29/26 11:15,87.915,
Plot Title: 3S3G,195,5/29/26 11:30,85.554,
Plot Title: 3S3G,196,5/29/26 11:45,85.735,
Plot Title: 3S3G,197,5/29/26 12:00,87.004,
Plot Title: 3S3G,198,5/29/26 12:15,88.099,
Plot Title: 3S3G,199,5/29/26 12:30,87.552,
Plot Title: 3S3G,200,5/29/26 12:45,80.559,
Plot Title: 3S3G,201,5/29/26 13:00,75.659,
Plot Title: 3S3G,202,5/29/26 13:15,78.624,
Plot Title: 3S3G,203,5/29/26 13:30,77.05,
Plot Title: 3S3G,204,5/29/26 13:45,73.58,
Plot Title: 3S3G,205,5/29/26 14:00,71.339,
Plot Title: 3S3G,206,5/29/26 14:15,70.824,
Plot Title: 3S3G,207,5/29/26 14:30,70.995,
Plot Title: 3S3G,208,5/29/26 14:45,71.512,
Plot Title: 3S3G,209,5/29/26 15:00,72.718,
Plot Title: 3S3G,210,5/29/26 15:15,71.856,
Plot Title: 3S3G,211,5/29/26 15:30,70.824,
Plot Title: 3S3G,212,5/29/26 15:45,69.449,
Plot Title: 3S3G,213,5/29/26 16:00,68.934,
Plot Title: 3S3G,214,5/29/26 16:15,70.995,
Plot Title: 3S3G,215,5/29/26 16:30,69.964,
Plot Title: 3S3G,216,5/29/26 16:45,67.735,
Plot Title: 3S3G,217,5/29/26 17:00,67.221,
Plot Title: 3S3G,218,5/29/26 17:15,65.509,
Plot Title: 3S3G,219,5/29/26 17:30,64.31,
Plot Title: 3S3G,220,5/29/26 17:45,63.455,
Plot Title: 3S3G,221,5/29/26 18:00,62.425,
Plot Title: 3S3G,222,5/29/26 18:15,61.398,
Plot Title: 3S3G,223,5/29/26 18:30,60.712,
Plot Title: 3S3G,224,5/29/26 18:45,59.337,
Plot Title: 3S3G,225,5/29/26 19:00,58.82,
Plot Title: 3S3G,226,5/29/26 19:15,58.476,
Plot Title: 3S3G,227,5/29/26 19:30,57.614,
Plot Title: 3S3G,228,5/29/26 19:45,57.096,
Plot Title: 3S3G,229,5/29/26 20:00,56.577,
Plot Title: 3S3G,230,5/29/26 20:15,55.884,
Plot Title: 3S3G,231,5/29/26 20:30,55.537,
Plot Title: 3S3G,232,5/29/26 20:45,54.842,
Plot Title: 3S3G,233,5/29/26 21:00,54.147,
Plot Title: 3S3G,234,5/29/26 21:15,53.623,
Plot Title: 3S3G,235,5/29/26 21:30,53.1,
Plot Title: 3S3G,236,5/29/26 21:45,52.925,
Plot Title: 3S3G,237,5/29/26 22:00,52.576,
Plot Title: 3S3G,238,5/29/26 22:15,52.225,
Plot Title: 3S3G,239,5/29/26 22:30,52.05,
Plot Title: 3S3G,240,5/29/26 22:45,51.874,
Plot Title: 3S3G,241,5/29/26 23:00,51.699,
Plot Title: 3S3G,242,5/29/26 23:15,51.523,
Plot Title: 3S3G,243,5/29/26 23:30,51.172,
Plot Title: 3S3G,244,5/29/26 23:45,50.819,
Plot Title: 3S3G,245,5/30/26 00:00,50.466,
Plot Title: 3S3G,246,5/30/26 00:15,50.113,
Plot Title: 3S3G,247,5/30/26 00:30,49.759,
Plot Title: 3S3G,248,5/30/26 00:45,49.582,
Plot Title: 3S3G,249,5/30/26 01:00,49.228,
Plot Title: 3S3G,250,5/30/26 01:15,49.05,
Plot Title: 3S3G,251,5/30/26 01:30,48.871,
Plot Title: 3S3G,252,5/30/26 01:45,48.695,
Plot Title: 3S3G,253,5/30/26 02:00,48.16,
Plot Title: 3S3G,254,5/30/26 02:15,47.266,
Plot Title: 3S3G,255,5/30/26 02:30,46.908,
Plot Title: 3S3G,256,5/30/26 02:45,46.728,
Plot Title: 3S3G,257,5/30/26 03:00,46.548,
Plot Title: 3S3G,258,5/30/26 03:15,46.369,
Plot Title: 3S3G,259,5/30/26 03:30,46.188,
Plot Title: 3S3G,260,5/30/26 03:45,45.828,
Plot Title: 3S3G,261,5/30/26 04:00,45.648,
Plot Title: 3S3G,262,5/30/26 04:15,45.466,
Plot Title: 3S3G,263,5/30/26 04:30,45.286,
Plot Title: 3S3G,264,5/30/26 04:45,45.466,
Plot Title: 3S3G,265,5/30/26 05:00,45.648,
Plot Title: 3S3G,266,5/30/26 05:15,45.828,
Plot Title: 3S3G,267,5/30/26 05:30,46.008,
Plot Title: 3S3G,268,5/30/26 05:45,46.188,
Plot Title: 3S3G,269,5/30/26 06:00,46.188,
Plot Title: 3S3G,270,5/30/26 06:15,46.188,
Plot Title: 3S3G,271,5/30/26 06:30,46.188,
Plot Title: 3S3G,272,5/30/26 06:45,46.369,
Plot Title: 3S3G,273,5/30/26 07:00,46.908,
Plot Title: 3S3G,274,5/30/26 07:15,47.624,
Plot Title: 3S3G,275,5/30/26 07:30,48.339,
Plot Title: 3S3G,276,5/30/26 07:45,48.517,
Plot Title: 3S3G,277,5/30/26 08:00,48.517,
Plot Title: 3S3G,278,5/30/26 08:15,48.16,
Plot Title: 3S3G,279,5/30/26 08:30,48.16,
Plot Title: 3S3G,280,5/30/26 08:45,48.695,
Plot Title: 3S3G,281,5/30/26 09:00,49.05,
Plot Title: 3S3G,282,5/30/26 09:15,48.517,
Plot Title: 3S3G,283,5/30/26 09:30,48.517,
Plot Title: 3S3G,284,5/30/26 09:45,48.695,
Plot Title: 3S3G,285,5/30/26 10:00,48.339,
Plot Title: 3S3G,286,5/30/26 10:15,48.16,
Plot Title: 3S3G,287,5/30/26 10:30,47.982,
Plot Title: 3S3G,288,5/30/26 10:45,48.16,
Plot Title: 3S3G,289,5/30/26 11:00,48.517,
Plot Title: 3S3G,290,5/30/26 11:15,48.695,
Plot Title: 3S3G,291,5/30/26 11:30,48.695,
Plot Title: 3S3G,292,5/30/26 11:45,48.695,
Plot Title: 3S3G,293,5/30/26 12:00,48.695,
Plot Title: 3S3G,294,5/30/26 12:15,48.871,
Plot Title: 3S3G,295,5/30/26 12:30,49.05,
Plot Title: 3S3G,296,5/30/26 12:45,49.05,
Plot Title: 3S3G,297,5/30/26 13:00,49.759,
Plot Title: 3S3G,298,5/30/26 13:15,49.582,
Plot Title: 3S3G,299,5/30/26 13:30,49.582,
Plot Title: 3S3G,300,5/30/26 13:45,49.404,
Plot Title: 3S3G,301,5/30/26 14:00,49.582,
Plot Title: 3S3G,302,5/30/26 14:15,49.937,
Plot Title: 3S3G,303,5/30/26 14:30,50.113,
Plot Title: 3S3G,304,5/30/26 14:45,49.937,
Plot Title: 3S3G,305,5/30/26 15:00,49.937,
Plot Title: 3S3G,306,5/30/26 15:15,50.466,
Plot Title: 3S3G,307,5/30/26 15:30,49.937,
Plot Title: 3S3G,308,5/30/26 15:45,49.404,
Plot Title: 3S3G,309,5/30/26 16:00,48.871,
Plot Title: 3S3G,310,5/30/26 16:15,49.404,
Plot Title: 3S3G,311,5/30/26 16:30,50.29,
Plot Title: 3S3G,312,5/30/26 16:45,50.643,
Plot Title: 3S3G,313,5/30/26 17:00,50.113,
Plot Title: 3S3G,314,5/30/26 17:15,49.759,
Plot Title: 3S3G,315,5/30/26 17:30,49.582,
Plot Title: 3S3G,316,5/30/26 17:45,49.404,
Plot Title: 3S3G,317,5/30/26 18:00,49.228,
Plot Title: 3S3G,318,5/30/26 18:15,49.05,
Plot Title: 3S3G,319,5/30/26 18:30,48.871,
Plot Title: 3S3G,320,5/30/26 18:45,48.695,
Plot Title: 3S3G,321,5/30/26 19:00,48.339,
Plot Title: 3S3G,322,5/30/26 19:15,47.982,
Plot Title: 3S3G,323,5/30/26 19:30,47.982,
Plot Title: 3S3G,324,5/30/26 19:45,47.624,
Plot Title: 3S3G,325,5/30/26 20:00,47.446,
Plot Title: 3S3G,326,5/30/26 20:15,46.908,
Plot Title: 3S3G,327,5/30/26 20:30,46.548,
Plot Title: 3S3G,328,5/30/26 20:45,46.369,
Plot Title: 3S3G,329,5/30/26 21:00,46.008,
Plot Title: 3S3G,330,5/30/26 21:15,45.466,
Plot Title: 3S3G,331,5/30/26 21:30,45.104,
Plot Title: 3S3G,332,5/30/26 21:45,44.922,
Plot Title: 3S3G,333,5/30/26 22:00,44.742,
Plot Title: 3S3G,334,5/30/26 22:15,44.56,
Plot Title: 3S3G,335,5/30/26 22:30,44.195,
Plot Title: 3S3G,336,5/30/26 22:45,43.831,
Plot Title: 3S3G,337,5/30/26 23:00,43.466,
Plot Title: 3S3G,338,5/30/26 23:15,42.915,
Plot Title: 3S3G,339,5/30/26 23:30,42.363,
Plot Title: 3S3G,340,5/30/26 23:45,41.81,
Plot Title: 3S3G,341,5/31/26 00:00,41.625,
Plot Title: 3S3G,342,5/31/26 00:15,41.625,
Plot Title: 3S3G,343,5/31/26 00:30,41.625,
Plot Title: 3S3G,344,5/31/26 00:45,41.625,
Plot Title: 3S3G,345,5/31/26 01:00,41.625,
Plot Title: 3S3G,346,5/31/26 01:15,41.625,
Plot Title: 3S3G,347,5/31/26 01:30,41.625,
Plot Title: 3S3G,348,5/31/26 01:45,41.439,
Plot Title: 3S3G,349,5/31/26 02:00,41.439,
Plot Title: 3S3G,350,5/31/26 02:15,41.439,
Plot Title: 3S3G,351,5/31/26 02:30,41.254,
Plot Title: 3S3G,352,5/31/26 02:45,41.439,
Plot Title: 3S3G,353,5/31/26 03:00,41.439,
Plot Title: 3S3G,354,5/31/26 03:15,41.254,
Plot Title: 3S3G,355,5/31/26 03:30,41.254,
Plot Title: 3S3G,356,5/31/26 03:45,41.254,
Plot Title: 3S3G,357,5/31/26 04:00,41.254,
Plot Title: 3S3G,358,5/31/26 04:15,41.067,
Plot Title: 3S3G,359,5/31/26 04:30,41.067,
Plot Title: 3S3G,360,5/31/26 04:45,41.067,
Plot Title: 3S3G,361,5/31/26 05:00,40.881,
Plot Title: 3S3G,362,5/31/26 05:15,40.509,
Plot Title: 3S3G,363,5/31/26 05:30,40.134,
Plot Title: 3S3G,364,5/31/26 05:45,40.134,
Plot Title: 3S3G,365,5/31/26 06:00,40.321,
Plot Title: 3S3G,366,5/31/26 06:15,40.321,
Plot Title: 3S3G,367,5/31/26 06:30,40.509,
Plot Title: 3S3G,368,5/31/26 06:45,40.509,
Plot Title: 3S3G,369,5/31/26 07:00,40.696,
Plot Title: 3S3G,370,5/31/26 07:15,40.696,
Plot Title: 3S3G,371,5/31/26 07:30,40.321,
Plot Title: 3S3G,372,5/31/26 07:45,39.196,
Plot Title: 3S3G,373,5/31/26 08:00,37.679,
Plot Title: 3S3G,374,5/31/26 08:15,36.531,
Plot Title: 3S3G,375,5/31/26 08:30,36.338,
Plot Title: 3S3G,376,5/31/26 08:45,36.145,
Plot Title: 3S3G,377,5/31/26 09:00,36.145,
Plot Title: 3S3G,378,5/31/26 09:15,35.951,
Plot Title: 3S3G,379,5/31/26 09:30,35.951,
Plot Title: 3S3G,380,5/31/26 09:45,35.951,
Plot Title: 3S3G,381,5/31/26 10:00,35.758,
Plot Title: 3S3G,382,5/31/26 10:15,35.758,
Plot Title: 3S3G,383,5/31/26 10:30,36.145,
Plot Title: 3S3G,384,5/31/26 10:45,36.338,
Plot Title: 3S3G,385,5/31/26 11:00,36.531,
Plot Title: 3S3G,386,5/31/26 11:15,36.145,
Plot Title: 3S3G,387,5/31/26 11:30,36.338,
Plot Title: 3S3G,388,5/31/26 11:45,36.338,
Plot Title: 3S3G,389,5/31/26 12:00,36.531,
Plot Title: 3S3G,390,5/31/26 12:15,37.107,
Plot Title: 3S3G,391,5/31/26 12:30,37.488,
Plot Title: 3S3G,392,5/31/26 12:45,36.914,
Plot Title: 3S3G,393,5/31/26 13:00,37.297,
Plot Title: 3S3G,394,5/31/26 13:15,37.87,
Plot Title: 3S3G,395,5/31/26 13:30,37.107,
Plot Title: 3S3G,396,5/31/26 13:45,36.723,
Plot Title: 3S3G,397,5/31/26 14:00,36.914,
Plot Title: 3S3G,398,5/31/26 14:15,37.107,
Plot Title: 3S3G,399,5/31/26 14:30,36.338,
Plot Title: 3S3G,400,5/31/26 14:45,35.951,
Plot Title: 3S3G,401,5/31/26 15:00,36.338,
Plot Title: 3S3G,402,5/31/26 15:15,36.723,
Plot Title: 3S3G,403,5/31/26 15:30,35.758,
Plot Title: 3S3G,404,5/31/26 15:45,35.564,
Plot Title: 3S3G,405,5/31/26 16:00,35.951,
Plot Title: 3S3G,406,5/31/26 16:15,35.951,
Plot Title: 3S3G,407,5/31/26 16:30,36.145,
Plot Title: 3S3G,408,5/31/26 16:45,35.564,
Plot Title: 3S3G,409,5/31/26 17:00,35.37,
Plot Title: 3S3G,410,5/31/26 17:15,35.37,
Plot Title: 3S3G,411,5/31/26 17:30,35.758,
Plot Title: 3S3G,412,5/31/26 17:45,35.951,
Plot Title: 3S3G,413,5/31/26 18:00,35.951,
Plot Title: 3S3G,414,5/31/26 18:15,35.564,
Plot Title: 3S3G,415,5/31/26 18:30,34.786,
Plot Title: 3S3G,416,5/31/26 18:45,34.59,
Plot Title: 3S3G,417,5/31/26 19:00,34.59,
Plot Title: 3S3G,418,5/31/26 19:15,34.59,
Plot Title: 3S3G,419,5/31/26 19:30,34.786,
Plot Title: 3S3G,420,5/31/26 19:45,34.786,
Plot Title: 3S3G,421,5/31/26 20:00,34.786,
Plot Title: 3S3G,422,5/31/26 20:15,34.786,
Plot Title: 3S3G,423,5/31/26 20:30,34.981,
Plot Title: 3S3G,424,5/31/26 20:45,34.981,
Plot Title: 3S3G,425,5/31/26 21:00,35.175,
Plot Title: 3S3G,426,5/31/26 21:15,35.175,
Plot Title: 3S3G,427,5/31/26 21:30,35.175,
Plot Title: 3S3G,428,5/31/26 21:45,35.175,
Plot Title: 3S3G,429,5/31/26 22:00,35.175,
Plot Title: 3S3G,430,5/31/26 22:15,35.37,
Plot Title: 3S3G,431,5/31/26 22:30,35.37,
Plot Title: 3S3G,432,5/31/26 22:45,35.564,
Plot Title: 3S3G,433,5/31/26 23:00,35.564,
Plot Title: 3S3G,434,5/31/26 23:15,35.564,
Plot Title: 3S3G,435,5/31/26 23:30,35.758,
Plot Title: 3S3G,436,5/31/26 23:45,35.758,
Plot Title: 3S3G,437,6/1/26 00:00,35.758,
Plot Title: 3S3G,438,6/1/26 00:15,35.758,
Plot Title: 3S3G,439,6/1/26 00:30,35.758,
Plot Title: 3S3G,440,6/1/26 00:45,35.758,
Plot Title: 3S3G,441,6/1/26 01:00,35.758,
Plot Title: 3S3G,442,6/1/26 01:15,35.951,
Plot Title: 3S3G,443,6/1/26 01:30,35.951,
Plot Title: 3S3G,444,6/1/26 01:45,35.951,
Plot Title: 3S3G,445,6/1/26 02:00,35.951,
Plot Title: 3S3G,446,6/1/26 02:15,35.951,
Plot Title: 3S3G,447,6/1/26 02:30,35.951,
Plot Title: 3S3G,448,6/1/26 02:45,35.951,
Plot Title: 3S3G,449,6/1/26 03:00,35.951,
Plot Title: 3S3G,450,6/1/26 03:15,35.951,
Plot Title: 3S3G,451,6/1/26 03:30,35.951,
Plot Title: 3S3G,452,6/1/26 03:45,35.951,
Plot Title: 3S3G,453,6/1/26 04:00,35.951,
Plot Title: 3S3G,454,6/1/26 04:15,35.951,
Plot Title: 3S3G,455,6/1/26 04:30,35.951,
Plot Title: 3S3G,456,6/1/26 04:45,35.951,
Plot Title: 3S3G,457,6/1/26 05:00,35.951,
Plot Title: 3S3G,458,6/1/26 05:15,35.951,
Plot Title: 3S3G,459,6/1/26 05:30,35.951,
Plot Title: 3S3G,460,6/1/26 05:45,35.951,
Plot Title: 3S3G,461,6/1/26 06:00,35.951,
Plot Title: 3S3G,462,6/1/26 06:15,36.145,
Plot Title: 3S3G,463,6/1/26 06:30,36.531,
Plot Title: 3S3G,464,6/1/26 06:45,36.723,
Plot Title: 3S3G,465,6/1/26 07:00,37.297,
Plot Title: 3S3G,466,6/1/26 07:15,37.87,
Plot Title: 3S3G,467,6/1/26 07:30,38.629,
Plot Title: 3S3G,468,6/1/26 07:45,39.947,
Plot Title: 3S3G,469,6/1/26 08:00,41.067,
Plot Title: 3S3G,470,6/1/26 08:15,41.994,
Plot Title: 3S3G,471,6/1/26 08:30,43.282,
Plot Title: 3S3G,472,6/1/26 08:45,43.831,
Plot Title: 3S3G,473,6/1/26 09:00,46.728,
Plot Title: 3S3G,474,6/1/26 09:15,47.266,
Plot Title: 3S3G,475,6/1/26 09:30,45.466,
Plot Title: 3S3G,476,6/1/26 09:45,47.802,
Plot Title: 3S3G,477,6/1/26 10:00,53.449,
Plot Title: 3S3G,478,6/1/26 10:15,51.346,
Plot Title: 3S3G,479,6/1/26 10:30,56.577,
Plot Title: 3S3G,480,6/1/26 10:45,61.227,
Plot Title: 3S3G,481,6/1/26 11:00,64.31,
Plot Title: 3S3G,482,6/1/26 11:15,66.879,
Plot Title: 3S3G,483,6/1/26 11:30,68.763,
Plot Title: 3S3G,484,6/1/26 11:45,69.964,
Plot Title: 3S3G,485,6/1/26 12:00,70.308,
Plot Title: 3S3G,486,6/1/26 12:15,69.278,
Plot Title: 3S3G,487,6/1/26 12:30,68.592,
Plot Title: 3S3G,488,6/1/26 12:45,69.964,
Plot Title: 3S3G,489,6/1/26 13:00,69.449,
Plot Title: 3S3G,490,6/1/26 13:15,69.107,
Plot Title: 3S3G,491,6/1/26 13:30,68.592,
Plot Title: 3S3G,492,6/1/26 13:45,69.622,
Plot Title: 3S3G,493,6/1/26 14:00,67.221,
Plot Title: 3S3G,494,6/1/26 14:15,64.481,
Plot Title: 3S3G,495,6/1/26 14:30,64.139,
Plot Title: 3S3G,496,6/1/26 14:45,63.111,
Plot Title: 3S3G,497,6/1/26 15:00,63.797,
Plot Title: 3S3G,498,6/1/26 15:15,63.111,
Plot Title: 3S3G,499,6/1/26 15:30,62.598,
Plot Title: 3S3G,500,6/1/26 15:45,60.883,
Plot Title: 3S3G,501,6/1/26 16:00,59.68,
Plot Title: 3S3G,502,6/1/26 16:15,58.131,
Plot Title: 3S3G,503,6/1/26 16:30,57.441,
Plot Title: 3S3G,504,6/1/26 16:45,56.404,
Plot Title: 3S3G,505,6/1/26 17:00,54.842,
Plot Title: 3S3G,506,6/1/26 17:15,54.669,
Plot Title: 3S3G,507,6/1/26 17:30,53.973,
Plot Title: 3S3G,508,6/1/26 17:45,52.576,
Plot Title: 3S3G,509,6/1/26 18:00,52.75,
Plot Title: 3S3G,510,6/1/26 18:15,52.225,
Plot Title: 3S3G,511,6/1/26 18:30,50.995,
Plot Title: 3S3G,512,6/1/26 18:45,49.228,
Plot Title: 3S3G,513,6/1/26 19:00,47.446,
Plot Title: 3S3G,514,6/1/26 19:15,49.05,
Plot Title: 3S3G,515,6/1/26 19:30,48.517,
Plot Title: 3S3G,516,6/1/26 19:45,47.982,
Plot Title: 3S3G,517,6/1/26 20:00,47.802,
Plot Title: 3S3G,518,6/1/26 20:15,47.446,
Plot Title: 3S3G,519,6/1/26 20:30,46.369,
Plot Title: 3S3G,520,6/1/26 20:45,45.286,
Plot Title: 3S3G,521,6/1/26 21:00,44.379,
Plot Title: 3S3G,522,6/1/26 21:15,43.648,
Plot Title: 3S3G,523,6/1/26 21:30,43.099,
Plot Title: 3S3G,524,6/1/26 21:45,42.732,
Plot Title: 3S3G,525,6/1/26 22:00,42.732,
Plot Title: 3S3G,526,6/1/26 22:15,42.179,
Plot Title: 3S3G,527,6/1/26 22:30,41.81,
Plot Title: 3S3G,528,6/1/26 22:45,41.625,
Plot Title: 3S3G,529,6/1/26 23:00,41.439,
Plot Title: 3S3G,530,6/1/26 23:15,41.994,
Plot Title: 3S3G,531,6/1/26 23:30,41.994,
Plot Title: 3S3G,532,6/1/26 23:45,41.81,
Plot Title: 3S3G,533,6/2/26 00:00,41.439,
Plot Title: 3S3G,534,6/2/26 00:15,41.067,
Plot Title: 3S3G,535,6/2/26 00:30,40.696,
Plot Title: 3S3G,536,6/2/26 00:45,40.509,
Plot Title: 3S3G,537,6/2/26 01:00,39.947,
Plot Title: 3S3G,538,6/2/26 01:15,39.573,
Plot Title: 3S3G,539,6/2/26 01:30,39.196,
Plot Title: 3S3G,540,6/2/26 01:45,39.007,
Plot Title: 3S3G,541,6/2/26 02:00,38.629,
Plot Title: 3S3G,542,6/2/26 02:15,38.44,
Plot Title: 3S3G,543,6/2/26 02:30,38.061,
Plot Title: 3S3G,544,6/2/26 02:45,37.87,
Plot Title: 3S3G,545,6/2/26 03:00,37.679,
Plot Title: 3S3G,546,6/2/26 03:15,37.488,
Plot Title: 3S3G,547,6/2/26 03:30,37.488,
Plot Title: 3S3G,548,6/2/26 03:45,37.488,
Plot Title: 3S3G,549,6/2/26 04:00,37.679,
Plot Title: 3S3G,550,6/2/26 04:15,37.679,
Plot Title: 3S3G,551,6/2/26 04:30,37.87,
Plot Title: 3S3G,552,6/2/26 04:45,37.87,
Plot Title: 3S3G,553,6/2/26 05:00,37.87,
Plot Title: 3S3G,554,6/2/26 05:15,37.87,
Plot Title: 3S3G,555,6/2/26 05:30,37.87,
Plot Title: 3S3G,556,6/2/26 05:45,37.87,
Plot Title: 3S3G,557,6/2/26 06:00,37.87,
Plot Title: 3S3G,558,6/2/26 06:15,37.87,
Plot Title: 3S3G,559,6/2/26 06:30,38.061,
Plot Title: 3S3G,560,6/2/26 06:45,39.947,
Plot Title: 3S3G,561,6/2/26 07:00,45.286,
Plot Title: 3S3G,562,6/2/26 07:15,50.113,
Plot Title: 3S3G,563,6/2/26 07:30,53.623,
Plot Title: 3S3G,564,6/2/26 07:45,57.096,
Plot Title: 3S3G,565,6/2/26 08:00,59.851,
Plot Title: 3S3G,566,6/2/26 08:15,62.94,
Plot Title: 3S3G,567,6/2/26 08:30,61.912,
Plot Title: 3S3G,568,6/2/26 08:45,58.82,
Plot Title: 3S3G,569,6/2/26 09:00,58.131,
Plot Title: 3S3G,570,6/2/26 09:15,61.227,
Plot Title: 3S3G,571,6/2/26 09:30,64.31,
Plot Title: 3S3G,572,6/2/26 09:45,67.735,
Plot Title: 3S3G,573,6/2/26 10:00,68.763,
Plot Title: 3S3G,574,6/2/26 10:15,68.763,
Plot Title: 3S3G,575,6/2/26 10:30,67.564,
Plot Title: 3S3G,576,6/2/26 10:45,65.68,
Plot Title: 3S3G,577,6/2/26 11:00,65.167,
Plot Title: 3S3G,578,6/2/26 11:15,64.652,
Plot Title: 3S3G,579,6/2/26 11:30,63.455,
Plot Title: 3S3G,580,6/2/26 11:45,66.879,
Plot Title: 3S3G,581,6/2/26 12:00,67.906,
Plot Title: 3S3G,582,6/2/26 12:15,71.683,
Plot Title: 3S3G,583,6/2/26 12:30,70.48,
Plot Title: 3S3G,584,6/2/26 12:45,70.995,
Plot Title: 3S3G,585,6/2/26 13:00,69.449,
Plot Title: 3S3G,586,6/2/26 13:15,68.592,
Plot Title: 3S3G,587,6/2/26 13:30,66.708,
Plot Title: 3S3G,588,6/2/26 13:45,67.221,
Plot Title: 3S3G,589,6/2/26 14:00,67.392,
Plot Title: 3S3G,590,6/2/26 14:15,65.509,
Plot Title: 3S3G,591,6/2/26 14:30,64.481,
Plot Title: 3S3G,592,6/2/26 14:45,63.455,
Plot Title: 3S3G,593,6/2/26 15:00,61.741,
Plot Title: 3S3G,594,6/2/26 15:15,60.712,
Plot Title: 3S3G,595,6/2/26 15:30,61.398,
Plot Title: 3S3G,596,6/2/26 15:45,61.054,
Plot Title: 3S3G,597,6/2/26 16:00,61.227,
Plot Title: 3S3G,598,6/2/26 16:15,61.569,
Plot Title: 3S3G,599,6/2/26 16:30,61.054,
Plot Title: 3S3G,600,6/2/26 16:45,60.195,
Plot Title: 3S3G,601,6/2/26 17:00,59.851,
Plot Title: 3S3G,602,6/2/26 17:15,59.508,
Plot Title: 3S3G,603,6/2/26 17:30,58.131,
Plot Title: 3S3G,604,6/2/26 17:45,56.923,
Plot Title: 3S3G,605,6/2/26 18:00,56.23,
Plot Title: 3S3G,606,6/2/26 18:15,55.537,
Plot Title: 3S3G,607,6/2/26 18:30,54.495,
Plot Title: 3S3G,608,6/2/26 18:45,53.449,
Plot Title: 3S3G,609,6/2/26 19:00,52.925,
Plot Title: 3S3G,610,6/2/26 19:15,52.75,
Plot Title: 3S3G,611,6/2/26 19:30,52.401,
Plot Title: 3S3G,612,6/2/26 19:45,51.874,
Plot Title: 3S3G,613,6/2/26 20:00,51.523,
Plot Title: 3S3G,614,6/2/26 20:15,50.819,
Plot Title: 3S3G,615,6/2/26 20:30,49.582,
Plot Title: 3S3G,616,6/2/26 20:45,48.695,
Plot Title: 3S3G,617,6/2/26 21:00,48.339,
Plot Title: 3S3G,618,6/2/26 21:15,47.624,
Plot Title: 3S3G,619,6/2/26 21:30,46.908,
Plot Title: 3S3G,620,6/2/26 21:45,46.548,
Plot Title: 3S3G,621,6/2/26 22:00,46.188,
Plot Title: 3S3G,622,6/2/26 22:15,45.828,
Plot Title: 3S3G,623,6/2/26 22:30,45.828,
Plot Title: 3S3G,624,6/2/26 22:45,45.466,
Plot Title: 3S3G,625,6/2/26 23:00,44.922,
Plot Title: 3S3G,626,6/2/26 23:15,44.379,
Plot Title: 3S3G,627,6/2/26 23:30,43.648,
Plot Title: 3S3G,628,6/2/26 23:45,43.282,
Plot Title: 3S3G,629,6/3/26 00:00,42.732,
Plot Title: 3S3G,630,6/3/26 00:15,42.732,
Plot Title: 3S3G,631,6/3/26 00:30,42.548,
Plot Title: 3S3G,632,6/3/26 00:45,42.179,
Plot Title: 3S3G,633,6/3/26 01:00,42.179,
Plot Title: 3S3G,634,6/3/26 01:15,41.81,
Plot Title: 3S3G,635,6/3/26 01:30,41.625,
Plot Title: 3S3G,636,6/3/26 01:45,41.625,
Plot Title: 3S3G,637,6/3/26 02:00,41.439,
Plot Title: 3S3G,638,6/3/26 02:15,41.067,
Plot Title: 3S3G,639,6/3/26 02:30,41.067,
Plot Title: 3S3G,640,6/3/26 02:45,40.881,
Plot Title: 3S3G,641,6/3/26 03:00,40.881,
Plot Title: 3S3G,642,6/3/26 03:15,40.696,
Plot Title: 3S3G,643,6/3/26 03:30,40.321,
Plot Title: 3S3G,644,6/3/26 03:45,40.134,
Plot Title: 3S3G,645,6/3/26 04:00,39.947,
Plot Title: 3S3G,646,6/3/26 04:15,39.76,
Plot Title: 3S3G,647,6/3/26 04:30,39.573,
Plot Title: 3S3G,648,6/3/26 04:45,39.573,
Plot Title: 3S3G,649,6/3/26 05:00,39.384,
Plot Title: 3S3G,650,6/3/26 05:15,39.196,
Plot Title: 3S3G,651,6/3/26 05:30,39.007,
Plot Title: 3S3G,652,6/3/26 05:45,38.818,
Plot Title: 3S3G,653,6/3/26 06:00,38.818,
Plot Title: 3S3G,654,6/3/26 06:15,40.881,
Plot Title: 3S3G,655,6/3/26 06:30,43.831,
Plot Title: 3S3G,656,6/3/26 06:45,47.446,
Plot Title: 3S3G,657,6/3/26 07:00,50.819,
Plot Title: 3S3G,658,6/3/26 07:15,53.973,
Plot Title: 3S3G,659,6/3/26 07:30,56.75,
Plot Title: 3S3G,660,6/3/26 07:45,59.508,
Plot Title: 3S3G,661,6/3/26 08:00,62.254,
Plot Title: 3S3G,662,6/3/26 08:15,64.481,
Plot Title: 3S3G,663,6/3/26 08:30,66.879,
Plot Title: 3S3G,664,6/3/26 08:45,68.934,
Plot Title: 3S3G,665,6/3/26 09:00,70.48,
Plot Title: 3S3G,666,6/3/26 09:15,72.028,
Plot Title: 3S3G,667,6/3/26 09:30,73.58,
Plot Title: 3S3G,668,6/3/26 09:45,74.619,
Plot Title: 3S3G,669,6/3/26 10:00,76.181,
Plot Title: 3S3G,670,6/3/26 10:15,76.876,
Plot Title: 3S3G,671,6/3/26 10:30,76.354,
Plot Title: 3S3G,672,6/3/26 10:45,76.181,
Plot Title: 3S3G,673,6/3/26 11:00,76.528,
Plot Title: 3S3G,674,6/3/26 11:15,74.446,
Plot Title: 3S3G,675,6/3/26 11:30,73.062,
Plot Title: 3S3G,676,6/3/26 11:45,76.181,
Plot Title: 3S3G,677,6/3/26 12:00,76.181,
Plot Title: 3S3G,678,6/3/26 12:15,76.876,
Plot Title: 3S3G,679,6/3/26 12:30,75.832,
Plot Title: 3S3G,680,6/3/26 12:45,77.4,
Plot Title: 3S3G,681,6/3/26 13:00,77.225,
Plot Title: 3S3G,682,6/3/26 13:15,76.703,
Plot Title: 3S3G,683,6/3/26 13:30,76.181,
Plot Title: 3S3G,684,6/3/26 13:45,75.312,
Plot Title: 3S3G,685,6/3/26 14:00,74.446,
Plot Title: 3S3G,686,6/3/26 14:15,73.407,
Plot Title: 3S3G,687,6/3/26 14:30,72.372,
Plot Title: 3S3G,688,6/3/26 14:45,71.339,
Plot Title: 3S3G,689,6/3/26 15:00,70.137,
Plot Title: 3S3G,690,6/3/26 15:15,69.107,
Plot Title: 3S3G,691,6/3/26 15:30,68.248,
Plot Title: 3S3G,692,6/3/26 15:45,67.735,
Plot Title: 3S3G,693,6/3/26 16:00,67.221,
Plot Title: 3S3G,694,6/3/26 16:15,66.193,
Plot Title: 3S3G,695,6/3/26 16:30,64.996,
Plot Title: 3S3G,696,6/3/26 16:45,62.598,
Plot Title: 3S3G,697,6/3/26 17:00,61.227,
Plot Title: 3S3G,698,6/3/26 17:15,61.398,
Plot Title: 3S3G,699,6/3/26 17:30,60.883,
Plot Title: 3S3G,700,6/3/26 17:45,60.195,
Plot Title: 3S3G,701,6/3/26 18:00,59.68,
Plot Title: 3S3G,702,6/3/26 18:15,59.508,
Plot Title: 3S3G,703,6/3/26 18:30,58.82,
Plot Title: 3S3G,704,6/3/26 18:45,58.476,
Plot Title: 3S3G,705,6/3/26 19:00,58.476,
Plot Title: 3S3G,706,6/3/26 19:15,57.614,
Plot Title: 3S3G,707,6/3/26 19:30,56.75,
Plot Title: 3S3G,708,6/3/26 19:45,56.23,
Plot Title: 3S3G,709,6/3/26 20:00,55.537,
Plot Title: 3S3G,710,6/3/26 20:15,54.322,
Plot Title: 3S3G,711,6/3/26 20:30,53.274,
Plot Title: 3S3G,712,6/3/26 20:45,52.401,
Plot Title: 3S3G,713,6/3/26 21:00,51.874,
Plot Title: 3S3G,714,6/3/26 21:15,51.172,
Plot Title: 3S3G,715,6/3/26 21:30,50.995,
Plot Title: 3S3G,716,6/3/26 21:45,50.819,
Plot Title: 3S3G,717,6/3/26 22:00,50.29,
Plot Title: 3S3G,718,6/3/26 22:15,49.404,
Plot Title: 3S3G,719,6/3/26 22:30,48.871,
Plot Title: 3S3G,720,6/3/26 22:45,48.517,
Plot Title: 3S3G,721,6/3/26 23:00,48.339,
Plot Title: 3S3G,722,6/3/26 23:15,48.16,
Plot Title: 3S3G,723,6/3/26 23:30,47.446,
Plot Title: 3S3G,724,6/3/26 23:45,46.908,
Plot Title: 3S3G,725,6/4/26 00:00,46.548,
Plot Title: 3S3G,726,6/4/26 00:15,46.369,
Plot Title: 3S3G,727,6/4/26 00:30,46.369,
Plot Title: 3S3G,728,6/4/26 00:45,46.548,
Plot Title: 3S3G,729,6/4/26 01:00,46.008,
Plot Title: 3S3G,730,6/4/26 01:15,46.008,
Plot Title: 3S3G,731,6/4/26 01:30,46.188,
Plot Title: 3S3G,732,6/4/26 01:45,46.369,
Plot Title: 3S3G,733,6/4/26 02:00,46.369,
Plot Title: 3S3G,734,6/4/26 02:15,46.369,
Plot Title: 3S3G,735,6/4/26 02:30,46.188,
Plot Title: 3S3G,736,6/4/26 02:45,46.008,
Plot Title: 3S3G,737,6/4/26 03:00,46.008,
Plot Title: 3S3G,738,6/4/26 03:15,45.648,
Plot Title: 3S3G,739,6/4/26 03:30,45.286,
Plot Title: 3S3G,740,6/4/26 03:45,44.742,
Plot Title: 3S3G,741,6/4/26 04:00,44.56,
Plot Title: 3S3G,742,6/4/26 04:15,44.013,
Plot Title: 3S3G,743,6/4/26 04:30,43.648,
Plot Title: 3S3G,744,6/4/26 04:45,43.466,
Plot Title: 3S3G,745,6/4/26 05:00,43.282,
Plot Title: 3S3G,746,6/4/26 05:15,43.099,
Plot Title: 3S3G,747,6/4/26 05:30,43.466,
Plot Title: 3S3G,748,6/4/26 05:45,43.648,
Plot Title: 3S3G,749,6/4/26 06:00,44.013,
Plot Title: 3S3G,750,6/4/26 06:15,44.195,
Plot Title: 3S3G,751,6/4/26 06:30,44.742,
Plot Title: 3S3G,752,6/4/26 06:45,45.466,
Plot Title: 3S3G,753,6/4/26 07:00,46.369,
Plot Title: 3S3G,754,6/4/26 07:15,47.266,
Plot Title: 3S3G,755,6/4/26 07:30,47.446,
Plot Title: 3S3G,756,6/4/26 07:45,48.339,
Plot Title: 3S3G,757,6/4/26 08:00,51.523,
Plot Title: 3S3G,758,6/4/26 08:15,56.577,
Plot Title: 3S3G,759,6/4/26 08:30,61.398,
Plot Title: 3S3G,760,6/4/26 08:45,62.94,
Plot Title: 3S3G,761,6/4/26 09:00,63.797,
Plot Title: 3S3G,762,6/4/26 09:15,68.077,
Plot Title: 3S3G,763,6/4/26 09:30,67.906,
Plot Title: 3S3G,764,6/4/26 09:45,72.028,
Plot Title: 3S3G,765,6/4/26 10:00,72.199,
Plot Title: 3S3G,766,6/4/26 10:15,72.199,
Plot Title: 3S3G,767,6/4/26 10:30,68.934,
Plot Title: 3S3G,768,6/4/26 10:45,64.139,
Plot Title: 3S3G,769,6/4/26 11:00,63.626,
Plot Title: 3S3G,770,6/4/26 11:15,61.912,
Plot Title: 3S3G,771,6/4/26 11:30,63.626,
Plot Title: 3S3G,772,6/4/26 11:45,65.851,
Plot Title: 3S3G,773,6/4/26 12:00,68.421,
Plot Title: 3S3G,774,6/4/26 12:15,71.339,
Plot Title: 3S3G,775,6/4/26 12:30,73.234,
Plot Title: 3S3G,776,6/4/26 12:45,71.512,
Plot Title: 3S3G,777,6/4/26 13:00,67.906,
Plot Title: 3S3G,778,6/4/26 13:15,64.825,
Plot Title: 3S3G,779,6/4/26 13:30,68.763,
Plot Title: 3S3G,780,6/4/26 13:45,67.735,
Plot Title: 3S3G,781,6/4/26 14:00,66.708,
Plot Title: 3S3G,782,6/4/26 14:15,65.851,
Plot Title: 3S3G,783,6/4/26 14:30,64.139,
Plot Title: 3S3G,784,6/4/26 14:45,62.769,
Plot Title: 3S3G,785,6/4/26 15:00,62.254,
Plot Title: 3S3G,786,6/4/26 15:15,62.254,
Plot Title: 3S3G,787,6/4/26 15:30,62.94,
Plot Title: 3S3G,788,6/4/26 15:45,62.425,
Plot Title: 3S3G,789,6/4/26 16:00,61.741,
Plot Title: 3S3G,790,6/4/26 16:15,60.539,
Plot Title: 3S3G,791,6/4/26 16:30,60.883,
Plot Title: 3S3G,792,6/4/26 16:45,61.569,
Plot Title: 3S3G,793,6/4/26 17:00,60.539,
Plot Title: 3S3G,794,6/4/26 17:15,58.82,
Plot Title: 3S3G,795,6/4/26 17:30,57.958,
Plot Title: 3S3G,796,6/4/26 17:45,57.614,
Plot Title: 3S3G,797,6/4/26 18:00,57.268,
Plot Title: 3S3G,798,6/4/26 18:15,56.404,
Plot Title: 3S3G,799,6/4/26 18:30,55.537,
Plot Title: 3S3G,800,6/4/26 18:45,54.669,
Plot Title: 3S3G,801,6/4/26 19:00,53.798,
Plot Title: 3S3G,802,6/4/26 19:15,52.925,
Plot Title: 3S3G,803,6/4/26 19:30,52.225,
Plot Title: 3S3G,804,6/4/26 19:45,51.523,
Plot Title: 3S3G,805,6/4/26 20:00,50.995,
Plot Title: 3S3G,806,6/4/26 20:15,50.466,
Plot Title: 3S3G,807,6/4/26 20:30,49.937,
Plot Title: 3S3G,808,6/4/26 20:45,49.404,
Plot Title: 3S3G,809,6/4/26 21:00,49.05,
Plot Title: 3S3G,810,6/4/26 21:15,48.517,
Plot Title: 3S3G,811,6/4/26 21:30,47.982,
Plot Title: 3S3G,812,6/4/26 21:45,47.446,
Plot Title: 3S3G,813,6/4/26 22:00,47.088,
Plot Title: 3S3G,814,6/4/26 22:15,46.728,
Plot Title: 3S3G,815,6/4/26 22:30,46.369,
Plot Title: 3S3G,816,6/4/26 22:45,46.008,
Plot Title: 3S3G,817,6/4/26 23:00,45.828,
Plot Title: 3S3G,818,6/4/26 23:15,45.648,
Plot Title: 3S3G,819,6/4/26 23:30,45.466,
Plot Title: 3S3G,820,6/4/26 23:45,45.286,
Plot Title: 3S3G,821,6/5/26 00:00,45.104,
Plot Title: 3S3G,822,6/5/26 00:15,44.922,
Plot Title: 3S3G,823,6/5/26 00:30,44.742,
Plot Title: 3S3G,824,6/5/26 00:45,44.742,
Plot Title: 3S3G,825,6/5/26 01:00,44.379,
Plot Title: 3S3G,826,6/5/26 01:15,44.013,
Plot Title: 3S3G,827,6/5/26 01:30,43.648,
Plot Title: 3S3G,828,6/5/26 01:45,43.466,
Plot Title: 3S3G,829,6/5/26 02:00,43.099,
Plot Title: 3S3G,830,6/5/26 02:15,42.732,
Plot Title: 3S3G,831,6/5/26 02:30,42.363,
Plot Title: 3S3G,832,6/5/26 02:45,42.179,
Plot Title: 3S3G,833,6/5/26 03:00,41.81,
Plot Title: 3S3G,834,6/5/26 03:15,41.81,
Plot Title: 3S3G,835,6/5/26 03:30,41.81,
Plot Title: 3S3G,836,6/5/26 03:45,41.81,
Plot Title: 3S3G,837,6/5/26 04:00,41.81,
Plot Title: 3S3G,838,6/5/26 04:15,41.625,
Plot Title: 3S3G,839,6/5/26 04:30,41.625,
Plot Title: 3S3G,840,6/5/26 04:45,41.254,
Plot Title: 3S3G,841,6/5/26 05:00,41.067,
Plot Title: 3S3G,842,6/5/26 05:15,40.881,
Plot Title: 3S3G,843,6/5/26 05:30,40.881,
Plot Title: 3S3G,844,6/5/26 05:45,40.696,
Plot Title: 3S3G,845,6/5/26 06:00,41.254,
Plot Title: 3S3G,846,6/5/26 06:15,43.466,
Plot Title: 3S3G,847,6/5/26 06:30,46.908,
Plot Title: 3S3G,848,6/5/26 06:45,50.466,
Plot Title: 3S3G,849,6/5/26 07:00,53.449,
Plot Title: 3S3G,850,6/5/26 07:15,56.404,
Plot Title: 3S3G,851,6/5/26 07:30,58.82,
Plot Title: 3S3G,852,6/5/26 07:45,61.054,
Plot Title: 3S3G,853,6/5/26 08:00,63.455,
Plot Title: 3S3G,854,6/5/26 08:15,65.68,
Plot Title: 3S3G,855,6/5/26 08:30,67.392,
Plot Title: 3S3G,856,6/5/26 08:45,69.107,
Plot Title: 3S3G,857,6/5/26 09:00,70.651,
Plot Title: 3S3G,858,6/5/26 09:15,72.199,
Plot Title: 3S3G,859,6/5/26 09:30,73.407,
Plot Title: 3S3G,860,6/5/26 09:45,75.484,
Plot Title: 3S3G,861,6/5/26 10:00,76.703,
Plot Title: 3S3G,862,6/5/26 10:15,77.923,
Plot Title: 3S3G,863,6/5/26 10:30,78.274,
Plot Title: 3S3G,864,6/5/26 10:45,79.151,
Plot Title: 3S3G,865,6/5/26 11:00,79.853,
Plot Title: 3S3G,866,6/5/26 11:15,80.382,
Plot Title: 3S3G,867,6/5/26 11:30,80.911,
Plot Title: 3S3G,868,6/5/26 11:45,81.442,
Plot Title: 3S3G,869,6/5/26 12:00,81.797,
Plot Title: 3S3G,870,6/5/26 12:15,81.797,
Plot Title: 3S3G,871,6/5/26 12:30,81.797,
Plot Title: 3S3G,872,6/5/26 12:45,81.797,
Plot Title: 3S3G,873,6/5/26 13:00,81.797,
Plot Title: 3S3G,874,6/5/26 13:15,81.266,
Plot Title: 3S3G,875,6/5/26 13:30,80.206,
Plot Title: 3S3G,876,6/5/26 13:45,78.8,
Plot Title: 3S3G,877,6/5/26 14:00,77.749,
Plot Title: 3S3G,878,6/5/26 14:15,76.703,
Plot Title: 3S3G,879,6/5/26 14:30,75.832,
Plot Title: 3S3G,880,6/5/26 14:45,74.964,
Plot Title: 3S3G,881,6/5/26 15:00,73.926,
Plot Title: 3S3G,882,6/5/26 15:15,73.062,
Plot Title: 3S3G,883,6/5/26 15:30,72.372,
Plot Title: 3S3G,884,6/5/26 15:45,72.028,
Plot Title: 3S3G,885,6/5/26 16:00,71.683,
Plot Title: 3S3G,886,6/5/26 16:15,70.824,
Plot Title: 3S3G,887,6/5/26 16:30,69.622,
Plot Title: 3S3G,888,6/5/26 16:45,67.906,
Plot Title: 3S3G,889,6/5/26 17:00,65.509,
Plot Title: 3S3G,890,6/5/26 17:15,62.94,
Plot Title: 3S3G,891,6/5/26 17:30,60.712,
Plot Title: 3S3G,892,6/5/26 17:45,59.164,
Plot Title: 3S3G,893,6/5/26 18:00,57.958,
Plot Title: 3S3G,894,6/5/26 18:15,56.923,
Plot Title: 3S3G,895,6/5/26 18:30,56.057,
Plot Title: 3S3G,896,6/5/26 18:45,55.364,
Plot Title: 3S3G,897,6/5/26 19:00,54.669,
Plot Title: 3S3G,898,6/5/26 19:15,53.973,
Plot Title: 3S3G,899,6/5/26 19:30,53.449,
Plot Title: 3S3G,900,6/5/26 19:45,52.925,
Plot Title: 3S3G,901,6/5/26 20:00,52.576,
Plot Title: 3S3G,902,6/5/26 20:15,52.05,
Plot Title: 3S3G,903,6/5/26 20:30,51.699,
Plot Title: 3S3G,904,6/5/26 20:45,51.346,
Plot Title: 3S3G,905,6/5/26 21:00,50.819,
Plot Title: 3S3G,906,6/5/26 21:15,50.466,
Plot Title: 3S3G,907,6/5/26 21:30,49.937,
Plot Title: 3S3G,908,6/5/26 21:45,49.582,
Plot Title: 3S3G,909,6/5/26 22:00,49.228,
Plot Title: 3S3G,910,6/5/26 22:15,48.871,
Plot Title: 3S3G,911,6/5/26 22:30,48.517,
Plot Title: 3S3G,912,6/5/26 22:45,48.16,
Plot Title: 3S3G,913,6/5/26 23:00,47.802,
Plot Title: 3S3G,914,6/5/26 23:15,47.624,
Plot Title: 3S3G,915,6/5/26 23:30,47.446,
Plot Title: 3S3G,916,6/5/26 23:45,47.088,
Plot Title: 3S3G,917,6/6/26 00:00,46.908,
Plot Title: 3S3G,918,6/6/26 00:15,46.728,
Plot Title: 3S3G,919,6/6/26 00:30,46.188,
Plot Title: 3S3G,920,6/6/26 00:45,46.008,
Plot Title: 3S3G,921,6/6/26 01:00,45.648,
Plot Title: 3S3G,922,6/6/26 01:15,45.466,
Plot Title: 3S3G,923,6/6/26 01:30,45.286,
Plot Title: 3S3G,924,6/6/26 01:45,45.104,
Plot Title: 3S3G,925,6/6/26 02:00,45.104,
Plot Title: 3S3G,926,6/6/26 02:15,44.922,
Plot Title: 3S3G,927,6/6/26 02:30,44.56,
Plot Title: 3S3G,928,6/6/26 02:45,44.56,
Plot Title: 3S3G,929,6/6/26 03:00,44.56,
Plot Title: 3S3G,930,6/6/26 03:15,44.379,
Plot Title: 3S3G,931,6/6/26 03:30,44.195,
Plot Title: 3S3G,932,6/6/26 03:45,44.013,
Plot Title: 3S3G,933,6/6/26 04:00,43.648,
Plot Title: 3S3G,934,6/6/26 04:15,43.466,
Plot Title: 3S3G,935,6/6/26 04:30,43.466,
Plot Title: 3S3G,936,6/6/26 04:45,43.466,
Plot Title: 3S3G,937,6/6/26 05:00,43.282,
Plot Title: 3S3G,938,6/6/26 05:15,43.282,
Plot Title: 3S3G,939,6/6/26 05:30,43.099,
Plot Title: 3S3G,940,6/6/26 05:45,43.282,
Plot Title: 3S3G,941,6/6/26 06:00,43.831,
Plot Title: 3S3G,942,6/6/26 06:15,45.828,
Plot Title: 3S3G,943,6/6/26 06:30,47.982,
Plot Title: 3S3G,944,6/6/26 06:45,48.517,
Plot Title: 3S3G,945,6/6/26 07:00,48.339,
Plot Title: 3S3G,946,6/6/26 07:15,48.16,
Plot Title: 3S3G,947,6/6/26 07:30,49.05,
Plot Title: 3S3G,948,6/6/26 07:45,48.517,
Plot Title: 3S3G,949,6/6/26 08:00,50.819,
Plot Title: 3S3G,950,6/6/26 08:15,52.401,
Plot Title: 3S3G,951,6/6/26 08:30,56.23,
Plot Title: 3S3G,952,6/6/26 08:45,56.75,
Plot Title: 3S3G,953,6/6/26 09:00,59.508,
Plot Title: 3S3G,954,6/6/26 09:15,60.195,
Plot Title: 3S3G,955,6/6/26 09:30,57.958,
Plot Title: 3S3G,956,6/6/26 09:45,58.647,
Plot Title: 3S3G,957,6/6/26 10:00,57.268,
Plot Title: 3S3G,958,6/6/26 10:15,56.404,
Plot Title: 3S3G,959,6/6/26 10:30,54.842,
Plot Title: 3S3G,960,6/6/26 10:45,53.798,
Plot Title: 3S3G,961,6/6/26 11:00,54.322,
Plot Title: 3S3G,962,6/6/26 11:15,56.404,
Plot Title: 3S3G,963,6/6/26 11:30,59.851,
Plot Title: 3S3G,964,6/6/26 11:45,61.227,
Plot Title: 3S3G,965,6/6/26 12:00,61.227,
Plot Title: 3S3G,966,6/6/26 12:15,62.769,
Plot Title: 3S3G,967,6/6/26 12:30,62.769,
Plot Title: 3S3G,968,6/6/26 12:45,64.481,
Plot Title: 3S3G,969,6/6/26 13:00,64.825,
Plot Title: 3S3G,970,6/6/26 13:15,64.139,
Plot Title: 3S3G,971,6/6/26 13:30,63.797,
Plot Title: 3S3G,972,6/6/26 13:45,62.94,
Plot Title: 3S3G,973,6/6/26 14:00,63.111,
Plot Title: 3S3G,974,6/6/26 14:15,66.193,
Plot Title: 3S3G,975,6/6/26 14:30,65.509,
Plot Title: 3S3G,976,6/6/26 14:45,63.626,
Plot Title: 3S3G,977,6/6/26 15:00,62.425,
Plot Title: 3S3G,978,6/6/26 15:15,60.883,
Plot Title: 3S3G,979,6/6/26 15:30,60.195,
Plot Title: 3S3G,980,6/6/26 15:45,60.024,
Plot Title: 3S3G,981,6/6/26 16:00,59.68,
Plot Title: 3S3G,982,6/6/26 16:15,60.024,
Plot Title: 3S3G,983,6/6/26 16:30,60.024,
Plot Title: 3S3G,984,6/6/26 16:45,59.508,
Plot Title: 3S3G,985,6/6/26 17:00,58.993,
Plot Title: 3S3G,986,6/6/26 17:15,57.958,
Plot Title: 3S3G,987,6/6/26 17:30,56.75,
Plot Title: 3S3G,988,6/6/26 17:45,55.537,
Plot Title: 3S3G,989,6/6/26 18:00,54.669,
Plot Title: 3S3G,990,6/6/26 18:15,54.322,
Plot Title: 3S3G,991,6/6/26 18:30,53.449,
Plot Title: 3S3G,992,6/6/26 18:45,52.925,
Plot Title: 3S3G,993,6/6/26 19:00,52.576,
Plot Title: 3S3G,994,6/6/26 19:15,52.05,
Plot Title: 3S3G,995,6/6/26 19:30,51.874,
Plot Title: 3S3G,996,6/6/26 19:45,51.346,
Plot Title: 3S3G,997,6/6/26 20:00,50.643,
Plot Title: 3S3G,998,6/6/26 20:15,50.113,
Plot Title: 3S3G,999,6/6/26 20:30,49.582,
Plot Title: 3S3G,1000,6/6/26 20:45,49.228,
Plot Title: 3S3G,1001,6/6/26 21:00,48.517,
Plot Title: 3S3G,1002,6/6/26 21:15,47.982,
Plot Title: 3S3G,1003,6/6/26 21:30,47.266,
Plot Title: 3S3G,1004,6/6/26 21:45,46.908,
Plot Title: 3S3G,1005,6/6/26 22:00,46.369,
Plot Title: 3S3G,1006,6/6/26 22:15,46.188,
Plot Title: 3S3G,1007,6/6/26 22:30,46.008,
Plot Title: 3S3G,1008,6/6/26 22:45,45.648,
Plot Title: 3S3G,1009,6/6/26 23:00,45.648,
Plot Title: 3S3G,1010,6/6/26 23:15,45.828,
Plot Title: 3S3G,1011,6/6/26 23:30,45.828,
Plot Title: 3S3G,1012,6/6/26 23:45,45.648,
Plot Title: 3S3G,1013,6/7/26 00:00,45.466,
Plot Title: 3S3G,1014,6/7/26 00:15,45.286,
Plot Title: 3S3G,1015,6/7/26 00:30,45.104,
Plot Title: 3S3G,1016,6/7/26 00:45,44.922,
Plot Title: 3S3G,1017,6/7/26 01:00,44.922,
Plot Title: 3S3G,1018,6/7/26 01:15,44.742,
Plot Title: 3S3G,1019,6/7/26 01:30,44.56,
Plot Title: 3S3G,1020,6/7/26 01:45,44.195,
Plot Title: 3S3G,1021,6/7/26 02:00,43.831,
Plot Title: 3S3G,1022,6/7/26 02:15,43.831,
Plot Title: 3S3G,1023,6/7/26 02:30,43.831,
Plot Title: 3S3G,1024,6/7/26 02:45,44.013,
Plot Title: 3S3G,1025,6/7/26 03:00,44.379,
Plot Title: 3S3G,1026,6/7/26 03:15,44.379,
Plot Title: 3S3G,1027,6/7/26 03:30,44.379,
Plot Title: 3S3G,1028,6/7/26 03:45,44.195,
Plot Title: 3S3G,1029,6/7/26 04:00,44.013,
Plot Title: 3S3G,1030,6/7/26 04:15,44.013,
Plot Title: 3S3G,1031,6/7/26 04:30,43.648,
Plot Title: 3S3G,1032,6/7/26 04:45,43.648,
Plot Title: 3S3G,1033,6/7/26 05:00,43.831,
Plot Title: 3S3G,1034,6/7/26 05:15,43.466,
Plot Title: 3S3G,1035,6/7/26 05:30,42.915,
Plot Title: 3S3G,1036,6/7/26 05:45,42.732,
Plot Title: 3S3G,1037,6/7/26 06:00,42.732,
Plot Title: 3S3G,1038,6/7/26 06:15,44.013,
Plot Title: 3S3G,1039,6/7/26 06:30,45.466,
Plot Title: 3S3G,1040,6/7/26 06:45,46.008,
Plot Title: 3S3G,1041,6/7/26 07:00,48.339,
Plot Title: 3S3G,1042,6/7/26 07:15,47.802,
Plot Title: 3S3G,1043,6/7/26 07:30,48.16,
Plot Title: 3S3G,1044,6/7/26 07:45,51.346,
Plot Title: 3S3G,1045,6/7/26 08:00,55.884,
Plot Title: 3S3G,1046,6/7/26 08:15,59.337,
Plot Title: 3S3G,1047,6/7/26 08:30,61.912,
Plot Title: 3S3G,1048,6/7/26 08:45,63.797,
Plot Title: 3S3G,1049,6/7/26 09:00,63.455,
Plot Title: 3S3G,1050,6/7/26 09:15,68.077,
Plot Title: 3S3G,1051,6/7/26 09:30,71.339,
Plot Title: 3S3G,1052,6/7/26 09:45,69.793,
Plot Title: 3S3G,1053,6/7/26 10:00,71.856,
Plot Title: 3S3G,1054,6/7/26 10:15,75.139,
Plot Title: 3S3G,1055,6/7/26 10:30,76.876,
Plot Title: 3S3G,1056,6/7/26 10:45,77.923,
Plot Title: 3S3G,1057,6/7/26 11:00,77.749,
Plot Title: 3S3G,1058,6/7/26 11:15,76.354,
Plot Title: 3S3G,1059,6/7/26 11:30,72.028,
Plot Title: 3S3G,1060,6/7/26 11:45,69.964,
Plot Title: 3S3G,1061,6/7/26 12:00,68.077,
Plot Title: 3S3G,1062,6/7/26 12:15,67.392,
Plot Title: 3S3G,1063,6/7/26 12:30,66.879,
Plot Title: 3S3G,1064,6/7/26 12:45,64.652,
Plot Title: 3S3G,1065,6/7/26 13:00,62.94,
Plot Title: 3S3G,1066,6/7/26 13:15,61.741,
Plot Title: 3S3G,1067,6/7/26 13:30,60.195,
Plot Title: 3S3G,1068,6/7/26 13:45,58.476,
Plot Title: 3S3G,1069,6/7/26 14:00,57.096,
Plot Title: 3S3G,1070,6/7/26 14:15,55.711,
Plot Title: 3S3G,1071,6/7/26 14:30,54.842,
Plot Title: 3S3G,1072,6/7/26 14:45,53.274,
Plot Title: 3S3G,1073,6/7/26 15:00,52.75,
Plot Title: 3S3G,1074,6/7/26 15:15,51.699,
Plot Title: 3S3G,1075,6/7/26 15:30,51.346,
Plot Title: 3S3G,1076,6/7/26 15:45,51.172,
Plot Title: 3S3G,1077,6/7/26 16:00,50.113,
Plot Title: 3S3G,1078,6/7/26 16:15,49.582,
Plot Title: 3S3G,1079,6/7/26 16:30,49.582,
Plot Title: 3S3G,1080,6/7/26 16:45,48.871,
Plot Title: 3S3G,1081,6/7/26 17:00,47.982,
Plot Title: 3S3G,1082,6/7/26 17:15,47.802,
Plot Title: 3S3G,1083,6/7/26 17:30,47.624,
Plot Title: 3S3G,1084,6/7/26 17:45,48.339,
Plot Title: 3S3G,1085,6/7/26 18:00,49.228,
Plot Title: 3S3G,1086,6/7/26 18:15,47.982,
Plot Title: 3S3G,1087,6/7/26 18:30,46.908,
Plot Title: 3S3G,1088,6/7/26 18:45,45.648,
Plot Title: 3S3G,1089,6/7/26 19:00,44.56,
Plot Title: 3S3G,1090,6/7/26 19:15,44.379,
Plot Title: 3S3G,1091,6/7/26 19:30,44.742,
Plot Title: 3S3G,1092,6/7/26 19:45,44.379,
Plot Title: 3S3G,1093,6/7/26 20:00,43.831,
Plot Title: 3S3G,1094,6/7/26 20:15,43.466,
Plot Title: 3S3G,1095,6/7/26 20:30,43.099,
Plot Title: 3S3G,1096,6/7/26 20:45,42.732,
Plot Title: 3S3G,1097,6/7/26 21:00,42.179,
Plot Title: 3S3G,1098,6/7/26 21:15,41.81,
Plot Title: 3S3G,1099,6/7/26 21:30,41.254,
Plot Title: 3S3G,1100,6/7/26 21:45,41.067,
Plot Title: 3S3G,1101,6/7/26 22:00,40.321,
Plot Title: 3S3G,1102,6/7/26 22:15,39.384,
Plot Title: 3S3G,1103,6/7/26 22:30,38.818,
Plot Title: 3S3G,1104,6/7/26 22:45,38.25,
Plot Title: 3S3G,1105,6/7/26 23:00,37.87,
Plot Title: 3S3G,1106,6/7/26 23:15,37.488,
Plot Title: 3S3G,1107,6/7/26 23:30,37.107,
Plot Title: 3S3G,1108,6/7/26 23:45,36.723,
Plot Title: 3S3G,1109,6/8/26 00:00,36.338,
Plot Title: 3S3G,1110,6/8/26 00:15,36.145,
Plot Title: 3S3G,1111,6/8/26 00:30,35.758,
Plot Title: 3S3G,1112,6/8/26 00:45,35.564,
Plot Title: 3S3G,1113,6/8/26 01:00,35.37,
Plot Title: 3S3G,1114,6/8/26 01:15,34.981,
Plot Title: 3S3G,1115,6/8/26 01:30,34.786,
Plot Title: 3S3G,1116,6/8/26 01:45,34.59,
Plot Title: 3S3G,1117,6/8/26 02:00,34.394,
Plot Title: 3S3G,1118,6/8/26 02:15,34.198,
Plot Title: 3S3G,1119,6/8/26 02:30,34.002,
Plot Title: 3S3G,1120,6/8/26 02:45,33.805,
Plot Title: 3S3G,1121,6/8/26 03:00,33.607,
Plot Title: 3S3G,1122,6/8/26 03:15,33.411,
Plot Title: 3S3G,1123,6/8/26 03:30,33.411,
Plot Title: 3S3G,1124,6/8/26 03:45,33.411,
Plot Title: 3S3G,1125,6/8/26 04:00,33.411,
Plot Title: 3S3G,1126,6/8/26 04:15,33.213,
Plot Title: 3S3G,1127,6/8/26 04:30,33.213,
Plot Title: 3S3G,1128,6/8/26 04:45,33.213,
Plot Title: 3S3G,1129,6/8/26 05:00,33.213,
Plot Title: 3S3G,1130,6/8/26 05:15,33.213,
Plot Title: 3S3G,1131,6/8/26 05:30,33.213,
Plot Title: 3S3G,1132,6/8/26 05:45,33.213,
Plot Title: 3S3G,1133,6/8/26 06:00,33.213,
Plot Title: 3S3G,1134,6/8/26 06:15,33.411,
Plot Title: 3S3G,1135,6/8/26 06:30,33.411,
Plot Title: 3S3G,1136,6/8/26 06:45,33.607,
Plot Title: 3S3G,1137,6/8/26 07:00,34.002,
Plot Title: 3S3G,1138,6/8/26 07:15,35.758,
Plot Title: 3S3G,1139,6/8/26 07:30,37.488,
Plot Title: 3S3G,1140,6/8/26 07:45,41.254,
Plot Title: 3S3G,1141,6/8/26 08:00,46.008,
Plot Title: 3S3G,1142,6/8/26 08:15,50.995,
Plot Title: 3S3G,1143,6/8/26 08:30,54.322,
Plot Title: 3S3G,1144,6/8/26 08:45,58.82,
Plot Title: 3S3G,1145,6/8/26 09:00,62.254,
Plot Title: 3S3G,1146,6/8/26 09:15,64.996,
Plot Title: 3S3G,1147,6/8/26 09:30,67.564,
Plot Title: 3S3G,1148,6/8/26 09:45,69.622,
Plot Title: 3S3G,1149,6/8/26 10:00,72.028,
Plot Title: 3S3G,1150,6/8/26 10:15,73.753,
Plot Title: 3S3G,1151,6/8/26 10:30,75.484,
Plot Title: 3S3G,1152,6/8/26 10:45,77.05,
Plot Title: 3S3G,1153,6/8/26 11:00,76.354,
Plot Title: 3S3G,1154,6/8/26 11:15,78.449,
Plot Title: 3S3G,1155,6/8/26 11:30,79.326,
Plot Title: 3S3G,1156,6/8/26 11:45,79.678,
Plot Title: 3S3G,1157,6/8/26 12:00,79.678,
Plot Title: 3S3G,1158,6/8/26 12:15,79.853,
Plot Title: 3S3G,1159,6/8/26 12:30,79.853,
Plot Title: 3S3G,1160,6/8/26 12:45,79.853,
Plot Title: 3S3G,1161,6/8/26 13:00,79.502,
Plot Title: 3S3G,1162,6/8/26 13:15,79.502,
Plot Title: 3S3G,1163,6/8/26 13:30,78.975,
Plot Title: 3S3G,1164,6/8/26 13:45,77.923,
Plot Title: 3S3G,1165,6/8/26 14:00,76.528,
Plot Title: 3S3G,1166,6/8/26 14:15,75.312,
Plot Title: 3S3G,1167,6/8/26 14:30,72.199,
Plot Title: 3S3G,1168,6/8/26 14:45,69.278,
Plot Title: 3S3G,1169,6/8/26 15:00,68.763,
Plot Title: 3S3G,1170,6/8/26 15:15,68.934,
Plot Title: 3S3G,1171,6/8/26 15:30,69.449,
Plot Title: 3S3G,1172,6/8/26 15:45,67.05,
Plot Title: 3S3G,1173,6/8/26 16:00,65.509,
Plot Title: 3S3G,1174,6/8/26 16:15,64.31,
Plot Title: 3S3G,1175,6/8/26 16:30,62.769,
Plot Title: 3S3G,1176,6/8/26 16:45,62.083,
Plot Title: 3S3G,1177,6/8/26 17:00,61.569,
Plot Title: 3S3G,1178,6/8/26 17:15,61.227,
Plot Title: 3S3G,1179,6/8/26 17:30,60.195,
Plot Title: 3S3G,1180,6/8/26 17:45,58.993,
Plot Title: 3S3G,1181,6/8/26 18:00,58.131,
Plot Title: 3S3G,1182,6/8/26 18:15,57.268,
Plot Title: 3S3G,1183,6/8/26 18:30,56.577,
Plot Title: 3S3G,1184,6/8/26 18:45,56.057,
Plot Title: 3S3G,1185,6/8/26 19:00,55.537,
Plot Title: 3S3G,1186,6/8/26 19:15,55.017,
Plot Title: 3S3G,1187,6/8/26 19:30,54.842,
Plot Title: 3S3G,1188,6/8/26 19:45,54.322,
Plot Title: 3S3G,1189,6/8/26 20:00,53.449,
Plot Title: 3S3G,1190,6/8/26 20:15,52.576,
Plot Title: 3S3G,1191,6/8/26 20:30,52.05,
Plot Title: 3S3G,1192,6/8/26 20:45,51.523,
Plot Title: 3S3G,1193,6/8/26 21:00,50.995,
Plot Title: 3S3G,1194,6/8/26 21:15,50.643,
Plot Title: 3S3G,1195,6/8/26 21:30,50.29,
Plot Title: 3S3G,1196,6/8/26 21:45,49.937,
Plot Title: 3S3G,1197,6/8/26 22:00,49.582,
Plot Title: 3S3G,1198,6/8/26 22:15,49.404,
Plot Title: 3S3G,1199,6/8/26 22:30,49.05,
Plot Title: 3S3G,1200,6/8/26 22:45,48.695,
Plot Title: 3S3G,1201,6/8/26 23:00,48.517,
Plot Title: 3S3G,1202,6/8/26 23:15,48.339,
Plot Title: 3S3G,1203,6/8/26 23:30,48.16,
Plot Title: 3S3G,1204,6/8/26 23:45,48.16,
Plot Title: 3S3G,1205,6/9/26 00:00,47.982,
Plot Title: 3S3G,1206,6/9/26 00:15,47.982,
Plot Title: 3S3G,1207,6/9/26 00:30,47.802,
Plot Title: 3S3G,1208,6/9/26 00:45,47.802,
Plot Title: 3S3G,1209,6/9/26 01:00,47.624,
Plot Title: 3S3G,1210,6/9/26 01:15,47.624,
Plot Title: 3S3G,1211,6/9/26 01:30,47.446,
Plot Title: 3S3G,1212,6/9/26 01:45,47.266,
Plot Title: 3S3G,1213,6/9/26 02:00,47.088,
Plot Title: 3S3G,1214,6/9/26 02:15,46.908,
Plot Title: 3S3G,1215,6/9/26 02:30,46.908,
Plot Title: 3S3G,1216,6/9/26 02:45,46.908,
Plot Title: 3S3G,1217,6/9/26 03:00,46.908,
Plot Title: 3S3G,1218,6/9/26 03:15,46.908,
Plot Title: 3S3G,1219,6/9/26 03:30,46.908,
Plot Title: 3S3G,1220,6/9/26 03:45,46.728,
Plot Title: 3S3G,1221,6/9/26 04:00,46.728,
Plot Title: 3S3G,1222,6/9/26 04:15,46.548,
Plot Title: 3S3G,1223,6/9/26 04:30,46.188,
Plot Title: 3S3G,1224,6/9/26 04:45,46.188,
Plot Title: 3S3G,1225,6/9/26 05:00,46.008,
Plot Title: 3S3G,1226,6/9/26 05:15,45.828,
Plot Title: 3S3G,1227,6/9/26 05:30,45.648,
Plot Title: 3S3G,1228,6/9/26 05:45,45.286,
Plot Title: 3S3G,1229,6/9/26 06:00,45.104,
Plot Title: 3S3G,1230,6/9/26 06:15,44.922,
Plot Title: 3S3G,1231,6/9/26 06:30,44.742,
Plot Title: 3S3G,1232,6/9/26 06:45,44.742,
Plot Title: 3S3G,1233,6/9/26 07:00,44.922,
Plot Title: 3S3G,1234,6/9/26 07:15,45.828,
Plot Title: 3S3G,1235,6/9/26 07:30,46.728,
Plot Title: 3S3G,1236,6/9/26 07:45,47.266,
Plot Title: 3S3G,1237,6/9/26 08:00,47.446,
Plot Title: 3S3G,1238,6/9/26 08:15,49.228,
Plot Title: 3S3G,1239,6/9/26 08:30,52.401,
Plot Title: 3S3G,1240,6/9/26 08:45,56.404,
Plot Title: 3S3G,1241,6/9/26 09:00,54.669,
Plot Title: 3S3G,1242,6/9/26 09:15,53.274,
Plot Title: 3S3G,1243,6/9/26 09:30,52.925,
Plot Title: 3S3G,1244,6/9/26 09:45,53.623,
Plot Title: 3S3G,1245,6/9/26 10:00,59.851,
Plot Title: 3S3G,1246,6/9/26 10:15,62.598,
Plot Title: 3S3G,1247,6/9/26 10:30,64.825,
Plot Title: 3S3G,1248,6/9/26 10:45,61.569,
Plot Title: 3S3G,1249,6/9/26 11:00,62.769,
Plot Title: 3S3G,1250,6/9/26 11:15,63.455,
Plot Title: 3S3G,1251,6/9/26 11:30,64.31,
Plot Title: 3S3G,1252,6/9/26 11:45,59.851,
Plot Title: 3S3G,1253,6/9/26 12:00,52.75,
Plot Title: 3S3G,1254,6/9/26 12:15,51.346,
Plot Title: 3S3G,1255,6/9/26 12:30,50.819,
Plot Title: 3S3G,1256,6/9/26 12:45,49.582,
Plot Title: 3S3G,1257,6/9/26 13:00,49.05,
Plot Title: 3S3G,1258,6/9/26 13:15,48.517,
Plot Title: 3S3G,1259,6/9/26 13:30,48.16,
Plot Title: 3S3G,1260,6/9/26 13:45,47.446,
Plot Title: 3S3G,1261,6/9/26 14:00,46.908,
Plot Title: 3S3G,1262,6/9/26 14:15,46.188,
Plot Title: 3S3G,1263,6/9/26 14:30,46.188,
Plot Title: 3S3G,1264,6/9/26 14:45,46.548,
Plot Title: 3S3G,1265,6/9/26 15:00,46.548,
Plot Title: 3S3G,1266,6/9/26 15:15,46.728,
Plot Title: 3S3G,1267,6/9/26 15:30,46.548,
Plot Title: 3S3G,1268,6/9/26 15:45,46.548,
Plot Title: 3S3G,1269,6/9/26 16:00,46.908,
Plot Title: 3S3G,1270,6/9/26 16:15,48.16,
Plot Title: 3S3G,1271,6/9/26 16:30,48.695,
Plot Title: 3S3G,1272,6/9/26 16:45,49.05,
Plot Title: 3S3G,1273,6/9/26 17:00,50.113,
Plot Title: 3S3G,1274,6/9/26 17:15,51.172,
Plot Title: 3S3G,1275,6/9/26 17:30,50.29,
Plot Title: 3S3G,1276,6/9/26 17:45,47.982,
Plot Title: 3S3G,1277,6/9/26 18:00,42.179,
Plot Title: 3S3G,1278,6/9/26 18:15,41.625,
Plot Title: 3S3G,1279,6/9/26 18:30,41.994,
Plot Title: 3S3G,1280,6/9/26 18:45,42.732,
Plot Title: 3S3G,1281,6/9/26 19:00,43.466,
Plot Title: 3S3G,1282,6/9/26 19:15,43.648,
Plot Title: 3S3G,1283,6/9/26 19:30,44.013,
Plot Title: 3S3G,1284,6/9/26 19:45,44.013,
Plot Title: 3S3G,1285,6/9/26 20:00,44.195,
Plot Title: 3S3G,1286,6/9/26 20:15,44.013,
Plot Title: 3S3G,1287,6/9/26 20:30,43.831,
Plot Title: 3S3G,1288,6/9/26 20:45,43.831,
Plot Title: 3S3G,1289,6/9/26 21:00,43.282,
Plot Title: 3S3G,1290,6/9/26 21:15,42.363,
Plot Title: 3S3G,1291,6/9/26 21:30,42.179,
Plot Title: 3S3G,1292,6/9/26 21:45,41.994,
Plot Title: 3S3G,1293,6/9/26 22:00,41.81,
Plot Title: 3S3G,1294,6/9/26 22:15,41.439,
Plot Title: 3S3G,1295,6/9/26 22:30,41.254,
Plot Title: 3S3G,1296,6/9/26 22:45,41.067,
Plot Title: 3S3G,1297,6/9/26 23:00,40.881,
Plot Title: 3S3G,1298,6/9/26 23:15,40.509,
Plot Title: 3S3G,1299,6/9/26 23:30,39.573,
Plot Title: 3S3G,1300,6/9/26 23:45,39.007,
Plot Title: 3S3G,1301,6/10/26 00:00,38.44,
Plot Title: 3S3G,1302,6/10/26 00:15,38.44,
Plot Title: 3S3G,1303,6/10/26 00:30,38.25,
Plot Title: 3S3G,1304,6/10/26 00:45,38.061,
Plot Title: 3S3G,1305,6/10/26 01:00,37.679,
Plot Title: 3S3G,1306,6/10/26 01:15,37.679,
Plot Title: 3S3G,1307,6/10/26 01:30,37.488,
Plot Title: 3S3G,1308,6/10/26 01:45,37.297,
Plot Title: 3S3G,1309,6/10/26 02:00,36.914,
Plot Title: 3S3G,1310,6/10/26 02:15,36.531,
Plot Title: 3S3G,1311,6/10/26 02:30,36.338,
Plot Title: 3S3G,1312,6/10/26 02:45,36.338,
Plot Title: 3S3G,1313,6/10/26 03:00,36.531,
Plot Title: 3S3G,1314,6/10/26 03:15,36.531,
Plot Title: 3S3G,1315,6/10/26 03:30,36.338,
Plot Title: 3S3G,1316,6/10/26 03:45,36.338,
Plot Title: 3S3G,1317,6/10/26 04:00,36.338,
Plot Title: 3S3G,1318,6/10/26 04:15,36.531,
Plot Title: 3S3G,1319,6/10/26 04:30,36.338,
Plot Title: 3S3G,1320,6/10/26 04:45,35.951,
Plot Title: 3S3G,1321,6/10/26 05:00,35.758,
Plot Title: 3S3G,1322,6/10/26 05:15,35.37,
Plot Title: 3S3G,1323,6/10/26 05:30,35.37,
Plot Title: 3S3G,1324,6/10/26 05:45,35.564,
Plot Title: 3S3G,1325,6/10/26 06:00,35.758,
Plot Title: 3S3G,1326,6/10/26 06:15,35.758,
Plot Title: 3S3G,1327,6/10/26 06:30,35.951,
Plot Title: 3S3G,1328,6/10/26 06:45,36.338,
Plot Title: 3S3G,1329,6/10/26 07:00,36.531,
Plot Title: 3S3G,1330,6/10/26 07:15,39.007,
Plot Title: 3S3G,1331,6/10/26 07:30,46.188,
Plot Title: 3S3G,1332,6/10/26 07:45,49.228,
Plot Title: 3S3G,1333,6/10/26 08:00,47.982,
Plot Title: 3S3G,1334,6/10/26 08:15,52.05,
Plot Title: 3S3G,1335,6/10/26 08:30,57.096,
Plot Title: 3S3G,1336,6/10/26 08:45,59.164,
Plot Title: 3S3G,1337,6/10/26 09:00,57.096,
Plot Title: 3S3G,1338,6/10/26 09:15,61.912,
Plot Title: 3S3G,1339,6/10/26 09:30,64.31,
Plot Title: 3S3G,1340,6/10/26 09:45,66.193,
Plot Title: 3S3G,1341,6/10/26 10:00,67.564,
Plot Title: 3S3G,1342,6/10/26 10:15,67.906,
Plot Title: 3S3G,1343,6/10/26 10:30,69.107,
Plot Title: 3S3G,1344,6/10/26 10:45,66.708,
Plot Title: 3S3G,1345,6/10/26 11:00,63.968,
Plot Title: 3S3G,1346,6/10/26 11:15,61.912,
Plot Title: 3S3G,1347,6/10/26 11:30,60.883,
Plot Title: 3S3G,1348,6/10/26 11:45,63.111,
Plot Title: 3S3G,1349,6/10/26 12:00,61.054,
Plot Title: 3S3G,1350,6/10/26 12:15,66.708,
Plot Title: 3S3G,1351,6/10/26 12:30,63.455,
Plot Title: 3S3G,1352,6/10/26 12:45,56.923,
Plot Title: 3S3G,1353,6/10/26 13:00,53.798,
Plot Title: 3S3G,1354,6/10/26 13:15,56.75,
Plot Title: 3S3G,1355,6/10/26 13:30,53.623,
Plot Title: 3S3G,1356,6/10/26 13:45,51.346,
Plot Title: 3S3G,1357,6/10/26 14:00,51.172,
Plot Title: 3S3G,1358,6/10/26 14:15,51.346,
Plot Title: 3S3G,1359,6/10/26 14:30,50.643,
Plot Title: 3S3G,1360,6/10/26 14:45,49.404,
Plot Title: 3S3G,1361,6/10/26 15:00,46.728,
Plot Title: 3S3G,1362,6/10/26 15:15,48.695,
Plot Title: 3S3G,1363,6/10/26 15:30,47.446,
Plot Title: 3S3G,1364,6/10/26 15:45,50.995,
Plot Title: 3S3G,1365,6/10/26 16:00,49.759,
Plot Title: 3S3G,1366,6/10/26 16:15,48.871,
Plot Title: 3S3G,1367,6/10/26 16:30,48.16,
Plot Title: 3S3G,1368,6/10/26 16:45,46.188,
Plot Title: 3S3G,1369,6/10/26 17:00,43.466,
Plot Title: 3S3G,1370,6/10/26 17:15,44.013,
Plot Title: 3S3G,1371,6/10/26 17:30,44.56,
Plot Title: 3S3G,1372,6/10/26 17:45,44.195,
Plot Title: 3S3G,1373,6/10/26 18:00,44.013,
Plot Title: 3S3G,1374,6/10/26 18:15,44.379,
Plot Title: 3S3G,1375,6/10/26 18:30,44.013,
Plot Title: 3S3G,1376,6/10/26 18:45,44.379,
Plot Title: 3S3G,1377,6/10/26 19:00,44.013,
Plot Title: 3S3G,1378,6/10/26 19:15,43.831,
Plot Title: 3S3G,1379,6/10/26 19:30,42.915,
Plot Title: 3S3G,1380,6/10/26 19:45,42.363,
Plot Title: 3S3G,1381,6/10/26 20:00,41.81,
Plot Title: 3S3G,1382,6/10/26 20:15,41.254,
Plot Title: 3S3G,1383,6/10/26 20:30,40.881,
Plot Title: 3S3G,1384,6/10/26 20:45,40.509,
Plot Title: 3S3G,1385,6/10/26 21:00,40.134,
Plot Title: 3S3G,1386,6/10/26 21:15,39.76,
Plot Title: 3S3G,1387,6/10/26 21:30,39.007,
Plot Title: 3S3G,1388,6/10/26 21:45,37.679,
Plot Title: 3S3G,1389,6/10/26 22:00,36.914,
Plot Title: 3S3G,1390,6/10/26 22:15,36.723,
Plot Title: 3S3G,1391,6/10/26 22:30,36.531,
Plot Title: 3S3G,1392,6/10/26 22:45,36.723,
Plot Title: 3S3G,1393,6/10/26 23:00,36.723,
Plot Title: 3S3G,1394,6/10/26 23:15,36.723,
Plot Title: 3S3G,1395,6/10/26 23:30,36.723,
Plot Title: 3S3G,1396,6/10/26 23:45,36.531,
Plot Title: 3S3G,1397,6/11/26 00:00,36.531,
Plot Title: 3S3G,1398,6/11/26 00:15,36.531,
Plot Title: 3S3G,1399,6/11/26 00:30,36.531,
Plot Title: 3S3G,1400,6/11/26 00:45,36.531,
Plot Title: 3S3G,1401,6/11/26 01:00,36.531,
Plot Title: 3S3G,1402,6/11/26 01:15,36.531,
Plot Title: 3S3G,1403,6/11/26 01:30,36.723,
Plot Title: 3S3G,1404,6/11/26 01:45,36.723,
Plot Title: 3S3G,1405,6/11/26 02:00,36.723,
Plot Title: 3S3G,1406,6/11/26 02:15,36.531,
Plot Title: 3S3G,1407,6/11/26 02:30,36.531,
Plot Title: 3S3G,1408,6/11/26 02:45,36.531,
Plot Title: 3S3G,1409,6/11/26 03:00,36.531,
Plot Title: 3S3G,1410,6/11/26 03:15,36.531,
Plot Title: 3S3G,1411,6/11/26 03:30,36.531,
Plot Title: 3S3G,1412,6/11/26 03:45,36.531,
Plot Title: 3S3G,1413,6/11/26 04:00,36.531,
Plot Title: 3S3G,1414,6/11/26 04:15,36.531,
Plot Title: 3S3G,1415,6/11/26 04:30,36.531,
Plot Title: 3S3G,1416,6/11/26 04:45,36.531,
Plot Title: 3S3G,1417,6/11/26 05:00,36.531,
Plot Title: 3S3G,1418,6/11/26 05:15,36.531,
Plot Title: 3S3G,1419,6/11/26 05:30,36.531,
Plot Title: 3S3G,1420,6/11/26 05:45,36.531,
Plot Title: 3S3G,1421,6/11/26 06:00,36.531,
Plot Title: 3S3G,1422,6/11/26 06:15,36.531,
Plot Title: 3S3G,1423,6/11/26 06:30,36.723,
Plot Title: 3S3G,1424,6/11/26 06:45,37.107,
Plot Title: 3S3G,1425,6/11/26 07:00,37.679,
Plot Title: 3S3G,1426,6/11/26 07:15,38.44,
Plot Title: 3S3G,1427,6/11/26 07:30,39.007,
Plot Title: 3S3G,1428,6/11/26 07:45,40.134,
Plot Title: 3S3G,1429,6/11/26 08:00,41.254,
Plot Title: 3S3G,1430,6/11/26 08:15,45.828,
Plot Title: 3S3G,1431,6/11/26 08:30,51.699,
Plot Title: 3S3G,1432,6/11/26 08:45,54.495,
Plot Title: 3S3G,1433,6/11/26 09:00,56.577,
Plot Title: 3S3G,1434,6/11/26 09:15,60.539,
Plot Title: 3S3G,1435,6/11/26 09:30,55.537,
Plot Title: 3S3G,1436,6/11/26 09:45,54.147,
Plot Title: 3S3G,1437,6/11/26 10:00,56.404,
Plot Title: 3S3G,1438,6/11/26 10:15,54.842,
Plot Title: 3S3G,1439,6/11/26 10:30,55.189,
Plot Title: 3S3G,1440,6/11/26 10:45,54.322,
Plot Title: 3S3G,1441,6/11/26 11:00,54.495,
Plot Title: 3S3G,1442,6/11/26 11:15,55.017,
Plot Title: 3S3G,1443,6/11/26 11:30,56.404,
Plot Title: 3S3G,1444,6/11/26 11:45,57.268,
Plot Title: 3S3G,1445,6/11/26 12:00,56.75,
Plot Title: 3S3G,1446,6/11/26 12:15,59.508,
Plot Title: 3S3G,1447,6/11/26 12:30,58.993,
Plot Title: 3S3G,1448,6/11/26 12:45,60.024,
Plot Title: 3S3G,1449,6/11/26 13:00,64.31,
Plot Title: 3S3G,1450,6/11/26 13:15,65.851,
Plot Title: 3S3G,1451,6/11/26 13:30,65.338,
Plot Title: 3S3G,1452,6/11/26 13:45,66.193,
Plot Title: 3S3G,1453,6/11/26 14:00,65.509,
Plot Title: 3S3G,1454,6/11/26 14:15,64.481,
Plot Title: 3S3G,1455,6/11/26 14:30,63.626,
Plot Title: 3S3G,1456,6/11/26 14:45,62.94,
Plot Title: 3S3G,1457,6/11/26 15:00,62.425,
Plot Title: 3S3G,1458,6/11/26 15:15,61.741,
Plot Title: 3S3G,1459,6/11/26 15:30,61.227,
Plot Title: 3S3G,1460,6/11/26 15:45,61.054,
Plot Title: 3S3G,1461,6/11/26 16:00,60.883,
Plot Title: 3S3G,1462,6/11/26 16:15,60.539,
Plot Title: 3S3G,1463,6/11/26 16:30,60.195,
Plot Title: 3S3G,1464,6/11/26 16:45,59.337,
Plot Title: 3S3G,1465,6/11/26 17:00,57.096,
Plot Title: 3S3G,1466,6/11/26 17:15,53.973,
Plot Title: 3S3G,1467,6/11/26 17:30,52.401,
Plot Title: 3S3G,1468,6/11/26 17:45,51.346,
Plot Title: 3S3G,1469,6/11/26 18:00,50.466,
Plot Title: 3S3G,1470,6/11/26 18:15,49.404,
Plot Title: 3S3G,1471,6/11/26 18:30,48.695,
Plot Title: 3S3G,1472,6/11/26 18:45,47.802,
Plot Title: 3S3G,1473,6/11/26 19:00,47.088,
Plot Title: 3S3G,1474,6/11/26 19:15,46.548,
Plot Title: 3S3G,1475,6/11/26 19:30,46.008,
Plot Title: 3S3G,1476,6/11/26 19:45,45.648,
Plot Title: 3S3G,1477,6/11/26 20:00,45.104,
Plot Title: 3S3G,1478,6/11/26 20:15,44.742,
Plot Title: 3S3G,1479,6/11/26 20:30,44.379,
Plot Title: 3S3G,1480,6/11/26 20:45,44.013,
Plot Title: 3S3G,1481,6/11/26 21:00,43.466,
Plot Title: 3S3G,1482,6/11/26 21:15,43.099,
Plot Title: 3S3G,1483,6/11/26 21:30,42.732,
Plot Title: 3S3G,1484,6/11/26 21:45,42.179,
Plot Title: 3S3G,1485,6/11/26 22:00,41.994,
Plot Title: 3S3G,1486,6/11/26 22:15,41.625,
Plot Title: 3S3G,1487,6/11/26 22:30,41.254,
Plot Title: 3S3G,1488,6/11/26 22:45,40.881,
Plot Title: 3S3G,1489,6/11/26 23:00,40.696,
Plot Title: 3S3G,1490,6/11/26 23:15,40.321,
Plot Title: 3S3G,1491,6/11/26 23:30,40.134,
Plot Title: 3S3G,1492,6/11/26 23:45,39.947,
Plot Title: 3S3G,1493,6/12/26 00:00,39.573,
Plot Title: 3S3G,1494,6/12/26 00:15,39.384,
Plot Title: 3S3G,1495,6/12/26 00:30,39.196,
Plot Title: 3S3G,1496,6/12/26 00:45,39.007,
Plot Title: 3S3G,1497,6/12/26 01:00,38.629,
Plot Title: 3S3G,1498,6/12/26 01:15,38.44,
Plot Title: 3S3G,1499,6/12/26 01:30,38.44,
Plot Title: 3S3G,1500,6/12/26 01:45,38.25,
Plot Title: 3S3G,1501,6/12/26 02:00,38.061,
Plot Title: 3S3G,1502,6/12/26 02:15,37.87,
Plot Title: 3S3G,1503,6/12/26 02:30,37.679,
Plot Title: 3S3G,1504,6/12/26 02:45,37.679,
Plot Title: 3S3G,1505,6/12/26 03:00,37.488,
Plot Title: 3S3G,1506,6/12/26 03:15,37.488,
Plot Title: 3S3G,1507,6/12/26 03:30,37.297,
Plot Title: 3S3G,1508,6/12/26 03:45,37.107,
Plot Title: 3S3G,1509,6/12/26 04:00,37.107,
Plot Title: 3S3G,1510,6/12/26 04:15,36.914,
Plot Title: 3S3G,1511,6/12/26 04:30,36.723,
Plot Title: 3S3G,1512,6/12/26 04:45,36.531,
Plot Title: 3S3G,1513,6/12/26 05:00,36.338,
Plot Title: 3S3G,1514,6/12/26 05:15,36.145,
Plot Title: 3S3G,1515,6/12/26 05:30,35.951,
Plot Title: 3S3G,1516,6/12/26 05:45,36.145,
Plot Title: 3S3G,1517,6/12/26 06:00,37.87,
Plot Title: 3S3G,1518,6/12/26 06:15,40.696,
Plot Title: 3S3G,1519,6/12/26 06:30,44.195,
Plot Title: 3S3G,1520,6/12/26 06:45,47.624,
Plot Title: 3S3G,1521,6/12/26 07:00,50.819,
Plot Title: 3S3G,1522,6/12/26 07:15,53.449,
Plot Title: 3S3G,1523,6/12/26 07:30,56.404,
Plot Title: 3S3G,1524,6/12/26 07:45,58.647,
Plot Title: 3S3G,1525,6/12/26 08:00,60.883,
Plot Title: 3S3G,1526,6/12/26 08:15,62.94,
Plot Title: 3S3G,1527,6/12/26 08:30,64.825,
Plot Title: 3S3G,1528,6/12/26 08:45,66.708,
Plot Title: 3S3G,1529,6/12/26 09:00,68.421,
Plot Title: 3S3G,1530,6/12/26 09:15,70.137,
Plot Title: 3S3G,1531,6/12/26 09:30,71.339,
Plot Title: 3S3G,1532,6/12/26 09:45,73.234,
Plot Title: 3S3G,1533,6/12/26 10:00,74.791,
Plot Title: 3S3G,1534,6/12/26 10:15,76.528,
Plot Title: 3S3G,1535,6/12/26 10:30,77.923,
Plot Title: 3S3G,1536,6/12/26 10:45,78.975,
Plot Title: 3S3G,1537,6/12/26 11:00,79.678,
Plot Title: 3S3G,1538,6/12/26 11:15,80.382,
Plot Title: 3S3G,1539,6/12/26 11:30,80.559,
Plot Title: 3S3G,1540,6/12/26 11:45,80.735,
Plot Title: 3S3G,1541,6/12/26 12:00,81.442,
Plot Title: 3S3G,1542,6/12/26 12:15,81.797,
Plot Title: 3S3G,1543,6/12/26 12:30,81.975,
Plot Title: 3S3G,1544,6/12/26 12:45,81.621,
Plot Title: 3S3G,1545,6/12/26 13:00,81.09,
Plot Title: 3S3G,1546,6/12/26 13:15,80.382,
Plot Title: 3S3G,1547,6/12/26 13:30,79.678,
Plot Title: 3S3G,1548,6/12/26 13:45,77.749,
Plot Title: 3S3G,1549,6/12/26 14:00,77.4,
Plot Title: 3S3G,1550,6/12/26 14:15,76.876,
Plot Title: 3S3G,1551,6/12/26 14:30,75.484,
Plot Title: 3S3G,1552,6/12/26 14:45,75.139,
Plot Title: 3S3G,1553,6/12/26 15:00,73.58,
Plot Title: 3S3G,1554,6/12/26 15:15,73.062,
Plot Title: 3S3G,1555,6/12/26 15:30,72.891,
Plot Title: 3S3G,1556,6/12/26 15:45,70.48,
Plot Title: 3S3G,1557,6/12/26 16:00,68.934,
Plot Title: 3S3G,1558,6/12/26 16:15,69.964,
Plot Title: 3S3G,1559,6/12/26 16:30,70.995,
Plot Title: 3S3G,1560,6/12/26 16:45,69.622,
Plot Title: 3S3G,1561,6/12/26 17:00,67.221,
Plot Title: 3S3G,1562,6/12/26 17:15,63.626,
Plot Title: 3S3G,1563,6/12/26 17:30,61.741,
Plot Title: 3S3G,1564,6/12/26 17:45,60.539,
Plot Title: 3S3G,1565,6/12/26 18:00,59.337,
Plot Title: 3S3G,1566,6/12/26 18:15,58.476,
Plot Title: 3S3G,1567,6/12/26 18:30,57.614,
Plot Title: 3S3G,1568,6/12/26 18:45,57.096,
Plot Title: 3S3G,1569,6/12/26 19:00,56.577,
Plot Title: 3S3G,1570,6/12/26 19:15,55.884,
Plot Title: 3S3G,1571,6/12/26 19:30,55.017,
Plot Title: 3S3G,1572,6/12/26 19:45,54.322,
Plot Title: 3S3G,1573,6/12/26 20:00,53.623,
Plot Title: 3S3G,1574,6/12/26 20:15,52.925,
Plot Title: 3S3G,1575,6/12/26 20:30,52.225,
Plot Title: 3S3G,1576,6/12/26 20:45,51.523,
Plot Title: 3S3G,1577,6/12/26 21:00,50.995,
Plot Title: 3S3G,1578,6/12/26 21:15,50.466,
Plot Title: 3S3G,1579,6/12/26 21:30,50.113,
Plot Title: 3S3G,1580,6/12/26 21:45,49.937,
Plot Title: 3S3G,1581,6/12/26 22:00,49.404,
Plot Title: 3S3G,1582,6/12/26 22:15,49.05,
Plot Title: 3S3G,1583,6/12/26 22:30,48.517,
Plot Title: 3S3G,1584,6/12/26 22:45,47.982,
Plot Title: 3S3G,1585,6/12/26 23:00,47.624,
Plot Title: 3S3G,1586,6/12/26 23:15,47.266,
Plot Title: 3S3G,1587,6/12/26 23:30,46.908,
Plot Title: 3S3G,1588,6/12/26 23:45,46.548,
Plot Title: 3S3G,1589,6/13/26 00:00,46.188,
Plot Title: 3S3G,1590,6/13/26 00:15,45.828,
Plot Title: 3S3G,1591,6/13/26 00:30,45.648,
Plot Title: 3S3G,1592,6/13/26 00:45,45.466,
Plot Title: 3S3G,1593,6/13/26 01:00,45.104,
Plot Title: 3S3G,1594,6/13/26 01:15,44.922,
Plot Title: 3S3G,1595,6/13/26 01:30,44.56,
Plot Title: 3S3G,1596,6/13/26 01:45,41.625,
Plot Title: 3S3G,1597,6/13/26 02:00,40.696,
Plot Title: 3S3G,1598,6/13/26 02:15,40.696,
Plot Title: 3S3G,1599,6/13/26 02:30,40.881,
Plot Title: 3S3G,1600,6/13/26 02:45,40.881,
Plot Title: 3S3G,1601,6/13/26 03:00,41.067,
Plot Title: 3S3G,1602,6/13/26 03:15,41.067,
Plot Title: 3S3G,1603,6/13/26 03:30,41.067,
Plot Title: 3S3G,1604,6/13/26 03:45,41.067,
Plot Title: 3S3G,1605,6/13/26 04:00,41.254,
Plot Title: 3S3G,1606,6/13/26 04:15,41.439,
Plot Title: 3S3G,1607,6/13/26 04:30,41.439,
Plot Title: 3S3G,1608,6/13/26 04:45,41.439,
Plot Title: 3S3G,1609,6/13/26 05:00,41.439,
Plot Title: 3S3G,1610,6/13/26 05:15,41.439,
Plot Title: 3S3G,1611,6/13/26 05:30,41.439,
Plot Title: 3S3G,1612,6/13/26 05:45,41.439,
Plot Title: 3S3G,1613,6/13/26 06:00,41.254,
Plot Title: 3S3G,1614,6/13/26 06:15,41.254,
Plot Title: 3S3G,1615,6/13/26 06:30,41.254,
Plot Title: 3S3G,1616,6/13/26 06:45,41.254,
Plot Title: 3S3G,1617,6/13/26 07:00,41.439,
Plot Title: 3S3G,1618,6/13/26 07:15,41.439,
Plot Title: 3S3G,1619,6/13/26 07:30,41.625,
Plot Title: 3S3G,1620,6/13/26 07:45,41.81,
Plot Title: 3S3G,1621,6/13/26 08:00,41.994,
Plot Title: 3S3G,1622,6/13/26 08:15,42.179,
Plot Title: 3S3G,1623,6/13/26 08:30,42.363,
Plot Title: 3S3G,1624,6/13/26 08:45,42.548,
Plot Title: 3S3G,1625,6/13/26 09:00,42.732,
Plot Title: 3S3G,1626,6/13/26 09:15,43.099,
Plot Title: 3S3G,1627,6/13/26 09:30,42.915,
Plot Title: 3S3G,1628,6/13/26 09:45,42.915,
Plot Title: 3S3G,1629,6/13/26 10:00,43.099,
Plot Title: 3S3G,1630,6/13/26 10:15,42.915,
Plot Title: 3S3G,1631,6/13/26 10:30,42.915,
Plot Title: 3S3G,1632,6/13/26 10:45,42.915,
Plot Title: 3S3G,1633,6/13/26 11:00,43.831,
Plot Title: 3S3G,1634,6/13/26 11:15,44.195,
Plot Title: 3S3G,1635,6/13/26 11:30,46.369,
Plot Title: 3S3G,1636,6/13/26 11:45,46.908,
Plot Title: 3S3G,1637,6/13/26 12:00,48.16,
Plot Title: 3S3G,1638,6/13/26 12:15,49.228,
Plot Title: 3S3G,1639,6/13/26 12:30,49.937,
Plot Title: 3S3G,1640,6/13/26 12:45,49.759,
Plot Title: 3S3G,1641,6/13/26 13:00,49.404,
Plot Title: 3S3G,1642,6/13/26 13:15,52.75,
Plot Title: 3S3G,1643,6/13/26 13:30,55.884,
Plot Title: 3S3G,1644,6/13/26 13:45,56.23,
Plot Title: 3S3G,1645,6/13/26 14:00,53.274,
Plot Title: 3S3G,1646,6/13/26 14:15,52.225,
Plot Title: 3S3G,1647,6/13/26 14:30,52.75,
Plot Title: 3S3G,1648,6/13/26 14:45,53.973,
Plot Title: 3S3G,1649,6/13/26 15:00,53.973,
Plot Title: 3S3G,1650,6/13/26 15:15,52.75,
Plot Title: 3S3G,1651,6/13/26 15:30,52.401,
Plot Title: 3S3G,1652,6/13/26 15:45,51.699,
Plot Title: 3S3G,1653,6/13/26 16:00,51.699,
Plot Title: 3S3G,1654,6/13/26 16:15,50.466,
Plot Title: 3S3G,1655,6/13/26 16:30,50.643,
Plot Title: 3S3G,1656,6/13/26 16:45,50.466,
Plot Title: 3S3G,1657,6/13/26 17:00,50.643,
Plot Title: 3S3G,1658,6/13/26 17:15,50.113,
Plot Title: 3S3G,1659,6/13/26 17:30,50.29,
Plot Title: 3S3G,1660,6/13/26 17:45,50.643,
Plot Title: 3S3G,1661,6/13/26 18:00,50.466,
Plot Title: 3S3G,1662,6/13/26 18:15,50.29,
Plot Title: 3S3G,1663,6/13/26 18:30,49.404,
Plot Title: 3S3G,1664,6/13/26 18:45,48.871,
Plot Title: 3S3G,1665,6/13/26 19:00,48.16,
Plot Title: 3S3G,1666,6/13/26 19:15,46.908,
Plot Title: 3S3G,1667,6/13/26 19:30,45.648,
Plot Title: 3S3G,1668,6/13/26 19:45,44.56,
Plot Title: 3S3G,1669,6/13/26 20:00,43.831,
Plot Title: 3S3G,1670,6/13/26 20:15,43.282,
Plot Title: 3S3G,1671,6/13/26 20:30,42.548,
Plot Title: 3S3G,1672,6/13/26 20:45,41.994,
Plot Title: 3S3G,1673,6/13/26 21:00,41.254,
Plot Title: 3S3G,1674,6/13/26 21:15,40.696,
Plot Title: 3S3G,1675,6/13/26 21:30,40.134,
Plot Title: 3S3G,1676,6/13/26 21:45,39.573,
Plot Title: 3S3G,1677,6/13/26 22:00,39.007,
Plot Title: 3S3G,1678,6/13/26 22:15,38.818,
Plot Title: 3S3G,1679,6/13/26 22:30,38.629,
Plot Title: 3S3G,1680,6/13/26 22:45,38.44,
Plot Title: 3S3G,1681,6/13/26 23:00,38.061,
Plot Title: 3S3G,1682,6/13/26 23:15,37.87,
Plot Title: 3S3G,1683,6/13/26 23:30,37.679,
Plot Title: 3S3G,1684,6/13/26 23:45,37.297,
Plot Title: 3S3G,1685,6/14/26 00:00,37.107,
Plot Title: 3S3G,1686,6/14/26 00:15,36.914,
Plot Title: 3S3G,1687,6/14/26 00:30,36.723,
Plot Title: 3S3G,1688,6/14/26 00:45,36.531,
Plot Title: 3S3G,1689,6/14/26 01:00,36.338,
Plot Title: 3S3G,1690,6/14/26 01:15,36.338,
Plot Title: 3S3G,1691,6/14/26 01:30,36.145,
Plot Title: 3S3G,1692,6/14/26 01:45,35.951,
Plot Title: 3S3G,1693,6/14/26 02:00,35.758,
Plot Title: 3S3G,1694,6/14/26 02:15,35.758,
Plot Title: 3S3G,1695,6/14/26 02:30,35.564,
Plot Title: 3S3G,1696,6/14/26 02:45,35.37,
Plot Title: 3S3G,1697,6/14/26 03:00,35.37,
Plot Title: 3S3G,1698,6/14/26 03:15,35.37,
Plot Title: 3S3G,1699,6/14/26 03:30,35.175,
Plot Title: 3S3G,1700,6/14/26 03:45,35.175,
Plot Title: 3S3G,1701,6/14/26 04:00,34.981,
Plot Title: 3S3G,1702,6/14/26 04:15,34.981,
Plot Title: 3S3G,1703,6/14/26 04:30,34.786,
Plot Title: 3S3G,1704,6/14/26 04:45,34.786,
Plot Title: 3S3G,1705,6/14/26 05:00,34.59,
Plot Title: 3S3G,1706,6/14/26 05:15,34.59,
Plot Title: 3S3G,1707,6/14/26 05:30,34.59,
Plot Title: 3S3G,1708,6/14/26 05:45,34.59,
Plot Title: 3S3G,1709,6/14/26 06:00,34.59,
Plot Title: 3S3G,1710,6/14/26 06:15,35.37,
Plot Title: 3S3G,1711,6/14/26 06:30,37.488,
Plot Title: 3S3G,1712,6/14/26 06:45,40.881,
Plot Title: 3S3G,1713,6/14/26 07:00,45.286,
Plot Title: 3S3G,1714,6/14/26 07:15,48.695,
Plot Title: 3S3G,1715,6/14/26 07:30,51.346,
Plot Title: 3S3G,1716,6/14/26 07:45,52.75,
Plot Title: 3S3G,1717,6/14/26 08:00,55.711,
Plot Title: 3S3G,1718,6/14/26 08:15,57.096,
Plot Title: 3S3G,1719,6/14/26 08:30,60.024,
Plot Title: 3S3G,1720,6/14/26 08:45,61.569,
Plot Title: 3S3G,1721,6/14/26 09:00,62.94,
Plot Title: 3S3G,1722,6/14/26 09:15,64.825,
Plot Title: 3S3G,1723,6/14/26 09:30,67.221,
Plot Title: 3S3G,1724,6/14/26 09:45,68.248,
Plot Title: 3S3G,1725,6/14/26 10:00,69.107,
Plot Title: 3S3G,1726,6/14/26 10:15,67.906,
Plot Title: 3S3G,1727,6/14/26 10:30,69.793,
Plot Title: 3S3G,1728,6/14/26 10:45,72.199,
Plot Title: 3S3G,1729,6/14/26 11:00,73.753,
Plot Title: 3S3G,1730,6/14/26 11:15,75.484,
Plot Title: 3S3G,1731,6/14/26 11:30,76.006,
Plot Title: 3S3G,1732,6/14/26 11:45,75.312,
Plot Title: 3S3G,1733,6/14/26 12:00,76.006,
Plot Title: 3S3G,1734,6/14/26 12:15,72.718,
Plot Title: 3S3G,1735,6/14/26 12:30,71.168,
Plot Title: 3S3G,1736,6/14/26 12:45,72.891,
Plot Title: 3S3G,1737,6/14/26 13:00,74.619,
Plot Title: 3S3G,1738,6/14/26 13:15,74.098,
Plot Title: 3S3G,1739,6/14/26 13:30,72.718,
Plot Title: 3S3G,1740,6/14/26 13:45,70.651,
Plot Title: 3S3G,1741,6/14/26 14:00,70.48,
Plot Title: 3S3G,1742,6/14/26 14:15,67.564,
Plot Title: 3S3G,1743,6/14/26 14:30,67.05,
Plot Title: 3S3G,1744,6/14/26 14:45,66.708,
Plot Title: 3S3G,1745,6/14/26 15:00,65.851,
Plot Title: 3S3G,1746,6/14/26 15:15,64.481,
Plot Title: 3S3G,1747,6/14/26 15:30,64.481,
Plot Title: 3S3G,1748,6/14/26 15:45,64.825,
Plot Title: 3S3G,1749,6/14/26 16:00,64.996,
Plot Title: 3S3G,1750,6/14/26 16:15,64.481,
Plot Title: 3S3G,1751,6/14/26 16:30,63.455,
Plot Title: 3S3G,1752,6/14/26 16:45,62.94,
Plot Title: 3S3G,1753,6/14/26 17:00,61.054,
Plot Title: 3S3G,1754,6/14/26 17:15,57.958,
Plot Title: 3S3G,1755,6/14/26 17:30,56.404,
Plot Title: 3S3G,1756,6/14/26 17:45,54.842,
Plot Title: 3S3G,1757,6/14/26 18:00,53.798,
Plot Title: 3S3G,1758,6/14/26 18:15,53.274,
Plot Title: 3S3G,1759,6/14/26 18:30,53.1,
Plot Title: 3S3G,1760,6/14/26 18:45,52.576,
Plot Title: 3S3G,1761,6/14/26 19:00,51.523,
Plot Title: 3S3G,1762,6/14/26 19:15,50.643,
Plot Title: 3S3G,1763,6/14/26 19:30,49.937,
Plot Title: 3S3G,1764,6/14/26 19:45,49.228,
Plot Title: 3S3G,1765,6/14/26 20:00,48.517,
Plot Title: 3S3G,1766,6/14/26 20:15,47.802,
Plot Title: 3S3G,1767,6/14/26 20:30,47.088,
Plot Title: 3S3G,1768,6/14/26 20:45,46.369,
Plot Title: 3S3G,1769,6/14/26 21:00,45.828,
Plot Title: 3S3G,1770,6/14/26 21:15,45.104,
Plot Title: 3S3G,1771,6/14/26 21:30,44.56,
Plot Title: 3S3G,1772,6/14/26 21:45,43.831,
Plot Title: 3S3G,1773,6/14/26 22:00,43.282,
Plot Title: 3S3G,1774,6/14/26 22:15,42.732,
Plot Title: 3S3G,1775,6/14/26 22:30,42.363,
Plot Title: 3S3G,1776,6/14/26 22:45,41.81,
Plot Title: 3S3G,1777,6/14/26 23:00,41.625,
Plot Title: 3S3G,1778,6/14/26 23:15,41.254,
Plot Title: 3S3G,1779,6/14/26 23:30,41.067,
Plot Title: 3S3G,1780,6/14/26 23:45,40.881,
Plot Title: 3S3G,1781,6/15/26 00:00,40.881,
Plot Title: 3S3G,1782,6/15/26 00:15,40.509,
Plot Title: 3S3G,1783,6/15/26 00:30,40.321,
Plot Title: 3S3G,1784,6/15/26 00:45,39.947,
Plot Title: 3S3G,1785,6/15/26 01:00,39.573,
Plot Title: 3S3G,1786,6/15/26 01:15,39.196,
Plot Title: 3S3G,1787,6/15/26 01:30,39.007,
Plot Title: 3S3G,1788,6/15/26 01:45,38.818,
Plot Title: 3S3G,1789,6/15/26 02:00,38.629,
Plot Title: 3S3G,1790,6/15/26 02:15,38.629,
Plot Title: 3S3G,1791,6/15/26 02:30,38.629,
Plot Title: 3S3G,1792,6/15/26 02:45,38.629,
Plot Title: 3S3G,1793,6/15/26 03:00,38.44,
Plot Title: 3S3G,1794,6/15/26 03:15,38.44,
Plot Title: 3S3G,1795,6/15/26 03:30,38.25,
Plot Title: 3S3G,1796,6/15/26 03:45,38.25,
Plot Title: 3S3G,1797,6/15/26 04:00,37.87,
Plot Title: 3S3G,1798,6/15/26 04:15,37.87,
Plot Title: 3S3G,1799,6/15/26 04:30,37.679,
Plot Title: 3S3G,1800,6/15/26 04:45,37.488,
Plot Title: 3S3G,1801,6/15/26 05:00,37.488,
Plot Title: 3S3G,1802,6/15/26 05:15,37.297,
Plot Title: 3S3G,1803,6/15/26 05:30,37.297,
Plot Title: 3S3G,1804,6/15/26 05:45,37.297,
Plot Title: 3S3G,1805,6/15/26 06:00,38.061,
Plot Title: 3S3G,1806,6/15/26 06:15,40.696,
Plot Title: 3S3G,1807,6/15/26 06:30,44.56,
Plot Title: 3S3G,1808,6/15/26 06:45,47.982,
Plot Title: 3S3G,1809,6/15/26 07:00,51.172,
Plot Title: 3S3G,1810,6/15/26 07:15,53.798,
Plot Title: 3S3G,1811,6/15/26 07:30,56.75,
Plot Title: 3S3G,1812,6/15/26 07:45,59.508,
Plot Title: 3S3G,1813,6/15/26 08:00,61.054,
Plot Title: 3S3G,1814,6/15/26 08:15,63.797,
Plot Title: 3S3G,1815,6/15/26 08:30,66.366,
Plot Title: 3S3G,1816,6/15/26 08:45,68.763,
Plot Title: 3S3G,1817,6/15/26 09:00,71.168,
Plot Title: 3S3G,1818,6/15/26 09:15,73.234,
Plot Title: 3S3G,1819,6/15/26 09:30,74.791,
Plot Title: 3S3G,1820,6/15/26 09:45,77.05,
Plot Title: 3S3G,1821,6/15/26 10:00,79.151,
Plot Title: 3S3G,1822,6/15/26 10:15,80.382,
Plot Title: 3S3G,1823,6/15/26 10:30,81.797,
Plot Title: 3S3G,1824,6/15/26 10:45,82.508,
Plot Title: 3S3G,1825,6/15/26 11:00,83.043,
Plot Title: 3S3G,1826,6/15/26 11:15,83.757,
Plot Title: 3S3G,1827,6/15/26 11:30,84.115,
Plot Title: 3S3G,1828,6/15/26 11:45,84.474,
Plot Title: 3S3G,1829,6/15/26 12:00,84.654,
Plot Title: 3S3G,1830,6/15/26 12:15,84.654,
Plot Title: 3S3G,1831,6/15/26 12:30,84.115,
Plot Title: 3S3G,1832,6/15/26 12:45,83.399,
Plot Title: 3S3G,1833,6/15/26 13:00,83.043,
Plot Title: 3S3G,1834,6/15/26 13:15,82.508,
Plot Title: 3S3G,1835,6/15/26 13:30,81.797,
Plot Title: 3S3G,1836,6/15/26 13:45,80.559,
Plot Title: 3S3G,1837,6/15/26 14:00,79.151,
Plot Title: 3S3G,1838,6/15/26 14:15,76.528,
Plot Title: 3S3G,1839,6/15/26 14:30,73.926,
Plot Title: 3S3G,1840,6/15/26 14:45,72.545,
Plot Title: 3S3G,1841,6/15/26 15:00,72.891,
Plot Title: 3S3G,1842,6/15/26 15:15,72.718,
Plot Title: 3S3G,1843,6/15/26 15:30,73.062,
Plot Title: 3S3G,1844,6/15/26 15:45,73.58,
Plot Title: 3S3G,1845,6/15/26 16:00,73.58,
Plot Title: 3S3G,1846,6/15/26 16:15,72.718,
Plot Title: 3S3G,1847,6/15/26 16:30,70.48,
Plot Title: 3S3G,1848,6/15/26 16:45,68.763,
Plot Title: 3S3G,1849,6/15/26 17:00,67.392,
Plot Title: 3S3G,1850,6/15/26 17:15,66.366,
Plot Title: 3S3G,1851,6/15/26 17:30,65.68,
Plot Title: 3S3G,1852,6/15/26 17:45,65.167,
Plot Title: 3S3G,1853,6/15/26 18:00,63.968,
Plot Title: 3S3G,1854,6/15/26 18:15,62.94,
Plot Title: 3S3G,1855,6/15/26 18:30,62.083,
Plot Title: 3S3G,1856,6/15/26 18:45,61.054,
Plot Title: 3S3G,1857,6/15/26 19:00,60.368,
Plot Title: 3S3G,1858,6/15/26 19:15,59.508,
Plot Title: 3S3G,1859,6/15/26 19:30,58.647,
Plot Title: 3S3G,1860,6/15/26 19:45,57.785,
Plot Title: 3S3G,1861,6/15/26 20:00,57.441,
Plot Title: 3S3G,1862,6/15/26 20:15,56.923,
Plot Title: 3S3G,1863,6/15/26 20:30,56.23,
Plot Title: 3S3G,1864,6/15/26 20:45,55.364,
Plot Title: 3S3G,1865,6/15/26 21:00,54.495,
Plot Title: 3S3G,1866,6/15/26 21:15,54.147,
Plot Title: 3S3G,1867,6/15/26 21:30,53.449,
Plot Title: 3S3G,1868,6/15/26 21:45,52.75,
Plot Title: 3S3G,1869,6/15/26 22:00,52.401,
Plot Title: 3S3G,1870,6/15/26 22:15,52.05,
Plot Title: 3S3G,1871,6/15/26 22:30,51.874,
Plot Title: 3S3G,1872,6/15/26 22:45,51.699,
Plot Title: 3S3G,1873,6/15/26 23:00,51.523,
Plot Title: 3S3G,1874,6/15/26 23:15,51.523,
Plot Title: 3S3G,1875,6/15/26 23:30,51.172,
Plot Title: 3S3G,1876,6/15/26 23:45,51.172,
Plot Title: 3S3G,1877,6/16/26 00:00,50.819,
Plot Title: 3S3G,1878,6/16/26 00:15,50.819,
Plot Title: 3S3G,1879,6/16/26 00:30,50.819,
Plot Title: 3S3G,1880,6/16/26 00:45,50.643,
Plot Title: 3S3G,1881,6/16/26 01:00,50.29,
Plot Title: 3S3G,1882,6/16/26 01:15,49.937,
Plot Title: 3S3G,1883,6/16/26 01:30,49.759,
Plot Title: 3S3G,1884,6/16/26 01:45,49.759,
Plot Title: 3S3G,1885,6/16/26 02:00,49.937,
Plot Title: 3S3G,1886,6/16/26 02:15,49.937,
Plot Title: 3S3G,1887,6/16/26 02:30,49.759,
Plot Title: 3S3G,1888,6/16/26 02:45,49.582,
Plot Title: 3S3G,1889,6/16/26 03:00,49.404,
Plot Title: 3S3G,1890,6/16/26 03:15,49.05,
Plot Title: 3S3G,1891,6/16/26 03:30,48.871,
Plot Title: 3S3G,1892,6/16/26 03:45,48.517,
Plot Title: 3S3G,1893,6/16/26 04:00,48.16,
Plot Title: 3S3G,1894,6/16/26 04:15,47.624,
Plot Title: 3S3G,1895,6/16/26 04:30,47.266,
Plot Title: 3S3G,1896,6/16/26 04:45,46.908,
Plot Title: 3S3G,1897,6/16/26 05:00,46.728,
Plot Title: 3S3G,1898,6/16/26 05:15,46.548,
Plot Title: 3S3G,1899,6/16/26 05:30,46.548,
Plot Title: 3S3G,1900,6/16/26 05:45,46.548,
Plot Title: 3S3G,1901,6/16/26 06:00,47.088,
Plot Title: 3S3G,1902,6/16/26 06:15,48.517,
Plot Title: 3S3G,1903,6/16/26 06:30,49.05,
Plot Title: 3S3G,1904,6/16/26 06:45,50.466,
Plot Title: 3S3G,1905,6/16/26 07:00,50.995,
Plot Title: 3S3G,1906,6/16/26 07:15,52.401,
Plot Title: 3S3G,1907,6/16/26 07:30,56.404,
Plot Title: 3S3G,1908,6/16/26 07:45,61.054,
Plot Title: 3S3G,1909,6/16/26 08:00,64.652,
Plot Title: 3S3G,1910,6/16/26 08:15,67.564,
Plot Title: 3S3G,1911,6/16/26 08:30,70.48,
Plot Title: 3S3G,1912,6/16/26 08:45,73.062,
Plot Title: 3S3G,1913,6/16/26 09:00,75.832,
Plot Title: 3S3G,1914,6/16/26 09:15,78.624,
Plot Title: 3S3G,1915,6/16/26 09:30,81.09,
Plot Title: 3S3G,1916,6/16/26 09:45,82.508,
Plot Title: 3S3G,1917,6/16/26 10:00,84.295,
Plot Title: 3S3G,1918,6/16/26 10:15,85.915,
Plot Title: 3S3G,1919,6/16/26 10:30,87.552,
Plot Title: 3S3G,1920,6/16/26 10:45,88.466,
Plot Title: 3S3G,1921,6/16/26 11:00,88.65,
Plot Title: 3S3G,1922,6/16/26 11:15,87.552,
Plot Title: 3S3G,1923,6/16/26 11:30,87.004,
Plot Title: 3S3G,1924,6/16/26 11:45,86.459,
Plot Title: 3S3G,1925,6/16/26 12:00,86.823,
Plot Title: 3S3G,1926,6/16/26 12:15,85.735,
Plot Title: 3S3G,1927,6/16/26 12:30,85.374,
Plot Title: 3S3G,1928,6/16/26 12:45,87.915,
Plot Title: 3S3G,1929,6/16/26 13:00,88.65,
Plot Title: 3S3G,1930,6/16/26 13:15,88.466,
Plot Title: 3S3G,1931,6/16/26 13:30,87.915,
Plot Title: 3S3G,1932,6/16/26 13:45,87.186,
Plot Title: 3S3G,1933,6/16/26 14:00,85.915,
Plot Title: 3S3G,1934,6/16/26 14:15,84.474,
Plot Title: 3S3G,1935,6/16/26 14:30,83.399,
Plot Title: 3S3G,1936,6/16/26 14:45,81.797,
Plot Title: 3S3G,1937,6/16/26 15:00,80.559,
Plot Title: 3S3G,1938,6/16/26 15:15,79.678,
Plot Title: 3S3G,1939,6/16/26 15:30,79.326,
Plot Title: 3S3G,1940,6/16/26 15:45,79.326,
Plot Title: 3S3G,1941,6/16/26 16:00,79.502,
Plot Title: 3S3G,1942,6/16/26 16:15,78.975,
Plot Title: 3S3G,1943,6/16/26 16:30,78.098,
Plot Title: 3S3G,1944,6/16/26 16:45,76.876,
Plot Title: 3S3G,1945,6/16/26 17:00,74.964,
Plot Title: 3S3G,1946,6/16/26 17:15,70.651,
Plot Title: 3S3G,1947,6/16/26 17:30,67.906,
Plot Title: 3S3G,1948,6/16/26 17:45,66.193,
Plot Title: 3S3G,1949,6/16/26 18:00,64.825,
Plot Title: 3S3G,1950,6/16/26 18:15,63.797,
Plot Title: 3S3G,1951,6/16/26 18:30,63.111,
Plot Title: 3S3G,1952,6/16/26 18:45,62.254,
Plot Title: 3S3G,1953,6/16/26 19:00,61.741,
Plot Title: 3S3G,1954,6/16/26 19:15,61.054,
Plot Title: 3S3G,1955,6/16/26 19:30,60.539,
Plot Title: 3S3G,1956,6/16/26 19:45,60.024,
Plot Title: 3S3G,1957,6/16/26 20:00,59.508,
Plot Title: 3S3G,1958,6/16/26 20:15,58.993,
Plot Title: 3S3G,1959,6/16/26 20:30,58.476,
Plot Title: 3S3G,1960,6/16/26 20:45,57.958,
Plot Title: 3S3G,1961,6/16/26 21:00,57.268,
Plot Title: 3S3G,1962,6/16/26 21:15,56.75,
Plot Title: 3S3G,1963,6/16/26 21:30,56.057,
Plot Title: 3S3G,1964,6/16/26 21:45,55.364,
Plot Title: 3S3G,1965,6/16/26 22:00,54.842,
Plot Title: 3S3G,1966,6/16/26 22:15,54.322,
Plot Title: 3S3G,1967,6/16/26 22:30,53.798,
Plot Title: 3S3G,1968,6/16/26 22:45,53.449,
Plot Title: 3S3G,1969,6/16/26 23:00,53.1,
Plot Title: 3S3G,1970,6/16/26 23:15,52.925,
Plot Title: 3S3G,1971,6/16/26 23:30,52.576,
Plot Title: 3S3G,1972,6/16/26 23:45,52.225,
Plot Title: 3S3G,1973,6/17/26 00:00,51.874,
Plot Title: 3S3G,1974,6/17/26 00:15,51.523,
Plot Title: 3S3G,1975,6/17/26 00:30,51.172,
Plot Title: 3S3G,1976,6/17/26 00:45,50.995,
Plot Title: 3S3G,1977,6/17/26 01:00,50.466,
Plot Title: 3S3G,1978,6/17/26 01:15,50.113,
Plot Title: 3S3G,1979,6/17/26 01:30,49.937,
Plot Title: 3S3G,1980,6/17/26 01:45,49.404,
Plot Title: 3S3G,1981,6/17/26 02:00,49.05,
Plot Title: 3S3G,1982,6/17/26 02:15,48.871,
Plot Title: 3S3G,1983,6/17/26 02:30,48.517,
Plot Title: 3S3G,1984,6/17/26 02:45,48.339,
Plot Title: 3S3G,1985,6/17/26 03:00,47.982,
Plot Title: 3S3G,1986,6/17/26 03:15,47.624,
Plot Title: 3S3G,1987,6/17/26 03:30,47.266,
Plot Title: 3S3G,1988,6/17/26 03:45,47.088,
Plot Title: 3S3G,1989,6/17/26 04:00,46.728,
Plot Title: 3S3G,1990,6/17/26 04:15,46.908,
Plot Title: 3S3G,1991,6/17/26 04:30,46.728,
Plot Title: 3S3G,1992,6/17/26 04:45,46.548,
Plot Title: 3S3G,1993,6/17/26 05:00,46.728,
Plot Title: 3S3G,1994,6/17/26 05:15,46.908,
Plot Title: 3S3G,1995,6/17/26 05:30,46.908,
Plot Title: 3S3G,1996,6/17/26 05:45,47.088,
Plot Title: 3S3G,1997,6/17/26 06:00,47.802,
Plot Title: 3S3G,1998,6/17/26 06:15,49.582,
Plot Title: 3S3G,1999,6/17/26 06:30,52.225,
Plot Title: 3S3G,2000,6/17/26 06:45,54.842,
Plot Title: 3S3G,2001,6/17/26 07:00,53.798,
Plot Title: 3S3G,2002,6/17/26 07:15,54.147,
Plot Title: 3S3G,2003,6/17/26 07:30,58.647,
Plot Title: 3S3G,2004,6/17/26 07:45,62.254,
Plot Title: 3S3G,2005,6/17/26 08:00,65.167,
Plot Title: 3S3G,2006,6/17/26 08:15,67.735,
Plot Title: 3S3G,2007,6/17/26 08:30,70.308,
Plot Title: 3S3G,2008,6/17/26 08:45,72.718,
Plot Title: 3S3G,2009,6/17/26 09:00,75.139,
Plot Title: 3S3G,2010,6/17/26 09:15,77.574,
Plot Title: 3S3G,2011,6/17/26 09:30,79.853,
Plot Title: 3S3G,2012,6/17/26 09:45,81.975,
Plot Title: 3S3G,2013,6/17/26 10:00,83.935,
Plot Title: 3S3G,2014,6/17/26 10:15,85.735,
Plot Title: 3S3G,2015,6/17/26 10:30,86.823,
Plot Title: 3S3G,2016,6/17/26 10:45,88.099,
Plot Title: 3S3G,2017,6/17/26 11:00,89.017,
Plot Title: 3S3G,2018,6/17/26 11:15,89.755,
Plot Title: 3S3G,2019,6/17/26 11:30,90.309,
Plot Title: 3S3G,2020,6/17/26 11:45,90.309,
Plot Title: 3S3G,2021,6/17/26 12:00,88.099,
Plot Title: 3S3G,2022,6/17/26 12:15,84.115,
Plot Title: 3S3G,2023,6/17/26 12:30,80.382,
Plot Title: 3S3G,2024,6/17/26 12:45,76.354,
Plot Title: 3S3G,2025,6/17/26 13:00,77.749,
Plot Title: 3S3G,2026,6/17/26 13:15,75.659,
Plot Title: 3S3G,2027,6/17/26 13:30,77.749,
Plot Title: 3S3G,2028,6/17/26 13:45,76.354,
Plot Title: 3S3G,2029,6/17/26 14:00,74.619,
Plot Title: 3S3G,2030,6/17/26 14:15,71.512,
Plot Title: 3S3G,2031,6/17/26 14:30,68.592,
Plot Title: 3S3G,2032,6/17/26 14:45,67.05,
Plot Title: 3S3G,2033,6/17/26 15:00,66.193,
Plot Title: 3S3G,2034,6/17/26 15:15,64.825,
Plot Title: 3S3G,2035,6/17/26 15:30,64.481,
Plot Title: 3S3G,2036,6/17/26 15:45,64.31,
Plot Title: 3S3G,2037,6/17/26 16:00,64.652,
Plot Title: 3S3G,2038,6/17/26 16:15,65.851,
Plot Title: 3S3G,2039,6/17/26 16:30,66.022,
Plot Title: 3S3G,2040,6/17/26 16:45,66.022,
Plot Title: 3S3G,2041,6/17/26 17:00,64.31,
Plot Title: 3S3G,2042,6/17/26 17:15,63.111,
Plot Title: 3S3G,2043,6/17/26 17:30,62.254,
Plot Title: 3S3G,2044,6/17/26 17:45,61.569,
Plot Title: 3S3G,2045,6/17/26 18:00,60.883,
Plot Title: 3S3G,2046,6/17/26 18:15,60.539,
Plot Title: 3S3G,2047,6/17/26 18:30,60.024,
Plot Title: 3S3G,2048,6/17/26 18:45,59.508,
Plot Title: 3S3G,2049,6/17/26 19:00,58.993,
Plot Title: 3S3G,2050,6/17/26 19:15,58.476,
Plot Title: 3S3G,2051,6/17/26 19:30,58.303,
Plot Title: 3S3G,2052,6/17/26 19:45,57.785,
Plot Title: 3S3G,2053,6/17/26 20:00,57.096,
Plot Title: 3S3G,2054,6/17/26 20:15,56.057,
Plot Title: 3S3G,2055,6/17/26 20:30,55.189,
Plot Title: 3S3G,2056,6/17/26 20:45,54.669,
Plot Title: 3S3G,2057,6/17/26 21:00,54.147,
Plot Title: 3S3G,2058,6/17/26 21:15,53.623,
Plot Title: 3S3G,2059,6/17/26 21:30,52.925,
Plot Title: 3S3G,2060,6/17/26 21:45,52.05,
Plot Title: 3S3G,2061,6/17/26 22:00,51.346,
Plot Title: 3S3G,2062,6/17/26 22:15,50.466,
Plot Title: 3S3G,2063,6/17/26 22:30,49.937,
Plot Title: 3S3G,2064,6/17/26 22:45,49.582,
Plot Title: 3S3G,2065,6/17/26 23:00,48.871,
Plot Title: 3S3G,2066,6/17/26 23:15,48.16,
Plot Title: 3S3G,2067,6/17/26 23:30,47.624,
Plot Title: 3S3G,2068,6/17/26 23:45,47.088,
Plot Title: 3S3G,2069,6/18/26 00:00,46.728,
Plot Title: 3S3G,2070,6/18/26 00:15,46.369,
Plot Title: 3S3G,2071,6/18/26 00:30,46.008,
Plot Title: 3S3G,2072,6/18/26 00:45,45.648,
Plot Title: 3S3G,2073,6/18/26 01:00,45.286,
Plot Title: 3S3G,2074,6/18/26 01:15,45.104,
Plot Title: 3S3G,2075,6/18/26 01:30,44.742,
Plot Title: 3S3G,2076,6/18/26 01:45,44.56,
Plot Title: 3S3G,2077,6/18/26 02:00,44.379,
Plot Title: 3S3G,2078,6/18/26 02:15,44.013,
Plot Title: 3S3G,2079,6/18/26 02:30,44.013,
Plot Title: 3S3G,2080,6/18/26 02:45,43.831,
Plot Title: 3S3G,2081,6/18/26 03:00,43.648,
Plot Title: 3S3G,2082,6/18/26 03:15,43.466,
Plot Title: 3S3G,2083,6/18/26 03:30,43.466,
Plot Title: 3S3G,2084,6/18/26 03:45,43.466,
Plot Title: 3S3G,2085,6/18/26 04:00,43.466,
Plot Title: 3S3G,2086,6/18/26 04:15,43.466,
Plot Title: 3S3G,2087,6/18/26 04:30,43.466,
Plot Title: 3S3G,2088,6/18/26 04:45,43.282,
Plot Title: 3S3G,2089,6/18/26 05:00,43.099,
Plot Title: 3S3G,2090,6/18/26 05:15,43.282,
Plot Title: 3S3G,2091,6/18/26 05:30,43.282,
Plot Title: 3S3G,2092,6/18/26 05:45,43.099,
Plot Title: 3S3G,2093,6/18/26 06:00,43.099,
Plot Title: 3S3G,2094,6/18/26 06:15,43.282,
Plot Title: 3S3G,2095,6/18/26 06:30,47.266,
Plot Title: 3S3G,2096,6/18/26 06:45,50.643,
Plot Title: 3S3G,2097,6/18/26 07:00,54.842,
Plot Title: 3S3G,2098,6/18/26 07:15,58.303,
Plot Title: 3S3G,2099,6/18/26 07:30,59.164,
Plot Title: 3S3G,2100,6/18/26 07:45,57.785,
Plot Title: 3S3G,2101,6/18/26 08:00,61.741,
Plot Title: 3S3G,2102,6/18/26 08:15,64.996,
Plot Title: 3S3G,2103,6/18/26 08:30,66.193,
Plot Title: 3S3G,2104,6/18/26 08:45,70.651,
Plot Title: 3S3G,2105,6/18/26 09:00,73.926,
Plot Title: 3S3G,2106,6/18/26 09:15,74.791,
Plot Title: 3S3G,2107,6/18/26 09:30,77.749,
Plot Title: 3S3G,2108,6/18/26 09:45,77.749,
Plot Title: 3S3G,2109,6/18/26 10:00,79.853,
Plot Title: 3S3G,2110,6/18/26 10:15,83.579,
Plot Title: 3S3G,2111,6/18/26 10:30,86.277,
Plot Title: 3S3G,2112,6/18/26 10:45,87.552,
Plot Title: 3S3G,2113,6/18/26 11:00,85.915,
Plot Title: 3S3G,2114,6/18/26 11:15,81.621,
Plot Title: 3S3G,2115,6/18/26 11:30,82.686,
Plot Title: 3S3G,2116,6/18/26 11:45,86.641,
Plot Title: 3S3G,2117,6/18/26 12:00,85.194,
Plot Title: 3S3G,2118,6/18/26 12:15,84.295,
Plot Title: 3S3G,2119,6/18/26 12:30,86.641,
Plot Title: 3S3G,2120,6/18/26 12:45,87.733,
Plot Title: 3S3G,2121,6/18/26 13:00,88.099,
Plot Title: 3S3G,2122,6/18/26 13:15,88.466,
Plot Title: 3S3G,2123,6/18/26 13:30,85.374,
Plot Title: 3S3G,2124,6/18/26 13:45,83.399,
Plot Title: 3S3G,2125,6/18/26 14:00,82.864,
Plot Title: 3S3G,2126,6/18/26 14:15,81.975,
Plot Title: 3S3G,2127,6/18/26 14:30,80.735,
Plot Title: 3S3G,2128,6/18/26 14:45,79.151,
Plot Title: 3S3G,2129,6/18/26 15:00,77.923,
Plot Title: 3S3G,2130,6/18/26 15:15,77.05,
Plot Title: 3S3G,2131,6/18/26 15:30,77.225,
Plot Title: 3S3G,2132,6/18/26 15:45,77.4,
Plot Title: 3S3G,2133,6/18/26 16:00,77.05,
Plot Title: 3S3G,2134,6/18/26 16:15,76.528,
Plot Title: 3S3G,2135,6/18/26 16:30,76.006,
Plot Title: 3S3G,2136,6/18/26 16:45,75.139,
Plot Title: 3S3G,2137,6/18/26 17:00,72.545,
Plot Title: 3S3G,2138,6/18/26 17:15,68.077,
Plot Title: 3S3G,2139,6/18/26 17:30,64.825,
Plot Title: 3S3G,2140,6/18/26 17:45,62.769,
Plot Title: 3S3G,2141,6/18/26 18:00,61.227,
Plot Title: 3S3G,2142,6/18/26 18:15,60.024,
Plot Title: 3S3G,2143,6/18/26 18:30,58.993,
Plot Title: 3S3G,2144,6/18/26 18:45,58.131,
Plot Title: 3S3G,2145,6/18/26 19:00,57.268,
Plot Title: 3S3G,2146,6/18/26 19:15,56.577,
Plot Title: 3S3G,2147,6/18/26 19:30,55.884,
Plot Title: 3S3G,2148,6/18/26 19:45,55.189,
Plot Title: 3S3G,2149,6/18/26 20:00,54.495,
Plot Title: 3S3G,2150,6/18/26 20:15,53.973,
Plot Title: 3S3G,2151,6/18/26 20:30,53.449,
Plot Title: 3S3G,2152,6/18/26 20:45,52.925,
Plot Title: 3S3G,2153,6/18/26 21:00,52.401,
Plot Title: 3S3G,2154,6/18/26 21:15,51.699,
Plot Title: 3S3G,2155,6/18/26 21:30,51.172,
Plot Title: 3S3G,2156,6/18/26 21:45,50.466,
Plot Title: 3S3G,2157,6/18/26 22:00,49.937,
Plot Title: 3S3G,2158,6/18/26 22:15,49.404,
Plot Title: 3S3G,2159,6/18/26 22:30,48.871,
Plot Title: 3S3G,2160,6/18/26 22:45,48.517,
Plot Title: 3S3G,2161,6/18/26 23:00,48.16,
Plot Title: 3S3G,2162,6/18/26 23:15,47.624,
Plot Title: 3S3G,2163,6/18/26 23:30,47.266,
Plot Title: 3S3G,2164,6/18/26 23:45,46.908,
Plot Title: 3S3G,2165,6/19/26 00:00,46.728,
Plot Title: 3S3G,2166,6/19/26 00:15,46.369,
Plot Title: 3S3G,2167,6/19/26 00:30,46.008,
Plot Title: 3S3G,2168,6/19/26 00:45,45.828,
Plot Title: 3S3G,2169,6/19/26 01:00,45.648,
Plot Title: 3S3G,2170,6/19/26 01:15,45.466,
Plot Title: 3S3G,2171,6/19/26 01:30,45.286,
Plot Title: 3S3G,2172,6/19/26 01:45,45.104,
Plot Title: 3S3G,2173,6/19/26 02:00,44.922,
Plot Title: 3S3G,2174,6/19/26 02:15,44.56,
Plot Title: 3S3G,2175,6/19/26 02:30,44.56,
Plot Title: 3S3G,2176,6/19/26 02:45,44.195,
Plot Title: 3S3G,2177,6/19/26 03:00,44.013,
Plot Title: 3S3G,2178,6/19/26 03:15,43.831,
Plot Title: 3S3G,2179,6/19/26 03:30,43.648,
Plot Title: 3S3G,2180,6/19/26 03:45,43.466,
Plot Title: 3S3G,2181,6/19/26 04:00,43.282,
Plot Title: 3S3G,2182,6/19/26 04:15,43.099,
Plot Title: 3S3G,2183,6/19/26 04:30,43.099,
Plot Title: 3S3G,2184,6/19/26 04:45,42.915,
Plot Title: 3S3G,2185,6/19/26 05:00,42.732,
Plot Title: 3S3G,2186,6/19/26 05:15,42.548,
Plot Title: 3S3G,2187,6/19/26 05:30,42.548,
Plot Title: 3S3G,2188,6/19/26 05:45,42.363,
Plot Title: 3S3G,2189,6/19/26 06:00,43.466,
Plot Title: 3S3G,2190,6/19/26 06:15,46.188,
Plot Title: 3S3G,2191,6/19/26 06:30,49.228,
Plot Title: 3S3G,2192,6/19/26 06:45,52.401,
Plot Title: 3S3G,2193,6/19/26 07:00,55.711,
Plot Title: 3S3G,2194,6/19/26 07:15,58.82,
Plot Title: 3S3G,2195,6/19/26 07:30,61.912,
Plot Title: 3S3G,2196,6/19/26 07:45,64.825,
Plot Title: 3S3G,2197,6/19/26 08:00,66.022,
Plot Title: 3S3G,2198,6/19/26 08:15,66.879,
Plot Title: 3S3G,2199,6/19/26 08:30,68.592,
Plot Title: 3S3G,2200,6/19/26 08:45,67.392,
Plot Title: 3S3G,2201,6/19/26 09:00,67.392,
Plot Title: 3S3G,2202,6/19/26 09:15,66.708,
Plot Title: 3S3G,2203,6/19/26 09:30,69.449,
Plot Title: 3S3G,2204,6/19/26 09:45,71.512,
Plot Title: 3S3G,2205,6/19/26 10:00,73.062,
Plot Title: 3S3G,2206,6/19/26 10:15,72.372,
Plot Title: 3S3G,2207,6/19/26 10:30,71.856,
Plot Title: 3S3G,2208,6/19/26 10:45,70.995,
Plot Title: 3S3G,2209,6/19/26 11:00,69.449,
Plot Title: 3S3G,2210,6/19/26 11:15,70.651,
Plot Title: 3S3G,2211,6/19/26 11:30,72.028,
Plot Title: 3S3G,2212,6/19/26 11:45,72.199,
Plot Title: 3S3G,2213,6/19/26 12:00,77.4,
Plot Title: 3S3G,2214,6/19/26 12:15,76.006,
Plot Title: 3S3G,2215,6/19/26 12:30,73.062,
Plot Title: 3S3G,2216,6/19/26 12:45,70.48,
Plot Title: 3S3G,2217,6/19/26 13:00,70.308,
Plot Title: 3S3G,2218,6/19/26 13:15,70.995,
Plot Title: 3S3G,2219,6/19/26 13:30,72.545,
Plot Title: 3S3G,2220,6/19/26 13:45,73.58,
Plot Title: 3S3G,2221,6/19/26 14:00,74.271,
Plot Title: 3S3G,2222,6/19/26 14:15,71.856,
Plot Title: 3S3G,2223,6/19/26 14:30,71.168,
Plot Title: 3S3G,2224,6/19/26 14:45,71.683,
Plot Title: 3S3G,2225,6/19/26 15:00,72.545,
Plot Title: 3S3G,2226,6/19/26 15:15,73.753,
Plot Title: 3S3G,2227,6/19/26 15:30,74.098,
Plot Title: 3S3G,2228,6/19/26 15:45,72.891,
Plot Title: 3S3G,2229,6/19/26 16:00,72.199,
Plot Title: 3S3G,2230,6/19/26 16:15,71.856,
Plot Title: 3S3G,2231,6/19/26 16:30,71.683,
Plot Title: 3S3G,2232,6/19/26 16:45,70.137,
Plot Title: 3S3G,2233,6/19/26 17:00,68.421,
Plot Title: 3S3G,2234,6/19/26 17:15,67.221,
Plot Title: 3S3G,2235,6/19/26 17:30,65.338,
Plot Title: 3S3G,2236,6/19/26 17:45,63.968,
Plot Title: 3S3G,2237,6/19/26 18:00,63.111,
Plot Title: 3S3G,2238,6/19/26 18:15,62.94,
Plot Title: 3S3G,2239,6/19/26 18:30,63.455,
Plot Title: 3S3G,2240,6/19/26 18:45,63.626,
Plot Title: 3S3G,2241,6/19/26 19:00,63.111,
Plot Title: 3S3G,2242,6/19/26 19:15,61.741,
Plot Title: 3S3G,2243,6/19/26 19:30,60.024,
Plot Title: 3S3G,2244,6/19/26 19:45,58.82,
Plot Title: 3S3G,2245,6/19/26 20:00,57.958,
Plot Title: 3S3G,2246,6/19/26 20:15,57.096,
Plot Title: 3S3G,2247,6/19/26 20:30,56.923,
Plot Title: 3S3G,2248,6/19/26 20:45,56.577,
Plot Title: 3S3G,2249,6/19/26 21:00,56.057,
Plot Title: 3S3G,2250,6/19/26 21:15,55.537,
Plot Title: 3S3G,2251,6/19/26 21:30,55.364,
Plot Title: 3S3G,2252,6/19/26 21:45,54.842,
Plot Title: 3S3G,2253,6/19/26 22:00,54.322,
Plot Title: 3S3G,2254,6/19/26 22:15,53.973,
Plot Title: 3S3G,2255,6/19/26 22:30,53.798,
Plot Title: 3S3G,2256,6/19/26 22:45,53.798,
Plot Title: 3S3G,2257,6/19/26 23:00,53.623,
Plot Title: 3S3G,2258,6/19/26 23:15,53.449,
Plot Title: 3S3G,2259,6/19/26 23:30,53.274,
Plot Title: 3S3G,2260,6/19/26 23:45,53.1,
Plot Title: 3S3G,2261,6/20/26 00:00,53.274,
Plot Title: 3S3G,2262,6/20/26 00:15,53.274,
Plot Title: 3S3G,2263,6/20/26 00:30,53.274,
Plot Title: 3S3G,2264,6/20/26 00:45,52.925,
Plot Title: 3S3G,2265,6/20/26 01:00,52.576,
Plot Title: 3S3G,2266,6/20/26 01:15,52.576,
Plot Title: 3S3G,2267,6/20/26 01:30,52.576,
Plot Title: 3S3G,2268,6/20/26 01:45,52.75,
Plot Title: 3S3G,2269,6/20/26 02:00,52.75,
Plot Title: 3S3G,2270,6/20/26 02:15,52.75,
Plot Title: 3S3G,2271,6/20/26 02:30,52.576,
Plot Title: 3S3G,2272,6/20/26 02:45,52.576,
Plot Title: 3S3G,2273,6/20/26 03:00,52.576,
Plot Title: 3S3G,2274,6/20/26 03:15,52.576,
Plot Title: 3S3G,2275,6/20/26 03:30,52.576,
Plot Title: 3S3G,2276,6/20/26 03:45,52.401,
Plot Title: 3S3G,2277,6/20/26 04:00,52.401,
Plot Title: 3S3G,2278,6/20/26 04:15,52.401,
Plot Title: 3S3G,2279,6/20/26 04:30,52.225,
Plot Title: 3S3G,2280,6/20/26 04:45,51.874,
Plot Title: 3S3G,2281,6/20/26 05:00,51.523,
Plot Title: 3S3G,2282,6/20/26 05:15,51.346,
Plot Title: 3S3G,2283,6/20/26 05:30,51.346,
Plot Title: 3S3G,2284,6/20/26 05:45,51.346,
Plot Title: 3S3G,2285,6/20/26 06:00,51.346,
Plot Title: 3S3G,2286,6/20/26 06:15,51.346,
Plot Title: 3S3G,2287,6/20/26 06:30,51.523,
Plot Title: 3S3G,2288,6/20/26 06:45,51.874,
Plot Title: 3S3G,2289,6/20/26 07:00,52.576,
Plot Title: 3S3G,2290,6/20/26 07:15,52.75,
Plot Title: 3S3G,2291,6/20/26 07:30,52.576,
Plot Title: 3S3G,2292,6/20/26 07:45,52.75,
Plot Title: 3S3G,2293,6/20/26 08:00,52.75,
Plot Title: 3S3G,2294,6/20/26 08:15,53.1,
Plot Title: 3S3G,2295,6/20/26 08:30,53.449,
Plot Title: 3S3G,2296,6/20/26 08:45,53.274,
Plot Title: 3S3G,2297,6/20/26 09:00,52.75,
Plot Title: 3S3G,2298,6/20/26 09:15,52.576,
Plot Title: 3S3G,2299,6/20/26 09:30,52.75,
Plot Title: 3S3G,2300,6/20/26 09:45,53.798,
Plot Title: 3S3G,2301,6/20/26 10:00,55.884,
Plot Title: 3S3G,2302,6/20/26 10:15,57.096,
Plot Title: 3S3G,2303,6/20/26 10:30,56.923,
Plot Title: 3S3G,2304,6/20/26 10:45,56.23,
Plot Title: 3S3G,2305,6/20/26 11:00,56.577,
Plot Title: 3S3G,2306,6/20/26 11:15,57.096,
Plot Title: 3S3G,2307,6/20/26 11:30,58.647,
Plot Title: 3S3G,2308,6/20/26 11:45,59.164,
Plot Title: 3S3G,2309,6/20/26 12:00,58.476,
Plot Title: 3S3G,2310,6/20/26 12:15,57.958,
Plot Title: 3S3G,2311,6/20/26 12:30,58.476,
Plot Title: 3S3G,2312,6/20/26 12:45,58.303,
Plot Title: 3S3G,2313,6/20/26 13:00,58.993,
Plot Title: 3S3G,2314,6/20/26 13:15,60.368,
Plot Title: 3S3G,2315,6/20/26 13:30,62.083,
Plot Title: 3S3G,2316,6/20/26 13:45,63.455,
Plot Title: 3S3G,2317,6/20/26 14:00,63.626,
Plot Title: 3S3G,2318,6/20/26 14:15,62.254,
Plot Title: 3S3G,2319,6/20/26 14:30,62.598,
Plot Title: 3S3G,2320,6/20/26 14:45,61.912,
Plot Title: 3S3G,2321,6/20/26 15:00,58.82,
Plot Title: 3S3G,2322,6/20/26 15:15,54.842,
Plot Title: 3S3G,2323,6/20/26 15:30,53.1,
Plot Title: 3S3G,2324,6/20/26 15:45,52.05,
Plot Title: 3S3G,2325,6/20/26 16:00,51.523,
Plot Title: 3S3G,2326,6/20/26 16:15,51.523,
Plot Title: 3S3G,2327,6/20/26 16:30,51.699,
Plot Title: 3S3G,2328,6/20/26 16:45,51.346,
Plot Title: 3S3G,2329,6/20/26 17:00,51.172,
Plot Title: 3S3G,2330,6/20/26 17:15,50.819,
Plot Title: 3S3G,2331,6/20/26 17:30,50.819,
Plot Title: 3S3G,2332,6/20/26 17:45,50.643,
Plot Title: 3S3G,2333,6/20/26 18:00,50.643,
Plot Title: 3S3G,2334,6/20/26 18:15,50.819,
Plot Title: 3S3G,2335,6/20/26 18:30,50.643,
Plot Title: 3S3G,2336,6/20/26 18:45,50.466,
Plot Title: 3S3G,2337,6/20/26 19:00,50.113,
Plot Title: 3S3G,2338,6/20/26 19:15,50.113,
Plot Title: 3S3G,2339,6/20/26 19:30,50.113,
Plot Title: 3S3G,2340,6/20/26 19:45,50.113,
Plot Title: 3S3G,2341,6/20/26 20:00,49.937,
Plot Title: 3S3G,2342,6/20/26 20:15,49.937,
Plot Title: 3S3G,2343,6/20/26 20:30,49.937,
Plot Title: 3S3G,2344,6/20/26 20:45,49.759,
Plot Title: 3S3G,2345,6/20/26 21:00,49.404,
Plot Title: 3S3G,2346,6/20/26 21:15,49.05,
Plot Title: 3S3G,2347,6/20/26 21:30,48.695,
Plot Title: 3S3G,2348,6/20/26 21:45,48.517,
Plot Title: 3S3G,2349,6/20/26 22:00,48.16,
Plot Title: 3S3G,2350,6/20/26 22:15,47.982,
Plot Title: 3S3G,2351,6/20/26 22:30,47.624,
Plot Title: 3S3G,2352,6/20/26 22:45,47.446,
Plot Title: 3S3G,2353,6/20/26 23:00,47.088,
Plot Title: 3S3G,2354,6/20/26 23:15,46.908,
Plot Title: 3S3G,2355,6/20/26 23:30,46.728,
Plot Title: 3S3G,2356,6/20/26 23:45,46.548,
Plot Title: 3S3G,2357,6/21/26 00:00,46.369,
Plot Title: 3S3G,2358,6/21/26 00:15,46.369,
Plot Title: 3S3G,2359,6/21/26 00:30,46.728,
Plot Title: 3S3G,2360,6/21/26 00:45,46.908,
Plot Title: 3S3G,2361,6/21/26 01:00,46.908,
Plot Title: 3S3G,2362,6/21/26 01:15,46.908,
Plot Title: 3S3G,2363,6/21/26 01:30,47.088,
Plot Title: 3S3G,2364,6/21/26 01:45,47.088,
Plot Title: 3S3G,2365,6/21/26 02:00,46.728,
Plot Title: 3S3G,2366,6/21/26 02:15,46.548,
Plot Title: 3S3G,2367,6/21/26 02:30,46.369,
Plot Title: 3S3G,2368,6/21/26 02:45,46.369,
Plot Title: 3S3G,2369,6/21/26 03:00,46.369,
Plot Title: 3S3G,2370,6/21/26 03:15,46.548,
Plot Title: 3S3G,2371,6/21/26 03:30,46.548,
Plot Title: 3S3G,2372,6/21/26 03:45,46.548,
Plot Title: 3S3G,2373,6/21/26 04:00,46.548,
Plot Title: 3S3G,2374,6/21/26 04:15,46.548,
Plot Title: 3S3G,2375,6/21/26 04:30,46.548,
Plot Title: 3S3G,2376,6/21/26 04:45,46.369,
Plot Title: 3S3G,2377,6/21/26 05:00,46.188,
Plot Title: 3S3G,2378,6/21/26 05:15,46.008,
Plot Title: 3S3G,2379,6/21/26 05:30,46.008,
Plot Title: 3S3G,2380,6/21/26 05:45,45.828,
Plot Title: 3S3G,2381,6/21/26 06:00,45.466,
Plot Title: 3S3G,2382,6/21/26 06:15,45.648,
Plot Title: 3S3G,2383,6/21/26 06:30,46.008,
Plot Title: 3S3G,2384,6/21/26 06:45,46.728,
Plot Title: 3S3G,2385,6/21/26 07:00,49.228,
Plot Title: 3S3G,2386,6/21/26 07:15,49.937,
Plot Title: 3S3G,2387,6/21/26 07:30,50.113,
Plot Title: 3S3G,2388,6/21/26 07:45,49.937,
Plot Title: 3S3G,2389,6/21/26 08:00,50.643,
Plot Title: 3S3G,2390,6/21/26 08:15,51.523,
Plot Title: 3S3G,2391,6/21/26 08:30,55.711,
Plot Title: 3S3G,2392,6/21/26 08:45,54.495,
Plot Title: 3S3G,2393,6/21/26 09:00,56.057,
Plot Title: 3S3G,2394,6/21/26 09:15,60.024,
Plot Title: 3S3G,2395,6/21/26 09:30,59.337,
Plot Title: 3S3G,2396,6/21/26 09:45,57.441,
Plot Title: 3S3G,2397,6/21/26 10:00,60.024,
Plot Title: 3S3G,2398,6/21/26 10:15,59.337,
Plot Title: 3S3G,2399,6/21/26 10:30,61.054,
Plot Title: 3S3G,2400,6/21/26 10:45,66.366,
Plot Title: 3S3G,2401,6/21/26 11:00,68.592,
Plot Title: 3S3G,2402,6/21/26 11:15,64.825,
Plot Title: 3S3G,2403,6/21/26 11:30,64.996,
Plot Title: 3S3G,2404,6/21/26 11:45,61.569,
Plot Title: 3S3G,2405,6/21/26 12:00,65.851,
Plot Title: 3S3G,2406,6/21/26 12:15,64.481,
Plot Title: 3S3G,2407,6/21/26 12:30,68.248,
Plot Title: 3S3G,2408,6/21/26 12:45,65.509,
Plot Title: 3S3G,2409,6/21/26 13:00,63.797,
Plot Title: 3S3G,2410,6/21/26 13:15,65.338,
Plot Title: 3S3G,2411,6/21/26 13:30,67.392,
Plot Title: 3S3G,2412,6/21/26 13:45,68.934,
Plot Title: 3S3G,2413,6/21/26 14:00,66.708,
Plot Title: 3S3G,2414,6/21/26 14:15,68.763,
Plot Title: 3S3G,2415,6/21/26 14:30,69.107,
Plot Title: 3S3G,2416,6/21/26 14:45,68.421,
Plot Title: 3S3G,2417,6/21/26 15:00,68.077,
Plot Title: 3S3G,2418,6/21/26 15:15,67.221,
Plot Title: 3S3G,2419,6/21/26 15:30,67.564,
Plot Title: 3S3G,2420,6/21/26 15:45,67.392,
Plot Title: 3S3G,2421,6/21/26 16:00,65.851,
Plot Title: 3S3G,2422,6/21/26 16:15,66.708,
Plot Title: 3S3G,2423,6/21/26 16:30,66.193,
Plot Title: 3S3G,2424,6/21/26 16:45,65.509,
Plot Title: 3S3G,2425,6/21/26 17:00,64.139,
Plot Title: 3S3G,2426,6/21/26 17:15,61.569,
Plot Title: 3S3G,2427,6/21/26 17:30,60.024,
Plot Title: 3S3G,2428,6/21/26 17:45,59.164,
Plot Title: 3S3G,2429,6/21/26 18:00,58.993,
Plot Title: 3S3G,2430,6/21/26 18:15,58.82,
Plot Title: 3S3G,2431,6/21/26 18:30,57.958,
Plot Title: 3S3G,2432,6/21/26 18:45,57.268,
Plot Title: 3S3G,2433,6/21/26 19:00,56.23,
Plot Title: 3S3G,2434,6/21/26 19:15,56.057,
Plot Title: 3S3G,2435,6/21/26 19:30,55.711,
Plot Title: 3S3G,2436,6/21/26 19:45,55.711,
Plot Title: 3S3G,2437,6/21/26 20:00,55.189,
Plot Title: 3S3G,2438,6/21/26 20:15,54.322,
Plot Title: 3S3G,2439,6/21/26 20:30,53.449,
Plot Title: 3S3G,2440,6/21/26 20:45,52.576,
Plot Title: 3S3G,2441,6/21/26 21:00,52.401,
Plot Title: 3S3G,2442,6/21/26 21:15,52.401,
Plot Title: 3S3G,2443,6/21/26 21:30,49.937,
Plot Title: 3S3G,2444,6/21/26 21:45,48.695,
Plot Title: 3S3G,2445,6/21/26 22:00,49.05,
Plot Title: 3S3G,2446,6/21/26 22:15,48.695,
Plot Title: 3S3G,2447,6/21/26 22:30,48.517,
Plot Title: 3S3G,2448,6/21/26 22:45,48.339,
Plot Title: 3S3G,2449,6/21/26 23:00,48.16,
Plot Title: 3S3G,2450,6/21/26 23:15,47.802,
Plot Title: 3S3G,2451,6/21/26 23:30,47.624,
Plot Title: 3S3G,2452,6/21/26 23:45,47.266,
Plot Title: 3S3G,2453,6/22/26 00:00,47.088,
Plot Title: 3S3G,2454,6/22/26 00:15,46.728,
Plot Title: 3S3G,2455,6/22/26 00:30,46.548,
Plot Title: 3S3G,2456,6/22/26 00:45,46.188,
Plot Title: 3S3G,2457,6/22/26 01:00,46.008,
Plot Title: 3S3G,2458,6/22/26 01:15,45.828,
Plot Title: 3S3G,2459,6/22/26 01:30,45.648,
Plot Title: 3S3G,2460,6/22/26 01:45,45.466,
Plot Title: 3S3G,2461,6/22/26 02:00,45.104,
Plot Title: 3S3G,2462,6/22/26 02:15,45.104,
Plot Title: 3S3G,2463,6/22/26 02:30,45.104,
Plot Title: 3S3G,2464,6/22/26 02:45,44.742,
Plot Title: 3S3G,2465,6/22/26 03:00,44.742,
Plot Title: 3S3G,2466,6/22/26 03:15,44.742,
Plot Title: 3S3G,2467,6/22/26 03:30,44.742,
Plot Title: 3S3G,2468,6/22/26 03:45,44.379,
Plot Title: 3S3G,2469,6/22/26 04:00,44.195,
Plot Title: 3S3G,2470,6/22/26 04:15,44.013,
Plot Title: 3S3G,2471,6/22/26 04:30,43.831,
Plot Title: 3S3G,2472,6/22/26 04:45,43.648,
Plot Title: 3S3G,2473,6/22/26 05:00,43.466,
Plot Title: 3S3G,2474,6/22/26 05:15,43.466,
Plot Title: 3S3G,2475,6/22/26 05:30,43.648,
Plot Title: 3S3G,2476,6/22/26 05:45,43.648,
Plot Title: 3S3G,2477,6/22/26 06:00,43.648,
Plot Title: 3S3G,2478,6/22/26 06:15,44.013,
Plot Title: 3S3G,2479,6/22/26 06:30,44.742,
Plot Title: 3S3G,2480,6/22/26 06:45,46.369,
Plot Title: 3S3G,2481,6/22/26 07:00,49.404,
Plot Title: 3S3G,2482,6/22/26 07:15,53.449,
Plot Title: 3S3G,2483,6/22/26 07:30,55.884,
Plot Title: 3S3G,2484,6/22/26 07:45,58.82,
Plot Title: 3S3G,2485,6/22/26 08:00,62.083,
Plot Title: 3S3G,2486,6/22/26 08:15,64.31,
Plot Title: 3S3G,2487,6/22/26 08:30,64.481,
Plot Title: 3S3G,2488,6/22/26 08:45,65.167,
Plot Title: 3S3G,2489,6/22/26 09:00,68.248,
Plot Title: 3S3G,2490,6/22/26 09:15,69.964,
Plot Title: 3S3G,2491,6/22/26 09:30,71.683,
Plot Title: 3S3G,2492,6/22/26 09:45,72.199,
Plot Title: 3S3G,2493,6/22/26 10:00,73.926,
Plot Title: 3S3G,2494,6/22/26 10:15,75.484,
Plot Title: 3S3G,2495,6/22/26 10:30,76.181,
Plot Title: 3S3G,2496,6/22/26 10:45,77.4,
Plot Title: 3S3G,2497,6/22/26 11:00,78.098,
Plot Title: 3S3G,2498,6/22/26 11:15,78.274,
Plot Title: 3S3G,2499,6/22/26 11:30,76.876,
Plot Title: 3S3G,2500,6/22/26 11:45,74.098,
Plot Title: 3S3G,2501,6/22/26 12:00,70.137,
Plot Title: 3S3G,2502,6/22/26 12:15,69.278,
Plot Title: 3S3G,2503,6/22/26 12:30,67.392,
Plot Title: 3S3G,2504,6/22/26 12:45,67.564,
Plot Title: 3S3G,2505,6/22/26 13:00,68.934,
Plot Title: 3S3G,2506,6/22/26 13:15,69.793,
Plot Title: 3S3G,2507,6/22/26 13:30,66.366,
Plot Title: 3S3G,2508,6/22/26 13:45,67.392,
Plot Title: 3S3G,2509,6/22/26 14:00,66.708,
Plot Title: 3S3G,2510,6/22/26 14:15,65.338,
Plot Title: 3S3G,2511,6/22/26 14:30,65.68,
Plot Title: 3S3G,2512,6/22/26 14:45,64.825,
Plot Title: 3S3G,2513,6/22/26 15:00,64.139,
Plot Title: 3S3G,2514,6/22/26 15:15,64.31,
Plot Title: 3S3G,2515,6/22/26 15:30,64.652,
Plot Title: 3S3G,2516,6/22/26 15:45,65.509,
Plot Title: 3S3G,2517,6/22/26 16:00,64.996,
Plot Title: 3S3G,2518,6/22/26 16:15,64.481,
Plot Title: 3S3G,2519,6/22/26 16:30,63.797,
Plot Title: 3S3G,2520,6/22/26 16:45,62.254,
Plot Title: 3S3G,2521,6/22/26 17:00,61.569,
Plot Title: 3S3G,2522,6/22/26 17:15,60.712,
Plot Title: 3S3G,2523,6/22/26 17:30,60.368,
Plot Title: 3S3G,2524,6/22/26 17:45,59.68,
Plot Title: 3S3G,2525,6/22/26 18:00,58.647,
Plot Title: 3S3G,2526,6/22/26 18:15,57.958,
Plot Title: 3S3G,2527,6/22/26 18:30,57.096,
Plot Title: 3S3G,2528,6/22/26 18:45,56.23,
Plot Title: 3S3G,2529,6/22/26 19:00,55.711,
Plot Title: 3S3G,2530,6/22/26 19:15,55.189,
Plot Title: 3S3G,2531,6/22/26 19:30,54.669,
Plot Title: 3S3G,2532,6/22/26 19:45,54.147,
Plot Title: 3S3G,2533,6/22/26 20:00,53.449,
Plot Title: 3S3G,2534,6/22/26 20:15,52.75,
Plot Title: 3S3G,2535,6/22/26 20:30,52.05,
Plot Title: 3S3G,2536,6/22/26 20:45,51.523,
Plot Title: 3S3G,2537,6/22/26 21:00,51.346,
Plot Title: 3S3G,2538,6/22/26 21:15,50.819,
Plot Title: 3S3G,2539,6/22/26 21:30,50.113,
Plot Title: 3S3G,2540,6/22/26 21:45,49.05,
Plot Title: 3S3G,2541,6/22/26 22:00,48.16,
Plot Title: 3S3G,2542,6/22/26 22:15,47.624,
Plot Title: 3S3G,2543,6/22/26 22:30,46.908,
Plot Title: 3S3G,2544,6/22/26 22:45,46.548,
Plot Title: 3S3G,2545,6/22/26 23:00,46.369,
Plot Title: 3S3G,2546,6/22/26 23:15,46.008,
Plot Title: 3S3G,2547,6/22/26 23:30,45.648,
Plot Title: 3S3G,2548,6/22/26 23:45,45.286,
Plot Title: 3S3G,2549,6/23/26 00:00,45.104,
Plot Title: 3S3G,2550,6/23/26 00:15,44.742,
Plot Title: 3S3G,2551,6/23/26 00:30,44.379,
Plot Title: 3S3G,2552,6/23/26 00:45,44.195,
Plot Title: 3S3G,2553,6/23/26 01:00,44.013,
Plot Title: 3S3G,2554,6/23/26 01:15,43.831,
Plot Title: 3S3G,2555,6/23/26 01:30,43.648,
Plot Title: 3S3G,2556,6/23/26 01:45,43.282,
Plot Title: 3S3G,2557,6/23/26 02:00,42.915,
Plot Title: 3S3G,2558,6/23/26 02:15,42.732,
Plot Title: 3S3G,2559,6/23/26 02:30,42.363,
Plot Title: 3S3G,2560,6/23/26 02:45,42.179,
Plot Title: 3S3G,2561,6/23/26 03:00,41.994,
Plot Title: 3S3G,2562,6/23/26 03:15,41.81,
Plot Title: 3S3G,2563,6/23/26 03:30,41.625,
Plot Title: 3S3G,2564,6/23/26 03:45,41.625,
Plot Title: 3S3G,2565,6/23/26 04:00,41.439,
Plot Title: 3S3G,2566,6/23/26 04:15,41.254,
Plot Title: 3S3G,2567,6/23/26 04:30,41.067,
Plot Title: 3S3G,2568,6/23/26 04:45,40.881,
Plot Title: 3S3G,2569,6/23/26 05:00,40.696,
Plot Title: 3S3G,2570,6/23/26 05:15,40.696,
Plot Title: 3S3G,2571,6/23/26 05:30,40.321,
Plot Title: 3S3G,2572,6/23/26 05:45,40.509,
Plot Title: 3S3G,2573,6/23/26 06:00,41.81,
Plot Title: 3S3G,2574,6/23/26 06:15,44.013,
Plot Title: 3S3G,2575,6/23/26 06:30,47.088,
Plot Title: 3S3G,2576,6/23/26 06:45,49.759,
Plot Title: 3S3G,2577,6/23/26 07:00,52.401,
Plot Title: 3S3G,2578,6/23/26 07:15,55.189,
Plot Title: 3S3G,2579,6/23/26 07:30,57.441,
Plot Title: 3S3G,2580,6/23/26 07:45,59.68,
Plot Title: 3S3G,2581,6/23/26 08:00,61.569,
Plot Title: 3S3G,2582,6/23/26 08:15,63.282,
Plot Title: 3S3G,2583,6/23/26 08:30,65.338,
Plot Title: 3S3G,2584,6/23/26 08:45,67.05,
Plot Title: 3S3G,2585,6/23/26 09:00,68.592,
Plot Title: 3S3G,2586,6/23/26 09:15,70.308,
Plot Title: 3S3G,2587,6/23/26 09:30,72.028,
Plot Title: 3S3G,2588,6/23/26 09:45,73.753,
Plot Title: 3S3G,2589,6/23/26 10:00,75.312,
Plot Title: 3S3G,2590,6/23/26 10:15,76.876,
Plot Title: 3S3G,2591,6/23/26 10:30,78.274,
Plot Title: 3S3G,2592,6/23/26 10:45,79.326,
Plot Title: 3S3G,2593,6/23/26 11:00,80.029,
Plot Title: 3S3G,2594,6/23/26 11:15,80.911,
Plot Title: 3S3G,2595,6/23/26 11:30,81.09,
Plot Title: 3S3G,2596,6/23/26 11:45,81.442,
Plot Title: 3S3G,2597,6/23/26 12:00,81.797,
Plot Title: 3S3G,2598,6/23/26 12:15,81.975,
Plot Title: 3S3G,2599,6/23/26 12:30,81.975,
Plot Title: 3S3G,2600,6/23/26 12:45,81.797,
Plot Title: 3S3G,2601,6/23/26 13:00,81.442,
Plot Title: 3S3G,2602,6/23/26 13:15,80.911,
Plot Title: 3S3G,2603,6/23/26 13:30,80.029,
Plot Title: 3S3G,2604,6/23/26 13:45,79.151,
Plot Title: 3S3G,2605,6/23/26 14:00,77.923,
Plot Title: 3S3G,2606,6/23/26 14:15,76.528,
Plot Title: 3S3G,2607,6/23/26 14:30,75.312,
Plot Title: 3S3G,2608,6/23/26 14:45,74.271,
Plot Title: 3S3G,2609,6/23/26 15:00,73.407,
Plot Title: 3S3G,2610,6/23/26 15:15,72.718,
Plot Title: 3S3G,2611,6/23/26 15:30,72.718,
Plot Title: 3S3G,2612,6/23/26 15:45,72.891,
Plot Title: 3S3G,2613,6/23/26 16:00,72.718,
Plot Title: 3S3G,2614,6/23/26 16:15,72.545,
Plot Title: 3S3G,2615,6/23/26 16:30,71.856,
Plot Title: 3S3G,2616,6/23/26 16:45,70.48,
Plot Title: 3S3G,2617,6/23/26 17:00,68.763,
Plot Title: 3S3G,2618,6/23/26 17:15,65.167,
Plot Title: 3S3G,2619,6/23/26 17:30,62.94,
Plot Title: 3S3G,2620,6/23/26 17:45,61.227,
Plot Title: 3S3G,2621,6/23/26 18:00,60.024,
Plot Title: 3S3G,2622,6/23/26 18:15,58.993,
Plot Title: 3S3G,2623,6/23/26 18:30,58.131,
Plot Title: 3S3G,2624,6/23/26 18:45,57.441,
Plot Title: 3S3G,2625,6/23/26 19:00,56.75,
Plot Title: 3S3G,2626,6/23/26 19:15,56.057,
Plot Title: 3S3G,2627,6/23/26 19:30,55.537,
Plot Title: 3S3G,2628,6/23/26 19:45,54.842,
Plot Title: 3S3G,2629,6/23/26 20:00,54.322,
Plot Title: 3S3G,2630,6/23/26 20:15,53.798,
Plot Title: 3S3G,2631,6/23/26 20:30,53.274,
Plot Title: 3S3G,2632,6/23/26 20:45,52.75,
Plot Title: 3S3G,2633,6/23/26 21:00,52.05,
Plot Title: 3S3G,2634,6/23/26 21:15,51.699,
Plot Title: 3S3G,2635,6/23/26 21:30,51.172,
Plot Title: 3S3G,2636,6/23/26 21:45,50.819,
Plot Title: 3S3G,2637,6/23/26 22:00,50.643,
Plot Title: 3S3G,2638,6/23/26 22:15,50.29,
Plot Title: 3S3G,2639,6/23/26 22:30,50.113,
Plot Title: 3S3G,2640,6/23/26 22:45,49.759,
Plot Title: 3S3G,2641,6/23/26 23:00,49.582,
Plot Title: 3S3G,2642,6/23/26 23:15,49.228,
Plot Title: 3S3G,2643,6/23/26 23:30,49.05,
Plot Title: 3S3G,2644,6/23/26 23:45,48.695,
Plot Title: 3S3G,2645,6/24/26 00:00,48.517,
Plot Title: 3S3G,2646,6/24/26 00:15,48.16,
Plot Title: 3S3G,2647,6/24/26 00:30,47.982,
Plot Title: 3S3G,2648,6/24/26 00:45,47.802,
Plot Title: 3S3G,2649,6/24/26 01:00,47.802,
Plot Title: 3S3G,2650,6/24/26 01:15,47.624,
Plot Title: 3S3G,2651,6/24/26 01:30,47.446,
Plot Title: 3S3G,2652,6/24/26 01:45,47.266,
Plot Title: 3S3G,2653,6/24/26 02:00,47.446,
Plot Title: 3S3G,2654,6/24/26 02:15,47.446,
Plot Title: 3S3G,2655,6/24/26 02:30,47.446,
Plot Title: 3S3G,2656,6/24/26 02:45,47.446,
Plot Title: 3S3G,2657,6/24/26 03:00,47.266,
Plot Title: 3S3G,2658,6/24/26 03:15,47.088,
Plot Title: 3S3G,2659,6/24/26 03:30,47.088,
Plot Title: 3S3G,2660,6/24/26 03:45,46.908,
Plot Title: 3S3G,2661,6/24/26 04:00,46.548,
Plot Title: 3S3G,2662,6/24/26 04:15,46.369,
Plot Title: 3S3G,2663,6/24/26 04:30,46.008,
Plot Title: 3S3G,2664,6/24/26 04:45,46.008,
Plot Title: 3S3G,2665,6/24/26 05:00,45.828,
Plot Title: 3S3G,2666,6/24/26 05:15,45.828,
Plot Title: 3S3G,2667,6/24/26 05:30,45.286,
Plot Title: 3S3G,2668,6/24/26 05:45,44.922,
Plot Title: 3S3G,2669,6/24/26 06:00,44.742,
Plot Title: 3S3G,2670,6/24/26 06:15,45.466,
Plot Title: 3S3G,2671,6/24/26 06:30,48.339,
Plot Title: 3S3G,2672,6/24/26 06:45,51.346,
Plot Title: 3S3G,2673,6/24/26 07:00,52.225,
Plot Title: 3S3G,2674,6/24/26 07:15,54.842,
Plot Title: 3S3G,2675,6/24/26 07:30,57.958,
Plot Title: 3S3G,2676,6/24/26 07:45,61.398,
Plot Title: 3S3G,2677,6/24/26 08:00,62.598,
Plot Title: 3S3G,2678,6/24/26 08:15,64.825,
Plot Title: 3S3G,2679,6/24/26 08:30,67.392,
Plot Title: 3S3G,2680,6/24/26 08:45,70.308,
Plot Title: 3S3G,2681,6/24/26 09:00,72.545,
Plot Title: 3S3G,2682,6/24/26 09:15,74.098,
Plot Title: 3S3G,2683,6/24/26 09:30,76.006,
Plot Title: 3S3G,2684,6/24/26 09:45,77.749,
Plot Title: 3S3G,2685,6/24/26 10:00,79.502,
Plot Title: 3S3G,2686,6/24/26 10:15,81.266,
Plot Title: 3S3G,2687,6/24/26 10:30,82.508,
Plot Title: 3S3G,2688,6/24/26 10:45,83.399,
Plot Title: 3S3G,2689,6/24/26 11:00,84.295,
Plot Title: 3S3G,2690,6/24/26 11:15,85.014,
Plot Title: 3S3G,2691,6/24/26 11:30,85.554,
Plot Title: 3S3G,2692,6/24/26 11:45,85.915,
Plot Title: 3S3G,2693,6/24/26 12:00,86.459,
Plot Title: 3S3G,2694,6/24/26 12:15,86.641,
Plot Title: 3S3G,2695,6/24/26 12:30,86.823,
Plot Title: 3S3G,2696,6/24/26 12:45,86.641,
Plot Title: 3S3G,2697,6/24/26 13:00,86.459,
Plot Title: 3S3G,2698,6/24/26 13:15,86.459,
Plot Title: 3S3G,2699,6/24/26 13:30,85.374,
Plot Title: 3S3G,2700,6/24/26 13:45,83.935,
Plot Title: 3S3G,2701,6/24/26 14:00,82.152,
Plot Title: 3S3G,2702,6/24/26 14:15,80.735,
Plot Title: 3S3G,2703,6/24/26 14:30,79.502,
Plot Title: 3S3G,2704,6/24/26 14:45,77.574,
Plot Title: 3S3G,2705,6/24/26 15:00,75.659,
Plot Title: 3S3G,2706,6/24/26 15:15,74.098,
Plot Title: 3S3G,2707,6/24/26 15:30,74.271,
Plot Title: 3S3G,2708,6/24/26 15:45,74.098,
Plot Title: 3S3G,2709,6/24/26 16:00,73.58,
Plot Title: 3S3G,2710,6/24/26 16:15,73.58,
Plot Title: 3S3G,2711,6/24/26 16:30,72.372,
Plot Title: 3S3G,2712,6/24/26 16:45,72.372,
Plot Title: 3S3G,2713,6/24/26 17:00,71.856,
Plot Title: 3S3G,2714,6/24/26 17:15,69.793,
Plot Title: 3S3G,2715,6/24/26 17:30,68.592,
Plot Title: 3S3G,2716,6/24/26 17:45,66.708,
Plot Title: 3S3G,2717,6/24/26 18:00,65.167,
Plot Title: 3S3G,2718,6/24/26 18:15,63.797,
Plot Title: 3S3G,2719,6/24/26 18:30,62.94,
Plot Title: 3S3G,2720,6/24/26 18:45,62.769,
Plot Title: 3S3G,2721,6/24/26 19:00,62.254,
Plot Title: 3S3G,2722,6/24/26 19:15,61.741,
Plot Title: 3S3G,2723,6/24/26 19:30,61.227,
Plot Title: 3S3G,2724,6/24/26 19:45,60.539,
Plot Title: 3S3G,2725,6/24/26 20:00,59.851,
Plot Title: 3S3G,2726,6/24/26 20:15,59.851,
Plot Title: 3S3G,2727,6/24/26 20:30,59.337,
Plot Title: 3S3G,2728,6/24/26 20:45,58.647,
Plot Title: 3S3G,2729,6/24/26 21:00,57.958,
Plot Title: 3S3G,2730,6/24/26 21:15,57.268,
Plot Title: 3S3G,2731,6/24/26 21:30,56.923,
Plot Title: 3S3G,2732,6/24/26 21:45,56.404,
Plot Title: 3S3G,2733,6/24/26 22:00,56.057,
Plot Title: 3S3G,2734,6/24/26 22:15,55.711,
Plot Title: 3S3G,2735,6/24/26 22:30,55.364,
Plot Title: 3S3G,2736,6/24/26 22:45,55.189,
Plot Title: 3S3G,2737,6/24/26 23:00,55.017,
Plot Title: 3S3G,2738,6/24/26 23:15,54.669,
Plot Title: 3S3G,2739,6/24/26 23:30,54.322,
Plot Title: 3S3G,2740,6/24/26 23:45,53.973,
Plot Title: 3S3G,2741,6/25/26 00:00,53.623,
Plot Title: 3S3G,2742,6/25/26 00:15,53.1,
Plot Title: 3S3G,2743,6/25/26 00:30,52.925,
Plot Title: 3S3G,2744,6/25/26 00:45,52.925,
Plot Title: 3S3G,2745,6/25/26 01:00,52.925,
Plot Title: 3S3G,2746,6/25/26 01:15,52.576,
Plot Title: 3S3G,2747,6/25/26 01:30,52.401,
Plot Title: 3S3G,2748,6/25/26 01:45,52.401,
Plot Title: 3S3G,2749,6/25/26 02:00,52.225,
Plot Title: 3S3G,2750,6/25/26 02:15,51.346,
Plot Title: 3S3G,2751,6/25/26 02:30,50.995,
Plot Title: 3S3G,2752,6/25/26 02:45,50.819,
Plot Title: 3S3G,2753,6/25/26 03:00,50.29,
Plot Title: 3S3G,2754,6/25/26 03:15,49.937,
Plot Title: 3S3G,2755,6/25/26 03:30,49.582,
Plot Title: 3S3G,2756,6/25/26 03:45,49.228,
Plot Title: 3S3G,2757,6/25/26 04:00,48.695,
Plot Title: 3S3G,2758,6/25/26 04:15,48.339,
Plot Title: 3S3G,2759,6/25/26 04:30,48.16,
Plot Title: 3S3G,2760,6/25/26 04:45,48.16,
Plot Title: 3S3G,2761,6/25/26 05:00,48.339,
Plot Title: 3S3G,2762,6/25/26 05:15,48.16,
Plot Title: 3S3G,2763,6/25/26 05:30,47.982,
Plot Title: 3S3G,2764,6/25/26 05:45,47.982,
Plot Title: 3S3G,2765,6/25/26 06:00,47.802,
Plot Title: 3S3G,2766,6/25/26 06:15,47.802,
Plot Title: 3S3G,2767,6/25/26 06:30,47.982,
Plot Title: 3S3G,2768,6/25/26 06:45,49.404,
Plot Title: 3S3G,2769,6/25/26 07:00,50.466,
Plot Title: 3S3G,2770,6/25/26 07:15,49.937,
Plot Title: 3S3G,2771,6/25/26 07:30,49.759,
Plot Title: 3S3G,2772,6/25/26 07:45,50.113,
Plot Title: 3S3G,2773,6/25/26 08:00,49.582,
Plot Title: 3S3G,2774,6/25/26 08:15,49.582,
Plot Title: 3S3G,2775,6/25/26 08:30,49.937,
Plot Title: 3S3G,2776,6/25/26 08:45,52.225,
Plot Title: 3S3G,2777,6/25/26 09:00,52.75,
Plot Title: 3S3G,2778,6/25/26 09:15,52.05,
Plot Title: 3S3G,2779,6/25/26 09:30,51.699,
Plot Title: 3S3G,2780,6/25/26 09:45,52.75,
Plot Title: 3S3G,2781,6/25/26 10:00,54.842,
Plot Title: 3S3G,2782,6/25/26 10:15,57.958,
Plot Title: 3S3G,2783,6/25/26 10:30,60.024,
Plot Title: 3S3G,2784,6/25/26 10:45,61.912,
Plot Title: 3S3G,2785,6/25/26 11:00,64.139,
Plot Title: 3S3G,2786,6/25/26 11:15,62.598,
Plot Title: 3S3G,2787,6/25/26 11:30,61.741,
Plot Title: 3S3G,2788,6/25/26 11:45,63.797,
Plot Title: 3S3G,2789,6/25/26 12:00,69.449,
Plot Title: 3S3G,2790,6/25/26 12:15,67.735,
Plot Title: 3S3G,2791,6/25/26 12:30,67.564,
Plot Title: 3S3G,2792,6/25/26 12:45,66.366,
Plot Title: 3S3G,2793,6/25/26 13:00,65.851,
Plot Title: 3S3G,2794,6/25/26 13:15,69.449,
Plot Title: 3S3G,2795,6/25/26 13:30,69.622,
Plot Title: 3S3G,2796,6/25/26 13:45,67.564,
Plot Title: 3S3G,2797,6/25/26 14:00,67.221,
Plot Title: 3S3G,2798,6/25/26 14:15,65.851,
Plot Title: 3S3G,2799,6/25/26 14:30,67.392,
Plot Title: 3S3G,2800,6/25/26 14:45,66.879,
Plot Title: 3S3G,2801,6/25/26 15:00,66.879,
Plot Title: 3S3G,2802,6/25/26 15:15,65.509,
Plot Title: 3S3G,2803,6/25/26 15:30,66.193,
Plot Title: 3S3G,2804,6/25/26 15:45,65.68,
Plot Title: 3S3G,2805,6/25/26 16:00,66.708,
Plot Title: 3S3G,2806,6/25/26 16:15,64.825,
Plot Title: 3S3G,2807,6/25/26 16:30,63.626,
Plot Title: 3S3G,2808,6/25/26 16:45,63.968,
Plot Title: 3S3G,2809,6/25/26 17:00,63.626,
Plot Title: 3S3G,2810,6/25/26 17:15,62.94,
Plot Title: 3S3G,2811,6/25/26 17:30,61.569,
Plot Title: 3S3G,2812,6/25/26 17:45,60.712,
Plot Title: 3S3G,2813,6/25/26 18:00,59.851,
Plot Title: 3S3G,2814,6/25/26 18:15,59.68,
Plot Title: 3S3G,2815,6/25/26 18:30,59.337,
Plot Title: 3S3G,2816,6/25/26 18:45,59.164,
Plot Title: 3S3G,2817,6/25/26 19:00,58.647,
Plot Title: 3S3G,2818,6/25/26 19:15,57.958,
Plot Title: 3S3G,2819,6/25/26 19:30,57.441,
Plot Title: 3S3G,2820,6/25/26 19:45,56.404,
Plot Title: 3S3G,2821,6/25/26 20:00,55.711,
Plot Title: 3S3G,2822,6/25/26 20:15,55.017,
Plot Title: 3S3G,2823,6/25/26 20:30,54.842,
Plot Title: 3S3G,2824,6/25/26 20:45,54.495,
Plot Title: 3S3G,2825,6/25/26 21:00,53.623,
Plot Title: 3S3G,2826,6/25/26 21:15,53.1,
Plot Title: 3S3G,2827,6/25/26 21:30,52.75,
Plot Title: 3S3G,2828,6/25/26 21:45,52.75,
Plot Title: 3S3G,2829,6/25/26 22:00,52.576,
Plot Title: 3S3G,2830,6/25/26 22:15,51.874,
Plot Title: 3S3G,2831,6/25/26 22:30,51.874,
Plot Title: 3S3G,2832,6/25/26 22:45,51.346,
Plot Title: 3S3G,2833,6/25/26 23:00,50.819,
Plot Title: 3S3G,2834,6/25/26 23:15,50.995,
Plot Title: 3S3G,2835,6/25/26 23:30,50.819,
Plot Title: 3S3G,2836,6/25/26 23:45,50.29,
Plot Title: 3S3G,2837,6/26/26 00:00,50.113,
Plot Title: 3S3G,2838,6/26/26 00:15,50.29,
Plot Title: 3S3G,2839,6/26/26 00:30,50.29,
Plot Title: 3S3G,2840,6/26/26 00:45,50.113,
Plot Title: 3S3G,2841,6/26/26 01:00,49.759,
Plot Title: 3S3G,2842,6/26/26 01:15,49.228,
Plot Title: 3S3G,2843,6/26/26 01:30,49.05,
Plot Title: 3S3G,2844,6/26/26 01:45,48.871,
Plot Title: 3S3G,2845,6/26/26 02:00,49.05,
Plot Title: 3S3G,2846,6/26/26 02:15,49.05,
Plot Title: 3S3G,2847,6/26/26 02:30,48.871,
Plot Title: 3S3G,2848,6/26/26 02:45,48.871,
Plot Title: 3S3G,2849,6/26/26 03:00,48.871,
Plot Title: 3S3G,2850,6/26/26 03:15,48.695,
Plot Title: 3S3G,2851,6/26/26 03:30,48.695,
Plot Title: 3S3G,2852,6/26/26 03:45,48.871,
Plot Title: 3S3G,2853,6/26/26 04:00,48.871,
Plot Title: 3S3G,2854,6/26/26 04:15,48.695,
Plot Title: 3S3G,2855,6/26/26 04:30,48.339,
Plot Title: 3S3G,2856,6/26/26 04:45,47.982,
Plot Title: 3S3G,2857,6/26/26 05:00,47.982,
Plot Title: 3S3G,2858,6/26/26 05:15,47.982,
Plot Title: 3S3G,2859,6/26/26 05:30,47.802,
Plot Title: 3S3G,2860,6/26/26 05:45,47.802,
Plot Title: 3S3G,2861,6/26/26 06:00,47.982,
Plot Title: 3S3G,2862,6/26/26 06:15,48.517,
Plot Title: 3S3G,2863,6/26/26 06:30,48.695,
Plot Title: 3S3G,2864,6/26/26 06:45,48.871,
Plot Title: 3S3G,2865,6/26/26 07:00,49.228,
Plot Title: 3S3G,2866,6/26/26 07:15,49.582,
Plot Title: 3S3G,2867,6/26/26 07:30,50.113,
Plot Title: 3S3G,2868,6/26/26 07:45,50.643,
Plot Title: 3S3G,2869,6/26/26 08:00,52.05,
Plot Title: 3S3G,2870,6/26/26 08:15,53.274,
Plot Title: 3S3G,2871,6/26/26 08:30,56.057,
Plot Title: 3S3G,2872,6/26/26 08:45,57.441,
Plot Title: 3S3G,2873,6/26/26 09:00,56.23,
Plot Title: 3S3G,2874,6/26/26 09:15,55.711,
Plot Title: 3S3G,2875,6/26/26 09:30,57.268,
Plot Title: 3S3G,2876,6/26/26 09:45,60.712,
Plot Title: 3S3G,2877,6/26/26 10:00,61.054,
Plot Title: 3S3G,2878,6/26/26 10:15,59.851,
Plot Title: 3S3G,2879,6/26/26 10:30,58.647,
Plot Title: 3S3G,2880,6/26/26 10:45,63.111,
Plot Title: 3S3G,2881,6/26/26 11:00,65.509,
Plot Title: 3S3G,2882,6/26/26 11:15,67.735,
Plot Title: 3S3G,2883,6/26/26 11:30,66.193,
Plot Title: 3S3G,2884,6/26/26 11:45,65.68,
Plot Title: 3S3G,2885,6/26/26 12:00,64.996,
Plot Title: 3S3G,2886,6/26/26 12:15,66.537,
Plot Title: 3S3G,2887,6/26/26 12:30,65.851,
Plot Title: 3S3G,2888,6/26/26 12:45,66.366,
Plot Title: 3S3G,2889,6/26/26 13:00,67.735,
Plot Title: 3S3G,2890,6/26/26 13:15,69.449,
Plot Title: 3S3G,2891,6/26/26 13:30,70.995,
Plot Title: 3S3G,2892,6/26/26 13:45,69.107,
Plot Title: 3S3G,2893,6/26/26 14:00,65.851,
Plot Title: 3S3G,2894,6/26/26 14:15,64.139,
Plot Title: 3S3G,2895,6/26/26 14:30,61.398,
Plot Title: 3S3G,2896,6/26/26 14:45,63.455,
Plot Title: 3S3G,2897,6/26/26 15:00,66.708,
Plot Title: 3S3G,2898,6/26/26 15:15,66.193,
Plot Title: 3S3G,2899,6/26/26 15:30,66.708,
Plot Title: 3S3G,2900,6/26/26 15:45,67.221,
Plot Title: 3S3G,2901,6/26/26 16:00,67.392,
Plot Title: 3S3G,2902,6/26/26 16:15,67.392,
Plot Title: 3S3G,2903,6/26/26 16:30,66.879,
Plot Title: 3S3G,2904,6/26/26 16:45,65.167,
Plot Title: 3S3G,2905,6/26/26 17:00,63.455,
Plot Title: 3S3G,2906,6/26/26 17:15,61.912,
Plot Title: 3S3G,2907,6/26/26 17:30,61.227,
Plot Title: 3S3G,2908,6/26/26 17:45,61.741,
Plot Title: 3S3G,2909,6/26/26 18:00,62.083,
Plot Title: 3S3G,2910,6/26/26 18:15,61.054,
Plot Title: 3S3G,2911,6/26/26 18:30,60.024,
Plot Title: 3S3G,2912,6/26/26 18:45,59.68,
Plot Title: 3S3G,2913,6/26/26 19:00,58.82,
Plot Title: 3S3G,2914,6/26/26 19:15,58.647,
Plot Title: 3S3G,2915,6/26/26 19:30,58.131,
Plot Title: 3S3G,2916,6/26/26 19:45,57.614,
Plot Title: 3S3G,2917,6/26/26 20:00,56.577,
Plot Title: 3S3G,2918,6/26/26 20:15,55.711,
Plot Title: 3S3G,2919,6/26/26 20:30,54.842,
Plot Title: 3S3G,2920,6/26/26 20:45,53.798,
Plot Title: 3S3G,2921,6/26/26 21:00,53.274,
Plot Title: 3S3G,2922,6/26/26 21:15,52.925,
Plot Title: 3S3G,2923,6/26/26 21:30,52.576,
Plot Title: 3S3G,2924,6/26/26 21:45,51.523,
Plot Title: 3S3G,2925,6/26/26 22:00,50.995,
Plot Title: 3S3G,2926,6/26/26 22:15,50.29,
Plot Title: 3S3G,2927,6/26/26 22:30,49.759,
Plot Title: 3S3G,2928,6/26/26 22:45,49.228,
Plot Title: 3S3G,2929,6/26/26 23:00,49.228,
Plot Title: 3S3G,2930,6/26/26 23:15,49.228,
Plot Title: 3S3G,2931,6/26/26 23:30,49.228,
Plot Title: 3S3G,2932,6/26/26 23:45,49.05,
Plot Title: 3S3G,2933,6/27/26 00:00,49.05,
Plot Title: 3S3G,2934,6/27/26 00:15,49.05,
Plot Title: 3S3G,2935,6/27/26 00:30,49.05,
Plot Title: 3S3G,2936,6/27/26 00:45,48.871,
Plot Title: 3S3G,2937,6/27/26 01:00,48.871,
Plot Title: 3S3G,2938,6/27/26 01:15,48.871,
Plot Title: 3S3G,2939,6/27/26 01:30,49.05,
Plot Title: 3S3G,2940,6/27/26 01:45,49.05,
Plot Title: 3S3G,2941,6/27/26 02:00,49.05,
Plot Title: 3S3G,2942,6/27/26 02:15,48.871,
Plot Title: 3S3G,2943,6/27/26 02:30,48.871,
Plot Title: 3S3G,2944,6/27/26 02:45,48.695,
Plot Title: 3S3G,2945,6/27/26 03:00,48.517,
Plot Title: 3S3G,2946,6/27/26 03:15,48.16,
Plot Title: 3S3G,2947,6/27/26 03:30,47.982,
Plot Title: 3S3G,2948,6/27/26 03:45,47.802,
Plot Title: 3S3G,2949,6/27/26 04:00,47.088,
Plot Title: 3S3G,2950,6/27/26 04:15,46.369,
Plot Title: 3S3G,2951,6/27/26 04:30,45.828,
Plot Title: 3S3G,2952,6/27/26 04:45,45.828,
Plot Title: 3S3G,2953,6/27/26 05:00,46.008,
Plot Title: 3S3G,2954,6/27/26 05:15,46.188,
Plot Title: 3S3G,2955,6/27/26 05:30,46.188,
Plot Title: 3S3G,2956,6/27/26 05:45,45.828,
Plot Title: 3S3G,2957,6/27/26 06:00,45.828,
Plot Title: 3S3G,2958,6/27/26 06:15,46.188,
Plot Title: 3S3G,2959,6/27/26 06:30,46.369,
Plot Title: 3S3G,2960,6/27/26 06:45,46.728,
Plot Title: 3S3G,2961,6/27/26 07:00,46.728,
Plot Title: 3S3G,2962,6/27/26 07:15,46.908,
Plot Title: 3S3G,2963,6/27/26 07:30,48.16,
Plot Title: 3S3G,2964,6/27/26 07:45,48.695,
Plot Title: 3S3G,2965,6/27/26 08:00,49.05,
Plot Title: 3S3G,2966,6/27/26 08:15,48.871,
Plot Title: 3S3G,2967,6/27/26 08:30,48.871,
Plot Title: 3S3G,2968,6/27/26 08:45,49.759,
Plot Title: 3S3G,2969,6/27/26 09:00,50.29,
Plot Title: 3S3G,2970,6/27/26 09:15,51.523,
Plot Title: 3S3G,2971,6/27/26 09:30,55.189,
Plot Title: 3S3G,2972,6/27/26 09:45,57.441,
Plot Title: 3S3G,2973,6/27/26 10:00,57.096,
Plot Title: 3S3G,2974,6/27/26 10:15,56.404,
Plot Title: 3S3G,2975,6/27/26 10:30,57.096,
Plot Title: 3S3G,2976,6/27/26 10:45,55.537,
Plot Title: 3S3G,2977,6/27/26 11:00,53.973,
Plot Title: 3S3G,2978,6/27/26 11:15,53.449,
Plot Title: 3S3G,2979,6/27/26 11:30,53.449,
Plot Title: 3S3G,2980,6/27/26 11:45,54.147,
Plot Title: 3S3G,2981,6/27/26 12:00,54.495,
Plot Title: 3S3G,2982,6/27/26 12:15,55.189,
Plot Title: 3S3G,2983,6/27/26 12:30,54.495,
Plot Title: 3S3G,2984,6/27/26 12:45,52.75,
Plot Title: 3S3G,2985,6/27/26 13:00,52.225,
Plot Title: 3S3G,2986,6/27/26 13:15,46.188,
Plot Title: 3S3G,2987,6/27/26 13:30,49.582,
Plot Title: 3S3G,2988,6/27/26 13:45,50.113,
Plot Title: 3S3G,2989,6/27/26 14:00,49.05,
Plot Title: 3S3G,2990,6/27/26 14:15,50.643,
Plot Title: 3S3G,2991,6/27/26 14:30,50.29,
Plot Title: 3S3G,2992,6/27/26 14:45,50.995,
Plot Title: 3S3G,2993,6/27/26 15:00,50.819,
Plot Title: 3S3G,2994,6/27/26 15:15,50.466,
Plot Title: 3S3G,2995,6/27/26 15:30,50.113,
Plot Title: 3S3G,2996,6/27/26 15:45,50.29,
Plot Title: 3S3G,2997,6/27/26 16:00,50.29,
Plot Title: 3S3G,2998,6/27/26 16:15,50.466,
Plot Title: 3S3G,2999,6/27/26 16:30,50.819,
Plot Title: 3S3G,3000,6/27/26 16:45,51.172,
Plot Title: 3S3G,3001,6/27/26 17:00,50.995,
Plot Title: 3S3G,3002,6/27/26 17:15,50.643,
Plot Title: 3S3G,3003,6/27/26 17:30,50.29,
Plot Title: 3S3G,3004,6/27/26 17:45,49.937,
Plot Title: 3S3G,3005,6/27/26 18:00,49.759,
Plot Title: 3S3G,3006,6/27/26 18:15,49.404,
Plot Title: 3S3G,3007,6/27/26 18:30,50.466,
Plot Title: 3S3G,3008,6/27/26 18:45,50.113,
Plot Title: 3S3G,3009,6/27/26 19:00,49.759,
Plot Title: 3S3G,3010,6/27/26 19:15,48.871,
Plot Title: 3S3G,3011,6/27/26 19:30,48.339,
Plot Title: 3S3G,3012,6/27/26 19:45,48.16,
Plot Title: 3S3G,3013,6/27/26 20:00,47.802,
Plot Title: 3S3G,3014,6/27/26 20:15,47.446,
Plot Title: 3S3G,3015,6/27/26 20:30,47.266,
Plot Title: 3S3G,3016,6/27/26 20:45,47.088,
Plot Title: 3S3G,3017,6/27/26 21:00,47.088,
Plot Title: 3S3G,3018,6/27/26 21:15,46.369,
Plot Title: 3S3G,3019,6/27/26 21:30,45.466,
Plot Title: 3S3G,3020,6/27/26 21:45,45.286,
Plot Title: 3S3G,3021,6/27/26 22:00,45.286,
Plot Title: 3S3G,3022,6/27/26 22:15,45.286,
Plot Title: 3S3G,3023,6/27/26 22:30,45.104,
Plot Title: 3S3G,3024,6/27/26 22:45,44.742,
Plot Title: 3S3G,3025,6/27/26 23:00,44.013,
Plot Title: 3S3G,3026,6/27/26 23:15,44.013,
Plot Title: 3S3G,3027,6/27/26 23:30,44.195,
Plot Title: 3S3G,3028,6/27/26 23:45,44.013,
Plot Title: 3S3G,3029,6/28/26 00:00,43.831,
Plot Title: 3S3G,3030,6/28/26 00:15,43.831,
Plot Title: 3S3G,3031,6/28/26 00:30,43.648,
Plot Title: 3S3G,3032,6/28/26 00:45,43.466,
Plot Title: 3S3G,3033,6/28/26 01:00,43.466,
Plot Title: 3S3G,3034,6/28/26 01:15,43.466,
Plot Title: 3S3G,3035,6/28/26 01:30,43.282,
Plot Title: 3S3G,3036,6/28/26 01:45,43.282,
Plot Title: 3S3G,3037,6/28/26 02:00,43.099,
Plot Title: 3S3G,3038,6/28/26 02:15,43.282,
Plot Title: 3S3G,3039,6/28/26 02:30,43.282,
Plot Title: 3S3G,3040,6/28/26 02:45,43.099,
Plot Title: 3S3G,3041,6/28/26 03:00,43.099,
Plot Title: 3S3G,3042,6/28/26 03:15,42.915,
Plot Title: 3S3G,3043,6/28/26 03:30,42.732,
Plot Title: 3S3G,3044,6/28/26 03:45,42.732,
Plot Title: 3S3G,3045,6/28/26 04:00,42.732,
Plot Title: 3S3G,3046,6/28/26 04:15,42.732,
Plot Title: 3S3G,3047,6/28/26 04:30,42.732,
Plot Title: 3S3G,3048,6/28/26 04:45,42.548,
Plot Title: 3S3G,3049,6/28/26 05:00,42.548,
Plot Title: 3S3G,3050,6/28/26 05:15,42.548,
Plot Title: 3S3G,3051,6/28/26 05:30,42.363,
Plot Title: 3S3G,3052,6/28/26 05:45,42.363,
Plot Title: 3S3G,3053,6/28/26 06:00,42.363,
Plot Title: 3S3G,3054,6/28/26 06:15,42.363,
Plot Title: 3S3G,3055,6/28/26 06:30,42.179,
Plot Title: 3S3G,3056,6/28/26 06:45,42.363,
Plot Title: 3S3G,3057,6/28/26 07:00,42.548,
Plot Title: 3S3G,3058,6/28/26 07:15,42.548,
Plot Title: 3S3G,3059,6/28/26 07:30,42.548,
Plot Title: 3S3G,3060,6/28/26 07:45,41.81,
Plot Title: 3S3G,3061,6/28/26 08:00,41.067,
Plot Title: 3S3G,3062,6/28/26 08:15,39.947,
Plot Title: 3S3G,3063,6/28/26 08:30,38.818,
Plot Title: 3S3G,3064,6/28/26 08:45,39.196,
Plot Title: 3S3G,3065,6/28/26 09:00,39.947,
Plot Title: 3S3G,3066,6/28/26 09:15,40.134,
Plot Title: 3S3G,3067,6/28/26 09:30,41.81,
Plot Title: 3S3G,3068,6/28/26 09:45,42.548,
Plot Title: 3S3G,3069,6/28/26 10:00,41.81,
Plot Title: 3S3G,3070,6/28/26 10:15,40.509,
Plot Title: 3S3G,3071,6/28/26 10:30,39.007,
Plot Title: 3S3G,3072,6/28/26 10:45,38.44,
Plot Title: 3S3G,3073,6/28/26 11:00,38.061,
Plot Title: 3S3G,3074,6/28/26 11:15,37.87,
Plot Title: 3S3G,3075,6/28/26 11:30,38.061,
Plot Title: 3S3G,3076,6/28/26 11:45,39.196,
Plot Title: 3S3G,3077,6/28/26 12:00,40.321,
Plot Title: 3S3G,3078,6/28/26 12:15,39.947,
Plot Title: 3S3G,3079,6/28/26 12:30,39.196,
Plot Title: 3S3G,3080,6/28/26 12:45,40.321,
Plot Title: 3S3G,3081,6/28/26 13:00,39.573,
Plot Title: 3S3G,3082,6/28/26 13:15,39.196,
Plot Title: 3S3G,3083,6/28/26 13:30,40.696,
Plot Title: 3S3G,3084,6/28/26 13:45,41.067,
Plot Title: 3S3G,3085,6/28/26 14:00,41.625,
Plot Title: 3S3G,3086,6/28/26 14:15,43.099,
Plot Title: 3S3G,3087,6/28/26 14:30,44.013,
Plot Title: 3S3G,3088,6/28/26 14:45,44.379,
Plot Title: 3S3G,3089,6/28/26 15:00,44.379,
Plot Title: 3S3G,3090,6/28/26 15:15,44.379,
Plot Title: 3S3G,3091,6/28/26 15:30,44.922,
Plot Title: 3S3G,3092,6/28/26 15:45,45.104,
Plot Title: 3S3G,3093,6/28/26 16:00,45.286,
Plot Title: 3S3G,3094,6/28/26 16:15,45.828,
Plot Title: 3S3G,3095,6/28/26 16:30,46.369,
Plot Title: 3S3G,3096,6/28/26 16:45,46.548,
Plot Title: 3S3G,3097,6/28/26 17:00,46.908,
Plot Title: 3S3G,3098,6/28/26 17:15,47.446,
Plot Title: 3S3G,3099,6/28/26 17:30,47.802,
Plot Title: 3S3G,3100,6/28/26 17:45,47.802,
Plot Title: 3S3G,3101,6/28/26 18:00,47.624,
Plot Title: 3S3G,3102,6/28/26 18:15,47.446,
Plot Title: 3S3G,3103,6/28/26 18:30,47.088,
Plot Title: 3S3G,3104,6/28/26 18:45,46.728,
Plot Title: 3S3G,3105,6/28/26 19:00,46.548,
Plot Title: 3S3G,3106,6/28/26 19:15,46.188,
Plot Title: 3S3G,3107,6/28/26 19:30,46.008,
Plot Title: 3S3G,3108,6/28/26 19:45,45.466,
Plot Title: 3S3G,3109,6/28/26 20:00,45.648,
Plot Title: 3S3G,3110,6/28/26 20:15,45.104,
Plot Title: 3S3G,3111,6/28/26 20:30,44.379,
Plot Title: 3S3G,3112,6/28/26 20:45,42.548,
Plot Title: 3S3G,3113,6/28/26 21:00,41.994,
Plot Title: 3S3G,3114,6/28/26 21:15,41.81,
Plot Title: 3S3G,3115,6/28/26 21:30,41.625,
Plot Title: 3S3G,3116,6/28/26 21:45,41.439,
Plot Title: 3S3G,3117,6/28/26 22:00,41.254,
Plot Title: 3S3G,3118,6/28/26 22:15,41.067,
Plot Title: 3S3G,3119,6/28/26 22:30,40.881,
Plot Title: 3S3G,3120,6/28/26 22:45,40.881,
Plot Title: 3S3G,3121,6/28/26 23:00,40.881,
Plot Title: 3S3G,3122,6/28/26 23:15,40.881,
Plot Title: 3S3G,3123,6/28/26 23:30,40.881,
Plot Title: 3S3G,3124,6/28/26 23:45,40.881,
Plot Title: 3S3G,3125,6/29/26 00:00,40.881,
Plot Title: 3S3G,3126,6/29/26 00:15,40.696,
Plot Title: 3S3G,3127,6/29/26 00:30,40.509,
Plot Title: 3S3G,3128,6/29/26 00:45,40.509,
Plot Title: 3S3G,3129,6/29/26 01:00,40.509,
Plot Title: 3S3G,3130,6/29/26 01:15,40.321,
Plot Title: 3S3G,3131,6/29/26 01:30,40.321,
Plot Title: 3S3G,3132,6/29/26 01:45,40.134,
Plot Title: 3S3G,3133,6/29/26 02:00,40.134,
Plot Title: 3S3G,3134,6/29/26 02:15,40.134,
Plot Title: 3S3G,3135,6/29/26 02:30,40.134,
Plot Title: 3S3G,3136,6/29/26 02:45,39.947,
Plot Title: 3S3G,3137,6/29/26 03:00,39.947,
Plot Title: 3S3G,3138,6/29/26 03:15,38.629,
Plot Title: 3S3G,3139,6/29/26 03:30,38.25,
Plot Title: 3S3G,3140,6/29/26 03:45,38.25,
Plot Title: 3S3G,3141,6/29/26 04:00,37.87,
Plot Title: 3S3G,3142,6/29/26 04:15,37.297,
Plot Title: 3S3G,3143,6/29/26 04:30,37.679,
Plot Title: 3S3G,3144,6/29/26 04:45,37.297,
Plot Title: 3S3G,3145,6/29/26 05:00,36.914,
Plot Title: 3S3G,3146,6/29/26 05:15,36.914,
Plot Title: 3S3G,3147,6/29/26 05:30,37.107,
Plot Title: 3S3G,3148,6/29/26 05:45,36.914,
Plot Title: 3S3G,3149,6/29/26 06:00,36.723,
Plot Title: 3S3G,3150,6/29/26 06:15,36.723,
Plot Title: 3S3G,3151,6/29/26 06:30,36.723,
Plot Title: 3S3G,3152,6/29/26 06:45,36.914,
Plot Title: 3S3G,3153,6/29/26 07:00,37.107,
Plot Title: 3S3G,3154,6/29/26 07:15,37.488,
Plot Title: 3S3G,3155,6/29/26 07:30,37.679,
Plot Title: 3S3G,3156,6/29/26 07:45,37.107,
Plot Title: 3S3G,3157,6/29/26 08:00,36.145,
Plot Title: 3S3G,3158,6/29/26 08:15,35.951,
Plot Title: 3S3G,3159,6/29/26 08:30,36.145,
Plot Title: 3S3G,3160,6/29/26 08:45,36.338,
Plot Title: 3S3G,3161,6/29/26 09:00,36.338,
Plot Title: 3S3G,3162,6/29/26 09:15,36.531,
Plot Title: 3S3G,3163,6/29/26 09:30,36.531,
Plot Title: 3S3G,3164,6/29/26 09:45,36.531,
Plot Title: 3S3G,3165,6/29/26 10:00,36.723,
Plot Title: 3S3G,3166,6/29/26 10:15,36.723,
Plot Title: 3S3G,3167,6/29/26 10:30,36.723,
Plot Title: 3S3G,3168,6/29/26 10:45,36.531,
Plot Title: 3S3G,3169,6/29/26 11:00,36.531,
Plot Title: 3S3G,3170,6/29/26 11:15,36.723,
Plot Title: 3S3G,3171,6/29/26 11:30,37.107,
Plot Title: 3S3G,3172,6/29/26 11:45,37.297,
Plot Title: 3S3G,3173,6/29/26 12:00,37.488,
Plot Title: 3S3G,3174,6/29/26 12:15,37.488,
Plot Title: 3S3G,3175,6/29/26 12:30,37.679,
Plot Title: 3S3G,3176,6/29/26 12:45,37.679,
Plot Title: 3S3G,3177,6/29/26 13:00,37.679,
Plot Title: 3S3G,3178,6/29/26 13:15,37.679,
Plot Title: 3S3G,3179,6/29/26 13:30,37.87,
Plot Title: 3S3G,3180,6/29/26 13:45,37.679,
Plot Title: 3S3G,3181,6/29/26 14:00,37.297,
Plot Title: 3S3G,3182,6/29/26 14:15,37.297,
Plot Title: 3S3G,3183,6/29/26 14:30,37.297,
Plot Title: 3S3G,3184,6/29/26 14:45,37.488,
Plot Title: 3S3G,3185,6/29/26 15:00,37.679,
Plot Title: 3S3G,3186,6/29/26 15:15,37.679,
Plot Title: 3S3G,3187,6/29/26 15:30,37.679,
Plot Title: 3S3G,3188,6/29/26 15:45,37.488,
Plot Title: 3S3G,3189,6/29/26 16:00,37.488,
Plot Title: 3S3G,3190,6/29/26 16:15,37.679,
Plot Title: 3S3G,3191,6/29/26 16:30,37.679,
Plot Title: 3S3G,3192,6/29/26 16:45,37.488,
Plot Title: 3S3G,3193,6/29/26 17:00,37.488,
Plot Title: 3S3G,3194,6/29/26 17:15,37.488,
Plot Title: 3S3G,3195,6/29/26 17:30,37.679,
Plot Title: 3S3G,3196,6/29/26 17:45,37.488,
Plot Title: 3S3G,3197,6/29/26 18:00,37.297,
Plot Title: 3S3G,3198,6/29/26 18:15,37.107,
Plot Title: 3S3G,3199,6/29/26 18:30,37.107,
Plot Title: 3S3G,3200,6/29/26 18:45,37.107,
Plot Title: 3S3G,3201,6/29/26 19:00,37.107,
Plot Title: 3S3G,3202,6/29/26 19:15,37.107,
Plot Title: 3S3G,3203,6/29/26 19:30,37.107,
Plot Title: 3S3G,3204,6/29/26 19:45,37.107,
Plot Title: 3S3G,3205,6/29/26 20:00,37.107,
Plot Title: 3S3G,3206,6/29/26 20:15,37.107,
Plot Title: 3S3G,3207,6/29/26 20:30,37.107,
Plot Title: 3S3G,3208,6/29/26 20:45,37.107,
Plot Title: 3S3G,3209,6/29/26 21:00,37.107,
Plot Title: 3S3G,3210,6/29/26 21:15,37.107,
Plot Title: 3S3G,3211,6/29/26 21:30,37.107,
Plot Title: 3S3G,3212,6/29/26 21:45,37.107,
Plot Title: 3S3G,3213,6/29/26 22:00,37.107,
Plot Title: 3S3G,3214,6/29/26 22:15,37.107,
Plot Title: 3S3G,3215,6/29/26 22:30,37.107,
Plot Title: 3S3G,3216,6/29/26 22:45,37.107,
Plot Title: 3S3G,3217,6/29/26 23:00,37.107,
Plot Title: 3S3G,3218,6/29/26 23:15,37.297,
Plot Title: 3S3G,3219,6/29/26 23:30,37.297,
Plot Title: 3S3G,3220,6/29/26 23:45,37.297,
Plot Title: 3S3G,3221,6/30/26 00:00,37.297,
Plot Title: 3S3G,3222,6/30/26 00:15,37.297,
Plot Title: 3S3G,3223,6/30/26 00:30,37.297,
Plot Title: 3S3G,3224,6/30/26 00:45,37.297,
Plot Title: 3S3G,3225,6/30/26 01:00,37.297,
Plot Title: 3S3G,3226,6/30/26 01:15,37.297,
Plot Title: 3S3G,3227,6/30/26 01:30,37.297,
Plot Title: 3S3G,3228,6/30/26 01:45,37.297,
Plot Title: 3S3G,3229,6/30/26 02:00,37.488,
Plot Title: 3S3G,3230,6/30/26 02:15,37.488,
Plot Title: 3S3G,3231,6/30/26 02:30,37.488,
Plot Title: 3S3G,3232,6/30/26 02:45,37.488,
Plot Title: 3S3G,3233,6/30/26 03:00,37.488,
Plot Title: 3S3G,3234,6/30/26 03:15,37.488,
Plot Title: 3S3G,3235,6/30/26 03:30,37.679,
Plot Title: 3S3G,3236,6/30/26 03:45,37.679,
Plot Title: 3S3G,3237,6/30/26 04:00,37.679,
Plot Title: 3S3G,3238,6/30/26 04:15,37.679,
Plot Title: 3S3G,3239,6/30/26 04:30,37.87,
Plot Title: 3S3G,3240,6/30/26 04:45,37.87,
Plot Title: 3S3G,3241,6/30/26 05:00,37.87,
Plot Title: 3S3G,3242,6/30/26 05:15,37.87,
Plot Title: 3S3G,3243,6/30/26 05:30,37.488,
Plot Title: 3S3G,3244,6/30/26 05:45,37.107,
Plot Title: 3S3G,3245,6/30/26 06:00,37.107,
Plot Title: 3S3G,3246,6/30/26 06:15,37.107,
Plot Title: 3S3G,3247,6/30/26 06:30,37.297,
Plot Title: 3S3G,3248,6/30/26 06:45,37.488,
Plot Title: 3S3G,3249,6/30/26 07:00,37.87,
Plot Title: 3S3G,3250,6/30/26 07:15,38.061,
Plot Title: 3S3G,3251,6/30/26 07:30,38.25,
Plot Title: 3S3G,3252,6/30/26 07:45,38.818,
Plot Title: 3S3G,3253,6/30/26 08:00,41.439,
Plot Title: 3S3G,3254,6/30/26 08:15,44.922,
Plot Title: 3S3G,3255,6/30/26 08:30,46.908,
Plot Title: 3S3G,3256,6/30/26 08:45,48.16,
Plot Title: 3S3G,3257,6/30/26 09:00,50.29,
Plot Title: 3S3G,3258,6/30/26 09:15,51.699,
Plot Title: 3S3G,3259,6/30/26 09:30,50.819,
Plot Title: 3S3G,3260,6/30/26 09:45,52.05,
Plot Title: 3S3G,3261,6/30/26 10:00,51.874,
Plot Title: 3S3G,3262,6/30/26 10:15,51.874,
Plot Title: 3S3G,3263,6/30/26 10:30,57.268,
Plot Title: 3S3G,3264,6/30/26 10:45,53.798,
Plot Title: 3S3G,3265,6/30/26 11:00,53.449,
Plot Title: 3S3G,3266,6/30/26 11:15,55.711,
Plot Title: 3S3G,3267,6/30/26 11:30,56.75,
Plot Title: 3S3G,3268,6/30/26 11:45,56.057,
Plot Title: 3S3G,3269,6/30/26 12:00,57.958,
Plot Title: 3S3G,3270,6/30/26 12:15,56.75,
Plot Title: 3S3G,3271,6/30/26 12:30,55.364,
Plot Title: 3S3G,3272,6/30/26 12:45,54.322,
Plot Title: 3S3G,3273,6/30/26 13:00,55.711,
Plot Title: 3S3G,3274,6/30/26 13:15,55.884,
Plot Title: 3S3G,3275,6/30/26 13:30,57.096,
Plot Title: 3S3G,3276,6/30/26 13:45,56.404,
Plot Title: 3S3G,3277,6/30/26 14:00,56.404,
Plot Title: 3S3G,3278,6/30/26 14:15,58.82,
Plot Title: 3S3G,3279,6/30/26 14:30,58.82,
Plot Title: 3S3G,3280,6/30/26 14:45,58.476,
Plot Title: 3S3G,3281,6/30/26 15:00,58.303,
Plot Title: 3S3G,3282,6/30/26 15:15,59.164,
Plot Title: 3S3G,3283,6/30/26 15:30,58.82,
Plot Title: 3S3G,3284,6/30/26 15:45,59.337,
Plot Title: 3S3G,3285,6/30/26 16:00,61.054,
Plot Title: 3S3G,3286,6/30/26 16:15,60.712,
Plot Title: 3S3G,3287,6/30/26 16:30,59.851,
Plot Title: 3S3G,3288,6/30/26 16:45,58.82,
Plot Title: 3S3G,3289,6/30/26 17:00,57.441,
Plot Title: 3S3G,3290,6/30/26 17:15,57.268,
Plot Title: 3S3G,3291,6/30/26 17:30,56.923,
Plot Title: 3S3G,3292,6/30/26 17:45,56.404,
Plot Title: 3S3G,3293,6/30/26 18:00,55.711,
Plot Title: 3S3G,3294,6/30/26 18:15,54.669,
Plot Title: 3S3G,3295,6/30/26 18:30,53.449,
Plot Title: 3S3G,3296,6/30/26 18:45,53.274,
Plot Title: 3S3G,3297,6/30/26 19:00,52.75,
Plot Title: 3S3G,3298,6/30/26 19:15,52.401,
Plot Title: 3S3G,3299,6/30/26 19:30,51.874,
Plot Title: 3S3G,3300,6/30/26 19:45,51.699,
Plot Title: 3S3G,3301,6/30/26 20:00,51.172,
Plot Title: 3S3G,3302,6/30/26 20:15,50.29,
Plot Title: 3S3G,3303,6/30/26 20:30,49.228,
Plot Title: 3S3G,3304,6/30/26 20:45,48.16,
Plot Title: 3S3G,3305,6/30/26 21:00,47.266,
Plot Title: 3S3G,3306,6/30/26 21:15,46.548,
Plot Title: 3S3G,3307,6/30/26 21:30,45.828,
Plot Title: 3S3G,3308,6/30/26 21:45,45.286,
Plot Title: 3S3G,3309,6/30/26 22:00,44.922,
Plot Title: 3S3G,3310,6/30/26 22:15,44.379,
Plot Title: 3S3G,3311,6/30/26 22:30,44.013,
Plot Title: 3S3G,3312,6/30/26 22:45,43.648,
Plot Title: 3S3G,3313,6/30/26 23:00,43.282,
Plot Title: 3S3G,3314,6/30/26 23:15,43.099,
Plot Title: 3S3G,3315,6/30/26 23:30,42.915,
Plot Title: 3S3G,3316,6/30/26 23:45,42.548,
Plot Title: 3S3G,3317,7/1/26 00:00,42.179,
Plot Title: 3S3G,3318,7/1/26 00:15,41.994,
Plot Title: 3S3G,3319,7/1/26 00:30,41.81,
Plot Title: 3S3G,3320,7/1/26 00:45,41.625,
Plot Title: 3S3G,3321,7/1/26 01:00,41.254,
Plot Title: 3S3G,3322,7/1/26 01:15,41.254,
Plot Title: 3S3G,3323,7/1/26 01:30,41.254,
Plot Title: 3S3G,3324,7/1/26 01:45,41.067,
Plot Title: 3S3G,3325,7/1/26 02:00,40.881,
Plot Title: 3S3G,3326,7/1/26 02:15,40.696,
Plot Title: 3S3G,3327,7/1/26 02:30,40.696,
Plot Title: 3S3G,3328,7/1/26 02:45,40.696,
Plot Title: 3S3G,3329,7/1/26 03:00,40.696,
Plot Title: 3S3G,3330,7/1/26 03:15,40.509,
Plot Title: 3S3G,3331,7/1/26 03:30,40.321,
Plot Title: 3S3G,3332,7/1/26 03:45,40.321,
Plot Title: 3S3G,3333,7/1/26 04:00,40.134,
Plot Title: 3S3G,3334,7/1/26 04:15,39.947,
Plot Title: 3S3G,3335,7/1/26 04:30,39.76,
Plot Title: 3S3G,3336,7/1/26 04:45,39.573,
Plot Title: 3S3G,3337,7/1/26 05:00,39.573,
Plot Title: 3S3G,3338,7/1/26 05:15,39.384,
Plot Title: 3S3G,3339,7/1/26 05:30,39.384,
Plot Title: 3S3G,3340,7/1/26 05:45,39.384,
Plot Title: 3S3G,3341,7/1/26 06:00,40.321,
Plot Title: 3S3G,3342,7/1/26 06:15,41.994,
Plot Title: 3S3G,3343,7/1/26 06:30,44.742,
Plot Title: 3S3G,3344,7/1/26 06:45,47.446,
Plot Title: 3S3G,3345,7/1/26 07:00,50.466,
Plot Title: 3S3G,3346,7/1/26 07:15,53.1,
Plot Title: 3S3G,3347,7/1/26 07:30,55.884,
Plot Title: 3S3G,3348,7/1/26 07:45,58.647,
Plot Title: 3S3G,3349,7/1/26 08:00,61.054,
Plot Title: 3S3G,3350,7/1/26 08:15,63.626,
Plot Title: 3S3G,3351,7/1/26 08:30,65.68,
Plot Title: 3S3G,3352,7/1/26 08:45,67.906,
Plot Title: 3S3G,3353,7/1/26 09:00,69.622,
Plot Title: 3S3G,3354,7/1/26 09:15,71.339,
Plot Title: 3S3G,3355,7/1/26 09:30,72.891,
Plot Title: 3S3G,3356,7/1/26 09:45,74.964,
Plot Title: 3S3G,3357,7/1/26 10:00,76.181,
Plot Title: 3S3G,3358,7/1/26 10:15,70.48,
Plot Title: 3S3G,3359,7/1/26 10:30,71.683,
Plot Title: 3S3G,3360,7/1/26 10:45,76.354,
Plot Title: 3S3G,3361,7/1/26 11:00,72.545,
Plot Title: 3S3G,3362,7/1/26 11:15,69.278,
Plot Title: 3S3G,3363,7/1/26 11:30,69.449,
Plot Title: 3S3G,3364,7/1/26 11:45,69.622,
Plot Title: 3S3G,3365,7/1/26 12:00,70.48,
Plot Title: 3S3G,3366,7/1/26 12:15,67.05,
Plot Title: 3S3G,3367,7/1/26 12:30,66.193,
Plot Title: 3S3G,3368,7/1/26 12:45,64.31,
Plot Title: 3S3G,3369,7/1/26 13:00,59.68,
Plot Title: 3S3G,3370,7/1/26 13:15,57.441,
Plot Title: 3S3G,3371,7/1/26 13:30,64.481,
Plot Title: 3S3G,3372,7/1/26 13:45,68.592,
Plot Title: 3S3G,3373,7/1/26 14:00,69.449,
Plot Title: 3S3G,3374,7/1/26 14:15,68.934,
Plot Title: 3S3G,3375,7/1/26 14:30,68.248,
Plot Title: 3S3G,3376,7/1/26 14:45,67.906,
Plot Title: 3S3G,3377,7/1/26 15:00,65.509,
Plot Title: 3S3G,3378,7/1/26 15:15,62.083,
Plot Title: 3S3G,3379,7/1/26 15:30,60.712,
Plot Title: 3S3G,3380,7/1/26 15:45,51.699,
Plot Title: 3S3G,3381,7/1/26 16:00,56.404,
Plot Title: 3S3G,3382,7/1/26 16:15,58.647,
Plot Title: 3S3G,3383,7/1/26 16:30,59.508,
Plot Title: 3S3G,3384,7/1/26 16:45,58.993,
Plot Title: 3S3G,3385,7/1/26 17:00,58.647,
Plot Title: 3S3G,3386,7/1/26 17:15,58.131,
Plot Title: 3S3G,3387,7/1/26 17:30,57.614,
Plot Title: 3S3G,3388,7/1/26 17:45,56.75,
Plot Title: 3S3G,3389,7/1/26 18:00,55.189,
Plot Title: 3S3G,3390,7/1/26 18:15,53.274,
Plot Title: 3S3G,3391,7/1/26 18:30,52.225,
Plot Title: 3S3G,3392,7/1/26 18:45,51.346,
Plot Title: 3S3G,3393,7/1/26 19:00,51.346,
Plot Title: 3S3G,3394,7/1/26 19:15,51.699,
Plot Title: 3S3G,3395,7/1/26 19:30,51.523,
Plot Title: 3S3G,3396,7/1/26 19:45,50.995,
Plot Title: 3S3G,3397,7/1/26 20:00,50.466,
Plot Title: 3S3G,3398,7/1/26 20:15,50.466,
Plot Title: 3S3G,3399,7/1/26 20:30,50.466,
Plot Title: 3S3G,3400,7/1/26 20:45,50.29,
Plot Title: 3S3G,3401,7/1/26 21:00,49.759,
Plot Title: 3S3G,3402,7/1/26 21:15,49.228,
Plot Title: 3S3G,3403,7/1/26 21:30,48.871,
Plot Title: 3S3G,3404,7/1/26 21:45,48.517,
Plot Title: 3S3G,3405,7/1/26 22:00,48.339,
Plot Title: 3S3G,3406,7/1/26 22:15,47.982,
Plot Title: 3S3G,3407,7/1/26 22:30,47.624,
Plot Title: 3S3G,3408,7/1/26 22:45,47.266,
Plot Title: 3S3G,3409,7/1/26 23:00,46.908,
Plot Title: 3S3G,3410,7/1/26 23:15,46.728,
Plot Title: 3S3G,3411,7/1/26 23:30,46.369,
Plot Title: 3S3G,3412,7/1/26 23:45,46.008,
Plot Title: 3S3G,3413,7/2/26 00:00,45.648,
Plot Title: 3S3G,3414,7/2/26 00:15,45.648,
Plot Title: 3S3G,3415,7/2/26 00:30,45.828,
Plot Title: 3S3G,3416,7/2/26 00:45,46.008,
Plot Title: 3S3G,3417,7/2/26 01:00,46.008,
Plot Title: 3S3G,3418,7/2/26 01:15,46.008,
Plot Title: 3S3G,3419,7/2/26 01:30,46.008,
Plot Title: 3S3G,3420,7/2/26 01:45,45.828,
Plot Title: 3S3G,3421,7/2/26 02:00,45.466,
Plot Title: 3S3G,3422,7/2/26 02:15,45.286,
Plot Title: 3S3G,3423,7/2/26 02:30,44.742,
Plot Title: 3S3G,3424,7/2/26 02:45,44.195,
Plot Title: 3S3G,3425,7/2/26 03:00,43.831,
Plot Title: 3S3G,3426,7/2/26 03:15,43.466,
Plot Title: 3S3G,3427,7/2/26 03:30,43.099,
Plot Title: 3S3G,3428,7/2/26 03:45,42.915,
Plot Title: 3S3G,3429,7/2/26 04:00,42.732,
Plot Title: 3S3G,3430,7/2/26 04:15,42.548,
Plot Title: 3S3G,3431,7/2/26 04:30,42.548,
Plot Title: 3S3G,3432,7/2/26 04:45,42.548,
Plot Title: 3S3G,3433,7/2/26 05:00,42.548,
Plot Title: 3S3G,3434,7/2/26 05:15,42.363,
Plot Title: 3S3G,3435,7/2/26 05:30,41.994,
Plot Title: 3S3G,3436,7/2/26 05:45,41.994,
Plot Title: 3S3G,3437,7/2/26 06:00,42.363,
Plot Title: 3S3G,3438,7/2/26 06:15,44.195,
Plot Title: 3S3G,3439,7/2/26 06:30,46.728,
Plot Title: 3S3G,3440,7/2/26 06:45,50.113,
Plot Title: 3S3G,3441,7/2/26 07:00,53.274,
Plot Title: 3S3G,3442,7/2/26 07:15,56.404,
Plot Title: 3S3G,3443,7/2/26 07:30,59.164,
Plot Title: 3S3G,3444,7/2/26 07:45,61.741,
Plot Title: 3S3G,3445,7/2/26 08:00,64.139,
Plot Title: 3S3G,3446,7/2/26 08:15,66.022,
Plot Title: 3S3G,3447,7/2/26 08:30,67.906,
Plot Title: 3S3G,3448,7/2/26 08:45,69.107,
Plot Title: 3S3G,3449,7/2/26 09:00,69.964,
Plot Title: 3S3G,3450,7/2/26 09:15,71.339,
Plot Title: 3S3G,3451,7/2/26 09:30,70.824,
Plot Title: 3S3G,3452,7/2/26 09:45,68.421,
Plot Title: 3S3G,3453,7/2/26 10:00,68.592,
Plot Title: 3S3G,3454,7/2/26 10:15,65.851,
Plot Title: 3S3G,3455,7/2/26 10:30,64.31,
Plot Title: 3S3G,3456,7/2/26 10:45,63.626,
Plot Title: 3S3G,3457,7/2/26 11:00,63.797,
Plot Title: 3S3G,3458,7/2/26 11:15,64.825,
Plot Title: 3S3G,3459,7/2/26 11:30,71.856,
Plot Title: 3S3G,3460,7/2/26 11:45,75.312,
Plot Title: 3S3G,3461,7/2/26 12:00,73.926,
Plot Title: 3S3G,3462,7/2/26 12:15,73.926,
Plot Title: 3S3G,3463,7/2/26 12:30,72.718,
Plot Title: 3S3G,3464,7/2/26 12:45,75.659,
Plot Title: 3S3G,3465,7/2/26 13:00,76.703,
Plot Title: 3S3G,3466,7/2/26 13:15,75.484,
Plot Title: 3S3G,3467,7/2/26 13:30,71.512,
Plot Title: 3S3G,3468,7/2/26 13:45,67.906,
Plot Title: 3S3G,3469,7/2/26 14:00,66.708,
Plot Title: 3S3G,3470,7/2/26 14:15,69.622,
Plot Title: 3S3G,3471,7/2/26 14:30,68.934,
Plot Title: 3S3G,3472,7/2/26 14:45,68.248,
Plot Title: 3S3G,3473,7/2/26 15:00,67.906,
Plot Title: 3S3G,3474,7/2/26 15:15,67.735,
Plot Title: 3S3G,3475,7/2/26 15:30,67.05,
Plot Title: 3S3G,3476,7/2/26 15:45,66.193,
Plot Title: 3S3G,3477,7/2/26 16:00,65.68,
Plot Title: 3S3G,3478,7/2/26 16:15,65.509,
Plot Title: 3S3G,3479,7/2/26 16:30,66.022,
Plot Title: 3S3G,3480,7/2/26 16:45,65.509,
Plot Title: 3S3G,3481,7/2/26 17:00,65.167,
Plot Title: 3S3G,3482,7/2/26 17:15,63.111,
Plot Title: 3S3G,3483,7/2/26 17:30,62.425,
Plot Title: 3S3G,3484,7/2/26 17:45,62.425,
Plot Title: 3S3G,3485,7/2/26 18:00,62.254,
Plot Title: 3S3G,3486,7/2/26 18:15,61.741,
Plot Title: 3S3G,3487,7/2/26 18:30,61.227,
Plot Title: 3S3G,3488,7/2/26 18:45,60.368,
Plot Title: 3S3G,3489,7/2/26 19:00,59.68,
Plot Title: 3S3G,3490,7/2/26 19:15,58.82,
Plot Title: 3S3G,3491,7/2/26 19:30,57.785,
Plot Title: 3S3G,3492,7/2/26 19:45,56.923,
Plot Title: 3S3G,3493,7/2/26 20:00,56.404,
Plot Title: 3S3G,3494,7/2/26 20:15,55.884,
Plot Title: 3S3G,3495,7/2/26 20:30,55.364,
Plot Title: 3S3G,3496,7/2/26 20:45,54.322,
Plot Title: 3S3G,3497,7/2/26 21:00,53.449,
Plot Title: 3S3G,3498,7/2/26 21:15,52.225,
Plot Title: 3S3G,3499,7/2/26 21:30,51.346,
Plot Title: 3S3G,3500,7/2/26 21:45,50.643,
Plot Title: 3S3G,3501,7/2/26 22:00,50.29,
Plot Title: 3S3G,3502,7/2/26 22:15,49.759,
Plot Title: 3S3G,3503,7/2/26 22:30,49.404,
Plot Title: 3S3G,3504,7/2/26 22:45,49.05,
Plot Title: 3S3G,3505,7/2/26 23:00,48.695,
Plot Title: 3S3G,3506,7/2/26 23:15,48.339,
Plot Title: 3S3G,3507,7/2/26 23:30,48.16,
Plot Title: 3S3G,3508,7/2/26 23:45,48.16,
Plot Title: 3S3G,3509,7/3/26 00:00,48.517,
Plot Title: 3S3G,3510,7/3/26 00:15,48.339,
Plot Title: 3S3G,3511,7/3/26 00:30,47.982,
Plot Title: 3S3G,3512,7/3/26 00:45,47.624,
Plot Title: 3S3G,3513,7/3/26 01:00,47.266,
Plot Title: 3S3G,3514,7/3/26 01:15,47.088,
Plot Title: 3S3G,3515,7/3/26 01:30,46.908,
Plot Title: 3S3G,3516,7/3/26 01:45,46.728,
Plot Title: 3S3G,3517,7/3/26 02:00,46.369,
Plot Title: 3S3G,3518,7/3/26 02:15,46.188,
Plot Title: 3S3G,3519,7/3/26 02:30,45.828,
Plot Title: 3S3G,3520,7/3/26 02:45,45.648,
Plot Title: 3S3G,3521,7/3/26 03:00,45.466,
Plot Title: 3S3G,3522,7/3/26 03:15,45.104,
Plot Title: 3S3G,3523,7/3/26 03:30,44.922,
Plot Title: 3S3G,3524,7/3/26 03:45,44.742,
Plot Title: 3S3G,3525,7/3/26 04:00,44.56,
Plot Title: 3S3G,3526,7/3/26 04:15,44.379,
Plot Title: 3S3G,3527,7/3/26 04:30,44.195,
Plot Title: 3S3G,3528,7/3/26 04:45,44.013,
Plot Title: 3S3G,3529,7/3/26 05:00,44.013,
Plot Title: 3S3G,3530,7/3/26 05:15,44.013,
Plot Title: 3S3G,3531,7/3/26 05:30,44.013,
Plot Title: 3S3G,3532,7/3/26 05:45,43.831,
Plot Title: 3S3G,3533,7/3/26 06:00,44.56,
Plot Title: 3S3G,3534,7/3/26 06:15,46.188,
Plot Title: 3S3G,3535,7/3/26 06:30,48.517,
Plot Title: 3S3G,3536,7/3/26 06:45,51.523,
Plot Title: 3S3G,3537,7/3/26 07:00,54.495,
Plot Title: 3S3G,3538,7/3/26 07:15,57.268,
Plot Title: 3S3G,3539,7/3/26 07:30,59.851,
Plot Title: 3S3G,3540,7/3/26 07:45,58.993,
Plot Title: 3S3G,3541,7/3/26 08:00,60.195,
Plot Title: 3S3G,3542,7/3/26 08:15,63.797,
Plot Title: 3S3G,3543,7/3/26 08:30,66.537,
Plot Title: 3S3G,3544,7/3/26 08:45,68.763,
Plot Title: 3S3G,3545,7/3/26 09:00,70.651,
Plot Title: 3S3G,3546,7/3/26 09:15,72.199,
Plot Title: 3S3G,3547,7/3/26 09:30,73.753,
Plot Title: 3S3G,3548,7/3/26 09:45,75.312,
Plot Title: 3S3G,3549,7/3/26 10:00,76.528,
Plot Title: 3S3G,3550,7/3/26 10:15,78.274,
Plot Title: 3S3G,3551,7/3/26 10:30,77.4,
Plot Title: 3S3G,3552,7/3/26 10:45,77.574,
Plot Title: 3S3G,3553,7/3/26 11:00,75.832,
Plot Title: 3S3G,3554,7/3/26 11:15,71.512,
Plot Title: 3S3G,3555,7/3/26 11:30,70.651,
Plot Title: 3S3G,3556,7/3/26 11:45,70.137,
Plot Title: 3S3G,3557,7/3/26 12:00,71.856,
Plot Title: 3S3G,3558,7/3/26 12:15,73.753,
Plot Title: 3S3G,3559,7/3/26 12:30,71.168,
Plot Title: 3S3G,3560,7/3/26 12:45,68.934,
Plot Title: 3S3G,3561,7/3/26 13:00,70.48,
Plot Title: 3S3G,3562,7/3/26 13:15,71.512,
Plot Title: 3S3G,3563,7/3/26 13:30,72.545,
Plot Title: 3S3G,3564,7/3/26 13:45,71.512,
Plot Title: 3S3G,3565,7/3/26 14:00,71.856,
Plot Title: 3S3G,3566,7/3/26 14:15,71.856,
Plot Title: 3S3G,3567,7/3/26 14:30,70.824,
Plot Title: 3S3G,3568,7/3/26 14:45,69.449,
Plot Title: 3S3G,3569,7/3/26 15:00,69.107,
Plot Title: 3S3G,3570,7/3/26 15:15,69.449,
Plot Title: 3S3G,3571,7/3/26 15:30,70.137,
Plot Title: 3S3G,3572,7/3/26 15:45,69.449,
Plot Title: 3S3G,3573,7/3/26 16:00,69.449,
Plot Title: 3S3G,3574,7/3/26 16:15,68.592,
Plot Title: 3S3G,3575,7/3/26 16:30,67.392,
Plot Title: 3S3G,3576,7/3/26 16:45,65.509,
Plot Title: 3S3G,3577,7/3/26 17:00,64.139,
Plot Title: 3S3G,3578,7/3/26 17:15,61.741,
Plot Title: 3S3G,3579,7/3/26 17:30,60.368,
Plot Title: 3S3G,3580,7/3/26 17:45,59.68,
Plot Title: 3S3G,3581,7/3/26 18:00,59.164,
Plot Title: 3S3G,3582,7/3/26 18:15,58.993,
Plot Title: 3S3G,3583,7/3/26 18:30,58.303,
Plot Title: 3S3G,3584,7/3/26 18:45,57.785,
Plot Title: 3S3G,3585,7/3/26 19:00,57.785,
Plot Title: 3S3G,3586,7/3/26 19:15,57.096,
Plot Title: 3S3G,3587,7/3/26 19:30,55.884,
Plot Title: 3S3G,3588,7/3/26 19:45,55.711,
Plot Title: 3S3G,3589,7/3/26 20:00,55.537,
Plot Title: 3S3G,3590,7/3/26 20:15,55.537,
Plot Title: 3S3G,3591,7/3/26 20:30,55.017,
Plot Title: 3S3G,3592,7/3/26 20:45,54.669,
Plot Title: 3S3G,3593,7/3/26 21:00,53.798,
Plot Title: 3S3G,3594,7/3/26 21:15,53.274,
Plot Title: 3S3G,3595,7/3/26 21:30,52.75,
Plot Title: 3S3G,3596,7/3/26 21:45,52.05,
Plot Title: 3S3G,3597,7/3/26 22:00,51.346,
Plot Title: 3S3G,3598,7/3/26 22:15,50.819,
Plot Title: 3S3G,3599,7/3/26 22:30,50.29,
Plot Title: 3S3G,3600,7/3/26 22:45,49.937,
Plot Title: 3S3G,3601,7/3/26 23:00,49.582,
Plot Title: 3S3G,3602,7/3/26 23:15,49.404,
Plot Title: 3S3G,3603,7/3/26 23:30,48.871,
Plot Title: 3S3G,3604,7/3/26 23:45,48.517,
Plot Title: 3S3G,3605,7/4/26 00:00,48.16,
Plot Title: 3S3G,3606,7/4/26 00:15,47.802,
Plot Title: 3S3G,3607,7/4/26 00:30,47.624,
Plot Title: 3S3G,3608,7/4/26 00:45,47.446,
Plot Title: 3S3G,3609,7/4/26 01:00,47.446,
Plot Title: 3S3G,3610,7/4/26 01:15,47.446,
Plot Title: 3S3G,3611,7/4/26 01:30,47.266,
Plot Title: 3S3G,3612,7/4/26 01:45,47.266,
Plot Title: 3S3G,3613,7/4/26 02:00,47.088,
Plot Title: 3S3G,3614,7/4/26 02:15,46.908,
Plot Title: 3S3G,3615,7/4/26 02:30,46.728,
Plot Title: 3S3G,3616,7/4/26 02:45,46.548,
Plot Title: 3S3G,3617,7/4/26 03:00,46.369,
Plot Title: 3S3G,3618,7/4/26 03:15,46.188,
Plot Title: 3S3G,3619,7/4/26 03:30,46.188,
Plot Title: 3S3G,3620,7/4/26 03:45,46.008,
Plot Title: 3S3G,3621,7/4/26 04:00,45.828,
Plot Title: 3S3G,3622,7/4/26 04:15,45.648,
Plot Title: 3S3G,3623,7/4/26 04:30,45.648,
Plot Title: 3S3G,3624,7/4/26 04:45,45.286,
Plot Title: 3S3G,3625,7/4/26 05:00,45.104,
Plot Title: 3S3G,3626,7/4/26 05:15,44.922,
Plot Title: 3S3G,3627,7/4/26 05:30,44.742,
Plot Title: 3S3G,3628,7/4/26 05:45,44.742,
Plot Title: 3S3G,3629,7/4/26 06:00,45.648,
Plot Title: 3S3G,3630,7/4/26 06:15,47.446,
Plot Title: 3S3G,3631,7/4/26 06:30,49.759,
Plot Title: 3S3G,3632,7/4/26 06:45,52.925,
Plot Title: 3S3G,3633,7/4/26 07:00,56.057,
Plot Title: 3S3G,3634,7/4/26 07:15,58.993,
Plot Title: 3S3G,3635,7/4/26 07:30,61.741,
Plot Title: 3S3G,3636,7/4/26 07:45,64.31,
Plot Title: 3S3G,3637,7/4/26 08:00,66.708,
Plot Title: 3S3G,3638,7/4/26 08:15,68.934,
Plot Title: 3S3G,3639,7/4/26 08:30,71.168,
Plot Title: 3S3G,3640,7/4/26 08:45,72.891,
Plot Title: 3S3G,3641,7/4/26 09:00,74.791,
Plot Title: 3S3G,3642,7/4/26 09:15,76.181,
Plot Title: 3S3G,3643,7/4/26 09:30,77.574,
Plot Title: 3S3G,3644,7/4/26 09:45,78.975,
Plot Title: 3S3G,3645,7/4/26 10:00,80.382,
Plot Title: 3S3G,3646,7/4/26 10:15,81.621,
Plot Title: 3S3G,3647,7/4/26 10:30,82.508,
Plot Title: 3S3G,3648,7/4/26 10:45,83.221,
Plot Title: 3S3G,3649,7/4/26 11:00,83.221,
Plot Title: 3S3G,3650,7/4/26 11:15,83.935,
Plot Title: 3S3G,3651,7/4/26 11:30,84.115,
Plot Title: 3S3G,3652,7/4/26 11:45,85.374,
Plot Title: 3S3G,3653,7/4/26 12:00,85.735,
Plot Title: 3S3G,3654,7/4/26 12:15,86.641,
Plot Title: 3S3G,3655,7/4/26 12:30,87.004,
Plot Title: 3S3G,3656,7/4/26 12:45,86.823,
Plot Title: 3S3G,3657,7/4/26 13:00,86.459,
Plot Title: 3S3G,3658,7/4/26 13:15,85.554,
Plot Title: 3S3G,3659,7/4/26 13:30,84.474,
Plot Title: 3S3G,3660,7/4/26 13:45,83.221,
Plot Title: 3S3G,3661,7/4/26 14:00,81.266,
Plot Title: 3S3G,3662,7/4/26 14:15,79.678,
Plot Title: 3S3G,3663,7/4/26 14:30,78.274,
Plot Title: 3S3G,3664,7/4/26 14:45,76.528,
Plot Title: 3S3G,3665,7/4/26 15:00,75.659,
Plot Title: 3S3G,3666,7/4/26 15:15,74.791,
Plot Title: 3S3G,3667,7/4/26 15:30,74.098,
Plot Title: 3S3G,3668,7/4/26 15:45,73.58,
Plot Title: 3S3G,3669,7/4/26 16:00,73.234,
Plot Title: 3S3G,3670,7/4/26 16:15,72.372,
Plot Title: 3S3G,3671,7/4/26 16:30,71.339,
Plot Title: 3S3G,3672,7/4/26 16:45,69.449,
Plot Title: 3S3G,3673,7/4/26 17:00,68.248,
Plot Title: 3S3G,3674,7/4/26 17:15,65.851,
Plot Title: 3S3G,3675,7/4/26 17:30,63.626,
Plot Title: 3S3G,3676,7/4/26 17:45,62.254,
Plot Title: 3S3G,3677,7/4/26 18:00,61.227,
Plot Title: 3S3G,3678,7/4/26 18:15,60.368,
Plot Title: 3S3G,3679,7/4/26 18:30,59.68,
Plot Title: 3S3G,3680,7/4/26 18:45,59.164,
Plot Title: 3S3G,3681,7/4/26 19:00,58.647,
Plot Title: 3S3G,3682,7/4/26 19:15,58.303,
Plot Title: 3S3G,3683,7/4/26 19:30,57.785,
Plot Title: 3S3G,3684,7/4/26 19:45,57.441,
Plot Title: 3S3G,3685,7/4/26 20:00,56.923,
Plot Title: 3S3G,3686,7/4/26 20:15,56.577,
Plot Title: 3S3G,3687,7/4/26 20:30,56.057,
Plot Title: 3S3G,3688,7/4/26 20:45,55.711,
Plot Title: 3S3G,3689,7/4/26 21:00,55.189,
Plot Title: 3S3G,3690,7/4/26 21:15,54.669,
Plot Title: 3S3G,3691,7/4/26 21:30,54.322,
Plot Title: 3S3G,3692,7/4/26 21:45,53.798,
Plot Title: 3S3G,3693,7/4/26 22:00,53.449,
Plot Title: 3S3G,3694,7/4/26 22:15,53.274,
Plot Title: 3S3G,3695,7/4/26 22:30,52.925,
Plot Title: 3S3G,3696,7/4/26 22:45,52.576,
Plot Title: 3S3G,3697,7/4/26 23:00,52.225,
Plot Title: 3S3G,3698,7/4/26 23:15,52.05,
Plot Title: 3S3G,3699,7/4/26 23:30,51.699,
Plot Title: 3S3G,3700,7/4/26 23:45,51.523,
Plot Title: 3S3G,3701,7/5/26 00:00,51.346,
Plot Title: 3S3G,3702,7/5/26 00:15,51.172,
Plot Title: 3S3G,3703,7/5/26 00:30,50.995,
Plot Title: 3S3G,3704,7/5/26 00:45,50.819,
Plot Title: 3S3G,3705,7/5/26 01:00,50.643,
Plot Title: 3S3G,3706,7/5/26 01:15,50.643,
Plot Title: 3S3G,3707,7/5/26 01:30,50.466,
Plot Title: 3S3G,3708,7/5/26 01:45,50.29,
Plot Title: 3S3G,3709,7/5/26 02:00,50.113,
Plot Title: 3S3G,3710,7/5/26 02:15,50.113,
Plot Title: 3S3G,3711,7/5/26 02:30,49.937,
Plot Title: 3S3G,3712,7/5/26 02:45,49.759,
Plot Title: 3S3G,3713,7/5/26 03:00,49.759,
Plot Title: 3S3G,3714,7/5/26 03:15,49.404,
Plot Title: 3S3G,3715,7/5/26 03:30,49.228,
Plot Title: 3S3G,3716,7/5/26 03:45,48.871,
Plot Title: 3S3G,3717,7/5/26 04:00,48.517,
Plot Title: 3S3G,3718,7/5/26 04:15,48.339,
Plot Title: 3S3G,3719,7/5/26 04:30,48.16,
Plot Title: 3S3G,3720,7/5/26 04:45,47.982,
Plot Title: 3S3G,3721,7/5/26 05:00,47.624,
Plot Title: 3S3G,3722,7/5/26 05:15,47.446,
Plot Title: 3S3G,3723,7/5/26 05:30,47.266,
Plot Title: 3S3G,3724,7/5/26 05:45,47.088,
Plot Title: 3S3G,3725,7/5/26 06:00,47.802,
Plot Title: 3S3G,3726,7/5/26 06:15,49.582,
Plot Title: 3S3G,3727,7/5/26 06:30,52.05,
Plot Title: 3S3G,3728,7/5/26 06:45,55.364,
Plot Title: 3S3G,3729,7/5/26 07:00,58.647,
Plot Title: 3S3G,3730,7/5/26 07:15,61.741,
Plot Title: 3S3G,3731,7/5/26 07:30,64.481,
Plot Title: 3S3G,3732,7/5/26 07:45,67.05,
Plot Title: 3S3G,3733,7/5/26 08:00,69.449,
Plot Title: 3S3G,3734,7/5/26 08:15,71.512,
Plot Title: 3S3G,3735,7/5/26 08:30,73.407,
Plot Title: 3S3G,3736,7/5/26 08:45,75.659,
Plot Title: 3S3G,3737,7/5/26 09:00,77.749,
Plot Title: 3S3G,3738,7/5/26 09:15,79.678,
Plot Title: 3S3G,3739,7/5/26 09:30,81.442,
Plot Title: 3S3G,3740,7/5/26 09:45,83.399,
Plot Title: 3S3G,3741,7/5/26 10:00,85.374,
Plot Title: 3S3G,3742,7/5/26 10:15,86.823,
Plot Title: 3S3G,3743,7/5/26 10:30,88.65,
Plot Title: 3S3G,3744,7/5/26 10:45,90.309,
Plot Title: 3S3G,3745,7/5/26 11:00,91.612,
Plot Title: 3S3G,3746,7/5/26 11:15,92.363,
Plot Title: 3S3G,3747,7/5/26 11:30,93.115,
Plot Title: 3S3G,3748,7/5/26 11:45,93.873,
Plot Title: 3S3G,3749,7/5/26 12:00,94.444,
Plot Title: 3S3G,3750,7/5/26 12:15,94.825,
Plot Title: 3S3G,3751,7/5/26 12:30,94.633,
Plot Title: 3S3G,3752,7/5/26 12:45,94.253,
Plot Title: 3S3G,3753,7/5/26 13:00,91.612,
Plot Title: 3S3G,3754,7/5/26 13:15,90.309,
Plot Title: 3S3G,3755,7/5/26 13:30,90.309,
Plot Title: 3S3G,3756,7/5/26 13:45,86.459,
Plot Title: 3S3G,3757,7/5/26 14:00,82.33,
Plot Title: 3S3G,3758,7/5/26 14:15,80.029,
Plot Title: 3S3G,3759,7/5/26 14:30,76.528,
Plot Title: 3S3G,3760,7/5/26 14:45,73.062,
Plot Title: 3S3G,3761,7/5/26 15:00,69.278,
Plot Title: 3S3G,3762,7/5/26 15:15,66.537,
Plot Title: 3S3G,3763,7/5/26 15:30,64.139,
Plot Title: 3S3G,3764,7/5/26 15:45,63.282,
Plot Title: 3S3G,3765,7/5/26 16:00,62.598,
Plot Title: 3S3G,3766,7/5/26 16:15,61.227,
Plot Title: 3S3G,3767,7/5/26 16:30,61.398,
Plot Title: 3S3G,3768,7/5/26 16:45,61.227,
Plot Title: 3S3G,3769,7/5/26 17:00,60.883,
Plot Title: 3S3G,3770,7/5/26 17:15,60.368,
Plot Title: 3S3G,3771,7/5/26 17:30,60.883,
Plot Title: 3S3G,3772,7/5/26 17:45,61.398,
Plot Title: 3S3G,3773,7/5/26 18:00,62.254,
Plot Title: 3S3G,3774,7/5/26 18:15,62.425,
Plot Title: 3S3G,3775,7/5/26 18:30,62.083,
Plot Title: 3S3G,3776,7/5/26 18:45,61.569,
Plot Title: 3S3G,3777,7/5/26 19:00,60.712,
Plot Title: 3S3G,3778,7/5/26 19:15,59.68,
Plot Title: 3S3G,3779,7/5/26 19:30,58.82,
Plot Title: 3S3G,3780,7/5/26 19:45,58.647,
Plot Title: 3S3G,3781,7/5/26 20:00,58.303,
Plot Title: 3S3G,3782,7/5/26 20:15,58.131,
Plot Title: 3S3G,3783,7/5/26 20:30,57.441,
Plot Title: 3S3G,3784,7/5/26 20:45,56.75,
Plot Title: 3S3G,3785,7/5/26 21:00,56.404,
Plot Title: 3S3G,3786,7/5/26 21:15,55.884,
Plot Title: 3S3G,3787,7/5/26 21:30,55.537,
Plot Title: 3S3G,3788,7/5/26 21:45,55.017,
Plot Title: 3S3G,3789,7/5/26 22:00,54.842,
Plot Title: 3S3G,3790,7/5/26 22:15,54.842,
Plot Title: 3S3G,3791,7/5/26 22:30,54.669,
Plot Title: 3S3G,3792,7/5/26 22:45,54.147,
Plot Title: 3S3G,3793,7/5/26 23:00,53.798,
Plot Title: 3S3G,3794,7/5/26 23:15,53.449,
Plot Title: 3S3G,3795,7/5/26 23:30,52.925,
Plot Title: 3S3G,3796,7/5/26 23:45,52.75,
Plot Title: 3S3G,3797,7/6/26 00:00,52.576,
Plot Title: 3S3G,3798,7/6/26 00:15,52.225,
Plot Title: 3S3G,3799,7/6/26 00:30,51.874,
Plot Title: 3S3G,3800,7/6/26 00:45,51.699,
Plot Title: 3S3G,3801,7/6/26 01:00,51.523,
Plot Title: 3S3G,3802,7/6/26 01:15,51.172,
Plot Title: 3S3G,3803,7/6/26 01:30,50.819,
Plot Title: 3S3G,3804,7/6/26 01:45,50.466,
Plot Title: 3S3G,3805,7/6/26 02:00,50.113,
Plot Title: 3S3G,3806,7/6/26 02:15,49.937,
Plot Title: 3S3G,3807,7/6/26 02:30,49.937,
Plot Title: 3S3G,3808,7/6/26 02:45,50.29,
Plot Title: 3S3G,3809,7/6/26 03:00,50.29,
Plot Title: 3S3G,3810,7/6/26 03:15,49.937,
Plot Title: 3S3G,3811,7/6/26 03:30,49.404,
Plot Title: 3S3G,3812,7/6/26 03:45,48.871,
Plot Title: 3S3G,3813,7/6/26 04:00,48.517,
Plot Title: 3S3G,3814,7/6/26 04:15,48.339,
Plot Title: 3S3G,3815,7/6/26 04:30,48.16,
Plot Title: 3S3G,3816,7/6/26 04:45,47.982,
Plot Title: 3S3G,3817,7/6/26 05:00,47.982,
Plot Title: 3S3G,3818,7/6/26 05:15,47.802,
Plot Title: 3S3G,3819,7/6/26 05:30,47.802,
Plot Title: 3S3G,3820,7/6/26 05:45,47.982,
Plot Title: 3S3G,3821,7/6/26 06:00,48.339,
Plot Title: 3S3G,3822,7/6/26 06:15,48.871,
Plot Title: 3S3G,3823,7/6/26 06:30,49.404,
Plot Title: 3S3G,3824,7/6/26 06:45,50.819,
Plot Title: 3S3G,3825,7/6/26 07:00,52.925,
Plot Title: 3S3G,3826,7/6/26 07:15,55.537,
Plot Title: 3S3G,3827,7/6/26 07:30,56.404,
Plot Title: 3S3G,3828,7/6/26 07:45,56.404,
Plot Title: 3S3G,3829,7/6/26 08:00,56.75,
Plot Title: 3S3G,3830,7/6/26 08:15,56.75,
Plot Title: 3S3G,3831,7/6/26 08:30,58.303,
Plot Title: 3S3G,3832,7/6/26 08:45,58.82,
Plot Title: 3S3G,3833,7/6/26 09:00,59.508,
Plot Title: 3S3G,3834,7/6/26 09:15,60.883,
Plot Title: 3S3G,3835,7/6/26 09:30,61.054,
Plot Title: 3S3G,3836,7/6/26 09:45,60.539,
Plot Title: 3S3G,3837,7/6/26 10:00,60.024,
Plot Title: 3S3G,3838,7/6/26 10:15,60.539,
Plot Title: 3S3G,3839,7/6/26 10:30,60.712,
Plot Title: 3S3G,3840,7/6/26 10:45,61.227,
Plot Title: 3S3G,3841,7/6/26 11:00,63.797,
Plot Title: 3S3G,3842,7/6/26 11:15,63.797,
Plot Title: 3S3G,3843,7/6/26 11:30,63.626,
Plot Title: 3S3G,3844,7/6/26 11:45,66.879,
Plot Title: 3S3G,3845,7/6/26 12:00,68.421,
Plot Title: 3S3G,3846,7/6/26 12:15,68.421,
Plot Title: 3S3G,3847,7/6/26 12:30,66.193,
Plot Title: 3S3G,3848,7/6/26 12:45,65.851,
Plot Title: 3S3G,3849,7/6/26 13:00,63.968,
Plot Title: 3S3G,3850,7/6/26 13:15,62.598,
Plot Title: 3S3G,3851,7/6/26 13:30,63.626,
Plot Title: 3S3G,3852,7/6/26 13:45,64.481,
Plot Title: 3S3G,3853,7/6/26 14:00,68.077,
Plot Title: 3S3G,3854,7/6/26 14:15,70.651,
Plot Title: 3S3G,3855,7/6/26 14:30,70.995,
Plot Title: 3S3G,3856,7/6/26 14:45,70.137,
Plot Title: 3S3G,3857,7/6/26 15:00,70.824,
Plot Title: 3S3G,3858,7/6/26 15:15,70.824,
Plot Title: 3S3G,3859,7/6/26 15:30,69.964,
Plot Title: 3S3G,3860,7/6/26 15:45,69.622,
Plot Title: 3S3G,3861,7/6/26 16:00,68.934,
Plot Title: 3S3G,3862,7/6/26 16:15,69.107,
Plot Title: 3S3G,3863,7/6/26 16:30,66.708,
Plot Title: 3S3G,3864,7/6/26 16:45,65.167,
Plot Title: 3S3G,3865,7/6/26 17:00,65.338,
Plot Title: 3S3G,3866,7/6/26 17:15,64.481,
Plot Title: 3S3G,3867,7/6/26 17:30,63.455,
Plot Title: 3S3G,3868,7/6/26 17:45,63.455,
Plot Title: 3S3G,3869,7/6/26 18:00,63.282,
Plot Title: 3S3G,3870,7/6/26 18:15,61.741,
Plot Title: 3S3G,3871,7/6/26 18:30,60.024,
Plot Title: 3S3G,3872,7/6/26 18:45,58.993,
Plot Title: 3S3G,3873,7/6/26 19:00,58.303,
Plot Title: 3S3G,3874,7/6/26 19:15,58.82,
Plot Title: 3S3G,3875,7/6/26 19:30,58.303,
Plot Title: 3S3G,3876,7/6/26 19:45,57.268,
Plot Title: 3S3G,3877,7/6/26 20:00,56.404,
Plot Title: 3S3G,3878,7/6/26 20:15,55.711,
Plot Title: 3S3G,3879,7/6/26 20:30,55.189,
Plot Title: 3S3G,3880,7/6/26 20:45,54.669,
Plot Title: 3S3G,3881,7/6/26 21:00,54.147,
Plot Title: 3S3G,3882,7/6/26 21:15,53.798,
Plot Title: 3S3G,3883,7/6/26 21:30,53.449,
Plot Title: 3S3G,3884,7/6/26 21:45,52.925,
Plot Title: 3S3G,3885,7/6/26 22:00,52.75,
Plot Title: 3S3G,3886,7/6/26 22:15,52.401,
Plot Title: 3S3G,3887,7/6/26 22:30,52.401,
Plot Title: 3S3G,3888,7/6/26 22:45,52.75,
Plot Title: 3S3G,3889,7/6/26 23:00,53.1,
Plot Title: 3S3G,3890,7/6/26 23:15,53.274,
Plot Title: 3S3G,3891,7/6/26 23:30,53.274,
Plot Title: 3S3G,3892,7/6/26 23:45,53.274,
Plot Title: 3S3G,3893,7/7/26 00:00,53.274,
Plot Title: 3S3G,3894,7/7/26 00:15,53.274,
Plot Title: 3S3G,3895,7/7/26 00:30,53.1,
Plot Title: 3S3G,3896,7/7/26 00:45,52.75,
Plot Title: 3S3G,3897,7/7/26 01:00,52.05,
Plot Title: 3S3G,3898,7/7/26 01:15,51.699,
Plot Title: 3S3G,3899,7/7/26 01:30,51.346,
Plot Title: 3S3G,3900,7/7/26 01:45,51.172,
Plot Title: 3S3G,3901,7/7/26 02:00,50.819,
Plot Title: 3S3G,3902,7/7/26 02:15,50.466,
Plot Title: 3S3G,3903,7/7/26 02:30,50.29,
Plot Title: 3S3G,3904,7/7/26 02:45,50.29,
Plot Title: 3S3G,3905,7/7/26 03:00,49.937,
Plot Title: 3S3G,3906,7/7/26 03:15,49.937,
Plot Title: 3S3G,3907,7/7/26 03:30,49.582,
Plot Title: 3S3G,3908,7/7/26 03:45,49.228,
Plot Title: 3S3G,3909,7/7/26 04:00,49.05,
Plot Title: 3S3G,3910,7/7/26 04:15,49.05,
Plot Title: 3S3G,3911,7/7/26 04:30,48.871,
Plot Title: 3S3G,3912,7/7/26 04:45,48.517,
Plot Title: 3S3G,3913,7/7/26 05:00,48.517,
Plot Title: 3S3G,3914,7/7/26 05:15,48.16,
Plot Title: 3S3G,3915,7/7/26 05:30,48.16,
Plot Title: 3S3G,3916,7/7/26 05:45,47.982,
Plot Title: 3S3G,3917,7/7/26 06:00,47.982,
Plot Title: 3S3G,3918,7/7/26 06:15,48.871,
Plot Title: 3S3G,3919,7/7/26 06:30,51.346,
Plot Title: 3S3G,3920,7/7/26 06:45,53.274,
Plot Title: 3S3G,3921,7/7/26 07:00,56.75,
Plot Title: 3S3G,3922,7/7/26 07:15,59.337,
Plot Title: 3S3G,3923,7/7/26 07:30,61.398,
Plot Title: 3S3G,3924,7/7/26 07:45,65.167,
Plot Title: 3S3G,3925,7/7/26 08:00,67.564,
Plot Title: 3S3G,3926,7/7/26 08:15,69.964,
Plot Title: 3S3G,3927,7/7/26 08:30,72.199,
Plot Title: 3S3G,3928,7/7/26 08:45,74.619,
Plot Title: 3S3G,3929,7/7/26 09:00,76.528,
Plot Title: 3S3G,3930,7/7/26 09:15,77.923,
Plot Title: 3S3G,3931,7/7/26 09:30,80.382,
Plot Title: 3S3G,3932,7/7/26 09:45,81.797,
Plot Title: 3S3G,3933,7/7/26 10:00,84.115,
Plot Title: 3S3G,3934,7/7/26 10:15,86.097,
Plot Title: 3S3G,3935,7/7/26 10:30,87.733,
Plot Title: 3S3G,3936,7/7/26 10:45,89.017,
Plot Title: 3S3G,3937,7/7/26 11:00,87.186,
Plot Title: 3S3G,3938,7/7/26 11:15,89.569,
Plot Title: 3S3G,3939,7/7/26 11:30,91.425,
Plot Title: 3S3G,3940,7/7/26 11:45,92.174,
Plot Title: 3S3G,3941,7/7/26 12:00,92.55,
Plot Title: 3S3G,3942,7/7/26 12:15,93.873,
Plot Title: 3S3G,3943,7/7/26 12:30,94.062,
Plot Title: 3S3G,3944,7/7/26 12:45,93.493,
Plot Title: 3S3G,3945,7/7/26 13:00,91.612,
Plot Title: 3S3G,3946,7/7/26 13:15,91.24,
Plot Title: 3S3G,3947,7/7/26 13:30,88.65,
Plot Title: 3S3G,3948,7/7/26 13:45,87.733,
Plot Title: 3S3G,3949,7/7/26 14:00,86.823,
Plot Title: 3S3G,3950,7/7/26 14:15,85.554,
Plot Title: 3S3G,3951,7/7/26 14:30,84.115,
Plot Title: 3S3G,3952,7/7/26 14:45,83.221,
Plot Title: 3S3G,3953,7/7/26 15:00,80.911,
Plot Title: 3S3G,3954,7/7/26 15:15,80.029,
Plot Title: 3S3G,3955,7/7/26 15:30,79.678,
Plot Title: 3S3G,3956,7/7/26 15:45,77.923,
Plot Title: 3S3G,3957,7/7/26 16:00,76.528,
Plot Title: 3S3G,3958,7/7/26 16:15,76.181,
Plot Title: 3S3G,3959,7/7/26 16:30,76.876,
Plot Title: 3S3G,3960,7/7/26 16:45,75.312,
Plot Title: 3S3G,3961,7/7/26 17:00,74.619,
Plot Title: 3S3G,3962,7/7/26 17:15,72.372,
Plot Title: 3S3G,3963,7/7/26 17:30,70.48,
Plot Title: 3S3G,3964,7/7/26 17:45,69.622,
Plot Title: 3S3G,3965,7/7/26 18:00,69.449,
Plot Title: 3S3G,3966,7/7/26 18:15,68.248,
Plot Title: 3S3G,3967,7/7/26 18:30,67.05,
Plot Title: 3S3G,3968,7/7/26 18:45,66.366,
Plot Title: 3S3G,3969,7/7/26 19:00,66.537,
Plot Title: 3S3G,3970,7/7/26 19:15,66.366,
Plot Title: 3S3G,3971,7/7/26 19:30,65.851,
Plot Title: 3S3G,3972,7/7/26 19:45,65.509,
Plot Title: 3S3G,3973,7/7/26 20:00,64.652,
Plot Title: 3S3G,3974,7/7/26 20:15,63.455,
Plot Title: 3S3G,3975,7/7/26 20:30,62.425,
Plot Title: 3S3G,3976,7/7/26 20:45,61.398,
Plot Title: 3S3G,3977,7/7/26 21:00,60.368,
Plot Title: 3S3G,3978,7/7/26 21:15,59.508,
Plot Title: 3S3G,3979,7/7/26 21:30,58.647,
Plot Title: 3S3G,3980,7/7/26 21:45,57.958,
Plot Title: 3S3G,3981,7/7/26 22:00,57.441,
Plot Title: 3S3G,3982,7/7/26 22:15,56.923,
Plot Title: 3S3G,3983,7/7/26 22:30,56.577,
Plot Title: 3S3G,3984,7/7/26 22:45,56.404,
Plot Title: 3S3G,3985,7/7/26 23:00,56.23,
Plot Title: 3S3G,3986,7/7/26 23:15,55.884,
Plot Title: 3S3G,3987,7/7/26 23:30,55.711,
Plot Title: 3S3G,3988,7/7/26 23:45,55.364,
Plot Title: 3S3G,3989,7/8/26 00:00,55.017,
Plot Title: 3S3G,3990,7/8/26 00:15,54.669,
Plot Title: 3S3G,3991,7/8/26 00:30,54.495,
Plot Title: 3S3G,3992,7/8/26 00:45,54.147,
Plot Title: 3S3G,3993,7/8/26 01:00,53.798,
Plot Title: 3S3G,3994,7/8/26 01:15,53.623,
Plot Title: 3S3G,3995,7/8/26 01:30,53.274,
Plot Title: 3S3G,3996,7/8/26 01:45,53.1,
Plot Title: 3S3G,3997,7/8/26 02:00,52.925,
Plot Title: 3S3G,3998,7/8/26 02:15,52.75,
Plot Title: 3S3G,3999,7/8/26 02:30,52.75,
Plot Title: 3S3G,4000,7/8/26 02:45,52.576,
Plot Title: 3S3G,4001,7/8/26 03:00,52.401,
Plot Title: 3S3G,4002,7/8/26 03:15,52.05,
Plot Title: 3S3G,4003,7/8/26 03:30,51.874,
Plot Title: 3S3G,4004,7/8/26 03:45,51.874,
Plot Title: 3S3G,4005,7/8/26 04:00,51.699,
Plot Title: 3S3G,4006,7/8/26 04:15,51.699,
Plot Title: 3S3G,4007,7/8/26 04:30,51.346,
Plot Title: 3S3G,4008,7/8/26 04:45,51.172,
Plot Title: 3S3G,4009,7/8/26 05:00,50.995,
Plot Title: 3S3G,4010,7/8/26 05:15,50.995,
Plot Title: 3S3G,4011,7/8/26 05:30,50.819,
Plot Title: 3S3G,4012,7/8/26 05:45,50.643,
Plot Title: 3S3G,4013,7/8/26 06:00,51.172,
Plot Title: 3S3G,4014,7/8/26 06:15,52.401,
Plot Title: 3S3G,4015,7/8/26 06:30,54.495,
Plot Title: 3S3G,4016,7/8/26 06:45,57.268,
Plot Title: 3S3G,4017,7/8/26 07:00,60.024,
Plot Title: 3S3G,4018,7/8/26 07:15,62.425,
Plot Title: 3S3G,4019,7/8/26 07:30,63.797,
Plot Title: 3S3G,4020,7/8/26 07:45,64.996,
Plot Title: 3S3G,4021,7/8/26 08:00,68.763,
Plot Title: 3S3G,4022,7/8/26 08:15,71.856,
Plot Title: 3S3G,4023,7/8/26 08:30,74.446,
Plot Title: 3S3G,4024,7/8/26 08:45,76.876,
Plot Title: 3S3G,4025,7/8/26 09:00,79.326,
Plot Title: 3S3G,4026,7/8/26 09:15,81.266,
Plot Title: 3S3G,4027,7/8/26 09:30,83.399,
Plot Title: 3S3G,4028,7/8/26 09:45,85.194,
Plot Title: 3S3G,4029,7/8/26 10:00,87.186,
Plot Title: 3S3G,4030,7/8/26 10:15,89.017,
Plot Title: 3S3G,4031,7/8/26 10:30,91.053,
Plot Title: 3S3G,4032,7/8/26 10:45,92.737,
Plot Title: 3S3G,4033,7/8/26 11:00,94.062,
Plot Title: 3S3G,4034,7/8/26 11:15,95.783,
Plot Title: 3S3G,4035,7/8/26 11:30,88.282,
Plot Title: 3S3G,4036,7/8/26 11:45,87.552,
Plot Title: 3S3G,4037,7/8/26 12:00,89.755,
Plot Title: 3S3G,4038,7/8/26 12:15,94.062,
Plot Title: 3S3G,4039,7/8/26 12:30,90.124,
Plot Title: 3S3G,4040,7/8/26 12:45,88.099,
Plot Title: 3S3G,4041,7/8/26 13:00,88.282,
Plot Title: 3S3G,4042,7/8/26 13:15,90.68,
Plot Title: 3S3G,4043,7/8/26 13:30,88.099,
Plot Title: 3S3G,4044,7/8/26 13:45,86.277,
Plot Title: 3S3G,4045,7/8/26 14:00,84.115,
Plot Title: 3S3G,4046,7/8/26 14:15,83.757,
Plot Title: 3S3G,4047,7/8/26 14:30,79.678,
Plot Title: 3S3G,4048,7/8/26 14:45,79.151,
Plot Title: 3S3G,4049,7/8/26 15:00,77.4,
Plot Title: 3S3G,4050,7/8/26 15:15,77.4,
Plot Title: 3S3G,4051,7/8/26 15:30,77.923,
Plot Title: 3S3G,4052,7/8/26 15:45,77.574,
Plot Title: 3S3G,4053,7/8/26 16:00,78.8,
Plot Title: 3S3G,4054,7/8/26 16:15,80.029,
Plot Title: 3S3G,4055,7/8/26 16:30,78.624,
Plot Title: 3S3G,4056,7/8/26 16:45,77.225,
Plot Title: 3S3G,4057,7/8/26 17:00,75.139,
Plot Title: 3S3G,4058,7/8/26 17:15,73.926,
Plot Title: 3S3G,4059,7/8/26 17:30,71.512,
Plot Title: 3S3G,4060,7/8/26 17:45,70.824,
Plot Title: 3S3G,4061,7/8/26 18:00,70.824,
Plot Title: 3S3G,4062,7/8/26 18:15,70.137,
Plot Title: 3S3G,4063,7/8/26 18:30,68.763,
Plot Title: 3S3G,4064,7/8/26 18:45,68.248,
Plot Title: 3S3G,4065,7/8/26 19:00,67.906,
Plot Title: 3S3G,4066,7/8/26 19:15,66.879,
Plot Title: 3S3G,4067,7/8/26 19:30,65.68,
Plot Title: 3S3G,4068,7/8/26 19:45,65.338,
Plot Title: 3S3G,4069,7/8/26 20:00,65.338,
Plot Title: 3S3G,4070,7/8/26 20:15,64.825,
Plot Title: 3S3G,4071,7/8/26 20:30,63.968,
Plot Title: 3S3G,4072,7/8/26 20:45,62.94,
Plot Title: 3S3G,4073,7/8/26 21:00,62.083,
Plot Title: 3S3G,4074,7/8/26 21:15,61.227,
Plot Title: 3S3G,4075,7/8/26 21:30,60.195,
Plot Title: 3S3G,4076,7/8/26 21:45,59.508,
Plot Title: 3S3G,4077,7/8/26 22:00,58.993,
Plot Title: 3S3G,4078,7/8/26 22:15,58.647,
Plot Title: 3S3G,4079,7/8/26 22:30,57.441,
Plot Title: 3S3G,4080,7/8/26 22:45,56.404,
Plot Title: 3S3G,4081,7/8/26 23:00,54.842,
Plot Title: 3S3G,4082,7/8/26 23:15,54.147,
Plot Title: 3S3G,4083,7/8/26 23:30,53.973,
Plot Title: 3S3G,4084,7/8/26 23:45,53.449,
Plot Title: 3S3G,4085,7/9/26 00:00,53.274,
Plot Title: 3S3G,4086,7/9/26 00:15,53.1,
Plot Title: 3S3G,4087,7/9/26 00:30,53.1,
Plot Title: 3S3G,4088,7/9/26 00:45,53.274,
Plot Title: 3S3G,4089,7/9/26 01:00,53.274,
Plot Title: 3S3G,4090,7/9/26 01:15,53.274,
Plot Title: 3S3G,4091,7/9/26 01:30,53.1,
Plot Title: 3S3G,4092,7/9/26 01:45,52.925,
Plot Title: 3S3G,4093,7/9/26 02:00,52.75,
Plot Title: 3S3G,4094,7/9/26 02:15,52.75,
Plot Title: 3S3G,4095,7/9/26 02:30,52.576,
Plot Title: 3S3G,4096,7/9/26 02:45,52.225,
Plot Title: 3S3G,4097,7/9/26 03:00,51.874,
Plot Title: 3S3G,4098,7/9/26 03:15,51.699,
Plot Title: 3S3G,4099,7/9/26 03:30,51.523,
Plot Title: 3S3G,4100,7/9/26 03:45,51.172,
Plot Title: 3S3G,4101,7/9/26 04:00,50.819,
Plot Title: 3S3G,4102,7/9/26 04:15,50.643,
Plot Title: 3S3G,4103,7/9/26 04:30,50.29,
Plot Title: 3S3G,4104,7/9/26 04:45,49.937,
Plot Title: 3S3G,4105,7/9/26 05:00,49.582,
Plot Title: 3S3G,4106,7/9/26 05:15,49.404,
Plot Title: 3S3G,4107,7/9/26 05:30,49.05,
Plot Title: 3S3G,4108,7/9/26 05:45,48.871,
Plot Title: 3S3G,4109,7/9/26 06:00,49.228,
Plot Title: 3S3G,4110,7/9/26 06:15,50.819,
Plot Title: 3S3G,4111,7/9/26 06:30,52.75,
Plot Title: 3S3G,4112,7/9/26 06:45,55.884,
Plot Title: 3S3G,4113,7/9/26 07:00,58.647,
Plot Title: 3S3G,4114,7/9/26 07:15,61.569,
Plot Title: 3S3G,4115,7/9/26 07:30,64.31,
Plot Title: 3S3G,4116,7/9/26 07:45,67.05,
Plot Title: 3S3G,4117,7/9/26 08:00,69.107,
Plot Title: 3S3G,4118,7/9/26 08:15,71.339,
Plot Title: 3S3G,4119,7/9/26 08:30,73.407,
Plot Title: 3S3G,4120,7/9/26 08:45,74.964,
Plot Title: 3S3G,4121,7/9/26 09:00,76.354,
Plot Title: 3S3G,4122,7/9/26 09:15,77.749,
Plot Title: 3S3G,4123,7/9/26 09:30,78.975,
Plot Title: 3S3G,4124,7/9/26 09:45,80.559,
Plot Title: 3S3G,4125,7/9/26 10:00,81.442,
Plot Title: 3S3G,4126,7/9/26 10:15,83.043,
Plot Title: 3S3G,4127,7/9/26 10:30,84.115,
Plot Title: 3S3G,4128,7/9/26 10:45,85.915,
Plot Title: 3S3G,4129,7/9/26 11:00,87.186,
Plot Title: 3S3G,4130,7/9/26 11:15,88.833,
Plot Title: 3S3G,4131,7/9/26 11:30,89.569,
Plot Title: 3S3G,4132,7/9/26 11:45,90.867,
Plot Title: 3S3G,4133,7/9/26 12:00,90.68,
Plot Title: 3S3G,4134,7/9/26 12:15,91.8,
Plot Title: 3S3G,4135,7/9/26 12:30,92.363,
Plot Title: 3S3G,4136,7/9/26 12:45,92.174,
Plot Title: 3S3G,4137,7/9/26 13:00,91.425,
Plot Title: 3S3G,4138,7/9/26 13:15,90.124,
Plot Title: 3S3G,4139,7/9/26 13:30,89.2,
Plot Title: 3S3G,4140,7/9/26 13:45,87.733,
Plot Title: 3S3G,4141,7/9/26 14:00,85.735,
Plot Title: 3S3G,4142,7/9/26 14:15,85.014,
Plot Title: 3S3G,4143,7/9/26 14:30,82.686,
Plot Title: 3S3G,4144,7/9/26 14:45,81.797,
Plot Title: 3S3G,4145,7/9/26 15:00,81.09,
Plot Title: 3S3G,4146,7/9/26 15:15,79.678,
Plot Title: 3S3G,4147,7/9/26 15:30,78.274,
Plot Title: 3S3G,4148,7/9/26 15:45,76.876,
Plot Title: 3S3G,4149,7/9/26 16:00,75.659,
Plot Title: 3S3G,4150,7/9/26 16:15,74.964,
Plot Title: 3S3G,4151,7/9/26 16:30,73.58,
Plot Title: 3S3G,4152,7/9/26 16:45,72.199,
Plot Title: 3S3G,4153,7/9/26 17:00,70.651,
Plot Title: 3S3G,4154,7/9/26 17:15,69.793,
Plot Title: 3S3G,4155,7/9/26 17:30,68.248,
Plot Title: 3S3G,4156,7/9/26 17:45,67.221,
Plot Title: 3S3G,4157,7/9/26 18:00,66.537,
Plot Title: 3S3G,4158,7/9/26 18:15,65.167,
Plot Title: 3S3G,4159,7/9/26 18:30,63.968,
Plot Title: 3S3G,4160,7/9/26 18:45,63.111,
Plot Title: 3S3G,4161,7/9/26 19:00,62.254,
Plot Title: 3S3G,4162,7/9/26 19:15,61.569,
Plot Title: 3S3G,4163,7/9/26 19:30,61.054,
Plot Title: 3S3G,4164,7/9/26 19:45,60.368,
Plot Title: 3S3G,4165,7/9/26 20:00,59.851,
Plot Title: 3S3G,4166,7/9/26 20:15,59.337,
Plot Title: 3S3G,4167,7/9/26 20:30,58.82,
Plot Title: 3S3G,4168,7/9/26 20:45,58.303,
Plot Title: 3S3G,4169,7/9/26 21:00,57.958,
Plot Title: 3S3G,4170,7/9/26 21:15,57.268,
Plot Title: 3S3G,4171,7/9/26 21:30,56.923,
Plot Title: 3S3G,4172,7/9/26 21:45,56.404,
Plot Title: 3S3G,4173,7/9/26 22:00,55.884,
Plot Title: 3S3G,4174,7/9/26 22:15,55.537,
Plot Title: 3S3G,4175,7/9/26 22:30,55.017,
Plot Title: 3S3G,4176,7/9/26 22:45,54.669,
Plot Title: 3S3G,4177,7/9/26 23:00,54.495,
Plot Title: 3S3G,4178,7/9/26 23:15,54.322,
Plot Title: 3S3G,4179,7/9/26 23:30,53.973,
Plot Title: 3S3G,4180,7/9/26 23:45,53.798,
Plot Title: 3S3G,4181,7/10/26 00:00,53.449,
Plot Title: 3S3G,4182,7/10/26 00:15,53.274,
Plot Title: 3S3G,4183,7/10/26 00:30,53.1,
Plot Title: 3S3G,4184,7/10/26 00:45,52.925,
Plot Title: 3S3G,4185,7/10/26 01:00,52.75,
Plot Title: 3S3G,4186,7/10/26 01:15,52.401,
Plot Title: 3S3G,4187,7/10/26 01:30,52.225,
Plot Title: 3S3G,4188,7/10/26 01:45,52.05,
Plot Title: 3S3G,4189,7/10/26 02:00,51.874,
Plot Title: 3S3G,4190,7/10/26 02:15,51.699,
Plot Title: 3S3G,4191,7/10/26 02:30,51.523,
Plot Title: 3S3G,4192,7/10/26 02:45,51.346,
Plot Title: 3S3G,4193,7/10/26 03:00,51.172,
Plot Title: 3S3G,4194,7/10/26 03:15,51.172,
Plot Title: 3S3G,4195,7/10/26 03:30,50.995,
Plot Title: 3S3G,4196,7/10/26 03:45,50.995,
Plot Title: 3S3G,4197,7/10/26 04:00,50.819,
Plot Title: 3S3G,4198,7/10/26 04:15,50.643,
Plot Title: 3S3G,4199,7/10/26 04:30,50.466,
Plot Title: 3S3G,4200,7/10/26 04:45,50.29,
Plot Title: 3S3G,4201,7/10/26 05:00,50.113,
Plot Title: 3S3G,4202,7/10/26 05:15,49.937,
Plot Title: 3S3G,4203,7/10/26 05:30,49.759,
Plot Title: 3S3G,4204,7/10/26 05:45,49.759,
Plot Title: 3S3G,4205,7/10/26 06:00,49.937,
Plot Title: 3S3G,4206,7/10/26 06:15,51.172,
Plot Title: 3S3G,4207,7/10/26 06:30,53.449,
Plot Title: 3S3G,4208,7/10/26 06:45,56.23,
Plot Title: 3S3G,4209,7/10/26 07:00,59.337,
Plot Title: 3S3G,4210,7/10/26 07:15,62.254,
Plot Title: 3S3G,4211,7/10/26 07:30,65.167,
Plot Title: 3S3G,4212,7/10/26 07:45,67.906,
Plot Title: 3S3G,4213,7/10/26 08:00,70.308,
Plot Title: 3S3G,4214,7/10/26 08:15,72.372,
Plot Title: 3S3G,4215,7/10/26 08:30,74.446,
Plot Title: 3S3G,4216,7/10/26 08:45,76.528,
Plot Title: 3S3G,4217,7/10/26 09:00,78.624,
Plot Title: 3S3G,4218,7/10/26 09:15,80.559,
Plot Title: 3S3G,4219,7/10/26 09:30,82.864,
Plot Title: 3S3G,4220,7/10/26 09:45,85.194,
Plot Title: 3S3G,4221,7/10/26 10:00,87.368,
Plot Title: 3S3G,4222,7/10/26 10:15,89.755,
Plot Title: 3S3G,4223,7/10/26 10:30,91.425,
Plot Title: 3S3G,4224,7/10/26 10:45,92.926,
Plot Title: 3S3G,4225,7/10/26 11:00,94.444,
Plot Title: 3S3G,4226,7/10/26 11:15,95.976,
Plot Title: 3S3G,4227,7/10/26 11:30,97.331,
Plot Title: 3S3G,4228,7/10/26 11:45,97.72,
Plot Title: 3S3G,4229,7/10/26 12:00,98.503,
Plot Title: 3S3G,4230,7/10/26 12:15,99.885,
Plot Title: 3S3G,4231,7/10/26 12:30,97.331,
Plot Title: 3S3G,4232,7/10/26 12:45,98.307,
Plot Title: 3S3G,4233,7/10/26 13:00,98.503,
Plot Title: 3S3G,4234,7/10/26 13:15,97.916,
Plot Title: 3S3G,4235,7/10/26 13:30,96.555,
Plot Title: 3S3G,4236,7/10/26 13:45,94.633,
Plot Title: 3S3G,4237,7/10/26 14:00,93.304,
Plot Title: 3S3G,4238,7/10/26 14:15,92.174,
Plot Title: 3S3G,4239,7/10/26 14:30,89.938,
Plot Title: 3S3G,4240,7/10/26 14:45,86.459,
Plot Title: 3S3G,4241,7/10/26 15:00,85.014,
Plot Title: 3S3G,4242,7/10/26 15:15,83.579,
Plot Title: 3S3G,4243,7/10/26 15:30,83.221,
Plot Title: 3S3G,4244,7/10/26 15:45,82.508,
Plot Title: 3S3G,4245,7/10/26 16:00,81.442,
Plot Title: 3S3G,4246,7/10/26 16:15,80.735,
Plot Title: 3S3G,4247,7/10/26 16:30,80.382,
Plot Title: 3S3G,4248,7/10/26 16:45,80.029,
Plot Title: 3S3G,4249,7/10/26 17:00,78.274,
Plot Title: 3S3G,4250,7/10/26 17:15,77.749,
Plot Title: 3S3G,4251,7/10/26 17:30,75.832,
Plot Title: 3S3G,4252,7/10/26 17:45,73.58,
Plot Title: 3S3G,4253,7/10/26 18:00,71.856,
Plot Title: 3S3G,4254,7/10/26 18:15,70.651,
Plot Title: 3S3G,4255,7/10/26 18:30,69.793,
Plot Title: 3S3G,4256,7/10/26 18:45,68.763,
Plot Title: 3S3G,4257,7/10/26 19:00,67.05,
Plot Title: 3S3G,4258,7/10/26 19:15,65.68,
Plot Title: 3S3G,4259,7/10/26 19:30,64.825,
Plot Title: 3S3G,4260,7/10/26 19:45,64.31,
Plot Title: 3S3G,4261,7/10/26 20:00,63.455,
Plot Title: 3S3G,4262,7/10/26 20:15,62.598,
Plot Title: 3S3G,4263,7/10/26 20:30,62.425,
Plot Title: 3S3G,4264,7/10/26 20:45,62.083,
Plot Title: 3S3G,4265,7/10/26 21:00,61.569,
Plot Title: 3S3G,4266,7/10/26 21:15,60.712,
Plot Title: 3S3G,4267,7/10/26 21:30,60.024,
Plot Title: 3S3G,4268,7/10/26 21:45,59.68,
Plot Title: 3S3G,4269,7/10/26 22:00,59.337,
Plot Title: 3S3G,4270,7/10/26 22:15,59.164,
Plot Title: 3S3G,4271,7/10/26 22:30,58.647,
Plot Title: 3S3G,4272,7/10/26 22:45,58.131,
Plot Title: 3S3G,4273,7/10/26 23:00,57.785,
Plot Title: 3S3G,4274,7/10/26 23:15,57.268,
Plot Title: 3S3G,4275,7/10/26 23:30,56.923,
Plot Title: 3S3G,4276,7/10/26 23:45,56.75,
Plot Title: 3S3G,4277,7/11/26 00:00,56.404,
Plot Title: 3S3G,4278,7/11/26 00:15,56.057,
Plot Title: 3S3G,4279,7/11/26 00:30,55.884,
Plot Title: 3S3G,4280,7/11/26 00:45,55.537,
Plot Title: 3S3G,4281,7/11/26 01:00,55.364,
Plot Title: 3S3G,4282,7/11/26 01:15,55.189,
Plot Title: 3S3G,4283,7/11/26 01:30,55.017,
Plot Title: 3S3G,4284,7/11/26 01:45,54.842,
Plot Title: 3S3G,4285,7/11/26 02:00,54.669,
Plot Title: 3S3G,4286,7/11/26 02:15,54.495,
Plot Title: 3S3G,4287,7/11/26 02:30,54.322,
Plot Title: 3S3G,4288,7/11/26 02:45,54.147,
Plot Title: 3S3G,4289,7/11/26 03:00,53.798,
Plot Title: 3S3G,4290,7/11/26 03:15,53.623,
Plot Title: 3S3G,4291,7/11/26 03:30,53.274,
Plot Title: 3S3G,4292,7/11/26 03:45,53.274,
Plot Title: 3S3G,4293,7/11/26 04:00,53.274,
Plot Title: 3S3G,4294,7/11/26 04:15,53.274,
Plot Title: 3S3G,4295,7/11/26 04:30,53.1,
Plot Title: 3S3G,4296,7/11/26 04:45,53.1,
Plot Title: 3S3G,4297,7/11/26 05:00,53.1,
Plot Title: 3S3G,4298,7/11/26 05:15,52.925,
Plot Title: 3S3G,4299,7/11/26 05:30,52.925,
Plot Title: 3S3G,4300,7/11/26 05:45,52.75,
Plot Title: 3S3G,4301,7/11/26 06:00,52.925,
Plot Title: 3S3G,4302,7/11/26 06:15,54.322,
Plot Title: 3S3G,4303,7/11/26 06:30,56.404,
Plot Title: 3S3G,4304,7/11/26 06:45,59.164,
Plot Title: 3S3G,4305,7/11/26 07:00,62.425,
Plot Title: 3S3G,4306,7/11/26 07:15,65.68,
Plot Title: 3S3G,4307,7/11/26 07:30,68.592,
Plot Title: 3S3G,4308,7/11/26 07:45,71.339,
Plot Title: 3S3G,4309,7/11/26 08:00,74.098,
Plot Title: 3S3G,4310,7/11/26 08:15,76.181,
Plot Title: 3S3G,4311,7/11/26 08:30,78.624,
Plot Title: 3S3G,4312,7/11/26 08:45,80.911,
Plot Title: 3S3G,4313,7/11/26 09:00,83.399,
Plot Title: 3S3G,4314,7/11/26 09:15,85.915,
Plot Title: 3S3G,4315,7/11/26 09:30,88.466,
Plot Title: 3S3G,4316,7/11/26 09:45,91.053,
Plot Title: 3S3G,4317,7/11/26 10:00,93.682,
Plot Title: 3S3G,4318,7/11/26 10:15,96.361,
Plot Title: 3S3G,4319,7/11/26 10:30,98.503,
Plot Title: 3S3G,4320,7/11/26 10:45,100.283,
Plot Title: 3S3G,4321,7/11/26 11:00,101.887,
Plot Title: 3S3G,4322,7/11/26 11:15,103.717,
Plot Title: 3S3G,4323,7/11/26 11:30,104.954,
Plot Title: 3S3G,4324,7/11/26 11:45,106.205,
Plot Title: 3S3G,4325,7/11/26 12:00,107.258,
Plot Title: 3S3G,4326,7/11/26 12:15,108.108,
Plot Title: 3S3G,4327,7/11/26 12:30,108.536,
Plot Title: 3S3G,4328,7/11/26 12:45,107.895,
Plot Title: 3S3G,4329,7/11/26 13:00,107.046,
Plot Title: 3S3G,4330,7/11/26 13:15,105.786,
Plot Title: 3S3G,4331,7/11/26 13:30,103.717,
Plot Title: 3S3G,4332,7/11/26 13:45,101.685,
Plot Title: 3S3G,4333,7/11/26 14:00,99.093,
Plot Title: 3S3G,4334,7/11/26 14:15,96.748,
Plot Title: 3S3G,4335,7/11/26 14:30,94.062,
Plot Title: 3S3G,4336,7/11/26 14:45,91.425,
Plot Title: 3S3G,4337,7/11/26 15:00,88.65,
Plot Title: 3S3G,4338,7/11/26 15:15,86.641,
Plot Title: 3S3G,4339,7/11/26 15:30,84.834,
Plot Title: 3S3G,4340,7/11/26 15:45,83.935,
Plot Title: 3S3G,4341,7/11/26 16:00,83.935,
Plot Title: 3S3G,4342,7/11/26 16:15,83.757,
Plot Title: 3S3G,4343,7/11/26 16:30,82.33,
Plot Title: 3S3G,4344,7/11/26 16:45,80.735,
Plot Title: 3S3G,4345,7/11/26 17:00,78.098,
Plot Title: 3S3G,4346,7/11/26 17:15,77.4,
Plot Title: 3S3G,4347,7/11/26 17:30,74.791,
Plot Title: 3S3G,4348,7/11/26 17:45,72.891,
Plot Title: 3S3G,4349,7/11/26 18:00,71.512,
Plot Title: 3S3G,4350,7/11/26 18:15,70.48,
Plot Title: 3S3G,4351,7/11/26 18:30,69.622,
Plot Title: 3S3G,4352,7/11/26 18:45,68.592,
Plot Title: 3S3G,4353,7/11/26 19:00,68.077,
Plot Title: 3S3G,4354,7/11/26 19:15,67.392,
Plot Title: 3S3G,4355,7/11/26 19:30,66.708,
Plot Title: 3S3G,4356,7/11/26 19:45,66.193,
Plot Title: 3S3G,4357,7/11/26 20:00,65.509,
Plot Title: 3S3G,4358,7/11/26 20:15,64.996,
Plot Title: 3S3G,4359,7/11/26 20:30,64.481,
Plot Title: 3S3G,4360,7/11/26 20:45,64.139,
Plot Title: 3S3G,4361,7/11/26 21:00,63.626,
Plot Title: 3S3G,4362,7/11/26 21:15,63.111,
Plot Title: 3S3G,4363,7/11/26 21:30,62.425,
Plot Title: 3S3G,4364,7/11/26 21:45,61.741,
Plot Title: 3S3G,4365,7/11/26 22:00,61.227,
Plot Title: 3S3G,4366,7/11/26 22:15,60.712,
Plot Title: 3S3G,4367,7/11/26 22:30,60.368,
Plot Title: 3S3G,4368,7/11/26 22:45,59.851,
Plot Title: 3S3G,4369,7/11/26 23:00,59.508,
Plot Title: 3S3G,4370,7/11/26 23:15,59.164,
Plot Title: 3S3G,4371,7/11/26 23:30,58.647,
Plot Title: 3S3G,4372,7/11/26 23:45,58.476,
Plot Title: 3S3G,4373,7/12/26 00:00,58.131,
Plot Title: 3S3G,4374,7/12/26 00:15,57.958,
Plot Title: 3S3G,4375,7/12/26 00:30,57.441,
Plot Title: 3S3G,4376,7/12/26 00:45,57.268,
Plot Title: 3S3G,4377,7/12/26 01:00,57.096,
Plot Title: 3S3G,4378,7/12/26 01:15,56.923,
Plot Title: 3S3G,4379,7/12/26 01:30,56.75,
Plot Title: 3S3G,4380,7/12/26 01:45,56.404,
Plot Title: 3S3G,4381,7/12/26 02:00,56.23,
Plot Title: 3S3G,4382,7/12/26 02:15,56.057,
Plot Title: 3S3G,4383,7/12/26 02:30,56.057,
Plot Title: 3S3G,4384,7/12/26 02:45,55.884,
Plot Title: 3S3G,4385,7/12/26 03:00,55.711,
Plot Title: 3S3G,4386,7/12/26 03:15,55.711,
Plot Title: 3S3G,4387,7/12/26 03:30,55.537,
Plot Title: 3S3G,4388,7/12/26 03:45,55.364,
Plot Title: 3S3G,4389,7/12/26 04:00,55.189,
Plot Title: 3S3G,4390,7/12/26 04:15,55.364,
Plot Title: 3S3G,4391,7/12/26 04:30,55.364,
Plot Title: 3S3G,4392,7/12/26 04:45,55.364,
Plot Title: 3S3G,4393,7/12/26 05:00,55.189,
Plot Title: 3S3G,4394,7/12/26 05:15,54.842,
Plot Title: 3S3G,4395,7/12/26 05:30,54.669,
Plot Title: 3S3G,4396,7/12/26 05:45,54.669,
Plot Title: 3S3G,4397,7/12/26 06:00,55.364,
Plot Title: 3S3G,4398,7/12/26 06:15,57.268,
Plot Title: 3S3G,4399,7/12/26 06:30,59.508,
Plot Title: 3S3G,4400,7/12/26 06:45,59.68,
Plot Title: 3S3G,4401,7/12/26 07:00,61.054,
Plot Title: 3S3G,4402,7/12/26 07:15,64.481,
Plot Title: 3S3G,4403,7/12/26 07:30,68.248,
Plot Title: 3S3G,4404,7/12/26 07:45,71.683,
Plot Title: 3S3G,4405,7/12/26 08:00,74.446,
Plot Title: 3S3G,4406,7/12/26 08:15,76.354,
Plot Title: 3S3G,4407,7/12/26 08:30,79.853,
Plot Title: 3S3G,4408,7/12/26 08:45,80.911,
Plot Title: 3S3G,4409,7/12/26 09:00,82.33,
Plot Title: 3S3G,4410,7/12/26 09:15,85.194,
Plot Title: 3S3G,4411,7/12/26 09:30,88.466,
Plot Title: 3S3G,4412,7/12/26 09:45,89.755,
Plot Title: 3S3G,4413,7/12/26 10:00,91.8,
Plot Title: 3S3G,4414,7/12/26 10:15,91.425,
Plot Title: 3S3G,4415,7/12/26 10:30,95.976,
Plot Title: 3S3G,4416,7/12/26 10:45,99.885,
Plot Title: 3S3G,4417,7/12/26 11:00,103.923,
Plot Title: 3S3G,4418,7/12/26 11:15,106.414,
Plot Title: 3S3G,4419,7/12/26 11:30,108.108,
Plot Title: 3S3G,4420,7/12/26 11:45,107.046,
Plot Title: 3S3G,4421,7/12/26 12:00,105.577,
Plot Title: 3S3G,4422,7/12/26 12:15,105.37,
Plot Title: 3S3G,4423,7/12/26 12:30,104.54,
Plot Title: 3S3G,4424,7/12/26 12:45,102.697,
Plot Title: 3S3G,4425,7/12/26 13:00,102.697,
Plot Title: 3S3G,4426,7/12/26 13:15,102.29,
Plot Title: 3S3G,4427,7/12/26 13:30,103.104,
Plot Title: 3S3G,4428,7/12/26 13:45,102.493,
Plot Title: 3S3G,4429,7/12/26 14:00,100.882,
Plot Title: 3S3G,4430,7/12/26 14:15,98.503,
Plot Title: 3S3G,4431,7/12/26 14:30,95.783,
Plot Title: 3S3G,4432,7/12/26 14:45,93.115,
Plot Title: 3S3G,4433,7/12/26 15:00,90.495,
Plot Title: 3S3G,4434,7/12/26 15:15,87.915,
Plot Title: 3S3G,4435,7/12/26 15:30,86.641,
Plot Title: 3S3G,4436,7/12/26 15:45,86.277,
Plot Title: 3S3G,4437,7/12/26 16:00,86.097,
Plot Title: 3S3G,4438,7/12/26 16:15,85.915,
Plot Title: 3S3G,4439,7/12/26 16:30,85.374,
Plot Title: 3S3G,4440,7/12/26 16:45,84.474,
Plot Title: 3S3G,4441,7/12/26 17:00,83.043,
Plot Title: 3S3G,4442,7/12/26 17:15,83.043,
Plot Title: 3S3G,4443,7/12/26 17:30,81.09,
Plot Title: 3S3G,4444,7/12/26 17:45,79.678,
Plot Title: 3S3G,4445,7/12/26 18:00,78.8,
Plot Title: 3S3G,4446,7/12/26 18:15,78.098,
Plot Title: 3S3G,4447,7/12/26 18:30,76.528,
Plot Title: 3S3G,4448,7/12/26 18:45,75.312,
Plot Title: 3S3G,4449,7/12/26 19:00,74.446,
Plot Title: 3S3G,4450,7/12/26 19:15,73.062,
Plot Title: 3S3G,4451,7/12/26 19:30,72.199,
Plot Title: 3S3G,4452,7/12/26 19:45,71.168,
Plot Title: 3S3G,4453,7/12/26 20:00,70.137,
Plot Title: 3S3G,4454,7/12/26 20:15,68.934,
Plot Title: 3S3G,4455,7/12/26 20:30,68.248,
Plot Title: 3S3G,4456,7/12/26 20:45,67.564,
Plot Title: 3S3G,4457,7/12/26 21:00,66.537,
Plot Title: 3S3G,4458,7/12/26 21:15,65.68,
Plot Title: 3S3G,4459,7/12/26 21:30,64.825,
Plot Title: 3S3G,4460,7/12/26 21:45,63.968,
Plot Title: 3S3G,4461,7/12/26 22:00,63.111,
Plot Title: 3S3G,4462,7/12/26 22:15,62.425,
Plot Title: 3S3G,4463,7/12/26 22:30,61.912,
Plot Title: 3S3G,4464,7/12/26 22:45,61.227,
Plot Title: 3S3G,4465,7/12/26 23:00,60.712,
Plot Title: 3S3G,4466,7/12/26 23:15,60.195,
Plot Title: 3S3G,4467,7/12/26 23:30,59.851,
Plot Title: 3S3G,4468,7/12/26 23:45,59.508,
Plot Title: 3S3G,4469,7/13/26 00:00,59.164,
Plot Title: 3S3G,4470,7/13/26 00:15,58.82,
Plot Title: 3S3G,4471,7/13/26 00:30,58.476,
Plot Title: 3S3G,4472,7/13/26 00:45,58.131,
Plot Title: 3S3G,4473,7/13/26 01:00,57.785,
Plot Title: 3S3G,4474,7/13/26 01:15,57.441,
Plot Title: 3S3G,4475,7/13/26 01:30,57.096,
Plot Title: 3S3G,4476,7/13/26 01:45,56.75,
Plot Title: 3S3G,4477,7/13/26 02:00,56.404,
Plot Title: 3S3G,4478,7/13/26 02:15,56.23,
Plot Title: 3S3G,4479,7/13/26 02:30,55.884,
Plot Title: 3S3G,4480,7/13/26 02:45,55.711,
Plot Title: 3S3G,4481,7/13/26 03:00,55.364,
Plot Title: 3S3G,4482,7/13/26 03:15,55.189,
Plot Title: 3S3G,4483,7/13/26 03:30,54.842,
Plot Title: 3S3G,4484,7/13/26 03:45,54.495,
Plot Title: 3S3G,4485,7/13/26 04:00,54.322,
Plot Title: 3S3G,4486,7/13/26 04:15,54.147,
Plot Title: 3S3G,4487,7/13/26 04:30,53.973,
Plot Title: 3S3G,4488,7/13/26 04:45,53.798,
Plot Title: 3S3G,4489,7/13/26 05:00,53.623,
Plot Title: 3S3G,4490,7/13/26 05:15,53.449,
Plot Title: 3S3G,4491,7/13/26 05:30,53.449,
Plot Title: 3S3G,4492,7/13/26 05:45,53.623,
Plot Title: 3S3G,4493,7/13/26 06:00,53.798,
Plot Title: 3S3G,4494,7/13/26 06:15,54.669,
Plot Title: 3S3G,4495,7/13/26 06:30,56.404,
Plot Title: 3S3G,4496,7/13/26 06:45,59.164,
Plot Title: 3S3G,4497,7/13/26 07:00,62.769,
Plot Title: 3S3G,4498,7/13/26 07:15,66.193,
Plot Title: 3S3G,4499,7/13/26 07:30,69.449,
Plot Title: 3S3G,4500,7/13/26 07:45,72.718,
Plot Title: 3S3G,4501,7/13/26 08:00,75.484,
Plot Title: 3S3G,4502,7/13/26 08:15,77.923,
Plot Title: 3S3G,4503,7/13/26 08:30,80.029,
Plot Title: 3S3G,4504,7/13/26 08:45,82.686,
Plot Title: 3S3G,4505,7/13/26 09:00,85.735,
Plot Title: 3S3G,4506,7/13/26 09:15,88.282,
Plot Title: 3S3G,4507,7/13/26 09:30,90.867,
Plot Title: 3S3G,4508,7/13/26 09:45,93.493,
Plot Title: 3S3G,4509,7/13/26 10:00,95.976,
Plot Title: 3S3G,4510,7/13/26 10:15,98.897,
Plot Title: 3S3G,4511,7/13/26 10:30,101.282,
Plot Title: 3S3G,4512,7/13/26 10:45,103.512,
Plot Title: 3S3G,4513,7/13/26 11:00,105.577,
Plot Title: 3S3G,4514,7/13/26 11:15,107.046,
Plot Title: 3S3G,4515,7/13/26 11:30,108.75,
Plot Title: 3S3G,4516,7/13/26 11:45,109.612,
Plot Title: 3S3G,4517,7/13/26 12:00,110.264,
Plot Title: 3S3G,4518,7/13/26 12:15,110.482,
Plot Title: 3S3G,4519,7/13/26 12:30,110.701,
Plot Title: 3S3G,4520,7/13/26 12:45,111.139,
Plot Title: 3S3G,4521,7/13/26 13:00,110.482,
Plot Title: 3S3G,4522,7/13/26 13:15,109.18,
Plot Title: 3S3G,4523,7/13/26 13:30,107.258,
Plot Title: 3S3G,4524,7/13/26 13:45,104.954,
Plot Title: 3S3G,4525,7/13/26 14:00,101.887,
Plot Title: 3S3G,4526,7/13/26 14:15,98.897,
Plot Title: 3S3G,4527,7/13/26 14:30,96.168,
Plot Title: 3S3G,4528,7/13/26 14:45,93.493,
Plot Title: 3S3G,4529,7/13/26 15:00,91.612,
Plot Title: 3S3G,4530,7/13/26 15:15,89.755,
Plot Title: 3S3G,4531,7/13/26 15:30,88.282,
Plot Title: 3S3G,4532,7/13/26 15:45,87.552,
Plot Title: 3S3G,4533,7/13/26 16:00,87.368,
Plot Title: 3S3G,4534,7/13/26 16:15,85.915,
Plot Title: 3S3G,4535,7/13/26 16:30,84.474,
Plot Title: 3S3G,4536,7/13/26 16:45,83.935,
Plot Title: 3S3G,4537,7/13/26 17:00,82.33,
Plot Title: 3S3G,4538,7/13/26 17:15,81.266,
Plot Title: 3S3G,4539,7/13/26 17:30,79.853,
Plot Title: 3S3G,4540,7/13/26 17:45,78.8,
Plot Title: 3S3G,4541,7/13/26 18:00,77.574,
Plot Title: 3S3G,4542,7/13/26 18:15,75.312,
Plot Title: 3S3G,4543,7/13/26 18:30,73.407,
Plot Title: 3S3G,4544,7/13/26 18:45,71.856,
Plot Title: 3S3G,4545,7/13/26 19:00,70.824,
Plot Title: 3S3G,4546,7/13/26 19:15,69.793,
Plot Title: 3S3G,4547,7/13/26 19:30,68.934,
Plot Title: 3S3G,4548,7/13/26 19:45,68.077,
Plot Title: 3S3G,4549,7/13/26 20:00,67.392,
Plot Title: 3S3G,4550,7/13/26 20:15,66.708,
Plot Title: 3S3G,4551,7/13/26 20:30,65.851,
Plot Title: 3S3G,4552,7/13/26 20:45,65.167,
Plot Title: 3S3G,4553,7/13/26 21:00,64.481,
Plot Title: 3S3G,4554,7/13/26 21:15,63.968,
Plot Title: 3S3G,4555,7/13/26 21:30,63.797,
Plot Title: 3S3G,4556,7/13/26 21:45,63.797,
Plot Title: 3S3G,4557,7/13/26 22:00,64.139,
Plot Title: 3S3G,4558,7/13/26 22:15,57.268,
Plot Title: 3S3G,4559,7/13/26 22:30,57.268,
Plot Title: 3S3G,4560,7/13/26 22:45,56.923,
Plot Title: 3S3G,4561,7/13/26 23:00,56.75,
Plot Title: 3S3G,4562,7/13/26 23:15,56.75,
Plot Title: 3S3G,4563,7/13/26 23:30,56.404,
Plot Title: 3S3G,4564,7/13/26 23:45,56.057,
Plot Title: 3S3G,4565,7/14/26 00:00,55.711,
Plot Title: 3S3G,4566,7/14/26 00:15,55.537,
Plot Title: 3S3G,4567,7/14/26 00:30,55.364,
Plot Title: 3S3G,4568,7/14/26 00:45,55.189,
Plot Title: 3S3G,4569,7/14/26 01:00,55.017,
Plot Title: 3S3G,4570,7/14/26 01:15,54.842,
Plot Title: 3S3G,4571,7/14/26 01:30,54.669,
Plot Title: 3S3G,4572,7/14/26 01:45,54.495,
Plot Title: 3S3G,4573,7/14/26 02:00,54.322,
Plot Title: 3S3G,4574,7/14/26 02:15,54.147,
Plot Title: 3S3G,4575,7/14/26 02:30,53.973,
Plot Title: 3S3G,4576,7/14/26 02:45,53.798,
Plot Title: 3S3G,4577,7/14/26 03:00,53.623,
Plot Title: 3S3G,4578,7/14/26 03:15,53.449,
Plot Title: 3S3G,4579,7/14/26 03:30,53.274,
Plot Title: 3S3G,4580,7/14/26 03:45,53.1,
Plot Title: 3S3G,4581,7/14/26 04:00,53.1,
Plot Title: 3S3G,4582,7/14/26 04:15,52.925,
Plot Title: 3S3G,4583,7/14/26 04:30,52.75,
Plot Title: 3S3G,4584,7/14/26 04:45,52.576,
Plot Title: 3S3G,4585,7/14/26 05:00,52.576,
Plot Title: 3S3G,4586,7/14/26 05:15,52.401,
Plot Title: 3S3G,4587,7/14/26 05:30,52.225,
Plot Title: 3S3G,4588,7/14/26 05:45,52.05,
Plot Title: 3S3G,4589,7/14/26 06:00,52.401,
Plot Title: 3S3G,4590,7/14/26 06:15,53.1,
Plot Title: 3S3G,4591,7/14/26 06:30,54.669,
Plot Title: 3S3G,4592,7/14/26 06:45,55.711,
Plot Title: 3S3G,4593,7/14/26 07:00,56.577,
Plot Title: 3S3G,4594,7/14/26 07:15,61.741,
Plot Title: 3S3G,4595,7/14/26 07:30,66.366,
Plot Title: 3S3G,4596,7/14/26 07:45,69.622,
Plot Title: 3S3G,4597,7/14/26 08:00,72.545,
Plot Title: 3S3G,4598,7/14/26 08:15,74.619,
Plot Title: 3S3G,4599,7/14/26 08:30,71.683,
Plot Title: 3S3G,4600,7/14/26 08:45,75.312,
Plot Title: 3S3G,4601,7/14/26 09:00,77.05,
Plot Title: 3S3G,4602,7/14/26 09:15,78.624,
Plot Title: 3S3G,4603,7/14/26 09:30,80.735,
Plot Title: 3S3G,4604,7/14/26 09:45,81.09,
Plot Title: 3S3G,4605,7/14/26 10:00,83.399,
Plot Title: 3S3G,4606,7/14/26 10:15,85.374,
Plot Title: 3S3G,4607,7/14/26 10:30,88.466,
Plot Title: 3S3G,4608,7/14/26 10:45,89.755,
Plot Title: 3S3G,4609,7/14/26 11:00,91.24,
Plot Title: 3S3G,4610,7/14/26 11:15,89.384,
Plot Title: 3S3G,4611,7/14/26 11:30,87.368,
Plot Title: 3S3G,4612,7/14/26 11:45,88.65,
Plot Title: 3S3G,4613,7/14/26 12:00,92.926,
Plot Title: 3S3G,4614,7/14/26 12:15,94.444,
Plot Title: 3S3G,4615,7/14/26 12:30,92.55,
Plot Title: 3S3G,4616,7/14/26 12:45,93.682,
Plot Title: 3S3G,4617,7/14/26 13:00,93.682,
Plot Title: 3S3G,4618,7/14/26 13:15,94.062,
Plot Title: 3S3G,4619,7/14/26 13:30,94.825,
Plot Title: 3S3G,4620,7/14/26 13:45,94.444,
Plot Title: 3S3G,4621,7/14/26 14:00,93.115,
Plot Title: 3S3G,4622,7/14/26 14:15,91.425,
Plot Title: 3S3G,4623,7/14/26 14:30,88.466,
Plot Title: 3S3G,4624,7/14/26 14:45,86.823,
Plot Title: 3S3G,4625,7/14/26 15:00,86.277,
Plot Title: 3S3G,4626,7/14/26 15:15,85.194,
Plot Title: 3S3G,4627,7/14/26 15:30,84.295,
Plot Title: 3S3G,4628,7/14/26 15:45,83.935,
Plot Title: 3S3G,4629,7/14/26 16:00,83.579,
Plot Title: 3S3G,4630,7/14/26 16:15,82.864,
Plot Title: 3S3G,4631,7/14/26 16:30,82.864,
Plot Title: 3S3G,4632,7/14/26 16:45,82.864,
Plot Title: 3S3G,4633,7/14/26 17:00,80.735,
Plot Title: 3S3G,4634,7/14/26 17:15,80.382,
Plot Title: 3S3G,4635,7/14/26 17:30,77.923,
Plot Title: 3S3G,4636,7/14/26 17:45,75.659,
Plot Title: 3S3G,4637,7/14/26 18:00,75.139,
Plot Title: 3S3G,4638,7/14/26 18:15,75.139,
Plot Title: 3S3G,4639,7/14/26 18:30,74.791,
Plot Title: 3S3G,4640,7/14/26 18:45,73.58,
Plot Title: 3S3G,4641,7/14/26 19:00,72.199,
Plot Title: 3S3G,4642,7/14/26 19:15,70.995,
Plot Title: 3S3G,4643,7/14/26 19:30,69.964,
Plot Title: 3S3G,4644,7/14/26 19:45,69.449,
Plot Title: 3S3G,4645,7/14/26 20:00,68.592,
Plot Title: 3S3G,4646,7/14/26 20:15,67.735,
Plot Title: 3S3G,4647,7/14/26 20:30,66.879,
Plot Title: 3S3G,4648,7/14/26 20:45,66.193,
Plot Title: 3S3G,4649,7/14/26 21:00,65.851,
Plot Title: 3S3G,4650,7/14/26 21:15,64.825,
Plot Title: 3S3G,4651,7/14/26 21:30,63.797,
Plot Title: 3S3G,4652,7/14/26 21:45,63.282,
Plot Title: 3S3G,4653,7/14/26 22:00,62.425,
Plot Title: 3S3G,4654,7/14/26 22:15,61.741,
Plot Title: 3S3G,4655,7/14/26 22:30,61.054,
Plot Title: 3S3G,4656,7/14/26 22:45,60.539,
Plot Title: 3S3G,4657,7/14/26 23:00,60.195,
Plot Title: 3S3G,4658,7/14/26 23:15,60.368,
Plot Title: 3S3G,4659,7/14/26 23:30,60.539,
Plot Title: 3S3G,4660,7/14/26 23:45,60.368,
Plot Title: 3S3G,4661,7/15/26 00:00,60.195,
Plot Title: 3S3G,4662,7/15/26 00:15,60.368,
Plot Title: 3S3G,4663,7/15/26 00:30,60.024,
Plot Title: 3S3G,4664,7/15/26 00:45,59.337,
Plot Title: 3S3G,4665,7/15/26 01:00,58.82,
Plot Title: 3S3G,4666,7/15/26 01:15,58.647,
Plot Title: 3S3G,4667,7/15/26 01:30,58.476,
Plot Title: 3S3G,4668,7/15/26 01:45,58.476,
Plot Title: 3S3G,4669,7/15/26 02:00,58.476,
Plot Title: 3S3G,4670,7/15/26 02:15,58.303,
Plot Title: 3S3G,4671,7/15/26 02:30,57.958,
Plot Title: 3S3G,4672,7/15/26 02:45,57.958,
Plot Title: 3S3G,4673,7/15/26 03:00,58.303,
Plot Title: 3S3G,4674,7/15/26 03:15,58.303,
Plot Title: 3S3G,4675,7/15/26 03:30,58.303,
Plot Title: 3S3G,4676,7/15/26 03:45,58.476,
Plot Title: 3S3G,4677,7/15/26 04:00,58.476,
Plot Title: 3S3G,4678,7/15/26 04:15,58.131,
Plot Title: 3S3G,4679,7/15/26 04:30,57.785,
Plot Title: 3S3G,4680,7/15/26 04:45,57.268,
Plot Title: 3S3G,4681,7/15/26 05:00,56.75,
Plot Title: 3S3G,4682,7/15/26 05:15,56.577,
Plot Title: 3S3G,4683,7/15/26 05:30,56.23,
Plot Title: 3S3G,4684,7/15/26 05:45,56.057,
Plot Title: 3S3G,4685,7/15/26 06:00,55.884,
Plot Title: 3S3G,4686,7/15/26 06:15,56.404,
Plot Title: 3S3G,4687,7/15/26 06:30,57.441,
Plot Title: 3S3G,4688,7/15/26 06:45,58.647,
Plot Title: 3S3G,4689,7/15/26 07:00,60.539,
Plot Title: 3S3G,4690,7/15/26 07:15,60.368,
Plot Title: 3S3G,4691,7/15/26 07:30,60.024,
Plot Title: 3S3G,4692,7/15/26 07:45,60.024,
Plot Title: 3S3G,4693,7/15/26 08:00,60.712,
Plot Title: 3S3G,4694,7/15/26 08:15,61.741,
Plot Title: 3S3G,4695,7/15/26 08:30,62.598,
Plot Title: 3S3G,4696,7/15/26 08:45,62.769,
Plot Title: 3S3G,4697,7/15/26 09:00,62.94,
Plot Title: 3S3G,4698,7/15/26 09:15,63.111,
Plot Title: 3S3G,4699,7/15/26 09:30,63.968,
Plot Title: 3S3G,4700,7/15/26 09:45,64.652,
Plot Title: 3S3G,4701,7/15/26 10:00,64.825,
Plot Title: 3S3G,4702,7/15/26 10:15,65.68,
Plot Title: 3S3G,4703,7/15/26 10:30,67.05,
Plot Title: 3S3G,4704,7/15/26 10:45,68.077,
Plot Title: 3S3G,4705,7/15/26 11:00,67.221,
Plot Title: 3S3G,4706,7/15/26 11:15,66.366,
Plot Title: 3S3G,4707,7/15/26 11:30,65.509,
Plot Title: 3S3G,4708,7/15/26 11:45,64.31,
Plot Title: 3S3G,4709,7/15/26 12:00,63.282,
Plot Title: 3S3G,4710,7/15/26 12:15,62.254,
Plot Title: 3S3G,4711,7/15/26 12:30,61.912,
Plot Title: 3S3G,4712,7/15/26 12:45,61.398,
Plot Title: 3S3G,4713,7/15/26 13:00,60.368,
Plot Title: 3S3G,4714,7/15/26 13:15,60.195,
Plot Title: 3S3G,4715,7/15/26 13:30,60.195,
Plot Title: 3S3G,4716,7/15/26 13:45,60.368,
Plot Title: 3S3G,4717,7/15/26 14:00,62.254,
Plot Title: 3S3G,4718,7/15/26 14:15,65.167,
Plot Title: 3S3G,4719,7/15/26 14:30,69.793,
Plot Title: 3S3G,4720,7/15/26 14:45,71.512,
Plot Title: 3S3G,4721,7/15/26 15:00,71.512,
Plot Title: 3S3G,4722,7/15/26 15:15,71.683,
Plot Title: 3S3G,4723,7/15/26 15:30,71.856,
Plot Title: 3S3G,4724,7/15/26 15:45,72.199,
Plot Title: 3S3G,4725,7/15/26 16:00,72.028,
Plot Title: 3S3G,4726,7/15/26 16:15,71.168,
Plot Title: 3S3G,4727,7/15/26 16:30,70.651,
Plot Title: 3S3G,4728,7/15/26 16:45,69.793,
Plot Title: 3S3G,4729,7/15/26 17:00,67.735,
Plot Title: 3S3G,4730,7/15/26 17:15,67.392,
Plot Title: 3S3G,4731,7/15/26 17:30,65.68,
Plot Title: 3S3G,4732,7/15/26 17:45,64.652,
Plot Title: 3S3G,4733,7/15/26 18:00,63.797,
Plot Title: 3S3G,4734,7/15/26 18:15,63.282,
Plot Title: 3S3G,4735,7/15/26 18:30,63.455,
Plot Title: 3S3G,4736,7/15/26 18:45,62.769,
Plot Title: 3S3G,4737,7/15/26 19:00,62.254,
Plot Title: 3S3G,4738,7/15/26 19:15,61.569,
Plot Title: 3S3G,4739,7/15/26 19:30,61.054,
Plot Title: 3S3G,4740,7/15/26 19:45,60.539,
Plot Title: 3S3G,4741,7/15/26 20:00,60.024,
Plot Title: 3S3G,4742,7/15/26 20:15,59.337,
Plot Title: 3S3G,4743,7/15/26 20:30,58.647,
Plot Title: 3S3G,4744,7/15/26 20:45,57.958,
Plot Title: 3S3G,4745,7/15/26 21:00,57.441,
Plot Title: 3S3G,4746,7/15/26 21:15,57.268,
Plot Title: 3S3G,4747,7/15/26 21:30,56.923,
Plot Title: 3S3G,4748,7/15/26 21:45,56.75,
Plot Title: 3S3G,4749,7/15/26 22:00,56.75,
Plot Title: 3S3G,4750,7/15/26 22:15,56.923,
Plot Title: 3S3G,4751,7/15/26 22:30,56.75,
Plot Title: 3S3G,4752,7/15/26 22:45,56.577,
Plot Title: 3S3G,4753,7/15/26 23:00,56.577,
Plot Title: 3S3G,4754,7/15/26 23:15,56.577,
Plot Title: 3S3G,4755,7/15/26 23:30,56.577,
Plot Title: 3S3G,4756,7/15/26 23:45,56.75,
Plot Title: 3S3G,4757,7/16/26 00:00,56.577,
Plot Title: 3S3G,4758,7/16/26 00:15,56.404,
Plot Title: 3S3G,4759,7/16/26 00:30,55.884,
Plot Title: 3S3G,4760,7/16/26 00:45,55.537,
Plot Title: 3S3G,4761,7/16/26 01:00,55.189,
Plot Title: 3S3G,4762,7/16/26 01:15,54.842,
Plot Title: 3S3G,4763,7/16/26 01:30,54.669,
Plot Title: 3S3G,4764,7/16/26 01:45,54.495,
Plot Title: 3S3G,4765,7/16/26 02:00,54.322,
Plot Title: 3S3G,4766,7/16/26 02:15,54.322,
Plot Title: 3S3G,4767,7/16/26 02:30,54.147,
Plot Title: 3S3G,4768,7/16/26 02:45,54.147,
Plot Title: 3S3G,4769,7/16/26 03:00,53.973,
Plot Title: 3S3G,4770,7/16/26 03:15,53.973,
Plot Title: 3S3G,4771,7/16/26 03:30,53.798,
Plot Title: 3S3G,4772,7/16/26 03:45,53.798,
Plot Title: 3S3G,4773,7/16/26 04:00,53.623,
Plot Title: 3S3G,4774,7/16/26 04:15,53.623,
Plot Title: 3S3G,4775,7/16/26 04:30,53.449,
Plot Title: 3S3G,4776,7/16/26 04:45,53.449,
Plot Title: 3S3G,4777,7/16/26 05:00,53.274,
Plot Title: 3S3G,4778,7/16/26 05:15,53.274,
Plot Title: 3S3G,4779,7/16/26 05:30,53.274,
Plot Title: 3S3G,4780,7/16/26 05:45,53.1,
Plot Title: 3S3G,4781,7/16/26 06:00,53.274,
Plot Title: 3S3G,4782,7/16/26 06:15,54.322,
Plot Title: 3S3G,4783,7/16/26 06:30,56.404,
Plot Title: 3S3G,4784,7/16/26 06:45,59.164,
Plot Title: 3S3G,4785,7/16/26 07:00,62.425,
Plot Title: 3S3G,4786,7/16/26 07:15,65.68,
Plot Title: 3S3G,4787,7/16/26 07:30,68.592,
Plot Title: 3S3G,4788,7/16/26 07:45,70.995,
Plot Title: 3S3G,4789,7/16/26 08:00,73.407,
Plot Title: 3S3G,4790,7/16/26 08:15,75.484,
Plot Title: 3S3G,4791,7/16/26 08:30,77.4,
Plot Title: 3S3G,4792,7/16/26 08:45,79.678,
Plot Title: 3S3G,4793,7/16/26 09:00,81.621,
Plot Title: 3S3G,4794,7/16/26 09:15,83.043,
Plot Title: 3S3G,4795,7/16/26 09:30,85.014,
Plot Title: 3S3G,4796,7/16/26 09:45,86.823,
Plot Title: 3S3G,4797,7/16/26 10:00,88.65,
Plot Title: 3S3G,4798,7/16/26 10:15,90.68,
Plot Title: 3S3G,4799,7/16/26 10:30,92.55,
Plot Title: 3S3G,4800,7/16/26 10:45,93.873,
Plot Title: 3S3G,4801,7/16/26 11:00,95.207,
Plot Title: 3S3G,4802,7/16/26 11:15,95.4,
Plot Title: 3S3G,4803,7/16/26 11:30,94.825,
Plot Title: 3S3G,4804,7/16/26 11:45,92.737,
Plot Title: 3S3G,4805,7/16/26 12:00,85.735,
Plot Title: 3S3G,4806,7/16/26 12:15,87.004,
Plot Title: 3S3G,4807,7/16/26 12:30,87.368,
Plot Title: 3S3G,4808,7/16/26 12:45,92.737,
Plot Title: 3S3G,4809,7/16/26 13:00,91.425,
Plot Title: 3S3G,4810,7/16/26 13:15,89.569,
Plot Title: 3S3G,4811,7/16/26 13:30,92.174,
Plot Title: 3S3G,4812,7/16/26 13:45,91.8,
Plot Title: 3S3G,4813,7/16/26 14:00,85.915,
Plot Title: 3S3G,4814,7/16/26 14:15,82.686,
Plot Title: 3S3G,4815,7/16/26 14:30,79.151,
Plot Title: 3S3G,4816,7/16/26 14:45,79.502,
Plot Title: 3S3G,4817,7/16/26 15:00,78.975,
Plot Title: 3S3G,4818,7/16/26 15:15,79.326,
Plot Title: 3S3G,4819,7/16/26 15:30,78.624,
Plot Title: 3S3G,4820,7/16/26 15:45,78.624,
Plot Title: 3S3G,4821,7/16/26 16:00,78.624,
Plot Title: 3S3G,4822,7/16/26 16:15,78.449,
Plot Title: 3S3G,4823,7/16/26 16:30,77.574,
Plot Title: 3S3G,4824,7/16/26 16:45,77.4,
Plot Title: 3S3G,4825,7/16/26 17:00,77.4,
Plot Title: 3S3G,4826,7/16/26 17:15,78.098,
Plot Title: 3S3G,4827,7/16/26 17:30,76.703,
Plot Title: 3S3G,4828,7/16/26 17:45,74.446,
Plot Title: 3S3G,4829,7/16/26 18:00,73.234,
Plot Title: 3S3G,4830,7/16/26 18:15,72.028,
Plot Title: 3S3G,4831,7/16/26 18:30,70.308,
Plot Title: 3S3G,4832,7/16/26 18:45,69.278,
Plot Title: 3S3G,4833,7/16/26 19:00,68.248,
Plot Title: 3S3G,4834,7/16/26 19:15,67.392,
Plot Title: 3S3G,4835,7/16/26 19:30,66.708,
Plot Title: 3S3G,4836,7/16/26 19:45,66.193,
Plot Title: 3S3G,4837,7/16/26 20:00,65.68,
Plot Title: 3S3G,4838,7/16/26 20:15,65.167,
Plot Title: 3S3G,4839,7/16/26 20:30,64.652,
Plot Title: 3S3G,4840,7/16/26 20:45,64.139,
Plot Title: 3S3G,4841,7/16/26 21:00,63.455,
Plot Title: 3S3G,4842,7/16/26 21:15,62.94,
Plot Title: 3S3G,4843,7/16/26 21:30,62.254,
Plot Title: 3S3G,4844,7/16/26 21:45,61.912,
Plot Title: 3S3G,4845,7/16/26 22:00,61.398,
Plot Title: 3S3G,4846,7/16/26 22:15,61.054,
Plot Title: 3S3G,4847,7/16/26 22:30,61.054,
Plot Title: 3S3G,4848,7/16/26 22:45,60.883,
Plot Title: 3S3G,4849,7/16/26 23:00,61.054,
Plot Title: 3S3G,4850,7/16/26 23:15,61.054,
Plot Title: 3S3G,4851,7/16/26 23:30,61.054,
Plot Title: 3S3G,4852,7/16/26 23:45,61.054,
Plot Title: 3S3G,4853,7/17/26 00:00,60.883,
Plot Title: 3S3G,4854,7/17/26 00:15,60.712,
Plot Title: 3S3G,4855,7/17/26 00:30,60.539,
Plot Title: 3S3G,4856,7/17/26 00:45,59.851,
Plot Title: 3S3G,4857,7/17/26 01:00,58.993,
Plot Title: 3S3G,4858,7/17/26 01:15,58.303,
Plot Title: 3S3G,4859,7/17/26 01:30,57.958,
Plot Title: 3S3G,4860,7/17/26 01:45,57.614,
Plot Title: 3S3G,4861,7/17/26 02:00,57.441,
Plot Title: 3S3G,4862,7/17/26 02:15,57.096,
Plot Title: 3S3G,4863,7/17/26 02:30,56.75,
Plot Title: 3S3G,4864,7/17/26 02:45,56.057,
Plot Title: 3S3G,4865,7/17/26 03:00,55.189,
Plot Title: 3S3G,4866,7/17/26 03:15,55.189,
Plot Title: 3S3G,4867,7/17/26 03:30,54.842,
Plot Title: 3S3G,4868,7/17/26 03:45,54.669,
Plot Title: 3S3G,4869,7/17/26 04:00,54.495,
Plot Title: 3S3G,4870,7/17/26 04:15,54.495,
Plot Title: 3S3G,4871,7/17/26 04:30,54.495,
Plot Title: 3S3G,4872,7/17/26 04:45,54.669,
Plot Title: 3S3G,4873,7/17/26 05:00,54.669,
Plot Title: 3S3G,4874,7/17/26 05:15,54.495,
Plot Title: 3S3G,4875,7/17/26 05:30,54.495,
Plot Title: 3S3G,4876,7/17/26 05:45,54.669,
Plot Title: 3S3G,4877,7/17/26 06:00,54.842,
Plot Title: 3S3G,4878,7/17/26 06:15,55.017,
Plot Title: 3S3G,4879,7/17/26 06:30,55.189,
Plot Title: 3S3G,4880,7/17/26 06:45,55.189,
Plot Title: 3S3G,4881,7/17/26 07:00,55.364,
Plot Title: 3S3G,4882,7/17/26 07:15,55.537,
Plot Title: 3S3G,4883,7/17/26 07:30,56.23,
Plot Title: 3S3G,4884,7/17/26 07:45,57.096,
Plot Title: 3S3G,4885,7/17/26 08:00,58.82,
Plot Title: 3S3G,4886,7/17/26 08:15,60.368,
Plot Title: 3S3G,4887,7/17/26 08:30,62.254,
Plot Title: 3S3G,4888,7/17/26 08:45,63.455,
Plot Title: 3S3G,4889,7/17/26 09:00,67.05,
Plot Title: 3S3G,4890,7/17/26 09:15,68.248,
Plot Title: 3S3G,4891,7/17/26 09:30,68.077,
Plot Title: 3S3G,4892,7/17/26 09:45,67.735,
Plot Title: 3S3G,4893,7/17/26 10:00,67.735,
Plot Title: 3S3G,4894,7/17/26 10:15,68.763,
Plot Title: 3S3G,4895,7/17/26 10:30,70.824,
Plot Title: 3S3G,4896,7/17/26 10:45,73.753,
Plot Title: 3S3G,4897,7/17/26 11:00,76.703,
Plot Title: 3S3G,4898,7/17/26 11:15,79.853,
Plot Title: 3S3G,4899,7/17/26 11:30,82.686,
Plot Title: 3S3G,4900,7/17/26 11:45,85.194,
Plot Title: 3S3G,4901,7/17/26 12:00,86.641,
Plot Title: 3S3G,4902,7/17/26 12:15,87.186,
Plot Title: 3S3G,4903,7/17/26 12:30,88.099,
Plot Title: 3S3G,4904,7/17/26 12:45,88.282,
Plot Title: 3S3G,4905,7/17/26 13:00,84.654,
Plot Title: 3S3G,4906,7/17/26 13:15,86.823,
Plot Title: 3S3G,4907,7/17/26 13:30,87.004,
Plot Title: 3S3G,4908,7/17/26 13:45,84.654,
Plot Title: 3S3G,4909,7/17/26 14:00,81.09,
Plot Title: 3S3G,4910,7/17/26 14:15,79.151,
Plot Title: 3S3G,4911,7/17/26 14:30,78.449,
Plot Title: 3S3G,4912,7/17/26 14:45,77.923,
Plot Title: 3S3G,4913,7/17/26 15:00,78.8,
Plot Title: 3S3G,4914,7/17/26 15:15,78.8,
Plot Title: 3S3G,4915,7/17/26 15:30,77.574,
Plot Title: 3S3G,4916,7/17/26 15:45,76.528,
Plot Title: 3S3G,4917,7/17/26 16:00,75.832,
Plot Title: 3S3G,4918,7/17/26 16:15,75.139,
Plot Title: 3S3G,4919,7/17/26 16:30,74.964,
Plot Title: 3S3G,4920,7/17/26 16:45,73.407,
Plot Title: 3S3G,4921,7/17/26 17:00,72.372,
Plot Title: 3S3G,4922,7/17/26 17:15,71.856,
Plot Title: 3S3G,4923,7/17/26 17:30,69.964,
Plot Title: 3S3G,4924,7/17/26 17:45,69.278,
Plot Title: 3S3G,4925,7/17/26 18:00,67.735,
Plot Title: 3S3G,4926,7/17/26 18:15,66.193,
Plot Title: 3S3G,4927,7/17/26 18:30,64.996,
Plot Title: 3S3G,4928,7/17/26 18:45,64.31,
Plot Title: 3S3G,4929,7/17/26 19:00,64.139,
Plot Title: 3S3G,4930,7/17/26 19:15,64.825,
Plot Title: 3S3G,4931,7/17/26 19:30,64.652,
Plot Title: 3S3G,4932,7/17/26 19:45,64.481,
Plot Title: 3S3G,4933,7/17/26 20:00,63.968,
Plot Title: 3S3G,4934,7/17/26 20:15,63.282,
Plot Title: 3S3G,4935,7/17/26 20:30,62.769,
Plot Title: 3S3G,4936,7/17/26 20:45,62.254,
Plot Title: 3S3G,4937,7/17/26 21:00,61.569,
Plot Title: 3S3G,4938,7/17/26 21:15,61.227,
Plot Title: 3S3G,4939,7/17/26 21:30,60.883,
Plot Title: 3S3G,4940,7/17/26 21:45,60.883,
Plot Title: 3S3G,4941,7/17/26 22:00,60.712,
Plot Title: 3S3G,4942,7/17/26 22:15,60.539,
Plot Title: 3S3G,4943,7/17/26 22:30,59.68,
Plot Title: 3S3G,4944,7/17/26 22:45,57.268,
Plot Title: 3S3G,4945,7/17/26 23:00,56.577,
Plot Title: 3S3G,4946,7/17/26 23:15,56.057,
Plot Title: 3S3G,4947,7/17/26 23:30,55.711,
Plot Title: 3S3G,4948,7/17/26 23:45,55.884,
Plot Title: 3S3G,4949,7/18/26 00:00,56.23,
Plot Title: 3S3G,4950,7/18/26 00:15,56.23,
Plot Title: 3S3G,4951,7/18/26 00:30,56.23,
Plot Title: 3S3G,4952,7/18/26 00:45,56.23,
Plot Title: 3S3G,4953,7/18/26 01:00,56.057,
Plot Title: 3S3G,4954,7/18/26 01:15,56.057,
Plot Title: 3S3G,4955,7/18/26 01:30,56.057,
Plot Title: 3S3G,4956,7/18/26 01:45,56.057,
Plot Title: 3S3G,4957,7/18/26 02:00,55.884,
Plot Title: 3S3G,4958,7/18/26 02:15,55.537,
Plot Title: 3S3G,4959,7/18/26 02:30,55.017,
Plot Title: 3S3G,4960,7/18/26 02:45,55.017,
Plot Title: 3S3G,4961,7/18/26 03:00,55.017,
Plot Title: 3S3G,4962,7/18/26 03:15,54.842,
Plot Title: 3S3G,4963,7/18/26 03:30,54.669,
Plot Title: 3S3G,4964,7/18/26 03:45,54.842,
Plot Title: 3S3G,4965,7/18/26 04:00,55.017,
Plot Title: 3S3G,4966,7/18/26 04:15,54.669,
Plot Title: 3S3G,4967,7/18/26 04:30,54.322,
Plot Title: 3S3G,4968,7/18/26 04:45,54.147,
Plot Title: 3S3G,4969,7/18/26 05:00,54.147,
Plot Title: 3S3G,4970,7/18/26 05:15,53.973,
Plot Title: 3S3G,4971,7/18/26 05:30,53.973,
Plot Title: 3S3G,4972,7/18/26 05:45,53.798,
Plot Title: 3S3G,4973,7/18/26 06:00,53.798,
Plot Title: 3S3G,4974,7/18/26 06:15,54.842,
Plot Title: 3S3G,4975,7/18/26 06:30,56.75,
Plot Title: 3S3G,4976,7/18/26 06:45,59.164,
Plot Title: 3S3G,4977,7/18/26 07:00,62.254,
Plot Title: 3S3G,4978,7/18/26 07:15,66.022,
Plot Title: 3S3G,4979,7/18/26 07:30,69.107,
Plot Title: 3S3G,4980,7/18/26 07:45,71.339,
Plot Title: 3S3G,4981,7/18/26 08:00,73.926,
Plot Title: 3S3G,4982,7/18/26 08:15,74.964,
Plot Title: 3S3G,4983,7/18/26 08:30,77.923,
Plot Title: 3S3G,4984,7/18/26 08:45,79.853,
Plot Title: 3S3G,4985,7/18/26 09:00,81.266,
Plot Title: 3S3G,4986,7/18/26 09:15,83.043,
Plot Title: 3S3G,4987,7/18/26 09:30,84.474,
Plot Title: 3S3G,4988,7/18/26 09:45,85.735,
Plot Title: 3S3G,4989,7/18/26 10:00,87.733,
Plot Title: 3S3G,4990,7/18/26 10:15,90.309,
Plot Title: 3S3G,4991,7/18/26 10:30,90.309,
Plot Title: 3S3G,4992,7/18/26 10:45,88.466,
Plot Title: 3S3G,4993,7/18/26 11:00,90.867,
Plot Title: 3S3G,4994,7/18/26 11:15,88.466,
Plot Title: 3S3G,4995,7/18/26 11:30,87.368,
Plot Title: 3S3G,4996,7/18/26 11:45,90.124,
Plot Title: 3S3G,4997,7/18/26 12:00,89.938,
Plot Title: 3S3G,4998,7/18/26 12:15,91.24,
Plot Title: 3S3G,4999,7/18/26 12:30,89.569,
Plot Title: 3S3G,5000,7/18/26 12:45,88.466,
Plot Title: 3S3G,5001,7/18/26 13:00,89.2,
Plot Title: 3S3G,5002,7/18/26 13:15,87.915,
Plot Title: 3S3G,5003,7/18/26 13:30,85.915,
Plot Title: 3S3G,5004,7/18/26 13:45,84.834,
Plot Title: 3S3G,5005,7/18/26 14:00,83.399,
Plot Title: 3S3G,5006,7/18/26 14:15,81.975,
Plot Title: 3S3G,5007,7/18/26 14:30,80.559,
Plot Title: 3S3G,5008,7/18/26 14:45,79.502,
Plot Title: 3S3G,5009,7/18/26 15:00,78.975,
Plot Title: 3S3G,5010,7/18/26 15:15,77.923,
Plot Title: 3S3G,5011,7/18/26 15:30,77.4,
Plot Title: 3S3G,5012,7/18/26 15:45,77.05,
Plot Title: 3S3G,5013,7/18/26 16:00,76.354,
Plot Title: 3S3G,5014,7/18/26 16:15,75.484,
Plot Title: 3S3G,5015,7/18/26 16:30,75.139,
Plot Title: 3S3G,5016,7/18/26 16:45,73.234,
Plot Title: 3S3G,5017,7/18/26 17:00,70.308,
Plot Title: 3S3G,5018,7/18/26 17:15,70.308,
Plot Title: 3S3G,5019,7/18/26 17:30,69.964,
Plot Title: 3S3G,5020,7/18/26 17:45,70.48,
Plot Title: 3S3G,5021,7/18/26 18:00,70.48,
Plot Title: 3S3G,5022,7/18/26 18:15,69.964,
Plot Title: 3S3G,5023,7/18/26 18:30,69.107,
Plot Title: 3S3G,5024,7/18/26 18:45,67.906,
Plot Title: 3S3G,5025,7/18/26 19:00,66.366,
Plot Title: 3S3G,5026,7/18/26 19:15,64.481,
Plot Title: 3S3G,5027,7/18/26 19:30,63.111,
Plot Title: 3S3G,5028,7/18/26 19:45,62.254,
Plot Title: 3S3G,5029,7/18/26 20:00,61.054,
Plot Title: 3S3G,5030,7/18/26 20:15,60.539,
Plot Title: 3S3G,5031,7/18/26 20:30,60.368,
Plot Title: 3S3G,5032,7/18/26 20:45,59.851,
Plot Title: 3S3G,5033,7/18/26 21:00,59.164,
Plot Title: 3S3G,5034,7/18/26 21:15,58.647,
Plot Title: 3S3G,5035,7/18/26 21:30,57.785,
Plot Title: 3S3G,5036,7/18/26 21:45,57.441,
Plot Title: 3S3G,5037,7/18/26 22:00,57.096,
Plot Title: 3S3G,5038,7/18/26 22:15,56.923,
Plot Title: 3S3G,5039,7/18/26 22:30,56.923,
Plot Title: 3S3G,5040,7/18/26 22:45,56.75,
Plot Title: 3S3G,5041,7/18/26 23:00,56.75,
Plot Title: 3S3G,5042,7/18/26 23:15,56.577,
Plot Title: 3S3G,5043,7/18/26 23:30,56.75,
Plot Title: 3S3G,5044,7/18/26 23:45,56.923,
Plot Title: 3S3G,5045,7/19/26 00:00,57.096,
Plot Title: 3S3G,5046,7/19/26 00:15,56.923,
Plot Title: 3S3G,5047,7/19/26 00:30,56.75,
Plot Title: 3S3G,5048,7/19/26 00:45,56.577,
Plot Title: 3S3G,5049,7/19/26 01:00,56.577,
Plot Title: 3S3G,5050,7/19/26 01:15,56.577,
Plot Title: 3S3G,5051,7/19/26 01:30,56.577,
Plot Title: 3S3G,5052,7/19/26 01:45,56.404,
Plot Title: 3S3G,5053,7/19/26 02:00,56.23,
Plot Title: 3S3G,5054,7/19/26 02:15,55.537,
Plot Title: 3S3G,5055,7/19/26 02:30,54.842,
Plot Title: 3S3G,5056,7/19/26 02:45,54.322,
Plot Title: 3S3G,5057,7/19/26 03:00,54.147,
Plot Title: 3S3G,5058,7/19/26 03:15,53.973,
Plot Title: 3S3G,5059,7/19/26 03:30,53.798,
Plot Title: 3S3G,5060,7/19/26 03:45,53.798,
Plot Title: 3S3G,5061,7/19/26 04:00,53.798,
Plot Title: 3S3G,5062,7/19/26 04:15,53.623,
Plot Title: 3S3G,5063,7/19/26 04:30,53.798,
Plot Title: 3S3G,5064,7/19/26 04:45,53.798,
Plot Title: 3S3G,5065,7/19/26 05:00,53.798,
Plot Title: 3S3G,5066,7/19/26 05:15,53.623,
Plot Title: 3S3G,5067,7/19/26 05:30,53.623,
Plot Title: 3S3G,5068,7/19/26 05:45,53.449,
Plot Title: 3S3G,5069,7/19/26 06:00,53.623,
Plot Title: 3S3G,5070,7/19/26 06:15,54.669,
Plot Title: 3S3G,5071,7/19/26 06:30,56.404,
Plot Title: 3S3G,5072,7/19/26 06:45,58.476,
Plot Title: 3S3G,5073,7/19/26 07:00,61.054,
Plot Title: 3S3G,5074,7/19/26 07:15,63.797,
Plot Title: 3S3G,5075,7/19/26 07:30,66.022,
Plot Title: 3S3G,5076,7/19/26 07:45,68.248,
Plot Title: 3S3G,5077,7/19/26 08:00,70.651,
Plot Title: 3S3G,5078,7/19/26 08:15,72.891,
Plot Title: 3S3G,5079,7/19/26 08:30,74.964,
Plot Title: 3S3G,5080,7/19/26 08:45,76.703,
Plot Title: 3S3G,5081,7/19/26 09:00,78.624,
Plot Title: 3S3G,5082,7/19/26 09:15,80.029,
Plot Title: 3S3G,5083,7/19/26 09:30,82.152,
Plot Title: 3S3G,5084,7/19/26 09:45,83.935,
Plot Title: 3S3G,5085,7/19/26 10:00,85.194,
Plot Title: 3S3G,5086,7/19/26 10:15,86.823,
Plot Title: 3S3G,5087,7/19/26 10:30,88.466,
Plot Title: 3S3G,5088,7/19/26 10:45,89.755,
Plot Title: 3S3G,5089,7/19/26 11:00,88.833,
Plot Title: 3S3G,5090,7/19/26 11:15,89.2,
Plot Title: 3S3G,5091,7/19/26 11:30,89.755,
Plot Title: 3S3G,5092,7/19/26 11:45,90.68,
Plot Title: 3S3G,5093,7/19/26 12:00,90.495,
Plot Title: 3S3G,5094,7/19/26 12:15,90.68,
Plot Title: 3S3G,5095,7/19/26 12:30,89.569,
Plot Title: 3S3G,5096,7/19/26 12:45,89.569,
Plot Title: 3S3G,5097,7/19/26 13:00,88.099,
Plot Title: 3S3G,5098,7/19/26 13:15,86.459,
Plot Title: 3S3G,5099,7/19/26 13:30,85.374,
Plot Title: 3S3G,5100,7/19/26 13:45,84.115,
Plot Title: 3S3G,5101,7/19/26 14:00,82.686,
Plot Title: 3S3G,5102,7/19/26 14:15,82.152,
Plot Title: 3S3G,5103,7/19/26 14:30,80.206,
Plot Title: 3S3G,5104,7/19/26 14:45,78.274,
Plot Title: 3S3G,5105,7/19/26 15:00,77.923,
Plot Title: 3S3G,5106,7/19/26 15:15,77.225,
Plot Title: 3S3G,5107,7/19/26 15:30,76.876,
Plot Title: 3S3G,5108,7/19/26 15:45,76.528,
Plot Title: 3S3G,5109,7/19/26 16:00,76.181,
Plot Title: 3S3G,5110,7/19/26 16:15,76.006,
Plot Title: 3S3G,5111,7/19/26 16:30,76.354,
Plot Title: 3S3G,5112,7/19/26 16:45,74.964,
Plot Title: 3S3G,5113,7/19/26 17:00,71.856,
Plot Title: 3S3G,5114,7/19/26 17:15,70.308,
Plot Title: 3S3G,5115,7/19/26 17:30,68.248,
Plot Title: 3S3G,5116,7/19/26 17:45,66.708,
Plot Title: 3S3G,5117,7/19/26 18:00,65.68,
Plot Title: 3S3G,5118,7/19/26 18:15,65.338,
Plot Title: 3S3G,5119,7/19/26 18:30,65.338,
Plot Title: 3S3G,5120,7/19/26 18:45,65.167,
Plot Title: 3S3G,5121,7/19/26 19:00,64.996,
Plot Title: 3S3G,5122,7/19/26 19:15,64.652,
Plot Title: 3S3G,5123,7/19/26 19:30,63.797,
Plot Title: 3S3G,5124,7/19/26 19:45,63.455,
Plot Title: 3S3G,5125,7/19/26 20:00,62.769,
Plot Title: 3S3G,5126,7/19/26 20:15,61.912,
Plot Title: 3S3G,5127,7/19/26 20:30,61.227,
Plot Title: 3S3G,5128,7/19/26 20:45,60.883,
Plot Title: 3S3G,5129,7/19/26 21:00,60.195,
Plot Title: 3S3G,5130,7/19/26 21:15,59.337,
Plot Title: 3S3G,5131,7/19/26 21:30,58.647,
Plot Title: 3S3G,5132,7/19/26 21:45,57.785,
Plot Title: 3S3G,5133,7/19/26 22:00,56.923,
Plot Title: 3S3G,5134,7/19/26 22:15,56.404,
Plot Title: 3S3G,5135,7/19/26 22:30,56.057,
Plot Title: 3S3G,5136,7/19/26 22:45,55.884,
Plot Title: 3S3G,5137,7/19/26 23:00,55.189,
Plot Title: 3S3G,5138,7/19/26 23:15,54.669,
Plot Title: 3S3G,5139,7/19/26 23:30,54.322,
Plot Title: 3S3G,5140,7/19/26 23:45,53.973,
Plot Title: 3S3G,5141,7/20/26 00:00,53.623,
Plot Title: 3S3G,5142,7/20/26 00:15,53.274,
Plot Title: 3S3G,5143,7/20/26 00:30,52.75,
Plot Title: 3S3G,5144,7/20/26 00:45,52.401,
Plot Title: 3S3G,5145,7/20/26 01:00,52.225,
Plot Title: 3S3G,5146,7/20/26 01:15,51.874,
Plot Title: 3S3G,5147,7/20/26 01:30,51.699,
Plot Title: 3S3G,5148,7/20/26 01:45,51.523,
Plot Title: 3S3G,5149,7/20/26 02:00,51.346,
Plot Title: 3S3G,5150,7/20/26 02:15,51.172,
Plot Title: 3S3G,5151,7/20/26 02:30,50.995,
Plot Title: 3S3G,5152,7/20/26 02:45,50.819,
Plot Title: 3S3G,5153,7/20/26 03:00,50.643,
Plot Title: 3S3G,5154,7/20/26 03:15,50.643,
Plot Title: 3S3G,5155,7/20/26 03:30,50.466,
Plot Title: 3S3G,5156,7/20/26 03:45,50.29,
Plot Title: 3S3G,5157,7/20/26 04:00,50.29,
Plot Title: 3S3G,5158,7/20/26 04:15,50.113,
Plot Title: 3S3G,5159,7/20/26 04:30,49.937,
Plot Title: 3S3G,5160,7/20/26 04:45,49.759,
Plot Title: 3S3G,5161,7/20/26 05:00,49.759,
Plot Title: 3S3G,5162,7/20/26 05:15,49.582,
Plot Title: 3S3G,5163,7/20/26 05:30,49.404,
Plot Title: 3S3G,5164,7/20/26 05:45,49.582,
Plot Title: 3S3G,5165,7/20/26 06:00,49.404,
Plot Title: 3S3G,5166,7/20/26 06:15,50.29,
Plot Title: 3S3G,5167,7/20/26 06:30,52.75,
Plot Title: 3S3G,5168,7/20/26 06:45,55.884,
Plot Title: 3S3G,5169,7/20/26 07:00,59.164,
Plot Title: 3S3G,5170,7/20/26 07:15,61.398,
Plot Title: 3S3G,5171,7/20/26 07:30,64.996,
Plot Title: 3S3G,5172,7/20/26 07:45,67.906,
Plot Title: 3S3G,5173,7/20/26 08:00,64.139,
Plot Title: 3S3G,5174,7/20/26 08:15,69.622,
Plot Title: 3S3G,5175,7/20/26 08:30,72.545,
Plot Title: 3S3G,5176,7/20/26 08:45,74.098,
Plot Title: 3S3G,5177,7/20/26 09:00,71.339,
Plot Title: 3S3G,5178,7/20/26 09:15,76.006,
Plot Title: 3S3G,5179,7/20/26 09:30,75.659,
Plot Title: 3S3G,5180,7/20/26 09:45,77.225,
Plot Title: 3S3G,5181,7/20/26 10:00,78.098,
Plot Title: 3S3G,5182,7/20/26 10:15,75.832,
Plot Title: 3S3G,5183,7/20/26 10:30,74.271,
Plot Title: 3S3G,5184,7/20/26 10:45,74.619,
Plot Title: 3S3G,5185,7/20/26 11:00,74.446,
Plot Title: 3S3G,5186,7/20/26 11:15,74.446,
Plot Title: 3S3G,5187,7/20/26 11:30,72.545,
Plot Title: 3S3G,5188,7/20/26 11:45,73.234,
Plot Title: 3S3G,5189,7/20/26 12:00,73.926,
Plot Title: 3S3G,5190,7/20/26 12:15,73.062,
Plot Title: 3S3G,5191,7/20/26 12:30,77.574,
Plot Title: 3S3G,5192,7/20/26 12:45,76.528,
Plot Title: 3S3G,5193,7/20/26 13:00,78.624,
Plot Title: 3S3G,5194,7/20/26 13:15,80.911,
Plot Title: 3S3G,5195,7/20/26 13:30,82.152,
Plot Title: 3S3G,5196,7/20/26 13:45,81.797,
Plot Title: 3S3G,5197,7/20/26 14:00,80.382,
Plot Title: 3S3G,5198,7/20/26 14:15,78.975,
Plot Title: 3S3G,5199,7/20/26 14:30,77.923,
Plot Title: 3S3G,5200,7/20/26 14:45,78.098,
Plot Title: 3S3G,5201,7/20/26 15:00,77.749,
Plot Title: 3S3G,5202,7/20/26 15:15,76.528,
Plot Title: 3S3G,5203,7/20/26 15:30,76.354,
Plot Title: 3S3G,5204,7/20/26 15:45,76.354,
Plot Title: 3S3G,5205,7/20/26 16:00,75.484,
Plot Title: 3S3G,5206,7/20/26 16:15,74.446,
Plot Title: 3S3G,5207,7/20/26 16:30,73.753,
Plot Title: 3S3G,5208,7/20/26 16:45,72.891,
Plot Title: 3S3G,5209,7/20/26 17:00,70.308,
Plot Title: 3S3G,5210,7/20/26 17:15,71.683,
Plot Title: 3S3G,5211,7/20/26 17:30,70.48,
Plot Title: 3S3G,5212,7/20/26 17:45,70.308,
Plot Title: 3S3G,5213,7/20/26 18:00,69.622,
Plot Title: 3S3G,5214,7/20/26 18:15,68.592,
Plot Title: 3S3G,5215,7/20/26 18:30,66.366,
Plot Title: 3S3G,5216,7/20/26 18:45,65.167,
Plot Title: 3S3G,5217,7/20/26 19:00,66.022,
Plot Title: 3S3G,5218,7/20/26 19:15,65.851,
Plot Title: 3S3G,5219,7/20/26 19:30,65.167,
Plot Title: 3S3G,5220,7/20/26 19:45,64.31,
Plot Title: 3S3G,5221,7/20/26 20:00,63.626,
Plot Title: 3S3G,5222,7/20/26 20:15,62.94,
Plot Title: 3S3G,5223,7/20/26 20:30,62.254,
Plot Title: 3S3G,5224,7/20/26 20:45,61.227,
Plot Title: 3S3G,5225,7/20/26 21:00,60.712,
Plot Title: 3S3G,5226,7/20/26 21:15,60.195,
Plot Title: 3S3G,5227,7/20/26 21:30,59.508,
Plot Title: 3S3G,5228,7/20/26 21:45,59.337,
Plot Title: 3S3G,5229,7/20/26 22:00,58.993,
Plot Title: 3S3G,5230,7/20/26 22:15,58.131,
Plot Title: 3S3G,5231,7/20/26 22:30,57.958,
Plot Title: 3S3G,5232,7/20/26 22:45,57.785,
Plot Title: 3S3G,5233,7/20/26 23:00,57.096,
Plot Title: 3S3G,5234,7/20/26 23:15,56.23,
Plot Title: 3S3G,5235,7/20/26 23:30,55.711,
Plot Title: 3S3G,5236,7/20/26 23:45,55.364,
Plot Title: 3S3G,5237,7/21/26 00:00,55.017,
Plot Title: 3S3G,5238,7/21/26 00:15,54.669,
Plot Title: 3S3G,5239,7/21/26 00:30,54.669,
Plot Title: 3S3G,5240,7/21/26 00:45,54.669,
Plot Title: 3S3G,5241,7/21/26 01:00,54.322,
Plot Title: 3S3G,5242,7/21/26 01:15,54.147,
Plot Title: 3S3G,5243,7/21/26 01:30,53.798,
Plot Title: 3S3G,5244,7/21/26 01:45,53.623,
Plot Title: 3S3G,5245,7/21/26 02:00,53.274,
Plot Title: 3S3G,5246,7/21/26 02:15,52.925,
Plot Title: 3S3G,5247,7/21/26 02:30,52.75,
Plot Title: 3S3G,5248,7/21/26 02:45,52.401,
Plot Title: 3S3G,5249,7/21/26 03:00,52.225,
Plot Title: 3S3G,5250,7/21/26 03:15,52.225,
Plot Title: 3S3G,5251,7/21/26 03:30,52.401,
Plot Title: 3S3G,5252,7/21/26 03:45,52.576,
Plot Title: 3S3G,5253,7/21/26 04:00,52.576,
Plot Title: 3S3G,5254,7/21/26 04:15,52.576,
Plot Title: 3S3G,5255,7/21/26 04:30,53.274,
Plot Title: 3S3G,5256,7/21/26 04:45,53.449,
Plot Title: 3S3G,5257,7/21/26 05:00,53.623,
Plot Title: 3S3G,5258,7/21/26 05:15,53.798,
Plot Title: 3S3G,5259,7/21/26 05:30,53.798,
Plot Title: 3S3G,5260,7/21/26 05:45,53.973,
Plot Title: 3S3G,5261,7/21/26 06:00,53.973,
Plot Title: 3S3G,5262,7/21/26 06:15,54.147,
Plot Title: 3S3G,5263,7/21/26 06:30,53.973,
Plot Title: 3S3G,5264,7/21/26 06:45,54.147,
Plot Title: 3S3G,5265,7/21/26 07:00,53.973,
Plot Title: 3S3G,5266,7/21/26 07:15,54.147,
Plot Title: 3S3G,5267,7/21/26 07:30,54.842,
Plot Title: 3S3G,5268,7/21/26 07:45,55.884,
Plot Title: 3S3G,5269,7/21/26 08:00,56.923,
Plot Title: 3S3G,5270,7/21/26 08:15,57.785,
Plot Title: 3S3G,5271,7/21/26 08:30,58.993,
Plot Title: 3S3G,5272,7/21/26 08:45,68.592,
Plot Title: 3S3G,5273,7/21/26 09:00,71.683,
Plot Title: 3S3G,5274,7/21/26 09:15,68.592,
Plot Title: 3S3G,5275,7/21/26 09:30,68.421,
Plot Title: 3S3G,5276,7/21/26 09:45,68.421,
Plot Title: 3S3G,5277,7/21/26 10:00,66.537,
Plot Title: 3S3G,5278,7/21/26 10:15,65.68,
Plot Title: 3S3G,5279,7/21/26 10:30,67.221,
Plot Title: 3S3G,5280,7/21/26 10:45,65.68,
Plot Title: 3S3G,5281,7/21/26 11:00,64.825,
Plot Title: 3S3G,5282,7/21/26 11:15,63.111,
Plot Title: 3S3G,5283,7/21/26 11:30,62.254,
Plot Title: 3S3G,5284,7/21/26 11:45,62.425,
Plot Title: 3S3G,5285,7/21/26 12:00,62.94,
Plot Title: 3S3G,5286,7/21/26 12:15,62.254,
Plot Title: 3S3G,5287,7/21/26 12:30,63.282,
Plot Title: 3S3G,5288,7/21/26 12:45,62.94,
Plot Title: 3S3G,5289,7/21/26 13:00,62.254,
Plot Title: 3S3G,5290,7/21/26 13:15,61.741,
Plot Title: 3S3G,5291,7/21/26 13:30,61.569,
Plot Title: 3S3G,5292,7/21/26 13:45,61.569,
Plot Title: 3S3G,5293,7/21/26 14:00,61.741,
Plot Title: 3S3G,5294,7/21/26 14:15,61.741,
Plot Title: 3S3G,5295,7/21/26 14:30,61.569,
Plot Title: 3S3G,5296,7/21/26 14:45,63.282,
Plot Title: 3S3G,5297,7/21/26 15:00,66.022,
Plot Title: 3S3G,5298,7/21/26 15:15,68.763,
Plot Title: 3S3G,5299,7/21/26 15:30,69.107,
Plot Title: 3S3G,5300,7/21/26 15:45,69.793,
Plot Title: 3S3G,5301,7/21/26 16:00,70.137,
Plot Title: 3S3G,5302,7/21/26 16:15,70.137,
Plot Title: 3S3G,5303,7/21/26 16:30,69.964,
Plot Title: 3S3G,5304,7/21/26 16:45,69.107,
Plot Title: 3S3G,5305,7/21/26 17:00,66.708,
Plot Title: 3S3G,5306,7/21/26 17:15,66.879,
Plot Title: 3S3G,5307,7/21/26 17:30,65.68,
Plot Title: 3S3G,5308,7/21/26 17:45,64.652,
Plot Title: 3S3G,5309,7/21/26 18:00,64.139,
Plot Title: 3S3G,5310,7/21/26 18:15,63.797,
Plot Title: 3S3G,5311,7/21/26 18:30,63.455,
Plot Title: 3S3G,5312,7/21/26 18:45,63.626,
Plot Title: 3S3G,5313,7/21/26 19:00,63.968,
Plot Title: 3S3G,5314,7/21/26 19:15,63.626,
Plot Title: 3S3G,5315,7/21/26 19:30,62.083,
Plot Title: 3S3G,5316,7/21/26 19:45,61.054,
Plot Title: 3S3G,5317,7/21/26 20:00,60.368,
Plot Title: 3S3G,5318,7/21/26 20:15,60.195,
Plot Title: 3S3G,5319,7/21/26 20:30,59.68,
Plot Title: 3S3G,5320,7/21/26 20:45,59.337,
Plot Title: 3S3G,5321,7/21/26 21:00,58.993,
Plot Title: 3S3G,5322,7/21/26 21:15,58.303,
Plot Title: 3S3G,5323,7/21/26 21:30,58.303,
Plot Title: 3S3G,5324,7/21/26 21:45,58.131,
Plot Title: 3S3G,5325,7/21/26 22:00,58.131,
Plot Title: 3S3G,5326,7/21/26 22:15,58.131,
Plot Title: 3S3G,5327,7/21/26 22:30,58.131,
Plot Title: 3S3G,5328,7/21/26 22:45,58.131,
Plot Title: 3S3G,5329,7/21/26 23:00,57.958,
Plot Title: 3S3G,5330,7/21/26 23:15,57.958,
Plot Title: 3S3G,5331,7/21/26 23:30,57.614,
Plot Title: 3S3G,5332,7/21/26 23:45,57.268,
Plot Title: 3S3G,5333,7/22/26 00:00,57.096,
Plot Title: 3S3G,5334,7/22/26 00:15,56.577,
Plot Title: 3S3G,5335,7/22/26 00:30,56.75,
Plot Title: 3S3G,5336,7/22/26 00:45,56.923,
Plot Title: 3S3G,5337,7/22/26 01:00,57.096,
Plot Title: 3S3G,5338,7/22/26 01:15,56.923,
Plot Title: 3S3G,5339,7/22/26 01:30,56.75,
Plot Title: 3S3G,5340,7/22/26 01:45,56.404,
Plot Title: 3S3G,5341,7/22/26 02:00,55.884,
Plot Title: 3S3G,5342,7/22/26 02:15,55.537,
Plot Title: 3S3G,5343,7/22/26 02:30,55.537,
Plot Title: 3S3G,5344,7/22/26 02:45,55.537,
Plot Title: 3S3G,5345,7/22/26 03:00,55.364,
Plot Title: 3S3G,5346,7/22/26 03:15,55.711,
Plot Title: 3S3G,5347,7/22/26 03:30,55.537,
Plot Title: 3S3G,5348,7/22/26 03:45,55.189,
Plot Title: 3S3G,5349,7/22/26 04:00,55.189,
Plot Title: 3S3G,5350,7/22/26 04:15,55.364,
Plot Title: 3S3G,5351,7/22/26 04:30,55.711,
Plot Title: 3S3G,5352,7/22/26 04:45,55.711,
Plot Title: 3S3G,5353,7/22/26 05:00,55.711,
Plot Title: 3S3G,5354,7/22/26 05:15,55.537,
Plot Title: 3S3G,5355,7/22/26 05:30,55.017,
Plot Title: 3S3G,5356,7/22/26 05:45,54.495,
Plot Title: 3S3G,5357,7/22/26 06:00,54.322,
Plot Title: 3S3G,5358,7/22/26 06:15,53.973,
Plot Title: 3S3G,5359,7/22/26 06:30,54.147,
Plot Title: 3S3G,5360,7/22/26 06:45,55.364,
Plot Title: 3S3G,5361,7/22/26 07:00,58.82,
Plot Title: 3S3G,5362,7/22/26 07:15,62.425,
Plot Title: 3S3G,5363,7/22/26 07:30,65.851,
Plot Title: 3S3G,5364,7/22/26 07:45,66.879,
Plot Title: 3S3G,5365,7/22/26 08:00,65.509,
Plot Title: 3S3G,5366,7/22/26 08:15,66.193,
Plot Title: 3S3G,5367,7/22/26 08:30,66.537,
Plot Title: 3S3G,5368,7/22/26 08:45,66.708,
Plot Title: 3S3G,5369,7/22/26 09:00,68.248,
Plot Title: 3S3G,5370,7/22/26 09:15,70.651,
Plot Title: 3S3G,5371,7/22/26 09:30,71.683,
Plot Title: 3S3G,5372,7/22/26 09:45,72.891,
Plot Title: 3S3G,5373,7/22/26 10:00,74.098,
Plot Title: 3S3G,5374,7/22/26 10:15,75.484,
Plot Title: 3S3G,5375,7/22/26 10:30,77.574,
Plot Title: 3S3G,5376,7/22/26 10:45,83.935,
Plot Title: 3S3G,5377,7/22/26 11:00,87.368,
Plot Title: 3S3G,5378,7/22/26 11:15,89.569,
Plot Title: 3S3G,5379,7/22/26 11:30,91.053,
Plot Title: 3S3G,5380,7/22/26 11:45,93.115,
Plot Title: 3S3G,5381,7/22/26 12:00,90.68,
Plot Title: 3S3G,5382,7/22/26 12:15,91.612,
Plot Title: 3S3G,5383,7/22/26 12:30,93.873,
Plot Title: 3S3G,5384,7/22/26 12:45,95.783,
Plot Title: 3S3G,5385,7/22/26 13:00,93.493,
Plot Title: 3S3G,5386,7/22/26 13:15,94.444,
Plot Title: 3S3G,5387,7/22/26 13:30,92.737,
Plot Title: 3S3G,5388,7/22/26 13:45,85.915,
Plot Title: 3S3G,5389,7/22/26 14:00,85.194,
Plot Title: 3S3G,5390,7/22/26 14:15,86.459,
Plot Title: 3S3G,5391,7/22/26 14:30,85.735,
Plot Title: 3S3G,5392,7/22/26 14:45,84.654,
Plot Title: 3S3G,5393,7/22/26 15:00,81.621,
Plot Title: 3S3G,5394,7/22/26 15:15,77.05,
Plot Title: 3S3G,5395,7/22/26 15:30,70.824,
Plot Title: 3S3G,5396,7/22/26 15:45,70.137,
Plot Title: 3S3G,5397,7/22/26 16:00,69.793,
Plot Title: 3S3G,5398,7/22/26 16:15,69.793,
Plot Title: 3S3G,5399,7/22/26 16:30,69.107,
Plot Title: 3S3G,5400,7/22/26 16:45,69.278,
Plot Title: 3S3G,5401,7/22/26 17:00,70.48,
Plot Title: 3S3G,5402,7/22/26 17:15,69.964,
Plot Title: 3S3G,5403,7/22/26 17:30,68.763,
Plot Title: 3S3G,5404,7/22/26 17:45,67.564,
Plot Title: 3S3G,5405,7/22/26 18:00,66.879,
Plot Title: 3S3G,5406,7/22/26 18:15,65.68,
Plot Title: 3S3G,5407,7/22/26 18:30,64.481,
Plot Title: 3S3G,5408,7/22/26 18:45,64.139,
Plot Title: 3S3G,5409,7/22/26 19:00,63.282,
Plot Title: 3S3G,5410,7/22/26 19:15,62.769,
Plot Title: 3S3G,5411,7/22/26 19:30,62.425,
Plot Title: 3S3G,5412,7/22/26 19:45,61.741,
Plot Title: 3S3G,5413,7/22/26 20:00,60.712,
Plot Title: 3S3G,5414,7/22/26 20:15,60.368,
Plot Title: 3S3G,5415,7/22/26 20:30,59.68,
Plot Title: 3S3G,5416,7/22/26 20:45,59.337,
Plot Title: 3S3G,5417,7/22/26 21:00,59.164,
Plot Title: 3S3G,5418,7/22/26 21:15,58.82,
Plot Title: 3S3G,5419,7/22/26 21:30,58.647,
Plot Title: 3S3G,5420,7/22/26 21:45,58.476,
Plot Title: 3S3G,5421,7/22/26 22:00,58.303,
Plot Title: 3S3G,5422,7/22/26 22:15,58.131,
Plot Title: 3S3G,5423,7/22/26 22:30,58.131,
Plot Title: 3S3G,5424,7/22/26 22:45,57.785,
Plot Title: 3S3G,5425,7/22/26 23:00,57.441,
Plot Title: 3S3G,5426,7/22/26 23:15,57.268,
Plot Title: 3S3G,5427,7/22/26 23:30,57.096,
Plot Title: 3S3G,5428,7/22/26 23:45,56.75,
Plot Title: 3S3G,5429,7/23/26 00:00,56.577,
Plot Title: 3S3G,5430,7/23/26 00:15,56.404,
Plot Title: 3S3G,5431,7/23/26 00:30,56.23,
Plot Title: 3S3G,5432,7/23/26 00:45,56.057,
Plot Title: 3S3G,5433,7/23/26 01:00,55.884,
Plot Title: 3S3G,5434,7/23/26 01:15,55.537,
Plot Title: 3S3G,5435,7/23/26 01:30,55.537,
Plot Title: 3S3G,5436,7/23/26 01:45,55.537,
Plot Title: 3S3G,5437,7/23/26 02:00,55.364,
Plot Title: 3S3G,5438,7/23/26 02:15,54.842,
Plot Title: 3S3G,5439,7/23/26 02:30,54.842,
Plot Title: 3S3G,5440,7/23/26 02:45,54.842,
Plot Title: 3S3G,5441,7/23/26 03:00,54.669,
Plot Title: 3S3G,5442,7/23/26 03:15,54.495,
Plot Title: 3S3G,5443,7/23/26 03:30,54.495,
Plot Title: 3S3G,5444,7/23/26 03:45,54.669,
Plot Title: 3S3G,5445,7/23/26 04:00,54.842,
Plot Title: 3S3G,5446,7/23/26 04:15,54.495,
Plot Title: 3S3G,5447,7/23/26 04:30,54.322,
Plot Title: 3S3G,5448,7/23/26 04:45,54.322,
Plot Title: 3S3G,5449,7/23/26 05:00,54.322,
Plot Title: 3S3G,5450,7/23/26 05:15,54.322,
Plot Title: 3S3G,5451,7/23/26 05:30,54.322,
Plot Title: 3S3G,5452,7/23/26 05:45,54.322,
Plot Title: 3S3G,5453,7/23/26 06:00,54.147,
Plot Title: 3S3G,5454,7/23/26 06:15,53.973,
Plot Title: 3S3G,5455,7/23/26 06:30,54.147,
Plot Title: 3S3G,5456,7/23/26 06:45,54.147,
Plot Title: 3S3G,5457,7/23/26 07:00,55.017,
Plot Title: 3S3G,5458,7/23/26 07:15,56.057,
Plot Title: 3S3G,5459,7/23/26 07:30,57.268,
Plot Title: 3S3G,5460,7/23/26 07:45,58.82,
Plot Title: 3S3G,5461,7/23/26 08:00,63.797,
Plot Title: 3S3G,5462,7/23/26 08:15,67.05,
Plot Title: 3S3G,5463,7/23/26 08:30,70.995,
Plot Title: 3S3G,5464,7/23/26 08:45,70.308,
Plot Title: 3S3G,5465,7/23/26 09:00,71.683,
Plot Title: 3S3G,5466,7/23/26 09:15,70.995,
Plot Title: 3S3G,5467,7/23/26 09:30,70.137,
Plot Title: 3S3G,5468,7/23/26 09:45,70.137,
Plot Title: 3S3G,5469,7/23/26 10:00,71.856,
Plot Title: 3S3G,5470,7/23/26 10:15,69.793,
Plot Title: 3S3G,5471,7/23/26 10:30,70.308,
Plot Title: 3S3G,5472,7/23/26 10:45,73.062,
Plot Title: 3S3G,5473,7/23/26 11:00,78.8,
Plot Title: 3S3G,5474,7/23/26 11:15,82.152,
Plot Title: 3S3G,5475,7/23/26 11:30,83.935,
Plot Title: 3S3G,5476,7/23/26 11:45,80.029,
Plot Title: 3S3G,5477,7/23/26 12:00,74.619,
Plot Title: 3S3G,5478,7/23/26 12:15,72.718,
Plot Title: 3S3G,5479,7/23/26 12:30,80.911,
Plot Title: 3S3G,5480,7/23/26 12:45,75.659,
Plot Title: 3S3G,5481,7/23/26 13:00,72.545,
Plot Title: 3S3G,5482,7/23/26 13:15,75.139,
Plot Title: 3S3G,5483,7/23/26 13:30,80.029,
Plot Title: 3S3G,5484,7/23/26 13:45,78.274,
Plot Title: 3S3G,5485,7/23/26 14:00,74.964,
Plot Title: 3S3G,5486,7/23/26 14:15,75.484,
Plot Title: 3S3G,5487,7/23/26 14:30,75.659,
Plot Title: 3S3G,5488,7/23/26 14:45,75.312,
Plot Title: 3S3G,5489,7/23/26 15:00,75.832,
Plot Title: 3S3G,5490,7/23/26 15:15,74.791,
Plot Title: 3S3G,5491,7/23/26 15:30,74.964,
Plot Title: 3S3G,5492,7/23/26 15:45,72.372,
Plot Title: 3S3G,5493,7/23/26 16:00,74.098,
Plot Title: 3S3G,5494,7/23/26 16:15,74.446,
Plot Title: 3S3G,5495,7/23/26 16:30,72.891,
Plot Title: 3S3G,5496,7/23/26 16:45,72.199,
Plot Title: 3S3G,5497,7/23/26 17:00,70.137,
Plot Title: 3S3G,5498,7/23/26 17:15,69.622,
Plot Title: 3S3G,5499,7/23/26 17:30,68.592,
Plot Title: 3S3G,5500,7/23/26 17:45,68.763,
Plot Title: 3S3G,5501,7/23/26 18:00,68.934,
Plot Title: 3S3G,5502,7/23/26 18:15,67.221,
Plot Title: 3S3G,5503,7/23/26 18:30,65.68,
Plot Title: 3S3G,5504,7/23/26 18:45,64.825,
Plot Title: 3S3G,5505,7/23/26 19:00,63.797,
Plot Title: 3S3G,5506,7/23/26 19:15,63.111,
Plot Title: 3S3G,5507,7/23/26 19:30,62.425,
Plot Title: 3S3G,5508,7/23/26 19:45,61.741,
Plot Title: 3S3G,5509,7/23/26 20:00,61.227,
Plot Title: 3S3G,5510,7/23/26 20:15,60.539,
Plot Title: 3S3G,5511,7/23/26 20:30,59.851,
Plot Title: 3S3G,5512,7/23/26 20:45,59.337,
Plot Title: 3S3G,5513,7/23/26 21:00,58.82,
Plot Title: 3S3G,5514,7/23/26 21:15,58.476,
Plot Title: 3S3G,5515,7/23/26 21:30,58.131,
Plot Title: 3S3G,5516,7/23/26 21:45,57.785,
Plot Title: 3S3G,5517,7/23/26 22:00,57.614,
Plot Title: 3S3G,5518,7/23/26 22:15,57.441,
Plot Title: 3S3G,5519,7/23/26 22:30,57.268,
Plot Title: 3S3G,5520,7/23/26 22:45,56.923,
Plot Title: 3S3G,5521,7/23/26 23:00,56.75,
Plot Title: 3S3G,5522,7/23/26 23:15,56.404,
Plot Title: 3S3G,5523,7/23/26 23:30,56.23,
Plot Title: 3S3G,5524,7/23/26 23:45,56.057,
Plot Title: 3S3G,5525,7/24/26 00:00,55.884,
Plot Title: 3S3G,5526,7/24/26 00:15,55.711,
Plot Title: 3S3G,5527,7/24/26 00:30,55.537,
Plot Title: 3S3G,5528,7/24/26 00:45,55.537,
Plot Title: 3S3G,5529,7/24/26 01:00,55.537,
Plot Title: 3S3G,5530,7/24/26 01:15,55.537,
Plot Title: 3S3G,5531,7/24/26 01:30,55.711,
Plot Title: 3S3G,5532,7/24/26 01:45,55.711,
Plot Title: 3S3G,5533,7/24/26 02:00,55.711,
Plot Title: 3S3G,5534,7/24/26 02:15,55.364,
Plot Title: 3S3G,5535,7/24/26 02:30,54.669,
Plot Title: 3S3G,5536,7/24/26 02:45,54.322,
Plot Title: 3S3G,5537,7/24/26 03:00,54.147,
Plot Title: 3S3G,5538,7/24/26 03:15,53.973,
Plot Title: 3S3G,5539,7/24/26 03:30,53.973,
Plot Title: 3S3G,5540,7/24/26 03:45,53.973,
Plot Title: 3S3G,5541,7/24/26 04:00,53.973,
Plot Title: 3S3G,5542,7/24/26 04:15,53.973,
Plot Title: 3S3G,5543,7/24/26 04:30,53.973,
Plot Title: 3S3G,5544,7/24/26 04:45,53.798,
Plot Title: 3S3G,5545,7/24/26 05:00,53.623,
Plot Title: 3S3G,5546,7/24/26 05:15,53.449,
Plot Title: 3S3G,5547,7/24/26 05:30,53.274,
Plot Title: 3S3G,5548,7/24/26 05:45,53.274,
Plot Title: 3S3G,5549,7/24/26 06:00,53.274,
Plot Title: 3S3G,5550,7/24/26 06:15,53.623,
Plot Title: 3S3G,5551,7/24/26 06:30,55.189,
Plot Title: 3S3G,5552,7/24/26 06:45,57.785,
Plot Title: 3S3G,5553,7/24/26 07:00,60.712,
Plot Title: 3S3G,5554,7/24/26 07:15,64.139,
Plot Title: 3S3G,5555,7/24/26 07:30,67.392,
Plot Title: 3S3G,5556,7/24/26 07:45,69.793,
Plot Title: 3S3G,5557,7/24/26 08:00,71.856,
Plot Title: 3S3G,5558,7/24/26 08:15,74.271,Logged