Plot Title: 5B2C,#,"Date Time, GMT-06:00",T,End Of File (LGR S/N: 10608578)
Plot Title: 5B2C,1,6/5/26 12:00,77.05,
Plot Title: 5B2C,2,6/5/26 12:15,78.8,
Plot Title: 5B2C,3,6/5/26 12:30,71.683,
Plot Title: 5B2C,4,6/5/26 12:45,57.958,
Plot Title: 5B2C,5,6/5/26 13:00,55.017,
Plot Title: 5B2C,6,6/5/26 13:15,55.711,
Plot Title: 5B2C,7,6/5/26 13:30,54.147,
Plot Title: 5B2C,8,6/5/26 13:45,52.925,
Plot Title: 5B2C,9,6/5/26 14:00,52.401,
Plot Title: 5B2C,10,6/5/26 14:15,57.096,
Plot Title: 5B2C,11,6/5/26 14:30,62.083,
Plot Title: 5B2C,12,6/5/26 14:45,64.652,
Plot Title: 5B2C,13,6/5/26 15:00,66.022,
Plot Title: 5B2C,14,6/5/26 15:15,66.366,
Plot Title: 5B2C,15,6/5/26 15:30,66.537,
Plot Title: 5B2C,16,6/5/26 15:45,65.167,
Plot Title: 5B2C,17,6/5/26 16:00,64.825,
Plot Title: 5B2C,18,6/5/26 16:15,63.797,
Plot Title: 5B2C,19,6/5/26 16:30,63.111,
Plot Title: 5B2C,20,6/5/26 16:45,62.083,
Plot Title: 5B2C,21,6/5/26 17:00,61.227,
Plot Title: 5B2C,22,6/5/26 17:15,60.368,
Plot Title: 5B2C,23,6/5/26 17:30,58.476,
Plot Title: 5B2C,24,6/5/26 17:45,56.577,
Plot Title: 5B2C,25,6/5/26 18:00,55.364,
Plot Title: 5B2C,26,6/5/26 18:15,54.147,
Plot Title: 5B2C,27,6/5/26 18:30,53.274,
Plot Title: 5B2C,28,6/5/26 18:45,52.576,
Plot Title: 5B2C,29,6/5/26 19:00,51.874,
Plot Title: 5B2C,30,6/5/26 19:15,51.172,
Plot Title: 5B2C,31,6/5/26 19:30,50.643,
Plot Title: 5B2C,32,6/5/26 19:45,50.113,
Plot Title: 5B2C,33,6/5/26 20:00,49.582,
Plot Title: 5B2C,34,6/5/26 20:15,49.05,
Plot Title: 5B2C,35,6/5/26 20:30,48.695,
Plot Title: 5B2C,36,6/5/26 20:45,48.339,
Plot Title: 5B2C,37,6/5/26 21:00,47.802,
Plot Title: 5B2C,38,6/5/26 21:15,47.446,
Plot Title: 5B2C,39,6/5/26 21:30,47.088,
Plot Title: 5B2C,40,6/5/26 21:45,46.728,
Plot Title: 5B2C,41,6/5/26 22:00,46.369,
Plot Title: 5B2C,42,6/5/26 22:15,46.008,
Plot Title: 5B2C,43,6/5/26 22:30,45.648,
Plot Title: 5B2C,44,6/5/26 22:45,45.466,
Plot Title: 5B2C,45,6/5/26 23:00,45.104,
Plot Title: 5B2C,46,6/5/26 23:15,44.742,
Plot Title: 5B2C,47,6/5/26 23:30,44.56,
Plot Title: 5B2C,48,6/5/26 23:45,44.195,
Plot Title: 5B2C,49,6/6/26 00:00,44.013,
Plot Title: 5B2C,50,6/6/26 00:15,43.831,
Plot Title: 5B2C,51,6/6/26 00:30,43.648,
Plot Title: 5B2C,52,6/6/26 00:45,43.282,
Plot Title: 5B2C,53,6/6/26 01:00,43.099,
Plot Title: 5B2C,54,6/6/26 01:15,42.732,
Plot Title: 5B2C,55,6/6/26 01:30,42.548,
Plot Title: 5B2C,56,6/6/26 01:45,42.363,
Plot Title: 5B2C,57,6/6/26 02:00,42.179,
Plot Title: 5B2C,58,6/6/26 02:15,41.994,
Plot Title: 5B2C,59,6/6/26 02:30,41.81,
Plot Title: 5B2C,60,6/6/26 02:45,41.81,
Plot Title: 5B2C,61,6/6/26 03:00,41.625,
Plot Title: 5B2C,62,6/6/26 03:15,41.625,
Plot Title: 5B2C,63,6/6/26 03:30,41.439,
Plot Title: 5B2C,64,6/6/26 03:45,41.254,
Plot Title: 5B2C,65,6/6/26 04:00,41.254,
Plot Title: 5B2C,66,6/6/26 04:15,41.067,
Plot Title: 5B2C,67,6/6/26 04:30,41.067,
Plot Title: 5B2C,68,6/6/26 04:45,41.067,
Plot Title: 5B2C,69,6/6/26 05:00,41.067,
Plot Title: 5B2C,70,6/6/26 05:15,41.067,
Plot Title: 5B2C,71,6/6/26 05:30,40.881,
Plot Title: 5B2C,72,6/6/26 05:45,40.881,
Plot Title: 5B2C,73,6/6/26 06:00,41.067,
Plot Title: 5B2C,74,6/6/26 06:15,41.067,
Plot Title: 5B2C,75,6/6/26 06:30,41.439,
Plot Title: 5B2C,76,6/6/26 06:45,42.179,
Plot Title: 5B2C,77,6/6/26 07:00,42.548,
Plot Title: 5B2C,78,6/6/26 07:15,42.732,
Plot Title: 5B2C,79,6/6/26 07:30,43.282,
Plot Title: 5B2C,80,6/6/26 07:45,43.466,
Plot Title: 5B2C,81,6/6/26 08:00,44.56,
Plot Title: 5B2C,82,6/6/26 08:15,45.466,
Plot Title: 5B2C,83,6/6/26 08:30,47.802,
Plot Title: 5B2C,84,6/6/26 08:45,48.695,
Plot Title: 5B2C,85,6/6/26 09:00,49.582,
Plot Title: 5B2C,86,6/6/26 09:15,51.346,
Plot Title: 5B2C,87,6/6/26 09:30,50.29,
Plot Title: 5B2C,88,6/6/26 09:45,50.29,
Plot Title: 5B2C,89,6/6/26 10:00,49.937,
Plot Title: 5B2C,90,6/6/26 10:15,49.582,
Plot Title: 5B2C,91,6/6/26 10:30,48.871,
Plot Title: 5B2C,92,6/6/26 10:45,48.339,
Plot Title: 5B2C,93,6/6/26 11:00,48.517,
Plot Title: 5B2C,94,6/6/26 11:15,49.404,
Plot Title: 5B2C,95,6/6/26 11:30,50.466,
Plot Title: 5B2C,96,6/6/26 11:45,51.523,
Plot Title: 5B2C,97,6/6/26 12:00,52.05,
Plot Title: 5B2C,98,6/6/26 12:15,52.75,
Plot Title: 5B2C,99,6/6/26 12:30,53.274,
Plot Title: 5B2C,100,6/6/26 12:45,53.798,
Plot Title: 5B2C,101,6/6/26 13:00,54.322,
Plot Title: 5B2C,102,6/6/26 13:15,54.495,
Plot Title: 5B2C,103,6/6/26 13:30,54.669,
Plot Title: 5B2C,104,6/6/26 13:45,54.147,
Plot Title: 5B2C,105,6/6/26 14:00,54.147,
Plot Title: 5B2C,106,6/6/26 14:15,56.577,
Plot Title: 5B2C,107,6/6/26 14:30,57.441,
Plot Title: 5B2C,108,6/6/26 14:45,56.057,
Plot Title: 5B2C,109,6/6/26 15:00,54.842,
Plot Title: 5B2C,110,6/6/26 15:15,53.973,
Plot Title: 5B2C,111,6/6/26 15:30,53.449,
Plot Title: 5B2C,112,6/6/26 15:45,53.449,
Plot Title: 5B2C,113,6/6/26 16:00,53.1,
Plot Title: 5B2C,114,6/6/26 16:15,53.274,
Plot Title: 5B2C,115,6/6/26 16:30,53.449,
Plot Title: 5B2C,116,6/6/26 16:45,52.925,
Plot Title: 5B2C,117,6/6/26 17:00,52.925,
Plot Title: 5B2C,118,6/6/26 17:15,52.75,
Plot Title: 5B2C,119,6/6/26 17:30,52.225,
Plot Title: 5B2C,120,6/6/26 17:45,51.346,
Plot Title: 5B2C,121,6/6/26 18:00,50.643,
Plot Title: 5B2C,122,6/6/26 18:15,50.466,
Plot Title: 5B2C,123,6/6/26 18:30,49.937,
Plot Title: 5B2C,124,6/6/26 18:45,49.404,
Plot Title: 5B2C,125,6/6/26 19:00,49.05,
Plot Title: 5B2C,126,6/6/26 19:15,48.517,
Plot Title: 5B2C,127,6/6/26 19:30,48.339,
Plot Title: 5B2C,128,6/6/26 19:45,47.982,
Plot Title: 5B2C,129,6/6/26 20:00,47.624,
Plot Title: 5B2C,130,6/6/26 20:15,47.446,
Plot Title: 5B2C,131,6/6/26 20:30,47.088,
Plot Title: 5B2C,132,6/6/26 20:45,46.908,
Plot Title: 5B2C,133,6/6/26 21:00,46.369,
Plot Title: 5B2C,134,6/6/26 21:15,45.648,
Plot Title: 5B2C,135,6/6/26 21:30,45.104,
Plot Title: 5B2C,136,6/6/26 21:45,44.742,
Plot Title: 5B2C,137,6/6/26 22:00,44.379,
Plot Title: 5B2C,138,6/6/26 22:15,43.831,
Plot Title: 5B2C,139,6/6/26 22:30,43.648,
Plot Title: 5B2C,140,6/6/26 22:45,43.466,
Plot Title: 5B2C,141,6/6/26 23:00,43.466,
Plot Title: 5B2C,142,6/6/26 23:15,43.648,
Plot Title: 5B2C,143,6/6/26 23:30,43.648,
Plot Title: 5B2C,144,6/6/26 23:45,43.466,
Plot Title: 5B2C,145,6/7/26 00:00,43.282,
Plot Title: 5B2C,146,6/7/26 00:15,43.282,
Plot Title: 5B2C,147,6/7/26 00:30,43.099,
Plot Title: 5B2C,148,6/7/26 00:45,42.915,
Plot Title: 5B2C,149,6/7/26 01:00,42.548,
Plot Title: 5B2C,150,6/7/26 01:15,42.548,
Plot Title: 5B2C,151,6/7/26 01:30,42.179,
Plot Title: 5B2C,152,6/7/26 01:45,41.994,
Plot Title: 5B2C,153,6/7/26 02:00,41.625,
Plot Title: 5B2C,154,6/7/26 02:15,41.439,
Plot Title: 5B2C,155,6/7/26 02:30,41.625,
Plot Title: 5B2C,156,6/7/26 02:45,41.625,
Plot Title: 5B2C,157,6/7/26 03:00,41.81,
Plot Title: 5B2C,158,6/7/26 03:15,41.81,
Plot Title: 5B2C,159,6/7/26 03:30,41.81,
Plot Title: 5B2C,160,6/7/26 03:45,41.81,
Plot Title: 5B2C,161,6/7/26 04:00,41.625,
Plot Title: 5B2C,162,6/7/26 04:15,41.625,
Plot Title: 5B2C,163,6/7/26 04:30,41.439,
Plot Title: 5B2C,164,6/7/26 04:45,41.439,
Plot Title: 5B2C,165,6/7/26 05:00,41.439,
Plot Title: 5B2C,166,6/7/26 05:15,41.254,
Plot Title: 5B2C,167,6/7/26 05:30,40.881,
Plot Title: 5B2C,168,6/7/26 05:45,40.696,
Plot Title: 5B2C,169,6/7/26 06:00,40.696,
Plot Title: 5B2C,170,6/7/26 06:15,40.696,
Plot Title: 5B2C,171,6/7/26 06:30,40.881,
Plot Title: 5B2C,172,6/7/26 06:45,41.067,
Plot Title: 5B2C,173,6/7/26 07:00,41.625,
Plot Title: 5B2C,174,6/7/26 07:15,41.994,
Plot Title: 5B2C,175,6/7/26 07:30,42.548,
Plot Title: 5B2C,176,6/7/26 07:45,44.013,
Plot Title: 5B2C,177,6/7/26 08:00,47.266,
Plot Title: 5B2C,178,6/7/26 08:15,49.937,
Plot Title: 5B2C,179,6/7/26 08:30,52.225,
Plot Title: 5B2C,180,6/7/26 08:45,54.842,
Plot Title: 5B2C,181,6/7/26 09:00,55.711,
Plot Title: 5B2C,182,6/7/26 09:15,57.096,
Plot Title: 5B2C,183,6/7/26 09:30,58.993,
Plot Title: 5B2C,184,6/7/26 09:45,60.368,
Plot Title: 5B2C,185,6/7/26 10:00,59.164,
Plot Title: 5B2C,186,6/7/26 10:15,56.923,
Plot Title: 5B2C,187,6/7/26 10:30,56.23,
Plot Title: 5B2C,188,6/7/26 10:45,55.537,
Plot Title: 5B2C,189,6/7/26 11:00,55.364,
Plot Title: 5B2C,190,6/7/26 11:15,55.537,
Plot Title: 5B2C,191,6/7/26 11:30,56.23,
Plot Title: 5B2C,192,6/7/26 11:45,56.404,
Plot Title: 5B2C,193,6/7/26 12:00,56.75,
Plot Title: 5B2C,194,6/7/26 12:15,56.404,
Plot Title: 5B2C,195,6/7/26 12:30,55.884,
Plot Title: 5B2C,196,6/7/26 12:45,55.711,
Plot Title: 5B2C,197,6/7/26 13:00,54.842,
Plot Title: 5B2C,198,6/7/26 13:15,53.973,
Plot Title: 5B2C,199,6/7/26 13:30,53.274,
Plot Title: 5B2C,200,6/7/26 13:45,52.576,
Plot Title: 5B2C,201,6/7/26 14:00,52.05,
Plot Title: 5B2C,202,6/7/26 14:15,50.995,
Plot Title: 5B2C,203,6/7/26 14:30,50.113,
Plot Title: 5B2C,204,6/7/26 14:45,49.228,
Plot Title: 5B2C,205,6/7/26 15:00,49.05,
Plot Title: 5B2C,206,6/7/26 15:15,48.517,
Plot Title: 5B2C,207,6/7/26 15:30,48.16,
Plot Title: 5B2C,208,6/7/26 15:45,48.339,
Plot Title: 5B2C,209,6/7/26 16:00,47.982,
Plot Title: 5B2C,210,6/7/26 16:15,46.728,
Plot Title: 5B2C,211,6/7/26 16:30,45.648,
Plot Title: 5B2C,212,6/7/26 16:45,45.104,
Plot Title: 5B2C,213,6/7/26 17:00,45.286,
Plot Title: 5B2C,214,6/7/26 17:15,45.104,
Plot Title: 5B2C,215,6/7/26 17:30,45.648,
Plot Title: 5B2C,216,6/7/26 17:45,46.548,
Plot Title: 5B2C,217,6/7/26 18:00,46.188,
Plot Title: 5B2C,218,6/7/26 18:15,44.922,
Plot Title: 5B2C,219,6/7/26 18:30,43.648,
Plot Title: 5B2C,220,6/7/26 18:45,42.915,
Plot Title: 5B2C,221,6/7/26 19:00,42.179,
Plot Title: 5B2C,222,6/7/26 19:15,41.625,
Plot Title: 5B2C,223,6/7/26 19:30,41.439,
Plot Title: 5B2C,224,6/7/26 19:45,41.254,
Plot Title: 5B2C,225,6/7/26 20:00,41.067,
Plot Title: 5B2C,226,6/7/26 20:15,40.881,
Plot Title: 5B2C,227,6/7/26 20:30,40.509,
Plot Title: 5B2C,228,6/7/26 20:45,40.134,
Plot Title: 5B2C,229,6/7/26 21:00,39.947,
Plot Title: 5B2C,230,6/7/26 21:15,39.573,
Plot Title: 5B2C,231,6/7/26 21:30,39.384,
Plot Title: 5B2C,232,6/7/26 21:45,39.196,
Plot Title: 5B2C,233,6/7/26 22:00,39.007,
Plot Title: 5B2C,234,6/7/26 22:15,38.629,
Plot Title: 5B2C,235,6/7/26 22:30,38.44,
Plot Title: 5B2C,236,6/7/26 22:45,38.061,
Plot Title: 5B2C,237,6/7/26 23:00,37.679,
Plot Title: 5B2C,238,6/7/26 23:15,37.297,
Plot Title: 5B2C,239,6/7/26 23:30,36.914,
Plot Title: 5B2C,240,6/7/26 23:45,36.531,
Plot Title: 5B2C,241,6/8/26 00:00,36.145,
Plot Title: 5B2C,242,6/8/26 00:15,35.758,
Plot Title: 5B2C,243,6/8/26 00:30,35.175,
Plot Title: 5B2C,244,6/8/26 00:45,34.786,
Plot Title: 5B2C,245,6/8/26 01:00,34.59,
Plot Title: 5B2C,246,6/8/26 01:15,34.394,
Plot Title: 5B2C,247,6/8/26 01:30,34.198,
Plot Title: 5B2C,248,6/8/26 01:45,34.002,
Plot Title: 5B2C,249,6/8/26 02:00,33.805,
Plot Title: 5B2C,250,6/8/26 02:15,33.607,
Plot Title: 5B2C,251,6/8/26 02:30,33.411,
Plot Title: 5B2C,252,6/8/26 02:45,33.213,
Plot Title: 5B2C,253,6/8/26 03:00,33.013,
Plot Title: 5B2C,254,6/8/26 03:15,33.013,
Plot Title: 5B2C,255,6/8/26 03:30,33.013,
Plot Title: 5B2C,256,6/8/26 03:45,33.013,
Plot Title: 5B2C,257,6/8/26 04:00,32.815,
Plot Title: 5B2C,258,6/8/26 04:15,32.815,
Plot Title: 5B2C,259,6/8/26 04:30,32.815,
Plot Title: 5B2C,260,6/8/26 04:45,32.815,
Plot Title: 5B2C,261,6/8/26 05:00,32.617,
Plot Title: 5B2C,262,6/8/26 05:15,32.617,
Plot Title: 5B2C,263,6/8/26 05:30,32.617,
Plot Title: 5B2C,264,6/8/26 05:45,32.815,
Plot Title: 5B2C,265,6/8/26 06:00,32.815,
Plot Title: 5B2C,266,6/8/26 06:15,32.815,
Plot Title: 5B2C,267,6/8/26 06:30,32.815,
Plot Title: 5B2C,268,6/8/26 06:45,32.815,
Plot Title: 5B2C,269,6/8/26 07:00,33.013,
Plot Title: 5B2C,270,6/8/26 07:15,33.213,
Plot Title: 5B2C,271,6/8/26 07:30,33.411,
Plot Title: 5B2C,272,6/8/26 07:45,33.411,
Plot Title: 5B2C,273,6/8/26 08:00,34.198,
Plot Title: 5B2C,274,6/8/26 08:15,37.679,
Plot Title: 5B2C,275,6/8/26 08:30,42.179,
Plot Title: 5B2C,276,6/8/26 08:45,46.369,
Plot Title: 5B2C,277,6/8/26 09:00,49.937,
Plot Title: 5B2C,278,6/8/26 09:15,51.874,
Plot Title: 5B2C,279,6/8/26 09:30,53.973,
Plot Title: 5B2C,280,6/8/26 09:45,56.23,
Plot Title: 5B2C,281,6/8/26 10:00,55.537,
Plot Title: 5B2C,282,6/8/26 10:15,52.925,
Plot Title: 5B2C,283,6/8/26 10:30,50.819,
Plot Title: 5B2C,284,6/8/26 10:45,50.29,
Plot Title: 5B2C,285,6/8/26 11:00,50.113,
Plot Title: 5B2C,286,6/8/26 11:15,49.759,
Plot Title: 5B2C,287,6/8/26 11:30,48.339,
Plot Title: 5B2C,288,6/8/26 11:45,47.266,
Plot Title: 5B2C,289,6/8/26 12:00,49.404,
Plot Title: 5B2C,290,6/8/26 12:15,49.759,
Plot Title: 5B2C,291,6/8/26 12:30,48.16,
Plot Title: 5B2C,292,6/8/26 12:45,47.088,
Plot Title: 5B2C,293,6/8/26 13:00,47.446,
Plot Title: 5B2C,294,6/8/26 13:15,49.759,
Plot Title: 5B2C,295,6/8/26 13:30,48.339,
Plot Title: 5B2C,296,6/8/26 13:45,47.088,
Plot Title: 5B2C,297,6/8/26 14:00,46.728,
Plot Title: 5B2C,298,6/8/26 14:15,50.643,
Plot Title: 5B2C,299,6/8/26 14:30,52.925,
Plot Title: 5B2C,300,6/8/26 14:45,53.798,
Plot Title: 5B2C,301,6/8/26 15:00,54.669,
Plot Title: 5B2C,302,6/8/26 15:15,56.923,
Plot Title: 5B2C,303,6/8/26 15:30,56.75,
Plot Title: 5B2C,304,6/8/26 15:45,55.364,
Plot Title: 5B2C,305,6/8/26 16:00,54.322,
Plot Title: 5B2C,306,6/8/26 16:15,53.623,
Plot Title: 5B2C,307,6/8/26 16:30,52.75,
Plot Title: 5B2C,308,6/8/26 16:45,52.576,
Plot Title: 5B2C,309,6/8/26 17:00,52.401,
Plot Title: 5B2C,310,6/8/26 17:15,52.576,
Plot Title: 5B2C,311,6/8/26 17:30,52.05,
Plot Title: 5B2C,312,6/8/26 17:45,51.172,
Plot Title: 5B2C,313,6/8/26 18:00,50.643,
Plot Title: 5B2C,314,6/8/26 18:15,49.937,
Plot Title: 5B2C,315,6/8/26 18:30,49.404,
Plot Title: 5B2C,316,6/8/26 18:45,48.871,
Plot Title: 5B2C,317,6/8/26 19:00,48.517,
Plot Title: 5B2C,318,6/8/26 19:15,48.16,
Plot Title: 5B2C,319,6/8/26 19:30,47.982,
Plot Title: 5B2C,320,6/8/26 19:45,47.624,
Plot Title: 5B2C,321,6/8/26 20:00,46.908,
Plot Title: 5B2C,322,6/8/26 20:15,46.369,
Plot Title: 5B2C,323,6/8/26 20:30,45.828,
Plot Title: 5B2C,324,6/8/26 20:45,45.466,
Plot Title: 5B2C,325,6/8/26 21:00,45.104,
Plot Title: 5B2C,326,6/8/26 21:15,44.922,
Plot Title: 5B2C,327,6/8/26 21:30,44.56,
Plot Title: 5B2C,328,6/8/26 21:45,44.379,
Plot Title: 5B2C,329,6/8/26 22:00,44.013,
Plot Title: 5B2C,330,6/8/26 22:15,43.831,
Plot Title: 5B2C,331,6/8/26 22:30,43.648,
Plot Title: 5B2C,332,6/8/26 22:45,43.466,
Plot Title: 5B2C,333,6/8/26 23:00,43.282,
Plot Title: 5B2C,334,6/8/26 23:15,43.099,
Plot Title: 5B2C,335,6/8/26 23:30,43.099,
Plot Title: 5B2C,336,6/8/26 23:45,43.099,
Plot Title: 5B2C,337,6/9/26 00:00,42.915,
Plot Title: 5B2C,338,6/9/26 00:15,42.732,
Plot Title: 5B2C,339,6/9/26 00:30,42.732,
Plot Title: 5B2C,340,6/9/26 00:45,42.548,
Plot Title: 5B2C,341,6/9/26 01:00,42.548,
Plot Title: 5B2C,342,6/9/26 01:15,42.548,
Plot Title: 5B2C,343,6/9/26 01:30,42.548,
Plot Title: 5B2C,344,6/9/26 01:45,42.363,
Plot Title: 5B2C,345,6/9/26 02:00,42.179,
Plot Title: 5B2C,346,6/9/26 02:15,41.994,
Plot Title: 5B2C,347,6/9/26 02:30,41.994,
Plot Title: 5B2C,348,6/9/26 02:45,41.994,
Plot Title: 5B2C,349,6/9/26 03:00,41.994,
Plot Title: 5B2C,350,6/9/26 03:15,41.994,
Plot Title: 5B2C,351,6/9/26 03:30,41.994,
Plot Title: 5B2C,352,6/9/26 03:45,41.81,
Plot Title: 5B2C,353,6/9/26 04:00,41.81,
Plot Title: 5B2C,354,6/9/26 04:15,41.81,
Plot Title: 5B2C,355,6/9/26 04:30,41.439,
Plot Title: 5B2C,356,6/9/26 04:45,41.439,
Plot Title: 5B2C,357,6/9/26 05:00,41.439,
Plot Title: 5B2C,358,6/9/26 05:15,41.439,
Plot Title: 5B2C,359,6/9/26 05:30,41.254,
Plot Title: 5B2C,360,6/9/26 05:45,41.254,
Plot Title: 5B2C,361,6/9/26 06:00,41.067,
Plot Title: 5B2C,362,6/9/26 06:15,41.067,
Plot Title: 5B2C,363,6/9/26 06:30,41.067,
Plot Title: 5B2C,364,6/9/26 06:45,40.881,
Plot Title: 5B2C,365,6/9/26 07:00,40.881,
Plot Title: 5B2C,366,6/9/26 07:15,41.254,
Plot Title: 5B2C,367,6/9/26 07:30,41.81,
Plot Title: 5B2C,368,6/9/26 07:45,42.179,
Plot Title: 5B2C,369,6/9/26 08:00,42.179,
Plot Title: 5B2C,370,6/9/26 08:15,42.179,
Plot Title: 5B2C,371,6/9/26 08:30,42.548,
Plot Title: 5B2C,372,6/9/26 08:45,43.648,
Plot Title: 5B2C,373,6/9/26 09:00,43.282,
Plot Title: 5B2C,374,6/9/26 09:15,43.099,
Plot Title: 5B2C,375,6/9/26 09:30,43.282,
Plot Title: 5B2C,376,6/9/26 09:45,43.466,
Plot Title: 5B2C,377,6/9/26 10:00,45.104,
Plot Title: 5B2C,378,6/9/26 10:15,45.648,
Plot Title: 5B2C,379,6/9/26 10:30,47.266,
Plot Title: 5B2C,380,6/9/26 10:45,47.802,
Plot Title: 5B2C,381,6/9/26 11:00,48.339,
Plot Title: 5B2C,382,6/9/26 11:15,48.339,
Plot Title: 5B2C,383,6/9/26 11:30,47.802,
Plot Title: 5B2C,384,6/9/26 11:45,47.624,
Plot Title: 5B2C,385,6/9/26 12:00,45.466,
Plot Title: 5B2C,386,6/9/26 12:15,43.831,
Plot Title: 5B2C,387,6/9/26 12:30,42.915,
Plot Title: 5B2C,388,6/9/26 12:45,42.363,
Plot Title: 5B2C,389,6/9/26 13:00,42.179,
Plot Title: 5B2C,390,6/9/26 13:15,41.994,
Plot Title: 5B2C,391,6/9/26 13:30,41.994,
Plot Title: 5B2C,392,6/9/26 13:45,41.439,
Plot Title: 5B2C,393,6/9/26 14:00,41.067,
Plot Title: 5B2C,394,6/9/26 14:15,40.696,
Plot Title: 5B2C,395,6/9/26 14:30,40.696,
Plot Title: 5B2C,396,6/9/26 14:45,41.254,
Plot Title: 5B2C,397,6/9/26 15:00,41.254,
Plot Title: 5B2C,398,6/9/26 15:15,41.254,
Plot Title: 5B2C,399,6/9/26 15:30,41.254,
Plot Title: 5B2C,400,6/9/26 15:45,41.254,
Plot Title: 5B2C,401,6/9/26 16:00,41.625,
Plot Title: 5B2C,402,6/9/26 16:15,42.363,
Plot Title: 5B2C,403,6/9/26 16:30,43.282,
Plot Title: 5B2C,404,6/9/26 16:45,43.466,
Plot Title: 5B2C,405,6/9/26 17:00,44.56,
Plot Title: 5B2C,406,6/9/26 17:15,46.188,
Plot Title: 5B2C,407,6/9/26 17:30,46.188,
Plot Title: 5B2C,408,6/9/26 17:45,44.742,
Plot Title: 5B2C,409,6/9/26 18:00,42.179,
Plot Title: 5B2C,410,6/9/26 18:15,41.067,
Plot Title: 5B2C,411,6/9/26 18:30,40.321,
Plot Title: 5B2C,412,6/9/26 18:45,39.76,
Plot Title: 5B2C,413,6/9/26 19:00,39.384,
Plot Title: 5B2C,414,6/9/26 19:15,39.196,
Plot Title: 5B2C,415,6/9/26 19:30,39.196,
Plot Title: 5B2C,416,6/9/26 19:45,39.384,
Plot Title: 5B2C,417,6/9/26 20:00,39.384,
Plot Title: 5B2C,418,6/9/26 20:15,39.384,
Plot Title: 5B2C,419,6/9/26 20:30,39.007,
Plot Title: 5B2C,420,6/9/26 20:45,38.818,
Plot Title: 5B2C,421,6/9/26 21:00,38.44,
Plot Title: 5B2C,422,6/9/26 21:15,38.061,
Plot Title: 5B2C,423,6/9/26 21:30,37.679,
Plot Title: 5B2C,424,6/9/26 21:45,37.488,
Plot Title: 5B2C,425,6/9/26 22:00,37.488,
Plot Title: 5B2C,426,6/9/26 22:15,37.297,
Plot Title: 5B2C,427,6/9/26 22:30,37.297,
Plot Title: 5B2C,428,6/9/26 22:45,37.107,
Plot Title: 5B2C,429,6/9/26 23:00,37.107,
Plot Title: 5B2C,430,6/9/26 23:15,36.914,
Plot Title: 5B2C,431,6/9/26 23:30,36.723,
Plot Title: 5B2C,432,6/9/26 23:45,36.531,
Plot Title: 5B2C,433,6/10/26 00:00,36.531,
Plot Title: 5B2C,434,6/10/26 00:15,36.338,
Plot Title: 5B2C,435,6/10/26 00:30,36.145,
Plot Title: 5B2C,436,6/10/26 00:45,36.145,
Plot Title: 5B2C,437,6/10/26 01:00,35.951,
Plot Title: 5B2C,438,6/10/26 01:15,35.951,
Plot Title: 5B2C,439,6/10/26 01:30,35.758,
Plot Title: 5B2C,440,6/10/26 01:45,35.564,
Plot Title: 5B2C,441,6/10/26 02:00,35.564,
Plot Title: 5B2C,442,6/10/26 02:15,35.37,
Plot Title: 5B2C,443,6/10/26 02:30,35.175,
Plot Title: 5B2C,444,6/10/26 02:45,34.981,
Plot Title: 5B2C,445,6/10/26 03:00,34.981,
Plot Title: 5B2C,446,6/10/26 03:15,34.786,
Plot Title: 5B2C,447,6/10/26 03:30,34.59,
Plot Title: 5B2C,448,6/10/26 03:45,34.59,
Plot Title: 5B2C,449,6/10/26 04:00,34.394,
Plot Title: 5B2C,450,6/10/26 04:15,34.394,
Plot Title: 5B2C,451,6/10/26 04:30,34.198,
Plot Title: 5B2C,452,6/10/26 04:45,34.002,
Plot Title: 5B2C,453,6/10/26 05:00,33.805,
Plot Title: 5B2C,454,6/10/26 05:15,33.607,
Plot Title: 5B2C,455,6/10/26 05:30,33.411,
Plot Title: 5B2C,456,6/10/26 05:45,33.607,
Plot Title: 5B2C,457,6/10/26 06:00,33.607,
Plot Title: 5B2C,458,6/10/26 06:15,33.411,
Plot Title: 5B2C,459,6/10/26 06:30,33.607,
Plot Title: 5B2C,460,6/10/26 06:45,33.607,
Plot Title: 5B2C,461,6/10/26 07:00,33.607,
Plot Title: 5B2C,462,6/10/26 07:15,33.805,
Plot Title: 5B2C,463,6/10/26 07:30,33.805,
Plot Title: 5B2C,464,6/10/26 07:45,33.805,
Plot Title: 5B2C,465,6/10/26 08:00,33.805,
Plot Title: 5B2C,466,6/10/26 08:15,34.002,
Plot Title: 5B2C,467,6/10/26 08:30,34.59,
Plot Title: 5B2C,468,6/10/26 08:45,35.175,
Plot Title: 5B2C,469,6/10/26 09:00,37.297,
Plot Title: 5B2C,470,6/10/26 09:15,39.384,
Plot Title: 5B2C,471,6/10/26 09:30,43.831,
Plot Title: 5B2C,472,6/10/26 09:45,47.088,
Plot Title: 5B2C,473,6/10/26 10:00,48.517,
Plot Title: 5B2C,474,6/10/26 10:15,46.908,
Plot Title: 5B2C,475,6/10/26 10:30,45.648,
Plot Title: 5B2C,476,6/10/26 10:45,46.008,
Plot Title: 5B2C,477,6/10/26 11:00,45.828,
Plot Title: 5B2C,478,6/10/26 11:15,45.466,
Plot Title: 5B2C,479,6/10/26 11:30,45.466,
Plot Title: 5B2C,480,6/10/26 11:45,45.648,
Plot Title: 5B2C,481,6/10/26 12:00,44.742,
Plot Title: 5B2C,482,6/10/26 12:15,44.922,
Plot Title: 5B2C,483,6/10/26 12:30,45.466,
Plot Title: 5B2C,484,6/10/26 12:45,44.742,
Plot Title: 5B2C,485,6/10/26 13:00,42.915,
Plot Title: 5B2C,486,6/10/26 13:15,43.099,
Plot Title: 5B2C,487,6/10/26 13:30,43.099,
Plot Title: 5B2C,488,6/10/26 13:45,41.81,
Plot Title: 5B2C,489,6/10/26 14:00,41.439,
Plot Title: 5B2C,490,6/10/26 14:15,43.648,
Plot Title: 5B2C,491,6/10/26 14:30,43.099,
Plot Title: 5B2C,492,6/10/26 14:45,42.363,
Plot Title: 5B2C,493,6/10/26 15:00,41.254,
Plot Title: 5B2C,494,6/10/26 15:15,42.915,
Plot Title: 5B2C,495,6/10/26 15:30,41.439,
Plot Title: 5B2C,496,6/10/26 15:45,42.363,
Plot Title: 5B2C,497,6/10/26 16:00,43.099,
Plot Title: 5B2C,498,6/10/26 16:15,42.363,
Plot Title: 5B2C,499,6/10/26 16:30,42.179,
Plot Title: 5B2C,500,6/10/26 16:45,41.625,
Plot Title: 5B2C,501,6/10/26 17:00,40.696,
Plot Title: 5B2C,502,6/10/26 17:15,40.509,
Plot Title: 5B2C,503,6/10/26 17:30,40.321,
Plot Title: 5B2C,504,6/10/26 17:45,40.509,
Plot Title: 5B2C,505,6/10/26 18:00,40.881,
Plot Title: 5B2C,506,6/10/26 18:15,41.254,
Plot Title: 5B2C,507,6/10/26 18:30,40.881,
Plot Title: 5B2C,508,6/10/26 18:45,40.321,
Plot Title: 5B2C,509,6/10/26 19:00,39.947,
Plot Title: 5B2C,510,6/10/26 19:15,39.573,
Plot Title: 5B2C,511,6/10/26 19:30,39.196,
Plot Title: 5B2C,512,6/10/26 19:45,38.818,
Plot Title: 5B2C,513,6/10/26 20:00,38.25,
Plot Title: 5B2C,514,6/10/26 20:15,37.87,
Plot Title: 5B2C,515,6/10/26 20:30,37.488,
Plot Title: 5B2C,516,6/10/26 20:45,37.297,
Plot Title: 5B2C,517,6/10/26 21:00,36.914,
Plot Title: 5B2C,518,6/10/26 21:15,36.723,
Plot Title: 5B2C,519,6/10/26 21:30,36.723,
Plot Title: 5B2C,520,6/10/26 21:45,36.531,
Plot Title: 5B2C,521,6/10/26 22:00,36.338,
Plot Title: 5B2C,522,6/10/26 22:15,36.338,
Plot Title: 5B2C,523,6/10/26 22:30,36.145,
Plot Title: 5B2C,524,6/10/26 22:45,36.145,
Plot Title: 5B2C,525,6/10/26 23:00,36.145,
Plot Title: 5B2C,526,6/10/26 23:15,35.951,
Plot Title: 5B2C,527,6/10/26 23:30,35.951,
Plot Title: 5B2C,528,6/10/26 23:45,35.951,
Plot Title: 5B2C,529,6/11/26 00:00,35.951,
Plot Title: 5B2C,530,6/11/26 00:15,35.758,
Plot Title: 5B2C,531,6/11/26 00:30,35.758,
Plot Title: 5B2C,532,6/11/26 00:45,35.758,
Plot Title: 5B2C,533,6/11/26 01:00,35.758,
Plot Title: 5B2C,534,6/11/26 01:15,35.564,
Plot Title: 5B2C,535,6/11/26 01:30,35.564,
Plot Title: 5B2C,536,6/11/26 01:45,35.564,
Plot Title: 5B2C,537,6/11/26 02:00,35.564,
Plot Title: 5B2C,538,6/11/26 02:15,35.564,
Plot Title: 5B2C,539,6/11/26 02:30,35.37,
Plot Title: 5B2C,540,6/11/26 02:45,35.37,
Plot Title: 5B2C,541,6/11/26 03:00,35.37,
Plot Title: 5B2C,542,6/11/26 03:15,35.37,
Plot Title: 5B2C,543,6/11/26 03:30,35.37,
Plot Title: 5B2C,544,6/11/26 03:45,35.37,
Plot Title: 5B2C,545,6/11/26 04:00,35.37,
Plot Title: 5B2C,546,6/11/26 04:15,35.175,
Plot Title: 5B2C,547,6/11/26 04:30,35.175,
Plot Title: 5B2C,548,6/11/26 04:45,35.175,
Plot Title: 5B2C,549,6/11/26 05:00,35.175,
Plot Title: 5B2C,550,6/11/26 05:15,35.175,
Plot Title: 5B2C,551,6/11/26 05:30,35.175,
Plot Title: 5B2C,552,6/11/26 05:45,34.981,
Plot Title: 5B2C,553,6/11/26 06:00,34.981,
Plot Title: 5B2C,554,6/11/26 06:15,34.981,
Plot Title: 5B2C,555,6/11/26 06:30,34.981,
Plot Title: 5B2C,556,6/11/26 06:45,34.981,
Plot Title: 5B2C,557,6/11/26 07:00,34.981,
Plot Title: 5B2C,558,6/11/26 07:15,34.981,
Plot Title: 5B2C,559,6/11/26 07:30,34.981,
Plot Title: 5B2C,560,6/11/26 07:45,34.981,
Plot Title: 5B2C,561,6/11/26 08:00,35.175,
Plot Title: 5B2C,562,6/11/26 08:15,35.758,
Plot Title: 5B2C,563,6/11/26 08:30,38.25,
Plot Title: 5B2C,564,6/11/26 08:45,41.439,
Plot Title: 5B2C,565,6/11/26 09:00,44.922,
Plot Title: 5B2C,566,6/11/26 09:15,46.548,
Plot Title: 5B2C,567,6/11/26 09:30,45.104,
Plot Title: 5B2C,568,6/11/26 09:45,44.742,
Plot Title: 5B2C,569,6/11/26 10:00,45.828,
Plot Title: 5B2C,570,6/11/26 10:15,45.648,
Plot Title: 5B2C,571,6/11/26 10:30,46.188,
Plot Title: 5B2C,572,6/11/26 10:45,46.369,
Plot Title: 5B2C,573,6/11/26 11:00,46.728,
Plot Title: 5B2C,574,6/11/26 11:15,47.266,
Plot Title: 5B2C,575,6/11/26 11:30,47.266,
Plot Title: 5B2C,576,6/11/26 11:45,47.624,
Plot Title: 5B2C,577,6/11/26 12:00,47.624,
Plot Title: 5B2C,578,6/11/26 12:15,47.982,
Plot Title: 5B2C,579,6/11/26 12:30,47.624,
Plot Title: 5B2C,580,6/11/26 12:45,47.088,
Plot Title: 5B2C,581,6/11/26 13:00,46.908,
Plot Title: 5B2C,582,6/11/26 13:15,48.339,
Plot Title: 5B2C,583,6/11/26 13:30,47.802,
Plot Title: 5B2C,584,6/11/26 13:45,46.548,
Plot Title: 5B2C,585,6/11/26 14:00,45.648,
Plot Title: 5B2C,586,6/11/26 14:15,48.695,
Plot Title: 5B2C,587,6/11/26 14:30,54.842,
Plot Title: 5B2C,588,6/11/26 14:45,58.131,
Plot Title: 5B2C,589,6/11/26 15:00,59.851,
Plot Title: 5B2C,590,6/11/26 15:15,60.712,
Plot Title: 5B2C,591,6/11/26 15:30,61.054,
Plot Title: 5B2C,592,6/11/26 15:45,58.993,
Plot Title: 5B2C,593,6/11/26 16:00,58.476,
Plot Title: 5B2C,594,6/11/26 16:15,57.441,
Plot Title: 5B2C,595,6/11/26 16:30,56.404,
Plot Title: 5B2C,596,6/11/26 16:45,55.189,
Plot Title: 5B2C,597,6/11/26 17:00,54.495,
Plot Title: 5B2C,598,6/11/26 17:15,53.973,
Plot Title: 5B2C,599,6/11/26 17:30,52.401,
Plot Title: 5B2C,600,6/11/26 17:45,50.643,
Plot Title: 5B2C,601,6/11/26 18:00,49.228,
Plot Title: 5B2C,602,6/11/26 18:15,48.16,
Plot Title: 5B2C,603,6/11/26 18:30,47.446,
Plot Title: 5B2C,604,6/11/26 18:45,46.548,
Plot Title: 5B2C,605,6/11/26 19:00,45.828,
Plot Title: 5B2C,606,6/11/26 19:15,45.104,
Plot Title: 5B2C,607,6/11/26 19:30,44.56,
Plot Title: 5B2C,608,6/11/26 19:45,43.831,
Plot Title: 5B2C,609,6/11/26 20:00,43.466,
Plot Title: 5B2C,610,6/11/26 20:15,42.915,
Plot Title: 5B2C,611,6/11/26 20:30,42.548,
Plot Title: 5B2C,612,6/11/26 20:45,41.994,
Plot Title: 5B2C,613,6/11/26 21:00,41.625,
Plot Title: 5B2C,614,6/11/26 21:15,41.254,
Plot Title: 5B2C,615,6/11/26 21:30,40.881,
Plot Title: 5B2C,616,6/11/26 21:45,40.509,
Plot Title: 5B2C,617,6/11/26 22:00,40.134,
Plot Title: 5B2C,618,6/11/26 22:15,39.76,
Plot Title: 5B2C,619,6/11/26 22:30,39.384,
Plot Title: 5B2C,620,6/11/26 22:45,39.196,
Plot Title: 5B2C,621,6/11/26 23:00,38.818,
Plot Title: 5B2C,622,6/11/26 23:15,38.629,
Plot Title: 5B2C,623,6/11/26 23:30,38.25,
Plot Title: 5B2C,624,6/11/26 23:45,38.061,
Plot Title: 5B2C,625,6/12/26 00:00,37.679,
Plot Title: 5B2C,626,6/12/26 00:15,37.488,
Plot Title: 5B2C,627,6/12/26 00:30,37.107,
Plot Title: 5B2C,628,6/12/26 00:45,36.914,
Plot Title: 5B2C,629,6/12/26 01:00,36.914,
Plot Title: 5B2C,630,6/12/26 01:15,36.723,
Plot Title: 5B2C,631,6/12/26 01:30,36.531,
Plot Title: 5B2C,632,6/12/26 01:45,36.338,
Plot Title: 5B2C,633,6/12/26 02:00,36.145,
Plot Title: 5B2C,634,6/12/26 02:15,35.951,
Plot Title: 5B2C,635,6/12/26 02:30,35.758,
Plot Title: 5B2C,636,6/12/26 02:45,35.564,
Plot Title: 5B2C,637,6/12/26 03:00,35.37,
Plot Title: 5B2C,638,6/12/26 03:15,35.37,
Plot Title: 5B2C,639,6/12/26 03:30,35.564,
Plot Title: 5B2C,640,6/12/26 03:45,35.564,
Plot Title: 5B2C,641,6/12/26 04:00,35.564,
Plot Title: 5B2C,642,6/12/26 04:15,35.37,
Plot Title: 5B2C,643,6/12/26 04:30,35.37,
Plot Title: 5B2C,644,6/12/26 04:45,35.175,
Plot Title: 5B2C,645,6/12/26 05:00,35.175,
Plot Title: 5B2C,646,6/12/26 05:15,34.981,
Plot Title: 5B2C,647,6/12/26 05:30,34.981,
Plot Title: 5B2C,648,6/12/26 05:45,34.786,
Plot Title: 5B2C,649,6/12/26 06:00,34.786,
Plot Title: 5B2C,650,6/12/26 06:15,34.786,
Plot Title: 5B2C,651,6/12/26 06:30,34.59,
Plot Title: 5B2C,652,6/12/26 06:45,34.59,
Plot Title: 5B2C,653,6/12/26 07:00,34.59,
Plot Title: 5B2C,654,6/12/26 07:15,34.981,
Plot Title: 5B2C,655,6/12/26 07:30,36.723,
Plot Title: 5B2C,656,6/12/26 07:45,38.629,
Plot Title: 5B2C,657,6/12/26 08:00,42.915,
Plot Title: 5B2C,658,6/12/26 08:15,46.548,
Plot Title: 5B2C,659,6/12/26 08:30,49.582,
Plot Title: 5B2C,660,6/12/26 08:45,52.401,
Plot Title: 5B2C,661,6/12/26 09:00,55.537,
Plot Title: 5B2C,662,6/12/26 09:15,56.75,
Plot Title: 5B2C,663,6/12/26 09:30,58.303,
Plot Title: 5B2C,664,6/12/26 09:45,60.195,
Plot Title: 5B2C,665,6/12/26 10:00,60.712,
Plot Title: 5B2C,666,6/12/26 10:15,58.82,
Plot Title: 5B2C,667,6/12/26 10:30,56.23,
Plot Title: 5B2C,668,6/12/26 10:45,54.669,
Plot Title: 5B2C,669,6/12/26 11:00,55.189,
Plot Title: 5B2C,670,6/12/26 11:15,54.842,
Plot Title: 5B2C,671,6/12/26 11:30,52.925,
Plot Title: 5B2C,672,6/12/26 11:45,51.523,
Plot Title: 5B2C,673,6/12/26 12:00,53.1,
Plot Title: 5B2C,674,6/12/26 12:15,53.274,
Plot Title: 5B2C,675,6/12/26 12:30,52.05,
Plot Title: 5B2C,676,6/12/26 12:45,50.819,
Plot Title: 5B2C,677,6/12/26 13:00,50.466,
Plot Title: 5B2C,678,6/12/26 13:15,52.576,
Plot Title: 5B2C,679,6/12/26 13:30,51.523,
Plot Title: 5B2C,680,6/12/26 13:45,50.819,
Plot Title: 5B2C,681,6/12/26 14:00,50.466,
Plot Title: 5B2C,682,6/12/26 14:15,54.669,
Plot Title: 5B2C,683,6/12/26 14:30,60.195,
Plot Title: 5B2C,684,6/12/26 14:45,62.425,
Plot Title: 5B2C,685,6/12/26 15:00,63.626,
Plot Title: 5B2C,686,6/12/26 15:15,64.31,
Plot Title: 5B2C,687,6/12/26 15:30,64.31,
Plot Title: 5B2C,688,6/12/26 15:45,62.94,
Plot Title: 5B2C,689,6/12/26 16:00,61.741,
Plot Title: 5B2C,690,6/12/26 16:15,60.195,
Plot Title: 5B2C,691,6/12/26 16:30,59.337,
Plot Title: 5B2C,692,6/12/26 16:45,59.164,
Plot Title: 5B2C,693,6/12/26 17:00,58.82,
Plot Title: 5B2C,694,6/12/26 17:15,58.303,
Plot Title: 5B2C,695,6/12/26 17:30,56.404,
Plot Title: 5B2C,696,6/12/26 17:45,55.189,
Plot Title: 5B2C,697,6/12/26 18:00,53.973,
Plot Title: 5B2C,698,6/12/26 18:15,52.925,
Plot Title: 5B2C,699,6/12/26 18:30,52.225,
Plot Title: 5B2C,700,6/12/26 18:45,51.523,
Plot Title: 5B2C,701,6/12/26 19:00,50.819,
Plot Title: 5B2C,702,6/12/26 19:15,50.113,
Plot Title: 5B2C,703,6/12/26 19:30,49.404,
Plot Title: 5B2C,704,6/12/26 19:45,48.871,
Plot Title: 5B2C,705,6/12/26 20:00,48.16,
Plot Title: 5B2C,706,6/12/26 20:15,47.624,
Plot Title: 5B2C,707,6/12/26 20:30,47.088,
Plot Title: 5B2C,708,6/12/26 20:45,46.728,
Plot Title: 5B2C,709,6/12/26 21:00,46.188,
Plot Title: 5B2C,710,6/12/26 21:15,45.828,
Plot Title: 5B2C,711,6/12/26 21:30,45.466,
Plot Title: 5B2C,712,6/12/26 21:45,45.286,
Plot Title: 5B2C,713,6/12/26 22:00,44.922,
Plot Title: 5B2C,714,6/12/26 22:15,44.742,
Plot Title: 5B2C,715,6/12/26 22:30,44.56,
Plot Title: 5B2C,716,6/12/26 22:45,44.379,
Plot Title: 5B2C,717,6/12/26 23:00,44.013,
Plot Title: 5B2C,718,6/12/26 23:15,43.831,
Plot Title: 5B2C,719,6/12/26 23:30,43.466,
Plot Title: 5B2C,720,6/12/26 23:45,43.282,
Plot Title: 5B2C,721,6/13/26 00:00,43.099,
Plot Title: 5B2C,722,6/13/26 00:15,42.179,
Plot Title: 5B2C,723,6/13/26 00:30,41.994,
Plot Title: 5B2C,724,6/13/26 00:45,42.179,
Plot Title: 5B2C,725,6/13/26 01:00,41.994,
Plot Title: 5B2C,726,6/13/26 01:15,41.994,
Plot Title: 5B2C,727,6/13/26 01:30,41.81,
Plot Title: 5B2C,728,6/13/26 01:45,41.067,
Plot Title: 5B2C,729,6/13/26 02:00,40.509,
Plot Title: 5B2C,730,6/13/26 02:15,39.947,
Plot Title: 5B2C,731,6/13/26 02:30,39.76,
Plot Title: 5B2C,732,6/13/26 02:45,39.573,
Plot Title: 5B2C,733,6/13/26 03:00,39.196,
Plot Title: 5B2C,734,6/13/26 03:15,39.007,
Plot Title: 5B2C,735,6/13/26 03:30,39.007,
Plot Title: 5B2C,736,6/13/26 03:45,38.818,
Plot Title: 5B2C,737,6/13/26 04:00,38.629,
Plot Title: 5B2C,738,6/13/26 04:15,38.44,
Plot Title: 5B2C,739,6/13/26 04:30,38.44,
Plot Title: 5B2C,740,6/13/26 04:45,38.25,
Plot Title: 5B2C,741,6/13/26 05:00,38.25,
Plot Title: 5B2C,742,6/13/26 05:15,38.061,
Plot Title: 5B2C,743,6/13/26 05:30,38.061,
Plot Title: 5B2C,744,6/13/26 05:45,37.87,
Plot Title: 5B2C,745,6/13/26 06:00,37.87,
Plot Title: 5B2C,746,6/13/26 06:15,37.87,
Plot Title: 5B2C,747,6/13/26 06:30,37.679,
Plot Title: 5B2C,748,6/13/26 06:45,37.679,
Plot Title: 5B2C,749,6/13/26 07:00,37.679,
Plot Title: 5B2C,750,6/13/26 07:15,37.679,
Plot Title: 5B2C,751,6/13/26 07:30,37.87,
Plot Title: 5B2C,752,6/13/26 07:45,37.87,
Plot Title: 5B2C,753,6/13/26 08:00,38.061,
Plot Title: 5B2C,754,6/13/26 08:15,38.25,
Plot Title: 5B2C,755,6/13/26 08:30,38.629,
Plot Title: 5B2C,756,6/13/26 08:45,38.818,
Plot Title: 5B2C,757,6/13/26 09:00,39.384,
Plot Title: 5B2C,758,6/13/26 09:15,39.573,
Plot Title: 5B2C,759,6/13/26 09:30,39.947,
Plot Title: 5B2C,760,6/13/26 09:45,39.947,
Plot Title: 5B2C,761,6/13/26 10:00,40.321,
Plot Title: 5B2C,762,6/13/26 10:15,40.696,
Plot Title: 5B2C,763,6/13/26 10:30,40.696,
Plot Title: 5B2C,764,6/13/26 10:45,40.696,
Plot Title: 5B2C,765,6/13/26 11:00,41.067,
Plot Title: 5B2C,766,6/13/26 11:15,41.254,
Plot Title: 5B2C,767,6/13/26 11:30,41.254,
Plot Title: 5B2C,768,6/13/26 11:45,41.625,
Plot Title: 5B2C,769,6/13/26 12:00,42.363,
Plot Title: 5B2C,770,6/13/26 12:15,42.732,
Plot Title: 5B2C,771,6/13/26 12:30,43.466,
Plot Title: 5B2C,772,6/13/26 12:45,44.56,
Plot Title: 5B2C,773,6/13/26 13:00,43.831,
Plot Title: 5B2C,774,6/13/26 13:15,43.648,
Plot Title: 5B2C,775,6/13/26 13:30,44.922,
Plot Title: 5B2C,776,6/13/26 13:45,46.369,
Plot Title: 5B2C,777,6/13/26 14:00,46.369,
Plot Title: 5B2C,778,6/13/26 14:15,46.008,
Plot Title: 5B2C,779,6/13/26 14:30,45.828,
Plot Title: 5B2C,780,6/13/26 14:45,45.648,
Plot Title: 5B2C,781,6/13/26 15:00,46.728,
Plot Title: 5B2C,782,6/13/26 15:15,46.548,
Plot Title: 5B2C,783,6/13/26 15:30,45.648,
Plot Title: 5B2C,784,6/13/26 15:45,45.286,
Plot Title: 5B2C,785,6/13/26 16:00,45.466,
Plot Title: 5B2C,786,6/13/26 16:15,45.466,
Plot Title: 5B2C,787,6/13/26 16:30,44.56,
Plot Title: 5B2C,788,6/13/26 16:45,44.013,
Plot Title: 5B2C,789,6/13/26 17:00,44.013,
Plot Title: 5B2C,790,6/13/26 17:15,43.648,
Plot Title: 5B2C,791,6/13/26 17:30,43.466,
Plot Title: 5B2C,792,6/13/26 17:45,44.013,
Plot Title: 5B2C,793,6/13/26 18:00,44.379,
Plot Title: 5B2C,794,6/13/26 18:15,44.379,
Plot Title: 5B2C,795,6/13/26 18:30,44.379,
Plot Title: 5B2C,796,6/13/26 18:45,44.195,
Plot Title: 5B2C,797,6/13/26 19:00,43.831,
Plot Title: 5B2C,798,6/13/26 19:15,43.282,
Plot Title: 5B2C,799,6/13/26 19:30,42.363,
Plot Title: 5B2C,800,6/13/26 19:45,41.439,
Plot Title: 5B2C,801,6/13/26 20:00,40.881,
Plot Title: 5B2C,802,6/13/26 20:15,40.134,
Plot Title: 5B2C,803,6/13/26 20:30,39.76,
Plot Title: 5B2C,804,6/13/26 20:45,39.196,
Plot Title: 5B2C,805,6/13/26 21:00,38.818,
Plot Title: 5B2C,806,6/13/26 21:15,38.44,
Plot Title: 5B2C,807,6/13/26 21:30,38.061,
Plot Title: 5B2C,808,6/13/26 21:45,37.488,
Plot Title: 5B2C,809,6/13/26 22:00,37.107,
Plot Title: 5B2C,810,6/13/26 22:15,37.107,
Plot Title: 5B2C,811,6/13/26 22:30,37.107,
Plot Title: 5B2C,812,6/13/26 22:45,36.914,
Plot Title: 5B2C,813,6/13/26 23:00,36.723,
Plot Title: 5B2C,814,6/13/26 23:15,36.723,
Plot Title: 5B2C,815,6/13/26 23:30,36.531,
Plot Title: 5B2C,816,6/13/26 23:45,36.338,
Plot Title: 5B2C,817,6/14/26 00:00,36.338,
Plot Title: 5B2C,818,6/14/26 00:15,36.145,
Plot Title: 5B2C,819,6/14/26 00:30,35.951,
Plot Title: 5B2C,820,6/14/26 00:45,35.758,
Plot Title: 5B2C,821,6/14/26 01:00,35.758,
Plot Title: 5B2C,822,6/14/26 01:15,35.564,
Plot Title: 5B2C,823,6/14/26 01:30,35.37,
Plot Title: 5B2C,824,6/14/26 01:45,35.175,
Plot Title: 5B2C,825,6/14/26 02:00,35.175,
Plot Title: 5B2C,826,6/14/26 02:15,34.981,
Plot Title: 5B2C,827,6/14/26 02:30,34.981,
Plot Title: 5B2C,828,6/14/26 02:45,34.786,
Plot Title: 5B2C,829,6/14/26 03:00,34.59,
Plot Title: 5B2C,830,6/14/26 03:15,34.59,
Plot Title: 5B2C,831,6/14/26 03:30,34.394,
Plot Title: 5B2C,832,6/14/26 03:45,34.198,
Plot Title: 5B2C,833,6/14/26 04:00,34.198,
Plot Title: 5B2C,834,6/14/26 04:15,34.002,
Plot Title: 5B2C,835,6/14/26 04:30,34.002,
Plot Title: 5B2C,836,6/14/26 04:45,33.805,
Plot Title: 5B2C,837,6/14/26 05:00,33.805,
Plot Title: 5B2C,838,6/14/26 05:15,33.607,
Plot Title: 5B2C,839,6/14/26 05:30,33.607,
Plot Title: 5B2C,840,6/14/26 05:45,33.411,
Plot Title: 5B2C,841,6/14/26 06:00,33.411,
Plot Title: 5B2C,842,6/14/26 06:15,33.411,
Plot Title: 5B2C,843,6/14/26 06:30,33.411,
Plot Title: 5B2C,844,6/14/26 06:45,33.411,
Plot Title: 5B2C,845,6/14/26 07:00,33.411,
Plot Title: 5B2C,846,6/14/26 07:15,33.411,
Plot Title: 5B2C,847,6/14/26 07:30,33.411,
Plot Title: 5B2C,848,6/14/26 07:45,33.607,
Plot Title: 5B2C,849,6/14/26 08:00,34.002,
Plot Title: 5B2C,850,6/14/26 08:15,36.531,
Plot Title: 5B2C,851,6/14/26 08:30,41.439,
Plot Title: 5B2C,852,6/14/26 08:45,46.728,
Plot Title: 5B2C,853,6/14/26 09:00,50.643,
Plot Title: 5B2C,854,6/14/26 09:15,52.225,
Plot Title: 5B2C,855,6/14/26 09:30,55.189,
Plot Title: 5B2C,856,6/14/26 09:45,57.441,
Plot Title: 5B2C,857,6/14/26 10:00,59.164,
Plot Title: 5B2C,858,6/14/26 10:15,58.131,
Plot Title: 5B2C,859,6/14/26 10:30,55.884,
Plot Title: 5B2C,860,6/14/26 10:45,55.017,
Plot Title: 5B2C,861,6/14/26 11:00,56.577,
Plot Title: 5B2C,862,6/14/26 11:15,56.577,
Plot Title: 5B2C,863,6/14/26 11:30,54.842,
Plot Title: 5B2C,864,6/14/26 11:45,52.925,
Plot Title: 5B2C,865,6/14/26 12:00,52.05,
Plot Title: 5B2C,866,6/14/26 12:15,51.699,
Plot Title: 5B2C,867,6/14/26 12:30,50.995,
Plot Title: 5B2C,868,6/14/26 12:45,50.466,
Plot Title: 5B2C,869,6/14/26 13:00,50.113,
Plot Title: 5B2C,870,6/14/26 13:15,49.937,
Plot Title: 5B2C,871,6/14/26 13:30,49.582,
Plot Title: 5B2C,872,6/14/26 13:45,49.05,
Plot Title: 5B2C,873,6/14/26 14:00,49.228,
Plot Title: 5B2C,874,6/14/26 14:15,49.759,
Plot Title: 5B2C,875,6/14/26 14:30,50.819,
Plot Title: 5B2C,876,6/14/26 14:45,55.537,
Plot Title: 5B2C,877,6/14/26 15:00,57.614,
Plot Title: 5B2C,878,6/14/26 15:15,58.993,
Plot Title: 5B2C,879,6/14/26 15:30,59.508,
Plot Title: 5B2C,880,6/14/26 15:45,58.303,
Plot Title: 5B2C,881,6/14/26 16:00,57.785,
Plot Title: 5B2C,882,6/14/26 16:15,56.923,
Plot Title: 5B2C,883,6/14/26 16:30,56.75,
Plot Title: 5B2C,884,6/14/26 16:45,56.23,
Plot Title: 5B2C,885,6/14/26 17:00,55.537,
Plot Title: 5B2C,886,6/14/26 17:15,54.842,
Plot Title: 5B2C,887,6/14/26 17:30,53.798,
Plot Title: 5B2C,888,6/14/26 17:45,52.225,
Plot Title: 5B2C,889,6/14/26 18:00,51.172,
Plot Title: 5B2C,890,6/14/26 18:15,50.29,
Plot Title: 5B2C,891,6/14/26 18:30,49.937,
Plot Title: 5B2C,892,6/14/26 18:45,49.404,
Plot Title: 5B2C,893,6/14/26 19:00,48.517,
Plot Title: 5B2C,894,6/14/26 19:15,47.624,
Plot Title: 5B2C,895,6/14/26 19:30,47.088,
Plot Title: 5B2C,896,6/14/26 19:45,46.369,
Plot Title: 5B2C,897,6/14/26 20:00,45.648,
Plot Title: 5B2C,898,6/14/26 20:15,44.922,
Plot Title: 5B2C,899,6/14/26 20:30,44.379,
Plot Title: 5B2C,900,6/14/26 20:45,43.648,
Plot Title: 5B2C,901,6/14/26 21:00,43.282,
Plot Title: 5B2C,902,6/14/26 21:15,42.548,
Plot Title: 5B2C,903,6/14/26 21:30,41.994,
Plot Title: 5B2C,904,6/14/26 21:45,41.439,
Plot Title: 5B2C,905,6/14/26 22:00,41.067,
Plot Title: 5B2C,906,6/14/26 22:15,40.321,
Plot Title: 5B2C,907,6/14/26 22:30,39.947,
Plot Title: 5B2C,908,6/14/26 22:45,39.573,
Plot Title: 5B2C,909,6/14/26 23:00,39.196,
Plot Title: 5B2C,910,6/14/26 23:15,38.818,
Plot Title: 5B2C,911,6/14/26 23:30,38.629,
Plot Title: 5B2C,912,6/14/26 23:45,38.44,
Plot Title: 5B2C,913,6/15/26 00:00,38.061,
Plot Title: 5B2C,914,6/15/26 00:15,37.87,
Plot Title: 5B2C,915,6/15/26 00:30,37.488,
Plot Title: 5B2C,916,6/15/26 00:45,37.297,
Plot Title: 5B2C,917,6/15/26 01:00,37.297,
Plot Title: 5B2C,918,6/15/26 01:15,37.107,
Plot Title: 5B2C,919,6/15/26 01:30,37.107,
Plot Title: 5B2C,920,6/15/26 01:45,36.914,
Plot Title: 5B2C,921,6/15/26 02:00,36.723,
Plot Title: 5B2C,922,6/15/26 02:15,36.723,
Plot Title: 5B2C,923,6/15/26 02:30,36.531,
Plot Title: 5B2C,924,6/15/26 02:45,36.338,
Plot Title: 5B2C,925,6/15/26 03:00,36.145,
Plot Title: 5B2C,926,6/15/26 03:15,35.951,
Plot Title: 5B2C,927,6/15/26 03:30,35.951,
Plot Title: 5B2C,928,6/15/26 03:45,35.758,
Plot Title: 5B2C,929,6/15/26 04:00,35.564,
Plot Title: 5B2C,930,6/15/26 04:15,35.37,
Plot Title: 5B2C,931,6/15/26 04:30,35.37,
Plot Title: 5B2C,932,6/15/26 04:45,35.175,
Plot Title: 5B2C,933,6/15/26 05:00,35.175,
Plot Title: 5B2C,934,6/15/26 05:15,35.175,
Plot Title: 5B2C,935,6/15/26 05:30,34.981,
Plot Title: 5B2C,936,6/15/26 05:45,34.981,
Plot Title: 5B2C,937,6/15/26 06:00,35.175,
Plot Title: 5B2C,938,6/15/26 06:15,35.175,
Plot Title: 5B2C,939,6/15/26 06:30,35.37,
Plot Title: 5B2C,940,6/15/26 06:45,35.564,
Plot Title: 5B2C,941,6/15/26 07:00,35.951,
Plot Title: 5B2C,942,6/15/26 07:15,37.87,
Plot Title: 5B2C,943,6/15/26 07:30,39.573,
Plot Title: 5B2C,944,6/15/26 07:45,40.321,
Plot Title: 5B2C,945,6/15/26 08:00,43.282,
Plot Title: 5B2C,946,6/15/26 08:15,46.728,
Plot Title: 5B2C,947,6/15/26 08:30,50.29,
Plot Title: 5B2C,948,6/15/26 08:45,53.274,
Plot Title: 5B2C,949,6/15/26 09:00,55.711,
Plot Title: 5B2C,950,6/15/26 09:15,57.441,
Plot Title: 5B2C,951,6/15/26 09:30,58.303,
Plot Title: 5B2C,952,6/15/26 09:45,60.024,
Plot Title: 5B2C,953,6/15/26 10:00,61.398,
Plot Title: 5B2C,954,6/15/26 10:15,60.024,
Plot Title: 5B2C,955,6/15/26 10:30,57.614,
Plot Title: 5B2C,956,6/15/26 10:45,56.404,
Plot Title: 5B2C,957,6/15/26 11:00,56.923,
Plot Title: 5B2C,958,6/15/26 11:15,56.577,
Plot Title: 5B2C,959,6/15/26 11:30,54.322,
Plot Title: 5B2C,960,6/15/26 11:45,52.576,
Plot Title: 5B2C,961,6/15/26 12:00,53.973,
Plot Title: 5B2C,962,6/15/26 12:15,54.495,
Plot Title: 5B2C,963,6/15/26 12:30,53.623,
Plot Title: 5B2C,964,6/15/26 12:45,52.75,
Plot Title: 5B2C,965,6/15/26 13:00,52.225,
Plot Title: 5B2C,966,6/15/26 13:15,53.449,
Plot Title: 5B2C,967,6/15/26 13:30,52.925,
Plot Title: 5B2C,968,6/15/26 13:45,52.401,
Plot Title: 5B2C,969,6/15/26 14:00,52.225,
Plot Title: 5B2C,970,6/15/26 14:15,54.322,
Plot Title: 5B2C,971,6/15/26 14:30,55.364,
Plot Title: 5B2C,972,6/15/26 14:45,56.23,
Plot Title: 5B2C,973,6/15/26 15:00,58.131,
Plot Title: 5B2C,974,6/15/26 15:15,59.68,
Plot Title: 5B2C,975,6/15/26 15:30,61.741,
Plot Title: 5B2C,976,6/15/26 15:45,61.912,
Plot Title: 5B2C,977,6/15/26 16:00,61.227,
Plot Title: 5B2C,978,6/15/26 16:15,60.539,
Plot Title: 5B2C,979,6/15/26 16:30,59.851,
Plot Title: 5B2C,980,6/15/26 16:45,58.647,
Plot Title: 5B2C,981,6/15/26 17:00,57.785,
Plot Title: 5B2C,982,6/15/26 17:15,57.096,
Plot Title: 5B2C,983,6/15/26 17:30,56.577,
Plot Title: 5B2C,984,6/15/26 17:45,56.23,
Plot Title: 5B2C,985,6/15/26 18:00,55.711,
Plot Title: 5B2C,986,6/15/26 18:15,55.364,
Plot Title: 5B2C,987,6/15/26 18:30,55.017,
Plot Title: 5B2C,988,6/15/26 18:45,53.973,
Plot Title: 5B2C,989,6/15/26 19:00,53.449,
Plot Title: 5B2C,990,6/15/26 19:15,52.75,
Plot Title: 5B2C,991,6/15/26 19:30,52.05,
Plot Title: 5B2C,992,6/15/26 19:45,51.346,
Plot Title: 5B2C,993,6/15/26 20:00,51.172,
Plot Title: 5B2C,994,6/15/26 20:15,50.819,
Plot Title: 5B2C,995,6/15/26 20:30,50.29,
Plot Title: 5B2C,996,6/15/26 20:45,49.582,
Plot Title: 5B2C,997,6/15/26 21:00,48.871,
Plot Title: 5B2C,998,6/15/26 21:15,48.517,
Plot Title: 5B2C,999,6/15/26 21:30,47.982,
Plot Title: 5B2C,1000,6/15/26 21:45,47.446,
Plot Title: 5B2C,1001,6/15/26 22:00,47.088,
Plot Title: 5B2C,1002,6/15/26 22:15,46.728,
Plot Title: 5B2C,1003,6/15/26 22:30,46.548,
Plot Title: 5B2C,1004,6/15/26 22:45,46.369,
Plot Title: 5B2C,1005,6/15/26 23:00,46.188,
Plot Title: 5B2C,1006,6/15/26 23:15,46.188,
Plot Title: 5B2C,1007,6/15/26 23:30,46.008,
Plot Title: 5B2C,1008,6/15/26 23:45,45.828,
Plot Title: 5B2C,1009,6/16/26 00:00,45.648,
Plot Title: 5B2C,1010,6/16/26 00:15,45.648,
Plot Title: 5B2C,1011,6/16/26 00:30,45.648,
Plot Title: 5B2C,1012,6/16/26 00:45,45.466,
Plot Title: 5B2C,1013,6/16/26 01:00,45.286,
Plot Title: 5B2C,1014,6/16/26 01:15,44.922,
Plot Title: 5B2C,1015,6/16/26 01:30,44.742,
Plot Title: 5B2C,1016,6/16/26 01:45,44.742,
Plot Title: 5B2C,1017,6/16/26 02:00,44.922,
Plot Title: 5B2C,1018,6/16/26 02:15,44.742,
Plot Title: 5B2C,1019,6/16/26 02:30,44.742,
Plot Title: 5B2C,1020,6/16/26 02:45,44.742,
Plot Title: 5B2C,1021,6/16/26 03:00,44.56,
Plot Title: 5B2C,1022,6/16/26 03:15,44.379,
Plot Title: 5B2C,1023,6/16/26 03:30,44.195,
Plot Title: 5B2C,1024,6/16/26 03:45,43.831,
Plot Title: 5B2C,1025,6/16/26 04:00,43.466,
Plot Title: 5B2C,1026,6/16/26 04:15,43.099,
Plot Title: 5B2C,1027,6/16/26 04:30,42.915,
Plot Title: 5B2C,1028,6/16/26 04:45,42.732,
Plot Title: 5B2C,1029,6/16/26 05:00,42.363,
Plot Title: 5B2C,1030,6/16/26 05:15,42.363,
Plot Title: 5B2C,1031,6/16/26 05:30,42.363,
Plot Title: 5B2C,1032,6/16/26 05:45,42.179,
Plot Title: 5B2C,1033,6/16/26 06:00,42.363,
Plot Title: 5B2C,1034,6/16/26 06:15,42.732,
Plot Title: 5B2C,1035,6/16/26 06:30,42.915,
Plot Title: 5B2C,1036,6/16/26 06:45,43.282,
Plot Title: 5B2C,1037,6/16/26 07:00,43.466,
Plot Title: 5B2C,1038,6/16/26 07:15,43.831,
Plot Title: 5B2C,1039,6/16/26 07:30,44.922,
Plot Title: 5B2C,1040,6/16/26 07:45,45.648,
Plot Title: 5B2C,1041,6/16/26 08:00,48.871,
Plot Title: 5B2C,1042,6/16/26 08:15,51.874,
Plot Title: 5B2C,1043,6/16/26 08:30,54.669,
Plot Title: 5B2C,1044,6/16/26 08:45,57.441,
Plot Title: 5B2C,1045,6/16/26 09:00,60.024,
Plot Title: 5B2C,1046,6/16/26 09:15,62.425,
Plot Title: 5B2C,1047,6/16/26 09:30,62.769,
Plot Title: 5B2C,1048,6/16/26 09:45,64.31,
Plot Title: 5B2C,1049,6/16/26 10:00,65.68,
Plot Title: 5B2C,1050,6/16/26 10:15,64.996,
Plot Title: 5B2C,1051,6/16/26 10:30,62.769,
Plot Title: 5B2C,1052,6/16/26 10:45,62.083,
Plot Title: 5B2C,1053,6/16/26 11:00,62.425,
Plot Title: 5B2C,1054,6/16/26 11:15,61.741,
Plot Title: 5B2C,1055,6/16/26 11:30,60.195,
Plot Title: 5B2C,1056,6/16/26 11:45,59.164,
Plot Title: 5B2C,1057,6/16/26 12:00,59.68,
Plot Title: 5B2C,1058,6/16/26 12:15,60.024,
Plot Title: 5B2C,1059,6/16/26 12:30,58.993,
Plot Title: 5B2C,1060,6/16/26 12:45,57.614,
Plot Title: 5B2C,1061,6/16/26 13:00,56.923,
Plot Title: 5B2C,1062,6/16/26 13:15,58.476,
Plot Title: 5B2C,1063,6/16/26 13:30,57.614,
Plot Title: 5B2C,1064,6/16/26 13:45,56.577,
Plot Title: 5B2C,1065,6/16/26 14:00,56.057,
Plot Title: 5B2C,1066,6/16/26 14:15,59.508,
Plot Title: 5B2C,1067,6/16/26 14:30,63.626,
Plot Title: 5B2C,1068,6/16/26 14:45,65.68,
Plot Title: 5B2C,1069,6/16/26 15:00,67.05,
Plot Title: 5B2C,1070,6/16/26 15:15,67.564,
Plot Title: 5B2C,1071,6/16/26 15:30,67.735,
Plot Title: 5B2C,1072,6/16/26 15:45,67.05,
Plot Title: 5B2C,1073,6/16/26 16:00,66.708,
Plot Title: 5B2C,1074,6/16/26 16:15,65.509,
Plot Title: 5B2C,1075,6/16/26 16:30,64.31,
Plot Title: 5B2C,1076,6/16/26 16:45,63.282,
Plot Title: 5B2C,1077,6/16/26 17:00,61.912,
Plot Title: 5B2C,1078,6/16/26 17:15,61.054,
Plot Title: 5B2C,1079,6/16/26 17:30,59.508,
Plot Title: 5B2C,1080,6/16/26 17:45,58.131,
Plot Title: 5B2C,1081,6/16/26 18:00,57.096,
Plot Title: 5B2C,1082,6/16/26 18:15,56.23,
Plot Title: 5B2C,1083,6/16/26 18:30,55.711,
Plot Title: 5B2C,1084,6/16/26 18:45,55.017,
Plot Title: 5B2C,1085,6/16/26 19:00,54.495,
Plot Title: 5B2C,1086,6/16/26 19:15,53.973,
Plot Title: 5B2C,1087,6/16/26 19:30,53.623,
Plot Title: 5B2C,1088,6/16/26 19:45,53.1,
Plot Title: 5B2C,1089,6/16/26 20:00,52.75,
Plot Title: 5B2C,1090,6/16/26 20:15,52.225,
Plot Title: 5B2C,1091,6/16/26 20:30,51.874,
Plot Title: 5B2C,1092,6/16/26 20:45,51.346,
Plot Title: 5B2C,1093,6/16/26 21:00,50.995,
Plot Title: 5B2C,1094,6/16/26 21:15,50.643,
Plot Title: 5B2C,1095,6/16/26 21:30,50.113,
Plot Title: 5B2C,1096,6/16/26 21:45,49.759,
Plot Title: 5B2C,1097,6/16/26 22:00,49.228,
Plot Title: 5B2C,1098,6/16/26 22:15,48.871,
Plot Title: 5B2C,1099,6/16/26 22:30,48.517,
Plot Title: 5B2C,1100,6/16/26 22:45,48.16,
Plot Title: 5B2C,1101,6/16/26 23:00,47.982,
Plot Title: 5B2C,1102,6/16/26 23:15,47.624,
Plot Title: 5B2C,1103,6/16/26 23:30,47.266,
Plot Title: 5B2C,1104,6/16/26 23:45,47.088,
Plot Title: 5B2C,1105,6/17/26 00:00,46.728,
Plot Title: 5B2C,1106,6/17/26 00:15,46.369,
Plot Title: 5B2C,1107,6/17/26 00:30,46.188,
Plot Title: 5B2C,1108,6/17/26 00:45,46.008,
Plot Title: 5B2C,1109,6/17/26 01:00,45.828,
Plot Title: 5B2C,1110,6/17/26 01:15,45.466,
Plot Title: 5B2C,1111,6/17/26 01:30,45.104,
Plot Title: 5B2C,1112,6/17/26 01:45,44.922,
Plot Title: 5B2C,1113,6/17/26 02:00,44.56,
Plot Title: 5B2C,1114,6/17/26 02:15,44.379,
Plot Title: 5B2C,1115,6/17/26 02:30,44.379,
Plot Title: 5B2C,1116,6/17/26 02:45,44.013,
Plot Title: 5B2C,1117,6/17/26 03:00,43.648,
Plot Title: 5B2C,1118,6/17/26 03:15,43.466,
Plot Title: 5B2C,1119,6/17/26 03:30,43.099,
Plot Title: 5B2C,1120,6/17/26 03:45,43.099,
Plot Title: 5B2C,1121,6/17/26 04:00,42.732,
Plot Title: 5B2C,1122,6/17/26 04:15,42.732,
Plot Title: 5B2C,1123,6/17/26 04:30,42.915,
Plot Title: 5B2C,1124,6/17/26 04:45,42.915,
Plot Title: 5B2C,1125,6/17/26 05:00,43.099,
Plot Title: 5B2C,1126,6/17/26 05:15,43.099,
Plot Title: 5B2C,1127,6/17/26 05:30,43.099,
Plot Title: 5B2C,1128,6/17/26 05:45,43.099,
Plot Title: 5B2C,1129,6/17/26 06:00,42.915,
Plot Title: 5B2C,1130,6/17/26 06:15,42.915,
Plot Title: 5B2C,1131,6/17/26 06:30,43.099,
Plot Title: 5B2C,1132,6/17/26 06:45,43.648,
Plot Title: 5B2C,1133,6/17/26 07:00,44.195,
Plot Title: 5B2C,1134,6/17/26 07:15,45.828,
Plot Title: 5B2C,1135,6/17/26 07:30,46.908,
Plot Title: 5B2C,1136,6/17/26 07:45,46.728,
Plot Title: 5B2C,1137,6/17/26 08:00,49.228,
Plot Title: 5B2C,1138,6/17/26 08:15,52.225,
Plot Title: 5B2C,1139,6/17/26 08:30,54.842,
Plot Title: 5B2C,1140,6/17/26 08:45,57.268,
Plot Title: 5B2C,1141,6/17/26 09:00,59.68,
Plot Title: 5B2C,1142,6/17/26 09:15,62.083,
Plot Title: 5B2C,1143,6/17/26 09:30,62.598,
Plot Title: 5B2C,1144,6/17/26 09:45,64.139,
Plot Title: 5B2C,1145,6/17/26 10:00,65.338,
Plot Title: 5B2C,1146,6/17/26 10:15,64.652,
Plot Title: 5B2C,1147,6/17/26 10:30,62.425,
Plot Title: 5B2C,1148,6/17/26 10:45,61.227,
Plot Title: 5B2C,1149,6/17/26 11:00,60.712,
Plot Title: 5B2C,1150,6/17/26 11:15,60.024,
Plot Title: 5B2C,1151,6/17/26 11:30,58.303,
Plot Title: 5B2C,1152,6/17/26 11:45,57.958,
Plot Title: 5B2C,1153,6/17/26 12:00,60.195,
Plot Title: 5B2C,1154,6/17/26 12:15,60.024,
Plot Title: 5B2C,1155,6/17/26 12:30,59.68,
Plot Title: 5B2C,1156,6/17/26 12:45,58.303,
Plot Title: 5B2C,1157,6/17/26 13:00,57.958,
Plot Title: 5B2C,1158,6/17/26 13:15,58.993,
Plot Title: 5B2C,1159,6/17/26 13:30,58.647,
Plot Title: 5B2C,1160,6/17/26 13:45,58.647,
Plot Title: 5B2C,1161,6/17/26 14:00,58.303,
Plot Title: 5B2C,1162,6/17/26 14:15,57.268,
Plot Title: 5B2C,1163,6/17/26 14:30,56.404,
Plot Title: 5B2C,1164,6/17/26 14:45,56.923,
Plot Title: 5B2C,1165,6/17/26 15:00,56.75,
Plot Title: 5B2C,1166,6/17/26 15:15,55.711,
Plot Title: 5B2C,1167,6/17/26 15:30,55.364,
Plot Title: 5B2C,1168,6/17/26 15:45,54.842,
Plot Title: 5B2C,1169,6/17/26 16:00,55.189,
Plot Title: 5B2C,1170,6/17/26 16:15,55.884,
Plot Title: 5B2C,1171,6/17/26 16:30,56.23,
Plot Title: 5B2C,1172,6/17/26 16:45,56.057,
Plot Title: 5B2C,1173,6/17/26 17:00,55.189,
Plot Title: 5B2C,1174,6/17/26 17:15,54.669,
Plot Title: 5B2C,1175,6/17/26 17:30,54.322,
Plot Title: 5B2C,1176,6/17/26 17:45,53.973,
Plot Title: 5B2C,1177,6/17/26 18:00,53.623,
Plot Title: 5B2C,1178,6/17/26 18:15,53.274,
Plot Title: 5B2C,1179,6/17/26 18:30,52.925,
Plot Title: 5B2C,1180,6/17/26 18:45,52.576,
Plot Title: 5B2C,1181,6/17/26 19:00,52.05,
Plot Title: 5B2C,1182,6/17/26 19:15,51.699,
Plot Title: 5B2C,1183,6/17/26 19:30,51.346,
Plot Title: 5B2C,1184,6/17/26 19:45,50.995,
Plot Title: 5B2C,1185,6/17/26 20:00,50.643,
Plot Title: 5B2C,1186,6/17/26 20:15,49.937,
Plot Title: 5B2C,1187,6/17/26 20:30,49.404,
Plot Title: 5B2C,1188,6/17/26 20:45,49.05,
Plot Title: 5B2C,1189,6/17/26 21:00,48.695,
Plot Title: 5B2C,1190,6/17/26 21:15,48.339,
Plot Title: 5B2C,1191,6/17/26 21:30,47.982,
Plot Title: 5B2C,1192,6/17/26 21:45,47.446,
Plot Title: 5B2C,1193,6/17/26 22:00,46.908,
Plot Title: 5B2C,1194,6/17/26 22:15,46.188,
Plot Title: 5B2C,1195,6/17/26 22:30,45.648,
Plot Title: 5B2C,1196,6/17/26 22:45,45.104,
Plot Title: 5B2C,1197,6/17/26 23:00,44.56,
Plot Title: 5B2C,1198,6/17/26 23:15,44.195,
Plot Title: 5B2C,1199,6/17/26 23:30,43.648,
Plot Title: 5B2C,1200,6/17/26 23:45,43.282,
Plot Title: 5B2C,1201,6/18/26 00:00,42.915,
Plot Title: 5B2C,1202,6/18/26 00:15,42.548,
Plot Title: 5B2C,1203,6/18/26 00:30,42.179,
Plot Title: 5B2C,1204,6/18/26 00:45,41.994,
Plot Title: 5B2C,1205,6/18/26 01:00,41.625,
Plot Title: 5B2C,1206,6/18/26 01:15,41.439,
Plot Title: 5B2C,1207,6/18/26 01:30,41.067,
Plot Title: 5B2C,1208,6/18/26 01:45,40.881,
Plot Title: 5B2C,1209,6/18/26 02:00,40.696,
Plot Title: 5B2C,1210,6/18/26 02:15,40.509,
Plot Title: 5B2C,1211,6/18/26 02:30,40.321,
Plot Title: 5B2C,1212,6/18/26 02:45,40.134,
Plot Title: 5B2C,1213,6/18/26 03:00,39.947,
Plot Title: 5B2C,1214,6/18/26 03:15,39.76,
Plot Title: 5B2C,1215,6/18/26 03:30,39.76,
Plot Title: 5B2C,1216,6/18/26 03:45,39.947,
Plot Title: 5B2C,1217,6/18/26 04:00,39.947,
Plot Title: 5B2C,1218,6/18/26 04:15,39.947,
Plot Title: 5B2C,1219,6/18/26 04:30,39.947,
Plot Title: 5B2C,1220,6/18/26 04:45,39.76,
Plot Title: 5B2C,1221,6/18/26 05:00,39.573,
Plot Title: 5B2C,1222,6/18/26 05:15,39.76,
Plot Title: 5B2C,1223,6/18/26 05:30,39.76,
Plot Title: 5B2C,1224,6/18/26 05:45,39.573,
Plot Title: 5B2C,1225,6/18/26 06:00,39.384,
Plot Title: 5B2C,1226,6/18/26 06:15,39.196,
Plot Title: 5B2C,1227,6/18/26 06:30,39.384,
Plot Title: 5B2C,1228,6/18/26 06:45,39.76,
Plot Title: 5B2C,1229,6/18/26 07:00,40.696,
Plot Title: 5B2C,1230,6/18/26 07:15,41.81,
Plot Title: 5B2C,1231,6/18/26 07:30,42.732,
Plot Title: 5B2C,1232,6/18/26 07:45,43.466,
Plot Title: 5B2C,1233,6/18/26 08:00,45.828,
Plot Title: 5B2C,1234,6/18/26 08:15,47.266,
Plot Title: 5B2C,1235,6/18/26 08:30,47.624,
Plot Title: 5B2C,1236,6/18/26 08:45,49.937,
Plot Title: 5B2C,1237,6/18/26 09:00,53.274,
Plot Title: 5B2C,1238,6/18/26 09:15,57.268,
Plot Title: 5B2C,1239,6/18/26 09:30,58.303,
Plot Title: 5B2C,1240,6/18/26 09:45,60.539,
Plot Title: 5B2C,1241,6/18/26 10:00,62.254,
Plot Title: 5B2C,1242,6/18/26 10:15,61.741,
Plot Title: 5B2C,1243,6/18/26 10:30,60.024,
Plot Title: 5B2C,1244,6/18/26 10:45,58.476,
Plot Title: 5B2C,1245,6/18/26 11:00,58.647,
Plot Title: 5B2C,1246,6/18/26 11:15,58.131,
Plot Title: 5B2C,1247,6/18/26 11:30,56.75,
Plot Title: 5B2C,1248,6/18/26 11:45,55.364,
Plot Title: 5B2C,1249,6/18/26 12:00,57.268,
Plot Title: 5B2C,1250,6/18/26 12:15,57.614,
Plot Title: 5B2C,1251,6/18/26 12:30,56.923,
Plot Title: 5B2C,1252,6/18/26 12:45,55.884,
Plot Title: 5B2C,1253,6/18/26 13:00,55.189,
Plot Title: 5B2C,1254,6/18/26 13:15,57.096,
Plot Title: 5B2C,1255,6/18/26 13:30,56.75,
Plot Title: 5B2C,1256,6/18/26 13:45,55.537,
Plot Title: 5B2C,1257,6/18/26 14:00,54.669,
Plot Title: 5B2C,1258,6/18/26 14:15,58.476,
Plot Title: 5B2C,1259,6/18/26 14:30,61.569,
Plot Title: 5B2C,1260,6/18/26 14:45,64.652,
Plot Title: 5B2C,1261,6/18/26 15:00,66.879,
Plot Title: 5B2C,1262,6/18/26 15:15,67.906,
Plot Title: 5B2C,1263,6/18/26 15:30,68.592,
Plot Title: 5B2C,1264,6/18/26 15:45,68.077,
Plot Title: 5B2C,1265,6/18/26 16:00,67.221,
Plot Title: 5B2C,1266,6/18/26 16:15,65.851,
Plot Title: 5B2C,1267,6/18/26 16:30,64.825,
Plot Title: 5B2C,1268,6/18/26 16:45,63.455,
Plot Title: 5B2C,1269,6/18/26 17:00,62.254,
Plot Title: 5B2C,1270,6/18/26 17:15,61.054,
Plot Title: 5B2C,1271,6/18/26 17:30,59.337,
Plot Title: 5B2C,1272,6/18/26 17:45,57.614,
Plot Title: 5B2C,1273,6/18/26 18:00,56.23,
Plot Title: 5B2C,1274,6/18/26 18:15,55.189,
Plot Title: 5B2C,1275,6/18/26 18:30,54.322,
Plot Title: 5B2C,1276,6/18/26 18:45,53.449,
Plot Title: 5B2C,1277,6/18/26 19:00,52.75,
Plot Title: 5B2C,1278,6/18/26 19:15,52.05,
Plot Title: 5B2C,1279,6/18/26 19:30,51.346,
Plot Title: 5B2C,1280,6/18/26 19:45,50.995,
Plot Title: 5B2C,1281,6/18/26 20:00,50.466,
Plot Title: 5B2C,1282,6/18/26 20:15,49.937,
Plot Title: 5B2C,1283,6/18/26 20:30,49.582,
Plot Title: 5B2C,1284,6/18/26 20:45,49.05,
Plot Title: 5B2C,1285,6/18/26 21:00,48.695,
Plot Title: 5B2C,1286,6/18/26 21:15,48.339,
Plot Title: 5B2C,1287,6/18/26 21:30,47.802,
Plot Title: 5B2C,1288,6/18/26 21:45,47.446,
Plot Title: 5B2C,1289,6/18/26 22:00,46.908,
Plot Title: 5B2C,1290,6/18/26 22:15,46.548,
Plot Title: 5B2C,1291,6/18/26 22:30,46.188,
Plot Title: 5B2C,1292,6/18/26 22:45,45.828,
Plot Title: 5B2C,1293,6/18/26 23:00,45.466,
Plot Title: 5B2C,1294,6/18/26 23:15,45.104,
Plot Title: 5B2C,1295,6/18/26 23:30,44.922,
Plot Title: 5B2C,1296,6/18/26 23:45,44.56,
Plot Title: 5B2C,1297,6/19/26 00:00,44.379,
Plot Title: 5B2C,1298,6/19/26 00:15,44.195,
Plot Title: 5B2C,1299,6/19/26 00:30,44.013,
Plot Title: 5B2C,1300,6/19/26 00:45,43.648,
Plot Title: 5B2C,1301,6/19/26 01:00,43.466,
Plot Title: 5B2C,1302,6/19/26 01:15,43.282,
Plot Title: 5B2C,1303,6/19/26 01:30,43.099,
Plot Title: 5B2C,1304,6/19/26 01:45,42.915,
Plot Title: 5B2C,1305,6/19/26 02:00,42.548,
Plot Title: 5B2C,1306,6/19/26 02:15,42.179,
Plot Title: 5B2C,1307,6/19/26 02:30,41.994,
Plot Title: 5B2C,1308,6/19/26 02:45,41.81,
Plot Title: 5B2C,1309,6/19/26 03:00,41.81,
Plot Title: 5B2C,1310,6/19/26 03:15,41.625,
Plot Title: 5B2C,1311,6/19/26 03:30,41.439,
Plot Title: 5B2C,1312,6/19/26 03:45,41.067,
Plot Title: 5B2C,1313,6/19/26 04:00,40.881,
Plot Title: 5B2C,1314,6/19/26 04:15,40.696,
Plot Title: 5B2C,1315,6/19/26 04:30,40.509,
Plot Title: 5B2C,1316,6/19/26 04:45,40.321,
Plot Title: 5B2C,1317,6/19/26 05:00,40.134,
Plot Title: 5B2C,1318,6/19/26 05:15,39.947,
Plot Title: 5B2C,1319,6/19/26 05:30,39.76,
Plot Title: 5B2C,1320,6/19/26 05:45,39.573,
Plot Title: 5B2C,1321,6/19/26 06:00,39.573,
Plot Title: 5B2C,1322,6/19/26 06:15,39.573,
Plot Title: 5B2C,1323,6/19/26 06:30,39.76,
Plot Title: 5B2C,1324,6/19/26 06:45,39.947,
Plot Title: 5B2C,1325,6/19/26 07:00,40.509,
Plot Title: 5B2C,1326,6/19/26 07:15,42.179,
Plot Title: 5B2C,1327,6/19/26 07:30,44.195,
Plot Title: 5B2C,1328,6/19/26 07:45,44.56,
Plot Title: 5B2C,1329,6/19/26 08:00,47.802,
Plot Title: 5B2C,1330,6/19/26 08:15,49.404,
Plot Title: 5B2C,1331,6/19/26 08:30,50.995,
Plot Title: 5B2C,1332,6/19/26 08:45,50.29,
Plot Title: 5B2C,1333,6/19/26 09:00,50.113,
Plot Title: 5B2C,1334,6/19/26 09:15,50.995,
Plot Title: 5B2C,1335,6/19/26 09:30,52.925,
Plot Title: 5B2C,1336,6/19/26 09:45,54.322,
Plot Title: 5B2C,1337,6/19/26 10:00,55.537,
Plot Title: 5B2C,1338,6/19/26 10:15,55.364,
Plot Title: 5B2C,1339,6/19/26 10:30,56.23,
Plot Title: 5B2C,1340,6/19/26 10:45,57.268,
Plot Title: 5B2C,1341,6/19/26 11:00,57.096,
Plot Title: 5B2C,1342,6/19/26 11:15,57.268,
Plot Title: 5B2C,1343,6/19/26 11:30,56.923,
Plot Title: 5B2C,1344,6/19/26 11:45,56.923,
Plot Title: 5B2C,1345,6/19/26 12:00,57.958,
Plot Title: 5B2C,1346,6/19/26 12:15,58.303,
Plot Title: 5B2C,1347,6/19/26 12:30,57.785,
Plot Title: 5B2C,1348,6/19/26 12:45,57.268,
Plot Title: 5B2C,1349,6/19/26 13:00,57.614,
Plot Title: 5B2C,1350,6/19/26 13:15,58.303,
Plot Title: 5B2C,1351,6/19/26 13:30,58.993,
Plot Title: 5B2C,1352,6/19/26 13:45,59.508,
Plot Title: 5B2C,1353,6/19/26 14:00,59.68,
Plot Title: 5B2C,1354,6/19/26 14:15,58.993,
Plot Title: 5B2C,1355,6/19/26 14:30,59.68,
Plot Title: 5B2C,1356,6/19/26 14:45,60.195,
Plot Title: 5B2C,1357,6/19/26 15:00,62.083,
Plot Title: 5B2C,1358,6/19/26 15:15,65.167,
Plot Title: 5B2C,1359,6/19/26 15:30,64.652,
Plot Title: 5B2C,1360,6/19/26 15:45,63.111,
Plot Title: 5B2C,1361,6/19/26 16:00,62.425,
Plot Title: 5B2C,1362,6/19/26 16:15,62.083,
Plot Title: 5B2C,1363,6/19/26 16:30,62.425,
Plot Title: 5B2C,1364,6/19/26 16:45,61.912,
Plot Title: 5B2C,1365,6/19/26 17:00,61.398,
Plot Title: 5B2C,1366,6/19/26 17:15,61.227,
Plot Title: 5B2C,1367,6/19/26 17:30,60.368,
Plot Title: 5B2C,1368,6/19/26 17:45,59.68,
Plot Title: 5B2C,1369,6/19/26 18:00,58.647,
Plot Title: 5B2C,1370,6/19/26 18:15,58.303,
Plot Title: 5B2C,1371,6/19/26 18:30,58.303,
Plot Title: 5B2C,1372,6/19/26 18:45,58.303,
Plot Title: 5B2C,1373,6/19/26 19:00,57.614,
Plot Title: 5B2C,1374,6/19/26 19:15,56.404,
Plot Title: 5B2C,1375,6/19/26 19:30,55.189,
Plot Title: 5B2C,1376,6/19/26 19:45,54.147,
Plot Title: 5B2C,1377,6/19/26 20:00,53.623,
Plot Title: 5B2C,1378,6/19/26 20:15,52.925,
Plot Title: 5B2C,1379,6/19/26 20:30,52.75,
Plot Title: 5B2C,1380,6/19/26 20:45,52.225,
Plot Title: 5B2C,1381,6/19/26 21:00,51.874,
Plot Title: 5B2C,1382,6/19/26 21:15,51.346,
Plot Title: 5B2C,1383,6/19/26 21:30,50.995,
Plot Title: 5B2C,1384,6/19/26 21:45,50.466,
Plot Title: 5B2C,1385,6/19/26 22:00,49.937,
Plot Title: 5B2C,1386,6/19/26 22:15,49.582,
Plot Title: 5B2C,1387,6/19/26 22:30,49.404,
Plot Title: 5B2C,1388,6/19/26 22:45,49.404,
Plot Title: 5B2C,1389,6/19/26 23:00,49.05,
Plot Title: 5B2C,1390,6/19/26 23:15,48.871,
Plot Title: 5B2C,1391,6/19/26 23:30,48.871,
Plot Title: 5B2C,1392,6/19/26 23:45,48.871,
Plot Title: 5B2C,1393,6/20/26 00:00,48.871,
Plot Title: 5B2C,1394,6/20/26 00:15,48.871,
Plot Title: 5B2C,1395,6/20/26 00:30,48.871,
Plot Title: 5B2C,1396,6/20/26 00:45,48.517,
Plot Title: 5B2C,1397,6/20/26 01:00,48.339,
Plot Title: 5B2C,1398,6/20/26 01:15,48.16,
Plot Title: 5B2C,1399,6/20/26 01:30,48.16,
Plot Title: 5B2C,1400,6/20/26 01:45,48.16,
Plot Title: 5B2C,1401,6/20/26 02:00,48.16,
Plot Title: 5B2C,1402,6/20/26 02:15,48.16,
Plot Title: 5B2C,1403,6/20/26 02:30,47.982,
Plot Title: 5B2C,1404,6/20/26 02:45,47.982,
Plot Title: 5B2C,1405,6/20/26 03:00,47.802,
Plot Title: 5B2C,1406,6/20/26 03:15,47.802,
Plot Title: 5B2C,1407,6/20/26 03:30,47.802,
Plot Title: 5B2C,1408,6/20/26 03:45,47.802,
Plot Title: 5B2C,1409,6/20/26 04:00,47.802,
Plot Title: 5B2C,1410,6/20/26 04:15,47.802,
Plot Title: 5B2C,1411,6/20/26 04:30,47.624,
Plot Title: 5B2C,1412,6/20/26 04:45,47.266,
Plot Title: 5B2C,1413,6/20/26 05:00,46.908,
Plot Title: 5B2C,1414,6/20/26 05:15,46.908,
Plot Title: 5B2C,1415,6/20/26 05:30,46.728,
Plot Title: 5B2C,1416,6/20/26 05:45,46.728,
Plot Title: 5B2C,1417,6/20/26 06:00,46.728,
Plot Title: 5B2C,1418,6/20/26 06:15,46.908,
Plot Title: 5B2C,1419,6/20/26 06:30,46.908,
Plot Title: 5B2C,1420,6/20/26 06:45,47.088,
Plot Title: 5B2C,1421,6/20/26 07:00,47.446,
Plot Title: 5B2C,1422,6/20/26 07:15,47.446,
Plot Title: 5B2C,1423,6/20/26 07:30,47.446,
Plot Title: 5B2C,1424,6/20/26 07:45,47.624,
Plot Title: 5B2C,1425,6/20/26 08:00,47.624,
Plot Title: 5B2C,1426,6/20/26 08:15,47.982,
Plot Title: 5B2C,1427,6/20/26 08:30,48.16,
Plot Title: 5B2C,1428,6/20/26 08:45,48.16,
Plot Title: 5B2C,1429,6/20/26 09:00,48.16,
Plot Title: 5B2C,1430,6/20/26 09:15,48.16,
Plot Title: 5B2C,1431,6/20/26 09:30,48.517,
Plot Title: 5B2C,1432,6/20/26 09:45,49.404,
Plot Title: 5B2C,1433,6/20/26 10:00,50.643,
Plot Title: 5B2C,1434,6/20/26 10:15,50.995,
Plot Title: 5B2C,1435,6/20/26 10:30,50.995,
Plot Title: 5B2C,1436,6/20/26 10:45,50.643,
Plot Title: 5B2C,1437,6/20/26 11:00,50.819,
Plot Title: 5B2C,1438,6/20/26 11:15,50.995,
Plot Title: 5B2C,1439,6/20/26 11:30,52.05,
Plot Title: 5B2C,1440,6/20/26 11:45,52.225,
Plot Title: 5B2C,1441,6/20/26 12:00,51.523,
Plot Title: 5B2C,1442,6/20/26 12:15,51.523,
Plot Title: 5B2C,1443,6/20/26 12:30,52.401,
Plot Title: 5B2C,1444,6/20/26 12:45,52.576,
Plot Title: 5B2C,1445,6/20/26 13:00,52.925,
Plot Title: 5B2C,1446,6/20/26 13:15,53.798,
Plot Title: 5B2C,1447,6/20/26 13:30,55.017,
Plot Title: 5B2C,1448,6/20/26 13:45,55.884,
Plot Title: 5B2C,1449,6/20/26 14:00,56.404,
Plot Title: 5B2C,1450,6/20/26 14:15,55.711,
Plot Title: 5B2C,1451,6/20/26 14:30,56.057,
Plot Title: 5B2C,1452,6/20/26 14:45,55.884,
Plot Title: 5B2C,1453,6/20/26 15:00,54.147,
Plot Title: 5B2C,1454,6/20/26 15:15,52.225,
Plot Title: 5B2C,1455,6/20/26 15:30,51.172,
Plot Title: 5B2C,1456,6/20/26 15:45,50.29,
Plot Title: 5B2C,1457,6/20/26 16:00,49.759,
Plot Title: 5B2C,1458,6/20/26 16:15,49.759,
Plot Title: 5B2C,1459,6/20/26 16:30,49.582,
Plot Title: 5B2C,1460,6/20/26 16:45,49.228,
Plot Title: 5B2C,1461,6/20/26 17:00,48.871,
Plot Title: 5B2C,1462,6/20/26 17:15,48.517,
Plot Title: 5B2C,1463,6/20/26 17:30,48.16,
Plot Title: 5B2C,1464,6/20/26 17:45,47.982,
Plot Title: 5B2C,1465,6/20/26 18:00,47.802,
Plot Title: 5B2C,1466,6/20/26 18:15,47.802,
Plot Title: 5B2C,1467,6/20/26 18:30,47.624,
Plot Title: 5B2C,1468,6/20/26 18:45,47.624,
Plot Title: 5B2C,1469,6/20/26 19:00,47.446,
Plot Title: 5B2C,1470,6/20/26 19:15,47.266,
Plot Title: 5B2C,1471,6/20/26 19:30,47.088,
Plot Title: 5B2C,1472,6/20/26 19:45,46.908,
Plot Title: 5B2C,1473,6/20/26 20:00,46.728,
Plot Title: 5B2C,1474,6/20/26 20:15,46.728,
Plot Title: 5B2C,1475,6/20/26 20:30,46.548,
Plot Title: 5B2C,1476,6/20/26 20:45,46.548,
Plot Title: 5B2C,1477,6/20/26 21:00,46.369,
Plot Title: 5B2C,1478,6/20/26 21:15,46.188,
Plot Title: 5B2C,1479,6/20/26 21:30,46.008,
Plot Title: 5B2C,1480,6/20/26 21:45,45.648,
Plot Title: 5B2C,1481,6/20/26 22:00,45.466,
Plot Title: 5B2C,1482,6/20/26 22:15,45.286,
Plot Title: 5B2C,1483,6/20/26 22:30,45.104,
Plot Title: 5B2C,1484,6/20/26 22:45,44.742,
Plot Title: 5B2C,1485,6/20/26 23:00,44.56,
Plot Title: 5B2C,1486,6/20/26 23:15,44.195,
Plot Title: 5B2C,1487,6/20/26 23:30,43.831,
Plot Title: 5B2C,1488,6/20/26 23:45,43.648,
Plot Title: 5B2C,1489,6/21/26 00:00,43.466,
Plot Title: 5B2C,1490,6/21/26 00:15,43.466,
Plot Title: 5B2C,1491,6/21/26 00:30,43.648,
Plot Title: 5B2C,1492,6/21/26 00:45,43.648,
Plot Title: 5B2C,1493,6/21/26 01:00,43.831,
Plot Title: 5B2C,1494,6/21/26 01:15,43.831,
Plot Title: 5B2C,1495,6/21/26 01:30,43.831,
Plot Title: 5B2C,1496,6/21/26 01:45,43.831,
Plot Title: 5B2C,1497,6/21/26 02:00,43.831,
Plot Title: 5B2C,1498,6/21/26 02:15,43.466,
Plot Title: 5B2C,1499,6/21/26 02:30,43.282,
Plot Title: 5B2C,1500,6/21/26 02:45,43.099,
Plot Title: 5B2C,1501,6/21/26 03:00,43.099,
Plot Title: 5B2C,1502,6/21/26 03:15,43.099,
Plot Title: 5B2C,1503,6/21/26 03:30,43.282,
Plot Title: 5B2C,1504,6/21/26 03:45,43.282,
Plot Title: 5B2C,1505,6/21/26 04:00,43.282,
Plot Title: 5B2C,1506,6/21/26 04:15,43.282,
Plot Title: 5B2C,1507,6/21/26 04:30,43.282,
Plot Title: 5B2C,1508,6/21/26 04:45,43.099,
Plot Title: 5B2C,1509,6/21/26 05:00,43.099,
Plot Title: 5B2C,1510,6/21/26 05:15,43.099,
Plot Title: 5B2C,1511,6/21/26 05:30,43.099,
Plot Title: 5B2C,1512,6/21/26 05:45,42.915,
Plot Title: 5B2C,1513,6/21/26 06:00,42.548,
Plot Title: 5B2C,1514,6/21/26 06:15,42.732,
Plot Title: 5B2C,1515,6/21/26 06:30,43.099,
Plot Title: 5B2C,1516,6/21/26 06:45,43.282,
Plot Title: 5B2C,1517,6/21/26 07:00,43.466,
Plot Title: 5B2C,1518,6/21/26 07:15,45.286,
Plot Title: 5B2C,1519,6/21/26 07:30,45.828,
Plot Title: 5B2C,1520,6/21/26 07:45,45.648,
Plot Title: 5B2C,1521,6/21/26 08:00,45.828,
Plot Title: 5B2C,1522,6/21/26 08:15,46.369,
Plot Title: 5B2C,1523,6/21/26 08:30,48.695,
Plot Title: 5B2C,1524,6/21/26 08:45,49.582,
Plot Title: 5B2C,1525,6/21/26 09:00,51.699,
Plot Title: 5B2C,1526,6/21/26 09:15,50.995,
Plot Title: 5B2C,1527,6/21/26 09:30,50.643,
Plot Title: 5B2C,1528,6/21/26 09:45,53.1,
Plot Title: 5B2C,1529,6/21/26 10:00,52.225,
Plot Title: 5B2C,1530,6/21/26 10:15,52.576,
Plot Title: 5B2C,1531,6/21/26 10:30,52.576,
Plot Title: 5B2C,1532,6/21/26 10:45,52.576,
Plot Title: 5B2C,1533,6/21/26 11:00,53.973,
Plot Title: 5B2C,1534,6/21/26 11:15,53.973,
Plot Title: 5B2C,1535,6/21/26 11:30,52.75,
Plot Title: 5B2C,1536,6/21/26 11:45,52.225,
Plot Title: 5B2C,1537,6/21/26 12:00,53.274,
Plot Title: 5B2C,1538,6/21/26 12:15,52.925,
Plot Title: 5B2C,1539,6/21/26 12:30,52.576,
Plot Title: 5B2C,1540,6/21/26 12:45,52.401,
Plot Title: 5B2C,1541,6/21/26 13:00,53.623,
Plot Title: 5B2C,1542,6/21/26 13:15,53.973,
Plot Title: 5B2C,1543,6/21/26 13:30,53.798,
Plot Title: 5B2C,1544,6/21/26 13:45,53.1,
Plot Title: 5B2C,1545,6/21/26 14:00,53.274,
Plot Title: 5B2C,1546,6/21/26 14:15,55.537,
Plot Title: 5B2C,1547,6/21/26 14:30,59.68,
Plot Title: 5B2C,1548,6/21/26 14:45,62.769,
Plot Title: 5B2C,1549,6/21/26 15:00,64.139,
Plot Title: 5B2C,1550,6/21/26 15:15,64.481,
Plot Title: 5B2C,1551,6/21/26 15:30,64.825,
Plot Title: 5B2C,1552,6/21/26 15:45,65.167,
Plot Title: 5B2C,1553,6/21/26 16:00,64.652,
Plot Title: 5B2C,1554,6/21/26 16:15,63.626,
Plot Title: 5B2C,1555,6/21/26 16:30,63.455,
Plot Title: 5B2C,1556,6/21/26 16:45,62.769,
Plot Title: 5B2C,1557,6/21/26 17:00,61.912,
Plot Title: 5B2C,1558,6/21/26 17:15,61.398,
Plot Title: 5B2C,1559,6/21/26 17:30,59.851,
Plot Title: 5B2C,1560,6/21/26 17:45,57.958,
Plot Title: 5B2C,1561,6/21/26 18:00,57.096,
Plot Title: 5B2C,1562,6/21/26 18:15,56.75,
Plot Title: 5B2C,1563,6/21/26 18:30,55.884,
Plot Title: 5B2C,1564,6/21/26 18:45,55.017,
Plot Title: 5B2C,1565,6/21/26 19:00,53.798,
Plot Title: 5B2C,1566,6/21/26 19:15,53.449,
Plot Title: 5B2C,1567,6/21/26 19:30,53.274,
Plot Title: 5B2C,1568,6/21/26 19:45,53.274,
Plot Title: 5B2C,1569,6/21/26 20:00,52.925,
Plot Title: 5B2C,1570,6/21/26 20:15,52.401,
Plot Title: 5B2C,1571,6/21/26 20:30,51.699,
Plot Title: 5B2C,1572,6/21/26 20:45,50.643,
Plot Title: 5B2C,1573,6/21/26 21:00,50.113,
Plot Title: 5B2C,1574,6/21/26 21:15,49.759,
Plot Title: 5B2C,1575,6/21/26 21:30,49.404,
Plot Title: 5B2C,1576,6/21/26 21:45,49.228,
Plot Title: 5B2C,1577,6/21/26 22:00,48.871,
Plot Title: 5B2C,1578,6/21/26 22:15,48.16,
Plot Title: 5B2C,1579,6/21/26 22:30,47.624,
Plot Title: 5B2C,1580,6/21/26 22:45,47.088,
Plot Title: 5B2C,1581,6/21/26 23:00,46.728,
Plot Title: 5B2C,1582,6/21/26 23:15,46.188,
Plot Title: 5B2C,1583,6/21/26 23:30,46.008,
Plot Title: 5B2C,1584,6/21/26 23:45,45.466,
Plot Title: 5B2C,1585,6/22/26 00:00,45.104,
Plot Title: 5B2C,1586,6/22/26 00:15,44.742,
Plot Title: 5B2C,1587,6/22/26 00:30,44.56,
Plot Title: 5B2C,1588,6/22/26 00:45,44.195,
Plot Title: 5B2C,1589,6/22/26 01:00,44.013,
Plot Title: 5B2C,1590,6/22/26 01:15,43.648,
Plot Title: 5B2C,1591,6/22/26 01:30,43.466,
Plot Title: 5B2C,1592,6/22/26 01:45,43.282,
Plot Title: 5B2C,1593,6/22/26 02:00,43.099,
Plot Title: 5B2C,1594,6/22/26 02:15,42.915,
Plot Title: 5B2C,1595,6/22/26 02:30,43.099,
Plot Title: 5B2C,1596,6/22/26 02:45,42.732,
Plot Title: 5B2C,1597,6/22/26 03:00,42.548,
Plot Title: 5B2C,1598,6/22/26 03:15,42.548,
Plot Title: 5B2C,1599,6/22/26 03:30,42.548,
Plot Title: 5B2C,1600,6/22/26 03:45,42.363,
Plot Title: 5B2C,1601,6/22/26 04:00,42.179,
Plot Title: 5B2C,1602,6/22/26 04:15,41.994,
Plot Title: 5B2C,1603,6/22/26 04:30,41.81,
Plot Title: 5B2C,1604,6/22/26 04:45,41.625,
Plot Title: 5B2C,1605,6/22/26 05:00,41.625,
Plot Title: 5B2C,1606,6/22/26 05:15,41.439,
Plot Title: 5B2C,1607,6/22/26 05:30,41.625,
Plot Title: 5B2C,1608,6/22/26 05:45,41.625,
Plot Title: 5B2C,1609,6/22/26 06:00,41.625,
Plot Title: 5B2C,1610,6/22/26 06:15,41.625,
Plot Title: 5B2C,1611,6/22/26 06:30,41.81,
Plot Title: 5B2C,1612,6/22/26 06:45,41.81,
Plot Title: 5B2C,1613,6/22/26 07:00,42.363,
Plot Title: 5B2C,1614,6/22/26 07:15,43.648,
Plot Title: 5B2C,1615,6/22/26 07:30,45.286,
Plot Title: 5B2C,1616,6/22/26 07:45,45.648,
Plot Title: 5B2C,1617,6/22/26 08:00,48.871,
Plot Title: 5B2C,1618,6/22/26 08:15,52.05,
Plot Title: 5B2C,1619,6/22/26 08:30,54.495,
Plot Title: 5B2C,1620,6/22/26 08:45,56.75,
Plot Title: 5B2C,1621,6/22/26 09:00,60.024,
Plot Title: 5B2C,1622,6/22/26 09:15,62.425,
Plot Title: 5B2C,1623,6/22/26 09:30,63.455,
Plot Title: 5B2C,1624,6/22/26 09:45,61.054,
Plot Title: 5B2C,1625,6/22/26 10:00,58.131,
Plot Title: 5B2C,1626,6/22/26 10:15,57.268,
Plot Title: 5B2C,1627,6/22/26 10:30,57.785,
Plot Title: 5B2C,1628,6/22/26 10:45,56.75,
Plot Title: 5B2C,1629,6/22/26 11:00,58.131,
Plot Title: 5B2C,1630,6/22/26 11:15,58.476,
Plot Title: 5B2C,1631,6/22/26 11:30,57.268,
Plot Title: 5B2C,1632,6/22/26 11:45,57.268,
Plot Title: 5B2C,1633,6/22/26 12:00,58.131,
Plot Title: 5B2C,1634,6/22/26 12:15,58.476,
Plot Title: 5B2C,1635,6/22/26 12:30,57.785,
Plot Title: 5B2C,1636,6/22/26 12:45,57.614,
Plot Title: 5B2C,1637,6/22/26 13:00,57.614,
Plot Title: 5B2C,1638,6/22/26 13:15,57.958,
Plot Title: 5B2C,1639,6/22/26 13:30,57.785,
Plot Title: 5B2C,1640,6/22/26 13:45,57.096,
Plot Title: 5B2C,1641,6/22/26 14:00,56.923,
Plot Title: 5B2C,1642,6/22/26 14:15,57.096,
Plot Title: 5B2C,1643,6/22/26 14:30,60.712,
Plot Title: 5B2C,1644,6/22/26 14:45,62.254,
Plot Title: 5B2C,1645,6/22/26 15:00,62.598,
Plot Title: 5B2C,1646,6/22/26 15:15,61.741,
Plot Title: 5B2C,1647,6/22/26 15:30,61.054,
Plot Title: 5B2C,1648,6/22/26 15:45,59.68,
Plot Title: 5B2C,1649,6/22/26 16:00,59.164,
Plot Title: 5B2C,1650,6/22/26 16:15,58.993,
Plot Title: 5B2C,1651,6/22/26 16:30,58.82,
Plot Title: 5B2C,1652,6/22/26 16:45,58.131,
Plot Title: 5B2C,1653,6/22/26 17:00,56.923,
Plot Title: 5B2C,1654,6/22/26 17:15,56.75,
Plot Title: 5B2C,1655,6/22/26 17:30,56.577,
Plot Title: 5B2C,1656,6/22/26 17:45,56.404,
Plot Title: 5B2C,1657,6/22/26 18:00,55.537,
Plot Title: 5B2C,1658,6/22/26 18:15,54.495,
Plot Title: 5B2C,1659,6/22/26 18:30,53.973,
Plot Title: 5B2C,1660,6/22/26 18:45,53.274,
Plot Title: 5B2C,1661,6/22/26 19:00,52.576,
Plot Title: 5B2C,1662,6/22/26 19:15,52.225,
Plot Title: 5B2C,1663,6/22/26 19:30,51.699,
Plot Title: 5B2C,1664,6/22/26 19:45,51.346,
Plot Title: 5B2C,1665,6/22/26 20:00,50.819,
Plot Title: 5B2C,1666,6/22/26 20:15,50.29,
Plot Title: 5B2C,1667,6/22/26 20:30,49.759,
Plot Title: 5B2C,1668,6/22/26 20:45,49.228,
Plot Title: 5B2C,1669,6/22/26 21:00,48.695,
Plot Title: 5B2C,1670,6/22/26 21:15,48.339,
Plot Title: 5B2C,1671,6/22/26 21:30,47.624,
Plot Title: 5B2C,1672,6/22/26 21:45,46.908,
Plot Title: 5B2C,1673,6/22/26 22:00,46.369,
Plot Title: 5B2C,1674,6/22/26 22:15,45.828,
Plot Title: 5B2C,1675,6/22/26 22:30,45.286,
Plot Title: 5B2C,1676,6/22/26 22:45,44.922,
Plot Title: 5B2C,1677,6/22/26 23:00,44.56,
Plot Title: 5B2C,1678,6/22/26 23:15,44.195,
Plot Title: 5B2C,1679,6/22/26 23:30,43.831,
Plot Title: 5B2C,1680,6/22/26 23:45,43.466,
Plot Title: 5B2C,1681,6/23/26 00:00,43.282,
Plot Title: 5B2C,1682,6/23/26 00:15,42.915,
Plot Title: 5B2C,1683,6/23/26 00:30,42.732,
Plot Title: 5B2C,1684,6/23/26 00:45,42.363,
Plot Title: 5B2C,1685,6/23/26 01:00,41.994,
Plot Title: 5B2C,1686,6/23/26 01:15,41.81,
Plot Title: 5B2C,1687,6/23/26 01:30,41.439,
Plot Title: 5B2C,1688,6/23/26 01:45,41.254,
Plot Title: 5B2C,1689,6/23/26 02:00,41.067,
Plot Title: 5B2C,1690,6/23/26 02:15,40.881,
Plot Title: 5B2C,1691,6/23/26 02:30,40.696,
Plot Title: 5B2C,1692,6/23/26 02:45,40.509,
Plot Title: 5B2C,1693,6/23/26 03:00,40.321,
Plot Title: 5B2C,1694,6/23/26 03:15,40.134,
Plot Title: 5B2C,1695,6/23/26 03:30,39.947,
Plot Title: 5B2C,1696,6/23/26 03:45,39.76,
Plot Title: 5B2C,1697,6/23/26 04:00,39.76,
Plot Title: 5B2C,1698,6/23/26 04:15,39.573,
Plot Title: 5B2C,1699,6/23/26 04:30,39.384,
Plot Title: 5B2C,1700,6/23/26 04:45,39.196,
Plot Title: 5B2C,1701,6/23/26 05:00,39.007,
Plot Title: 5B2C,1702,6/23/26 05:15,38.818,
Plot Title: 5B2C,1703,6/23/26 05:30,38.629,
Plot Title: 5B2C,1704,6/23/26 05:45,38.629,
Plot Title: 5B2C,1705,6/23/26 06:00,38.44,
Plot Title: 5B2C,1706,6/23/26 06:15,38.44,
Plot Title: 5B2C,1707,6/23/26 06:30,38.629,
Plot Title: 5B2C,1708,6/23/26 06:45,38.818,
Plot Title: 5B2C,1709,6/23/26 07:00,39.196,
Plot Title: 5B2C,1710,6/23/26 07:15,40.881,
Plot Title: 5B2C,1711,6/23/26 07:30,43.099,
Plot Title: 5B2C,1712,6/23/26 07:45,43.466,
Plot Title: 5B2C,1713,6/23/26 08:00,46.908,
Plot Title: 5B2C,1714,6/23/26 08:15,50.819,
Plot Title: 5B2C,1715,6/23/26 08:30,54.322,
Plot Title: 5B2C,1716,6/23/26 08:45,57.096,
Plot Title: 5B2C,1717,6/23/26 09:00,59.851,
Plot Title: 5B2C,1718,6/23/26 09:15,62.083,
Plot Title: 5B2C,1719,6/23/26 09:30,62.425,
Plot Title: 5B2C,1720,6/23/26 09:45,63.455,
Plot Title: 5B2C,1721,6/23/26 10:00,64.996,
Plot Title: 5B2C,1722,6/23/26 10:15,65.167,
Plot Title: 5B2C,1723,6/23/26 10:30,63.111,
Plot Title: 5B2C,1724,6/23/26 10:45,61.741,
Plot Title: 5B2C,1725,6/23/26 11:00,62.254,
Plot Title: 5B2C,1726,6/23/26 11:15,61.741,
Plot Title: 5B2C,1727,6/23/26 11:30,58.993,
Plot Title: 5B2C,1728,6/23/26 11:45,56.923,
Plot Title: 5B2C,1729,6/23/26 12:00,57.096,
Plot Title: 5B2C,1730,6/23/26 12:15,57.441,
Plot Title: 5B2C,1731,6/23/26 12:30,56.404,
Plot Title: 5B2C,1732,6/23/26 12:45,54.842,
Plot Title: 5B2C,1733,6/23/26 13:00,53.973,
Plot Title: 5B2C,1734,6/23/26 13:15,56.23,
Plot Title: 5B2C,1735,6/23/26 13:30,55.364,
Plot Title: 5B2C,1736,6/23/26 13:45,53.798,
Plot Title: 5B2C,1737,6/23/26 14:00,52.925,
Plot Title: 5B2C,1738,6/23/26 14:15,54.842,
Plot Title: 5B2C,1739,6/23/26 14:30,60.195,
Plot Title: 5B2C,1740,6/23/26 14:45,63.626,
Plot Title: 5B2C,1741,6/23/26 15:00,65.851,
Plot Title: 5B2C,1742,6/23/26 15:15,66.537,
Plot Title: 5B2C,1743,6/23/26 15:30,66.708,
Plot Title: 5B2C,1744,6/23/26 15:45,65.68,
Plot Title: 5B2C,1745,6/23/26 16:00,64.825,
Plot Title: 5B2C,1746,6/23/26 16:15,63.968,
Plot Title: 5B2C,1747,6/23/26 16:30,63.626,
Plot Title: 5B2C,1748,6/23/26 16:45,62.769,
Plot Title: 5B2C,1749,6/23/26 17:00,61.741,
Plot Title: 5B2C,1750,6/23/26 17:15,60.883,
Plot Title: 5B2C,1751,6/23/26 17:30,59.164,
Plot Title: 5B2C,1752,6/23/26 17:45,57.441,
Plot Title: 5B2C,1753,6/23/26 18:00,56.23,
Plot Title: 5B2C,1754,6/23/26 18:15,55.364,
Plot Title: 5B2C,1755,6/23/26 18:30,54.495,
Plot Title: 5B2C,1756,6/23/26 18:45,53.623,
Plot Title: 5B2C,1757,6/23/26 19:00,52.925,
Plot Title: 5B2C,1758,6/23/26 19:15,52.225,
Plot Title: 5B2C,1759,6/23/26 19:30,51.699,
Plot Title: 5B2C,1760,6/23/26 19:45,51.172,
Plot Title: 5B2C,1761,6/23/26 20:00,50.819,
Plot Title: 5B2C,1762,6/23/26 20:15,50.29,
Plot Title: 5B2C,1763,6/23/26 20:30,49.937,
Plot Title: 5B2C,1764,6/23/26 20:45,49.404,
Plot Title: 5B2C,1765,6/23/26 21:00,49.05,
Plot Title: 5B2C,1766,6/23/26 21:15,48.695,
Plot Title: 5B2C,1767,6/23/26 21:30,48.16,
Plot Title: 5B2C,1768,6/23/26 21:45,47.982,
Plot Title: 5B2C,1769,6/23/26 22:00,47.624,
Plot Title: 5B2C,1770,6/23/26 22:15,47.446,
Plot Title: 5B2C,1771,6/23/26 22:30,47.088,
Plot Title: 5B2C,1772,6/23/26 22:45,46.728,
Plot Title: 5B2C,1773,6/23/26 23:00,46.369,
Plot Title: 5B2C,1774,6/23/26 23:15,46.188,
Plot Title: 5B2C,1775,6/23/26 23:30,46.188,
Plot Title: 5B2C,1776,6/23/26 23:45,45.828,
Plot Title: 5B2C,1777,6/24/26 00:00,45.648,
Plot Title: 5B2C,1778,6/24/26 00:15,45.466,
Plot Title: 5B2C,1779,6/24/26 00:30,45.286,
Plot Title: 5B2C,1780,6/24/26 00:45,45.104,
Plot Title: 5B2C,1781,6/24/26 01:00,45.104,
Plot Title: 5B2C,1782,6/24/26 01:15,44.922,
Plot Title: 5B2C,1783,6/24/26 01:30,44.742,
Plot Title: 5B2C,1784,6/24/26 01:45,44.742,
Plot Title: 5B2C,1785,6/24/26 02:00,44.742,
Plot Title: 5B2C,1786,6/24/26 02:15,44.742,
Plot Title: 5B2C,1787,6/24/26 02:30,44.742,
Plot Title: 5B2C,1788,6/24/26 02:45,44.379,
Plot Title: 5B2C,1789,6/24/26 03:00,44.195,
Plot Title: 5B2C,1790,6/24/26 03:15,44.013,
Plot Title: 5B2C,1791,6/24/26 03:30,43.831,
Plot Title: 5B2C,1792,6/24/26 03:45,43.466,
Plot Title: 5B2C,1793,6/24/26 04:00,43.282,
Plot Title: 5B2C,1794,6/24/26 04:15,43.099,
Plot Title: 5B2C,1795,6/24/26 04:30,43.099,
Plot Title: 5B2C,1796,6/24/26 04:45,43.099,
Plot Title: 5B2C,1797,6/24/26 05:00,43.099,
Plot Title: 5B2C,1798,6/24/26 05:15,43.099,
Plot Title: 5B2C,1799,6/24/26 05:30,42.915,
Plot Title: 5B2C,1800,6/24/26 05:45,42.548,
Plot Title: 5B2C,1801,6/24/26 06:00,42.363,
Plot Title: 5B2C,1802,6/24/26 06:15,42.179,
Plot Title: 5B2C,1803,6/24/26 06:30,42.179,
Plot Title: 5B2C,1804,6/24/26 06:45,42.363,
Plot Title: 5B2C,1805,6/24/26 07:00,42.732,
Plot Title: 5B2C,1806,6/24/26 07:15,43.831,
Plot Title: 5B2C,1807,6/24/26 07:30,45.648,
Plot Title: 5B2C,1808,6/24/26 07:45,46.008,
Plot Title: 5B2C,1809,6/24/26 08:00,48.339,
Plot Title: 5B2C,1810,6/24/26 08:15,50.995,
Plot Title: 5B2C,1811,6/24/26 08:30,52.576,
Plot Title: 5B2C,1812,6/24/26 08:45,55.711,
Plot Title: 5B2C,1813,6/24/26 09:00,58.476,
Plot Title: 5B2C,1814,6/24/26 09:15,60.712,
Plot Title: 5B2C,1815,6/24/26 09:30,61.227,
Plot Title: 5B2C,1816,6/24/26 09:45,62.425,
Plot Title: 5B2C,1817,6/24/26 10:00,63.968,
Plot Title: 5B2C,1818,6/24/26 10:15,63.968,
Plot Title: 5B2C,1819,6/24/26 10:30,62.254,
Plot Title: 5B2C,1820,6/24/26 10:45,61.227,
Plot Title: 5B2C,1821,6/24/26 11:00,61.741,
Plot Title: 5B2C,1822,6/24/26 11:15,61.569,
Plot Title: 5B2C,1823,6/24/26 11:30,59.68,
Plot Title: 5B2C,1824,6/24/26 11:45,58.131,
Plot Title: 5B2C,1825,6/24/26 12:00,58.82,
Plot Title: 5B2C,1826,6/24/26 12:15,59.337,
Plot Title: 5B2C,1827,6/24/26 12:30,58.476,
Plot Title: 5B2C,1828,6/24/26 12:45,57.096,
Plot Title: 5B2C,1829,6/24/26 13:00,56.23,
Plot Title: 5B2C,1830,6/24/26 13:15,58.476,
Plot Title: 5B2C,1831,6/24/26 13:30,58.131,
Plot Title: 5B2C,1832,6/24/26 13:45,57.268,
Plot Title: 5B2C,1833,6/24/26 14:00,57.268,
Plot Title: 5B2C,1834,6/24/26 14:15,59.164,
Plot Title: 5B2C,1835,6/24/26 14:30,62.083,
Plot Title: 5B2C,1836,6/24/26 14:45,62.083,
Plot Title: 5B2C,1837,6/24/26 15:00,61.054,
Plot Title: 5B2C,1838,6/24/26 15:15,60.368,
Plot Title: 5B2C,1839,6/24/26 15:30,61.227,
Plot Title: 5B2C,1840,6/24/26 15:45,61.741,
Plot Title: 5B2C,1841,6/24/26 16:00,61.741,
Plot Title: 5B2C,1842,6/24/26 16:15,62.083,
Plot Title: 5B2C,1843,6/24/26 16:30,61.227,
Plot Title: 5B2C,1844,6/24/26 16:45,61.054,
Plot Title: 5B2C,1845,6/24/26 17:00,61.054,
Plot Title: 5B2C,1846,6/24/26 17:15,60.368,
Plot Title: 5B2C,1847,6/24/26 17:30,59.851,
Plot Title: 5B2C,1848,6/24/26 17:45,58.647,
Plot Title: 5B2C,1849,6/24/26 18:00,57.614,
Plot Title: 5B2C,1850,6/24/26 18:15,56.577,
Plot Title: 5B2C,1851,6/24/26 18:30,56.23,
Plot Title: 5B2C,1852,6/24/26 18:45,56.23,
Plot Title: 5B2C,1853,6/24/26 19:00,55.711,
Plot Title: 5B2C,1854,6/24/26 19:15,55.017,
Plot Title: 5B2C,1855,6/24/26 19:30,54.495,
Plot Title: 5B2C,1856,6/24/26 19:45,53.798,
Plot Title: 5B2C,1857,6/24/26 20:00,53.449,
Plot Title: 5B2C,1858,6/24/26 20:15,53.449,
Plot Title: 5B2C,1859,6/24/26 20:30,52.925,
Plot Title: 5B2C,1860,6/24/26 20:45,52.576,
Plot Title: 5B2C,1861,6/24/26 21:00,52.05,
Plot Title: 5B2C,1862,6/24/26 21:15,51.346,
Plot Title: 5B2C,1863,6/24/26 21:30,50.995,
Plot Title: 5B2C,1864,6/24/26 21:45,50.819,
Plot Title: 5B2C,1865,6/24/26 22:00,50.466,
Plot Title: 5B2C,1866,6/24/26 22:15,50.113,
Plot Title: 5B2C,1867,6/24/26 22:30,49.759,
Plot Title: 5B2C,1868,6/24/26 22:45,49.582,
Plot Title: 5B2C,1869,6/24/26 23:00,49.582,
Plot Title: 5B2C,1870,6/24/26 23:15,49.228,
Plot Title: 5B2C,1871,6/24/26 23:30,49.05,
Plot Title: 5B2C,1872,6/24/26 23:45,48.871,
Plot Title: 5B2C,1873,6/25/26 00:00,48.517,
Plot Title: 5B2C,1874,6/25/26 00:15,48.16,
Plot Title: 5B2C,1875,6/25/26 00:30,48.16,
Plot Title: 5B2C,1876,6/25/26 00:45,48.16,
Plot Title: 5B2C,1877,6/25/26 01:00,48.16,
Plot Title: 5B2C,1878,6/25/26 01:15,48.16,
Plot Title: 5B2C,1879,6/25/26 01:30,48.16,
Plot Title: 5B2C,1880,6/25/26 01:45,48.16,
Plot Title: 5B2C,1881,6/25/26 02:00,48.16,
Plot Title: 5B2C,1882,6/25/26 02:15,47.624,
Plot Title: 5B2C,1883,6/25/26 02:30,47.266,
Plot Title: 5B2C,1884,6/25/26 02:45,47.266,
Plot Title: 5B2C,1885,6/25/26 03:00,46.908,
Plot Title: 5B2C,1886,6/25/26 03:15,46.369,
Plot Title: 5B2C,1887,6/25/26 03:30,46.008,
Plot Title: 5B2C,1888,6/25/26 03:45,45.648,
Plot Title: 5B2C,1889,6/25/26 04:00,45.466,
Plot Title: 5B2C,1890,6/25/26 04:15,45.286,
Plot Title: 5B2C,1891,6/25/26 04:30,45.286,
Plot Title: 5B2C,1892,6/25/26 04:45,45.286,
Plot Title: 5B2C,1893,6/25/26 05:00,45.466,
Plot Title: 5B2C,1894,6/25/26 05:15,45.286,
Plot Title: 5B2C,1895,6/25/26 05:30,45.104,
Plot Title: 5B2C,1896,6/25/26 05:45,45.104,
Plot Title: 5B2C,1897,6/25/26 06:00,44.742,
Plot Title: 5B2C,1898,6/25/26 06:15,44.56,
Plot Title: 5B2C,1899,6/25/26 06:30,44.379,
Plot Title: 5B2C,1900,6/25/26 06:45,44.922,
Plot Title: 5B2C,1901,6/25/26 07:00,45.648,
Plot Title: 5B2C,1902,6/25/26 07:15,45.648,
Plot Title: 5B2C,1903,6/25/26 07:30,46.008,
Plot Title: 5B2C,1904,6/25/26 07:45,46.369,
Plot Title: 5B2C,1905,6/25/26 08:00,45.466,
Plot Title: 5B2C,1906,6/25/26 08:15,45.286,
Plot Title: 5B2C,1907,6/25/26 08:30,45.648,
Plot Title: 5B2C,1908,6/25/26 08:45,46.728,
Plot Title: 5B2C,1909,6/25/26 09:00,47.266,
Plot Title: 5B2C,1910,6/25/26 09:15,46.908,
Plot Title: 5B2C,1911,6/25/26 09:30,46.908,
Plot Title: 5B2C,1912,6/25/26 09:45,47.624,
Plot Title: 5B2C,1913,6/25/26 10:00,49.05,
Plot Title: 5B2C,1914,6/25/26 10:15,50.819,
Plot Title: 5B2C,1915,6/25/26 10:30,52.576,
Plot Title: 5B2C,1916,6/25/26 10:45,53.449,
Plot Title: 5B2C,1917,6/25/26 11:00,53.973,
Plot Title: 5B2C,1918,6/25/26 11:15,53.623,
Plot Title: 5B2C,1919,6/25/26 11:30,53.274,
Plot Title: 5B2C,1920,6/25/26 11:45,53.1,
Plot Title: 5B2C,1921,6/25/26 12:00,54.842,
Plot Title: 5B2C,1922,6/25/26 12:15,55.017,
Plot Title: 5B2C,1923,6/25/26 12:30,54.495,
Plot Title: 5B2C,1924,6/25/26 12:45,54.495,
Plot Title: 5B2C,1925,6/25/26 13:00,55.884,
Plot Title: 5B2C,1926,6/25/26 13:15,57.096,
Plot Title: 5B2C,1927,6/25/26 13:30,57.441,
Plot Title: 5B2C,1928,6/25/26 13:45,57.441,
Plot Title: 5B2C,1929,6/25/26 14:00,56.923,
Plot Title: 5B2C,1930,6/25/26 14:15,56.577,
Plot Title: 5B2C,1931,6/25/26 14:30,58.131,
Plot Title: 5B2C,1932,6/25/26 14:45,59.851,
Plot Title: 5B2C,1933,6/25/26 15:00,59.851,
Plot Title: 5B2C,1934,6/25/26 15:15,59.851,
Plot Title: 5B2C,1935,6/25/26 15:30,61.398,
Plot Title: 5B2C,1936,6/25/26 15:45,60.712,
Plot Title: 5B2C,1937,6/25/26 16:00,61.398,
Plot Title: 5B2C,1938,6/25/26 16:15,60.368,
Plot Title: 5B2C,1939,6/25/26 16:30,58.131,
Plot Title: 5B2C,1940,6/25/26 16:45,57.958,
Plot Title: 5B2C,1941,6/25/26 17:00,58.647,
Plot Title: 5B2C,1942,6/25/26 17:15,59.337,
Plot Title: 5B2C,1943,6/25/26 17:30,59.164,
Plot Title: 5B2C,1944,6/25/26 17:45,58.303,
Plot Title: 5B2C,1945,6/25/26 18:00,57.096,
Plot Title: 5B2C,1946,6/25/26 18:15,56.75,
Plot Title: 5B2C,1947,6/25/26 18:30,56.057,
Plot Title: 5B2C,1948,6/25/26 18:45,55.537,
Plot Title: 5B2C,1949,6/25/26 19:00,55.017,
Plot Title: 5B2C,1950,6/25/26 19:15,54.322,
Plot Title: 5B2C,1951,6/25/26 19:30,53.623,
Plot Title: 5B2C,1952,6/25/26 19:45,52.75,
Plot Title: 5B2C,1953,6/25/26 20:00,52.05,
Plot Title: 5B2C,1954,6/25/26 20:15,51.346,
Plot Title: 5B2C,1955,6/25/26 20:30,51.172,
Plot Title: 5B2C,1956,6/25/26 20:45,50.995,
Plot Title: 5B2C,1957,6/25/26 21:00,50.29,
Plot Title: 5B2C,1958,6/25/26 21:15,49.759,
Plot Title: 5B2C,1959,6/25/26 21:30,49.228,
Plot Title: 5B2C,1960,6/25/26 21:45,49.228,
Plot Title: 5B2C,1961,6/25/26 22:00,49.228,
Plot Title: 5B2C,1962,6/25/26 22:15,48.871,
Plot Title: 5B2C,1963,6/25/26 22:30,48.695,
Plot Title: 5B2C,1964,6/25/26 22:45,48.339,
Plot Title: 5B2C,1965,6/25/26 23:00,47.802,
Plot Title: 5B2C,1966,6/25/26 23:15,47.802,
Plot Title: 5B2C,1967,6/25/26 23:30,47.446,
Plot Title: 5B2C,1968,6/25/26 23:45,47.088,
Plot Title: 5B2C,1969,6/26/26 00:00,46.908,
Plot Title: 5B2C,1970,6/26/26 00:15,47.088,
Plot Title: 5B2C,1971,6/26/26 00:30,47.266,
Plot Title: 5B2C,1972,6/26/26 00:45,47.088,
Plot Title: 5B2C,1973,6/26/26 01:00,46.728,
Plot Title: 5B2C,1974,6/26/26 01:15,46.188,
Plot Title: 5B2C,1975,6/26/26 01:30,45.828,
Plot Title: 5B2C,1976,6/26/26 01:45,45.648,
Plot Title: 5B2C,1977,6/26/26 02:00,45.648,
Plot Title: 5B2C,1978,6/26/26 02:15,45.648,
Plot Title: 5B2C,1979,6/26/26 02:30,45.648,
Plot Title: 5B2C,1980,6/26/26 02:45,45.648,
Plot Title: 5B2C,1981,6/26/26 03:00,45.648,
Plot Title: 5B2C,1982,6/26/26 03:15,45.648,
Plot Title: 5B2C,1983,6/26/26 03:30,45.648,
Plot Title: 5B2C,1984,6/26/26 03:45,45.648,
Plot Title: 5B2C,1985,6/26/26 04:00,45.648,
Plot Title: 5B2C,1986,6/26/26 04:15,45.648,
Plot Title: 5B2C,1987,6/26/26 04:30,45.466,
Plot Title: 5B2C,1988,6/26/26 04:45,45.104,
Plot Title: 5B2C,1989,6/26/26 05:00,44.922,
Plot Title: 5B2C,1990,6/26/26 05:15,44.742,
Plot Title: 5B2C,1991,6/26/26 05:30,44.742,
Plot Title: 5B2C,1992,6/26/26 05:45,44.742,
Plot Title: 5B2C,1993,6/26/26 06:00,44.742,
Plot Title: 5B2C,1994,6/26/26 06:15,44.922,
Plot Title: 5B2C,1995,6/26/26 06:30,45.104,
Plot Title: 5B2C,1996,6/26/26 06:45,45.466,
Plot Title: 5B2C,1997,6/26/26 07:00,45.648,
Plot Title: 5B2C,1998,6/26/26 07:15,46.188,
Plot Title: 5B2C,1999,6/26/26 07:30,46.548,
Plot Title: 5B2C,2000,6/26/26 07:45,47.088,
Plot Title: 5B2C,2001,6/26/26 08:00,47.624,
Plot Title: 5B2C,2002,6/26/26 08:15,48.517,
Plot Title: 5B2C,2003,6/26/26 08:30,50.113,
Plot Title: 5B2C,2004,6/26/26 08:45,51.874,
Plot Title: 5B2C,2005,6/26/26 09:00,51.523,
Plot Title: 5B2C,2006,6/26/26 09:15,50.995,
Plot Title: 5B2C,2007,6/26/26 09:30,51.699,
Plot Title: 5B2C,2008,6/26/26 09:45,52.925,
Plot Title: 5B2C,2009,6/26/26 10:00,53.449,
Plot Title: 5B2C,2010,6/26/26 10:15,53.1,
Plot Title: 5B2C,2011,6/26/26 10:30,52.401,
Plot Title: 5B2C,2012,6/26/26 10:45,54.147,
Plot Title: 5B2C,2013,6/26/26 11:00,56.23,
Plot Title: 5B2C,2014,6/26/26 11:15,57.958,
Plot Title: 5B2C,2015,6/26/26 11:30,58.476,
Plot Title: 5B2C,2016,6/26/26 11:45,58.82,
Plot Title: 5B2C,2017,6/26/26 12:00,58.647,
Plot Title: 5B2C,2018,6/26/26 12:15,59.508,
Plot Title: 5B2C,2019,6/26/26 12:30,59.508,
Plot Title: 5B2C,2020,6/26/26 12:45,59.68,
Plot Title: 5B2C,2021,6/26/26 13:00,59.851,
Plot Title: 5B2C,2022,6/26/26 13:15,60.368,
Plot Title: 5B2C,2023,6/26/26 13:30,60.539,
Plot Title: 5B2C,2024,6/26/26 13:45,60.024,
Plot Title: 5B2C,2025,6/26/26 14:00,58.647,
Plot Title: 5B2C,2026,6/26/26 14:15,58.131,
Plot Title: 5B2C,2027,6/26/26 14:30,56.577,
Plot Title: 5B2C,2028,6/26/26 14:45,58.82,
Plot Title: 5B2C,2029,6/26/26 15:00,63.111,
Plot Title: 5B2C,2030,6/26/26 15:15,62.083,
Plot Title: 5B2C,2031,6/26/26 15:30,62.425,
Plot Title: 5B2C,2032,6/26/26 15:45,62.425,
Plot Title: 5B2C,2033,6/26/26 16:00,62.425,
Plot Title: 5B2C,2034,6/26/26 16:15,62.254,
Plot Title: 5B2C,2035,6/26/26 16:30,62.083,
Plot Title: 5B2C,2036,6/26/26 16:45,61.054,
Plot Title: 5B2C,2037,6/26/26 17:00,59.68,
Plot Title: 5B2C,2038,6/26/26 17:15,57.958,
Plot Title: 5B2C,2039,6/26/26 17:30,57.268,
Plot Title: 5B2C,2040,6/26/26 17:45,58.131,
Plot Title: 5B2C,2041,6/26/26 18:00,58.131,
Plot Title: 5B2C,2042,6/26/26 18:15,57.441,
Plot Title: 5B2C,2043,6/26/26 18:30,56.404,
Plot Title: 5B2C,2044,6/26/26 18:45,56.057,
Plot Title: 5B2C,2045,6/26/26 19:00,55.189,
Plot Title: 5B2C,2046,6/26/26 19:15,54.842,
Plot Title: 5B2C,2047,6/26/26 19:30,54.322,
Plot Title: 5B2C,2048,6/26/26 19:45,53.973,
Plot Title: 5B2C,2049,6/26/26 20:00,53.449,
Plot Title: 5B2C,2050,6/26/26 20:15,52.75,
Plot Title: 5B2C,2051,6/26/26 20:30,52.05,
Plot Title: 5B2C,2052,6/26/26 20:45,51.346,
Plot Title: 5B2C,2053,6/26/26 21:00,50.643,
Plot Title: 5B2C,2054,6/26/26 21:15,50.466,
Plot Title: 5B2C,2055,6/26/26 21:30,50.113,
Plot Title: 5B2C,2056,6/26/26 21:45,49.582,
Plot Title: 5B2C,2057,6/26/26 22:00,48.871,
Plot Title: 5B2C,2058,6/26/26 22:15,48.339,
Plot Title: 5B2C,2059,6/26/26 22:30,47.982,
Plot Title: 5B2C,2060,6/26/26 22:45,47.624,
Plot Title: 5B2C,2061,6/26/26 23:00,47.266,
Plot Title: 5B2C,2062,6/26/26 23:15,47.088,
Plot Title: 5B2C,2063,6/26/26 23:30,46.908,
Plot Title: 5B2C,2064,6/26/26 23:45,46.728,
Plot Title: 5B2C,2065,6/27/26 00:00,46.548,
Plot Title: 5B2C,2066,6/27/26 00:15,46.728,
Plot Title: 5B2C,2067,6/27/26 00:30,46.728,
Plot Title: 5B2C,2068,6/27/26 00:45,46.728,
Plot Title: 5B2C,2069,6/27/26 01:00,46.728,
Plot Title: 5B2C,2070,6/27/26 01:15,46.548,
Plot Title: 5B2C,2071,6/27/26 01:30,46.548,
Plot Title: 5B2C,2072,6/27/26 01:45,46.548,
Plot Title: 5B2C,2073,6/27/26 02:00,46.548,
Plot Title: 5B2C,2074,6/27/26 02:15,46.369,
Plot Title: 5B2C,2075,6/27/26 02:30,46.369,
Plot Title: 5B2C,2076,6/27/26 02:45,46.369,
Plot Title: 5B2C,2077,6/27/26 03:00,46.188,
Plot Title: 5B2C,2078,6/27/26 03:15,46.008,
Plot Title: 5B2C,2079,6/27/26 03:30,45.828,
Plot Title: 5B2C,2080,6/27/26 03:45,45.648,
Plot Title: 5B2C,2081,6/27/26 04:00,45.104,
Plot Title: 5B2C,2082,6/27/26 04:15,44.56,
Plot Title: 5B2C,2083,6/27/26 04:30,44.379,
Plot Title: 5B2C,2084,6/27/26 04:45,44.56,
Plot Title: 5B2C,2085,6/27/26 05:00,44.56,
Plot Title: 5B2C,2086,6/27/26 05:15,44.742,
Plot Title: 5B2C,2087,6/27/26 05:30,44.742,
Plot Title: 5B2C,2088,6/27/26 05:45,44.56,
Plot Title: 5B2C,2089,6/27/26 06:00,44.379,
Plot Title: 5B2C,2090,6/27/26 06:15,44.379,
Plot Title: 5B2C,2091,6/27/26 06:30,44.56,
Plot Title: 5B2C,2092,6/27/26 06:45,44.56,
Plot Title: 5B2C,2093,6/27/26 07:00,44.56,
Plot Title: 5B2C,2094,6/27/26 07:15,44.56,
Plot Title: 5B2C,2095,6/27/26 07:30,44.922,
Plot Title: 5B2C,2096,6/27/26 07:45,45.104,
Plot Title: 5B2C,2097,6/27/26 08:00,45.286,
Plot Title: 5B2C,2098,6/27/26 08:15,45.286,
Plot Title: 5B2C,2099,6/27/26 08:30,45.286,
Plot Title: 5B2C,2100,6/27/26 08:45,45.466,
Plot Title: 5B2C,2101,6/27/26 09:00,45.648,
Plot Title: 5B2C,2102,6/27/26 09:15,46.369,
Plot Title: 5B2C,2103,6/27/26 09:30,48.339,
Plot Title: 5B2C,2104,6/27/26 09:45,52.225,
Plot Title: 5B2C,2105,6/27/26 10:00,53.623,
Plot Title: 5B2C,2106,6/27/26 10:15,53.798,
Plot Title: 5B2C,2107,6/27/26 10:30,53.274,
Plot Title: 5B2C,2108,6/27/26 10:45,53.798,
Plot Title: 5B2C,2109,6/27/26 11:00,52.225,
Plot Title: 5B2C,2110,6/27/26 11:15,51.523,
Plot Title: 5B2C,2111,6/27/26 11:30,51.699,
Plot Title: 5B2C,2112,6/27/26 11:45,52.576,
Plot Title: 5B2C,2113,6/27/26 12:00,52.925,
Plot Title: 5B2C,2114,6/27/26 12:15,53.623,
Plot Title: 5B2C,2115,6/27/26 12:30,53.1,
Plot Title: 5B2C,2116,6/27/26 12:45,51.874,
Plot Title: 5B2C,2117,6/27/26 13:00,51.699,
Plot Title: 5B2C,2118,6/27/26 13:15,50.466,
Plot Title: 5B2C,2119,6/27/26 13:30,51.699,
Plot Title: 5B2C,2120,6/27/26 13:45,52.05,
Plot Title: 5B2C,2121,6/27/26 14:00,49.228,
Plot Title: 5B2C,2122,6/27/26 14:15,49.404,
Plot Title: 5B2C,2123,6/27/26 14:30,49.759,
Plot Title: 5B2C,2124,6/27/26 14:45,50.643,
Plot Title: 5B2C,2125,6/27/26 15:00,50.819,
Plot Title: 5B2C,2126,6/27/26 15:15,50.995,
Plot Title: 5B2C,2127,6/27/26 15:30,50.819,
Plot Title: 5B2C,2128,6/27/26 15:45,50.995,
Plot Title: 5B2C,2129,6/27/26 16:00,50.643,
Plot Title: 5B2C,2130,6/27/26 16:15,49.937,
Plot Title: 5B2C,2131,6/27/26 16:30,49.582,
Plot Title: 5B2C,2132,6/27/26 16:45,49.759,
Plot Title: 5B2C,2133,6/27/26 17:00,49.404,
Plot Title: 5B2C,2134,6/27/26 17:15,48.871,
Plot Title: 5B2C,2135,6/27/26 17:30,48.517,
Plot Title: 5B2C,2136,6/27/26 17:45,48.16,
Plot Title: 5B2C,2137,6/27/26 18:00,48.339,
Plot Title: 5B2C,2138,6/27/26 18:15,47.982,
Plot Title: 5B2C,2139,6/27/26 18:30,48.339,
Plot Title: 5B2C,2140,6/27/26 18:45,48.16,
Plot Title: 5B2C,2141,6/27/26 19:00,47.982,
Plot Title: 5B2C,2142,6/27/26 19:15,47.446,
Plot Title: 5B2C,2143,6/27/26 19:30,46.908,
Plot Title: 5B2C,2144,6/27/26 19:45,46.728,
Plot Title: 5B2C,2145,6/27/26 20:00,46.369,
Plot Title: 5B2C,2146,6/27/26 20:15,46.008,
Plot Title: 5B2C,2147,6/27/26 20:30,45.466,
Plot Title: 5B2C,2148,6/27/26 20:45,45.286,
Plot Title: 5B2C,2149,6/27/26 21:00,44.922,
Plot Title: 5B2C,2150,6/27/26 21:15,44.379,
Plot Title: 5B2C,2151,6/27/26 21:30,43.831,
Plot Title: 5B2C,2152,6/27/26 21:45,43.466,
Plot Title: 5B2C,2153,6/27/26 22:00,43.466,
Plot Title: 5B2C,2154,6/27/26 22:15,43.282,
Plot Title: 5B2C,2155,6/27/26 22:30,43.099,
Plot Title: 5B2C,2156,6/27/26 22:45,42.732,
Plot Title: 5B2C,2157,6/27/26 23:00,41.81,
Plot Title: 5B2C,2158,6/27/26 23:15,41.625,
Plot Title: 5B2C,2159,6/27/26 23:30,41.625,
Plot Title: 5B2C,2160,6/27/26 23:45,41.81,
Plot Title: 5B2C,2161,6/28/26 00:00,41.625,
Plot Title: 5B2C,2162,6/28/26 00:15,41.625,
Plot Title: 5B2C,2163,6/28/26 00:30,41.439,
Plot Title: 5B2C,2164,6/28/26 00:45,41.439,
Plot Title: 5B2C,2165,6/28/26 01:00,41.439,
Plot Title: 5B2C,2166,6/28/26 01:15,41.254,
Plot Title: 5B2C,2167,6/28/26 01:30,41.254,
Plot Title: 5B2C,2168,6/28/26 01:45,41.067,
Plot Title: 5B2C,2169,6/28/26 02:00,40.881,
Plot Title: 5B2C,2170,6/28/26 02:15,40.881,
Plot Title: 5B2C,2171,6/28/26 02:30,40.696,
Plot Title: 5B2C,2172,6/28/26 02:45,40.509,
Plot Title: 5B2C,2173,6/28/26 03:00,40.321,
Plot Title: 5B2C,2174,6/28/26 03:15,40.134,
Plot Title: 5B2C,2175,6/28/26 03:30,39.947,
Plot Title: 5B2C,2176,6/28/26 03:45,39.947,
Plot Title: 5B2C,2177,6/28/26 04:00,39.947,
Plot Title: 5B2C,2178,6/28/26 04:15,39.947,
Plot Title: 5B2C,2179,6/28/26 04:30,39.947,
Plot Title: 5B2C,2180,6/28/26 04:45,39.947,
Plot Title: 5B2C,2181,6/28/26 05:00,39.947,
Plot Title: 5B2C,2182,6/28/26 05:15,39.947,
Plot Title: 5B2C,2183,6/28/26 05:30,39.573,
Plot Title: 5B2C,2184,6/28/26 05:45,39.196,
Plot Title: 5B2C,2185,6/28/26 06:00,39.384,
Plot Title: 5B2C,2186,6/28/26 06:15,39.384,
Plot Title: 5B2C,2187,6/28/26 06:30,39.384,
Plot Title: 5B2C,2188,6/28/26 06:45,39.573,
Plot Title: 5B2C,2189,6/28/26 07:00,39.76,
Plot Title: 5B2C,2190,6/28/26 07:15,39.947,
Plot Title: 5B2C,2191,6/28/26 07:30,40.134,
Plot Title: 5B2C,2192,6/28/26 07:45,40.134,
Plot Title: 5B2C,2193,6/28/26 08:00,40.134,
Plot Title: 5B2C,2194,6/28/26 08:15,40.134,
Plot Title: 5B2C,2195,6/28/26 08:30,39.76,
Plot Title: 5B2C,2196,6/28/26 08:45,39.196,
Plot Title: 5B2C,2197,6/28/26 09:00,39.196,
Plot Title: 5B2C,2198,6/28/26 09:15,40.134,
Plot Title: 5B2C,2199,6/28/26 09:30,40.321,
Plot Title: 5B2C,2200,6/28/26 09:45,40.509,
Plot Title: 5B2C,2201,6/28/26 10:00,40.321,
Plot Title: 5B2C,2202,6/28/26 10:15,39.947,
Plot Title: 5B2C,2203,6/28/26 10:30,39.196,
Plot Title: 5B2C,2204,6/28/26 10:45,38.629,
Plot Title: 5B2C,2205,6/28/26 11:00,38.44,
Plot Title: 5B2C,2206,6/28/26 11:15,38.25,
Plot Title: 5B2C,2207,6/28/26 11:30,38.44,
Plot Title: 5B2C,2208,6/28/26 11:45,38.44,
Plot Title: 5B2C,2209,6/28/26 12:00,38.818,
Plot Title: 5B2C,2210,6/28/26 12:15,39.384,
Plot Title: 5B2C,2211,6/28/26 12:30,40.134,
Plot Title: 5B2C,2212,6/28/26 12:45,40.881,
Plot Title: 5B2C,2213,6/28/26 13:00,41.625,
Plot Title: 5B2C,2214,6/28/26 13:15,41.81,
Plot Title: 5B2C,2215,6/28/26 13:30,41.81,
Plot Title: 5B2C,2216,6/28/26 13:45,41.994,
Plot Title: 5B2C,2217,6/28/26 14:00,42.363,
Plot Title: 5B2C,2218,6/28/26 14:15,42.915,
Plot Title: 5B2C,2219,6/28/26 14:30,43.831,
Plot Title: 5B2C,2220,6/28/26 14:45,43.648,
Plot Title: 5B2C,2221,6/28/26 15:00,43.831,
Plot Title: 5B2C,2222,6/28/26 15:15,44.379,
Plot Title: 5B2C,2223,6/28/26 15:30,44.922,
Plot Title: 5B2C,2224,6/28/26 15:45,44.922,
Plot Title: 5B2C,2225,6/28/26 16:00,45.104,
Plot Title: 5B2C,2226,6/28/26 16:15,45.286,
Plot Title: 5B2C,2227,6/28/26 16:30,45.466,
Plot Title: 5B2C,2228,6/28/26 16:45,45.648,
Plot Title: 5B2C,2229,6/28/26 17:00,45.466,
Plot Title: 5B2C,2230,6/28/26 17:15,45.828,
Plot Title: 5B2C,2231,6/28/26 17:30,45.648,
Plot Title: 5B2C,2232,6/28/26 17:45,45.828,
Plot Title: 5B2C,2233,6/28/26 18:00,45.828,
Plot Title: 5B2C,2234,6/28/26 18:15,45.466,
Plot Title: 5B2C,2235,6/28/26 18:30,45.104,
Plot Title: 5B2C,2236,6/28/26 18:45,44.56,
Plot Title: 5B2C,2237,6/28/26 19:00,44.013,
Plot Title: 5B2C,2238,6/28/26 19:15,43.831,
Plot Title: 5B2C,2239,6/28/26 19:30,43.648,
Plot Title: 5B2C,2240,6/28/26 19:45,43.282,
Plot Title: 5B2C,2241,6/28/26 20:00,43.099,
Plot Title: 5B2C,2242,6/28/26 20:15,42.548,
Plot Title: 5B2C,2243,6/28/26 20:30,42.179,
Plot Title: 5B2C,2244,6/28/26 20:45,41.254,
Plot Title: 5B2C,2245,6/28/26 21:00,40.509,
Plot Title: 5B2C,2246,6/28/26 21:15,40.134,
Plot Title: 5B2C,2247,6/28/26 21:30,39.947,
Plot Title: 5B2C,2248,6/28/26 21:45,39.76,
Plot Title: 5B2C,2249,6/28/26 22:00,39.573,
Plot Title: 5B2C,2250,6/28/26 22:15,39.384,
Plot Title: 5B2C,2251,6/28/26 22:30,39.196,
Plot Title: 5B2C,2252,6/28/26 22:45,39.007,
Plot Title: 5B2C,2253,6/28/26 23:00,38.818,
Plot Title: 5B2C,2254,6/28/26 23:15,38.818,
Plot Title: 5B2C,2255,6/28/26 23:30,38.818,
Plot Title: 5B2C,2256,6/28/26 23:45,38.629,
Plot Title: 5B2C,2257,6/29/26 00:00,38.629,
Plot Title: 5B2C,2258,6/29/26 00:15,38.629,
Plot Title: 5B2C,2259,6/29/26 00:30,38.44,
Plot Title: 5B2C,2260,6/29/26 00:45,38.061,
Plot Title: 5B2C,2261,6/29/26 01:00,37.87,
Plot Title: 5B2C,2262,6/29/26 01:15,37.87,
Plot Title: 5B2C,2263,6/29/26 01:30,37.87,
Plot Title: 5B2C,2264,6/29/26 01:45,37.87,
Plot Title: 5B2C,2265,6/29/26 02:00,37.87,
Plot Title: 5B2C,2266,6/29/26 02:15,37.87,
Plot Title: 5B2C,2267,6/29/26 02:30,37.87,
Plot Title: 5B2C,2268,6/29/26 02:45,37.679,
Plot Title: 5B2C,2269,6/29/26 03:00,37.679,
Plot Title: 5B2C,2270,6/29/26 03:15,37.488,
Plot Title: 5B2C,2271,6/29/26 03:30,37.107,
Plot Title: 5B2C,2272,6/29/26 03:45,36.723,
Plot Title: 5B2C,2273,6/29/26 04:00,36.723,
Plot Title: 5B2C,2274,6/29/26 04:15,36.531,
Plot Title: 5B2C,2275,6/29/26 04:30,36.531,
Plot Title: 5B2C,2276,6/29/26 04:45,36.338,
Plot Title: 5B2C,2277,6/29/26 05:00,36.338,
Plot Title: 5B2C,2278,6/29/26 05:15,36.338,
Plot Title: 5B2C,2279,6/29/26 05:30,36.338,
Plot Title: 5B2C,2280,6/29/26 05:45,36.338,
Plot Title: 5B2C,2281,6/29/26 06:00,36.338,
Plot Title: 5B2C,2282,6/29/26 06:15,36.338,
Plot Title: 5B2C,2283,6/29/26 06:30,36.338,
Plot Title: 5B2C,2284,6/29/26 06:45,36.338,
Plot Title: 5B2C,2285,6/29/26 07:00,36.338,
Plot Title: 5B2C,2286,6/29/26 07:15,36.338,
Plot Title: 5B2C,2287,6/29/26 07:30,36.338,
Plot Title: 5B2C,2288,6/29/26 07:45,36.338,
Plot Title: 5B2C,2289,6/29/26 08:00,36.338,
Plot Title: 5B2C,2290,6/29/26 08:15,36.338,
Plot Title: 5B2C,2291,6/29/26 08:30,36.145,
Plot Title: 5B2C,2292,6/29/26 08:45,36.145,
Plot Title: 5B2C,2293,6/29/26 09:00,36.145,
Plot Title: 5B2C,2294,6/29/26 09:15,36.145,
Plot Title: 5B2C,2295,6/29/26 09:30,36.145,
Plot Title: 5B2C,2296,6/29/26 09:45,36.145,
Plot Title: 5B2C,2297,6/29/26 10:00,36.145,
Plot Title: 5B2C,2298,6/29/26 10:15,36.145,
Plot Title: 5B2C,2299,6/29/26 10:30,36.145,
Plot Title: 5B2C,2300,6/29/26 10:45,36.145,
Plot Title: 5B2C,2301,6/29/26 11:00,36.145,
Plot Title: 5B2C,2302,6/29/26 11:15,36.145,
Plot Title: 5B2C,2303,6/29/26 11:30,35.951,
Plot Title: 5B2C,2304,6/29/26 11:45,35.951,
Plot Title: 5B2C,2305,6/29/26 12:00,35.951,
Plot Title: 5B2C,2306,6/29/26 12:15,35.951,
Plot Title: 5B2C,2307,6/29/26 12:30,35.951,
Plot Title: 5B2C,2308,6/29/26 12:45,35.951,
Plot Title: 5B2C,2309,6/29/26 13:00,35.951,
Plot Title: 5B2C,2310,6/29/26 13:15,35.951,
Plot Title: 5B2C,2311,6/29/26 13:30,35.951,
Plot Title: 5B2C,2312,6/29/26 13:45,35.951,
Plot Title: 5B2C,2313,6/29/26 14:00,35.951,
Plot Title: 5B2C,2314,6/29/26 14:15,35.951,
Plot Title: 5B2C,2315,6/29/26 14:30,35.951,
Plot Title: 5B2C,2316,6/29/26 14:45,35.951,
Plot Title: 5B2C,2317,6/29/26 15:00,35.951,
Plot Title: 5B2C,2318,6/29/26 15:15,35.758,
Plot Title: 5B2C,2319,6/29/26 15:30,35.758,
Plot Title: 5B2C,2320,6/29/26 15:45,35.758,
Plot Title: 5B2C,2321,6/29/26 16:00,35.564,
Plot Title: 5B2C,2322,6/29/26 16:15,35.564,
Plot Title: 5B2C,2323,6/29/26 16:30,35.564,
Plot Title: 5B2C,2324,6/29/26 16:45,35.564,
Plot Title: 5B2C,2325,6/29/26 17:00,35.564,
Plot Title: 5B2C,2326,6/29/26 17:15,35.564,
Plot Title: 5B2C,2327,6/29/26 17:30,35.564,
Plot Title: 5B2C,2328,6/29/26 17:45,35.564,
Plot Title: 5B2C,2329,6/29/26 18:00,35.564,
Plot Title: 5B2C,2330,6/29/26 18:15,35.564,
Plot Title: 5B2C,2331,6/29/26 18:30,35.37,
Plot Title: 5B2C,2332,6/29/26 18:45,35.37,
Plot Title: 5B2C,2333,6/29/26 19:00,35.37,
Plot Title: 5B2C,2334,6/29/26 19:15,35.37,
Plot Title: 5B2C,2335,6/29/26 19:30,35.37,
Plot Title: 5B2C,2336,6/29/26 19:45,35.37,
Plot Title: 5B2C,2337,6/29/26 20:00,35.37,
Plot Title: 5B2C,2338,6/29/26 20:15,35.37,
Plot Title: 5B2C,2339,6/29/26 20:30,35.37,
Plot Title: 5B2C,2340,6/29/26 20:45,35.37,
Plot Title: 5B2C,2341,6/29/26 21:00,35.37,
Plot Title: 5B2C,2342,6/29/26 21:15,35.37,
Plot Title: 5B2C,2343,6/29/26 21:30,35.175,
Plot Title: 5B2C,2344,6/29/26 21:45,35.175,
Plot Title: 5B2C,2345,6/29/26 22:00,35.175,
Plot Title: 5B2C,2346,6/29/26 22:15,35.175,
Plot Title: 5B2C,2347,6/29/26 22:30,35.175,
Plot Title: 5B2C,2348,6/29/26 22:45,35.175,
Plot Title: 5B2C,2349,6/29/26 23:00,35.175,
Plot Title: 5B2C,2350,6/29/26 23:15,35.175,
Plot Title: 5B2C,2351,6/29/26 23:30,35.175,
Plot Title: 5B2C,2352,6/29/26 23:45,35.175,
Plot Title: 5B2C,2353,6/30/26 00:00,35.175,
Plot Title: 5B2C,2354,6/30/26 00:15,35.175,
Plot Title: 5B2C,2355,6/30/26 00:30,35.175,
Plot Title: 5B2C,2356,6/30/26 00:45,35.175,
Plot Title: 5B2C,2357,6/30/26 01:00,35.175,
Plot Title: 5B2C,2358,6/30/26 01:15,35.175,
Plot Title: 5B2C,2359,6/30/26 01:30,35.175,
Plot Title: 5B2C,2360,6/30/26 01:45,35.175,
Plot Title: 5B2C,2361,6/30/26 02:00,35.175,
Plot Title: 5B2C,2362,6/30/26 02:15,35.175,
Plot Title: 5B2C,2363,6/30/26 02:30,35.175,
Plot Title: 5B2C,2364,6/30/26 02:45,35.175,
Plot Title: 5B2C,2365,6/30/26 03:00,35.175,
Plot Title: 5B2C,2366,6/30/26 03:15,35.175,
Plot Title: 5B2C,2367,6/30/26 03:30,35.175,
Plot Title: 5B2C,2368,6/30/26 03:45,35.175,
Plot Title: 5B2C,2369,6/30/26 04:00,35.175,
Plot Title: 5B2C,2370,6/30/26 04:15,35.175,
Plot Title: 5B2C,2371,6/30/26 04:30,35.175,
Plot Title: 5B2C,2372,6/30/26 04:45,34.981,
Plot Title: 5B2C,2373,6/30/26 05:00,34.981,
Plot Title: 5B2C,2374,6/30/26 05:15,34.981,
Plot Title: 5B2C,2375,6/30/26 05:30,34.981,
Plot Title: 5B2C,2376,6/30/26 05:45,34.981,
Plot Title: 5B2C,2377,6/30/26 06:00,34.981,
Plot Title: 5B2C,2378,6/30/26 06:15,34.981,
Plot Title: 5B2C,2379,6/30/26 06:30,34.981,
Plot Title: 5B2C,2380,6/30/26 06:45,34.981,
Plot Title: 5B2C,2381,6/30/26 07:00,34.981,
Plot Title: 5B2C,2382,6/30/26 07:15,34.981,
Plot Title: 5B2C,2383,6/30/26 07:30,34.981,
Plot Title: 5B2C,2384,6/30/26 07:45,34.981,
Plot Title: 5B2C,2385,6/30/26 08:00,34.981,
Plot Title: 5B2C,2386,6/30/26 08:15,35.175,
Plot Title: 5B2C,2387,6/30/26 08:30,35.175,
Plot Title: 5B2C,2388,6/30/26 08:45,35.37,
Plot Title: 5B2C,2389,6/30/26 09:00,35.564,
Plot Title: 5B2C,2390,6/30/26 09:15,35.564,
Plot Title: 5B2C,2391,6/30/26 09:30,35.758,
Plot Title: 5B2C,2392,6/30/26 09:45,35.758,
Plot Title: 5B2C,2393,6/30/26 10:00,35.951,
Plot Title: 5B2C,2394,6/30/26 10:15,36.145,
Plot Title: 5B2C,2395,6/30/26 10:30,36.531,
Plot Title: 5B2C,2396,6/30/26 10:45,36.914,
Plot Title: 5B2C,2397,6/30/26 11:00,37.297,
Plot Title: 5B2C,2398,6/30/26 11:15,37.488,
Plot Title: 5B2C,2399,6/30/26 11:30,37.679,
Plot Title: 5B2C,2400,6/30/26 11:45,38.25,
Plot Title: 5B2C,2401,6/30/26 12:00,38.629,
Plot Title: 5B2C,2402,6/30/26 12:15,40.134,
Plot Title: 5B2C,2403,6/30/26 12:30,42.179,
Plot Title: 5B2C,2404,6/30/26 12:45,43.282,
Plot Title: 5B2C,2405,6/30/26 13:00,45.286,
Plot Title: 5B2C,2406,6/30/26 13:15,45.828,
Plot Title: 5B2C,2407,6/30/26 13:30,47.088,
Plot Title: 5B2C,2408,6/30/26 13:45,48.339,
Plot Title: 5B2C,2409,6/30/26 14:00,48.871,
Plot Title: 5B2C,2410,6/30/26 14:15,49.05,
Plot Title: 5B2C,2411,6/30/26 14:30,49.404,
Plot Title: 5B2C,2412,6/30/26 14:45,48.871,
Plot Title: 5B2C,2413,6/30/26 15:00,49.228,
Plot Title: 5B2C,2414,6/30/26 15:15,49.582,
Plot Title: 5B2C,2415,6/30/26 15:30,49.937,
Plot Title: 5B2C,2416,6/30/26 15:45,50.819,
Plot Title: 5B2C,2417,6/30/26 16:00,51.874,
Plot Title: 5B2C,2418,6/30/26 16:15,52.401,
Plot Title: 5B2C,2419,6/30/26 16:30,52.401,
Plot Title: 5B2C,2420,6/30/26 16:45,52.05,
Plot Title: 5B2C,2421,6/30/26 17:00,51.523,
Plot Title: 5B2C,2422,6/30/26 17:15,51.172,
Plot Title: 5B2C,2423,6/30/26 17:30,51.523,
Plot Title: 5B2C,2424,6/30/26 17:45,51.523,
Plot Title: 5B2C,2425,6/30/26 18:00,51.346,
Plot Title: 5B2C,2426,6/30/26 18:15,50.819,
Plot Title: 5B2C,2427,6/30/26 18:30,50.113,
Plot Title: 5B2C,2428,6/30/26 18:45,49.937,
Plot Title: 5B2C,2429,6/30/26 19:00,49.228,
Plot Title: 5B2C,2430,6/30/26 19:15,48.695,
Plot Title: 5B2C,2431,6/30/26 19:30,48.339,
Plot Title: 5B2C,2432,6/30/26 19:45,47.982,
Plot Title: 5B2C,2433,6/30/26 20:00,47.446,
Plot Title: 5B2C,2434,6/30/26 20:15,46.548,
Plot Title: 5B2C,2435,6/30/26 20:30,45.648,
Plot Title: 5B2C,2436,6/30/26 20:45,44.742,
Plot Title: 5B2C,2437,6/30/26 21:00,44.013,
Plot Title: 5B2C,2438,6/30/26 21:15,43.282,
Plot Title: 5B2C,2439,6/30/26 21:30,42.548,
Plot Title: 5B2C,2440,6/30/26 21:45,41.994,
Plot Title: 5B2C,2441,6/30/26 22:00,41.439,
Plot Title: 5B2C,2442,6/30/26 22:15,40.881,
Plot Title: 5B2C,2443,6/30/26 22:30,40.509,
Plot Title: 5B2C,2444,6/30/26 22:45,40.134,
Plot Title: 5B2C,2445,6/30/26 23:00,39.76,
Plot Title: 5B2C,2446,6/30/26 23:15,39.573,
Plot Title: 5B2C,2447,6/30/26 23:30,39.196,
Plot Title: 5B2C,2448,6/30/26 23:45,39.007,
Plot Title: 5B2C,2449,7/1/26 00:00,38.629,
Plot Title: 5B2C,2450,7/1/26 00:15,38.44,
Plot Title: 5B2C,2451,7/1/26 00:30,38.25,
Plot Title: 5B2C,2452,7/1/26 00:45,38.061,
Plot Title: 5B2C,2453,7/1/26 01:00,37.87,
Plot Title: 5B2C,2454,7/1/26 01:15,37.679,
Plot Title: 5B2C,2455,7/1/26 01:30,37.679,
Plot Title: 5B2C,2456,7/1/26 01:45,37.488,
Plot Title: 5B2C,2457,7/1/26 02:00,37.488,
Plot Title: 5B2C,2458,7/1/26 02:15,37.297,
Plot Title: 5B2C,2459,7/1/26 02:30,37.107,
Plot Title: 5B2C,2460,7/1/26 02:45,36.914,
Plot Title: 5B2C,2461,7/1/26 03:00,36.723,
Plot Title: 5B2C,2462,7/1/26 03:15,36.723,
Plot Title: 5B2C,2463,7/1/26 03:30,36.531,
Plot Title: 5B2C,2464,7/1/26 03:45,36.338,
Plot Title: 5B2C,2465,7/1/26 04:00,36.145,
Plot Title: 5B2C,2466,7/1/26 04:15,36.145,
Plot Title: 5B2C,2467,7/1/26 04:30,35.951,
Plot Title: 5B2C,2468,7/1/26 04:45,35.951,
Plot Title: 5B2C,2469,7/1/26 05:00,35.758,
Plot Title: 5B2C,2470,7/1/26 05:15,35.758,
Plot Title: 5B2C,2471,7/1/26 05:30,35.564,
Plot Title: 5B2C,2472,7/1/26 05:45,35.564,
Plot Title: 5B2C,2473,7/1/26 06:00,35.564,
Plot Title: 5B2C,2474,7/1/26 06:15,35.758,
Plot Title: 5B2C,2475,7/1/26 06:30,35.758,
Plot Title: 5B2C,2476,7/1/26 06:45,36.145,
Plot Title: 5B2C,2477,7/1/26 07:00,36.914,
Plot Title: 5B2C,2478,7/1/26 07:15,38.25,
Plot Title: 5B2C,2479,7/1/26 07:30,40.509,
Plot Title: 5B2C,2480,7/1/26 07:45,41.81,
Plot Title: 5B2C,2481,7/1/26 08:00,44.56,
Plot Title: 5B2C,2482,7/1/26 08:15,48.695,
Plot Title: 5B2C,2483,7/1/26 08:30,52.05,
Plot Title: 5B2C,2484,7/1/26 08:45,54.322,
Plot Title: 5B2C,2485,7/1/26 09:00,57.268,
Plot Title: 5B2C,2486,7/1/26 09:15,59.508,
Plot Title: 5B2C,2487,7/1/26 09:30,62.083,
Plot Title: 5B2C,2488,7/1/26 09:45,64.139,
Plot Title: 5B2C,2489,7/1/26 10:00,64.31,
Plot Title: 5B2C,2490,7/1/26 10:15,60.712,
Plot Title: 5B2C,2491,7/1/26 10:30,59.164,
Plot Title: 5B2C,2492,7/1/26 10:45,58.131,
Plot Title: 5B2C,2493,7/1/26 11:00,58.476,
Plot Title: 5B2C,2494,7/1/26 11:15,58.476,
Plot Title: 5B2C,2495,7/1/26 11:30,57.441,
Plot Title: 5B2C,2496,7/1/26 11:45,57.096,
Plot Title: 5B2C,2497,7/1/26 12:00,57.958,
Plot Title: 5B2C,2498,7/1/26 12:15,59.68,
Plot Title: 5B2C,2499,7/1/26 12:30,59.508,
Plot Title: 5B2C,2500,7/1/26 12:45,58.647,
Plot Title: 5B2C,2501,7/1/26 13:00,54.669,
Plot Title: 5B2C,2502,7/1/26 13:15,52.925,
Plot Title: 5B2C,2503,7/1/26 13:30,53.1,
Plot Title: 5B2C,2504,7/1/26 13:45,53.1,
Plot Title: 5B2C,2505,7/1/26 14:00,52.75,
Plot Title: 5B2C,2506,7/1/26 14:15,55.364,
Plot Title: 5B2C,2507,7/1/26 14:30,59.508,
Plot Title: 5B2C,2508,7/1/26 14:45,62.598,
Plot Title: 5B2C,2509,7/1/26 15:00,61.054,
Plot Title: 5B2C,2510,7/1/26 15:15,57.441,
Plot Title: 5B2C,2511,7/1/26 15:30,55.364,
Plot Title: 5B2C,2512,7/1/26 15:45,54.669,
Plot Title: 5B2C,2513,7/1/26 16:00,57.441,
Plot Title: 5B2C,2514,7/1/26 16:15,58.82,
Plot Title: 5B2C,2515,7/1/26 16:30,58.647,
Plot Title: 5B2C,2516,7/1/26 16:45,57.958,
Plot Title: 5B2C,2517,7/1/26 17:00,56.577,
Plot Title: 5B2C,2518,7/1/26 17:15,56.057,
Plot Title: 5B2C,2519,7/1/26 17:30,55.711,
Plot Title: 5B2C,2520,7/1/26 17:45,54.842,
Plot Title: 5B2C,2521,7/1/26 18:00,53.449,
Plot Title: 5B2C,2522,7/1/26 18:15,51.874,
Plot Title: 5B2C,2523,7/1/26 18:30,50.643,
Plot Title: 5B2C,2524,7/1/26 18:45,49.759,
Plot Title: 5B2C,2525,7/1/26 19:00,49.228,
Plot Title: 5B2C,2526,7/1/26 19:15,49.404,
Plot Title: 5B2C,2527,7/1/26 19:30,49.228,
Plot Title: 5B2C,2528,7/1/26 19:45,48.695,
Plot Title: 5B2C,2529,7/1/26 20:00,48.16,
Plot Title: 5B2C,2530,7/1/26 20:15,47.982,
Plot Title: 5B2C,2531,7/1/26 20:30,47.802,
Plot Title: 5B2C,2532,7/1/26 20:45,47.624,
Plot Title: 5B2C,2533,7/1/26 21:00,47.266,
Plot Title: 5B2C,2534,7/1/26 21:15,46.728,
Plot Title: 5B2C,2535,7/1/26 21:30,46.369,
Plot Title: 5B2C,2536,7/1/26 21:45,46.008,
Plot Title: 5B2C,2537,7/1/26 22:00,45.828,
Plot Title: 5B2C,2538,7/1/26 22:15,45.648,
Plot Title: 5B2C,2539,7/1/26 22:30,45.104,
Plot Title: 5B2C,2540,7/1/26 22:45,44.742,
Plot Title: 5B2C,2541,7/1/26 23:00,44.379,
Plot Title: 5B2C,2542,7/1/26 23:15,44.195,
Plot Title: 5B2C,2543,7/1/26 23:30,44.013,
Plot Title: 5B2C,2544,7/1/26 23:45,43.648,
Plot Title: 5B2C,2545,7/2/26 00:00,43.282,
Plot Title: 5B2C,2546,7/2/26 00:15,42.915,
Plot Title: 5B2C,2547,7/2/26 00:30,43.099,
Plot Title: 5B2C,2548,7/2/26 00:45,43.099,
Plot Title: 5B2C,2549,7/2/26 01:00,43.282,
Plot Title: 5B2C,2550,7/2/26 01:15,43.282,
Plot Title: 5B2C,2551,7/2/26 01:30,43.282,
Plot Title: 5B2C,2552,7/2/26 01:45,43.282,
Plot Title: 5B2C,2553,7/2/26 02:00,43.099,
Plot Title: 5B2C,2554,7/2/26 02:15,42.915,
Plot Title: 5B2C,2555,7/2/26 02:30,42.548,
Plot Title: 5B2C,2556,7/2/26 02:45,42.179,
Plot Title: 5B2C,2557,7/2/26 03:00,41.625,
Plot Title: 5B2C,2558,7/2/26 03:15,41.254,
Plot Title: 5B2C,2559,7/2/26 03:30,40.881,
Plot Title: 5B2C,2560,7/2/26 03:45,40.509,
Plot Title: 5B2C,2561,7/2/26 04:00,40.509,
Plot Title: 5B2C,2562,7/2/26 04:15,40.321,
Plot Title: 5B2C,2563,7/2/26 04:30,39.947,
Plot Title: 5B2C,2564,7/2/26 04:45,39.76,
Plot Title: 5B2C,2565,7/2/26 05:00,39.573,
Plot Title: 5B2C,2566,7/2/26 05:15,39.384,
Plot Title: 5B2C,2567,7/2/26 05:30,39.196,
Plot Title: 5B2C,2568,7/2/26 05:45,39.196,
Plot Title: 5B2C,2569,7/2/26 06:00,39.007,
Plot Title: 5B2C,2570,7/2/26 06:15,39.007,
Plot Title: 5B2C,2571,7/2/26 06:30,39.007,
Plot Title: 5B2C,2572,7/2/26 06:45,39.384,
Plot Title: 5B2C,2573,7/2/26 07:00,40.134,
Plot Title: 5B2C,2574,7/2/26 07:15,41.439,
Plot Title: 5B2C,2575,7/2/26 07:30,43.466,
Plot Title: 5B2C,2576,7/2/26 07:45,44.742,
Plot Title: 5B2C,2577,7/2/26 08:00,47.446,
Plot Title: 5B2C,2578,7/2/26 08:15,50.819,
Plot Title: 5B2C,2579,7/2/26 08:30,53.449,
Plot Title: 5B2C,2580,7/2/26 08:45,54.842,
Plot Title: 5B2C,2581,7/2/26 09:00,56.057,
Plot Title: 5B2C,2582,7/2/26 09:15,58.303,
Plot Title: 5B2C,2583,7/2/26 09:30,61.741,
Plot Title: 5B2C,2584,7/2/26 09:45,63.626,
Plot Title: 5B2C,2585,7/2/26 10:00,64.481,
Plot Title: 5B2C,2586,7/2/26 10:15,62.425,
Plot Title: 5B2C,2587,7/2/26 10:30,60.539,
Plot Title: 5B2C,2588,7/2/26 10:45,59.337,
Plot Title: 5B2C,2589,7/2/26 11:00,58.993,
Plot Title: 5B2C,2590,7/2/26 11:15,59.508,
Plot Title: 5B2C,2591,7/2/26 11:30,58.82,
Plot Title: 5B2C,2592,7/2/26 11:45,57.441,
Plot Title: 5B2C,2593,7/2/26 12:00,57.096,
Plot Title: 5B2C,2594,7/2/26 12:15,58.131,
Plot Title: 5B2C,2595,7/2/26 12:30,57.785,
Plot Title: 5B2C,2596,7/2/26 12:45,56.577,
Plot Title: 5B2C,2597,7/2/26 13:00,55.711,
Plot Title: 5B2C,2598,7/2/26 13:15,56.23,
Plot Title: 5B2C,2599,7/2/26 13:30,58.131,
Plot Title: 5B2C,2600,7/2/26 13:45,57.096,
Plot Title: 5B2C,2601,7/2/26 14:00,56.577,
Plot Title: 5B2C,2602,7/2/26 14:15,58.476,
Plot Title: 5B2C,2603,7/2/26 14:30,60.195,
Plot Title: 5B2C,2604,7/2/26 14:45,59.851,
Plot Title: 5B2C,2605,7/2/26 15:00,59.851,
Plot Title: 5B2C,2606,7/2/26 15:15,59.68,
Plot Title: 5B2C,2607,7/2/26 15:30,60.024,
Plot Title: 5B2C,2608,7/2/26 15:45,60.712,
Plot Title: 5B2C,2609,7/2/26 16:00,61.054,
Plot Title: 5B2C,2610,7/2/26 16:15,60.712,
Plot Title: 5B2C,2611,7/2/26 16:30,60.712,
Plot Title: 5B2C,2612,7/2/26 16:45,60.195,
Plot Title: 5B2C,2613,7/2/26 17:00,60.024,
Plot Title: 5B2C,2614,7/2/26 17:15,59.508,
Plot Title: 5B2C,2615,7/2/26 17:30,58.82,
Plot Title: 5B2C,2616,7/2/26 17:45,58.476,
Plot Title: 5B2C,2617,7/2/26 18:00,58.131,
Plot Title: 5B2C,2618,7/2/26 18:15,57.614,
Plot Title: 5B2C,2619,7/2/26 18:30,57.268,
Plot Title: 5B2C,2620,7/2/26 18:45,56.577,
Plot Title: 5B2C,2621,7/2/26 19:00,56.057,
Plot Title: 5B2C,2622,7/2/26 19:15,55.364,
Plot Title: 5B2C,2623,7/2/26 19:30,54.495,
Plot Title: 5B2C,2624,7/2/26 19:45,53.798,
Plot Title: 5B2C,2625,7/2/26 20:00,53.1,
Plot Title: 5B2C,2626,7/2/26 20:15,52.75,
Plot Title: 5B2C,2627,7/2/26 20:30,52.225,
Plot Title: 5B2C,2628,7/2/26 20:45,51.346,
Plot Title: 5B2C,2629,7/2/26 21:00,50.819,
Plot Title: 5B2C,2630,7/2/26 21:15,49.937,
Plot Title: 5B2C,2631,7/2/26 21:30,49.228,
Plot Title: 5B2C,2632,7/2/26 21:45,48.695,
Plot Title: 5B2C,2633,7/2/26 22:00,48.16,
Plot Title: 5B2C,2634,7/2/26 22:15,47.624,
Plot Title: 5B2C,2635,7/2/26 22:30,47.266,
Plot Title: 5B2C,2636,7/2/26 22:45,46.908,
Plot Title: 5B2C,2637,7/2/26 23:00,46.548,
Plot Title: 5B2C,2638,7/2/26 23:15,46.188,
Plot Title: 5B2C,2639,7/2/26 23:30,45.828,
Plot Title: 5B2C,2640,7/2/26 23:45,45.648,
Plot Title: 5B2C,2641,7/3/26 00:00,46.008,
Plot Title: 5B2C,2642,7/3/26 00:15,45.828,
Plot Title: 5B2C,2643,7/3/26 00:30,45.466,
Plot Title: 5B2C,2644,7/3/26 00:45,45.104,
Plot Title: 5B2C,2645,7/3/26 01:00,44.742,
Plot Title: 5B2C,2646,7/3/26 01:15,44.56,
Plot Title: 5B2C,2647,7/3/26 01:30,44.195,
Plot Title: 5B2C,2648,7/3/26 01:45,44.013,
Plot Title: 5B2C,2649,7/3/26 02:00,43.831,
Plot Title: 5B2C,2650,7/3/26 02:15,43.648,
Plot Title: 5B2C,2651,7/3/26 02:30,43.466,
Plot Title: 5B2C,2652,7/3/26 02:45,43.282,
Plot Title: 5B2C,2653,7/3/26 03:00,42.915,
Plot Title: 5B2C,2654,7/3/26 03:15,42.732,
Plot Title: 5B2C,2655,7/3/26 03:30,42.548,
Plot Title: 5B2C,2656,7/3/26 03:45,42.363,
Plot Title: 5B2C,2657,7/3/26 04:00,42.363,
Plot Title: 5B2C,2658,7/3/26 04:15,42.179,
Plot Title: 5B2C,2659,7/3/26 04:30,41.994,
Plot Title: 5B2C,2660,7/3/26 04:45,41.81,
Plot Title: 5B2C,2661,7/3/26 05:00,41.625,
Plot Title: 5B2C,2662,7/3/26 05:15,41.439,
Plot Title: 5B2C,2663,7/3/26 05:30,41.439,
Plot Title: 5B2C,2664,7/3/26 05:45,41.254,
Plot Title: 5B2C,2665,7/3/26 06:00,41.439,
Plot Title: 5B2C,2666,7/3/26 06:15,41.439,
Plot Title: 5B2C,2667,7/3/26 06:30,41.625,
Plot Title: 5B2C,2668,7/3/26 06:45,41.994,
Plot Title: 5B2C,2669,7/3/26 07:00,42.363,
Plot Title: 5B2C,2670,7/3/26 07:15,43.466,
Plot Title: 5B2C,2671,7/3/26 07:30,44.922,
Plot Title: 5B2C,2672,7/3/26 07:45,46.188,
Plot Title: 5B2C,2673,7/3/26 08:00,47.446,
Plot Title: 5B2C,2674,7/3/26 08:15,50.643,
Plot Title: 5B2C,2675,7/3/26 08:30,53.449,
Plot Title: 5B2C,2676,7/3/26 08:45,56.75,
Plot Title: 5B2C,2677,7/3/26 09:00,57.958,
Plot Title: 5B2C,2678,7/3/26 09:15,58.82,
Plot Title: 5B2C,2679,7/3/26 09:30,61.398,
Plot Title: 5B2C,2680,7/3/26 09:45,64.139,
Plot Title: 5B2C,2681,7/3/26 10:00,64.481,
Plot Title: 5B2C,2682,7/3/26 10:15,63.111,
Plot Title: 5B2C,2683,7/3/26 10:30,61.912,
Plot Title: 5B2C,2684,7/3/26 10:45,61.227,
Plot Title: 5B2C,2685,7/3/26 11:00,61.227,
Plot Title: 5B2C,2686,7/3/26 11:15,60.368,
Plot Title: 5B2C,2687,7/3/26 11:30,60.024,
Plot Title: 5B2C,2688,7/3/26 11:45,59.851,
Plot Title: 5B2C,2689,7/3/26 12:00,59.508,
Plot Title: 5B2C,2690,7/3/26 12:15,60.195,
Plot Title: 5B2C,2691,7/3/26 12:30,60.539,
Plot Title: 5B2C,2692,7/3/26 12:45,59.851,
Plot Title: 5B2C,2693,7/3/26 13:00,59.508,
Plot Title: 5B2C,2694,7/3/26 13:15,59.508,
Plot Title: 5B2C,2695,7/3/26 13:30,59.68,
Plot Title: 5B2C,2696,7/3/26 13:45,58.993,
Plot Title: 5B2C,2697,7/3/26 14:00,58.476,
Plot Title: 5B2C,2698,7/3/26 14:15,60.024,
Plot Title: 5B2C,2699,7/3/26 14:30,62.425,
Plot Title: 5B2C,2700,7/3/26 14:45,62.94,
Plot Title: 5B2C,2701,7/3/26 15:00,63.282,
Plot Title: 5B2C,2702,7/3/26 15:15,63.455,
Plot Title: 5B2C,2703,7/3/26 15:30,65.167,
Plot Title: 5B2C,2704,7/3/26 15:45,65.167,
Plot Title: 5B2C,2705,7/3/26 16:00,64.481,
Plot Title: 5B2C,2706,7/3/26 16:15,64.481,
Plot Title: 5B2C,2707,7/3/26 16:30,64.139,
Plot Title: 5B2C,2708,7/3/26 16:45,62.94,
Plot Title: 5B2C,2709,7/3/26 17:00,61.912,
Plot Title: 5B2C,2710,7/3/26 17:15,61.398,
Plot Title: 5B2C,2711,7/3/26 17:30,60.712,
Plot Title: 5B2C,2712,7/3/26 17:45,59.337,
Plot Title: 5B2C,2713,7/3/26 18:00,58.303,
Plot Title: 5B2C,2714,7/3/26 18:15,57.785,
Plot Title: 5B2C,2715,7/3/26 18:30,57.096,
Plot Title: 5B2C,2716,7/3/26 18:45,56.404,
Plot Title: 5B2C,2717,7/3/26 19:00,55.884,
Plot Title: 5B2C,2718,7/3/26 19:15,55.364,
Plot Title: 5B2C,2719,7/3/26 19:30,54.495,
Plot Title: 5B2C,2720,7/3/26 19:45,53.973,
Plot Title: 5B2C,2721,7/3/26 20:00,53.973,
Plot Title: 5B2C,2722,7/3/26 20:15,53.798,
Plot Title: 5B2C,2723,7/3/26 20:30,53.449,
Plot Title: 5B2C,2724,7/3/26 20:45,52.925,
Plot Title: 5B2C,2725,7/3/26 21:00,52.576,
Plot Title: 5B2C,2726,7/3/26 21:15,52.05,
Plot Title: 5B2C,2727,7/3/26 21:30,51.523,
Plot Title: 5B2C,2728,7/3/26 21:45,50.995,
Plot Title: 5B2C,2729,7/3/26 22:00,50.466,
Plot Title: 5B2C,2730,7/3/26 22:15,49.937,
Plot Title: 5B2C,2731,7/3/26 22:30,49.404,
Plot Title: 5B2C,2732,7/3/26 22:45,48.871,
Plot Title: 5B2C,2733,7/3/26 23:00,48.695,
Plot Title: 5B2C,2734,7/3/26 23:15,48.517,
Plot Title: 5B2C,2735,7/3/26 23:30,48.16,
Plot Title: 5B2C,2736,7/3/26 23:45,47.802,
Plot Title: 5B2C,2737,7/4/26 00:00,47.446,
Plot Title: 5B2C,2738,7/4/26 00:15,47.266,
Plot Title: 5B2C,2739,7/4/26 00:30,46.908,
Plot Title: 5B2C,2740,7/4/26 00:45,46.728,
Plot Title: 5B2C,2741,7/4/26 01:00,46.548,
Plot Title: 5B2C,2742,7/4/26 01:15,46.188,
Plot Title: 5B2C,2743,7/4/26 01:30,46.008,
Plot Title: 5B2C,2744,7/4/26 01:45,45.828,
Plot Title: 5B2C,2745,7/4/26 02:00,45.648,
Plot Title: 5B2C,2746,7/4/26 02:15,45.286,
Plot Title: 5B2C,2747,7/4/26 02:30,45.104,
Plot Title: 5B2C,2748,7/4/26 02:45,44.922,
Plot Title: 5B2C,2749,7/4/26 03:00,44.742,
Plot Title: 5B2C,2750,7/4/26 03:15,44.56,
Plot Title: 5B2C,2751,7/4/26 03:30,44.379,
Plot Title: 5B2C,2752,7/4/26 03:45,44.195,
Plot Title: 5B2C,2753,7/4/26 04:00,44.013,
Plot Title: 5B2C,2754,7/4/26 04:15,43.831,
Plot Title: 5B2C,2755,7/4/26 04:30,43.648,
Plot Title: 5B2C,2756,7/4/26 04:45,43.466,
Plot Title: 5B2C,2757,7/4/26 05:00,43.466,
Plot Title: 5B2C,2758,7/4/26 05:15,43.282,
Plot Title: 5B2C,2759,7/4/26 05:30,43.099,
Plot Title: 5B2C,2760,7/4/26 05:45,42.915,
Plot Title: 5B2C,2761,7/4/26 06:00,42.915,
Plot Title: 5B2C,2762,7/4/26 06:15,42.915,
Plot Title: 5B2C,2763,7/4/26 06:30,42.915,
Plot Title: 5B2C,2764,7/4/26 06:45,43.282,
Plot Title: 5B2C,2765,7/4/26 07:00,43.831,
Plot Title: 5B2C,2766,7/4/26 07:15,45.104,
Plot Title: 5B2C,2767,7/4/26 07:30,46.369,
Plot Title: 5B2C,2768,7/4/26 07:45,47.624,
Plot Title: 5B2C,2769,7/4/26 08:00,50.113,
Plot Title: 5B2C,2770,7/4/26 08:15,53.623,
Plot Title: 5B2C,2771,7/4/26 08:30,56.923,
Plot Title: 5B2C,2772,7/4/26 08:45,59.851,
Plot Title: 5B2C,2773,7/4/26 09:00,62.254,
Plot Title: 5B2C,2774,7/4/26 09:15,62.083,
Plot Title: 5B2C,2775,7/4/26 09:30,64.139,
Plot Title: 5B2C,2776,7/4/26 09:45,66.366,
Plot Title: 5B2C,2777,7/4/26 10:00,67.221,
Plot Title: 5B2C,2778,7/4/26 10:15,64.825,
Plot Title: 5B2C,2779,7/4/26 10:30,62.769,
Plot Title: 5B2C,2780,7/4/26 10:45,61.398,
Plot Title: 5B2C,2781,7/4/26 11:00,61.054,
Plot Title: 5B2C,2782,7/4/26 11:15,60.883,
Plot Title: 5B2C,2783,7/4/26 11:30,59.851,
Plot Title: 5B2C,2784,7/4/26 11:45,58.993,
Plot Title: 5B2C,2785,7/4/26 12:00,59.508,
Plot Title: 5B2C,2786,7/4/26 12:15,60.883,
Plot Title: 5B2C,2787,7/4/26 12:30,59.851,
Plot Title: 5B2C,2788,7/4/26 12:45,58.476,
Plot Title: 5B2C,2789,7/4/26 13:00,57.614,
Plot Title: 5B2C,2790,7/4/26 13:15,59.164,
Plot Title: 5B2C,2791,7/4/26 13:30,60.024,
Plot Title: 5B2C,2792,7/4/26 13:45,58.476,
Plot Title: 5B2C,2793,7/4/26 14:00,57.614,
Plot Title: 5B2C,2794,7/4/26 14:15,59.508,
Plot Title: 5B2C,2795,7/4/26 14:30,64.481,
Plot Title: 5B2C,2796,7/4/26 14:45,67.05,
Plot Title: 5B2C,2797,7/4/26 15:00,68.077,
Plot Title: 5B2C,2798,7/4/26 15:15,68.077,
Plot Title: 5B2C,2799,7/4/26 15:30,68.077,
Plot Title: 5B2C,2800,7/4/26 15:45,67.735,
Plot Title: 5B2C,2801,7/4/26 16:00,67.05,
Plot Title: 5B2C,2802,7/4/26 16:15,66.879,
Plot Title: 5B2C,2803,7/4/26 16:30,66.366,
Plot Title: 5B2C,2804,7/4/26 16:45,64.996,
Plot Title: 5B2C,2805,7/4/26 17:00,63.797,
Plot Title: 5B2C,2806,7/4/26 17:15,62.94,
Plot Title: 5B2C,2807,7/4/26 17:30,62.083,
Plot Title: 5B2C,2808,7/4/26 17:45,60.539,
Plot Title: 5B2C,2809,7/4/26 18:00,59.508,
Plot Title: 5B2C,2810,7/4/26 18:15,58.647,
Plot Title: 5B2C,2811,7/4/26 18:30,57.785,
Plot Title: 5B2C,2812,7/4/26 18:45,57.268,
Plot Title: 5B2C,2813,7/4/26 19:00,56.75,
Plot Title: 5B2C,2814,7/4/26 19:15,56.23,
Plot Title: 5B2C,2815,7/4/26 19:30,55.711,
Plot Title: 5B2C,2816,7/4/26 19:45,55.364,
Plot Title: 5B2C,2817,7/4/26 20:00,54.842,
Plot Title: 5B2C,2818,7/4/26 20:15,54.322,
Plot Title: 5B2C,2819,7/4/26 20:30,53.973,
Plot Title: 5B2C,2820,7/4/26 20:45,53.449,
Plot Title: 5B2C,2821,7/4/26 21:00,53.1,
Plot Title: 5B2C,2822,7/4/26 21:15,52.576,
Plot Title: 5B2C,2823,7/4/26 21:30,52.225,
Plot Title: 5B2C,2824,7/4/26 21:45,51.874,
Plot Title: 5B2C,2825,7/4/26 22:00,51.523,
Plot Title: 5B2C,2826,7/4/26 22:15,51.172,
Plot Title: 5B2C,2827,7/4/26 22:30,50.819,
Plot Title: 5B2C,2828,7/4/26 22:45,50.643,
Plot Title: 5B2C,2829,7/4/26 23:00,50.466,
Plot Title: 5B2C,2830,7/4/26 23:15,50.113,
Plot Title: 5B2C,2831,7/4/26 23:30,49.937,
Plot Title: 5B2C,2832,7/4/26 23:45,49.582,
Plot Title: 5B2C,2833,7/5/26 00:00,49.404,
Plot Title: 5B2C,2834,7/5/26 00:15,49.228,
Plot Title: 5B2C,2835,7/5/26 00:30,49.05,
Plot Title: 5B2C,2836,7/5/26 00:45,48.871,
Plot Title: 5B2C,2837,7/5/26 01:00,48.517,
Plot Title: 5B2C,2838,7/5/26 01:15,48.517,
Plot Title: 5B2C,2839,7/5/26 01:30,48.339,
Plot Title: 5B2C,2840,7/5/26 01:45,48.16,
Plot Title: 5B2C,2841,7/5/26 02:00,47.982,
Plot Title: 5B2C,2842,7/5/26 02:15,47.982,
Plot Title: 5B2C,2843,7/5/26 02:30,47.802,
Plot Title: 5B2C,2844,7/5/26 02:45,47.624,
Plot Title: 5B2C,2845,7/5/26 03:00,47.446,
Plot Title: 5B2C,2846,7/5/26 03:15,47.446,
Plot Title: 5B2C,2847,7/5/26 03:30,47.266,
Plot Title: 5B2C,2848,7/5/26 03:45,47.266,
Plot Title: 5B2C,2849,7/5/26 04:00,47.088,
Plot Title: 5B2C,2850,7/5/26 04:15,46.908,
Plot Title: 5B2C,2851,7/5/26 04:30,46.728,
Plot Title: 5B2C,2852,7/5/26 04:45,46.548,
Plot Title: 5B2C,2853,7/5/26 05:00,46.369,
Plot Title: 5B2C,2854,7/5/26 05:15,46.188,
Plot Title: 5B2C,2855,7/5/26 05:30,46.008,
Plot Title: 5B2C,2856,7/5/26 05:45,45.828,
Plot Title: 5B2C,2857,7/5/26 06:00,45.828,
Plot Title: 5B2C,2858,7/5/26 06:15,45.648,
Plot Title: 5B2C,2859,7/5/26 06:30,45.648,
Plot Title: 5B2C,2860,7/5/26 06:45,46.008,
Plot Title: 5B2C,2861,7/5/26 07:00,46.369,
Plot Title: 5B2C,2862,7/5/26 07:15,47.624,
Plot Title: 5B2C,2863,7/5/26 07:30,48.695,
Plot Title: 5B2C,2864,7/5/26 07:45,50.29,
Plot Title: 5B2C,2865,7/5/26 08:00,52.75,
Plot Title: 5B2C,2866,7/5/26 08:15,56.23,
Plot Title: 5B2C,2867,7/5/26 08:30,58.993,
Plot Title: 5B2C,2868,7/5/26 08:45,61.569,
Plot Title: 5B2C,2869,7/5/26 09:00,63.797,
Plot Title: 5B2C,2870,7/5/26 09:15,65.167,
Plot Title: 5B2C,2871,7/5/26 09:30,65.851,
Plot Title: 5B2C,2872,7/5/26 09:45,68.077,
Plot Title: 5B2C,2873,7/5/26 10:00,68.934,
Plot Title: 5B2C,2874,7/5/26 10:15,66.708,
Plot Title: 5B2C,2875,7/5/26 10:30,64.825,
Plot Title: 5B2C,2876,7/5/26 10:45,63.797,
Plot Title: 5B2C,2877,7/5/26 11:00,63.282,
Plot Title: 5B2C,2878,7/5/26 11:15,63.111,
Plot Title: 5B2C,2879,7/5/26 11:30,62.425,
Plot Title: 5B2C,2880,7/5/26 11:45,61.569,
Plot Title: 5B2C,2881,7/5/26 12:00,62.425,
Plot Title: 5B2C,2882,7/5/26 12:15,63.455,
Plot Title: 5B2C,2883,7/5/26 12:30,62.598,
Plot Title: 5B2C,2884,7/5/26 12:45,61.569,
Plot Title: 5B2C,2885,7/5/26 13:00,61.054,
Plot Title: 5B2C,2886,7/5/26 13:15,62.598,
Plot Title: 5B2C,2887,7/5/26 13:30,63.797,
Plot Title: 5B2C,2888,7/5/26 13:45,62.769,
Plot Title: 5B2C,2889,7/5/26 14:00,62.94,
Plot Title: 5B2C,2890,7/5/26 14:15,63.111,
Plot Title: 5B2C,2891,7/5/26 14:30,62.083,
Plot Title: 5B2C,2892,7/5/26 14:45,60.712,
Plot Title: 5B2C,2893,7/5/26 15:00,59.337,
Plot Title: 5B2C,2894,7/5/26 15:15,58.303,
Plot Title: 5B2C,2895,7/5/26 15:30,57.441,
Plot Title: 5B2C,2896,7/5/26 15:45,56.923,
Plot Title: 5B2C,2897,7/5/26 16:00,56.577,
Plot Title: 5B2C,2898,7/5/26 16:15,56.057,
Plot Title: 5B2C,2899,7/5/26 16:30,56.057,
Plot Title: 5B2C,2900,7/5/26 16:45,56.23,
Plot Title: 5B2C,2901,7/5/26 17:00,55.884,
Plot Title: 5B2C,2902,7/5/26 17:15,55.537,
Plot Title: 5B2C,2903,7/5/26 17:30,55.711,
Plot Title: 5B2C,2904,7/5/26 17:45,56.577,
Plot Title: 5B2C,2905,7/5/26 18:00,57.096,
Plot Title: 5B2C,2906,7/5/26 18:15,57.268,
Plot Title: 5B2C,2907,7/5/26 18:30,57.096,
Plot Title: 5B2C,2908,7/5/26 18:45,56.577,
Plot Title: 5B2C,2909,7/5/26 19:00,55.884,
Plot Title: 5B2C,2910,7/5/26 19:15,55.189,
Plot Title: 5B2C,2911,7/5/26 19:30,54.669,
Plot Title: 5B2C,2912,7/5/26 19:45,54.322,
Plot Title: 5B2C,2913,7/5/26 20:00,53.973,
Plot Title: 5B2C,2914,7/5/26 20:15,53.798,
Plot Title: 5B2C,2915,7/5/26 20:30,53.274,
Plot Title: 5B2C,2916,7/5/26 20:45,52.75,
Plot Title: 5B2C,2917,7/5/26 21:00,52.401,
Plot Title: 5B2C,2918,7/5/26 21:15,52.401,
Plot Title: 5B2C,2919,7/5/26 21:30,52.225,
Plot Title: 5B2C,2920,7/5/26 21:45,51.874,
Plot Title: 5B2C,2921,7/5/26 22:00,51.699,
Plot Title: 5B2C,2922,7/5/26 22:15,51.523,
Plot Title: 5B2C,2923,7/5/26 22:30,51.346,
Plot Title: 5B2C,2924,7/5/26 22:45,50.995,
Plot Title: 5B2C,2925,7/5/26 23:00,50.643,
Plot Title: 5B2C,2926,7/5/26 23:15,50.29,
Plot Title: 5B2C,2927,7/5/26 23:30,50.113,
Plot Title: 5B2C,2928,7/5/26 23:45,49.937,
Plot Title: 5B2C,2929,7/6/26 00:00,49.759,
Plot Title: 5B2C,2930,7/6/26 00:15,49.404,
Plot Title: 5B2C,2931,7/6/26 00:30,49.228,
Plot Title: 5B2C,2932,7/6/26 00:45,48.871,
Plot Title: 5B2C,2933,7/6/26 01:00,48.695,
Plot Title: 5B2C,2934,7/6/26 01:15,48.517,
Plot Title: 5B2C,2935,7/6/26 01:30,48.339,
Plot Title: 5B2C,2936,7/6/26 01:45,48.16,
Plot Title: 5B2C,2937,7/6/26 02:00,47.982,
Plot Title: 5B2C,2938,7/6/26 02:15,47.802,
Plot Title: 5B2C,2939,7/6/26 02:30,47.802,
Plot Title: 5B2C,2940,7/6/26 02:45,47.802,
Plot Title: 5B2C,2941,7/6/26 03:00,47.802,
Plot Title: 5B2C,2942,7/6/26 03:15,47.624,
Plot Title: 5B2C,2943,7/6/26 03:30,47.266,
Plot Title: 5B2C,2944,7/6/26 03:45,46.908,
Plot Title: 5B2C,2945,7/6/26 04:00,46.728,
Plot Title: 5B2C,2946,7/6/26 04:15,46.548,
Plot Title: 5B2C,2947,7/6/26 04:30,46.188,
Plot Title: 5B2C,2948,7/6/26 04:45,45.828,
Plot Title: 5B2C,2949,7/6/26 05:00,45.648,
Plot Title: 5B2C,2950,7/6/26 05:15,45.648,
Plot Title: 5B2C,2951,7/6/26 05:30,45.466,
Plot Title: 5B2C,2952,7/6/26 05:45,45.648,
Plot Title: 5B2C,2953,7/6/26 06:00,45.648,
Plot Title: 5B2C,2954,7/6/26 06:15,46.008,
Plot Title: 5B2C,2955,7/6/26 06:30,46.188,
Plot Title: 5B2C,2956,7/6/26 06:45,46.728,
Plot Title: 5B2C,2957,7/6/26 07:00,47.266,
Plot Title: 5B2C,2958,7/6/26 07:15,48.16,
Plot Title: 5B2C,2959,7/6/26 07:30,49.05,
Plot Title: 5B2C,2960,7/6/26 07:45,49.404,
Plot Title: 5B2C,2961,7/6/26 08:00,49.937,
Plot Title: 5B2C,2962,7/6/26 08:15,50.29,
Plot Title: 5B2C,2963,7/6/26 08:30,51.346,
Plot Title: 5B2C,2964,7/6/26 08:45,51.874,
Plot Title: 5B2C,2965,7/6/26 09:00,52.401,
Plot Title: 5B2C,2966,7/6/26 09:15,53.449,
Plot Title: 5B2C,2967,7/6/26 09:30,53.973,
Plot Title: 5B2C,2968,7/6/26 09:45,53.973,
Plot Title: 5B2C,2969,7/6/26 10:00,53.973,
Plot Title: 5B2C,2970,7/6/26 10:15,54.322,
Plot Title: 5B2C,2971,7/6/26 10:30,54.495,
Plot Title: 5B2C,2972,7/6/26 10:45,54.842,
Plot Title: 5B2C,2973,7/6/26 11:00,56.23,
Plot Title: 5B2C,2974,7/6/26 11:15,56.75,
Plot Title: 5B2C,2975,7/6/26 11:30,57.096,
Plot Title: 5B2C,2976,7/6/26 11:45,58.131,
Plot Title: 5B2C,2977,7/6/26 12:00,59.337,
Plot Title: 5B2C,2978,7/6/26 12:15,60.195,
Plot Title: 5B2C,2979,7/6/26 12:30,59.68,
Plot Title: 5B2C,2980,7/6/26 12:45,59.164,
Plot Title: 5B2C,2981,7/6/26 13:00,58.131,
Plot Title: 5B2C,2982,7/6/26 13:15,57.614,
Plot Title: 5B2C,2983,7/6/26 13:30,58.131,
Plot Title: 5B2C,2984,7/6/26 13:45,58.993,
Plot Title: 5B2C,2985,7/6/26 14:00,60.024,
Plot Title: 5B2C,2986,7/6/26 14:15,61.569,
Plot Title: 5B2C,2987,7/6/26 14:30,64.139,
Plot Title: 5B2C,2988,7/6/26 14:45,63.797,
Plot Title: 5B2C,2989,7/6/26 15:00,64.139,
Plot Title: 5B2C,2990,7/6/26 15:15,64.996,
Plot Title: 5B2C,2991,7/6/26 15:30,64.652,
Plot Title: 5B2C,2992,7/6/26 15:45,64.481,
Plot Title: 5B2C,2993,7/6/26 16:00,63.968,
Plot Title: 5B2C,2994,7/6/26 16:15,63.968,
Plot Title: 5B2C,2995,7/6/26 16:30,63.626,
Plot Title: 5B2C,2996,7/6/26 16:45,62.254,
Plot Title: 5B2C,2997,7/6/26 17:00,61.912,
Plot Title: 5B2C,2998,7/6/26 17:15,61.741,
Plot Title: 5B2C,2999,7/6/26 17:30,61.054,
Plot Title: 5B2C,3000,7/6/26 17:45,60.883,
Plot Title: 5B2C,3001,7/6/26 18:00,60.539,
Plot Title: 5B2C,3002,7/6/26 18:15,59.337,
Plot Title: 5B2C,3003,7/6/26 18:30,58.303,
Plot Title: 5B2C,3004,7/6/26 18:45,57.441,
Plot Title: 5B2C,3005,7/6/26 19:00,56.75,
Plot Title: 5B2C,3006,7/6/26 19:15,56.923,
Plot Title: 5B2C,3007,7/6/26 19:30,56.577,
Plot Title: 5B2C,3008,7/6/26 19:45,55.884,
Plot Title: 5B2C,3009,7/6/26 20:00,54.842,
Plot Title: 5B2C,3010,7/6/26 20:15,54.147,
Plot Title: 5B2C,3011,7/6/26 20:30,53.623,
Plot Title: 5B2C,3012,7/6/26 20:45,53.1,
Plot Title: 5B2C,3013,7/6/26 21:00,52.576,
Plot Title: 5B2C,3014,7/6/26 21:15,52.225,
Plot Title: 5B2C,3015,7/6/26 21:30,51.874,
Plot Title: 5B2C,3016,7/6/26 21:45,51.523,
Plot Title: 5B2C,3017,7/6/26 22:00,51.172,
Plot Title: 5B2C,3018,7/6/26 22:15,50.819,
Plot Title: 5B2C,3019,7/6/26 22:30,50.643,
Plot Title: 5B2C,3020,7/6/26 22:45,50.819,
Plot Title: 5B2C,3021,7/6/26 23:00,50.995,
Plot Title: 5B2C,3022,7/6/26 23:15,50.995,
Plot Title: 5B2C,3023,7/6/26 23:30,50.819,
Plot Title: 5B2C,3024,7/6/26 23:45,50.819,
Plot Title: 5B2C,3025,7/7/26 00:00,50.819,
Plot Title: 5B2C,3026,7/7/26 00:15,50.819,
Plot Title: 5B2C,3027,7/7/26 00:30,50.819,
Plot Title: 5B2C,3028,7/7/26 00:45,50.643,
Plot Title: 5B2C,3029,7/7/26 01:00,50.466,
Plot Title: 5B2C,3030,7/7/26 01:15,49.937,
Plot Title: 5B2C,3031,7/7/26 01:30,49.582,
Plot Title: 5B2C,3032,7/7/26 01:45,49.404,
Plot Title: 5B2C,3033,7/7/26 02:00,49.05,
Plot Title: 5B2C,3034,7/7/26 02:15,48.871,
Plot Title: 5B2C,3035,7/7/26 02:30,48.517,
Plot Title: 5B2C,3036,7/7/26 02:45,48.339,
Plot Title: 5B2C,3037,7/7/26 03:00,48.16,
Plot Title: 5B2C,3038,7/7/26 03:15,47.982,
Plot Title: 5B2C,3039,7/7/26 03:30,47.802,
Plot Title: 5B2C,3040,7/7/26 03:45,47.624,
Plot Title: 5B2C,3041,7/7/26 04:00,47.446,
Plot Title: 5B2C,3042,7/7/26 04:15,47.446,
Plot Title: 5B2C,3043,7/7/26 04:30,47.266,
Plot Title: 5B2C,3044,7/7/26 04:45,47.088,
Plot Title: 5B2C,3045,7/7/26 05:00,46.728,
Plot Title: 5B2C,3046,7/7/26 05:15,46.548,
Plot Title: 5B2C,3047,7/7/26 05:30,46.369,
Plot Title: 5B2C,3048,7/7/26 05:45,46.369,
Plot Title: 5B2C,3049,7/7/26 06:00,46.188,
Plot Title: 5B2C,3050,7/7/26 06:15,46.008,
Plot Title: 5B2C,3051,7/7/26 06:30,46.188,
Plot Title: 5B2C,3052,7/7/26 06:45,46.369,
Plot Title: 5B2C,3053,7/7/26 07:00,46.908,
Plot Title: 5B2C,3054,7/7/26 07:15,47.802,
Plot Title: 5B2C,3055,7/7/26 07:30,48.695,
Plot Title: 5B2C,3056,7/7/26 07:45,50.466,
Plot Title: 5B2C,3057,7/7/26 08:00,52.401,
Plot Title: 5B2C,3058,7/7/26 08:15,55.711,
Plot Title: 5B2C,3059,7/7/26 08:30,58.82,
Plot Title: 5B2C,3060,7/7/26 08:45,61.398,
Plot Title: 5B2C,3061,7/7/26 09:00,63.626,
Plot Title: 5B2C,3062,7/7/26 09:15,64.652,
Plot Title: 5B2C,3063,7/7/26 09:30,63.797,
Plot Title: 5B2C,3064,7/7/26 09:45,63.282,
Plot Title: 5B2C,3065,7/7/26 10:00,62.94,
Plot Title: 5B2C,3066,7/7/26 10:15,61.569,
Plot Title: 5B2C,3067,7/7/26 10:30,61.054,
Plot Title: 5B2C,3068,7/7/26 10:45,60.883,
Plot Title: 5B2C,3069,7/7/26 11:00,60.539,
Plot Title: 5B2C,3070,7/7/26 11:15,60.368,
Plot Title: 5B2C,3071,7/7/26 11:30,59.851,
Plot Title: 5B2C,3072,7/7/26 11:45,59.337,
Plot Title: 5B2C,3073,7/7/26 12:00,59.851,
Plot Title: 5B2C,3074,7/7/26 12:15,60.883,
Plot Title: 5B2C,3075,7/7/26 12:30,60.024,
Plot Title: 5B2C,3076,7/7/26 12:45,59.164,
Plot Title: 5B2C,3077,7/7/26 13:00,58.647,
Plot Title: 5B2C,3078,7/7/26 13:15,60.368,
Plot Title: 5B2C,3079,7/7/26 13:30,60.883,
Plot Title: 5B2C,3080,7/7/26 13:45,60.024,
Plot Title: 5B2C,3081,7/7/26 14:00,59.68,
Plot Title: 5B2C,3082,7/7/26 14:15,61.054,
Plot Title: 5B2C,3083,7/7/26 14:30,66.193,
Plot Title: 5B2C,3084,7/7/26 14:45,68.763,
Plot Title: 5B2C,3085,7/7/26 15:00,70.137,
Plot Title: 5B2C,3086,7/7/26 15:15,69.964,
Plot Title: 5B2C,3087,7/7/26 15:30,70.48,
Plot Title: 5B2C,3088,7/7/26 15:45,69.278,
Plot Title: 5B2C,3089,7/7/26 16:00,68.077,
Plot Title: 5B2C,3090,7/7/26 16:15,67.392,
Plot Title: 5B2C,3091,7/7/26 16:30,67.392,
Plot Title: 5B2C,3092,7/7/26 16:45,66.537,
Plot Title: 5B2C,3093,7/7/26 17:00,65.68,
Plot Title: 5B2C,3094,7/7/26 17:15,65.167,
Plot Title: 5B2C,3095,7/7/26 17:30,64.996,
Plot Title: 5B2C,3096,7/7/26 17:45,64.139,
Plot Title: 5B2C,3097,7/7/26 18:00,63.797,
Plot Title: 5B2C,3098,7/7/26 18:15,62.94,
Plot Title: 5B2C,3099,7/7/26 18:30,61.912,
Plot Title: 5B2C,3100,7/7/26 18:45,61.227,
Plot Title: 5B2C,3101,7/7/26 19:00,61.227,
Plot Title: 5B2C,3102,7/7/26 19:15,61.054,
Plot Title: 5B2C,3103,7/7/26 19:30,60.539,
Plot Title: 5B2C,3104,7/7/26 19:45,60.195,
Plot Title: 5B2C,3105,7/7/26 20:00,59.68,
Plot Title: 5B2C,3106,7/7/26 20:15,58.647,
Plot Title: 5B2C,3107,7/7/26 20:30,57.958,
Plot Title: 5B2C,3108,7/7/26 20:45,57.096,
Plot Title: 5B2C,3109,7/7/26 21:00,56.404,
Plot Title: 5B2C,3110,7/7/26 21:15,55.884,
Plot Title: 5B2C,3111,7/7/26 21:30,55.189,
Plot Title: 5B2C,3112,7/7/26 21:45,54.669,
Plot Title: 5B2C,3113,7/7/26 22:00,54.322,
Plot Title: 5B2C,3114,7/7/26 22:15,53.798,
Plot Title: 5B2C,3115,7/7/26 22:30,53.449,
Plot Title: 5B2C,3116,7/7/26 22:45,52.925,
Plot Title: 5B2C,3117,7/7/26 23:00,52.576,
Plot Title: 5B2C,3118,7/7/26 23:15,52.225,
Plot Title: 5B2C,3119,7/7/26 23:30,51.874,
Plot Title: 5B2C,3120,7/7/26 23:45,51.699,
Plot Title: 5B2C,3121,7/8/26 00:00,51.346,
Plot Title: 5B2C,3122,7/8/26 00:15,51.172,
Plot Title: 5B2C,3123,7/8/26 00:30,50.819,
Plot Title: 5B2C,3124,7/8/26 00:45,50.643,
Plot Title: 5B2C,3125,7/8/26 01:00,50.466,
Plot Title: 5B2C,3126,7/8/26 01:15,50.29,
Plot Title: 5B2C,3127,7/8/26 01:30,49.937,
Plot Title: 5B2C,3128,7/8/26 01:45,49.759,
Plot Title: 5B2C,3129,7/8/26 02:00,49.582,
Plot Title: 5B2C,3130,7/8/26 02:15,49.404,
Plot Title: 5B2C,3131,7/8/26 02:30,49.228,
Plot Title: 5B2C,3132,7/8/26 02:45,49.05,
Plot Title: 5B2C,3133,7/8/26 03:00,48.871,
Plot Title: 5B2C,3134,7/8/26 03:15,48.871,
Plot Title: 5B2C,3135,7/8/26 03:30,48.695,
Plot Title: 5B2C,3136,7/8/26 03:45,48.517,
Plot Title: 5B2C,3137,7/8/26 04:00,48.339,
Plot Title: 5B2C,3138,7/8/26 04:15,48.16,
Plot Title: 5B2C,3139,7/8/26 04:30,48.16,
Plot Title: 5B2C,3140,7/8/26 04:45,47.982,
Plot Title: 5B2C,3141,7/8/26 05:00,47.802,
Plot Title: 5B2C,3142,7/8/26 05:15,47.802,
Plot Title: 5B2C,3143,7/8/26 05:30,47.624,
Plot Title: 5B2C,3144,7/8/26 05:45,47.624,
Plot Title: 5B2C,3145,7/8/26 06:00,47.624,
Plot Title: 5B2C,3146,7/8/26 06:15,47.624,
Plot Title: 5B2C,3147,7/8/26 06:30,47.802,
Plot Title: 5B2C,3148,7/8/26 06:45,47.982,
Plot Title: 5B2C,3149,7/8/26 07:00,48.339,
Plot Title: 5B2C,3150,7/8/26 07:15,49.228,
Plot Title: 5B2C,3151,7/8/26 07:30,49.937,
Plot Title: 5B2C,3152,7/8/26 07:45,51.172,
Plot Title: 5B2C,3153,7/8/26 08:00,52.925,
Plot Title: 5B2C,3154,7/8/26 08:15,56.057,
Plot Title: 5B2C,3155,7/8/26 08:30,58.647,
Plot Title: 5B2C,3156,7/8/26 08:45,61.398,
Plot Title: 5B2C,3157,7/8/26 09:00,63.626,
Plot Title: 5B2C,3158,7/8/26 09:15,64.825,
Plot Title: 5B2C,3159,7/8/26 09:30,65.509,
Plot Title: 5B2C,3160,7/8/26 09:45,67.906,
Plot Title: 5B2C,3161,7/8/26 10:00,68.248,
Plot Title: 5B2C,3162,7/8/26 10:15,65.851,
Plot Title: 5B2C,3163,7/8/26 10:30,64.652,
Plot Title: 5B2C,3164,7/8/26 10:45,63.968,
Plot Title: 5B2C,3165,7/8/26 11:00,63.797,
Plot Title: 5B2C,3166,7/8/26 11:15,63.968,
Plot Title: 5B2C,3167,7/8/26 11:30,63.797,
Plot Title: 5B2C,3168,7/8/26 11:45,63.282,
Plot Title: 5B2C,3169,7/8/26 12:00,62.94,
Plot Title: 5B2C,3170,7/8/26 12:15,63.626,
Plot Title: 5B2C,3171,7/8/26 12:30,62.94,
Plot Title: 5B2C,3172,7/8/26 12:45,62.425,
Plot Title: 5B2C,3173,7/8/26 13:00,62.425,
Plot Title: 5B2C,3174,7/8/26 13:15,63.282,
Plot Title: 5B2C,3175,7/8/26 13:30,62.769,
Plot Title: 5B2C,3176,7/8/26 13:45,62.254,
Plot Title: 5B2C,3177,7/8/26 14:00,62.425,
Plot Title: 5B2C,3178,7/8/26 14:15,63.455,
Plot Title: 5B2C,3179,7/8/26 14:30,64.31,
Plot Title: 5B2C,3180,7/8/26 14:45,66.366,
Plot Title: 5B2C,3181,7/8/26 15:00,68.248,
Plot Title: 5B2C,3182,7/8/26 15:15,68.763,
Plot Title: 5B2C,3183,7/8/26 15:30,68.077,
Plot Title: 5B2C,3184,7/8/26 15:45,67.906,
Plot Title: 5B2C,3185,7/8/26 16:00,68.421,
Plot Title: 5B2C,3186,7/8/26 16:15,69.449,
Plot Title: 5B2C,3187,7/8/26 16:30,69.278,
Plot Title: 5B2C,3188,7/8/26 16:45,68.421,
Plot Title: 5B2C,3189,7/8/26 17:00,67.05,
Plot Title: 5B2C,3190,7/8/26 17:15,66.366,
Plot Title: 5B2C,3191,7/8/26 17:30,65.68,
Plot Title: 5B2C,3192,7/8/26 17:45,65.167,
Plot Title: 5B2C,3193,7/8/26 18:00,64.825,
Plot Title: 5B2C,3194,7/8/26 18:15,64.31,
Plot Title: 5B2C,3195,7/8/26 18:30,63.282,
Plot Title: 5B2C,3196,7/8/26 18:45,62.94,
Plot Title: 5B2C,3197,7/8/26 19:00,62.598,
Plot Title: 5B2C,3198,7/8/26 19:15,61.912,
Plot Title: 5B2C,3199,7/8/26 19:30,61.054,
Plot Title: 5B2C,3200,7/8/26 19:45,60.712,
Plot Title: 5B2C,3201,7/8/26 20:00,60.539,
Plot Title: 5B2C,3202,7/8/26 20:15,60.024,
Plot Title: 5B2C,3203,7/8/26 20:30,59.337,
Plot Title: 5B2C,3204,7/8/26 20:45,58.647,
Plot Title: 5B2C,3205,7/8/26 21:00,57.958,
Plot Title: 5B2C,3206,7/8/26 21:15,57.614,
Plot Title: 5B2C,3207,7/8/26 21:30,56.923,
Plot Title: 5B2C,3208,7/8/26 21:45,56.404,
Plot Title: 5B2C,3209,7/8/26 22:00,55.884,
Plot Title: 5B2C,3210,7/8/26 22:15,55.537,
Plot Title: 5B2C,3211,7/8/26 22:30,55.189,
Plot Title: 5B2C,3212,7/8/26 22:45,54.669,
Plot Title: 5B2C,3213,7/8/26 23:00,54.147,
Plot Title: 5B2C,3214,7/8/26 23:15,53.798,
Plot Title: 5B2C,3215,7/8/26 23:30,53.449,
Plot Title: 5B2C,3216,7/8/26 23:45,52.925,
Plot Title: 5B2C,3217,7/9/26 00:00,52.576,
Plot Title: 5B2C,3218,7/9/26 00:15,52.225,
Plot Title: 5B2C,3219,7/9/26 00:30,51.874,
Plot Title: 5B2C,3220,7/9/26 00:45,51.699,
Plot Title: 5B2C,3221,7/9/26 01:00,51.699,
Plot Title: 5B2C,3222,7/9/26 01:15,51.523,
Plot Title: 5B2C,3223,7/9/26 01:30,51.346,
Plot Title: 5B2C,3224,7/9/26 01:45,51.172,
Plot Title: 5B2C,3225,7/9/26 02:00,50.995,
Plot Title: 5B2C,3226,7/9/26 02:15,50.819,
Plot Title: 5B2C,3227,7/9/26 02:30,50.643,
Plot Title: 5B2C,3228,7/9/26 02:45,50.466,
Plot Title: 5B2C,3229,7/9/26 03:00,50.29,
Plot Title: 5B2C,3230,7/9/26 03:15,50.113,
Plot Title: 5B2C,3231,7/9/26 03:30,49.937,
Plot Title: 5B2C,3232,7/9/26 03:45,49.759,
Plot Title: 5B2C,3233,7/9/26 04:00,49.582,
Plot Title: 5B2C,3234,7/9/26 04:15,49.228,
Plot Title: 5B2C,3235,7/9/26 04:30,48.871,
Plot Title: 5B2C,3236,7/9/26 04:45,48.517,
Plot Title: 5B2C,3237,7/9/26 05:00,48.339,
Plot Title: 5B2C,3238,7/9/26 05:15,48.16,
Plot Title: 5B2C,3239,7/9/26 05:30,47.802,
Plot Title: 5B2C,3240,7/9/26 05:45,47.624,
Plot Title: 5B2C,3241,7/9/26 06:00,47.446,
Plot Title: 5B2C,3242,7/9/26 06:15,47.446,
Plot Title: 5B2C,3243,7/9/26 06:30,47.446,
Plot Title: 5B2C,3244,7/9/26 06:45,47.624,
Plot Title: 5B2C,3245,7/9/26 07:00,47.982,
Plot Title: 5B2C,3246,7/9/26 07:15,48.871,
Plot Title: 5B2C,3247,7/9/26 07:30,49.937,
Plot Title: 5B2C,3248,7/9/26 07:45,51.523,
Plot Title: 5B2C,3249,7/9/26 08:00,53.449,
Plot Title: 5B2C,3250,7/9/26 08:15,57.096,
Plot Title: 5B2C,3251,7/9/26 08:30,59.851,
Plot Title: 5B2C,3252,7/9/26 08:45,62.94,
Plot Title: 5B2C,3253,7/9/26 09:00,65.167,
Plot Title: 5B2C,3254,7/9/26 09:15,66.879,
Plot Title: 5B2C,3255,7/9/26 09:30,67.221,
Plot Title: 5B2C,3256,7/9/26 09:45,69.449,
Plot Title: 5B2C,3257,7/9/26 10:00,68.934,
Plot Title: 5B2C,3258,7/9/26 10:15,65.68,
Plot Title: 5B2C,3259,7/9/26 10:30,64.139,
Plot Title: 5B2C,3260,7/9/26 10:45,63.111,
Plot Title: 5B2C,3261,7/9/26 11:00,62.254,
Plot Title: 5B2C,3262,7/9/26 11:15,61.569,
Plot Title: 5B2C,3263,7/9/26 11:30,60.712,
Plot Title: 5B2C,3264,7/9/26 11:45,60.368,
Plot Title: 5B2C,3265,7/9/26 12:00,60.883,
Plot Title: 5B2C,3266,7/9/26 12:15,61.741,
Plot Title: 5B2C,3267,7/9/26 12:30,61.227,
Plot Title: 5B2C,3268,7/9/26 12:45,59.851,
Plot Title: 5B2C,3269,7/9/26 13:00,58.82,
Plot Title: 5B2C,3270,7/9/26 13:15,60.024,
Plot Title: 5B2C,3271,7/9/26 13:30,60.368,
Plot Title: 5B2C,3272,7/9/26 13:45,59.508,
Plot Title: 5B2C,3273,7/9/26 14:00,59.164,
Plot Title: 5B2C,3274,7/9/26 14:15,60.539,
Plot Title: 5B2C,3275,7/9/26 14:30,64.825,
Plot Title: 5B2C,3276,7/9/26 14:45,67.05,
Plot Title: 5B2C,3277,7/9/26 15:00,68.421,
Plot Title: 5B2C,3278,7/9/26 15:15,69.449,
Plot Title: 5B2C,3279,7/9/26 15:30,69.622,
Plot Title: 5B2C,3280,7/9/26 15:45,69.107,
Plot Title: 5B2C,3281,7/9/26 16:00,68.248,
Plot Title: 5B2C,3282,7/9/26 16:15,68.077,
Plot Title: 5B2C,3283,7/9/26 16:30,67.221,
Plot Title: 5B2C,3284,7/9/26 16:45,66.366,
Plot Title: 5B2C,3285,7/9/26 17:00,64.996,
Plot Title: 5B2C,3286,7/9/26 17:15,64.31,
Plot Title: 5B2C,3287,7/9/26 17:30,63.455,
Plot Title: 5B2C,3288,7/9/26 17:45,62.083,
Plot Title: 5B2C,3289,7/9/26 18:00,61.054,
Plot Title: 5B2C,3290,7/9/26 18:15,60.024,
Plot Title: 5B2C,3291,7/9/26 18:30,59.164,
Plot Title: 5B2C,3292,7/9/26 18:45,58.303,
Plot Title: 5B2C,3293,7/9/26 19:00,57.614,
Plot Title: 5B2C,3294,7/9/26 19:15,57.096,
Plot Title: 5B2C,3295,7/9/26 19:30,56.577,
Plot Title: 5B2C,3296,7/9/26 19:45,56.057,
Plot Title: 5B2C,3297,7/9/26 20:00,55.537,
Plot Title: 5B2C,3298,7/9/26 20:15,55.189,
Plot Title: 5B2C,3299,7/9/26 20:30,54.669,
Plot Title: 5B2C,3300,7/9/26 20:45,54.495,
Plot Title: 5B2C,3301,7/9/26 21:00,54.147,
Plot Title: 5B2C,3302,7/9/26 21:15,53.623,
Plot Title: 5B2C,3303,7/9/26 21:30,53.274,
Plot Title: 5B2C,3304,7/9/26 21:45,52.75,
Plot Title: 5B2C,3305,7/9/26 22:00,52.576,
Plot Title: 5B2C,3306,7/9/26 22:15,52.225,
Plot Title: 5B2C,3307,7/9/26 22:30,51.874,
Plot Title: 5B2C,3308,7/9/26 22:45,51.523,
Plot Title: 5B2C,3309,7/9/26 23:00,51.346,
Plot Title: 5B2C,3310,7/9/26 23:15,51.172,
Plot Title: 5B2C,3311,7/9/26 23:30,50.995,
Plot Title: 5B2C,3312,7/9/26 23:45,50.819,
Plot Title: 5B2C,3313,7/10/26 00:00,50.643,
Plot Title: 5B2C,3314,7/10/26 00:15,50.29,
Plot Title: 5B2C,3315,7/10/26 00:30,50.29,
Plot Title: 5B2C,3316,7/10/26 00:45,50.113,
Plot Title: 5B2C,3317,7/10/26 01:00,50.113,
Plot Title: 5B2C,3318,7/10/26 01:15,49.937,
Plot Title: 5B2C,3319,7/10/26 01:30,49.759,
Plot Title: 5B2C,3320,7/10/26 01:45,49.582,
Plot Title: 5B2C,3321,7/10/26 02:00,49.404,
Plot Title: 5B2C,3322,7/10/26 02:15,49.228,
Plot Title: 5B2C,3323,7/10/26 02:30,49.05,
Plot Title: 5B2C,3324,7/10/26 02:45,49.05,
Plot Title: 5B2C,3325,7/10/26 03:00,48.871,
Plot Title: 5B2C,3326,7/10/26 03:15,48.695,
Plot Title: 5B2C,3327,7/10/26 03:30,48.695,
Plot Title: 5B2C,3328,7/10/26 03:45,48.517,
Plot Title: 5B2C,3329,7/10/26 04:00,48.339,
Plot Title: 5B2C,3330,7/10/26 04:15,48.16,
Plot Title: 5B2C,3331,7/10/26 04:30,47.982,
Plot Title: 5B2C,3332,7/10/26 04:45,47.802,
Plot Title: 5B2C,3333,7/10/26 05:00,47.802,
Plot Title: 5B2C,3334,7/10/26 05:15,47.624,
Plot Title: 5B2C,3335,7/10/26 05:30,47.446,
Plot Title: 5B2C,3336,7/10/26 05:45,47.266,
Plot Title: 5B2C,3337,7/10/26 06:00,47.266,
Plot Title: 5B2C,3338,7/10/26 06:15,47.266,
Plot Title: 5B2C,3339,7/10/26 06:30,47.266,
Plot Title: 5B2C,3340,7/10/26 06:45,47.624,
Plot Title: 5B2C,3341,7/10/26 07:00,48.16,
Plot Title: 5B2C,3342,7/10/26 07:15,49.228,
Plot Title: 5B2C,3343,7/10/26 07:30,49.937,
Plot Title: 5B2C,3344,7/10/26 07:45,51.874,
Plot Title: 5B2C,3345,7/10/26 08:00,53.449,
Plot Title: 5B2C,3346,7/10/26 08:15,56.404,
Plot Title: 5B2C,3347,7/10/26 08:30,58.647,
Plot Title: 5B2C,3348,7/10/26 08:45,61.227,
Plot Title: 5B2C,3349,7/10/26 09:00,63.455,
Plot Title: 5B2C,3350,7/10/26 09:15,65.167,
Plot Title: 5B2C,3351,7/10/26 09:30,65.338,
Plot Title: 5B2C,3352,7/10/26 09:45,66.708,
Plot Title: 5B2C,3353,7/10/26 10:00,66.366,
Plot Title: 5B2C,3354,7/10/26 10:15,64.139,
Plot Title: 5B2C,3355,7/10/26 10:30,63.282,
Plot Title: 5B2C,3356,7/10/26 10:45,62.769,
Plot Title: 5B2C,3357,7/10/26 11:00,62.083,
Plot Title: 5B2C,3358,7/10/26 11:15,61.398,
Plot Title: 5B2C,3359,7/10/26 11:30,60.712,
Plot Title: 5B2C,3360,7/10/26 11:45,60.368,
Plot Title: 5B2C,3361,7/10/26 12:00,61.398,
Plot Title: 5B2C,3362,7/10/26 12:15,61.741,
Plot Title: 5B2C,3363,7/10/26 12:30,60.883,
Plot Title: 5B2C,3364,7/10/26 12:45,60.195,
Plot Title: 5B2C,3365,7/10/26 13:00,59.68,
Plot Title: 5B2C,3366,7/10/26 13:15,61.227,
Plot Title: 5B2C,3367,7/10/26 13:30,61.569,
Plot Title: 5B2C,3368,7/10/26 13:45,60.883,
Plot Title: 5B2C,3369,7/10/26 14:00,60.368,
Plot Title: 5B2C,3370,7/10/26 14:15,61.227,
Plot Title: 5B2C,3371,7/10/26 14:30,65.68,
Plot Title: 5B2C,3372,7/10/26 14:45,68.763,
Plot Title: 5B2C,3373,7/10/26 15:00,70.137,
Plot Title: 5B2C,3374,7/10/26 15:15,70.995,
Plot Title: 5B2C,3375,7/10/26 15:30,71.856,
Plot Title: 5B2C,3376,7/10/26 15:45,72.199,
Plot Title: 5B2C,3377,7/10/26 16:00,72.028,
Plot Title: 5B2C,3378,7/10/26 16:15,71.683,
Plot Title: 5B2C,3379,7/10/26 16:30,71.168,
Plot Title: 5B2C,3380,7/10/26 16:45,71.339,
Plot Title: 5B2C,3381,7/10/26 17:00,70.651,
Plot Title: 5B2C,3382,7/10/26 17:15,70.137,
Plot Title: 5B2C,3383,7/10/26 17:30,68.934,
Plot Title: 5B2C,3384,7/10/26 17:45,67.221,
Plot Title: 5B2C,3385,7/10/26 18:00,65.68,
Plot Title: 5B2C,3386,7/10/26 18:15,64.481,
Plot Title: 5B2C,3387,7/10/26 18:30,63.797,
Plot Title: 5B2C,3388,7/10/26 18:45,63.797,
Plot Title: 5B2C,3389,7/10/26 19:00,62.769,
Plot Title: 5B2C,3390,7/10/26 19:15,61.741,
Plot Title: 5B2C,3391,7/10/26 19:30,61.398,
Plot Title: 5B2C,3392,7/10/26 19:45,60.712,
Plot Title: 5B2C,3393,7/10/26 20:00,59.68,
Plot Title: 5B2C,3394,7/10/26 20:15,58.993,
Plot Title: 5B2C,3395,7/10/26 20:30,58.476,
Plot Title: 5B2C,3396,7/10/26 20:45,58.131,
Plot Title: 5B2C,3397,7/10/26 21:00,57.614,
Plot Title: 5B2C,3398,7/10/26 21:15,56.923,
Plot Title: 5B2C,3399,7/10/26 21:30,56.23,
Plot Title: 5B2C,3400,7/10/26 21:45,55.884,
Plot Title: 5B2C,3401,7/10/26 22:00,55.537,
Plot Title: 5B2C,3402,7/10/26 22:15,55.364,
Plot Title: 5B2C,3403,7/10/26 22:30,54.842,
Plot Title: 5B2C,3404,7/10/26 22:45,54.495,
Plot Title: 5B2C,3405,7/10/26 23:00,54.147,
Plot Title: 5B2C,3406,7/10/26 23:15,53.798,
Plot Title: 5B2C,3407,7/10/26 23:30,53.449,
Plot Title: 5B2C,3408,7/10/26 23:45,53.274,
Plot Title: 5B2C,3409,7/11/26 00:00,52.925,
Plot Title: 5B2C,3410,7/11/26 00:15,52.75,
Plot Title: 5B2C,3411,7/11/26 00:30,52.576,
Plot Title: 5B2C,3412,7/11/26 00:45,52.576,
Plot Title: 5B2C,3413,7/11/26 01:00,52.401,
Plot Title: 5B2C,3414,7/11/26 01:15,52.225,
Plot Title: 5B2C,3415,7/11/26 01:30,52.05,
Plot Title: 5B2C,3416,7/11/26 01:45,51.874,
Plot Title: 5B2C,3417,7/11/26 02:00,51.699,
Plot Title: 5B2C,3418,7/11/26 02:15,51.523,
Plot Title: 5B2C,3419,7/11/26 02:30,51.346,
Plot Title: 5B2C,3420,7/11/26 02:45,51.172,
Plot Title: 5B2C,3421,7/11/26 03:00,50.995,
Plot Title: 5B2C,3422,7/11/26 03:15,50.819,
Plot Title: 5B2C,3423,7/11/26 03:30,50.643,
Plot Title: 5B2C,3424,7/11/26 03:45,50.466,
Plot Title: 5B2C,3425,7/11/26 04:00,50.29,
Plot Title: 5B2C,3426,7/11/26 04:15,50.113,
Plot Title: 5B2C,3427,7/11/26 04:30,49.937,
Plot Title: 5B2C,3428,7/11/26 04:45,49.759,
Plot Title: 5B2C,3429,7/11/26 05:00,49.759,
Plot Title: 5B2C,3430,7/11/26 05:15,49.582,
Plot Title: 5B2C,3431,7/11/26 05:30,49.404,
Plot Title: 5B2C,3432,7/11/26 05:45,49.228,
Plot Title: 5B2C,3433,7/11/26 06:00,49.228,
Plot Title: 5B2C,3434,7/11/26 06:15,49.228,
Plot Title: 5B2C,3435,7/11/26 06:30,49.404,
Plot Title: 5B2C,3436,7/11/26 06:45,49.582,
Plot Title: 5B2C,3437,7/11/26 07:00,50.113,
Plot Title: 5B2C,3438,7/11/26 07:15,51.172,
Plot Title: 5B2C,3439,7/11/26 07:30,51.874,
Plot Title: 5B2C,3440,7/11/26 07:45,53.798,
Plot Title: 5B2C,3441,7/11/26 08:00,55.537,
Plot Title: 5B2C,3442,7/11/26 08:15,58.82,
Plot Title: 5B2C,3443,7/11/26 08:30,61.227,
Plot Title: 5B2C,3444,7/11/26 08:45,63.968,
Plot Title: 5B2C,3445,7/11/26 09:00,66.879,
Plot Title: 5B2C,3446,7/11/26 09:15,69.107,
Plot Title: 5B2C,3447,7/11/26 09:30,69.793,
Plot Title: 5B2C,3448,7/11/26 09:45,71.168,
Plot Title: 5B2C,3449,7/11/26 10:00,70.48,
Plot Title: 5B2C,3450,7/11/26 10:15,68.248,
Plot Title: 5B2C,3451,7/11/26 10:30,67.392,
Plot Title: 5B2C,3452,7/11/26 10:45,67.221,
Plot Title: 5B2C,3453,7/11/26 11:00,66.366,
Plot Title: 5B2C,3454,7/11/26 11:15,65.338,
Plot Title: 5B2C,3455,7/11/26 11:30,64.652,
Plot Title: 5B2C,3456,7/11/26 11:45,63.968,
Plot Title: 5B2C,3457,7/11/26 12:00,65.338,
Plot Title: 5B2C,3458,7/11/26 12:15,66.366,
Plot Title: 5B2C,3459,7/11/26 12:30,65.338,
Plot Title: 5B2C,3460,7/11/26 12:45,64.139,
Plot Title: 5B2C,3461,7/11/26 13:00,63.455,
Plot Title: 5B2C,3462,7/11/26 13:15,64.825,
Plot Title: 5B2C,3463,7/11/26 13:30,64.996,
Plot Title: 5B2C,3464,7/11/26 13:45,64.139,
Plot Title: 5B2C,3465,7/11/26 14:00,63.626,
Plot Title: 5B2C,3466,7/11/26 14:15,64.31,
Plot Title: 5B2C,3467,7/11/26 14:30,68.592,
Plot Title: 5B2C,3468,7/11/26 14:45,71.512,
Plot Title: 5B2C,3469,7/11/26 15:00,73.407,
Plot Title: 5B2C,3470,7/11/26 15:15,74.446,
Plot Title: 5B2C,3471,7/11/26 15:30,74.964,
Plot Title: 5B2C,3472,7/11/26 15:45,75.139,
Plot Title: 5B2C,3473,7/11/26 16:00,74.271,
Plot Title: 5B2C,3474,7/11/26 16:15,74.446,
Plot Title: 5B2C,3475,7/11/26 16:30,73.926,
Plot Title: 5B2C,3476,7/11/26 16:45,72.718,
Plot Title: 5B2C,3477,7/11/26 17:00,71.339,
Plot Title: 5B2C,3478,7/11/26 17:15,70.137,
Plot Title: 5B2C,3479,7/11/26 17:30,68.934,
Plot Title: 5B2C,3480,7/11/26 17:45,67.221,
Plot Title: 5B2C,3481,7/11/26 18:00,65.851,
Plot Title: 5B2C,3482,7/11/26 18:15,64.825,
Plot Title: 5B2C,3483,7/11/26 18:30,63.968,
Plot Title: 5B2C,3484,7/11/26 18:45,63.111,
Plot Title: 5B2C,3485,7/11/26 19:00,62.425,
Plot Title: 5B2C,3486,7/11/26 19:15,61.741,
Plot Title: 5B2C,3487,7/11/26 19:30,61.227,
Plot Title: 5B2C,3488,7/11/26 19:45,60.539,
Plot Title: 5B2C,3489,7/11/26 20:00,60.024,
Plot Title: 5B2C,3490,7/11/26 20:15,59.68,
Plot Title: 5B2C,3491,7/11/26 20:30,59.164,
Plot Title: 5B2C,3492,7/11/26 20:45,58.82,
Plot Title: 5B2C,3493,7/11/26 21:00,58.303,
Plot Title: 5B2C,3494,7/11/26 21:15,57.958,
Plot Title: 5B2C,3495,7/11/26 21:30,57.441,
Plot Title: 5B2C,3496,7/11/26 21:45,57.096,
Plot Title: 5B2C,3497,7/11/26 22:00,56.75,
Plot Title: 5B2C,3498,7/11/26 22:15,56.404,
Plot Title: 5B2C,3499,7/11/26 22:30,56.057,
Plot Title: 5B2C,3500,7/11/26 22:45,55.711,
Plot Title: 5B2C,3501,7/11/26 23:00,55.364,
Plot Title: 5B2C,3502,7/11/26 23:15,55.189,
Plot Title: 5B2C,3503,7/11/26 23:30,54.842,
Plot Title: 5B2C,3504,7/11/26 23:45,54.495,
Plot Title: 5B2C,3505,7/12/26 00:00,54.322,
Plot Title: 5B2C,3506,7/12/26 00:15,53.973,
Plot Title: 5B2C,3507,7/12/26 00:30,53.798,
Plot Title: 5B2C,3508,7/12/26 00:45,53.449,
Plot Title: 5B2C,3509,7/12/26 01:00,53.1,
Plot Title: 5B2C,3510,7/12/26 01:15,52.925,
Plot Title: 5B2C,3511,7/12/26 01:30,52.75,
Plot Title: 5B2C,3512,7/12/26 01:45,52.576,
Plot Title: 5B2C,3513,7/12/26 02:00,52.401,
Plot Title: 5B2C,3514,7/12/26 02:15,52.401,
Plot Title: 5B2C,3515,7/12/26 02:30,52.225,
Plot Title: 5B2C,3516,7/12/26 02:45,52.05,
Plot Title: 5B2C,3517,7/12/26 03:00,52.05,
Plot Title: 5B2C,3518,7/12/26 03:15,51.874,
Plot Title: 5B2C,3519,7/12/26 03:30,51.874,
Plot Title: 5B2C,3520,7/12/26 03:45,51.874,
Plot Title: 5B2C,3521,7/12/26 04:00,51.874,
Plot Title: 5B2C,3522,7/12/26 04:15,51.874,
Plot Title: 5B2C,3523,7/12/26 04:30,51.874,
Plot Title: 5B2C,3524,7/12/26 04:45,51.699,
Plot Title: 5B2C,3525,7/12/26 05:00,51.699,
Plot Title: 5B2C,3526,7/12/26 05:15,51.523,
Plot Title: 5B2C,3527,7/12/26 05:30,51.346,
Plot Title: 5B2C,3528,7/12/26 05:45,51.346,
Plot Title: 5B2C,3529,7/12/26 06:00,51.523,
Plot Title: 5B2C,3530,7/12/26 06:15,51.523,
Plot Title: 5B2C,3531,7/12/26 06:30,51.699,
Plot Title: 5B2C,3532,7/12/26 06:45,51.874,
Plot Title: 5B2C,3533,7/12/26 07:00,52.05,
Plot Title: 5B2C,3534,7/12/26 07:15,52.75,
Plot Title: 5B2C,3535,7/12/26 07:30,53.449,
Plot Title: 5B2C,3536,7/12/26 07:45,55.364,
Plot Title: 5B2C,3537,7/12/26 08:00,57.096,
Plot Title: 5B2C,3538,7/12/26 08:15,59.508,
Plot Title: 5B2C,3539,7/12/26 08:30,62.254,
Plot Title: 5B2C,3540,7/12/26 08:45,63.968,
Plot Title: 5B2C,3541,7/12/26 09:00,65.68,
Plot Title: 5B2C,3542,7/12/26 09:15,68.421,
Plot Title: 5B2C,3543,7/12/26 09:30,70.824,
Plot Title: 5B2C,3544,7/12/26 09:45,71.512,
Plot Title: 5B2C,3545,7/12/26 10:00,70.651,
Plot Title: 5B2C,3546,7/12/26 10:15,69.449,
Plot Title: 5B2C,3547,7/12/26 10:30,69.278,
Plot Title: 5B2C,3548,7/12/26 10:45,69.622,
Plot Title: 5B2C,3549,7/12/26 11:00,69.278,
Plot Title: 5B2C,3550,7/12/26 11:15,68.421,
Plot Title: 5B2C,3551,7/12/26 11:30,67.906,
Plot Title: 5B2C,3552,7/12/26 11:45,67.392,
Plot Title: 5B2C,3553,7/12/26 12:00,68.077,
Plot Title: 5B2C,3554,7/12/26 12:15,68.248,
Plot Title: 5B2C,3555,7/12/26 12:30,67.906,
Plot Title: 5B2C,3556,7/12/26 12:45,67.735,
Plot Title: 5B2C,3557,7/12/26 13:00,67.392,
Plot Title: 5B2C,3558,7/12/26 13:15,68.077,
Plot Title: 5B2C,3559,7/12/26 13:30,68.077,
Plot Title: 5B2C,3560,7/12/26 13:45,67.221,
Plot Title: 5B2C,3561,7/12/26 14:00,66.879,
Plot Title: 5B2C,3562,7/12/26 14:15,67.221,
Plot Title: 5B2C,3563,7/12/26 14:30,71.339,
Plot Title: 5B2C,3564,7/12/26 14:45,74.271,
Plot Title: 5B2C,3565,7/12/26 15:00,76.354,
Plot Title: 5B2C,3566,7/12/26 15:15,76.354,
Plot Title: 5B2C,3567,7/12/26 15:30,76.181,
Plot Title: 5B2C,3568,7/12/26 15:45,76.181,
Plot Title: 5B2C,3569,7/12/26 16:00,75.312,
Plot Title: 5B2C,3570,7/12/26 16:15,75.312,
Plot Title: 5B2C,3571,7/12/26 16:30,74.791,
Plot Title: 5B2C,3572,7/12/26 16:45,74.446,
Plot Title: 5B2C,3573,7/12/26 17:00,73.753,
Plot Title: 5B2C,3574,7/12/26 17:15,72.891,
Plot Title: 5B2C,3575,7/12/26 17:30,71.856,
Plot Title: 5B2C,3576,7/12/26 17:45,70.651,
Plot Title: 5B2C,3577,7/12/26 18:00,69.793,
Plot Title: 5B2C,3578,7/12/26 18:15,69.107,
Plot Title: 5B2C,3579,7/12/26 18:30,68.077,
Plot Title: 5B2C,3580,7/12/26 18:45,67.392,
Plot Title: 5B2C,3581,7/12/26 19:00,66.708,
Plot Title: 5B2C,3582,7/12/26 19:15,65.851,
Plot Title: 5B2C,3583,7/12/26 19:30,65.167,
Plot Title: 5B2C,3584,7/12/26 19:45,64.481,
Plot Title: 5B2C,3585,7/12/26 20:00,63.797,
Plot Title: 5B2C,3586,7/12/26 20:15,62.94,
Plot Title: 5B2C,3587,7/12/26 20:30,62.425,
Plot Title: 5B2C,3588,7/12/26 20:45,61.912,
Plot Title: 5B2C,3589,7/12/26 21:00,61.227,
Plot Title: 5B2C,3590,7/12/26 21:15,60.712,
Plot Title: 5B2C,3591,7/12/26 21:30,60.195,
Plot Title: 5B2C,3592,7/12/26 21:45,59.68,
Plot Title: 5B2C,3593,7/12/26 22:00,59.164,
Plot Title: 5B2C,3594,7/12/26 22:15,58.82,
Plot Title: 5B2C,3595,7/12/26 22:30,58.303,
Plot Title: 5B2C,3596,7/12/26 22:45,57.958,
Plot Title: 5B2C,3597,7/12/26 23:00,57.614,
Plot Title: 5B2C,3598,7/12/26 23:15,57.268,
Plot Title: 5B2C,3599,7/12/26 23:30,56.923,
Plot Title: 5B2C,3600,7/12/26 23:45,56.577,
Plot Title: 5B2C,3601,7/13/26 00:00,56.404,
Plot Title: 5B2C,3602,7/13/26 00:15,56.057,
Plot Title: 5B2C,3603,7/13/26 00:30,55.884,
Plot Title: 5B2C,3604,7/13/26 00:45,55.537,
Plot Title: 5B2C,3605,7/13/26 01:00,55.364,
Plot Title: 5B2C,3606,7/13/26 01:15,55.017,
Plot Title: 5B2C,3607,7/13/26 01:30,54.669,
Plot Title: 5B2C,3608,7/13/26 01:45,54.495,
Plot Title: 5B2C,3609,7/13/26 02:00,54.147,
Plot Title: 5B2C,3610,7/13/26 02:15,53.798,
Plot Title: 5B2C,3611,7/13/26 02:30,53.623,
Plot Title: 5B2C,3612,7/13/26 02:45,53.274,
Plot Title: 5B2C,3613,7/13/26 03:00,53.1,
Plot Title: 5B2C,3614,7/13/26 03:15,52.925,
Plot Title: 5B2C,3615,7/13/26 03:30,52.75,
Plot Title: 5B2C,3616,7/13/26 03:45,52.576,
Plot Title: 5B2C,3617,7/13/26 04:00,52.401,
Plot Title: 5B2C,3618,7/13/26 04:15,52.05,
Plot Title: 5B2C,3619,7/13/26 04:30,51.874,
Plot Title: 5B2C,3620,7/13/26 04:45,51.699,
Plot Title: 5B2C,3621,7/13/26 05:00,51.699,
Plot Title: 5B2C,3622,7/13/26 05:15,51.523,
Plot Title: 5B2C,3623,7/13/26 05:30,51.346,
Plot Title: 5B2C,3624,7/13/26 05:45,51.346,
Plot Title: 5B2C,3625,7/13/26 06:00,51.346,
Plot Title: 5B2C,3626,7/13/26 06:15,51.346,
Plot Title: 5B2C,3627,7/13/26 06:30,51.523,
Plot Title: 5B2C,3628,7/13/26 06:45,51.699,
Plot Title: 5B2C,3629,7/13/26 07:00,52.225,
Plot Title: 5B2C,3630,7/13/26 07:15,52.925,
Plot Title: 5B2C,3631,7/13/26 07:30,53.274,
Plot Title: 5B2C,3632,7/13/26 07:45,55.017,
Plot Title: 5B2C,3633,7/13/26 08:00,56.923,
Plot Title: 5B2C,3634,7/13/26 08:15,60.024,
Plot Title: 5B2C,3635,7/13/26 08:30,62.598,
Plot Title: 5B2C,3636,7/13/26 08:45,65.338,
Plot Title: 5B2C,3637,7/13/26 09:00,68.077,
Plot Title: 5B2C,3638,7/13/26 09:15,70.308,
Plot Title: 5B2C,3639,7/13/26 09:30,72.028,
Plot Title: 5B2C,3640,7/13/26 09:45,72.718,
Plot Title: 5B2C,3641,7/13/26 10:00,71.339,
Plot Title: 5B2C,3642,7/13/26 10:15,69.622,
Plot Title: 5B2C,3643,7/13/26 10:30,69.107,
Plot Title: 5B2C,3644,7/13/26 10:45,69.449,
Plot Title: 5B2C,3645,7/13/26 11:00,68.077,
Plot Title: 5B2C,3646,7/13/26 11:15,66.879,
Plot Title: 5B2C,3647,7/13/26 11:30,66.193,
Plot Title: 5B2C,3648,7/13/26 11:45,65.338,
Plot Title: 5B2C,3649,7/13/26 12:00,67.392,
Plot Title: 5B2C,3650,7/13/26 12:15,68.248,
Plot Title: 5B2C,3651,7/13/26 12:30,67.05,
Plot Title: 5B2C,3652,7/13/26 12:45,66.193,
Plot Title: 5B2C,3653,7/13/26 13:00,65.68,
Plot Title: 5B2C,3654,7/13/26 13:15,67.392,
Plot Title: 5B2C,3655,7/13/26 13:30,67.392,
Plot Title: 5B2C,3656,7/13/26 13:45,66.537,
Plot Title: 5B2C,3657,7/13/26 14:00,66.022,
Plot Title: 5B2C,3658,7/13/26 14:15,66.708,
Plot Title: 5B2C,3659,7/13/26 14:30,70.651,
Plot Title: 5B2C,3660,7/13/26 14:45,73.753,
Plot Title: 5B2C,3661,7/13/26 15:00,75.484,
Plot Title: 5B2C,3662,7/13/26 15:15,76.703,
Plot Title: 5B2C,3663,7/13/26 15:30,77.225,
Plot Title: 5B2C,3664,7/13/26 15:45,77.4,
Plot Title: 5B2C,3665,7/13/26 16:00,76.528,
Plot Title: 5B2C,3666,7/13/26 16:15,76.006,
Plot Title: 5B2C,3667,7/13/26 16:30,74.619,
Plot Title: 5B2C,3668,7/13/26 16:45,74.271,
Plot Title: 5B2C,3669,7/13/26 17:00,73.407,
Plot Title: 5B2C,3670,7/13/26 17:15,72.372,
Plot Title: 5B2C,3671,7/13/26 17:30,71.339,
Plot Title: 5B2C,3672,7/13/26 17:45,70.137,
Plot Title: 5B2C,3673,7/13/26 18:00,69.107,
Plot Title: 5B2C,3674,7/13/26 18:15,67.735,
Plot Title: 5B2C,3675,7/13/26 18:30,66.537,
Plot Title: 5B2C,3676,7/13/26 18:45,65.68,
Plot Title: 5B2C,3677,7/13/26 19:00,64.825,
Plot Title: 5B2C,3678,7/13/26 19:15,63.968,
Plot Title: 5B2C,3679,7/13/26 19:30,63.455,
Plot Title: 5B2C,3680,7/13/26 19:45,62.769,
Plot Title: 5B2C,3681,7/13/26 20:00,62.254,
Plot Title: 5B2C,3682,7/13/26 20:15,61.741,
Plot Title: 5B2C,3683,7/13/26 20:30,61.227,
Plot Title: 5B2C,3684,7/13/26 20:45,60.539,
Plot Title: 5B2C,3685,7/13/26 21:00,60.024,
Plot Title: 5B2C,3686,7/13/26 21:15,59.508,
Plot Title: 5B2C,3687,7/13/26 21:30,59.337,
Plot Title: 5B2C,3688,7/13/26 21:45,59.337,
Plot Title: 5B2C,3689,7/13/26 22:00,59.337,
Plot Title: 5B2C,3690,7/13/26 22:15,57.958,
Plot Title: 5B2C,3691,7/13/26 22:30,56.75,
Plot Title: 5B2C,3692,7/13/26 22:45,56.404,
Plot Title: 5B2C,3693,7/13/26 23:00,56.23,
Plot Title: 5B2C,3694,7/13/26 23:15,55.884,
Plot Title: 5B2C,3695,7/13/26 23:30,55.711,
Plot Title: 5B2C,3696,7/13/26 23:45,55.537,
Plot Title: 5B2C,3697,7/14/26 00:00,55.364,
Plot Title: 5B2C,3698,7/14/26 00:15,55.017,
Plot Title: 5B2C,3699,7/14/26 00:30,54.842,
Plot Title: 5B2C,3700,7/14/26 00:45,54.669,
Plot Title: 5B2C,3701,7/14/26 01:00,54.322,
Plot Title: 5B2C,3702,7/14/26 01:15,54.147,
Plot Title: 5B2C,3703,7/14/26 01:30,53.973,
Plot Title: 5B2C,3704,7/14/26 01:45,53.798,
Plot Title: 5B2C,3705,7/14/26 02:00,53.623,
Plot Title: 5B2C,3706,7/14/26 02:15,53.274,
Plot Title: 5B2C,3707,7/14/26 02:30,53.1,
Plot Title: 5B2C,3708,7/14/26 02:45,52.925,
Plot Title: 5B2C,3709,7/14/26 03:00,52.75,
Plot Title: 5B2C,3710,7/14/26 03:15,52.576,
Plot Title: 5B2C,3711,7/14/26 03:30,52.401,
Plot Title: 5B2C,3712,7/14/26 03:45,52.225,
Plot Title: 5B2C,3713,7/14/26 04:00,52.05,
Plot Title: 5B2C,3714,7/14/26 04:15,51.874,
Plot Title: 5B2C,3715,7/14/26 04:30,51.699,
Plot Title: 5B2C,3716,7/14/26 04:45,51.699,
Plot Title: 5B2C,3717,7/14/26 05:00,51.523,
Plot Title: 5B2C,3718,7/14/26 05:15,51.346,
Plot Title: 5B2C,3719,7/14/26 05:30,51.172,
Plot Title: 5B2C,3720,7/14/26 05:45,51.172,
Plot Title: 5B2C,3721,7/14/26 06:00,51.172,
Plot Title: 5B2C,3722,7/14/26 06:15,51.523,
Plot Title: 5B2C,3723,7/14/26 06:30,51.874,
Plot Title: 5B2C,3724,7/14/26 06:45,52.225,
Plot Title: 5B2C,3725,7/14/26 07:00,52.401,
Plot Title: 5B2C,3726,7/14/26 07:15,53.274,
Plot Title: 5B2C,3727,7/14/26 07:30,54.495,
Plot Title: 5B2C,3728,7/14/26 07:45,56.577,
Plot Title: 5B2C,3729,7/14/26 08:00,58.647,
Plot Title: 5B2C,3730,7/14/26 08:15,61.912,
Plot Title: 5B2C,3731,7/14/26 08:30,62.425,
Plot Title: 5B2C,3732,7/14/26 08:45,65.338,
Plot Title: 5B2C,3733,7/14/26 09:00,67.906,
Plot Title: 5B2C,3734,7/14/26 09:15,68.934,
Plot Title: 5B2C,3735,7/14/26 09:30,70.824,
Plot Title: 5B2C,3736,7/14/26 09:45,70.995,
Plot Title: 5B2C,3737,7/14/26 10:00,70.48,
Plot Title: 5B2C,3738,7/14/26 10:15,69.449,
Plot Title: 5B2C,3739,7/14/26 10:30,69.793,
Plot Title: 5B2C,3740,7/14/26 10:45,70.48,
Plot Title: 5B2C,3741,7/14/26 11:00,69.964,
Plot Title: 5B2C,3742,7/14/26 11:15,70.137,
Plot Title: 5B2C,3743,7/14/26 11:30,70.137,
Plot Title: 5B2C,3744,7/14/26 11:45,69.964,
Plot Title: 5B2C,3745,7/14/26 12:00,71.168,
Plot Title: 5B2C,3746,7/14/26 12:15,72.028,
Plot Title: 5B2C,3747,7/14/26 12:30,71.339,
Plot Title: 5B2C,3748,7/14/26 12:45,70.651,
Plot Title: 5B2C,3749,7/14/26 13:00,70.651,
Plot Title: 5B2C,3750,7/14/26 13:15,70.651,
Plot Title: 5B2C,3751,7/14/26 13:30,70.48,
Plot Title: 5B2C,3752,7/14/26 13:45,68.763,
Plot Title: 5B2C,3753,7/14/26 14:00,67.906,
Plot Title: 5B2C,3754,7/14/26 14:15,68.763,
Plot Title: 5B2C,3755,7/14/26 14:30,69.449,
Plot Title: 5B2C,3756,7/14/26 14:45,71.856,
Plot Title: 5B2C,3757,7/14/26 15:00,74.098,
Plot Title: 5B2C,3758,7/14/26 15:15,74.964,
Plot Title: 5B2C,3759,7/14/26 15:30,74.791,
Plot Title: 5B2C,3760,7/14/26 15:45,74.619,
Plot Title: 5B2C,3761,7/14/26 16:00,73.58,
Plot Title: 5B2C,3762,7/14/26 16:15,73.58,
Plot Title: 5B2C,3763,7/14/26 16:30,73.062,
Plot Title: 5B2C,3764,7/14/26 16:45,72.718,
Plot Title: 5B2C,3765,7/14/26 17:00,72.199,
Plot Title: 5B2C,3766,7/14/26 17:15,71.168,
Plot Title: 5B2C,3767,7/14/26 17:30,70.137,
Plot Title: 5B2C,3768,7/14/26 17:45,68.592,
Plot Title: 5B2C,3769,7/14/26 18:00,67.906,
Plot Title: 5B2C,3770,7/14/26 18:15,67.906,
Plot Title: 5B2C,3771,7/14/26 18:30,67.564,
Plot Title: 5B2C,3772,7/14/26 18:45,66.537,
Plot Title: 5B2C,3773,7/14/26 19:00,65.338,
Plot Title: 5B2C,3774,7/14/26 19:15,64.481,
Plot Title: 5B2C,3775,7/14/26 19:30,63.626,
Plot Title: 5B2C,3776,7/14/26 19:45,63.282,
Plot Title: 5B2C,3777,7/14/26 20:00,62.94,
Plot Title: 5B2C,3778,7/14/26 20:15,62.425,
Plot Title: 5B2C,3779,7/14/26 20:30,61.912,
Plot Title: 5B2C,3780,7/14/26 20:45,61.569,
Plot Title: 5B2C,3781,7/14/26 21:00,61.054,
Plot Title: 5B2C,3782,7/14/26 21:15,60.368,
Plot Title: 5B2C,3783,7/14/26 21:30,59.851,
Plot Title: 5B2C,3784,7/14/26 21:45,59.337,
Plot Title: 5B2C,3785,7/14/26 22:00,58.82,
Plot Title: 5B2C,3786,7/14/26 22:15,58.303,
Plot Title: 5B2C,3787,7/14/26 22:30,57.785,
Plot Title: 5B2C,3788,7/14/26 22:45,57.268,
Plot Title: 5B2C,3789,7/14/26 23:00,56.923,
Plot Title: 5B2C,3790,7/14/26 23:15,56.923,
Plot Title: 5B2C,3791,7/14/26 23:30,57.096,
Plot Title: 5B2C,3792,7/14/26 23:45,56.923,
Plot Title: 5B2C,3793,7/15/26 00:00,56.75,
Plot Title: 5B2C,3794,7/15/26 00:15,56.75,
Plot Title: 5B2C,3795,7/15/26 00:30,56.404,
Plot Title: 5B2C,3796,7/15/26 00:45,56.057,
Plot Title: 5B2C,3797,7/15/26 01:00,55.711,
Plot Title: 5B2C,3798,7/15/26 01:15,55.364,
Plot Title: 5B2C,3799,7/15/26 01:30,55.189,
Plot Title: 5B2C,3800,7/15/26 01:45,55.189,
Plot Title: 5B2C,3801,7/15/26 02:00,55.364,
Plot Title: 5B2C,3802,7/15/26 02:15,55.364,
Plot Title: 5B2C,3803,7/15/26 02:30,55.189,
Plot Title: 5B2C,3804,7/15/26 02:45,55.189,
Plot Title: 5B2C,3805,7/15/26 03:00,55.189,
Plot Title: 5B2C,3806,7/15/26 03:15,55.364,
Plot Title: 5B2C,3807,7/15/26 03:30,55.189,
Plot Title: 5B2C,3808,7/15/26 03:45,55.189,
Plot Title: 5B2C,3809,7/15/26 04:00,55.017,
Plot Title: 5B2C,3810,7/15/26 04:15,54.842,
Plot Title: 5B2C,3811,7/15/26 04:30,54.669,
Plot Title: 5B2C,3812,7/15/26 04:45,54.322,
Plot Title: 5B2C,3813,7/15/26 05:00,53.798,
Plot Title: 5B2C,3814,7/15/26 05:15,53.449,
Plot Title: 5B2C,3815,7/15/26 05:30,53.274,
Plot Title: 5B2C,3816,7/15/26 05:45,53.1,
Plot Title: 5B2C,3817,7/15/26 06:00,52.925,
Plot Title: 5B2C,3818,7/15/26 06:15,52.925,
Plot Title: 5B2C,3819,7/15/26 06:30,52.925,
Plot Title: 5B2C,3820,7/15/26 06:45,53.449,
Plot Title: 5B2C,3821,7/15/26 07:00,54.147,
Plot Title: 5B2C,3822,7/15/26 07:15,54.495,
Plot Title: 5B2C,3823,7/15/26 07:30,54.842,
Plot Title: 5B2C,3824,7/15/26 07:45,55.189,
Plot Title: 5B2C,3825,7/15/26 08:00,55.537,
Plot Title: 5B2C,3826,7/15/26 08:15,56.23,
Plot Title: 5B2C,3827,7/15/26 08:30,56.75,
Plot Title: 5B2C,3828,7/15/26 08:45,57.096,
Plot Title: 5B2C,3829,7/15/26 09:00,57.268,
Plot Title: 5B2C,3830,7/15/26 09:15,57.614,
Plot Title: 5B2C,3831,7/15/26 09:30,58.131,
Plot Title: 5B2C,3832,7/15/26 09:45,58.476,
Plot Title: 5B2C,3833,7/15/26 10:00,58.647,
Plot Title: 5B2C,3834,7/15/26 10:15,59.164,
Plot Title: 5B2C,3835,7/15/26 10:30,60.024,
Plot Title: 5B2C,3836,7/15/26 10:45,61.569,
Plot Title: 5B2C,3837,7/15/26 11:00,61.227,
Plot Title: 5B2C,3838,7/15/26 11:15,60.368,
Plot Title: 5B2C,3839,7/15/26 11:30,59.68,
Plot Title: 5B2C,3840,7/15/26 11:45,58.993,
Plot Title: 5B2C,3841,7/15/26 12:00,58.476,
Plot Title: 5B2C,3842,7/15/26 12:15,58.131,
Plot Title: 5B2C,3843,7/15/26 12:30,58.303,
Plot Title: 5B2C,3844,7/15/26 12:45,58.303,
Plot Title: 5B2C,3845,7/15/26 13:00,57.614,
Plot Title: 5B2C,3846,7/15/26 13:15,57.268,
Plot Title: 5B2C,3847,7/15/26 13:30,57.096,
Plot Title: 5B2C,3848,7/15/26 13:45,57.441,
Plot Title: 5B2C,3849,7/15/26 14:00,58.303,
Plot Title: 5B2C,3850,7/15/26 14:15,59.851,
Plot Title: 5B2C,3851,7/15/26 14:30,62.083,
Plot Title: 5B2C,3852,7/15/26 14:45,67.564,
Plot Title: 5B2C,3853,7/15/26 15:00,70.137,
Plot Title: 5B2C,3854,7/15/26 15:15,69.793,
Plot Title: 5B2C,3855,7/15/26 15:30,70.651,
Plot Title: 5B2C,3856,7/15/26 15:45,70.308,
Plot Title: 5B2C,3857,7/15/26 16:00,69.278,
Plot Title: 5B2C,3858,7/15/26 16:15,69.449,
Plot Title: 5B2C,3859,7/15/26 16:30,69.278,
Plot Title: 5B2C,3860,7/15/26 16:45,68.592,
Plot Title: 5B2C,3861,7/15/26 17:00,67.392,
Plot Title: 5B2C,3862,7/15/26 17:15,66.537,
Plot Title: 5B2C,3863,7/15/26 17:30,65.851,
Plot Title: 5B2C,3864,7/15/26 17:45,64.825,
Plot Title: 5B2C,3865,7/15/26 18:00,63.282,
Plot Title: 5B2C,3866,7/15/26 18:15,62.425,
Plot Title: 5B2C,3867,7/15/26 18:30,62.254,
Plot Title: 5B2C,3868,7/15/26 18:45,61.741,
Plot Title: 5B2C,3869,7/15/26 19:00,61.054,
Plot Title: 5B2C,3870,7/15/26 19:15,60.539,
Plot Title: 5B2C,3871,7/15/26 19:30,60.024,
Plot Title: 5B2C,3872,7/15/26 19:45,59.508,
Plot Title: 5B2C,3873,7/15/26 20:00,59.164,
Plot Title: 5B2C,3874,7/15/26 20:15,58.647,
Plot Title: 5B2C,3875,7/15/26 20:30,58.131,
Plot Title: 5B2C,3876,7/15/26 20:45,57.614,
Plot Title: 5B2C,3877,7/15/26 21:00,57.268,
Plot Title: 5B2C,3878,7/15/26 21:15,56.923,
Plot Title: 5B2C,3879,7/15/26 21:30,56.577,
Plot Title: 5B2C,3880,7/15/26 21:45,56.057,
Plot Title: 5B2C,3881,7/15/26 22:00,55.884,
Plot Title: 5B2C,3882,7/15/26 22:15,55.884,
Plot Title: 5B2C,3883,7/15/26 22:30,55.711,
Plot Title: 5B2C,3884,7/15/26 22:45,55.364,
Plot Title: 5B2C,3885,7/15/26 23:00,55.189,
Plot Title: 5B2C,3886,7/15/26 23:15,55.189,
Plot Title: 5B2C,3887,7/15/26 23:30,55.189,
Plot Title: 5B2C,3888,7/15/26 23:45,55.189,
Plot Title: 5B2C,3889,7/16/26 00:00,55.017,
Plot Title: 5B2C,3890,7/16/26 00:15,54.842,
Plot Title: 5B2C,3891,7/16/26 00:30,54.495,
Plot Title: 5B2C,3892,7/16/26 00:45,54.147,
Plot Title: 5B2C,3893,7/16/26 01:00,54.147,
Plot Title: 5B2C,3894,7/16/26 01:15,53.798,
Plot Title: 5B2C,3895,7/16/26 01:30,53.623,
Plot Title: 5B2C,3896,7/16/26 01:45,53.623,
Plot Title: 5B2C,3897,7/16/26 02:00,53.449,
Plot Title: 5B2C,3898,7/16/26 02:15,53.274,
Plot Title: 5B2C,3899,7/16/26 02:30,53.274,
Plot Title: 5B2C,3900,7/16/26 02:45,53.1,
Plot Title: 5B2C,3901,7/16/26 03:00,52.925,
Plot Title: 5B2C,3902,7/16/26 03:15,52.576,
Plot Title: 5B2C,3903,7/16/26 03:30,52.401,
Plot Title: 5B2C,3904,7/16/26 03:45,52.225,
Plot Title: 5B2C,3905,7/16/26 04:00,52.05,
Plot Title: 5B2C,3906,7/16/26 04:15,51.874,
Plot Title: 5B2C,3907,7/16/26 04:30,51.699,
Plot Title: 5B2C,3908,7/16/26 04:45,51.523,
Plot Title: 5B2C,3909,7/16/26 05:00,51.346,
Plot Title: 5B2C,3910,7/16/26 05:15,51.172,
Plot Title: 5B2C,3911,7/16/26 05:30,51.172,
Plot Title: 5B2C,3912,7/16/26 05:45,50.995,
Plot Title: 5B2C,3913,7/16/26 06:00,50.819,
Plot Title: 5B2C,3914,7/16/26 06:15,50.819,
Plot Title: 5B2C,3915,7/16/26 06:30,50.995,
Plot Title: 5B2C,3916,7/16/26 06:45,51.346,
Plot Title: 5B2C,3917,7/16/26 07:00,51.699,
Plot Title: 5B2C,3918,7/16/26 07:15,52.75,
Plot Title: 5B2C,3919,7/16/26 07:30,53.798,
Plot Title: 5B2C,3920,7/16/26 07:45,55.711,
Plot Title: 5B2C,3921,7/16/26 08:00,57.958,
Plot Title: 5B2C,3922,7/16/26 08:15,60.195,
Plot Title: 5B2C,3923,7/16/26 08:30,62.425,
Plot Title: 5B2C,3924,7/16/26 08:45,65.338,
Plot Title: 5B2C,3925,7/16/26 09:00,68.421,
Plot Title: 5B2C,3926,7/16/26 09:15,70.824,
Plot Title: 5B2C,3927,7/16/26 09:30,71.683,
Plot Title: 5B2C,3928,7/16/26 09:45,72.545,
Plot Title: 5B2C,3929,7/16/26 10:00,70.308,
Plot Title: 5B2C,3930,7/16/26 10:15,69.622,
Plot Title: 5B2C,3931,7/16/26 10:30,71.168,
Plot Title: 5B2C,3932,7/16/26 10:45,72.199,
Plot Title: 5B2C,3933,7/16/26 11:00,69.793,
Plot Title: 5B2C,3934,7/16/26 11:15,68.592,
Plot Title: 5B2C,3935,7/16/26 11:30,67.392,
Plot Title: 5B2C,3936,7/16/26 11:45,66.366,
Plot Title: 5B2C,3937,7/16/26 12:00,65.167,
Plot Title: 5B2C,3938,7/16/26 12:15,66.537,
Plot Title: 5B2C,3939,7/16/26 12:30,65.509,
Plot Title: 5B2C,3940,7/16/26 12:45,64.825,
Plot Title: 5B2C,3941,7/16/26 13:00,64.825,
Plot Title: 5B2C,3942,7/16/26 13:15,64.652,
Plot Title: 5B2C,3943,7/16/26 13:30,65.851,
Plot Title: 5B2C,3944,7/16/26 13:45,66.022,
Plot Title: 5B2C,3945,7/16/26 14:00,65.68,
Plot Title: 5B2C,3946,7/16/26 14:15,65.338,
Plot Title: 5B2C,3947,7/16/26 14:30,64.481,
Plot Title: 5B2C,3948,7/16/26 14:45,67.221,
Plot Title: 5B2C,3949,7/16/26 15:00,68.763,
Plot Title: 5B2C,3950,7/16/26 15:15,70.651,
Plot Title: 5B2C,3951,7/16/26 15:30,69.793,
Plot Title: 5B2C,3952,7/16/26 15:45,69.449,
Plot Title: 5B2C,3953,7/16/26 16:00,69.449,
Plot Title: 5B2C,3954,7/16/26 16:15,68.934,
Plot Title: 5B2C,3955,7/16/26 16:30,68.077,
Plot Title: 5B2C,3956,7/16/26 16:45,67.906,
Plot Title: 5B2C,3957,7/16/26 17:00,68.248,
Plot Title: 5B2C,3958,7/16/26 17:15,68.421,
Plot Title: 5B2C,3959,7/16/26 17:30,68.077,
Plot Title: 5B2C,3960,7/16/26 17:45,67.221,
Plot Title: 5B2C,3961,7/16/26 18:00,66.366,
Plot Title: 5B2C,3962,7/16/26 18:15,65.68,
Plot Title: 5B2C,3963,7/16/26 18:30,64.652,
Plot Title: 5B2C,3964,7/16/26 18:45,63.968,
Plot Title: 5B2C,3965,7/16/26 19:00,63.111,
Plot Title: 5B2C,3966,7/16/26 19:15,62.425,
Plot Title: 5B2C,3967,7/16/26 19:30,61.912,
Plot Title: 5B2C,3968,7/16/26 19:45,61.569,
Plot Title: 5B2C,3969,7/16/26 20:00,61.054,
Plot Title: 5B2C,3970,7/16/26 20:15,60.883,
Plot Title: 5B2C,3971,7/16/26 20:30,60.539,
Plot Title: 5B2C,3972,7/16/26 20:45,60.195,
Plot Title: 5B2C,3973,7/16/26 21:00,59.68,
Plot Title: 5B2C,3974,7/16/26 21:15,58.993,
Plot Title: 5B2C,3975,7/16/26 21:30,58.476,
Plot Title: 5B2C,3976,7/16/26 21:45,57.958,
Plot Title: 5B2C,3977,7/16/26 22:00,57.614,
Plot Title: 5B2C,3978,7/16/26 22:15,57.268,
Plot Title: 5B2C,3979,7/16/26 22:30,57.096,
Plot Title: 5B2C,3980,7/16/26 22:45,57.096,
Plot Title: 5B2C,3981,7/16/26 23:00,57.096,
Plot Title: 5B2C,3982,7/16/26 23:15,57.096,
Plot Title: 5B2C,3983,7/16/26 23:30,57.268,
Plot Title: 5B2C,3984,7/16/26 23:45,57.268,
Plot Title: 5B2C,3985,7/17/26 00:00,57.096,
Plot Title: 5B2C,3986,7/17/26 00:15,57.096,
Plot Title: 5B2C,3987,7/17/26 00:30,56.923,
Plot Title: 5B2C,3988,7/17/26 00:45,56.923,
Plot Title: 5B2C,3989,7/17/26 01:00,56.75,
Plot Title: 5B2C,3990,7/17/26 01:15,56.404,
Plot Title: 5B2C,3991,7/17/26 01:30,56.23,
Plot Title: 5B2C,3992,7/17/26 01:45,55.884,
Plot Title: 5B2C,3993,7/17/26 02:00,55.884,
Plot Title: 5B2C,3994,7/17/26 02:15,55.711,
Plot Title: 5B2C,3995,7/17/26 02:30,55.537,
Plot Title: 5B2C,3996,7/17/26 02:45,55.364,
Plot Title: 5B2C,3997,7/17/26 03:00,55.017,
Plot Title: 5B2C,3998,7/17/26 03:15,54.842,
Plot Title: 5B2C,3999,7/17/26 03:30,54.495,
Plot Title: 5B2C,4000,7/17/26 03:45,54.322,
Plot Title: 5B2C,4001,7/17/26 04:00,54.147,
Plot Title: 5B2C,4002,7/17/26 04:15,53.973,
Plot Title: 5B2C,4003,7/17/26 04:30,53.973,
Plot Title: 5B2C,4004,7/17/26 04:45,53.973,
Plot Title: 5B2C,4005,7/17/26 05:00,53.973,
Plot Title: 5B2C,4006,7/17/26 05:15,53.798,
Plot Title: 5B2C,4007,7/17/26 05:30,53.623,
Plot Title: 5B2C,4008,7/17/26 05:45,53.623,
Plot Title: 5B2C,4009,7/17/26 06:00,53.623,
Plot Title: 5B2C,4010,7/17/26 06:15,53.623,
Plot Title: 5B2C,4011,7/17/26 06:30,53.623,
Plot Title: 5B2C,4012,7/17/26 06:45,53.798,
Plot Title: 5B2C,4013,7/17/26 07:00,53.798,
Plot Title: 5B2C,4014,7/17/26 07:15,53.973,
Plot Title: 5B2C,4015,7/17/26 07:30,54.147,
Plot Title: 5B2C,4016,7/17/26 07:45,54.669,
Plot Title: 5B2C,4017,7/17/26 08:00,55.711,
Plot Title: 5B2C,4018,7/17/26 08:15,56.75,
Plot Title: 5B2C,4019,7/17/26 08:30,57.958,
Plot Title: 5B2C,4020,7/17/26 08:45,59.508,
Plot Title: 5B2C,4021,7/17/26 09:00,61.741,
Plot Title: 5B2C,4022,7/17/26 09:15,62.94,
Plot Title: 5B2C,4023,7/17/26 09:30,62.598,
Plot Title: 5B2C,4024,7/17/26 09:45,62.254,
Plot Title: 5B2C,4025,7/17/26 10:00,61.912,
Plot Title: 5B2C,4026,7/17/26 10:15,62.083,
Plot Title: 5B2C,4027,7/17/26 10:30,63.797,
Plot Title: 5B2C,4028,7/17/26 10:45,65.509,
Plot Title: 5B2C,4029,7/17/26 11:00,65.509,
Plot Title: 5B2C,4030,7/17/26 11:15,64.996,
Plot Title: 5B2C,4031,7/17/26 11:30,65.509,
Plot Title: 5B2C,4032,7/17/26 11:45,66.022,
Plot Title: 5B2C,4033,7/17/26 12:00,67.05,
Plot Title: 5B2C,4034,7/17/26 12:15,67.735,
Plot Title: 5B2C,4035,7/17/26 12:30,66.022,
Plot Title: 5B2C,4036,7/17/26 12:45,64.996,
Plot Title: 5B2C,4037,7/17/26 13:00,64.139,
Plot Title: 5B2C,4038,7/17/26 13:15,64.31,
Plot Title: 5B2C,4039,7/17/26 13:30,64.825,
Plot Title: 5B2C,4040,7/17/26 13:45,64.139,
Plot Title: 5B2C,4041,7/17/26 14:00,63.968,
Plot Title: 5B2C,4042,7/17/26 14:15,64.652,
Plot Title: 5B2C,4043,7/17/26 14:30,65.167,
Plot Title: 5B2C,4044,7/17/26 14:45,65.68,
Plot Title: 5B2C,4045,7/17/26 15:00,68.077,
Plot Title: 5B2C,4046,7/17/26 15:15,72.372,
Plot Title: 5B2C,4047,7/17/26 15:30,73.926,
Plot Title: 5B2C,4048,7/17/26 15:45,72.028,
Plot Title: 5B2C,4049,7/17/26 16:00,69.964,
Plot Title: 5B2C,4050,7/17/26 16:15,67.906,
Plot Title: 5B2C,4051,7/17/26 16:30,67.05,
Plot Title: 5B2C,4052,7/17/26 16:45,65.851,
Plot Title: 5B2C,4053,7/17/26 17:00,65.167,
Plot Title: 5B2C,4054,7/17/26 17:15,64.996,
Plot Title: 5B2C,4055,7/17/26 17:30,64.825,
Plot Title: 5B2C,4056,7/17/26 17:45,64.481,
Plot Title: 5B2C,4057,7/17/26 18:00,63.282,
Plot Title: 5B2C,4058,7/17/26 18:15,62.254,
Plot Title: 5B2C,4059,7/17/26 18:30,61.227,
Plot Title: 5B2C,4060,7/17/26 18:45,60.539,
Plot Title: 5B2C,4061,7/17/26 19:00,60.368,
Plot Title: 5B2C,4062,7/17/26 19:15,61.054,
Plot Title: 5B2C,4063,7/17/26 19:30,61.227,
Plot Title: 5B2C,4064,7/17/26 19:45,61.054,
Plot Title: 5B2C,4065,7/17/26 20:00,60.712,
Plot Title: 5B2C,4066,7/17/26 20:15,60.195,
Plot Title: 5B2C,4067,7/17/26 20:30,59.68,
Plot Title: 5B2C,4068,7/17/26 20:45,58.993,
Plot Title: 5B2C,4069,7/17/26 21:00,58.476,
Plot Title: 5B2C,4070,7/17/26 21:15,58.131,
Plot Title: 5B2C,4071,7/17/26 21:30,57.785,
Plot Title: 5B2C,4072,7/17/26 21:45,57.441,
Plot Title: 5B2C,4073,7/17/26 22:00,57.441,
Plot Title: 5B2C,4074,7/17/26 22:15,57.268,
Plot Title: 5B2C,4075,7/17/26 22:30,57.096,
Plot Title: 5B2C,4076,7/17/26 22:45,53.623,
Plot Title: 5B2C,4077,7/17/26 23:00,53.973,
Plot Title: 5B2C,4078,7/17/26 23:15,53.623,
Plot Title: 5B2C,4079,7/17/26 23:30,53.1,
Plot Title: 5B2C,4080,7/17/26 23:45,53.449,
Plot Title: 5B2C,4081,7/18/26 00:00,53.798,
Plot Title: 5B2C,4082,7/18/26 00:15,53.973,
Plot Title: 5B2C,4083,7/18/26 00:30,53.798,
Plot Title: 5B2C,4084,7/18/26 00:45,53.623,
Plot Title: 5B2C,4085,7/18/26 01:00,53.449,
Plot Title: 5B2C,4086,7/18/26 01:15,53.449,
Plot Title: 5B2C,4087,7/18/26 01:30,53.274,
Plot Title: 5B2C,4088,7/18/26 01:45,53.1,
Plot Title: 5B2C,4089,7/18/26 02:00,52.925,
Plot Title: 5B2C,4090,7/18/26 02:15,52.576,
Plot Title: 5B2C,4091,7/18/26 02:30,52.05,
Plot Title: 5B2C,4092,7/18/26 02:45,52.225,
Plot Title: 5B2C,4093,7/18/26 03:00,52.225,
Plot Title: 5B2C,4094,7/18/26 03:15,52.05,
Plot Title: 5B2C,4095,7/18/26 03:30,51.874,
Plot Title: 5B2C,4096,7/18/26 03:45,52.225,
Plot Title: 5B2C,4097,7/18/26 04:00,52.225,
Plot Title: 5B2C,4098,7/18/26 04:15,51.874,
Plot Title: 5B2C,4099,7/18/26 04:30,51.346,
Plot Title: 5B2C,4100,7/18/26 04:45,50.995,
Plot Title: 5B2C,4101,7/18/26 05:00,50.643,
Plot Title: 5B2C,4102,7/18/26 05:15,50.643,
Plot Title: 5B2C,4103,7/18/26 05:30,50.466,
Plot Title: 5B2C,4104,7/18/26 05:45,50.29,
Plot Title: 5B2C,4105,7/18/26 06:00,50.113,
Plot Title: 5B2C,4106,7/18/26 06:15,49.937,
Plot Title: 5B2C,4107,7/18/26 06:30,50.113,
Plot Title: 5B2C,4108,7/18/26 06:45,50.466,
Plot Title: 5B2C,4109,7/18/26 07:00,51.346,
Plot Title: 5B2C,4110,7/18/26 07:15,52.05,
Plot Title: 5B2C,4111,7/18/26 07:30,53.973,
Plot Title: 5B2C,4112,7/18/26 07:45,56.057,
Plot Title: 5B2C,4113,7/18/26 08:00,58.82,
Plot Title: 5B2C,4114,7/18/26 08:15,60.883,
Plot Title: 5B2C,4115,7/18/26 08:30,64.652,
Plot Title: 5B2C,4116,7/18/26 08:45,68.248,
Plot Title: 5B2C,4117,7/18/26 09:00,71.683,
Plot Title: 5B2C,4118,7/18/26 09:15,71.168,
Plot Title: 5B2C,4119,7/18/26 09:30,78.624,
Plot Title: 5B2C,4120,7/18/26 09:45,70.995,
Plot Title: 5B2C,4121,7/18/26 10:00,72.718,
Plot Title: 5B2C,4122,7/18/26 10:15,76.354,
Plot Title: 5B2C,4123,7/18/26 10:30,78.274,
Plot Title: 5B2C,4124,7/18/26 10:45,73.407,
Plot Title: 5B2C,4125,7/18/26 11:00,71.168,
Plot Title: 5B2C,4126,7/18/26 11:15,70.824,
Plot Title: 5B2C,4127,7/18/26 11:30,70.48,
Plot Title: 5B2C,4128,7/18/26 11:45,68.248,
Plot Title: 5B2C,4129,7/18/26 12:00,71.512,
Plot Title: 5B2C,4130,7/18/26 12:15,68.592,
Plot Title: 5B2C,4131,7/18/26 12:30,66.537,
Plot Title: 5B2C,4132,7/18/26 12:45,65.509,
Plot Title: 5B2C,4133,7/18/26 13:00,64.996,
Plot Title: 5B2C,4134,7/18/26 13:15,67.392,
Plot Title: 5B2C,4135,7/18/26 13:30,65.851,
Plot Title: 5B2C,4136,7/18/26 13:45,64.481,
Plot Title: 5B2C,4137,7/18/26 14:00,63.797,
Plot Title: 5B2C,4138,7/18/26 14:15,67.564,
Plot Title: 5B2C,4139,7/18/26 14:30,75.139,
Plot Title: 5B2C,4140,7/18/26 14:45,78.098,
Plot Title: 5B2C,4141,7/18/26 15:00,80.382,
Plot Title: 5B2C,4142,7/18/26 15:15,80.029,
Plot Title: 5B2C,4143,7/18/26 15:30,76.006,
Plot Title: 5B2C,4144,7/18/26 15:45,76.181,
Plot Title: 5B2C,4145,7/18/26 16:00,73.407,
Plot Title: 5B2C,4146,7/18/26 16:15,72.891,
Plot Title: 5B2C,4147,7/18/26 16:30,72.028,
Plot Title: 5B2C,4148,7/18/26 16:45,70.824,
Plot Title: 5B2C,4149,7/18/26 17:00,69.449,
Plot Title: 5B2C,4150,7/18/26 17:15,69.278,
Plot Title: 5B2C,4151,7/18/26 17:30,68.592,
Plot Title: 5B2C,4152,7/18/26 17:45,68.077,
Plot Title: 5B2C,4153,7/18/26 18:00,67.05,
Plot Title: 5B2C,4154,7/18/26 18:15,65.851,
Plot Title: 5B2C,4155,7/18/26 18:30,64.825,
Plot Title: 5B2C,4156,7/18/26 18:45,63.797,
Plot Title: 5B2C,4157,7/18/26 19:00,62.425,
Plot Title: 5B2C,4158,7/18/26 19:15,60.024,
Plot Title: 5B2C,4159,7/18/26 19:30,58.993,
Plot Title: 5B2C,4160,7/18/26 19:45,58.303,
Plot Title: 5B2C,4161,7/18/26 20:00,57.785,
Plot Title: 5B2C,4162,7/18/26 20:15,57.268,
Plot Title: 5B2C,4163,7/18/26 20:30,56.577,
Plot Title: 5B2C,4164,7/18/26 20:45,56.404,
Plot Title: 5B2C,4165,7/18/26 21:00,56.057,
Plot Title: 5B2C,4166,7/18/26 21:15,55.537,
Plot Title: 5B2C,4167,7/18/26 21:30,54.669,
Plot Title: 5B2C,4168,7/18/26 21:45,54.147,
Plot Title: 5B2C,4169,7/18/26 22:00,53.623,
Plot Title: 5B2C,4170,7/18/26 22:15,53.449,
Plot Title: 5B2C,4171,7/18/26 22:30,53.623,
Plot Title: 5B2C,4172,7/18/26 22:45,53.274,
Plot Title: 5B2C,4173,7/18/26 23:00,53.274,
Plot Title: 5B2C,4174,7/18/26 23:15,53.449,
Plot Title: 5B2C,4175,7/18/26 23:30,53.623,
Plot Title: 5B2C,4176,7/18/26 23:45,53.798,
Plot Title: 5B2C,4177,7/19/26 00:00,53.973,
Plot Title: 5B2C,4178,7/19/26 00:15,53.798,
Plot Title: 5B2C,4179,7/19/26 00:30,53.449,
Plot Title: 5B2C,4180,7/19/26 00:45,53.449,
Plot Title: 5B2C,4181,7/19/26 01:00,53.449,
Plot Title: 5B2C,4182,7/19/26 01:15,53.274,
Plot Title: 5B2C,4183,7/19/26 01:30,53.274,
Plot Title: 5B2C,4184,7/19/26 01:45,53.274,
Plot Title: 5B2C,4185,7/19/26 02:00,53.1,
Plot Title: 5B2C,4186,7/19/26 02:15,52.401,
Plot Title: 5B2C,4187,7/19/26 02:30,51.874,
Plot Title: 5B2C,4188,7/19/26 02:45,51.523,
Plot Title: 5B2C,4189,7/19/26 03:00,51.172,
Plot Title: 5B2C,4190,7/19/26 03:15,50.995,
Plot Title: 5B2C,4191,7/19/26 03:30,50.819,
Plot Title: 5B2C,4192,7/19/26 03:45,50.819,
Plot Title: 5B2C,4193,7/19/26 04:00,50.643,
Plot Title: 5B2C,4194,7/19/26 04:15,50.643,
Plot Title: 5B2C,4195,7/19/26 04:30,50.466,
Plot Title: 5B2C,4196,7/19/26 04:45,50.466,
Plot Title: 5B2C,4197,7/19/26 05:00,50.466,
Plot Title: 5B2C,4198,7/19/26 05:15,50.29,
Plot Title: 5B2C,4199,7/19/26 05:30,50.113,
Plot Title: 5B2C,4200,7/19/26 05:45,50.113,
Plot Title: 5B2C,4201,7/19/26 06:00,50.113,
Plot Title: 5B2C,4202,7/19/26 06:15,50.29,
Plot Title: 5B2C,4203,7/19/26 06:30,50.466,
Plot Title: 5B2C,4204,7/19/26 06:45,50.819,
Plot Title: 5B2C,4205,7/19/26 07:00,51.699,
Plot Title: 5B2C,4206,7/19/26 07:15,52.401,
Plot Title: 5B2C,4207,7/19/26 07:30,54.147,
Plot Title: 5B2C,4208,7/19/26 07:45,55.884,
Plot Title: 5B2C,4209,7/19/26 08:00,58.647,
Plot Title: 5B2C,4210,7/19/26 08:15,61.054,
Plot Title: 5B2C,4211,7/19/26 08:30,64.652,
Plot Title: 5B2C,4212,7/19/26 08:45,69.278,
Plot Title: 5B2C,4213,7/19/26 09:00,71.168,
Plot Title: 5B2C,4214,7/19/26 09:15,72.028,
Plot Title: 5B2C,4215,7/19/26 09:30,76.181,
Plot Title: 5B2C,4216,7/19/26 09:45,69.278,
Plot Title: 5B2C,4217,7/19/26 10:00,70.48,
Plot Title: 5B2C,4218,7/19/26 10:15,76.354,
Plot Title: 5B2C,4219,7/19/26 10:30,79.326,
Plot Title: 5B2C,4220,7/19/26 10:45,73.753,
Plot Title: 5B2C,4221,7/19/26 11:00,68.934,
Plot Title: 5B2C,4222,7/19/26 11:15,68.592,
Plot Title: 5B2C,4223,7/19/26 11:30,65.68,
Plot Title: 5B2C,4224,7/19/26 11:45,64.481,
Plot Title: 5B2C,4225,7/19/26 12:00,68.763,
Plot Title: 5B2C,4226,7/19/26 12:15,66.193,
Plot Title: 5B2C,4227,7/19/26 12:30,64.652,
Plot Title: 5B2C,4228,7/19/26 12:45,63.626,
Plot Title: 5B2C,4229,7/19/26 13:00,64.139,
Plot Title: 5B2C,4230,7/19/26 13:15,65.68,
Plot Title: 5B2C,4231,7/19/26 13:30,65.167,
Plot Title: 5B2C,4232,7/19/26 13:45,64.825,
Plot Title: 5B2C,4233,7/19/26 14:00,64.825,
Plot Title: 5B2C,4234,7/19/26 14:15,70.48,
Plot Title: 5B2C,4235,7/19/26 14:30,77.749,
Plot Title: 5B2C,4236,7/19/26 14:45,81.797,
Plot Title: 5B2C,4237,7/19/26 15:00,82.33,
Plot Title: 5B2C,4238,7/19/26 15:15,81.266,
Plot Title: 5B2C,4239,7/19/26 15:30,80.559,
Plot Title: 5B2C,4240,7/19/26 15:45,78.098,
Plot Title: 5B2C,4241,7/19/26 16:00,75.659,
Plot Title: 5B2C,4242,7/19/26 16:15,77.225,
Plot Title: 5B2C,4243,7/19/26 16:30,76.354,
Plot Title: 5B2C,4244,7/19/26 16:45,74.446,
Plot Title: 5B2C,4245,7/19/26 17:00,73.926,
Plot Title: 5B2C,4246,7/19/26 17:15,71.856,
Plot Title: 5B2C,4247,7/19/26 17:30,69.278,
Plot Title: 5B2C,4248,7/19/26 17:45,67.221,
Plot Title: 5B2C,4249,7/19/26 18:00,66.022,
Plot Title: 5B2C,4250,7/19/26 18:15,66.193,
Plot Title: 5B2C,4251,7/19/26 18:30,65.68,
Plot Title: 5B2C,4252,7/19/26 18:45,65.509,
Plot Title: 5B2C,4253,7/19/26 19:00,64.652,
Plot Title: 5B2C,4254,7/19/26 19:15,63.968,
Plot Title: 5B2C,4255,7/19/26 19:30,63.111,
Plot Title: 5B2C,4256,7/19/26 19:45,62.425,
Plot Title: 5B2C,4257,7/19/26 20:00,61.227,
Plot Title: 5B2C,4258,7/19/26 20:15,60.195,
Plot Title: 5B2C,4259,7/19/26 20:30,59.164,
Plot Title: 5B2C,4260,7/19/26 20:45,58.82,
Plot Title: 5B2C,4261,7/19/26 21:00,58.476,
Plot Title: 5B2C,4262,7/19/26 21:15,58.131,
Plot Title: 5B2C,4263,7/19/26 21:30,57.958,
Plot Title: 5B2C,4264,7/19/26 21:45,56.923,
Plot Title: 5B2C,4265,7/19/26 22:00,56.057,
Plot Title: 5B2C,4266,7/19/26 22:15,55.364,
Plot Title: 5B2C,4267,7/19/26 22:30,55.017,
Plot Title: 5B2C,4268,7/19/26 22:45,54.495,
Plot Title: 5B2C,4269,7/19/26 23:00,54.322,
Plot Title: 5B2C,4270,7/19/26 23:15,54.147,
Plot Title: 5B2C,4271,7/19/26 23:30,53.973,
Plot Title: 5B2C,4272,7/19/26 23:45,53.623,
Plot Title: 5B2C,4273,7/20/26 00:00,53.274,
Plot Title: 5B2C,4274,7/20/26 00:15,52.925,
Plot Title: 5B2C,4275,7/20/26 00:30,52.576,
Plot Title: 5B2C,4276,7/20/26 00:45,52.401,
Plot Title: 5B2C,4277,7/20/26 01:00,52.225,
Plot Title: 5B2C,4278,7/20/26 01:15,51.874,
Plot Title: 5B2C,4279,7/20/26 01:30,51.699,
Plot Title: 5B2C,4280,7/20/26 01:45,51.172,
Plot Title: 5B2C,4281,7/20/26 02:00,50.995,
Plot Title: 5B2C,4282,7/20/26 02:15,50.643,
Plot Title: 5B2C,4283,7/20/26 02:30,50.466,
Plot Title: 5B2C,4284,7/20/26 02:45,50.29,
Plot Title: 5B2C,4285,7/20/26 03:00,50.113,
Plot Title: 5B2C,4286,7/20/26 03:15,49.937,
Plot Title: 5B2C,4287,7/20/26 03:30,49.759,
Plot Title: 5B2C,4288,7/20/26 03:45,49.759,
Plot Title: 5B2C,4289,7/20/26 04:00,49.582,
Plot Title: 5B2C,4290,7/20/26 04:15,49.404,
Plot Title: 5B2C,4291,7/20/26 04:30,49.228,
Plot Title: 5B2C,4292,7/20/26 04:45,49.228,
Plot Title: 5B2C,4293,7/20/26 05:00,49.05,
Plot Title: 5B2C,4294,7/20/26 05:15,48.871,
Plot Title: 5B2C,4295,7/20/26 05:30,48.871,
Plot Title: 5B2C,4296,7/20/26 05:45,48.695,
Plot Title: 5B2C,4297,7/20/26 06:00,48.517,
Plot Title: 5B2C,4298,7/20/26 06:15,48.695,
Plot Title: 5B2C,4299,7/20/26 06:30,49.759,
Plot Title: 5B2C,4300,7/20/26 06:45,50.643,
Plot Title: 5B2C,4301,7/20/26 07:00,50.995,
Plot Title: 5B2C,4302,7/20/26 07:15,51.699,
Plot Title: 5B2C,4303,7/20/26 07:30,53.449,
Plot Title: 5B2C,4304,7/20/26 07:45,56.23,
Plot Title: 5B2C,4305,7/20/26 08:00,55.364,
Plot Title: 5B2C,4306,7/20/26 08:15,60.368,
Plot Title: 5B2C,4307,7/20/26 08:30,65.338,
Plot Title: 5B2C,4308,7/20/26 08:45,66.708,
Plot Title: 5B2C,4309,7/20/26 09:00,65.509,
Plot Title: 5B2C,4310,7/20/26 09:15,74.619,
Plot Title: 5B2C,4311,7/20/26 09:30,70.651,
Plot Title: 5B2C,4312,7/20/26 09:45,68.421,
Plot Title: 5B2C,4313,7/20/26 10:00,69.278,
Plot Title: 5B2C,4314,7/20/26 10:15,68.592,
Plot Title: 5B2C,4315,7/20/26 10:30,68.077,
Plot Title: 5B2C,4316,7/20/26 10:45,68.934,
Plot Title: 5B2C,4317,7/20/26 11:00,69.622,
Plot Title: 5B2C,4318,7/20/26 11:15,69.278,
Plot Title: 5B2C,4319,7/20/26 11:30,67.392,
Plot Title: 5B2C,4320,7/20/26 11:45,68.763,
Plot Title: 5B2C,4321,7/20/26 12:00,69.793,
Plot Title: 5B2C,4322,7/20/26 12:15,68.592,
Plot Title: 5B2C,4323,7/20/26 12:30,72.372,
Plot Title: 5B2C,4324,7/20/26 12:45,72.028,
Plot Title: 5B2C,4325,7/20/26 13:00,73.062,
Plot Title: 5B2C,4326,7/20/26 13:15,75.484,
Plot Title: 5B2C,4327,7/20/26 13:30,71.683,
Plot Title: 5B2C,4328,7/20/26 13:45,68.248,
Plot Title: 5B2C,4329,7/20/26 14:00,67.05,
Plot Title: 5B2C,4330,7/20/26 14:15,71.512,
Plot Title: 5B2C,4331,7/20/26 14:30,73.926,
Plot Title: 5B2C,4332,7/20/26 14:45,75.659,
Plot Title: 5B2C,4333,7/20/26 15:00,75.139,
Plot Title: 5B2C,4334,7/20/26 15:15,73.753,
Plot Title: 5B2C,4335,7/20/26 15:30,76.703,
Plot Title: 5B2C,4336,7/20/26 15:45,74.791,
Plot Title: 5B2C,4337,7/20/26 16:00,73.753,
Plot Title: 5B2C,4338,7/20/26 16:15,72.372,
Plot Title: 5B2C,4339,7/20/26 16:30,72.028,
Plot Title: 5B2C,4340,7/20/26 16:45,70.651,
Plot Title: 5B2C,4341,7/20/26 17:00,69.964,
Plot Title: 5B2C,4342,7/20/26 17:15,72.372,
Plot Title: 5B2C,4343,7/20/26 17:30,71.168,
Plot Title: 5B2C,4344,7/20/26 17:45,69.793,
Plot Title: 5B2C,4345,7/20/26 18:00,68.421,
Plot Title: 5B2C,4346,7/20/26 18:15,67.221,
Plot Title: 5B2C,4347,7/20/26 18:30,64.825,
Plot Title: 5B2C,4348,7/20/26 18:45,63.455,
Plot Title: 5B2C,4349,7/20/26 19:00,64.139,
Plot Title: 5B2C,4350,7/20/26 19:15,63.968,
Plot Title: 5B2C,4351,7/20/26 19:30,63.282,
Plot Title: 5B2C,4352,7/20/26 19:45,62.254,
Plot Title: 5B2C,4353,7/20/26 20:00,61.398,
Plot Title: 5B2C,4354,7/20/26 20:15,60.539,
Plot Title: 5B2C,4355,7/20/26 20:30,59.851,
Plot Title: 5B2C,4356,7/20/26 20:45,58.82,
Plot Title: 5B2C,4357,7/20/26 21:00,58.476,
Plot Title: 5B2C,4358,7/20/26 21:15,57.958,
Plot Title: 5B2C,4359,7/20/26 21:30,57.268,
Plot Title: 5B2C,4360,7/20/26 21:45,57.268,
Plot Title: 5B2C,4361,7/20/26 22:00,56.75,
Plot Title: 5B2C,4362,7/20/26 22:15,55.711,
Plot Title: 5B2C,4363,7/20/26 22:30,55.711,
Plot Title: 5B2C,4364,7/20/26 22:45,55.537,
Plot Title: 5B2C,4365,7/20/26 23:00,54.495,
Plot Title: 5B2C,4366,7/20/26 23:15,53.798,
Plot Title: 5B2C,4367,7/20/26 23:30,53.449,
Plot Title: 5B2C,4368,7/20/26 23:45,52.925,
Plot Title: 5B2C,4369,7/21/26 00:00,52.576,
Plot Title: 5B2C,4370,7/21/26 00:15,52.225,
Plot Title: 5B2C,4371,7/21/26 00:30,51.874,
Plot Title: 5B2C,4372,7/21/26 00:45,51.699,
Plot Title: 5B2C,4373,7/21/26 01:00,51.523,
Plot Title: 5B2C,4374,7/21/26 01:15,51.346,
Plot Title: 5B2C,4375,7/21/26 01:30,51.172,
Plot Title: 5B2C,4376,7/21/26 01:45,50.995,
Plot Title: 5B2C,4377,7/21/26 02:00,50.819,
Plot Title: 5B2C,4378,7/21/26 02:15,50.819,
Plot Title: 5B2C,4379,7/21/26 02:30,50.643,
Plot Title: 5B2C,4380,7/21/26 02:45,50.466,
Plot Title: 5B2C,4381,7/21/26 03:00,50.29,
Plot Title: 5B2C,4382,7/21/26 03:15,50.113,
Plot Title: 5B2C,4383,7/21/26 03:30,50.466,
Plot Title: 5B2C,4384,7/21/26 03:45,50.643,
Plot Title: 5B2C,4385,7/21/26 04:00,50.29,
Plot Title: 5B2C,4386,7/21/26 04:15,50.466,
Plot Title: 5B2C,4387,7/21/26 04:30,51.346,
Plot Title: 5B2C,4388,7/21/26 04:45,51.523,
Plot Title: 5B2C,4389,7/21/26 05:00,51.874,
Plot Title: 5B2C,4390,7/21/26 05:15,51.874,
Plot Title: 5B2C,4391,7/21/26 05:30,52.05,
Plot Title: 5B2C,4392,7/21/26 05:45,52.225,
Plot Title: 5B2C,4393,7/21/26 06:00,51.874,
Plot Title: 5B2C,4394,7/21/26 06:15,52.05,
Plot Title: 5B2C,4395,7/21/26 06:30,52.225,
Plot Title: 5B2C,4396,7/21/26 06:45,52.225,
Plot Title: 5B2C,4397,7/21/26 07:00,52.401,
Plot Title: 5B2C,4398,7/21/26 07:15,52.576,
Plot Title: 5B2C,4399,7/21/26 07:30,53.449,
Plot Title: 5B2C,4400,7/21/26 07:45,54.495,
Plot Title: 5B2C,4401,7/21/26 08:00,55.537,
Plot Title: 5B2C,4402,7/21/26 08:15,56.23,
Plot Title: 5B2C,4403,7/21/26 08:30,57.785,
Plot Title: 5B2C,4404,7/21/26 08:45,66.879,
Plot Title: 5B2C,4405,7/21/26 09:00,65.167,
Plot Title: 5B2C,4406,7/21/26 09:15,62.598,
Plot Title: 5B2C,4407,7/21/26 09:30,62.425,
Plot Title: 5B2C,4408,7/21/26 09:45,62.94,
Plot Title: 5B2C,4409,7/21/26 10:00,61.398,
Plot Title: 5B2C,4410,7/21/26 10:15,61.227,
Plot Title: 5B2C,4411,7/21/26 10:30,64.139,
Plot Title: 5B2C,4412,7/21/26 10:45,62.425,
Plot Title: 5B2C,4413,7/21/26 11:00,61.227,
Plot Title: 5B2C,4414,7/21/26 11:15,60.195,
Plot Title: 5B2C,4415,7/21/26 11:30,59.164,
Plot Title: 5B2C,4416,7/21/26 11:45,59.68,
Plot Title: 5B2C,4417,7/21/26 12:00,60.024,
Plot Title: 5B2C,4418,7/21/26 12:15,59.851,
Plot Title: 5B2C,4419,7/21/26 12:30,61.398,
Plot Title: 5B2C,4420,7/21/26 12:45,60.712,
Plot Title: 5B2C,4421,7/21/26 13:00,59.851,
Plot Title: 5B2C,4422,7/21/26 13:15,59.508,
Plot Title: 5B2C,4423,7/21/26 13:30,58.993,
Plot Title: 5B2C,4424,7/21/26 13:45,58.82,
Plot Title: 5B2C,4425,7/21/26 14:00,58.993,
Plot Title: 5B2C,4426,7/21/26 14:15,58.993,
Plot Title: 5B2C,4427,7/21/26 14:30,58.993,
Plot Title: 5B2C,4428,7/21/26 14:45,60.539,
Plot Title: 5B2C,4429,7/21/26 15:00,63.968,
Plot Title: 5B2C,4430,7/21/26 15:15,68.248,
Plot Title: 5B2C,4431,7/21/26 15:30,71.339,
Plot Title: 5B2C,4432,7/21/26 15:45,70.48,
Plot Title: 5B2C,4433,7/21/26 16:00,70.308,
Plot Title: 5B2C,4434,7/21/26 16:15,69.622,
Plot Title: 5B2C,4435,7/21/26 16:30,69.449,
Plot Title: 5B2C,4436,7/21/26 16:45,68.248,
Plot Title: 5B2C,4437,7/21/26 17:00,67.392,
Plot Title: 5B2C,4438,7/21/26 17:15,67.221,
Plot Title: 5B2C,4439,7/21/26 17:30,66.366,
Plot Title: 5B2C,4440,7/21/26 17:45,64.481,
Plot Title: 5B2C,4441,7/21/26 18:00,63.626,
Plot Title: 5B2C,4442,7/21/26 18:15,63.626,
Plot Title: 5B2C,4443,7/21/26 18:30,63.455,
Plot Title: 5B2C,4444,7/21/26 18:45,63.455,
Plot Title: 5B2C,4445,7/21/26 19:00,63.797,
Plot Title: 5B2C,4446,7/21/26 19:15,62.94,
Plot Title: 5B2C,4447,7/21/26 19:30,61.054,
Plot Title: 5B2C,4448,7/21/26 19:45,59.851,
Plot Title: 5B2C,4449,7/21/26 20:00,59.68,
Plot Title: 5B2C,4450,7/21/26 20:15,59.508,
Plot Title: 5B2C,4451,7/21/26 20:30,58.993,
Plot Title: 5B2C,4452,7/21/26 20:45,58.476,
Plot Title: 5B2C,4453,7/21/26 21:00,57.958,
Plot Title: 5B2C,4454,7/21/26 21:15,57.614,
Plot Title: 5B2C,4455,7/21/26 21:30,57.441,
Plot Title: 5B2C,4456,7/21/26 21:45,57.268,
Plot Title: 5B2C,4457,7/21/26 22:00,57.096,
Plot Title: 5B2C,4458,7/21/26 22:15,57.096,
Plot Title: 5B2C,4459,7/21/26 22:30,57.096,
Plot Title: 5B2C,4460,7/21/26 22:45,56.923,
Plot Title: 5B2C,4461,7/21/26 23:00,56.75,
Plot Title: 5B2C,4462,7/21/26 23:15,56.577,
Plot Title: 5B2C,4463,7/21/26 23:30,56.057,
Plot Title: 5B2C,4464,7/21/26 23:45,55.711,
Plot Title: 5B2C,4465,7/22/26 00:00,55.364,
Plot Title: 5B2C,4466,7/22/26 00:15,55.017,
Plot Title: 5B2C,4467,7/22/26 00:30,55.189,
Plot Title: 5B2C,4468,7/22/26 00:45,55.537,
Plot Title: 5B2C,4469,7/22/26 01:00,55.537,
Plot Title: 5B2C,4470,7/22/26 01:15,55.189,
Plot Title: 5B2C,4471,7/22/26 01:30,54.842,
Plot Title: 5B2C,4472,7/22/26 01:45,54.322,
Plot Title: 5B2C,4473,7/22/26 02:00,53.798,
Plot Title: 5B2C,4474,7/22/26 02:15,53.449,
Plot Title: 5B2C,4475,7/22/26 02:30,53.623,
Plot Title: 5B2C,4476,7/22/26 02:45,53.623,
Plot Title: 5B2C,4477,7/22/26 03:00,53.274,
Plot Title: 5B2C,4478,7/22/26 03:15,53.798,
Plot Title: 5B2C,4479,7/22/26 03:30,53.798,
Plot Title: 5B2C,4480,7/22/26 03:45,53.274,
Plot Title: 5B2C,4481,7/22/26 04:00,53.449,
Plot Title: 5B2C,4482,7/22/26 04:15,53.798,
Plot Title: 5B2C,4483,7/22/26 04:30,53.973,
Plot Title: 5B2C,4484,7/22/26 04:45,53.973,
Plot Title: 5B2C,4485,7/22/26 05:00,53.973,
Plot Title: 5B2C,4486,7/22/26 05:15,53.798,
Plot Title: 5B2C,4487,7/22/26 05:30,53.1,
Plot Title: 5B2C,4488,7/22/26 05:45,52.576,
Plot Title: 5B2C,4489,7/22/26 06:00,52.225,
Plot Title: 5B2C,4490,7/22/26 06:15,51.874,
Plot Title: 5B2C,4491,7/22/26 06:30,51.699,
Plot Title: 5B2C,4492,7/22/26 06:45,51.874,
Plot Title: 5B2C,4493,7/22/26 07:00,52.75,
Plot Title: 5B2C,4494,7/22/26 07:15,53.623,
Plot Title: 5B2C,4495,7/22/26 07:30,55.884,
Plot Title: 5B2C,4496,7/22/26 07:45,58.303,
Plot Title: 5B2C,4497,7/22/26 08:00,61.227,
Plot Title: 5B2C,4498,7/22/26 08:15,60.883,
Plot Title: 5B2C,4499,7/22/26 08:30,61.398,
Plot Title: 5B2C,4500,7/22/26 08:45,66.366,
Plot Title: 5B2C,4501,7/22/26 09:00,69.622,
Plot Title: 5B2C,4502,7/22/26 09:15,71.856,
Plot Title: 5B2C,4503,7/22/26 09:30,71.339,
Plot Title: 5B2C,4504,7/22/26 09:45,70.824,
Plot Title: 5B2C,4505,7/22/26 10:00,72.372,
Plot Title: 5B2C,4506,7/22/26 10:15,73.926,
Plot Title: 5B2C,4507,7/22/26 10:30,81.09,
Plot Title: 5B2C,4508,7/22/26 10:45,74.964,
Plot Title: 5B2C,4509,7/22/26 11:00,72.545,
Plot Title: 5B2C,4510,7/22/26 11:15,70.995,
Plot Title: 5B2C,4511,7/22/26 11:30,69.964,
Plot Title: 5B2C,4512,7/22/26 11:45,68.934,
Plot Title: 5B2C,4513,7/22/26 12:00,68.077,
Plot Title: 5B2C,4514,7/22/26 12:15,67.392,
Plot Title: 5B2C,4515,7/22/26 12:30,67.392,
Plot Title: 5B2C,4516,7/22/26 12:45,67.906,
Plot Title: 5B2C,4517,7/22/26 13:00,67.906,
Plot Title: 5B2C,4518,7/22/26 13:15,67.906,
Plot Title: 5B2C,4519,7/22/26 13:30,72.028,
Plot Title: 5B2C,4520,7/22/26 13:45,70.995,
Plot Title: 5B2C,4521,7/22/26 14:00,69.622,
Plot Title: 5B2C,4522,7/22/26 14:15,73.926,
Plot Title: 5B2C,4523,7/22/26 14:30,77.4,
Plot Title: 5B2C,4524,7/22/26 14:45,78.8,
Plot Title: 5B2C,4525,7/22/26 15:00,73.58,
Plot Title: 5B2C,4526,7/22/26 15:15,68.248,
Plot Title: 5B2C,4527,7/22/26 15:30,64.31,
Plot Title: 5B2C,4528,7/22/26 15:45,63.626,
Plot Title: 5B2C,4529,7/22/26 16:00,63.282,
Plot Title: 5B2C,4530,7/22/26 16:15,63.797,
Plot Title: 5B2C,4531,7/22/26 16:30,62.769,
Plot Title: 5B2C,4532,7/22/26 16:45,63.111,
Plot Title: 5B2C,4533,7/22/26 17:00,63.797,
Plot Title: 5B2C,4534,7/22/26 17:15,63.111,
Plot Title: 5B2C,4535,7/22/26 17:30,61.912,
Plot Title: 5B2C,4536,7/22/26 17:45,61.227,
Plot Title: 5B2C,4537,7/22/26 18:00,60.883,
Plot Title: 5B2C,4538,7/22/26 18:15,60.712,
Plot Title: 5B2C,4539,7/22/26 18:30,59.508,
Plot Title: 5B2C,4540,7/22/26 18:45,59.164,
Plot Title: 5B2C,4541,7/22/26 19:00,58.647,
Plot Title: 5B2C,4542,7/22/26 19:15,58.131,
Plot Title: 5B2C,4543,7/22/26 19:30,57.441,
Plot Title: 5B2C,4544,7/22/26 19:45,57.096,
Plot Title: 5B2C,4545,7/22/26 20:00,56.577,
Plot Title: 5B2C,4546,7/22/26 20:15,56.23,
Plot Title: 5B2C,4547,7/22/26 20:30,56.057,
Plot Title: 5B2C,4548,7/22/26 20:45,55.711,
Plot Title: 5B2C,4549,7/22/26 21:00,55.364,
Plot Title: 5B2C,4550,7/22/26 21:15,55.189,
Plot Title: 5B2C,4551,7/22/26 21:30,54.842,
Plot Title: 5B2C,4552,7/22/26 21:45,54.842,
Plot Title: 5B2C,4553,7/22/26 22:00,54.669,
Plot Title: 5B2C,4554,7/22/26 22:15,54.495,
Plot Title: 5B2C,4555,7/22/26 22:30,54.495,
Plot Title: 5B2C,4556,7/22/26 22:45,54.322,
Plot Title: 5B2C,4557,7/22/26 23:00,54.147,
Plot Title: 5B2C,4558,7/22/26 23:15,54.147,
Plot Title: 5B2C,4559,7/22/26 23:30,53.973,
Plot Title: 5B2C,4560,7/22/26 23:45,53.798,
Plot Title: 5B2C,4561,7/23/26 00:00,53.623,
Plot Title: 5B2C,4562,7/23/26 00:15,53.623,
Plot Title: 5B2C,4563,7/23/26 00:30,53.449,
Plot Title: 5B2C,4564,7/23/26 00:45,53.274,
Plot Title: 5B2C,4565,7/23/26 01:00,52.925,
Plot Title: 5B2C,4566,7/23/26 01:15,52.576,
Plot Title: 5B2C,4567,7/23/26 01:30,52.75,
Plot Title: 5B2C,4568,7/23/26 01:45,52.75,
Plot Title: 5B2C,4569,7/23/26 02:00,52.576,
Plot Title: 5B2C,4570,7/23/26 02:15,52.225,
Plot Title: 5B2C,4571,7/23/26 02:30,52.05,
Plot Title: 5B2C,4572,7/23/26 02:45,52.05,
Plot Title: 5B2C,4573,7/23/26 03:00,51.874,
Plot Title: 5B2C,4574,7/23/26 03:15,51.699,
Plot Title: 5B2C,4575,7/23/26 03:30,51.699,
Plot Title: 5B2C,4576,7/23/26 03:45,51.874,
Plot Title: 5B2C,4577,7/23/26 04:00,51.874,
Plot Title: 5B2C,4578,7/23/26 04:15,51.523,
Plot Title: 5B2C,4579,7/23/26 04:30,51.346,
Plot Title: 5B2C,4580,7/23/26 04:45,51.523,
Plot Title: 5B2C,4581,7/23/26 05:00,51.523,
Plot Title: 5B2C,4582,7/23/26 05:15,51.523,
Plot Title: 5B2C,4583,7/23/26 05:30,51.523,
Plot Title: 5B2C,4584,7/23/26 05:45,51.346,
Plot Title: 5B2C,4585,7/23/26 06:00,51.172,
Plot Title: 5B2C,4586,7/23/26 06:15,50.995,
Plot Title: 5B2C,4587,7/23/26 06:30,50.995,
Plot Title: 5B2C,4588,7/23/26 06:45,50.995,
Plot Title: 5B2C,4589,7/23/26 07:00,52.05,
Plot Title: 5B2C,4590,7/23/26 07:15,52.925,
Plot Title: 5B2C,4591,7/23/26 07:30,54.147,
Plot Title: 5B2C,4592,7/23/26 07:45,54.842,
Plot Title: 5B2C,4593,7/23/26 08:00,57.958,
Plot Title: 5B2C,4594,7/23/26 08:15,60.368,
Plot Title: 5B2C,4595,7/23/26 08:30,64.481,
Plot Title: 5B2C,4596,7/23/26 08:45,63.797,
Plot Title: 5B2C,4597,7/23/26 09:00,67.906,
Plot Title: 5B2C,4598,7/23/26 09:15,68.763,
Plot Title: 5B2C,4599,7/23/26 09:30,66.537,
Plot Title: 5B2C,4600,7/23/26 09:45,65.509,
Plot Title: 5B2C,4601,7/23/26 10:00,66.708,
Plot Title: 5B2C,4602,7/23/26 10:15,64.652,
Plot Title: 5B2C,4603,7/23/26 10:30,65.167,
Plot Title: 5B2C,4604,7/23/26 10:45,66.537,
Plot Title: 5B2C,4605,7/23/26 11:00,66.366,
Plot Title: 5B2C,4606,7/23/26 11:15,67.906,
Plot Title: 5B2C,4607,7/23/26 11:30,67.906,
Plot Title: 5B2C,4608,7/23/26 11:45,66.879,
Plot Title: 5B2C,4609,7/23/26 12:00,64.31,
Plot Title: 5B2C,4610,7/23/26 12:15,63.968,
Plot Title: 5B2C,4611,7/23/26 12:30,65.68,
Plot Title: 5B2C,4612,7/23/26 12:45,66.193,
Plot Title: 5B2C,4613,7/23/26 13:00,64.996,
Plot Title: 5B2C,4614,7/23/26 13:15,66.366,
Plot Title: 5B2C,4615,7/23/26 13:30,67.564,
Plot Title: 5B2C,4616,7/23/26 13:45,68.934,
Plot Title: 5B2C,4617,7/23/26 14:00,67.221,
Plot Title: 5B2C,4618,7/23/26 14:15,70.308,
Plot Title: 5B2C,4619,7/23/26 14:30,72.891,
Plot Title: 5B2C,4620,7/23/26 14:45,75.312,
Plot Title: 5B2C,4621,7/23/26 15:00,71.856,
Plot Title: 5B2C,4622,7/23/26 15:15,71.339,
Plot Title: 5B2C,4623,7/23/26 15:30,73.926,
Plot Title: 5B2C,4624,7/23/26 15:45,71.168,
Plot Title: 5B2C,4625,7/23/26 16:00,71.512,
Plot Title: 5B2C,4626,7/23/26 16:15,70.995,
Plot Title: 5B2C,4627,7/23/26 16:30,71.168,
Plot Title: 5B2C,4628,7/23/26 16:45,70.48,
Plot Title: 5B2C,4629,7/23/26 17:00,69.278,
Plot Title: 5B2C,4630,7/23/26 17:15,68.592,
Plot Title: 5B2C,4631,7/23/26 17:30,68.421,
Plot Title: 5B2C,4632,7/23/26 17:45,68.248,
Plot Title: 5B2C,4633,7/23/26 18:00,67.906,
Plot Title: 5B2C,4634,7/23/26 18:15,65.851,
Plot Title: 5B2C,4635,7/23/26 18:30,64.31,
Plot Title: 5B2C,4636,7/23/26 18:45,62.94,
Plot Title: 5B2C,4637,7/23/26 19:00,61.912,
Plot Title: 5B2C,4638,7/23/26 19:15,61.054,
Plot Title: 5B2C,4639,7/23/26 19:30,60.195,
Plot Title: 5B2C,4640,7/23/26 19:45,59.508,
Plot Title: 5B2C,4641,7/23/26 20:00,58.993,
Plot Title: 5B2C,4642,7/23/26 20:15,58.303,
Plot Title: 5B2C,4643,7/23/26 20:30,57.785,
Plot Title: 5B2C,4644,7/23/26 20:45,57.268,
Plot Title: 5B2C,4645,7/23/26 21:00,56.577,
Plot Title: 5B2C,4646,7/23/26 21:15,56.057,
Plot Title: 5B2C,4647,7/23/26 21:30,55.711,
Plot Title: 5B2C,4648,7/23/26 21:45,55.364,
Plot Title: 5B2C,4649,7/23/26 22:00,55.189,
Plot Title: 5B2C,4650,7/23/26 22:15,54.842,
Plot Title: 5B2C,4651,7/23/26 22:30,54.669,
Plot Title: 5B2C,4652,7/23/26 22:45,54.322,
Plot Title: 5B2C,4653,7/23/26 23:00,54.147,
Plot Title: 5B2C,4654,7/23/26 23:15,53.798,
Plot Title: 5B2C,4655,7/23/26 23:30,53.623,
Plot Title: 5B2C,4656,7/23/26 23:45,53.449,
Plot Title: 5B2C,4657,7/24/26 00:00,53.274,
Plot Title: 5B2C,4658,7/24/26 00:15,53.1,
Plot Title: 5B2C,4659,7/24/26 00:30,52.925,
Plot Title: 5B2C,4660,7/24/26 00:45,52.925,
Plot Title: 5B2C,4661,7/24/26 01:00,52.925,
Plot Title: 5B2C,4662,7/24/26 01:15,52.925,
Plot Title: 5B2C,4663,7/24/26 01:30,53.274,
Plot Title: 5B2C,4664,7/24/26 01:45,53.274,
Plot Title: 5B2C,4665,7/24/26 02:00,53.449,
Plot Title: 5B2C,4666,7/24/26 02:15,53.1,
Plot Title: 5B2C,4667,7/24/26 02:30,52.401,
Plot Title: 5B2C,4668,7/24/26 02:45,52.05,
Plot Title: 5B2C,4669,7/24/26 03:00,52.05,
Plot Title: 5B2C,4670,7/24/26 03:15,51.874,
Plot Title: 5B2C,4671,7/24/26 03:30,51.874,
Plot Title: 5B2C,4672,7/24/26 03:45,51.874,
Plot Title: 5B2C,4673,7/24/26 04:00,51.874,
Plot Title: 5B2C,4674,7/24/26 04:15,51.874,
Plot Title: 5B2C,4675,7/24/26 04:30,51.699,
Plot Title: 5B2C,4676,7/24/26 04:45,51.699,
Plot Title: 5B2C,4677,7/24/26 05:00,51.523,
Plot Title: 5B2C,4678,7/24/26 05:15,51.523,
Plot Title: 5B2C,4679,7/24/26 05:30,51.346,
Plot Title: 5B2C,4680,7/24/26 05:45,51.346,
Plot Title: 5B2C,4681,7/24/26 06:00,51.172,
Plot Title: 5B2C,4682,7/24/26 06:15,51.172,
Plot Title: 5B2C,4683,7/24/26 06:30,51.172,
Plot Title: 5B2C,4684,7/24/26 06:45,51.346,
Plot Title: 5B2C,4685,7/24/26 07:00,52.225,
Plot Title: 5B2C,4686,7/24/26 07:15,52.576,
Plot Title: 5B2C,4687,7/24/26 07:30,54.322,
Plot Title: 5B2C,4688,7/24/26 07:45,56.23,
Plot Title: 5B2C,4689,7/24/26 08:00,58.303,
Plot Title: 5B2C,4690,7/24/26 08:15,61.227,
Plot Title: 5B2C,4691,7/24/26 08:30,65.68,
Plot Title: 5B2C,4692,7/24/26 08:45,70.308,
Plot Title: 5B2C,4693,7/24/26 09:00,72.028,
Plot Title: 5B2C,4694,7/24/26 09:15,73.062,
Plot Title: 5B2C,4695,7/24/26 09:30,72.891,
Plot Title: 5B2C,4696,7/24/26 09:45,69.622,
Plot Title: 5B2C,4697,7/24/26 10:00,77.4,
Plot Title: 5B2C,4698,7/24/26 10:15,83.935,
Plot Title: 5B2C,4699,7/24/26 10:30,83.043,
Plot Title: 5B2C,4700,7/24/26 10:45,72.545,
Plot Title: 5B2C,4701,7/24/26 11:00,71.168,
Plot Title: 5B2C,4702,7/24/26 11:15,69.622,
Plot Title: 5B2C,4703,7/24/26 11:30,67.906,
Plot Title: 5B2C,4704,7/24/26 11:45,67.906,
Plot Title: 5B2C,4705,7/24/26 12:00,69.449,
Plot Title: 5B2C,4706,7/24/26 12:15,68.763,
Plot Title: 5B2C,4707,7/24/26 12:30,67.392,
Plot Title: 5B2C,4708,7/24/26 12:45,66.366,
Plot Title: 5B2C,4709,7/24/26 13:00,65.851,
Plot Title: 5B2C,4710,7/24/26 13:15,68.077,
Plot Title: 5B2C,4711,7/24/26 13:30,68.934,
Plot Title: 5B2C,4712,7/24/26 13:45,67.735,
Plot Title: 5B2C,4713,7/24/26 14:00,67.735,
Plot Title: 5B2C,4714,7/24/26 14:15,71.168,
Plot Title: 5B2C,4715,7/24/26 14:30,80.029,
Plot Title: 5B2C,4716,7/24/26 14:45,83.221,
Plot Title: 5B2C,4717,7/24/26 15:00,84.115,
Plot Title: 5B2C,4718,7/24/26 15:15,83.579,
Plot Title: 5B2C,4719,7/24/26 15:30,81.621,
Plot Title: 5B2C,4720,7/24/26 15:45,79.502,
Plot Title: 5B2C,4721,7/24/26 16:00,78.098,
Plot Title: 5B2C,4722,7/24/26 16:15,76.181,
Plot Title: 5B2C,4723,7/24/26 16:30,75.139,
Plot Title: 5B2C,4724,7/24/26 16:45,74.271,
Plot Title: 5B2C,4725,7/24/26 17:00,72.028,
Plot Title: 5B2C,4726,7/24/26 17:15,71.168,
Plot Title: 5B2C,4727,7/24/26 17:30,69.622,
Plot Title: 5B2C,4728,7/24/26 17:45,68.077,
Plot Title: 5B2C,4729,7/24/26 18:00,68.077,
Plot Title: 5B2C,4730,7/24/26 18:15,67.221,
Plot Title: 5B2C,4731,7/24/26 18:30,66.366,
Plot Title: 5B2C,4732,7/24/26 18:45,66.879,
Plot Title: 5B2C,4733,7/24/26 19:00,66.193,
Plot Title: 5B2C,4734,7/24/26 19:15,64.996,
Plot Title: 5B2C,4735,7/24/26 19:30,63.111,
Plot Title: 5B2C,4736,7/24/26 19:45,62.083,
Plot Title: 5B2C,4737,7/24/26 20:00,61.227,
Plot Title: 5B2C,4738,7/24/26 20:15,60.712,
Plot Title: 5B2C,4739,7/24/26 20:30,60.195,
Plot Title: 5B2C,4740,7/24/26 20:45,59.68,
Plot Title: 5B2C,4741,7/24/26 21:00,59.337,
Plot Title: 5B2C,4742,7/24/26 21:15,59.508,
Plot Title: 5B2C,4743,7/24/26 21:30,58.993,
Plot Title: 5B2C,4744,7/24/26 21:45,58.993,
Plot Title: 5B2C,4745,7/24/26 22:00,58.131,
Plot Title: 5B2C,4746,7/24/26 22:15,57.785,
Plot Title: 5B2C,4747,7/24/26 22:30,57.268,
Plot Title: 5B2C,4748,7/24/26 22:45,57.441,
Plot Title: 5B2C,4749,7/24/26 23:00,57.785,
Plot Title: 5B2C,4750,7/24/26 23:15,57.958,
Plot Title: 5B2C,4751,7/24/26 23:30,58.131,
Plot Title: 5B2C,4752,7/24/26 23:45,57.958,
Plot Title: 5B2C,4753,7/25/26 00:00,57.268,
Plot Title: 5B2C,4754,7/25/26 00:15,56.75,
Plot Title: 5B2C,4755,7/25/26 00:30,56.404,
Plot Title: 5B2C,4756,7/25/26 00:45,56.23,
Plot Title: 5B2C,4757,7/25/26 01:00,56.057,
Plot Title: 5B2C,4758,7/25/26 01:15,56.23,
Plot Title: 5B2C,4759,7/25/26 01:30,55.884,
Plot Title: 5B2C,4760,7/25/26 01:45,55.884,
Plot Title: 5B2C,4761,7/25/26 02:00,56.23,
Plot Title: 5B2C,4762,7/25/26 02:15,56.057,
Plot Title: 5B2C,4763,7/25/26 02:30,55.711,
Plot Title: 5B2C,4764,7/25/26 02:45,55.364,
Plot Title: 5B2C,4765,7/25/26 03:00,55.189,
Plot Title: 5B2C,4766,7/25/26 03:15,55.189,
Plot Title: 5B2C,4767,7/25/26 03:30,55.017,
Plot Title: 5B2C,4768,7/25/26 03:45,54.842,
Plot Title: 5B2C,4769,7/25/26 04:00,54.495,
Plot Title: 5B2C,4770,7/25/26 04:15,54.322,
Plot Title: 5B2C,4771,7/25/26 04:30,54.322,
Plot Title: 5B2C,4772,7/25/26 04:45,54.669,
Plot Title: 5B2C,4773,7/25/26 05:00,54.495,
Plot Title: 5B2C,4774,7/25/26 05:15,54.322,
Plot Title: 5B2C,4775,7/25/26 05:30,54.147,
Plot Title: 5B2C,4776,7/25/26 05:45,53.973,
Plot Title: 5B2C,4777,7/25/26 06:00,53.798,
Plot Title: 5B2C,4778,7/25/26 06:15,53.973,
Plot Title: 5B2C,4779,7/25/26 06:30,53.798,
Plot Title: 5B2C,4780,7/25/26 06:45,53.973,
Plot Title: 5B2C,4781,7/25/26 07:00,54.495,
Plot Title: 5B2C,4782,7/25/26 07:15,55.189,
Plot Title: 5B2C,4783,7/25/26 07:30,57.268,
Plot Title: 5B2C,4784,7/25/26 07:45,57.785,
Plot Title: 5B2C,4785,7/25/26 08:00,59.337,
Plot Title: 5B2C,4786,7/25/26 08:15,58.993,
Plot Title: 5B2C,4787,7/25/26 08:30,65.167,
Plot Title: 5B2C,4788,7/25/26 08:45,64.652,
Plot Title: 5B2C,4789,7/25/26 09:00,68.763,
Plot Title: 5B2C,4790,7/25/26 09:15,68.934,
Plot Title: 5B2C,4791,7/25/26 09:30,68.421,
Plot Title: 5B2C,4792,7/25/26 09:45,68.421,
Plot Title: 5B2C,4793,7/25/26 10:00,68.763,
Plot Title: 5B2C,4794,7/25/26 10:15,77.225,
Plot Title: 5B2C,4795,7/25/26 10:30,79.502,
Plot Title: 5B2C,4796,7/25/26 10:45,72.028,
Plot Title: 5B2C,4797,7/25/26 11:00,71.512,
Plot Title: 5B2C,4798,7/25/26 11:15,70.48,
Plot Title: 5B2C,4799,7/25/26 11:30,68.763,
Plot Title: 5B2C,4800,7/25/26 11:45,68.934,
Plot Title: 5B2C,4801,7/25/26 12:00,71.856,
Plot Title: 5B2C,4802,7/25/26 12:15,72.199,
Plot Title: 5B2C,4803,7/25/26 12:30,69.449,
Plot Title: 5B2C,4804,7/25/26 12:45,69.107,
Plot Title: 5B2C,4805,7/25/26 13:00,69.793,
Plot Title: 5B2C,4806,7/25/26 13:15,70.651,
Plot Title: 5B2C,4807,7/25/26 13:30,70.824,
Plot Title: 5B2C,4808,7/25/26 13:45,70.137,
Plot Title: 5B2C,4809,7/25/26 14:00,69.449,
Plot Title: 5B2C,4810,7/25/26 14:15,70.308,
Plot Title: 5B2C,4811,7/25/26 14:30,73.58,
Plot Title: 5B2C,4812,7/25/26 14:45,78.449,
Plot Title: 5B2C,4813,7/25/26 15:00,82.508,
Plot Title: 5B2C,4814,7/25/26 15:15,82.864,
Plot Title: 5B2C,4815,7/25/26 15:30,82.33,
Plot Title: 5B2C,4816,7/25/26 15:45,80.382,
Plot Title: 5B2C,4817,7/25/26 16:00,78.975,
Plot Title: 5B2C,4818,7/25/26 16:15,78.975,
Plot Title: 5B2C,4819,7/25/26 16:30,77.05,
Plot Title: 5B2C,4820,7/25/26 16:45,75.659,
Plot Title: 5B2C,4821,7/25/26 17:00,73.234,
Plot Title: 5B2C,4822,7/25/26 17:15,69.449,
Plot Title: 5B2C,4823,7/25/26 17:30,67.221,
Plot Title: 5B2C,4824,7/25/26 17:45,65.68,
Plot Title: 5B2C,4825,7/25/26 18:00,61.912,
Plot Title: 5B2C,4826,7/25/26 18:15,60.539,
Plot Title: 5B2C,4827,7/25/26 18:30,60.024,
Plot Title: 5B2C,4828,7/25/26 18:45,58.303,
Plot Title: 5B2C,4829,7/25/26 19:00,59.508,
Plot Title: 5B2C,4830,7/25/26 19:15,60.368,
Plot Title: 5B2C,4831,7/25/26 19:30,59.68,
Plot Title: 5B2C,4832,7/25/26 19:45,59.508,
Plot Title: 5B2C,4833,7/25/26 20:00,59.508,
Plot Title: 5B2C,4834,7/25/26 20:15,59.337,
Plot Title: 5B2C,4835,7/25/26 20:30,58.647,
Plot Title: 5B2C,4836,7/25/26 20:45,58.82,
Plot Title: 5B2C,4837,7/25/26 21:00,58.476,
Plot Title: 5B2C,4838,7/25/26 21:15,58.303,
Plot Title: 5B2C,4839,7/25/26 21:30,57.785,
Plot Title: 5B2C,4840,7/25/26 21:45,57.096,
Plot Title: 5B2C,4841,7/25/26 22:00,57.096,
Plot Title: 5B2C,4842,7/25/26 22:15,56.404,
Plot Title: 5B2C,4843,7/25/26 22:30,55.884,
Plot Title: 5B2C,4844,7/25/26 22:45,55.711,
Plot Title: 5B2C,4845,7/25/26 23:00,55.364,
Plot Title: 5B2C,4846,7/25/26 23:15,55.017,
Plot Title: 5B2C,4847,7/25/26 23:30,54.842,
Plot Title: 5B2C,4848,7/25/26 23:45,54.842,
Plot Title: 5B2C,4849,7/26/26 00:00,55.364,
Plot Title: 5B2C,4850,7/26/26 00:15,55.537,
Plot Title: 5B2C,4851,7/26/26 00:30,55.364,
Plot Title: 5B2C,4852,7/26/26 00:45,54.842,
Plot Title: 5B2C,4853,7/26/26 01:00,54.495,
Plot Title: 5B2C,4854,7/26/26 01:15,54.147,
Plot Title: 5B2C,4855,7/26/26 01:30,53.973,
Plot Title: 5B2C,4856,7/26/26 01:45,53.623,
Plot Title: 5B2C,4857,7/26/26 02:00,53.449,
Plot Title: 5B2C,4858,7/26/26 02:15,53.274,
Plot Title: 5B2C,4859,7/26/26 02:30,53.1,
Plot Title: 5B2C,4860,7/26/26 02:45,52.925,
Plot Title: 5B2C,4861,7/26/26 03:00,52.75,
Plot Title: 5B2C,4862,7/26/26 03:15,52.576,
Plot Title: 5B2C,4863,7/26/26 03:30,52.225,
Plot Title: 5B2C,4864,7/26/26 03:45,52.05,
Plot Title: 5B2C,4865,7/26/26 04:00,51.874,
Plot Title: 5B2C,4866,7/26/26 04:15,51.699,
Plot Title: 5B2C,4867,7/26/26 04:30,51.523,
Plot Title: 5B2C,4868,7/26/26 04:45,51.346,
Plot Title: 5B2C,4869,7/26/26 05:00,51.172,
Plot Title: 5B2C,4870,7/26/26 05:15,50.995,
Plot Title: 5B2C,4871,7/26/26 05:30,50.819,
Plot Title: 5B2C,4872,7/26/26 05:45,50.643,
Plot Title: 5B2C,4873,7/26/26 06:00,50.466,
Plot Title: 5B2C,4874,7/26/26 06:15,50.466,
Plot Title: 5B2C,4875,7/26/26 06:30,50.643,
Plot Title: 5B2C,4876,7/26/26 06:45,50.819,
Plot Title: 5B2C,4877,7/26/26 07:00,51.172,
Plot Title: 5B2C,4878,7/26/26 07:15,52.05,
Plot Title: 5B2C,4879,7/26/26 07:30,53.449,
Plot Title: 5B2C,4880,7/26/26 07:45,55.364,
Plot Title: 5B2C,4881,7/26/26 08:00,57.441,
Plot Title: 5B2C,4882,7/26/26 08:15,60.024,
Plot Title: 5B2C,4883,7/26/26 08:30,63.968,
Plot Title: 5B2C,4884,7/26/26 08:45,68.248,
Plot Title: 5B2C,4885,7/26/26 09:00,71.339,
Plot Title: 5B2C,4886,7/26/26 09:15,72.028,
Plot Title: 5B2C,4887,7/26/26 09:30,69.964,
Plot Title: 5B2C,4888,7/26/26 09:45,68.421,
Plot Title: 5B2C,4889,7/26/26 10:00,71.339,
Plot Title: 5B2C,4890,7/26/26 10:15,68.421,
Plot Title: 5B2C,4891,7/26/26 10:30,67.392,
Plot Title: 5B2C,4892,7/26/26 10:45,66.708,
Plot Title: 5B2C,4893,7/26/26 11:00,68.077,
Plot Title: 5B2C,4894,7/26/26 11:15,68.421,
Plot Title: 5B2C,4895,7/26/26 11:30,68.248,
Plot Title: 5B2C,4896,7/26/26 11:45,68.763,
Plot Title: 5B2C,4897,7/26/26 12:00,67.392,
Plot Title: 5B2C,4898,7/26/26 12:15,67.564,
Plot Title: 5B2C,4899,7/26/26 12:30,68.248,
Plot Title: 5B2C,4900,7/26/26 12:45,67.221,
Plot Title: 5B2C,4901,7/26/26 13:00,67.906,
Plot Title: 5B2C,4902,7/26/26 13:15,67.392,
Plot Title: 5B2C,4903,7/26/26 13:30,67.05,
Plot Title: 5B2C,4904,7/26/26 13:45,65.851,
Plot Title: 5B2C,4905,7/26/26 14:00,65.338,
Plot Title: 5B2C,4906,7/26/26 14:15,68.421,
Plot Title: 5B2C,4907,7/26/26 14:30,74.964,
Plot Title: 5B2C,4908,7/26/26 14:45,76.876,
Plot Title: 5B2C,4909,7/26/26 15:00,73.926,
Plot Title: 5B2C,4910,7/26/26 15:15,69.278,
Plot Title: 5B2C,4911,7/26/26 15:30,73.234,
Plot Title: 5B2C,4912,7/26/26 15:45,74.446,
Plot Title: 5B2C,4913,7/26/26 16:00,74.446,
Plot Title: 5B2C,4914,7/26/26 16:15,72.028,
Plot Title: 5B2C,4915,7/26/26 16:30,70.137,
Plot Title: 5B2C,4916,7/26/26 16:45,67.221,
Plot Title: 5B2C,4917,7/26/26 17:00,64.481,
Plot Title: 5B2C,4918,7/26/26 17:15,63.111,
Plot Title: 5B2C,4919,7/26/26 17:30,64.139,
Plot Title: 5B2C,4920,7/26/26 17:45,64.825,
Plot Title: 5B2C,4921,7/26/26 18:00,63.111,
Plot Title: 5B2C,4922,7/26/26 18:15,61.398,
Plot Title: 5B2C,4923,7/26/26 18:30,60.368,
Plot Title: 5B2C,4924,7/26/26 18:45,61.227,
Plot Title: 5B2C,4925,7/26/26 19:00,60.712,
Plot Title: 5B2C,4926,7/26/26 19:15,61.054,
Plot Title: 5B2C,4927,7/26/26 19:30,59.68,
Plot Title: 5B2C,4928,7/26/26 19:45,59.164,
Plot Title: 5B2C,4929,7/26/26 20:00,59.508,
Plot Title: 5B2C,4930,7/26/26 20:15,59.68,
Plot Title: 5B2C,4931,7/26/26 20:30,60.195,
Plot Title: 5B2C,4932,7/26/26 20:45,59.851,
Plot Title: 5B2C,4933,7/26/26 21:00,58.647,
Plot Title: 5B2C,4934,7/26/26 21:15,58.131,
Plot Title: 5B2C,4935,7/26/26 21:30,57.268,
Plot Title: 5B2C,4936,7/26/26 21:45,56.75,
Plot Title: 5B2C,4937,7/26/26 22:00,56.23,
Plot Title: 5B2C,4938,7/26/26 22:15,56.23,
Plot Title: 5B2C,4939,7/26/26 22:30,56.057,
Plot Title: 5B2C,4940,7/26/26 22:45,55.711,
Plot Title: 5B2C,4941,7/26/26 23:00,55.364,
Plot Title: 5B2C,4942,7/26/26 23:15,55.189,
Plot Title: 5B2C,4943,7/26/26 23:30,54.842,
Plot Title: 5B2C,4944,7/26/26 23:45,54.842,
Plot Title: 5B2C,4945,7/27/26 00:00,54.669,
Plot Title: 5B2C,4946,7/27/26 00:15,54.495,
Plot Title: 5B2C,4947,7/27/26 00:30,54.322,
Plot Title: 5B2C,4948,7/27/26 00:45,54.147,
Plot Title: 5B2C,4949,7/27/26 01:00,54.322,
Plot Title: 5B2C,4950,7/27/26 01:15,54.147,
Plot Title: 5B2C,4951,7/27/26 01:30,53.973,
Plot Title: 5B2C,4952,7/27/26 01:45,53.798,
Plot Title: 5B2C,4953,7/27/26 02:00,53.623,
Plot Title: 5B2C,4954,7/27/26 02:15,53.274,
Plot Title: 5B2C,4955,7/27/26 02:30,52.925,
Plot Title: 5B2C,4956,7/27/26 02:45,52.75,
Plot Title: 5B2C,4957,7/27/26 03:00,52.576,
Plot Title: 5B2C,4958,7/27/26 03:15,52.576,
Plot Title: 5B2C,4959,7/27/26 03:30,52.225,
Plot Title: 5B2C,4960,7/27/26 03:45,52.401,
Plot Title: 5B2C,4961,7/27/26 04:00,52.05,
Plot Title: 5B2C,4962,7/27/26 04:15,51.874,
Plot Title: 5B2C,4963,7/27/26 04:30,51.699,
Plot Title: 5B2C,4964,7/27/26 04:45,51.523,
Plot Title: 5B2C,4965,7/27/26 05:00,51.172,
Plot Title: 5B2C,4966,7/27/26 05:15,50.819,
Plot Title: 5B2C,4967,7/27/26 05:30,50.643,
Plot Title: 5B2C,4968,7/27/26 05:45,50.466,
Plot Title: 5B2C,4969,7/27/26 06:00,50.29,
Plot Title: 5B2C,4970,7/27/26 06:15,50.29,
Plot Title: 5B2C,4971,7/27/26 06:30,50.995,
Plot Title: 5B2C,4972,7/27/26 06:45,51.523,
Plot Title: 5B2C,4973,7/27/26 07:00,52.225,
Plot Title: 5B2C,4974,7/27/26 07:15,52.75,
Plot Title: 5B2C,4975,7/27/26 07:30,53.1,
Plot Title: 5B2C,4976,7/27/26 07:45,54.842,
Plot Title: 5B2C,4977,7/27/26 08:00,57.268,
Plot Title: 5B2C,4978,7/27/26 08:15,59.68,
Plot Title: 5B2C,4979,7/27/26 08:30,63.282,
Plot Title: 5B2C,4980,7/27/26 08:45,65.167,
Plot Title: 5B2C,4981,7/27/26 09:00,67.906,
Plot Title: 5B2C,4982,7/27/26 09:15,68.421,
Plot Title: 5B2C,4983,7/27/26 09:30,64.481,
Plot Title: 5B2C,4984,7/27/26 09:45,65.167,
Plot Title: 5B2C,4985,7/27/26 10:00,72.545,
Plot Title: 5B2C,4986,7/27/26 10:15,71.856,
Plot Title: 5B2C,4987,7/27/26 10:30,69.622,
Plot Title: 5B2C,4988,7/27/26 10:45,66.879,
Plot Title: 5B2C,4989,7/27/26 11:00,67.564,
Plot Title: 5B2C,4990,7/27/26 11:15,67.906,
Plot Title: 5B2C,4991,7/27/26 11:30,66.537,
Plot Title: 5B2C,4992,7/27/26 11:45,67.906,
Plot Title: 5B2C,4993,7/27/26 12:00,68.421,
Plot Title: 5B2C,4994,7/27/26 12:15,68.592,
Plot Title: 5B2C,4995,7/27/26 12:30,68.592,
Plot Title: 5B2C,4996,7/27/26 12:45,69.622,
Plot Title: 5B2C,4997,7/27/26 13:00,69.793,
Plot Title: 5B2C,4998,7/27/26 13:15,70.824,
Plot Title: 5B2C,4999,7/27/26 13:30,71.168,
Plot Title: 5B2C,5000,7/27/26 13:45,70.308,
Plot Title: 5B2C,5001,7/27/26 14:00,70.308,
Plot Title: 5B2C,5002,7/27/26 14:15,71.512,
Plot Title: 5B2C,5003,7/27/26 14:30,77.4,
Plot Title: 5B2C,5004,7/27/26 14:45,80.735,
Plot Title: 5B2C,5005,7/27/26 15:00,81.442,
Plot Title: 5B2C,5006,7/27/26 15:15,81.09,
Plot Title: 5B2C,5007,7/27/26 15:30,80.911,
Plot Title: 5B2C,5008,7/27/26 15:45,77.923,
Plot Title: 5B2C,5009,7/27/26 16:00,76.876,
Plot Title: 5B2C,5010,7/27/26 16:15,75.832,
Plot Title: 5B2C,5011,7/27/26 16:30,74.964,
Plot Title: 5B2C,5012,7/27/26 16:45,72.891,
Plot Title: 5B2C,5013,7/27/26 17:00,70.995,
Plot Title: 5B2C,5014,7/27/26 17:15,68.592,
Plot Title: 5B2C,5015,7/27/26 17:30,67.392,
Plot Title: 5B2C,5016,7/27/26 17:45,68.421,
Plot Title: 5B2C,5017,7/27/26 18:00,68.592,
Plot Title: 5B2C,5018,7/27/26 18:15,67.564,
Plot Title: 5B2C,5019,7/27/26 18:30,66.537,
Plot Title: 5B2C,5020,7/27/26 18:45,65.509,
Plot Title: 5B2C,5021,7/27/26 19:00,64.139,
Plot Title: 5B2C,5022,7/27/26 19:15,62.425,
Plot Title: 5B2C,5023,7/27/26 19:30,60.883,
Plot Title: 5B2C,5024,7/27/26 19:45,60.195,
Plot Title: 5B2C,5025,7/27/26 20:00,59.68,
Plot Title: 5B2C,5026,7/27/26 20:15,59.164,
Plot Title: 5B2C,5027,7/27/26 20:30,58.993,
Plot Title: 5B2C,5028,7/27/26 20:45,58.476,
Plot Title: 5B2C,5029,7/27/26 21:00,58.131,
Plot Title: 5B2C,5030,7/27/26 21:15,57.785,
Plot Title: 5B2C,5031,7/27/26 21:30,57.441,
Plot Title: 5B2C,5032,7/27/26 21:45,56.923,
Plot Title: 5B2C,5033,7/27/26 22:00,56.577,
Plot Title: 5B2C,5034,7/27/26 22:15,56.057,
Plot Title: 5B2C,5035,7/27/26 22:30,55.711,
Plot Title: 5B2C,5036,7/27/26 22:45,55.189,
Plot Title: 5B2C,5037,7/27/26 23:00,55.364,
Plot Title: 5B2C,5038,7/27/26 23:15,55.364,
Plot Title: 5B2C,5039,7/27/26 23:30,54.842,
Plot Title: 5B2C,5040,7/27/26 23:45,54.495,
Plot Title: 5B2C,5041,7/28/26 00:00,53.973,
Plot Title: 5B2C,5042,7/28/26 00:15,53.623,
Plot Title: 5B2C,5043,7/28/26 00:30,53.274,
Plot Title: 5B2C,5044,7/28/26 00:45,53.449,
Plot Title: 5B2C,5045,7/28/26 01:00,53.449,
Plot Title: 5B2C,5046,7/28/26 01:15,53.1,
Plot Title: 5B2C,5047,7/28/26 01:30,52.576,
Plot Title: 5B2C,5048,7/28/26 01:45,52.225,
Plot Title: 5B2C,5049,7/28/26 02:00,52.05,
Plot Title: 5B2C,5050,7/28/26 02:15,51.874,
Plot Title: 5B2C,5051,7/28/26 02:30,51.699,
Plot Title: 5B2C,5052,7/28/26 02:45,51.523,
Plot Title: 5B2C,5053,7/28/26 03:00,51.346,
Plot Title: 5B2C,5054,7/28/26 03:15,51.172,
Plot Title: 5B2C,5055,7/28/26 03:30,50.819,
Plot Title: 5B2C,5056,7/28/26 03:45,50.466,
Plot Title: 5B2C,5057,7/28/26 04:00,50.113,
Plot Title: 5B2C,5058,7/28/26 04:15,49.937,
Plot Title: 5B2C,5059,7/28/26 04:30,49.937,
Plot Title: 5B2C,5060,7/28/26 04:45,50.113,
Plot Title: 5B2C,5061,7/28/26 05:00,49.937,
Plot Title: 5B2C,5062,7/28/26 05:15,49.937,
Plot Title: 5B2C,5063,7/28/26 05:30,49.759,
Plot Title: 5B2C,5064,7/28/26 05:45,49.582,
Plot Title: 5B2C,5065,7/28/26 06:00,49.582,
Plot Title: 5B2C,5066,7/28/26 06:15,49.404,
Plot Title: 5B2C,5067,7/28/26 06:30,49.582,
Plot Title: 5B2C,5068,7/28/26 06:45,49.759,
Plot Title: 5B2C,5069,7/28/26 07:00,50.29,
Plot Title: 5B2C,5070,7/28/26 07:15,50.995,
Plot Title: 5B2C,5071,7/28/26 07:30,51.874,
Plot Title: 5B2C,5072,7/28/26 07:45,53.274,
Plot Title: 5B2C,5073,7/28/26 08:00,54.842,
Plot Title: 5B2C,5074,7/28/26 08:15,56.923,
Plot Title: 5B2C,5075,7/28/26 08:30,59.508,
Plot Title: 5B2C,5076,7/28/26 08:45,62.769,
Plot Title: 5B2C,5077,7/28/26 09:00,64.652,
Plot Title: 5B2C,5078,7/28/26 09:15,64.652,
Plot Title: 5B2C,5079,7/28/26 09:30,63.626,
Plot Title: 5B2C,5080,7/28/26 09:45,66.879,
Plot Title: 5B2C,5081,7/28/26 10:00,73.926,
Plot Title: 5B2C,5082,7/28/26 10:15,78.274,
Plot Title: 5B2C,5083,7/28/26 10:30,72.028,
Plot Title: 5B2C,5084,7/28/26 10:45,68.421,
Plot Title: 5B2C,5085,7/28/26 11:00,74.791,
Plot Title: 5B2C,5086,7/28/26 11:15,72.199,
Plot Title: 5B2C,5087,7/28/26 11:30,67.735,
Plot Title: 5B2C,5088,7/28/26 11:45,68.248,
Plot Title: 5B2C,5089,7/28/26 12:00,68.421,
Plot Title: 5B2C,5090,7/28/26 12:15,68.248,
Plot Title: 5B2C,5091,7/28/26 12:30,66.366,
Plot Title: 5B2C,5092,7/28/26 12:45,65.68,
Plot Title: 5B2C,5093,7/28/26 13:00,65.68,
Plot Title: 5B2C,5094,7/28/26 13:15,71.856,
Plot Title: 5B2C,5095,7/28/26 13:30,68.248,
Plot Title: 5B2C,5096,7/28/26 13:45,67.564,
Plot Title: 5B2C,5097,7/28/26 14:00,67.392,
Plot Title: 5B2C,5098,7/28/26 14:15,69.278,
Plot Title: 5B2C,5099,7/28/26 14:30,76.528,
Plot Title: 5B2C,5100,7/28/26 14:45,78.098,
Plot Title: 5B2C,5101,7/28/26 15:00,75.139,
Plot Title: 5B2C,5102,7/28/26 15:15,74.098,
Plot Title: 5B2C,5103,7/28/26 15:30,70.137,
Plot Title: 5B2C,5104,7/28/26 15:45,68.421,
Plot Title: 5B2C,5105,7/28/26 16:00,69.278,
Plot Title: 5B2C,5106,7/28/26 16:15,70.48,
Plot Title: 5B2C,5107,7/28/26 16:30,70.48,
Plot Title: 5B2C,5108,7/28/26 16:45,71.168,
Plot Title: 5B2C,5109,7/28/26 17:00,70.308,
Plot Title: 5B2C,5110,7/28/26 17:15,69.107,
Plot Title: 5B2C,5111,7/28/26 17:30,67.735,
Plot Title: 5B2C,5112,7/28/26 17:45,66.366,
Plot Title: 5B2C,5113,7/28/26 18:00,64.652,
Plot Title: 5B2C,5114,7/28/26 18:15,63.455,
Plot Title: 5B2C,5115,7/28/26 18:30,61.741,
Plot Title: 5B2C,5116,7/28/26 18:45,60.539,
Plot Title: 5B2C,5117,7/28/26 19:00,60.195,
Plot Title: 5B2C,5118,7/28/26 19:15,60.368,
Plot Title: 5B2C,5119,7/28/26 19:30,60.195,
Plot Title: 5B2C,5120,7/28/26 19:45,59.164,
Plot Title: 5B2C,5121,7/28/26 20:00,58.131,
Plot Title: 5B2C,5122,7/28/26 20:15,57.785,
Plot Title: 5B2C,5123,7/28/26 20:30,58.131,
Plot Title: 5B2C,5124,7/28/26 20:45,58.131,
Plot Title: 5B2C,5125,7/28/26 21:00,57.268,
Plot Title: 5B2C,5126,7/28/26 21:15,56.577,
Plot Title: 5B2C,5127,7/28/26 21:30,56.404,
Plot Title: 5B2C,5128,7/28/26 21:45,56.404,
Plot Title: 5B2C,5129,7/28/26 22:00,56.577,
Plot Title: 5B2C,5130,7/28/26 22:15,56.404,
Plot Title: 5B2C,5131,7/28/26 22:30,56.057,
Plot Title: 5B2C,5132,7/28/26 22:45,55.711,
Plot Title: 5B2C,5133,7/28/26 23:00,55.537,
Plot Title: 5B2C,5134,7/28/26 23:15,55.189,
Plot Title: 5B2C,5135,7/28/26 23:30,54.842,
Plot Title: 5B2C,5136,7/28/26 23:45,54.495,
Plot Title: 5B2C,5137,7/29/26 00:00,54.495,
Plot Title: 5B2C,5138,7/29/26 00:15,54.147,
Plot Title: 5B2C,5139,7/29/26 00:30,53.798,
Plot Title: 5B2C,5140,7/29/26 00:45,53.449,
Plot Title: 5B2C,5141,7/29/26 01:00,53.274,
Plot Title: 5B2C,5142,7/29/26 01:15,53.1,
Plot Title: 5B2C,5143,7/29/26 01:30,52.925,
Plot Title: 5B2C,5144,7/29/26 01:45,52.75,
Plot Title: 5B2C,5145,7/29/26 02:00,52.576,
Plot Title: 5B2C,5146,7/29/26 02:15,52.401,
Plot Title: 5B2C,5147,7/29/26 02:30,52.401,
Plot Title: 5B2C,5148,7/29/26 02:45,52.225,
Plot Title: 5B2C,5149,7/29/26 03:00,52.05,
Plot Title: 5B2C,5150,7/29/26 03:15,51.874,
Plot Title: 5B2C,5151,7/29/26 03:30,51.699,
Plot Title: 5B2C,5152,7/29/26 03:45,51.523,
Plot Title: 5B2C,5153,7/29/26 04:00,51.346,
Plot Title: 5B2C,5154,7/29/26 04:15,51.172,
Plot Title: 5B2C,5155,7/29/26 04:30,51.172,
Plot Title: 5B2C,5156,7/29/26 04:45,50.819,
Plot Title: 5B2C,5157,7/29/26 05:00,50.643,
Plot Title: 5B2C,5158,7/29/26 05:15,50.466,
Plot Title: 5B2C,5159,7/29/26 05:30,50.113,
Plot Title: 5B2C,5160,7/29/26 05:45,49.937,
Plot Title: 5B2C,5161,7/29/26 06:00,49.759,
Plot Title: 5B2C,5162,7/29/26 06:15,49.759,
Plot Title: 5B2C,5163,7/29/26 06:30,49.937,
Plot Title: 5B2C,5164,7/29/26 06:45,50.113,
Plot Title: 5B2C,5165,7/29/26 07:00,50.819,
Plot Title: 5B2C,5166,7/29/26 07:15,51.874,
Plot Title: 5B2C,5167,7/29/26 07:30,52.75,
Plot Title: 5B2C,5168,7/29/26 07:45,53.798,
Plot Title: 5B2C,5169,7/29/26 08:00,54.842,
Plot Title: 5B2C,5170,7/29/26 08:15,56.404,
Plot Title: 5B2C,5171,7/29/26 08:30,59.164,
Plot Title: 5B2C,5172,7/29/26 08:45,62.598,
Plot Title: 5B2C,5173,7/29/26 09:00,66.022,
Plot Title: 5B2C,5174,7/29/26 09:15,64.996,
Plot Title: 5B2C,5175,7/29/26 09:30,63.111,
Plot Title: 5B2C,5176,7/29/26 09:45,66.879,
Plot Title: 5B2C,5177,7/29/26 10:00,73.926,
Plot Title: 5B2C,5178,7/29/26 10:15,79.853,
Plot Title: 5B2C,5179,7/29/26 10:30,72.891,
Plot Title: 5B2C,5180,7/29/26 10:45,69.622,
Plot Title: 5B2C,5181,7/29/26 11:00,78.274,
Plot Title: 5B2C,5182,7/29/26 11:15,76.006,
Plot Title: 5B2C,5183,7/29/26 11:30,70.824,
Plot Title: 5B2C,5184,7/29/26 11:45,71.168,
Plot Title: 5B2C,5185,7/29/26 12:00,70.995,
Plot Title: 5B2C,5186,7/29/26 12:15,70.48,
Plot Title: 5B2C,5187,7/29/26 12:30,67.906,
Plot Title: 5B2C,5188,7/29/26 12:45,66.537,
Plot Title: 5B2C,5189,7/29/26 13:00,65.68,
Plot Title: 5B2C,5190,7/29/26 13:15,73.062,
Plot Title: 5B2C,5191,7/29/26 13:30,70.995,
Plot Title: 5B2C,5192,7/29/26 13:45,68.592,
Plot Title: 5B2C,5193,7/29/26 14:00,68.077,
Plot Title: 5B2C,5194,7/29/26 14:15,67.221,
Plot Title: 5B2C,5195,7/29/26 14:30,69.449,
Plot Title: 5B2C,5196,7/29/26 14:45,71.856,
Plot Title: 5B2C,5197,7/29/26 15:00,74.271,
Plot Title: 5B2C,5198,7/29/26 15:15,74.964,
Plot Title: 5B2C,5199,7/29/26 15:30,72.372,
Plot Title: 5B2C,5200,7/29/26 15:45,72.028,
Plot Title: 5B2C,5201,7/29/26 16:00,70.308,
Plot Title: 5B2C,5202,7/29/26 16:15,69.449,
Plot Title: 5B2C,5203,7/29/26 16:30,67.564,
Plot Title: 5B2C,5204,7/29/26 16:45,69.622,
Plot Title: 5B2C,5205,7/29/26 17:00,69.107,
Plot Title: 5B2C,5206,7/29/26 17:15,68.248,
Plot Title: 5B2C,5207,7/29/26 17:30,66.537,
Plot Title: 5B2C,5208,7/29/26 17:45,63.282,
Plot Title: 5B2C,5209,7/29/26 18:00,61.741,
Plot Title: 5B2C,5210,7/29/26 18:15,59.68,
Plot Title: 5B2C,5211,7/29/26 18:30,58.303,
Plot Title: 5B2C,5212,7/29/26 18:45,57.614,
Plot Title: 5B2C,5213,7/29/26 19:00,57.785,
Plot Title: 5B2C,5214,7/29/26 19:15,57.958,
Plot Title: 5B2C,5215,7/29/26 19:30,57.614,
Plot Title: 5B2C,5216,7/29/26 19:45,57.441,
Plot Title: 5B2C,5217,7/29/26 20:00,57.268,
Plot Title: 5B2C,5218,7/29/26 20:15,56.577,
Plot Title: 5B2C,5219,7/29/26 20:30,56.057,
Plot Title: 5B2C,5220,7/29/26 20:45,55.537,
Plot Title: 5B2C,5221,7/29/26 21:00,55.189,
Plot Title: 5B2C,5222,7/29/26 21:15,54.842,
Plot Title: 5B2C,5223,7/29/26 21:30,54.842,
Plot Title: 5B2C,5224,7/29/26 21:45,54.669,
Plot Title: 5B2C,5225,7/29/26 22:00,54.495,
Plot Title: 5B2C,5226,7/29/26 22:15,54.322,
Plot Title: 5B2C,5227,7/29/26 22:30,54.147,
Plot Title: 5B2C,5228,7/29/26 22:45,53.973,
Plot Title: 5B2C,5229,7/29/26 23:00,53.973,
Plot Title: 5B2C,5230,7/29/26 23:15,53.798,
Plot Title: 5B2C,5231,7/29/26 23:30,53.623,
Plot Title: 5B2C,5232,7/29/26 23:45,53.449,
Plot Title: 5B2C,5233,7/30/26 00:00,53.274,
Plot Title: 5B2C,5234,7/30/26 00:15,53.274,
Plot Title: 5B2C,5235,7/30/26 00:30,53.1,
Plot Title: 5B2C,5236,7/30/26 00:45,53.1,
Plot Title: 5B2C,5237,7/30/26 01:00,53.1,
Plot Title: 5B2C,5238,7/30/26 01:15,52.75,
Plot Title: 5B2C,5239,7/30/26 01:30,52.576,
Plot Title: 5B2C,5240,7/30/26 01:45,52.401,
Plot Title: 5B2C,5241,7/30/26 02:00,52.225,
Plot Title: 5B2C,5242,7/30/26 02:15,52.225,
Plot Title: 5B2C,5243,7/30/26 02:30,52.05,
Plot Title: 5B2C,5244,7/30/26 02:45,51.699,
Plot Title: 5B2C,5245,7/30/26 03:00,51.346,
Plot Title: 5B2C,5246,7/30/26 03:15,50.995,
Plot Title: 5B2C,5247,7/30/26 03:30,50.643,
Plot Title: 5B2C,5248,7/30/26 03:45,50.29,
Plot Title: 5B2C,5249,7/30/26 04:00,50.113,
Plot Title: 5B2C,5250,7/30/26 04:15,49.937,
Plot Title: 5B2C,5251,7/30/26 04:30,49.759,
Plot Title: 5B2C,5252,7/30/26 04:45,49.582,
Plot Title: 5B2C,5253,7/30/26 05:00,49.404,
Plot Title: 5B2C,5254,7/30/26 05:15,49.228,
Plot Title: 5B2C,5255,7/30/26 05:30,49.05,
Plot Title: 5B2C,5256,7/30/26 05:45,48.871,
Plot Title: 5B2C,5257,7/30/26 06:00,48.871,
Plot Title: 5B2C,5258,7/30/26 06:15,48.695,
Plot Title: 5B2C,5259,7/30/26 06:30,48.695,
Plot Title: 5B2C,5260,7/30/26 06:45,49.05,
Plot Title: 5B2C,5261,7/30/26 07:00,49.582,
Plot Title: 5B2C,5262,7/30/26 07:15,50.29,
Plot Title: 5B2C,5263,7/30/26 07:30,51.172,
Plot Title: 5B2C,5264,7/30/26 07:45,52.75,
Plot Title: 5B2C,5265,7/30/26 08:00,54.495,
Plot Title: 5B2C,5266,7/30/26 08:15,56.057,
Plot Title: 5B2C,5267,7/30/26 08:30,59.337,
Plot Title: 5B2C,5268,7/30/26 08:45,63.455,
Plot Title: 5B2C,5269,7/30/26 09:00,67.735,
Plot Title: 5B2C,5270,7/30/26 09:15,65.167,
Plot Title: 5B2C,5271,7/30/26 09:30,63.282,
Plot Title: 5B2C,5272,7/30/26 09:45,67.392,
Plot Title: 5B2C,5273,7/30/26 10:00,72.372,
Plot Title: 5B2C,5274,7/30/26 10:15,75.832,
Plot Title: 5B2C,5275,7/30/26 10:30,69.449,
Plot Title: 5B2C,5276,7/30/26 10:45,67.906,
Plot Title: 5B2C,5277,7/30/26 11:00,75.832,
Plot Title: 5B2C,5278,7/30/26 11:15,70.308,
Plot Title: 5B2C,5279,7/30/26 11:30,66.193,
Plot Title: 5B2C,5280,7/30/26 11:45,66.537,
Plot Title: 5B2C,5281,7/30/26 12:00,66.022,
Plot Title: 5B2C,5282,7/30/26 12:15,66.193,
Plot Title: 5B2C,5283,7/30/26 12:30,64.481,
Plot Title: 5B2C,5284,7/30/26 12:45,63.455,
Plot Title: 5B2C,5285,7/30/26 13:00,63.111,
Plot Title: 5B2C,5286,7/30/26 13:15,72.545,
Plot Title: 5B2C,5287,7/30/26 13:30,70.48,
Plot Title: 5B2C,5288,7/30/26 13:45,67.906,
Plot Title: 5B2C,5289,7/30/26 14:00,67.221,
Plot Title: 5B2C,5290,7/30/26 14:15,66.708,
Plot Title: 5B2C,5291,7/30/26 14:30,65.68,
Plot Title: 5B2C,5292,7/30/26 14:45,71.856,
Plot Title: 5B2C,5293,7/30/26 15:00,67.735,
Plot Title: 5B2C,5294,7/30/26 15:15,72.891,
Plot Title: 5B2C,5295,7/30/26 15:30,73.062,
Plot Title: 5B2C,5296,7/30/26 15:45,71.856,
Plot Title: 5B2C,5297,7/30/26 16:00,71.339,
Plot Title: 5B2C,5298,7/30/26 16:15,69.793,
Plot Title: 5B2C,5299,7/30/26 16:30,70.137,
Plot Title: 5B2C,5300,7/30/26 16:45,69.449,
Plot Title: 5B2C,5301,7/30/26 17:00,68.248,
Plot Title: 5B2C,5302,7/30/26 17:15,67.221,
Plot Title: 5B2C,5303,7/30/26 17:30,66.193,
Plot Title: 5B2C,5304,7/30/26 17:45,65.509,
Plot Title: 5B2C,5305,7/30/26 18:00,64.31,
Plot Title: 5B2C,5306,7/30/26 18:15,63.797,
Plot Title: 5B2C,5307,7/30/26 18:30,63.455,
Plot Title: 5B2C,5308,7/30/26 18:45,62.769,
Plot Title: 5B2C,5309,7/30/26 19:00,61.741,
Plot Title: 5B2C,5310,7/30/26 19:15,60.883,
Plot Title: 5B2C,5311,7/30/26 19:30,60.539,
Plot Title: 5B2C,5312,7/30/26 19:45,60.539,
Plot Title: 5B2C,5313,7/30/26 20:00,60.195,
Plot Title: 5B2C,5314,7/30/26 20:15,59.508,
Plot Title: 5B2C,5315,7/30/26 20:30,59.337,
Plot Title: 5B2C,5316,7/30/26 20:45,58.993,
Plot Title: 5B2C,5317,7/30/26 21:00,58.476,
Plot Title: 5B2C,5318,7/30/26 21:15,57.958,
Plot Title: 5B2C,5319,7/30/26 21:30,57.096,
Plot Title: 5B2C,5320,7/30/26 21:45,56.75,
Plot Title: 5B2C,5321,7/30/26 22:00,56.923,
Plot Title: 5B2C,5322,7/30/26 22:15,56.923,
Plot Title: 5B2C,5323,7/30/26 22:30,57.096,
Plot Title: 5B2C,5324,7/30/26 22:45,56.75,
Plot Title: 5B2C,5325,7/30/26 23:00,56.23,
Plot Title: 5B2C,5326,7/30/26 23:15,55.711,
Plot Title: 5B2C,5327,7/30/26 23:30,55.364,
Plot Title: 5B2C,5328,7/30/26 23:45,54.842,
Plot Title: 5B2C,5329,7/31/26 00:00,54.147,
Plot Title: 5B2C,5330,7/31/26 00:15,53.449,
Plot Title: 5B2C,5331,7/31/26 00:30,53.623,
Plot Title: 5B2C,5332,7/31/26 00:45,53.798,
Plot Title: 5B2C,5333,7/31/26 01:00,53.798,
Plot Title: 5B2C,5334,7/31/26 01:15,53.449,
Plot Title: 5B2C,5335,7/31/26 01:30,52.75,
Plot Title: 5B2C,5336,7/31/26 01:45,52.225,
Plot Title: 5B2C,5337,7/31/26 02:00,51.699,
Plot Title: 5B2C,5338,7/31/26 02:15,51.523,
Plot Title: 5B2C,5339,7/31/26 02:30,51.346,
Plot Title: 5B2C,5340,7/31/26 02:45,51.346,
Plot Title: 5B2C,5341,7/31/26 03:00,50.995,
Plot Title: 5B2C,5342,7/31/26 03:15,50.819,
Plot Title: 5B2C,5343,7/31/26 03:30,50.819,
Plot Title: 5B2C,5344,7/31/26 03:45,50.643,
Plot Title: 5B2C,5345,7/31/26 04:00,50.466,
Plot Title: 5B2C,5346,7/31/26 04:15,50.29,
Plot Title: 5B2C,5347,7/31/26 04:30,50.113,
Plot Title: 5B2C,5348,7/31/26 04:45,50.29,
Plot Title: 5B2C,5349,7/31/26 05:00,50.113,
Plot Title: 5B2C,5350,7/31/26 05:15,49.937,
Plot Title: 5B2C,5351,7/31/26 05:30,49.759,
Plot Title: 5B2C,5352,7/31/26 05:45,49.404,
Plot Title: 5B2C,5353,7/31/26 06:00,49.228,
Plot Title: 5B2C,5354,7/31/26 06:15,49.228,
Plot Title: 5B2C,5355,7/31/26 06:30,49.228,
Plot Title: 5B2C,5356,7/31/26 06:45,49.582,
Plot Title: 5B2C,5357,7/31/26 07:00,50.113,
Plot Title: 5B2C,5358,7/31/26 07:15,51.346,
Plot Title: 5B2C,5359,7/31/26 07:30,52.576,
Plot Title: 5B2C,5360,7/31/26 07:45,54.322,
Plot Title: 5B2C,5361,7/31/26 08:00,56.23,
Plot Title: 5B2C,5362,7/31/26 08:15,57.958,
Plot Title: 5B2C,5363,7/31/26 08:30,61.741,
Plot Title: 5B2C,5364,7/31/26 08:45,66.366,
Plot Title: 5B2C,5365,7/31/26 09:00,70.651,
Plot Title: 5B2C,5366,7/31/26 09:15,66.366,
Plot Title: 5B2C,5367,7/31/26 09:30,65.509,
Plot Title: 5B2C,5368,7/31/26 09:45,71.339,
Plot Title: 5B2C,5369,7/31/26 10:00,76.703,
Plot Title: 5B2C,5370,7/31/26 10:15,78.8,
Plot Title: 5B2C,5371,7/31/26 10:30,71.339,
Plot Title: 5B2C,5372,7/31/26 10:45,69.793,
Plot Title: 5B2C,5373,7/31/26 11:00,80.206,
Plot Title: 5B2C,5374,7/31/26 11:15,72.372,
Plot Title: 5B2C,5375,7/31/26 11:30,67.221,
Plot Title: 5B2C,5376,7/31/26 11:45,67.05,
Plot Title: 5B2C,5377,7/31/26 12:00,66.708,
Plot Title: 5B2C,5378,7/31/26 12:15,66.537,
Plot Title: 5B2C,5379,7/31/26 12:30,64.996,
Plot Title: 5B2C,5380,7/31/26 12:45,64.31,
Plot Title: 5B2C,5381,7/31/26 13:00,63.797,
Plot Title: 5B2C,5382,7/31/26 13:15,73.062,
Plot Title: 5B2C,5383,7/31/26 13:30,72.372,
Plot Title: 5B2C,5384,7/31/26 13:45,68.592,
Plot Title: 5B2C,5385,7/31/26 14:00,67.05,
Plot Title: 5B2C,5386,7/31/26 14:15,68.248,
Plot Title: 5B2C,5387,7/31/26 14:30,77.923,
Plot Title: 5B2C,5388,7/31/26 14:45,81.975,
Plot Title: 5B2C,5389,7/31/26 15:00,82.33,
Plot Title: 5B2C,5390,7/31/26 15:15,81.797,
Plot Title: 5B2C,5391,7/31/26 15:30,80.206,
Plot Title: 5B2C,5392,7/31/26 15:45,78.449,
Plot Title: 5B2C,5393,7/31/26 16:00,76.876,
Plot Title: 5B2C,5394,7/31/26 16:15,74.098,
Plot Title: 5B2C,5395,7/31/26 16:30,73.234,
Plot Title: 5B2C,5396,7/31/26 16:45,72.372,
Plot Title: 5B2C,5397,7/31/26 17:00,70.995,
Plot Title: 5B2C,5398,7/31/26 17:15,69.449,
Plot Title: 5B2C,5399,7/31/26 17:30,68.077,
Plot Title: 5B2C,5400,7/31/26 17:45,66.366,
Plot Title: 5B2C,5401,7/31/26 18:00,65.167,
Plot Title: 5B2C,5402,7/31/26 18:15,64.139,
Plot Title: 5B2C,5403,7/31/26 18:30,63.282,
Plot Title: 5B2C,5404,7/31/26 18:45,62.769,
Plot Title: 5B2C,5405,7/31/26 19:00,62.083,
Plot Title: 5B2C,5406,7/31/26 19:15,61.569,
Plot Title: 5B2C,5407,7/31/26 19:30,60.883,
Plot Title: 5B2C,5408,7/31/26 19:45,60.368,
Plot Title: 5B2C,5409,7/31/26 20:00,59.508,
Plot Title: 5B2C,5410,7/31/26 20:15,58.82,
Plot Title: 5B2C,5411,7/31/26 20:30,58.303,
Plot Title: 5B2C,5412,7/31/26 20:45,57.958,
Plot Title: 5B2C,5413,7/31/26 21:00,57.268,
Plot Title: 5B2C,5414,7/31/26 21:15,56.577,
Plot Title: 5B2C,5415,7/31/26 21:30,56.23,
Plot Title: 5B2C,5416,7/31/26 21:45,55.884,
Plot Title: 5B2C,5417,7/31/26 22:00,55.711,
Plot Title: 5B2C,5418,7/31/26 22:15,55.189,
Plot Title: 5B2C,5419,7/31/26 22:30,54.842,
Plot Title: 5B2C,5420,7/31/26 22:45,54.669,
Plot Title: 5B2C,5421,7/31/26 23:00,54.495,
Plot Title: 5B2C,5422,7/31/26 23:15,54.147,
Plot Title: 5B2C,5423,7/31/26 23:30,53.973,
Plot Title: 5B2C,5424,7/31/26 23:45,53.798,
Plot Title: 5B2C,5425,8/1/26 00:00,53.623,
Plot Title: 5B2C,5426,8/1/26 00:15,53.449,
Plot Title: 5B2C,5427,8/1/26 00:30,53.274,
Plot Title: 5B2C,5428,8/1/26 00:45,53.274,
Plot Title: 5B2C,5429,8/1/26 01:00,53.1,
Plot Title: 5B2C,5430,8/1/26 01:15,52.75,
Plot Title: 5B2C,5431,8/1/26 01:30,52.576,
Plot Title: 5B2C,5432,8/1/26 01:45,52.75,
Plot Title: 5B2C,5433,8/1/26 02:00,52.925,
Plot Title: 5B2C,5434,8/1/26 02:15,52.925,
Plot Title: 5B2C,5435,8/1/26 02:30,52.925,
Plot Title: 5B2C,5436,8/1/26 02:45,52.925,
Plot Title: 5B2C,5437,8/1/26 03:00,52.75,
Plot Title: 5B2C,5438,8/1/26 03:15,52.75,
Plot Title: 5B2C,5439,8/1/26 03:30,52.576,
Plot Title: 5B2C,5440,8/1/26 03:45,52.401,
Plot Title: 5B2C,5441,8/1/26 04:00,52.225,
Plot Title: 5B2C,5442,8/1/26 04:15,52.05,
Plot Title: 5B2C,5443,8/1/26 04:30,52.05,
Plot Title: 5B2C,5444,8/1/26 04:45,51.874,
Plot Title: 5B2C,5445,8/1/26 05:00,51.874,
Plot Title: 5B2C,5446,8/1/26 05:15,51.874,
Plot Title: 5B2C,5447,8/1/26 05:30,51.699,
Plot Title: 5B2C,5448,8/1/26 05:45,51.699,
Plot Title: 5B2C,5449,8/1/26 06:00,51.523,
Plot Title: 5B2C,5450,8/1/26 06:15,51.346,
Plot Title: 5B2C,5451,8/1/26 06:30,51.523,
Plot Title: 5B2C,5452,8/1/26 06:45,51.874,
Plot Title: 5B2C,5453,8/1/26 07:00,52.401,
Plot Title: 5B2C,5454,8/1/26 07:15,53.274,
Plot Title: 5B2C,5455,8/1/26 07:30,54.322,
Plot Title: 5B2C,5456,8/1/26 07:45,56.23,
Plot Title: 5B2C,5457,8/1/26 08:00,57.958,
Plot Title: 5B2C,5458,8/1/26 08:15,60.024,
Plot Title: 5B2C,5459,8/1/26 08:30,63.968,
Plot Title: 5B2C,5460,8/1/26 08:45,68.592,
Plot Title: 5B2C,5461,8/1/26 09:00,72.545,
Plot Title: 5B2C,5462,8/1/26 09:15,68.934,
Plot Title: 5B2C,5463,8/1/26 09:30,68.248,
Plot Title: 5B2C,5464,8/1/26 09:45,73.926,
Plot Title: 5B2C,5465,8/1/26 10:00,78.8,
Plot Title: 5B2C,5466,8/1/26 10:15,79.853,
Plot Title: 5B2C,5467,8/1/26 10:30,74.098,
Plot Title: 5B2C,5468,8/1/26 10:45,72.718,
Plot Title: 5B2C,5469,8/1/26 11:00,81.621,
Plot Title: 5B2C,5470,8/1/26 11:15,73.753,
Plot Title: 5B2C,5471,8/1/26 11:30,69.793,
Plot Title: 5B2C,5472,8/1/26 11:45,69.278,
Plot Title: 5B2C,5473,8/1/26 12:00,68.934,
Plot Title: 5B2C,5474,8/1/26 12:15,69.107,
Plot Title: 5B2C,5475,8/1/26 12:30,67.735,
Plot Title: 5B2C,5476,8/1/26 12:45,66.879,
Plot Title: 5B2C,5477,8/1/26 13:00,66.537,
Plot Title: 5B2C,5478,8/1/26 13:15,74.619,
Plot Title: 5B2C,5479,8/1/26 13:30,75.312,
Plot Title: 5B2C,5480,8/1/26 13:45,70.824,
Plot Title: 5B2C,5481,8/1/26 14:00,69.278,
Plot Title: 5B2C,5482,8/1/26 14:15,70.308,
Plot Title: 5B2C,5483,8/1/26 14:30,78.274,
Plot Title: 5B2C,5484,8/1/26 14:45,83.043,
Plot Title: 5B2C,5485,8/1/26 15:00,83.579,
Plot Title: 5B2C,5486,8/1/26 15:15,82.864,
Plot Title: 5B2C,5487,8/1/26 15:30,81.621,
Plot Title: 5B2C,5488,8/1/26 15:45,79.678,
Plot Title: 5B2C,5489,8/1/26 16:00,78.449,
Plot Title: 5B2C,5490,8/1/26 16:15,75.484,
Plot Title: 5B2C,5491,8/1/26 16:30,74.791,
Plot Title: 5B2C,5492,8/1/26 16:45,73.407,
Plot Title: 5B2C,5493,8/1/26 17:00,72.545,
Plot Title: 5B2C,5494,8/1/26 17:15,72.199,
Plot Title: 5B2C,5495,8/1/26 17:30,70.48,
Plot Title: 5B2C,5496,8/1/26 17:45,68.934,
Plot Title: 5B2C,5497,8/1/26 18:00,67.221,
Plot Title: 5B2C,5498,8/1/26 18:15,66.022,
Plot Title: 5B2C,5499,8/1/26 18:30,65.68,
Plot Title: 5B2C,5500,8/1/26 18:45,64.652,
Plot Title: 5B2C,5501,8/1/26 19:00,63.797,
Plot Title: 5B2C,5502,8/1/26 19:15,62.94,
Plot Title: 5B2C,5503,8/1/26 19:30,62.083,
Plot Title: 5B2C,5504,8/1/26 19:45,61.569,
Plot Title: 5B2C,5505,8/1/26 20:00,61.054,
Plot Title: 5B2C,5506,8/1/26 20:15,60.712,
Plot Title: 5B2C,5507,8/1/26 20:30,59.851,
Plot Title: 5B2C,5508,8/1/26 20:45,58.993,
Plot Title: 5B2C,5509,8/1/26 21:00,58.476,
Plot Title: 5B2C,5510,8/1/26 21:15,57.958,
Plot Title: 5B2C,5511,8/1/26 21:30,57.441,
Plot Title: 5B2C,5512,8/1/26 21:45,57.268,
Plot Title: 5B2C,5513,8/1/26 22:00,56.923,
Plot Title: 5B2C,5514,8/1/26 22:15,56.577,
Plot Title: 5B2C,5515,8/1/26 22:30,56.404,
Plot Title: 5B2C,5516,8/1/26 22:45,56.057,
Plot Title: 5B2C,5517,8/1/26 23:00,55.711,
Plot Title: 5B2C,5518,8/1/26 23:15,55.364,
Plot Title: 5B2C,5519,8/1/26 23:30,55.364,
Plot Title: 5B2C,5520,8/1/26 23:45,55.189,
Plot Title: 5B2C,5521,8/2/26 00:00,55.189,
Plot Title: 5B2C,5522,8/2/26 00:15,54.842,
Plot Title: 5B2C,5523,8/2/26 00:30,53.798,
Plot Title: 5B2C,5524,8/2/26 00:45,53.274,
Plot Title: 5B2C,5525,8/2/26 01:00,52.925,
Plot Title: 5B2C,5526,8/2/26 01:15,52.576,
Plot Title: 5B2C,5527,8/2/26 01:30,52.225,
Plot Title: 5B2C,5528,8/2/26 01:45,52.225,
Plot Title: 5B2C,5529,8/2/26 02:00,52.05,
Plot Title: 5B2C,5530,8/2/26 02:15,51.874,
Plot Title: 5B2C,5531,8/2/26 02:30,52.05,
Plot Title: 5B2C,5532,8/2/26 02:45,51.874,
Plot Title: 5B2C,5533,8/2/26 03:00,51.699,
Plot Title: 5B2C,5534,8/2/26 03:15,51.346,
Plot Title: 5B2C,5535,8/2/26 03:30,51.172,
Plot Title: 5B2C,5536,8/2/26 03:45,50.819,
Plot Title: 5B2C,5537,8/2/26 04:00,50.466,
Plot Title: 5B2C,5538,8/2/26 04:15,50.466,
Plot Title: 5B2C,5539,8/2/26 04:30,50.466,
Plot Title: 5B2C,5540,8/2/26 04:45,50.29,
Plot Title: 5B2C,5541,8/2/26 05:00,50.113,
Plot Title: 5B2C,5542,8/2/26 05:15,49.937,
Plot Title: 5B2C,5543,8/2/26 05:30,49.937,
Plot Title: 5B2C,5544,8/2/26 05:45,49.937,
Plot Title: 5B2C,5545,8/2/26 06:00,49.937,
Plot Title: 5B2C,5546,8/2/26 06:15,49.937,
Plot Title: 5B2C,5547,8/2/26 06:30,50.113,
Plot Title: 5B2C,5548,8/2/26 06:45,50.466,
Plot Title: 5B2C,5549,8/2/26 07:00,50.819,
Plot Title: 5B2C,5550,8/2/26 07:15,52.05,
Plot Title: 5B2C,5551,8/2/26 07:30,53.274,
Plot Title: 5B2C,5552,8/2/26 07:45,55.017,
Plot Title: 5B2C,5553,8/2/26 08:00,56.75,
Plot Title: 5B2C,5554,8/2/26 08:15,58.647,
Plot Title: 5B2C,5555,8/2/26 08:30,61.741,
Plot Title: 5B2C,5556,8/2/26 08:45,65.68,
Plot Title: 5B2C,5557,8/2/26 09:00,69.793,
Plot Title: 5B2C,5558,8/2/26 09:15,66.537,
Plot Title: 5B2C,5559,8/2/26 09:30,66.022,
Plot Title: 5B2C,5560,8/2/26 09:45,71.339,
Plot Title: 5B2C,5561,8/2/26 10:00,77.225,
Plot Title: 5B2C,5562,8/2/26 10:15,76.876,
Plot Title: 5B2C,5563,8/2/26 10:30,71.339,
Plot Title: 5B2C,5564,8/2/26 10:45,70.48,
Plot Title: 5B2C,5565,8/2/26 11:00,78.449,
Plot Title: 5B2C,5566,8/2/26 11:15,70.824,
Plot Title: 5B2C,5567,8/2/26 11:30,67.221,
Plot Title: 5B2C,5568,8/2/26 11:45,65.851,
Plot Title: 5B2C,5569,8/2/26 12:00,65.509,
Plot Title: 5B2C,5570,8/2/26 12:15,66.022,
Plot Title: 5B2C,5571,8/2/26 12:30,64.481,
Plot Title: 5B2C,5572,8/2/26 12:45,63.797,
Plot Title: 5B2C,5573,8/2/26 13:00,63.626,
Plot Title: 5B2C,5574,8/2/26 13:15,69.107,
Plot Title: 5B2C,5575,8/2/26 13:30,72.028,
Plot Title: 5B2C,5576,8/2/26 13:45,68.421,
Plot Title: 5B2C,5577,8/2/26 14:00,67.05,
Plot Title: 5B2C,5578,8/2/26 14:15,67.906,
Plot Title: 5B2C,5579,8/2/26 14:30,75.832,
Plot Title: 5B2C,5580,8/2/26 14:45,81.266,
Plot Title: 5B2C,5581,8/2/26 15:00,81.975,
Plot Title: 5B2C,5582,8/2/26 15:15,81.266,
Plot Title: 5B2C,5583,8/2/26 15:30,80.559,
Plot Title: 5B2C,5584,8/2/26 15:45,79.326,
Plot Title: 5B2C,5585,8/2/26 16:00,77.749,
Plot Title: 5B2C,5586,8/2/26 16:15,74.619,
Plot Title: 5B2C,5587,8/2/26 16:30,73.234,
Plot Title: 5B2C,5588,8/2/26 16:45,72.028,
Plot Title: 5B2C,5589,8/2/26 17:00,70.651,
Plot Title: 5B2C,5590,8/2/26 17:15,69.449,
Plot Title: 5B2C,5591,8/2/26 17:30,68.248,
Plot Title: 5B2C,5592,8/2/26 17:45,66.537,
Plot Title: 5B2C,5593,8/2/26 18:00,65.338,
Plot Title: 5B2C,5594,8/2/26 18:15,64.31,
Plot Title: 5B2C,5595,8/2/26 18:30,63.455,
Plot Title: 5B2C,5596,8/2/26 18:45,62.769,
Plot Title: 5B2C,5597,8/2/26 19:00,63.282,
Plot Title: 5B2C,5598,8/2/26 19:15,63.111,
Plot Title: 5B2C,5599,8/2/26 19:30,61.912,
Plot Title: 5B2C,5600,8/2/26 19:45,60.712,
Plot Title: 5B2C,5601,8/2/26 20:00,60.195,
Plot Title: 5B2C,5602,8/2/26 20:15,58.993,
Plot Title: 5B2C,5603,8/2/26 20:30,57.958,
Plot Title: 5B2C,5604,8/2/26 20:45,56.923,
Plot Title: 5B2C,5605,8/2/26 21:00,56.057,
Plot Title: 5B2C,5606,8/2/26 21:15,55.189,
Plot Title: 5B2C,5607,8/2/26 21:30,54.495,
Plot Title: 5B2C,5608,8/2/26 21:45,53.798,
Plot Title: 5B2C,5609,8/2/26 22:00,53.449,
Plot Title: 5B2C,5610,8/2/26 22:15,52.75,
Plot Title: 5B2C,5611,8/2/26 22:30,52.225,
Plot Title: 5B2C,5612,8/2/26 22:45,51.699,
Plot Title: 5B2C,5613,8/2/26 23:00,51.346,
Plot Title: 5B2C,5614,8/2/26 23:15,50.995,
Plot Title: 5B2C,5615,8/2/26 23:30,50.643,
Plot Title: 5B2C,5616,8/2/26 23:45,50.29,
Plot Title: 5B2C,5617,8/3/26 00:00,49.759,
Plot Title: 5B2C,5618,8/3/26 00:15,49.404,
Plot Title: 5B2C,5619,8/3/26 00:30,48.871,
Plot Title: 5B2C,5620,8/3/26 00:45,48.517,
Plot Title: 5B2C,5621,8/3/26 01:00,48.16,
Plot Title: 5B2C,5622,8/3/26 01:15,47.802,
Plot Title: 5B2C,5623,8/3/26 01:30,47.446,
Plot Title: 5B2C,5624,8/3/26 01:45,47.088,
Plot Title: 5B2C,5625,8/3/26 02:00,46.728,
Plot Title: 5B2C,5626,8/3/26 02:15,46.548,
Plot Title: 5B2C,5627,8/3/26 02:30,46.369,
Plot Title: 5B2C,5628,8/3/26 02:45,46.008,
Plot Title: 5B2C,5629,8/3/26 03:00,45.828,
Plot Title: 5B2C,5630,8/3/26 03:15,45.466,
Plot Title: 5B2C,5631,8/3/26 03:30,45.286,
Plot Title: 5B2C,5632,8/3/26 03:45,44.922,
Plot Title: 5B2C,5633,8/3/26 04:00,44.742,
Plot Title: 5B2C,5634,8/3/26 04:15,44.379,
Plot Title: 5B2C,5635,8/3/26 04:30,44.195,
Plot Title: 5B2C,5636,8/3/26 04:45,44.013,
Plot Title: 5B2C,5637,8/3/26 05:00,43.648,
Plot Title: 5B2C,5638,8/3/26 05:15,43.282,
Plot Title: 5B2C,5639,8/3/26 05:30,42.732,
Plot Title: 5B2C,5640,8/3/26 05:45,42.548,
Plot Title: 5B2C,5641,8/3/26 06:00,42.363,
Plot Title: 5B2C,5642,8/3/26 06:15,42.179,
Plot Title: 5B2C,5643,8/3/26 06:30,42.179,
Plot Title: 5B2C,5644,8/3/26 06:45,42.363,
Plot Title: 5B2C,5645,8/3/26 07:00,42.732,
Plot Title: 5B2C,5646,8/3/26 07:15,43.466,
Plot Title: 5B2C,5647,8/3/26 07:30,44.195,
Plot Title: 5B2C,5648,8/3/26 07:45,45.104,
Plot Title: 5B2C,5649,8/3/26 08:00,46.548,
Plot Title: 5B2C,5650,8/3/26 08:15,47.982,
Plot Title: 5B2C,5651,8/3/26 08:30,50.466,
Plot Title: 5B2C,5652,8/3/26 08:45,53.973,
Plot Title: 5B2C,5653,8/3/26 09:00,56.923,
Plot Title: 5B2C,5654,8/3/26 09:15,54.147,
Plot Title: 5B2C,5655,8/3/26 09:30,54.842,
Plot Title: 5B2C,5656,8/3/26 09:45,59.164,
Plot Title: 5B2C,5657,8/3/26 10:00,63.626,
Plot Title: 5B2C,5658,8/3/26 10:15,61.741,
Plot Title: 5B2C,5659,8/3/26 10:30,58.993,
Plot Title: 5B2C,5660,8/3/26 10:45,59.851,
Plot Title: 5B2C,5661,8/3/26 11:00,63.626,
Plot Title: 5B2C,5662,8/3/26 11:15,60.024,
Plot Title: 5B2C,5663,8/3/26 11:30,58.303,
Plot Title: 5B2C,5664,8/3/26 11:45,58.82,
Plot Title: 5B2C,5665,8/3/26 12:00,59.68,
Plot Title: 5B2C,5666,8/3/26 12:15,59.851,
Plot Title: 5B2C,5667,8/3/26 12:30,60.539,
Plot Title: 5B2C,5668,8/3/26 12:45,61.054,
Plot Title: 5B2C,5669,8/3/26 13:00,60.195,
Plot Title: 5B2C,5670,8/3/26 13:15,62.598,
Plot Title: 5B2C,5671,8/3/26 13:30,63.455,
Plot Title: 5B2C,5672,8/3/26 13:45,59.508,
Plot Title: 5B2C,5673,8/3/26 14:00,58.476,
Plot Title: 5B2C,5674,8/3/26 14:15,58.131,
Plot Title: 5B2C,5675,8/3/26 14:30,64.652,
Plot Title: 5B2C,5676,8/3/26 14:45,70.308,
Plot Title: 5B2C,5677,8/3/26 15:00,71.168,
Plot Title: 5B2C,5678,8/3/26 15:15,70.48,
Plot Title: 5B2C,5679,8/3/26 15:30,69.449,
Plot Title: 5B2C,5680,8/3/26 15:45,68.592,
Plot Title: 5B2C,5681,8/3/26 16:00,67.221,
Plot Title: 5B2C,5682,8/3/26 16:15,64.996,
Plot Title: 5B2C,5683,8/3/26 16:30,63.626,
Plot Title: 5B2C,5684,8/3/26 16:45,62.083,
Plot Title: 5B2C,5685,8/3/26 17:00,61.054,
Plot Title: 5B2C,5686,8/3/26 17:15,59.851,
Plot Title: 5B2C,5687,8/3/26 17:30,58.647,
Plot Title: 5B2C,5688,8/3/26 17:45,57.096,
Plot Title: 5B2C,5689,8/3/26 18:00,55.711,
Plot Title: 5B2C,5690,8/3/26 18:15,54.495,
Plot Title: 5B2C,5691,8/3/26 18:30,53.623,
Plot Title: 5B2C,5692,8/3/26 18:45,52.925,
Plot Title: 5B2C,5693,8/3/26 19:00,52.05,
Plot Title: 5B2C,5694,8/3/26 19:15,51.172,
Plot Title: 5B2C,5695,8/3/26 19:30,50.466,
Plot Title: 5B2C,5696,8/3/26 19:45,49.937,
Plot Title: 5B2C,5697,8/3/26 20:00,49.404,
Plot Title: 5B2C,5698,8/3/26 20:15,48.871,
Plot Title: 5B2C,5699,8/3/26 20:30,48.16,
Plot Title: 5B2C,5700,8/3/26 20:45,47.624,
Plot Title: 5B2C,5701,8/3/26 21:00,46.908,
Plot Title: 5B2C,5702,8/3/26 21:15,46.369,
Plot Title: 5B2C,5703,8/3/26 21:30,46.008,
Plot Title: 5B2C,5704,8/3/26 21:45,45.828,
Plot Title: 5B2C,5705,8/3/26 22:00,45.466,
Plot Title: 5B2C,5706,8/3/26 22:15,45.286,
Plot Title: 5B2C,5707,8/3/26 22:30,45.104,
Plot Title: 5B2C,5708,8/3/26 22:45,44.922,
Plot Title: 5B2C,5709,8/3/26 23:00,44.56,
Plot Title: 5B2C,5710,8/3/26 23:15,44.379,
Plot Title: 5B2C,5711,8/3/26 23:30,44.195,
Plot Title: 5B2C,5712,8/3/26 23:45,44.013,
Plot Title: 5B2C,5713,8/4/26 00:00,43.648,
Plot Title: 5B2C,5714,8/4/26 00:15,43.099,
Plot Title: 5B2C,5715,8/4/26 00:30,42.915,
Plot Title: 5B2C,5716,8/4/26 00:45,42.732,
Plot Title: 5B2C,5717,8/4/26 01:00,42.363,
Plot Title: 5B2C,5718,8/4/26 01:15,42.179,
Plot Title: 5B2C,5719,8/4/26 01:30,41.994,
Plot Title: 5B2C,5720,8/4/26 01:45,41.994,
Plot Title: 5B2C,5721,8/4/26 02:00,42.179,
Plot Title: 5B2C,5722,8/4/26 02:15,42.179,
Plot Title: 5B2C,5723,8/4/26 02:30,42.179,
Plot Title: 5B2C,5724,8/4/26 02:45,41.994,
Plot Title: 5B2C,5725,8/4/26 03:00,41.81,
Plot Title: 5B2C,5726,8/4/26 03:15,41.81,
Plot Title: 5B2C,5727,8/4/26 03:30,41.625,
Plot Title: 5B2C,5728,8/4/26 03:45,41.439,
Plot Title: 5B2C,5729,8/4/26 04:00,41.254,
Plot Title: 5B2C,5730,8/4/26 04:15,41.254,
Plot Title: 5B2C,5731,8/4/26 04:30,41.067,
Plot Title: 5B2C,5732,8/4/26 04:45,40.881,
Plot Title: 5B2C,5733,8/4/26 05:00,40.696,
Plot Title: 5B2C,5734,8/4/26 05:15,40.321,
Plot Title: 5B2C,5735,8/4/26 05:30,40.134,
Plot Title: 5B2C,5736,8/4/26 05:45,39.947,
Plot Title: 5B2C,5737,8/4/26 06:00,39.76,
Plot Title: 5B2C,5738,8/4/26 06:15,39.384,
Plot Title: 5B2C,5739,8/4/26 06:30,39.384,
Plot Title: 5B2C,5740,8/4/26 06:45,39.573,
Plot Title: 5B2C,5741,8/4/26 07:00,40.321,
Plot Title: 5B2C,5742,8/4/26 07:15,41.994,
Plot Title: 5B2C,5743,8/4/26 07:30,43.466,
Plot Title: 5B2C,5744,8/4/26 07:45,45.466,
Plot Title: 5B2C,5745,8/4/26 08:00,47.802,
Plot Title: 5B2C,5746,8/4/26 08:15,50.466,
Plot Title: 5B2C,5747,8/4/26 08:30,54.147,
Plot Title: 5B2C,5748,8/4/26 08:45,58.303,
Plot Title: 5B2C,5749,8/4/26 09:00,58.993,
Plot Title: 5B2C,5750,8/4/26 09:15,58.476,
Plot Title: 5B2C,5751,8/4/26 09:30,58.303,
Plot Title: 5B2C,5752,8/4/26 09:45,64.31,
Plot Title: 5B2C,5753,8/4/26 10:00,69.278,
Plot Title: 5B2C,5754,8/4/26 10:15,64.825,
Plot Title: 5B2C,5755,8/4/26 10:30,61.912,
Plot Title: 5B2C,5756,8/4/26 10:45,63.968,
Plot Title: 5B2C,5757,8/4/26 11:00,65.167,
Plot Title: 5B2C,5758,8/4/26 11:15,61.054,
Plot Title: 5B2C,5759,8/4/26 11:30,58.303,
Plot Title: 5B2C,5760,8/4/26 11:45,58.131,
Plot Title: 5B2C,5761,8/4/26 12:00,57.441,
Plot Title: 5B2C,5762,8/4/26 12:15,56.923,
Plot Title: 5B2C,5763,8/4/26 12:30,55.711,
Plot Title: 5B2C,5764,8/4/26 12:45,54.842,
Plot Title: 5B2C,5765,8/4/26 13:00,54.495,
Plot Title: 5B2C,5766,8/4/26 13:15,58.82,
Plot Title: 5B2C,5767,8/4/26 13:30,62.94,
Plot Title: 5B2C,5768,8/4/26 13:45,58.993,
Plot Title: 5B2C,5769,8/4/26 14:00,57.614,
Plot Title: 5B2C,5770,8/4/26 14:15,57.614,
Plot Title: 5B2C,5771,8/4/26 14:30,64.139,
Plot Title: 5B2C,5772,8/4/26 14:45,70.651,
Plot Title: 5B2C,5773,8/4/26 15:00,72.028,
Plot Title: 5B2C,5774,8/4/26 15:15,72.199,
Plot Title: 5B2C,5775,8/4/26 15:30,71.168,
Plot Title: 5B2C,5776,8/4/26 15:45,69.278,
Plot Title: 5B2C,5777,8/4/26 16:00,67.906,
Plot Title: 5B2C,5778,8/4/26 16:15,65.509,
Plot Title: 5B2C,5779,8/4/26 16:30,64.139,
Plot Title: 5B2C,5780,8/4/26 16:45,63.626,
Plot Title: 5B2C,5781,8/4/26 17:00,62.425,
Plot Title: 5B2C,5782,8/4/26 17:15,60.883,
Plot Title: 5B2C,5783,8/4/26 17:30,59.68,
Plot Title: 5B2C,5784,8/4/26 17:45,58.131,
Plot Title: 5B2C,5785,8/4/26 18:00,56.75,
Plot Title: 5B2C,5786,8/4/26 18:15,55.711,
Plot Title: 5B2C,5787,8/4/26 18:30,54.842,
Plot Title: 5B2C,5788,8/4/26 18:45,54.147,
Plot Title: 5B2C,5789,8/4/26 19:00,53.623,
Plot Title: 5B2C,5790,8/4/26 19:15,53.1,
Plot Title: 5B2C,5791,8/4/26 19:30,52.576,
Plot Title: 5B2C,5792,8/4/26 19:45,52.05,
Plot Title: 5B2C,5793,8/4/26 20:00,51.172,
Plot Title: 5B2C,5794,8/4/26 20:15,50.466,
Plot Title: 5B2C,5795,8/4/26 20:30,49.759,
Plot Title: 5B2C,5796,8/4/26 20:45,49.05,
Plot Title: 5B2C,5797,8/4/26 21:00,48.695,
Plot Title: 5B2C,5798,8/4/26 21:15,48.16,
Plot Title: 5B2C,5799,8/4/26 21:30,47.446,
Plot Title: 5B2C,5800,8/4/26 21:45,47.088,
Plot Title: 5B2C,5801,8/4/26 22:00,46.908,
Plot Title: 5B2C,5802,8/4/26 22:15,46.369,
Plot Title: 5B2C,5803,8/4/26 22:30,46.008,
Plot Title: 5B2C,5804,8/4/26 22:45,45.828,
Plot Title: 5B2C,5805,8/4/26 23:00,45.286,
Plot Title: 5B2C,5806,8/4/26 23:15,45.104,
Plot Title: 5B2C,5807,8/4/26 23:30,45.104,
Plot Title: 5B2C,5808,8/4/26 23:45,45.104,
Plot Title: 5B2C,5809,8/5/26 00:00,45.104,
Plot Title: 5B2C,5810,8/5/26 00:15,45.104,
Plot Title: 5B2C,5811,8/5/26 00:30,44.742,
Plot Title: 5B2C,5812,8/5/26 00:45,44.195,
Plot Title: 5B2C,5813,8/5/26 01:00,43.831,
Plot Title: 5B2C,5814,8/5/26 01:15,43.648,
Plot Title: 5B2C,5815,8/5/26 01:30,43.282,
Plot Title: 5B2C,5816,8/5/26 01:45,43.099,
Plot Title: 5B2C,5817,8/5/26 02:00,42.732,
Plot Title: 5B2C,5818,8/5/26 02:15,42.548,
Plot Title: 5B2C,5819,8/5/26 02:30,42.548,
Plot Title: 5B2C,5820,8/5/26 02:45,42.179,
Plot Title: 5B2C,5821,8/5/26 03:00,42.179,
Plot Title: 5B2C,5822,8/5/26 03:15,41.994,
Plot Title: 5B2C,5823,8/5/26 03:30,41.994,
Plot Title: 5B2C,5824,8/5/26 03:45,41.81,
Plot Title: 5B2C,5825,8/5/26 04:00,41.81,
Plot Title: 5B2C,5826,8/5/26 04:15,41.81,
Plot Title: 5B2C,5827,8/5/26 04:30,41.81,
Plot Title: 5B2C,5828,8/5/26 04:45,41.625,
Plot Title: 5B2C,5829,8/5/26 05:00,41.625,
Plot Title: 5B2C,5830,8/5/26 05:15,41.625,
Plot Title: 5B2C,5831,8/5/26 05:30,41.439,
Plot Title: 5B2C,5832,8/5/26 05:45,41.439,
Plot Title: 5B2C,5833,8/5/26 06:00,41.254,
Plot Title: 5B2C,5834,8/5/26 06:15,41.254,
Plot Title: 5B2C,5835,8/5/26 06:30,41.254,
Plot Title: 5B2C,5836,8/5/26 06:45,41.439,
Plot Title: 5B2C,5837,8/5/26 07:00,41.994,
Plot Title: 5B2C,5838,8/5/26 07:15,43.282,
Plot Title: 5B2C,5839,8/5/26 07:30,44.56,
Plot Title: 5B2C,5840,8/5/26 07:45,46.728,
Plot Title: 5B2C,5841,8/5/26 08:00,48.871,
Plot Title: 5B2C,5842,8/5/26 08:15,51.172,
Plot Title: 5B2C,5843,8/5/26 08:30,54.842,
Plot Title: 5B2C,5844,8/5/26 08:45,59.68,
Plot Title: 5B2C,5845,8/5/26 09:00,60.883,
Plot Title: 5B2C,5846,8/5/26 09:15,60.024,
Plot Title: 5B2C,5847,8/5/26 09:30,60.024,
Plot Title: 5B2C,5848,8/5/26 09:45,65.338,
Plot Title: 5B2C,5849,8/5/26 10:00,69.107,
Plot Title: 5B2C,5850,8/5/26 10:15,64.139,
Plot Title: 5B2C,5851,8/5/26 10:30,62.254,
Plot Title: 5B2C,5852,8/5/26 10:45,62.254,
Plot Title: 5B2C,5853,8/5/26 11:00,61.398,
Plot Title: 5B2C,5854,8/5/26 11:15,60.712,
Plot Title: 5B2C,5855,8/5/26 11:30,59.508,
Plot Title: 5B2C,5856,8/5/26 11:45,59.508,
Plot Title: 5B2C,5857,8/5/26 12:00,60.024,
Plot Title: 5B2C,5858,8/5/26 12:15,59.851,
Plot Title: 5B2C,5859,8/5/26 12:30,59.508,
Plot Title: 5B2C,5860,8/5/26 12:45,58.993,
Plot Title: 5B2C,5861,8/5/26 13:00,58.82,
Plot Title: 5B2C,5862,8/5/26 13:15,59.68,
Plot Title: 5B2C,5863,8/5/26 13:30,62.94,
Plot Title: 5B2C,5864,8/5/26 13:45,61.227,
Plot Title: 5B2C,5865,8/5/26 14:00,60.024,
Plot Title: 5B2C,5866,8/5/26 14:15,59.851,
Plot Title: 5B2C,5867,8/5/26 14:30,62.769,
Plot Title: 5B2C,5868,8/5/26 14:45,68.421,
Plot Title: 5B2C,5869,8/5/26 15:00,71.512,
Plot Title: 5B2C,5870,8/5/26 15:15,72.372,
Plot Title: 5B2C,5871,8/5/26 15:30,72.545,
Plot Title: 5B2C,5872,8/5/26 15:45,72.028,
Plot Title: 5B2C,5873,8/5/26 16:00,70.824,
Plot Title: 5B2C,5874,8/5/26 16:15,69.107,
Plot Title: 5B2C,5875,8/5/26 16:30,67.221,
Plot Title: 5B2C,5876,8/5/26 16:45,66.366,
Plot Title: 5B2C,5877,8/5/26 17:00,65.167,
Plot Title: 5B2C,5878,8/5/26 17:15,63.626,
Plot Title: 5B2C,5879,8/5/26 17:30,62.425,
Plot Title: 5B2C,5880,8/5/26 17:45,60.883,
Plot Title: 5B2C,5881,8/5/26 18:00,59.508,
Plot Title: 5B2C,5882,8/5/26 18:15,58.303,
Plot Title: 5B2C,5883,8/5/26 18:30,57.614,
Plot Title: 5B2C,5884,8/5/26 18:45,56.923,
Plot Title: 5B2C,5885,8/5/26 19:00,56.404,
Plot Title: 5B2C,5886,8/5/26 19:15,55.884,
Plot Title: 5B2C,5887,8/5/26 19:30,55.364,
Plot Title: 5B2C,5888,8/5/26 19:45,54.842,
Plot Title: 5B2C,5889,8/5/26 20:00,54.147,
Plot Title: 5B2C,5890,8/5/26 20:15,53.623,
Plot Title: 5B2C,5891,8/5/26 20:30,52.925,
Plot Title: 5B2C,5892,8/5/26 20:45,52.225,
Plot Title: 5B2C,5893,8/5/26 21:00,51.523,
Plot Title: 5B2C,5894,8/5/26 21:15,50.995,
Plot Title: 5B2C,5895,8/5/26 21:30,50.643,
Plot Title: 5B2C,5896,8/5/26 21:45,50.466,
Plot Title: 5B2C,5897,8/5/26 22:00,50.113,
Plot Title: 5B2C,5898,8/5/26 22:15,49.937,
Plot Title: 5B2C,5899,8/5/26 22:30,49.759,
Plot Title: 5B2C,5900,8/5/26 22:45,49.582,
Plot Title: 5B2C,5901,8/5/26 23:00,49.404,
Plot Title: 5B2C,5902,8/5/26 23:15,49.404,
Plot Title: 5B2C,5903,8/5/26 23:30,49.228,
Plot Title: 5B2C,5904,8/5/26 23:45,48.871,
Plot Title: 5B2C,5905,8/6/26 00:00,48.517,
Plot Title: 5B2C,5906,8/6/26 00:15,48.16,
Plot Title: 5B2C,5907,8/6/26 00:30,47.982,
Plot Title: 5B2C,5908,8/6/26 00:45,47.624,
Plot Title: 5B2C,5909,8/6/26 01:00,47.446,
Plot Title: 5B2C,5910,8/6/26 01:15,47.266,
Plot Title: 5B2C,5911,8/6/26 01:30,47.266,
Plot Title: 5B2C,5912,8/6/26 01:45,47.088,
Plot Title: 5B2C,5913,8/6/26 02:00,47.088,
Plot Title: 5B2C,5914,8/6/26 02:15,47.088,
Plot Title: 5B2C,5915,8/6/26 02:30,46.908,
Plot Title: 5B2C,5916,8/6/26 02:45,46.728,
Plot Title: 5B2C,5917,8/6/26 03:00,46.728,
Plot Title: 5B2C,5918,8/6/26 03:15,46.548,
Plot Title: 5B2C,5919,8/6/26 03:30,46.548,
Plot Title: 5B2C,5920,8/6/26 03:45,46.369,
Plot Title: 5B2C,5921,8/6/26 04:00,46.369,
Plot Title: 5B2C,5922,8/6/26 04:15,46.369,
Plot Title: 5B2C,5923,8/6/26 04:30,46.369,
Plot Title: 5B2C,5924,8/6/26 04:45,46.188,
Plot Title: 5B2C,5925,8/6/26 05:00,46.008,
Plot Title: 5B2C,5926,8/6/26 05:15,46.008,
Plot Title: 5B2C,5927,8/6/26 05:30,46.008,
Plot Title: 5B2C,5928,8/6/26 05:45,46.008,
Plot Title: 5B2C,5929,8/6/26 06:00,46.008,
Plot Title: 5B2C,5930,8/6/26 06:15,45.828,
Plot Title: 5B2C,5931,8/6/26 06:30,46.008,
Plot Title: 5B2C,5932,8/6/26 06:45,46.188,
Plot Title: 5B2C,5933,8/6/26 07:00,46.369,
Plot Title: 5B2C,5934,8/6/26 07:15,47.266,
Plot Title: 5B2C,5935,8/6/26 07:30,48.517,
Plot Title: 5B2C,5936,8/6/26 07:45,49.759,
Plot Title: 5B2C,5937,8/6/26 08:00,51.346,
Plot Title: 5B2C,5938,8/6/26 08:15,53.1,
Plot Title: 5B2C,5939,8/6/26 08:30,55.537,
Plot Title: 5B2C,5940,8/6/26 08:45,58.82,
Plot Title: 5B2C,5941,8/6/26 09:00,59.851,
Plot Title: 5B2C,5942,8/6/26 09:15,60.539,
Plot Title: 5B2C,5943,8/6/26 09:30,62.083,
Plot Title: 5B2C,5944,8/6/26 09:45,64.31,
Plot Title: 5B2C,5945,8/6/26 10:00,67.05,
Plot Title: 5B2C,5946,8/6/26 10:15,66.022,
Plot Title: 5B2C,5947,8/6/26 10:30,65.338,
Plot Title: 5B2C,5948,8/6/26 10:45,65.167,
Plot Title: 5B2C,5949,8/6/26 11:00,64.481,
Plot Title: 5B2C,5950,8/6/26 11:15,64.31,
Plot Title: 5B2C,5951,8/6/26 11:30,63.282,
Plot Title: 5B2C,5952,8/6/26 11:45,62.769,
Plot Title: 5B2C,5953,8/6/26 12:00,63.797,
Plot Title: 5B2C,5954,8/6/26 12:15,63.111,
Plot Title: 5B2C,5955,8/6/26 12:30,62.254,
Plot Title: 5B2C,5956,8/6/26 12:45,62.083,
Plot Title: 5B2C,5957,8/6/26 13:00,62.254,
Plot Title: 5B2C,5958,8/6/26 13:15,64.139,
Plot Title: 5B2C,5959,8/6/26 13:30,66.366,
Plot Title: 5B2C,5960,8/6/26 13:45,65.851,
Plot Title: 5B2C,5961,8/6/26 14:00,65.68,
Plot Title: 5B2C,5962,8/6/26 14:15,65.68,
Plot Title: 5B2C,5963,8/6/26 14:30,67.735,
Plot Title: 5B2C,5964,8/6/26 14:45,71.683,
Plot Title: 5B2C,5965,8/6/26 15:00,73.926,
Plot Title: 5B2C,5966,8/6/26 15:15,74.619,
Plot Title: 5B2C,5967,8/6/26 15:30,74.446,
Plot Title: 5B2C,5968,8/6/26 15:45,73.753,
Plot Title: 5B2C,5969,8/6/26 16:00,73.062,
Plot Title: 5B2C,5970,8/6/26 16:15,71.683,
Plot Title: 5B2C,5971,8/6/26 16:30,70.137,
Plot Title: 5B2C,5972,8/6/26 16:45,68.934,
Plot Title: 5B2C,5973,8/6/26 17:00,67.906,
Plot Title: 5B2C,5974,8/6/26 17:15,66.879,
Plot Title: 5B2C,5975,8/6/26 17:30,65.68,
Plot Title: 5B2C,5976,8/6/26 17:45,64.31,
Plot Title: 5B2C,5977,8/6/26 18:00,63.111,
Plot Title: 5B2C,5978,8/6/26 18:15,62.425,
Plot Title: 5B2C,5979,8/6/26 18:30,61.741,
Plot Title: 5B2C,5980,8/6/26 18:45,61.054,
Plot Title: 5B2C,5981,8/6/26 19:00,60.368,
Plot Title: 5B2C,5982,8/6/26 19:15,59.851,
Plot Title: 5B2C,5983,8/6/26 19:30,58.993,
Plot Title: 5B2C,5984,8/6/26 19:45,58.303,
Plot Title: 5B2C,5985,8/6/26 20:00,57.614,
Plot Title: 5B2C,5986,8/6/26 20:15,56.75,
Plot Title: 5B2C,5987,8/6/26 20:30,56.057,
Plot Title: 5B2C,5988,8/6/26 20:45,55.364,
Plot Title: 5B2C,5989,8/6/26 21:00,54.669,
Plot Title: 5B2C,5990,8/6/26 21:15,53.973,
Plot Title: 5B2C,5991,8/6/26 21:30,53.449,
Plot Title: 5B2C,5992,8/6/26 21:45,53.274,
Plot Title: 5B2C,5993,8/6/26 22:00,53.1,
Plot Title: 5B2C,5994,8/6/26 22:15,53.1,
Plot Title: 5B2C,5995,8/6/26 22:30,52.925,
Plot Title: 5B2C,5996,8/6/26 22:45,52.75,
Plot Title: 5B2C,5997,8/6/26 23:00,52.75,
Plot Title: 5B2C,5998,8/6/26 23:15,52.225,
Plot Title: 5B2C,5999,8/6/26 23:30,52.05,
Plot Title: 5B2C,6000,8/6/26 23:45,51.699,
Plot Title: 5B2C,6001,8/7/26 00:00,51.172,
Plot Title: 5B2C,6002,8/7/26 00:15,50.995,
Plot Title: 5B2C,6003,8/7/26 00:30,50.819,
Plot Title: 5B2C,6004,8/7/26 00:45,50.643,
Plot Title: 5B2C,6005,8/7/26 01:00,50.29,
Plot Title: 5B2C,6006,8/7/26 01:15,50.113,
Plot Title: 5B2C,6007,8/7/26 01:30,49.937,
Plot Title: 5B2C,6008,8/7/26 01:45,49.759,
Plot Title: 5B2C,6009,8/7/26 02:00,49.582,
Plot Title: 5B2C,6010,8/7/26 02:15,49.228,
Plot Title: 5B2C,6011,8/7/26 02:30,49.05,
Plot Title: 5B2C,6012,8/7/26 02:45,48.871,
Plot Title: 5B2C,6013,8/7/26 03:00,48.695,
Plot Title: 5B2C,6014,8/7/26 03:15,48.339,
Plot Title: 5B2C,6015,8/7/26 03:30,48.339,
Plot Title: 5B2C,6016,8/7/26 03:45,48.16,
Plot Title: 5B2C,6017,8/7/26 04:00,47.982,
Plot Title: 5B2C,6018,8/7/26 04:15,47.982,
Plot Title: 5B2C,6019,8/7/26 04:30,47.802,
Plot Title: 5B2C,6020,8/7/26 04:45,47.802,
Plot Title: 5B2C,6021,8/7/26 05:00,47.624,
Plot Title: 5B2C,6022,8/7/26 05:15,47.624,
Plot Title: 5B2C,6023,8/7/26 05:30,47.446,
Plot Title: 5B2C,6024,8/7/26 05:45,47.446,
Plot Title: 5B2C,6025,8/7/26 06:00,47.266,
Plot Title: 5B2C,6026,8/7/26 06:15,47.088,
Plot Title: 5B2C,6027,8/7/26 06:30,47.088,
Plot Title: 5B2C,6028,8/7/26 06:45,47.266,
Plot Title: 5B2C,6029,8/7/26 07:00,47.624,
Plot Title: 5B2C,6030,8/7/26 07:15,48.517,
Plot Title: 5B2C,6031,8/7/26 07:30,49.582,
Plot Title: 5B2C,6032,8/7/26 07:45,50.819,
Plot Title: 5B2C,6033,8/7/26 08:00,52.576,
Plot Title: 5B2C,6034,8/7/26 08:15,54.322,
Plot Title: 5B2C,6035,8/7/26 08:30,56.577,
Plot Title: 5B2C,6036,8/7/26 08:45,59.68,
Plot Title: 5B2C,6037,8/7/26 09:00,60.024,
Plot Title: 5B2C,6038,8/7/26 09:15,61.569,
Plot Title: 5B2C,6039,8/7/26 09:30,63.455,
Plot Title: 5B2C,6040,8/7/26 09:45,65.68,
Plot Title: 5B2C,6041,8/7/26 10:00,68.077,
Plot Title: 5B2C,6042,8/7/26 10:15,67.221,
Plot Title: 5B2C,6043,8/7/26 10:30,66.879,
Plot Title: 5B2C,6044,8/7/26 10:45,67.05,
Plot Title: 5B2C,6045,8/7/26 11:00,66.708,
Plot Title: 5B2C,6046,8/7/26 11:15,66.537,
Plot Title: 5B2C,6047,8/7/26 11:30,65.68,
Plot Title: 5B2C,6048,8/7/26 11:45,64.996,
Plot Title: 5B2C,6049,8/7/26 12:00,65.851,
Plot Title: 5B2C,6050,8/7/26 12:15,65.509,
Plot Title: 5B2C,6051,8/7/26 12:30,65.338,
Plot Title: 5B2C,6052,8/7/26 12:45,65.509,
Plot Title: 5B2C,6053,8/7/26 13:00,65.851,
Plot Title: 5B2C,6054,8/7/26 13:15,67.221,
Plot Title: 5B2C,6055,8/7/26 13:30,68.763,
Plot Title: 5B2C,6056,8/7/26 13:45,68.592,
Plot Title: 5B2C,6057,8/7/26 14:00,68.077,
Plot Title: 5B2C,6058,8/7/26 14:15,67.564,
Plot Title: 5B2C,6059,8/7/26 14:30,69.449,
Plot Title: 5B2C,6060,8/7/26 14:45,72.891,
Plot Title: 5B2C,6061,8/7/26 15:00,74.446,
Plot Title: 5B2C,6062,8/7/26 15:15,74.791,
Plot Title: 5B2C,6063,8/7/26 15:30,74.791,
Plot Title: 5B2C,6064,8/7/26 15:45,73.926,
Plot Title: 5B2C,6065,8/7/26 16:00,72.891,
Plot Title: 5B2C,6066,8/7/26 16:15,71.856,
Plot Title: 5B2C,6067,8/7/26 16:30,70.824,
Plot Title: 5B2C,6068,8/7/26 16:45,69.964,
Plot Title: 5B2C,6069,8/7/26 17:00,69.278,
Plot Title: 5B2C,6070,8/7/26 17:15,68.421,
Plot Title: 5B2C,6071,8/7/26 17:30,67.564,
Plot Title: 5B2C,6072,8/7/26 17:45,66.537,
Plot Title: 5B2C,6073,8/7/26 18:00,65.68,
Plot Title: 5B2C,6074,8/7/26 18:15,64.825,
Plot Title: 5B2C,6075,8/7/26 18:30,63.968,
Plot Title: 5B2C,6076,8/7/26 18:45,63.282,
Plot Title: 5B2C,6077,8/7/26 19:00,62.598,
Plot Title: 5B2C,6078,8/7/26 19:15,61.912,
Plot Title: 5B2C,6079,8/7/26 19:30,61.398,
Plot Title: 5B2C,6080,8/7/26 19:45,60.539,
Plot Title: 5B2C,6081,8/7/26 20:00,59.68,
Plot Title: 5B2C,6082,8/7/26 20:15,58.993,
Plot Title: 5B2C,6083,8/7/26 20:30,58.131,
Plot Title: 5B2C,6084,8/7/26 20:45,57.441,
Plot Title: 5B2C,6085,8/7/26 21:00,56.75,
Plot Title: 5B2C,6086,8/7/26 21:15,56.23,
Plot Title: 5B2C,6087,8/7/26 21:30,55.711,
Plot Title: 5B2C,6088,8/7/26 21:45,55.364,
Plot Title: 5B2C,6089,8/7/26 22:00,54.842,
Plot Title: 5B2C,6090,8/7/26 22:15,54.495,
Plot Title: 5B2C,6091,8/7/26 22:30,54.322,
Plot Title: 5B2C,6092,8/7/26 22:45,53.973,
Plot Title: 5B2C,6093,8/7/26 23:00,53.973,
Plot Title: 5B2C,6094,8/7/26 23:15,53.798,
Plot Title: 5B2C,6095,8/7/26 23:30,53.623,
Plot Title: 5B2C,6096,8/7/26 23:45,53.274,
Plot Title: 5B2C,6097,8/8/26 00:00,53.1,
Plot Title: 5B2C,6098,8/8/26 00:15,52.75,
Plot Title: 5B2C,6099,8/8/26 00:30,52.576,
Plot Title: 5B2C,6100,8/8/26 00:45,52.401,
Plot Title: 5B2C,6101,8/8/26 01:00,52.225,
Plot Title: 5B2C,6102,8/8/26 01:15,52.05,
Plot Title: 5B2C,6103,8/8/26 01:30,51.699,
Plot Title: 5B2C,6104,8/8/26 01:45,51.523,
Plot Title: 5B2C,6105,8/8/26 02:00,51.172,
Plot Title: 5B2C,6106,8/8/26 02:15,50.995,
Plot Title: 5B2C,6107,8/8/26 02:30,50.643,
Plot Title: 5B2C,6108,8/8/26 02:45,50.466,
Plot Title: 5B2C,6109,8/8/26 03:00,50.29,
Plot Title: 5B2C,6110,8/8/26 03:15,50.113,
Plot Title: 5B2C,6111,8/8/26 03:30,49.937,
Plot Title: 5B2C,6112,8/8/26 03:45,49.759,
Plot Title: 5B2C,6113,8/8/26 04:00,49.582,
Plot Title: 5B2C,6114,8/8/26 04:15,49.404,
Plot Title: 5B2C,6115,8/8/26 04:30,49.228,
Plot Title: 5B2C,6116,8/8/26 04:45,49.05,
Plot Title: 5B2C,6117,8/8/26 05:00,48.871,
Plot Title: 5B2C,6118,8/8/26 05:15,48.695,
Plot Title: 5B2C,6119,8/8/26 05:30,48.517,
Plot Title: 5B2C,6120,8/8/26 05:45,48.517,
Plot Title: 5B2C,6121,8/8/26 06:00,48.517,
Plot Title: 5B2C,6122,8/8/26 06:15,48.517,
Plot Title: 5B2C,6123,8/8/26 06:30,48.695,
Plot Title: 5B2C,6124,8/8/26 06:45,48.871,
Plot Title: 5B2C,6125,8/8/26 07:00,49.228,
Plot Title: 5B2C,6126,8/8/26 07:15,50.113,
Plot Title: 5B2C,6127,8/8/26 07:30,51.172,
Plot Title: 5B2C,6128,8/8/26 07:45,52.576,
Plot Title: 5B2C,6129,8/8/26 08:00,53.973,
Plot Title: 5B2C,6130,8/8/26 08:15,55.711,
Plot Title: 5B2C,6131,8/8/26 08:30,58.131,
Plot Title: 5B2C,6132,8/8/26 08:45,60.539,
Plot Title: 5B2C,6133,8/8/26 09:00,61.054,
Plot Title: 5B2C,6134,8/8/26 09:15,62.254,
Plot Title: 5B2C,6135,8/8/26 09:30,63.968,
Plot Title: 5B2C,6136,8/8/26 09:45,65.509,
Plot Title: 5B2C,6137,8/8/26 10:00,67.564,
Plot Title: 5B2C,6138,8/8/26 10:15,67.392,
Plot Title: 5B2C,6139,8/8/26 10:30,67.735,
Plot Title: 5B2C,6140,8/8/26 10:45,68.592,
Plot Title: 5B2C,6141,8/8/26 11:00,68.248,
Plot Title: 5B2C,6142,8/8/26 11:15,67.564,
Plot Title: 5B2C,6143,8/8/26 11:30,66.537,
Plot Title: 5B2C,6144,8/8/26 11:45,65.851,
Plot Title: 5B2C,6145,8/8/26 12:00,66.537,
Plot Title: 5B2C,6146,8/8/26 12:15,66.366,
Plot Title: 5B2C,6147,8/8/26 12:30,65.851,
Plot Title: 5B2C,6148,8/8/26 12:45,65.338,
Plot Title: 5B2C,6149,8/8/26 13:00,65.509,
Plot Title: 5B2C,6150,8/8/26 13:15,66.537,
Plot Title: 5B2C,6151,8/8/26 13:30,68.763,
Plot Title: 5B2C,6152,8/8/26 13:45,68.077,
Plot Title: 5B2C,6153,8/8/26 14:00,67.392,
Plot Title: 5B2C,6154,8/8/26 14:15,67.564,
Plot Title: 5B2C,6155,8/8/26 14:30,69.449,
Plot Title: 5B2C,6156,8/8/26 14:45,72.545,
Plot Title: 5B2C,6157,8/8/26 15:00,74.271,
Plot Title: 5B2C,6158,8/8/26 15:15,74.964,
Plot Title: 5B2C,6159,8/8/26 15:30,74.791,
Plot Title: 5B2C,6160,8/8/26 15:45,74.446,
Plot Title: 5B2C,6161,8/8/26 16:00,73.926,
Plot Title: 5B2C,6162,8/8/26 16:15,72.891,
Plot Title: 5B2C,6163,8/8/26 16:30,71.683,
Plot Title: 5B2C,6164,8/8/26 16:45,70.824,
Plot Title: 5B2C,6165,8/8/26 17:00,70.137,
Plot Title: 5B2C,6166,8/8/26 17:15,69.449,
Plot Title: 5B2C,6167,8/8/26 17:30,68.421,
Plot Title: 5B2C,6168,8/8/26 17:45,67.392,
Plot Title: 5B2C,6169,8/8/26 18:00,66.879,
Plot Title: 5B2C,6170,8/8/26 18:15,66.366,
Plot Title: 5B2C,6171,8/8/26 18:30,65.509,
Plot Title: 5B2C,6172,8/8/26 18:45,64.481,
Plot Title: 5B2C,6173,8/8/26 19:00,63.797,
Plot Title: 5B2C,6174,8/8/26 19:15,63.111,
Plot Title: 5B2C,6175,8/8/26 19:30,62.425,
Plot Title: 5B2C,6176,8/8/26 19:45,61.741,
Plot Title: 5B2C,6177,8/8/26 20:00,60.883,
Plot Title: 5B2C,6178,8/8/26 20:15,60.368,
Plot Title: 5B2C,6179,8/8/26 20:30,60.024,
Plot Title: 5B2C,6180,8/8/26 20:45,59.337,
Plot Title: 5B2C,6181,8/8/26 21:00,58.82,
Plot Title: 5B2C,6182,8/8/26 21:15,58.303,
Plot Title: 5B2C,6183,8/8/26 21:30,57.785,
Plot Title: 5B2C,6184,8/8/26 21:45,57.096,
Plot Title: 5B2C,6185,8/8/26 22:00,56.923,
Plot Title: 5B2C,6186,8/8/26 22:15,56.577,
Plot Title: 5B2C,6187,8/8/26 22:30,56.404,
Plot Title: 5B2C,6188,8/8/26 22:45,56.23,
Plot Title: 5B2C,6189,8/8/26 23:00,56.057,
Plot Title: 5B2C,6190,8/8/26 23:15,55.884,
Plot Title: 5B2C,6191,8/8/26 23:30,55.537,
Plot Title: 5B2C,6192,8/8/26 23:45,55.189,
Plot Title: 5B2C,6193,8/9/26 00:00,54.842,
Plot Title: 5B2C,6194,8/9/26 00:15,54.495,
Plot Title: 5B2C,6195,8/9/26 00:30,53.973,
Plot Title: 5B2C,6196,8/9/26 00:45,53.798,
Plot Title: 5B2C,6197,8/9/26 01:00,53.449,
Plot Title: 5B2C,6198,8/9/26 01:15,53.274,
Plot Title: 5B2C,6199,8/9/26 01:30,52.925,
Plot Title: 5B2C,6200,8/9/26 01:45,52.75,
Plot Title: 5B2C,6201,8/9/26 02:00,52.401,
Plot Title: 5B2C,6202,8/9/26 02:15,52.225,
Plot Title: 5B2C,6203,8/9/26 02:30,51.874,
Plot Title: 5B2C,6204,8/9/26 02:45,51.699,
Plot Title: 5B2C,6205,8/9/26 03:00,51.523,
Plot Title: 5B2C,6206,8/9/26 03:15,51.172,
Plot Title: 5B2C,6207,8/9/26 03:30,50.995,
Plot Title: 5B2C,6208,8/9/26 03:45,50.819,
Plot Title: 5B2C,6209,8/9/26 04:00,50.643,
Plot Title: 5B2C,6210,8/9/26 04:15,50.466,
Plot Title: 5B2C,6211,8/9/26 04:30,50.29,
Plot Title: 5B2C,6212,8/9/26 04:45,50.113,
Plot Title: 5B2C,6213,8/9/26 05:00,49.937,
Plot Title: 5B2C,6214,8/9/26 05:15,49.759,
Plot Title: 5B2C,6215,8/9/26 05:30,49.759,
Plot Title: 5B2C,6216,8/9/26 05:45,49.582,
Plot Title: 5B2C,6217,8/9/26 06:00,49.404,
Plot Title: 5B2C,6218,8/9/26 06:15,49.404,
Plot Title: 5B2C,6219,8/9/26 06:30,49.228,
Plot Title: 5B2C,6220,8/9/26 06:45,49.228,
Plot Title: 5B2C,6221,8/9/26 07:00,49.404,
Plot Title: 5B2C,6222,8/9/26 07:15,49.937,
Plot Title: 5B2C,6223,8/9/26 07:30,50.643,
Plot Title: 5B2C,6224,8/9/26 07:45,51.523,
Plot Title: 5B2C,6225,8/9/26 08:00,52.576,
Plot Title: 5B2C,6226,8/9/26 08:15,54.147,
Plot Title: 5B2C,6227,8/9/26 08:30,56.23,
Plot Title: 5B2C,6228,8/9/26 08:45,58.647,
Plot Title: 5B2C,6229,8/9/26 09:00,58.993,
Plot Title: 5B2C,6230,8/9/26 09:15,60.712,
Plot Title: 5B2C,6231,8/9/26 09:30,62.598,
Plot Title: 5B2C,6232,8/9/26 09:45,64.825,
Plot Title: 5B2C,6233,8/9/26 10:00,66.537,
Plot Title: 5B2C,6234,8/9/26 10:15,66.193,
Plot Title: 5B2C,6235,8/9/26 10:30,66.537,Logged