Plot Title: 5C1C,#,"Date Time, GMT-06:00","Temp, °F (LGR S/N: 10608545, SEN S/N: 10608545, LBL: 5C1C)",End Of File (LGR S/N: 10608545)
Plot Title: 5C1C,1,5/4/26 10:00,57.268,
Plot Title: 5C1C,2,5/4/26 10:15,56.23,
Plot Title: 5C1C,3,5/4/26 10:30,56.057,
Plot Title: 5C1C,4,5/4/26 10:45,55.537,
Plot Title: 5C1C,5,5/4/26 11:00,55.537,
Plot Title: 5C1C,6,5/4/26 11:15,56.75,
Plot Title: 5C1C,7,5/4/26 11:30,55.884,
Plot Title: 5C1C,8,5/4/26 11:45,54.669,
Plot Title: 5C1C,9,5/4/26 12:00,54.495,
Plot Title: 5C1C,10,5/4/26 12:15,54.669,
Plot Title: 5C1C,11,5/4/26 12:30,54.669,
Plot Title: 5C1C,12,5/4/26 12:45,55.189,
Plot Title: 5C1C,13,5/4/26 13:00,57.268,
Plot Title: 5C1C,14,5/4/26 13:15,63.626,
Plot Title: 5C1C,15,5/4/26 13:30,67.906,
Plot Title: 5C1C,16,5/4/26 13:45,68.248,
Plot Title: 5C1C,17,5/4/26 14:00,66.708,
Plot Title: 5C1C,18,5/4/26 14:15,65.167,
Plot Title: 5C1C,19,5/4/26 14:30,68.077,
Plot Title: 5C1C,20,5/4/26 14:45,63.626,
Plot Title: 5C1C,21,5/4/26 15:00,65.851,
Plot Title: 5C1C,22,5/4/26 15:15,69.964,
Plot Title: 5C1C,23,5/4/26 15:30,70.48,
Plot Title: 5C1C,24,5/4/26 15:45,68.077,
Plot Title: 5C1C,25,5/4/26 16:00,67.564,
Plot Title: 5C1C,26,5/4/26 16:15,67.735,
Plot Title: 5C1C,27,5/4/26 16:30,69.278,
Plot Title: 5C1C,28,5/4/26 16:45,67.735,
Plot Title: 5C1C,29,5/4/26 17:00,67.05,
Plot Title: 5C1C,30,5/4/26 17:15,66.022,
Plot Title: 5C1C,31,5/4/26 17:30,61.741,
Plot Title: 5C1C,32,5/4/26 17:45,58.131,
Plot Title: 5C1C,33,5/4/26 18:00,55.884,
Plot Title: 5C1C,34,5/4/26 18:15,53.798,
Plot Title: 5C1C,35,5/4/26 18:30,52.05,
Plot Title: 5C1C,36,5/4/26 18:45,50.995,
Plot Title: 5C1C,37,5/4/26 19:00,49.582,
Plot Title: 5C1C,38,5/4/26 19:15,47.624,
Plot Title: 5C1C,39,5/4/26 19:30,47.088,
Plot Title: 5C1C,40,5/4/26 19:45,46.548,
Plot Title: 5C1C,41,5/4/26 20:00,46.008,
Plot Title: 5C1C,42,5/4/26 20:15,45.466,
Plot Title: 5C1C,43,5/4/26 20:30,44.922,
Plot Title: 5C1C,44,5/4/26 20:45,44.379,
Plot Title: 5C1C,45,5/4/26 21:00,44.013,
Plot Title: 5C1C,46,5/4/26 21:15,43.648,
Plot Title: 5C1C,47,5/4/26 21:30,43.099,
Plot Title: 5C1C,48,5/4/26 21:45,42.732,
Plot Title: 5C1C,49,5/4/26 22:00,42.548,
Plot Title: 5C1C,50,5/4/26 22:15,42.179,
Plot Title: 5C1C,51,5/4/26 22:30,41.625,
Plot Title: 5C1C,52,5/4/26 22:45,41.254,
Plot Title: 5C1C,53,5/4/26 23:00,40.881,
Plot Title: 5C1C,54,5/4/26 23:15,40.509,
Plot Title: 5C1C,55,5/4/26 23:30,40.321,
Plot Title: 5C1C,56,5/4/26 23:45,40.134,
Plot Title: 5C1C,57,5/5/26 00:00,39.947,
Plot Title: 5C1C,58,5/5/26 00:15,39.76,
Plot Title: 5C1C,59,5/5/26 00:30,39.384,
Plot Title: 5C1C,60,5/5/26 00:45,39.384,
Plot Title: 5C1C,61,5/5/26 01:00,39.196,
Plot Title: 5C1C,62,5/5/26 01:15,39.007,
Plot Title: 5C1C,63,5/5/26 01:30,38.25,
Plot Title: 5C1C,64,5/5/26 01:45,37.488,
Plot Title: 5C1C,65,5/5/26 02:00,37.107,
Plot Title: 5C1C,66,5/5/26 02:15,36.338,
Plot Title: 5C1C,67,5/5/26 02:30,35.951,
Plot Title: 5C1C,68,5/5/26 02:45,35.564,
Plot Title: 5C1C,69,5/5/26 03:00,35.175,
Plot Title: 5C1C,70,5/5/26 03:15,34.786,
Plot Title: 5C1C,71,5/5/26 03:30,34.59,
Plot Title: 5C1C,72,5/5/26 03:45,34.198,
Plot Title: 5C1C,73,5/5/26 04:00,34.002,
Plot Title: 5C1C,74,5/5/26 04:15,33.805,
Plot Title: 5C1C,75,5/5/26 04:30,33.411,
Plot Title: 5C1C,76,5/5/26 04:45,33.213,
Plot Title: 5C1C,77,5/5/26 05:00,33.013,
Plot Title: 5C1C,78,5/5/26 05:15,32.815,
Plot Title: 5C1C,79,5/5/26 05:30,32.617,
Plot Title: 5C1C,80,5/5/26 05:45,32.418,
Plot Title: 5C1C,81,5/5/26 06:00,32.218,
Plot Title: 5C1C,82,5/5/26 06:15,32.018,
Plot Title: 5C1C,83,5/5/26 06:30,32.018,
Plot Title: 5C1C,84,5/5/26 06:45,32.018,
Plot Title: 5C1C,85,5/5/26 07:00,31.816,
Plot Title: 5C1C,86,5/5/26 07:15,31.816,
Plot Title: 5C1C,87,5/5/26 07:30,31.816,
Plot Title: 5C1C,88,5/5/26 07:45,31.816,
Plot Title: 5C1C,89,5/5/26 08:00,32.218,
Plot Title: 5C1C,90,5/5/26 08:15,32.617,
Plot Title: 5C1C,91,5/5/26 08:30,33.013,
Plot Title: 5C1C,92,5/5/26 08:45,33.213,
Plot Title: 5C1C,93,5/5/26 09:00,33.213,
Plot Title: 5C1C,94,5/5/26 09:15,33.411,
Plot Title: 5C1C,95,5/5/26 09:30,33.607,
Plot Title: 5C1C,96,5/5/26 09:45,33.607,
Plot Title: 5C1C,97,5/5/26 10:00,33.805,
Plot Title: 5C1C,98,5/5/26 10:15,34.981,
Plot Title: 5C1C,99,5/5/26 10:30,36.723,
Plot Title: 5C1C,100,5/5/26 10:45,37.488,
Plot Title: 5C1C,101,5/5/26 11:00,39.196,
Plot Title: 5C1C,102,5/5/26 11:15,41.254,
Plot Title: 5C1C,103,5/5/26 11:30,44.013,
Plot Title: 5C1C,104,5/5/26 11:45,47.266,
Plot Title: 5C1C,105,5/5/26 12:00,49.404,
Plot Title: 5C1C,106,5/5/26 12:15,51.346,
Plot Title: 5C1C,107,5/5/26 12:30,52.05,
Plot Title: 5C1C,108,5/5/26 12:45,51.699,
Plot Title: 5C1C,109,5/5/26 13:00,50.819,
Plot Title: 5C1C,110,5/5/26 13:15,54.495,
Plot Title: 5C1C,111,5/5/26 13:30,56.23,
Plot Title: 5C1C,112,5/5/26 13:45,56.23,
Plot Title: 5C1C,113,5/5/26 14:00,57.785,
Plot Title: 5C1C,114,5/5/26 14:15,62.083,
Plot Title: 5C1C,115,5/5/26 14:30,64.996,
Plot Title: 5C1C,116,5/5/26 14:45,57.958,
Plot Title: 5C1C,117,5/5/26 15:00,57.096,
Plot Title: 5C1C,118,5/5/26 15:15,54.322,
Plot Title: 5C1C,119,5/5/26 15:30,56.75,
Plot Title: 5C1C,120,5/5/26 15:45,54.147,
Plot Title: 5C1C,121,5/5/26 16:00,50.995,
Plot Title: 5C1C,122,5/5/26 16:15,53.798,
Plot Title: 5C1C,123,5/5/26 16:30,55.364,
Plot Title: 5C1C,124,5/5/26 16:45,53.274,
Plot Title: 5C1C,125,5/5/26 17:00,53.449,
Plot Title: 5C1C,126,5/5/26 17:15,49.228,
Plot Title: 5C1C,127,5/5/26 17:30,46.908,
Plot Title: 5C1C,128,5/5/26 17:45,46.008,
Plot Title: 5C1C,129,5/5/26 18:00,44.56,
Plot Title: 5C1C,130,5/5/26 18:15,44.195,
Plot Title: 5C1C,131,5/5/26 18:30,42.915,
Plot Title: 5C1C,132,5/5/26 18:45,41.067,
Plot Title: 5C1C,133,5/5/26 19:00,40.134,
Plot Title: 5C1C,134,5/5/26 19:15,39.384,
Plot Title: 5C1C,135,5/5/26 19:30,39.007,
Plot Title: 5C1C,136,5/5/26 19:45,38.629,
Plot Title: 5C1C,137,5/5/26 20:00,38.44,
Plot Title: 5C1C,138,5/5/26 20:15,38.25,
Plot Title: 5C1C,139,5/5/26 20:30,38.061,
Plot Title: 5C1C,140,5/5/26 20:45,37.87,
Plot Title: 5C1C,141,5/5/26 21:00,37.679,
Plot Title: 5C1C,142,5/5/26 21:15,37.488,
Plot Title: 5C1C,143,5/5/26 21:30,37.297,
Plot Title: 5C1C,144,5/5/26 21:45,37.297,
Plot Title: 5C1C,145,5/5/26 22:00,36.914,
Plot Title: 5C1C,146,5/5/26 22:15,36.723,
Plot Title: 5C1C,147,5/5/26 22:30,36.531,
Plot Title: 5C1C,148,5/5/26 22:45,36.338,
Plot Title: 5C1C,149,5/5/26 23:00,36.338,
Plot Title: 5C1C,150,5/5/26 23:15,36.145,
Plot Title: 5C1C,151,5/5/26 23:30,35.758,
Plot Title: 5C1C,152,5/5/26 23:45,35.564,
Plot Title: 5C1C,153,5/6/26 00:00,35.37,
Plot Title: 5C1C,154,5/6/26 00:15,35.175,
Plot Title: 5C1C,155,5/6/26 00:30,34.981,
Plot Title: 5C1C,156,5/6/26 00:45,34.786,
Plot Title: 5C1C,157,5/6/26 01:00,34.59,
Plot Title: 5C1C,158,5/6/26 01:15,34.394,
Plot Title: 5C1C,159,5/6/26 01:30,34.198,
Plot Title: 5C1C,160,5/6/26 01:45,34.002,
Plot Title: 5C1C,161,5/6/26 02:00,33.805,
Plot Title: 5C1C,162,5/6/26 02:15,33.805,
Plot Title: 5C1C,163,5/6/26 02:30,33.607,
Plot Title: 5C1C,164,5/6/26 02:45,33.411,
Plot Title: 5C1C,165,5/6/26 03:00,33.213,
Plot Title: 5C1C,166,5/6/26 03:15,33.013,
Plot Title: 5C1C,167,5/6/26 03:30,32.815,
Plot Title: 5C1C,168,5/6/26 03:45,32.815,
Plot Title: 5C1C,169,5/6/26 04:00,32.617,
Plot Title: 5C1C,170,5/6/26 04:15,32.418,
Plot Title: 5C1C,171,5/6/26 04:30,32.218,
Plot Title: 5C1C,172,5/6/26 04:45,32.218,
Plot Title: 5C1C,173,5/6/26 05:00,32.018,
Plot Title: 5C1C,174,5/6/26 05:15,32.018,
Plot Title: 5C1C,175,5/6/26 05:30,31.816,
Plot Title: 5C1C,176,5/6/26 05:45,31.816,
Plot Title: 5C1C,177,5/6/26 06:00,31.617,
Plot Title: 5C1C,178,5/6/26 06:15,31.617,
Plot Title: 5C1C,179,5/6/26 06:30,31.415,
Plot Title: 5C1C,180,5/6/26 06:45,31.415,
Plot Title: 5C1C,181,5/6/26 07:00,31.415,
Plot Title: 5C1C,182,5/6/26 07:15,31.213,
Plot Title: 5C1C,183,5/6/26 07:30,31.213,
Plot Title: 5C1C,184,5/6/26 07:45,31.213,
Plot Title: 5C1C,185,5/6/26 08:00,31.213,
Plot Title: 5C1C,186,5/6/26 08:15,31.415,
Plot Title: 5C1C,187,5/6/26 08:30,31.617,
Plot Title: 5C1C,188,5/6/26 08:45,31.816,
Plot Title: 5C1C,189,5/6/26 09:00,32.218,
Plot Title: 5C1C,190,5/6/26 09:15,32.218,
Plot Title: 5C1C,191,5/6/26 09:30,32.218,
Plot Title: 5C1C,192,5/6/26 09:45,32.218,
Plot Title: 5C1C,193,5/6/26 10:00,32.218,
Plot Title: 5C1C,194,5/6/26 10:15,32.218,
Plot Title: 5C1C,195,5/6/26 10:30,32.218,
Plot Title: 5C1C,196,5/6/26 10:45,32.418,
Plot Title: 5C1C,197,5/6/26 11:00,32.418,
Plot Title: 5C1C,198,5/6/26 11:15,32.617,
Plot Title: 5C1C,199,5/6/26 11:30,32.815,
Plot Title: 5C1C,200,5/6/26 11:45,33.213,
Plot Title: 5C1C,201,5/6/26 12:00,44.195,
Plot Title: 5C1C,202,5/6/26 12:15,55.364,
Plot Title: 5C1C,203,5/6/26 12:30,61.741,
Plot Title: 5C1C,204,5/6/26 12:45,65.338,
Plot Title: 5C1C,205,5/6/26 13:00,68.248,
Plot Title: 5C1C,206,5/6/26 13:15,69.107,
Plot Title: 5C1C,207,5/6/26 13:30,69.278,
Plot Title: 5C1C,208,5/6/26 13:45,70.995,
Plot Title: 5C1C,209,5/6/26 14:00,71.168,
Plot Title: 5C1C,210,5/6/26 14:15,70.995,
Plot Title: 5C1C,211,5/6/26 14:30,74.791,
Plot Title: 5C1C,212,5/6/26 14:45,76.876,
Plot Title: 5C1C,213,5/6/26 15:00,77.4,
Plot Title: 5C1C,214,5/6/26 15:15,77.05,
Plot Title: 5C1C,215,5/6/26 15:30,76.703,
Plot Title: 5C1C,216,5/6/26 15:45,75.312,
Plot Title: 5C1C,217,5/6/26 16:00,75.139,
Plot Title: 5C1C,218,5/6/26 16:15,71.339,
Plot Title: 5C1C,219,5/6/26 16:30,69.278,
Plot Title: 5C1C,220,5/6/26 16:45,68.421,
Plot Title: 5C1C,221,5/6/26 17:00,64.139,
Plot Title: 5C1C,222,5/6/26 17:15,66.022,
Plot Title: 5C1C,223,5/6/26 17:30,63.797,
Plot Title: 5C1C,224,5/6/26 17:45,65.509,
Plot Title: 5C1C,225,5/6/26 18:00,61.054,
Plot Title: 5C1C,226,5/6/26 18:15,57.958,
Plot Title: 5C1C,227,5/6/26 18:30,56.404,
Plot Title: 5C1C,228,5/6/26 18:45,55.364,
Plot Title: 5C1C,229,5/6/26 19:00,53.973,
Plot Title: 5C1C,230,5/6/26 19:15,52.925,
Plot Title: 5C1C,231,5/6/26 19:30,51.874,
Plot Title: 5C1C,232,5/6/26 19:45,50.995,
Plot Title: 5C1C,233,5/6/26 20:00,50.113,
Plot Title: 5C1C,234,5/6/26 20:15,49.404,
Plot Title: 5C1C,235,5/6/26 20:30,48.695,
Plot Title: 5C1C,236,5/6/26 20:45,48.339,
Plot Title: 5C1C,237,5/6/26 21:00,47.802,
Plot Title: 5C1C,238,5/6/26 21:15,47.266,
Plot Title: 5C1C,239,5/6/26 21:30,47.088,
Plot Title: 5C1C,240,5/6/26 21:45,46.728,
Plot Title: 5C1C,241,5/6/26 22:00,46.369,
Plot Title: 5C1C,242,5/6/26 22:15,46.008,
Plot Title: 5C1C,243,5/6/26 22:30,45.828,
Plot Title: 5C1C,244,5/6/26 22:45,45.466,
Plot Title: 5C1C,245,5/6/26 23:00,45.104,
Plot Title: 5C1C,246,5/6/26 23:15,44.379,
Plot Title: 5C1C,247,5/6/26 23:30,44.013,
Plot Title: 5C1C,248,5/6/26 23:45,43.648,
Plot Title: 5C1C,249,5/7/26 00:00,43.466,
Plot Title: 5C1C,250,5/7/26 00:15,43.099,
Plot Title: 5C1C,251,5/7/26 00:30,43.099,
Plot Title: 5C1C,252,5/7/26 00:45,42.915,
Plot Title: 5C1C,253,5/7/26 01:00,42.732,
Plot Title: 5C1C,254,5/7/26 01:15,42.548,
Plot Title: 5C1C,255,5/7/26 01:30,42.179,
Plot Title: 5C1C,256,5/7/26 01:45,41.81,
Plot Title: 5C1C,257,5/7/26 02:00,41.625,
Plot Title: 5C1C,258,5/7/26 02:15,41.439,
Plot Title: 5C1C,259,5/7/26 02:30,41.254,
Plot Title: 5C1C,260,5/7/26 02:45,40.881,
Plot Title: 5C1C,261,5/7/26 03:00,40.509,
Plot Title: 5C1C,262,5/7/26 03:15,39.573,
Plot Title: 5C1C,263,5/7/26 03:30,39.384,
Plot Title: 5C1C,264,5/7/26 03:45,39.196,
Plot Title: 5C1C,265,5/7/26 04:00,38.818,
Plot Title: 5C1C,266,5/7/26 04:15,38.44,
Plot Title: 5C1C,267,5/7/26 04:30,38.25,
Plot Title: 5C1C,268,5/7/26 04:45,38.44,
Plot Title: 5C1C,269,5/7/26 05:00,38.818,
Plot Title: 5C1C,270,5/7/26 05:15,39.007,
Plot Title: 5C1C,271,5/7/26 05:30,39.196,
Plot Title: 5C1C,272,5/7/26 05:45,39.007,
Plot Title: 5C1C,273,5/7/26 06:00,39.196,
Plot Title: 5C1C,274,5/7/26 06:15,39.384,
Plot Title: 5C1C,275,5/7/26 06:30,39.384,
Plot Title: 5C1C,276,5/7/26 06:45,39.007,
Plot Title: 5C1C,277,5/7/26 07:00,38.629,
Plot Title: 5C1C,278,5/7/26 07:15,38.44,
Plot Title: 5C1C,279,5/7/26 07:30,38.25,
Plot Title: 5C1C,280,5/7/26 07:45,38.44,
Plot Title: 5C1C,281,5/7/26 08:00,38.629,
Plot Title: 5C1C,282,5/7/26 08:15,38.818,
Plot Title: 5C1C,283,5/7/26 08:30,38.818,
Plot Title: 5C1C,284,5/7/26 08:45,40.321,
Plot Title: 5C1C,285,5/7/26 09:00,41.994,
Plot Title: 5C1C,286,5/7/26 09:15,42.179,
Plot Title: 5C1C,287,5/7/26 09:30,42.548,
Plot Title: 5C1C,288,5/7/26 09:45,42.548,
Plot Title: 5C1C,289,5/7/26 10:00,43.099,
Plot Title: 5C1C,290,5/7/26 10:15,44.013,
Plot Title: 5C1C,291,5/7/26 10:30,45.286,
Plot Title: 5C1C,292,5/7/26 10:45,46.728,
Plot Title: 5C1C,293,5/7/26 11:00,47.446,
Plot Title: 5C1C,294,5/7/26 11:15,47.802,
Plot Title: 5C1C,295,5/7/26 11:30,48.871,
Plot Title: 5C1C,296,5/7/26 11:45,51.523,
Plot Title: 5C1C,297,5/7/26 12:00,51.699,
Plot Title: 5C1C,298,5/7/26 12:15,57.958,
Plot Title: 5C1C,299,5/7/26 12:30,59.164,
Plot Title: 5C1C,300,5/7/26 12:45,66.879,
Plot Title: 5C1C,301,5/7/26 13:00,67.221,
Plot Title: 5C1C,302,5/7/26 13:15,68.421,
Plot Title: 5C1C,303,5/7/26 13:30,69.107,
Plot Title: 5C1C,304,5/7/26 13:45,66.022,
Plot Title: 5C1C,305,5/7/26 14:00,61.398,
Plot Title: 5C1C,306,5/7/26 14:15,61.569,
Plot Title: 5C1C,307,5/7/26 14:30,67.05,
Plot Title: 5C1C,308,5/7/26 14:45,66.022,
Plot Title: 5C1C,309,5/7/26 15:00,62.425,
Plot Title: 5C1C,310,5/7/26 15:15,58.476,
Plot Title: 5C1C,311,5/7/26 15:30,54.322,
Plot Title: 5C1C,312,5/7/26 15:45,53.1,
Plot Title: 5C1C,313,5/7/26 16:00,60.195,
Plot Title: 5C1C,314,5/7/26 16:15,65.509,
Plot Title: 5C1C,315,5/7/26 16:30,67.05,
Plot Title: 5C1C,316,5/7/26 16:45,67.735,
Plot Title: 5C1C,317,5/7/26 17:00,63.968,
Plot Title: 5C1C,318,5/7/26 17:15,60.883,
Plot Title: 5C1C,319,5/7/26 17:30,60.024,
Plot Title: 5C1C,320,5/7/26 17:45,57.785,
Plot Title: 5C1C,321,5/7/26 18:00,56.404,
Plot Title: 5C1C,322,5/7/26 18:15,55.017,
Plot Title: 5C1C,323,5/7/26 18:30,53.449,
Plot Title: 5C1C,324,5/7/26 18:45,52.576,
Plot Title: 5C1C,325,5/7/26 19:00,51.874,
Plot Title: 5C1C,326,5/7/26 19:15,50.643,
Plot Title: 5C1C,327,5/7/26 19:30,49.582,
Plot Title: 5C1C,328,5/7/26 19:45,48.871,
Plot Title: 5C1C,329,5/7/26 20:00,48.16,
Plot Title: 5C1C,330,5/7/26 20:15,47.446,
Plot Title: 5C1C,331,5/7/26 20:30,46.908,
Plot Title: 5C1C,332,5/7/26 20:45,46.188,
Plot Title: 5C1C,333,5/7/26 21:00,44.922,
Plot Title: 5C1C,334,5/7/26 21:15,44.56,
Plot Title: 5C1C,335,5/7/26 21:30,43.466,
Plot Title: 5C1C,336,5/7/26 21:45,42.732,
Plot Title: 5C1C,337,5/7/26 22:00,42.179,
Plot Title: 5C1C,338,5/7/26 22:15,41.625,
Plot Title: 5C1C,339,5/7/26 22:30,41.254,
Plot Title: 5C1C,340,5/7/26 22:45,40.881,
Plot Title: 5C1C,341,5/7/26 23:00,40.509,
Plot Title: 5C1C,342,5/7/26 23:15,40.134,
Plot Title: 5C1C,343,5/7/26 23:30,39.947,
Plot Title: 5C1C,344,5/7/26 23:45,39.573,
Plot Title: 5C1C,345,5/8/26 00:00,39.384,
Plot Title: 5C1C,346,5/8/26 00:15,39.196,
Plot Title: 5C1C,347,5/8/26 00:30,39.007,
Plot Title: 5C1C,348,5/8/26 00:45,38.818,
Plot Title: 5C1C,349,5/8/26 01:00,38.629,
Plot Title: 5C1C,350,5/8/26 01:15,38.44,
Plot Title: 5C1C,351,5/8/26 01:30,38.25,
Plot Title: 5C1C,352,5/8/26 01:45,38.061,
Plot Title: 5C1C,353,5/8/26 02:00,38.061,
Plot Title: 5C1C,354,5/8/26 02:15,37.87,
Plot Title: 5C1C,355,5/8/26 02:30,37.679,
Plot Title: 5C1C,356,5/8/26 02:45,37.488,
Plot Title: 5C1C,357,5/8/26 03:00,37.297,
Plot Title: 5C1C,358,5/8/26 03:15,37.107,
Plot Title: 5C1C,359,5/8/26 03:30,37.107,
Plot Title: 5C1C,360,5/8/26 03:45,37.107,
Plot Title: 5C1C,361,5/8/26 04:00,36.914,
Plot Title: 5C1C,362,5/8/26 04:15,36.723,
Plot Title: 5C1C,363,5/8/26 04:30,36.723,
Plot Title: 5C1C,364,5/8/26 04:45,36.338,
Plot Title: 5C1C,365,5/8/26 05:00,36.145,
Plot Title: 5C1C,366,5/8/26 05:15,35.951,
Plot Title: 5C1C,367,5/8/26 05:30,35.951,
Plot Title: 5C1C,368,5/8/26 05:45,35.951,
Plot Title: 5C1C,369,5/8/26 06:00,35.758,
Plot Title: 5C1C,370,5/8/26 06:15,35.564,
Plot Title: 5C1C,371,5/8/26 06:30,35.758,
Plot Title: 5C1C,372,5/8/26 06:45,35.758,
Plot Title: 5C1C,373,5/8/26 07:00,35.951,
Plot Title: 5C1C,374,5/8/26 07:15,35.951,
Plot Title: 5C1C,375,5/8/26 07:30,36.145,
Plot Title: 5C1C,376,5/8/26 07:45,36.145,
Plot Title: 5C1C,377,5/8/26 08:00,36.338,
Plot Title: 5C1C,378,5/8/26 08:15,36.723,
Plot Title: 5C1C,379,5/8/26 08:30,37.488,
Plot Title: 5C1C,380,5/8/26 08:45,39.007,
Plot Title: 5C1C,381,5/8/26 09:00,39.947,
Plot Title: 5C1C,382,5/8/26 09:15,39.947,
Plot Title: 5C1C,383,5/8/26 09:30,39.76,
Plot Title: 5C1C,384,5/8/26 09:45,40.321,
Plot Title: 5C1C,385,5/8/26 10:00,41.067,
Plot Title: 5C1C,386,5/8/26 10:15,41.439,
Plot Title: 5C1C,387,5/8/26 10:30,41.81,
Plot Title: 5C1C,388,5/8/26 10:45,42.548,
Plot Title: 5C1C,389,5/8/26 11:00,43.466,
Plot Title: 5C1C,390,5/8/26 11:15,45.286,
Plot Title: 5C1C,391,5/8/26 11:30,46.369,
Plot Title: 5C1C,392,5/8/26 11:45,54.147,
Plot Title: 5C1C,393,5/8/26 12:00,59.508,
Plot Title: 5C1C,394,5/8/26 12:15,65.509,
Plot Title: 5C1C,395,5/8/26 12:30,68.421,
Plot Title: 5C1C,396,5/8/26 12:45,68.592,
Plot Title: 5C1C,397,5/8/26 13:00,66.366,
Plot Title: 5C1C,398,5/8/26 13:15,68.934,
Plot Title: 5C1C,399,5/8/26 13:30,70.48,
Plot Title: 5C1C,400,5/8/26 13:45,74.098,
Plot Title: 5C1C,401,5/8/26 14:00,73.407,
Plot Title: 5C1C,402,5/8/26 14:15,70.824,
Plot Title: 5C1C,403,5/8/26 14:30,69.622,
Plot Title: 5C1C,404,5/8/26 14:45,71.683,
Plot Title: 5C1C,405,5/8/26 15:00,69.964,
Plot Title: 5C1C,406,5/8/26 15:15,68.934,
Plot Title: 5C1C,407,5/8/26 15:30,69.964,
Plot Title: 5C1C,408,5/8/26 15:45,68.763,
Plot Title: 5C1C,409,5/8/26 16:00,67.05,
Plot Title: 5C1C,410,5/8/26 16:15,64.139,
Plot Title: 5C1C,411,5/8/26 16:30,62.425,
Plot Title: 5C1C,412,5/8/26 16:45,62.083,
Plot Title: 5C1C,413,5/8/26 17:00,61.398,
Plot Title: 5C1C,414,5/8/26 17:15,60.712,
Plot Title: 5C1C,415,5/8/26 17:30,60.024,
Plot Title: 5C1C,416,5/8/26 17:45,59.337,
Plot Title: 5C1C,417,5/8/26 18:00,58.476,
Plot Title: 5C1C,418,5/8/26 18:15,57.614,
Plot Title: 5C1C,419,5/8/26 18:30,56.057,
Plot Title: 5C1C,420,5/8/26 18:45,54.495,
Plot Title: 5C1C,421,5/8/26 19:00,53.274,
Plot Title: 5C1C,422,5/8/26 19:15,52.401,
Plot Title: 5C1C,423,5/8/26 19:30,51.346,
Plot Title: 5C1C,424,5/8/26 19:45,50.819,
Plot Title: 5C1C,425,5/8/26 20:00,50.29,
Plot Title: 5C1C,426,5/8/26 20:15,49.582,
Plot Title: 5C1C,427,5/8/26 20:30,49.05,
Plot Title: 5C1C,428,5/8/26 20:45,48.517,
Plot Title: 5C1C,429,5/8/26 21:00,47.982,
Plot Title: 5C1C,430,5/8/26 21:15,47.446,
Plot Title: 5C1C,431,5/8/26 21:30,47.088,
Plot Title: 5C1C,432,5/8/26 21:45,46.548,
Plot Title: 5C1C,433,5/8/26 22:00,46.188,
Plot Title: 5C1C,434,5/8/26 22:15,45.828,
Plot Title: 5C1C,435,5/8/26 22:30,45.466,
Plot Title: 5C1C,436,5/8/26 22:45,45.104,
Plot Title: 5C1C,437,5/8/26 23:00,44.379,
Plot Title: 5C1C,438,5/8/26 23:15,43.648,
Plot Title: 5C1C,439,5/8/26 23:30,43.099,
Plot Title: 5C1C,440,5/8/26 23:45,42.548,
Plot Title: 5C1C,441,5/9/26 00:00,42.179,
Plot Title: 5C1C,442,5/9/26 00:15,41.81,
Plot Title: 5C1C,443,5/9/26 00:30,41.254,
Plot Title: 5C1C,444,5/9/26 00:45,40.696,
Plot Title: 5C1C,445,5/9/26 01:00,40.509,
Plot Title: 5C1C,446,5/9/26 01:15,40.509,
Plot Title: 5C1C,447,5/9/26 01:30,40.134,
Plot Title: 5C1C,448,5/9/26 01:45,39.76,
Plot Title: 5C1C,449,5/9/26 02:00,39.384,
Plot Title: 5C1C,450,5/9/26 02:15,39.007,
Plot Title: 5C1C,451,5/9/26 02:30,38.818,
Plot Title: 5C1C,452,5/9/26 02:45,38.818,
Plot Title: 5C1C,453,5/9/26 03:00,38.44,
Plot Title: 5C1C,454,5/9/26 03:15,37.87,
Plot Title: 5C1C,455,5/9/26 03:30,37.297,
Plot Title: 5C1C,456,5/9/26 03:45,36.914,
Plot Title: 5C1C,457,5/9/26 04:00,36.531,
Plot Title: 5C1C,458,5/9/26 04:15,36.145,
Plot Title: 5C1C,459,5/9/26 04:30,35.951,
Plot Title: 5C1C,460,5/9/26 04:45,35.564,
Plot Title: 5C1C,461,5/9/26 05:00,35.37,
Plot Title: 5C1C,462,5/9/26 05:15,35.175,
Plot Title: 5C1C,463,5/9/26 05:30,34.981,
Plot Title: 5C1C,464,5/9/26 05:45,34.981,
Plot Title: 5C1C,465,5/9/26 06:00,34.786,
Plot Title: 5C1C,466,5/9/26 06:15,35.37,
Plot Title: 5C1C,467,5/9/26 06:30,36.145,
Plot Title: 5C1C,468,5/9/26 06:45,36.723,
Plot Title: 5C1C,469,5/9/26 07:00,36.914,
Plot Title: 5C1C,470,5/9/26 07:15,37.679,
Plot Title: 5C1C,471,5/9/26 07:30,38.25,
Plot Title: 5C1C,472,5/9/26 07:45,38.818,
Plot Title: 5C1C,473,5/9/26 08:00,38.061,
Plot Title: 5C1C,474,5/9/26 08:15,37.679,
Plot Title: 5C1C,475,5/9/26 08:30,39.007,
Plot Title: 5C1C,476,5/9/26 08:45,39.573,
Plot Title: 5C1C,477,5/9/26 09:00,39.007,
Plot Title: 5C1C,478,5/9/26 09:15,38.629,
Plot Title: 5C1C,479,5/9/26 09:30,39.384,
Plot Title: 5C1C,480,5/9/26 09:45,40.509,
Plot Title: 5C1C,481,5/9/26 10:00,41.254,
Plot Title: 5C1C,482,5/9/26 10:15,42.179,
Plot Title: 5C1C,483,5/9/26 10:30,42.732,
Plot Title: 5C1C,484,5/9/26 10:45,43.099,
Plot Title: 5C1C,485,5/9/26 11:00,44.195,
Plot Title: 5C1C,486,5/9/26 11:15,44.742,
Plot Title: 5C1C,487,5/9/26 11:30,46.369,
Plot Title: 5C1C,488,5/9/26 11:45,56.057,
Plot Title: 5C1C,489,5/9/26 12:00,57.441,
Plot Title: 5C1C,490,5/9/26 12:15,63.282,
Plot Title: 5C1C,491,5/9/26 12:30,70.137,
Plot Title: 5C1C,492,5/9/26 12:45,70.995,
Plot Title: 5C1C,493,5/9/26 13:00,72.199,
Plot Title: 5C1C,494,5/9/26 13:15,70.824,
Plot Title: 5C1C,495,5/9/26 13:30,66.193,
Plot Title: 5C1C,496,5/9/26 13:45,71.512,
Plot Title: 5C1C,497,5/9/26 14:00,70.137,
Plot Title: 5C1C,498,5/9/26 14:15,69.107,
Plot Title: 5C1C,499,5/9/26 14:30,67.906,
Plot Title: 5C1C,500,5/9/26 14:45,68.934,
Plot Title: 5C1C,501,5/9/26 15:00,66.193,
Plot Title: 5C1C,502,5/9/26 15:15,67.906,
Plot Title: 5C1C,503,5/9/26 15:30,72.199,
Plot Title: 5C1C,504,5/9/26 15:45,70.824,
Plot Title: 5C1C,505,5/9/26 16:00,68.934,
Plot Title: 5C1C,506,5/9/26 16:15,65.68,
Plot Title: 5C1C,507,5/9/26 16:30,69.278,
Plot Title: 5C1C,508,5/9/26 16:45,71.856,
Plot Title: 5C1C,509,5/9/26 17:00,73.234,
Plot Title: 5C1C,510,5/9/26 17:15,72.718,
Plot Title: 5C1C,511,5/9/26 17:30,69.622,
Plot Title: 5C1C,512,5/9/26 17:45,69.107,
Plot Title: 5C1C,513,5/9/26 18:00,64.652,
Plot Title: 5C1C,514,5/9/26 18:15,60.712,
Plot Title: 5C1C,515,5/9/26 18:30,58.131,
Plot Title: 5C1C,516,5/9/26 18:45,57.614,
Plot Title: 5C1C,517,5/9/26 19:00,57.096,
Plot Title: 5C1C,518,5/9/26 19:15,55.537,
Plot Title: 5C1C,519,5/9/26 19:30,53.449,
Plot Title: 5C1C,520,5/9/26 19:45,51.874,
Plot Title: 5C1C,521,5/9/26 20:00,50.643,
Plot Title: 5C1C,522,5/9/26 20:15,49.404,
Plot Title: 5C1C,523,5/9/26 20:30,48.339,
Plot Title: 5C1C,524,5/9/26 20:45,47.446,
Plot Title: 5C1C,525,5/9/26 21:00,46.548,
Plot Title: 5C1C,526,5/9/26 21:15,45.648,
Plot Title: 5C1C,527,5/9/26 21:30,45.104,
Plot Title: 5C1C,528,5/9/26 21:45,44.56,
Plot Title: 5C1C,529,5/9/26 22:00,44.013,
Plot Title: 5C1C,530,5/9/26 22:15,43.648,
Plot Title: 5C1C,531,5/9/26 22:30,43.282,
Plot Title: 5C1C,532,5/9/26 22:45,42.915,
Plot Title: 5C1C,533,5/9/26 23:00,42.548,
Plot Title: 5C1C,534,5/9/26 23:15,42.363,
Plot Title: 5C1C,535,5/9/26 23:30,41.994,
Plot Title: 5C1C,536,5/9/26 23:45,41.625,
Plot Title: 5C1C,537,5/10/26 00:00,41.439,
Plot Title: 5C1C,538,5/10/26 00:15,41.254,
Plot Title: 5C1C,539,5/10/26 00:30,41.067,
Plot Title: 5C1C,540,5/10/26 00:45,40.881,
Plot Title: 5C1C,541,5/10/26 01:00,40.509,
Plot Title: 5C1C,542,5/10/26 01:15,40.321,
Plot Title: 5C1C,543,5/10/26 01:30,40.134,
Plot Title: 5C1C,544,5/10/26 01:45,39.947,
Plot Title: 5C1C,545,5/10/26 02:00,39.76,
Plot Title: 5C1C,546,5/10/26 02:15,39.384,
Plot Title: 5C1C,547,5/10/26 02:30,39.196,
Plot Title: 5C1C,548,5/10/26 02:45,38.818,
Plot Title: 5C1C,549,5/10/26 03:00,38.629,
Plot Title: 5C1C,550,5/10/26 03:15,38.44,
Plot Title: 5C1C,551,5/10/26 03:30,38.25,
Plot Title: 5C1C,552,5/10/26 03:45,38.061,
Plot Title: 5C1C,553,5/10/26 04:00,37.87,
Plot Title: 5C1C,554,5/10/26 04:15,37.679,
Plot Title: 5C1C,555,5/10/26 04:30,37.488,
Plot Title: 5C1C,556,5/10/26 04:45,37.297,
Plot Title: 5C1C,557,5/10/26 05:00,37.107,
Plot Title: 5C1C,558,5/10/26 05:15,37.107,
Plot Title: 5C1C,559,5/10/26 05:30,36.914,
Plot Title: 5C1C,560,5/10/26 05:45,36.723,
Plot Title: 5C1C,561,5/10/26 06:00,36.723,
Plot Title: 5C1C,562,5/10/26 06:15,36.531,
Plot Title: 5C1C,563,5/10/26 06:30,36.531,
Plot Title: 5C1C,564,5/10/26 06:45,36.531,
Plot Title: 5C1C,565,5/10/26 07:00,36.531,
Plot Title: 5C1C,566,5/10/26 07:15,36.723,
Plot Title: 5C1C,567,5/10/26 07:30,36.914,
Plot Title: 5C1C,568,5/10/26 07:45,37.488,
Plot Title: 5C1C,569,5/10/26 08:00,37.87,
Plot Title: 5C1C,570,5/10/26 08:15,38.061,
Plot Title: 5C1C,571,5/10/26 08:30,38.44,
Plot Title: 5C1C,572,5/10/26 08:45,40.134,
Plot Title: 5C1C,573,5/10/26 09:00,40.881,
Plot Title: 5C1C,574,5/10/26 09:15,41.067,
Plot Title: 5C1C,575,5/10/26 09:30,41.067,
Plot Title: 5C1C,576,5/10/26 09:45,41.067,
Plot Title: 5C1C,577,5/10/26 10:00,41.625,
Plot Title: 5C1C,578,5/10/26 10:15,42.179,
Plot Title: 5C1C,579,5/10/26 10:30,42.548,
Plot Title: 5C1C,580,5/10/26 10:45,43.099,
Plot Title: 5C1C,581,5/10/26 11:00,43.282,
Plot Title: 5C1C,582,5/10/26 11:15,43.831,
Plot Title: 5C1C,583,5/10/26 11:30,44.56,
Plot Title: 5C1C,584,5/10/26 11:45,54.669,
Plot Title: 5C1C,585,5/10/26 12:00,64.652,
Plot Title: 5C1C,586,5/10/26 12:15,70.824,
Plot Title: 5C1C,587,5/10/26 12:30,74.791,
Plot Title: 5C1C,588,5/10/26 12:45,78.274,
Plot Title: 5C1C,589,5/10/26 13:00,81.266,
Plot Title: 5C1C,590,5/10/26 13:15,84.115,
Plot Title: 5C1C,591,5/10/26 13:30,86.097,
Plot Title: 5C1C,592,5/10/26 13:45,87.368,
Plot Title: 5C1C,593,5/10/26 14:00,88.466,
Plot Title: 5C1C,594,5/10/26 14:15,89.569,
Plot Title: 5C1C,595,5/10/26 14:30,90.124,
Plot Title: 5C1C,596,5/10/26 14:45,91.053,
Plot Title: 5C1C,597,5/10/26 15:00,91.425,
Plot Title: 5C1C,598,5/10/26 15:15,92.174,
Plot Title: 5C1C,599,5/10/26 15:30,91.612,
Plot Title: 5C1C,600,5/10/26 15:45,91.053,
Plot Title: 5C1C,601,5/10/26 16:00,89.938,
Plot Title: 5C1C,602,5/10/26 16:15,89.384,
Plot Title: 5C1C,603,5/10/26 16:30,89.2,
Plot Title: 5C1C,604,5/10/26 16:45,87.186,
Plot Title: 5C1C,605,5/10/26 17:00,85.735,
Plot Title: 5C1C,606,5/10/26 17:15,84.115,
Plot Title: 5C1C,607,5/10/26 17:30,83.043,
Plot Title: 5C1C,608,5/10/26 17:45,80.735,
Plot Title: 5C1C,609,5/10/26 18:00,74.964,
Plot Title: 5C1C,610,5/10/26 18:15,69.964,
Plot Title: 5C1C,611,5/10/26 18:30,66.708,
Plot Title: 5C1C,612,5/10/26 18:45,64.31,
Plot Title: 5C1C,613,5/10/26 19:00,62.425,
Plot Title: 5C1C,614,5/10/26 19:15,60.883,
Plot Title: 5C1C,615,5/10/26 19:30,59.68,
Plot Title: 5C1C,616,5/10/26 19:45,58.476,
Plot Title: 5C1C,617,5/10/26 20:00,57.268,
Plot Title: 5C1C,618,5/10/26 20:15,56.23,
Plot Title: 5C1C,619,5/10/26 20:30,55.364,
Plot Title: 5C1C,620,5/10/26 20:45,54.495,
Plot Title: 5C1C,621,5/10/26 21:00,53.623,
Plot Title: 5C1C,622,5/10/26 21:15,53.1,
Plot Title: 5C1C,623,5/10/26 21:30,52.401,
Plot Title: 5C1C,624,5/10/26 21:45,51.699,
Plot Title: 5C1C,625,5/10/26 22:00,51.172,
Plot Title: 5C1C,626,5/10/26 22:15,50.995,
Plot Title: 5C1C,627,5/10/26 22:30,50.819,
Plot Title: 5C1C,628,5/10/26 22:45,50.29,
Plot Title: 5C1C,629,5/10/26 23:00,49.937,
Plot Title: 5C1C,630,5/10/26 23:15,49.759,
Plot Title: 5C1C,631,5/10/26 23:30,49.759,
Plot Title: 5C1C,632,5/10/26 23:45,49.759,
Plot Title: 5C1C,633,5/11/26 00:00,49.759,
Plot Title: 5C1C,634,5/11/26 00:15,49.404,
Plot Title: 5C1C,635,5/11/26 00:30,49.05,
Plot Title: 5C1C,636,5/11/26 00:45,48.871,
Plot Title: 5C1C,637,5/11/26 01:00,48.695,
Plot Title: 5C1C,638,5/11/26 01:15,48.517,
Plot Title: 5C1C,639,5/11/26 01:30,48.339,
Plot Title: 5C1C,640,5/11/26 01:45,48.16,
Plot Title: 5C1C,641,5/11/26 02:00,47.982,
Plot Title: 5C1C,642,5/11/26 02:15,47.802,
Plot Title: 5C1C,643,5/11/26 02:30,47.802,
Plot Title: 5C1C,644,5/11/26 02:45,47.446,
Plot Title: 5C1C,645,5/11/26 03:00,47.266,
Plot Title: 5C1C,646,5/11/26 03:15,47.088,
Plot Title: 5C1C,647,5/11/26 03:30,46.908,
Plot Title: 5C1C,648,5/11/26 03:45,46.728,
Plot Title: 5C1C,649,5/11/26 04:00,46.369,
Plot Title: 5C1C,650,5/11/26 04:15,46.369,
Plot Title: 5C1C,651,5/11/26 04:30,46.188,
Plot Title: 5C1C,652,5/11/26 04:45,46.188,
Plot Title: 5C1C,653,5/11/26 05:00,46.188,
Plot Title: 5C1C,654,5/11/26 05:15,46.188,
Plot Title: 5C1C,655,5/11/26 05:30,46.188,
Plot Title: 5C1C,656,5/11/26 05:45,46.188,
Plot Title: 5C1C,657,5/11/26 06:00,46.008,
Plot Title: 5C1C,658,5/11/26 06:15,46.008,
Plot Title: 5C1C,659,5/11/26 06:30,46.008,
Plot Title: 5C1C,660,5/11/26 06:45,46.008,
Plot Title: 5C1C,661,5/11/26 07:00,46.188,
Plot Title: 5C1C,662,5/11/26 07:15,45.828,
Plot Title: 5C1C,663,5/11/26 07:30,45.466,
Plot Title: 5C1C,664,5/11/26 07:45,45.104,
Plot Title: 5C1C,665,5/11/26 08:00,44.922,
Plot Title: 5C1C,666,5/11/26 08:15,44.922,
Plot Title: 5C1C,667,5/11/26 08:30,45.104,
Plot Title: 5C1C,668,5/11/26 08:45,46.908,
Plot Title: 5C1C,669,5/11/26 09:00,47.802,
Plot Title: 5C1C,670,5/11/26 09:15,47.982,
Plot Title: 5C1C,671,5/11/26 09:30,47.624,
Plot Title: 5C1C,672,5/11/26 09:45,47.266,
Plot Title: 5C1C,673,5/11/26 10:00,47.446,
Plot Title: 5C1C,674,5/11/26 10:15,47.624,
Plot Title: 5C1C,675,5/11/26 10:30,48.16,
Plot Title: 5C1C,676,5/11/26 10:45,48.339,
Plot Title: 5C1C,677,5/11/26 11:00,48.871,
Plot Title: 5C1C,678,5/11/26 11:15,49.05,
Plot Title: 5C1C,679,5/11/26 11:30,49.582,
Plot Title: 5C1C,680,5/11/26 11:45,60.195,
Plot Title: 5C1C,681,5/11/26 12:00,70.651,
Plot Title: 5C1C,682,5/11/26 12:15,77.574,
Plot Title: 5C1C,683,5/11/26 12:30,82.686,
Plot Title: 5C1C,684,5/11/26 12:45,86.277,
Plot Title: 5C1C,685,5/11/26 13:00,89.2,
Plot Title: 5C1C,686,5/11/26 13:15,91.987,
Plot Title: 5C1C,687,5/11/26 13:30,93.873,
Plot Title: 5C1C,688,5/11/26 13:45,95.59,
Plot Title: 5C1C,689,5/11/26 14:00,96.942,
Plot Title: 5C1C,690,5/11/26 14:15,97.916,
Plot Title: 5C1C,691,5/11/26 14:30,98.897,
Plot Title: 5C1C,692,5/11/26 14:45,99.489,
Plot Title: 5C1C,693,5/11/26 15:00,99.489,
Plot Title: 5C1C,694,5/11/26 15:15,99.291,
Plot Title: 5C1C,695,5/11/26 15:30,99.291,
Plot Title: 5C1C,696,5/11/26 15:45,98.503,
Plot Title: 5C1C,697,5/11/26 16:00,96.361,
Plot Title: 5C1C,698,5/11/26 16:15,95.207,
Plot Title: 5C1C,699,5/11/26 16:30,93.493,
Plot Title: 5C1C,700,5/11/26 16:45,93.115,
Plot Title: 5C1C,701,5/11/26 17:00,92.174,
Plot Title: 5C1C,702,5/11/26 17:15,90.124,
Plot Title: 5C1C,703,5/11/26 17:30,88.099,
Plot Title: 5C1C,704,5/11/26 17:45,85.735,
Plot Title: 5C1C,705,5/11/26 18:00,80.559,
Plot Title: 5C1C,706,5/11/26 18:15,74.271,
Plot Title: 5C1C,707,5/11/26 18:30,70.308,
Plot Title: 5C1C,708,5/11/26 18:45,67.564,
Plot Title: 5C1C,709,5/11/26 19:00,65.338,
Plot Title: 5C1C,710,5/11/26 19:15,63.626,
Plot Title: 5C1C,711,5/11/26 19:30,62.083,
Plot Title: 5C1C,712,5/11/26 19:45,60.712,
Plot Title: 5C1C,713,5/11/26 20:00,59.337,
Plot Title: 5C1C,714,5/11/26 20:15,58.131,
Plot Title: 5C1C,715,5/11/26 20:30,56.923,
Plot Title: 5C1C,716,5/11/26 20:45,55.884,
Plot Title: 5C1C,717,5/11/26 21:00,54.842,
Plot Title: 5C1C,718,5/11/26 21:15,53.798,
Plot Title: 5C1C,719,5/11/26 21:30,52.925,
Plot Title: 5C1C,720,5/11/26 21:45,52.225,
Plot Title: 5C1C,721,5/11/26 22:00,51.699,
Plot Title: 5C1C,722,5/11/26 22:15,50.995,
Plot Title: 5C1C,723,5/11/26 22:30,50.466,
Plot Title: 5C1C,724,5/11/26 22:45,50.113,
Plot Title: 5C1C,725,5/11/26 23:00,49.582,
Plot Title: 5C1C,726,5/11/26 23:15,49.05,
Plot Title: 5C1C,727,5/11/26 23:30,48.695,
Plot Title: 5C1C,728,5/11/26 23:45,48.16,
Plot Title: 5C1C,729,5/12/26 00:00,47.802,
Plot Title: 5C1C,730,5/12/26 00:15,47.446,
Plot Title: 5C1C,731,5/12/26 00:30,47.088,
Plot Title: 5C1C,732,5/12/26 00:45,46.908,
Plot Title: 5C1C,733,5/12/26 01:00,46.548,
Plot Title: 5C1C,734,5/12/26 01:15,46.188,
Plot Title: 5C1C,735,5/12/26 01:30,45.828,
Plot Title: 5C1C,736,5/12/26 01:45,45.648,
Plot Title: 5C1C,737,5/12/26 02:00,45.286,
Plot Title: 5C1C,738,5/12/26 02:15,44.922,
Plot Title: 5C1C,739,5/12/26 02:30,44.742,
Plot Title: 5C1C,740,5/12/26 02:45,44.379,
Plot Title: 5C1C,741,5/12/26 03:00,44.195,
Plot Title: 5C1C,742,5/12/26 03:15,43.831,
Plot Title: 5C1C,743,5/12/26 03:30,43.648,
Plot Title: 5C1C,744,5/12/26 03:45,43.466,
Plot Title: 5C1C,745,5/12/26 04:00,43.099,
Plot Title: 5C1C,746,5/12/26 04:15,42.915,
Plot Title: 5C1C,747,5/12/26 04:30,42.732,
Plot Title: 5C1C,748,5/12/26 04:45,42.548,
Plot Title: 5C1C,749,5/12/26 05:00,42.363,
Plot Title: 5C1C,750,5/12/26 05:15,42.179,
Plot Title: 5C1C,751,5/12/26 05:30,41.81,
Plot Title: 5C1C,752,5/12/26 05:45,41.625,
Plot Title: 5C1C,753,5/12/26 06:00,41.625,
Plot Title: 5C1C,754,5/12/26 06:15,41.439,
Plot Title: 5C1C,755,5/12/26 06:30,41.254,
Plot Title: 5C1C,756,5/12/26 06:45,41.254,
Plot Title: 5C1C,757,5/12/26 07:00,41.254,
Plot Title: 5C1C,758,5/12/26 07:15,41.439,
Plot Title: 5C1C,759,5/12/26 07:30,41.439,
Plot Title: 5C1C,760,5/12/26 07:45,41.439,
Plot Title: 5C1C,761,5/12/26 08:00,41.625,
Plot Title: 5C1C,762,5/12/26 08:15,41.994,
Plot Title: 5C1C,763,5/12/26 08:30,42.179,
Plot Title: 5C1C,764,5/12/26 08:45,44.56,
Plot Title: 5C1C,765,5/12/26 09:00,46.008,
Plot Title: 5C1C,766,5/12/26 09:15,45.648,
Plot Title: 5C1C,767,5/12/26 09:30,45.466,
Plot Title: 5C1C,768,5/12/26 09:45,45.104,
Plot Title: 5C1C,769,5/12/26 10:00,45.466,
Plot Title: 5C1C,770,5/12/26 10:15,45.828,
Plot Title: 5C1C,771,5/12/26 10:30,46.188,
Plot Title: 5C1C,772,5/12/26 10:45,46.369,
Plot Title: 5C1C,773,5/12/26 11:00,46.728,
Plot Title: 5C1C,774,5/12/26 11:15,47.088,
Plot Title: 5C1C,775,5/12/26 11:30,47.624,
Plot Title: 5C1C,776,5/12/26 11:45,58.476,
Plot Title: 5C1C,777,5/12/26 12:00,69.793,
Plot Title: 5C1C,778,5/12/26 12:15,77.574,
Plot Title: 5C1C,779,5/12/26 12:30,82.33,
Plot Title: 5C1C,780,5/12/26 12:45,85.554,
Plot Title: 5C1C,781,5/12/26 13:00,88.466,
Plot Title: 5C1C,782,5/12/26 13:15,90.68,
Plot Title: 5C1C,783,5/12/26 13:30,92.926,
Plot Title: 5C1C,784,5/12/26 13:45,94.444,
Plot Title: 5C1C,785,5/12/26 14:00,96.555,
Plot Title: 5C1C,786,5/12/26 14:15,98.699,
Plot Title: 5C1C,787,5/12/26 14:30,100.083,
Plot Title: 5C1C,788,5/12/26 14:45,101.082,
Plot Title: 5C1C,789,5/12/26 15:00,101.685,
Plot Title: 5C1C,790,5/12/26 15:15,101.082,
Plot Title: 5C1C,791,5/12/26 15:30,100.483,
Plot Title: 5C1C,792,5/12/26 15:45,100.283,
Plot Title: 5C1C,793,5/12/26 16:00,99.885,
Plot Title: 5C1C,794,5/12/26 16:15,99.489,
Plot Title: 5C1C,795,5/12/26 16:30,98.897,
Plot Title: 5C1C,796,5/12/26 16:45,96.942,
Plot Title: 5C1C,797,5/12/26 17:00,94.825,
Plot Title: 5C1C,798,5/12/26 17:15,93.115,
Plot Title: 5C1C,799,5/12/26 17:30,90.68,
Plot Title: 5C1C,800,5/12/26 17:45,88.099,
Plot Title: 5C1C,801,5/12/26 18:00,82.864,
Plot Title: 5C1C,802,5/12/26 18:15,76.703,
Plot Title: 5C1C,803,5/12/26 18:30,73.062,
Plot Title: 5C1C,804,5/12/26 18:45,70.48,
Plot Title: 5C1C,805,5/12/26 19:00,68.592,
Plot Title: 5C1C,806,5/12/26 19:15,67.05,
Plot Title: 5C1C,807,5/12/26 19:30,65.509,
Plot Title: 5C1C,808,5/12/26 19:45,64.31,
Plot Title: 5C1C,809,5/12/26 20:00,63.282,
Plot Title: 5C1C,810,5/12/26 20:15,61.741,
Plot Title: 5C1C,811,5/12/26 20:30,60.368,
Plot Title: 5C1C,812,5/12/26 20:45,58.993,
Plot Title: 5C1C,813,5/12/26 21:00,57.785,
Plot Title: 5C1C,814,5/12/26 21:15,56.923,
Plot Title: 5C1C,815,5/12/26 21:30,56.23,
Plot Title: 5C1C,816,5/12/26 21:45,55.711,
Plot Title: 5C1C,817,5/12/26 22:00,55.017,
Plot Title: 5C1C,818,5/12/26 22:15,54.495,
Plot Title: 5C1C,819,5/12/26 22:30,54.147,
Plot Title: 5C1C,820,5/12/26 22:45,53.798,
Plot Title: 5C1C,821,5/12/26 23:00,53.449,
Plot Title: 5C1C,822,5/12/26 23:15,53.274,
Plot Title: 5C1C,823,5/12/26 23:30,53.1,
Plot Title: 5C1C,824,5/12/26 23:45,52.925,
Plot Title: 5C1C,825,5/13/26 00:00,52.576,
Plot Title: 5C1C,826,5/13/26 00:15,52.401,
Plot Title: 5C1C,827,5/13/26 00:30,52.05,
Plot Title: 5C1C,828,5/13/26 00:45,51.874,
Plot Title: 5C1C,829,5/13/26 01:00,51.523,
Plot Title: 5C1C,830,5/13/26 01:15,51.346,
Plot Title: 5C1C,831,5/13/26 01:30,50.995,
Plot Title: 5C1C,832,5/13/26 01:45,50.819,
Plot Title: 5C1C,833,5/13/26 02:00,50.466,
Plot Title: 5C1C,834,5/13/26 02:15,50.466,
Plot Title: 5C1C,835,5/13/26 02:30,50.29,
Plot Title: 5C1C,836,5/13/26 02:45,50.29,
Plot Title: 5C1C,837,5/13/26 03:00,50.29,
Plot Title: 5C1C,838,5/13/26 03:15,50.643,
Plot Title: 5C1C,839,5/13/26 03:30,51.172,
Plot Title: 5C1C,840,5/13/26 03:45,51.346,
Plot Title: 5C1C,841,5/13/26 04:00,50.819,
Plot Title: 5C1C,842,5/13/26 04:15,50.29,
Plot Title: 5C1C,843,5/13/26 04:30,49.937,
Plot Title: 5C1C,844,5/13/26 04:45,49.582,
Plot Title: 5C1C,845,5/13/26 05:00,49.228,
Plot Title: 5C1C,846,5/13/26 05:15,49.228,
Plot Title: 5C1C,847,5/13/26 05:30,49.228,
Plot Title: 5C1C,848,5/13/26 05:45,49.05,
Plot Title: 5C1C,849,5/13/26 06:00,48.871,
Plot Title: 5C1C,850,5/13/26 06:15,48.695,
Plot Title: 5C1C,851,5/13/26 06:30,48.695,
Plot Title: 5C1C,852,5/13/26 06:45,48.517,
Plot Title: 5C1C,853,5/13/26 07:00,48.517,
Plot Title: 5C1C,854,5/13/26 07:15,48.517,
Plot Title: 5C1C,855,5/13/26 07:30,48.517,
Plot Title: 5C1C,856,5/13/26 07:45,48.517,
Plot Title: 5C1C,857,5/13/26 08:00,48.695,
Plot Title: 5C1C,858,5/13/26 08:15,49.404,
Plot Title: 5C1C,859,5/13/26 08:30,50.466,
Plot Title: 5C1C,860,5/13/26 08:45,52.401,
Plot Title: 5C1C,861,5/13/26 09:00,53.973,
Plot Title: 5C1C,862,5/13/26 09:15,54.842,
Plot Title: 5C1C,863,5/13/26 09:30,54.322,
Plot Title: 5C1C,864,5/13/26 09:45,53.623,
Plot Title: 5C1C,865,5/13/26 10:00,53.798,
Plot Title: 5C1C,866,5/13/26 10:15,54.147,
Plot Title: 5C1C,867,5/13/26 10:30,54.322,
Plot Title: 5C1C,868,5/13/26 10:45,54.669,
Plot Title: 5C1C,869,5/13/26 11:00,55.189,
Plot Title: 5C1C,870,5/13/26 11:15,55.884,
Plot Title: 5C1C,871,5/13/26 11:30,56.577,
Plot Title: 5C1C,872,5/13/26 11:45,65.338,
Plot Title: 5C1C,873,5/13/26 12:00,74.619,
Plot Title: 5C1C,874,5/13/26 12:15,79.853,
Plot Title: 5C1C,875,5/13/26 12:30,83.221,
Plot Title: 5C1C,876,5/13/26 12:45,85.915,
Plot Title: 5C1C,877,5/13/26 13:00,88.282,
Plot Title: 5C1C,878,5/13/26 13:15,89.755,
Plot Title: 5C1C,879,5/13/26 13:30,89.938,
Plot Title: 5C1C,880,5/13/26 13:45,92.737,
Plot Title: 5C1C,881,5/13/26 14:00,95.4,
Plot Title: 5C1C,882,5/13/26 14:15,96.168,
Plot Title: 5C1C,883,5/13/26 14:30,96.748,
Plot Title: 5C1C,884,5/13/26 14:45,97.525,
Plot Title: 5C1C,885,5/13/26 15:00,92.55,
Plot Title: 5C1C,886,5/13/26 15:15,85.374,
Plot Title: 5C1C,887,5/13/26 15:30,87.552,
Plot Title: 5C1C,888,5/13/26 15:45,84.295,
Plot Title: 5C1C,889,5/13/26 16:00,80.911,
Plot Title: 5C1C,890,5/13/26 16:15,79.502,
Plot Title: 5C1C,891,5/13/26 16:30,77.923,
Plot Title: 5C1C,892,5/13/26 16:45,76.703,
Plot Title: 5C1C,893,5/13/26 17:00,79.326,
Plot Title: 5C1C,894,5/13/26 17:15,74.271,
Plot Title: 5C1C,895,5/13/26 17:30,70.308,
Plot Title: 5C1C,896,5/13/26 17:45,68.592,
Plot Title: 5C1C,897,5/13/26 18:00,66.366,
Plot Title: 5C1C,898,5/13/26 18:15,65.167,
Plot Title: 5C1C,899,5/13/26 18:30,64.31,
Plot Title: 5C1C,900,5/13/26 18:45,63.455,
Plot Title: 5C1C,901,5/13/26 19:00,61.569,
Plot Title: 5C1C,902,5/13/26 19:15,60.539,
Plot Title: 5C1C,903,5/13/26 19:30,59.68,
Plot Title: 5C1C,904,5/13/26 19:45,58.647,
Plot Title: 5C1C,905,5/13/26 20:00,57.958,
Plot Title: 5C1C,906,5/13/26 20:15,57.614,
Plot Title: 5C1C,907,5/13/26 20:30,53.623,
Plot Title: 5C1C,908,5/13/26 20:45,52.401,
Plot Title: 5C1C,909,5/13/26 21:00,51.699,
Plot Title: 5C1C,910,5/13/26 21:15,50.643,
Plot Title: 5C1C,911,5/13/26 21:30,49.582,
Plot Title: 5C1C,912,5/13/26 21:45,49.228,
Plot Title: 5C1C,913,5/13/26 22:00,48.871,
Plot Title: 5C1C,914,5/13/26 22:15,48.517,
Plot Title: 5C1C,915,5/13/26 22:30,47.624,
Plot Title: 5C1C,916,5/13/26 22:45,46.908,
Plot Title: 5C1C,917,5/13/26 23:00,46.008,
Plot Title: 5C1C,918,5/13/26 23:15,44.922,
Plot Title: 5C1C,919,5/13/26 23:30,44.195,
Plot Title: 5C1C,920,5/13/26 23:45,43.282,
Plot Title: 5C1C,921,5/14/26 00:00,42.732,
Plot Title: 5C1C,922,5/14/26 00:15,42.179,
Plot Title: 5C1C,923,5/14/26 00:30,41.81,
Plot Title: 5C1C,924,5/14/26 00:45,41.439,
Plot Title: 5C1C,925,5/14/26 01:00,41.067,
Plot Title: 5C1C,926,5/14/26 01:15,40.696,
Plot Title: 5C1C,927,5/14/26 01:30,40.696,
Plot Title: 5C1C,928,5/14/26 01:45,40.696,
Plot Title: 5C1C,929,5/14/26 02:00,40.509,
Plot Title: 5C1C,930,5/14/26 02:15,40.509,
Plot Title: 5C1C,931,5/14/26 02:30,40.696,
Plot Title: 5C1C,932,5/14/26 02:45,40.509,
Plot Title: 5C1C,933,5/14/26 03:00,40.134,
Plot Title: 5C1C,934,5/14/26 03:15,39.573,
Plot Title: 5C1C,935,5/14/26 03:30,39.196,
Plot Title: 5C1C,936,5/14/26 03:45,39.007,
Plot Title: 5C1C,937,5/14/26 04:00,38.629,
Plot Title: 5C1C,938,5/14/26 04:15,38.44,
Plot Title: 5C1C,939,5/14/26 04:30,38.25,
Plot Title: 5C1C,940,5/14/26 04:45,38.061,
Plot Title: 5C1C,941,5/14/26 05:00,37.87,
Plot Title: 5C1C,942,5/14/26 05:15,37.679,
Plot Title: 5C1C,943,5/14/26 05:30,37.488,
Plot Title: 5C1C,944,5/14/26 05:45,37.297,
Plot Title: 5C1C,945,5/14/26 06:00,37.297,
Plot Title: 5C1C,946,5/14/26 06:15,37.107,
Plot Title: 5C1C,947,5/14/26 06:30,37.107,
Plot Title: 5C1C,948,5/14/26 06:45,37.107,
Plot Title: 5C1C,949,5/14/26 07:00,37.107,
Plot Title: 5C1C,950,5/14/26 07:15,36.914,
Plot Title: 5C1C,951,5/14/26 07:30,36.914,
Plot Title: 5C1C,952,5/14/26 07:45,36.723,
Plot Title: 5C1C,953,5/14/26 08:00,36.723,
Plot Title: 5C1C,954,5/14/26 08:15,36.723,
Plot Title: 5C1C,955,5/14/26 08:30,36.914,
Plot Title: 5C1C,956,5/14/26 08:45,37.679,
Plot Title: 5C1C,957,5/14/26 09:00,39.573,
Plot Title: 5C1C,958,5/14/26 09:15,39.76,
Plot Title: 5C1C,959,5/14/26 09:30,39.573,
Plot Title: 5C1C,960,5/14/26 09:45,39.573,
Plot Title: 5C1C,961,5/14/26 10:00,40.509,
Plot Title: 5C1C,962,5/14/26 10:15,41.067,
Plot Title: 5C1C,963,5/14/26 10:30,40.696,
Plot Title: 5C1C,964,5/14/26 10:45,41.067,
Plot Title: 5C1C,965,5/14/26 11:00,41.254,
Plot Title: 5C1C,966,5/14/26 11:15,41.439,
Plot Title: 5C1C,967,5/14/26 11:30,42.179,
Plot Title: 5C1C,968,5/14/26 11:45,55.017,
Plot Title: 5C1C,969,5/14/26 12:00,65.167,
Plot Title: 5C1C,970,5/14/26 12:15,71.339,
Plot Title: 5C1C,971,5/14/26 12:30,75.312,
Plot Title: 5C1C,972,5/14/26 12:45,77.923,
Plot Title: 5C1C,973,5/14/26 13:00,80.911,
Plot Title: 5C1C,974,5/14/26 13:15,83.579,
Plot Title: 5C1C,975,5/14/26 13:30,86.277,
Plot Title: 5C1C,976,5/14/26 13:45,89.384,
Plot Title: 5C1C,977,5/14/26 14:00,88.099,
Plot Title: 5C1C,978,5/14/26 14:15,81.797,
Plot Title: 5C1C,979,5/14/26 14:30,73.407,
Plot Title: 5C1C,980,5/14/26 14:45,70.308,
Plot Title: 5C1C,981,5/14/26 15:00,70.48,
Plot Title: 5C1C,982,5/14/26 15:15,76.354,
Plot Title: 5C1C,983,5/14/26 15:30,78.8,
Plot Title: 5C1C,984,5/14/26 15:45,77.05,
Plot Title: 5C1C,985,5/14/26 16:00,72.028,
Plot Title: 5C1C,986,5/14/26 16:15,67.906,
Plot Title: 5C1C,987,5/14/26 16:30,64.996,
Plot Title: 5C1C,988,5/14/26 16:45,62.598,
Plot Title: 5C1C,989,5/14/26 17:00,60.539,
Plot Title: 5C1C,990,5/14/26 17:15,59.164,
Plot Title: 5C1C,991,5/14/26 17:30,58.131,
Plot Title: 5C1C,992,5/14/26 17:45,57.268,
Plot Title: 5C1C,993,5/14/26 18:00,56.404,
Plot Title: 5C1C,994,5/14/26 18:15,55.711,
Plot Title: 5C1C,995,5/14/26 18:30,55.017,
Plot Title: 5C1C,996,5/14/26 18:45,54.147,
Plot Title: 5C1C,997,5/14/26 19:00,53.623,
Plot Title: 5C1C,998,5/14/26 19:15,53.1,
Plot Title: 5C1C,999,5/14/26 19:30,52.576,
Plot Title: 5C1C,1000,5/14/26 19:45,52.05,
Plot Title: 5C1C,1001,5/14/26 20:00,51.346,
Plot Title: 5C1C,1002,5/14/26 20:15,50.643,
Plot Title: 5C1C,1003,5/14/26 20:30,49.937,
Plot Title: 5C1C,1004,5/14/26 20:45,49.404,
Plot Title: 5C1C,1005,5/14/26 21:00,48.871,
Plot Title: 5C1C,1006,5/14/26 21:15,48.517,
Plot Title: 5C1C,1007,5/14/26 21:30,48.16,
Plot Title: 5C1C,1008,5/14/26 21:45,47.802,
Plot Title: 5C1C,1009,5/14/26 22:00,47.624,
Plot Title: 5C1C,1010,5/14/26 22:15,47.266,
Plot Title: 5C1C,1011,5/14/26 22:30,47.088,
Plot Title: 5C1C,1012,5/14/26 22:45,46.908,
Plot Title: 5C1C,1013,5/14/26 23:00,46.728,
Plot Title: 5C1C,1014,5/14/26 23:15,46.369,
Plot Title: 5C1C,1015,5/14/26 23:30,46.188,
Plot Title: 5C1C,1016,5/14/26 23:45,46.008,
Plot Title: 5C1C,1017,5/15/26 00:00,45.466,
Plot Title: 5C1C,1018,5/15/26 00:15,44.922,
Plot Title: 5C1C,1019,5/15/26 00:30,44.56,
Plot Title: 5C1C,1020,5/15/26 00:45,44.013,
Plot Title: 5C1C,1021,5/15/26 01:00,43.282,
Plot Title: 5C1C,1022,5/15/26 01:15,42.363,
Plot Title: 5C1C,1023,5/15/26 01:30,41.625,
Plot Title: 5C1C,1024,5/15/26 01:45,40.881,
Plot Title: 5C1C,1025,5/15/26 02:00,40.509,
Plot Title: 5C1C,1026,5/15/26 02:15,40.134,
Plot Title: 5C1C,1027,5/15/26 02:30,39.76,
Plot Title: 5C1C,1028,5/15/26 02:45,39.384,
Plot Title: 5C1C,1029,5/15/26 03:00,39.007,
Plot Title: 5C1C,1030,5/15/26 03:15,38.629,
Plot Title: 5C1C,1031,5/15/26 03:30,38.44,
Plot Title: 5C1C,1032,5/15/26 03:45,38.44,
Plot Title: 5C1C,1033,5/15/26 04:00,38.25,
Plot Title: 5C1C,1034,5/15/26 04:15,38.818,
Plot Title: 5C1C,1035,5/15/26 04:30,39.007,
Plot Title: 5C1C,1036,5/15/26 04:45,39.196,
Plot Title: 5C1C,1037,5/15/26 05:00,39.196,
Plot Title: 5C1C,1038,5/15/26 05:15,39.007,
Plot Title: 5C1C,1039,5/15/26 05:30,38.818,
Plot Title: 5C1C,1040,5/15/26 05:45,38.629,
Plot Title: 5C1C,1041,5/15/26 06:00,38.44,
Plot Title: 5C1C,1042,5/15/26 06:15,38.44,
Plot Title: 5C1C,1043,5/15/26 06:30,39.007,
Plot Title: 5C1C,1044,5/15/26 06:45,39.384,
Plot Title: 5C1C,1045,5/15/26 07:00,39.196,
Plot Title: 5C1C,1046,5/15/26 07:15,38.818,
Plot Title: 5C1C,1047,5/15/26 07:30,38.629,
Plot Title: 5C1C,1048,5/15/26 07:45,38.629,
Plot Title: 5C1C,1049,5/15/26 08:00,38.44,
Plot Title: 5C1C,1050,5/15/26 08:15,39.007,
Plot Title: 5C1C,1051,5/15/26 08:30,39.573,
Plot Title: 5C1C,1052,5/15/26 08:45,41.254,
Plot Title: 5C1C,1053,5/15/26 09:00,42.732,
Plot Title: 5C1C,1054,5/15/26 09:15,41.994,
Plot Title: 5C1C,1055,5/15/26 09:30,42.548,
Plot Title: 5C1C,1056,5/15/26 09:45,42.915,
Plot Title: 5C1C,1057,5/15/26 10:00,42.548,
Plot Title: 5C1C,1058,5/15/26 10:15,43.282,
Plot Title: 5C1C,1059,5/15/26 10:30,44.195,
Plot Title: 5C1C,1060,5/15/26 10:45,44.013,
Plot Title: 5C1C,1061,5/15/26 11:00,43.831,
Plot Title: 5C1C,1062,5/15/26 11:15,44.013,
Plot Title: 5C1C,1063,5/15/26 11:30,44.013,
Plot Title: 5C1C,1064,5/15/26 11:45,55.537,
Plot Title: 5C1C,1065,5/15/26 12:00,67.735,
Plot Title: 5C1C,1066,5/15/26 12:15,75.832,
Plot Title: 5C1C,1067,5/15/26 12:30,80.382,
Plot Title: 5C1C,1068,5/15/26 12:45,84.474,
Plot Title: 5C1C,1069,5/15/26 13:00,88.833,
Plot Title: 5C1C,1070,5/15/26 13:15,91.612,
Plot Title: 5C1C,1071,5/15/26 13:30,91.8,
Plot Title: 5C1C,1072,5/15/26 13:45,93.682,
Plot Title: 5C1C,1073,5/15/26 14:00,93.493,
Plot Title: 5C1C,1074,5/15/26 14:15,94.825,
Plot Title: 5C1C,1075,5/15/26 14:30,88.833,
Plot Title: 5C1C,1076,5/15/26 14:45,82.33,
Plot Title: 5C1C,1077,5/15/26 15:00,81.09,
Plot Title: 5C1C,1078,5/15/26 15:15,80.029,
Plot Title: 5C1C,1079,5/15/26 15:30,78.8,
Plot Title: 5C1C,1080,5/15/26 15:45,81.621,
Plot Title: 5C1C,1081,5/15/26 16:00,82.33,
Plot Title: 5C1C,1082,5/15/26 16:15,81.621,
Plot Title: 5C1C,1083,5/15/26 16:30,78.274,
Plot Title: 5C1C,1084,5/15/26 16:45,76.876,
Plot Title: 5C1C,1085,5/15/26 17:00,77.749,
Plot Title: 5C1C,1086,5/15/26 17:15,74.098,
Plot Title: 5C1C,1087,5/15/26 17:30,71.339,
Plot Title: 5C1C,1088,5/15/26 17:45,68.077,
Plot Title: 5C1C,1089,5/15/26 18:00,65.167,
Plot Title: 5C1C,1090,5/15/26 18:15,62.254,
Plot Title: 5C1C,1091,5/15/26 18:30,59.851,
Plot Title: 5C1C,1092,5/15/26 18:45,58.303,
Plot Title: 5C1C,1093,5/15/26 19:00,57.268,
Plot Title: 5C1C,1094,5/15/26 19:15,56.577,
Plot Title: 5C1C,1095,5/15/26 19:30,55.537,
Plot Title: 5C1C,1096,5/15/26 19:45,54.495,
Plot Title: 5C1C,1097,5/15/26 20:00,53.1,
Plot Title: 5C1C,1098,5/15/26 20:15,51.874,
Plot Title: 5C1C,1099,5/15/26 20:30,50.995,
Plot Title: 5C1C,1100,5/15/26 20:45,50.29,
Plot Title: 5C1C,1101,5/15/26 21:00,49.582,
Plot Title: 5C1C,1102,5/15/26 21:15,49.05,
Plot Title: 5C1C,1103,5/15/26 21:30,48.695,
Plot Title: 5C1C,1104,5/15/26 21:45,48.16,
Plot Title: 5C1C,1105,5/15/26 22:00,47.802,
Plot Title: 5C1C,1106,5/15/26 22:15,47.446,
Plot Title: 5C1C,1107,5/15/26 22:30,47.088,
Plot Title: 5C1C,1108,5/15/26 22:45,46.728,
Plot Title: 5C1C,1109,5/15/26 23:00,46.369,
Plot Title: 5C1C,1110,5/15/26 23:15,46.008,
Plot Title: 5C1C,1111,5/15/26 23:30,45.648,
Plot Title: 5C1C,1112,5/15/26 23:45,45.286,
Plot Title: 5C1C,1113,5/16/26 00:00,44.922,
Plot Title: 5C1C,1114,5/16/26 00:15,44.56,
Plot Title: 5C1C,1115,5/16/26 00:30,44.195,
Plot Title: 5C1C,1116,5/16/26 00:45,44.013,
Plot Title: 5C1C,1117,5/16/26 01:00,43.648,
Plot Title: 5C1C,1118,5/16/26 01:15,43.466,
Plot Title: 5C1C,1119,5/16/26 01:30,43.282,
Plot Title: 5C1C,1120,5/16/26 01:45,43.099,
Plot Title: 5C1C,1121,5/16/26 02:00,42.915,
Plot Title: 5C1C,1122,5/16/26 02:15,42.548,
Plot Title: 5C1C,1123,5/16/26 02:30,42.179,
Plot Title: 5C1C,1124,5/16/26 02:45,42.179,
Plot Title: 5C1C,1125,5/16/26 03:00,42.179,
Plot Title: 5C1C,1126,5/16/26 03:15,42.179,
Plot Title: 5C1C,1127,5/16/26 03:30,41.81,
Plot Title: 5C1C,1128,5/16/26 03:45,41.625,
Plot Title: 5C1C,1129,5/16/26 04:00,41.254,
Plot Title: 5C1C,1130,5/16/26 04:15,41.254,
Plot Title: 5C1C,1131,5/16/26 04:30,41.254,
Plot Title: 5C1C,1132,5/16/26 04:45,41.439,
Plot Title: 5C1C,1133,5/16/26 05:00,41.439,
Plot Title: 5C1C,1134,5/16/26 05:15,41.254,
Plot Title: 5C1C,1135,5/16/26 05:30,41.254,
Plot Title: 5C1C,1136,5/16/26 05:45,41.067,
Plot Title: 5C1C,1137,5/16/26 06:00,41.067,
Plot Title: 5C1C,1138,5/16/26 06:15,41.067,
Plot Title: 5C1C,1139,5/16/26 06:30,41.067,
Plot Title: 5C1C,1140,5/16/26 06:45,41.254,
Plot Title: 5C1C,1141,5/16/26 07:00,41.439,
Plot Title: 5C1C,1142,5/16/26 07:15,41.81,
Plot Title: 5C1C,1143,5/16/26 07:30,42.179,
Plot Title: 5C1C,1144,5/16/26 07:45,42.548,
Plot Title: 5C1C,1145,5/16/26 08:00,43.099,
Plot Title: 5C1C,1146,5/16/26 08:15,43.466,
Plot Title: 5C1C,1147,5/16/26 08:30,43.831,
Plot Title: 5C1C,1148,5/16/26 08:45,44.379,
Plot Title: 5C1C,1149,5/16/26 09:00,45.286,
Plot Title: 5C1C,1150,5/16/26 09:15,45.104,
Plot Title: 5C1C,1151,5/16/26 09:30,46.008,
Plot Title: 5C1C,1152,5/16/26 09:45,47.446,
Plot Title: 5C1C,1153,5/16/26 10:00,47.802,
Plot Title: 5C1C,1154,5/16/26 10:15,47.982,
Plot Title: 5C1C,1155,5/16/26 10:30,48.16,
Plot Title: 5C1C,1156,5/16/26 10:45,49.05,
Plot Title: 5C1C,1157,5/16/26 11:00,50.995,
Plot Title: 5C1C,1158,5/16/26 11:15,52.75,
Plot Title: 5C1C,1159,5/16/26 11:30,55.189,
Plot Title: 5C1C,1160,5/16/26 11:45,57.785,
Plot Title: 5C1C,1161,5/16/26 12:00,58.993,
Plot Title: 5C1C,1162,5/16/26 12:15,55.884,
Plot Title: 5C1C,1163,5/16/26 12:30,54.322,
Plot Title: 5C1C,1164,5/16/26 12:45,54.495,
Plot Title: 5C1C,1165,5/16/26 13:00,54.495,
Plot Title: 5C1C,1166,5/16/26 13:15,57.614,
Plot Title: 5C1C,1167,5/16/26 13:30,57.614,
Plot Title: 5C1C,1168,5/16/26 13:45,56.23,
Plot Title: 5C1C,1169,5/16/26 14:00,55.189,
Plot Title: 5C1C,1170,5/16/26 14:15,54.495,
Plot Title: 5C1C,1171,5/16/26 14:30,53.1,
Plot Title: 5C1C,1172,5/16/26 14:45,53.274,
Plot Title: 5C1C,1173,5/16/26 15:00,53.1,
Plot Title: 5C1C,1174,5/16/26 15:15,50.466,
Plot Title: 5C1C,1175,5/16/26 15:30,49.937,
Plot Title: 5C1C,1176,5/16/26 15:45,49.582,
Plot Title: 5C1C,1177,5/16/26 16:00,46.908,
Plot Title: 5C1C,1178,5/16/26 16:15,44.195,
Plot Title: 5C1C,1179,5/16/26 16:30,43.099,
Plot Title: 5C1C,1180,5/16/26 16:45,42.363,
Plot Title: 5C1C,1181,5/16/26 17:00,42.732,
Plot Title: 5C1C,1182,5/16/26 17:15,42.915,
Plot Title: 5C1C,1183,5/16/26 17:30,42.363,
Plot Title: 5C1C,1184,5/16/26 17:45,42.548,
Plot Title: 5C1C,1185,5/16/26 18:00,42.179,
Plot Title: 5C1C,1186,5/16/26 18:15,40.509,
Plot Title: 5C1C,1187,5/16/26 18:30,39.384,
Plot Title: 5C1C,1188,5/16/26 18:45,39.196,
Plot Title: 5C1C,1189,5/16/26 19:00,39.384,
Plot Title: 5C1C,1190,5/16/26 19:15,39.384,
Plot Title: 5C1C,1191,5/16/26 19:30,39.573,
Plot Title: 5C1C,1192,5/16/26 19:45,39.573,
Plot Title: 5C1C,1193,5/16/26 20:00,39.573,
Plot Title: 5C1C,1194,5/16/26 20:15,39.384,
Plot Title: 5C1C,1195,5/16/26 20:30,39.384,
Plot Title: 5C1C,1196,5/16/26 20:45,39.384,
Plot Title: 5C1C,1197,5/16/26 21:00,39.196,
Plot Title: 5C1C,1198,5/16/26 21:15,39.196,
Plot Title: 5C1C,1199,5/16/26 21:30,39.196,
Plot Title: 5C1C,1200,5/16/26 21:45,39.007,
Plot Title: 5C1C,1201,5/16/26 22:00,39.007,
Plot Title: 5C1C,1202,5/16/26 22:15,38.818,
Plot Title: 5C1C,1203,5/16/26 22:30,38.818,
Plot Title: 5C1C,1204,5/16/26 22:45,38.818,
Plot Title: 5C1C,1205,5/16/26 23:00,38.629,
Plot Title: 5C1C,1206,5/16/26 23:15,38.629,
Plot Title: 5C1C,1207,5/16/26 23:30,38.629,
Plot Title: 5C1C,1208,5/16/26 23:45,38.44,
Plot Title: 5C1C,1209,5/17/26 00:00,38.44,
Plot Title: 5C1C,1210,5/17/26 00:15,38.44,
Plot Title: 5C1C,1211,5/17/26 00:30,38.44,
Plot Title: 5C1C,1212,5/17/26 00:45,38.25,
Plot Title: 5C1C,1213,5/17/26 01:00,38.25,
Plot Title: 5C1C,1214,5/17/26 01:15,38.25,
Plot Title: 5C1C,1215,5/17/26 01:30,38.25,
Plot Title: 5C1C,1216,5/17/26 01:45,38.061,
Plot Title: 5C1C,1217,5/17/26 02:00,38.061,
Plot Title: 5C1C,1218,5/17/26 02:15,38.061,
Plot Title: 5C1C,1219,5/17/26 02:30,38.061,
Plot Title: 5C1C,1220,5/17/26 02:45,38.061,
Plot Title: 5C1C,1221,5/17/26 03:00,38.061,
Plot Title: 5C1C,1222,5/17/26 03:15,37.87,
Plot Title: 5C1C,1223,5/17/26 03:30,37.87,
Plot Title: 5C1C,1224,5/17/26 03:45,37.87,
Plot Title: 5C1C,1225,5/17/26 04:00,37.87,
Plot Title: 5C1C,1226,5/17/26 04:15,37.87,
Plot Title: 5C1C,1227,5/17/26 04:30,37.87,
Plot Title: 5C1C,1228,5/17/26 04:45,37.87,
Plot Title: 5C1C,1229,5/17/26 05:00,37.87,
Plot Title: 5C1C,1230,5/17/26 05:15,37.679,
Plot Title: 5C1C,1231,5/17/26 05:30,37.679,
Plot Title: 5C1C,1232,5/17/26 05:45,37.679,
Plot Title: 5C1C,1233,5/17/26 06:00,37.679,
Plot Title: 5C1C,1234,5/17/26 06:15,37.488,
Plot Title: 5C1C,1235,5/17/26 06:30,37.488,
Plot Title: 5C1C,1236,5/17/26 06:45,37.488,
Plot Title: 5C1C,1237,5/17/26 07:00,37.488,
Plot Title: 5C1C,1238,5/17/26 07:15,37.488,
Plot Title: 5C1C,1239,5/17/26 07:30,37.488,
Plot Title: 5C1C,1240,5/17/26 07:45,37.297,
Plot Title: 5C1C,1241,5/17/26 08:00,37.297,
Plot Title: 5C1C,1242,5/17/26 08:15,37.297,
Plot Title: 5C1C,1243,5/17/26 08:30,37.297,
Plot Title: 5C1C,1244,5/17/26 08:45,37.297,
Plot Title: 5C1C,1245,5/17/26 09:00,37.297,
Plot Title: 5C1C,1246,5/17/26 09:15,37.297,
Plot Title: 5C1C,1247,5/17/26 09:30,37.297,
Plot Title: 5C1C,1248,5/17/26 09:45,37.297,
Plot Title: 5C1C,1249,5/17/26 10:00,37.297,
Plot Title: 5C1C,1250,5/17/26 10:15,37.297,
Plot Title: 5C1C,1251,5/17/26 10:30,37.107,
Plot Title: 5C1C,1252,5/17/26 10:45,37.107,
Plot Title: 5C1C,1253,5/17/26 11:00,37.107,
Plot Title: 5C1C,1254,5/17/26 11:15,37.107,
Plot Title: 5C1C,1255,5/17/26 11:30,37.107,
Plot Title: 5C1C,1256,5/17/26 11:45,37.107,
Plot Title: 5C1C,1257,5/17/26 12:00,37.107,
Plot Title: 5C1C,1258,5/17/26 12:15,37.107,
Plot Title: 5C1C,1259,5/17/26 12:30,36.914,
Plot Title: 5C1C,1260,5/17/26 12:45,36.914,
Plot Title: 5C1C,1261,5/17/26 13:00,36.723,
Plot Title: 5C1C,1262,5/17/26 13:15,36.723,
Plot Title: 5C1C,1263,5/17/26 13:30,36.531,
Plot Title: 5C1C,1264,5/17/26 13:45,36.531,
Plot Title: 5C1C,1265,5/17/26 14:00,36.531,
Plot Title: 5C1C,1266,5/17/26 14:15,36.531,
Plot Title: 5C1C,1267,5/17/26 14:30,36.531,
Plot Title: 5C1C,1268,5/17/26 14:45,36.723,
Plot Title: 5C1C,1269,5/17/26 15:00,36.531,
Plot Title: 5C1C,1270,5/17/26 15:15,36.531,
Plot Title: 5C1C,1271,5/17/26 15:30,36.338,
Plot Title: 5C1C,1272,5/17/26 15:45,36.145,
Plot Title: 5C1C,1273,5/17/26 16:00,36.145,
Plot Title: 5C1C,1274,5/17/26 16:15,35.951,
Plot Title: 5C1C,1275,5/17/26 16:30,35.951,
Plot Title: 5C1C,1276,5/17/26 16:45,36.145,
Plot Title: 5C1C,1277,5/17/26 17:00,36.145,
Plot Title: 5C1C,1278,5/17/26 17:15,36.145,
Plot Title: 5C1C,1279,5/17/26 17:30,36.145,
Plot Title: 5C1C,1280,5/17/26 17:45,35.951,
Plot Title: 5C1C,1281,5/17/26 18:00,35.951,
Plot Title: 5C1C,1282,5/17/26 18:15,35.951,
Plot Title: 5C1C,1283,5/17/26 18:30,35.951,
Plot Title: 5C1C,1284,5/17/26 18:45,35.951,
Plot Title: 5C1C,1285,5/17/26 19:00,35.951,
Plot Title: 5C1C,1286,5/17/26 19:15,35.951,
Plot Title: 5C1C,1287,5/17/26 19:30,35.951,
Plot Title: 5C1C,1288,5/17/26 19:45,35.951,
Plot Title: 5C1C,1289,5/17/26 20:00,35.758,
Plot Title: 5C1C,1290,5/17/26 20:15,35.758,
Plot Title: 5C1C,1291,5/17/26 20:30,35.951,
Plot Title: 5C1C,1292,5/17/26 20:45,35.758,
Plot Title: 5C1C,1293,5/17/26 21:00,35.758,
Plot Title: 5C1C,1294,5/17/26 21:15,35.758,
Plot Title: 5C1C,1295,5/17/26 21:30,35.758,
Plot Title: 5C1C,1296,5/17/26 21:45,35.758,
Plot Title: 5C1C,1297,5/17/26 22:00,35.758,
Plot Title: 5C1C,1298,5/17/26 22:15,35.758,
Plot Title: 5C1C,1299,5/17/26 22:30,35.758,
Plot Title: 5C1C,1300,5/17/26 22:45,35.758,
Plot Title: 5C1C,1301,5/17/26 23:00,35.951,
Plot Title: 5C1C,1302,5/17/26 23:15,35.758,
Plot Title: 5C1C,1303,5/17/26 23:30,35.951,
Plot Title: 5C1C,1304,5/17/26 23:45,35.758,
Plot Title: 5C1C,1305,5/18/26 00:00,35.951,
Plot Title: 5C1C,1306,5/18/26 00:15,35.951,
Plot Title: 5C1C,1307,5/18/26 00:30,35.951,
Plot Title: 5C1C,1308,5/18/26 00:45,35.951,
Plot Title: 5C1C,1309,5/18/26 01:00,35.758,
Plot Title: 5C1C,1310,5/18/26 01:15,35.951,
Plot Title: 5C1C,1311,5/18/26 01:30,35.951,
Plot Title: 5C1C,1312,5/18/26 01:45,35.951,
Plot Title: 5C1C,1313,5/18/26 02:00,35.951,
Plot Title: 5C1C,1314,5/18/26 02:15,35.951,
Plot Title: 5C1C,1315,5/18/26 02:30,35.951,
Plot Title: 5C1C,1316,5/18/26 02:45,35.951,
Plot Title: 5C1C,1317,5/18/26 03:00,35.951,
Plot Title: 5C1C,1318,5/18/26 03:15,35.951,
Plot Title: 5C1C,1319,5/18/26 03:30,35.951,
Plot Title: 5C1C,1320,5/18/26 03:45,35.951,
Plot Title: 5C1C,1321,5/18/26 04:00,35.951,
Plot Title: 5C1C,1322,5/18/26 04:15,35.951,
Plot Title: 5C1C,1323,5/18/26 04:30,35.951,
Plot Title: 5C1C,1324,5/18/26 04:45,35.951,
Plot Title: 5C1C,1325,5/18/26 05:00,35.951,
Plot Title: 5C1C,1326,5/18/26 05:15,35.951,
Plot Title: 5C1C,1327,5/18/26 05:30,35.951,
Plot Title: 5C1C,1328,5/18/26 05:45,35.951,
Plot Title: 5C1C,1329,5/18/26 06:00,35.951,
Plot Title: 5C1C,1330,5/18/26 06:15,35.951,
Plot Title: 5C1C,1331,5/18/26 06:30,35.951,
Plot Title: 5C1C,1332,5/18/26 06:45,35.951,
Plot Title: 5C1C,1333,5/18/26 07:00,35.951,
Plot Title: 5C1C,1334,5/18/26 07:15,35.951,
Plot Title: 5C1C,1335,5/18/26 07:30,35.951,
Plot Title: 5C1C,1336,5/18/26 07:45,35.951,
Plot Title: 5C1C,1337,5/18/26 08:00,35.951,
Plot Title: 5C1C,1338,5/18/26 08:15,35.951,
Plot Title: 5C1C,1339,5/18/26 08:30,35.951,
Plot Title: 5C1C,1340,5/18/26 08:45,35.951,
Plot Title: 5C1C,1341,5/18/26 09:00,35.951,
Plot Title: 5C1C,1342,5/18/26 09:15,35.951,
Plot Title: 5C1C,1343,5/18/26 09:30,35.951,
Plot Title: 5C1C,1344,5/18/26 09:45,35.951,
Plot Title: 5C1C,1345,5/18/26 10:00,35.951,
Plot Title: 5C1C,1346,5/18/26 10:15,35.951,
Plot Title: 5C1C,1347,5/18/26 10:30,35.951,
Plot Title: 5C1C,1348,5/18/26 10:45,35.951,
Plot Title: 5C1C,1349,5/18/26 11:00,36.145,
Plot Title: 5C1C,1350,5/18/26 11:15,36.145,
Plot Title: 5C1C,1351,5/18/26 11:30,36.145,
Plot Title: 5C1C,1352,5/18/26 11:45,36.145,
Plot Title: 5C1C,1353,5/18/26 12:00,36.145,
Plot Title: 5C1C,1354,5/18/26 12:15,36.338,
Plot Title: 5C1C,1355,5/18/26 12:30,36.338,
Plot Title: 5C1C,1356,5/18/26 12:45,36.338,
Plot Title: 5C1C,1357,5/18/26 13:00,36.338,
Plot Title: 5C1C,1358,5/18/26 13:15,36.338,
Plot Title: 5C1C,1359,5/18/26 13:30,36.531,
Plot Title: 5C1C,1360,5/18/26 13:45,36.531,
Plot Title: 5C1C,1361,5/18/26 14:00,36.723,
Plot Title: 5C1C,1362,5/18/26 14:15,36.914,
Plot Title: 5C1C,1363,5/18/26 14:30,36.723,
Plot Title: 5C1C,1364,5/18/26 14:45,36.723,
Plot Title: 5C1C,1365,5/18/26 15:00,36.914,
Plot Title: 5C1C,1366,5/18/26 15:15,36.914,
Plot Title: 5C1C,1367,5/18/26 15:30,36.914,
Plot Title: 5C1C,1368,5/18/26 15:45,36.914,
Plot Title: 5C1C,1369,5/18/26 16:00,37.107,
Plot Title: 5C1C,1370,5/18/26 16:15,37.107,
Plot Title: 5C1C,1371,5/18/26 16:30,36.914,
Plot Title: 5C1C,1372,5/18/26 16:45,37.297,
Plot Title: 5C1C,1373,5/18/26 17:00,37.488,
Plot Title: 5C1C,1374,5/18/26 17:15,37.679,
Plot Title: 5C1C,1375,5/18/26 17:30,37.679,
Plot Title: 5C1C,1376,5/18/26 17:45,37.297,
Plot Title: 5C1C,1377,5/18/26 18:00,36.914,
Plot Title: 5C1C,1378,5/18/26 18:15,36.723,
Plot Title: 5C1C,1379,5/18/26 18:30,36.531,
Plot Title: 5C1C,1380,5/18/26 18:45,36.338,
Plot Title: 5C1C,1381,5/18/26 19:00,36.338,
Plot Title: 5C1C,1382,5/18/26 19:15,36.145,
Plot Title: 5C1C,1383,5/18/26 19:30,36.145,
Plot Title: 5C1C,1384,5/18/26 19:45,36.145,
Plot Title: 5C1C,1385,5/18/26 20:00,35.951,
Plot Title: 5C1C,1386,5/18/26 20:15,35.951,
Plot Title: 5C1C,1387,5/18/26 20:30,35.951,
Plot Title: 5C1C,1388,5/18/26 20:45,35.951,
Plot Title: 5C1C,1389,5/18/26 21:00,35.951,
Plot Title: 5C1C,1390,5/18/26 21:15,35.951,
Plot Title: 5C1C,1391,5/18/26 21:30,35.758,
Plot Title: 5C1C,1392,5/18/26 21:45,35.758,
Plot Title: 5C1C,1393,5/18/26 22:00,35.758,
Plot Title: 5C1C,1394,5/18/26 22:15,35.564,
Plot Title: 5C1C,1395,5/18/26 22:30,35.37,
Plot Title: 5C1C,1396,5/18/26 22:45,35.37,
Plot Title: 5C1C,1397,5/18/26 23:00,35.175,
Plot Title: 5C1C,1398,5/18/26 23:15,34.981,
Plot Title: 5C1C,1399,5/18/26 23:30,34.981,
Plot Title: 5C1C,1400,5/18/26 23:45,34.786,
Plot Title: 5C1C,1401,5/19/26 00:00,34.786,
Plot Title: 5C1C,1402,5/19/26 00:15,34.59,
Plot Title: 5C1C,1403,5/19/26 00:30,34.59,
Plot Title: 5C1C,1404,5/19/26 00:45,34.394,
Plot Title: 5C1C,1405,5/19/26 01:00,34.394,
Plot Title: 5C1C,1406,5/19/26 01:15,34.394,
Plot Title: 5C1C,1407,5/19/26 01:30,34.198,
Plot Title: 5C1C,1408,5/19/26 01:45,34.198,
Plot Title: 5C1C,1409,5/19/26 02:00,34.002,
Plot Title: 5C1C,1410,5/19/26 02:15,34.002,
Plot Title: 5C1C,1411,5/19/26 02:30,34.002,
Plot Title: 5C1C,1412,5/19/26 02:45,34.002,
Plot Title: 5C1C,1413,5/19/26 03:00,33.805,
Plot Title: 5C1C,1414,5/19/26 03:15,33.805,
Plot Title: 5C1C,1415,5/19/26 03:30,33.805,
Plot Title: 5C1C,1416,5/19/26 03:45,33.805,
Plot Title: 5C1C,1417,5/19/26 04:00,33.805,
Plot Title: 5C1C,1418,5/19/26 04:15,33.607,
Plot Title: 5C1C,1419,5/19/26 04:30,33.607,
Plot Title: 5C1C,1420,5/19/26 04:45,33.607,
Plot Title: 5C1C,1421,5/19/26 05:00,33.607,
Plot Title: 5C1C,1422,5/19/26 05:15,33.607,
Plot Title: 5C1C,1423,5/19/26 05:30,33.607,
Plot Title: 5C1C,1424,5/19/26 05:45,33.607,
Plot Title: 5C1C,1425,5/19/26 06:00,33.607,
Plot Title: 5C1C,1426,5/19/26 06:15,33.411,
Plot Title: 5C1C,1427,5/19/26 06:30,33.411,
Plot Title: 5C1C,1428,5/19/26 06:45,33.411,
Plot Title: 5C1C,1429,5/19/26 07:00,33.411,
Plot Title: 5C1C,1430,5/19/26 07:15,33.411,
Plot Title: 5C1C,1431,5/19/26 07:30,33.411,
Plot Title: 5C1C,1432,5/19/26 07:45,33.411,
Plot Title: 5C1C,1433,5/19/26 08:00,33.411,
Plot Title: 5C1C,1434,5/19/26 08:15,33.411,
Plot Title: 5C1C,1435,5/19/26 08:30,33.411,
Plot Title: 5C1C,1436,5/19/26 08:45,33.411,
Plot Title: 5C1C,1437,5/19/26 09:00,33.411,
Plot Title: 5C1C,1438,5/19/26 09:15,33.213,
Plot Title: 5C1C,1439,5/19/26 09:30,33.213,
Plot Title: 5C1C,1440,5/19/26 09:45,33.411,
Plot Title: 5C1C,1441,5/19/26 10:00,33.411,
Plot Title: 5C1C,1442,5/19/26 10:15,33.411,
Plot Title: 5C1C,1443,5/19/26 10:30,33.411,
Plot Title: 5C1C,1444,5/19/26 10:45,33.411,
Plot Title: 5C1C,1445,5/19/26 11:00,33.411,
Plot Title: 5C1C,1446,5/19/26 11:15,33.411,
Plot Title: 5C1C,1447,5/19/26 11:30,33.411,
Plot Title: 5C1C,1448,5/19/26 11:45,33.411,
Plot Title: 5C1C,1449,5/19/26 12:00,33.411,
Plot Title: 5C1C,1450,5/19/26 12:15,33.607,
Plot Title: 5C1C,1451,5/19/26 12:30,33.607,
Plot Title: 5C1C,1452,5/19/26 12:45,33.607,
Plot Title: 5C1C,1453,5/19/26 13:00,33.805,
Plot Title: 5C1C,1454,5/19/26 13:15,34.198,
Plot Title: 5C1C,1455,5/19/26 13:30,34.786,
Plot Title: 5C1C,1456,5/19/26 13:45,34.786,
Plot Title: 5C1C,1457,5/19/26 14:00,34.981,
Plot Title: 5C1C,1458,5/19/26 14:15,35.175,
Plot Title: 5C1C,1459,5/19/26 14:30,35.175,
Plot Title: 5C1C,1460,5/19/26 14:45,34.981,
Plot Title: 5C1C,1461,5/19/26 15:00,35.37,
Plot Title: 5C1C,1462,5/19/26 15:15,36.531,
Plot Title: 5C1C,1463,5/19/26 15:30,37.679,
Plot Title: 5C1C,1464,5/19/26 15:45,37.87,
Plot Title: 5C1C,1465,5/19/26 16:00,38.818,
Plot Title: 5C1C,1466,5/19/26 16:15,41.994,
Plot Title: 5C1C,1467,5/19/26 16:30,45.286,
Plot Title: 5C1C,1468,5/19/26 16:45,48.871,
Plot Title: 5C1C,1469,5/19/26 17:00,53.798,
Plot Title: 5C1C,1470,5/19/26 17:15,55.364,
Plot Title: 5C1C,1471,5/19/26 17:30,53.973,
Plot Title: 5C1C,1472,5/19/26 17:45,51.523,
Plot Title: 5C1C,1473,5/19/26 18:00,50.643,
Plot Title: 5C1C,1474,5/19/26 18:15,48.339,
Plot Title: 5C1C,1475,5/19/26 18:30,46.908,
Plot Title: 5C1C,1476,5/19/26 18:45,45.828,
Plot Title: 5C1C,1477,5/19/26 19:00,44.56,
Plot Title: 5C1C,1478,5/19/26 19:15,44.013,
Plot Title: 5C1C,1479,5/19/26 19:30,43.282,
Plot Title: 5C1C,1480,5/19/26 19:45,42.732,
Plot Title: 5C1C,1481,5/19/26 20:00,41.625,
Plot Title: 5C1C,1482,5/19/26 20:15,40.321,
Plot Title: 5C1C,1483,5/19/26 20:30,39.76,
Plot Title: 5C1C,1484,5/19/26 20:45,39.196,
Plot Title: 5C1C,1485,5/19/26 21:00,38.44,
Plot Title: 5C1C,1486,5/19/26 21:15,37.679,
Plot Title: 5C1C,1487,5/19/26 21:30,36.914,
Plot Title: 5C1C,1488,5/19/26 21:45,36.145,
Plot Title: 5C1C,1489,5/19/26 22:00,35.564,
Plot Title: 5C1C,1490,5/19/26 22:15,35.37,
Plot Title: 5C1C,1491,5/19/26 22:30,35.175,
Plot Title: 5C1C,1492,5/19/26 22:45,35.175,
Plot Title: 5C1C,1493,5/19/26 23:00,34.981,
Plot Title: 5C1C,1494,5/19/26 23:15,34.981,
Plot Title: 5C1C,1495,5/19/26 23:30,34.786,
Plot Title: 5C1C,1496,5/19/26 23:45,34.786,
Plot Title: 5C1C,1497,5/20/26 00:00,34.786,
Plot Title: 5C1C,1498,5/20/26 00:15,34.59,
Plot Title: 5C1C,1499,5/20/26 00:30,34.59,
Plot Title: 5C1C,1500,5/20/26 00:45,34.394,
Plot Title: 5C1C,1501,5/20/26 01:00,34.394,
Plot Title: 5C1C,1502,5/20/26 01:15,34.394,
Plot Title: 5C1C,1503,5/20/26 01:30,34.394,
Plot Title: 5C1C,1504,5/20/26 01:45,34.198,
Plot Title: 5C1C,1505,5/20/26 02:00,34.198,
Plot Title: 5C1C,1506,5/20/26 02:15,34.002,
Plot Title: 5C1C,1507,5/20/26 02:30,34.002,
Plot Title: 5C1C,1508,5/20/26 02:45,34.002,
Plot Title: 5C1C,1509,5/20/26 03:00,34.002,
Plot Title: 5C1C,1510,5/20/26 03:15,33.805,
Plot Title: 5C1C,1511,5/20/26 03:30,33.805,
Plot Title: 5C1C,1512,5/20/26 03:45,33.805,
Plot Title: 5C1C,1513,5/20/26 04:00,33.805,
Plot Title: 5C1C,1514,5/20/26 04:15,33.805,
Plot Title: 5C1C,1515,5/20/26 04:30,33.805,
Plot Title: 5C1C,1516,5/20/26 04:45,33.607,
Plot Title: 5C1C,1517,5/20/26 05:00,33.607,
Plot Title: 5C1C,1518,5/20/26 05:15,33.607,
Plot Title: 5C1C,1519,5/20/26 05:30,33.607,
Plot Title: 5C1C,1520,5/20/26 05:45,33.607,
Plot Title: 5C1C,1521,5/20/26 06:00,33.607,
Plot Title: 5C1C,1522,5/20/26 06:15,33.607,
Plot Title: 5C1C,1523,5/20/26 06:30,33.607,
Plot Title: 5C1C,1524,5/20/26 06:45,33.607,
Plot Title: 5C1C,1525,5/20/26 07:00,33.607,
Plot Title: 5C1C,1526,5/20/26 07:15,33.607,
Plot Title: 5C1C,1527,5/20/26 07:30,33.411,
Plot Title: 5C1C,1528,5/20/26 07:45,33.411,
Plot Title: 5C1C,1529,5/20/26 08:00,33.411,
Plot Title: 5C1C,1530,5/20/26 08:15,33.411,
Plot Title: 5C1C,1531,5/20/26 08:30,33.411,
Plot Title: 5C1C,1532,5/20/26 08:45,33.411,
Plot Title: 5C1C,1533,5/20/26 09:00,33.607,
Plot Title: 5C1C,1534,5/20/26 09:15,33.607,
Plot Title: 5C1C,1535,5/20/26 09:30,33.805,
Plot Title: 5C1C,1536,5/20/26 09:45,33.805,
Plot Title: 5C1C,1537,5/20/26 10:00,34.198,
Plot Title: 5C1C,1538,5/20/26 10:15,34.786,
Plot Title: 5C1C,1539,5/20/26 10:30,35.758,
Plot Title: 5C1C,1540,5/20/26 10:45,37.488,
Plot Title: 5C1C,1541,5/20/26 11:00,38.818,
Plot Title: 5C1C,1542,5/20/26 11:15,40.881,
Plot Title: 5C1C,1543,5/20/26 11:30,43.648,
Plot Title: 5C1C,1544,5/20/26 11:45,44.742,
Plot Title: 5C1C,1545,5/20/26 12:00,46.369,
Plot Title: 5C1C,1546,5/20/26 12:15,50.29,
Plot Title: 5C1C,1547,5/20/26 12:30,53.274,
Plot Title: 5C1C,1548,5/20/26 12:45,58.82,
Plot Title: 5C1C,1549,5/20/26 13:00,62.254,
Plot Title: 5C1C,1550,5/20/26 13:15,62.083,
Plot Title: 5C1C,1551,5/20/26 13:30,57.096,
Plot Title: 5C1C,1552,5/20/26 13:45,54.147,
Plot Title: 5C1C,1553,5/20/26 14:00,61.569,
Plot Title: 5C1C,1554,5/20/26 14:15,63.626,
Plot Title: 5C1C,1555,5/20/26 14:30,66.366,
Plot Title: 5C1C,1556,5/20/26 14:45,64.481,
Plot Title: 5C1C,1557,5/20/26 15:00,67.05,
Plot Title: 5C1C,1558,5/20/26 15:15,63.455,
Plot Title: 5C1C,1559,5/20/26 15:30,61.912,
Plot Title: 5C1C,1560,5/20/26 15:45,62.254,
Plot Title: 5C1C,1561,5/20/26 16:00,59.68,
Plot Title: 5C1C,1562,5/20/26 16:15,57.268,
Plot Title: 5C1C,1563,5/20/26 16:30,56.404,
Plot Title: 5C1C,1564,5/20/26 16:45,56.404,
Plot Title: 5C1C,1565,5/20/26 17:00,56.057,
Plot Title: 5C1C,1566,5/20/26 17:15,53.623,
Plot Title: 5C1C,1567,5/20/26 17:30,52.75,
Plot Title: 5C1C,1568,5/20/26 17:45,52.225,
Plot Title: 5C1C,1569,5/20/26 18:00,47.982,
Plot Title: 5C1C,1570,5/20/26 18:15,47.446,
Plot Title: 5C1C,1571,5/20/26 18:30,47.982,
Plot Title: 5C1C,1572,5/20/26 18:45,48.339,
Plot Title: 5C1C,1573,5/20/26 19:00,48.695,
Plot Title: 5C1C,1574,5/20/26 19:15,47.802,
Plot Title: 5C1C,1575,5/20/26 19:30,46.548,
Plot Title: 5C1C,1576,5/20/26 19:45,42.915,
Plot Title: 5C1C,1577,5/20/26 20:00,40.509,
Plot Title: 5C1C,1578,5/20/26 20:15,40.509,
Plot Title: 5C1C,1579,5/20/26 20:30,40.509,
Plot Title: 5C1C,1580,5/20/26 20:45,40.134,
Plot Title: 5C1C,1581,5/20/26 21:00,39.76,
Plot Title: 5C1C,1582,5/20/26 21:15,39.007,
Plot Title: 5C1C,1583,5/20/26 21:30,37.87,
Plot Title: 5C1C,1584,5/20/26 21:45,37.679,
Plot Title: 5C1C,1585,5/20/26 22:00,37.679,
Plot Title: 5C1C,1586,5/20/26 22:15,37.679,
Plot Title: 5C1C,1587,5/20/26 22:30,37.679,
Plot Title: 5C1C,1588,5/20/26 22:45,37.679,
Plot Title: 5C1C,1589,5/20/26 23:00,37.107,
Plot Title: 5C1C,1590,5/20/26 23:15,36.914,
Plot Title: 5C1C,1591,5/20/26 23:30,37.107,
Plot Title: 5C1C,1592,5/20/26 23:45,37.107,
Plot Title: 5C1C,1593,5/21/26 00:00,37.297,
Plot Title: 5C1C,1594,5/21/26 00:15,37.297,
Plot Title: 5C1C,1595,5/21/26 00:30,37.297,
Plot Title: 5C1C,1596,5/21/26 00:45,37.297,
Plot Title: 5C1C,1597,5/21/26 01:00,37.297,
Plot Title: 5C1C,1598,5/21/26 01:15,37.297,
Plot Title: 5C1C,1599,5/21/26 01:30,37.297,
Plot Title: 5C1C,1600,5/21/26 01:45,37.297,
Plot Title: 5C1C,1601,5/21/26 02:00,37.107,
Plot Title: 5C1C,1602,5/21/26 02:15,37.107,
Plot Title: 5C1C,1603,5/21/26 02:30,37.107,
Plot Title: 5C1C,1604,5/21/26 02:45,37.107,
Plot Title: 5C1C,1605,5/21/26 03:00,36.914,
Plot Title: 5C1C,1606,5/21/26 03:15,36.914,
Plot Title: 5C1C,1607,5/21/26 03:30,36.914,
Plot Title: 5C1C,1608,5/21/26 03:45,36.914,
Plot Title: 5C1C,1609,5/21/26 04:00,36.723,
Plot Title: 5C1C,1610,5/21/26 04:15,36.723,
Plot Title: 5C1C,1611,5/21/26 04:30,36.723,
Plot Title: 5C1C,1612,5/21/26 04:45,36.723,
Plot Title: 5C1C,1613,5/21/26 05:00,36.723,
Plot Title: 5C1C,1614,5/21/26 05:15,36.723,
Plot Title: 5C1C,1615,5/21/26 05:30,36.531,
Plot Title: 5C1C,1616,5/21/26 05:45,36.531,
Plot Title: 5C1C,1617,5/21/26 06:00,36.531,
Plot Title: 5C1C,1618,5/21/26 06:15,36.531,
Plot Title: 5C1C,1619,5/21/26 06:30,36.531,
Plot Title: 5C1C,1620,5/21/26 06:45,36.531,
Plot Title: 5C1C,1621,5/21/26 07:00,36.338,
Plot Title: 5C1C,1622,5/21/26 07:15,36.338,
Plot Title: 5C1C,1623,5/21/26 07:30,36.338,
Plot Title: 5C1C,1624,5/21/26 07:45,36.338,
Plot Title: 5C1C,1625,5/21/26 08:00,36.338,
Plot Title: 5C1C,1626,5/21/26 08:15,36.338,
Plot Title: 5C1C,1627,5/21/26 08:30,36.338,
Plot Title: 5C1C,1628,5/21/26 08:45,36.338,
Plot Title: 5C1C,1629,5/21/26 09:00,36.145,
Plot Title: 5C1C,1630,5/21/26 09:15,36.145,
Plot Title: 5C1C,1631,5/21/26 09:30,36.145,
Plot Title: 5C1C,1632,5/21/26 09:45,36.145,
Plot Title: 5C1C,1633,5/21/26 10:00,36.145,
Plot Title: 5C1C,1634,5/21/26 10:15,36.145,
Plot Title: 5C1C,1635,5/21/26 10:30,36.145,
Plot Title: 5C1C,1636,5/21/26 10:45,35.951,
Plot Title: 5C1C,1637,5/21/26 11:00,35.951,
Plot Title: 5C1C,1638,5/21/26 11:15,35.951,
Plot Title: 5C1C,1639,5/21/26 11:30,35.758,
Plot Title: 5C1C,1640,5/21/26 11:45,35.758,
Plot Title: 5C1C,1641,5/21/26 12:00,35.758,
Plot Title: 5C1C,1642,5/21/26 12:15,35.758,
Plot Title: 5C1C,1643,5/21/26 12:30,35.758,
Plot Title: 5C1C,1644,5/21/26 12:45,35.758,
Plot Title: 5C1C,1645,5/21/26 13:00,35.758,
Plot Title: 5C1C,1646,5/21/26 13:15,35.564,
Plot Title: 5C1C,1647,5/21/26 13:30,35.564,
Plot Title: 5C1C,1648,5/21/26 13:45,35.564,
Plot Title: 5C1C,1649,5/21/26 14:00,35.758,
Plot Title: 5C1C,1650,5/21/26 14:15,35.951,
Plot Title: 5C1C,1651,5/21/26 14:30,35.758,
Plot Title: 5C1C,1652,5/21/26 14:45,35.758,
Plot Title: 5C1C,1653,5/21/26 15:00,35.758,
Plot Title: 5C1C,1654,5/21/26 15:15,35.758,
Plot Title: 5C1C,1655,5/21/26 15:30,35.951,
Plot Title: 5C1C,1656,5/21/26 15:45,35.758,
Plot Title: 5C1C,1657,5/21/26 16:00,35.758,
Plot Title: 5C1C,1658,5/21/26 16:15,35.564,
Plot Title: 5C1C,1659,5/21/26 16:30,35.564,
Plot Title: 5C1C,1660,5/21/26 16:45,35.37,
Plot Title: 5C1C,1661,5/21/26 17:00,35.37,
Plot Title: 5C1C,1662,5/21/26 17:15,35.37,
Plot Title: 5C1C,1663,5/21/26 17:30,35.564,
Plot Title: 5C1C,1664,5/21/26 17:45,35.37,
Plot Title: 5C1C,1665,5/21/26 18:00,35.175,
Plot Title: 5C1C,1666,5/21/26 18:15,35.175,
Plot Title: 5C1C,1667,5/21/26 18:30,34.981,
Plot Title: 5C1C,1668,5/21/26 18:45,34.981,
Plot Title: 5C1C,1669,5/21/26 19:00,34.786,
Plot Title: 5C1C,1670,5/21/26 19:15,34.786,
Plot Title: 5C1C,1671,5/21/26 19:30,34.786,
Plot Title: 5C1C,1672,5/21/26 19:45,34.786,
Plot Title: 5C1C,1673,5/21/26 20:00,34.59,
Plot Title: 5C1C,1674,5/21/26 20:15,34.59,
Plot Title: 5C1C,1675,5/21/26 20:30,34.59,
Plot Title: 5C1C,1676,5/21/26 20:45,34.59,
Plot Title: 5C1C,1677,5/21/26 21:00,34.59,
Plot Title: 5C1C,1678,5/21/26 21:15,34.59,
Plot Title: 5C1C,1679,5/21/26 21:30,34.59,
Plot Title: 5C1C,1680,5/21/26 21:45,34.59,
Plot Title: 5C1C,1681,5/21/26 22:00,34.59,
Plot Title: 5C1C,1682,5/21/26 22:15,34.59,
Plot Title: 5C1C,1683,5/21/26 22:30,34.59,
Plot Title: 5C1C,1684,5/21/26 22:45,34.59,
Plot Title: 5C1C,1685,5/21/26 23:00,34.394,
Plot Title: 5C1C,1686,5/21/26 23:15,34.394,
Plot Title: 5C1C,1687,5/21/26 23:30,34.394,
Plot Title: 5C1C,1688,5/21/26 23:45,34.394,
Plot Title: 5C1C,1689,5/22/26 00:00,34.198,
Plot Title: 5C1C,1690,5/22/26 00:15,34.198,
Plot Title: 5C1C,1691,5/22/26 00:30,34.002,
Plot Title: 5C1C,1692,5/22/26 00:45,34.002,
Plot Title: 5C1C,1693,5/22/26 01:00,34.002,
Plot Title: 5C1C,1694,5/22/26 01:15,34.002,
Plot Title: 5C1C,1695,5/22/26 01:30,34.002,
Plot Title: 5C1C,1696,5/22/26 01:45,33.805,
Plot Title: 5C1C,1697,5/22/26 02:00,33.805,
Plot Title: 5C1C,1698,5/22/26 02:15,33.805,
Plot Title: 5C1C,1699,5/22/26 02:30,33.805,
Plot Title: 5C1C,1700,5/22/26 02:45,33.805,
Plot Title: 5C1C,1701,5/22/26 03:00,33.607,
Plot Title: 5C1C,1702,5/22/26 03:15,33.607,
Plot Title: 5C1C,1703,5/22/26 03:30,33.607,
Plot Title: 5C1C,1704,5/22/26 03:45,33.607,
Plot Title: 5C1C,1705,5/22/26 04:00,33.607,
Plot Title: 5C1C,1706,5/22/26 04:15,33.607,
Plot Title: 5C1C,1707,5/22/26 04:30,33.411,
Plot Title: 5C1C,1708,5/22/26 04:45,33.411,
Plot Title: 5C1C,1709,5/22/26 05:00,33.411,
Plot Title: 5C1C,1710,5/22/26 05:15,33.411,
Plot Title: 5C1C,1711,5/22/26 05:30,33.411,
Plot Title: 5C1C,1712,5/22/26 05:45,33.411,
Plot Title: 5C1C,1713,5/22/26 06:00,33.411,
Plot Title: 5C1C,1714,5/22/26 06:15,33.411,
Plot Title: 5C1C,1715,5/22/26 06:30,33.411,
Plot Title: 5C1C,1716,5/22/26 06:45,33.411,
Plot Title: 5C1C,1717,5/22/26 07:00,33.411,
Plot Title: 5C1C,1718,5/22/26 07:15,33.411,
Plot Title: 5C1C,1719,5/22/26 07:30,33.213,
Plot Title: 5C1C,1720,5/22/26 07:45,33.213,
Plot Title: 5C1C,1721,5/22/26 08:00,33.213,
Plot Title: 5C1C,1722,5/22/26 08:15,33.213,
Plot Title: 5C1C,1723,5/22/26 08:30,33.411,
Plot Title: 5C1C,1724,5/22/26 08:45,33.411,
Plot Title: 5C1C,1725,5/22/26 09:00,33.411,
Plot Title: 5C1C,1726,5/22/26 09:15,33.411,
Plot Title: 5C1C,1727,5/22/26 09:30,33.411,
Plot Title: 5C1C,1728,5/22/26 09:45,33.411,
Plot Title: 5C1C,1729,5/22/26 10:00,33.411,
Plot Title: 5C1C,1730,5/22/26 10:15,33.411,
Plot Title: 5C1C,1731,5/22/26 10:30,33.411,
Plot Title: 5C1C,1732,5/22/26 10:45,33.411,
Plot Title: 5C1C,1733,5/22/26 11:00,33.607,
Plot Title: 5C1C,1734,5/22/26 11:15,33.607,
Plot Title: 5C1C,1735,5/22/26 11:30,33.607,
Plot Title: 5C1C,1736,5/22/26 11:45,33.607,
Plot Title: 5C1C,1737,5/22/26 12:00,33.805,
Plot Title: 5C1C,1738,5/22/26 12:15,34.394,
Plot Title: 5C1C,1739,5/22/26 12:30,34.981,
Plot Title: 5C1C,1740,5/22/26 12:45,34.981,
Plot Title: 5C1C,1741,5/22/26 13:00,36.914,
Plot Title: 5C1C,1742,5/22/26 13:15,38.818,
Plot Title: 5C1C,1743,5/22/26 13:30,41.625,
Plot Title: 5C1C,1744,5/22/26 13:45,54.495,
Plot Title: 5C1C,1745,5/22/26 14:00,60.024,
Plot Title: 5C1C,1746,5/22/26 14:15,66.366,
Plot Title: 5C1C,1747,5/22/26 14:30,65.167,
Plot Title: 5C1C,1748,5/22/26 14:45,68.248,
Plot Title: 5C1C,1749,5/22/26 15:00,68.763,
Plot Title: 5C1C,1750,5/22/26 15:15,62.94,
Plot Title: 5C1C,1751,5/22/26 15:30,59.337,
Plot Title: 5C1C,1752,5/22/26 15:45,63.968,
Plot Title: 5C1C,1753,5/22/26 16:00,68.763,
Plot Title: 5C1C,1754,5/22/26 16:15,65.167,
Plot Title: 5C1C,1755,5/22/26 16:30,62.254,
Plot Title: 5C1C,1756,5/22/26 16:45,67.221,
Plot Title: 5C1C,1757,5/22/26 17:00,66.708,
Plot Title: 5C1C,1758,5/22/26 17:15,62.598,
Plot Title: 5C1C,1759,5/22/26 17:30,59.68,
Plot Title: 5C1C,1760,5/22/26 17:45,57.441,
Plot Title: 5C1C,1761,5/22/26 18:00,55.884,
Plot Title: 5C1C,1762,5/22/26 18:15,54.669,
Plot Title: 5C1C,1763,5/22/26 18:30,53.449,
Plot Title: 5C1C,1764,5/22/26 18:45,52.05,
Plot Title: 5C1C,1765,5/22/26 19:00,50.29,
Plot Title: 5C1C,1766,5/22/26 19:15,48.695,
Plot Title: 5C1C,1767,5/22/26 19:30,47.624,
Plot Title: 5C1C,1768,5/22/26 19:45,47.088,
Plot Title: 5C1C,1769,5/22/26 20:00,46.188,
Plot Title: 5C1C,1770,5/22/26 20:15,45.104,
Plot Title: 5C1C,1771,5/22/26 20:30,44.013,
Plot Title: 5C1C,1772,5/22/26 20:45,43.099,
Plot Title: 5C1C,1773,5/22/26 21:00,42.363,
Plot Title: 5C1C,1774,5/22/26 21:15,41.81,
Plot Title: 5C1C,1775,5/22/26 21:30,41.439,
Plot Title: 5C1C,1776,5/22/26 21:45,40.881,
Plot Title: 5C1C,1777,5/22/26 22:00,40.509,
Plot Title: 5C1C,1778,5/22/26 22:15,40.321,
Plot Title: 5C1C,1779,5/22/26 22:30,40.134,
Plot Title: 5C1C,1780,5/22/26 22:45,39.76,
Plot Title: 5C1C,1781,5/22/26 23:00,39.947,
Plot Title: 5C1C,1782,5/22/26 23:15,39.947,
Plot Title: 5C1C,1783,5/22/26 23:30,39.947,
Plot Title: 5C1C,1784,5/22/26 23:45,39.947,
Plot Title: 5C1C,1785,5/23/26 00:00,39.947,
Plot Title: 5C1C,1786,5/23/26 00:15,39.76,
Plot Title: 5C1C,1787,5/23/26 00:30,39.384,
Plot Title: 5C1C,1788,5/23/26 00:45,39.384,
Plot Title: 5C1C,1789,5/23/26 01:00,39.384,
Plot Title: 5C1C,1790,5/23/26 01:15,39.384,
Plot Title: 5C1C,1791,5/23/26 01:30,39.196,
Plot Title: 5C1C,1792,5/23/26 01:45,39.196,
Plot Title: 5C1C,1793,5/23/26 02:00,39.196,
Plot Title: 5C1C,1794,5/23/26 02:15,39.007,
Plot Title: 5C1C,1795,5/23/26 02:30,38.629,
Plot Title: 5C1C,1796,5/23/26 02:45,38.25,
Plot Title: 5C1C,1797,5/23/26 03:00,38.061,
Plot Title: 5C1C,1798,5/23/26 03:15,38.25,
Plot Title: 5C1C,1799,5/23/26 03:30,37.87,
Plot Title: 5C1C,1800,5/23/26 03:45,37.107,
Plot Title: 5C1C,1801,5/23/26 04:00,36.723,
Plot Title: 5C1C,1802,5/23/26 04:15,36.338,
Plot Title: 5C1C,1803,5/23/26 04:30,35.951,
Plot Title: 5C1C,1804,5/23/26 04:45,35.758,
Plot Title: 5C1C,1805,5/23/26 05:00,35.564,
Plot Title: 5C1C,1806,5/23/26 05:15,35.564,
Plot Title: 5C1C,1807,5/23/26 05:30,35.37,
Plot Title: 5C1C,1808,5/23/26 05:45,35.37,
Plot Title: 5C1C,1809,5/23/26 06:00,35.175,
Plot Title: 5C1C,1810,5/23/26 06:15,35.175,
Plot Title: 5C1C,1811,5/23/26 06:30,35.564,
Plot Title: 5C1C,1812,5/23/26 06:45,35.37,
Plot Title: 5C1C,1813,5/23/26 07:00,35.564,
Plot Title: 5C1C,1814,5/23/26 07:15,35.564,
Plot Title: 5C1C,1815,5/23/26 07:30,35.758,
Plot Title: 5C1C,1816,5/23/26 07:45,36.723,
Plot Title: 5C1C,1817,5/23/26 08:00,37.679,
Plot Title: 5C1C,1818,5/23/26 08:15,38.629,
Plot Title: 5C1C,1819,5/23/26 08:30,39.384,
Plot Title: 5C1C,1820,5/23/26 08:45,40.321,
Plot Title: 5C1C,1821,5/23/26 09:00,40.321,
Plot Title: 5C1C,1822,5/23/26 09:15,40.134,
Plot Title: 5C1C,1823,5/23/26 09:30,40.134,
Plot Title: 5C1C,1824,5/23/26 09:45,41.254,
Plot Title: 5C1C,1825,5/23/26 10:00,41.81,
Plot Title: 5C1C,1826,5/23/26 10:15,42.732,
Plot Title: 5C1C,1827,5/23/26 10:30,42.915,
Plot Title: 5C1C,1828,5/23/26 10:45,42.732,
Plot Title: 5C1C,1829,5/23/26 11:00,43.282,
Plot Title: 5C1C,1830,5/23/26 11:15,43.831,
Plot Title: 5C1C,1831,5/23/26 11:30,44.56,
Plot Title: 5C1C,1832,5/23/26 11:45,48.695,
Plot Title: 5C1C,1833,5/23/26 12:00,59.68,
Plot Title: 5C1C,1834,5/23/26 12:15,65.851,
Plot Title: 5C1C,1835,5/23/26 12:30,70.137,
Plot Title: 5C1C,1836,5/23/26 12:45,72.199,
Plot Title: 5C1C,1837,5/23/26 13:00,71.683,
Plot Title: 5C1C,1838,5/23/26 13:15,68.077,
Plot Title: 5C1C,1839,5/23/26 13:30,66.537,
Plot Title: 5C1C,1840,5/23/26 13:45,64.481,
Plot Title: 5C1C,1841,5/23/26 14:00,63.626,
Plot Title: 5C1C,1842,5/23/26 14:15,64.652,
Plot Title: 5C1C,1843,5/23/26 14:30,65.851,
Plot Title: 5C1C,1844,5/23/26 14:45,64.996,
Plot Title: 5C1C,1845,5/23/26 15:00,65.68,
Plot Title: 5C1C,1846,5/23/26 15:15,69.449,
Plot Title: 5C1C,1847,5/23/26 15:30,69.107,
Plot Title: 5C1C,1848,5/23/26 15:45,67.221,
Plot Title: 5C1C,1849,5/23/26 16:00,64.31,
Plot Title: 5C1C,1850,5/23/26 16:15,65.509,
Plot Title: 5C1C,1851,5/23/26 16:30,65.851,
Plot Title: 5C1C,1852,5/23/26 16:45,62.94,
Plot Title: 5C1C,1853,5/23/26 17:00,61.398,
Plot Title: 5C1C,1854,5/23/26 17:15,60.368,
Plot Title: 5C1C,1855,5/23/26 17:30,60.539,
Plot Title: 5C1C,1856,5/23/26 17:45,61.398,
Plot Title: 5C1C,1857,5/23/26 18:00,59.337,
Plot Title: 5C1C,1858,5/23/26 18:15,57.785,
Plot Title: 5C1C,1859,5/23/26 18:30,56.057,
Plot Title: 5C1C,1860,5/23/26 18:45,55.364,
Plot Title: 5C1C,1861,5/23/26 19:00,54.669,
Plot Title: 5C1C,1862,5/23/26 19:15,53.274,
Plot Title: 5C1C,1863,5/23/26 19:30,51.874,
Plot Title: 5C1C,1864,5/23/26 19:45,50.643,
Plot Title: 5C1C,1865,5/23/26 20:00,49.759,
Plot Title: 5C1C,1866,5/23/26 20:15,48.695,
Plot Title: 5C1C,1867,5/23/26 20:30,47.802,
Plot Title: 5C1C,1868,5/23/26 20:45,46.908,
Plot Title: 5C1C,1869,5/23/26 21:00,46.008,
Plot Title: 5C1C,1870,5/23/26 21:15,45.286,
Plot Title: 5C1C,1871,5/23/26 21:30,44.56,
Plot Title: 5C1C,1872,5/23/26 21:45,44.013,
Plot Title: 5C1C,1873,5/23/26 22:00,43.648,
Plot Title: 5C1C,1874,5/23/26 22:15,43.282,
Plot Title: 5C1C,1875,5/23/26 22:30,42.915,
Plot Title: 5C1C,1876,5/23/26 22:45,42.548,
Plot Title: 5C1C,1877,5/23/26 23:00,42.363,
Plot Title: 5C1C,1878,5/23/26 23:15,41.994,
Plot Title: 5C1C,1879,5/23/26 23:30,41.81,
Plot Title: 5C1C,1880,5/23/26 23:45,41.625,
Plot Title: 5C1C,1881,5/24/26 00:00,41.439,
Plot Title: 5C1C,1882,5/24/26 00:15,41.254,
Plot Title: 5C1C,1883,5/24/26 00:30,41.067,
Plot Title: 5C1C,1884,5/24/26 00:45,40.881,
Plot Title: 5C1C,1885,5/24/26 01:00,40.696,
Plot Title: 5C1C,1886,5/24/26 01:15,40.509,
Plot Title: 5C1C,1887,5/24/26 01:30,40.321,
Plot Title: 5C1C,1888,5/24/26 01:45,40.134,
Plot Title: 5C1C,1889,5/24/26 02:00,39.947,
Plot Title: 5C1C,1890,5/24/26 02:15,39.76,
Plot Title: 5C1C,1891,5/24/26 02:30,39.573,
Plot Title: 5C1C,1892,5/24/26 02:45,39.573,
Plot Title: 5C1C,1893,5/24/26 03:00,39.384,
Plot Title: 5C1C,1894,5/24/26 03:15,39.196,
Plot Title: 5C1C,1895,5/24/26 03:30,39.007,
Plot Title: 5C1C,1896,5/24/26 03:45,38.818,
Plot Title: 5C1C,1897,5/24/26 04:00,38.629,
Plot Title: 5C1C,1898,5/24/26 04:15,38.629,
Plot Title: 5C1C,1899,5/24/26 04:30,38.44,
Plot Title: 5C1C,1900,5/24/26 04:45,38.44,
Plot Title: 5C1C,1901,5/24/26 05:00,38.44,
Plot Title: 5C1C,1902,5/24/26 05:15,38.25,
Plot Title: 5C1C,1903,5/24/26 05:30,38.061,
Plot Title: 5C1C,1904,5/24/26 05:45,38.061,
Plot Title: 5C1C,1905,5/24/26 06:00,37.87,
Plot Title: 5C1C,1906,5/24/26 06:15,37.87,
Plot Title: 5C1C,1907,5/24/26 06:30,38.061,
Plot Title: 5C1C,1908,5/24/26 06:45,38.25,
Plot Title: 5C1C,1909,5/24/26 07:00,38.25,
Plot Title: 5C1C,1910,5/24/26 07:15,38.44,
Plot Title: 5C1C,1911,5/24/26 07:30,38.44,
Plot Title: 5C1C,1912,5/24/26 07:45,38.629,
Plot Title: 5C1C,1913,5/24/26 08:00,38.818,
Plot Title: 5C1C,1914,5/24/26 08:15,39.196,
Plot Title: 5C1C,1915,5/24/26 08:30,39.384,
Plot Title: 5C1C,1916,5/24/26 08:45,40.134,
Plot Title: 5C1C,1917,5/24/26 09:00,40.881,
Plot Title: 5C1C,1918,5/24/26 09:15,41.439,
Plot Title: 5C1C,1919,5/24/26 09:30,41.81,
Plot Title: 5C1C,1920,5/24/26 09:45,42.732,
Plot Title: 5C1C,1921,5/24/26 10:00,43.648,
Plot Title: 5C1C,1922,5/24/26 10:15,44.742,
Plot Title: 5C1C,1923,5/24/26 10:30,45.828,
Plot Title: 5C1C,1924,5/24/26 10:45,45.828,
Plot Title: 5C1C,1925,5/24/26 11:00,45.466,
Plot Title: 5C1C,1926,5/24/26 11:15,45.648,
Plot Title: 5C1C,1927,5/24/26 11:30,46.728,
Plot Title: 5C1C,1928,5/24/26 11:45,51.172,
Plot Title: 5C1C,1929,5/24/26 12:00,59.164,
Plot Title: 5C1C,1930,5/24/26 12:15,57.614,
Plot Title: 5C1C,1931,5/24/26 12:30,61.398,
Plot Title: 5C1C,1932,5/24/26 12:45,66.879,
Plot Title: 5C1C,1933,5/24/26 13:00,70.651,
Plot Title: 5C1C,1934,5/24/26 13:15,74.271,
Plot Title: 5C1C,1935,5/24/26 13:30,76.876,
Plot Title: 5C1C,1936,5/24/26 13:45,79.853,
Plot Title: 5C1C,1937,5/24/26 14:00,77.749,
Plot Title: 5C1C,1938,5/24/26 14:15,80.382,
Plot Title: 5C1C,1939,5/24/26 14:30,77.4,
Plot Title: 5C1C,1940,5/24/26 14:45,79.853,
Plot Title: 5C1C,1941,5/24/26 15:00,73.753,
Plot Title: 5C1C,1942,5/24/26 15:15,70.48,
Plot Title: 5C1C,1943,5/24/26 15:30,70.651,
Plot Title: 5C1C,1944,5/24/26 15:45,74.098,
Plot Title: 5C1C,1945,5/24/26 16:00,69.278,
Plot Title: 5C1C,1946,5/24/26 16:15,68.592,
Plot Title: 5C1C,1947,5/24/26 16:30,69.107,
Plot Title: 5C1C,1948,5/24/26 16:45,66.537,
Plot Title: 5C1C,1949,5/24/26 17:00,67.05,
Plot Title: 5C1C,1950,5/24/26 17:15,65.338,
Plot Title: 5C1C,1951,5/24/26 17:30,62.769,
Plot Title: 5C1C,1952,5/24/26 17:45,61.741,
Plot Title: 5C1C,1953,5/24/26 18:00,61.054,
Plot Title: 5C1C,1954,5/24/26 18:15,60.539,
Plot Title: 5C1C,1955,5/24/26 18:30,58.82,
Plot Title: 5C1C,1956,5/24/26 18:45,57.958,
Plot Title: 5C1C,1957,5/24/26 19:00,57.268,
Plot Title: 5C1C,1958,5/24/26 19:15,56.75,
Plot Title: 5C1C,1959,5/24/26 19:30,55.884,
Plot Title: 5C1C,1960,5/24/26 19:45,54.842,
Plot Title: 5C1C,1961,5/24/26 20:00,53.973,
Plot Title: 5C1C,1962,5/24/26 20:15,52.925,
Plot Title: 5C1C,1963,5/24/26 20:30,51.874,
Plot Title: 5C1C,1964,5/24/26 20:45,51.172,
Plot Title: 5C1C,1965,5/24/26 21:00,50.29,
Plot Title: 5C1C,1966,5/24/26 21:15,49.759,
Plot Title: 5C1C,1967,5/24/26 21:30,49.05,
Plot Title: 5C1C,1968,5/24/26 21:45,48.517,
Plot Title: 5C1C,1969,5/24/26 22:00,48.16,
Plot Title: 5C1C,1970,5/24/26 22:15,47.802,
Plot Title: 5C1C,1971,5/24/26 22:30,47.446,
Plot Title: 5C1C,1972,5/24/26 22:45,47.266,
Plot Title: 5C1C,1973,5/24/26 23:00,46.908,
Plot Title: 5C1C,1974,5/24/26 23:15,46.908,
Plot Title: 5C1C,1975,5/24/26 23:30,46.728,
Plot Title: 5C1C,1976,5/24/26 23:45,46.548,
Plot Title: 5C1C,1977,5/25/26 00:00,46.369,
Plot Title: 5C1C,1978,5/25/26 00:15,46.188,
Plot Title: 5C1C,1979,5/25/26 00:30,46.008,
Plot Title: 5C1C,1980,5/25/26 00:45,45.828,
Plot Title: 5C1C,1981,5/25/26 01:00,45.648,
Plot Title: 5C1C,1982,5/25/26 01:15,45.286,
Plot Title: 5C1C,1983,5/25/26 01:30,45.104,
Plot Title: 5C1C,1984,5/25/26 01:45,44.922,
Plot Title: 5C1C,1985,5/25/26 02:00,44.742,
Plot Title: 5C1C,1986,5/25/26 02:15,44.379,
Plot Title: 5C1C,1987,5/25/26 02:30,44.195,
Plot Title: 5C1C,1988,5/25/26 02:45,44.195,
Plot Title: 5C1C,1989,5/25/26 03:00,44.013,
Plot Title: 5C1C,1990,5/25/26 03:15,43.831,
Plot Title: 5C1C,1991,5/25/26 03:30,43.648,
Plot Title: 5C1C,1992,5/25/26 03:45,43.466,
Plot Title: 5C1C,1993,5/25/26 04:00,43.466,
Plot Title: 5C1C,1994,5/25/26 04:15,43.282,
Plot Title: 5C1C,1995,5/25/26 04:30,43.099,
Plot Title: 5C1C,1996,5/25/26 04:45,42.732,
Plot Title: 5C1C,1997,5/25/26 05:00,42.732,
Plot Title: 5C1C,1998,5/25/26 05:15,42.548,
Plot Title: 5C1C,1999,5/25/26 05:30,42.363,
Plot Title: 5C1C,2000,5/25/26 05:45,42.363,
Plot Title: 5C1C,2001,5/25/26 06:00,42.363,
Plot Title: 5C1C,2002,5/25/26 06:15,42.179,
Plot Title: 5C1C,2003,5/25/26 06:30,42.179,
Plot Title: 5C1C,2004,5/25/26 06:45,42.179,
Plot Title: 5C1C,2005,5/25/26 07:00,42.179,
Plot Title: 5C1C,2006,5/25/26 07:15,42.179,
Plot Title: 5C1C,2007,5/25/26 07:30,42.363,
Plot Title: 5C1C,2008,5/25/26 07:45,42.363,
Plot Title: 5C1C,2009,5/25/26 08:00,42.548,
Plot Title: 5C1C,2010,5/25/26 08:15,42.548,
Plot Title: 5C1C,2011,5/25/26 08:30,42.915,
Plot Title: 5C1C,2012,5/25/26 08:45,43.466,
Plot Title: 5C1C,2013,5/25/26 09:00,44.013,
Plot Title: 5C1C,2014,5/25/26 09:15,44.56,
Plot Title: 5C1C,2015,5/25/26 09:30,44.56,
Plot Title: 5C1C,2016,5/25/26 09:45,45.104,
Plot Title: 5C1C,2017,5/25/26 10:00,45.286,
Plot Title: 5C1C,2018,5/25/26 10:15,45.286,
Plot Title: 5C1C,2019,5/25/26 10:30,45.648,
Plot Title: 5C1C,2020,5/25/26 10:45,46.008,
Plot Title: 5C1C,2021,5/25/26 11:00,46.548,
Plot Title: 5C1C,2022,5/25/26 11:15,46.908,
Plot Title: 5C1C,2023,5/25/26 11:30,47.446,
Plot Title: 5C1C,2024,5/25/26 11:45,57.614,
Plot Title: 5C1C,2025,5/25/26 12:00,67.392,
Plot Title: 5C1C,2026,5/25/26 12:15,70.48,
Plot Title: 5C1C,2027,5/25/26 12:30,72.891,
Plot Title: 5C1C,2028,5/25/26 12:45,77.923,
Plot Title: 5C1C,2029,5/25/26 13:00,80.382,
Plot Title: 5C1C,2030,5/25/26 13:15,80.735,
Plot Title: 5C1C,2031,5/25/26 13:30,76.528,
Plot Title: 5C1C,2032,5/25/26 13:45,71.512,
Plot Title: 5C1C,2033,5/25/26 14:00,67.05,
Plot Title: 5C1C,2034,5/25/26 14:15,63.797,
Plot Title: 5C1C,2035,5/25/26 14:30,60.024,
Plot Title: 5C1C,2036,5/25/26 14:45,61.398,
Plot Title: 5C1C,2037,5/25/26 15:00,65.68,
Plot Title: 5C1C,2038,5/25/26 15:15,60.368,
Plot Title: 5C1C,2039,5/25/26 15:30,64.139,
Plot Title: 5C1C,2040,5/25/26 15:45,70.308,
Plot Title: 5C1C,2041,5/25/26 16:00,71.856,
Plot Title: 5C1C,2042,5/25/26 16:15,72.891,
Plot Title: 5C1C,2043,5/25/26 16:30,73.234,
Plot Title: 5C1C,2044,5/25/26 16:45,73.062,
Plot Title: 5C1C,2045,5/25/26 17:00,71.168,
Plot Title: 5C1C,2046,5/25/26 17:15,67.221,
Plot Title: 5C1C,2047,5/25/26 17:30,64.825,
Plot Title: 5C1C,2048,5/25/26 17:45,65.338,
Plot Title: 5C1C,2049,5/25/26 18:00,61.912,
Plot Title: 5C1C,2050,5/25/26 18:15,59.337,
Plot Title: 5C1C,2051,5/25/26 18:30,58.993,
Plot Title: 5C1C,2052,5/25/26 18:45,57.785,
Plot Title: 5C1C,2053,5/25/26 19:00,56.404,
Plot Title: 5C1C,2054,5/25/26 19:15,55.537,
Plot Title: 5C1C,2055,5/25/26 19:30,55.537,
Plot Title: 5C1C,2056,5/25/26 19:45,54.842,
Plot Title: 5C1C,2057,5/25/26 20:00,53.798,
Plot Title: 5C1C,2058,5/25/26 20:15,53.1,
Plot Title: 5C1C,2059,5/25/26 20:30,52.75,
Plot Title: 5C1C,2060,5/25/26 20:45,52.401,
Plot Title: 5C1C,2061,5/25/26 21:00,51.874,
Plot Title: 5C1C,2062,5/25/26 21:15,51.172,
Plot Title: 5C1C,2063,5/25/26 21:30,50.113,
Plot Title: 5C1C,2064,5/25/26 21:45,49.582,
Plot Title: 5C1C,2065,5/25/26 22:00,49.228,
Plot Title: 5C1C,2066,5/25/26 22:15,48.695,
Plot Title: 5C1C,2067,5/25/26 22:30,48.339,
Plot Title: 5C1C,2068,5/25/26 22:45,47.802,
Plot Title: 5C1C,2069,5/25/26 23:00,47.446,
Plot Title: 5C1C,2070,5/25/26 23:15,47.088,
Plot Title: 5C1C,2071,5/25/26 23:30,46.908,
Plot Title: 5C1C,2072,5/25/26 23:45,46.548,
Plot Title: 5C1C,2073,5/26/26 00:00,46.188,
Plot Title: 5C1C,2074,5/26/26 00:15,46.008,
Plot Title: 5C1C,2075,5/26/26 00:30,45.828,
Plot Title: 5C1C,2076,5/26/26 00:45,45.648,
Plot Title: 5C1C,2077,5/26/26 01:00,45.466,
Plot Title: 5C1C,2078,5/26/26 01:15,45.286,
Plot Title: 5C1C,2079,5/26/26 01:30,45.104,
Plot Title: 5C1C,2080,5/26/26 01:45,44.922,
Plot Title: 5C1C,2081,5/26/26 02:00,44.742,
Plot Title: 5C1C,2082,5/26/26 02:15,44.56,
Plot Title: 5C1C,2083,5/26/26 02:30,44.56,
Plot Title: 5C1C,2084,5/26/26 02:45,44.195,
Plot Title: 5C1C,2085,5/26/26 03:00,44.195,
Plot Title: 5C1C,2086,5/26/26 03:15,44.013,
Plot Title: 5C1C,2087,5/26/26 03:30,43.831,
Plot Title: 5C1C,2088,5/26/26 03:45,43.648,
Plot Title: 5C1C,2089,5/26/26 04:00,43.466,
Plot Title: 5C1C,2090,5/26/26 04:15,43.466,
Plot Title: 5C1C,2091,5/26/26 04:30,43.466,
Plot Title: 5C1C,2092,5/26/26 04:45,43.466,
Plot Title: 5C1C,2093,5/26/26 05:00,43.648,
Plot Title: 5C1C,2094,5/26/26 05:15,43.648,
Plot Title: 5C1C,2095,5/26/26 05:30,43.648,
Plot Title: 5C1C,2096,5/26/26 05:45,43.648,
Plot Title: 5C1C,2097,5/26/26 06:00,43.648,
Plot Title: 5C1C,2098,5/26/26 06:15,43.831,
Plot Title: 5C1C,2099,5/26/26 06:30,44.013,
Plot Title: 5C1C,2100,5/26/26 06:45,44.195,
Plot Title: 5C1C,2101,5/26/26 07:00,44.195,
Plot Title: 5C1C,2102,5/26/26 07:15,44.379,
Plot Title: 5C1C,2103,5/26/26 07:30,44.56,
Plot Title: 5C1C,2104,5/26/26 07:45,44.56,
Plot Title: 5C1C,2105,5/26/26 08:00,44.56,
Plot Title: 5C1C,2106,5/26/26 08:15,44.742,
Plot Title: 5C1C,2107,5/26/26 08:30,45.286,
Plot Title: 5C1C,2108,5/26/26 08:45,46.369,
Plot Title: 5C1C,2109,5/26/26 09:00,46.728,
Plot Title: 5C1C,2110,5/26/26 09:15,47.446,
Plot Title: 5C1C,2111,5/26/26 09:30,48.871,
Plot Title: 5C1C,2112,5/26/26 09:45,50.466,
Plot Title: 5C1C,2113,5/26/26 10:00,52.576,
Plot Title: 5C1C,2114,5/26/26 10:15,53.623,
Plot Title: 5C1C,2115,5/26/26 10:30,54.147,
Plot Title: 5C1C,2116,5/26/26 10:45,53.798,
Plot Title: 5C1C,2117,5/26/26 11:00,54.495,
Plot Title: 5C1C,2118,5/26/26 11:15,55.017,
Plot Title: 5C1C,2119,5/26/26 11:30,56.057,
Plot Title: 5C1C,2120,5/26/26 11:45,56.923,
Plot Title: 5C1C,2121,5/26/26 12:00,57.096,
Plot Title: 5C1C,2122,5/26/26 12:15,58.131,
Plot Title: 5C1C,2123,5/26/26 12:30,63.968,
Plot Title: 5C1C,2124,5/26/26 12:45,67.05,
Plot Title: 5C1C,2125,5/26/26 13:00,63.111,
Plot Title: 5C1C,2126,5/26/26 13:15,60.024,
Plot Title: 5C1C,2127,5/26/26 13:30,58.303,
Plot Title: 5C1C,2128,5/26/26 13:45,57.096,
Plot Title: 5C1C,2129,5/26/26 14:00,57.096,
Plot Title: 5C1C,2130,5/26/26 14:15,61.912,
Plot Title: 5C1C,2131,5/26/26 14:30,68.934,
Plot Title: 5C1C,2132,5/26/26 14:45,74.271,
Plot Title: 5C1C,2133,5/26/26 15:00,67.392,
Plot Title: 5C1C,2134,5/26/26 15:15,73.407,
Plot Title: 5C1C,2135,5/26/26 15:30,72.545,
Plot Title: 5C1C,2136,5/26/26 15:45,66.537,
Plot Title: 5C1C,2137,5/26/26 16:00,62.598,
Plot Title: 5C1C,2138,5/26/26 16:15,60.024,
Plot Title: 5C1C,2139,5/26/26 16:30,57.614,
Plot Title: 5C1C,2140,5/26/26 16:45,56.404,
Plot Title: 5C1C,2141,5/26/26 17:00,56.057,
Plot Title: 5C1C,2142,5/26/26 17:15,56.404,
Plot Title: 5C1C,2143,5/26/26 17:30,56.23,
Plot Title: 5C1C,2144,5/26/26 17:45,55.537,
Plot Title: 5C1C,2145,5/26/26 18:00,54.147,
Plot Title: 5C1C,2146,5/26/26 18:15,52.75,
Plot Title: 5C1C,2147,5/26/26 18:30,52.05,
Plot Title: 5C1C,2148,5/26/26 18:45,51.523,
Plot Title: 5C1C,2149,5/26/26 19:00,51.172,
Plot Title: 5C1C,2150,5/26/26 19:15,51.346,
Plot Title: 5C1C,2151,5/26/26 19:30,51.172,
Plot Title: 5C1C,2152,5/26/26 19:45,50.643,
Plot Title: 5C1C,2153,5/26/26 20:00,50.29,
Plot Title: 5C1C,2154,5/26/26 20:15,49.759,
Plot Title: 5C1C,2155,5/26/26 20:30,49.582,
Plot Title: 5C1C,2156,5/26/26 20:45,49.228,
Plot Title: 5C1C,2157,5/26/26 21:00,48.871,
Plot Title: 5C1C,2158,5/26/26 21:15,48.517,
Plot Title: 5C1C,2159,5/26/26 21:30,48.339,
Plot Title: 5C1C,2160,5/26/26 21:45,48.16,
Plot Title: 5C1C,2161,5/26/26 22:00,47.982,
Plot Title: 5C1C,2162,5/26/26 22:15,47.802,
Plot Title: 5C1C,2163,5/26/26 22:30,47.624,
Plot Title: 5C1C,2164,5/26/26 22:45,47.446,
Plot Title: 5C1C,2165,5/26/26 23:00,46.908,
Plot Title: 5C1C,2166,5/26/26 23:15,46.548,
Plot Title: 5C1C,2167,5/26/26 23:30,46.369,
Plot Title: 5C1C,2168,5/26/26 23:45,46.369,
Plot Title: 5C1C,2169,5/27/26 00:00,46.369,
Plot Title: 5C1C,2170,5/27/26 00:15,46.188,
Plot Title: 5C1C,2171,5/27/26 00:30,45.828,
Plot Title: 5C1C,2172,5/27/26 00:45,45.648,
Plot Title: 5C1C,2173,5/27/26 01:00,45.648,
Plot Title: 5C1C,2174,5/27/26 01:15,45.648,
Plot Title: 5C1C,2175,5/27/26 01:30,45.648,
Plot Title: 5C1C,2176,5/27/26 01:45,45.466,
Plot Title: 5C1C,2177,5/27/26 02:00,45.104,
Plot Title: 5C1C,2178,5/27/26 02:15,44.742,
Plot Title: 5C1C,2179,5/27/26 02:30,44.379,
Plot Title: 5C1C,2180,5/27/26 02:45,44.195,
Plot Title: 5C1C,2181,5/27/26 03:00,43.831,
Plot Title: 5C1C,2182,5/27/26 03:15,43.648,
Plot Title: 5C1C,2183,5/27/26 03:30,43.466,
Plot Title: 5C1C,2184,5/27/26 03:45,43.466,
Plot Title: 5C1C,2185,5/27/26 04:00,43.466,
Plot Title: 5C1C,2186,5/27/26 04:15,43.282,
Plot Title: 5C1C,2187,5/27/26 04:30,43.099,
Plot Title: 5C1C,2188,5/27/26 04:45,42.915,
Plot Title: 5C1C,2189,5/27/26 05:00,42.915,
Plot Title: 5C1C,2190,5/27/26 05:15,42.732,
Plot Title: 5C1C,2191,5/27/26 05:30,42.732,
Plot Title: 5C1C,2192,5/27/26 05:45,42.548,
Plot Title: 5C1C,2193,5/27/26 06:00,42.548,
Plot Title: 5C1C,2194,5/27/26 06:15,42.548,
Plot Title: 5C1C,2195,5/27/26 06:30,42.548,
Plot Title: 5C1C,2196,5/27/26 06:45,42.732,
Plot Title: 5C1C,2197,5/27/26 07:00,42.732,
Plot Title: 5C1C,2198,5/27/26 07:15,42.915,
Plot Title: 5C1C,2199,5/27/26 07:30,43.831,
Plot Title: 5C1C,2200,5/27/26 07:45,44.742,
Plot Title: 5C1C,2201,5/27/26 08:00,44.922,
Plot Title: 5C1C,2202,5/27/26 08:15,44.922,
Plot Title: 5C1C,2203,5/27/26 08:30,44.742,
Plot Title: 5C1C,2204,5/27/26 08:45,45.104,
Plot Title: 5C1C,2205,5/27/26 09:00,45.466,
Plot Title: 5C1C,2206,5/27/26 09:15,45.828,
Plot Title: 5C1C,2207,5/27/26 09:30,46.008,
Plot Title: 5C1C,2208,5/27/26 09:45,46.548,
Plot Title: 5C1C,2209,5/27/26 10:00,46.908,
Plot Title: 5C1C,2210,5/27/26 10:15,47.266,
Plot Title: 5C1C,2211,5/27/26 10:30,47.624,
Plot Title: 5C1C,2212,5/27/26 10:45,47.982,
Plot Title: 5C1C,2213,5/27/26 11:00,48.339,
Plot Title: 5C1C,2214,5/27/26 11:15,48.695,
Plot Title: 5C1C,2215,5/27/26 11:30,49.228,
Plot Title: 5C1C,2216,5/27/26 11:45,59.164,
Plot Title: 5C1C,2217,5/27/26 12:00,68.248,
Plot Title: 5C1C,2218,5/27/26 12:15,70.824,
Plot Title: 5C1C,2219,5/27/26 12:30,72.545,
Plot Title: 5C1C,2220,5/27/26 12:45,74.271,
Plot Title: 5C1C,2221,5/27/26 13:00,77.05,
Plot Title: 5C1C,2222,5/27/26 13:15,74.446,
Plot Title: 5C1C,2223,5/27/26 13:30,80.206,
Plot Title: 5C1C,2224,5/27/26 13:45,82.686,
Plot Title: 5C1C,2225,5/27/26 14:00,80.559,
Plot Title: 5C1C,2226,5/27/26 14:15,79.502,
Plot Title: 5C1C,2227,5/27/26 14:30,72.199,
Plot Title: 5C1C,2228,5/27/26 14:45,72.718,
Plot Title: 5C1C,2229,5/27/26 15:00,69.107,
Plot Title: 5C1C,2230,5/27/26 15:15,67.221,
Plot Title: 5C1C,2231,5/27/26 15:30,71.512,
Plot Title: 5C1C,2232,5/27/26 15:45,73.58,
Plot Title: 5C1C,2233,5/27/26 16:00,68.934,
Plot Title: 5C1C,2234,5/27/26 16:15,68.592,
Plot Title: 5C1C,2235,5/27/26 16:30,69.622,
Plot Title: 5C1C,2236,5/27/26 16:45,69.964,
Plot Title: 5C1C,2237,5/27/26 17:00,68.763,
Plot Title: 5C1C,2238,5/27/26 17:15,69.449,
Plot Title: 5C1C,2239,5/27/26 17:30,66.537,
Plot Title: 5C1C,2240,5/27/26 17:45,63.797,
Plot Title: 5C1C,2241,5/27/26 18:00,62.94,
Plot Title: 5C1C,2242,5/27/26 18:15,62.083,
Plot Title: 5C1C,2243,5/27/26 18:30,61.227,
Plot Title: 5C1C,2244,5/27/26 18:45,60.539,
Plot Title: 5C1C,2245,5/27/26 19:00,59.337,
Plot Title: 5C1C,2246,5/27/26 19:15,58.303,
Plot Title: 5C1C,2247,5/27/26 19:30,57.268,
Plot Title: 5C1C,2248,5/27/26 19:45,56.75,
Plot Title: 5C1C,2249,5/27/26 20:00,56.057,
Plot Title: 5C1C,2250,5/27/26 20:15,55.537,
Plot Title: 5C1C,2251,5/27/26 20:30,55.017,
Plot Title: 5C1C,2252,5/27/26 20:45,54.495,
Plot Title: 5C1C,2253,5/27/26 21:00,53.798,
Plot Title: 5C1C,2254,5/27/26 21:15,53.274,
Plot Title: 5C1C,2255,5/27/26 21:30,53.1,
Plot Title: 5C1C,2256,5/27/26 21:45,52.925,
Plot Title: 5C1C,2257,5/27/26 22:00,52.401,
Plot Title: 5C1C,2258,5/27/26 22:15,52.05,
Plot Title: 5C1C,2259,5/27/26 22:30,51.699,
Plot Title: 5C1C,2260,5/27/26 22:45,51.172,
Plot Title: 5C1C,2261,5/27/26 23:00,50.995,
Plot Title: 5C1C,2262,5/27/26 23:15,50.643,
Plot Title: 5C1C,2263,5/27/26 23:30,50.29,
Plot Title: 5C1C,2264,5/27/26 23:45,50.113,
Plot Title: 5C1C,2265,5/28/26 00:00,49.759,
Plot Title: 5C1C,2266,5/28/26 00:15,49.582,
Plot Title: 5C1C,2267,5/28/26 00:30,49.404,
Plot Title: 5C1C,2268,5/28/26 00:45,49.228,
Plot Title: 5C1C,2269,5/28/26 01:00,49.05,
Plot Title: 5C1C,2270,5/28/26 01:15,48.871,
Plot Title: 5C1C,2271,5/28/26 01:30,48.695,
Plot Title: 5C1C,2272,5/28/26 01:45,48.517,
Plot Title: 5C1C,2273,5/28/26 02:00,48.339,
Plot Title: 5C1C,2274,5/28/26 02:15,48.16,
Plot Title: 5C1C,2275,5/28/26 02:30,48.16,
Plot Title: 5C1C,2276,5/28/26 02:45,47.982,
Plot Title: 5C1C,2277,5/28/26 03:00,47.982,
Plot Title: 5C1C,2278,5/28/26 03:15,47.802,
Plot Title: 5C1C,2279,5/28/26 03:30,47.624,
Plot Title: 5C1C,2280,5/28/26 03:45,47.624,
Plot Title: 5C1C,2281,5/28/26 04:00,47.446,
Plot Title: 5C1C,2282,5/28/26 04:15,47.266,
Plot Title: 5C1C,2283,5/28/26 04:30,47.088,
Plot Title: 5C1C,2284,5/28/26 04:45,46.908,
Plot Title: 5C1C,2285,5/28/26 05:00,46.548,
Plot Title: 5C1C,2286,5/28/26 05:15,46.548,
Plot Title: 5C1C,2287,5/28/26 05:30,46.369,
Plot Title: 5C1C,2288,5/28/26 05:45,46.369,
Plot Title: 5C1C,2289,5/28/26 06:00,46.369,
Plot Title: 5C1C,2290,5/28/26 06:15,46.369,
Plot Title: 5C1C,2291,5/28/26 06:30,46.369,
Plot Title: 5C1C,2292,5/28/26 06:45,46.369,
Plot Title: 5C1C,2293,5/28/26 07:00,46.369,
Plot Title: 5C1C,2294,5/28/26 07:15,46.369,
Plot Title: 5C1C,2295,5/28/26 07:30,46.548,
Plot Title: 5C1C,2296,5/28/26 07:45,46.548,
Plot Title: 5C1C,2297,5/28/26 08:00,46.728,
Plot Title: 5C1C,2298,5/28/26 08:15,46.908,
Plot Title: 5C1C,2299,5/28/26 08:30,47.266,
Plot Title: 5C1C,2300,5/28/26 08:45,47.624,
Plot Title: 5C1C,2301,5/28/26 09:00,48.339,
Plot Title: 5C1C,2302,5/28/26 09:15,48.695,
Plot Title: 5C1C,2303,5/28/26 09:30,48.871,
Plot Title: 5C1C,2304,5/28/26 09:45,49.404,
Plot Title: 5C1C,2305,5/28/26 10:00,49.937,
Plot Title: 5C1C,2306,5/28/26 10:15,50.113,
Plot Title: 5C1C,2307,5/28/26 10:30,50.466,
Plot Title: 5C1C,2308,5/28/26 10:45,50.995,
Plot Title: 5C1C,2309,5/28/26 11:00,51.172,
Plot Title: 5C1C,2310,5/28/26 11:15,51.699,
Plot Title: 5C1C,2311,5/28/26 11:30,52.225,
Plot Title: 5C1C,2312,5/28/26 11:45,61.569,
Plot Title: 5C1C,2313,5/28/26 12:00,71.856,
Plot Title: 5C1C,2314,5/28/26 12:15,77.923,
Plot Title: 5C1C,2315,5/28/26 12:30,80.735,
Plot Title: 5C1C,2316,5/28/26 12:45,83.221,
Plot Title: 5C1C,2317,5/28/26 13:00,86.823,
Plot Title: 5C1C,2318,5/28/26 13:15,80.911,
Plot Title: 5C1C,2319,5/28/26 13:30,74.791,
Plot Title: 5C1C,2320,5/28/26 13:45,71.856,
Plot Title: 5C1C,2321,5/28/26 14:00,72.372,
Plot Title: 5C1C,2322,5/28/26 14:15,74.791,
Plot Title: 5C1C,2323,5/28/26 14:30,78.8,
Plot Title: 5C1C,2324,5/28/26 14:45,80.029,
Plot Title: 5C1C,2325,5/28/26 15:00,85.194,
Plot Title: 5C1C,2326,5/28/26 15:15,82.508,
Plot Title: 5C1C,2327,5/28/26 15:30,75.659,
Plot Title: 5C1C,2328,5/28/26 15:45,74.446,
Plot Title: 5C1C,2329,5/28/26 16:00,74.964,
Plot Title: 5C1C,2330,5/28/26 16:15,76.006,
Plot Title: 5C1C,2331,5/28/26 16:30,77.225,
Plot Title: 5C1C,2332,5/28/26 16:45,73.753,
Plot Title: 5C1C,2333,5/28/26 17:00,77.05,
Plot Title: 5C1C,2334,5/28/26 17:15,79.151,
Plot Title: 5C1C,2335,5/28/26 17:30,74.098,
Plot Title: 5C1C,2336,5/28/26 17:45,70.995,
Plot Title: 5C1C,2337,5/28/26 18:00,68.592,
Plot Title: 5C1C,2338,5/28/26 18:15,67.05,
Plot Title: 5C1C,2339,5/28/26 18:30,65.338,
Plot Title: 5C1C,2340,5/28/26 18:45,64.31,
Plot Title: 5C1C,2341,5/28/26 19:00,62.94,
Plot Title: 5C1C,2342,5/28/26 19:15,62.769,
Plot Title: 5C1C,2343,5/28/26 19:30,62.254,
Plot Title: 5C1C,2344,5/28/26 19:45,61.227,
Plot Title: 5C1C,2345,5/28/26 20:00,60.195,
Plot Title: 5C1C,2346,5/28/26 20:15,59.164,
Plot Title: 5C1C,2347,5/28/26 20:30,58.476,
Plot Title: 5C1C,2348,5/28/26 20:45,57.441,
Plot Title: 5C1C,2349,5/28/26 21:00,56.577,
Plot Title: 5C1C,2350,5/28/26 21:15,55.711,
Plot Title: 5C1C,2351,5/28/26 21:30,55.017,
Plot Title: 5C1C,2352,5/28/26 21:45,54.669,
Plot Title: 5C1C,2353,5/28/26 22:00,54.322,
Plot Title: 5C1C,2354,5/28/26 22:15,53.798,
Plot Title: 5C1C,2355,5/28/26 22:30,53.449,
Plot Title: 5C1C,2356,5/28/26 22:45,52.925,
Plot Title: 5C1C,2357,5/28/26 23:00,52.576,
Plot Title: 5C1C,2358,5/28/26 23:15,52.401,
Plot Title: 5C1C,2359,5/28/26 23:30,52.05,
Plot Title: 5C1C,2360,5/28/26 23:45,51.699,
Plot Title: 5C1C,2361,5/29/26 00:00,51.346,
Plot Title: 5C1C,2362,5/29/26 00:15,50.995,
Plot Title: 5C1C,2363,5/29/26 00:30,50.643,
Plot Title: 5C1C,2364,5/29/26 00:45,50.466,
Plot Title: 5C1C,2365,5/29/26 01:00,50.29,
Plot Title: 5C1C,2366,5/29/26 01:15,49.937,
Plot Title: 5C1C,2367,5/29/26 01:30,49.582,
Plot Title: 5C1C,2368,5/29/26 01:45,49.404,
Plot Title: 5C1C,2369,5/29/26 02:00,49.228,
Plot Title: 5C1C,2370,5/29/26 02:15,49.05,
Plot Title: 5C1C,2371,5/29/26 02:30,48.695,
Plot Title: 5C1C,2372,5/29/26 02:45,48.517,
Plot Title: 5C1C,2373,5/29/26 03:00,48.16,
Plot Title: 5C1C,2374,5/29/26 03:15,47.982,
Plot Title: 5C1C,2375,5/29/26 03:30,47.802,
Plot Title: 5C1C,2376,5/29/26 03:45,47.624,
Plot Title: 5C1C,2377,5/29/26 04:00,47.446,
Plot Title: 5C1C,2378,5/29/26 04:15,47.266,
Plot Title: 5C1C,2379,5/29/26 04:30,47.266,
Plot Title: 5C1C,2380,5/29/26 04:45,47.088,
Plot Title: 5C1C,2381,5/29/26 05:00,46.908,
Plot Title: 5C1C,2382,5/29/26 05:15,46.908,
Plot Title: 5C1C,2383,5/29/26 05:30,46.548,
Plot Title: 5C1C,2384,5/29/26 05:45,46.548,
Plot Title: 5C1C,2385,5/29/26 06:00,46.548,
Plot Title: 5C1C,2386,5/29/26 06:15,46.548,
Plot Title: 5C1C,2387,5/29/26 06:30,46.728,
Plot Title: 5C1C,2388,5/29/26 06:45,46.908,
Plot Title: 5C1C,2389,5/29/26 07:00,46.728,
Plot Title: 5C1C,2390,5/29/26 07:15,46.728,
Plot Title: 5C1C,2391,5/29/26 07:30,46.728,
Plot Title: 5C1C,2392,5/29/26 07:45,46.548,
Plot Title: 5C1C,2393,5/29/26 08:00,46.728,
Plot Title: 5C1C,2394,5/29/26 08:15,46.908,
Plot Title: 5C1C,2395,5/29/26 08:30,47.088,
Plot Title: 5C1C,2396,5/29/26 08:45,47.446,
Plot Title: 5C1C,2397,5/29/26 09:00,48.16,
Plot Title: 5C1C,2398,5/29/26 09:15,48.695,
Plot Title: 5C1C,2399,5/29/26 09:30,49.05,
Plot Title: 5C1C,2400,5/29/26 09:45,50.29,
Plot Title: 5C1C,2401,5/29/26 10:00,50.995,
Plot Title: 5C1C,2402,5/29/26 10:15,51.172,
Plot Title: 5C1C,2403,5/29/26 10:30,51.346,
Plot Title: 5C1C,2404,5/29/26 10:45,51.523,
Plot Title: 5C1C,2405,5/29/26 11:00,51.874,
Plot Title: 5C1C,2406,5/29/26 11:15,52.401,
Plot Title: 5C1C,2407,5/29/26 11:30,53.274,
Plot Title: 5C1C,2408,5/29/26 11:45,56.577,
Plot Title: 5C1C,2409,5/29/26 12:00,61.741,
Plot Title: 5C1C,2410,5/29/26 12:15,65.167,
Plot Title: 5C1C,2411,5/29/26 12:30,62.254,
Plot Title: 5C1C,2412,5/29/26 12:45,64.481,
Plot Title: 5C1C,2413,5/29/26 13:00,70.651,
Plot Title: 5C1C,2414,5/29/26 13:15,68.763,
Plot Title: 5C1C,2415,5/29/26 13:30,67.564,
Plot Title: 5C1C,2416,5/29/26 13:45,64.481,
Plot Title: 5C1C,2417,5/29/26 14:00,63.282,
Plot Title: 5C1C,2418,5/29/26 14:15,74.098,
Plot Title: 5C1C,2419,5/29/26 14:30,76.354,
Plot Title: 5C1C,2420,5/29/26 14:45,71.683,
Plot Title: 5C1C,2421,5/29/26 15:00,71.168,
Plot Title: 5C1C,2422,5/29/26 15:15,73.753,
Plot Title: 5C1C,2423,5/29/26 15:30,71.856,
Plot Title: 5C1C,2424,5/29/26 15:45,71.339,
Plot Title: 5C1C,2425,5/29/26 16:00,70.651,
Plot Title: 5C1C,2426,5/29/26 16:15,67.906,
Plot Title: 5C1C,2427,5/29/26 16:30,68.421,
Plot Title: 5C1C,2428,5/29/26 16:45,68.421,
Plot Title: 5C1C,2429,5/29/26 17:00,67.05,
Plot Title: 5C1C,2430,5/29/26 17:15,67.05,
Plot Title: 5C1C,2431,5/29/26 17:30,64.139,
Plot Title: 5C1C,2432,5/29/26 17:45,62.083,
Plot Title: 5C1C,2433,5/29/26 18:00,61.227,
Plot Title: 5C1C,2434,5/29/26 18:15,61.569,
Plot Title: 5C1C,2435,5/29/26 18:30,60.712,
Plot Title: 5C1C,2436,5/29/26 18:45,59.68,
Plot Title: 5C1C,2437,5/29/26 19:00,58.82,
Plot Title: 5C1C,2438,5/29/26 19:15,58.131,
Plot Title: 5C1C,2439,5/29/26 19:30,57.614,
Plot Title: 5C1C,2440,5/29/26 19:45,57.096,
Plot Title: 5C1C,2441,5/29/26 20:00,56.577,
Plot Title: 5C1C,2442,5/29/26 20:15,56.404,
Plot Title: 5C1C,2443,5/29/26 20:30,55.884,
Plot Title: 5C1C,2444,5/29/26 20:45,55.189,
Plot Title: 5C1C,2445,5/29/26 21:00,54.842,
Plot Title: 5C1C,2446,5/29/26 21:15,54.495,
Plot Title: 5C1C,2447,5/29/26 21:30,54.147,
Plot Title: 5C1C,2448,5/29/26 21:45,53.798,
Plot Title: 5C1C,2449,5/29/26 22:00,53.623,
Plot Title: 5C1C,2450,5/29/26 22:15,53.449,
Plot Title: 5C1C,2451,5/29/26 22:30,53.1,
Plot Title: 5C1C,2452,5/29/26 22:45,52.925,
Plot Title: 5C1C,2453,5/29/26 23:00,52.75,
Plot Title: 5C1C,2454,5/29/26 23:15,52.576,
Plot Title: 5C1C,2455,5/29/26 23:30,52.401,
Plot Title: 5C1C,2456,5/29/26 23:45,52.225,
Plot Title: 5C1C,2457,5/30/26 00:00,51.874,
Plot Title: 5C1C,2458,5/30/26 00:15,51.523,
Plot Title: 5C1C,2459,5/30/26 00:30,51.172,
Plot Title: 5C1C,2460,5/30/26 00:45,50.819,
Plot Title: 5C1C,2461,5/30/26 01:00,50.466,
Plot Title: 5C1C,2462,5/30/26 01:15,50.113,
Plot Title: 5C1C,2463,5/30/26 01:30,49.937,
Plot Title: 5C1C,2464,5/30/26 01:45,49.582,
Plot Title: 5C1C,2465,5/30/26 02:00,49.05,
Plot Title: 5C1C,2466,5/30/26 02:15,48.517,
Plot Title: 5C1C,2467,5/30/26 02:30,48.16,
Plot Title: 5C1C,2468,5/30/26 02:45,47.802,
Plot Title: 5C1C,2469,5/30/26 03:00,47.624,
Plot Title: 5C1C,2470,5/30/26 03:15,47.446,
Plot Title: 5C1C,2471,5/30/26 03:30,47.088,
Plot Title: 5C1C,2472,5/30/26 03:45,46.908,
Plot Title: 5C1C,2473,5/30/26 04:00,46.728,
Plot Title: 5C1C,2474,5/30/26 04:15,46.548,
Plot Title: 5C1C,2475,5/30/26 04:30,46.728,
Plot Title: 5C1C,2476,5/30/26 04:45,46.908,
Plot Title: 5C1C,2477,5/30/26 05:00,47.088,
Plot Title: 5C1C,2478,5/30/26 05:15,47.266,
Plot Title: 5C1C,2479,5/30/26 05:30,47.446,
Plot Title: 5C1C,2480,5/30/26 05:45,47.446,
Plot Title: 5C1C,2481,5/30/26 06:00,47.446,
Plot Title: 5C1C,2482,5/30/26 06:15,47.446,
Plot Title: 5C1C,2483,5/30/26 06:30,47.446,
Plot Title: 5C1C,2484,5/30/26 06:45,47.624,
Plot Title: 5C1C,2485,5/30/26 07:00,47.802,
Plot Title: 5C1C,2486,5/30/26 07:15,48.339,
Plot Title: 5C1C,2487,5/30/26 07:30,48.695,
Plot Title: 5C1C,2488,5/30/26 07:45,49.05,
Plot Title: 5C1C,2489,5/30/26 08:00,49.228,
Plot Title: 5C1C,2490,5/30/26 08:15,49.228,
Plot Title: 5C1C,2491,5/30/26 08:30,49.582,
Plot Title: 5C1C,2492,5/30/26 08:45,49.937,
Plot Title: 5C1C,2493,5/30/26 09:00,49.582,
Plot Title: 5C1C,2494,5/30/26 09:15,49.759,
Plot Title: 5C1C,2495,5/30/26 09:30,49.582,
Plot Title: 5C1C,2496,5/30/26 09:45,49.228,
Plot Title: 5C1C,2497,5/30/26 10:00,48.871,
Plot Title: 5C1C,2498,5/30/26 10:15,48.695,
Plot Title: 5C1C,2499,5/30/26 10:30,48.871,
Plot Title: 5C1C,2500,5/30/26 10:45,49.228,
Plot Title: 5C1C,2501,5/30/26 11:00,49.582,
Plot Title: 5C1C,2502,5/30/26 11:15,49.937,
Plot Title: 5C1C,2503,5/30/26 11:30,50.113,
Plot Title: 5C1C,2504,5/30/26 11:45,50.466,
Plot Title: 5C1C,2505,5/30/26 12:00,50.819,
Plot Title: 5C1C,2506,5/30/26 12:15,50.643,
Plot Title: 5C1C,2507,5/30/26 12:30,50.643,
Plot Title: 5C1C,2508,5/30/26 12:45,50.995,
Plot Title: 5C1C,2509,5/30/26 13:00,51.172,
Plot Title: 5C1C,2510,5/30/26 13:15,51.699,
Plot Title: 5C1C,2511,5/30/26 13:30,51.874,
Plot Title: 5C1C,2512,5/30/26 13:45,51.874,
Plot Title: 5C1C,2513,5/30/26 14:00,52.225,
Plot Title: 5C1C,2514,5/30/26 14:15,53.1,
Plot Title: 5C1C,2515,5/30/26 14:30,52.401,
Plot Title: 5C1C,2516,5/30/26 14:45,51.874,
Plot Title: 5C1C,2517,5/30/26 15:00,51.699,
Plot Title: 5C1C,2518,5/30/26 15:15,51.172,
Plot Title: 5C1C,2519,5/30/26 15:30,50.29,
Plot Title: 5C1C,2520,5/30/26 15:45,49.937,
Plot Title: 5C1C,2521,5/30/26 16:00,50.29,
Plot Title: 5C1C,2522,5/30/26 16:15,50.819,
Plot Title: 5C1C,2523,5/30/26 16:30,51.346,
Plot Title: 5C1C,2524,5/30/26 16:45,51.346,
Plot Title: 5C1C,2525,5/30/26 17:00,51.523,
Plot Title: 5C1C,2526,5/30/26 17:15,51.523,
Plot Title: 5C1C,2527,5/30/26 17:30,52.05,
Plot Title: 5C1C,2528,5/30/26 17:45,51.699,
Plot Title: 5C1C,2529,5/30/26 18:00,51.346,
Plot Title: 5C1C,2530,5/30/26 18:15,50.995,
Plot Title: 5C1C,2531,5/30/26 18:30,50.466,
Plot Title: 5C1C,2532,5/30/26 18:45,50.113,
Plot Title: 5C1C,2533,5/30/26 19:00,49.937,
Plot Title: 5C1C,2534,5/30/26 19:15,49.582,
Plot Title: 5C1C,2535,5/30/26 19:30,49.404,
Plot Title: 5C1C,2536,5/30/26 19:45,49.05,
Plot Title: 5C1C,2537,5/30/26 20:00,48.695,
Plot Title: 5C1C,2538,5/30/26 20:15,48.339,
Plot Title: 5C1C,2539,5/30/26 20:30,47.982,
Plot Title: 5C1C,2540,5/30/26 20:45,47.624,
Plot Title: 5C1C,2541,5/30/26 21:00,47.266,
Plot Title: 5C1C,2542,5/30/26 21:15,47.088,
Plot Title: 5C1C,2543,5/30/26 21:30,46.908,
Plot Title: 5C1C,2544,5/30/26 21:45,46.728,
Plot Title: 5C1C,2545,5/30/26 22:00,46.548,
Plot Title: 5C1C,2546,5/30/26 22:15,46.369,
Plot Title: 5C1C,2547,5/30/26 22:30,46.188,
Plot Title: 5C1C,2548,5/30/26 22:45,45.828,
Plot Title: 5C1C,2549,5/30/26 23:00,45.648,
Plot Title: 5C1C,2550,5/30/26 23:15,45.466,
Plot Title: 5C1C,2551,5/30/26 23:30,45.286,
Plot Title: 5C1C,2552,5/30/26 23:45,44.922,
Plot Title: 5C1C,2553,5/31/26 00:00,44.742,
Plot Title: 5C1C,2554,5/31/26 00:15,44.56,
Plot Title: 5C1C,2555,5/31/26 00:30,44.195,
Plot Title: 5C1C,2556,5/31/26 00:45,44.195,
Plot Title: 5C1C,2557,5/31/26 01:00,44.013,
Plot Title: 5C1C,2558,5/31/26 01:15,44.013,
Plot Title: 5C1C,2559,5/31/26 01:30,43.831,
Plot Title: 5C1C,2560,5/31/26 01:45,43.831,
Plot Title: 5C1C,2561,5/31/26 02:00,43.648,
Plot Title: 5C1C,2562,5/31/26 02:15,43.466,
Plot Title: 5C1C,2563,5/31/26 02:30,43.466,
Plot Title: 5C1C,2564,5/31/26 02:45,43.282,
Plot Title: 5C1C,2565,5/31/26 03:00,43.282,
Plot Title: 5C1C,2566,5/31/26 03:15,43.099,
Plot Title: 5C1C,2567,5/31/26 03:30,43.099,
Plot Title: 5C1C,2568,5/31/26 03:45,43.099,
Plot Title: 5C1C,2569,5/31/26 04:00,42.915,
Plot Title: 5C1C,2570,5/31/26 04:15,42.915,
Plot Title: 5C1C,2571,5/31/26 04:30,42.732,
Plot Title: 5C1C,2572,5/31/26 04:45,42.732,
Plot Title: 5C1C,2573,5/31/26 05:00,42.732,
Plot Title: 5C1C,2574,5/31/26 05:15,42.548,
Plot Title: 5C1C,2575,5/31/26 05:30,42.548,
Plot Title: 5C1C,2576,5/31/26 05:45,42.363,
Plot Title: 5C1C,2577,5/31/26 06:00,42.363,
Plot Title: 5C1C,2578,5/31/26 06:15,42.363,
Plot Title: 5C1C,2579,5/31/26 06:30,42.363,
Plot Title: 5C1C,2580,5/31/26 06:45,42.363,
Plot Title: 5C1C,2581,5/31/26 07:00,42.179,
Plot Title: 5C1C,2582,5/31/26 07:15,42.363,
Plot Title: 5C1C,2583,5/31/26 07:30,42.363,
Plot Title: 5C1C,2584,5/31/26 07:45,42.179,
Plot Title: 5C1C,2585,5/31/26 08:00,41.994,
Plot Title: 5C1C,2586,5/31/26 08:15,41.439,
Plot Title: 5C1C,2587,5/31/26 08:30,41.254,
Plot Title: 5C1C,2588,5/31/26 08:45,41.625,
Plot Title: 5C1C,2589,5/31/26 09:00,42.179,
Plot Title: 5C1C,2590,5/31/26 09:15,42.732,
Plot Title: 5C1C,2591,5/31/26 09:30,43.466,
Plot Title: 5C1C,2592,5/31/26 09:45,44.56,
Plot Title: 5C1C,2593,5/31/26 10:00,45.286,
Plot Title: 5C1C,2594,5/31/26 10:15,45.828,
Plot Title: 5C1C,2595,5/31/26 10:30,46.548,
Plot Title: 5C1C,2596,5/31/26 10:45,47.266,
Plot Title: 5C1C,2597,5/31/26 11:00,48.339,
Plot Title: 5C1C,2598,5/31/26 11:15,48.695,
Plot Title: 5C1C,2599,5/31/26 11:30,49.05,
Plot Title: 5C1C,2600,5/31/26 11:45,49.404,
Plot Title: 5C1C,2601,5/31/26 12:00,49.582,
Plot Title: 5C1C,2602,5/31/26 12:15,49.937,
Plot Title: 5C1C,2603,5/31/26 12:30,50.29,
Plot Title: 5C1C,2604,5/31/26 12:45,50.995,
Plot Title: 5C1C,2605,5/31/26 13:00,50.995,
Plot Title: 5C1C,2606,5/31/26 13:15,51.523,
Plot Title: 5C1C,2607,5/31/26 13:30,52.225,
Plot Title: 5C1C,2608,5/31/26 13:45,52.05,
Plot Title: 5C1C,2609,5/31/26 14:00,51.346,
Plot Title: 5C1C,2610,5/31/26 14:15,52.225,
Plot Title: 5C1C,2611,5/31/26 14:30,52.925,
Plot Title: 5C1C,2612,5/31/26 14:45,53.449,
Plot Title: 5C1C,2613,5/31/26 15:00,52.75,
Plot Title: 5C1C,2614,5/31/26 15:15,52.05,
Plot Title: 5C1C,2615,5/31/26 15:30,52.225,
Plot Title: 5C1C,2616,5/31/26 15:45,51.699,
Plot Title: 5C1C,2617,5/31/26 16:00,50.643,
Plot Title: 5C1C,2618,5/31/26 16:15,50.113,
Plot Title: 5C1C,2619,5/31/26 16:30,49.759,
Plot Title: 5C1C,2620,5/31/26 16:45,49.759,
Plot Title: 5C1C,2621,5/31/26 17:00,49.759,
Plot Title: 5C1C,2622,5/31/26 17:15,49.404,
Plot Title: 5C1C,2623,5/31/26 17:30,49.228,
Plot Title: 5C1C,2624,5/31/26 17:45,48.695,
Plot Title: 5C1C,2625,5/31/26 18:00,48.517,
Plot Title: 5C1C,2626,5/31/26 18:15,48.16,
Plot Title: 5C1C,2627,5/31/26 18:30,47.982,
Plot Title: 5C1C,2628,5/31/26 18:45,47.088,
Plot Title: 5C1C,2629,5/31/26 19:00,46.188,
Plot Title: 5C1C,2630,5/31/26 19:15,45.828,
Plot Title: 5C1C,2631,5/31/26 19:30,45.466,
Plot Title: 5C1C,2632,5/31/26 19:45,45.104,
Plot Title: 5C1C,2633,5/31/26 20:00,44.742,
Plot Title: 5C1C,2634,5/31/26 20:15,44.379,
Plot Title: 5C1C,2635,5/31/26 20:30,44.013,
Plot Title: 5C1C,2636,5/31/26 20:45,43.466,
Plot Title: 5C1C,2637,5/31/26 21:00,43.282,
Plot Title: 5C1C,2638,5/31/26 21:15,42.915,
Plot Title: 5C1C,2639,5/31/26 21:30,42.732,
Plot Title: 5C1C,2640,5/31/26 21:45,42.548,
Plot Title: 5C1C,2641,5/31/26 22:00,42.363,
Plot Title: 5C1C,2642,5/31/26 22:15,42.179,
Plot Title: 5C1C,2643,5/31/26 22:30,41.994,
Plot Title: 5C1C,2644,5/31/26 22:45,41.81,
Plot Title: 5C1C,2645,5/31/26 23:00,41.81,
Plot Title: 5C1C,2646,5/31/26 23:15,41.81,
Plot Title: 5C1C,2647,5/31/26 23:30,41.81,
Plot Title: 5C1C,2648,5/31/26 23:45,41.625,
Plot Title: 5C1C,2649,6/1/26 00:00,41.625,
Plot Title: 5C1C,2650,6/1/26 00:15,41.439,
Plot Title: 5C1C,2651,6/1/26 00:30,41.254,
Plot Title: 5C1C,2652,6/1/26 00:45,41.254,
Plot Title: 5C1C,2653,6/1/26 01:00,41.067,
Plot Title: 5C1C,2654,6/1/26 01:15,41.067,
Plot Title: 5C1C,2655,6/1/26 01:30,40.881,
Plot Title: 5C1C,2656,6/1/26 01:45,40.696,
Plot Title: 5C1C,2657,6/1/26 02:00,40.509,
Plot Title: 5C1C,2658,6/1/26 02:15,40.509,
Plot Title: 5C1C,2659,6/1/26 02:30,40.321,
Plot Title: 5C1C,2660,6/1/26 02:45,40.134,
Plot Title: 5C1C,2661,6/1/26 03:00,40.134,
Plot Title: 5C1C,2662,6/1/26 03:15,40.134,
Plot Title: 5C1C,2663,6/1/26 03:30,39.947,
Plot Title: 5C1C,2664,6/1/26 03:45,39.573,
Plot Title: 5C1C,2665,6/1/26 04:00,39.384,
Plot Title: 5C1C,2666,6/1/26 04:15,39.196,
Plot Title: 5C1C,2667,6/1/26 04:30,38.818,
Plot Title: 5C1C,2668,6/1/26 04:45,38.44,
Plot Title: 5C1C,2669,6/1/26 05:00,38.061,
Plot Title: 5C1C,2670,6/1/26 05:15,37.87,
Plot Title: 5C1C,2671,6/1/26 05:30,37.679,
Plot Title: 5C1C,2672,6/1/26 05:45,37.488,
Plot Title: 5C1C,2673,6/1/26 06:00,37.297,
Plot Title: 5C1C,2674,6/1/26 06:15,37.297,
Plot Title: 5C1C,2675,6/1/26 06:30,37.297,
Plot Title: 5C1C,2676,6/1/26 06:45,37.107,
Plot Title: 5C1C,2677,6/1/26 07:00,37.107,
Plot Title: 5C1C,2678,6/1/26 07:15,37.297,
Plot Title: 5C1C,2679,6/1/26 07:30,37.297,
Plot Title: 5C1C,2680,6/1/26 07:45,37.488,
Plot Title: 5C1C,2681,6/1/26 08:00,37.679,
Plot Title: 5C1C,2682,6/1/26 08:15,37.87,
Plot Title: 5C1C,2683,6/1/26 08:30,37.87,
Plot Title: 5C1C,2684,6/1/26 08:45,38.25,
Plot Title: 5C1C,2685,6/1/26 09:00,39.007,
Plot Title: 5C1C,2686,6/1/26 09:15,39.007,
Plot Title: 5C1C,2687,6/1/26 09:30,39.384,
Plot Title: 5C1C,2688,6/1/26 09:45,39.76,
Plot Title: 5C1C,2689,6/1/26 10:00,40.134,
Plot Title: 5C1C,2690,6/1/26 10:15,40.696,
Plot Title: 5C1C,2691,6/1/26 10:30,41.067,
Plot Title: 5C1C,2692,6/1/26 10:45,41.439,
Plot Title: 5C1C,2693,6/1/26 11:00,41.994,
Plot Title: 5C1C,2694,6/1/26 11:15,42.363,
Plot Title: 5C1C,2695,6/1/26 11:30,42.915,
Plot Title: 5C1C,2696,6/1/26 11:45,50.29,
Plot Title: 5C1C,2697,6/1/26 12:00,58.303,
Plot Title: 5C1C,2698,6/1/26 12:15,64.481,
Plot Title: 5C1C,2699,6/1/26 12:30,66.879,
Plot Title: 5C1C,2700,6/1/26 12:45,66.193,
Plot Title: 5C1C,2701,6/1/26 13:00,66.022,
Plot Title: 5C1C,2702,6/1/26 13:15,64.825,
Plot Title: 5C1C,2703,6/1/26 13:30,63.111,
Plot Title: 5C1C,2704,6/1/26 13:45,64.652,
Plot Title: 5C1C,2705,6/1/26 14:00,64.139,
Plot Title: 5C1C,2706,6/1/26 14:15,66.366,
Plot Title: 5C1C,2707,6/1/26 14:30,69.793,
Plot Title: 5C1C,2708,6/1/26 14:45,73.062,
Plot Title: 5C1C,2709,6/1/26 15:00,68.077,
Plot Title: 5C1C,2710,6/1/26 15:15,71.339,
Plot Title: 5C1C,2711,6/1/26 15:30,69.793,
Plot Title: 5C1C,2712,6/1/26 15:45,72.028,
Plot Title: 5C1C,2713,6/1/26 16:00,64.481,
Plot Title: 5C1C,2714,6/1/26 16:15,58.303,
Plot Title: 5C1C,2715,6/1/26 16:30,55.537,
Plot Title: 5C1C,2716,6/1/26 16:45,54.842,
Plot Title: 5C1C,2717,6/1/26 17:00,54.147,
Plot Title: 5C1C,2718,6/1/26 17:15,53.274,
Plot Title: 5C1C,2719,6/1/26 17:30,51.874,
Plot Title: 5C1C,2720,6/1/26 17:45,49.759,
Plot Title: 5C1C,2721,6/1/26 18:00,50.29,
Plot Title: 5C1C,2722,6/1/26 18:15,50.995,
Plot Title: 5C1C,2723,6/1/26 18:30,50.643,
Plot Title: 5C1C,2724,6/1/26 18:45,48.871,
Plot Title: 5C1C,2725,6/1/26 19:00,43.466,
Plot Title: 5C1C,2726,6/1/26 19:15,40.321,
Plot Title: 5C1C,2727,6/1/26 19:30,40.321,
Plot Title: 5C1C,2728,6/1/26 19:45,41.254,
Plot Title: 5C1C,2729,6/1/26 20:00,42.179,
Plot Title: 5C1C,2730,6/1/26 20:15,42.548,
Plot Title: 5C1C,2731,6/1/26 20:30,42.732,
Plot Title: 5C1C,2732,6/1/26 20:45,42.363,
Plot Title: 5C1C,2733,6/1/26 21:00,42.179,
Plot Title: 5C1C,2734,6/1/26 21:15,41.81,
Plot Title: 5C1C,2735,6/1/26 21:30,41.625,
Plot Title: 5C1C,2736,6/1/26 21:45,41.625,
Plot Title: 5C1C,2737,6/1/26 22:00,41.439,
Plot Title: 5C1C,2738,6/1/26 22:15,41.439,
Plot Title: 5C1C,2739,6/1/26 22:30,41.254,
Plot Title: 5C1C,2740,6/1/26 22:45,41.067,
Plot Title: 5C1C,2741,6/1/26 23:00,40.881,
Plot Title: 5C1C,2742,6/1/26 23:15,40.881,
Plot Title: 5C1C,2743,6/1/26 23:30,41.067,
Plot Title: 5C1C,2744,6/1/26 23:45,41.439,
Plot Title: 5C1C,2745,6/2/26 00:00,41.439,
Plot Title: 5C1C,2746,6/2/26 00:15,41.067,
Plot Title: 5C1C,2747,6/2/26 00:30,41.254,
Plot Title: 5C1C,2748,6/2/26 00:45,41.067,
Plot Title: 5C1C,2749,6/2/26 01:00,40.696,
Plot Title: 5C1C,2750,6/2/26 01:15,40.509,
Plot Title: 5C1C,2751,6/2/26 01:30,40.321,
Plot Title: 5C1C,2752,6/2/26 01:45,39.947,
Plot Title: 5C1C,2753,6/2/26 02:00,39.76,
Plot Title: 5C1C,2754,6/2/26 02:15,39.573,
Plot Title: 5C1C,2755,6/2/26 02:30,39.384,
Plot Title: 5C1C,2756,6/2/26 02:45,39.196,
Plot Title: 5C1C,2757,6/2/26 03:00,39.007,
Plot Title: 5C1C,2758,6/2/26 03:15,39.007,
Plot Title: 5C1C,2759,6/2/26 03:30,39.007,
Plot Title: 5C1C,2760,6/2/26 03:45,38.818,
Plot Title: 5C1C,2761,6/2/26 04:00,39.007,
Plot Title: 5C1C,2762,6/2/26 04:15,39.196,
Plot Title: 5C1C,2763,6/2/26 04:30,39.384,
Plot Title: 5C1C,2764,6/2/26 04:45,39.384,
Plot Title: 5C1C,2765,6/2/26 05:00,39.573,
Plot Title: 5C1C,2766,6/2/26 05:15,39.573,
Plot Title: 5C1C,2767,6/2/26 05:30,39.573,
Plot Title: 5C1C,2768,6/2/26 05:45,39.573,
Plot Title: 5C1C,2769,6/2/26 06:00,39.573,
Plot Title: 5C1C,2770,6/2/26 06:15,39.76,
Plot Title: 5C1C,2771,6/2/26 06:30,39.573,
Plot Title: 5C1C,2772,6/2/26 06:45,39.573,
Plot Title: 5C1C,2773,6/2/26 07:00,39.384,
Plot Title: 5C1C,2774,6/2/26 07:15,39.196,
Plot Title: 5C1C,2775,6/2/26 07:30,39.384,
Plot Title: 5C1C,2776,6/2/26 07:45,39.196,
Plot Title: 5C1C,2777,6/2/26 08:00,39.196,
Plot Title: 5C1C,2778,6/2/26 08:15,39.384,
Plot Title: 5C1C,2779,6/2/26 08:30,40.509,
Plot Title: 5C1C,2780,6/2/26 08:45,41.625,
Plot Title: 5C1C,2781,6/2/26 09:00,42.548,
Plot Title: 5C1C,2782,6/2/26 09:15,42.732,
Plot Title: 5C1C,2783,6/2/26 09:30,43.282,
Plot Title: 5C1C,2784,6/2/26 09:45,43.099,
Plot Title: 5C1C,2785,6/2/26 10:00,43.648,
Plot Title: 5C1C,2786,6/2/26 10:15,44.195,
Plot Title: 5C1C,2787,6/2/26 10:30,45.104,
Plot Title: 5C1C,2788,6/2/26 10:45,45.828,
Plot Title: 5C1C,2789,6/2/26 11:00,46.728,
Plot Title: 5C1C,2790,6/2/26 11:15,46.908,
Plot Title: 5C1C,2791,6/2/26 11:30,47.266,
Plot Title: 5C1C,2792,6/2/26 11:45,57.441,
Plot Title: 5C1C,2793,6/2/26 12:00,67.735,
Plot Title: 5C1C,2794,6/2/26 12:15,69.793,
Plot Title: 5C1C,2795,6/2/26 12:30,71.339,
Plot Title: 5C1C,2796,6/2/26 12:45,69.278,
Plot Title: 5C1C,2797,6/2/26 13:00,69.449,
Plot Title: 5C1C,2798,6/2/26 13:15,69.793,
Plot Title: 5C1C,2799,6/2/26 13:30,67.906,
Plot Title: 5C1C,2800,6/2/26 13:45,68.763,
Plot Title: 5C1C,2801,6/2/26 14:00,68.248,
Plot Title: 5C1C,2802,6/2/26 14:15,68.248,
Plot Title: 5C1C,2803,6/2/26 14:30,68.421,
Plot Title: 5C1C,2804,6/2/26 14:45,68.421,
Plot Title: 5C1C,2805,6/2/26 15:00,67.05,
Plot Title: 5C1C,2806,6/2/26 15:15,66.879,
Plot Title: 5C1C,2807,6/2/26 15:30,66.193,
Plot Title: 5C1C,2808,6/2/26 15:45,65.68,
Plot Title: 5C1C,2809,6/2/26 16:00,65.509,
Plot Title: 5C1C,2810,6/2/26 16:15,64.31,
Plot Title: 5C1C,2811,6/2/26 16:30,63.111,
Plot Title: 5C1C,2812,6/2/26 16:45,62.254,
Plot Title: 5C1C,2813,6/2/26 17:00,61.741,
Plot Title: 5C1C,2814,6/2/26 17:15,61.569,
Plot Title: 5C1C,2815,6/2/26 17:30,62.083,
Plot Title: 5C1C,2816,6/2/26 17:45,62.083,
Plot Title: 5C1C,2817,6/2/26 18:00,60.368,
Plot Title: 5C1C,2818,6/2/26 18:15,59.337,
Plot Title: 5C1C,2819,6/2/26 18:30,58.303,
Plot Title: 5C1C,2820,6/2/26 18:45,57.268,
Plot Title: 5C1C,2821,6/2/26 19:00,56.23,
Plot Title: 5C1C,2822,6/2/26 19:15,55.711,
Plot Title: 5C1C,2823,6/2/26 19:30,55.189,
Plot Title: 5C1C,2824,6/2/26 19:45,54.669,
Plot Title: 5C1C,2825,6/2/26 20:00,54.322,
Plot Title: 5C1C,2826,6/2/26 20:15,53.623,
Plot Title: 5C1C,2827,6/2/26 20:30,52.75,
Plot Title: 5C1C,2828,6/2/26 20:45,51.874,
Plot Title: 5C1C,2829,6/2/26 21:00,51.172,
Plot Title: 5C1C,2830,6/2/26 21:15,50.643,
Plot Title: 5C1C,2831,6/2/26 21:30,49.937,
Plot Title: 5C1C,2832,6/2/26 21:45,49.228,
Plot Title: 5C1C,2833,6/2/26 22:00,49.05,
Plot Title: 5C1C,2834,6/2/26 22:15,48.871,
Plot Title: 5C1C,2835,6/2/26 22:30,48.695,
Plot Title: 5C1C,2836,6/2/26 22:45,48.339,
Plot Title: 5C1C,2837,6/2/26 23:00,47.982,
Plot Title: 5C1C,2838,6/2/26 23:15,47.446,
Plot Title: 5C1C,2839,6/2/26 23:30,46.908,
Plot Title: 5C1C,2840,6/2/26 23:45,46.548,
Plot Title: 5C1C,2841,6/3/26 00:00,46.369,
Plot Title: 5C1C,2842,6/3/26 00:15,46.008,
Plot Title: 5C1C,2843,6/3/26 00:30,46.008,
Plot Title: 5C1C,2844,6/3/26 00:45,45.648,
Plot Title: 5C1C,2845,6/3/26 01:00,45.466,
Plot Title: 5C1C,2846,6/3/26 01:15,45.286,
Plot Title: 5C1C,2847,6/3/26 01:30,45.104,
Plot Title: 5C1C,2848,6/3/26 01:45,44.922,
Plot Title: 5C1C,2849,6/3/26 02:00,44.922,
Plot Title: 5C1C,2850,6/3/26 02:15,44.56,
Plot Title: 5C1C,2851,6/3/26 02:30,44.195,
Plot Title: 5C1C,2852,6/3/26 02:45,43.831,
Plot Title: 5C1C,2853,6/3/26 03:00,43.648,
Plot Title: 5C1C,2854,6/3/26 03:15,43.466,
Plot Title: 5C1C,2855,6/3/26 03:30,43.282,
Plot Title: 5C1C,2856,6/3/26 03:45,43.099,
Plot Title: 5C1C,2857,6/3/26 04:00,42.915,
Plot Title: 5C1C,2858,6/3/26 04:15,42.732,
Plot Title: 5C1C,2859,6/3/26 04:30,42.548,
Plot Title: 5C1C,2860,6/3/26 04:45,42.548,
Plot Title: 5C1C,2861,6/3/26 05:00,42.363,
Plot Title: 5C1C,2862,6/3/26 05:15,42.363,
Plot Title: 5C1C,2863,6/3/26 05:30,42.179,
Plot Title: 5C1C,2864,6/3/26 05:45,41.994,
Plot Title: 5C1C,2865,6/3/26 06:00,41.81,
Plot Title: 5C1C,2866,6/3/26 06:15,41.81,
Plot Title: 5C1C,2867,6/3/26 06:30,41.81,
Plot Title: 5C1C,2868,6/3/26 06:45,41.81,
Plot Title: 5C1C,2869,6/3/26 07:00,41.81,
Plot Title: 5C1C,2870,6/3/26 07:15,41.994,
Plot Title: 5C1C,2871,6/3/26 07:30,41.994,
Plot Title: 5C1C,2872,6/3/26 07:45,42.179,
Plot Title: 5C1C,2873,6/3/26 08:00,42.179,
Plot Title: 5C1C,2874,6/3/26 08:15,42.363,
Plot Title: 5C1C,2875,6/3/26 08:30,42.548,
Plot Title: 5C1C,2876,6/3/26 08:45,42.915,
Plot Title: 5C1C,2877,6/3/26 09:00,44.013,
Plot Title: 5C1C,2878,6/3/26 09:15,44.013,
Plot Title: 5C1C,2879,6/3/26 09:30,44.56,
Plot Title: 5C1C,2880,6/3/26 09:45,44.922,
Plot Title: 5C1C,2881,6/3/26 10:00,44.922,
Plot Title: 5C1C,2882,6/3/26 10:15,45.104,
Plot Title: 5C1C,2883,6/3/26 10:30,45.286,
Plot Title: 5C1C,2884,6/3/26 10:45,45.466,
Plot Title: 5C1C,2885,6/3/26 11:00,45.828,
Plot Title: 5C1C,2886,6/3/26 11:15,45.828,
Plot Title: 5C1C,2887,6/3/26 11:30,46.369,
Plot Title: 5C1C,2888,6/3/26 11:45,55.884,
Plot Title: 5C1C,2889,6/3/26 12:00,63.797,
Plot Title: 5C1C,2890,6/3/26 12:15,65.338,
Plot Title: 5C1C,2891,6/3/26 12:30,65.338,
Plot Title: 5C1C,2892,6/3/26 12:45,66.193,
Plot Title: 5C1C,2893,6/3/26 13:00,67.564,
Plot Title: 5C1C,2894,6/3/26 13:15,68.421,
Plot Title: 5C1C,2895,6/3/26 13:30,69.964,
Plot Title: 5C1C,2896,6/3/26 13:45,70.824,
Plot Title: 5C1C,2897,6/3/26 14:00,71.168,
Plot Title: 5C1C,2898,6/3/26 14:15,72.199,
Plot Title: 5C1C,2899,6/3/26 14:30,72.891,
Plot Title: 5C1C,2900,6/3/26 14:45,73.58,
Plot Title: 5C1C,2901,6/3/26 15:00,74.446,
Plot Title: 5C1C,2902,6/3/26 15:15,74.446,
Plot Title: 5C1C,2903,6/3/26 15:30,74.791,
Plot Title: 5C1C,2904,6/3/26 15:45,74.271,
Plot Title: 5C1C,2905,6/3/26 16:00,73.753,
Plot Title: 5C1C,2906,6/3/26 16:15,72.891,
Plot Title: 5C1C,2907,6/3/26 16:30,71.683,
Plot Title: 5C1C,2908,6/3/26 16:45,72.028,
Plot Title: 5C1C,2909,6/3/26 17:00,68.934,
Plot Title: 5C1C,2910,6/3/26 17:15,66.022,
Plot Title: 5C1C,2911,6/3/26 17:30,65.851,
Plot Title: 5C1C,2912,6/3/26 17:45,64.139,
Plot Title: 5C1C,2913,6/3/26 18:00,62.769,
Plot Title: 5C1C,2914,6/3/26 18:15,61.912,
Plot Title: 5C1C,2915,6/3/26 18:30,61.569,
Plot Title: 5C1C,2916,6/3/26 18:45,60.883,
Plot Title: 5C1C,2917,6/3/26 19:00,60.368,
Plot Title: 5C1C,2918,6/3/26 19:15,59.508,
Plot Title: 5C1C,2919,6/3/26 19:30,58.647,
Plot Title: 5C1C,2920,6/3/26 19:45,58.131,
Plot Title: 5C1C,2921,6/3/26 20:00,57.441,
Plot Title: 5C1C,2922,6/3/26 20:15,56.577,
Plot Title: 5C1C,2923,6/3/26 20:30,55.711,
Plot Title: 5C1C,2924,6/3/26 20:45,54.669,
Plot Title: 5C1C,2925,6/3/26 21:00,53.973,
Plot Title: 5C1C,2926,6/3/26 21:15,53.623,
Plot Title: 5C1C,2927,6/3/26 21:30,53.449,
Plot Title: 5C1C,2928,6/3/26 21:45,53.1,
Plot Title: 5C1C,2929,6/3/26 22:00,52.925,
Plot Title: 5C1C,2930,6/3/26 22:15,52.225,
Plot Title: 5C1C,2931,6/3/26 22:30,51.523,
Plot Title: 5C1C,2932,6/3/26 22:45,51.346,
Plot Title: 5C1C,2933,6/3/26 23:00,51.172,
Plot Title: 5C1C,2934,6/3/26 23:15,50.643,
Plot Title: 5C1C,2935,6/3/26 23:30,50.113,
Plot Title: 5C1C,2936,6/3/26 23:45,49.937,
Plot Title: 5C1C,2937,6/4/26 00:00,49.759,
Plot Title: 5C1C,2938,6/4/26 00:15,49.759,
Plot Title: 5C1C,2939,6/4/26 00:30,49.404,
Plot Title: 5C1C,2940,6/4/26 00:45,49.582,
Plot Title: 5C1C,2941,6/4/26 01:00,49.05,
Plot Title: 5C1C,2942,6/4/26 01:15,48.517,
Plot Title: 5C1C,2943,6/4/26 01:30,48.695,
Plot Title: 5C1C,2944,6/4/26 01:45,48.695,
Plot Title: 5C1C,2945,6/4/26 02:00,48.695,
Plot Title: 5C1C,2946,6/4/26 02:15,48.695,
Plot Title: 5C1C,2947,6/4/26 02:30,48.517,
Plot Title: 5C1C,2948,6/4/26 02:45,47.982,
Plot Title: 5C1C,2949,6/4/26 03:00,47.982,
Plot Title: 5C1C,2950,6/4/26 03:15,47.624,
Plot Title: 5C1C,2951,6/4/26 03:30,47.624,
Plot Title: 5C1C,2952,6/4/26 03:45,47.266,
Plot Title: 5C1C,2953,6/4/26 04:00,47.088,
Plot Title: 5C1C,2954,6/4/26 04:15,46.548,
Plot Title: 5C1C,2955,6/4/26 04:30,46.369,
Plot Title: 5C1C,2956,6/4/26 04:45,46.188,
Plot Title: 5C1C,2957,6/4/26 05:00,45.828,
Plot Title: 5C1C,2958,6/4/26 05:15,45.648,
Plot Title: 5C1C,2959,6/4/26 05:30,45.828,
Plot Title: 5C1C,2960,6/4/26 05:45,45.828,
Plot Title: 5C1C,2961,6/4/26 06:00,46.008,
Plot Title: 5C1C,2962,6/4/26 06:15,46.008,
Plot Title: 5C1C,2963,6/4/26 06:30,46.188,
Plot Title: 5C1C,2964,6/4/26 06:45,46.188,
Plot Title: 5C1C,2965,6/4/26 07:00,45.828,
Plot Title: 5C1C,2966,6/4/26 07:15,45.648,
Plot Title: 5C1C,2967,6/4/26 07:30,46.369,
Plot Title: 5C1C,2968,6/4/26 07:45,47.266,
Plot Title: 5C1C,2969,6/4/26 08:00,48.16,
Plot Title: 5C1C,2970,6/4/26 08:15,48.16,
Plot Title: 5C1C,2971,6/4/26 08:30,47.624,
Plot Title: 5C1C,2972,6/4/26 08:45,47.446,
Plot Title: 5C1C,2973,6/4/26 09:00,48.339,
Plot Title: 5C1C,2974,6/4/26 09:15,48.339,
Plot Title: 5C1C,2975,6/4/26 09:30,49.05,
Plot Title: 5C1C,2976,6/4/26 09:45,49.937,
Plot Title: 5C1C,2977,6/4/26 10:00,49.937,
Plot Title: 5C1C,2978,6/4/26 10:15,49.937,
Plot Title: 5C1C,2979,6/4/26 10:30,50.466,
Plot Title: 5C1C,2980,6/4/26 10:45,51.172,
Plot Title: 5C1C,2981,6/4/26 11:00,52.576,
Plot Title: 5C1C,2982,6/4/26 11:15,52.925,
Plot Title: 5C1C,2983,6/4/26 11:30,53.623,
Plot Title: 5C1C,2984,6/4/26 11:45,59.68,
Plot Title: 5C1C,2985,6/4/26 12:00,62.94,
Plot Title: 5C1C,2986,6/4/26 12:15,65.851,
Plot Title: 5C1C,2987,6/4/26 12:30,66.708,
Plot Title: 5C1C,2988,6/4/26 12:45,68.592,
Plot Title: 5C1C,2989,6/4/26 13:00,70.308,
Plot Title: 5C1C,2990,6/4/26 13:15,70.48,
Plot Title: 5C1C,2991,6/4/26 13:30,70.308,
Plot Title: 5C1C,2992,6/4/26 13:45,71.683,
Plot Title: 5C1C,2993,6/4/26 14:00,72.891,
Plot Title: 5C1C,2994,6/4/26 14:15,73.234,
Plot Title: 5C1C,2995,6/4/26 14:30,71.339,
Plot Title: 5C1C,2996,6/4/26 14:45,69.107,
Plot Title: 5C1C,2997,6/4/26 15:00,68.248,
Plot Title: 5C1C,2998,6/4/26 15:15,69.449,
Plot Title: 5C1C,2999,6/4/26 15:30,68.421,
Plot Title: 5C1C,3000,6/4/26 15:45,68.248,
Plot Title: 5C1C,3001,6/4/26 16:00,68.934,
Plot Title: 5C1C,3002,6/4/26 16:15,72.372,
Plot Title: 5C1C,3003,6/4/26 16:30,67.906,
Plot Title: 5C1C,3004,6/4/26 16:45,71.512,
Plot Title: 5C1C,3005,6/4/26 17:00,73.753,
Plot Title: 5C1C,3006,6/4/26 17:15,73.407,
Plot Title: 5C1C,3007,6/4/26 17:30,72.199,
Plot Title: 5C1C,3008,6/4/26 17:45,69.964,
Plot Title: 5C1C,3009,6/4/26 18:00,66.537,
Plot Title: 5C1C,3010,6/4/26 18:15,63.968,
Plot Title: 5C1C,3011,6/4/26 18:30,62.598,
Plot Title: 5C1C,3012,6/4/26 18:45,61.398,
Plot Title: 5C1C,3013,6/4/26 19:00,60.368,
Plot Title: 5C1C,3014,6/4/26 19:15,59.337,
Plot Title: 5C1C,3015,6/4/26 19:30,58.476,
Plot Title: 5C1C,3016,6/4/26 19:45,57.614,
Plot Title: 5C1C,3017,6/4/26 20:00,56.923,
Plot Title: 5C1C,3018,6/4/26 20:15,56.057,
Plot Title: 5C1C,3019,6/4/26 20:30,55.189,
Plot Title: 5C1C,3020,6/4/26 20:45,54.495,
Plot Title: 5C1C,3021,6/4/26 21:00,53.623,
Plot Title: 5C1C,3022,6/4/26 21:15,52.925,
Plot Title: 5C1C,3023,6/4/26 21:30,52.225,
Plot Title: 5C1C,3024,6/4/26 21:45,51.699,
Plot Title: 5C1C,3025,6/4/26 22:00,51.172,
Plot Title: 5C1C,3026,6/4/26 22:15,50.819,
Plot Title: 5C1C,3027,6/4/26 22:30,50.29,
Plot Title: 5C1C,3028,6/4/26 22:45,50.113,
Plot Title: 5C1C,3029,6/4/26 23:00,49.759,
Plot Title: 5C1C,3030,6/4/26 23:15,49.404,
Plot Title: 5C1C,3031,6/4/26 23:30,49.228,
Plot Title: 5C1C,3032,6/4/26 23:45,48.871,
Plot Title: 5C1C,3033,6/5/26 00:00,48.695,
Plot Title: 5C1C,3034,6/5/26 00:15,48.517,
Plot Title: 5C1C,3035,6/5/26 00:30,48.339,
Plot Title: 5C1C,3036,6/5/26 00:45,48.16,
Plot Title: 5C1C,3037,6/5/26 01:00,47.982,
Plot Title: 5C1C,3038,6/5/26 01:15,47.624,
Plot Title: 5C1C,3039,6/5/26 01:30,47.446,
Plot Title: 5C1C,3040,6/5/26 01:45,47.266,
Plot Title: 5C1C,3041,6/5/26 02:00,47.088,
Plot Title: 5C1C,3042,6/5/26 02:15,46.908,
Plot Title: 5C1C,3043,6/5/26 02:30,46.728,
Plot Title: 5C1C,3044,6/5/26 02:45,46.548,
Plot Title: 5C1C,3045,6/5/26 03:00,46.369,
Plot Title: 5C1C,3046,6/5/26 03:15,46.188,
Plot Title: 5C1C,3047,6/5/26 03:30,45.828,
Plot Title: 5C1C,3048,6/5/26 03:45,45.648,
Plot Title: 5C1C,3049,6/5/26 04:00,45.466,
Plot Title: 5C1C,3050,6/5/26 04:15,45.286,
Plot Title: 5C1C,3051,6/5/26 04:30,45.104,
Plot Title: 5C1C,3052,6/5/26 04:45,44.922,
Plot Title: 5C1C,3053,6/5/26 05:00,44.742,
Plot Title: 5C1C,3054,6/5/26 05:15,44.56,
Plot Title: 5C1C,3055,6/5/26 05:30,44.379,
Plot Title: 5C1C,3056,6/5/26 05:45,44.379,
Plot Title: 5C1C,3057,6/5/26 06:00,44.195,
Plot Title: 5C1C,3058,6/5/26 06:15,44.195,
Plot Title: 5C1C,3059,6/5/26 06:30,44.195,
Plot Title: 5C1C,3060,6/5/26 06:45,44.379,
Plot Title: 5C1C,3061,6/5/26 07:00,44.379,
Plot Title: 5C1C,3062,6/5/26 07:15,44.195,
Plot Title: 5C1C,3063,6/5/26 07:30,44.195,
Plot Title: 5C1C,3064,6/5/26 07:45,44.379,
Plot Title: 5C1C,3065,6/5/26 08:00,44.379,
Plot Title: 5C1C,3066,6/5/26 08:15,44.56,
Plot Title: 5C1C,3067,6/5/26 08:30,44.742,
Plot Title: 5C1C,3068,6/5/26 08:45,44.922,
Plot Title: 5C1C,3069,6/5/26 09:00,45.648,
Plot Title: 5C1C,3070,6/5/26 09:15,45.648,
Plot Title: 5C1C,3071,6/5/26 09:30,46.369,
Plot Title: 5C1C,3072,6/5/26 09:45,46.548,
Plot Title: 5C1C,3073,6/5/26 10:00,46.548,
Plot Title: 5C1C,3074,6/5/26 10:15,46.908,
Plot Title: 5C1C,3075,6/5/26 10:30,47.088,
Plot Title: 5C1C,3076,6/5/26 10:45,47.624,
Plot Title: 5C1C,3077,6/5/26 11:00,47.982,
Plot Title: 5C1C,3078,6/5/26 11:15,48.339,
Plot Title: 5C1C,3079,6/5/26 11:30,49.05,
Plot Title: 5C1C,3080,6/5/26 11:45,57.268,
Plot Title: 5C1C,3081,6/5/26 12:00,68.248,
Plot Title: 5C1C,3082,6/5/26 12:15,73.58,
Plot Title: 5C1C,3083,6/5/26 12:30,76.703,
Plot Title: 5C1C,3084,6/5/26 12:45,78.975,
Plot Title: 5C1C,3085,6/5/26 13:00,76.181,
Plot Title: 5C1C,3086,6/5/26 13:15,75.139,
Plot Title: 5C1C,3087,6/5/26 13:30,75.312,
Plot Title: 5C1C,3088,6/5/26 13:45,75.832,
Plot Title: 5C1C,3089,6/5/26 14:00,76.528,
Plot Title: 5C1C,3090,6/5/26 14:15,76.528,
Plot Title: 5C1C,3091,6/5/26 14:30,75.832,
Plot Title: 5C1C,3092,6/5/26 14:45,74.098,
Plot Title: 5C1C,3093,6/5/26 15:00,73.926,
Plot Title: 5C1C,3094,6/5/26 15:15,73.58,
Plot Title: 5C1C,3095,6/5/26 15:30,72.891,
Plot Title: 5C1C,3096,6/5/26 15:45,72.891,
Plot Title: 5C1C,3097,6/5/26 16:00,72.372,
Plot Title: 5C1C,3098,6/5/26 16:15,71.512,
Plot Title: 5C1C,3099,6/5/26 16:30,71.339,
Plot Title: 5C1C,3100,6/5/26 16:45,70.308,
Plot Title: 5C1C,3101,6/5/26 17:00,69.278,
Plot Title: 5C1C,3102,6/5/26 17:15,68.592,
Plot Title: 5C1C,3103,6/5/26 17:30,67.906,
Plot Title: 5C1C,3104,6/5/26 17:45,67.05,
Plot Title: 5C1C,3105,6/5/26 18:00,66.193,
Plot Title: 5C1C,3106,6/5/26 18:15,64.31,
Plot Title: 5C1C,3107,6/5/26 18:30,63.282,
Plot Title: 5C1C,3108,6/5/26 18:45,62.254,
Plot Title: 5C1C,3109,6/5/26 19:00,61.227,
Plot Title: 5C1C,3110,6/5/26 19:15,60.368,
Plot Title: 5C1C,3111,6/5/26 19:30,59.68,
Plot Title: 5C1C,3112,6/5/26 19:45,59.164,
Plot Title: 5C1C,3113,6/5/26 20:00,58.476,
Plot Title: 5C1C,3114,6/5/26 20:15,57.958,
Plot Title: 5C1C,3115,6/5/26 20:30,57.614,
Plot Title: 5C1C,3116,6/5/26 20:45,57.096,
Plot Title: 5C1C,3117,6/5/26 21:00,56.577,
Plot Title: 5C1C,3118,6/5/26 21:15,56.23,
Plot Title: 5C1C,3119,6/5/26 21:30,55.884,
Plot Title: 5C1C,3120,6/5/26 21:45,55.537,
Plot Title: 5C1C,3121,6/5/26 22:00,55.189,
Plot Title: 5C1C,3122,6/5/26 22:15,54.842,
Plot Title: 5C1C,3123,6/5/26 22:30,54.495,
Plot Title: 5C1C,3124,6/5/26 22:45,54.147,
Plot Title: 5C1C,3125,6/5/26 23:00,53.973,
Plot Title: 5C1C,3126,6/5/26 23:15,53.623,
Plot Title: 5C1C,3127,6/5/26 23:30,53.274,
Plot Title: 5C1C,3128,6/5/26 23:45,52.925,
Plot Title: 5C1C,3129,6/6/26 00:00,52.576,
Plot Title: 5C1C,3130,6/6/26 00:15,52.225,
Plot Title: 5C1C,3131,6/6/26 00:30,51.874,
Plot Title: 5C1C,3132,6/6/26 00:45,51.523,
Plot Title: 5C1C,3133,6/6/26 01:00,51.172,
Plot Title: 5C1C,3134,6/6/26 01:15,50.819,
Plot Title: 5C1C,3135,6/6/26 01:30,50.466,
Plot Title: 5C1C,3136,6/6/26 01:45,50.29,
Plot Title: 5C1C,3137,6/6/26 02:00,50.113,
Plot Title: 5C1C,3138,6/6/26 02:15,49.937,
Plot Title: 5C1C,3139,6/6/26 02:30,49.937,
Plot Title: 5C1C,3140,6/6/26 02:45,49.759,
Plot Title: 5C1C,3141,6/6/26 03:00,49.759,
Plot Title: 5C1C,3142,6/6/26 03:15,49.759,
Plot Title: 5C1C,3143,6/6/26 03:30,49.582,
Plot Title: 5C1C,3144,6/6/26 03:45,49.582,
Plot Title: 5C1C,3145,6/6/26 04:00,49.404,
Plot Title: 5C1C,3146,6/6/26 04:15,49.228,
Plot Title: 5C1C,3147,6/6/26 04:30,49.228,
Plot Title: 5C1C,3148,6/6/26 04:45,49.228,
Plot Title: 5C1C,3149,6/6/26 05:00,49.05,
Plot Title: 5C1C,3150,6/6/26 05:15,48.871,
Plot Title: 5C1C,3151,6/6/26 05:30,48.871,
Plot Title: 5C1C,3152,6/6/26 05:45,48.695,
Plot Title: 5C1C,3153,6/6/26 06:00,48.695,
Plot Title: 5C1C,3154,6/6/26 06:15,48.871,
Plot Title: 5C1C,3155,6/6/26 06:30,49.228,
Plot Title: 5C1C,3156,6/6/26 06:45,49.759,
Plot Title: 5C1C,3157,6/6/26 07:00,50.29,
Plot Title: 5C1C,3158,6/6/26 07:15,50.29,
Plot Title: 5C1C,3159,6/6/26 07:30,50.643,
Plot Title: 5C1C,3160,6/6/26 07:45,51.699,
Plot Title: 5C1C,3161,6/6/26 08:00,51.874,
Plot Title: 5C1C,3162,6/6/26 08:15,52.576,
Plot Title: 5C1C,3163,6/6/26 08:30,53.1,
Plot Title: 5C1C,3164,6/6/26 08:45,53.798,
Plot Title: 5C1C,3165,6/6/26 09:00,53.623,
Plot Title: 5C1C,3166,6/6/26 09:15,53.973,
Plot Title: 5C1C,3167,6/6/26 09:30,53.973,
Plot Title: 5C1C,3168,6/6/26 09:45,53.973,
Plot Title: 5C1C,3169,6/6/26 10:00,53.973,
Plot Title: 5C1C,3170,6/6/26 10:15,53.798,
Plot Title: 5C1C,3171,6/6/26 10:30,53.623,
Plot Title: 5C1C,3172,6/6/26 10:45,53.973,
Plot Title: 5C1C,3173,6/6/26 11:00,55.364,
Plot Title: 5C1C,3174,6/6/26 11:15,57.096,
Plot Title: 5C1C,3175,6/6/26 11:30,58.131,
Plot Title: 5C1C,3176,6/6/26 11:45,59.337,
Plot Title: 5C1C,3177,6/6/26 12:00,60.368,
Plot Title: 5C1C,3178,6/6/26 12:15,59.68,
Plot Title: 5C1C,3179,6/6/26 12:30,58.993,
Plot Title: 5C1C,3180,6/6/26 12:45,59.164,
Plot Title: 5C1C,3181,6/6/26 13:00,60.024,
Plot Title: 5C1C,3182,6/6/26 13:15,60.712,
Plot Title: 5C1C,3183,6/6/26 13:30,62.083,
Plot Title: 5C1C,3184,6/6/26 13:45,61.398,
Plot Title: 5C1C,3185,6/6/26 14:00,61.398,
Plot Title: 5C1C,3186,6/6/26 14:15,62.94,
Plot Title: 5C1C,3187,6/6/26 14:30,64.481,
Plot Title: 5C1C,3188,6/6/26 14:45,64.31,
Plot Title: 5C1C,3189,6/6/26 15:00,63.111,
Plot Title: 5C1C,3190,6/6/26 15:15,62.254,
Plot Title: 5C1C,3191,6/6/26 15:30,61.569,
Plot Title: 5C1C,3192,6/6/26 15:45,62.598,
Plot Title: 5C1C,3193,6/6/26 16:00,62.769,
Plot Title: 5C1C,3194,6/6/26 16:15,62.083,
Plot Title: 5C1C,3195,6/6/26 16:30,62.94,
Plot Title: 5C1C,3196,6/6/26 16:45,63.282,
Plot Title: 5C1C,3197,6/6/26 17:00,62.769,
Plot Title: 5C1C,3198,6/6/26 17:15,62.769,
Plot Title: 5C1C,3199,6/6/26 17:30,62.254,
Plot Title: 5C1C,3200,6/6/26 17:45,61.569,
Plot Title: 5C1C,3201,6/6/26 18:00,61.054,
Plot Title: 5C1C,3202,6/6/26 18:15,59.851,
Plot Title: 5C1C,3203,6/6/26 18:30,58.82,
Plot Title: 5C1C,3204,6/6/26 18:45,58.647,
Plot Title: 5C1C,3205,6/6/26 19:00,57.958,
Plot Title: 5C1C,3206,6/6/26 19:15,57.096,
Plot Title: 5C1C,3207,6/6/26 19:30,56.577,
Plot Title: 5C1C,3208,6/6/26 19:45,56.057,
Plot Title: 5C1C,3209,6/6/26 20:00,55.537,
Plot Title: 5C1C,3210,6/6/26 20:15,54.495,
Plot Title: 5C1C,3211,6/6/26 20:30,53.798,
Plot Title: 5C1C,3212,6/6/26 20:45,53.274,
Plot Title: 5C1C,3213,6/6/26 21:00,52.925,
Plot Title: 5C1C,3214,6/6/26 21:15,52.225,
Plot Title: 5C1C,3215,6/6/26 21:30,51.523,
Plot Title: 5C1C,3216,6/6/26 21:45,50.995,
Plot Title: 5C1C,3217,6/6/26 22:00,50.466,
Plot Title: 5C1C,3218,6/6/26 22:15,49.937,
Plot Title: 5C1C,3219,6/6/26 22:30,49.759,
Plot Title: 5C1C,3220,6/6/26 22:45,49.404,
Plot Title: 5C1C,3221,6/6/26 23:00,49.228,
Plot Title: 5C1C,3222,6/6/26 23:15,49.228,
Plot Title: 5C1C,3223,6/6/26 23:30,49.404,
Plot Title: 5C1C,3224,6/6/26 23:45,49.404,
Plot Title: 5C1C,3225,6/7/26 00:00,49.228,
Plot Title: 5C1C,3226,6/7/26 00:15,49.05,
Plot Title: 5C1C,3227,6/7/26 00:30,48.871,
Plot Title: 5C1C,3228,6/7/26 00:45,48.517,
Plot Title: 5C1C,3229,6/7/26 01:00,48.339,
Plot Title: 5C1C,3230,6/7/26 01:15,47.982,
Plot Title: 5C1C,3231,6/7/26 01:30,47.802,
Plot Title: 5C1C,3232,6/7/26 01:45,47.446,
Plot Title: 5C1C,3233,6/7/26 02:00,47.446,
Plot Title: 5C1C,3234,6/7/26 02:15,47.266,
Plot Title: 5C1C,3235,6/7/26 02:30,47.088,
Plot Title: 5C1C,3236,6/7/26 02:45,47.088,
Plot Title: 5C1C,3237,6/7/26 03:00,46.908,
Plot Title: 5C1C,3238,6/7/26 03:15,46.728,
Plot Title: 5C1C,3239,6/7/26 03:30,46.728,
Plot Title: 5C1C,3240,6/7/26 03:45,46.908,
Plot Title: 5C1C,3241,6/7/26 04:00,47.088,
Plot Title: 5C1C,3242,6/7/26 04:15,47.088,
Plot Title: 5C1C,3243,6/7/26 04:30,47.088,
Plot Title: 5C1C,3244,6/7/26 04:45,46.908,
Plot Title: 5C1C,3245,6/7/26 05:00,46.908,
Plot Title: 5C1C,3246,6/7/26 05:15,47.088,
Plot Title: 5C1C,3247,6/7/26 05:30,46.728,
Plot Title: 5C1C,3248,6/7/26 05:45,46.548,
Plot Title: 5C1C,3249,6/7/26 06:00,46.369,
Plot Title: 5C1C,3250,6/7/26 06:15,46.369,
Plot Title: 5C1C,3251,6/7/26 06:30,46.548,
Plot Title: 5C1C,3252,6/7/26 06:45,46.728,
Plot Title: 5C1C,3253,6/7/26 07:00,46.728,
Plot Title: 5C1C,3254,6/7/26 07:15,46.908,
Plot Title: 5C1C,3255,6/7/26 07:30,46.908,
Plot Title: 5C1C,3256,6/7/26 07:45,46.728,
Plot Title: 5C1C,3257,6/7/26 08:00,46.548,
Plot Title: 5C1C,3258,6/7/26 08:15,46.369,
Plot Title: 5C1C,3259,6/7/26 08:30,46.188,
Plot Title: 5C1C,3260,6/7/26 08:45,46.188,
Plot Title: 5C1C,3261,6/7/26 09:00,47.088,
Plot Title: 5C1C,3262,6/7/26 09:15,48.16,
Plot Title: 5C1C,3263,6/7/26 09:30,49.228,
Plot Title: 5C1C,3264,6/7/26 09:45,49.759,
Plot Title: 5C1C,3265,6/7/26 10:00,49.937,
Plot Title: 5C1C,3266,6/7/26 10:15,50.29,
Plot Title: 5C1C,3267,6/7/26 10:30,50.995,
Plot Title: 5C1C,3268,6/7/26 10:45,51.346,
Plot Title: 5C1C,3269,6/7/26 11:00,51.346,
Plot Title: 5C1C,3270,6/7/26 11:15,51.523,
Plot Title: 5C1C,3271,6/7/26 11:30,52.05,
Plot Title: 5C1C,3272,6/7/26 11:45,57.785,
Plot Title: 5C1C,3273,6/7/26 12:00,64.139,
Plot Title: 5C1C,3274,6/7/26 12:15,67.05,
Plot Title: 5C1C,3275,6/7/26 12:30,67.221,
Plot Title: 5C1C,3276,6/7/26 12:45,66.708,
Plot Title: 5C1C,3277,6/7/26 13:00,67.221,
Plot Title: 5C1C,3278,6/7/26 13:15,68.421,
Plot Title: 5C1C,3279,6/7/26 13:30,67.906,
Plot Title: 5C1C,3280,6/7/26 13:45,67.221,
Plot Title: 5C1C,3281,6/7/26 14:00,64.996,
Plot Title: 5C1C,3282,6/7/26 14:15,62.425,
Plot Title: 5C1C,3283,6/7/26 14:30,60.539,
Plot Title: 5C1C,3284,6/7/26 14:45,58.993,
Plot Title: 5C1C,3285,6/7/26 15:00,56.923,
Plot Title: 5C1C,3286,6/7/26 15:15,55.884,
Plot Title: 5C1C,3287,6/7/26 15:30,54.669,
Plot Title: 5C1C,3288,6/7/26 15:45,53.798,
Plot Title: 5C1C,3289,6/7/26 16:00,53.449,
Plot Title: 5C1C,3290,6/7/26 16:15,52.75,
Plot Title: 5C1C,3291,6/7/26 16:30,51.874,
Plot Title: 5C1C,3292,6/7/26 16:45,50.995,
Plot Title: 5C1C,3293,6/7/26 17:00,50.643,
Plot Title: 5C1C,3294,6/7/26 17:15,50.466,
Plot Title: 5C1C,3295,6/7/26 17:30,50.113,
Plot Title: 5C1C,3296,6/7/26 17:45,50.819,
Plot Title: 5C1C,3297,6/7/26 18:00,52.401,
Plot Title: 5C1C,3298,6/7/26 18:15,51.172,
Plot Title: 5C1C,3299,6/7/26 18:30,50.466,
Plot Title: 5C1C,3300,6/7/26 18:45,49.937,
Plot Title: 5C1C,3301,6/7/26 19:00,49.404,
Plot Title: 5C1C,3302,6/7/26 19:15,49.05,
Plot Title: 5C1C,3303,6/7/26 19:30,48.517,
Plot Title: 5C1C,3304,6/7/26 19:45,47.802,
Plot Title: 5C1C,3305,6/7/26 20:00,47.266,
Plot Title: 5C1C,3306,6/7/26 20:15,46.908,
Plot Title: 5C1C,3307,6/7/26 20:30,46.548,
Plot Title: 5C1C,3308,6/7/26 20:45,46.188,
Plot Title: 5C1C,3309,6/7/26 21:00,46.008,
Plot Title: 5C1C,3310,6/7/26 21:15,45.648,
Plot Title: 5C1C,3311,6/7/26 21:30,45.286,
Plot Title: 5C1C,3312,6/7/26 21:45,44.922,
Plot Title: 5C1C,3313,6/7/26 22:00,44.379,
Plot Title: 5C1C,3314,6/7/26 22:15,44.013,
Plot Title: 5C1C,3315,6/7/26 22:30,43.282,
Plot Title: 5C1C,3316,6/7/26 22:45,42.548,
Plot Title: 5C1C,3317,6/7/26 23:00,42.179,
Plot Title: 5C1C,3318,6/7/26 23:15,41.81,
Plot Title: 5C1C,3319,6/7/26 23:30,41.439,
Plot Title: 5C1C,3320,6/7/26 23:45,40.881,
Plot Title: 5C1C,3321,6/8/26 00:00,40.696,
Plot Title: 5C1C,3322,6/8/26 00:15,40.321,
Plot Title: 5C1C,3323,6/8/26 00:30,40.134,
Plot Title: 5C1C,3324,6/8/26 00:45,39.947,
Plot Title: 5C1C,3325,6/8/26 01:00,39.76,
Plot Title: 5C1C,3326,6/8/26 01:15,39.573,
Plot Title: 5C1C,3327,6/8/26 01:30,39.384,
Plot Title: 5C1C,3328,6/8/26 01:45,39.007,
Plot Title: 5C1C,3329,6/8/26 02:00,39.007,
Plot Title: 5C1C,3330,6/8/26 02:15,38.818,
Plot Title: 5C1C,3331,6/8/26 02:30,38.44,
Plot Title: 5C1C,3332,6/8/26 02:45,38.061,
Plot Title: 5C1C,3333,6/8/26 03:00,37.87,
Plot Title: 5C1C,3334,6/8/26 03:15,37.679,
Plot Title: 5C1C,3335,6/8/26 03:30,37.679,
Plot Title: 5C1C,3336,6/8/26 03:45,37.679,
Plot Title: 5C1C,3337,6/8/26 04:00,37.87,
Plot Title: 5C1C,3338,6/8/26 04:15,37.87,
Plot Title: 5C1C,3339,6/8/26 04:30,37.87,
Plot Title: 5C1C,3340,6/8/26 04:45,37.87,
Plot Title: 5C1C,3341,6/8/26 05:00,37.87,
Plot Title: 5C1C,3342,6/8/26 05:15,38.061,
Plot Title: 5C1C,3343,6/8/26 05:30,37.87,
Plot Title: 5C1C,3344,6/8/26 05:45,37.87,
Plot Title: 5C1C,3345,6/8/26 06:00,37.87,
Plot Title: 5C1C,3346,6/8/26 06:15,38.061,
Plot Title: 5C1C,3347,6/8/26 06:30,38.061,
Plot Title: 5C1C,3348,6/8/26 06:45,38.25,
Plot Title: 5C1C,3349,6/8/26 07:00,38.629,
Plot Title: 5C1C,3350,6/8/26 07:15,39.007,
Plot Title: 5C1C,3351,6/8/26 07:30,39.196,
Plot Title: 5C1C,3352,6/8/26 07:45,39.384,
Plot Title: 5C1C,3353,6/8/26 08:00,39.196,
Plot Title: 5C1C,3354,6/8/26 08:15,39.007,
Plot Title: 5C1C,3355,6/8/26 08:30,39.007,
Plot Title: 5C1C,3356,6/8/26 08:45,39.007,
Plot Title: 5C1C,3357,6/8/26 09:00,39.76,
Plot Title: 5C1C,3358,6/8/26 09:15,39.947,
Plot Title: 5C1C,3359,6/8/26 09:30,40.509,
Plot Title: 5C1C,3360,6/8/26 09:45,40.881,
Plot Title: 5C1C,3361,6/8/26 10:00,41.067,
Plot Title: 5C1C,3362,6/8/26 10:15,41.439,
Plot Title: 5C1C,3363,6/8/26 10:30,42.179,
Plot Title: 5C1C,3364,6/8/26 10:45,43.282,
Plot Title: 5C1C,3365,6/8/26 11:00,43.831,
Plot Title: 5C1C,3366,6/8/26 11:15,43.831,
Plot Title: 5C1C,3367,6/8/26 11:30,44.013,
Plot Title: 5C1C,3368,6/8/26 11:45,50.466,
Plot Title: 5C1C,3369,6/8/26 12:00,59.851,
Plot Title: 5C1C,3370,6/8/26 12:15,64.996,
Plot Title: 5C1C,3371,6/8/26 12:30,67.05,
Plot Title: 5C1C,3372,6/8/26 12:45,67.564,
Plot Title: 5C1C,3373,6/8/26 13:00,69.449,
Plot Title: 5C1C,3374,6/8/26 13:15,70.137,
Plot Title: 5C1C,3375,6/8/26 13:30,70.824,
Plot Title: 5C1C,3376,6/8/26 13:45,70.824,
Plot Title: 5C1C,3377,6/8/26 14:00,70.824,
Plot Title: 5C1C,3378,6/8/26 14:15,70.651,
Plot Title: 5C1C,3379,6/8/26 14:30,70.824,
Plot Title: 5C1C,3380,6/8/26 14:45,70.308,
Plot Title: 5C1C,3381,6/8/26 15:00,70.651,
Plot Title: 5C1C,3382,6/8/26 15:15,71.512,
Plot Title: 5C1C,3383,6/8/26 15:30,70.824,
Plot Title: 5C1C,3384,6/8/26 15:45,68.421,
Plot Title: 5C1C,3385,6/8/26 16:00,66.366,
Plot Title: 5C1C,3386,6/8/26 16:15,65.167,
Plot Title: 5C1C,3387,6/8/26 16:30,63.797,
Plot Title: 5C1C,3388,6/8/26 16:45,62.769,
Plot Title: 5C1C,3389,6/8/26 17:00,61.741,
Plot Title: 5C1C,3390,6/8/26 17:15,61.398,
Plot Title: 5C1C,3391,6/8/26 17:30,60.539,
Plot Title: 5C1C,3392,6/8/26 17:45,59.68,
Plot Title: 5C1C,3393,6/8/26 18:00,58.647,
Plot Title: 5C1C,3394,6/8/26 18:15,57.958,
Plot Title: 5C1C,3395,6/8/26 18:30,57.268,
Plot Title: 5C1C,3396,6/8/26 18:45,56.577,
Plot Title: 5C1C,3397,6/8/26 19:00,56.057,
Plot Title: 5C1C,3398,6/8/26 19:15,55.537,
Plot Title: 5C1C,3399,6/8/26 19:30,55.364,
Plot Title: 5C1C,3400,6/8/26 19:45,55.189,
Plot Title: 5C1C,3401,6/8/26 20:00,54.322,
Plot Title: 5C1C,3402,6/8/26 20:15,53.623,
Plot Title: 5C1C,3403,6/8/26 20:30,53.274,
Plot Title: 5C1C,3404,6/8/26 20:45,52.925,
Plot Title: 5C1C,3405,6/8/26 21:00,52.576,
Plot Title: 5C1C,3406,6/8/26 21:15,52.401,
Plot Title: 5C1C,3407,6/8/26 21:30,52.05,
Plot Title: 5C1C,3408,6/8/26 21:45,51.874,
Plot Title: 5C1C,3409,6/8/26 22:00,51.523,
Plot Title: 5C1C,3410,6/8/26 22:15,51.346,
Plot Title: 5C1C,3411,6/8/26 22:30,51.172,
Plot Title: 5C1C,3412,6/8/26 22:45,51.172,
Plot Title: 5C1C,3413,6/8/26 23:00,50.995,
Plot Title: 5C1C,3414,6/8/26 23:15,50.995,
Plot Title: 5C1C,3415,6/8/26 23:30,50.995,
Plot Title: 5C1C,3416,6/8/26 23:45,50.819,
Plot Title: 5C1C,3417,6/9/26 00:00,50.819,
Plot Title: 5C1C,3418,6/9/26 00:15,50.643,
Plot Title: 5C1C,3419,6/9/26 00:30,50.466,
Plot Title: 5C1C,3420,6/9/26 00:45,50.466,
Plot Title: 5C1C,3421,6/9/26 01:00,50.29,
Plot Title: 5C1C,3422,6/9/26 01:15,50.29,
Plot Title: 5C1C,3423,6/9/26 01:30,50.29,
Plot Title: 5C1C,3424,6/9/26 01:45,50.113,
Plot Title: 5C1C,3425,6/9/26 02:00,49.759,
Plot Title: 5C1C,3426,6/9/26 02:15,49.582,
Plot Title: 5C1C,3427,6/9/26 02:30,49.404,
Plot Title: 5C1C,3428,6/9/26 02:45,49.404,
Plot Title: 5C1C,3429,6/9/26 03:00,49.582,
Plot Title: 5C1C,3430,6/9/26 03:15,49.404,
Plot Title: 5C1C,3431,6/9/26 03:30,49.404,
Plot Title: 5C1C,3432,6/9/26 03:45,49.228,
Plot Title: 5C1C,3433,6/9/26 04:00,49.05,
Plot Title: 5C1C,3434,6/9/26 04:15,49.05,
Plot Title: 5C1C,3435,6/9/26 04:30,48.871,
Plot Title: 5C1C,3436,6/9/26 04:45,48.695,
Plot Title: 5C1C,3437,6/9/26 05:00,48.517,
Plot Title: 5C1C,3438,6/9/26 05:15,48.339,
Plot Title: 5C1C,3439,6/9/26 05:30,47.982,
Plot Title: 5C1C,3440,6/9/26 05:45,47.624,
Plot Title: 5C1C,3441,6/9/26 06:00,47.088,
Plot Title: 5C1C,3442,6/9/26 06:15,46.728,
Plot Title: 5C1C,3443,6/9/26 06:30,46.369,
Plot Title: 5C1C,3444,6/9/26 06:45,46.188,
Plot Title: 5C1C,3445,6/9/26 07:00,46.008,
Plot Title: 5C1C,3446,6/9/26 07:15,46.008,
Plot Title: 5C1C,3447,6/9/26 07:30,46.188,
Plot Title: 5C1C,3448,6/9/26 07:45,46.369,
Plot Title: 5C1C,3449,6/9/26 08:00,46.369,
Plot Title: 5C1C,3450,6/9/26 08:15,46.728,
Plot Title: 5C1C,3451,6/9/26 08:30,47.624,
Plot Title: 5C1C,3452,6/9/26 08:45,47.982,
Plot Title: 5C1C,3453,6/9/26 09:00,48.517,
Plot Title: 5C1C,3454,6/9/26 09:15,48.871,
Plot Title: 5C1C,3455,6/9/26 09:30,49.404,
Plot Title: 5C1C,3456,6/9/26 09:45,49.404,
Plot Title: 5C1C,3457,6/9/26 10:00,49.937,
Plot Title: 5C1C,3458,6/9/26 10:15,50.113,
Plot Title: 5C1C,3459,6/9/26 10:30,50.819,
Plot Title: 5C1C,3460,6/9/26 10:45,51.699,
Plot Title: 5C1C,3461,6/9/26 11:00,52.05,
Plot Title: 5C1C,3462,6/9/26 11:15,52.05,
Plot Title: 5C1C,3463,6/9/26 11:30,52.925,
Plot Title: 5C1C,3464,6/9/26 11:45,52.576,
Plot Title: 5C1C,3465,6/9/26 12:00,52.576,
Plot Title: 5C1C,3466,6/9/26 12:15,50.819,
Plot Title: 5C1C,3467,6/9/26 12:30,47.982,
Plot Title: 5C1C,3468,6/9/26 12:45,53.798,
Plot Title: 5C1C,3469,6/9/26 13:00,52.925,
Plot Title: 5C1C,3470,6/9/26 13:15,51.346,
Plot Title: 5C1C,3471,6/9/26 13:30,50.113,
Plot Title: 5C1C,3472,6/9/26 13:45,48.517,
Plot Title: 5C1C,3473,6/9/26 14:00,47.446,
Plot Title: 5C1C,3474,6/9/26 14:15,47.088,
Plot Title: 5C1C,3475,6/9/26 14:30,46.369,
Plot Title: 5C1C,3476,6/9/26 14:45,45.828,
Plot Title: 5C1C,3477,6/9/26 15:00,45.466,
Plot Title: 5C1C,3478,6/9/26 15:15,45.104,
Plot Title: 5C1C,3479,6/9/26 15:30,45.104,
Plot Title: 5C1C,3480,6/9/26 15:45,44.742,
Plot Title: 5C1C,3481,6/9/26 16:00,44.742,
Plot Title: 5C1C,3482,6/9/26 16:15,44.922,
Plot Title: 5C1C,3483,6/9/26 16:30,45.104,
Plot Title: 5C1C,3484,6/9/26 16:45,44.922,
Plot Title: 5C1C,3485,6/9/26 17:00,46.008,
Plot Title: 5C1C,3486,6/9/26 17:15,46.908,
Plot Title: 5C1C,3487,6/9/26 17:30,47.802,
Plot Title: 5C1C,3488,6/9/26 17:45,47.266,
Plot Title: 5C1C,3489,6/9/26 18:00,44.013,
Plot Title: 5C1C,3490,6/9/26 18:15,43.099,
Plot Title: 5C1C,3491,6/9/26 18:30,43.466,
Plot Title: 5C1C,3492,6/9/26 18:45,43.466,
Plot Title: 5C1C,3493,6/9/26 19:00,43.831,
Plot Title: 5C1C,3494,6/9/26 19:15,44.195,
Plot Title: 5C1C,3495,6/9/26 19:30,44.013,
Plot Title: 5C1C,3496,6/9/26 19:45,44.013,
Plot Title: 5C1C,3497,6/9/26 20:00,44.013,
Plot Title: 5C1C,3498,6/9/26 20:15,44.013,
Plot Title: 5C1C,3499,6/9/26 20:30,43.831,
Plot Title: 5C1C,3500,6/9/26 20:45,43.648,
Plot Title: 5C1C,3501,6/9/26 21:00,43.466,
Plot Title: 5C1C,3502,6/9/26 21:15,42.548,
Plot Title: 5C1C,3503,6/9/26 21:30,41.994,
Plot Title: 5C1C,3504,6/9/26 21:45,41.81,
Plot Title: 5C1C,3505,6/9/26 22:00,41.625,
Plot Title: 5C1C,3506,6/9/26 22:15,41.067,
Plot Title: 5C1C,3507,6/9/26 22:30,41.067,
Plot Title: 5C1C,3508,6/9/26 22:45,41.067,
Plot Title: 5C1C,3509,6/9/26 23:00,40.881,
Plot Title: 5C1C,3510,6/9/26 23:15,40.696,
Plot Title: 5C1C,3511,6/9/26 23:30,40.134,
Plot Title: 5C1C,3512,6/9/26 23:45,39.76,
Plot Title: 5C1C,3513,6/10/26 00:00,39.196,
Plot Title: 5C1C,3514,6/10/26 00:15,38.818,
Plot Title: 5C1C,3515,6/10/26 00:30,38.629,
Plot Title: 5C1C,3516,6/10/26 00:45,38.629,
Plot Title: 5C1C,3517,6/10/26 01:00,38.818,
Plot Title: 5C1C,3518,6/10/26 01:15,38.818,
Plot Title: 5C1C,3519,6/10/26 01:30,38.818,
Plot Title: 5C1C,3520,6/10/26 01:45,38.629,
Plot Title: 5C1C,3521,6/10/26 02:00,38.818,
Plot Title: 5C1C,3522,6/10/26 02:15,38.629,
Plot Title: 5C1C,3523,6/10/26 02:30,38.818,
Plot Title: 5C1C,3524,6/10/26 02:45,38.818,
Plot Title: 5C1C,3525,6/10/26 03:00,39.007,
Plot Title: 5C1C,3526,6/10/26 03:15,38.818,
Plot Title: 5C1C,3527,6/10/26 03:30,39.007,
Plot Title: 5C1C,3528,6/10/26 03:45,39.007,
Plot Title: 5C1C,3529,6/10/26 04:00,39.007,
Plot Title: 5C1C,3530,6/10/26 04:15,38.818,
Plot Title: 5C1C,3531,6/10/26 04:30,38.818,
Plot Title: 5C1C,3532,6/10/26 04:45,38.818,
Plot Title: 5C1C,3533,6/10/26 05:00,38.818,
Plot Title: 5C1C,3534,6/10/26 05:15,38.629,
Plot Title: 5C1C,3535,6/10/26 05:30,38.44,
Plot Title: 5C1C,3536,6/10/26 05:45,38.25,
Plot Title: 5C1C,3537,6/10/26 06:00,38.25,
Plot Title: 5C1C,3538,6/10/26 06:15,38.44,
Plot Title: 5C1C,3539,6/10/26 06:30,38.44,
Plot Title: 5C1C,3540,6/10/26 06:45,38.818,
Plot Title: 5C1C,3541,6/10/26 07:00,39.007,
Plot Title: 5C1C,3542,6/10/26 07:15,39.196,
Plot Title: 5C1C,3543,6/10/26 07:30,39.196,
Plot Title: 5C1C,3544,6/10/26 07:45,39.007,
Plot Title: 5C1C,3545,6/10/26 08:00,38.818,
Plot Title: 5C1C,3546,6/10/26 08:15,38.818,
Plot Title: 5C1C,3547,6/10/26 08:30,39.573,
Plot Title: 5C1C,3548,6/10/26 08:45,40.696,
Plot Title: 5C1C,3549,6/10/26 09:00,41.067,
Plot Title: 5C1C,3550,6/10/26 09:15,41.439,
Plot Title: 5C1C,3551,6/10/26 09:30,41.625,
Plot Title: 5C1C,3552,6/10/26 09:45,41.994,
Plot Title: 5C1C,3553,6/10/26 10:00,42.179,
Plot Title: 5C1C,3554,6/10/26 10:15,42.548,
Plot Title: 5C1C,3555,6/10/26 10:30,42.548,
Plot Title: 5C1C,3556,6/10/26 10:45,42.548,
Plot Title: 5C1C,3557,6/10/26 11:00,43.099,
Plot Title: 5C1C,3558,6/10/26 11:15,44.379,
Plot Title: 5C1C,3559,6/10/26 11:30,44.742,
Plot Title: 5C1C,3560,6/10/26 11:45,44.922,
Plot Title: 5C1C,3561,6/10/26 12:00,46.369,
Plot Title: 5C1C,3562,6/10/26 12:15,53.1,
Plot Title: 5C1C,3563,6/10/26 12:30,50.643,
Plot Title: 5C1C,3564,6/10/26 12:45,49.228,
Plot Title: 5C1C,3565,6/10/26 13:00,47.088,
Plot Title: 5C1C,3566,6/10/26 13:15,47.802,
Plot Title: 5C1C,3567,6/10/26 13:30,49.582,
Plot Title: 5C1C,3568,6/10/26 13:45,46.908,
Plot Title: 5C1C,3569,6/10/26 14:00,45.104,
Plot Title: 5C1C,3570,6/10/26 14:15,46.008,
Plot Title: 5C1C,3571,6/10/26 14:30,45.828,
Plot Title: 5C1C,3572,6/10/26 14:45,46.728,
Plot Title: 5C1C,3573,6/10/26 15:00,45.648,
Plot Title: 5C1C,3574,6/10/26 15:15,45.104,
Plot Title: 5C1C,3575,6/10/26 15:30,46.188,
Plot Title: 5C1C,3576,6/10/26 15:45,45.648,
Plot Title: 5C1C,3577,6/10/26 16:00,48.339,
Plot Title: 5C1C,3578,6/10/26 16:15,50.29,
Plot Title: 5C1C,3579,6/10/26 16:30,54.322,
Plot Title: 5C1C,3580,6/10/26 16:45,52.225,
Plot Title: 5C1C,3581,6/10/26 17:00,49.582,
Plot Title: 5C1C,3582,6/10/26 17:15,49.937,
Plot Title: 5C1C,3583,6/10/26 17:30,50.643,
Plot Title: 5C1C,3584,6/10/26 17:45,50.643,
Plot Title: 5C1C,3585,6/10/26 18:00,50.113,
Plot Title: 5C1C,3586,6/10/26 18:15,48.695,
Plot Title: 5C1C,3587,6/10/26 18:30,47.266,
Plot Title: 5C1C,3588,6/10/26 18:45,46.188,
Plot Title: 5C1C,3589,6/10/26 19:00,45.466,
Plot Title: 5C1C,3590,6/10/26 19:15,44.742,
Plot Title: 5C1C,3591,6/10/26 19:30,44.195,
Plot Title: 5C1C,3592,6/10/26 19:45,42.548,
Plot Title: 5C1C,3593,6/10/26 20:00,39.76,
Plot Title: 5C1C,3594,6/10/26 20:15,39.007,
Plot Title: 5C1C,3595,6/10/26 20:30,39.007,
Plot Title: 5C1C,3596,6/10/26 20:45,39.007,
Plot Title: 5C1C,3597,6/10/26 21:00,39.196,
Plot Title: 5C1C,3598,6/10/26 21:15,38.818,
Plot Title: 5C1C,3599,6/10/26 21:30,38.44,
Plot Title: 5C1C,3600,6/10/26 21:45,37.488,
Plot Title: 5C1C,3601,6/10/26 22:00,37.107,
Plot Title: 5C1C,3602,6/10/26 22:15,37.107,
Plot Title: 5C1C,3603,6/10/26 22:30,37.297,
Plot Title: 5C1C,3604,6/10/26 22:45,37.679,
Plot Title: 5C1C,3605,6/10/26 23:00,37.679,
Plot Title: 5C1C,3606,6/10/26 23:15,37.87,
Plot Title: 5C1C,3607,6/10/26 23:30,37.87,
Plot Title: 5C1C,3608,6/10/26 23:45,37.87,
Plot Title: 5C1C,3609,6/11/26 00:00,37.87,
Plot Title: 5C1C,3610,6/11/26 00:15,37.679,
Plot Title: 5C1C,3611,6/11/26 00:30,37.679,
Plot Title: 5C1C,3612,6/11/26 00:45,37.679,
Plot Title: 5C1C,3613,6/11/26 01:00,37.679,
Plot Title: 5C1C,3614,6/11/26 01:15,37.679,
Plot Title: 5C1C,3615,6/11/26 01:30,37.679,
Plot Title: 5C1C,3616,6/11/26 01:45,37.679,
Plot Title: 5C1C,3617,6/11/26 02:00,37.679,
Plot Title: 5C1C,3618,6/11/26 02:15,37.679,
Plot Title: 5C1C,3619,6/11/26 02:30,37.679,
Plot Title: 5C1C,3620,6/11/26 02:45,37.679,
Plot Title: 5C1C,3621,6/11/26 03:00,37.679,
Plot Title: 5C1C,3622,6/11/26 03:15,37.679,
Plot Title: 5C1C,3623,6/11/26 03:30,37.679,
Plot Title: 5C1C,3624,6/11/26 03:45,37.679,
Plot Title: 5C1C,3625,6/11/26 04:00,37.679,
Plot Title: 5C1C,3626,6/11/26 04:15,37.679,
Plot Title: 5C1C,3627,6/11/26 04:30,37.679,
Plot Title: 5C1C,3628,6/11/26 04:45,37.679,
Plot Title: 5C1C,3629,6/11/26 05:00,37.679,
Plot Title: 5C1C,3630,6/11/26 05:15,37.679,
Plot Title: 5C1C,3631,6/11/26 05:30,37.679,
Plot Title: 5C1C,3632,6/11/26 05:45,37.679,
Plot Title: 5C1C,3633,6/11/26 06:00,37.679,
Plot Title: 5C1C,3634,6/11/26 06:15,37.488,
Plot Title: 5C1C,3635,6/11/26 06:30,37.679,
Plot Title: 5C1C,3636,6/11/26 06:45,37.679,
Plot Title: 5C1C,3637,6/11/26 07:00,37.679,
Plot Title: 5C1C,3638,6/11/26 07:15,37.679,
Plot Title: 5C1C,3639,6/11/26 07:30,37.87,
Plot Title: 5C1C,3640,6/11/26 07:45,37.87,
Plot Title: 5C1C,3641,6/11/26 08:00,38.061,
Plot Title: 5C1C,3642,6/11/26 08:15,38.061,
Plot Title: 5C1C,3643,6/11/26 08:30,38.061,
Plot Title: 5C1C,3644,6/11/26 08:45,38.061,
Plot Title: 5C1C,3645,6/11/26 09:00,38.44,
Plot Title: 5C1C,3646,6/11/26 09:15,38.629,
Plot Title: 5C1C,3647,6/11/26 09:30,38.818,
Plot Title: 5C1C,3648,6/11/26 09:45,39.573,
Plot Title: 5C1C,3649,6/11/26 10:00,40.696,
Plot Title: 5C1C,3650,6/11/26 10:15,41.439,
Plot Title: 5C1C,3651,6/11/26 10:30,42.548,
Plot Title: 5C1C,3652,6/11/26 10:45,43.648,
Plot Title: 5C1C,3653,6/11/26 11:00,44.195,
Plot Title: 5C1C,3654,6/11/26 11:15,45.104,
Plot Title: 5C1C,3655,6/11/26 11:30,46.008,
Plot Title: 5C1C,3656,6/11/26 11:45,47.446,
Plot Title: 5C1C,3657,6/11/26 12:00,48.871,
Plot Title: 5C1C,3658,6/11/26 12:15,51.523,
Plot Title: 5C1C,3659,6/11/26 12:30,53.798,
Plot Title: 5C1C,3660,6/11/26 12:45,54.842,
Plot Title: 5C1C,3661,6/11/26 13:00,56.23,
Plot Title: 5C1C,3662,6/11/26 13:15,57.614,
Plot Title: 5C1C,3663,6/11/26 13:30,58.993,
Plot Title: 5C1C,3664,6/11/26 13:45,60.539,
Plot Title: 5C1C,3665,6/11/26 14:00,62.598,
Plot Title: 5C1C,3666,6/11/26 14:15,64.652,
Plot Title: 5C1C,3667,6/11/26 14:30,65.509,
Plot Title: 5C1C,3668,6/11/26 14:45,65.338,
Plot Title: 5C1C,3669,6/11/26 15:00,64.996,
Plot Title: 5C1C,3670,6/11/26 15:15,64.481,
Plot Title: 5C1C,3671,6/11/26 15:30,64.139,
Plot Title: 5C1C,3672,6/11/26 15:45,63.282,
Plot Title: 5C1C,3673,6/11/26 16:00,62.94,
Plot Title: 5C1C,3674,6/11/26 16:15,62.94,
Plot Title: 5C1C,3675,6/11/26 16:30,63.111,
Plot Title: 5C1C,3676,6/11/26 16:45,62.425,
Plot Title: 5C1C,3677,6/11/26 17:00,60.712,
Plot Title: 5C1C,3678,6/11/26 17:15,60.195,
Plot Title: 5C1C,3679,6/11/26 17:30,60.712,
Plot Title: 5C1C,3680,6/11/26 17:45,60.024,
Plot Title: 5C1C,3681,6/11/26 18:00,58.476,
Plot Title: 5C1C,3682,6/11/26 18:15,56.923,
Plot Title: 5C1C,3683,6/11/26 18:30,55.537,
Plot Title: 5C1C,3684,6/11/26 18:45,54.669,
Plot Title: 5C1C,3685,6/11/26 19:00,53.798,
Plot Title: 5C1C,3686,6/11/26 19:15,53.1,
Plot Title: 5C1C,3687,6/11/26 19:30,52.576,
Plot Title: 5C1C,3688,6/11/26 19:45,52.05,
Plot Title: 5C1C,3689,6/11/26 20:00,51.523,
Plot Title: 5C1C,3690,6/11/26 20:15,50.995,
Plot Title: 5C1C,3691,6/11/26 20:30,50.466,
Plot Title: 5C1C,3692,6/11/26 20:45,49.759,
Plot Title: 5C1C,3693,6/11/26 21:00,48.871,
Plot Title: 5C1C,3694,6/11/26 21:15,48.16,
Plot Title: 5C1C,3695,6/11/26 21:30,47.624,
Plot Title: 5C1C,3696,6/11/26 21:45,46.908,
Plot Title: 5C1C,3697,6/11/26 22:00,46.548,
Plot Title: 5C1C,3698,6/11/26 22:15,46.188,
Plot Title: 5C1C,3699,6/11/26 22:30,45.828,
Plot Title: 5C1C,3700,6/11/26 22:45,45.648,
Plot Title: 5C1C,3701,6/11/26 23:00,45.286,
Plot Title: 5C1C,3702,6/11/26 23:15,45.104,
Plot Title: 5C1C,3703,6/11/26 23:30,44.742,
Plot Title: 5C1C,3704,6/11/26 23:45,44.379,
Plot Title: 5C1C,3705,6/12/26 00:00,44.195,
Plot Title: 5C1C,3706,6/12/26 00:15,44.013,
Plot Title: 5C1C,3707,6/12/26 00:30,43.831,
Plot Title: 5C1C,3708,6/12/26 00:45,43.466,
Plot Title: 5C1C,3709,6/12/26 01:00,43.282,
Plot Title: 5C1C,3710,6/12/26 01:15,43.099,
Plot Title: 5C1C,3711,6/12/26 01:30,42.915,
Plot Title: 5C1C,3712,6/12/26 01:45,42.732,
Plot Title: 5C1C,3713,6/12/26 02:00,42.732,
Plot Title: 5C1C,3714,6/12/26 02:15,42.363,
Plot Title: 5C1C,3715,6/12/26 02:30,42.363,
Plot Title: 5C1C,3716,6/12/26 02:45,41.994,
Plot Title: 5C1C,3717,6/12/26 03:00,41.994,
Plot Title: 5C1C,3718,6/12/26 03:15,41.81,
Plot Title: 5C1C,3719,6/12/26 03:30,41.625,
Plot Title: 5C1C,3720,6/12/26 03:45,41.439,
Plot Title: 5C1C,3721,6/12/26 04:00,41.254,
Plot Title: 5C1C,3722,6/12/26 04:15,41.067,
Plot Title: 5C1C,3723,6/12/26 04:30,40.881,
Plot Title: 5C1C,3724,6/12/26 04:45,40.696,
Plot Title: 5C1C,3725,6/12/26 05:00,40.509,
Plot Title: 5C1C,3726,6/12/26 05:15,40.509,
Plot Title: 5C1C,3727,6/12/26 05:30,40.321,
Plot Title: 5C1C,3728,6/12/26 05:45,40.321,
Plot Title: 5C1C,3729,6/12/26 06:00,40.134,
Plot Title: 5C1C,3730,6/12/26 06:15,40.134,
Plot Title: 5C1C,3731,6/12/26 06:30,40.134,
Plot Title: 5C1C,3732,6/12/26 06:45,40.134,
Plot Title: 5C1C,3733,6/12/26 07:00,40.134,
Plot Title: 5C1C,3734,6/12/26 07:15,40.134,
Plot Title: 5C1C,3735,6/12/26 07:30,40.134,
Plot Title: 5C1C,3736,6/12/26 07:45,40.134,
Plot Title: 5C1C,3737,6/12/26 08:00,40.321,
Plot Title: 5C1C,3738,6/12/26 08:15,40.509,
Plot Title: 5C1C,3739,6/12/26 08:30,40.696,
Plot Title: 5C1C,3740,6/12/26 08:45,41.067,
Plot Title: 5C1C,3741,6/12/26 09:00,41.81,
Plot Title: 5C1C,3742,6/12/26 09:15,42.179,
Plot Title: 5C1C,3743,6/12/26 09:30,42.548,
Plot Title: 5C1C,3744,6/12/26 09:45,42.915,
Plot Title: 5C1C,3745,6/12/26 10:00,43.282,
Plot Title: 5C1C,3746,6/12/26 10:15,43.466,
Plot Title: 5C1C,3747,6/12/26 10:30,43.648,
Plot Title: 5C1C,3748,6/12/26 10:45,43.831,
Plot Title: 5C1C,3749,6/12/26 11:00,44.195,
Plot Title: 5C1C,3750,6/12/26 11:15,44.56,
Plot Title: 5C1C,3751,6/12/26 11:30,45.104,
Plot Title: 5C1C,3752,6/12/26 11:45,50.466,
Plot Title: 5C1C,3753,6/12/26 12:00,62.254,
Plot Title: 5C1C,3754,6/12/26 12:15,61.569,
Plot Title: 5C1C,3755,6/12/26 12:30,61.054,
Plot Title: 5C1C,3756,6/12/26 12:45,61.741,
Plot Title: 5C1C,3757,6/12/26 13:00,62.769,
Plot Title: 5C1C,3758,6/12/26 13:15,61.912,
Plot Title: 5C1C,3759,6/12/26 13:30,61.054,
Plot Title: 5C1C,3760,6/12/26 13:45,60.368,
Plot Title: 5C1C,3761,6/12/26 14:00,59.851,
Plot Title: 5C1C,3762,6/12/26 14:15,60.368,
Plot Title: 5C1C,3763,6/12/26 14:30,60.195,
Plot Title: 5C1C,3764,6/12/26 14:45,61.054,
Plot Title: 5C1C,3765,6/12/26 15:00,60.368,
Plot Title: 5C1C,3766,6/12/26 15:15,61.398,
Plot Title: 5C1C,3767,6/12/26 15:30,61.569,
Plot Title: 5C1C,3768,6/12/26 15:45,61.227,
Plot Title: 5C1C,3769,6/12/26 16:00,61.912,
Plot Title: 5C1C,3770,6/12/26 16:15,61.227,
Plot Title: 5C1C,3771,6/12/26 16:30,60.368,
Plot Title: 5C1C,3772,6/12/26 16:45,60.368,
Plot Title: 5C1C,3773,6/12/26 17:00,61.741,
Plot Title: 5C1C,3774,6/12/26 17:15,63.111,
Plot Title: 5C1C,3775,6/12/26 17:30,63.282,
Plot Title: 5C1C,3776,6/12/26 17:45,62.425,
Plot Title: 5C1C,3777,6/12/26 18:00,60.883,
Plot Title: 5C1C,3778,6/12/26 18:15,58.647,
Plot Title: 5C1C,3779,6/12/26 18:30,56.923,
Plot Title: 5C1C,3780,6/12/26 18:45,55.884,
Plot Title: 5C1C,3781,6/12/26 19:00,54.842,
Plot Title: 5C1C,3782,6/12/26 19:15,53.973,
Plot Title: 5C1C,3783,6/12/26 19:30,53.274,
Plot Title: 5C1C,3784,6/12/26 19:45,52.576,
Plot Title: 5C1C,3785,6/12/26 20:00,52.05,
Plot Title: 5C1C,3786,6/12/26 20:15,51.523,
Plot Title: 5C1C,3787,6/12/26 20:30,51.172,
Plot Title: 5C1C,3788,6/12/26 20:45,50.995,
Plot Title: 5C1C,3789,6/12/26 21:00,50.466,
Plot Title: 5C1C,3790,6/12/26 21:15,50.113,
Plot Title: 5C1C,3791,6/12/26 21:30,49.937,
Plot Title: 5C1C,3792,6/12/26 21:45,49.582,
Plot Title: 5C1C,3793,6/12/26 22:00,49.228,
Plot Title: 5C1C,3794,6/12/26 22:15,49.05,
Plot Title: 5C1C,3795,6/12/26 22:30,48.695,
Plot Title: 5C1C,3796,6/12/26 22:45,48.339,
Plot Title: 5C1C,3797,6/12/26 23:00,47.982,
Plot Title: 5C1C,3798,6/12/26 23:15,47.624,
Plot Title: 5C1C,3799,6/12/26 23:30,47.446,
Plot Title: 5C1C,3800,6/12/26 23:45,47.266,
Plot Title: 5C1C,3801,6/13/26 00:00,47.088,
Plot Title: 5C1C,3802,6/13/26 00:15,46.908,
Plot Title: 5C1C,3803,6/13/26 00:30,46.728,
Plot Title: 5C1C,3804,6/13/26 00:45,46.548,
Plot Title: 5C1C,3805,6/13/26 01:00,46.369,
Plot Title: 5C1C,3806,6/13/26 01:15,46.188,
Plot Title: 5C1C,3807,6/13/26 01:30,46.008,
Plot Title: 5C1C,3808,6/13/26 01:45,45.828,
Plot Title: 5C1C,3809,6/13/26 02:00,45.466,
Plot Title: 5C1C,3810,6/13/26 02:15,44.742,
Plot Title: 5C1C,3811,6/13/26 02:30,44.56,
Plot Title: 5C1C,3812,6/13/26 02:45,44.56,
Plot Title: 5C1C,3813,6/13/26 03:00,44.56,
Plot Title: 5C1C,3814,6/13/26 03:15,44.379,
Plot Title: 5C1C,3815,6/13/26 03:30,44.379,
Plot Title: 5C1C,3816,6/13/26 03:45,44.195,
Plot Title: 5C1C,3817,6/13/26 04:00,44.195,
Plot Title: 5C1C,3818,6/13/26 04:15,44.013,
Plot Title: 5C1C,3819,6/13/26 04:30,43.831,
Plot Title: 5C1C,3820,6/13/26 04:45,43.648,
Plot Title: 5C1C,3821,6/13/26 05:00,43.466,
Plot Title: 5C1C,3822,6/13/26 05:15,43.466,
Plot Title: 5C1C,3823,6/13/26 05:30,43.282,
Plot Title: 5C1C,3824,6/13/26 05:45,43.282,
Plot Title: 5C1C,3825,6/13/26 06:00,43.099,
Plot Title: 5C1C,3826,6/13/26 06:15,42.915,
Plot Title: 5C1C,3827,6/13/26 06:30,42.915,
Plot Title: 5C1C,3828,6/13/26 06:45,42.915,
Plot Title: 5C1C,3829,6/13/26 07:00,43.099,
Plot Title: 5C1C,3830,6/13/26 07:15,43.282,
Plot Title: 5C1C,3831,6/13/26 07:30,43.282,
Plot Title: 5C1C,3832,6/13/26 07:45,43.466,
Plot Title: 5C1C,3833,6/13/26 08:00,43.466,
Plot Title: 5C1C,3834,6/13/26 08:15,43.831,
Plot Title: 5C1C,3835,6/13/26 08:30,43.831,
Plot Title: 5C1C,3836,6/13/26 08:45,43.831,
Plot Title: 5C1C,3837,6/13/26 09:00,43.831,
Plot Title: 5C1C,3838,6/13/26 09:15,44.013,
Plot Title: 5C1C,3839,6/13/26 09:30,44.013,
Plot Title: 5C1C,3840,6/13/26 09:45,44.379,
Plot Title: 5C1C,3841,6/13/26 10:00,44.379,
Plot Title: 5C1C,3842,6/13/26 10:15,44.195,
Plot Title: 5C1C,3843,6/13/26 10:30,44.379,
Plot Title: 5C1C,3844,6/13/26 10:45,45.648,
Plot Title: 5C1C,3845,6/13/26 11:00,46.188,
Plot Title: 5C1C,3846,6/13/26 11:15,47.802,
Plot Title: 5C1C,3847,6/13/26 11:30,48.517,
Plot Title: 5C1C,3848,6/13/26 11:45,49.404,
Plot Title: 5C1C,3849,6/13/26 12:00,49.937,
Plot Title: 5C1C,3850,6/13/26 12:15,50.643,
Plot Title: 5C1C,3851,6/13/26 12:30,52.925,
Plot Title: 5C1C,3852,6/13/26 12:45,55.364,
Plot Title: 5C1C,3853,6/13/26 13:00,55.017,
Plot Title: 5C1C,3854,6/13/26 13:15,56.057,
Plot Title: 5C1C,3855,6/13/26 13:30,55.537,
Plot Title: 5C1C,3856,6/13/26 13:45,56.057,
Plot Title: 5C1C,3857,6/13/26 14:00,56.577,
Plot Title: 5C1C,3858,6/13/26 14:15,58.476,
Plot Title: 5C1C,3859,6/13/26 14:30,59.508,
Plot Title: 5C1C,3860,6/13/26 14:45,58.131,
Plot Title: 5C1C,3861,6/13/26 15:00,56.404,
Plot Title: 5C1C,3862,6/13/26 15:15,56.057,
Plot Title: 5C1C,3863,6/13/26 15:30,56.23,
Plot Title: 5C1C,3864,6/13/26 15:45,53.798,
Plot Title: 5C1C,3865,6/13/26 16:00,52.401,
Plot Title: 5C1C,3866,6/13/26 16:15,52.225,
Plot Title: 5C1C,3867,6/13/26 16:30,52.401,
Plot Title: 5C1C,3868,6/13/26 16:45,52.225,
Plot Title: 5C1C,3869,6/13/26 17:00,52.05,
Plot Title: 5C1C,3870,6/13/26 17:15,52.225,
Plot Title: 5C1C,3871,6/13/26 17:30,52.401,
Plot Title: 5C1C,3872,6/13/26 17:45,53.449,
Plot Title: 5C1C,3873,6/13/26 18:00,53.274,
Plot Title: 5C1C,3874,6/13/26 18:15,52.401,
Plot Title: 5C1C,3875,6/13/26 18:30,51.699,
Plot Title: 5C1C,3876,6/13/26 18:45,50.819,
Plot Title: 5C1C,3877,6/13/26 19:00,49.937,
Plot Title: 5C1C,3878,6/13/26 19:15,49.05,
Plot Title: 5C1C,3879,6/13/26 19:30,48.339,
Plot Title: 5C1C,3880,6/13/26 19:45,47.624,
Plot Title: 5C1C,3881,6/13/26 20:00,47.088,
Plot Title: 5C1C,3882,6/13/26 20:15,46.548,
Plot Title: 5C1C,3883,6/13/26 20:30,46.008,
Plot Title: 5C1C,3884,6/13/26 20:45,45.466,
Plot Title: 5C1C,3885,6/13/26 21:00,44.922,
Plot Title: 5C1C,3886,6/13/26 21:15,44.379,
Plot Title: 5C1C,3887,6/13/26 21:30,43.831,
Plot Title: 5C1C,3888,6/13/26 21:45,43.466,
Plot Title: 5C1C,3889,6/13/26 22:00,43.099,
Plot Title: 5C1C,3890,6/13/26 22:15,42.548,
Plot Title: 5C1C,3891,6/13/26 22:30,42.363,
Plot Title: 5C1C,3892,6/13/26 22:45,42.179,
Plot Title: 5C1C,3893,6/13/26 23:00,41.81,
Plot Title: 5C1C,3894,6/13/26 23:15,41.625,
Plot Title: 5C1C,3895,6/13/26 23:30,41.439,
Plot Title: 5C1C,3896,6/13/26 23:45,41.254,
Plot Title: 5C1C,3897,6/14/26 00:00,40.881,
Plot Title: 5C1C,3898,6/14/26 00:15,40.696,
Plot Title: 5C1C,3899,6/14/26 00:30,40.509,
Plot Title: 5C1C,3900,6/14/26 00:45,40.134,
Plot Title: 5C1C,3901,6/14/26 01:00,39.947,
Plot Title: 5C1C,3902,6/14/26 01:15,39.76,
Plot Title: 5C1C,3903,6/14/26 01:30,39.384,
Plot Title: 5C1C,3904,6/14/26 01:45,39.196,
Plot Title: 5C1C,3905,6/14/26 02:00,39.196,
Plot Title: 5C1C,3906,6/14/26 02:15,39.007,
Plot Title: 5C1C,3907,6/14/26 02:30,39.007,
Plot Title: 5C1C,3908,6/14/26 02:45,38.818,
Plot Title: 5C1C,3909,6/14/26 03:00,38.818,
Plot Title: 5C1C,3910,6/14/26 03:15,38.629,
Plot Title: 5C1C,3911,6/14/26 03:30,38.25,
Plot Title: 5C1C,3912,6/14/26 03:45,38.061,
Plot Title: 5C1C,3913,6/14/26 04:00,37.87,
Plot Title: 5C1C,3914,6/14/26 04:15,37.679,
Plot Title: 5C1C,3915,6/14/26 04:30,37.488,
Plot Title: 5C1C,3916,6/14/26 04:45,37.297,
Plot Title: 5C1C,3917,6/14/26 05:00,37.107,
Plot Title: 5C1C,3918,6/14/26 05:15,36.914,
Plot Title: 5C1C,3919,6/14/26 05:30,36.914,
Plot Title: 5C1C,3920,6/14/26 05:45,36.723,
Plot Title: 5C1C,3921,6/14/26 06:00,36.723,
Plot Title: 5C1C,3922,6/14/26 06:15,36.723,
Plot Title: 5C1C,3923,6/14/26 06:30,36.723,
Plot Title: 5C1C,3924,6/14/26 06:45,36.723,
Plot Title: 5C1C,3925,6/14/26 07:00,36.914,
Plot Title: 5C1C,3926,6/14/26 07:15,36.914,
Plot Title: 5C1C,3927,6/14/26 07:30,36.914,
Plot Title: 5C1C,3928,6/14/26 07:45,37.107,
Plot Title: 5C1C,3929,6/14/26 08:00,37.297,
Plot Title: 5C1C,3930,6/14/26 08:15,37.488,
Plot Title: 5C1C,3931,6/14/26 08:30,37.679,
Plot Title: 5C1C,3932,6/14/26 08:45,38.061,
Plot Title: 5C1C,3933,6/14/26 09:00,38.818,
Plot Title: 5C1C,3934,6/14/26 09:15,39.196,
Plot Title: 5C1C,3935,6/14/26 09:30,39.573,
Plot Title: 5C1C,3936,6/14/26 09:45,39.947,
Plot Title: 5C1C,3937,6/14/26 10:00,40.509,
Plot Title: 5C1C,3938,6/14/26 10:15,41.254,
Plot Title: 5C1C,3939,6/14/26 10:30,41.81,
Plot Title: 5C1C,3940,6/14/26 10:45,42.915,
Plot Title: 5C1C,3941,6/14/26 11:00,44.013,
Plot Title: 5C1C,3942,6/14/26 11:15,44.742,
Plot Title: 5C1C,3943,6/14/26 11:30,45.828,
Plot Title: 5C1C,3944,6/14/26 11:45,48.16,
Plot Title: 5C1C,3945,6/14/26 12:00,56.404,
Plot Title: 5C1C,3946,6/14/26 12:15,62.769,
Plot Title: 5C1C,3947,6/14/26 12:30,65.338,
Plot Title: 5C1C,3948,6/14/26 12:45,63.968,
Plot Title: 5C1C,3949,6/14/26 13:00,64.825,
Plot Title: 5C1C,3950,6/14/26 13:15,64.139,
Plot Title: 5C1C,3951,6/14/26 13:30,63.111,
Plot Title: 5C1C,3952,6/14/26 13:45,62.769,
Plot Title: 5C1C,3953,6/14/26 14:00,63.282,
Plot Title: 5C1C,3954,6/14/26 14:15,64.139,
Plot Title: 5C1C,3955,6/14/26 14:30,64.139,
Plot Title: 5C1C,3956,6/14/26 14:45,63.797,
Plot Title: 5C1C,3957,6/14/26 15:00,63.455,
Plot Title: 5C1C,3958,6/14/26 15:15,62.94,
Plot Title: 5C1C,3959,6/14/26 15:30,62.769,
Plot Title: 5C1C,3960,6/14/26 15:45,62.598,
Plot Title: 5C1C,3961,6/14/26 16:00,63.111,
Plot Title: 5C1C,3962,6/14/26 16:15,64.139,
Plot Title: 5C1C,3963,6/14/26 16:30,64.652,
Plot Title: 5C1C,3964,6/14/26 16:45,64.481,
Plot Title: 5C1C,3965,6/14/26 17:00,64.31,
Plot Title: 5C1C,3966,6/14/26 17:15,64.481,
Plot Title: 5C1C,3967,6/14/26 17:30,63.968,
Plot Title: 5C1C,3968,6/14/26 17:45,64.31,
Plot Title: 5C1C,3969,6/14/26 18:00,62.083,
Plot Title: 5C1C,3970,6/14/26 18:15,59.851,
Plot Title: 5C1C,3971,6/14/26 18:30,58.131,
Plot Title: 5C1C,3972,6/14/26 18:45,57.614,
Plot Title: 5C1C,3973,6/14/26 19:00,56.577,
Plot Title: 5C1C,3974,6/14/26 19:15,55.364,
Plot Title: 5C1C,3975,6/14/26 19:30,54.669,
Plot Title: 5C1C,3976,6/14/26 19:45,53.798,
Plot Title: 5C1C,3977,6/14/26 20:00,52.925,
Plot Title: 5C1C,3978,6/14/26 20:15,52.225,
Plot Title: 5C1C,3979,6/14/26 20:30,51.523,
Plot Title: 5C1C,3980,6/14/26 20:45,50.643,
Plot Title: 5C1C,3981,6/14/26 21:00,50.113,
Plot Title: 5C1C,3982,6/14/26 21:15,49.404,
Plot Title: 5C1C,3983,6/14/26 21:30,48.871,
Plot Title: 5C1C,3984,6/14/26 21:45,48.16,
Plot Title: 5C1C,3985,6/14/26 22:00,47.802,
Plot Title: 5C1C,3986,6/14/26 22:15,47.266,
Plot Title: 5C1C,3987,6/14/26 22:30,46.908,
Plot Title: 5C1C,3988,6/14/26 22:45,46.548,
Plot Title: 5C1C,3989,6/14/26 23:00,46.188,
Plot Title: 5C1C,3990,6/14/26 23:15,45.828,
Plot Title: 5C1C,3991,6/14/26 23:30,45.466,
Plot Title: 5C1C,3992,6/14/26 23:45,45.286,
Plot Title: 5C1C,3993,6/15/26 00:00,44.922,
Plot Title: 5C1C,3994,6/15/26 00:15,44.742,
Plot Title: 5C1C,3995,6/15/26 00:30,44.379,
Plot Title: 5C1C,3996,6/15/26 00:45,44.013,
Plot Title: 5C1C,3997,6/15/26 01:00,43.831,
Plot Title: 5C1C,3998,6/15/26 01:15,43.466,
Plot Title: 5C1C,3999,6/15/26 01:30,43.099,
Plot Title: 5C1C,4000,6/15/26 01:45,43.099,
Plot Title: 5C1C,4001,6/15/26 02:00,42.915,
Plot Title: 5C1C,4002,6/15/26 02:15,42.732,
Plot Title: 5C1C,4003,6/15/26 02:30,42.548,
Plot Title: 5C1C,4004,6/15/26 02:45,42.363,
Plot Title: 5C1C,4005,6/15/26 03:00,42.363,
Plot Title: 5C1C,4006,6/15/26 03:15,42.179,
Plot Title: 5C1C,4007,6/15/26 03:30,41.994,
Plot Title: 5C1C,4008,6/15/26 03:45,41.81,
Plot Title: 5C1C,4009,6/15/26 04:00,41.625,
Plot Title: 5C1C,4010,6/15/26 04:15,41.439,
Plot Title: 5C1C,4011,6/15/26 04:30,41.254,
Plot Title: 5C1C,4012,6/15/26 04:45,41.254,
Plot Title: 5C1C,4013,6/15/26 05:00,41.067,
Plot Title: 5C1C,4014,6/15/26 05:15,40.881,
Plot Title: 5C1C,4015,6/15/26 05:30,40.696,
Plot Title: 5C1C,4016,6/15/26 05:45,40.696,
Plot Title: 5C1C,4017,6/15/26 06:00,40.696,
Plot Title: 5C1C,4018,6/15/26 06:15,40.696,
Plot Title: 5C1C,4019,6/15/26 06:30,40.696,
Plot Title: 5C1C,4020,6/15/26 06:45,40.696,
Plot Title: 5C1C,4021,6/15/26 07:00,40.881,
Plot Title: 5C1C,4022,6/15/26 07:15,40.881,
Plot Title: 5C1C,4023,6/15/26 07:30,41.067,
Plot Title: 5C1C,4024,6/15/26 07:45,41.254,
Plot Title: 5C1C,4025,6/15/26 08:00,41.439,
Plot Title: 5C1C,4026,6/15/26 08:15,41.625,
Plot Title: 5C1C,4027,6/15/26 08:30,41.81,
Plot Title: 5C1C,4028,6/15/26 08:45,42.179,
Plot Title: 5C1C,4029,6/15/26 09:00,42.915,
Plot Title: 5C1C,4030,6/15/26 09:15,43.099,
Plot Title: 5C1C,4031,6/15/26 09:30,43.648,
Plot Title: 5C1C,4032,6/15/26 09:45,44.195,
Plot Title: 5C1C,4033,6/15/26 10:00,44.742,
Plot Title: 5C1C,4034,6/15/26 10:15,44.922,
Plot Title: 5C1C,4035,6/15/26 10:30,44.922,
Plot Title: 5C1C,4036,6/15/26 10:45,45.104,
Plot Title: 5C1C,4037,6/15/26 11:00,45.648,
Plot Title: 5C1C,4038,6/15/26 11:15,46.188,
Plot Title: 5C1C,4039,6/15/26 11:30,46.908,
Plot Title: 5C1C,4040,6/15/26 11:45,50.466,
Plot Title: 5C1C,4041,6/15/26 12:00,63.282,
Plot Title: 5C1C,4042,6/15/26 12:15,68.763,
Plot Title: 5C1C,4043,6/15/26 12:30,69.449,
Plot Title: 5C1C,4044,6/15/26 12:45,68.763,
Plot Title: 5C1C,4045,6/15/26 13:00,67.221,
Plot Title: 5C1C,4046,6/15/26 13:15,66.193,
Plot Title: 5C1C,4047,6/15/26 13:30,65.851,
Plot Title: 5C1C,4048,6/15/26 13:45,66.022,
Plot Title: 5C1C,4049,6/15/26 14:00,67.392,
Plot Title: 5C1C,4050,6/15/26 14:15,68.421,
Plot Title: 5C1C,4051,6/15/26 14:30,67.735,
Plot Title: 5C1C,4052,6/15/26 14:45,67.392,
Plot Title: 5C1C,4053,6/15/26 15:00,67.392,
Plot Title: 5C1C,4054,6/15/26 15:15,66.537,
Plot Title: 5C1C,4055,6/15/26 15:30,66.537,
Plot Title: 5C1C,4056,6/15/26 15:45,67.05,
Plot Title: 5C1C,4057,6/15/26 16:00,66.879,
Plot Title: 5C1C,4058,6/15/26 16:15,66.879,
Plot Title: 5C1C,4059,6/15/26 16:30,67.05,
Plot Title: 5C1C,4060,6/15/26 16:45,65.509,
Plot Title: 5C1C,4061,6/15/26 17:00,64.31,
Plot Title: 5C1C,4062,6/15/26 17:15,63.626,
Plot Title: 5C1C,4063,6/15/26 17:30,63.626,
Plot Title: 5C1C,4064,6/15/26 17:45,62.94,
Plot Title: 5C1C,4065,6/15/26 18:00,62.425,
Plot Title: 5C1C,4066,6/15/26 18:15,61.569,
Plot Title: 5C1C,4067,6/15/26 18:30,60.712,
Plot Title: 5C1C,4068,6/15/26 18:45,59.68,
Plot Title: 5C1C,4069,6/15/26 19:00,59.164,
Plot Title: 5C1C,4070,6/15/26 19:15,58.993,
Plot Title: 5C1C,4071,6/15/26 19:30,58.476,
Plot Title: 5C1C,4072,6/15/26 19:45,57.785,
Plot Title: 5C1C,4073,6/15/26 20:00,57.096,
Plot Title: 5C1C,4074,6/15/26 20:15,56.577,
Plot Title: 5C1C,4075,6/15/26 20:30,56.057,
Plot Title: 5C1C,4076,6/15/26 20:45,55.537,
Plot Title: 5C1C,4077,6/15/26 21:00,54.669,
Plot Title: 5C1C,4078,6/15/26 21:15,54.322,
Plot Title: 5C1C,4079,6/15/26 21:30,53.798,
Plot Title: 5C1C,4080,6/15/26 21:45,53.274,
Plot Title: 5C1C,4081,6/15/26 22:00,52.925,
Plot Title: 5C1C,4082,6/15/26 22:15,52.576,
Plot Title: 5C1C,4083,6/15/26 22:30,52.401,
Plot Title: 5C1C,4084,6/15/26 22:45,52.225,
Plot Title: 5C1C,4085,6/15/26 23:00,52.225,
Plot Title: 5C1C,4086,6/15/26 23:15,52.05,
Plot Title: 5C1C,4087,6/15/26 23:30,51.874,
Plot Title: 5C1C,4088,6/15/26 23:45,51.874,
Plot Title: 5C1C,4089,6/16/26 00:00,51.523,
Plot Title: 5C1C,4090,6/16/26 00:15,51.523,
Plot Title: 5C1C,4091,6/16/26 00:30,51.523,
Plot Title: 5C1C,4092,6/16/26 00:45,51.346,
Plot Title: 5C1C,4093,6/16/26 01:00,51.172,
Plot Title: 5C1C,4094,6/16/26 01:15,50.819,
Plot Title: 5C1C,4095,6/16/26 01:30,50.466,
Plot Title: 5C1C,4096,6/16/26 01:45,50.466,
Plot Title: 5C1C,4097,6/16/26 02:00,50.643,
Plot Title: 5C1C,4098,6/16/26 02:15,50.643,
Plot Title: 5C1C,4099,6/16/26 02:30,50.643,
Plot Title: 5C1C,4100,6/16/26 02:45,50.643,
Plot Title: 5C1C,4101,6/16/26 03:00,50.466,
Plot Title: 5C1C,4102,6/16/26 03:15,50.113,
Plot Title: 5C1C,4103,6/16/26 03:30,49.759,
Plot Title: 5C1C,4104,6/16/26 03:45,49.404,
Plot Title: 5C1C,4105,6/16/26 04:00,49.05,
Plot Title: 5C1C,4106,6/16/26 04:15,48.695,
Plot Title: 5C1C,4107,6/16/26 04:30,48.517,
Plot Title: 5C1C,4108,6/16/26 04:45,48.339,
Plot Title: 5C1C,4109,6/16/26 05:00,48.339,
Plot Title: 5C1C,4110,6/16/26 05:15,48.339,
Plot Title: 5C1C,4111,6/16/26 05:30,48.16,
Plot Title: 5C1C,4112,6/16/26 05:45,47.982,
Plot Title: 5C1C,4113,6/16/26 06:00,48.16,
Plot Title: 5C1C,4114,6/16/26 06:15,48.339,
Plot Title: 5C1C,4115,6/16/26 06:30,48.517,
Plot Title: 5C1C,4116,6/16/26 06:45,48.517,
Plot Title: 5C1C,4117,6/16/26 07:00,48.339,
Plot Title: 5C1C,4118,6/16/26 07:15,48.339,
Plot Title: 5C1C,4119,6/16/26 07:30,48.16,
Plot Title: 5C1C,4120,6/16/26 07:45,47.982,
Plot Title: 5C1C,4121,6/16/26 08:00,47.802,
Plot Title: 5C1C,4122,6/16/26 08:15,47.802,
Plot Title: 5C1C,4123,6/16/26 08:30,47.802,
Plot Title: 5C1C,4124,6/16/26 08:45,48.16,
Plot Title: 5C1C,4125,6/16/26 09:00,48.871,
Plot Title: 5C1C,4126,6/16/26 09:15,49.404,
Plot Title: 5C1C,4127,6/16/26 09:30,49.404,
Plot Title: 5C1C,4128,6/16/26 09:45,49.759,
Plot Title: 5C1C,4129,6/16/26 10:00,50.29,
Plot Title: 5C1C,4130,6/16/26 10:15,50.466,
Plot Title: 5C1C,4131,6/16/26 10:30,50.643,
Plot Title: 5C1C,4132,6/16/26 10:45,51.172,
Plot Title: 5C1C,4133,6/16/26 11:00,52.05,
Plot Title: 5C1C,4134,6/16/26 11:15,53.274,
Plot Title: 5C1C,4135,6/16/26 11:30,54.495,
Plot Title: 5C1C,4136,6/16/26 11:45,57.268,
Plot Title: 5C1C,4137,6/16/26 12:00,68.934,
Plot Title: 5C1C,4138,6/16/26 12:15,69.793,
Plot Title: 5C1C,4139,6/16/26 12:30,74.619,
Plot Title: 5C1C,4140,6/16/26 12:45,75.832,
Plot Title: 5C1C,4141,6/16/26 13:00,74.619,
Plot Title: 5C1C,4142,6/16/26 13:15,73.58,
Plot Title: 5C1C,4143,6/16/26 13:30,73.234,
Plot Title: 5C1C,4144,6/16/26 13:45,73.58,
Plot Title: 5C1C,4145,6/16/26 14:00,73.753,
Plot Title: 5C1C,4146,6/16/26 14:15,74.791,
Plot Title: 5C1C,4147,6/16/26 14:30,75.659,
Plot Title: 5C1C,4148,6/16/26 14:45,74.964,
Plot Title: 5C1C,4149,6/16/26 15:00,73.753,
Plot Title: 5C1C,4150,6/16/26 15:15,73.234,
Plot Title: 5C1C,4151,6/16/26 15:30,72.718,
Plot Title: 5C1C,4152,6/16/26 15:45,72.199,
Plot Title: 5C1C,4153,6/16/26 16:00,72.372,
Plot Title: 5C1C,4154,6/16/26 16:15,73.062,
Plot Title: 5C1C,4155,6/16/26 16:30,73.58,
Plot Title: 5C1C,4156,6/16/26 16:45,73.58,
Plot Title: 5C1C,4157,6/16/26 17:00,74.446,
Plot Title: 5C1C,4158,6/16/26 17:15,75.139,
Plot Title: 5C1C,4159,6/16/26 17:30,75.312,
Plot Title: 5C1C,4160,6/16/26 17:45,73.407,
Plot Title: 5C1C,4161,6/16/26 18:00,71.168,
Plot Title: 5C1C,4162,6/16/26 18:15,69.107,
Plot Title: 5C1C,4163,6/16/26 18:30,67.564,
Plot Title: 5C1C,4164,6/16/26 18:45,66.366,
Plot Title: 5C1C,4165,6/16/26 19:00,65.509,
Plot Title: 5C1C,4166,6/16/26 19:15,64.996,
Plot Title: 5C1C,4167,6/16/26 19:30,64.31,
Plot Title: 5C1C,4168,6/16/26 19:45,63.455,
Plot Title: 5C1C,4169,6/16/26 20:00,62.94,
Plot Title: 5C1C,4170,6/16/26 20:15,62.425,
Plot Title: 5C1C,4171,6/16/26 20:30,61.569,
Plot Title: 5C1C,4172,6/16/26 20:45,60.883,
Plot Title: 5C1C,4173,6/16/26 21:00,60.024,
Plot Title: 5C1C,4174,6/16/26 21:15,59.337,
Plot Title: 5C1C,4175,6/16/26 21:30,58.647,
Plot Title: 5C1C,4176,6/16/26 21:45,57.958,
Plot Title: 5C1C,4177,6/16/26 22:00,57.614,
Plot Title: 5C1C,4178,6/16/26 22:15,57.096,
Plot Title: 5C1C,4179,6/16/26 22:30,56.577,
Plot Title: 5C1C,4180,6/16/26 22:45,56.23,
Plot Title: 5C1C,4181,6/16/26 23:00,55.884,
Plot Title: 5C1C,4182,6/16/26 23:15,55.537,
Plot Title: 5C1C,4183,6/16/26 23:30,55.189,
Plot Title: 5C1C,4184,6/16/26 23:45,54.842,
Plot Title: 5C1C,4185,6/17/26 00:00,54.495,
Plot Title: 5C1C,4186,6/17/26 00:15,54.147,
Plot Title: 5C1C,4187,6/17/26 00:30,53.973,
Plot Title: 5C1C,4188,6/17/26 00:45,53.798,
Plot Title: 5C1C,4189,6/17/26 01:00,53.623,
Plot Title: 5C1C,4190,6/17/26 01:15,53.1,
Plot Title: 5C1C,4191,6/17/26 01:30,52.75,
Plot Title: 5C1C,4192,6/17/26 01:45,52.401,
Plot Title: 5C1C,4193,6/17/26 02:00,52.05,
Plot Title: 5C1C,4194,6/17/26 02:15,51.699,
Plot Title: 5C1C,4195,6/17/26 02:30,51.346,
Plot Title: 5C1C,4196,6/17/26 02:45,50.995,
Plot Title: 5C1C,4197,6/17/26 03:00,50.643,
Plot Title: 5C1C,4198,6/17/26 03:15,50.29,
Plot Title: 5C1C,4199,6/17/26 03:30,50.113,
Plot Title: 5C1C,4200,6/17/26 03:45,49.937,
Plot Title: 5C1C,4201,6/17/26 04:00,49.582,
Plot Title: 5C1C,4202,6/17/26 04:15,49.582,
Plot Title: 5C1C,4203,6/17/26 04:30,49.228,
Plot Title: 5C1C,4204,6/17/26 04:45,49.05,
Plot Title: 5C1C,4205,6/17/26 05:00,48.695,
Plot Title: 5C1C,4206,6/17/26 05:15,48.695,
Plot Title: 5C1C,4207,6/17/26 05:30,48.517,
Plot Title: 5C1C,4208,6/17/26 05:45,48.517,
Plot Title: 5C1C,4209,6/17/26 06:00,48.339,
Plot Title: 5C1C,4210,6/17/26 06:15,48.339,
Plot Title: 5C1C,4211,6/17/26 06:30,48.16,
Plot Title: 5C1C,4212,6/17/26 06:45,47.982,
Plot Title: 5C1C,4213,6/17/26 07:00,48.16,
Plot Title: 5C1C,4214,6/17/26 07:15,48.16,
Plot Title: 5C1C,4215,6/17/26 07:30,47.802,
Plot Title: 5C1C,4216,6/17/26 07:45,47.624,
Plot Title: 5C1C,4217,6/17/26 08:00,47.446,
Plot Title: 5C1C,4218,6/17/26 08:15,47.266,
Plot Title: 5C1C,4219,6/17/26 08:30,47.266,
Plot Title: 5C1C,4220,6/17/26 08:45,47.266,
Plot Title: 5C1C,4221,6/17/26 09:00,47.624,
Plot Title: 5C1C,4222,6/17/26 09:15,47.802,
Plot Title: 5C1C,4223,6/17/26 09:30,47.982,
Plot Title: 5C1C,4224,6/17/26 09:45,48.16,
Plot Title: 5C1C,4225,6/17/26 10:00,48.871,
Plot Title: 5C1C,4226,6/17/26 10:15,49.05,
Plot Title: 5C1C,4227,6/17/26 10:30,49.404,
Plot Title: 5C1C,4228,6/17/26 10:45,49.759,
Plot Title: 5C1C,4229,6/17/26 11:00,49.937,
Plot Title: 5C1C,4230,6/17/26 11:15,50.466,
Plot Title: 5C1C,4231,6/17/26 11:30,50.643,
Plot Title: 5C1C,4232,6/17/26 11:45,52.75,
Plot Title: 5C1C,4233,6/17/26 12:00,67.392,
Plot Title: 5C1C,4234,6/17/26 12:15,69.622,
Plot Title: 5C1C,4235,6/17/26 12:30,69.964,
Plot Title: 5C1C,4236,6/17/26 12:45,69.793,
Plot Title: 5C1C,4237,6/17/26 13:00,68.077,
Plot Title: 5C1C,4238,6/17/26 13:15,64.481,
Plot Title: 5C1C,4239,6/17/26 13:30,63.455,
Plot Title: 5C1C,4240,6/17/26 13:45,62.769,
Plot Title: 5C1C,4241,6/17/26 14:00,63.111,
Plot Title: 5C1C,4242,6/17/26 14:15,62.083,
Plot Title: 5C1C,4243,6/17/26 14:30,60.368,
Plot Title: 5C1C,4244,6/17/26 14:45,58.993,
Plot Title: 5C1C,4245,6/17/26 15:00,58.131,
Plot Title: 5C1C,4246,6/17/26 15:15,57.958,
Plot Title: 5C1C,4247,6/17/26 15:30,57.785,
Plot Title: 5C1C,4248,6/17/26 15:45,58.476,
Plot Title: 5C1C,4249,6/17/26 16:00,58.647,
Plot Title: 5C1C,4250,6/17/26 16:15,58.82,
Plot Title: 5C1C,4251,6/17/26 16:30,58.993,
Plot Title: 5C1C,4252,6/17/26 16:45,60.368,
Plot Title: 5C1C,4253,6/17/26 17:00,61.569,
Plot Title: 5C1C,4254,6/17/26 17:15,62.769,
Plot Title: 5C1C,4255,6/17/26 17:30,64.139,
Plot Title: 5C1C,4256,6/17/26 17:45,62.94,
Plot Title: 5C1C,4257,6/17/26 18:00,61.054,
Plot Title: 5C1C,4258,6/17/26 18:15,59.68,
Plot Title: 5C1C,4259,6/17/26 18:30,58.647,
Plot Title: 5C1C,4260,6/17/26 18:45,57.785,
Plot Title: 5C1C,4261,6/17/26 19:00,57.096,
Plot Title: 5C1C,4262,6/17/26 19:15,56.404,
Plot Title: 5C1C,4263,6/17/26 19:30,55.884,
Plot Title: 5C1C,4264,6/17/26 19:45,55.364,
Plot Title: 5C1C,4265,6/17/26 20:00,54.842,
Plot Title: 5C1C,4266,6/17/26 20:15,54.322,
Plot Title: 5C1C,4267,6/17/26 20:30,53.973,
Plot Title: 5C1C,4268,6/17/26 20:45,53.449,
Plot Title: 5C1C,4269,6/17/26 21:00,53.1,
Plot Title: 5C1C,4270,6/17/26 21:15,52.401,
Plot Title: 5C1C,4271,6/17/26 21:30,51.874,
Plot Title: 5C1C,4272,6/17/26 21:45,51.172,
Plot Title: 5C1C,4273,6/17/26 22:00,50.819,
Plot Title: 5C1C,4274,6/17/26 22:15,50.113,
Plot Title: 5C1C,4275,6/17/26 22:30,49.582,
Plot Title: 5C1C,4276,6/17/26 22:45,49.05,
Plot Title: 5C1C,4277,6/17/26 23:00,48.517,
Plot Title: 5C1C,4278,6/17/26 23:15,48.16,
Plot Title: 5C1C,4279,6/17/26 23:30,47.802,
Plot Title: 5C1C,4280,6/17/26 23:45,47.446,
Plot Title: 5C1C,4281,6/18/26 00:00,47.266,
Plot Title: 5C1C,4282,6/18/26 00:15,47.088,
Plot Title: 5C1C,4283,6/18/26 00:30,46.728,
Plot Title: 5C1C,4284,6/18/26 00:45,46.548,
Plot Title: 5C1C,4285,6/18/26 01:00,46.188,
Plot Title: 5C1C,4286,6/18/26 01:15,46.008,
Plot Title: 5C1C,4287,6/18/26 01:30,45.828,
Plot Title: 5C1C,4288,6/18/26 01:45,45.648,
Plot Title: 5C1C,4289,6/18/26 02:00,45.466,
Plot Title: 5C1C,4290,6/18/26 02:15,45.286,
Plot Title: 5C1C,4291,6/18/26 02:30,45.104,
Plot Title: 5C1C,4292,6/18/26 02:45,44.922,
Plot Title: 5C1C,4293,6/18/26 03:00,44.56,
Plot Title: 5C1C,4294,6/18/26 03:15,44.379,
Plot Title: 5C1C,4295,6/18/26 03:30,44.56,
Plot Title: 5C1C,4296,6/18/26 03:45,44.379,
Plot Title: 5C1C,4297,6/18/26 04:00,44.195,
Plot Title: 5C1C,4298,6/18/26 04:15,43.831,
Plot Title: 5C1C,4299,6/18/26 04:30,43.831,
Plot Title: 5C1C,4300,6/18/26 04:45,43.831,
Plot Title: 5C1C,4301,6/18/26 05:00,43.831,
Plot Title: 5C1C,4302,6/18/26 05:15,43.648,
Plot Title: 5C1C,4303,6/18/26 05:30,43.648,
Plot Title: 5C1C,4304,6/18/26 05:45,43.648,
Plot Title: 5C1C,4305,6/18/26 06:00,43.648,
Plot Title: 5C1C,4306,6/18/26 06:15,43.648,
Plot Title: 5C1C,4307,6/18/26 06:30,43.466,
Plot Title: 5C1C,4308,6/18/26 06:45,43.466,
Plot Title: 5C1C,4309,6/18/26 07:00,43.282,
Plot Title: 5C1C,4310,6/18/26 07:15,43.466,
Plot Title: 5C1C,4311,6/18/26 07:30,43.466,
Plot Title: 5C1C,4312,6/18/26 07:45,43.648,
Plot Title: 5C1C,4313,6/18/26 08:00,44.013,
Plot Title: 5C1C,4314,6/18/26 08:15,45.104,
Plot Title: 5C1C,4315,6/18/26 08:30,46.188,
Plot Title: 5C1C,4316,6/18/26 08:45,46.908,
Plot Title: 5C1C,4317,6/18/26 09:00,46.908,
Plot Title: 5C1C,4318,6/18/26 09:15,46.728,
Plot Title: 5C1C,4319,6/18/26 09:30,46.548,
Plot Title: 5C1C,4320,6/18/26 09:45,47.088,
Plot Title: 5C1C,4321,6/18/26 10:00,47.982,
Plot Title: 5C1C,4322,6/18/26 10:15,47.982,
Plot Title: 5C1C,4323,6/18/26 10:30,48.16,
Plot Title: 5C1C,4324,6/18/26 10:45,48.871,
Plot Title: 5C1C,4325,6/18/26 11:00,49.228,
Plot Title: 5C1C,4326,6/18/26 11:15,49.582,
Plot Title: 5C1C,4327,6/18/26 11:30,50.113,
Plot Title: 5C1C,4328,6/18/26 11:45,50.466,
Plot Title: 5C1C,4329,6/18/26 12:00,59.164,
Plot Title: 5C1C,4330,6/18/26 12:15,71.339,
Plot Title: 5C1C,4331,6/18/26 12:30,74.619,
Plot Title: 5C1C,4332,6/18/26 12:45,73.062,
Plot Title: 5C1C,4333,6/18/26 13:00,70.995,
Plot Title: 5C1C,4334,6/18/26 13:15,69.793,
Plot Title: 5C1C,4335,6/18/26 13:30,69.964,
Plot Title: 5C1C,4336,6/18/26 13:45,70.651,
Plot Title: 5C1C,4337,6/18/26 14:00,71.683,
Plot Title: 5C1C,4338,6/18/26 14:15,73.062,
Plot Title: 5C1C,4339,6/18/26 14:30,73.062,
Plot Title: 5C1C,4340,6/18/26 14:45,72.891,
Plot Title: 5C1C,4341,6/18/26 15:00,72.718,
Plot Title: 5C1C,4342,6/18/26 15:15,72.199,
Plot Title: 5C1C,4343,6/18/26 15:30,71.856,
Plot Title: 5C1C,4344,6/18/26 15:45,71.512,
Plot Title: 5C1C,4345,6/18/26 16:00,71.683,
Plot Title: 5C1C,4346,6/18/26 16:15,72.545,
Plot Title: 5C1C,4347,6/18/26 16:30,72.891,
Plot Title: 5C1C,4348,6/18/26 16:45,72.545,
Plot Title: 5C1C,4349,6/18/26 17:00,73.58,
Plot Title: 5C1C,4350,6/18/26 17:15,73.062,
Plot Title: 5C1C,4351,6/18/26 17:30,72.891,
Plot Title: 5C1C,4352,6/18/26 17:45,72.545,
Plot Title: 5C1C,4353,6/18/26 18:00,70.137,
Plot Title: 5C1C,4354,6/18/26 18:15,67.221,
Plot Title: 5C1C,4355,6/18/26 18:30,65.167,
Plot Title: 5C1C,4356,6/18/26 18:45,63.797,
Plot Title: 5C1C,4357,6/18/26 19:00,62.425,
Plot Title: 5C1C,4358,6/18/26 19:15,61.569,
Plot Title: 5C1C,4359,6/18/26 19:30,60.539,
Plot Title: 5C1C,4360,6/18/26 19:45,59.851,
Plot Title: 5C1C,4361,6/18/26 20:00,58.993,
Plot Title: 5C1C,4362,6/18/26 20:15,58.303,
Plot Title: 5C1C,4363,6/18/26 20:30,57.614,
Plot Title: 5C1C,4364,6/18/26 20:45,56.75,
Plot Title: 5C1C,4365,6/18/26 21:00,56.057,
Plot Title: 5C1C,4366,6/18/26 21:15,55.364,
Plot Title: 5C1C,4367,6/18/26 21:30,54.669,
Plot Title: 5C1C,4368,6/18/26 21:45,54.147,
Plot Title: 5C1C,4369,6/18/26 22:00,53.623,
Plot Title: 5C1C,4370,6/18/26 22:15,53.274,
Plot Title: 5C1C,4371,6/18/26 22:30,52.75,
Plot Title: 5C1C,4372,6/18/26 22:45,52.225,
Plot Title: 5C1C,4373,6/18/26 23:00,51.874,
Plot Title: 5C1C,4374,6/18/26 23:15,51.523,
Plot Title: 5C1C,4375,6/18/26 23:30,51.346,
Plot Title: 5C1C,4376,6/18/26 23:45,50.995,
Plot Title: 5C1C,4377,6/19/26 00:00,50.643,
Plot Title: 5C1C,4378,6/19/26 00:15,50.29,
Plot Title: 5C1C,4379,6/19/26 00:30,49.937,
Plot Title: 5C1C,4380,6/19/26 00:45,49.582,
Plot Title: 5C1C,4381,6/19/26 01:00,49.228,
Plot Title: 5C1C,4382,6/19/26 01:15,49.05,
Plot Title: 5C1C,4383,6/19/26 01:30,48.871,
Plot Title: 5C1C,4384,6/19/26 01:45,48.695,
Plot Title: 5C1C,4385,6/19/26 02:00,48.339,
Plot Title: 5C1C,4386,6/19/26 02:15,48.16,
Plot Title: 5C1C,4387,6/19/26 02:30,47.802,
Plot Title: 5C1C,4388,6/19/26 02:45,47.624,
Plot Title: 5C1C,4389,6/19/26 03:00,47.446,
Plot Title: 5C1C,4390,6/19/26 03:15,47.266,
Plot Title: 5C1C,4391,6/19/26 03:30,46.908,
Plot Title: 5C1C,4392,6/19/26 03:45,46.728,
Plot Title: 5C1C,4393,6/19/26 04:00,46.548,
Plot Title: 5C1C,4394,6/19/26 04:15,46.369,
Plot Title: 5C1C,4395,6/19/26 04:30,46.188,
Plot Title: 5C1C,4396,6/19/26 04:45,46.008,
Plot Title: 5C1C,4397,6/19/26 05:00,45.648,
Plot Title: 5C1C,4398,6/19/26 05:15,45.466,
Plot Title: 5C1C,4399,6/19/26 05:30,45.466,
Plot Title: 5C1C,4400,6/19/26 05:45,45.286,
Plot Title: 5C1C,4401,6/19/26 06:00,45.104,
Plot Title: 5C1C,4402,6/19/26 06:15,45.104,
Plot Title: 5C1C,4403,6/19/26 06:30,45.104,
Plot Title: 5C1C,4404,6/19/26 06:45,45.104,
Plot Title: 5C1C,4405,6/19/26 07:00,45.104,
Plot Title: 5C1C,4406,6/19/26 07:15,45.286,
Plot Title: 5C1C,4407,6/19/26 07:30,45.466,
Plot Title: 5C1C,4408,6/19/26 07:45,45.828,
Plot Title: 5C1C,4409,6/19/26 08:00,46.369,
Plot Title: 5C1C,4410,6/19/26 08:15,47.266,
Plot Title: 5C1C,4411,6/19/26 08:30,48.16,
Plot Title: 5C1C,4412,6/19/26 08:45,49.05,
Plot Title: 5C1C,4413,6/19/26 09:00,49.759,
Plot Title: 5C1C,4414,6/19/26 09:15,50.466,
Plot Title: 5C1C,4415,6/19/26 09:30,50.819,
Plot Title: 5C1C,4416,6/19/26 09:45,51.523,
Plot Title: 5C1C,4417,6/19/26 10:00,52.401,
Plot Title: 5C1C,4418,6/19/26 10:15,53.274,
Plot Title: 5C1C,4419,6/19/26 10:30,53.973,
Plot Title: 5C1C,4420,6/19/26 10:45,54.669,
Plot Title: 5C1C,4421,6/19/26 11:00,55.364,
Plot Title: 5C1C,4422,6/19/26 11:15,56.23,
Plot Title: 5C1C,4423,6/19/26 11:30,57.096,
Plot Title: 5C1C,4424,6/19/26 11:45,57.441,
Plot Title: 5C1C,4425,6/19/26 12:00,64.139,
Plot Title: 5C1C,4426,6/19/26 12:15,69.793,
Plot Title: 5C1C,4427,6/19/26 12:30,66.708,
Plot Title: 5C1C,4428,6/19/26 12:45,64.652,
Plot Title: 5C1C,4429,6/19/26 13:00,63.282,
Plot Title: 5C1C,4430,6/19/26 13:15,62.598,
Plot Title: 5C1C,4431,6/19/26 13:30,64.31,
Plot Title: 5C1C,4432,6/19/26 13:45,64.825,
Plot Title: 5C1C,4433,6/19/26 14:00,67.221,
Plot Title: 5C1C,4434,6/19/26 14:15,66.708,
Plot Title: 5C1C,4435,6/19/26 14:30,65.509,
Plot Title: 5C1C,4436,6/19/26 14:45,66.193,
Plot Title: 5C1C,4437,6/19/26 15:00,67.735,
Plot Title: 5C1C,4438,6/19/26 15:15,68.421,
Plot Title: 5C1C,4439,6/19/26 15:30,68.248,
Plot Title: 5C1C,4440,6/19/26 15:45,67.906,
Plot Title: 5C1C,4441,6/19/26 16:00,67.392,
Plot Title: 5C1C,4442,6/19/26 16:15,66.537,
Plot Title: 5C1C,4443,6/19/26 16:30,66.708,
Plot Title: 5C1C,4444,6/19/26 16:45,67.564,
Plot Title: 5C1C,4445,6/19/26 17:00,67.906,
Plot Title: 5C1C,4446,6/19/26 17:15,67.564,
Plot Title: 5C1C,4447,6/19/26 17:30,68.592,
Plot Title: 5C1C,4448,6/19/26 17:45,69.107,
Plot Title: 5C1C,4449,6/19/26 18:00,67.906,
Plot Title: 5C1C,4450,6/19/26 18:15,66.022,
Plot Title: 5C1C,4451,6/19/26 18:30,64.996,
Plot Title: 5C1C,4452,6/19/26 18:45,64.31,
Plot Title: 5C1C,4453,6/19/26 19:00,63.626,
Plot Title: 5C1C,4454,6/19/26 19:15,63.111,
Plot Title: 5C1C,4455,6/19/26 19:30,62.083,
Plot Title: 5C1C,4456,6/19/26 19:45,61.054,
Plot Title: 5C1C,4457,6/19/26 20:00,60.195,
Plot Title: 5C1C,4458,6/19/26 20:15,59.337,
Plot Title: 5C1C,4459,6/19/26 20:30,58.82,
Plot Title: 5C1C,4460,6/19/26 20:45,58.303,
Plot Title: 5C1C,4461,6/19/26 21:00,57.958,
Plot Title: 5C1C,4462,6/19/26 21:15,57.268,
Plot Title: 5C1C,4463,6/19/26 21:30,56.923,
Plot Title: 5C1C,4464,6/19/26 21:45,56.577,
Plot Title: 5C1C,4465,6/19/26 22:00,56.057,
Plot Title: 5C1C,4466,6/19/26 22:15,55.537,
Plot Title: 5C1C,4467,6/19/26 22:30,55.189,
Plot Title: 5C1C,4468,6/19/26 22:45,55.017,
Plot Title: 5C1C,4469,6/19/26 23:00,54.842,
Plot Title: 5C1C,4470,6/19/26 23:15,54.842,
Plot Title: 5C1C,4471,6/19/26 23:30,54.842,
Plot Title: 5C1C,4472,6/19/26 23:45,54.842,
Plot Title: 5C1C,4473,6/20/26 00:00,54.669,
Plot Title: 5C1C,4474,6/20/26 00:15,54.842,
Plot Title: 5C1C,4475,6/20/26 00:30,54.669,
Plot Title: 5C1C,4476,6/20/26 00:45,54.495,
Plot Title: 5C1C,4477,6/20/26 01:00,54.322,
Plot Title: 5C1C,4478,6/20/26 01:15,54.147,
Plot Title: 5C1C,4479,6/20/26 01:30,54.147,
Plot Title: 5C1C,4480,6/20/26 01:45,53.973,
Plot Title: 5C1C,4481,6/20/26 02:00,53.973,
Plot Title: 5C1C,4482,6/20/26 02:15,53.798,
Plot Title: 5C1C,4483,6/20/26 02:30,53.798,
Plot Title: 5C1C,4484,6/20/26 02:45,53.623,
Plot Title: 5C1C,4485,6/20/26 03:00,53.623,
Plot Title: 5C1C,4486,6/20/26 03:15,53.623,
Plot Title: 5C1C,4487,6/20/26 03:30,53.623,
Plot Title: 5C1C,4488,6/20/26 03:45,53.623,
Plot Title: 5C1C,4489,6/20/26 04:00,53.623,
Plot Title: 5C1C,4490,6/20/26 04:15,53.449,
Plot Title: 5C1C,4491,6/20/26 04:30,53.274,
Plot Title: 5C1C,4492,6/20/26 04:45,53.1,
Plot Title: 5C1C,4493,6/20/26 05:00,52.75,
Plot Title: 5C1C,4494,6/20/26 05:15,52.576,
Plot Title: 5C1C,4495,6/20/26 05:30,52.401,
Plot Title: 5C1C,4496,6/20/26 05:45,52.401,
Plot Title: 5C1C,4497,6/20/26 06:00,52.401,
Plot Title: 5C1C,4498,6/20/26 06:15,52.576,
Plot Title: 5C1C,4499,6/20/26 06:30,52.576,
Plot Title: 5C1C,4500,6/20/26 06:45,52.75,
Plot Title: 5C1C,4501,6/20/26 07:00,53.1,
Plot Title: 5C1C,4502,6/20/26 07:15,53.449,
Plot Title: 5C1C,4503,6/20/26 07:30,53.449,
Plot Title: 5C1C,4504,6/20/26 07:45,53.449,
Plot Title: 5C1C,4505,6/20/26 08:00,53.449,
Plot Title: 5C1C,4506,6/20/26 08:15,53.623,
Plot Title: 5C1C,4507,6/20/26 08:30,53.973,
Plot Title: 5C1C,4508,6/20/26 08:45,53.973,
Plot Title: 5C1C,4509,6/20/26 09:00,53.798,
Plot Title: 5C1C,4510,6/20/26 09:15,53.623,
Plot Title: 5C1C,4511,6/20/26 09:30,53.623,
Plot Title: 5C1C,4512,6/20/26 09:45,53.798,
Plot Title: 5C1C,4513,6/20/26 10:00,53.973,
Plot Title: 5C1C,4514,6/20/26 10:15,54.147,
Plot Title: 5C1C,4515,6/20/26 10:30,54.495,
Plot Title: 5C1C,4516,6/20/26 10:45,54.669,
Plot Title: 5C1C,4517,6/20/26 11:00,54.495,
Plot Title: 5C1C,4518,6/20/26 11:15,55.017,
Plot Title: 5C1C,4519,6/20/26 11:30,56.577,
Plot Title: 5C1C,4520,6/20/26 11:45,56.057,
Plot Title: 5C1C,4521,6/20/26 12:00,55.364,
Plot Title: 5C1C,4522,6/20/26 12:15,54.669,
Plot Title: 5C1C,4523,6/20/26 12:30,55.189,
Plot Title: 5C1C,4524,6/20/26 12:45,55.364,
Plot Title: 5C1C,4525,6/20/26 13:00,55.364,
Plot Title: 5C1C,4526,6/20/26 13:15,56.577,
Plot Title: 5C1C,4527,6/20/26 13:30,58.131,
Plot Title: 5C1C,4528,6/20/26 13:45,59.337,
Plot Title: 5C1C,4529,6/20/26 14:00,60.712,
Plot Title: 5C1C,4530,6/20/26 14:15,60.368,
Plot Title: 5C1C,4531,6/20/26 14:30,59.68,
Plot Title: 5C1C,4532,6/20/26 14:45,59.508,
Plot Title: 5C1C,4533,6/20/26 15:00,58.303,
Plot Title: 5C1C,4534,6/20/26 15:15,57.096,
Plot Title: 5C1C,4535,6/20/26 15:30,55.364,
Plot Title: 5C1C,4536,6/20/26 15:45,53.449,
Plot Title: 5C1C,4537,6/20/26 16:00,52.05,
Plot Title: 5C1C,4538,6/20/26 16:15,51.172,
Plot Title: 5C1C,4539,6/20/26 16:30,51.346,
Plot Title: 5C1C,4540,6/20/26 16:45,51.346,
Plot Title: 5C1C,4541,6/20/26 17:00,50.819,
Plot Title: 5C1C,4542,6/20/26 17:15,50.29,
Plot Title: 5C1C,4543,6/20/26 17:30,49.937,
Plot Title: 5C1C,4544,6/20/26 17:45,49.582,
Plot Title: 5C1C,4545,6/20/26 18:00,49.582,
Plot Title: 5C1C,4546,6/20/26 18:15,49.582,
Plot Title: 5C1C,4547,6/20/26 18:30,49.759,
Plot Title: 5C1C,4548,6/20/26 18:45,49.937,
Plot Title: 5C1C,4549,6/20/26 19:00,49.582,
Plot Title: 5C1C,4550,6/20/26 19:15,49.582,
Plot Title: 5C1C,4551,6/20/26 19:30,49.582,
Plot Title: 5C1C,4552,6/20/26 19:45,49.582,
Plot Title: 5C1C,4553,6/20/26 20:00,49.582,
Plot Title: 5C1C,4554,6/20/26 20:15,49.404,
Plot Title: 5C1C,4555,6/20/26 20:30,49.404,
Plot Title: 5C1C,4556,6/20/26 20:45,49.228,
Plot Title: 5C1C,4557,6/20/26 21:00,49.05,
Plot Title: 5C1C,4558,6/20/26 21:15,49.05,
Plot Title: 5C1C,4559,6/20/26 21:30,49.05,
Plot Title: 5C1C,4560,6/20/26 21:45,48.871,
Plot Title: 5C1C,4561,6/20/26 22:00,48.695,
Plot Title: 5C1C,4562,6/20/26 22:15,48.695,
Plot Title: 5C1C,4563,6/20/26 22:30,48.517,
Plot Title: 5C1C,4564,6/20/26 22:45,48.517,
Plot Title: 5C1C,4565,6/20/26 23:00,48.339,
Plot Title: 5C1C,4566,6/20/26 23:15,48.16,
Plot Title: 5C1C,4567,6/20/26 23:30,47.982,
Plot Title: 5C1C,4568,6/20/26 23:45,47.802,
Plot Title: 5C1C,4569,6/21/26 00:00,47.624,
Plot Title: 5C1C,4570,6/21/26 00:15,47.446,
Plot Title: 5C1C,4571,6/21/26 00:30,47.446,
Plot Title: 5C1C,4572,6/21/26 00:45,47.446,
Plot Title: 5C1C,4573,6/21/26 01:00,47.446,
Plot Title: 5C1C,4574,6/21/26 01:15,47.446,
Plot Title: 5C1C,4575,6/21/26 01:30,47.446,
Plot Title: 5C1C,4576,6/21/26 01:45,47.624,
Plot Title: 5C1C,4577,6/21/26 02:00,47.624,
Plot Title: 5C1C,4578,6/21/26 02:15,47.624,
Plot Title: 5C1C,4579,6/21/26 02:30,47.446,
Plot Title: 5C1C,4580,6/21/26 02:45,47.446,
Plot Title: 5C1C,4581,6/21/26 03:00,47.266,
Plot Title: 5C1C,4582,6/21/26 03:15,47.266,
Plot Title: 5C1C,4583,6/21/26 03:30,47.088,
Plot Title: 5C1C,4584,6/21/26 03:45,47.266,
Plot Title: 5C1C,4585,6/21/26 04:00,47.088,
Plot Title: 5C1C,4586,6/21/26 04:15,47.088,
Plot Title: 5C1C,4587,6/21/26 04:30,47.088,
Plot Title: 5C1C,4588,6/21/26 04:45,47.088,
Plot Title: 5C1C,4589,6/21/26 05:00,47.088,
Plot Title: 5C1C,4590,6/21/26 05:15,46.908,
Plot Title: 5C1C,4591,6/21/26 05:30,46.728,
Plot Title: 5C1C,4592,6/21/26 05:45,46.728,
Plot Title: 5C1C,4593,6/21/26 06:00,46.548,
Plot Title: 5C1C,4594,6/21/26 06:15,46.369,
Plot Title: 5C1C,4595,6/21/26 06:30,46.369,
Plot Title: 5C1C,4596,6/21/26 06:45,46.548,
Plot Title: 5C1C,4597,6/21/26 07:00,46.728,
Plot Title: 5C1C,4598,6/21/26 07:15,47.088,
Plot Title: 5C1C,4599,6/21/26 07:30,47.446,
Plot Title: 5C1C,4600,6/21/26 07:45,47.982,
Plot Title: 5C1C,4601,6/21/26 08:00,48.517,
Plot Title: 5C1C,4602,6/21/26 08:15,48.695,
Plot Title: 5C1C,4603,6/21/26 08:30,48.695,
Plot Title: 5C1C,4604,6/21/26 08:45,49.228,
Plot Title: 5C1C,4605,6/21/26 09:00,49.759,
Plot Title: 5C1C,4606,6/21/26 09:15,49.759,
Plot Title: 5C1C,4607,6/21/26 09:30,50.113,
Plot Title: 5C1C,4608,6/21/26 09:45,50.113,
Plot Title: 5C1C,4609,6/21/26 10:00,50.466,
Plot Title: 5C1C,4610,6/21/26 10:15,50.995,
Plot Title: 5C1C,4611,6/21/26 10:30,51.699,
Plot Title: 5C1C,4612,6/21/26 10:45,52.05,
Plot Title: 5C1C,4613,6/21/26 11:00,52.225,
Plot Title: 5C1C,4614,6/21/26 11:15,52.576,
Plot Title: 5C1C,4615,6/21/26 11:30,53.449,
Plot Title: 5C1C,4616,6/21/26 11:45,54.495,
Plot Title: 5C1C,4617,6/21/26 12:00,62.94,
Plot Title: 5C1C,4618,6/21/26 12:15,64.31,
Plot Title: 5C1C,4619,6/21/26 12:30,70.824,
Plot Title: 5C1C,4620,6/21/26 12:45,70.48,
Plot Title: 5C1C,4621,6/21/26 13:00,69.107,
Plot Title: 5C1C,4622,6/21/26 13:15,67.735,
Plot Title: 5C1C,4623,6/21/26 13:30,67.906,
Plot Title: 5C1C,4624,6/21/26 13:45,68.077,
Plot Title: 5C1C,4625,6/21/26 14:00,68.248,
Plot Title: 5C1C,4626,6/21/26 14:15,66.537,
Plot Title: 5C1C,4627,6/21/26 14:30,66.879,
Plot Title: 5C1C,4628,6/21/26 14:45,66.879,
Plot Title: 5C1C,4629,6/21/26 15:00,67.392,
Plot Title: 5C1C,4630,6/21/26 15:15,66.879,
Plot Title: 5C1C,4631,6/21/26 15:30,67.05,
Plot Title: 5C1C,4632,6/21/26 15:45,65.851,
Plot Title: 5C1C,4633,6/21/26 16:00,65.68,
Plot Title: 5C1C,4634,6/21/26 16:15,65.338,
Plot Title: 5C1C,4635,6/21/26 16:30,65.338,
Plot Title: 5C1C,4636,6/21/26 16:45,64.481,
Plot Title: 5C1C,4637,6/21/26 17:00,64.481,
Plot Title: 5C1C,4638,6/21/26 17:15,64.825,
Plot Title: 5C1C,4639,6/21/26 17:30,65.509,
Plot Title: 5C1C,4640,6/21/26 17:45,65.68,
Plot Title: 5C1C,4641,6/21/26 18:00,63.455,
Plot Title: 5C1C,4642,6/21/26 18:15,62.425,
Plot Title: 5C1C,4643,6/21/26 18:30,61.741,
Plot Title: 5C1C,4644,6/21/26 18:45,60.883,
Plot Title: 5C1C,4645,6/21/26 19:00,60.195,
Plot Title: 5C1C,4646,6/21/26 19:15,59.851,
Plot Title: 5C1C,4647,6/21/26 19:30,59.68,
Plot Title: 5C1C,4648,6/21/26 19:45,59.337,
Plot Title: 5C1C,4649,6/21/26 20:00,58.993,
Plot Title: 5C1C,4650,6/21/26 20:15,58.303,
Plot Title: 5C1C,4651,6/21/26 20:30,57.441,
Plot Title: 5C1C,4652,6/21/26 20:45,56.75,
Plot Title: 5C1C,4653,6/21/26 21:00,56.404,
Plot Title: 5C1C,4654,6/21/26 21:15,55.884,
Plot Title: 5C1C,4655,6/21/26 21:30,55.537,
Plot Title: 5C1C,4656,6/21/26 21:45,54.669,
Plot Title: 5C1C,4657,6/21/26 22:00,53.623,
Plot Title: 5C1C,4658,6/21/26 22:15,52.75,
Plot Title: 5C1C,4659,6/21/26 22:30,52.225,
Plot Title: 5C1C,4660,6/21/26 22:45,51.874,
Plot Title: 5C1C,4661,6/21/26 23:00,51.523,
Plot Title: 5C1C,4662,6/21/26 23:15,51.172,
Plot Title: 5C1C,4663,6/21/26 23:30,50.819,
Plot Title: 5C1C,4664,6/21/26 23:45,50.29,
Plot Title: 5C1C,4665,6/22/26 00:00,50.113,
Plot Title: 5C1C,4666,6/22/26 00:15,49.937,
Plot Title: 5C1C,4667,6/22/26 00:30,49.582,
Plot Title: 5C1C,4668,6/22/26 00:45,49.404,
Plot Title: 5C1C,4669,6/22/26 01:00,49.228,
Plot Title: 5C1C,4670,6/22/26 01:15,49.05,
Plot Title: 5C1C,4671,6/22/26 01:30,48.871,
Plot Title: 5C1C,4672,6/22/26 01:45,48.517,
Plot Title: 5C1C,4673,6/22/26 02:00,48.339,
Plot Title: 5C1C,4674,6/22/26 02:15,48.16,
Plot Title: 5C1C,4675,6/22/26 02:30,48.16,
Plot Title: 5C1C,4676,6/22/26 02:45,48.16,
Plot Title: 5C1C,4677,6/22/26 03:00,47.802,
Plot Title: 5C1C,4678,6/22/26 03:15,47.624,
Plot Title: 5C1C,4679,6/22/26 03:30,47.446,
Plot Title: 5C1C,4680,6/22/26 03:45,47.266,
Plot Title: 5C1C,4681,6/22/26 04:00,47.266,
Plot Title: 5C1C,4682,6/22/26 04:15,47.088,
Plot Title: 5C1C,4683,6/22/26 04:30,47.088,
Plot Title: 5C1C,4684,6/22/26 04:45,47.088,
Plot Title: 5C1C,4685,6/22/26 05:00,47.088,
Plot Title: 5C1C,4686,6/22/26 05:15,46.908,
Plot Title: 5C1C,4687,6/22/26 05:30,46.908,
Plot Title: 5C1C,4688,6/22/26 05:45,46.908,
Plot Title: 5C1C,4689,6/22/26 06:00,46.728,
Plot Title: 5C1C,4690,6/22/26 06:15,46.908,
Plot Title: 5C1C,4691,6/22/26 06:30,46.908,
Plot Title: 5C1C,4692,6/22/26 06:45,47.088,
Plot Title: 5C1C,4693,6/22/26 07:00,47.266,
Plot Title: 5C1C,4694,6/22/26 07:15,47.266,
Plot Title: 5C1C,4695,6/22/26 07:30,47.266,
Plot Title: 5C1C,4696,6/22/26 07:45,47.266,
Plot Title: 5C1C,4697,6/22/26 08:00,47.088,
Plot Title: 5C1C,4698,6/22/26 08:15,47.266,
Plot Title: 5C1C,4699,6/22/26 08:30,47.446,
Plot Title: 5C1C,4700,6/22/26 08:45,47.982,
Plot Title: 5C1C,4701,6/22/26 09:00,48.517,
Plot Title: 5C1C,4702,6/22/26 09:15,49.05,
Plot Title: 5C1C,4703,6/22/26 09:30,49.228,
Plot Title: 5C1C,4704,6/22/26 09:45,49.228,
Plot Title: 5C1C,4705,6/22/26 10:00,49.759,
Plot Title: 5C1C,4706,6/22/26 10:15,49.937,
Plot Title: 5C1C,4707,6/22/26 10:30,50.29,
Plot Title: 5C1C,4708,6/22/26 10:45,50.995,
Plot Title: 5C1C,4709,6/22/26 11:00,52.05,
Plot Title: 5C1C,4710,6/22/26 11:15,52.75,
Plot Title: 5C1C,4711,6/22/26 11:30,53.449,
Plot Title: 5C1C,4712,6/22/26 11:45,54.322,
Plot Title: 5C1C,4713,6/22/26 12:00,67.735,
Plot Title: 5C1C,4714,6/22/26 12:15,72.372,
Plot Title: 5C1C,4715,6/22/26 12:30,72.545,
Plot Title: 5C1C,4716,6/22/26 12:45,70.137,
Plot Title: 5C1C,4717,6/22/26 13:00,68.421,
Plot Title: 5C1C,4718,6/22/26 13:15,68.248,
Plot Title: 5C1C,4719,6/22/26 13:30,68.421,
Plot Title: 5C1C,4720,6/22/26 13:45,68.763,
Plot Title: 5C1C,4721,6/22/26 14:00,68.592,
Plot Title: 5C1C,4722,6/22/26 14:15,68.763,
Plot Title: 5C1C,4723,6/22/26 14:30,68.077,
Plot Title: 5C1C,4724,6/22/26 14:45,66.879,
Plot Title: 5C1C,4725,6/22/26 15:00,66.537,
Plot Title: 5C1C,4726,6/22/26 15:15,66.193,
Plot Title: 5C1C,4727,6/22/26 15:30,66.708,
Plot Title: 5C1C,4728,6/22/26 15:45,65.509,
Plot Title: 5C1C,4729,6/22/26 16:00,65.851,
Plot Title: 5C1C,4730,6/22/26 16:15,66.193,
Plot Title: 5C1C,4731,6/22/26 16:30,67.221,
Plot Title: 5C1C,4732,6/22/26 16:45,68.934,
Plot Title: 5C1C,4733,6/22/26 17:00,67.906,
Plot Title: 5C1C,4734,6/22/26 17:15,66.708,
Plot Title: 5C1C,4735,6/22/26 17:30,67.735,
Plot Title: 5C1C,4736,6/22/26 17:45,66.537,
Plot Title: 5C1C,4737,6/22/26 18:00,63.797,
Plot Title: 5C1C,4738,6/22/26 18:15,62.254,
Plot Title: 5C1C,4739,6/22/26 18:30,60.712,
Plot Title: 5C1C,4740,6/22/26 18:45,59.68,
Plot Title: 5C1C,4741,6/22/26 19:00,58.993,
Plot Title: 5C1C,4742,6/22/26 19:15,58.131,
Plot Title: 5C1C,4743,6/22/26 19:30,57.785,
Plot Title: 5C1C,4744,6/22/26 19:45,57.785,
Plot Title: 5C1C,4745,6/22/26 20:00,57.096,
Plot Title: 5C1C,4746,6/22/26 20:15,56.404,
Plot Title: 5C1C,4747,6/22/26 20:30,55.884,
Plot Title: 5C1C,4748,6/22/26 20:45,55.364,
Plot Title: 5C1C,4749,6/22/26 21:00,55.017,
Plot Title: 5C1C,4750,6/22/26 21:15,54.669,
Plot Title: 5C1C,4751,6/22/26 21:30,54.322,
Plot Title: 5C1C,4752,6/22/26 21:45,53.623,
Plot Title: 5C1C,4753,6/22/26 22:00,52.75,
Plot Title: 5C1C,4754,6/22/26 22:15,52.225,
Plot Title: 5C1C,4755,6/22/26 22:30,51.523,
Plot Title: 5C1C,4756,6/22/26 22:45,51.172,
Plot Title: 5C1C,4757,6/22/26 23:00,50.819,
Plot Title: 5C1C,4758,6/22/26 23:15,50.29,
Plot Title: 5C1C,4759,6/22/26 23:30,49.937,
Plot Title: 5C1C,4760,6/22/26 23:45,49.582,
Plot Title: 5C1C,4761,6/23/26 00:00,49.228,
Plot Title: 5C1C,4762,6/23/26 00:15,48.871,
Plot Title: 5C1C,4763,6/23/26 00:30,48.517,
Plot Title: 5C1C,4764,6/23/26 00:45,48.16,
Plot Title: 5C1C,4765,6/23/26 01:00,47.802,
Plot Title: 5C1C,4766,6/23/26 01:15,47.446,
Plot Title: 5C1C,4767,6/23/26 01:30,47.088,
Plot Title: 5C1C,4768,6/23/26 01:45,46.908,
Plot Title: 5C1C,4769,6/23/26 02:00,46.369,
Plot Title: 5C1C,4770,6/23/26 02:15,46.188,
Plot Title: 5C1C,4771,6/23/26 02:30,46.008,
Plot Title: 5C1C,4772,6/23/26 02:45,45.828,
Plot Title: 5C1C,4773,6/23/26 03:00,45.648,
Plot Title: 5C1C,4774,6/23/26 03:15,45.286,
Plot Title: 5C1C,4775,6/23/26 03:30,45.104,
Plot Title: 5C1C,4776,6/23/26 03:45,44.922,
Plot Title: 5C1C,4777,6/23/26 04:00,44.56,
Plot Title: 5C1C,4778,6/23/26 04:15,44.379,
Plot Title: 5C1C,4779,6/23/26 04:30,44.195,
Plot Title: 5C1C,4780,6/23/26 04:45,44.013,
Plot Title: 5C1C,4781,6/23/26 05:00,43.831,
Plot Title: 5C1C,4782,6/23/26 05:15,43.648,
Plot Title: 5C1C,4783,6/23/26 05:30,43.466,
Plot Title: 5C1C,4784,6/23/26 05:45,43.466,
Plot Title: 5C1C,4785,6/23/26 06:00,43.282,
Plot Title: 5C1C,4786,6/23/26 06:15,43.282,
Plot Title: 5C1C,4787,6/23/26 06:30,43.466,
Plot Title: 5C1C,4788,6/23/26 06:45,43.466,
Plot Title: 5C1C,4789,6/23/26 07:00,43.466,
Plot Title: 5C1C,4790,6/23/26 07:15,43.648,
Plot Title: 5C1C,4791,6/23/26 07:30,43.648,
Plot Title: 5C1C,4792,6/23/26 07:45,43.831,
Plot Title: 5C1C,4793,6/23/26 08:00,43.831,
Plot Title: 5C1C,4794,6/23/26 08:15,44.013,
Plot Title: 5C1C,4795,6/23/26 08:30,44.195,
Plot Title: 5C1C,4796,6/23/26 08:45,44.379,
Plot Title: 5C1C,4797,6/23/26 09:00,44.922,
Plot Title: 5C1C,4798,6/23/26 09:15,45.286,
Plot Title: 5C1C,4799,6/23/26 09:30,45.648,
Plot Title: 5C1C,4800,6/23/26 09:45,46.008,
Plot Title: 5C1C,4801,6/23/26 10:00,46.728,
Plot Title: 5C1C,4802,6/23/26 10:15,46.908,
Plot Title: 5C1C,4803,6/23/26 10:30,47.088,
Plot Title: 5C1C,4804,6/23/26 10:45,47.446,
Plot Title: 5C1C,4805,6/23/26 11:00,47.802,
Plot Title: 5C1C,4806,6/23/26 11:15,48.16,
Plot Title: 5C1C,4807,6/23/26 11:30,48.695,
Plot Title: 5C1C,4808,6/23/26 11:45,50.643,
Plot Title: 5C1C,4809,6/23/26 12:00,64.996,
Plot Title: 5C1C,4810,6/23/26 12:15,70.651,
Plot Title: 5C1C,4811,6/23/26 12:30,70.995,
Plot Title: 5C1C,4812,6/23/26 12:45,69.449,
Plot Title: 5C1C,4813,6/23/26 13:00,68.077,
Plot Title: 5C1C,4814,6/23/26 13:15,67.564,
Plot Title: 5C1C,4815,6/23/26 13:30,68.077,
Plot Title: 5C1C,4816,6/23/26 13:45,68.763,
Plot Title: 5C1C,4817,6/23/26 14:00,68.934,
Plot Title: 5C1C,4818,6/23/26 14:15,68.934,
Plot Title: 5C1C,4819,6/23/26 14:30,69.107,
Plot Title: 5C1C,4820,6/23/26 14:45,68.763,
Plot Title: 5C1C,4821,6/23/26 15:00,68.592,
Plot Title: 5C1C,4822,6/23/26 15:15,68.592,
Plot Title: 5C1C,4823,6/23/26 15:30,68.592,
Plot Title: 5C1C,4824,6/23/26 15:45,68.421,
Plot Title: 5C1C,4825,6/23/26 16:00,68.421,
Plot Title: 5C1C,4826,6/23/26 16:15,68.592,
Plot Title: 5C1C,4827,6/23/26 16:30,69.278,
Plot Title: 5C1C,4828,6/23/26 16:45,70.995,
Plot Title: 5C1C,4829,6/23/26 17:00,70.651,
Plot Title: 5C1C,4830,6/23/26 17:15,70.48,
Plot Title: 5C1C,4831,6/23/26 17:30,70.824,
Plot Title: 5C1C,4832,6/23/26 17:45,70.824,
Plot Title: 5C1C,4833,6/23/26 18:00,68.592,
Plot Title: 5C1C,4834,6/23/26 18:15,65.851,
Plot Title: 5C1C,4835,6/23/26 18:30,64.139,
Plot Title: 5C1C,4836,6/23/26 18:45,62.769,
Plot Title: 5C1C,4837,6/23/26 19:00,61.569,
Plot Title: 5C1C,4838,6/23/26 19:15,60.712,
Plot Title: 5C1C,4839,6/23/26 19:30,60.024,
Plot Title: 5C1C,4840,6/23/26 19:45,59.337,
Plot Title: 5C1C,4841,6/23/26 20:00,58.647,
Plot Title: 5C1C,4842,6/23/26 20:15,58.131,
Plot Title: 5C1C,4843,6/23/26 20:30,57.441,
Plot Title: 5C1C,4844,6/23/26 20:45,56.75,
Plot Title: 5C1C,4845,6/23/26 21:00,56.23,
Plot Title: 5C1C,4846,6/23/26 21:15,55.711,
Plot Title: 5C1C,4847,6/23/26 21:30,55.364,
Plot Title: 5C1C,4848,6/23/26 21:45,55.017,
Plot Title: 5C1C,4849,6/23/26 22:00,54.669,
Plot Title: 5C1C,4850,6/23/26 22:15,54.495,
Plot Title: 5C1C,4851,6/23/26 22:30,54.147,
Plot Title: 5C1C,4852,6/23/26 22:45,53.798,
Plot Title: 5C1C,4853,6/23/26 23:00,53.449,
Plot Title: 5C1C,4854,6/23/26 23:15,53.274,
Plot Title: 5C1C,4855,6/23/26 23:30,52.925,
Plot Title: 5C1C,4856,6/23/26 23:45,52.576,
Plot Title: 5C1C,4857,6/24/26 00:00,52.225,
Plot Title: 5C1C,4858,6/24/26 00:15,52.05,
Plot Title: 5C1C,4859,6/24/26 00:30,51.699,
Plot Title: 5C1C,4860,6/24/26 00:45,51.523,
Plot Title: 5C1C,4861,6/24/26 01:00,51.523,
Plot Title: 5C1C,4862,6/24/26 01:15,51.523,
Plot Title: 5C1C,4863,6/24/26 01:30,51.523,
Plot Title: 5C1C,4864,6/24/26 01:45,51.523,
Plot Title: 5C1C,4865,6/24/26 02:00,51.346,
Plot Title: 5C1C,4866,6/24/26 02:15,51.172,
Plot Title: 5C1C,4867,6/24/26 02:30,50.819,
Plot Title: 5C1C,4868,6/24/26 02:45,50.643,
Plot Title: 5C1C,4869,6/24/26 03:00,50.466,
Plot Title: 5C1C,4870,6/24/26 03:15,50.29,
Plot Title: 5C1C,4871,6/24/26 03:30,49.937,
Plot Title: 5C1C,4872,6/24/26 03:45,49.582,
Plot Title: 5C1C,4873,6/24/26 04:00,49.228,
Plot Title: 5C1C,4874,6/24/26 04:15,49.05,
Plot Title: 5C1C,4875,6/24/26 04:30,48.871,
Plot Title: 5C1C,4876,6/24/26 04:45,48.695,
Plot Title: 5C1C,4877,6/24/26 05:00,48.871,
Plot Title: 5C1C,4878,6/24/26 05:15,49.05,
Plot Title: 5C1C,4879,6/24/26 05:30,48.695,
Plot Title: 5C1C,4880,6/24/26 05:45,48.339,
Plot Title: 5C1C,4881,6/24/26 06:00,48.16,
Plot Title: 5C1C,4882,6/24/26 06:15,47.802,
Plot Title: 5C1C,4883,6/24/26 06:30,47.802,
Plot Title: 5C1C,4884,6/24/26 06:45,47.624,
Plot Title: 5C1C,4885,6/24/26 07:00,47.624,
Plot Title: 5C1C,4886,6/24/26 07:15,47.446,
Plot Title: 5C1C,4887,6/24/26 07:30,47.446,
Plot Title: 5C1C,4888,6/24/26 07:45,47.446,
Plot Title: 5C1C,4889,6/24/26 08:00,47.624,
Plot Title: 5C1C,4890,6/24/26 08:15,48.339,
Plot Title: 5C1C,4891,6/24/26 08:30,48.871,
Plot Title: 5C1C,4892,6/24/26 08:45,48.871,
Plot Title: 5C1C,4893,6/24/26 09:00,49.05,
Plot Title: 5C1C,4894,6/24/26 09:15,49.404,
Plot Title: 5C1C,4895,6/24/26 09:30,49.582,
Plot Title: 5C1C,4896,6/24/26 09:45,49.759,
Plot Title: 5C1C,4897,6/24/26 10:00,50.29,
Plot Title: 5C1C,4898,6/24/26 10:15,50.466,
Plot Title: 5C1C,4899,6/24/26 10:30,50.643,
Plot Title: 5C1C,4900,6/24/26 10:45,50.995,
Plot Title: 5C1C,4901,6/24/26 11:00,51.523,
Plot Title: 5C1C,4902,6/24/26 11:15,51.699,
Plot Title: 5C1C,4903,6/24/26 11:30,52.401,
Plot Title: 5C1C,4904,6/24/26 11:45,53.973,
Plot Title: 5C1C,4905,6/24/26 12:00,68.248,
Plot Title: 5C1C,4906,6/24/26 12:15,75.484,
Plot Title: 5C1C,4907,6/24/26 12:30,75.139,
Plot Title: 5C1C,4908,6/24/26 12:45,74.964,
Plot Title: 5C1C,4909,6/24/26 13:00,72.372,
Plot Title: 5C1C,4910,6/24/26 13:15,72.028,
Plot Title: 5C1C,4911,6/24/26 13:30,72.372,
Plot Title: 5C1C,4912,6/24/26 13:45,72.891,
Plot Title: 5C1C,4913,6/24/26 14:00,73.407,
Plot Title: 5C1C,4914,6/24/26 14:15,73.234,
Plot Title: 5C1C,4915,6/24/26 14:30,73.407,
Plot Title: 5C1C,4916,6/24/26 14:45,73.234,
Plot Title: 5C1C,4917,6/24/26 15:00,71.856,
Plot Title: 5C1C,4918,6/24/26 15:15,70.308,
Plot Title: 5C1C,4919,6/24/26 15:30,69.449,
Plot Title: 5C1C,4920,6/24/26 15:45,69.622,
Plot Title: 5C1C,4921,6/24/26 16:00,69.278,
Plot Title: 5C1C,4922,6/24/26 16:15,69.793,
Plot Title: 5C1C,4923,6/24/26 16:30,69.793,
Plot Title: 5C1C,4924,6/24/26 16:45,70.308,
Plot Title: 5C1C,4925,6/24/26 17:00,69.793,
Plot Title: 5C1C,4926,6/24/26 17:15,69.793,
Plot Title: 5C1C,4927,6/24/26 17:30,69.793,
Plot Title: 5C1C,4928,6/24/26 17:45,70.651,
Plot Title: 5C1C,4929,6/24/26 18:00,69.107,
Plot Title: 5C1C,4930,6/24/26 18:15,66.708,
Plot Title: 5C1C,4931,6/24/26 18:30,65.509,
Plot Title: 5C1C,4932,6/24/26 18:45,64.652,
Plot Title: 5C1C,4933,6/24/26 19:00,63.797,
Plot Title: 5C1C,4934,6/24/26 19:15,62.94,
Plot Title: 5C1C,4935,6/24/26 19:30,62.083,
Plot Title: 5C1C,4936,6/24/26 19:45,61.054,
Plot Title: 5C1C,4937,6/24/26 20:00,60.368,
Plot Title: 5C1C,4938,6/24/26 20:15,60.195,
Plot Title: 5C1C,4939,6/24/26 20:30,60.024,
Plot Title: 5C1C,4940,6/24/26 20:45,59.508,
Plot Title: 5C1C,4941,6/24/26 21:00,58.993,
Plot Title: 5C1C,4942,6/24/26 21:15,58.476,
Plot Title: 5C1C,4943,6/24/26 21:30,57.958,
Plot Title: 5C1C,4944,6/24/26 21:45,57.614,
Plot Title: 5C1C,4945,6/24/26 22:00,57.441,
Plot Title: 5C1C,4946,6/24/26 22:15,56.923,
Plot Title: 5C1C,4947,6/24/26 22:30,56.577,
Plot Title: 5C1C,4948,6/24/26 22:45,56.23,
Plot Title: 5C1C,4949,6/24/26 23:00,56.057,
Plot Title: 5C1C,4950,6/24/26 23:15,55.884,
Plot Title: 5C1C,4951,6/24/26 23:30,55.711,
Plot Title: 5C1C,4952,6/24/26 23:45,55.189,
Plot Title: 5C1C,4953,6/25/26 00:00,54.842,
Plot Title: 5C1C,4954,6/25/26 00:15,54.495,
Plot Title: 5C1C,4955,6/25/26 00:30,54.147,
Plot Title: 5C1C,4956,6/25/26 00:45,54.147,
Plot Title: 5C1C,4957,6/25/26 01:00,54.147,
Plot Title: 5C1C,4958,6/25/26 01:15,54.147,
Plot Title: 5C1C,4959,6/25/26 01:30,54.147,
Plot Title: 5C1C,4960,6/25/26 01:45,54.147,
Plot Title: 5C1C,4961,6/25/26 02:00,53.449,
Plot Title: 5C1C,4962,6/25/26 02:15,52.576,
Plot Title: 5C1C,4963,6/25/26 02:30,52.225,
Plot Title: 5C1C,4964,6/25/26 02:45,51.874,
Plot Title: 5C1C,4965,6/25/26 03:00,51.523,
Plot Title: 5C1C,4966,6/25/26 03:15,51.346,
Plot Title: 5C1C,4967,6/25/26 03:30,51.172,
Plot Title: 5C1C,4968,6/25/26 03:45,50.819,
Plot Title: 5C1C,4969,6/25/26 04:00,50.643,
Plot Title: 5C1C,4970,6/25/26 04:15,50.29,
Plot Title: 5C1C,4971,6/25/26 04:30,50.113,
Plot Title: 5C1C,4972,6/25/26 04:45,50.113,
Plot Title: 5C1C,4973,6/25/26 05:00,50.113,
Plot Title: 5C1C,4974,6/25/26 05:15,50.466,
Plot Title: 5C1C,4975,6/25/26 05:30,50.466,
Plot Title: 5C1C,4976,6/25/26 05:45,50.29,
Plot Title: 5C1C,4977,6/25/26 06:00,50.29,
Plot Title: 5C1C,4978,6/25/26 06:15,50.113,
Plot Title: 5C1C,4979,6/25/26 06:30,50.113,
Plot Title: 5C1C,4980,6/25/26 06:45,50.113,
Plot Title: 5C1C,4981,6/25/26 07:00,50.466,
Plot Title: 5C1C,4982,6/25/26 07:15,48.871,
Plot Title: 5C1C,4983,6/25/26 07:30,47.982,
Plot Title: 5C1C,4984,6/25/26 07:45,49.05,
Plot Title: 5C1C,4985,6/25/26 08:00,49.937,
Plot Title: 5C1C,4986,6/25/26 08:15,49.759,
Plot Title: 5C1C,4987,6/25/26 08:30,49.937,
Plot Title: 5C1C,4988,6/25/26 08:45,50.29,
Plot Title: 5C1C,4989,6/25/26 09:00,50.995,
Plot Title: 5C1C,4990,6/25/26 09:15,50.995,
Plot Title: 5C1C,4991,6/25/26 09:30,50.466,
Plot Title: 5C1C,4992,6/25/26 09:45,50.466,
Plot Title: 5C1C,4993,6/25/26 10:00,50.995,
Plot Title: 5C1C,4994,6/25/26 10:15,51.699,
Plot Title: 5C1C,4995,6/25/26 10:30,52.75,
Plot Title: 5C1C,4996,6/25/26 10:45,53.623,
Plot Title: 5C1C,4997,6/25/26 11:00,54.147,
Plot Title: 5C1C,4998,6/25/26 11:15,54.842,
Plot Title: 5C1C,4999,6/25/26 11:30,55.884,
Plot Title: 5C1C,5000,6/25/26 11:45,56.75,
Plot Title: 5C1C,5001,6/25/26 12:00,62.425,
Plot Title: 5C1C,5002,6/25/26 12:15,66.879,
Plot Title: 5C1C,5003,6/25/26 12:30,67.735,
Plot Title: 5C1C,5004,6/25/26 12:45,66.366,
Plot Title: 5C1C,5005,6/25/26 13:00,63.455,
Plot Title: 5C1C,5006,6/25/26 13:15,63.968,
Plot Title: 5C1C,5007,6/25/26 13:30,66.193,
Plot Title: 5C1C,5008,6/25/26 13:45,66.366,
Plot Title: 5C1C,5009,6/25/26 14:00,67.564,
Plot Title: 5C1C,5010,6/25/26 14:15,68.592,
Plot Title: 5C1C,5011,6/25/26 14:30,68.248,
Plot Title: 5C1C,5012,6/25/26 14:45,70.137,
Plot Title: 5C1C,5013,6/25/26 15:00,71.683,
Plot Title: 5C1C,5014,6/25/26 15:15,71.339,
Plot Title: 5C1C,5015,6/25/26 15:30,69.622,
Plot Title: 5C1C,5016,6/25/26 15:45,68.421,
Plot Title: 5C1C,5017,6/25/26 16:00,67.564,
Plot Title: 5C1C,5018,6/25/26 16:15,66.022,
Plot Title: 5C1C,5019,6/25/26 16:30,64.481,
Plot Title: 5C1C,5020,6/25/26 16:45,62.598,
Plot Title: 5C1C,5021,6/25/26 17:00,64.652,
Plot Title: 5C1C,5022,6/25/26 17:15,65.509,
Plot Title: 5C1C,5023,6/25/26 17:30,64.825,
Plot Title: 5C1C,5024,6/25/26 17:45,63.455,
Plot Title: 5C1C,5025,6/25/26 18:00,63.111,
Plot Title: 5C1C,5026,6/25/26 18:15,61.741,
Plot Title: 5C1C,5027,6/25/26 18:30,60.712,
Plot Title: 5C1C,5028,6/25/26 18:45,60.024,
Plot Title: 5C1C,5029,6/25/26 19:00,59.68,
Plot Title: 5C1C,5030,6/25/26 19:15,59.337,
Plot Title: 5C1C,5031,6/25/26 19:30,58.993,
Plot Title: 5C1C,5032,6/25/26 19:45,58.647,
Plot Title: 5C1C,5033,6/25/26 20:00,57.958,
Plot Title: 5C1C,5034,6/25/26 20:15,57.268,
Plot Title: 5C1C,5035,6/25/26 20:30,56.923,
Plot Title: 5C1C,5036,6/25/26 20:45,56.75,
Plot Title: 5C1C,5037,6/25/26 21:00,55.711,
Plot Title: 5C1C,5038,6/25/26 21:15,54.669,
Plot Title: 5C1C,5039,6/25/26 21:30,54.322,
Plot Title: 5C1C,5040,6/25/26 21:45,54.147,
Plot Title: 5C1C,5041,6/25/26 22:00,54.322,
Plot Title: 5C1C,5042,6/25/26 22:15,53.973,
Plot Title: 5C1C,5043,6/25/26 22:30,53.798,
Plot Title: 5C1C,5044,6/25/26 22:45,53.798,
Plot Title: 5C1C,5045,6/25/26 23:00,53.449,
Plot Title: 5C1C,5046,6/25/26 23:15,53.274,
Plot Title: 5C1C,5047,6/25/26 23:30,53.1,
Plot Title: 5C1C,5048,6/25/26 23:45,52.75,
Plot Title: 5C1C,5049,6/26/26 00:00,52.75,
Plot Title: 5C1C,5050,6/26/26 00:15,52.75,
Plot Title: 5C1C,5051,6/26/26 00:30,52.925,
Plot Title: 5C1C,5052,6/26/26 00:45,52.75,
Plot Title: 5C1C,5053,6/26/26 01:00,52.401,
Plot Title: 5C1C,5054,6/26/26 01:15,52.05,
Plot Title: 5C1C,5055,6/26/26 01:30,51.523,
Plot Title: 5C1C,5056,6/26/26 01:45,51.523,
Plot Title: 5C1C,5057,6/26/26 02:00,51.523,
Plot Title: 5C1C,5058,6/26/26 02:15,51.523,
Plot Title: 5C1C,5059,6/26/26 02:30,51.523,
Plot Title: 5C1C,5060,6/26/26 02:45,51.523,
Plot Title: 5C1C,5061,6/26/26 03:00,51.523,
Plot Title: 5C1C,5062,6/26/26 03:15,51.523,
Plot Title: 5C1C,5063,6/26/26 03:30,51.523,
Plot Title: 5C1C,5064,6/26/26 03:45,51.523,
Plot Title: 5C1C,5065,6/26/26 04:00,51.523,
Plot Title: 5C1C,5066,6/26/26 04:15,51.523,
Plot Title: 5C1C,5067,6/26/26 04:30,51.346,
Plot Title: 5C1C,5068,6/26/26 04:45,50.995,
Plot Title: 5C1C,5069,6/26/26 05:00,50.995,
Plot Title: 5C1C,5070,6/26/26 05:15,50.819,
Plot Title: 5C1C,5071,6/26/26 05:30,50.819,
Plot Title: 5C1C,5072,6/26/26 05:45,50.643,
Plot Title: 5C1C,5073,6/26/26 06:00,50.643,
Plot Title: 5C1C,5074,6/26/26 06:15,50.819,
Plot Title: 5C1C,5075,6/26/26 06:30,50.995,
Plot Title: 5C1C,5076,6/26/26 06:45,51.172,
Plot Title: 5C1C,5077,6/26/26 07:00,51.346,
Plot Title: 5C1C,5078,6/26/26 07:15,51.523,
Plot Title: 5C1C,5079,6/26/26 07:30,51.699,
Plot Title: 5C1C,5080,6/26/26 07:45,51.699,
Plot Title: 5C1C,5081,6/26/26 08:00,52.401,
Plot Title: 5C1C,5082,6/26/26 08:15,52.75,
Plot Title: 5C1C,5083,6/26/26 08:30,52.75,
Plot Title: 5C1C,5084,6/26/26 08:45,53.1,
Plot Title: 5C1C,5085,6/26/26 09:00,52.925,
Plot Title: 5C1C,5086,6/26/26 09:15,53.1,
Plot Title: 5C1C,5087,6/26/26 09:30,54.147,
Plot Title: 5C1C,5088,6/26/26 09:45,54.842,
Plot Title: 5C1C,5089,6/26/26 10:00,55.537,
Plot Title: 5C1C,5090,6/26/26 10:15,56.404,
Plot Title: 5C1C,5091,6/26/26 10:30,56.923,
Plot Title: 5C1C,5092,6/26/26 10:45,57.614,
Plot Title: 5C1C,5093,6/26/26 11:00,58.303,
Plot Title: 5C1C,5094,6/26/26 11:15,58.82,
Plot Title: 5C1C,5095,6/26/26 11:30,59.68,
Plot Title: 5C1C,5096,6/26/26 11:45,60.539,
Plot Title: 5C1C,5097,6/26/26 12:00,60.883,
Plot Title: 5C1C,5098,6/26/26 12:15,60.883,
Plot Title: 5C1C,5099,6/26/26 12:30,61.569,
Plot Title: 5C1C,5100,6/26/26 12:45,62.94,
Plot Title: 5C1C,5101,6/26/26 13:00,64.652,
Plot Title: 5C1C,5102,6/26/26 13:15,64.139,
Plot Title: 5C1C,5103,6/26/26 13:30,65.167,
Plot Title: 5C1C,5104,6/26/26 13:45,64.31,
Plot Title: 5C1C,5105,6/26/26 14:00,63.455,
Plot Title: 5C1C,5106,6/26/26 14:15,62.254,
Plot Title: 5C1C,5107,6/26/26 14:30,60.883,
Plot Title: 5C1C,5108,6/26/26 14:45,59.68,
Plot Title: 5C1C,5109,6/26/26 15:00,59.337,
Plot Title: 5C1C,5110,6/26/26 15:15,58.131,
Plot Title: 5C1C,5111,6/26/26 15:30,57.614,
Plot Title: 5C1C,5112,6/26/26 15:45,56.75,
Plot Title: 5C1C,5113,6/26/26 16:00,58.476,
Plot Title: 5C1C,5114,6/26/26 16:15,58.993,
Plot Title: 5C1C,5115,6/26/26 16:30,60.712,
Plot Title: 5C1C,5116,6/26/26 16:45,64.139,
Plot Title: 5C1C,5117,6/26/26 17:00,65.338,
Plot Title: 5C1C,5118,6/26/26 17:15,62.083,
Plot Title: 5C1C,5119,6/26/26 17:30,60.712,
Plot Title: 5C1C,5120,6/26/26 17:45,59.68,
Plot Title: 5C1C,5121,6/26/26 18:00,59.337,
Plot Title: 5C1C,5122,6/26/26 18:15,59.164,
Plot Title: 5C1C,5123,6/26/26 18:30,58.647,
Plot Title: 5C1C,5124,6/26/26 18:45,58.131,
Plot Title: 5C1C,5125,6/26/26 19:00,57.785,
Plot Title: 5C1C,5126,6/26/26 19:15,57.441,
Plot Title: 5C1C,5127,6/26/26 19:30,57.096,
Plot Title: 5C1C,5128,6/26/26 19:45,57.096,
Plot Title: 5C1C,5129,6/26/26 20:00,56.75,
Plot Title: 5C1C,5130,6/26/26 20:15,55.711,
Plot Title: 5C1C,5131,6/26/26 20:30,54.669,
Plot Title: 5C1C,5132,6/26/26 20:45,53.798,
Plot Title: 5C1C,5133,6/26/26 21:00,53.274,
Plot Title: 5C1C,5134,6/26/26 21:15,53.1,
Plot Title: 5C1C,5135,6/26/26 21:30,52.75,
Plot Title: 5C1C,5136,6/26/26 21:45,52.576,
Plot Title: 5C1C,5137,6/26/26 22:00,52.576,
Plot Title: 5C1C,5138,6/26/26 22:15,52.576,
Plot Title: 5C1C,5139,6/26/26 22:30,52.576,
Plot Title: 5C1C,5140,6/26/26 22:45,52.401,
Plot Title: 5C1C,5141,6/26/26 23:00,52.05,
Plot Title: 5C1C,5142,6/26/26 23:15,51.874,
Plot Title: 5C1C,5143,6/26/26 23:30,51.699,
Plot Title: 5C1C,5144,6/26/26 23:45,51.523,
Plot Title: 5C1C,5145,6/27/26 00:00,51.523,
Plot Title: 5C1C,5146,6/27/26 00:15,51.346,
Plot Title: 5C1C,5147,6/27/26 00:30,51.172,
Plot Title: 5C1C,5148,6/27/26 00:45,50.995,
Plot Title: 5C1C,5149,6/27/26 01:00,50.819,
Plot Title: 5C1C,5150,6/27/26 01:15,50.819,
Plot Title: 5C1C,5151,6/27/26 01:30,50.819,
Plot Title: 5C1C,5152,6/27/26 01:45,50.819,
Plot Title: 5C1C,5153,6/27/26 02:00,50.819,
Plot Title: 5C1C,5154,6/27/26 02:15,50.819,
Plot Title: 5C1C,5155,6/27/26 02:30,50.643,
Plot Title: 5C1C,5156,6/27/26 02:45,50.466,
Plot Title: 5C1C,5157,6/27/26 03:00,50.466,
Plot Title: 5C1C,5158,6/27/26 03:15,49.937,
Plot Title: 5C1C,5159,6/27/26 03:30,49.759,
Plot Title: 5C1C,5160,6/27/26 03:45,49.759,
Plot Title: 5C1C,5161,6/27/26 04:00,49.404,
Plot Title: 5C1C,5162,6/27/26 04:15,48.695,
Plot Title: 5C1C,5163,6/27/26 04:30,48.517,
Plot Title: 5C1C,5164,6/27/26 04:45,48.16,
Plot Title: 5C1C,5165,6/27/26 05:00,48.16,
Plot Title: 5C1C,5166,6/27/26 05:15,48.16,
Plot Title: 5C1C,5167,6/27/26 05:30,47.982,
Plot Title: 5C1C,5168,6/27/26 05:45,47.802,
Plot Title: 5C1C,5169,6/27/26 06:00,47.624,
Plot Title: 5C1C,5170,6/27/26 06:15,47.624,
Plot Title: 5C1C,5171,6/27/26 06:30,47.802,
Plot Title: 5C1C,5172,6/27/26 06:45,47.802,
Plot Title: 5C1C,5173,6/27/26 07:00,47.982,
Plot Title: 5C1C,5174,6/27/26 07:15,48.16,
Plot Title: 5C1C,5175,6/27/26 07:30,48.517,
Plot Title: 5C1C,5176,6/27/26 07:45,48.517,
Plot Title: 5C1C,5177,6/27/26 08:00,48.517,
Plot Title: 5C1C,5178,6/27/26 08:15,48.517,
Plot Title: 5C1C,5179,6/27/26 08:30,48.517,
Plot Title: 5C1C,5180,6/27/26 08:45,48.517,
Plot Title: 5C1C,5181,6/27/26 09:00,49.05,
Plot Title: 5C1C,5182,6/27/26 09:15,49.228,
Plot Title: 5C1C,5183,6/27/26 09:30,49.05,
Plot Title: 5C1C,5184,6/27/26 09:45,49.228,
Plot Title: 5C1C,5185,6/27/26 10:00,49.582,
Plot Title: 5C1C,5186,6/27/26 10:15,50.29,
Plot Title: 5C1C,5187,6/27/26 10:30,50.466,
Plot Title: 5C1C,5188,6/27/26 10:45,51.172,
Plot Title: 5C1C,5189,6/27/26 11:00,50.819,
Plot Title: 5C1C,5190,6/27/26 11:15,49.759,
Plot Title: 5C1C,5191,6/27/26 11:30,50.29,
Plot Title: 5C1C,5192,6/27/26 11:45,52.225,
Plot Title: 5C1C,5193,6/27/26 12:00,54.147,
Plot Title: 5C1C,5194,6/27/26 12:15,51.874,
Plot Title: 5C1C,5195,6/27/26 12:30,50.643,
Plot Title: 5C1C,5196,6/27/26 12:45,51.172,
Plot Title: 5C1C,5197,6/27/26 13:00,51.874,
Plot Title: 5C1C,5198,6/27/26 13:15,51.699,
Plot Title: 5C1C,5199,6/27/26 13:30,51.699,
Plot Title: 5C1C,5200,6/27/26 13:45,52.05,
Plot Title: 5C1C,5201,6/27/26 14:00,53.798,
Plot Title: 5C1C,5202,6/27/26 14:15,52.225,
Plot Title: 5C1C,5203,6/27/26 14:30,49.228,
Plot Title: 5C1C,5204,6/27/26 14:45,50.29,
Plot Title: 5C1C,5205,6/27/26 15:00,50.995,
Plot Title: 5C1C,5206,6/27/26 15:15,51.523,
Plot Title: 5C1C,5207,6/27/26 15:30,52.401,
Plot Title: 5C1C,5208,6/27/26 15:45,52.401,
Plot Title: 5C1C,5209,6/27/26 16:00,52.225,
Plot Title: 5C1C,5210,6/27/26 16:15,51.874,
Plot Title: 5C1C,5211,6/27/26 16:30,51.523,
Plot Title: 5C1C,5212,6/27/26 16:45,51.346,
Plot Title: 5C1C,5213,6/27/26 17:00,51.699,
Plot Title: 5C1C,5214,6/27/26 17:15,51.346,
Plot Title: 5C1C,5215,6/27/26 17:30,51.172,
Plot Title: 5C1C,5216,6/27/26 17:45,50.995,
Plot Title: 5C1C,5217,6/27/26 18:00,50.643,
Plot Title: 5C1C,5218,6/27/26 18:15,50.113,
Plot Title: 5C1C,5219,6/27/26 18:30,49.582,
Plot Title: 5C1C,5220,6/27/26 18:45,49.582,
Plot Title: 5C1C,5221,6/27/26 19:00,49.582,
Plot Title: 5C1C,5222,6/27/26 19:15,49.759,
Plot Title: 5C1C,5223,6/27/26 19:30,49.582,
Plot Title: 5C1C,5224,6/27/26 19:45,49.404,
Plot Title: 5C1C,5225,6/27/26 20:00,49.05,
Plot Title: 5C1C,5226,6/27/26 20:15,48.871,
Plot Title: 5C1C,5227,6/27/26 20:30,48.517,
Plot Title: 5C1C,5228,6/27/26 20:45,48.16,
Plot Title: 5C1C,5229,6/27/26 21:00,48.16,
Plot Title: 5C1C,5230,6/27/26 21:15,48.16,
Plot Title: 5C1C,5231,6/27/26 21:30,47.982,
Plot Title: 5C1C,5232,6/27/26 21:45,47.446,
Plot Title: 5C1C,5233,6/27/26 22:00,46.728,
Plot Title: 5C1C,5234,6/27/26 22:15,46.008,
Plot Title: 5C1C,5235,6/27/26 22:30,45.104,
Plot Title: 5C1C,5236,6/27/26 22:45,44.56,
Plot Title: 5C1C,5237,6/27/26 23:00,44.195,
Plot Title: 5C1C,5238,6/27/26 23:15,44.195,
Plot Title: 5C1C,5239,6/27/26 23:30,44.195,
Plot Title: 5C1C,5240,6/27/26 23:45,44.195,
Plot Title: 5C1C,5241,6/28/26 00:00,44.013,
Plot Title: 5C1C,5242,6/28/26 00:15,44.195,
Plot Title: 5C1C,5243,6/28/26 00:30,44.013,
Plot Title: 5C1C,5244,6/28/26 00:45,43.648,
Plot Title: 5C1C,5245,6/28/26 01:00,43.466,
Plot Title: 5C1C,5246,6/28/26 01:15,43.282,
Plot Title: 5C1C,5247,6/28/26 01:30,43.282,
Plot Title: 5C1C,5248,6/28/26 01:45,43.099,
Plot Title: 5C1C,5249,6/28/26 02:00,43.282,
Plot Title: 5C1C,5250,6/28/26 02:15,43.282,
Plot Title: 5C1C,5251,6/28/26 02:30,43.282,
Plot Title: 5C1C,5252,6/28/26 02:45,43.099,
Plot Title: 5C1C,5253,6/28/26 03:00,42.915,
Plot Title: 5C1C,5254,6/28/26 03:15,42.732,
Plot Title: 5C1C,5255,6/28/26 03:30,42.732,
Plot Title: 5C1C,5256,6/28/26 03:45,42.548,
Plot Title: 5C1C,5257,6/28/26 04:00,42.363,
Plot Title: 5C1C,5258,6/28/26 04:15,42.363,
Plot Title: 5C1C,5259,6/28/26 04:30,42.363,
Plot Title: 5C1C,5260,6/28/26 04:45,42.363,
Plot Title: 5C1C,5261,6/28/26 05:00,42.363,
Plot Title: 5C1C,5262,6/28/26 05:15,42.363,
Plot Title: 5C1C,5263,6/28/26 05:30,42.363,
Plot Title: 5C1C,5264,6/28/26 05:45,42.363,
Plot Title: 5C1C,5265,6/28/26 06:00,42.363,
Plot Title: 5C1C,5266,6/28/26 06:15,42.363,
Plot Title: 5C1C,5267,6/28/26 06:30,42.179,
Plot Title: 5C1C,5268,6/28/26 06:45,42.179,
Plot Title: 5C1C,5269,6/28/26 07:00,42.179,
Plot Title: 5C1C,5270,6/28/26 07:15,42.179,
Plot Title: 5C1C,5271,6/28/26 07:30,41.994,
Plot Title: 5C1C,5272,6/28/26 07:45,41.994,
Plot Title: 5C1C,5273,6/28/26 08:00,41.994,
Plot Title: 5C1C,5274,6/28/26 08:15,41.994,
Plot Title: 5C1C,5275,6/28/26 08:30,41.994,
Plot Title: 5C1C,5276,6/28/26 08:45,41.994,
Plot Title: 5C1C,5277,6/28/26 09:00,41.81,
Plot Title: 5C1C,5278,6/28/26 09:15,42.179,
Plot Title: 5C1C,5279,6/28/26 09:30,42.548,
Plot Title: 5C1C,5280,6/28/26 09:45,42.915,
Plot Title: 5C1C,5281,6/28/26 10:00,42.732,
Plot Title: 5C1C,5282,6/28/26 10:15,42.548,
Plot Title: 5C1C,5283,6/28/26 10:30,42.363,
Plot Title: 5C1C,5284,6/28/26 10:45,41.625,
Plot Title: 5C1C,5285,6/28/26 11:00,39.76,
Plot Title: 5C1C,5286,6/28/26 11:15,39.76,
Plot Title: 5C1C,5287,6/28/26 11:30,39.196,
Plot Title: 5C1C,5288,6/28/26 11:45,39.007,
Plot Title: 5C1C,5289,6/28/26 12:00,39.947,
Plot Title: 5C1C,5290,6/28/26 12:15,40.509,
Plot Title: 5C1C,5291,6/28/26 12:30,40.509,
Plot Title: 5C1C,5292,6/28/26 12:45,40.881,
Plot Title: 5C1C,5293,6/28/26 13:00,41.067,
Plot Title: 5C1C,5294,6/28/26 13:15,41.067,
Plot Title: 5C1C,5295,6/28/26 13:30,41.254,
Plot Title: 5C1C,5296,6/28/26 13:45,41.254,
Plot Title: 5C1C,5297,6/28/26 14:00,41.625,
Plot Title: 5C1C,5298,6/28/26 14:15,42.179,
Plot Title: 5C1C,5299,6/28/26 14:30,42.363,
Plot Title: 5C1C,5300,6/28/26 14:45,42.179,
Plot Title: 5C1C,5301,6/28/26 15:00,42.179,
Plot Title: 5C1C,5302,6/28/26 15:15,42.363,
Plot Title: 5C1C,5303,6/28/26 15:30,42.363,
Plot Title: 5C1C,5304,6/28/26 15:45,42.548,
Plot Title: 5C1C,5305,6/28/26 16:00,42.548,
Plot Title: 5C1C,5306,6/28/26 16:15,42.548,
Plot Title: 5C1C,5307,6/28/26 16:30,42.548,
Plot Title: 5C1C,5308,6/28/26 16:45,42.548,
Plot Title: 5C1C,5309,6/28/26 17:00,42.548,
Plot Title: 5C1C,5310,6/28/26 17:15,42.732,
Plot Title: 5C1C,5311,6/28/26 17:30,43.099,
Plot Title: 5C1C,5312,6/28/26 17:45,43.466,
Plot Title: 5C1C,5313,6/28/26 18:00,43.466,
Plot Title: 5C1C,5314,6/28/26 18:15,43.466,
Plot Title: 5C1C,5315,6/28/26 18:30,43.099,
Plot Title: 5C1C,5316,6/28/26 18:45,42.732,
Plot Title: 5C1C,5317,6/28/26 19:00,42.548,
Plot Title: 5C1C,5318,6/28/26 19:15,42.363,
Plot Title: 5C1C,5319,6/28/26 19:30,42.179,
Plot Title: 5C1C,5320,6/28/26 19:45,41.81,
Plot Title: 5C1C,5321,6/28/26 20:00,41.625,
Plot Title: 5C1C,5322,6/28/26 20:15,41.439,
Plot Title: 5C1C,5323,6/28/26 20:30,41.254,
Plot Title: 5C1C,5324,6/28/26 20:45,41.067,
Plot Title: 5C1C,5325,6/28/26 21:00,40.881,
Plot Title: 5C1C,5326,6/28/26 21:15,40.509,
Plot Title: 5C1C,5327,6/28/26 21:30,40.321,
Plot Title: 5C1C,5328,6/28/26 21:45,40.134,
Plot Title: 5C1C,5329,6/28/26 22:00,40.134,
Plot Title: 5C1C,5330,6/28/26 22:15,39.947,
Plot Title: 5C1C,5331,6/28/26 22:30,39.76,
Plot Title: 5C1C,5332,6/28/26 22:45,39.573,
Plot Title: 5C1C,5333,6/28/26 23:00,39.384,
Plot Title: 5C1C,5334,6/28/26 23:15,39.384,
Plot Title: 5C1C,5335,6/28/26 23:30,39.196,
Plot Title: 5C1C,5336,6/28/26 23:45,39.196,
Plot Title: 5C1C,5337,6/29/26 00:00,39.007,
Plot Title: 5C1C,5338,6/29/26 00:15,39.196,
Plot Title: 5C1C,5339,6/29/26 00:30,39.196,
Plot Title: 5C1C,5340,6/29/26 00:45,39.196,
Plot Title: 5C1C,5341,6/29/26 01:00,39.384,
Plot Title: 5C1C,5342,6/29/26 01:15,39.196,
Plot Title: 5C1C,5343,6/29/26 01:30,39.196,
Plot Title: 5C1C,5344,6/29/26 01:45,39.196,
Plot Title: 5C1C,5345,6/29/26 02:00,39.196,
Plot Title: 5C1C,5346,6/29/26 02:15,39.007,
Plot Title: 5C1C,5347,6/29/26 02:30,39.007,
Plot Title: 5C1C,5348,6/29/26 02:45,39.007,
Plot Title: 5C1C,5349,6/29/26 03:00,39.007,
Plot Title: 5C1C,5350,6/29/26 03:15,39.007,
Plot Title: 5C1C,5351,6/29/26 03:30,38.818,
Plot Title: 5C1C,5352,6/29/26 03:45,38.818,
Plot Title: 5C1C,5353,6/29/26 04:00,38.818,
Plot Title: 5C1C,5354,6/29/26 04:15,38.818,
Plot Title: 5C1C,5355,6/29/26 04:30,38.818,
Plot Title: 5C1C,5356,6/29/26 04:45,38.818,
Plot Title: 5C1C,5357,6/29/26 05:00,38.818,
Plot Title: 5C1C,5358,6/29/26 05:15,38.818,
Plot Title: 5C1C,5359,6/29/26 05:30,38.629,
Plot Title: 5C1C,5360,6/29/26 05:45,38.629,
Plot Title: 5C1C,5361,6/29/26 06:00,38.44,
Plot Title: 5C1C,5362,6/29/26 06:15,38.44,
Plot Title: 5C1C,5363,6/29/26 06:30,38.44,
Plot Title: 5C1C,5364,6/29/26 06:45,38.44,
Plot Title: 5C1C,5365,6/29/26 07:00,38.25,
Plot Title: 5C1C,5366,6/29/26 07:15,38.44,
Plot Title: 5C1C,5367,6/29/26 07:30,38.44,
Plot Title: 5C1C,5368,6/29/26 07:45,38.44,
Plot Title: 5C1C,5369,6/29/26 08:00,38.629,
Plot Title: 5C1C,5370,6/29/26 08:15,38.44,
Plot Title: 5C1C,5371,6/29/26 08:30,37.87,
Plot Title: 5C1C,5372,6/29/26 08:45,37.87,
Plot Title: 5C1C,5373,6/29/26 09:00,37.679,
Plot Title: 5C1C,5374,6/29/26 09:15,37.297,
Plot Title: 5C1C,5375,6/29/26 09:30,37.297,
Plot Title: 5C1C,5376,6/29/26 09:45,36.914,
Plot Title: 5C1C,5377,6/29/26 10:00,36.723,
Plot Title: 5C1C,5378,6/29/26 10:15,36.914,
Plot Title: 5C1C,5379,6/29/26 10:30,36.723,
Plot Title: 5C1C,5380,6/29/26 10:45,36.723,
Plot Title: 5C1C,5381,6/29/26 11:00,36.338,
Plot Title: 5C1C,5382,6/29/26 11:15,35.951,
Plot Title: 5C1C,5383,6/29/26 11:30,36.145,
Plot Title: 5C1C,5384,6/29/26 11:45,35.758,
Plot Title: 5C1C,5385,6/29/26 12:00,35.37,
Plot Title: 5C1C,5386,6/29/26 12:15,35.37,
Plot Title: 5C1C,5387,6/29/26 12:30,35.37,
Plot Title: 5C1C,5388,6/29/26 12:45,35.564,
Plot Title: 5C1C,5389,6/29/26 13:00,35.564,
Plot Title: 5C1C,5390,6/29/26 13:15,35.564,
Plot Title: 5C1C,5391,6/29/26 13:30,35.758,
Plot Title: 5C1C,5392,6/29/26 13:45,36.145,
Plot Title: 5C1C,5393,6/29/26 14:00,36.145,
Plot Title: 5C1C,5394,6/29/26 14:15,36.338,
Plot Title: 5C1C,5395,6/29/26 14:30,36.723,
Plot Title: 5C1C,5396,6/29/26 14:45,37.107,
Plot Title: 5C1C,5397,6/29/26 15:00,37.107,
Plot Title: 5C1C,5398,6/29/26 15:15,37.107,
Plot Title: 5C1C,5399,6/29/26 15:30,37.297,
Plot Title: 5C1C,5400,6/29/26 15:45,37.488,
Plot Title: 5C1C,5401,6/29/26 16:00,37.488,
Plot Title: 5C1C,5402,6/29/26 16:15,37.679,
Plot Title: 5C1C,5403,6/29/26 16:30,37.87,
Plot Title: 5C1C,5404,6/29/26 16:45,38.25,
Plot Title: 5C1C,5405,6/29/26 17:00,39.007,
Plot Title: 5C1C,5406,6/29/26 17:15,39.196,
Plot Title: 5C1C,5407,6/29/26 17:30,39.573,
Plot Title: 5C1C,5408,6/29/26 17:45,39.947,
Plot Title: 5C1C,5409,6/29/26 18:00,40.134,
Plot Title: 5C1C,5410,6/29/26 18:15,40.134,
Plot Title: 5C1C,5411,6/29/26 18:30,40.134,
Plot Title: 5C1C,5412,6/29/26 18:45,40.321,
Plot Title: 5C1C,5413,6/29/26 19:00,40.321,
Plot Title: 5C1C,5414,6/29/26 19:15,40.321,
Plot Title: 5C1C,5415,6/29/26 19:30,40.321,
Plot Title: 5C1C,5416,6/29/26 19:45,40.509,
Plot Title: 5C1C,5417,6/29/26 20:00,40.509,
Plot Title: 5C1C,5418,6/29/26 20:15,40.509,
Plot Title: 5C1C,5419,6/29/26 20:30,40.509,
Plot Title: 5C1C,5420,6/29/26 20:45,40.509,
Plot Title: 5C1C,5421,6/29/26 21:00,40.321,
Plot Title: 5C1C,5422,6/29/26 21:15,40.321,
Plot Title: 5C1C,5423,6/29/26 21:30,40.321,
Plot Title: 5C1C,5424,6/29/26 21:45,40.321,
Plot Title: 5C1C,5425,6/29/26 22:00,40.134,
Plot Title: 5C1C,5426,6/29/26 22:15,40.321,
Plot Title: 5C1C,5427,6/29/26 22:30,40.321,
Plot Title: 5C1C,5428,6/29/26 22:45,40.321,
Plot Title: 5C1C,5429,6/29/26 23:00,40.321,
Plot Title: 5C1C,5430,6/29/26 23:15,40.321,
Plot Title: 5C1C,5431,6/29/26 23:30,40.134,
Plot Title: 5C1C,5432,6/29/26 23:45,40.134,
Plot Title: 5C1C,5433,6/30/26 00:00,40.321,
Plot Title: 5C1C,5434,6/30/26 00:15,40.321,
Plot Title: 5C1C,5435,6/30/26 00:30,40.321,
Plot Title: 5C1C,5436,6/30/26 00:45,40.134,
Plot Title: 5C1C,5437,6/30/26 01:00,40.134,
Plot Title: 5C1C,5438,6/30/26 01:15,40.134,
Plot Title: 5C1C,5439,6/30/26 01:30,40.321,
Plot Title: 5C1C,5440,6/30/26 01:45,40.321,
Plot Title: 5C1C,5441,6/30/26 02:00,40.321,
Plot Title: 5C1C,5442,6/30/26 02:15,40.321,
Plot Title: 5C1C,5443,6/30/26 02:30,40.321,
Plot Title: 5C1C,5444,6/30/26 02:45,40.509,
Plot Title: 5C1C,5445,6/30/26 03:00,40.509,
Plot Title: 5C1C,5446,6/30/26 03:15,40.509,
Plot Title: 5C1C,5447,6/30/26 03:30,40.509,
Plot Title: 5C1C,5448,6/30/26 03:45,40.509,
Plot Title: 5C1C,5449,6/30/26 04:00,40.509,
Plot Title: 5C1C,5450,6/30/26 04:15,40.509,
Plot Title: 5C1C,5451,6/30/26 04:30,40.509,
Plot Title: 5C1C,5452,6/30/26 04:45,40.509,
Plot Title: 5C1C,5453,6/30/26 05:00,40.509,
Plot Title: 5C1C,5454,6/30/26 05:15,40.509,
Plot Title: 5C1C,5455,6/30/26 05:30,40.509,
Plot Title: 5C1C,5456,6/30/26 05:45,40.509,
Plot Title: 5C1C,5457,6/30/26 06:00,40.696,
Plot Title: 5C1C,5458,6/30/26 06:15,40.696,
Plot Title: 5C1C,5459,6/30/26 06:30,40.696,
Plot Title: 5C1C,5460,6/30/26 06:45,40.696,
Plot Title: 5C1C,5461,6/30/26 07:00,40.696,
Plot Title: 5C1C,5462,6/30/26 07:15,40.696,
Plot Title: 5C1C,5463,6/30/26 07:30,40.881,
Plot Title: 5C1C,5464,6/30/26 07:45,41.067,
Plot Title: 5C1C,5465,6/30/26 08:00,41.439,
Plot Title: 5C1C,5466,6/30/26 08:15,41.81,
Plot Title: 5C1C,5467,6/30/26 08:30,42.363,
Plot Title: 5C1C,5468,6/30/26 08:45,42.732,
Plot Title: 5C1C,5469,6/30/26 09:00,43.282,
Plot Title: 5C1C,5470,6/30/26 09:15,43.831,
Plot Title: 5C1C,5471,6/30/26 09:30,44.56,
Plot Title: 5C1C,5472,6/30/26 09:45,45.104,
Plot Title: 5C1C,5473,6/30/26 10:00,45.286,
Plot Title: 5C1C,5474,6/30/26 10:15,45.828,
Plot Title: 5C1C,5475,6/30/26 10:30,45.828,
Plot Title: 5C1C,5476,6/30/26 10:45,46.548,
Plot Title: 5C1C,5477,6/30/26 11:00,47.266,
Plot Title: 5C1C,5478,6/30/26 11:15,48.339,
Plot Title: 5C1C,5479,6/30/26 11:30,48.871,
Plot Title: 5C1C,5480,6/30/26 11:45,50.113,
Plot Title: 5C1C,5481,6/30/26 12:00,50.29,
Plot Title: 5C1C,5482,6/30/26 12:15,50.819,
Plot Title: 5C1C,5483,6/30/26 12:30,50.995,
Plot Title: 5C1C,5484,6/30/26 12:45,51.172,
Plot Title: 5C1C,5485,6/30/26 13:00,50.466,
Plot Title: 5C1C,5486,6/30/26 13:15,50.29,
Plot Title: 5C1C,5487,6/30/26 13:30,51.699,
Plot Title: 5C1C,5488,6/30/26 13:45,52.401,
Plot Title: 5C1C,5489,6/30/26 14:00,51.699,
Plot Title: 5C1C,5490,6/30/26 14:15,54.147,
Plot Title: 5C1C,5491,6/30/26 14:30,53.1,
Plot Title: 5C1C,5492,6/30/26 14:45,53.623,
Plot Title: 5C1C,5493,6/30/26 15:00,55.017,
Plot Title: 5C1C,5494,6/30/26 15:15,56.75,
Plot Title: 5C1C,5495,6/30/26 15:30,57.614,
Plot Title: 5C1C,5496,6/30/26 15:45,58.303,
Plot Title: 5C1C,5497,6/30/26 16:00,58.131,
Plot Title: 5C1C,5498,6/30/26 16:15,58.303,
Plot Title: 5C1C,5499,6/30/26 16:30,57.441,
Plot Title: 5C1C,5500,6/30/26 16:45,57.785,
Plot Title: 5C1C,5501,6/30/26 17:00,56.75,
Plot Title: 5C1C,5502,6/30/26 17:15,56.75,
Plot Title: 5C1C,5503,6/30/26 17:30,57.614,
Plot Title: 5C1C,5504,6/30/26 17:45,57.958,
Plot Title: 5C1C,5505,6/30/26 18:00,57.785,
Plot Title: 5C1C,5506,6/30/26 18:15,55.884,
Plot Title: 5C1C,5507,6/30/26 18:30,54.842,
Plot Title: 5C1C,5508,6/30/26 18:45,54.322,
Plot Title: 5C1C,5509,6/30/26 19:00,53.449,
Plot Title: 5C1C,5510,6/30/26 19:15,52.401,
Plot Title: 5C1C,5511,6/30/26 19:30,51.699,
Plot Title: 5C1C,5512,6/30/26 19:45,51.346,
Plot Title: 5C1C,5513,6/30/26 20:00,51.172,
Plot Title: 5C1C,5514,6/30/26 20:15,50.643,
Plot Title: 5C1C,5515,6/30/26 20:30,50.113,
Plot Title: 5C1C,5516,6/30/26 20:45,49.404,
Plot Title: 5C1C,5517,6/30/26 21:00,48.871,
Plot Title: 5C1C,5518,6/30/26 21:15,48.339,
Plot Title: 5C1C,5519,6/30/26 21:30,47.802,
Plot Title: 5C1C,5520,6/30/26 21:45,47.446,
Plot Title: 5C1C,5521,6/30/26 22:00,47.088,
Plot Title: 5C1C,5522,6/30/26 22:15,46.908,
Plot Title: 5C1C,5523,6/30/26 22:30,46.548,
Plot Title: 5C1C,5524,6/30/26 22:45,46.369,
Plot Title: 5C1C,5525,6/30/26 23:00,46.188,
Plot Title: 5C1C,5526,6/30/26 23:15,45.828,
Plot Title: 5C1C,5527,6/30/26 23:30,45.648,
Plot Title: 5C1C,5528,6/30/26 23:45,45.466,
Plot Title: 5C1C,5529,7/1/26 00:00,45.286,
Plot Title: 5C1C,5530,7/1/26 00:15,45.104,
Plot Title: 5C1C,5531,7/1/26 00:30,44.922,
Plot Title: 5C1C,5532,7/1/26 00:45,44.56,
Plot Title: 5C1C,5533,7/1/26 01:00,44.379,
Plot Title: 5C1C,5534,7/1/26 01:15,44.379,
Plot Title: 5C1C,5535,7/1/26 01:30,44.195,
Plot Title: 5C1C,5536,7/1/26 01:45,44.013,
Plot Title: 5C1C,5537,7/1/26 02:00,44.013,
Plot Title: 5C1C,5538,7/1/26 02:15,43.831,
Plot Title: 5C1C,5539,7/1/26 02:30,43.831,
Plot Title: 5C1C,5540,7/1/26 02:45,43.831,
Plot Title: 5C1C,5541,7/1/26 03:00,43.648,
Plot Title: 5C1C,5542,7/1/26 03:15,43.466,
Plot Title: 5C1C,5543,7/1/26 03:30,43.282,
Plot Title: 5C1C,5544,7/1/26 03:45,43.099,
Plot Title: 5C1C,5545,7/1/26 04:00,42.915,
Plot Title: 5C1C,5546,7/1/26 04:15,42.732,
Plot Title: 5C1C,5547,7/1/26 04:30,42.732,
Plot Title: 5C1C,5548,7/1/26 04:45,42.548,
Plot Title: 5C1C,5549,7/1/26 05:00,42.363,
Plot Title: 5C1C,5550,7/1/26 05:15,42.363,
Plot Title: 5C1C,5551,7/1/26 05:30,42.179,
Plot Title: 5C1C,5552,7/1/26 05:45,42.179,
Plot Title: 5C1C,5553,7/1/26 06:00,42.179,
Plot Title: 5C1C,5554,7/1/26 06:15,42.179,
Plot Title: 5C1C,5555,7/1/26 06:30,42.179,
Plot Title: 5C1C,5556,7/1/26 06:45,42.363,
Plot Title: 5C1C,5557,7/1/26 07:00,42.363,
Plot Title: 5C1C,5558,7/1/26 07:15,42.363,
Plot Title: 5C1C,5559,7/1/26 07:30,42.363,
Plot Title: 5C1C,5560,7/1/26 07:45,42.548,
Plot Title: 5C1C,5561,7/1/26 08:00,42.548,
Plot Title: 5C1C,5562,7/1/26 08:15,42.732,
Plot Title: 5C1C,5563,7/1/26 08:30,43.099,
Plot Title: 5C1C,5564,7/1/26 08:45,43.282,
Plot Title: 5C1C,5565,7/1/26 09:00,44.013,
Plot Title: 5C1C,5566,7/1/26 09:15,44.379,
Plot Title: 5C1C,5567,7/1/26 09:30,44.56,
Plot Title: 5C1C,5568,7/1/26 09:45,45.104,
Plot Title: 5C1C,5569,7/1/26 10:00,45.286,
Plot Title: 5C1C,5570,7/1/26 10:15,46.008,
Plot Title: 5C1C,5571,7/1/26 10:30,47.624,
Plot Title: 5C1C,5572,7/1/26 10:45,48.695,
Plot Title: 5C1C,5573,7/1/26 11:00,48.517,
Plot Title: 5C1C,5574,7/1/26 11:15,48.871,
Plot Title: 5C1C,5575,7/1/26 11:30,49.582,
Plot Title: 5C1C,5576,7/1/26 11:45,50.995,
Plot Title: 5C1C,5577,7/1/26 12:00,58.131,
Plot Title: 5C1C,5578,7/1/26 12:15,62.598,
Plot Title: 5C1C,5579,7/1/26 12:30,59.337,
Plot Title: 5C1C,5580,7/1/26 12:45,57.614,
Plot Title: 5C1C,5581,7/1/26 13:00,56.577,
Plot Title: 5C1C,5582,7/1/26 13:15,54.322,
Plot Title: 5C1C,5583,7/1/26 13:30,52.576,
Plot Title: 5C1C,5584,7/1/26 13:45,53.973,
Plot Title: 5C1C,5585,7/1/26 14:00,57.096,
Plot Title: 5C1C,5586,7/1/26 14:15,58.82,
Plot Title: 5C1C,5587,7/1/26 14:30,59.164,
Plot Title: 5C1C,5588,7/1/26 14:45,60.195,
Plot Title: 5C1C,5589,7/1/26 15:00,60.712,
Plot Title: 5C1C,5590,7/1/26 15:15,57.785,
Plot Title: 5C1C,5591,7/1/26 15:30,59.337,
Plot Title: 5C1C,5592,7/1/26 15:45,61.227,
Plot Title: 5C1C,5593,7/1/26 16:00,61.227,
Plot Title: 5C1C,5594,7/1/26 16:15,61.398,
Plot Title: 5C1C,5595,7/1/26 16:30,64.139,
Plot Title: 5C1C,5596,7/1/26 16:45,61.398,
Plot Title: 5C1C,5597,7/1/26 17:00,60.712,
Plot Title: 5C1C,5598,7/1/26 17:15,60.024,
Plot Title: 5C1C,5599,7/1/26 17:30,60.883,
Plot Title: 5C1C,5600,7/1/26 17:45,58.476,
Plot Title: 5C1C,5601,7/1/26 18:00,56.75,
Plot Title: 5C1C,5602,7/1/26 18:15,54.842,
Plot Title: 5C1C,5603,7/1/26 18:30,53.623,
Plot Title: 5C1C,5604,7/1/26 18:45,52.75,
Plot Title: 5C1C,5605,7/1/26 19:00,52.401,
Plot Title: 5C1C,5606,7/1/26 19:15,52.576,
Plot Title: 5C1C,5607,7/1/26 19:30,52.225,
Plot Title: 5C1C,5608,7/1/26 19:45,51.699,
Plot Title: 5C1C,5609,7/1/26 20:00,51.346,
Plot Title: 5C1C,5610,7/1/26 20:15,50.819,
Plot Title: 5C1C,5611,7/1/26 20:30,50.466,
Plot Title: 5C1C,5612,7/1/26 20:45,50.113,
Plot Title: 5C1C,5613,7/1/26 21:00,49.937,
Plot Title: 5C1C,5614,7/1/26 21:15,49.582,
Plot Title: 5C1C,5615,7/1/26 21:30,49.228,
Plot Title: 5C1C,5616,7/1/26 21:45,49.05,
Plot Title: 5C1C,5617,7/1/26 22:00,48.871,
Plot Title: 5C1C,5618,7/1/26 22:15,48.695,
Plot Title: 5C1C,5619,7/1/26 22:30,48.517,
Plot Title: 5C1C,5620,7/1/26 22:45,48.339,
Plot Title: 5C1C,5621,7/1/26 23:00,48.339,
Plot Title: 5C1C,5622,7/1/26 23:15,48.339,
Plot Title: 5C1C,5623,7/1/26 23:30,48.16,
Plot Title: 5C1C,5624,7/1/26 23:45,47.982,
Plot Title: 5C1C,5625,7/2/26 00:00,47.446,
Plot Title: 5C1C,5626,7/2/26 00:15,47.266,
Plot Title: 5C1C,5627,7/2/26 00:30,47.266,
Plot Title: 5C1C,5628,7/2/26 00:45,47.266,
Plot Title: 5C1C,5629,7/2/26 01:00,47.266,
Plot Title: 5C1C,5630,7/2/26 01:15,47.266,
Plot Title: 5C1C,5631,7/2/26 01:30,47.266,
Plot Title: 5C1C,5632,7/2/26 01:45,47.266,
Plot Title: 5C1C,5633,7/2/26 02:00,47.088,
Plot Title: 5C1C,5634,7/2/26 02:15,46.908,
Plot Title: 5C1C,5635,7/2/26 02:30,46.548,
Plot Title: 5C1C,5636,7/2/26 02:45,46.548,
Plot Title: 5C1C,5637,7/2/26 03:00,46.008,
Plot Title: 5C1C,5638,7/2/26 03:15,45.648,
Plot Title: 5C1C,5639,7/2/26 03:30,45.286,
Plot Title: 5C1C,5640,7/2/26 03:45,45.104,
Plot Title: 5C1C,5641,7/2/26 04:00,44.922,
Plot Title: 5C1C,5642,7/2/26 04:15,44.742,
Plot Title: 5C1C,5643,7/2/26 04:30,44.56,
Plot Title: 5C1C,5644,7/2/26 04:45,44.379,
Plot Title: 5C1C,5645,7/2/26 05:00,44.195,
Plot Title: 5C1C,5646,7/2/26 05:15,44.195,
Plot Title: 5C1C,5647,7/2/26 05:30,44.013,
Plot Title: 5C1C,5648,7/2/26 05:45,43.831,
Plot Title: 5C1C,5649,7/2/26 06:00,43.831,
Plot Title: 5C1C,5650,7/2/26 06:15,43.831,
Plot Title: 5C1C,5651,7/2/26 06:30,43.831,
Plot Title: 5C1C,5652,7/2/26 06:45,43.831,
Plot Title: 5C1C,5653,7/2/26 07:00,43.831,
Plot Title: 5C1C,5654,7/2/26 07:15,43.831,
Plot Title: 5C1C,5655,7/2/26 07:30,43.831,
Plot Title: 5C1C,5656,7/2/26 07:45,43.831,
Plot Title: 5C1C,5657,7/2/26 08:00,44.013,
Plot Title: 5C1C,5658,7/2/26 08:15,44.195,
Plot Title: 5C1C,5659,7/2/26 08:30,44.379,
Plot Title: 5C1C,5660,7/2/26 08:45,44.742,
Plot Title: 5C1C,5661,7/2/26 09:00,45.466,
Plot Title: 5C1C,5662,7/2/26 09:15,45.828,
Plot Title: 5C1C,5663,7/2/26 09:30,46.188,
Plot Title: 5C1C,5664,7/2/26 09:45,46.548,
Plot Title: 5C1C,5665,7/2/26 10:00,46.908,
Plot Title: 5C1C,5666,7/2/26 10:15,47.266,
Plot Title: 5C1C,5667,7/2/26 10:30,47.624,
Plot Title: 5C1C,5668,7/2/26 10:45,47.982,
Plot Title: 5C1C,5669,7/2/26 11:00,48.695,
Plot Title: 5C1C,5670,7/2/26 11:15,49.228,
Plot Title: 5C1C,5671,7/2/26 11:30,49.759,
Plot Title: 5C1C,5672,7/2/26 11:45,51.346,
Plot Title: 5C1C,5673,7/2/26 12:00,57.096,
Plot Title: 5C1C,5674,7/2/26 12:15,60.024,
Plot Title: 5C1C,5675,7/2/26 12:30,62.598,
Plot Title: 5C1C,5676,7/2/26 12:45,62.598,
Plot Title: 5C1C,5677,7/2/26 13:00,62.254,
Plot Title: 5C1C,5678,7/2/26 13:15,62.425,
Plot Title: 5C1C,5679,7/2/26 13:30,63.626,
Plot Title: 5C1C,5680,7/2/26 13:45,64.31,
Plot Title: 5C1C,5681,7/2/26 14:00,62.598,
Plot Title: 5C1C,5682,7/2/26 14:15,63.626,
Plot Title: 5C1C,5683,7/2/26 14:30,63.626,
Plot Title: 5C1C,5684,7/2/26 14:45,62.254,
Plot Title: 5C1C,5685,7/2/26 15:00,60.539,
Plot Title: 5C1C,5686,7/2/26 15:15,59.68,
Plot Title: 5C1C,5687,7/2/26 15:30,58.993,
Plot Title: 5C1C,5688,7/2/26 15:45,58.82,
Plot Title: 5C1C,5689,7/2/26 16:00,58.82,
Plot Title: 5C1C,5690,7/2/26 16:15,58.993,
Plot Title: 5C1C,5691,7/2/26 16:30,58.647,
Plot Title: 5C1C,5692,7/2/26 16:45,59.68,
Plot Title: 5C1C,5693,7/2/26 17:00,62.083,
Plot Title: 5C1C,5694,7/2/26 17:15,61.227,
Plot Title: 5C1C,5695,7/2/26 17:30,59.68,
Plot Title: 5C1C,5696,7/2/26 17:45,58.647,
Plot Title: 5C1C,5697,7/2/26 18:00,58.131,
Plot Title: 5C1C,5698,7/2/26 18:15,57.785,
Plot Title: 5C1C,5699,7/2/26 18:30,57.614,
Plot Title: 5C1C,5700,7/2/26 18:45,57.441,
Plot Title: 5C1C,5701,7/2/26 19:00,56.75,
Plot Title: 5C1C,5702,7/2/26 19:15,56.057,
Plot Title: 5C1C,5703,7/2/26 19:30,55.189,
Plot Title: 5C1C,5704,7/2/26 19:45,54.495,
Plot Title: 5C1C,5705,7/2/26 20:00,53.973,
Plot Title: 5C1C,5706,7/2/26 20:15,53.798,
Plot Title: 5C1C,5707,7/2/26 20:30,53.1,
Plot Title: 5C1C,5708,7/2/26 20:45,52.75,
Plot Title: 5C1C,5709,7/2/26 21:00,52.05,
Plot Title: 5C1C,5710,7/2/26 21:15,51.523,
Plot Title: 5C1C,5711,7/2/26 21:30,51.172,
Plot Title: 5C1C,5712,7/2/26 21:45,50.995,
Plot Title: 5C1C,5713,7/2/26 22:00,50.819,
Plot Title: 5C1C,5714,7/2/26 22:15,50.29,
Plot Title: 5C1C,5715,7/2/26 22:30,50.113,
Plot Title: 5C1C,5716,7/2/26 22:45,49.759,
Plot Title: 5C1C,5717,7/2/26 23:00,49.582,
Plot Title: 5C1C,5718,7/2/26 23:15,49.228,
Plot Title: 5C1C,5719,7/2/26 23:30,49.05,
Plot Title: 5C1C,5720,7/2/26 23:45,49.228,
Plot Title: 5C1C,5721,7/3/26 00:00,49.228,
Plot Title: 5C1C,5722,7/3/26 00:15,49.228,
Plot Title: 5C1C,5723,7/3/26 00:30,49.228,
Plot Title: 5C1C,5724,7/3/26 00:45,48.695,
Plot Title: 5C1C,5725,7/3/26 01:00,48.339,
Plot Title: 5C1C,5726,7/3/26 01:15,48.16,
Plot Title: 5C1C,5727,7/3/26 01:30,47.982,
Plot Title: 5C1C,5728,7/3/26 01:45,47.802,
Plot Title: 5C1C,5729,7/3/26 02:00,47.624,
Plot Title: 5C1C,5730,7/3/26 02:15,47.446,
Plot Title: 5C1C,5731,7/3/26 02:30,47.266,
Plot Title: 5C1C,5732,7/3/26 02:45,47.266,
Plot Title: 5C1C,5733,7/3/26 03:00,47.088,
Plot Title: 5C1C,5734,7/3/26 03:15,47.088,
Plot Title: 5C1C,5735,7/3/26 03:30,46.908,
Plot Title: 5C1C,5736,7/3/26 03:45,46.728,
Plot Title: 5C1C,5737,7/3/26 04:00,46.548,
Plot Title: 5C1C,5738,7/3/26 04:15,46.548,
Plot Title: 5C1C,5739,7/3/26 04:30,46.369,
Plot Title: 5C1C,5740,7/3/26 04:45,46.188,
Plot Title: 5C1C,5741,7/3/26 05:00,46.188,
Plot Title: 5C1C,5742,7/3/26 05:15,46.008,
Plot Title: 5C1C,5743,7/3/26 05:30,45.828,
Plot Title: 5C1C,5744,7/3/26 05:45,45.648,
Plot Title: 5C1C,5745,7/3/26 06:00,45.466,
Plot Title: 5C1C,5746,7/3/26 06:15,45.466,
Plot Title: 5C1C,5747,7/3/26 06:30,45.466,
Plot Title: 5C1C,5748,7/3/26 06:45,45.466,
Plot Title: 5C1C,5749,7/3/26 07:00,45.466,
Plot Title: 5C1C,5750,7/3/26 07:15,45.466,
Plot Title: 5C1C,5751,7/3/26 07:30,45.648,
Plot Title: 5C1C,5752,7/3/26 07:45,46.369,
Plot Title: 5C1C,5753,7/3/26 08:00,47.088,
Plot Title: 5C1C,5754,7/3/26 08:15,47.266,
Plot Title: 5C1C,5755,7/3/26 08:30,47.088,
Plot Title: 5C1C,5756,7/3/26 08:45,47.266,
Plot Title: 5C1C,5757,7/3/26 09:00,47.802,
Plot Title: 5C1C,5758,7/3/26 09:15,48.16,
Plot Title: 5C1C,5759,7/3/26 09:30,48.16,
Plot Title: 5C1C,5760,7/3/26 09:45,48.695,
Plot Title: 5C1C,5761,7/3/26 10:00,49.05,
Plot Title: 5C1C,5762,7/3/26 10:15,49.404,
Plot Title: 5C1C,5763,7/3/26 10:30,50.466,
Plot Title: 5C1C,5764,7/3/26 10:45,51.346,
Plot Title: 5C1C,5765,7/3/26 11:00,52.401,
Plot Title: 5C1C,5766,7/3/26 11:15,53.449,
Plot Title: 5C1C,5767,7/3/26 11:30,54.669,
Plot Title: 5C1C,5768,7/3/26 11:45,55.884,
Plot Title: 5C1C,5769,7/3/26 12:00,57.441,
Plot Title: 5C1C,5770,7/3/26 12:15,58.476,
Plot Title: 5C1C,5771,7/3/26 12:30,62.94,
Plot Title: 5C1C,5772,7/3/26 12:45,64.825,
Plot Title: 5C1C,5773,7/3/26 13:00,64.996,
Plot Title: 5C1C,5774,7/3/26 13:15,65.167,
Plot Title: 5C1C,5775,7/3/26 13:30,65.167,
Plot Title: 5C1C,5776,7/3/26 13:45,66.022,
Plot Title: 5C1C,5777,7/3/26 14:00,67.392,
Plot Title: 5C1C,5778,7/3/26 14:15,69.449,
Plot Title: 5C1C,5779,7/3/26 14:30,67.906,
Plot Title: 5C1C,5780,7/3/26 14:45,68.421,
Plot Title: 5C1C,5781,7/3/26 15:00,67.564,
Plot Title: 5C1C,5782,7/3/26 15:15,68.077,
Plot Title: 5C1C,5783,7/3/26 15:30,66.193,
Plot Title: 5C1C,5784,7/3/26 15:45,69.622,
Plot Title: 5C1C,5785,7/3/26 16:00,70.308,
Plot Title: 5C1C,5786,7/3/26 16:15,68.077,
Plot Title: 5C1C,5787,7/3/26 16:30,69.964,
Plot Title: 5C1C,5788,7/3/26 16:45,69.449,
Plot Title: 5C1C,5789,7/3/26 17:00,66.708,
Plot Title: 5C1C,5790,7/3/26 17:15,66.193,
Plot Title: 5C1C,5791,7/3/26 17:30,66.537,
Plot Title: 5C1C,5792,7/3/26 17:45,66.708,
Plot Title: 5C1C,5793,7/3/26 18:00,64.481,
Plot Title: 5C1C,5794,7/3/26 18:15,62.598,
Plot Title: 5C1C,5795,7/3/26 18:30,61.569,
Plot Title: 5C1C,5796,7/3/26 18:45,61.227,
Plot Title: 5C1C,5797,7/3/26 19:00,60.539,
Plot Title: 5C1C,5798,7/3/26 19:15,60.024,
Plot Title: 5C1C,5799,7/3/26 19:30,59.508,
Plot Title: 5C1C,5800,7/3/26 19:45,59.164,
Plot Title: 5C1C,5801,7/3/26 20:00,58.82,
Plot Title: 5C1C,5802,7/3/26 20:15,58.303,
Plot Title: 5C1C,5803,7/3/26 20:30,57.785,
Plot Title: 5C1C,5804,7/3/26 20:45,57.096,
Plot Title: 5C1C,5805,7/3/26 21:00,56.404,
Plot Title: 5C1C,5806,7/3/26 21:15,55.711,
Plot Title: 5C1C,5807,7/3/26 21:30,55.364,
Plot Title: 5C1C,5808,7/3/26 21:45,54.842,
Plot Title: 5C1C,5809,7/3/26 22:00,54.322,
Plot Title: 5C1C,5810,7/3/26 22:15,53.798,
Plot Title: 5C1C,5811,7/3/26 22:30,53.449,
Plot Title: 5C1C,5812,7/3/26 22:45,52.925,
Plot Title: 5C1C,5813,7/3/26 23:00,52.75,
Plot Title: 5C1C,5814,7/3/26 23:15,52.401,
Plot Title: 5C1C,5815,7/3/26 23:30,52.225,
Plot Title: 5C1C,5816,7/3/26 23:45,51.874,
Plot Title: 5C1C,5817,7/4/26 00:00,51.699,
Plot Title: 5C1C,5818,7/4/26 00:15,51.523,
Plot Title: 5C1C,5819,7/4/26 00:30,51.172,
Plot Title: 5C1C,5820,7/4/26 00:45,50.995,
Plot Title: 5C1C,5821,7/4/26 01:00,50.819,
Plot Title: 5C1C,5822,7/4/26 01:15,50.643,
Plot Title: 5C1C,5823,7/4/26 01:30,50.466,
Plot Title: 5C1C,5824,7/4/26 01:45,50.29,
Plot Title: 5C1C,5825,7/4/26 02:00,50.113,
Plot Title: 5C1C,5826,7/4/26 02:15,49.759,
Plot Title: 5C1C,5827,7/4/26 02:30,49.582,
Plot Title: 5C1C,5828,7/4/26 02:45,49.404,
Plot Title: 5C1C,5829,7/4/26 03:00,49.228,
Plot Title: 5C1C,5830,7/4/26 03:15,49.05,
Plot Title: 5C1C,5831,7/4/26 03:30,48.871,
Plot Title: 5C1C,5832,7/4/26 03:45,48.695,
Plot Title: 5C1C,5833,7/4/26 04:00,48.517,
Plot Title: 5C1C,5834,7/4/26 04:15,48.517,
Plot Title: 5C1C,5835,7/4/26 04:30,48.339,
Plot Title: 5C1C,5836,7/4/26 04:45,48.339,
Plot Title: 5C1C,5837,7/4/26 05:00,48.339,
Plot Title: 5C1C,5838,7/4/26 05:15,48.16,
Plot Title: 5C1C,5839,7/4/26 05:30,47.982,
Plot Title: 5C1C,5840,7/4/26 05:45,47.802,
Plot Title: 5C1C,5841,7/4/26 06:00,47.624,
Plot Title: 5C1C,5842,7/4/26 06:15,47.624,
Plot Title: 5C1C,5843,7/4/26 06:30,47.624,
Plot Title: 5C1C,5844,7/4/26 06:45,47.624,
Plot Title: 5C1C,5845,7/4/26 07:00,47.802,
Plot Title: 5C1C,5846,7/4/26 07:15,47.802,
Plot Title: 5C1C,5847,7/4/26 07:30,47.802,
Plot Title: 5C1C,5848,7/4/26 07:45,47.802,
Plot Title: 5C1C,5849,7/4/26 08:00,47.802,
Plot Title: 5C1C,5850,7/4/26 08:15,47.982,
Plot Title: 5C1C,5851,7/4/26 08:30,48.16,
Plot Title: 5C1C,5852,7/4/26 08:45,48.339,
Plot Title: 5C1C,5853,7/4/26 09:00,49.05,
Plot Title: 5C1C,5854,7/4/26 09:15,49.228,
Plot Title: 5C1C,5855,7/4/26 09:30,49.404,
Plot Title: 5C1C,5856,7/4/26 09:45,49.937,
Plot Title: 5C1C,5857,7/4/26 10:00,50.113,
Plot Title: 5C1C,5858,7/4/26 10:15,50.29,
Plot Title: 5C1C,5859,7/4/26 10:30,50.643,
Plot Title: 5C1C,5860,7/4/26 10:45,50.819,
Plot Title: 5C1C,5861,7/4/26 11:00,51.172,
Plot Title: 5C1C,5862,7/4/26 11:15,51.523,
Plot Title: 5C1C,5863,7/4/26 11:30,52.05,
Plot Title: 5C1C,5864,7/4/26 11:45,53.798,
Plot Title: 5C1C,5865,7/4/26 12:00,62.94,
Plot Title: 5C1C,5866,7/4/26 12:15,66.879,
Plot Title: 5C1C,5867,7/4/26 12:30,67.906,
Plot Title: 5C1C,5868,7/4/26 12:45,68.592,
Plot Title: 5C1C,5869,7/4/26 13:00,69.278,
Plot Title: 5C1C,5870,7/4/26 13:15,69.622,
Plot Title: 5C1C,5871,7/4/26 13:30,69.964,
Plot Title: 5C1C,5872,7/4/26 13:45,70.308,
Plot Title: 5C1C,5873,7/4/26 14:00,70.995,
Plot Title: 5C1C,5874,7/4/26 14:15,70.995,
Plot Title: 5C1C,5875,7/4/26 14:30,71.856,
Plot Title: 5C1C,5876,7/4/26 14:45,72.891,
Plot Title: 5C1C,5877,7/4/26 15:00,74.098,
Plot Title: 5C1C,5878,7/4/26 15:15,75.312,
Plot Title: 5C1C,5879,7/4/26 15:30,78.274,
Plot Title: 5C1C,5880,7/4/26 15:45,80.206,
Plot Title: 5C1C,5881,7/4/26 16:00,79.326,
Plot Title: 5C1C,5882,7/4/26 16:15,77.4,
Plot Title: 5C1C,5883,7/4/26 16:30,78.449,
Plot Title: 5C1C,5884,7/4/26 16:45,77.923,
Plot Title: 5C1C,5885,7/4/26 17:00,76.876,
Plot Title: 5C1C,5886,7/4/26 17:15,76.181,
Plot Title: 5C1C,5887,7/4/26 17:30,75.832,
Plot Title: 5C1C,5888,7/4/26 17:45,74.446,
Plot Title: 5C1C,5889,7/4/26 18:00,71.512,
Plot Title: 5C1C,5890,7/4/26 18:15,68.934,
Plot Title: 5C1C,5891,7/4/26 18:30,67.392,
Plot Title: 5C1C,5892,7/4/26 18:45,66.193,
Plot Title: 5C1C,5893,7/4/26 19:00,65.167,
Plot Title: 5C1C,5894,7/4/26 19:15,64.481,
Plot Title: 5C1C,5895,7/4/26 19:30,63.797,
Plot Title: 5C1C,5896,7/4/26 19:45,62.94,
Plot Title: 5C1C,5897,7/4/26 20:00,62.254,
Plot Title: 5C1C,5898,7/4/26 20:15,61.569,
Plot Title: 5C1C,5899,7/4/26 20:30,61.054,
Plot Title: 5C1C,5900,7/4/26 20:45,60.539,
Plot Title: 5C1C,5901,7/4/26 21:00,60.024,
Plot Title: 5C1C,5902,7/4/26 21:15,59.337,
Plot Title: 5C1C,5903,7/4/26 21:30,58.82,
Plot Title: 5C1C,5904,7/4/26 21:45,58.476,
Plot Title: 5C1C,5905,7/4/26 22:00,58.131,
Plot Title: 5C1C,5906,7/4/26 22:15,57.785,
Plot Title: 5C1C,5907,7/4/26 22:30,57.441,
Plot Title: 5C1C,5908,7/4/26 22:45,57.268,
Plot Title: 5C1C,5909,7/4/26 23:00,56.923,
Plot Title: 5C1C,5910,7/4/26 23:15,56.75,
Plot Title: 5C1C,5911,7/4/26 23:30,56.577,
Plot Title: 5C1C,5912,7/4/26 23:45,56.404,
Plot Title: 5C1C,5913,7/5/26 00:00,56.057,
Plot Title: 5C1C,5914,7/5/26 00:15,55.884,
Plot Title: 5C1C,5915,7/5/26 00:30,55.711,
Plot Title: 5C1C,5916,7/5/26 00:45,55.537,
Plot Title: 5C1C,5917,7/5/26 01:00,55.189,
Plot Title: 5C1C,5918,7/5/26 01:15,55.017,
Plot Title: 5C1C,5919,7/5/26 01:30,54.842,
Plot Title: 5C1C,5920,7/5/26 01:45,54.495,
Plot Title: 5C1C,5921,7/5/26 02:00,54.322,
Plot Title: 5C1C,5922,7/5/26 02:15,54.147,
Plot Title: 5C1C,5923,7/5/26 02:30,53.973,
Plot Title: 5C1C,5924,7/5/26 02:45,53.798,
Plot Title: 5C1C,5925,7/5/26 03:00,53.623,
Plot Title: 5C1C,5926,7/5/26 03:15,53.449,
Plot Title: 5C1C,5927,7/5/26 03:30,53.274,
Plot Title: 5C1C,5928,7/5/26 03:45,53.1,
Plot Title: 5C1C,5929,7/5/26 04:00,52.925,
Plot Title: 5C1C,5930,7/5/26 04:15,52.75,
Plot Title: 5C1C,5931,7/5/26 04:30,52.576,
Plot Title: 5C1C,5932,7/5/26 04:45,52.401,
Plot Title: 5C1C,5933,7/5/26 05:00,52.225,
Plot Title: 5C1C,5934,7/5/26 05:15,51.874,
Plot Title: 5C1C,5935,7/5/26 05:30,51.699,
Plot Title: 5C1C,5936,7/5/26 05:45,51.699,
Plot Title: 5C1C,5937,7/5/26 06:00,51.523,
Plot Title: 5C1C,5938,7/5/26 06:15,51.523,
Plot Title: 5C1C,5939,7/5/26 06:30,51.346,
Plot Title: 5C1C,5940,7/5/26 06:45,51.346,
Plot Title: 5C1C,5941,7/5/26 07:00,51.346,
Plot Title: 5C1C,5942,7/5/26 07:15,51.346,
Plot Title: 5C1C,5943,7/5/26 07:30,51.172,
Plot Title: 5C1C,5944,7/5/26 07:45,51.346,
Plot Title: 5C1C,5945,7/5/26 08:00,51.346,
Plot Title: 5C1C,5946,7/5/26 08:15,51.523,
Plot Title: 5C1C,5947,7/5/26 08:30,51.699,
Plot Title: 5C1C,5948,7/5/26 08:45,51.874,
Plot Title: 5C1C,5949,7/5/26 09:00,52.75,
Plot Title: 5C1C,5950,7/5/26 09:15,52.925,
Plot Title: 5C1C,5951,7/5/26 09:30,53.1,
Plot Title: 5C1C,5952,7/5/26 09:45,53.623,
Plot Title: 5C1C,5953,7/5/26 10:00,53.798,
Plot Title: 5C1C,5954,7/5/26 10:15,53.973,
Plot Title: 5C1C,5955,7/5/26 10:30,54.147,
Plot Title: 5C1C,5956,7/5/26 10:45,54.495,
Plot Title: 5C1C,5957,7/5/26 11:00,55.017,
Plot Title: 5C1C,5958,7/5/26 11:15,55.364,
Plot Title: 5C1C,5959,7/5/26 11:30,55.711,
Plot Title: 5C1C,5960,7/5/26 11:45,57.096,
Plot Title: 5C1C,5961,7/5/26 12:00,66.708,
Plot Title: 5C1C,5962,7/5/26 12:15,70.824,
Plot Title: 5C1C,5963,7/5/26 12:30,73.234,
Plot Title: 5C1C,5964,7/5/26 12:45,74.098,
Plot Title: 5C1C,5965,7/5/26 13:00,74.964,
Plot Title: 5C1C,5966,7/5/26 13:15,74.964,
Plot Title: 5C1C,5967,7/5/26 13:30,75.312,
Plot Title: 5C1C,5968,7/5/26 13:45,74.791,
Plot Title: 5C1C,5969,7/5/26 14:00,71.339,
Plot Title: 5C1C,5970,7/5/26 14:15,69.449,
Plot Title: 5C1C,5971,7/5/26 14:30,67.392,
Plot Title: 5C1C,5972,7/5/26 14:45,66.366,
Plot Title: 5C1C,5973,7/5/26 15:00,64.825,
Plot Title: 5C1C,5974,7/5/26 15:15,62.94,
Plot Title: 5C1C,5975,7/5/26 15:30,61.398,
Plot Title: 5C1C,5976,7/5/26 15:45,60.712,
Plot Title: 5C1C,5977,7/5/26 16:00,60.539,
Plot Title: 5C1C,5978,7/5/26 16:15,59.68,
Plot Title: 5C1C,5979,7/5/26 16:30,58.993,
Plot Title: 5C1C,5980,7/5/26 16:45,58.993,
Plot Title: 5C1C,5981,7/5/26 17:00,58.647,
Plot Title: 5C1C,5982,7/5/26 17:15,58.131,
Plot Title: 5C1C,5983,7/5/26 17:30,57.958,
Plot Title: 5C1C,5984,7/5/26 17:45,58.476,
Plot Title: 5C1C,5985,7/5/26 18:00,58.993,
Plot Title: 5C1C,5986,7/5/26 18:15,59.851,
Plot Title: 5C1C,5987,7/5/26 18:30,59.851,
Plot Title: 5C1C,5988,7/5/26 18:45,59.337,
Plot Title: 5C1C,5989,7/5/26 19:00,58.82,
Plot Title: 5C1C,5990,7/5/26 19:15,57.958,
Plot Title: 5C1C,5991,7/5/26 19:30,57.614,
Plot Title: 5C1C,5992,7/5/26 19:45,57.614,
Plot Title: 5C1C,5993,7/5/26 20:00,57.441,
Plot Title: 5C1C,5994,7/5/26 20:15,57.268,
Plot Title: 5C1C,5995,7/5/26 20:30,57.096,
Plot Title: 5C1C,5996,7/5/26 20:45,56.404,
Plot Title: 5C1C,5997,7/5/26 21:00,56.057,
Plot Title: 5C1C,5998,7/5/26 21:15,55.884,
Plot Title: 5C1C,5999,7/5/26 21:30,55.711,
Plot Title: 5C1C,6000,7/5/26 21:45,55.711,
Plot Title: 5C1C,6001,7/5/26 22:00,55.537,
Plot Title: 5C1C,6002,7/5/26 22:15,55.364,
Plot Title: 5C1C,6003,7/5/26 22:30,55.189,
Plot Title: 5C1C,6004,7/5/26 22:45,55.017,
Plot Title: 5C1C,6005,7/5/26 23:00,54.669,
Plot Title: 5C1C,6006,7/5/26 23:15,54.495,
Plot Title: 5C1C,6007,7/5/26 23:30,53.973,
Plot Title: 5C1C,6008,7/5/26 23:45,53.623,
Plot Title: 5C1C,6009,7/6/26 00:00,53.449,
Plot Title: 5C1C,6010,7/6/26 00:15,53.274,
Plot Title: 5C1C,6011,7/6/26 00:30,52.925,
Plot Title: 5C1C,6012,7/6/26 00:45,52.75,
Plot Title: 5C1C,6013,7/6/26 01:00,52.75,
Plot Title: 5C1C,6014,7/6/26 01:15,52.75,
Plot Title: 5C1C,6015,7/6/26 01:30,52.75,
Plot Title: 5C1C,6016,7/6/26 01:45,52.576,
Plot Title: 5C1C,6017,7/6/26 02:00,52.401,
Plot Title: 5C1C,6018,7/6/26 02:15,52.401,
Plot Title: 5C1C,6019,7/6/26 02:30,52.225,
Plot Title: 5C1C,6020,7/6/26 02:45,52.05,
Plot Title: 5C1C,6021,7/6/26 03:00,52.05,
Plot Title: 5C1C,6022,7/6/26 03:15,51.699,
Plot Title: 5C1C,6023,7/6/26 03:30,51.346,
Plot Title: 5C1C,6024,7/6/26 03:45,50.995,
Plot Title: 5C1C,6025,7/6/26 04:00,50.819,
Plot Title: 5C1C,6026,7/6/26 04:15,50.643,
Plot Title: 5C1C,6027,7/6/26 04:30,50.466,
Plot Title: 5C1C,6028,7/6/26 04:45,50.29,
Plot Title: 5C1C,6029,7/6/26 05:00,50.113,
Plot Title: 5C1C,6030,7/6/26 05:15,49.937,
Plot Title: 5C1C,6031,7/6/26 05:30,49.937,
Plot Title: 5C1C,6032,7/6/26 05:45,49.759,
Plot Title: 5C1C,6033,7/6/26 06:00,49.759,
Plot Title: 5C1C,6034,7/6/26 06:15,49.937,
Plot Title: 5C1C,6035,7/6/26 06:30,50.29,
Plot Title: 5C1C,6036,7/6/26 06:45,50.819,
Plot Title: 5C1C,6037,7/6/26 07:00,51.172,
Plot Title: 5C1C,6038,7/6/26 07:15,51.523,
Plot Title: 5C1C,6039,7/6/26 07:30,52.225,
Plot Title: 5C1C,6040,7/6/26 07:45,52.75,
Plot Title: 5C1C,6041,7/6/26 08:00,53.274,
Plot Title: 5C1C,6042,7/6/26 08:15,53.623,
Plot Title: 5C1C,6043,7/6/26 08:30,54.147,
Plot Title: 5C1C,6044,7/6/26 08:45,54.842,
Plot Title: 5C1C,6045,7/6/26 09:00,55.364,
Plot Title: 5C1C,6046,7/6/26 09:15,55.537,
Plot Title: 5C1C,6047,7/6/26 09:30,56.23,
Plot Title: 5C1C,6048,7/6/26 09:45,55.711,
Plot Title: 5C1C,6049,7/6/26 10:00,55.884,
Plot Title: 5C1C,6050,7/6/26 10:15,56.23,
Plot Title: 5C1C,6051,7/6/26 10:30,56.75,
Plot Title: 5C1C,6052,7/6/26 10:45,57.268,
Plot Title: 5C1C,6053,7/6/26 11:00,58.303,
Plot Title: 5C1C,6054,7/6/26 11:15,58.82,
Plot Title: 5C1C,6055,7/6/26 11:30,59.164,
Plot Title: 5C1C,6056,7/6/26 11:45,60.539,
Plot Title: 5C1C,6057,7/6/26 12:00,61.741,
Plot Title: 5C1C,6058,7/6/26 12:15,61.398,
Plot Title: 5C1C,6059,7/6/26 12:30,60.883,
Plot Title: 5C1C,6060,7/6/26 12:45,60.539,
Plot Title: 5C1C,6061,7/6/26 13:00,59.68,
Plot Title: 5C1C,6062,7/6/26 13:15,58.993,
Plot Title: 5C1C,6063,7/6/26 13:30,59.508,
Plot Title: 5C1C,6064,7/6/26 13:45,60.883,
Plot Title: 5C1C,6065,7/6/26 14:00,61.741,
Plot Title: 5C1C,6066,7/6/26 14:15,63.968,
Plot Title: 5C1C,6067,7/6/26 14:30,65.851,
Plot Title: 5C1C,6068,7/6/26 14:45,65.509,
Plot Title: 5C1C,6069,7/6/26 15:00,65.851,
Plot Title: 5C1C,6070,7/6/26 15:15,67.05,
Plot Title: 5C1C,6071,7/6/26 15:30,67.906,
Plot Title: 5C1C,6072,7/6/26 15:45,68.934,
Plot Title: 5C1C,6073,7/6/26 16:00,69.449,
Plot Title: 5C1C,6074,7/6/26 16:15,69.964,
Plot Title: 5C1C,6075,7/6/26 16:30,71.512,
Plot Title: 5C1C,6076,7/6/26 16:45,69.449,
Plot Title: 5C1C,6077,7/6/26 17:00,68.077,
Plot Title: 5C1C,6078,7/6/26 17:15,67.221,
Plot Title: 5C1C,6079,7/6/26 17:30,67.221,
Plot Title: 5C1C,6080,7/6/26 17:45,65.68,
Plot Title: 5C1C,6081,7/6/26 18:00,64.139,
Plot Title: 5C1C,6082,7/6/26 18:15,62.769,
Plot Title: 5C1C,6083,7/6/26 18:30,61.569,
Plot Title: 5C1C,6084,7/6/26 18:45,60.024,
Plot Title: 5C1C,6085,7/6/26 19:00,59.337,
Plot Title: 5C1C,6086,7/6/26 19:15,59.508,
Plot Title: 5C1C,6087,7/6/26 19:30,59.337,
Plot Title: 5C1C,6088,7/6/26 19:45,58.993,
Plot Title: 5C1C,6089,7/6/26 20:00,58.476,
Plot Title: 5C1C,6090,7/6/26 20:15,57.785,
Plot Title: 5C1C,6091,7/6/26 20:30,57.096,
Plot Title: 5C1C,6092,7/6/26 20:45,56.577,
Plot Title: 5C1C,6093,7/6/26 21:00,56.23,
Plot Title: 5C1C,6094,7/6/26 21:15,55.884,
Plot Title: 5C1C,6095,7/6/26 21:30,55.537,
Plot Title: 5C1C,6096,7/6/26 21:45,55.189,
Plot Title: 5C1C,6097,7/6/26 22:00,54.842,
Plot Title: 5C1C,6098,7/6/26 22:15,54.669,
Plot Title: 5C1C,6099,7/6/26 22:30,54.322,
Plot Title: 5C1C,6100,7/6/26 22:45,54.147,
Plot Title: 5C1C,6101,7/6/26 23:00,53.973,
Plot Title: 5C1C,6102,7/6/26 23:15,53.973,
Plot Title: 5C1C,6103,7/6/26 23:30,53.798,
Plot Title: 5C1C,6104,7/6/26 23:45,53.798,
Plot Title: 5C1C,6105,7/7/26 00:00,53.623,
Plot Title: 5C1C,6106,7/7/26 00:15,53.623,
Plot Title: 5C1C,6107,7/7/26 00:30,53.449,
Plot Title: 5C1C,6108,7/7/26 00:45,53.274,
Plot Title: 5C1C,6109,7/7/26 01:00,52.925,
Plot Title: 5C1C,6110,7/7/26 01:15,52.75,
Plot Title: 5C1C,6111,7/7/26 01:30,52.401,
Plot Title: 5C1C,6112,7/7/26 01:45,52.225,
Plot Title: 5C1C,6113,7/7/26 02:00,52.05,
Plot Title: 5C1C,6114,7/7/26 02:15,52.05,
Plot Title: 5C1C,6115,7/7/26 02:30,52.05,
Plot Title: 5C1C,6116,7/7/26 02:45,51.874,
Plot Title: 5C1C,6117,7/7/26 03:00,51.874,
Plot Title: 5C1C,6118,7/7/26 03:15,51.699,
Plot Title: 5C1C,6119,7/7/26 03:30,51.699,
Plot Title: 5C1C,6120,7/7/26 03:45,51.523,
Plot Title: 5C1C,6121,7/7/26 04:00,51.346,
Plot Title: 5C1C,6122,7/7/26 04:15,51.172,
Plot Title: 5C1C,6123,7/7/26 04:30,50.995,
Plot Title: 5C1C,6124,7/7/26 04:45,50.995,
Plot Title: 5C1C,6125,7/7/26 05:00,50.819,
Plot Title: 5C1C,6126,7/7/26 05:15,50.819,
Plot Title: 5C1C,6127,7/7/26 05:30,50.819,
Plot Title: 5C1C,6128,7/7/26 05:45,50.643,
Plot Title: 5C1C,6129,7/7/26 06:00,50.643,
Plot Title: 5C1C,6130,7/7/26 06:15,50.466,
Plot Title: 5C1C,6131,7/7/26 06:30,50.466,
Plot Title: 5C1C,6132,7/7/26 06:45,50.466,
Plot Title: 5C1C,6133,7/7/26 07:00,50.643,
Plot Title: 5C1C,6134,7/7/26 07:15,50.643,
Plot Title: 5C1C,6135,7/7/26 07:30,50.819,
Plot Title: 5C1C,6136,7/7/26 07:45,50.819,
Plot Title: 5C1C,6137,7/7/26 08:00,50.819,
Plot Title: 5C1C,6138,7/7/26 08:15,50.995,
Plot Title: 5C1C,6139,7/7/26 08:30,51.172,
Plot Title: 5C1C,6140,7/7/26 08:45,51.346,
Plot Title: 5C1C,6141,7/7/26 09:00,52.05,
Plot Title: 5C1C,6142,7/7/26 09:15,52.401,
Plot Title: 5C1C,6143,7/7/26 09:30,52.576,
Plot Title: 5C1C,6144,7/7/26 09:45,53.274,
Plot Title: 5C1C,6145,7/7/26 10:00,53.973,
Plot Title: 5C1C,6146,7/7/26 10:15,54.147,
Plot Title: 5C1C,6147,7/7/26 10:30,54.495,
Plot Title: 5C1C,6148,7/7/26 10:45,54.842,
Plot Title: 5C1C,6149,7/7/26 11:00,55.189,
Plot Title: 5C1C,6150,7/7/26 11:15,55.537,
Plot Title: 5C1C,6151,7/7/26 11:30,56.057,
Plot Title: 5C1C,6152,7/7/26 11:45,58.303,
Plot Title: 5C1C,6153,7/7/26 12:00,66.879,
Plot Title: 5C1C,6154,7/7/26 12:15,70.308,
Plot Title: 5C1C,6155,7/7/26 12:30,70.308,
Plot Title: 5C1C,6156,7/7/26 12:45,70.651,
Plot Title: 5C1C,6157,7/7/26 13:00,70.995,
Plot Title: 5C1C,6158,7/7/26 13:15,71.168,
Plot Title: 5C1C,6159,7/7/26 13:30,71.683,
Plot Title: 5C1C,6160,7/7/26 13:45,72.372,
Plot Title: 5C1C,6161,7/7/26 14:00,73.234,
Plot Title: 5C1C,6162,7/7/26 14:15,73.58,
Plot Title: 5C1C,6163,7/7/26 14:30,73.926,
Plot Title: 5C1C,6164,7/7/26 14:45,75.832,
Plot Title: 5C1C,6165,7/7/26 15:00,77.749,
Plot Title: 5C1C,6166,7/7/26 15:15,79.502,
Plot Title: 5C1C,6167,7/7/26 15:30,77.4,
Plot Title: 5C1C,6168,7/7/26 15:45,75.659,
Plot Title: 5C1C,6169,7/7/26 16:00,73.58,
Plot Title: 5C1C,6170,7/7/26 16:15,72.545,
Plot Title: 5C1C,6171,7/7/26 16:30,76.181,
Plot Title: 5C1C,6172,7/7/26 16:45,78.449,
Plot Title: 5C1C,6173,7/7/26 17:00,76.006,
Plot Title: 5C1C,6174,7/7/26 17:15,74.271,
Plot Title: 5C1C,6175,7/7/26 17:30,74.964,
Plot Title: 5C1C,6176,7/7/26 17:45,73.407,
Plot Title: 5C1C,6177,7/7/26 18:00,71.512,
Plot Title: 5C1C,6178,7/7/26 18:15,69.793,
Plot Title: 5C1C,6179,7/7/26 18:30,68.763,
Plot Title: 5C1C,6180,7/7/26 18:45,67.735,
Plot Title: 5C1C,6181,7/7/26 19:00,67.221,
Plot Title: 5C1C,6182,7/7/26 19:15,66.537,
Plot Title: 5C1C,6183,7/7/26 19:30,65.68,
Plot Title: 5C1C,6184,7/7/26 19:45,64.996,
Plot Title: 5C1C,6185,7/7/26 20:00,64.652,
Plot Title: 5C1C,6186,7/7/26 20:15,63.968,
Plot Title: 5C1C,6187,7/7/26 20:30,63.282,
Plot Title: 5C1C,6188,7/7/26 20:45,62.254,
Plot Title: 5C1C,6189,7/7/26 21:00,61.569,
Plot Title: 5C1C,6190,7/7/26 21:15,60.883,
Plot Title: 5C1C,6191,7/7/26 21:30,60.195,
Plot Title: 5C1C,6192,7/7/26 21:45,59.68,
Plot Title: 5C1C,6193,7/7/26 22:00,59.337,
Plot Title: 5C1C,6194,7/7/26 22:15,58.993,
Plot Title: 5C1C,6195,7/7/26 22:30,58.647,
Plot Title: 5C1C,6196,7/7/26 22:45,58.303,
Plot Title: 5C1C,6197,7/7/26 23:00,57.958,
Plot Title: 5C1C,6198,7/7/26 23:15,57.785,
Plot Title: 5C1C,6199,7/7/26 23:30,57.614,
Plot Title: 5C1C,6200,7/7/26 23:45,57.268,
Plot Title: 5C1C,6201,7/8/26 00:00,57.096,
Plot Title: 5C1C,6202,7/8/26 00:15,56.923,
Plot Title: 5C1C,6203,7/8/26 00:30,56.75,
Plot Title: 5C1C,6204,7/8/26 00:45,56.577,
Plot Title: 5C1C,6205,7/8/26 01:00,56.404,
Plot Title: 5C1C,6206,7/8/26 01:15,56.057,
Plot Title: 5C1C,6207,7/8/26 01:30,55.711,
Plot Title: 5C1C,6208,7/8/26 01:45,55.364,
Plot Title: 5C1C,6209,7/8/26 02:00,55.189,
Plot Title: 5C1C,6210,7/8/26 02:15,54.842,
Plot Title: 5C1C,6211,7/8/26 02:30,54.669,
Plot Title: 5C1C,6212,7/8/26 02:45,54.322,
Plot Title: 5C1C,6213,7/8/26 03:00,54.147,
Plot Title: 5C1C,6214,7/8/26 03:15,53.973,
Plot Title: 5C1C,6215,7/8/26 03:30,53.623,
Plot Title: 5C1C,6216,7/8/26 03:45,53.449,
Plot Title: 5C1C,6217,7/8/26 04:00,53.274,
Plot Title: 5C1C,6218,7/8/26 04:15,53.1,
Plot Title: 5C1C,6219,7/8/26 04:30,52.925,
Plot Title: 5C1C,6220,7/8/26 04:45,52.75,
Plot Title: 5C1C,6221,7/8/26 05:00,52.75,
Plot Title: 5C1C,6222,7/8/26 05:15,52.576,
Plot Title: 5C1C,6223,7/8/26 05:30,52.576,
Plot Title: 5C1C,6224,7/8/26 05:45,52.401,
Plot Title: 5C1C,6225,7/8/26 06:00,52.401,
Plot Title: 5C1C,6226,7/8/26 06:15,52.225,
Plot Title: 5C1C,6227,7/8/26 06:30,52.225,
Plot Title: 5C1C,6228,7/8/26 06:45,52.225,
Plot Title: 5C1C,6229,7/8/26 07:00,52.225,
Plot Title: 5C1C,6230,7/8/26 07:15,52.225,
Plot Title: 5C1C,6231,7/8/26 07:30,52.401,
Plot Title: 5C1C,6232,7/8/26 07:45,52.576,
Plot Title: 5C1C,6233,7/8/26 08:00,52.75,
Plot Title: 5C1C,6234,7/8/26 08:15,52.75,
Plot Title: 5C1C,6235,7/8/26 08:30,52.75,Logged