Plot Title: 5C2G,#,"Date Time, GMT-06:00",T,End Of File (LGR S/N: 10608557)
Plot Title: 5C2G,1,6/5/26 11:00,77.923,
Plot Title: 5C2G,2,6/5/26 11:15,77.05,
Plot Title: 5C2G,3,6/5/26 11:30,75.659,
Plot Title: 5C2G,4,6/5/26 11:45,76.876,
Plot Title: 5C2G,5,6/5/26 12:00,79.678,
Plot Title: 5C2G,6,6/5/26 12:15,82.864,
Plot Title: 5C2G,7,6/5/26 12:30,81.975,
Plot Title: 5C2G,8,6/5/26 12:45,80.735,
Plot Title: 5C2G,9,6/5/26 13:00,85.194,
Plot Title: 5C2G,10,6/5/26 13:15,100.683,
Plot Title: 5C2G,11,6/5/26 13:30,96.942,
Plot Title: 5C2G,12,6/5/26 13:45,89.755,
Plot Title: 5C2G,13,6/5/26 14:00,89.2,
Plot Title: 5C2G,14,6/5/26 14:15,89.017,
Plot Title: 5C2G,15,6/5/26 14:30,89.017,
Plot Title: 5C2G,16,6/5/26 14:45,88.833,
Plot Title: 5C2G,17,6/5/26 15:00,88.833,
Plot Title: 5C2G,18,6/5/26 15:15,88.282,
Plot Title: 5C2G,19,6/5/26 15:30,88.099,
Plot Title: 5C2G,20,6/5/26 15:45,87.186,
Plot Title: 5C2G,21,6/5/26 16:00,86.277,
Plot Title: 5C2G,22,6/5/26 16:15,85.014,
Plot Title: 5C2G,23,6/5/26 16:30,83.221,
Plot Title: 5C2G,24,6/5/26 16:45,82.152,
Plot Title: 5C2G,25,6/5/26 17:00,80.206,
Plot Title: 5C2G,26,6/5/26 17:15,77.923,
Plot Title: 5C2G,27,6/5/26 17:30,75.312,
Plot Title: 5C2G,28,6/5/26 17:45,72.545,
Plot Title: 5C2G,29,6/5/26 18:00,70.651,
Plot Title: 5C2G,30,6/5/26 18:15,68.248,
Plot Title: 5C2G,31,6/5/26 18:30,66.193,
Plot Title: 5C2G,32,6/5/26 18:45,64.652,
Plot Title: 5C2G,33,6/5/26 19:00,63.282,
Plot Title: 5C2G,34,6/5/26 19:15,62.083,
Plot Title: 5C2G,35,6/5/26 19:30,60.883,
Plot Title: 5C2G,36,6/5/26 19:45,60.024,
Plot Title: 5C2G,37,6/5/26 20:00,59.164,
Plot Title: 5C2G,38,6/5/26 20:15,58.476,
Plot Title: 5C2G,39,6/5/26 20:30,57.614,
Plot Title: 5C2G,40,6/5/26 20:45,57.096,
Plot Title: 5C2G,41,6/5/26 21:00,56.404,
Plot Title: 5C2G,42,6/5/26 21:15,55.537,
Plot Title: 5C2G,43,6/5/26 21:30,54.842,
Plot Title: 5C2G,44,6/5/26 21:45,54.147,
Plot Title: 5C2G,45,6/5/26 22:00,53.449,
Plot Title: 5C2G,46,6/5/26 22:15,53.1,
Plot Title: 5C2G,47,6/5/26 22:30,52.401,
Plot Title: 5C2G,48,6/5/26 22:45,51.699,
Plot Title: 5C2G,49,6/5/26 23:00,51.172,
Plot Title: 5C2G,50,6/5/26 23:15,50.643,
Plot Title: 5C2G,51,6/5/26 23:30,49.937,
Plot Title: 5C2G,52,6/5/26 23:45,49.582,
Plot Title: 5C2G,53,6/6/26 00:00,49.228,
Plot Title: 5C2G,54,6/6/26 00:15,48.695,
Plot Title: 5C2G,55,6/6/26 00:30,48.339,
Plot Title: 5C2G,56,6/6/26 00:45,47.624,
Plot Title: 5C2G,57,6/6/26 01:00,47.266,
Plot Title: 5C2G,58,6/6/26 01:15,46.728,
Plot Title: 5C2G,59,6/6/26 01:30,46.369,
Plot Title: 5C2G,60,6/6/26 01:45,46.188,
Plot Title: 5C2G,61,6/6/26 02:00,45.828,
Plot Title: 5C2G,62,6/6/26 02:15,45.466,
Plot Title: 5C2G,63,6/6/26 02:30,45.286,
Plot Title: 5C2G,64,6/6/26 02:45,45.104,
Plot Title: 5C2G,65,6/6/26 03:00,44.922,
Plot Title: 5C2G,66,6/6/26 03:15,44.742,
Plot Title: 5C2G,67,6/6/26 03:30,44.56,
Plot Title: 5C2G,68,6/6/26 03:45,44.56,
Plot Title: 5C2G,69,6/6/26 04:00,44.379,
Plot Title: 5C2G,70,6/6/26 04:15,44.195,
Plot Title: 5C2G,71,6/6/26 04:30,44.013,
Plot Title: 5C2G,72,6/6/26 04:45,43.831,
Plot Title: 5C2G,73,6/6/26 05:00,43.831,
Plot Title: 5C2G,74,6/6/26 05:15,43.648,
Plot Title: 5C2G,75,6/6/26 05:30,43.648,
Plot Title: 5C2G,76,6/6/26 05:45,43.648,
Plot Title: 5C2G,77,6/6/26 06:00,43.831,
Plot Title: 5C2G,78,6/6/26 06:15,44.379,
Plot Title: 5C2G,79,6/6/26 06:30,45.104,
Plot Title: 5C2G,80,6/6/26 06:45,46.369,
Plot Title: 5C2G,81,6/6/26 07:00,46.908,
Plot Title: 5C2G,82,6/6/26 07:15,47.266,
Plot Title: 5C2G,83,6/6/26 07:30,48.16,
Plot Title: 5C2G,84,6/6/26 07:45,48.16,
Plot Title: 5C2G,85,6/6/26 08:00,49.404,
Plot Title: 5C2G,86,6/6/26 08:15,51.346,
Plot Title: 5C2G,87,6/6/26 08:30,55.189,
Plot Title: 5C2G,88,6/6/26 08:45,56.057,
Plot Title: 5C2G,89,6/6/26 09:00,57.441,
Plot Title: 5C2G,90,6/6/26 09:15,59.68,
Plot Title: 5C2G,91,6/6/26 09:30,57.958,
Plot Title: 5C2G,92,6/6/26 09:45,57.958,
Plot Title: 5C2G,93,6/6/26 10:00,57.441,
Plot Title: 5C2G,94,6/6/26 10:15,56.923,
Plot Title: 5C2G,95,6/6/26 10:30,55.711,
Plot Title: 5C2G,96,6/6/26 10:45,54.669,
Plot Title: 5C2G,97,6/6/26 11:00,55.189,
Plot Title: 5C2G,98,6/6/26 11:15,57.441,
Plot Title: 5C2G,99,6/6/26 11:30,60.539,
Plot Title: 5C2G,100,6/6/26 11:45,62.598,
Plot Title: 5C2G,101,6/6/26 12:00,63.111,
Plot Title: 5C2G,102,6/6/26 12:15,65.167,
Plot Title: 5C2G,103,6/6/26 12:30,65.68,
Plot Title: 5C2G,104,6/6/26 12:45,67.392,
Plot Title: 5C2G,105,6/6/26 13:00,68.934,
Plot Title: 5C2G,106,6/6/26 13:15,68.248,
Plot Title: 5C2G,107,6/6/26 13:30,67.906,
Plot Title: 5C2G,108,6/6/26 13:45,66.879,
Plot Title: 5C2G,109,6/6/26 14:00,67.05,
Plot Title: 5C2G,110,6/6/26 14:15,71.856,
Plot Title: 5C2G,111,6/6/26 14:30,72.545,
Plot Title: 5C2G,112,6/6/26 14:45,70.137,
Plot Title: 5C2G,113,6/6/26 15:00,67.564,
Plot Title: 5C2G,114,6/6/26 15:15,65.167,
Plot Title: 5C2G,115,6/6/26 15:30,63.455,
Plot Title: 5C2G,116,6/6/26 15:45,62.94,
Plot Title: 5C2G,117,6/6/26 16:00,62.425,
Plot Title: 5C2G,118,6/6/26 16:15,63.111,
Plot Title: 5C2G,119,6/6/26 16:30,64.139,
Plot Title: 5C2G,120,6/6/26 16:45,63.968,
Plot Title: 5C2G,121,6/6/26 17:00,63.626,
Plot Title: 5C2G,122,6/6/26 17:15,63.111,
Plot Title: 5C2G,123,6/6/26 17:30,61.741,
Plot Title: 5C2G,124,6/6/26 17:45,60.195,
Plot Title: 5C2G,125,6/6/26 18:00,59.164,
Plot Title: 5C2G,126,6/6/26 18:15,58.476,
Plot Title: 5C2G,127,6/6/26 18:30,57.096,
Plot Title: 5C2G,128,6/6/26 18:45,56.404,
Plot Title: 5C2G,129,6/6/26 19:00,55.884,
Plot Title: 5C2G,130,6/6/26 19:15,55.189,
Plot Title: 5C2G,131,6/6/26 19:30,54.842,
Plot Title: 5C2G,132,6/6/26 19:45,54.147,
Plot Title: 5C2G,133,6/6/26 20:00,53.449,
Plot Title: 5C2G,134,6/6/26 20:15,52.925,
Plot Title: 5C2G,135,6/6/26 20:30,52.576,
Plot Title: 5C2G,136,6/6/26 20:45,51.874,
Plot Title: 5C2G,137,6/6/26 21:00,50.819,
Plot Title: 5C2G,138,6/6/26 21:15,49.759,
Plot Title: 5C2G,139,6/6/26 21:30,48.695,
Plot Title: 5C2G,140,6/6/26 21:45,47.982,
Plot Title: 5C2G,141,6/6/26 22:00,47.266,
Plot Title: 5C2G,142,6/6/26 22:15,46.728,
Plot Title: 5C2G,143,6/6/26 22:30,46.369,
Plot Title: 5C2G,144,6/6/26 22:45,46.008,
Plot Title: 5C2G,145,6/6/26 23:00,46.188,
Plot Title: 5C2G,146,6/6/26 23:15,46.548,
Plot Title: 5C2G,147,6/6/26 23:30,46.369,
Plot Title: 5C2G,148,6/6/26 23:45,46.188,
Plot Title: 5C2G,149,6/7/26 00:00,46.008,
Plot Title: 5C2G,150,6/7/26 00:15,45.828,
Plot Title: 5C2G,151,6/7/26 00:30,45.466,
Plot Title: 5C2G,152,6/7/26 00:45,44.922,
Plot Title: 5C2G,153,6/7/26 01:00,44.742,
Plot Title: 5C2G,154,6/7/26 01:15,44.379,
Plot Title: 5C2G,155,6/7/26 01:30,44.013,
Plot Title: 5C2G,156,6/7/26 01:45,43.466,
Plot Title: 5C2G,157,6/7/26 02:00,43.099,
Plot Title: 5C2G,158,6/7/26 02:15,42.732,
Plot Title: 5C2G,159,6/7/26 02:30,43.099,
Plot Title: 5C2G,160,6/7/26 02:45,43.282,
Plot Title: 5C2G,161,6/7/26 03:00,43.466,
Plot Title: 5C2G,162,6/7/26 03:15,43.648,
Plot Title: 5C2G,163,6/7/26 03:30,43.648,
Plot Title: 5C2G,164,6/7/26 03:45,43.466,
Plot Title: 5C2G,165,6/7/26 04:00,43.466,
Plot Title: 5C2G,166,6/7/26 04:15,43.648,
Plot Title: 5C2G,167,6/7/26 04:30,43.282,
Plot Title: 5C2G,168,6/7/26 04:45,43.282,
Plot Title: 5C2G,169,6/7/26 05:00,43.466,
Plot Title: 5C2G,170,6/7/26 05:15,43.099,
Plot Title: 5C2G,171,6/7/26 05:30,42.363,
Plot Title: 5C2G,172,6/7/26 05:45,41.994,
Plot Title: 5C2G,173,6/7/26 06:00,41.994,
Plot Title: 5C2G,174,6/7/26 06:15,42.179,
Plot Title: 5C2G,175,6/7/26 06:30,42.548,
Plot Title: 5C2G,176,6/7/26 06:45,43.282,
Plot Title: 5C2G,177,6/7/26 07:00,45.104,
Plot Title: 5C2G,178,6/7/26 07:15,45.466,
Plot Title: 5C2G,179,6/7/26 07:30,47.088,
Plot Title: 5C2G,180,6/7/26 07:45,49.937,
Plot Title: 5C2G,181,6/7/26 08:00,53.798,
Plot Title: 5C2G,182,6/7/26 08:15,56.75,
Plot Title: 5C2G,183,6/7/26 08:30,58.82,
Plot Title: 5C2G,184,6/7/26 08:45,61.569,
Plot Title: 5C2G,185,6/7/26 09:00,62.769,
Plot Title: 5C2G,186,6/7/26 09:15,66.708,
Plot Title: 5C2G,187,6/7/26 09:30,69.278,
Plot Title: 5C2G,188,6/7/26 09:45,72.028,
Plot Title: 5C2G,189,6/7/26 10:00,73.234,
Plot Title: 5C2G,190,6/7/26 10:15,75.484,
Plot Title: 5C2G,191,6/7/26 10:30,77.225,
Plot Title: 5C2G,192,6/7/26 10:45,79.678,
Plot Title: 5C2G,193,6/7/26 11:00,81.975,
Plot Title: 5C2G,194,6/7/26 11:15,83.579,
Plot Title: 5C2G,195,6/7/26 11:30,83.757,
Plot Title: 5C2G,196,6/7/26 11:45,81.621,
Plot Title: 5C2G,197,6/7/26 12:00,81.09,
Plot Title: 5C2G,198,6/7/26 12:15,79.853,
Plot Title: 5C2G,199,6/7/26 12:30,79.678,
Plot Title: 5C2G,200,6/7/26 12:45,79.853,
Plot Title: 5C2G,201,6/7/26 13:00,76.876,
Plot Title: 5C2G,202,6/7/26 13:15,74.271,
Plot Title: 5C2G,203,6/7/26 13:30,72.199,
Plot Title: 5C2G,204,6/7/26 13:45,70.824,
Plot Title: 5C2G,205,6/7/26 14:00,69.107,
Plot Title: 5C2G,206,6/7/26 14:15,66.879,
Plot Title: 5C2G,207,6/7/26 14:30,65.167,
Plot Title: 5C2G,208,6/7/26 14:45,63.455,
Plot Title: 5C2G,209,6/7/26 15:00,62.769,
Plot Title: 5C2G,210,6/7/26 15:15,62.083,
Plot Title: 5C2G,211,6/7/26 15:30,61.398,
Plot Title: 5C2G,212,6/7/26 15:45,61.054,
Plot Title: 5C2G,213,6/7/26 16:00,59.851,
Plot Title: 5C2G,214,6/7/26 16:15,57.614,
Plot Title: 5C2G,215,6/7/26 16:30,55.537,
Plot Title: 5C2G,216,6/7/26 16:45,54.669,
Plot Title: 5C2G,217,6/7/26 17:00,54.495,
Plot Title: 5C2G,218,6/7/26 17:15,54.147,
Plot Title: 5C2G,219,6/7/26 17:30,54.842,
Plot Title: 5C2G,220,6/7/26 17:45,55.884,
Plot Title: 5C2G,221,6/7/26 18:00,54.322,
Plot Title: 5C2G,222,6/7/26 18:15,50.995,
Plot Title: 5C2G,223,6/7/26 18:30,48.517,
Plot Title: 5C2G,224,6/7/26 18:45,46.728,
Plot Title: 5C2G,225,6/7/26 19:00,45.466,
Plot Title: 5C2G,226,6/7/26 19:15,44.379,
Plot Title: 5C2G,227,6/7/26 19:30,44.56,
Plot Title: 5C2G,228,6/7/26 19:45,44.379,
Plot Title: 5C2G,229,6/7/26 20:00,44.195,
Plot Title: 5C2G,230,6/7/26 20:15,43.831,
Plot Title: 5C2G,231,6/7/26 20:30,43.099,
Plot Title: 5C2G,232,6/7/26 20:45,42.548,
Plot Title: 5C2G,233,6/7/26 21:00,41.994,
Plot Title: 5C2G,234,6/7/26 21:15,41.439,
Plot Title: 5C2G,235,6/7/26 21:30,40.696,
Plot Title: 5C2G,236,6/7/26 21:45,40.509,
Plot Title: 5C2G,237,6/7/26 22:00,40.134,
Plot Title: 5C2G,238,6/7/26 22:15,39.384,
Plot Title: 5C2G,239,6/7/26 22:30,38.629,
Plot Title: 5C2G,240,6/7/26 22:45,38.061,
Plot Title: 5C2G,241,6/7/26 23:00,37.488,
Plot Title: 5C2G,242,6/7/26 23:15,36.723,
Plot Title: 5C2G,243,6/7/26 23:30,35.951,
Plot Title: 5C2G,244,6/7/26 23:45,35.175,
Plot Title: 5C2G,245,6/8/26 00:00,34.59,
Plot Title: 5C2G,246,6/8/26 00:15,34.198,
Plot Title: 5C2G,247,6/8/26 00:30,33.805,
Plot Title: 5C2G,248,6/8/26 00:45,33.411,
Plot Title: 5C2G,249,6/8/26 01:00,33.013,
Plot Title: 5C2G,250,6/8/26 01:15,32.617,
Plot Title: 5C2G,251,6/8/26 01:30,32.418,
Plot Title: 5C2G,252,6/8/26 01:45,32.018,
Plot Title: 5C2G,253,6/8/26 02:00,31.617,
Plot Title: 5C2G,254,6/8/26 02:15,31.415,
Plot Title: 5C2G,255,6/8/26 02:30,31.213,
Plot Title: 5C2G,256,6/8/26 02:45,31.012,
Plot Title: 5C2G,257,6/8/26 03:00,30.808,
Plot Title: 5C2G,258,6/8/26 03:15,30.808,
Plot Title: 5C2G,259,6/8/26 03:30,30.808,
Plot Title: 5C2G,260,6/8/26 03:45,31.012,
Plot Title: 5C2G,261,6/8/26 04:00,31.012,
Plot Title: 5C2G,262,6/8/26 04:15,31.012,
Plot Title: 5C2G,263,6/8/26 04:30,31.012,
Plot Title: 5C2G,264,6/8/26 04:45,30.808,
Plot Title: 5C2G,265,6/8/26 05:00,30.808,
Plot Title: 5C2G,266,6/8/26 05:15,31.012,
Plot Title: 5C2G,267,6/8/26 05:30,31.012,
Plot Title: 5C2G,268,6/8/26 05:45,31.213,
Plot Title: 5C2G,269,6/8/26 06:00,31.213,
Plot Title: 5C2G,270,6/8/26 06:15,31.415,
Plot Title: 5C2G,271,6/8/26 06:30,31.415,
Plot Title: 5C2G,272,6/8/26 06:45,31.816,
Plot Title: 5C2G,273,6/8/26 07:00,32.418,
Plot Title: 5C2G,274,6/8/26 07:15,32.617,
Plot Title: 5C2G,275,6/8/26 07:30,32.815,
Plot Title: 5C2G,276,6/8/26 07:45,34.394,
Plot Title: 5C2G,277,6/8/26 08:00,38.061,
Plot Title: 5C2G,278,6/8/26 08:15,43.831,
Plot Title: 5C2G,279,6/8/26 08:30,47.982,
Plot Title: 5C2G,280,6/8/26 08:45,52.05,
Plot Title: 5C2G,281,6/8/26 09:00,55.884,
Plot Title: 5C2G,282,6/8/26 09:15,59.164,
Plot Title: 5C2G,283,6/8/26 09:30,62.425,
Plot Title: 5C2G,284,6/8/26 09:45,65.338,
Plot Title: 5C2G,285,6/8/26 10:00,67.906,
Plot Title: 5C2G,286,6/8/26 10:15,70.137,
Plot Title: 5C2G,287,6/8/26 10:30,73.234,
Plot Title: 5C2G,288,6/8/26 10:45,75.659,
Plot Title: 5C2G,289,6/8/26 11:00,76.181,
Plot Title: 5C2G,290,6/8/26 11:15,78.274,
Plot Title: 5C2G,291,6/8/26 11:30,79.678,
Plot Title: 5C2G,292,6/8/26 11:45,81.442,
Plot Title: 5C2G,293,6/8/26 12:00,83.221,
Plot Title: 5C2G,294,6/8/26 12:15,84.654,
Plot Title: 5C2G,295,6/8/26 12:30,85.735,
Plot Title: 5C2G,296,6/8/26 12:45,87.004,
Plot Title: 5C2G,297,6/8/26 13:00,87.915,
Plot Title: 5C2G,298,6/8/26 13:15,88.833,
Plot Title: 5C2G,299,6/8/26 13:30,89.2,
Plot Title: 5C2G,300,6/8/26 13:45,89.569,
Plot Title: 5C2G,301,6/8/26 14:00,90.124,
Plot Title: 5C2G,302,6/8/26 14:15,90.124,
Plot Title: 5C2G,303,6/8/26 14:30,87.368,
Plot Title: 5C2G,304,6/8/26 14:45,85.554,
Plot Title: 5C2G,305,6/8/26 15:00,84.295,
Plot Title: 5C2G,306,6/8/26 15:15,85.194,
Plot Title: 5C2G,307,6/8/26 15:30,83.579,
Plot Title: 5C2G,308,6/8/26 15:45,80.206,
Plot Title: 5C2G,309,6/8/26 16:00,77.574,
Plot Title: 5C2G,310,6/8/26 16:15,75.659,
Plot Title: 5C2G,311,6/8/26 16:30,73.58,
Plot Title: 5C2G,312,6/8/26 16:45,73.234,
Plot Title: 5C2G,313,6/8/26 17:00,72.372,
Plot Title: 5C2G,314,6/8/26 17:15,71.856,
Plot Title: 5C2G,315,6/8/26 17:30,70.308,
Plot Title: 5C2G,316,6/8/26 17:45,68.592,
Plot Title: 5C2G,317,6/8/26 18:00,67.05,
Plot Title: 5C2G,318,6/8/26 18:15,65.509,
Plot Title: 5C2G,319,6/8/26 18:30,64.31,
Plot Title: 5C2G,320,6/8/26 18:45,63.282,
Plot Title: 5C2G,321,6/8/26 19:00,62.254,
Plot Title: 5C2G,322,6/8/26 19:15,61.227,
Plot Title: 5C2G,323,6/8/26 19:30,60.712,
Plot Title: 5C2G,324,6/8/26 19:45,59.68,
Plot Title: 5C2G,325,6/8/26 20:00,58.303,
Plot Title: 5C2G,326,6/8/26 20:15,57.441,
Plot Title: 5C2G,327,6/8/26 20:30,56.404,
Plot Title: 5C2G,328,6/8/26 20:45,55.537,
Plot Title: 5C2G,329,6/8/26 21:00,54.842,
Plot Title: 5C2G,330,6/8/26 21:15,54.147,
Plot Title: 5C2G,331,6/8/26 21:30,53.623,
Plot Title: 5C2G,332,6/8/26 21:45,53.1,
Plot Title: 5C2G,333,6/8/26 22:00,52.576,
Plot Title: 5C2G,334,6/8/26 22:15,52.225,
Plot Title: 5C2G,335,6/8/26 22:30,51.699,
Plot Title: 5C2G,336,6/8/26 22:45,51.346,
Plot Title: 5C2G,337,6/8/26 23:00,50.995,
Plot Title: 5C2G,338,6/8/26 23:15,50.819,
Plot Title: 5C2G,339,6/8/26 23:30,50.643,
Plot Title: 5C2G,340,6/8/26 23:45,50.29,
Plot Title: 5C2G,341,6/9/26 00:00,50.113,
Plot Title: 5C2G,342,6/9/26 00:15,49.937,
Plot Title: 5C2G,343,6/9/26 00:30,49.582,
Plot Title: 5C2G,344,6/9/26 00:45,49.404,
Plot Title: 5C2G,345,6/9/26 01:00,49.228,
Plot Title: 5C2G,346,6/9/26 01:15,49.228,
Plot Title: 5C2G,347,6/9/26 01:30,49.05,
Plot Title: 5C2G,348,6/9/26 01:45,48.695,
Plot Title: 5C2G,349,6/9/26 02:00,48.339,
Plot Title: 5C2G,350,6/9/26 02:15,47.982,
Plot Title: 5C2G,351,6/9/26 02:30,47.982,
Plot Title: 5C2G,352,6/9/26 02:45,47.982,
Plot Title: 5C2G,353,6/9/26 03:00,47.982,
Plot Title: 5C2G,354,6/9/26 03:15,47.802,
Plot Title: 5C2G,355,6/9/26 03:30,47.802,
Plot Title: 5C2G,356,6/9/26 03:45,47.624,
Plot Title: 5C2G,357,6/9/26 04:00,47.446,
Plot Title: 5C2G,358,6/9/26 04:15,47.088,
Plot Title: 5C2G,359,6/9/26 04:30,46.548,
Plot Title: 5C2G,360,6/9/26 04:45,46.188,
Plot Title: 5C2G,361,6/9/26 05:00,46.008,
Plot Title: 5C2G,362,6/9/26 05:15,45.828,
Plot Title: 5C2G,363,6/9/26 05:30,45.466,
Plot Title: 5C2G,364,6/9/26 05:45,45.104,
Plot Title: 5C2G,365,6/9/26 06:00,44.742,
Plot Title: 5C2G,366,6/9/26 06:15,44.379,
Plot Title: 5C2G,367,6/9/26 06:30,44.195,
Plot Title: 5C2G,368,6/9/26 06:45,44.013,
Plot Title: 5C2G,369,6/9/26 07:00,44.013,
Plot Title: 5C2G,370,6/9/26 07:15,44.742,
Plot Title: 5C2G,371,6/9/26 07:30,45.828,
Plot Title: 5C2G,372,6/9/26 07:45,46.188,
Plot Title: 5C2G,373,6/9/26 08:00,46.548,
Plot Title: 5C2G,374,6/9/26 08:15,46.188,
Plot Title: 5C2G,375,6/9/26 08:30,46.728,
Plot Title: 5C2G,376,6/9/26 08:45,48.517,
Plot Title: 5C2G,377,6/9/26 09:00,47.446,
Plot Title: 5C2G,378,6/9/26 09:15,47.266,
Plot Title: 5C2G,379,6/9/26 09:30,47.624,
Plot Title: 5C2G,380,6/9/26 09:45,47.624,
Plot Title: 5C2G,381,6/9/26 10:00,51.346,
Plot Title: 5C2G,382,6/9/26 10:15,52.05,
Plot Title: 5C2G,383,6/9/26 10:30,57.096,
Plot Title: 5C2G,384,6/9/26 10:45,58.82,
Plot Title: 5C2G,385,6/9/26 11:00,59.68,
Plot Title: 5C2G,386,6/9/26 11:15,58.647,
Plot Title: 5C2G,387,6/9/26 11:30,57.441,
Plot Title: 5C2G,388,6/9/26 11:45,55.884,
Plot Title: 5C2G,389,6/9/26 12:00,49.759,
Plot Title: 5C2G,390,6/9/26 12:15,48.339,
Plot Title: 5C2G,391,6/9/26 12:30,46.908,
Plot Title: 5C2G,392,6/9/26 12:45,44.56,
Plot Title: 5C2G,393,6/9/26 13:00,44.742,
Plot Title: 5C2G,394,6/9/26 13:15,44.56,
Plot Title: 5C2G,395,6/9/26 13:30,44.379,
Plot Title: 5C2G,396,6/9/26 13:45,42.548,
Plot Title: 5C2G,397,6/9/26 14:00,42.548,
Plot Title: 5C2G,398,6/9/26 14:15,41.625,
Plot Title: 5C2G,399,6/9/26 14:30,42.548,
Plot Title: 5C2G,400,6/9/26 14:45,43.466,
Plot Title: 5C2G,401,6/9/26 15:00,43.648,
Plot Title: 5C2G,402,6/9/26 15:15,43.831,
Plot Title: 5C2G,403,6/9/26 15:30,43.831,
Plot Title: 5C2G,404,6/9/26 15:45,44.013,
Plot Title: 5C2G,405,6/9/26 16:00,44.742,
Plot Title: 5C2G,406,6/9/26 16:15,47.266,
Plot Title: 5C2G,407,6/9/26 16:30,47.982,
Plot Title: 5C2G,408,6/9/26 16:45,48.517,
Plot Title: 5C2G,409,6/9/26 17:00,50.995,
Plot Title: 5C2G,410,6/9/26 17:15,53.274,
Plot Title: 5C2G,411,6/9/26 17:30,51.523,
Plot Title: 5C2G,412,6/9/26 17:45,47.982,
Plot Title: 5C2G,413,6/9/26 18:00,41.81,
Plot Title: 5C2G,414,6/9/26 18:15,40.321,
Plot Title: 5C2G,415,6/9/26 18:30,38.818,
Plot Title: 5C2G,416,6/9/26 18:45,38.061,
Plot Title: 5C2G,417,6/9/26 19:00,37.679,
Plot Title: 5C2G,418,6/9/26 19:15,37.87,
Plot Title: 5C2G,419,6/9/26 19:30,38.25,
Plot Title: 5C2G,420,6/9/26 19:45,39.007,
Plot Title: 5C2G,421,6/9/26 20:00,39.573,
Plot Title: 5C2G,422,6/9/26 20:15,39.573,
Plot Title: 5C2G,423,6/9/26 20:30,39.007,
Plot Title: 5C2G,424,6/9/26 20:45,38.818,
Plot Title: 5C2G,425,6/9/26 21:00,38.25,
Plot Title: 5C2G,426,6/9/26 21:15,37.297,
Plot Title: 5C2G,427,6/9/26 21:30,37.107,
Plot Title: 5C2G,428,6/9/26 21:45,37.107,
Plot Title: 5C2G,429,6/9/26 22:00,36.914,
Plot Title: 5C2G,430,6/9/26 22:15,36.914,
Plot Title: 5C2G,431,6/9/26 22:30,36.914,
Plot Title: 5C2G,432,6/9/26 22:45,36.723,
Plot Title: 5C2G,433,6/9/26 23:00,36.723,
Plot Title: 5C2G,434,6/9/26 23:15,36.338,
Plot Title: 5C2G,435,6/9/26 23:30,35.758,
Plot Title: 5C2G,436,6/9/26 23:45,35.758,
Plot Title: 5C2G,437,6/10/26 00:00,35.564,
Plot Title: 5C2G,438,6/10/26 00:15,35.37,
Plot Title: 5C2G,439,6/10/26 00:30,35.37,
Plot Title: 5C2G,440,6/10/26 00:45,35.37,
Plot Title: 5C2G,441,6/10/26 01:00,35.175,
Plot Title: 5C2G,442,6/10/26 01:15,35.175,
Plot Title: 5C2G,443,6/10/26 01:30,35.175,
Plot Title: 5C2G,444,6/10/26 01:45,35.175,
Plot Title: 5C2G,445,6/10/26 02:00,34.981,
Plot Title: 5C2G,446,6/10/26 02:15,34.786,
Plot Title: 5C2G,447,6/10/26 02:30,34.786,
Plot Title: 5C2G,448,6/10/26 02:45,34.59,
Plot Title: 5C2G,449,6/10/26 03:00,34.59,
Plot Title: 5C2G,450,6/10/26 03:15,34.59,
Plot Title: 5C2G,451,6/10/26 03:30,34.394,
Plot Title: 5C2G,452,6/10/26 03:45,34.394,
Plot Title: 5C2G,453,6/10/26 04:00,34.394,
Plot Title: 5C2G,454,6/10/26 04:15,34.394,
Plot Title: 5C2G,455,6/10/26 04:30,34.394,
Plot Title: 5C2G,456,6/10/26 04:45,34.198,
Plot Title: 5C2G,457,6/10/26 05:00,34.198,
Plot Title: 5C2G,458,6/10/26 05:15,34.002,
Plot Title: 5C2G,459,6/10/26 05:30,34.002,
Plot Title: 5C2G,460,6/10/26 05:45,34.002,
Plot Title: 5C2G,461,6/10/26 06:00,34.002,
Plot Title: 5C2G,462,6/10/26 06:15,33.805,
Plot Title: 5C2G,463,6/10/26 06:30,33.805,
Plot Title: 5C2G,464,6/10/26 06:45,34.002,
Plot Title: 5C2G,465,6/10/26 07:00,34.002,
Plot Title: 5C2G,466,6/10/26 07:15,34.002,
Plot Title: 5C2G,467,6/10/26 07:30,34.002,
Plot Title: 5C2G,468,6/10/26 07:45,34.002,
Plot Title: 5C2G,469,6/10/26 08:00,34.002,
Plot Title: 5C2G,470,6/10/26 08:15,34.198,
Plot Title: 5C2G,471,6/10/26 08:30,34.59,
Plot Title: 5C2G,472,6/10/26 08:45,35.37,
Plot Title: 5C2G,473,6/10/26 09:00,39.384,
Plot Title: 5C2G,474,6/10/26 09:15,43.099,
Plot Title: 5C2G,475,6/10/26 09:30,48.871,
Plot Title: 5C2G,476,6/10/26 09:45,52.576,
Plot Title: 5C2G,477,6/10/26 10:00,55.017,
Plot Title: 5C2G,478,6/10/26 10:15,55.884,
Plot Title: 5C2G,479,6/10/26 10:30,58.476,
Plot Title: 5C2G,480,6/10/26 10:45,59.68,
Plot Title: 5C2G,481,6/10/26 11:00,57.268,
Plot Title: 5C2G,482,6/10/26 11:15,55.017,
Plot Title: 5C2G,483,6/10/26 11:30,55.884,
Plot Title: 5C2G,484,6/10/26 11:45,56.75,
Plot Title: 5C2G,485,6/10/26 12:00,55.711,
Plot Title: 5C2G,486,6/10/26 12:15,61.227,
Plot Title: 5C2G,487,6/10/26 12:30,65.167,
Plot Title: 5C2G,488,6/10/26 12:45,58.476,
Plot Title: 5C2G,489,6/10/26 13:00,53.449,
Plot Title: 5C2G,490,6/10/26 13:15,54.322,
Plot Title: 5C2G,491,6/10/26 13:30,52.05,
Plot Title: 5C2G,492,6/10/26 13:45,49.05,
Plot Title: 5C2G,493,6/10/26 14:00,50.466,
Plot Title: 5C2G,494,6/10/26 14:15,54.495,
Plot Title: 5C2G,495,6/10/26 14:30,51.874,
Plot Title: 5C2G,496,6/10/26 14:45,49.759,
Plot Title: 5C2G,497,6/10/26 15:00,47.266,
Plot Title: 5C2G,498,6/10/26 15:15,49.937,
Plot Title: 5C2G,499,6/10/26 15:30,45.828,
Plot Title: 5C2G,500,6/10/26 15:45,49.937,
Plot Title: 5C2G,501,6/10/26 16:00,49.759,
Plot Title: 5C2G,502,6/10/26 16:15,48.16,
Plot Title: 5C2G,503,6/10/26 16:30,48.517,
Plot Title: 5C2G,504,6/10/26 16:45,47.088,
Plot Title: 5C2G,505,6/10/26 17:00,45.466,
Plot Title: 5C2G,506,6/10/26 17:15,45.648,
Plot Title: 5C2G,507,6/10/26 17:30,45.104,
Plot Title: 5C2G,508,6/10/26 17:45,45.286,
Plot Title: 5C2G,509,6/10/26 18:00,46.008,
Plot Title: 5C2G,510,6/10/26 18:15,45.648,
Plot Title: 5C2G,511,6/10/26 18:30,44.742,
Plot Title: 5C2G,512,6/10/26 18:45,44.013,
Plot Title: 5C2G,513,6/10/26 19:00,43.648,
Plot Title: 5C2G,514,6/10/26 19:15,43.099,
Plot Title: 5C2G,515,6/10/26 19:30,42.548,
Plot Title: 5C2G,516,6/10/26 19:45,41.81,
Plot Title: 5C2G,517,6/10/26 20:00,40.881,
Plot Title: 5C2G,518,6/10/26 20:15,40.321,
Plot Title: 5C2G,519,6/10/26 20:30,39.947,
Plot Title: 5C2G,520,6/10/26 20:45,39.384,
Plot Title: 5C2G,521,6/10/26 21:00,39.007,
Plot Title: 5C2G,522,6/10/26 21:15,38.44,
Plot Title: 5C2G,523,6/10/26 21:30,38.061,
Plot Title: 5C2G,524,6/10/26 21:45,37.679,
Plot Title: 5C2G,525,6/10/26 22:00,37.679,
Plot Title: 5C2G,526,6/10/26 22:15,37.488,
Plot Title: 5C2G,527,6/10/26 22:30,37.488,
Plot Title: 5C2G,528,6/10/26 22:45,37.297,
Plot Title: 5C2G,529,6/10/26 23:00,37.297,
Plot Title: 5C2G,530,6/10/26 23:15,37.107,
Plot Title: 5C2G,531,6/10/26 23:30,37.107,
Plot Title: 5C2G,532,6/10/26 23:45,36.914,
Plot Title: 5C2G,533,6/11/26 00:00,36.914,
Plot Title: 5C2G,534,6/11/26 00:15,36.723,
Plot Title: 5C2G,535,6/11/26 00:30,36.723,
Plot Title: 5C2G,536,6/11/26 00:45,36.531,
Plot Title: 5C2G,537,6/11/26 01:00,36.531,
Plot Title: 5C2G,538,6/11/26 01:15,36.531,
Plot Title: 5C2G,539,6/11/26 01:30,36.531,
Plot Title: 5C2G,540,6/11/26 01:45,36.338,
Plot Title: 5C2G,541,6/11/26 02:00,36.338,
Plot Title: 5C2G,542,6/11/26 02:15,36.338,
Plot Title: 5C2G,543,6/11/26 02:30,36.145,
Plot Title: 5C2G,544,6/11/26 02:45,36.145,
Plot Title: 5C2G,545,6/11/26 03:00,36.145,
Plot Title: 5C2G,546,6/11/26 03:15,36.145,
Plot Title: 5C2G,547,6/11/26 03:30,36.145,
Plot Title: 5C2G,548,6/11/26 03:45,35.951,
Plot Title: 5C2G,549,6/11/26 04:00,35.951,
Plot Title: 5C2G,550,6/11/26 04:15,35.951,
Plot Title: 5C2G,551,6/11/26 04:30,35.951,
Plot Title: 5C2G,552,6/11/26 04:45,35.951,
Plot Title: 5C2G,553,6/11/26 05:00,35.951,
Plot Title: 5C2G,554,6/11/26 05:15,35.758,
Plot Title: 5C2G,555,6/11/26 05:30,35.758,
Plot Title: 5C2G,556,6/11/26 05:45,35.758,
Plot Title: 5C2G,557,6/11/26 06:00,35.758,
Plot Title: 5C2G,558,6/11/26 06:15,35.758,
Plot Title: 5C2G,559,6/11/26 06:30,35.758,
Plot Title: 5C2G,560,6/11/26 06:45,35.758,
Plot Title: 5C2G,561,6/11/26 07:00,35.758,
Plot Title: 5C2G,562,6/11/26 07:15,35.951,
Plot Title: 5C2G,563,6/11/26 07:30,36.145,
Plot Title: 5C2G,564,6/11/26 07:45,36.531,
Plot Title: 5C2G,565,6/11/26 08:00,38.629,
Plot Title: 5C2G,566,6/11/26 08:15,44.56,
Plot Title: 5C2G,567,6/11/26 08:30,47.088,
Plot Title: 5C2G,568,6/11/26 08:45,49.05,
Plot Title: 5C2G,569,6/11/26 09:00,52.05,
Plot Title: 5C2G,570,6/11/26 09:15,53.1,
Plot Title: 5C2G,571,6/11/26 09:30,50.466,
Plot Title: 5C2G,572,6/11/26 09:45,51.172,
Plot Title: 5C2G,573,6/11/26 10:00,52.576,
Plot Title: 5C2G,574,6/11/26 10:15,51.172,
Plot Title: 5C2G,575,6/11/26 10:30,52.401,
Plot Title: 5C2G,576,6/11/26 10:45,52.401,
Plot Title: 5C2G,577,6/11/26 11:00,52.925,
Plot Title: 5C2G,578,6/11/26 11:15,54.147,
Plot Title: 5C2G,579,6/11/26 11:30,56.577,
Plot Title: 5C2G,580,6/11/26 11:45,57.096,
Plot Title: 5C2G,581,6/11/26 12:00,58.131,
Plot Title: 5C2G,582,6/11/26 12:15,61.741,
Plot Title: 5C2G,583,6/11/26 12:30,61.569,
Plot Title: 5C2G,584,6/11/26 12:45,62.769,
Plot Title: 5C2G,585,6/11/26 13:00,64.481,
Plot Title: 5C2G,586,6/11/26 13:15,68.592,
Plot Title: 5C2G,587,6/11/26 13:30,71.168,
Plot Title: 5C2G,588,6/11/26 13:45,72.545,
Plot Title: 5C2G,589,6/11/26 14:00,73.58,
Plot Title: 5C2G,590,6/11/26 14:15,73.926,
Plot Title: 5C2G,591,6/11/26 14:30,74.271,
Plot Title: 5C2G,592,6/11/26 14:45,74.619,
Plot Title: 5C2G,593,6/11/26 15:00,74.446,
Plot Title: 5C2G,594,6/11/26 15:15,73.753,
Plot Title: 5C2G,595,6/11/26 15:30,73.062,
Plot Title: 5C2G,596,6/11/26 15:45,71.856,
Plot Title: 5C2G,597,6/11/26 16:00,71.339,
Plot Title: 5C2G,598,6/11/26 16:15,70.48,
Plot Title: 5C2G,599,6/11/26 16:30,69.622,
Plot Title: 5C2G,600,6/11/26 16:45,68.248,
Plot Title: 5C2G,601,6/11/26 17:00,66.193,
Plot Title: 5C2G,602,6/11/26 17:15,63.626,
Plot Title: 5C2G,603,6/11/26 17:30,61.741,
Plot Title: 5C2G,604,6/11/26 17:45,59.508,
Plot Title: 5C2G,605,6/11/26 18:00,57.614,
Plot Title: 5C2G,606,6/11/26 18:15,55.537,
Plot Title: 5C2G,607,6/11/26 18:30,53.798,
Plot Title: 5C2G,608,6/11/26 18:45,52.225,
Plot Title: 5C2G,609,6/11/26 19:00,50.995,
Plot Title: 5C2G,610,6/11/26 19:15,49.937,
Plot Title: 5C2G,611,6/11/26 19:30,48.871,
Plot Title: 5C2G,612,6/11/26 19:45,47.982,
Plot Title: 5C2G,613,6/11/26 20:00,47.266,
Plot Title: 5C2G,614,6/11/26 20:15,46.548,
Plot Title: 5C2G,615,6/11/26 20:30,45.828,
Plot Title: 5C2G,616,6/11/26 20:45,45.104,
Plot Title: 5C2G,617,6/11/26 21:00,44.56,
Plot Title: 5C2G,618,6/11/26 21:15,44.013,
Plot Title: 5C2G,619,6/11/26 21:30,43.282,
Plot Title: 5C2G,620,6/11/26 21:45,42.915,
Plot Title: 5C2G,621,6/11/26 22:00,42.363,
Plot Title: 5C2G,622,6/11/26 22:15,41.81,
Plot Title: 5C2G,623,6/11/26 22:30,41.439,
Plot Title: 5C2G,624,6/11/26 22:45,40.881,
Plot Title: 5C2G,625,6/11/26 23:00,40.509,
Plot Title: 5C2G,626,6/11/26 23:15,40.134,
Plot Title: 5C2G,627,6/11/26 23:30,39.76,
Plot Title: 5C2G,628,6/11/26 23:45,39.384,
Plot Title: 5C2G,629,6/12/26 00:00,38.818,
Plot Title: 5C2G,630,6/12/26 00:15,38.629,
Plot Title: 5C2G,631,6/12/26 00:30,38.25,
Plot Title: 5C2G,632,6/12/26 00:45,37.87,
Plot Title: 5C2G,633,6/12/26 01:00,37.488,
Plot Title: 5C2G,634,6/12/26 01:15,37.297,
Plot Title: 5C2G,635,6/12/26 01:30,36.914,
Plot Title: 5C2G,636,6/12/26 01:45,36.723,
Plot Title: 5C2G,637,6/12/26 02:00,36.338,
Plot Title: 5C2G,638,6/12/26 02:15,36.531,
Plot Title: 5C2G,639,6/12/26 02:30,36.723,
Plot Title: 5C2G,640,6/12/26 02:45,36.723,
Plot Title: 5C2G,641,6/12/26 03:00,36.531,
Plot Title: 5C2G,642,6/12/26 03:15,36.531,
Plot Title: 5C2G,643,6/12/26 03:30,36.338,
Plot Title: 5C2G,644,6/12/26 03:45,36.338,
Plot Title: 5C2G,645,6/12/26 04:00,36.145,
Plot Title: 5C2G,646,6/12/26 04:15,36.145,
Plot Title: 5C2G,647,6/12/26 04:30,35.951,
Plot Title: 5C2G,648,6/12/26 04:45,35.951,
Plot Title: 5C2G,649,6/12/26 05:00,35.758,
Plot Title: 5C2G,650,6/12/26 05:15,35.564,
Plot Title: 5C2G,651,6/12/26 05:30,35.564,
Plot Title: 5C2G,652,6/12/26 05:45,35.37,
Plot Title: 5C2G,653,6/12/26 06:00,35.37,
Plot Title: 5C2G,654,6/12/26 06:15,35.37,
Plot Title: 5C2G,655,6/12/26 06:30,35.175,
Plot Title: 5C2G,656,6/12/26 06:45,35.37,
Plot Title: 5C2G,657,6/12/26 07:00,35.951,
Plot Title: 5C2G,658,6/12/26 07:15,38.818,
Plot Title: 5C2G,659,6/12/26 07:30,43.466,
Plot Title: 5C2G,660,6/12/26 07:45,47.088,
Plot Title: 5C2G,661,6/12/26 08:00,50.29,
Plot Title: 5C2G,662,6/12/26 08:15,52.925,
Plot Title: 5C2G,663,6/12/26 08:30,55.537,
Plot Title: 5C2G,664,6/12/26 08:45,57.785,
Plot Title: 5C2G,665,6/12/26 09:00,60.195,
Plot Title: 5C2G,666,6/12/26 09:15,62.083,
Plot Title: 5C2G,667,6/12/26 09:30,63.797,
Plot Title: 5C2G,668,6/12/26 09:45,65.68,
Plot Title: 5C2G,669,6/12/26 10:00,67.735,
Plot Title: 5C2G,670,6/12/26 10:15,69.449,
Plot Title: 5C2G,671,6/12/26 10:30,70.995,
Plot Title: 5C2G,672,6/12/26 10:45,73.062,
Plot Title: 5C2G,673,6/12/26 11:00,74.619,
Plot Title: 5C2G,674,6/12/26 11:15,76.181,
Plot Title: 5C2G,675,6/12/26 11:30,77.574,
Plot Title: 5C2G,676,6/12/26 11:45,78.975,
Plot Title: 5C2G,677,6/12/26 12:00,80.206,
Plot Title: 5C2G,678,6/12/26 12:15,81.442,
Plot Title: 5C2G,679,6/12/26 12:30,81.621,
Plot Title: 5C2G,680,6/12/26 12:45,82.508,
Plot Title: 5C2G,681,6/12/26 13:00,83.579,
Plot Title: 5C2G,682,6/12/26 13:15,83.935,
Plot Title: 5C2G,683,6/12/26 13:30,84.474,
Plot Title: 5C2G,684,6/12/26 13:45,85.374,
Plot Title: 5C2G,685,6/12/26 14:00,85.554,
Plot Title: 5C2G,686,6/12/26 14:15,85.735,
Plot Title: 5C2G,687,6/12/26 14:30,86.097,
Plot Title: 5C2G,688,6/12/26 14:45,85.554,
Plot Title: 5C2G,689,6/12/26 15:00,84.834,
Plot Title: 5C2G,690,6/12/26 15:15,84.295,
Plot Title: 5C2G,691,6/12/26 15:30,83.399,
Plot Title: 5C2G,692,6/12/26 15:45,82.508,
Plot Title: 5C2G,693,6/12/26 16:00,80.206,
Plot Title: 5C2G,694,6/12/26 16:15,78.098,
Plot Title: 5C2G,695,6/12/26 16:30,77.4,
Plot Title: 5C2G,696,6/12/26 16:45,77.574,
Plot Title: 5C2G,697,6/12/26 17:00,75.832,
Plot Title: 5C2G,698,6/12/26 17:15,73.753,
Plot Title: 5C2G,699,6/12/26 17:30,70.995,
Plot Title: 5C2G,700,6/12/26 17:45,69.449,
Plot Title: 5C2G,701,6/12/26 18:00,67.564,
Plot Title: 5C2G,702,6/12/26 18:15,65.851,
Plot Title: 5C2G,703,6/12/26 18:30,64.652,
Plot Title: 5C2G,704,6/12/26 18:45,63.626,
Plot Title: 5C2G,705,6/12/26 19:00,62.598,
Plot Title: 5C2G,706,6/12/26 19:15,61.741,
Plot Title: 5C2G,707,6/12/26 19:30,60.712,
Plot Title: 5C2G,708,6/12/26 19:45,59.68,
Plot Title: 5C2G,709,6/12/26 20:00,58.647,
Plot Title: 5C2G,710,6/12/26 20:15,57.614,
Plot Title: 5C2G,711,6/12/26 20:30,56.577,
Plot Title: 5C2G,712,6/12/26 20:45,55.711,
Plot Title: 5C2G,713,6/12/26 21:00,54.842,
Plot Title: 5C2G,714,6/12/26 21:15,53.973,
Plot Title: 5C2G,715,6/12/26 21:30,53.449,
Plot Title: 5C2G,716,6/12/26 21:45,52.925,
Plot Title: 5C2G,717,6/12/26 22:00,52.401,
Plot Title: 5C2G,718,6/12/26 22:15,52.05,
Plot Title: 5C2G,719,6/12/26 22:30,51.523,
Plot Title: 5C2G,720,6/12/26 22:45,50.995,
Plot Title: 5C2G,721,6/12/26 23:00,50.643,
Plot Title: 5C2G,722,6/12/26 23:15,50.113,
Plot Title: 5C2G,723,6/12/26 23:30,49.582,
Plot Title: 5C2G,724,6/12/26 23:45,49.05,
Plot Title: 5C2G,725,6/13/26 00:00,48.339,
Plot Title: 5C2G,726,6/13/26 00:15,47.088,
Plot Title: 5C2G,727,6/13/26 00:30,46.908,
Plot Title: 5C2G,728,6/13/26 00:45,46.908,
Plot Title: 5C2G,729,6/13/26 01:00,46.728,
Plot Title: 5C2G,730,6/13/26 01:15,46.548,
Plot Title: 5C2G,731,6/13/26 01:30,46.188,
Plot Title: 5C2G,732,6/13/26 01:45,44.195,
Plot Title: 5C2G,733,6/13/26 02:00,42.363,
Plot Title: 5C2G,734,6/13/26 02:15,41.439,
Plot Title: 5C2G,735,6/13/26 02:30,40.881,
Plot Title: 5C2G,736,6/13/26 02:45,40.509,
Plot Title: 5C2G,737,6/13/26 03:00,40.321,
Plot Title: 5C2G,738,6/13/26 03:15,40.321,
Plot Title: 5C2G,739,6/13/26 03:30,40.321,
Plot Title: 5C2G,740,6/13/26 03:45,40.321,
Plot Title: 5C2G,741,6/13/26 04:00,40.321,
Plot Title: 5C2G,742,6/13/26 04:15,40.321,
Plot Title: 5C2G,743,6/13/26 04:30,40.509,
Plot Title: 5C2G,744,6/13/26 04:45,40.696,
Plot Title: 5C2G,745,6/13/26 05:00,40.881,
Plot Title: 5C2G,746,6/13/26 05:15,40.881,
Plot Title: 5C2G,747,6/13/26 05:30,41.067,
Plot Title: 5C2G,748,6/13/26 05:45,41.067,
Plot Title: 5C2G,749,6/13/26 06:00,41.067,
Plot Title: 5C2G,750,6/13/26 06:15,41.067,
Plot Title: 5C2G,751,6/13/26 06:30,41.067,
Plot Title: 5C2G,752,6/13/26 06:45,41.067,
Plot Title: 5C2G,753,6/13/26 07:00,41.067,
Plot Title: 5C2G,754,6/13/26 07:15,41.439,
Plot Title: 5C2G,755,6/13/26 07:30,41.625,
Plot Title: 5C2G,756,6/13/26 07:45,41.81,
Plot Title: 5C2G,757,6/13/26 08:00,41.994,
Plot Title: 5C2G,758,6/13/26 08:15,42.363,
Plot Title: 5C2G,759,6/13/26 08:30,42.915,
Plot Title: 5C2G,760,6/13/26 08:45,43.099,
Plot Title: 5C2G,761,6/13/26 09:00,43.648,
Plot Title: 5C2G,762,6/13/26 09:15,43.831,
Plot Title: 5C2G,763,6/13/26 09:30,44.195,
Plot Title: 5C2G,764,6/13/26 09:45,44.379,
Plot Title: 5C2G,765,6/13/26 10:00,44.742,
Plot Title: 5C2G,766,6/13/26 10:15,45.286,
Plot Title: 5C2G,767,6/13/26 10:30,44.922,
Plot Title: 5C2G,768,6/13/26 10:45,44.742,
Plot Title: 5C2G,769,6/13/26 11:00,45.648,
Plot Title: 5C2G,770,6/13/26 11:15,46.188,
Plot Title: 5C2G,771,6/13/26 11:30,46.548,
Plot Title: 5C2G,772,6/13/26 11:45,47.624,
Plot Title: 5C2G,773,6/13/26 12:00,49.05,
Plot Title: 5C2G,774,6/13/26 12:15,49.404,
Plot Title: 5C2G,775,6/13/26 12:30,50.995,
Plot Title: 5C2G,776,6/13/26 12:45,52.75,
Plot Title: 5C2G,777,6/13/26 13:00,50.29,
Plot Title: 5C2G,778,6/13/26 13:15,50.643,
Plot Title: 5C2G,779,6/13/26 13:30,53.623,
Plot Title: 5C2G,780,6/13/26 13:45,56.404,
Plot Title: 5C2G,781,6/13/26 14:00,54.495,
Plot Title: 5C2G,782,6/13/26 14:15,53.623,
Plot Title: 5C2G,783,6/13/26 14:30,53.274,
Plot Title: 5C2G,784,6/13/26 14:45,52.925,
Plot Title: 5C2G,785,6/13/26 15:00,55.017,
Plot Title: 5C2G,786,6/13/26 15:15,54.322,
Plot Title: 5C2G,787,6/13/26 15:30,53.1,
Plot Title: 5C2G,788,6/13/26 15:45,52.401,
Plot Title: 5C2G,789,6/13/26 16:00,52.75,
Plot Title: 5C2G,790,6/13/26 16:15,52.225,
Plot Title: 5C2G,791,6/13/26 16:30,50.643,
Plot Title: 5C2G,792,6/13/26 16:45,50.113,
Plot Title: 5C2G,793,6/13/26 17:00,50.113,
Plot Title: 5C2G,794,6/13/26 17:15,49.404,
Plot Title: 5C2G,795,6/13/26 17:30,49.228,
Plot Title: 5C2G,796,6/13/26 17:45,50.643,
Plot Title: 5C2G,797,6/13/26 18:00,50.995,
Plot Title: 5C2G,798,6/13/26 18:15,50.819,
Plot Title: 5C2G,799,6/13/26 18:30,50.643,
Plot Title: 5C2G,800,6/13/26 18:45,49.759,
Plot Title: 5C2G,801,6/13/26 19:00,49.404,
Plot Title: 5C2G,802,6/13/26 19:15,48.517,
Plot Title: 5C2G,803,6/13/26 19:30,46.728,
Plot Title: 5C2G,804,6/13/26 19:45,45.466,
Plot Title: 5C2G,805,6/13/26 20:00,44.379,
Plot Title: 5C2G,806,6/13/26 20:15,43.282,
Plot Title: 5C2G,807,6/13/26 20:30,42.548,
Plot Title: 5C2G,808,6/13/26 20:45,41.81,
Plot Title: 5C2G,809,6/13/26 21:00,41.067,
Plot Title: 5C2G,810,6/13/26 21:15,40.321,
Plot Title: 5C2G,811,6/13/26 21:30,39.573,
Plot Title: 5C2G,812,6/13/26 21:45,39.007,
Plot Title: 5C2G,813,6/13/26 22:00,38.25,
Plot Title: 5C2G,814,6/13/26 22:15,38.061,
Plot Title: 5C2G,815,6/13/26 22:30,38.061,
Plot Title: 5C2G,816,6/13/26 22:45,37.87,
Plot Title: 5C2G,817,6/13/26 23:00,37.488,
Plot Title: 5C2G,818,6/13/26 23:15,37.297,
Plot Title: 5C2G,819,6/13/26 23:30,37.107,
Plot Title: 5C2G,820,6/13/26 23:45,36.914,
Plot Title: 5C2G,821,6/14/26 00:00,36.723,
Plot Title: 5C2G,822,6/14/26 00:15,36.531,
Plot Title: 5C2G,823,6/14/26 00:30,36.145,
Plot Title: 5C2G,824,6/14/26 00:45,36.145,
Plot Title: 5C2G,825,6/14/26 01:00,35.951,
Plot Title: 5C2G,826,6/14/26 01:15,35.758,
Plot Title: 5C2G,827,6/14/26 01:30,35.564,
Plot Title: 5C2G,828,6/14/26 01:45,35.37,
Plot Title: 5C2G,829,6/14/26 02:00,35.175,
Plot Title: 5C2G,830,6/14/26 02:15,35.175,
Plot Title: 5C2G,831,6/14/26 02:30,35.175,
Plot Title: 5C2G,832,6/14/26 02:45,34.981,
Plot Title: 5C2G,833,6/14/26 03:00,34.786,
Plot Title: 5C2G,834,6/14/26 03:15,34.786,
Plot Title: 5C2G,835,6/14/26 03:30,34.59,
Plot Title: 5C2G,836,6/14/26 03:45,34.59,
Plot Title: 5C2G,837,6/14/26 04:00,34.394,
Plot Title: 5C2G,838,6/14/26 04:15,34.394,
Plot Title: 5C2G,839,6/14/26 04:30,34.394,
Plot Title: 5C2G,840,6/14/26 04:45,34.198,
Plot Title: 5C2G,841,6/14/26 05:00,34.198,
Plot Title: 5C2G,842,6/14/26 05:15,34.002,
Plot Title: 5C2G,843,6/14/26 05:30,34.002,
Plot Title: 5C2G,844,6/14/26 05:45,33.805,
Plot Title: 5C2G,845,6/14/26 06:00,33.805,
Plot Title: 5C2G,846,6/14/26 06:15,33.805,
Plot Title: 5C2G,847,6/14/26 06:30,33.805,
Plot Title: 5C2G,848,6/14/26 06:45,33.805,
Plot Title: 5C2G,849,6/14/26 07:00,33.805,
Plot Title: 5C2G,850,6/14/26 07:15,34.002,
Plot Title: 5C2G,851,6/14/26 07:30,34.394,
Plot Title: 5C2G,852,6/14/26 07:45,36.914,
Plot Title: 5C2G,853,6/14/26 08:00,41.994,
Plot Title: 5C2G,854,6/14/26 08:15,45.466,
Plot Title: 5C2G,855,6/14/26 08:30,48.871,
Plot Title: 5C2G,856,6/14/26 08:45,51.346,
Plot Title: 5C2G,857,6/14/26 09:00,53.623,
Plot Title: 5C2G,858,6/14/26 09:15,54.842,
Plot Title: 5C2G,859,6/14/26 09:30,58.303,
Plot Title: 5C2G,860,6/14/26 09:45,60.368,
Plot Title: 5C2G,861,6/14/26 10:00,62.425,
Plot Title: 5C2G,862,6/14/26 10:15,64.139,
Plot Title: 5C2G,863,6/14/26 10:30,66.022,
Plot Title: 5C2G,864,6/14/26 10:45,67.735,
Plot Title: 5C2G,865,6/14/26 11:00,69.449,
Plot Title: 5C2G,866,6/14/26 11:15,69.964,
Plot Title: 5C2G,867,6/14/26 11:30,66.022,
Plot Title: 5C2G,868,6/14/26 11:45,63.282,
Plot Title: 5C2G,869,6/14/26 12:00,61.912,
Plot Title: 5C2G,870,6/14/26 12:15,63.455,
Plot Title: 5C2G,871,6/14/26 12:30,61.912,
Plot Title: 5C2G,872,6/14/26 12:45,61.227,
Plot Title: 5C2G,873,6/14/26 13:00,63.111,
Plot Title: 5C2G,874,6/14/26 13:15,64.481,
Plot Title: 5C2G,875,6/14/26 13:30,66.022,
Plot Title: 5C2G,876,6/14/26 13:45,63.626,
Plot Title: 5C2G,877,6/14/26 14:00,66.022,
Plot Title: 5C2G,878,6/14/26 14:15,67.05,
Plot Title: 5C2G,879,6/14/26 14:30,66.193,
Plot Title: 5C2G,880,6/14/26 14:45,69.964,
Plot Title: 5C2G,881,6/14/26 15:00,71.512,
Plot Title: 5C2G,882,6/14/26 15:15,72.372,
Plot Title: 5C2G,883,6/14/26 15:30,72.891,
Plot Title: 5C2G,884,6/14/26 15:45,73.062,
Plot Title: 5C2G,885,6/14/26 16:00,73.234,
Plot Title: 5C2G,886,6/14/26 16:15,72.718,
Plot Title: 5C2G,887,6/14/26 16:30,71.856,
Plot Title: 5C2G,888,6/14/26 16:45,70.651,
Plot Title: 5C2G,889,6/14/26 17:00,69.449,
Plot Title: 5C2G,890,6/14/26 17:15,67.392,
Plot Title: 5C2G,891,6/14/26 17:30,65.68,
Plot Title: 5C2G,892,6/14/26 17:45,63.968,
Plot Title: 5C2G,893,6/14/26 18:00,62.425,
Plot Title: 5C2G,894,6/14/26 18:15,60.539,
Plot Title: 5C2G,895,6/14/26 18:30,59.164,
Plot Title: 5C2G,896,6/14/26 18:45,58.131,
Plot Title: 5C2G,897,6/14/26 19:00,56.577,
Plot Title: 5C2G,898,6/14/26 19:15,55.017,
Plot Title: 5C2G,899,6/14/26 19:30,53.973,
Plot Title: 5C2G,900,6/14/26 19:45,52.75,
Plot Title: 5C2G,901,6/14/26 20:00,51.699,
Plot Title: 5C2G,902,6/14/26 20:15,50.643,
Plot Title: 5C2G,903,6/14/26 20:30,49.759,
Plot Title: 5C2G,904,6/14/26 20:45,48.871,
Plot Title: 5C2G,905,6/14/26 21:00,47.982,
Plot Title: 5C2G,906,6/14/26 21:15,47.088,
Plot Title: 5C2G,907,6/14/26 21:30,46.188,
Plot Title: 5C2G,908,6/14/26 21:45,45.286,
Plot Title: 5C2G,909,6/14/26 22:00,44.379,
Plot Title: 5C2G,910,6/14/26 22:15,43.466,
Plot Title: 5C2G,911,6/14/26 22:30,42.732,
Plot Title: 5C2G,912,6/14/26 22:45,42.179,
Plot Title: 5C2G,913,6/14/26 23:00,41.81,
Plot Title: 5C2G,914,6/14/26 23:15,41.254,
Plot Title: 5C2G,915,6/14/26 23:30,40.696,
Plot Title: 5C2G,916,6/14/26 23:45,40.321,
Plot Title: 5C2G,917,6/15/26 00:00,39.947,
Plot Title: 5C2G,918,6/15/26 00:15,39.573,
Plot Title: 5C2G,919,6/15/26 00:30,39.384,
Plot Title: 5C2G,920,6/15/26 00:45,39.007,
Plot Title: 5C2G,921,6/15/26 01:00,38.629,
Plot Title: 5C2G,922,6/15/26 01:15,38.44,
Plot Title: 5C2G,923,6/15/26 01:30,38.061,
Plot Title: 5C2G,924,6/15/26 01:45,37.87,
Plot Title: 5C2G,925,6/15/26 02:00,37.488,
Plot Title: 5C2G,926,6/15/26 02:15,37.297,
Plot Title: 5C2G,927,6/15/26 02:30,37.107,
Plot Title: 5C2G,928,6/15/26 02:45,36.914,
Plot Title: 5C2G,929,6/15/26 03:00,36.914,
Plot Title: 5C2G,930,6/15/26 03:15,36.723,
Plot Title: 5C2G,931,6/15/26 03:30,36.531,
Plot Title: 5C2G,932,6/15/26 03:45,36.531,
Plot Title: 5C2G,933,6/15/26 04:00,36.338,
Plot Title: 5C2G,934,6/15/26 04:15,36.145,
Plot Title: 5C2G,935,6/15/26 04:30,35.951,
Plot Title: 5C2G,936,6/15/26 04:45,35.951,
Plot Title: 5C2G,937,6/15/26 05:00,35.758,
Plot Title: 5C2G,938,6/15/26 05:15,35.564,
Plot Title: 5C2G,939,6/15/26 05:30,35.37,
Plot Title: 5C2G,940,6/15/26 05:45,35.37,
Plot Title: 5C2G,941,6/15/26 06:00,35.175,
Plot Title: 5C2G,942,6/15/26 06:15,35.175,
Plot Title: 5C2G,943,6/15/26 06:30,35.175,
Plot Title: 5C2G,944,6/15/26 06:45,35.37,
Plot Title: 5C2G,945,6/15/26 07:00,37.679,
Plot Title: 5C2G,946,6/15/26 07:15,41.254,
Plot Title: 5C2G,947,6/15/26 07:30,44.56,
Plot Title: 5C2G,948,6/15/26 07:45,47.802,
Plot Title: 5C2G,949,6/15/26 08:00,50.466,
Plot Title: 5C2G,950,6/15/26 08:15,53.1,
Plot Title: 5C2G,951,6/15/26 08:30,55.884,
Plot Title: 5C2G,952,6/15/26 08:45,58.303,
Plot Title: 5C2G,953,6/15/26 09:00,60.883,
Plot Title: 5C2G,954,6/15/26 09:15,62.94,
Plot Title: 5C2G,955,6/15/26 09:30,64.652,
Plot Title: 5C2G,956,6/15/26 09:45,66.366,
Plot Title: 5C2G,957,6/15/26 10:00,68.763,
Plot Title: 5C2G,958,6/15/26 10:15,70.824,
Plot Title: 5C2G,959,6/15/26 10:30,72.718,
Plot Title: 5C2G,960,6/15/26 10:45,74.446,
Plot Title: 5C2G,961,6/15/26 11:00,76.181,
Plot Title: 5C2G,962,6/15/26 11:15,77.749,
Plot Title: 5C2G,963,6/15/26 11:30,78.975,
Plot Title: 5C2G,964,6/15/26 11:45,80.382,
Plot Title: 5C2G,965,6/15/26 12:00,81.621,
Plot Title: 5C2G,966,6/15/26 12:15,82.33,
Plot Title: 5C2G,967,6/15/26 12:30,83.221,
Plot Title: 5C2G,968,6/15/26 12:45,83.579,
Plot Title: 5C2G,969,6/15/26 13:00,84.115,
Plot Title: 5C2G,970,6/15/26 13:15,84.834,
Plot Title: 5C2G,971,6/15/26 13:30,85.374,
Plot Title: 5C2G,972,6/15/26 13:45,85.374,
Plot Title: 5C2G,973,6/15/26 14:00,85.554,
Plot Title: 5C2G,974,6/15/26 14:15,84.474,
Plot Title: 5C2G,975,6/15/26 14:30,82.152,
Plot Title: 5C2G,976,6/15/26 14:45,80.559,
Plot Title: 5C2G,977,6/15/26 15:00,81.09,
Plot Title: 5C2G,978,6/15/26 15:15,81.09,
Plot Title: 5C2G,979,6/15/26 15:30,81.975,
Plot Title: 5C2G,980,6/15/26 15:45,82.33,
Plot Title: 5C2G,981,6/15/26 16:00,81.621,
Plot Title: 5C2G,982,6/15/26 16:15,80.735,
Plot Title: 5C2G,983,6/15/26 16:30,78.975,
Plot Title: 5C2G,984,6/15/26 16:45,76.703,
Plot Title: 5C2G,985,6/15/26 17:00,74.964,
Plot Title: 5C2G,986,6/15/26 17:15,73.407,
Plot Title: 5C2G,987,6/15/26 17:30,72.372,
Plot Title: 5C2G,988,6/15/26 17:45,71.339,
Plot Title: 5C2G,989,6/15/26 18:00,70.137,
Plot Title: 5C2G,990,6/15/26 18:15,69.107,
Plot Title: 5C2G,991,6/15/26 18:30,67.735,
Plot Title: 5C2G,992,6/15/26 18:45,66.193,
Plot Title: 5C2G,993,6/15/26 19:00,64.996,
Plot Title: 5C2G,994,6/15/26 19:15,63.797,
Plot Title: 5C2G,995,6/15/26 19:30,62.598,
Plot Title: 5C2G,996,6/15/26 19:45,61.398,
Plot Title: 5C2G,997,6/15/26 20:00,60.712,
Plot Title: 5C2G,998,6/15/26 20:15,60.195,
Plot Title: 5C2G,999,6/15/26 20:30,59.337,
Plot Title: 5C2G,1000,6/15/26 20:45,58.476,
Plot Title: 5C2G,1001,6/15/26 21:00,57.268,
Plot Title: 5C2G,1002,6/15/26 21:15,56.75,
Plot Title: 5C2G,1003,6/15/26 21:30,55.884,
Plot Title: 5C2G,1004,6/15/26 21:45,54.842,
Plot Title: 5C2G,1005,6/15/26 22:00,54.147,
Plot Title: 5C2G,1006,6/15/26 22:15,53.623,
Plot Title: 5C2G,1007,6/15/26 22:30,53.274,
Plot Title: 5C2G,1008,6/15/26 22:45,52.925,
Plot Title: 5C2G,1009,6/15/26 23:00,52.576,
Plot Title: 5C2G,1010,6/15/26 23:15,52.401,
Plot Title: 5C2G,1011,6/15/26 23:30,52.05,
Plot Title: 5C2G,1012,6/15/26 23:45,51.874,
Plot Title: 5C2G,1013,6/16/26 00:00,51.523,
Plot Title: 5C2G,1014,6/16/26 00:15,51.346,
Plot Title: 5C2G,1015,6/16/26 00:30,51.172,
Plot Title: 5C2G,1016,6/16/26 00:45,51.172,
Plot Title: 5C2G,1017,6/16/26 01:00,50.643,
Plot Title: 5C2G,1018,6/16/26 01:15,50.113,
Plot Title: 5C2G,1019,6/16/26 01:30,49.759,
Plot Title: 5C2G,1020,6/16/26 01:45,49.759,
Plot Title: 5C2G,1021,6/16/26 02:00,49.759,
Plot Title: 5C2G,1022,6/16/26 02:15,49.759,
Plot Title: 5C2G,1023,6/16/26 02:30,49.582,
Plot Title: 5C2G,1024,6/16/26 02:45,49.404,
Plot Title: 5C2G,1025,6/16/26 03:00,49.228,
Plot Title: 5C2G,1026,6/16/26 03:15,48.871,
Plot Title: 5C2G,1027,6/16/26 03:30,48.517,
Plot Title: 5C2G,1028,6/16/26 03:45,47.802,
Plot Title: 5C2G,1029,6/16/26 04:00,47.266,
Plot Title: 5C2G,1030,6/16/26 04:15,46.728,
Plot Title: 5C2G,1031,6/16/26 04:30,46.188,
Plot Title: 5C2G,1032,6/16/26 04:45,45.828,
Plot Title: 5C2G,1033,6/16/26 05:00,45.466,
Plot Title: 5C2G,1034,6/16/26 05:15,45.286,
Plot Title: 5C2G,1035,6/16/26 05:30,45.104,
Plot Title: 5C2G,1036,6/16/26 05:45,45.104,
Plot Title: 5C2G,1037,6/16/26 06:00,45.286,
Plot Title: 5C2G,1038,6/16/26 06:15,45.648,
Plot Title: 5C2G,1039,6/16/26 06:30,46.008,
Plot Title: 5C2G,1040,6/16/26 06:45,47.088,
Plot Title: 5C2G,1041,6/16/26 07:00,47.624,
Plot Title: 5C2G,1042,6/16/26 07:15,48.16,
Plot Title: 5C2G,1043,6/16/26 07:30,50.643,
Plot Title: 5C2G,1044,6/16/26 07:45,53.798,
Plot Title: 5C2G,1045,6/16/26 08:00,56.577,
Plot Title: 5C2G,1046,6/16/26 08:15,58.993,
Plot Title: 5C2G,1047,6/16/26 08:30,61.398,
Plot Title: 5C2G,1048,6/16/26 08:45,63.797,
Plot Title: 5C2G,1049,6/16/26 09:00,66.366,
Plot Title: 5C2G,1050,6/16/26 09:15,68.592,
Plot Title: 5C2G,1051,6/16/26 09:30,70.651,
Plot Title: 5C2G,1052,6/16/26 09:45,72.891,
Plot Title: 5C2G,1053,6/16/26 10:00,74.791,
Plot Title: 5C2G,1054,6/16/26 10:15,76.703,
Plot Title: 5C2G,1055,6/16/26 10:30,78.274,
Plot Title: 5C2G,1056,6/16/26 10:45,80.206,
Plot Title: 5C2G,1057,6/16/26 11:00,80.559,
Plot Title: 5C2G,1058,6/16/26 11:15,81.266,
Plot Title: 5C2G,1059,6/16/26 11:30,82.508,
Plot Title: 5C2G,1060,6/16/26 11:45,82.508,
Plot Title: 5C2G,1061,6/16/26 12:00,83.043,
Plot Title: 5C2G,1062,6/16/26 12:15,83.221,
Plot Title: 5C2G,1063,6/16/26 12:30,83.221,
Plot Title: 5C2G,1064,6/16/26 12:45,85.374,
Plot Title: 5C2G,1065,6/16/26 13:00,86.823,
Plot Title: 5C2G,1066,6/16/26 13:15,88.099,
Plot Title: 5C2G,1067,6/16/26 13:30,89.2,
Plot Title: 5C2G,1068,6/16/26 13:45,89.755,
Plot Title: 5C2G,1069,6/16/26 14:00,90.495,
Plot Title: 5C2G,1070,6/16/26 14:15,90.68,
Plot Title: 5C2G,1071,6/16/26 14:30,90.495,
Plot Title: 5C2G,1072,6/16/26 14:45,90.309,
Plot Title: 5C2G,1073,6/16/26 15:00,89.569,
Plot Title: 5C2G,1074,6/16/26 15:15,88.65,
Plot Title: 5C2G,1075,6/16/26 15:30,88.099,
Plot Title: 5C2G,1076,6/16/26 15:45,87.368,
Plot Title: 5C2G,1077,6/16/26 16:00,86.823,
Plot Title: 5C2G,1078,6/16/26 16:15,85.735,
Plot Title: 5C2G,1079,6/16/26 16:30,84.295,
Plot Title: 5C2G,1080,6/16/26 16:45,83.043,
Plot Title: 5C2G,1081,6/16/26 17:00,81.09,
Plot Title: 5C2G,1082,6/16/26 17:15,78.449,
Plot Title: 5C2G,1083,6/16/26 17:30,76.354,
Plot Title: 5C2G,1084,6/16/26 17:45,74.446,
Plot Title: 5C2G,1085,6/16/26 18:00,72.545,
Plot Title: 5C2G,1086,6/16/26 18:15,70.651,
Plot Title: 5C2G,1087,6/16/26 18:30,68.934,
Plot Title: 5C2G,1088,6/16/26 18:45,67.392,
Plot Title: 5C2G,1089,6/16/26 19:00,66.193,
Plot Title: 5C2G,1090,6/16/26 19:15,65.167,
Plot Title: 5C2G,1091,6/16/26 19:30,64.31,
Plot Title: 5C2G,1092,6/16/26 19:45,63.282,
Plot Title: 5C2G,1093,6/16/26 20:00,62.598,
Plot Title: 5C2G,1094,6/16/26 20:15,61.741,
Plot Title: 5C2G,1095,6/16/26 20:30,61.054,
Plot Title: 5C2G,1096,6/16/26 20:45,60.368,
Plot Title: 5C2G,1097,6/16/26 21:00,59.508,
Plot Title: 5C2G,1098,6/16/26 21:15,58.82,
Plot Title: 5C2G,1099,6/16/26 21:30,57.958,
Plot Title: 5C2G,1100,6/16/26 21:45,57.268,
Plot Title: 5C2G,1101,6/16/26 22:00,56.577,
Plot Title: 5C2G,1102,6/16/26 22:15,55.884,
Plot Title: 5C2G,1103,6/16/26 22:30,55.189,
Plot Title: 5C2G,1104,6/16/26 22:45,54.669,
Plot Title: 5C2G,1105,6/16/26 23:00,54.147,
Plot Title: 5C2G,1106,6/16/26 23:15,53.623,
Plot Title: 5C2G,1107,6/16/26 23:30,53.1,
Plot Title: 5C2G,1108,6/16/26 23:45,52.576,
Plot Title: 5C2G,1109,6/17/26 00:00,52.05,
Plot Title: 5C2G,1110,6/17/26 00:15,51.523,
Plot Title: 5C2G,1111,6/17/26 00:30,51.172,
Plot Title: 5C2G,1112,6/17/26 00:45,50.819,
Plot Title: 5C2G,1113,6/17/26 01:00,50.466,
Plot Title: 5C2G,1114,6/17/26 01:15,49.937,
Plot Title: 5C2G,1115,6/17/26 01:30,49.404,
Plot Title: 5C2G,1116,6/17/26 01:45,49.05,
Plot Title: 5C2G,1117,6/17/26 02:00,48.517,
Plot Title: 5C2G,1118,6/17/26 02:15,48.339,
Plot Title: 5C2G,1119,6/17/26 02:30,47.982,
Plot Title: 5C2G,1120,6/17/26 02:45,47.624,
Plot Title: 5C2G,1121,6/17/26 03:00,47.088,
Plot Title: 5C2G,1122,6/17/26 03:15,46.728,
Plot Title: 5C2G,1123,6/17/26 03:30,46.369,
Plot Title: 5C2G,1124,6/17/26 03:45,46.008,
Plot Title: 5C2G,1125,6/17/26 04:00,45.648,
Plot Title: 5C2G,1126,6/17/26 04:15,45.648,
Plot Title: 5C2G,1127,6/17/26 04:30,45.828,
Plot Title: 5C2G,1128,6/17/26 04:45,46.008,
Plot Title: 5C2G,1129,6/17/26 05:00,46.369,
Plot Title: 5C2G,1130,6/17/26 05:15,46.548,
Plot Title: 5C2G,1131,6/17/26 05:30,46.369,
Plot Title: 5C2G,1132,6/17/26 05:45,46.188,
Plot Title: 5C2G,1133,6/17/26 06:00,46.008,
Plot Title: 5C2G,1134,6/17/26 06:15,46.008,
Plot Title: 5C2G,1135,6/17/26 06:30,46.548,
Plot Title: 5C2G,1136,6/17/26 06:45,47.624,
Plot Title: 5C2G,1137,6/17/26 07:00,49.937,
Plot Title: 5C2G,1138,6/17/26 07:15,53.274,
Plot Title: 5C2G,1139,6/17/26 07:30,55.711,
Plot Title: 5C2G,1140,6/17/26 07:45,57.785,
Plot Title: 5C2G,1141,6/17/26 08:00,59.851,
Plot Title: 5C2G,1142,6/17/26 08:15,62.254,
Plot Title: 5C2G,1143,6/17/26 08:30,64.481,
Plot Title: 5C2G,1144,6/17/26 08:45,66.537,
Plot Title: 5C2G,1145,6/17/26 09:00,68.763,
Plot Title: 5C2G,1146,6/17/26 09:15,70.824,
Plot Title: 5C2G,1147,6/17/26 09:30,73.062,
Plot Title: 5C2G,1148,6/17/26 09:45,74.791,
Plot Title: 5C2G,1149,6/17/26 10:00,76.876,
Plot Title: 5C2G,1150,6/17/26 10:15,78.975,
Plot Title: 5C2G,1151,6/17/26 10:30,80.735,
Plot Title: 5C2G,1152,6/17/26 10:45,82.508,
Plot Title: 5C2G,1153,6/17/26 11:00,80.382,
Plot Title: 5C2G,1154,6/17/26 11:15,80.206,
Plot Title: 5C2G,1155,6/17/26 11:30,83.935,
Plot Title: 5C2G,1156,6/17/26 11:45,83.579,
Plot Title: 5C2G,1157,6/17/26 12:00,86.641,
Plot Title: 5C2G,1158,6/17/26 12:15,87.368,
Plot Title: 5C2G,1159,6/17/26 12:30,86.097,
Plot Title: 5C2G,1160,6/17/26 12:45,80.382,
Plot Title: 5C2G,1161,6/17/26 13:00,78.624,
Plot Title: 5C2G,1162,6/17/26 13:15,78.449,
Plot Title: 5C2G,1163,6/17/26 13:30,77.05,
Plot Title: 5C2G,1164,6/17/26 13:45,78.624,
Plot Title: 5C2G,1165,6/17/26 14:00,76.181,
Plot Title: 5C2G,1166,6/17/26 14:15,73.234,
Plot Title: 5C2G,1167,6/17/26 14:30,71.512,
Plot Title: 5C2G,1168,6/17/26 14:45,71.683,
Plot Title: 5C2G,1169,6/17/26 15:00,71.168,
Plot Title: 5C2G,1170,6/17/26 15:15,69.107,
Plot Title: 5C2G,1171,6/17/26 15:30,67.735,
Plot Title: 5C2G,1172,6/17/26 15:45,66.879,
Plot Title: 5C2G,1173,6/17/26 16:00,67.05,
Plot Title: 5C2G,1174,6/17/26 16:15,68.077,
Plot Title: 5C2G,1175,6/17/26 16:30,68.592,
Plot Title: 5C2G,1176,6/17/26 16:45,67.906,
Plot Title: 5C2G,1177,6/17/26 17:00,66.537,
Plot Title: 5C2G,1178,6/17/26 17:15,65.509,
Plot Title: 5C2G,1179,6/17/26 17:30,64.652,
Plot Title: 5C2G,1180,6/17/26 17:45,64.139,
Plot Title: 5C2G,1181,6/17/26 18:00,63.455,
Plot Title: 5C2G,1182,6/17/26 18:15,62.94,
Plot Title: 5C2G,1183,6/17/26 18:30,62.425,
Plot Title: 5C2G,1184,6/17/26 18:45,61.741,
Plot Title: 5C2G,1185,6/17/26 19:00,61.054,
Plot Title: 5C2G,1186,6/17/26 19:15,60.712,
Plot Title: 5C2G,1187,6/17/26 19:30,59.851,
Plot Title: 5C2G,1188,6/17/26 19:45,59.164,
Plot Title: 5C2G,1189,6/17/26 20:00,58.476,
Plot Title: 5C2G,1190,6/17/26 20:15,57.614,
Plot Title: 5C2G,1191,6/17/26 20:30,56.75,
Plot Title: 5C2G,1192,6/17/26 20:45,56.23,
Plot Title: 5C2G,1193,6/17/26 21:00,55.711,
Plot Title: 5C2G,1194,6/17/26 21:15,55.017,
Plot Title: 5C2G,1195,6/17/26 21:30,54.322,
Plot Title: 5C2G,1196,6/17/26 21:45,53.623,
Plot Title: 5C2G,1197,6/17/26 22:00,52.401,
Plot Title: 5C2G,1198,6/17/26 22:15,51.346,
Plot Title: 5C2G,1199,6/17/26 22:30,50.466,
Plot Title: 5C2G,1200,6/17/26 22:45,49.582,
Plot Title: 5C2G,1201,6/17/26 23:00,48.871,
Plot Title: 5C2G,1202,6/17/26 23:15,48.16,
Plot Title: 5C2G,1203,6/17/26 23:30,47.446,
Plot Title: 5C2G,1204,6/17/26 23:45,46.728,
Plot Title: 5C2G,1205,6/18/26 00:00,46.188,
Plot Title: 5C2G,1206,6/18/26 00:15,45.648,
Plot Title: 5C2G,1207,6/18/26 00:30,45.286,
Plot Title: 5C2G,1208,6/18/26 00:45,44.742,
Plot Title: 5C2G,1209,6/18/26 01:00,44.379,
Plot Title: 5C2G,1210,6/18/26 01:15,44.013,
Plot Title: 5C2G,1211,6/18/26 01:30,43.466,
Plot Title: 5C2G,1212,6/18/26 01:45,43.099,
Plot Title: 5C2G,1213,6/18/26 02:00,42.732,
Plot Title: 5C2G,1214,6/18/26 02:15,42.548,
Plot Title: 5C2G,1215,6/18/26 02:30,42.179,
Plot Title: 5C2G,1216,6/18/26 02:45,41.994,
Plot Title: 5C2G,1217,6/18/26 03:00,41.625,
Plot Title: 5C2G,1218,6/18/26 03:15,41.439,
Plot Title: 5C2G,1219,6/18/26 03:30,41.439,
Plot Title: 5C2G,1220,6/18/26 03:45,41.81,
Plot Title: 5C2G,1221,6/18/26 04:00,41.625,
Plot Title: 5C2G,1222,6/18/26 04:15,41.81,
Plot Title: 5C2G,1223,6/18/26 04:30,41.81,
Plot Title: 5C2G,1224,6/18/26 04:45,41.625,
Plot Title: 5C2G,1225,6/18/26 05:00,41.439,
Plot Title: 5C2G,1226,6/18/26 05:15,41.439,
Plot Title: 5C2G,1227,6/18/26 05:30,41.439,
Plot Title: 5C2G,1228,6/18/26 05:45,41.439,
Plot Title: 5C2G,1229,6/18/26 06:00,41.067,
Plot Title: 5C2G,1230,6/18/26 06:15,40.696,
Plot Title: 5C2G,1231,6/18/26 06:30,41.254,
Plot Title: 5C2G,1232,6/18/26 06:45,43.099,
Plot Title: 5C2G,1233,6/18/26 07:00,46.728,
Plot Title: 5C2G,1234,6/18/26 07:15,48.16,
Plot Title: 5C2G,1235,6/18/26 07:30,49.582,
Plot Title: 5C2G,1236,6/18/26 07:45,52.576,
Plot Title: 5C2G,1237,6/18/26 08:00,55.364,
Plot Title: 5C2G,1238,6/18/26 08:15,55.884,
Plot Title: 5C2G,1239,6/18/26 08:30,55.711,
Plot Title: 5C2G,1240,6/18/26 08:45,57.958,
Plot Title: 5C2G,1241,6/18/26 09:00,62.083,
Plot Title: 5C2G,1242,6/18/26 09:15,67.392,
Plot Title: 5C2G,1243,6/18/26 09:30,71.339,
Plot Title: 5C2G,1244,6/18/26 09:45,74.271,
Plot Title: 5C2G,1245,6/18/26 10:00,76.181,
Plot Title: 5C2G,1246,6/18/26 10:15,78.449,
Plot Title: 5C2G,1247,6/18/26 10:30,81.09,
Plot Title: 5C2G,1248,6/18/26 10:45,78.624,
Plot Title: 5C2G,1249,6/18/26 11:00,78.449,
Plot Title: 5C2G,1250,6/18/26 11:15,80.911,
Plot Title: 5C2G,1251,6/18/26 11:30,79.326,
Plot Title: 5C2G,1252,6/18/26 11:45,83.579,
Plot Title: 5C2G,1253,6/18/26 12:00,85.374,
Plot Title: 5C2G,1254,6/18/26 12:15,87.186,
Plot Title: 5C2G,1255,6/18/26 12:30,89.017,
Plot Title: 5C2G,1256,6/18/26 12:45,90.68,
Plot Title: 5C2G,1257,6/18/26 13:00,92.363,
Plot Title: 5C2G,1258,6/18/26 13:15,93.682,
Plot Title: 5C2G,1259,6/18/26 13:30,93.873,
Plot Title: 5C2G,1260,6/18/26 13:45,93.304,
Plot Title: 5C2G,1261,6/18/26 14:00,91.8,
Plot Title: 5C2G,1262,6/18/26 14:15,92.737,
Plot Title: 5C2G,1263,6/18/26 14:30,91.612,
Plot Title: 5C2G,1264,6/18/26 14:45,91.612,
Plot Title: 5C2G,1265,6/18/26 15:00,91.8,
Plot Title: 5C2G,1266,6/18/26 15:15,91.8,
Plot Title: 5C2G,1267,6/18/26 15:30,91.053,
Plot Title: 5C2G,1268,6/18/26 15:45,90.124,
Plot Title: 5C2G,1269,6/18/26 16:00,89.2,
Plot Title: 5C2G,1270,6/18/26 16:15,88.099,
Plot Title: 5C2G,1271,6/18/26 16:30,87.004,
Plot Title: 5C2G,1272,6/18/26 16:45,85.014,
Plot Title: 5C2G,1273,6/18/26 17:00,82.508,
Plot Title: 5C2G,1274,6/18/26 17:15,79.151,
Plot Title: 5C2G,1275,6/18/26 17:30,76.528,
Plot Title: 5C2G,1276,6/18/26 17:45,74.271,
Plot Title: 5C2G,1277,6/18/26 18:00,72.199,
Plot Title: 5C2G,1278,6/18/26 18:15,69.964,
Plot Title: 5C2G,1279,6/18/26 18:30,68.077,
Plot Title: 5C2G,1280,6/18/26 18:45,66.537,
Plot Title: 5C2G,1281,6/18/26 19:00,64.996,
Plot Title: 5C2G,1282,6/18/26 19:15,63.797,
Plot Title: 5C2G,1283,6/18/26 19:30,62.598,
Plot Title: 5C2G,1284,6/18/26 19:45,61.741,
Plot Title: 5C2G,1285,6/18/26 20:00,60.712,
Plot Title: 5C2G,1286,6/18/26 20:15,59.851,
Plot Title: 5C2G,1287,6/18/26 20:30,58.993,
Plot Title: 5C2G,1288,6/18/26 20:45,58.303,
Plot Title: 5C2G,1289,6/18/26 21:00,57.441,
Plot Title: 5C2G,1290,6/18/26 21:15,56.577,
Plot Title: 5C2G,1291,6/18/26 21:30,55.711,
Plot Title: 5C2G,1292,6/18/26 21:45,54.669,
Plot Title: 5C2G,1293,6/18/26 22:00,53.973,
Plot Title: 5C2G,1294,6/18/26 22:15,53.1,
Plot Title: 5C2G,1295,6/18/26 22:30,52.576,
Plot Title: 5C2G,1296,6/18/26 22:45,51.874,
Plot Title: 5C2G,1297,6/18/26 23:00,51.346,
Plot Title: 5C2G,1298,6/18/26 23:15,50.819,
Plot Title: 5C2G,1299,6/18/26 23:30,50.113,
Plot Title: 5C2G,1300,6/18/26 23:45,49.759,
Plot Title: 5C2G,1301,6/19/26 00:00,49.228,
Plot Title: 5C2G,1302,6/19/26 00:15,48.871,
Plot Title: 5C2G,1303,6/19/26 00:30,48.517,
Plot Title: 5C2G,1304,6/19/26 00:45,47.982,
Plot Title: 5C2G,1305,6/19/26 01:00,47.802,
Plot Title: 5C2G,1306,6/19/26 01:15,47.446,
Plot Title: 5C2G,1307,6/19/26 01:30,47.088,
Plot Title: 5C2G,1308,6/19/26 01:45,46.548,
Plot Title: 5C2G,1309,6/19/26 02:00,46.188,
Plot Title: 5C2G,1310,6/19/26 02:15,45.828,
Plot Title: 5C2G,1311,6/19/26 02:30,45.286,
Plot Title: 5C2G,1312,6/19/26 02:45,44.922,
Plot Title: 5C2G,1313,6/19/26 03:00,44.56,
Plot Title: 5C2G,1314,6/19/26 03:15,44.379,
Plot Title: 5C2G,1315,6/19/26 03:30,44.195,
Plot Title: 5C2G,1316,6/19/26 03:45,44.013,
Plot Title: 5C2G,1317,6/19/26 04:00,43.648,
Plot Title: 5C2G,1318,6/19/26 04:15,43.466,
Plot Title: 5C2G,1319,6/19/26 04:30,43.099,
Plot Title: 5C2G,1320,6/19/26 04:45,42.915,
Plot Title: 5C2G,1321,6/19/26 05:00,42.548,
Plot Title: 5C2G,1322,6/19/26 05:15,42.363,
Plot Title: 5C2G,1323,6/19/26 05:30,42.179,
Plot Title: 5C2G,1324,6/19/26 05:45,41.994,
Plot Title: 5C2G,1325,6/19/26 06:00,41.994,
Plot Title: 5C2G,1326,6/19/26 06:15,42.179,
Plot Title: 5C2G,1327,6/19/26 06:30,42.363,
Plot Title: 5C2G,1328,6/19/26 06:45,44.742,
Plot Title: 5C2G,1329,6/19/26 07:00,47.446,
Plot Title: 5C2G,1330,6/19/26 07:15,50.113,
Plot Title: 5C2G,1331,6/19/26 07:30,52.75,
Plot Title: 5C2G,1332,6/19/26 07:45,55.017,
Plot Title: 5C2G,1333,6/19/26 08:00,57.614,
Plot Title: 5C2G,1334,6/19/26 08:15,58.647,
Plot Title: 5C2G,1335,6/19/26 08:30,59.851,
Plot Title: 5C2G,1336,6/19/26 08:45,58.647,
Plot Title: 5C2G,1337,6/19/26 09:00,58.303,
Plot Title: 5C2G,1338,6/19/26 09:15,59.164,
Plot Title: 5C2G,1339,6/19/26 09:30,62.083,
Plot Title: 5C2G,1340,6/19/26 09:45,64.139,
Plot Title: 5C2G,1341,6/19/26 10:00,65.851,
Plot Title: 5C2G,1342,6/19/26 10:15,65.68,
Plot Title: 5C2G,1343,6/19/26 10:30,68.763,
Plot Title: 5C2G,1344,6/19/26 10:45,73.062,
Plot Title: 5C2G,1345,6/19/26 11:00,72.028,
Plot Title: 5C2G,1346,6/19/26 11:15,72.545,
Plot Title: 5C2G,1347,6/19/26 11:30,74.098,
Plot Title: 5C2G,1348,6/19/26 11:45,76.528,
Plot Title: 5C2G,1349,6/19/26 12:00,79.502,
Plot Title: 5C2G,1350,6/19/26 12:15,79.502,
Plot Title: 5C2G,1351,6/19/26 12:30,77.4,
Plot Title: 5C2G,1352,6/19/26 12:45,74.791,
Plot Title: 5C2G,1353,6/19/26 13:00,76.006,
Plot Title: 5C2G,1354,6/19/26 13:15,77.4,
Plot Title: 5C2G,1355,6/19/26 13:30,79.502,
Plot Title: 5C2G,1356,6/19/26 13:45,80.029,
Plot Title: 5C2G,1357,6/19/26 14:00,80.382,
Plot Title: 5C2G,1358,6/19/26 14:15,78.098,
Plot Title: 5C2G,1359,6/19/26 14:30,77.749,
Plot Title: 5C2G,1360,6/19/26 14:45,77.225,
Plot Title: 5C2G,1361,6/19/26 15:00,79.326,
Plot Title: 5C2G,1362,6/19/26 15:15,82.152,
Plot Title: 5C2G,1363,6/19/26 15:30,81.266,
Plot Title: 5C2G,1364,6/19/26 15:45,79.151,
Plot Title: 5C2G,1365,6/19/26 16:00,77.574,
Plot Title: 5C2G,1366,6/19/26 16:15,77.225,
Plot Title: 5C2G,1367,6/19/26 16:30,77.4,
Plot Title: 5C2G,1368,6/19/26 16:45,75.832,
Plot Title: 5C2G,1369,6/19/26 17:00,74.791,
Plot Title: 5C2G,1370,6/19/26 17:15,74.098,
Plot Title: 5C2G,1371,6/19/26 17:30,73.234,
Plot Title: 5C2G,1372,6/19/26 17:45,72.028,
Plot Title: 5C2G,1373,6/19/26 18:00,70.48,
Plot Title: 5C2G,1374,6/19/26 18:15,69.449,
Plot Title: 5C2G,1375,6/19/26 18:30,69.107,
Plot Title: 5C2G,1376,6/19/26 18:45,68.763,
Plot Title: 5C2G,1377,6/19/26 19:00,67.564,
Plot Title: 5C2G,1378,6/19/26 19:15,65.851,
Plot Title: 5C2G,1379,6/19/26 19:30,63.797,
Plot Title: 5C2G,1380,6/19/26 19:45,62.254,
Plot Title: 5C2G,1381,6/19/26 20:00,61.227,
Plot Title: 5C2G,1382,6/19/26 20:15,60.368,
Plot Title: 5C2G,1383,6/19/26 20:30,59.68,
Plot Title: 5C2G,1384,6/19/26 20:45,59.164,
Plot Title: 5C2G,1385,6/19/26 21:00,58.476,
Plot Title: 5C2G,1386,6/19/26 21:15,57.958,
Plot Title: 5C2G,1387,6/19/26 21:30,57.268,
Plot Title: 5C2G,1388,6/19/26 21:45,56.577,
Plot Title: 5C2G,1389,6/19/26 22:00,55.711,
Plot Title: 5C2G,1390,6/19/26 22:15,55.189,
Plot Title: 5C2G,1391,6/19/26 22:30,54.842,
Plot Title: 5C2G,1392,6/19/26 22:45,54.842,
Plot Title: 5C2G,1393,6/19/26 23:00,54.495,
Plot Title: 5C2G,1394,6/19/26 23:15,54.322,
Plot Title: 5C2G,1395,6/19/26 23:30,54.495,
Plot Title: 5C2G,1396,6/19/26 23:45,54.147,
Plot Title: 5C2G,1397,6/20/26 00:00,54.322,
Plot Title: 5C2G,1398,6/20/26 00:15,54.322,
Plot Title: 5C2G,1399,6/20/26 00:30,54.147,
Plot Title: 5C2G,1400,6/20/26 00:45,53.623,
Plot Title: 5C2G,1401,6/20/26 01:00,53.274,
Plot Title: 5C2G,1402,6/20/26 01:15,53.1,
Plot Title: 5C2G,1403,6/20/26 01:30,53.1,
Plot Title: 5C2G,1404,6/20/26 01:45,53.1,
Plot Title: 5C2G,1405,6/20/26 02:00,52.925,
Plot Title: 5C2G,1406,6/20/26 02:15,52.925,
Plot Title: 5C2G,1407,6/20/26 02:30,52.75,
Plot Title: 5C2G,1408,6/20/26 02:45,52.576,
Plot Title: 5C2G,1409,6/20/26 03:00,52.401,
Plot Title: 5C2G,1410,6/20/26 03:15,52.401,
Plot Title: 5C2G,1411,6/20/26 03:30,52.225,
Plot Title: 5C2G,1412,6/20/26 03:45,52.225,
Plot Title: 5C2G,1413,6/20/26 04:00,52.05,
Plot Title: 5C2G,1414,6/20/26 04:15,52.05,
Plot Title: 5C2G,1415,6/20/26 04:30,51.874,
Plot Title: 5C2G,1416,6/20/26 04:45,51.346,
Plot Title: 5C2G,1417,6/20/26 05:00,50.819,
Plot Title: 5C2G,1418,6/20/26 05:15,50.643,
Plot Title: 5C2G,1419,6/20/26 05:30,50.466,
Plot Title: 5C2G,1420,6/20/26 05:45,50.466,
Plot Title: 5C2G,1421,6/20/26 06:00,50.466,
Plot Title: 5C2G,1422,6/20/26 06:15,50.466,
Plot Title: 5C2G,1423,6/20/26 06:30,50.643,
Plot Title: 5C2G,1424,6/20/26 06:45,50.995,
Plot Title: 5C2G,1425,6/20/26 07:00,51.699,
Plot Title: 5C2G,1426,6/20/26 07:15,51.874,
Plot Title: 5C2G,1427,6/20/26 07:30,51.699,
Plot Title: 5C2G,1428,6/20/26 07:45,51.874,
Plot Title: 5C2G,1429,6/20/26 08:00,52.225,
Plot Title: 5C2G,1430,6/20/26 08:15,52.75,
Plot Title: 5C2G,1431,6/20/26 08:30,52.75,
Plot Title: 5C2G,1432,6/20/26 08:45,52.75,
Plot Title: 5C2G,1433,6/20/26 09:00,52.576,
Plot Title: 5C2G,1434,6/20/26 09:15,52.576,
Plot Title: 5C2G,1435,6/20/26 09:30,53.274,
Plot Title: 5C2G,1436,6/20/26 09:45,54.322,
Plot Title: 5C2G,1437,6/20/26 10:00,56.23,
Plot Title: 5C2G,1438,6/20/26 10:15,56.577,
Plot Title: 5C2G,1439,6/20/26 10:30,56.23,
Plot Title: 5C2G,1440,6/20/26 10:45,55.884,
Plot Title: 5C2G,1441,6/20/26 11:00,56.057,
Plot Title: 5C2G,1442,6/20/26 11:15,56.23,
Plot Title: 5C2G,1443,6/20/26 11:30,57.785,
Plot Title: 5C2G,1444,6/20/26 11:45,57.441,
Plot Title: 5C2G,1445,6/20/26 12:00,56.23,
Plot Title: 5C2G,1446,6/20/26 12:15,56.75,
Plot Title: 5C2G,1447,6/20/26 12:30,58.131,
Plot Title: 5C2G,1448,6/20/26 12:45,58.303,
Plot Title: 5C2G,1449,6/20/26 13:00,58.82,
Plot Title: 5C2G,1450,6/20/26 13:15,60.024,
Plot Title: 5C2G,1451,6/20/26 13:30,62.254,
Plot Title: 5C2G,1452,6/20/26 13:45,64.139,
Plot Title: 5C2G,1453,6/20/26 14:00,64.139,
Plot Title: 5C2G,1454,6/20/26 14:15,62.769,
Plot Title: 5C2G,1455,6/20/26 14:30,63.455,
Plot Title: 5C2G,1456,6/20/26 14:45,62.769,
Plot Title: 5C2G,1457,6/20/26 15:00,58.82,
Plot Title: 5C2G,1458,6/20/26 15:15,55.364,
Plot Title: 5C2G,1459,6/20/26 15:30,53.274,
Plot Title: 5C2G,1460,6/20/26 15:45,51.874,
Plot Title: 5C2G,1461,6/20/26 16:00,51.523,
Plot Title: 5C2G,1462,6/20/26 16:15,51.523,
Plot Title: 5C2G,1463,6/20/26 16:30,50.995,
Plot Title: 5C2G,1464,6/20/26 16:45,50.29,
Plot Title: 5C2G,1465,6/20/26 17:00,49.937,
Plot Title: 5C2G,1466,6/20/26 17:15,49.404,
Plot Title: 5C2G,1467,6/20/26 17:30,49.05,
Plot Title: 5C2G,1468,6/20/26 17:45,48.871,
Plot Title: 5C2G,1469,6/20/26 18:00,49.228,
Plot Title: 5C2G,1470,6/20/26 18:15,49.404,
Plot Title: 5C2G,1471,6/20/26 18:30,49.404,
Plot Title: 5C2G,1472,6/20/26 18:45,49.05,
Plot Title: 5C2G,1473,6/20/26 19:00,48.871,
Plot Title: 5C2G,1474,6/20/26 19:15,48.695,
Plot Title: 5C2G,1475,6/20/26 19:30,48.517,
Plot Title: 5C2G,1476,6/20/26 19:45,48.339,
Plot Title: 5C2G,1477,6/20/26 20:00,48.339,
Plot Title: 5C2G,1478,6/20/26 20:15,48.339,
Plot Title: 5C2G,1479,6/20/26 20:30,48.16,
Plot Title: 5C2G,1480,6/20/26 20:45,48.16,
Plot Title: 5C2G,1481,6/20/26 21:00,47.982,
Plot Title: 5C2G,1482,6/20/26 21:15,47.802,
Plot Title: 5C2G,1483,6/20/26 21:30,47.446,
Plot Title: 5C2G,1484,6/20/26 21:45,47.266,
Plot Title: 5C2G,1485,6/20/26 22:00,47.088,
Plot Title: 5C2G,1486,6/20/26 22:15,46.728,
Plot Title: 5C2G,1487,6/20/26 22:30,46.548,
Plot Title: 5C2G,1488,6/20/26 22:45,46.188,
Plot Title: 5C2G,1489,6/20/26 23:00,45.828,
Plot Title: 5C2G,1490,6/20/26 23:15,45.286,
Plot Title: 5C2G,1491,6/20/26 23:30,44.922,
Plot Title: 5C2G,1492,6/20/26 23:45,44.56,
Plot Title: 5C2G,1493,6/21/26 00:00,44.379,
Plot Title: 5C2G,1494,6/21/26 00:15,44.56,
Plot Title: 5C2G,1495,6/21/26 00:30,44.742,
Plot Title: 5C2G,1496,6/21/26 00:45,44.922,
Plot Title: 5C2G,1497,6/21/26 01:00,45.104,
Plot Title: 5C2G,1498,6/21/26 01:15,45.104,
Plot Title: 5C2G,1499,6/21/26 01:30,45.104,
Plot Title: 5C2G,1500,6/21/26 01:45,45.104,
Plot Title: 5C2G,1501,6/21/26 02:00,44.922,
Plot Title: 5C2G,1502,6/21/26 02:15,44.379,
Plot Title: 5C2G,1503,6/21/26 02:30,44.195,
Plot Title: 5C2G,1504,6/21/26 02:45,43.831,
Plot Title: 5C2G,1505,6/21/26 03:00,44.013,
Plot Title: 5C2G,1506,6/21/26 03:15,44.195,
Plot Title: 5C2G,1507,6/21/26 03:30,44.195,
Plot Title: 5C2G,1508,6/21/26 03:45,44.013,
Plot Title: 5C2G,1509,6/21/26 04:00,44.195,
Plot Title: 5C2G,1510,6/21/26 04:15,44.195,
Plot Title: 5C2G,1511,6/21/26 04:30,44.379,
Plot Title: 5C2G,1512,6/21/26 04:45,44.195,
Plot Title: 5C2G,1513,6/21/26 05:00,44.195,
Plot Title: 5C2G,1514,6/21/26 05:15,44.013,
Plot Title: 5C2G,1515,6/21/26 05:30,44.013,
Plot Title: 5C2G,1516,6/21/26 05:45,43.466,
Plot Title: 5C2G,1517,6/21/26 06:00,43.466,
Plot Title: 5C2G,1518,6/21/26 06:15,44.013,
Plot Title: 5C2G,1519,6/21/26 06:30,44.56,
Plot Title: 5C2G,1520,6/21/26 06:45,44.922,
Plot Title: 5C2G,1521,6/21/26 07:00,45.648,
Plot Title: 5C2G,1522,6/21/26 07:15,50.466,
Plot Title: 5C2G,1523,6/21/26 07:30,49.05,
Plot Title: 5C2G,1524,6/21/26 07:45,48.517,
Plot Title: 5C2G,1525,6/21/26 08:00,48.871,
Plot Title: 5C2G,1526,6/21/26 08:15,49.404,
Plot Title: 5C2G,1527,6/21/26 08:30,54.147,
Plot Title: 5C2G,1528,6/21/26 08:45,52.925,
Plot Title: 5C2G,1529,6/21/26 09:00,56.404,
Plot Title: 5C2G,1530,6/21/26 09:15,55.017,
Plot Title: 5C2G,1531,6/21/26 09:30,53.973,
Plot Title: 5C2G,1532,6/21/26 09:45,58.476,
Plot Title: 5C2G,1533,6/21/26 10:00,56.577,
Plot Title: 5C2G,1534,6/21/26 10:15,58.82,
Plot Title: 5C2G,1535,6/21/26 10:30,59.508,
Plot Title: 5C2G,1536,6/21/26 10:45,62.083,
Plot Title: 5C2G,1537,6/21/26 11:00,67.735,
Plot Title: 5C2G,1538,6/21/26 11:15,65.167,
Plot Title: 5C2G,1539,6/21/26 11:30,61.398,
Plot Title: 5C2G,1540,6/21/26 11:45,61.741,
Plot Title: 5C2G,1541,6/21/26 12:00,68.248,
Plot Title: 5C2G,1542,6/21/26 12:15,67.392,
Plot Title: 5C2G,1543,6/21/26 12:30,69.107,
Plot Title: 5C2G,1544,6/21/26 12:45,74.619,
Plot Title: 5C2G,1545,6/21/26 13:00,76.876,
Plot Title: 5C2G,1546,6/21/26 13:15,72.199,
Plot Title: 5C2G,1547,6/21/26 13:30,74.964,
Plot Title: 5C2G,1548,6/21/26 13:45,78.449,
Plot Title: 5C2G,1549,6/21/26 14:00,76.006,
Plot Title: 5C2G,1550,6/21/26 14:15,76.528,
Plot Title: 5C2G,1551,6/21/26 14:30,76.354,
Plot Title: 5C2G,1552,6/21/26 14:45,76.703,
Plot Title: 5C2G,1553,6/21/26 15:00,75.659,
Plot Title: 5C2G,1554,6/21/26 15:15,76.006,
Plot Title: 5C2G,1555,6/21/26 15:30,76.354,
Plot Title: 5C2G,1556,6/21/26 15:45,77.225,
Plot Title: 5C2G,1557,6/21/26 16:00,76.528,
Plot Title: 5C2G,1558,6/21/26 16:15,75.659,
Plot Title: 5C2G,1559,6/21/26 16:30,74.446,
Plot Title: 5C2G,1560,6/21/26 16:45,73.407,
Plot Title: 5C2G,1561,6/21/26 17:00,71.168,
Plot Title: 5C2G,1562,6/21/26 17:15,69.107,
Plot Title: 5C2G,1563,6/21/26 17:30,67.564,
Plot Title: 5C2G,1564,6/21/26 17:45,64.996,
Plot Title: 5C2G,1565,6/21/26 18:00,64.139,
Plot Title: 5C2G,1566,6/21/26 18:15,63.797,
Plot Title: 5C2G,1567,6/21/26 18:30,62.083,
Plot Title: 5C2G,1568,6/21/26 18:45,60.539,
Plot Title: 5C2G,1569,6/21/26 19:00,58.82,
Plot Title: 5C2G,1570,6/21/26 19:15,58.476,
Plot Title: 5C2G,1571,6/21/26 19:30,58.647,
Plot Title: 5C2G,1572,6/21/26 19:45,58.647,
Plot Title: 5C2G,1573,6/21/26 20:00,58.303,
Plot Title: 5C2G,1574,6/21/26 20:15,57.785,
Plot Title: 5C2G,1575,6/21/26 20:30,56.75,
Plot Title: 5C2G,1576,6/21/26 20:45,55.364,
Plot Title: 5C2G,1577,6/21/26 21:00,54.495,
Plot Title: 5C2G,1578,6/21/26 21:15,53.623,
Plot Title: 5C2G,1579,6/21/26 21:30,53.274,
Plot Title: 5C2G,1580,6/21/26 21:45,53.1,
Plot Title: 5C2G,1581,6/21/26 22:00,52.576,
Plot Title: 5C2G,1582,6/21/26 22:15,51.523,
Plot Title: 5C2G,1583,6/21/26 22:30,50.643,
Plot Title: 5C2G,1584,6/21/26 22:45,49.759,
Plot Title: 5C2G,1585,6/21/26 23:00,49.05,
Plot Title: 5C2G,1586,6/21/26 23:15,48.517,
Plot Title: 5C2G,1587,6/21/26 23:30,47.802,
Plot Title: 5C2G,1588,6/21/26 23:45,47.088,
Plot Title: 5C2G,1589,6/22/26 00:00,46.548,
Plot Title: 5C2G,1590,6/22/26 00:15,46.188,
Plot Title: 5C2G,1591,6/22/26 00:30,45.648,
Plot Title: 5C2G,1592,6/22/26 00:45,45.286,
Plot Title: 5C2G,1593,6/22/26 01:00,44.922,
Plot Title: 5C2G,1594,6/22/26 01:15,44.56,
Plot Title: 5C2G,1595,6/22/26 01:30,44.195,
Plot Title: 5C2G,1596,6/22/26 01:45,43.831,
Plot Title: 5C2G,1597,6/22/26 02:00,43.466,
Plot Title: 5C2G,1598,6/22/26 02:15,43.648,
Plot Title: 5C2G,1599,6/22/26 02:30,43.831,
Plot Title: 5C2G,1600,6/22/26 02:45,43.282,
Plot Title: 5C2G,1601,6/22/26 03:00,42.915,
Plot Title: 5C2G,1602,6/22/26 03:15,42.915,
Plot Title: 5C2G,1603,6/22/26 03:30,42.732,
Plot Title: 5C2G,1604,6/22/26 03:45,42.179,
Plot Title: 5C2G,1605,6/22/26 04:00,41.81,
Plot Title: 5C2G,1606,6/22/26 04:15,41.625,
Plot Title: 5C2G,1607,6/22/26 04:30,41.254,
Plot Title: 5C2G,1608,6/22/26 04:45,41.067,
Plot Title: 5C2G,1609,6/22/26 05:00,41.067,
Plot Title: 5C2G,1610,6/22/26 05:15,41.067,
Plot Title: 5C2G,1611,6/22/26 05:30,41.439,
Plot Title: 5C2G,1612,6/22/26 05:45,41.439,
Plot Title: 5C2G,1613,6/22/26 06:00,41.625,
Plot Title: 5C2G,1614,6/22/26 06:15,41.994,
Plot Title: 5C2G,1615,6/22/26 06:30,42.179,
Plot Title: 5C2G,1616,6/22/26 06:45,42.548,
Plot Title: 5C2G,1617,6/22/26 07:00,45.648,
Plot Title: 5C2G,1618,6/22/26 07:15,47.982,
Plot Title: 5C2G,1619,6/22/26 07:30,51.699,
Plot Title: 5C2G,1620,6/22/26 07:45,54.495,
Plot Title: 5C2G,1621,6/22/26 08:00,57.958,
Plot Title: 5C2G,1622,6/22/26 08:15,59.508,
Plot Title: 5C2G,1623,6/22/26 08:30,61.569,
Plot Title: 5C2G,1624,6/22/26 08:45,63.968,
Plot Title: 5C2G,1625,6/22/26 09:00,66.708,
Plot Title: 5C2G,1626,6/22/26 09:15,68.763,
Plot Title: 5C2G,1627,6/22/26 09:30,70.995,
Plot Title: 5C2G,1628,6/22/26 09:45,67.906,
Plot Title: 5C2G,1629,6/22/26 10:00,63.968,
Plot Title: 5C2G,1630,6/22/26 10:15,65.338,
Plot Title: 5C2G,1631,6/22/26 10:30,70.48,
Plot Title: 5C2G,1632,6/22/26 10:45,70.137,
Plot Title: 5C2G,1633,6/22/26 11:00,73.926,
Plot Title: 5C2G,1634,6/22/26 11:15,76.354,
Plot Title: 5C2G,1635,6/22/26 11:30,77.749,
Plot Title: 5C2G,1636,6/22/26 11:45,75.484,
Plot Title: 5C2G,1637,6/22/26 12:00,76.354,
Plot Title: 5C2G,1638,6/22/26 12:15,76.354,
Plot Title: 5C2G,1639,6/22/26 12:30,73.753,
Plot Title: 5C2G,1640,6/22/26 12:45,73.234,
Plot Title: 5C2G,1641,6/22/26 13:00,75.659,
Plot Title: 5C2G,1642,6/22/26 13:15,75.659,
Plot Title: 5C2G,1643,6/22/26 13:30,75.832,
Plot Title: 5C2G,1644,6/22/26 13:45,78.098,
Plot Title: 5C2G,1645,6/22/26 14:00,79.853,
Plot Title: 5C2G,1646,6/22/26 14:15,78.098,
Plot Title: 5C2G,1647,6/22/26 14:30,80.382,
Plot Title: 5C2G,1648,6/22/26 14:45,80.735,
Plot Title: 5C2G,1649,6/22/26 15:00,78.975,
Plot Title: 5C2G,1650,6/22/26 15:15,77.225,
Plot Title: 5C2G,1651,6/22/26 15:30,75.832,
Plot Title: 5C2G,1652,6/22/26 15:45,73.753,
Plot Title: 5C2G,1653,6/22/26 16:00,72.891,
Plot Title: 5C2G,1654,6/22/26 16:15,71.683,
Plot Title: 5C2G,1655,6/22/26 16:30,71.339,
Plot Title: 5C2G,1656,6/22/26 16:45,69.793,
Plot Title: 5C2G,1657,6/22/26 17:00,67.735,
Plot Title: 5C2G,1658,6/22/26 17:15,67.221,
Plot Title: 5C2G,1659,6/22/26 17:30,66.708,
Plot Title: 5C2G,1660,6/22/26 17:45,66.193,
Plot Title: 5C2G,1661,6/22/26 18:00,64.481,
Plot Title: 5C2G,1662,6/22/26 18:15,63.111,
Plot Title: 5C2G,1663,6/22/26 18:30,61.912,
Plot Title: 5C2G,1664,6/22/26 18:45,60.539,
Plot Title: 5C2G,1665,6/22/26 19:00,59.508,
Plot Title: 5C2G,1666,6/22/26 19:15,58.993,
Plot Title: 5C2G,1667,6/22/26 19:30,58.303,
Plot Title: 5C2G,1668,6/22/26 19:45,57.614,
Plot Title: 5C2G,1669,6/22/26 20:00,56.923,
Plot Title: 5C2G,1670,6/22/26 20:15,56.057,
Plot Title: 5C2G,1671,6/22/26 20:30,54.842,
Plot Title: 5C2G,1672,6/22/26 20:45,53.973,
Plot Title: 5C2G,1673,6/22/26 21:00,53.1,
Plot Title: 5C2G,1674,6/22/26 21:15,52.576,
Plot Title: 5C2G,1675,6/22/26 21:30,51.523,
Plot Title: 5C2G,1676,6/22/26 21:45,50.29,
Plot Title: 5C2G,1677,6/22/26 22:00,49.228,
Plot Title: 5C2G,1678,6/22/26 22:15,48.339,
Plot Title: 5C2G,1679,6/22/26 22:30,47.446,
Plot Title: 5C2G,1680,6/22/26 22:45,46.728,
Plot Title: 5C2G,1681,6/22/26 23:00,46.188,
Plot Title: 5C2G,1682,6/22/26 23:15,45.648,
Plot Title: 5C2G,1683,6/22/26 23:30,45.104,
Plot Title: 5C2G,1684,6/22/26 23:45,44.56,
Plot Title: 5C2G,1685,6/23/26 00:00,44.013,
Plot Title: 5C2G,1686,6/23/26 00:15,43.466,
Plot Title: 5C2G,1687,6/23/26 00:30,43.099,
Plot Title: 5C2G,1688,6/23/26 00:45,42.732,
Plot Title: 5C2G,1689,6/23/26 01:00,42.548,
Plot Title: 5C2G,1690,6/23/26 01:15,42.179,
Plot Title: 5C2G,1691,6/23/26 01:30,41.81,
Plot Title: 5C2G,1692,6/23/26 01:45,41.439,
Plot Title: 5C2G,1693,6/23/26 02:00,41.067,
Plot Title: 5C2G,1694,6/23/26 02:15,40.696,
Plot Title: 5C2G,1695,6/23/26 02:30,40.321,
Plot Title: 5C2G,1696,6/23/26 02:45,39.947,
Plot Title: 5C2G,1697,6/23/26 03:00,39.76,
Plot Title: 5C2G,1698,6/23/26 03:15,39.573,
Plot Title: 5C2G,1699,6/23/26 03:30,39.384,
Plot Title: 5C2G,1700,6/23/26 03:45,39.007,
Plot Title: 5C2G,1701,6/23/26 04:00,38.818,
Plot Title: 5C2G,1702,6/23/26 04:15,38.629,
Plot Title: 5C2G,1703,6/23/26 04:30,38.44,
Plot Title: 5C2G,1704,6/23/26 04:45,38.25,
Plot Title: 5C2G,1705,6/23/26 05:00,37.87,
Plot Title: 5C2G,1706,6/23/26 05:15,37.488,
Plot Title: 5C2G,1707,6/23/26 05:30,37.297,
Plot Title: 5C2G,1708,6/23/26 05:45,37.297,
Plot Title: 5C2G,1709,6/23/26 06:00,37.107,
Plot Title: 5C2G,1710,6/23/26 06:15,37.297,
Plot Title: 5C2G,1711,6/23/26 06:30,37.488,
Plot Title: 5C2G,1712,6/23/26 06:45,40.509,
Plot Title: 5C2G,1713,6/23/26 07:00,43.648,
Plot Title: 5C2G,1714,6/23/26 07:15,46.728,
Plot Title: 5C2G,1715,6/23/26 07:30,49.582,
Plot Title: 5C2G,1716,6/23/26 07:45,52.225,
Plot Title: 5C2G,1717,6/23/26 08:00,55.017,
Plot Title: 5C2G,1718,6/23/26 08:15,57.614,
Plot Title: 5C2G,1719,6/23/26 08:30,60.195,
Plot Title: 5C2G,1720,6/23/26 08:45,62.425,
Plot Title: 5C2G,1721,6/23/26 09:00,64.825,
Plot Title: 5C2G,1722,6/23/26 09:15,67.221,
Plot Title: 5C2G,1723,6/23/26 09:30,69.449,
Plot Title: 5C2G,1724,6/23/26 09:45,71.856,
Plot Title: 5C2G,1725,6/23/26 10:00,74.271,
Plot Title: 5C2G,1726,6/23/26 10:15,76.181,
Plot Title: 5C2G,1727,6/23/26 10:30,78.098,
Plot Title: 5C2G,1728,6/23/26 10:45,79.853,
Plot Title: 5C2G,1729,6/23/26 11:00,81.621,
Plot Title: 5C2G,1730,6/23/26 11:15,83.579,
Plot Title: 5C2G,1731,6/23/26 11:30,85.374,
Plot Title: 5C2G,1732,6/23/26 11:45,87.004,
Plot Title: 5C2G,1733,6/23/26 12:00,88.65,
Plot Title: 5C2G,1734,6/23/26 12:15,89.569,
Plot Title: 5C2G,1735,6/23/26 12:30,90.495,
Plot Title: 5C2G,1736,6/23/26 12:45,91.425,
Plot Title: 5C2G,1737,6/23/26 13:00,92.363,
Plot Title: 5C2G,1738,6/23/26 13:15,92.926,
Plot Title: 5C2G,1739,6/23/26 13:30,93.304,
Plot Title: 5C2G,1740,6/23/26 13:45,93.493,
Plot Title: 5C2G,1741,6/23/26 14:00,93.682,
Plot Title: 5C2G,1742,6/23/26 14:15,93.682,
Plot Title: 5C2G,1743,6/23/26 14:30,93.682,
Plot Title: 5C2G,1744,6/23/26 14:45,93.493,
Plot Title: 5C2G,1745,6/23/26 15:00,93.115,
Plot Title: 5C2G,1746,6/23/26 15:15,92.363,
Plot Title: 5C2G,1747,6/23/26 15:30,91.425,
Plot Title: 5C2G,1748,6/23/26 15:45,90.309,
Plot Title: 5C2G,1749,6/23/26 16:00,89.017,
Plot Title: 5C2G,1750,6/23/26 16:15,87.552,
Plot Title: 5C2G,1751,6/23/26 16:30,85.735,
Plot Title: 5C2G,1752,6/23/26 16:45,83.757,
Plot Title: 5C2G,1753,6/23/26 17:00,81.09,
Plot Title: 5C2G,1754,6/23/26 17:15,77.749,
Plot Title: 5C2G,1755,6/23/26 17:30,75.484,
Plot Title: 5C2G,1756,6/23/26 17:45,73.407,
Plot Title: 5C2G,1757,6/23/26 18:00,71.512,
Plot Title: 5C2G,1758,6/23/26 18:15,69.449,
Plot Title: 5C2G,1759,6/23/26 18:30,67.392,
Plot Title: 5C2G,1760,6/23/26 18:45,65.68,
Plot Title: 5C2G,1761,6/23/26 19:00,64.139,
Plot Title: 5C2G,1762,6/23/26 19:15,62.94,
Plot Title: 5C2G,1763,6/23/26 19:30,61.912,
Plot Title: 5C2G,1764,6/23/26 19:45,61.054,
Plot Title: 5C2G,1765,6/23/26 20:00,60.024,
Plot Title: 5C2G,1766,6/23/26 20:15,59.164,
Plot Title: 5C2G,1767,6/23/26 20:30,58.303,
Plot Title: 5C2G,1768,6/23/26 20:45,57.441,
Plot Title: 5C2G,1769,6/23/26 21:00,56.75,
Plot Title: 5C2G,1770,6/23/26 21:15,56.057,
Plot Title: 5C2G,1771,6/23/26 21:30,55.364,
Plot Title: 5C2G,1772,6/23/26 21:45,54.669,
Plot Title: 5C2G,1773,6/23/26 22:00,54.147,
Plot Title: 5C2G,1774,6/23/26 22:15,53.623,
Plot Title: 5C2G,1775,6/23/26 22:30,53.1,
Plot Title: 5C2G,1776,6/23/26 22:45,52.401,
Plot Title: 5C2G,1777,6/23/26 23:00,52.225,
Plot Title: 5C2G,1778,6/23/26 23:15,51.874,
Plot Title: 5C2G,1779,6/23/26 23:30,51.346,
Plot Title: 5C2G,1780,6/23/26 23:45,50.995,
Plot Title: 5C2G,1781,6/24/26 00:00,50.466,
Plot Title: 5C2G,1782,6/24/26 00:15,50.113,
Plot Title: 5C2G,1783,6/24/26 00:30,49.582,
Plot Title: 5C2G,1784,6/24/26 00:45,49.228,
Plot Title: 5C2G,1785,6/24/26 01:00,49.228,
Plot Title: 5C2G,1786,6/24/26 01:15,48.871,
Plot Title: 5C2G,1787,6/24/26 01:30,48.871,
Plot Title: 5C2G,1788,6/24/26 01:45,48.695,
Plot Title: 5C2G,1789,6/24/26 02:00,48.695,
Plot Title: 5C2G,1790,6/24/26 02:15,48.695,
Plot Title: 5C2G,1791,6/24/26 02:30,48.339,
Plot Title: 5C2G,1792,6/24/26 02:45,47.802,
Plot Title: 5C2G,1793,6/24/26 03:00,47.266,
Plot Title: 5C2G,1794,6/24/26 03:15,46.908,
Plot Title: 5C2G,1795,6/24/26 03:30,46.548,
Plot Title: 5C2G,1796,6/24/26 03:45,46.188,
Plot Title: 5C2G,1797,6/24/26 04:00,45.828,
Plot Title: 5C2G,1798,6/24/26 04:15,45.466,
Plot Title: 5C2G,1799,6/24/26 04:30,45.286,
Plot Title: 5C2G,1800,6/24/26 04:45,45.286,
Plot Title: 5C2G,1801,6/24/26 05:00,45.466,
Plot Title: 5C2G,1802,6/24/26 05:15,45.648,
Plot Title: 5C2G,1803,6/24/26 05:30,44.922,
Plot Title: 5C2G,1804,6/24/26 05:45,44.379,
Plot Title: 5C2G,1805,6/24/26 06:00,44.013,
Plot Title: 5C2G,1806,6/24/26 06:15,43.648,
Plot Title: 5C2G,1807,6/24/26 06:30,43.648,
Plot Title: 5C2G,1808,6/24/26 06:45,46.188,
Plot Title: 5C2G,1809,6/24/26 07:00,47.802,
Plot Title: 5C2G,1810,6/24/26 07:15,49.582,
Plot Title: 5C2G,1811,6/24/26 07:30,52.401,
Plot Title: 5C2G,1812,6/24/26 07:45,55.711,
Plot Title: 5C2G,1813,6/24/26 08:00,57.441,
Plot Title: 5C2G,1814,6/24/26 08:15,60.712,
Plot Title: 5C2G,1815,6/24/26 08:30,62.254,
Plot Title: 5C2G,1816,6/24/26 08:45,66.537,
Plot Title: 5C2G,1817,6/24/26 09:00,69.793,
Plot Title: 5C2G,1818,6/24/26 09:15,72.718,
Plot Title: 5C2G,1819,6/24/26 09:30,75.139,
Plot Title: 5C2G,1820,6/24/26 09:45,77.749,
Plot Title: 5C2G,1821,6/24/26 10:00,80.029,
Plot Title: 5C2G,1822,6/24/26 10:15,82.152,
Plot Title: 5C2G,1823,6/24/26 10:30,84.295,
Plot Title: 5C2G,1824,6/24/26 10:45,86.277,
Plot Title: 5C2G,1825,6/24/26 11:00,87.915,
Plot Title: 5C2G,1826,6/24/26 11:15,89.569,
Plot Title: 5C2G,1827,6/24/26 11:30,91.24,
Plot Title: 5C2G,1828,6/24/26 11:45,92.55,
Plot Title: 5C2G,1829,6/24/26 12:00,93.682,
Plot Title: 5C2G,1830,6/24/26 12:15,95.016,
Plot Title: 5C2G,1831,6/24/26 12:30,96.168,
Plot Title: 5C2G,1832,6/24/26 12:45,97.331,
Plot Title: 5C2G,1833,6/24/26 13:00,98.307,
Plot Title: 5C2G,1834,6/24/26 13:15,99.093,
Plot Title: 5C2G,1835,6/24/26 13:30,99.489,
Plot Title: 5C2G,1836,6/24/26 13:45,98.503,
Plot Title: 5C2G,1837,6/24/26 14:00,97.525,
Plot Title: 5C2G,1838,6/24/26 14:15,97.137,
Plot Title: 5C2G,1839,6/24/26 14:30,96.168,
Plot Title: 5C2G,1840,6/24/26 14:45,92.926,
Plot Title: 5C2G,1841,6/24/26 15:00,89.2,
Plot Title: 5C2G,1842,6/24/26 15:15,86.459,
Plot Title: 5C2G,1843,6/24/26 15:30,86.823,
Plot Title: 5C2G,1844,6/24/26 15:45,86.459,
Plot Title: 5C2G,1845,6/24/26 16:00,85.554,
Plot Title: 5C2G,1846,6/24/26 16:15,85.194,
Plot Title: 5C2G,1847,6/24/26 16:30,83.043,
Plot Title: 5C2G,1848,6/24/26 16:45,82.508,
Plot Title: 5C2G,1849,6/24/26 17:00,81.975,
Plot Title: 5C2G,1850,6/24/26 17:15,79.326,
Plot Title: 5C2G,1851,6/24/26 17:30,77.923,
Plot Title: 5C2G,1852,6/24/26 17:45,75.832,
Plot Title: 5C2G,1853,6/24/26 18:00,73.753,
Plot Title: 5C2G,1854,6/24/26 18:15,71.512,
Plot Title: 5C2G,1855,6/24/26 18:30,70.651,
Plot Title: 5C2G,1856,6/24/26 18:45,69.964,
Plot Title: 5C2G,1857,6/24/26 19:00,69.107,
Plot Title: 5C2G,1858,6/24/26 19:15,68.077,
Plot Title: 5C2G,1859,6/24/26 19:30,66.879,
Plot Title: 5C2G,1860,6/24/26 19:45,65.851,
Plot Title: 5C2G,1861,6/24/26 20:00,64.996,
Plot Title: 5C2G,1862,6/24/26 20:15,64.481,
Plot Title: 5C2G,1863,6/24/26 20:30,63.626,
Plot Title: 5C2G,1864,6/24/26 20:45,62.94,
Plot Title: 5C2G,1865,6/24/26 21:00,62.083,
Plot Title: 5C2G,1866,6/24/26 21:15,61.054,
Plot Title: 5C2G,1867,6/24/26 21:30,60.368,
Plot Title: 5C2G,1868,6/24/26 21:45,59.68,
Plot Title: 5C2G,1869,6/24/26 22:00,59.164,
Plot Title: 5C2G,1870,6/24/26 22:15,58.303,
Plot Title: 5C2G,1871,6/24/26 22:30,57.614,
Plot Title: 5C2G,1872,6/24/26 22:45,57.268,
Plot Title: 5C2G,1873,6/24/26 23:00,56.923,
Plot Title: 5C2G,1874,6/24/26 23:15,56.577,
Plot Title: 5C2G,1875,6/24/26 23:30,56.057,
Plot Title: 5C2G,1876,6/24/26 23:45,55.711,
Plot Title: 5C2G,1877,6/25/26 00:00,55.017,
Plot Title: 5C2G,1878,6/25/26 00:15,54.495,
Plot Title: 5C2G,1879,6/25/26 00:30,54.147,
Plot Title: 5C2G,1880,6/25/26 00:45,54.147,
Plot Title: 5C2G,1881,6/25/26 01:00,54.322,
Plot Title: 5C2G,1882,6/25/26 01:15,54.322,
Plot Title: 5C2G,1883,6/25/26 01:30,54.147,
Plot Title: 5C2G,1884,6/25/26 01:45,53.973,
Plot Title: 5C2G,1885,6/25/26 02:00,53.449,
Plot Title: 5C2G,1886,6/25/26 02:15,52.05,
Plot Title: 5C2G,1887,6/25/26 02:30,51.346,
Plot Title: 5C2G,1888,6/25/26 02:45,50.819,
Plot Title: 5C2G,1889,6/25/26 03:00,50.113,
Plot Title: 5C2G,1890,6/25/26 03:15,49.404,
Plot Title: 5C2G,1891,6/25/26 03:30,48.871,
Plot Title: 5C2G,1892,6/25/26 03:45,48.339,
Plot Title: 5C2G,1893,6/25/26 04:00,47.982,
Plot Title: 5C2G,1894,6/25/26 04:15,47.624,
Plot Title: 5C2G,1895,6/25/26 04:30,47.802,
Plot Title: 5C2G,1896,6/25/26 04:45,47.802,
Plot Title: 5C2G,1897,6/25/26 05:00,48.339,
Plot Title: 5C2G,1898,6/25/26 05:15,48.16,
Plot Title: 5C2G,1899,6/25/26 05:30,47.802,
Plot Title: 5C2G,1900,6/25/26 05:45,47.802,
Plot Title: 5C2G,1901,6/25/26 06:00,47.266,
Plot Title: 5C2G,1902,6/25/26 06:15,46.908,
Plot Title: 5C2G,1903,6/25/26 06:30,46.548,
Plot Title: 5C2G,1904,6/25/26 06:45,49.05,
Plot Title: 5C2G,1905,6/25/26 07:00,50.29,
Plot Title: 5C2G,1906,6/25/26 07:15,49.759,
Plot Title: 5C2G,1907,6/25/26 07:30,49.937,
Plot Title: 5C2G,1908,6/25/26 07:45,50.29,
Plot Title: 5C2G,1909,6/25/26 08:00,48.517,
Plot Title: 5C2G,1910,6/25/26 08:15,49.05,
Plot Title: 5C2G,1911,6/25/26 08:30,48.871,
Plot Title: 5C2G,1912,6/25/26 08:45,50.643,
Plot Title: 5C2G,1913,6/25/26 09:00,50.643,
Plot Title: 5C2G,1914,6/25/26 09:15,49.582,
Plot Title: 5C2G,1915,6/25/26 09:30,49.404,
Plot Title: 5C2G,1916,6/25/26 09:45,51.172,
Plot Title: 5C2G,1917,6/25/26 10:00,53.449,
Plot Title: 5C2G,1918,6/25/26 10:15,57.268,
Plot Title: 5C2G,1919,6/25/26 10:30,60.539,
Plot Title: 5C2G,1920,6/25/26 10:45,61.912,
Plot Title: 5C2G,1921,6/25/26 11:00,62.425,
Plot Title: 5C2G,1922,6/25/26 11:15,60.368,
Plot Title: 5C2G,1923,6/25/26 11:30,59.68,
Plot Title: 5C2G,1924,6/25/26 11:45,61.227,
Plot Title: 5C2G,1925,6/25/26 12:00,66.537,
Plot Title: 5C2G,1926,6/25/26 12:15,64.652,
Plot Title: 5C2G,1927,6/25/26 12:30,63.111,
Plot Title: 5C2G,1928,6/25/26 12:45,62.598,
Plot Title: 5C2G,1929,6/25/26 13:00,70.308,
Plot Title: 5C2G,1930,6/25/26 13:15,70.824,
Plot Title: 5C2G,1931,6/25/26 13:30,72.891,
Plot Title: 5C2G,1932,6/25/26 13:45,74.271,
Plot Title: 5C2G,1933,6/25/26 14:00,73.062,
Plot Title: 5C2G,1934,6/25/26 14:15,70.137,
Plot Title: 5C2G,1935,6/25/26 14:30,70.651,
Plot Title: 5C2G,1936,6/25/26 14:45,72.372,
Plot Title: 5C2G,1937,6/25/26 15:00,72.718,
Plot Title: 5C2G,1938,6/25/26 15:15,72.199,
Plot Title: 5C2G,1939,6/25/26 15:30,74.271,
Plot Title: 5C2G,1940,6/25/26 15:45,72.891,
Plot Title: 5C2G,1941,6/25/26 16:00,74.446,
Plot Title: 5C2G,1942,6/25/26 16:15,70.824,
Plot Title: 5C2G,1943,6/25/26 16:30,67.735,
Plot Title: 5C2G,1944,6/25/26 16:45,69.278,
Plot Title: 5C2G,1945,6/25/26 17:00,69.107,
Plot Title: 5C2G,1946,6/25/26 17:15,68.592,
Plot Title: 5C2G,1947,6/25/26 17:30,68.421,
Plot Title: 5C2G,1948,6/25/26 17:45,67.05,
Plot Title: 5C2G,1949,6/25/26 18:00,65.509,
Plot Title: 5C2G,1950,6/25/26 18:15,64.31,
Plot Title: 5C2G,1951,6/25/26 18:30,62.94,
Plot Title: 5C2G,1952,6/25/26 18:45,62.083,
Plot Title: 5C2G,1953,6/25/26 19:00,61.227,
Plot Title: 5C2G,1954,6/25/26 19:15,59.851,
Plot Title: 5C2G,1955,6/25/26 19:30,59.164,
Plot Title: 5C2G,1956,6/25/26 19:45,57.785,
Plot Title: 5C2G,1957,6/25/26 20:00,56.75,
Plot Title: 5C2G,1958,6/25/26 20:15,55.884,
Plot Title: 5C2G,1959,6/25/26 20:30,55.884,
Plot Title: 5C2G,1960,6/25/26 20:45,55.711,
Plot Title: 5C2G,1961,6/25/26 21:00,54.322,
Plot Title: 5C2G,1962,6/25/26 21:15,52.925,
Plot Title: 5C2G,1963,6/25/26 21:30,52.576,
Plot Title: 5C2G,1964,6/25/26 21:45,52.75,
Plot Title: 5C2G,1965,6/25/26 22:00,52.576,
Plot Title: 5C2G,1966,6/25/26 22:15,51.874,
Plot Title: 5C2G,1967,6/25/26 22:30,51.874,
Plot Title: 5C2G,1968,6/25/26 22:45,50.995,
Plot Title: 5C2G,1969,6/25/26 23:00,50.466,
Plot Title: 5C2G,1970,6/25/26 23:15,50.29,
Plot Title: 5C2G,1971,6/25/26 23:30,49.582,
Plot Title: 5C2G,1972,6/25/26 23:45,49.228,
Plot Title: 5C2G,1973,6/26/26 00:00,49.228,
Plot Title: 5C2G,1974,6/26/26 00:15,49.582,
Plot Title: 5C2G,1975,6/26/26 00:30,49.759,
Plot Title: 5C2G,1976,6/26/26 00:45,49.404,
Plot Title: 5C2G,1977,6/26/26 01:00,48.695,
Plot Title: 5C2G,1978,6/26/26 01:15,47.982,
Plot Title: 5C2G,1979,6/26/26 01:30,47.446,
Plot Title: 5C2G,1980,6/26/26 01:45,47.266,
Plot Title: 5C2G,1981,6/26/26 02:00,47.446,
Plot Title: 5C2G,1982,6/26/26 02:15,47.624,
Plot Title: 5C2G,1983,6/26/26 02:30,47.624,
Plot Title: 5C2G,1984,6/26/26 02:45,47.624,
Plot Title: 5C2G,1985,6/26/26 03:00,47.446,
Plot Title: 5C2G,1986,6/26/26 03:15,47.446,
Plot Title: 5C2G,1987,6/26/26 03:30,47.446,
Plot Title: 5C2G,1988,6/26/26 03:45,47.446,
Plot Title: 5C2G,1989,6/26/26 04:00,47.446,
Plot Title: 5C2G,1990,6/26/26 04:15,47.446,
Plot Title: 5C2G,1991,6/26/26 04:30,46.908,
Plot Title: 5C2G,1992,6/26/26 04:45,46.369,
Plot Title: 5C2G,1993,6/26/26 05:00,46.008,
Plot Title: 5C2G,1994,6/26/26 05:15,46.008,
Plot Title: 5C2G,1995,6/26/26 05:30,45.828,
Plot Title: 5C2G,1996,6/26/26 05:45,45.828,
Plot Title: 5C2G,1997,6/26/26 06:00,46.008,
Plot Title: 5C2G,1998,6/26/26 06:15,46.369,
Plot Title: 5C2G,1999,6/26/26 06:30,46.728,
Plot Title: 5C2G,2000,6/26/26 06:45,47.088,
Plot Title: 5C2G,2001,6/26/26 07:00,47.624,
Plot Title: 5C2G,2002,6/26/26 07:15,48.339,
Plot Title: 5C2G,2003,6/26/26 07:30,48.695,
Plot Title: 5C2G,2004,6/26/26 07:45,49.404,
Plot Title: 5C2G,2005,6/26/26 08:00,50.819,
Plot Title: 5C2G,2006,6/26/26 08:15,52.225,
Plot Title: 5C2G,2007,6/26/26 08:30,55.189,
Plot Title: 5C2G,2008,6/26/26 08:45,57.268,
Plot Title: 5C2G,2009,6/26/26 09:00,55.537,
Plot Title: 5C2G,2010,6/26/26 09:15,54.842,
Plot Title: 5C2G,2011,6/26/26 09:30,55.884,
Plot Title: 5C2G,2012,6/26/26 09:45,57.614,
Plot Title: 5C2G,2013,6/26/26 10:00,57.958,
Plot Title: 5C2G,2014,6/26/26 10:15,57.614,
Plot Title: 5C2G,2015,6/26/26 10:30,57.096,
Plot Title: 5C2G,2016,6/26/26 10:45,62.94,
Plot Title: 5C2G,2017,6/26/26 11:00,64.652,
Plot Title: 5C2G,2018,6/26/26 11:15,67.906,
Plot Title: 5C2G,2019,6/26/26 11:30,67.392,
Plot Title: 5C2G,2020,6/26/26 11:45,66.879,
Plot Title: 5C2G,2021,6/26/26 12:00,66.193,
Plot Title: 5C2G,2022,6/26/26 12:15,68.077,
Plot Title: 5C2G,2023,6/26/26 12:30,67.735,
Plot Title: 5C2G,2024,6/26/26 12:45,68.592,
Plot Title: 5C2G,2025,6/26/26 13:00,70.137,
Plot Title: 5C2G,2026,6/26/26 13:15,72.718,
Plot Title: 5C2G,2027,6/26/26 13:30,75.312,
Plot Title: 5C2G,2028,6/26/26 13:45,72.718,
Plot Title: 5C2G,2029,6/26/26 14:00,68.421,
Plot Title: 5C2G,2030,6/26/26 14:15,65.851,
Plot Title: 5C2G,2031,6/26/26 14:30,62.425,
Plot Title: 5C2G,2032,6/26/26 14:45,66.537,
Plot Title: 5C2G,2033,6/26/26 15:00,70.824,
Plot Title: 5C2G,2034,6/26/26 15:15,67.221,
Plot Title: 5C2G,2035,6/26/26 15:30,69.449,
Plot Title: 5C2G,2036,6/26/26 15:45,70.137,
Plot Title: 5C2G,2037,6/26/26 16:00,70.651,
Plot Title: 5C2G,2038,6/26/26 16:15,70.995,
Plot Title: 5C2G,2039,6/26/26 16:30,70.651,
Plot Title: 5C2G,2040,6/26/26 16:45,69.107,
Plot Title: 5C2G,2041,6/26/26 17:00,67.392,
Plot Title: 5C2G,2042,6/26/26 17:15,64.825,
Plot Title: 5C2G,2043,6/26/26 17:30,63.968,
Plot Title: 5C2G,2044,6/26/26 17:45,64.652,
Plot Title: 5C2G,2045,6/26/26 18:00,64.825,
Plot Title: 5C2G,2046,6/26/26 18:15,63.455,
Plot Title: 5C2G,2047,6/26/26 18:30,61.398,
Plot Title: 5C2G,2048,6/26/26 18:45,60.883,
Plot Title: 5C2G,2049,6/26/26 19:00,59.337,
Plot Title: 5C2G,2050,6/26/26 19:15,59.164,
Plot Title: 5C2G,2051,6/26/26 19:30,58.476,
Plot Title: 5C2G,2052,6/26/26 19:45,58.131,
Plot Title: 5C2G,2053,6/26/26 20:00,57.096,
Plot Title: 5C2G,2054,6/26/26 20:15,56.057,
Plot Title: 5C2G,2055,6/26/26 20:30,55.364,
Plot Title: 5C2G,2056,6/26/26 20:45,54.147,
Plot Title: 5C2G,2057,6/26/26 21:00,53.1,
Plot Title: 5C2G,2058,6/26/26 21:15,52.75,
Plot Title: 5C2G,2059,6/26/26 21:30,52.225,
Plot Title: 5C2G,2060,6/26/26 21:45,51.346,
Plot Title: 5C2G,2061,6/26/26 22:00,50.466,
Plot Title: 5C2G,2062,6/26/26 22:15,49.759,
Plot Title: 5C2G,2063,6/26/26 22:30,49.05,
Plot Title: 5C2G,2064,6/26/26 22:45,48.339,
Plot Title: 5C2G,2065,6/26/26 23:00,48.16,
Plot Title: 5C2G,2066,6/26/26 23:15,47.802,
Plot Title: 5C2G,2067,6/26/26 23:30,47.624,
Plot Title: 5C2G,2068,6/26/26 23:45,47.446,
Plot Title: 5C2G,2069,6/27/26 00:00,47.446,
Plot Title: 5C2G,2070,6/27/26 00:15,47.802,
Plot Title: 5C2G,2071,6/27/26 00:30,48.16,
Plot Title: 5C2G,2072,6/27/26 00:45,48.339,
Plot Title: 5C2G,2073,6/27/26 01:00,48.339,
Plot Title: 5C2G,2074,6/27/26 01:15,48.339,
Plot Title: 5C2G,2075,6/27/26 01:30,48.339,
Plot Title: 5C2G,2076,6/27/26 01:45,48.339,
Plot Title: 5C2G,2077,6/27/26 02:00,48.16,
Plot Title: 5C2G,2078,6/27/26 02:15,47.982,
Plot Title: 5C2G,2079,6/27/26 02:30,47.802,
Plot Title: 5C2G,2080,6/27/26 02:45,47.624,
Plot Title: 5C2G,2081,6/27/26 03:00,47.266,
Plot Title: 5C2G,2082,6/27/26 03:15,46.548,
Plot Title: 5C2G,2083,6/27/26 03:30,46.188,
Plot Title: 5C2G,2084,6/27/26 03:45,45.648,
Plot Title: 5C2G,2085,6/27/26 04:00,44.56,
Plot Title: 5C2G,2086,6/27/26 04:15,44.195,
Plot Title: 5C2G,2087,6/27/26 04:30,44.379,
Plot Title: 5C2G,2088,6/27/26 04:45,44.742,
Plot Title: 5C2G,2089,6/27/26 05:00,44.922,
Plot Title: 5C2G,2090,6/27/26 05:15,45.104,
Plot Title: 5C2G,2091,6/27/26 05:30,44.922,
Plot Title: 5C2G,2092,6/27/26 05:45,44.56,
Plot Title: 5C2G,2093,6/27/26 06:00,44.56,
Plot Title: 5C2G,2094,6/27/26 06:15,44.742,
Plot Title: 5C2G,2095,6/27/26 06:30,44.742,
Plot Title: 5C2G,2096,6/27/26 06:45,44.922,
Plot Title: 5C2G,2097,6/27/26 07:00,44.922,
Plot Title: 5C2G,2098,6/27/26 07:15,44.742,
Plot Title: 5C2G,2099,6/27/26 07:30,45.104,
Plot Title: 5C2G,2100,6/27/26 07:45,45.828,
Plot Title: 5C2G,2101,6/27/26 08:00,45.828,
Plot Title: 5C2G,2102,6/27/26 08:15,45.648,
Plot Title: 5C2G,2103,6/27/26 08:30,46.008,
Plot Title: 5C2G,2104,6/27/26 08:45,46.369,
Plot Title: 5C2G,2105,6/27/26 09:00,46.728,
Plot Title: 5C2G,2106,6/27/26 09:15,48.16,
Plot Title: 5C2G,2107,6/27/26 09:30,52.225,
Plot Title: 5C2G,2108,6/27/26 09:45,56.75,
Plot Title: 5C2G,2109,6/27/26 10:00,59.508,
Plot Title: 5C2G,2110,6/27/26 10:15,57.958,
Plot Title: 5C2G,2111,6/27/26 10:30,58.647,
Plot Title: 5C2G,2112,6/27/26 10:45,58.993,
Plot Title: 5C2G,2113,6/27/26 11:00,56.923,
Plot Title: 5C2G,2114,6/27/26 11:15,55.884,
Plot Title: 5C2G,2115,6/27/26 11:30,58.303,
Plot Title: 5C2G,2116,6/27/26 11:45,60.539,
Plot Title: 5C2G,2117,6/27/26 12:00,60.024,
Plot Title: 5C2G,2118,6/27/26 12:15,60.368,
Plot Title: 5C2G,2119,6/27/26 12:30,58.131,
Plot Title: 5C2G,2120,6/27/26 12:45,56.404,
Plot Title: 5C2G,2121,6/27/26 13:00,55.364,
Plot Title: 5C2G,2122,6/27/26 13:15,53.274,
Plot Title: 5C2G,2123,6/27/26 13:30,56.577,
Plot Title: 5C2G,2124,6/27/26 13:45,55.884,
Plot Title: 5C2G,2125,6/27/26 14:00,50.995,
Plot Title: 5C2G,2126,6/27/26 14:15,52.225,
Plot Title: 5C2G,2127,6/27/26 14:30,53.274,
Plot Title: 5C2G,2128,6/27/26 14:45,54.842,
Plot Title: 5C2G,2129,6/27/26 15:00,54.322,
Plot Title: 5C2G,2130,6/27/26 15:15,54.322,
Plot Title: 5C2G,2131,6/27/26 15:30,53.973,
Plot Title: 5C2G,2132,6/27/26 15:45,54.322,
Plot Title: 5C2G,2133,6/27/26 16:00,53.274,
Plot Title: 5C2G,2134,6/27/26 16:15,52.576,
Plot Title: 5C2G,2135,6/27/26 16:30,52.401,
Plot Title: 5C2G,2136,6/27/26 16:45,52.225,
Plot Title: 5C2G,2137,6/27/26 17:00,51.699,
Plot Title: 5C2G,2138,6/27/26 17:15,51.172,
Plot Title: 5C2G,2139,6/27/26 17:30,50.643,
Plot Title: 5C2G,2140,6/27/26 17:45,50.466,
Plot Title: 5C2G,2141,6/27/26 18:00,50.466,
Plot Title: 5C2G,2142,6/27/26 18:15,49.937,
Plot Title: 5C2G,2143,6/27/26 18:30,50.995,
Plot Title: 5C2G,2144,6/27/26 18:45,50.643,
Plot Title: 5C2G,2145,6/27/26 19:00,50.113,
Plot Title: 5C2G,2146,6/27/26 19:15,49.228,
Plot Title: 5C2G,2147,6/27/26 19:30,48.517,
Plot Title: 5C2G,2148,6/27/26 19:45,48.339,
Plot Title: 5C2G,2149,6/27/26 20:00,47.802,
Plot Title: 5C2G,2150,6/27/26 20:15,47.446,
Plot Title: 5C2G,2151,6/27/26 20:30,47.088,
Plot Title: 5C2G,2152,6/27/26 20:45,46.728,
Plot Title: 5C2G,2153,6/27/26 21:00,46.548,
Plot Title: 5C2G,2154,6/27/26 21:15,44.56,
Plot Title: 5C2G,2155,6/27/26 21:30,44.195,
Plot Title: 5C2G,2156,6/27/26 21:45,44.013,
Plot Title: 5C2G,2157,6/27/26 22:00,44.013,
Plot Title: 5C2G,2158,6/27/26 22:15,44.013,
Plot Title: 5C2G,2159,6/27/26 22:30,43.648,
Plot Title: 5C2G,2160,6/27/26 22:45,42.732,
Plot Title: 5C2G,2161,6/27/26 23:00,41.625,
Plot Title: 5C2G,2162,6/27/26 23:15,41.625,
Plot Title: 5C2G,2163,6/27/26 23:30,41.81,
Plot Title: 5C2G,2164,6/27/26 23:45,41.625,
Plot Title: 5C2G,2165,6/28/26 00:00,41.439,
Plot Title: 5C2G,2166,6/28/26 00:15,41.067,
Plot Title: 5C2G,2167,6/28/26 00:30,41.067,
Plot Title: 5C2G,2168,6/28/26 00:45,40.881,
Plot Title: 5C2G,2169,6/28/26 01:00,40.881,
Plot Title: 5C2G,2170,6/28/26 01:15,40.881,
Plot Title: 5C2G,2171,6/28/26 01:30,40.509,
Plot Title: 5C2G,2172,6/28/26 01:45,40.321,
Plot Title: 5C2G,2173,6/28/26 02:00,40.321,
Plot Title: 5C2G,2174,6/28/26 02:15,40.321,
Plot Title: 5C2G,2175,6/28/26 02:30,40.134,
Plot Title: 5C2G,2176,6/28/26 02:45,39.947,
Plot Title: 5C2G,2177,6/28/26 03:00,39.76,
Plot Title: 5C2G,2178,6/28/26 03:15,39.573,
Plot Title: 5C2G,2179,6/28/26 03:30,39.384,
Plot Title: 5C2G,2180,6/28/26 03:45,39.384,
Plot Title: 5C2G,2181,6/28/26 04:00,39.384,
Plot Title: 5C2G,2182,6/28/26 04:15,39.384,
Plot Title: 5C2G,2183,6/28/26 04:30,39.384,
Plot Title: 5C2G,2184,6/28/26 04:45,39.573,
Plot Title: 5C2G,2185,6/28/26 05:00,39.76,
Plot Title: 5C2G,2186,6/28/26 05:15,39.573,
Plot Title: 5C2G,2187,6/28/26 05:30,39.007,
Plot Title: 5C2G,2188,6/28/26 05:45,38.629,
Plot Title: 5C2G,2189,6/28/26 06:00,38.818,
Plot Title: 5C2G,2190,6/28/26 06:15,38.818,
Plot Title: 5C2G,2191,6/28/26 06:30,38.818,
Plot Title: 5C2G,2192,6/28/26 06:45,39.196,
Plot Title: 5C2G,2193,6/28/26 07:00,39.573,
Plot Title: 5C2G,2194,6/28/26 07:15,39.76,
Plot Title: 5C2G,2195,6/28/26 07:30,39.76,
Plot Title: 5C2G,2196,6/28/26 07:45,39.196,
Plot Title: 5C2G,2197,6/28/26 08:00,38.44,
Plot Title: 5C2G,2198,6/28/26 08:15,37.679,
Plot Title: 5C2G,2199,6/28/26 08:30,37.297,
Plot Title: 5C2G,2200,6/28/26 08:45,36.723,
Plot Title: 5C2G,2201,6/28/26 09:00,37.488,
Plot Title: 5C2G,2202,6/28/26 09:15,39.007,
Plot Title: 5C2G,2203,6/28/26 09:30,39.196,
Plot Title: 5C2G,2204,6/28/26 09:45,39.196,
Plot Title: 5C2G,2205,6/28/26 10:00,38.629,
Plot Title: 5C2G,2206,6/28/26 10:15,37.107,
Plot Title: 5C2G,2207,6/28/26 10:30,36.338,
Plot Title: 5C2G,2208,6/28/26 10:45,36.145,
Plot Title: 5C2G,2209,6/28/26 11:00,35.951,
Plot Title: 5C2G,2210,6/28/26 11:15,35.951,
Plot Title: 5C2G,2211,6/28/26 11:30,35.951,
Plot Title: 5C2G,2212,6/28/26 11:45,35.951,
Plot Title: 5C2G,2213,6/28/26 12:00,35.951,
Plot Title: 5C2G,2214,6/28/26 12:15,35.951,
Plot Title: 5C2G,2215,6/28/26 12:30,35.951,
Plot Title: 5C2G,2216,6/28/26 12:45,36.145,
Plot Title: 5C2G,2217,6/28/26 13:00,36.145,
Plot Title: 5C2G,2218,6/28/26 13:15,36.531,
Plot Title: 5C2G,2219,6/28/26 13:30,36.531,
Plot Title: 5C2G,2220,6/28/26 13:45,36.723,
Plot Title: 5C2G,2221,6/28/26 14:00,36.914,
Plot Title: 5C2G,2222,6/28/26 14:15,37.107,
Plot Title: 5C2G,2223,6/28/26 14:30,37.87,
Plot Title: 5C2G,2224,6/28/26 14:45,39.007,
Plot Title: 5C2G,2225,6/28/26 15:00,40.881,
Plot Title: 5C2G,2226,6/28/26 15:15,43.099,
Plot Title: 5C2G,2227,6/28/26 15:30,44.56,
Plot Title: 5C2G,2228,6/28/26 15:45,44.922,
Plot Title: 5C2G,2229,6/28/26 16:00,45.104,
Plot Title: 5C2G,2230,6/28/26 16:15,45.648,
Plot Title: 5C2G,2231,6/28/26 16:30,46.008,
Plot Title: 5C2G,2232,6/28/26 16:45,46.369,
Plot Title: 5C2G,2233,6/28/26 17:00,46.548,
Plot Title: 5C2G,2234,6/28/26 17:15,47.266,
Plot Title: 5C2G,2235,6/28/26 17:30,47.266,
Plot Title: 5C2G,2236,6/28/26 17:45,47.266,
Plot Title: 5C2G,2237,6/28/26 18:00,47.088,
Plot Title: 5C2G,2238,6/28/26 18:15,46.369,
Plot Title: 5C2G,2239,6/28/26 18:30,45.648,
Plot Title: 5C2G,2240,6/28/26 18:45,45.104,
Plot Title: 5C2G,2241,6/28/26 19:00,44.379,
Plot Title: 5C2G,2242,6/28/26 19:15,44.195,
Plot Title: 5C2G,2243,6/28/26 19:30,44.195,
Plot Title: 5C2G,2244,6/28/26 19:45,43.648,
Plot Title: 5C2G,2245,6/28/26 20:00,43.466,
Plot Title: 5C2G,2246,6/28/26 20:15,42.915,
Plot Title: 5C2G,2247,6/28/26 20:30,41.994,
Plot Title: 5C2G,2248,6/28/26 20:45,40.881,
Plot Title: 5C2G,2249,6/28/26 21:00,40.134,
Plot Title: 5C2G,2250,6/28/26 21:15,40.134,
Plot Title: 5C2G,2251,6/28/26 21:30,39.76,
Plot Title: 5C2G,2252,6/28/26 21:45,39.384,
Plot Title: 5C2G,2253,6/28/26 22:00,39.384,
Plot Title: 5C2G,2254,6/28/26 22:15,39.007,
Plot Title: 5C2G,2255,6/28/26 22:30,38.818,
Plot Title: 5C2G,2256,6/28/26 22:45,38.818,
Plot Title: 5C2G,2257,6/28/26 23:00,38.629,
Plot Title: 5C2G,2258,6/28/26 23:15,38.629,
Plot Title: 5C2G,2259,6/28/26 23:30,38.629,
Plot Title: 5C2G,2260,6/28/26 23:45,38.44,
Plot Title: 5C2G,2261,6/29/26 00:00,38.44,
Plot Title: 5C2G,2262,6/29/26 00:15,38.44,
Plot Title: 5C2G,2263,6/29/26 00:30,37.87,
Plot Title: 5C2G,2264,6/29/26 00:45,37.297,
Plot Title: 5C2G,2265,6/29/26 01:00,37.488,
Plot Title: 5C2G,2266,6/29/26 01:15,37.679,
Plot Title: 5C2G,2267,6/29/26 01:30,37.488,
Plot Title: 5C2G,2268,6/29/26 01:45,37.488,
Plot Title: 5C2G,2269,6/29/26 02:00,37.488,
Plot Title: 5C2G,2270,6/29/26 02:15,37.488,
Plot Title: 5C2G,2271,6/29/26 02:30,37.488,
Plot Title: 5C2G,2272,6/29/26 02:45,37.488,
Plot Title: 5C2G,2273,6/29/26 03:00,37.107,
Plot Title: 5C2G,2274,6/29/26 03:15,36.338,
Plot Title: 5C2G,2275,6/29/26 03:30,35.758,
Plot Title: 5C2G,2276,6/29/26 03:45,35.37,
Plot Title: 5C2G,2277,6/29/26 04:00,35.37,
Plot Title: 5C2G,2278,6/29/26 04:15,35.175,
Plot Title: 5C2G,2279,6/29/26 04:30,35.175,
Plot Title: 5C2G,2280,6/29/26 04:45,35.37,
Plot Title: 5C2G,2281,6/29/26 05:00,35.37,
Plot Title: 5C2G,2282,6/29/26 05:15,35.37,
Plot Title: 5C2G,2283,6/29/26 05:30,35.37,
Plot Title: 5C2G,2284,6/29/26 05:45,35.37,
Plot Title: 5C2G,2285,6/29/26 06:00,35.37,
Plot Title: 5C2G,2286,6/29/26 06:15,35.37,
Plot Title: 5C2G,2287,6/29/26 06:30,35.37,
Plot Title: 5C2G,2288,6/29/26 06:45,35.37,
Plot Title: 5C2G,2289,6/29/26 07:00,35.37,
Plot Title: 5C2G,2290,6/29/26 07:15,35.37,
Plot Title: 5C2G,2291,6/29/26 07:30,35.37,
Plot Title: 5C2G,2292,6/29/26 07:45,35.37,
Plot Title: 5C2G,2293,6/29/26 08:00,35.175,
Plot Title: 5C2G,2294,6/29/26 08:15,35.175,
Plot Title: 5C2G,2295,6/29/26 08:30,35.175,
Plot Title: 5C2G,2296,6/29/26 08:45,35.175,
Plot Title: 5C2G,2297,6/29/26 09:00,35.175,
Plot Title: 5C2G,2298,6/29/26 09:15,34.981,
Plot Title: 5C2G,2299,6/29/26 09:30,34.981,
Plot Title: 5C2G,2300,6/29/26 09:45,35.175,
Plot Title: 5C2G,2301,6/29/26 10:00,34.981,
Plot Title: 5C2G,2302,6/29/26 10:15,34.981,
Plot Title: 5C2G,2303,6/29/26 10:30,34.981,
Plot Title: 5C2G,2304,6/29/26 10:45,34.981,
Plot Title: 5C2G,2305,6/29/26 11:00,34.981,
Plot Title: 5C2G,2306,6/29/26 11:15,34.981,
Plot Title: 5C2G,2307,6/29/26 11:30,34.981,
Plot Title: 5C2G,2308,6/29/26 11:45,34.981,
Plot Title: 5C2G,2309,6/29/26 12:00,34.981,
Plot Title: 5C2G,2310,6/29/26 12:15,34.981,
Plot Title: 5C2G,2311,6/29/26 12:30,34.981,
Plot Title: 5C2G,2312,6/29/26 12:45,34.981,
Plot Title: 5C2G,2313,6/29/26 13:00,34.981,
Plot Title: 5C2G,2314,6/29/26 13:15,34.981,
Plot Title: 5C2G,2315,6/29/26 13:30,34.981,
Plot Title: 5C2G,2316,6/29/26 13:45,34.981,
Plot Title: 5C2G,2317,6/29/26 14:00,34.981,
Plot Title: 5C2G,2318,6/29/26 14:15,34.981,
Plot Title: 5C2G,2319,6/29/26 14:30,34.981,
Plot Title: 5C2G,2320,6/29/26 14:45,34.981,
Plot Title: 5C2G,2321,6/29/26 15:00,34.981,
Plot Title: 5C2G,2322,6/29/26 15:15,34.981,
Plot Title: 5C2G,2323,6/29/26 15:30,34.981,
Plot Title: 5C2G,2324,6/29/26 15:45,34.981,
Plot Title: 5C2G,2325,6/29/26 16:00,34.981,
Plot Title: 5C2G,2326,6/29/26 16:15,34.981,
Plot Title: 5C2G,2327,6/29/26 16:30,34.981,
Plot Title: 5C2G,2328,6/29/26 16:45,34.981,
Plot Title: 5C2G,2329,6/29/26 17:00,34.786,
Plot Title: 5C2G,2330,6/29/26 17:15,34.786,
Plot Title: 5C2G,2331,6/29/26 17:30,34.59,
Plot Title: 5C2G,2332,6/29/26 17:45,34.59,
Plot Title: 5C2G,2333,6/29/26 18:00,34.59,
Plot Title: 5C2G,2334,6/29/26 18:15,34.59,
Plot Title: 5C2G,2335,6/29/26 18:30,34.59,
Plot Title: 5C2G,2336,6/29/26 18:45,34.59,
Plot Title: 5C2G,2337,6/29/26 19:00,34.59,
Plot Title: 5C2G,2338,6/29/26 19:15,34.59,
Plot Title: 5C2G,2339,6/29/26 19:30,34.59,
Plot Title: 5C2G,2340,6/29/26 19:45,34.59,
Plot Title: 5C2G,2341,6/29/26 20:00,34.394,
Plot Title: 5C2G,2342,6/29/26 20:15,34.394,
Plot Title: 5C2G,2343,6/29/26 20:30,34.394,
Plot Title: 5C2G,2344,6/29/26 20:45,34.394,
Plot Title: 5C2G,2345,6/29/26 21:00,34.394,
Plot Title: 5C2G,2346,6/29/26 21:15,34.394,
Plot Title: 5C2G,2347,6/29/26 21:30,34.394,
Plot Title: 5C2G,2348,6/29/26 21:45,34.394,
Plot Title: 5C2G,2349,6/29/26 22:00,34.394,
Plot Title: 5C2G,2350,6/29/26 22:15,34.394,
Plot Title: 5C2G,2351,6/29/26 22:30,34.394,
Plot Title: 5C2G,2352,6/29/26 22:45,34.394,
Plot Title: 5C2G,2353,6/29/26 23:00,34.394,
Plot Title: 5C2G,2354,6/29/26 23:15,34.394,
Plot Title: 5C2G,2355,6/29/26 23:30,34.394,
Plot Title: 5C2G,2356,6/29/26 23:45,34.394,
Plot Title: 5C2G,2357,6/30/26 00:00,34.394,
Plot Title: 5C2G,2358,6/30/26 00:15,34.394,
Plot Title: 5C2G,2359,6/30/26 00:30,34.394,
Plot Title: 5C2G,2360,6/30/26 00:45,34.59,
Plot Title: 5C2G,2361,6/30/26 01:00,34.59,
Plot Title: 5C2G,2362,6/30/26 01:15,34.59,
Plot Title: 5C2G,2363,6/30/26 01:30,34.59,
Plot Title: 5C2G,2364,6/30/26 01:45,34.59,
Plot Title: 5C2G,2365,6/30/26 02:00,34.59,
Plot Title: 5C2G,2366,6/30/26 02:15,34.59,
Plot Title: 5C2G,2367,6/30/26 02:30,34.59,
Plot Title: 5C2G,2368,6/30/26 02:45,34.59,
Plot Title: 5C2G,2369,6/30/26 03:00,34.394,
Plot Title: 5C2G,2370,6/30/26 03:15,34.394,
Plot Title: 5C2G,2371,6/30/26 03:30,34.394,
Plot Title: 5C2G,2372,6/30/26 03:45,34.394,
Plot Title: 5C2G,2373,6/30/26 04:00,34.394,
Plot Title: 5C2G,2374,6/30/26 04:15,34.394,
Plot Title: 5C2G,2375,6/30/26 04:30,34.394,
Plot Title: 5C2G,2376,6/30/26 04:45,34.394,
Plot Title: 5C2G,2377,6/30/26 05:00,34.394,
Plot Title: 5C2G,2378,6/30/26 05:15,34.394,
Plot Title: 5C2G,2379,6/30/26 05:30,34.394,
Plot Title: 5C2G,2380,6/30/26 05:45,34.394,
Plot Title: 5C2G,2381,6/30/26 06:00,34.394,
Plot Title: 5C2G,2382,6/30/26 06:15,34.394,
Plot Title: 5C2G,2383,6/30/26 06:30,34.394,
Plot Title: 5C2G,2384,6/30/26 06:45,34.394,
Plot Title: 5C2G,2385,6/30/26 07:00,34.394,
Plot Title: 5C2G,2386,6/30/26 07:15,34.394,
Plot Title: 5C2G,2387,6/30/26 07:30,34.394,
Plot Title: 5C2G,2388,6/30/26 07:45,34.394,
Plot Title: 5C2G,2389,6/30/26 08:00,34.394,
Plot Title: 5C2G,2390,6/30/26 08:15,34.59,
Plot Title: 5C2G,2391,6/30/26 08:30,34.59,
Plot Title: 5C2G,2392,6/30/26 08:45,34.59,
Plot Title: 5C2G,2393,6/30/26 09:00,34.394,
Plot Title: 5C2G,2394,6/30/26 09:15,34.394,
Plot Title: 5C2G,2395,6/30/26 09:30,34.394,
Plot Title: 5C2G,2396,6/30/26 09:45,34.198,
Plot Title: 5C2G,2397,6/30/26 10:00,34.198,
Plot Title: 5C2G,2398,6/30/26 10:15,34.198,
Plot Title: 5C2G,2399,6/30/26 10:30,34.198,
Plot Title: 5C2G,2400,6/30/26 10:45,34.198,
Plot Title: 5C2G,2401,6/30/26 11:00,34.198,
Plot Title: 5C2G,2402,6/30/26 11:15,34.002,
Plot Title: 5C2G,2403,6/30/26 11:30,34.002,
Plot Title: 5C2G,2404,6/30/26 11:45,34.002,
Plot Title: 5C2G,2405,6/30/26 12:00,34.002,
Plot Title: 5C2G,2406,6/30/26 12:15,34.394,
Plot Title: 5C2G,2407,6/30/26 12:30,34.394,
Plot Title: 5C2G,2408,6/30/26 12:45,34.981,
Plot Title: 5C2G,2409,6/30/26 13:00,38.818,
Plot Title: 5C2G,2410,6/30/26 13:15,40.509,
Plot Title: 5C2G,2411,6/30/26 13:30,42.732,
Plot Title: 5C2G,2412,6/30/26 13:45,45.648,
Plot Title: 5C2G,2413,6/30/26 14:00,47.446,
Plot Title: 5C2G,2414,6/30/26 14:15,48.339,
Plot Title: 5C2G,2415,6/30/26 14:30,48.339,
Plot Title: 5C2G,2416,6/30/26 14:45,48.339,
Plot Title: 5C2G,2417,6/30/26 15:00,49.05,
Plot Title: 5C2G,2418,6/30/26 15:15,49.228,
Plot Title: 5C2G,2419,6/30/26 15:30,50.29,
Plot Title: 5C2G,2420,6/30/26 15:45,51.874,
Plot Title: 5C2G,2421,6/30/26 16:00,53.449,
Plot Title: 5C2G,2422,6/30/26 16:15,54.842,
Plot Title: 5C2G,2423,6/30/26 16:30,53.973,
Plot Title: 5C2G,2424,6/30/26 16:45,53.798,
Plot Title: 5C2G,2425,6/30/26 17:00,52.75,
Plot Title: 5C2G,2426,6/30/26 17:15,52.925,
Plot Title: 5C2G,2427,6/30/26 17:30,52.576,
Plot Title: 5C2G,2428,6/30/26 17:45,52.401,
Plot Title: 5C2G,2429,6/30/26 18:00,52.576,
Plot Title: 5C2G,2430,6/30/26 18:15,51.699,
Plot Title: 5C2G,2431,6/30/26 18:30,50.643,
Plot Title: 5C2G,2432,6/30/26 18:45,50.643,
Plot Title: 5C2G,2433,6/30/26 19:00,49.759,
Plot Title: 5C2G,2434,6/30/26 19:15,48.871,
Plot Title: 5C2G,2435,6/30/26 19:30,48.339,
Plot Title: 5C2G,2436,6/30/26 19:45,47.624,
Plot Title: 5C2G,2437,6/30/26 20:00,47.088,
Plot Title: 5C2G,2438,6/30/26 20:15,46.008,
Plot Title: 5C2G,2439,6/30/26 20:30,44.922,
Plot Title: 5C2G,2440,6/30/26 20:45,43.831,
Plot Title: 5C2G,2441,6/30/26 21:00,43.099,
Plot Title: 5C2G,2442,6/30/26 21:15,42.179,
Plot Title: 5C2G,2443,6/30/26 21:30,41.439,
Plot Title: 5C2G,2444,6/30/26 21:45,40.881,
Plot Title: 5C2G,2445,6/30/26 22:00,40.321,
Plot Title: 5C2G,2446,6/30/26 22:15,39.76,
Plot Title: 5C2G,2447,6/30/26 22:30,39.384,
Plot Title: 5C2G,2448,6/30/26 22:45,39.007,
Plot Title: 5C2G,2449,6/30/26 23:00,38.629,
Plot Title: 5C2G,2450,6/30/26 23:15,38.44,
Plot Title: 5C2G,2451,6/30/26 23:30,38.061,
Plot Title: 5C2G,2452,6/30/26 23:45,37.679,
Plot Title: 5C2G,2453,7/1/26 00:00,37.488,
Plot Title: 5C2G,2454,7/1/26 00:15,37.297,
Plot Title: 5C2G,2455,7/1/26 00:30,36.914,
Plot Title: 5C2G,2456,7/1/26 00:45,36.723,
Plot Title: 5C2G,2457,7/1/26 01:00,36.723,
Plot Title: 5C2G,2458,7/1/26 01:15,36.531,
Plot Title: 5C2G,2459,7/1/26 01:30,36.338,
Plot Title: 5C2G,2460,7/1/26 01:45,35.951,
Plot Title: 5C2G,2461,7/1/26 02:00,35.758,
Plot Title: 5C2G,2462,7/1/26 02:15,35.564,
Plot Title: 5C2G,2463,7/1/26 02:30,35.564,
Plot Title: 5C2G,2464,7/1/26 02:45,35.564,
Plot Title: 5C2G,2465,7/1/26 03:00,35.564,
Plot Title: 5C2G,2466,7/1/26 03:15,35.564,
Plot Title: 5C2G,2467,7/1/26 03:30,35.37,
Plot Title: 5C2G,2468,7/1/26 03:45,34.981,
Plot Title: 5C2G,2469,7/1/26 04:00,34.786,
Plot Title: 5C2G,2470,7/1/26 04:15,34.59,
Plot Title: 5C2G,2471,7/1/26 04:30,34.394,
Plot Title: 5C2G,2472,7/1/26 04:45,34.394,
Plot Title: 5C2G,2473,7/1/26 05:00,34.198,
Plot Title: 5C2G,2474,7/1/26 05:15,34.002,
Plot Title: 5C2G,2475,7/1/26 05:30,33.805,
Plot Title: 5C2G,2476,7/1/26 05:45,33.805,
Plot Title: 5C2G,2477,7/1/26 06:00,33.805,
Plot Title: 5C2G,2478,7/1/26 06:15,34.002,
Plot Title: 5C2G,2479,7/1/26 06:30,34.198,
Plot Title: 5C2G,2480,7/1/26 06:45,36.914,
Plot Title: 5C2G,2481,7/1/26 07:00,39.947,
Plot Title: 5C2G,2482,7/1/26 07:15,43.282,
Plot Title: 5C2G,2483,7/1/26 07:30,46.369,
Plot Title: 5C2G,2484,7/1/26 07:45,49.05,
Plot Title: 5C2G,2485,7/1/26 08:00,51.172,
Plot Title: 5C2G,2486,7/1/26 08:15,53.623,
Plot Title: 5C2G,2487,7/1/26 08:30,57.096,
Plot Title: 5C2G,2488,7/1/26 08:45,59.68,
Plot Title: 5C2G,2489,7/1/26 09:00,62.083,
Plot Title: 5C2G,2490,7/1/26 09:15,64.31,
Plot Title: 5C2G,2491,7/1/26 09:30,66.708,
Plot Title: 5C2G,2492,7/1/26 09:45,67.05,
Plot Title: 5C2G,2493,7/1/26 10:00,67.221,
Plot Title: 5C2G,2494,7/1/26 10:15,63.626,
Plot Title: 5C2G,2495,7/1/26 10:30,66.708,
Plot Title: 5C2G,2496,7/1/26 10:45,71.856,
Plot Title: 5C2G,2497,7/1/26 11:00,74.619,
Plot Title: 5C2G,2498,7/1/26 11:15,71.512,
Plot Title: 5C2G,2499,7/1/26 11:30,70.48,
Plot Title: 5C2G,2500,7/1/26 11:45,72.199,
Plot Title: 5C2G,2501,7/1/26 12:00,74.271,
Plot Title: 5C2G,2502,7/1/26 12:15,76.876,
Plot Title: 5C2G,2503,7/1/26 12:30,80.206,
Plot Title: 5C2G,2504,7/1/26 12:45,73.753,
Plot Title: 5C2G,2505,7/1/26 13:00,63.455,
Plot Title: 5C2G,2506,7/1/26 13:15,60.883,
Plot Title: 5C2G,2507,7/1/26 13:30,66.708,
Plot Title: 5C2G,2508,7/1/26 13:45,73.407,
Plot Title: 5C2G,2509,7/1/26 14:00,75.484,
Plot Title: 5C2G,2510,7/1/26 14:15,76.876,
Plot Title: 5C2G,2511,7/1/26 14:30,74.964,
Plot Title: 5C2G,2512,7/1/26 14:45,76.006,
Plot Title: 5C2G,2513,7/1/26 15:00,72.372,
Plot Title: 5C2G,2514,7/1/26 15:15,67.392,
Plot Title: 5C2G,2515,7/1/26 15:30,64.996,
Plot Title: 5C2G,2516,7/1/26 15:45,64.139,
Plot Title: 5C2G,2517,7/1/26 16:00,67.906,
Plot Title: 5C2G,2518,7/1/26 16:15,67.906,
Plot Title: 5C2G,2519,7/1/26 16:30,67.906,
Plot Title: 5C2G,2520,7/1/26 16:45,66.537,
Plot Title: 5C2G,2521,7/1/26 17:00,64.825,
Plot Title: 5C2G,2522,7/1/26 17:15,63.797,
Plot Title: 5C2G,2523,7/1/26 17:30,62.94,
Plot Title: 5C2G,2524,7/1/26 17:45,61.227,
Plot Title: 5C2G,2525,7/1/26 18:00,58.82,
Plot Title: 5C2G,2526,7/1/26 18:15,56.057,
Plot Title: 5C2G,2527,7/1/26 18:30,54.842,
Plot Title: 5C2G,2528,7/1/26 18:45,53.449,
Plot Title: 5C2G,2529,7/1/26 19:00,52.925,
Plot Title: 5C2G,2530,7/1/26 19:15,52.75,
Plot Title: 5C2G,2531,7/1/26 19:30,52.05,
Plot Title: 5C2G,2532,7/1/26 19:45,51.346,
Plot Title: 5C2G,2533,7/1/26 20:00,50.995,
Plot Title: 5C2G,2534,7/1/26 20:15,50.643,
Plot Title: 5C2G,2535,7/1/26 20:30,50.29,
Plot Title: 5C2G,2536,7/1/26 20:45,49.937,
Plot Title: 5C2G,2537,7/1/26 21:00,49.05,
Plot Title: 5C2G,2538,7/1/26 21:15,48.339,
Plot Title: 5C2G,2539,7/1/26 21:30,47.982,
Plot Title: 5C2G,2540,7/1/26 21:45,47.624,
Plot Title: 5C2G,2541,7/1/26 22:00,47.624,
Plot Title: 5C2G,2542,7/1/26 22:15,46.908,
Plot Title: 5C2G,2543,7/1/26 22:30,46.188,
Plot Title: 5C2G,2544,7/1/26 22:45,45.828,
Plot Title: 5C2G,2545,7/1/26 23:00,45.648,
Plot Title: 5C2G,2546,7/1/26 23:15,45.466,
Plot Title: 5C2G,2547,7/1/26 23:30,45.286,
Plot Title: 5C2G,2548,7/1/26 23:45,44.742,
Plot Title: 5C2G,2549,7/2/26 00:00,44.013,
Plot Title: 5C2G,2550,7/2/26 00:15,43.831,
Plot Title: 5C2G,2551,7/2/26 00:30,44.013,
Plot Title: 5C2G,2552,7/2/26 00:45,44.195,
Plot Title: 5C2G,2553,7/2/26 01:00,44.195,
Plot Title: 5C2G,2554,7/2/26 01:15,44.195,
Plot Title: 5C2G,2555,7/2/26 01:30,44.195,
Plot Title: 5C2G,2556,7/2/26 01:45,44.195,
Plot Title: 5C2G,2557,7/2/26 02:00,44.013,
Plot Title: 5C2G,2558,7/2/26 02:15,43.466,
Plot Title: 5C2G,2559,7/2/26 02:30,43.099,
Plot Title: 5C2G,2560,7/2/26 02:45,42.363,
Plot Title: 5C2G,2561,7/2/26 03:00,41.81,
Plot Title: 5C2G,2562,7/2/26 03:15,41.254,
Plot Title: 5C2G,2563,7/2/26 03:30,40.881,
Plot Title: 5C2G,2564,7/2/26 03:45,40.509,
Plot Title: 5C2G,2565,7/2/26 04:00,40.134,
Plot Title: 5C2G,2566,7/2/26 04:15,39.947,
Plot Title: 5C2G,2567,7/2/26 04:30,39.573,
Plot Title: 5C2G,2568,7/2/26 04:45,39.384,
Plot Title: 5C2G,2569,7/2/26 05:00,39.007,
Plot Title: 5C2G,2570,7/2/26 05:15,38.818,
Plot Title: 5C2G,2571,7/2/26 05:30,38.629,
Plot Title: 5C2G,2572,7/2/26 05:45,38.44,
Plot Title: 5C2G,2573,7/2/26 06:00,38.44,
Plot Title: 5C2G,2574,7/2/26 06:15,38.44,
Plot Title: 5C2G,2575,7/2/26 06:30,38.629,
Plot Title: 5C2G,2576,7/2/26 06:45,40.696,
Plot Title: 5C2G,2577,7/2/26 07:00,44.013,
Plot Title: 5C2G,2578,7/2/26 07:15,47.266,
Plot Title: 5C2G,2579,7/2/26 07:30,50.29,
Plot Title: 5C2G,2580,7/2/26 07:45,53.274,
Plot Title: 5C2G,2581,7/2/26 08:00,55.884,
Plot Title: 5C2G,2582,7/2/26 08:15,58.476,
Plot Title: 5C2G,2583,7/2/26 08:30,60.024,
Plot Title: 5C2G,2584,7/2/26 08:45,60.539,
Plot Title: 5C2G,2585,7/2/26 09:00,63.282,
Plot Title: 5C2G,2586,7/2/26 09:15,64.825,
Plot Title: 5C2G,2587,7/2/26 09:30,67.735,
Plot Title: 5C2G,2588,7/2/26 09:45,69.107,
Plot Title: 5C2G,2589,7/2/26 10:00,70.995,
Plot Title: 5C2G,2590,7/2/26 10:15,72.199,
Plot Title: 5C2G,2591,7/2/26 10:30,73.926,
Plot Title: 5C2G,2592,7/2/26 10:45,71.512,
Plot Title: 5C2G,2593,7/2/26 11:00,74.964,
Plot Title: 5C2G,2594,7/2/26 11:15,76.006,
Plot Title: 5C2G,2595,7/2/26 11:30,78.274,
Plot Title: 5C2G,2596,7/2/26 11:45,80.029,
Plot Title: 5C2G,2597,7/2/26 12:00,80.559,
Plot Title: 5C2G,2598,7/2/26 12:15,79.326,
Plot Title: 5C2G,2599,7/2/26 12:30,79.326,
Plot Title: 5C2G,2600,7/2/26 12:45,81.442,
Plot Title: 5C2G,2601,7/2/26 13:00,81.975,
Plot Title: 5C2G,2602,7/2/26 13:15,80.382,
Plot Title: 5C2G,2603,7/2/26 13:30,81.266,
Plot Title: 5C2G,2604,7/2/26 13:45,74.271,
Plot Title: 5C2G,2605,7/2/26 14:00,71.683,
Plot Title: 5C2G,2606,7/2/26 14:15,76.354,
Plot Title: 5C2G,2607,7/2/26 14:30,75.484,
Plot Title: 5C2G,2608,7/2/26 14:45,74.619,
Plot Title: 5C2G,2609,7/2/26 15:00,73.407,
Plot Title: 5C2G,2610,7/2/26 15:15,71.512,
Plot Title: 5C2G,2611,7/2/26 15:30,71.339,
Plot Title: 5C2G,2612,7/2/26 15:45,72.199,
Plot Title: 5C2G,2613,7/2/26 16:00,71.856,
Plot Title: 5C2G,2614,7/2/26 16:15,70.651,
Plot Title: 5C2G,2615,7/2/26 16:30,70.48,
Plot Title: 5C2G,2616,7/2/26 16:45,69.964,
Plot Title: 5C2G,2617,7/2/26 17:00,69.107,
Plot Title: 5C2G,2618,7/2/26 17:15,67.221,
Plot Title: 5C2G,2619,7/2/26 17:30,66.193,
Plot Title: 5C2G,2620,7/2/26 17:45,65.509,
Plot Title: 5C2G,2621,7/2/26 18:00,65.167,
Plot Title: 5C2G,2622,7/2/26 18:15,64.139,
Plot Title: 5C2G,2623,7/2/26 18:30,63.968,
Plot Title: 5C2G,2624,7/2/26 18:45,62.769,
Plot Title: 5C2G,2625,7/2/26 19:00,61.912,
Plot Title: 5C2G,2626,7/2/26 19:15,60.883,
Plot Title: 5C2G,2627,7/2/26 19:30,59.68,
Plot Title: 5C2G,2628,7/2/26 19:45,58.993,
Plot Title: 5C2G,2629,7/2/26 20:00,58.303,
Plot Title: 5C2G,2630,7/2/26 20:15,57.785,
Plot Title: 5C2G,2631,7/2/26 20:30,57.268,
Plot Title: 5C2G,2632,7/2/26 20:45,56.23,
Plot Title: 5C2G,2633,7/2/26 21:00,55.364,
Plot Title: 5C2G,2634,7/2/26 21:15,54.147,
Plot Title: 5C2G,2635,7/2/26 21:30,53.274,
Plot Title: 5C2G,2636,7/2/26 21:45,52.576,
Plot Title: 5C2G,2637,7/2/26 22:00,51.874,
Plot Title: 5C2G,2638,7/2/26 22:15,51.172,
Plot Title: 5C2G,2639,7/2/26 22:30,50.643,
Plot Title: 5C2G,2640,7/2/26 22:45,50.113,
Plot Title: 5C2G,2641,7/2/26 23:00,49.582,
Plot Title: 5C2G,2642,7/2/26 23:15,49.05,
Plot Title: 5C2G,2643,7/2/26 23:30,48.695,
Plot Title: 5C2G,2644,7/2/26 23:45,48.517,
Plot Title: 5C2G,2645,7/3/26 00:00,48.695,
Plot Title: 5C2G,2646,7/3/26 00:15,48.339,
Plot Title: 5C2G,2647,7/3/26 00:30,47.802,
Plot Title: 5C2G,2648,7/3/26 00:45,47.266,
Plot Title: 5C2G,2649,7/3/26 01:00,46.908,
Plot Title: 5C2G,2650,7/3/26 01:15,46.548,
Plot Title: 5C2G,2651,7/3/26 01:30,46.188,
Plot Title: 5C2G,2652,7/3/26 01:45,45.828,
Plot Title: 5C2G,2653,7/3/26 02:00,45.648,
Plot Title: 5C2G,2654,7/3/26 02:15,45.286,
Plot Title: 5C2G,2655,7/3/26 02:30,44.922,
Plot Title: 5C2G,2656,7/3/26 02:45,44.742,
Plot Title: 5C2G,2657,7/3/26 03:00,44.379,
Plot Title: 5C2G,2658,7/3/26 03:15,44.195,
Plot Title: 5C2G,2659,7/3/26 03:30,43.831,
Plot Title: 5C2G,2660,7/3/26 03:45,43.648,
Plot Title: 5C2G,2661,7/3/26 04:00,43.466,
Plot Title: 5C2G,2662,7/3/26 04:15,43.099,
Plot Title: 5C2G,2663,7/3/26 04:30,42.915,
Plot Title: 5C2G,2664,7/3/26 04:45,42.548,
Plot Title: 5C2G,2665,7/3/26 05:00,42.548,
Plot Title: 5C2G,2666,7/3/26 05:15,42.363,
Plot Title: 5C2G,2667,7/3/26 05:30,42.179,
Plot Title: 5C2G,2668,7/3/26 05:45,41.994,
Plot Title: 5C2G,2669,7/3/26 06:00,41.81,
Plot Title: 5C2G,2670,7/3/26 06:15,41.81,
Plot Title: 5C2G,2671,7/3/26 06:30,41.81,
Plot Title: 5C2G,2672,7/3/26 06:45,43.099,
Plot Title: 5C2G,2673,7/3/26 07:00,45.466,
Plot Title: 5C2G,2674,7/3/26 07:15,47.624,
Plot Title: 5C2G,2675,7/3/26 07:30,50.466,
Plot Title: 5C2G,2676,7/3/26 07:45,52.05,
Plot Title: 5C2G,2677,7/3/26 08:00,53.449,
Plot Title: 5C2G,2678,7/3/26 08:15,56.057,
Plot Title: 5C2G,2679,7/3/26 08:30,58.131,
Plot Title: 5C2G,2680,7/3/26 08:45,61.227,
Plot Title: 5C2G,2681,7/3/26 09:00,63.626,
Plot Title: 5C2G,2682,7/3/26 09:15,65.851,
Plot Title: 5C2G,2683,7/3/26 09:30,68.077,
Plot Title: 5C2G,2684,7/3/26 09:45,70.308,
Plot Title: 5C2G,2685,7/3/26 10:00,71.512,
Plot Title: 5C2G,2686,7/3/26 10:15,73.234,
Plot Title: 5C2G,2687,7/3/26 10:30,73.926,
Plot Title: 5C2G,2688,7/3/26 10:45,74.098,
Plot Title: 5C2G,2689,7/3/26 11:00,73.926,
Plot Title: 5C2G,2690,7/3/26 11:15,70.995,
Plot Title: 5C2G,2691,7/3/26 11:30,70.137,
Plot Title: 5C2G,2692,7/3/26 11:45,69.793,
Plot Title: 5C2G,2693,7/3/26 12:00,70.995,
Plot Title: 5C2G,2694,7/3/26 12:15,74.791,
Plot Title: 5C2G,2695,7/3/26 12:30,75.659,
Plot Title: 5C2G,2696,7/3/26 12:45,74.964,
Plot Title: 5C2G,2697,7/3/26 13:00,75.139,
Plot Title: 5C2G,2698,7/3/26 13:15,76.354,
Plot Title: 5C2G,2699,7/3/26 13:30,79.326,
Plot Title: 5C2G,2700,7/3/26 13:45,79.678,
Plot Title: 5C2G,2701,7/3/26 14:00,79.502,
Plot Title: 5C2G,2702,7/3/26 14:15,82.152,
Plot Title: 5C2G,2703,7/3/26 14:30,81.266,
Plot Title: 5C2G,2704,7/3/26 14:45,79.502,
Plot Title: 5C2G,2705,7/3/26 15:00,78.449,
Plot Title: 5C2G,2706,7/3/26 15:15,78.624,
Plot Title: 5C2G,2707,7/3/26 15:30,80.206,
Plot Title: 5C2G,2708,7/3/26 15:45,80.206,
Plot Title: 5C2G,2709,7/3/26 16:00,78.8,
Plot Title: 5C2G,2710,7/3/26 16:15,77.923,
Plot Title: 5C2G,2711,7/3/26 16:30,76.703,
Plot Title: 5C2G,2712,7/3/26 16:45,74.964,
Plot Title: 5C2G,2713,7/3/26 17:00,73.234,
Plot Title: 5C2G,2714,7/3/26 17:15,71.512,
Plot Title: 5C2G,2715,7/3/26 17:30,69.793,
Plot Title: 5C2G,2716,7/3/26 17:45,68.248,
Plot Title: 5C2G,2717,7/3/26 18:00,67.05,
Plot Title: 5C2G,2718,7/3/26 18:15,66.022,
Plot Title: 5C2G,2719,7/3/26 18:30,64.996,
Plot Title: 5C2G,2720,7/3/26 18:45,63.968,
Plot Title: 5C2G,2721,7/3/26 19:00,63.111,
Plot Title: 5C2G,2722,7/3/26 19:15,62.254,
Plot Title: 5C2G,2723,7/3/26 19:30,61.227,
Plot Title: 5C2G,2724,7/3/26 19:45,60.712,
Plot Title: 5C2G,2725,7/3/26 20:00,60.712,
Plot Title: 5C2G,2726,7/3/26 20:15,60.368,
Plot Title: 5C2G,2727,7/3/26 20:30,59.68,
Plot Title: 5C2G,2728,7/3/26 20:45,58.993,
Plot Title: 5C2G,2729,7/3/26 21:00,58.303,
Plot Title: 5C2G,2730,7/3/26 21:15,57.614,
Plot Title: 5C2G,2731,7/3/26 21:30,56.75,
Plot Title: 5C2G,2732,7/3/26 21:45,56.057,
Plot Title: 5C2G,2733,7/3/26 22:00,55.189,
Plot Title: 5C2G,2734,7/3/26 22:15,54.147,
Plot Title: 5C2G,2735,7/3/26 22:30,53.449,
Plot Title: 5C2G,2736,7/3/26 22:45,52.925,
Plot Title: 5C2G,2737,7/3/26 23:00,52.401,
Plot Title: 5C2G,2738,7/3/26 23:15,51.874,
Plot Title: 5C2G,2739,7/3/26 23:30,51.346,
Plot Title: 5C2G,2740,7/3/26 23:45,50.819,
Plot Title: 5C2G,2741,7/4/26 00:00,50.29,
Plot Title: 5C2G,2742,7/4/26 00:15,49.759,
Plot Title: 5C2G,2743,7/4/26 00:30,49.228,
Plot Title: 5C2G,2744,7/4/26 00:45,48.871,
Plot Title: 5C2G,2745,7/4/26 01:00,48.517,
Plot Title: 5C2G,2746,7/4/26 01:15,48.16,
Plot Title: 5C2G,2747,7/4/26 01:30,47.802,
Plot Title: 5C2G,2748,7/4/26 01:45,47.446,
Plot Title: 5C2G,2749,7/4/26 02:00,47.266,
Plot Title: 5C2G,2750,7/4/26 02:15,46.908,
Plot Title: 5C2G,2751,7/4/26 02:30,46.728,
Plot Title: 5C2G,2752,7/4/26 02:45,46.369,
Plot Title: 5C2G,2753,7/4/26 03:00,46.008,
Plot Title: 5C2G,2754,7/4/26 03:15,45.828,
Plot Title: 5C2G,2755,7/4/26 03:30,45.648,
Plot Title: 5C2G,2756,7/4/26 03:45,45.286,
Plot Title: 5C2G,2757,7/4/26 04:00,45.104,
Plot Title: 5C2G,2758,7/4/26 04:15,44.922,
Plot Title: 5C2G,2759,7/4/26 04:30,44.742,
Plot Title: 5C2G,2760,7/4/26 04:45,44.379,
Plot Title: 5C2G,2761,7/4/26 05:00,44.195,
Plot Title: 5C2G,2762,7/4/26 05:15,43.831,
Plot Title: 5C2G,2763,7/4/26 05:30,43.648,
Plot Title: 5C2G,2764,7/4/26 05:45,43.282,
Plot Title: 5C2G,2765,7/4/26 06:00,43.282,
Plot Title: 5C2G,2766,7/4/26 06:15,43.282,
Plot Title: 5C2G,2767,7/4/26 06:30,43.282,
Plot Title: 5C2G,2768,7/4/26 06:45,44.742,
Plot Title: 5C2G,2769,7/4/26 07:00,47.266,
Plot Title: 5C2G,2770,7/4/26 07:15,49.937,
Plot Title: 5C2G,2771,7/4/26 07:30,52.576,
Plot Title: 5C2G,2772,7/4/26 07:45,55.189,
Plot Title: 5C2G,2773,7/4/26 08:00,57.614,
Plot Title: 5C2G,2774,7/4/26 08:15,60.368,
Plot Title: 5C2G,2775,7/4/26 08:30,62.94,
Plot Title: 5C2G,2776,7/4/26 08:45,65.167,
Plot Title: 5C2G,2777,7/4/26 09:00,67.564,
Plot Title: 5C2G,2778,7/4/26 09:15,69.793,
Plot Title: 5C2G,2779,7/4/26 09:30,72.028,
Plot Title: 5C2G,2780,7/4/26 09:45,74.098,
Plot Title: 5C2G,2781,7/4/26 10:00,76.181,
Plot Title: 5C2G,2782,7/4/26 10:15,77.749,
Plot Title: 5C2G,2783,7/4/26 10:30,79.326,
Plot Title: 5C2G,2784,7/4/26 10:45,80.735,
Plot Title: 5C2G,2785,7/4/26 11:00,82.508,
Plot Title: 5C2G,2786,7/4/26 11:15,84.115,
Plot Title: 5C2G,2787,7/4/26 11:30,85.194,
Plot Title: 5C2G,2788,7/4/26 11:45,86.641,
Plot Title: 5C2G,2789,7/4/26 12:00,87.733,
Plot Title: 5C2G,2790,7/4/26 12:15,88.65,
Plot Title: 5C2G,2791,7/4/26 12:30,89.755,
Plot Title: 5C2G,2792,7/4/26 12:45,90.309,
Plot Title: 5C2G,2793,7/4/26 13:00,90.495,
Plot Title: 5C2G,2794,7/4/26 13:15,91.24,
Plot Title: 5C2G,2795,7/4/26 13:30,91.612,
Plot Title: 5C2G,2796,7/4/26 13:45,91.8,
Plot Title: 5C2G,2797,7/4/26 14:00,92.363,
Plot Title: 5C2G,2798,7/4/26 14:15,92.363,
Plot Title: 5C2G,2799,7/4/26 14:30,92.363,
Plot Title: 5C2G,2800,7/4/26 14:45,91.987,
Plot Title: 5C2G,2801,7/4/26 15:00,91.612,
Plot Title: 5C2G,2802,7/4/26 15:15,91.053,
Plot Title: 5C2G,2803,7/4/26 15:30,90.124,
Plot Title: 5C2G,2804,7/4/26 15:45,89.384,
Plot Title: 5C2G,2805,7/4/26 16:00,88.282,
Plot Title: 5C2G,2806,7/4/26 16:15,86.823,
Plot Title: 5C2G,2807,7/4/26 16:30,84.654,
Plot Title: 5C2G,2808,7/4/26 16:45,83.043,
Plot Title: 5C2G,2809,7/4/26 17:00,81.09,
Plot Title: 5C2G,2810,7/4/26 17:15,78.624,
Plot Title: 5C2G,2811,7/4/26 17:30,76.354,
Plot Title: 5C2G,2812,7/4/26 17:45,74.271,
Plot Title: 5C2G,2813,7/4/26 18:00,72.891,
Plot Title: 5C2G,2814,7/4/26 18:15,71.512,
Plot Title: 5C2G,2815,7/4/26 18:30,70.137,
Plot Title: 5C2G,2816,7/4/26 18:45,68.934,
Plot Title: 5C2G,2817,7/4/26 19:00,67.906,
Plot Title: 5C2G,2818,7/4/26 19:15,67.05,
Plot Title: 5C2G,2819,7/4/26 19:30,66.193,
Plot Title: 5C2G,2820,7/4/26 19:45,65.338,
Plot Title: 5C2G,2821,7/4/26 20:00,64.481,
Plot Title: 5C2G,2822,7/4/26 20:15,63.797,
Plot Title: 5C2G,2823,7/4/26 20:30,62.94,
Plot Title: 5C2G,2824,7/4/26 20:45,62.254,
Plot Title: 5C2G,2825,7/4/26 21:00,61.569,
Plot Title: 5C2G,2826,7/4/26 21:15,60.883,
Plot Title: 5C2G,2827,7/4/26 21:30,60.024,
Plot Title: 5C2G,2828,7/4/26 21:45,59.337,
Plot Title: 5C2G,2829,7/4/26 22:00,58.82,
Plot Title: 5C2G,2830,7/4/26 22:15,58.303,
Plot Title: 5C2G,2831,7/4/26 22:30,57.785,
Plot Title: 5C2G,2832,7/4/26 22:45,57.441,
Plot Title: 5C2G,2833,7/4/26 23:00,56.923,
Plot Title: 5C2G,2834,7/4/26 23:15,56.577,
Plot Title: 5C2G,2835,7/4/26 23:30,56.057,
Plot Title: 5C2G,2836,7/4/26 23:45,55.537,
Plot Title: 5C2G,2837,7/5/26 00:00,55.017,
Plot Title: 5C2G,2838,7/5/26 00:15,54.495,
Plot Title: 5C2G,2839,7/5/26 00:30,54.147,
Plot Title: 5C2G,2840,7/5/26 00:45,53.798,
Plot Title: 5C2G,2841,7/5/26 01:00,53.449,
Plot Title: 5C2G,2842,7/5/26 01:15,53.1,
Plot Title: 5C2G,2843,7/5/26 01:30,52.75,
Plot Title: 5C2G,2844,7/5/26 01:45,52.576,
Plot Title: 5C2G,2845,7/5/26 02:00,52.225,
Plot Title: 5C2G,2846,7/5/26 02:15,52.05,
Plot Title: 5C2G,2847,7/5/26 02:30,51.699,
Plot Title: 5C2G,2848,7/5/26 02:45,51.523,
Plot Title: 5C2G,2849,7/5/26 03:00,51.346,
Plot Title: 5C2G,2850,7/5/26 03:15,51.172,
Plot Title: 5C2G,2851,7/5/26 03:30,50.819,
Plot Title: 5C2G,2852,7/5/26 03:45,50.643,
Plot Title: 5C2G,2853,7/5/26 04:00,50.29,
Plot Title: 5C2G,2854,7/5/26 04:15,49.937,
Plot Title: 5C2G,2855,7/5/26 04:30,49.759,
Plot Title: 5C2G,2856,7/5/26 04:45,49.582,
Plot Title: 5C2G,2857,7/5/26 05:00,49.05,
Plot Title: 5C2G,2858,7/5/26 05:15,48.695,
Plot Title: 5C2G,2859,7/5/26 05:30,48.339,
Plot Title: 5C2G,2860,7/5/26 05:45,48.16,
Plot Title: 5C2G,2861,7/5/26 06:00,47.982,
Plot Title: 5C2G,2862,7/5/26 06:15,47.982,
Plot Title: 5C2G,2863,7/5/26 06:30,47.982,
Plot Title: 5C2G,2864,7/5/26 06:45,49.05,
Plot Title: 5C2G,2865,7/5/26 07:00,51.523,
Plot Title: 5C2G,2866,7/5/26 07:15,53.973,
Plot Title: 5C2G,2867,7/5/26 07:30,56.577,
Plot Title: 5C2G,2868,7/5/26 07:45,58.993,
Plot Title: 5C2G,2869,7/5/26 08:00,61.569,
Plot Title: 5C2G,2870,7/5/26 08:15,63.968,
Plot Title: 5C2G,2871,7/5/26 08:30,66.537,
Plot Title: 5C2G,2872,7/5/26 08:45,68.934,
Plot Title: 5C2G,2873,7/5/26 09:00,71.168,
Plot Title: 5C2G,2874,7/5/26 09:15,73.234,
Plot Title: 5C2G,2875,7/5/26 09:30,75.484,
Plot Title: 5C2G,2876,7/5/26 09:45,77.574,
Plot Title: 5C2G,2877,7/5/26 10:00,79.502,
Plot Title: 5C2G,2878,7/5/26 10:15,81.266,
Plot Title: 5C2G,2879,7/5/26 10:30,83.221,
Plot Title: 5C2G,2880,7/5/26 10:45,84.834,
Plot Title: 5C2G,2881,7/5/26 11:00,86.459,
Plot Title: 5C2G,2882,7/5/26 11:15,87.733,
Plot Title: 5C2G,2883,7/5/26 11:30,89.2,
Plot Title: 5C2G,2884,7/5/26 11:45,90.495,
Plot Title: 5C2G,2885,7/5/26 12:00,91.8,
Plot Title: 5C2G,2886,7/5/26 12:15,93.115,
Plot Title: 5C2G,2887,7/5/26 12:30,94.062,
Plot Title: 5C2G,2888,7/5/26 12:45,95.016,
Plot Title: 5C2G,2889,7/5/26 13:00,95.59,
Plot Title: 5C2G,2890,7/5/26 13:15,96.168,
Plot Title: 5C2G,2891,7/5/26 13:30,96.748,
Plot Title: 5C2G,2892,7/5/26 13:45,94.444,
Plot Title: 5C2G,2893,7/5/26 14:00,90.124,
Plot Title: 5C2G,2894,7/5/26 14:15,87.186,
Plot Title: 5C2G,2895,7/5/26 14:30,83.399,
Plot Title: 5C2G,2896,7/5/26 14:45,79.678,
Plot Title: 5C2G,2897,7/5/26 15:00,75.484,
Plot Title: 5C2G,2898,7/5/26 15:15,72.372,
Plot Title: 5C2G,2899,7/5/26 15:30,69.793,
Plot Title: 5C2G,2900,7/5/26 15:45,68.248,
Plot Title: 5C2G,2901,7/5/26 16:00,67.05,
Plot Title: 5C2G,2902,7/5/26 16:15,65.509,
Plot Title: 5C2G,2903,7/5/26 16:30,65.338,
Plot Title: 5C2G,2904,7/5/26 16:45,64.996,
Plot Title: 5C2G,2905,7/5/26 17:00,64.139,
Plot Title: 5C2G,2906,7/5/26 17:15,63.282,
Plot Title: 5C2G,2907,7/5/26 17:30,63.455,
Plot Title: 5C2G,2908,7/5/26 17:45,64.31,
Plot Title: 5C2G,2909,7/5/26 18:00,65.167,
Plot Title: 5C2G,2910,7/5/26 18:15,64.996,
Plot Title: 5C2G,2911,7/5/26 18:30,64.652,
Plot Title: 5C2G,2912,7/5/26 18:45,63.797,
Plot Title: 5C2G,2913,7/5/26 19:00,62.598,
Plot Title: 5C2G,2914,7/5/26 19:15,61.569,
Plot Title: 5C2G,2915,7/5/26 19:30,60.539,
Plot Title: 5C2G,2916,7/5/26 19:45,60.024,
Plot Title: 5C2G,2917,7/5/26 20:00,59.508,
Plot Title: 5C2G,2918,7/5/26 20:15,59.164,
Plot Title: 5C2G,2919,7/5/26 20:30,58.647,
Plot Title: 5C2G,2920,7/5/26 20:45,57.614,
Plot Title: 5C2G,2921,7/5/26 21:00,57.096,
Plot Title: 5C2G,2922,7/5/26 21:15,56.75,
Plot Title: 5C2G,2923,7/5/26 21:30,56.577,
Plot Title: 5C2G,2924,7/5/26 21:45,56.404,
Plot Title: 5C2G,2925,7/5/26 22:00,56.23,
Plot Title: 5C2G,2926,7/5/26 22:15,55.711,
Plot Title: 5C2G,2927,7/5/26 22:30,55.537,
Plot Title: 5C2G,2928,7/5/26 22:45,54.669,
Plot Title: 5C2G,2929,7/5/26 23:00,54.147,
Plot Title: 5C2G,2930,7/5/26 23:15,53.623,
Plot Title: 5C2G,2931,7/5/26 23:30,53.1,
Plot Title: 5C2G,2932,7/5/26 23:45,52.925,
Plot Title: 5C2G,2933,7/6/26 00:00,52.576,
Plot Title: 5C2G,2934,7/6/26 00:15,52.225,
Plot Title: 5C2G,2935,7/6/26 00:30,51.699,
Plot Title: 5C2G,2936,7/6/26 00:45,51.346,
Plot Title: 5C2G,2937,7/6/26 01:00,51.172,
Plot Title: 5C2G,2938,7/6/26 01:15,50.995,
Plot Title: 5C2G,2939,7/6/26 01:30,50.819,
Plot Title: 5C2G,2940,7/6/26 01:45,50.466,
Plot Title: 5C2G,2941,7/6/26 02:00,50.29,
Plot Title: 5C2G,2942,7/6/26 02:15,49.937,
Plot Title: 5C2G,2943,7/6/26 02:30,49.937,
Plot Title: 5C2G,2944,7/6/26 02:45,50.113,
Plot Title: 5C2G,2945,7/6/26 03:00,49.759,
Plot Title: 5C2G,2946,7/6/26 03:15,49.404,
Plot Title: 5C2G,2947,7/6/26 03:30,48.871,
Plot Title: 5C2G,2948,7/6/26 03:45,48.517,
Plot Title: 5C2G,2949,7/6/26 04:00,47.982,
Plot Title: 5C2G,2950,7/6/26 04:15,47.624,
Plot Title: 5C2G,2951,7/6/26 04:30,47.446,
Plot Title: 5C2G,2952,7/6/26 04:45,47.266,
Plot Title: 5C2G,2953,7/6/26 05:00,47.088,
Plot Title: 5C2G,2954,7/6/26 05:15,46.908,
Plot Title: 5C2G,2955,7/6/26 05:30,46.728,
Plot Title: 5C2G,2956,7/6/26 05:45,46.548,
Plot Title: 5C2G,2957,7/6/26 06:00,46.728,
Plot Title: 5C2G,2958,7/6/26 06:15,47.088,
Plot Title: 5C2G,2959,7/6/26 06:30,47.624,
Plot Title: 5C2G,2960,7/6/26 06:45,48.517,
Plot Title: 5C2G,2961,7/6/26 07:00,49.404,
Plot Title: 5C2G,2962,7/6/26 07:15,50.995,
Plot Title: 5C2G,2963,7/6/26 07:30,52.05,
Plot Title: 5C2G,2964,7/6/26 07:45,52.225,
Plot Title: 5C2G,2965,7/6/26 08:00,53.1,
Plot Title: 5C2G,2966,7/6/26 08:15,53.449,
Plot Title: 5C2G,2967,7/6/26 08:30,54.669,
Plot Title: 5C2G,2968,7/6/26 08:45,55.364,
Plot Title: 5C2G,2969,7/6/26 09:00,56.23,
Plot Title: 5C2G,2970,7/6/26 09:15,57.958,
Plot Title: 5C2G,2971,7/6/26 09:30,58.647,
Plot Title: 5C2G,2972,7/6/26 09:45,58.476,
Plot Title: 5C2G,2973,7/6/26 10:00,58.303,
Plot Title: 5C2G,2974,7/6/26 10:15,59.164,
Plot Title: 5C2G,2975,7/6/26 10:30,59.337,
Plot Title: 5C2G,2976,7/6/26 10:45,60.195,
Plot Title: 5C2G,2977,7/6/26 11:00,62.769,
Plot Title: 5C2G,2978,7/6/26 11:15,63.282,
Plot Title: 5C2G,2979,7/6/26 11:30,63.626,
Plot Title: 5C2G,2980,7/6/26 11:45,67.564,
Plot Title: 5C2G,2981,7/6/26 12:00,69.964,
Plot Title: 5C2G,2982,7/6/26 12:15,70.651,
Plot Title: 5C2G,2983,7/6/26 12:30,68.934,
Plot Title: 5C2G,2984,7/6/26 12:45,67.906,
Plot Title: 5C2G,2985,7/6/26 13:00,65.338,
Plot Title: 5C2G,2986,7/6/26 13:15,64.139,
Plot Title: 5C2G,2987,7/6/26 13:30,65.851,
Plot Title: 5C2G,2988,7/6/26 13:45,67.564,
Plot Title: 5C2G,2989,7/6/26 14:00,70.651,
Plot Title: 5C2G,2990,7/6/26 14:15,75.484,
Plot Title: 5C2G,2991,7/6/26 14:30,76.876,
Plot Title: 5C2G,2992,7/6/26 14:45,75.312,
Plot Title: 5C2G,2993,7/6/26 15:00,75.484,
Plot Title: 5C2G,2994,7/6/26 15:15,76.181,
Plot Title: 5C2G,2995,7/6/26 15:30,76.528,
Plot Title: 5C2G,2996,7/6/26 15:45,77.4,
Plot Title: 5C2G,2997,7/6/26 16:00,77.4,
Plot Title: 5C2G,2998,7/6/26 16:15,77.749,
Plot Title: 5C2G,2999,7/6/26 16:30,76.528,
Plot Title: 5C2G,3000,7/6/26 16:45,73.926,
Plot Title: 5C2G,3001,7/6/26 17:00,73.407,
Plot Title: 5C2G,3002,7/6/26 17:15,72.718,
Plot Title: 5C2G,3003,7/6/26 17:30,71.168,
Plot Title: 5C2G,3004,7/6/26 17:45,70.308,
Plot Title: 5C2G,3005,7/6/26 18:00,69.964,
Plot Title: 5C2G,3006,7/6/26 18:15,68.077,
Plot Title: 5C2G,3007,7/6/26 18:30,66.193,
Plot Title: 5C2G,3008,7/6/26 18:45,64.481,
Plot Title: 5C2G,3009,7/6/26 19:00,63.111,
Plot Title: 5C2G,3010,7/6/26 19:15,63.111,
Plot Title: 5C2G,3011,7/6/26 19:30,62.598,
Plot Title: 5C2G,3012,7/6/26 19:45,61.398,
Plot Title: 5C2G,3013,7/6/26 20:00,60.024,
Plot Title: 5C2G,3014,7/6/26 20:15,58.647,
Plot Title: 5C2G,3015,7/6/26 20:30,57.614,
Plot Title: 5C2G,3016,7/6/26 20:45,56.923,
Plot Title: 5C2G,3017,7/6/26 21:00,56.057,
Plot Title: 5C2G,3018,7/6/26 21:15,55.364,
Plot Title: 5C2G,3019,7/6/26 21:30,54.842,
Plot Title: 5C2G,3020,7/6/26 21:45,54.322,
Plot Title: 5C2G,3021,7/6/26 22:00,53.973,
Plot Title: 5C2G,3022,7/6/26 22:15,53.449,
Plot Title: 5C2G,3023,7/6/26 22:30,53.1,
Plot Title: 5C2G,3024,7/6/26 22:45,53.449,
Plot Title: 5C2G,3025,7/6/26 23:00,53.798,
Plot Title: 5C2G,3026,7/6/26 23:15,53.623,
Plot Title: 5C2G,3027,7/6/26 23:30,53.623,
Plot Title: 5C2G,3028,7/6/26 23:45,53.623,
Plot Title: 5C2G,3029,7/7/26 00:00,53.798,
Plot Title: 5C2G,3030,7/7/26 00:15,53.798,
Plot Title: 5C2G,3031,7/7/26 00:30,53.623,
Plot Title: 5C2G,3032,7/7/26 00:45,53.274,
Plot Title: 5C2G,3033,7/7/26 01:00,52.75,
Plot Title: 5C2G,3034,7/7/26 01:15,52.05,
Plot Title: 5C2G,3035,7/7/26 01:30,51.699,
Plot Title: 5C2G,3036,7/7/26 01:45,51.172,
Plot Title: 5C2G,3037,7/7/26 02:00,50.819,
Plot Title: 5C2G,3038,7/7/26 02:15,50.29,
Plot Title: 5C2G,3039,7/7/26 02:30,49.937,
Plot Title: 5C2G,3040,7/7/26 02:45,49.582,
Plot Title: 5C2G,3041,7/7/26 03:00,49.404,
Plot Title: 5C2G,3042,7/7/26 03:15,49.228,
Plot Title: 5C2G,3043,7/7/26 03:30,49.05,
Plot Title: 5C2G,3044,7/7/26 03:45,48.695,
Plot Title: 5C2G,3045,7/7/26 04:00,48.339,
Plot Title: 5C2G,3046,7/7/26 04:15,48.16,
Plot Title: 5C2G,3047,7/7/26 04:30,47.982,
Plot Title: 5C2G,3048,7/7/26 04:45,47.446,
Plot Title: 5C2G,3049,7/7/26 05:00,47.266,
Plot Title: 5C2G,3050,7/7/26 05:15,46.908,
Plot Title: 5C2G,3051,7/7/26 05:30,46.908,
Plot Title: 5C2G,3052,7/7/26 05:45,46.728,
Plot Title: 5C2G,3053,7/7/26 06:00,46.548,
Plot Title: 5C2G,3054,7/7/26 06:15,46.369,
Plot Title: 5C2G,3055,7/7/26 06:30,46.548,
Plot Title: 5C2G,3056,7/7/26 06:45,47.266,
Plot Title: 5C2G,3057,7/7/26 07:00,49.582,
Plot Title: 5C2G,3058,7/7/26 07:15,51.874,
Plot Title: 5C2G,3059,7/7/26 07:30,53.798,
Plot Title: 5C2G,3060,7/7/26 07:45,56.75,
Plot Title: 5C2G,3061,7/7/26 08:00,59.68,
Plot Title: 5C2G,3062,7/7/26 08:15,62.425,
Plot Title: 5C2G,3063,7/7/26 08:30,64.996,
Plot Title: 5C2G,3064,7/7/26 08:45,67.392,
Plot Title: 5C2G,3065,7/7/26 09:00,69.793,
Plot Title: 5C2G,3066,7/7/26 09:15,71.856,
Plot Title: 5C2G,3067,7/7/26 09:30,72.718,
Plot Title: 5C2G,3068,7/7/26 09:45,71.683,
Plot Title: 5C2G,3069,7/7/26 10:00,72.372,
Plot Title: 5C2G,3070,7/7/26 10:15,73.58,
Plot Title: 5C2G,3071,7/7/26 10:30,76.703,
Plot Title: 5C2G,3072,7/7/26 10:45,77.923,
Plot Title: 5C2G,3073,7/7/26 11:00,76.876,
Plot Title: 5C2G,3074,7/7/26 11:15,78.975,
Plot Title: 5C2G,3075,7/7/26 11:30,81.09,
Plot Title: 5C2G,3076,7/7/26 11:45,82.864,
Plot Title: 5C2G,3077,7/7/26 12:00,85.554,
Plot Title: 5C2G,3078,7/7/26 12:15,87.368,
Plot Title: 5C2G,3079,7/7/26 12:30,89.017,
Plot Title: 5C2G,3080,7/7/26 12:45,90.495,
Plot Title: 5C2G,3081,7/7/26 13:00,91.987,
Plot Title: 5C2G,3082,7/7/26 13:15,93.493,
Plot Title: 5C2G,3083,7/7/26 13:30,95.016,
Plot Title: 5C2G,3084,7/7/26 13:45,95.783,
Plot Title: 5C2G,3085,7/7/26 14:00,96.555,
Plot Title: 5C2G,3086,7/7/26 14:15,96.361,
Plot Title: 5C2G,3087,7/7/26 14:30,95.783,
Plot Title: 5C2G,3088,7/7/26 14:45,95.59,
Plot Title: 5C2G,3089,7/7/26 15:00,95.783,
Plot Title: 5C2G,3090,7/7/26 15:15,94.444,
Plot Title: 5C2G,3091,7/7/26 15:30,94.062,
Plot Title: 5C2G,3092,7/7/26 15:45,91.425,
Plot Title: 5C2G,3093,7/7/26 16:00,88.466,
Plot Title: 5C2G,3094,7/7/26 16:15,87.004,
Plot Title: 5C2G,3095,7/7/26 16:30,86.097,
Plot Title: 5C2G,3096,7/7/26 16:45,84.834,
Plot Title: 5C2G,3097,7/7/26 17:00,82.864,
Plot Title: 5C2G,3098,7/7/26 17:15,81.797,
Plot Title: 5C2G,3099,7/7/26 17:30,80.735,
Plot Title: 5C2G,3100,7/7/26 17:45,79.678,
Plot Title: 5C2G,3101,7/7/26 18:00,79.151,
Plot Title: 5C2G,3102,7/7/26 18:15,77.4,
Plot Title: 5C2G,3103,7/7/26 18:30,75.312,
Plot Title: 5C2G,3104,7/7/26 18:45,73.926,
Plot Title: 5C2G,3105,7/7/26 19:00,73.407,
Plot Title: 5C2G,3106,7/7/26 19:15,72.891,
Plot Title: 5C2G,3107,7/7/26 19:30,72.028,
Plot Title: 5C2G,3108,7/7/26 19:45,71.168,
Plot Title: 5C2G,3109,7/7/26 20:00,70.308,
Plot Title: 5C2G,3110,7/7/26 20:15,68.763,
Plot Title: 5C2G,3111,7/7/26 20:30,67.564,
Plot Title: 5C2G,3112,7/7/26 20:45,66.366,
Plot Title: 5C2G,3113,7/7/26 21:00,65.167,
Plot Title: 5C2G,3114,7/7/26 21:15,64.139,
Plot Title: 5C2G,3115,7/7/26 21:30,63.111,
Plot Title: 5C2G,3116,7/7/26 21:45,62.254,
Plot Title: 5C2G,3117,7/7/26 22:00,61.398,
Plot Title: 5C2G,3118,7/7/26 22:15,60.712,
Plot Title: 5C2G,3119,7/7/26 22:30,60.024,
Plot Title: 5C2G,3120,7/7/26 22:45,59.508,
Plot Title: 5C2G,3121,7/7/26 23:00,58.993,
Plot Title: 5C2G,3122,7/7/26 23:15,58.647,
Plot Title: 5C2G,3123,7/7/26 23:30,58.131,
Plot Title: 5C2G,3124,7/7/26 23:45,57.785,
Plot Title: 5C2G,3125,7/8/26 00:00,57.268,
Plot Title: 5C2G,3126,7/8/26 00:15,56.75,
Plot Title: 5C2G,3127,7/8/26 00:30,56.23,
Plot Title: 5C2G,3128,7/8/26 00:45,55.884,
Plot Title: 5C2G,3129,7/8/26 01:00,55.364,
Plot Title: 5C2G,3130,7/8/26 01:15,54.842,
Plot Title: 5C2G,3131,7/8/26 01:30,54.495,
Plot Title: 5C2G,3132,7/8/26 01:45,54.147,
Plot Title: 5C2G,3133,7/8/26 02:00,53.623,
Plot Title: 5C2G,3134,7/8/26 02:15,53.274,
Plot Title: 5C2G,3135,7/8/26 02:30,53.1,
Plot Title: 5C2G,3136,7/8/26 02:45,52.75,
Plot Title: 5C2G,3137,7/8/26 03:00,52.401,
Plot Title: 5C2G,3138,7/8/26 03:15,52.05,
Plot Title: 5C2G,3139,7/8/26 03:30,51.874,
Plot Title: 5C2G,3140,7/8/26 03:45,51.523,
Plot Title: 5C2G,3141,7/8/26 04:00,51.346,
Plot Title: 5C2G,3142,7/8/26 04:15,51.172,
Plot Title: 5C2G,3143,7/8/26 04:30,50.995,
Plot Title: 5C2G,3144,7/8/26 04:45,50.643,
Plot Title: 5C2G,3145,7/8/26 05:00,50.29,
Plot Title: 5C2G,3146,7/8/26 05:15,50.113,
Plot Title: 5C2G,3147,7/8/26 05:30,49.759,
Plot Title: 5C2G,3148,7/8/26 05:45,49.582,
Plot Title: 5C2G,3149,7/8/26 06:00,49.404,
Plot Title: 5C2G,3150,7/8/26 06:15,49.404,
Plot Title: 5C2G,3151,7/8/26 06:30,49.582,
Plot Title: 5C2G,3152,7/8/26 06:45,50.466,
Plot Title: 5C2G,3153,7/8/26 07:00,52.75,
Plot Title: 5C2G,3154,7/8/26 07:15,55.189,
Plot Title: 5C2G,3155,7/8/26 07:30,56.577,
Plot Title: 5C2G,3156,7/8/26 07:45,58.476,
Plot Title: 5C2G,3157,7/8/26 08:00,61.569,
Plot Title: 5C2G,3158,7/8/26 08:15,64.481,
Plot Title: 5C2G,3159,7/8/26 08:30,67.05,
Plot Title: 5C2G,3160,7/8/26 08:45,69.622,
Plot Title: 5C2G,3161,7/8/26 09:00,72.028,
Plot Title: 5C2G,3162,7/8/26 09:15,74.446,
Plot Title: 5C2G,3163,7/8/26 09:30,76.703,
Plot Title: 5C2G,3164,7/8/26 09:45,78.8,
Plot Title: 5C2G,3165,7/8/26 10:00,80.559,
Plot Title: 5C2G,3166,7/8/26 10:15,82.686,
Plot Title: 5C2G,3167,7/8/26 10:30,84.834,
Plot Title: 5C2G,3168,7/8/26 10:45,86.641,
Plot Title: 5C2G,3169,7/8/26 11:00,88.65,
Plot Title: 5C2G,3170,7/8/26 11:15,87.186,
Plot Title: 5C2G,3171,7/8/26 11:30,87.186,
Plot Title: 5C2G,3172,7/8/26 11:45,83.043,
Plot Title: 5C2G,3173,7/8/26 12:00,81.621,
Plot Title: 5C2G,3174,7/8/26 12:15,86.823,
Plot Title: 5C2G,3175,7/8/26 12:30,85.194,
Plot Title: 5C2G,3176,7/8/26 12:45,81.797,
Plot Title: 5C2G,3177,7/8/26 13:00,82.152,
Plot Title: 5C2G,3178,7/8/26 13:15,86.097,
Plot Title: 5C2G,3179,7/8/26 13:30,84.654,
Plot Title: 5C2G,3180,7/8/26 13:45,84.115,
Plot Title: 5C2G,3181,7/8/26 14:00,84.474,
Plot Title: 5C2G,3182,7/8/26 14:15,87.186,
Plot Title: 5C2G,3183,7/8/26 14:30,85.735,
Plot Title: 5C2G,3184,7/8/26 14:45,86.823,
Plot Title: 5C2G,3185,7/8/26 15:00,88.466,
Plot Title: 5C2G,3186,7/8/26 15:15,88.466,
Plot Title: 5C2G,3187,7/8/26 15:30,86.277,
Plot Title: 5C2G,3188,7/8/26 15:45,85.374,
Plot Title: 5C2G,3189,7/8/26 16:00,86.277,
Plot Title: 5C2G,3190,7/8/26 16:15,86.823,
Plot Title: 5C2G,3191,7/8/26 16:30,85.554,
Plot Title: 5C2G,3192,7/8/26 16:45,83.579,
Plot Title: 5C2G,3193,7/8/26 17:00,81.797,
Plot Title: 5C2G,3194,7/8/26 17:15,79.678,
Plot Title: 5C2G,3195,7/8/26 17:30,78.274,
Plot Title: 5C2G,3196,7/8/26 17:45,77.05,
Plot Title: 5C2G,3197,7/8/26 18:00,76.528,
Plot Title: 5C2G,3198,7/8/26 18:15,75.832,
Plot Title: 5C2G,3199,7/8/26 18:30,74.446,
Plot Title: 5C2G,3200,7/8/26 18:45,73.926,
Plot Title: 5C2G,3201,7/8/26 19:00,73.062,
Plot Title: 5C2G,3202,7/8/26 19:15,72.028,
Plot Title: 5C2G,3203,7/8/26 19:30,70.824,
Plot Title: 5C2G,3204,7/8/26 19:45,70.137,
Plot Title: 5C2G,3205,7/8/26 20:00,69.793,
Plot Title: 5C2G,3206,7/8/26 20:15,68.421,
Plot Title: 5C2G,3207,7/8/26 20:30,67.392,
Plot Title: 5C2G,3208,7/8/26 20:45,66.366,
Plot Title: 5C2G,3209,7/8/26 21:00,65.68,
Plot Title: 5C2G,3210,7/8/26 21:15,64.996,
Plot Title: 5C2G,3211,7/8/26 21:30,63.797,
Plot Title: 5C2G,3212,7/8/26 21:45,62.769,
Plot Title: 5C2G,3213,7/8/26 22:00,62.254,
Plot Title: 5C2G,3214,7/8/26 22:15,61.569,
Plot Title: 5C2G,3215,7/8/26 22:30,60.195,
Plot Title: 5C2G,3216,7/8/26 22:45,58.82,
Plot Title: 5C2G,3217,7/8/26 23:00,57.441,
Plot Title: 5C2G,3218,7/8/26 23:15,55.884,
Plot Title: 5C2G,3219,7/8/26 23:30,55.189,
Plot Title: 5C2G,3220,7/8/26 23:45,54.322,
Plot Title: 5C2G,3221,7/9/26 00:00,53.798,
Plot Title: 5C2G,3222,7/9/26 00:15,53.798,
Plot Title: 5C2G,3223,7/9/26 00:30,53.449,
Plot Title: 5C2G,3224,7/9/26 00:45,53.449,
Plot Title: 5C2G,3225,7/9/26 01:00,53.449,
Plot Title: 5C2G,3226,7/9/26 01:15,53.449,
Plot Title: 5C2G,3227,7/9/26 01:30,53.274,
Plot Title: 5C2G,3228,7/9/26 01:45,52.925,
Plot Title: 5C2G,3229,7/9/26 02:00,52.75,
Plot Title: 5C2G,3230,7/9/26 02:15,52.576,
Plot Title: 5C2G,3231,7/9/26 02:30,52.401,
Plot Title: 5C2G,3232,7/9/26 02:45,52.05,
Plot Title: 5C2G,3233,7/9/26 03:00,51.874,
Plot Title: 5C2G,3234,7/9/26 03:15,51.699,
Plot Title: 5C2G,3235,7/9/26 03:30,51.523,
Plot Title: 5C2G,3236,7/9/26 03:45,51.346,
Plot Title: 5C2G,3237,7/9/26 04:00,50.995,
Plot Title: 5C2G,3238,7/9/26 04:15,50.643,
Plot Title: 5C2G,3239,7/9/26 04:30,50.113,
Plot Title: 5C2G,3240,7/9/26 04:45,49.582,
Plot Title: 5C2G,3241,7/9/26 05:00,49.05,
Plot Title: 5C2G,3242,7/9/26 05:15,48.695,
Plot Title: 5C2G,3243,7/9/26 05:30,48.339,
Plot Title: 5C2G,3244,7/9/26 05:45,47.982,
Plot Title: 5C2G,3245,7/9/26 06:00,47.802,
Plot Title: 5C2G,3246,7/9/26 06:15,47.624,
Plot Title: 5C2G,3247,7/9/26 06:30,47.624,
Plot Title: 5C2G,3248,7/9/26 06:45,48.695,
Plot Title: 5C2G,3249,7/9/26 07:00,50.643,
Plot Title: 5C2G,3250,7/9/26 07:15,52.925,
Plot Title: 5C2G,3251,7/9/26 07:30,55.364,
Plot Title: 5C2G,3252,7/9/26 07:45,57.958,
Plot Title: 5C2G,3253,7/9/26 08:00,60.712,
Plot Title: 5C2G,3254,7/9/26 08:15,63.111,
Plot Title: 5C2G,3255,7/9/26 08:30,65.509,
Plot Title: 5C2G,3256,7/9/26 08:45,67.735,
Plot Title: 5C2G,3257,7/9/26 09:00,69.964,
Plot Title: 5C2G,3258,7/9/26 09:15,72.199,
Plot Title: 5C2G,3259,7/9/26 09:30,74.271,
Plot Title: 5C2G,3260,7/9/26 09:45,76.354,
Plot Title: 5C2G,3261,7/9/26 10:00,78.449,
Plot Title: 5C2G,3262,7/9/26 10:15,80.206,
Plot Title: 5C2G,3263,7/9/26 10:30,81.975,
Plot Title: 5C2G,3264,7/9/26 10:45,83.399,
Plot Title: 5C2G,3265,7/9/26 11:00,84.474,
Plot Title: 5C2G,3266,7/9/26 11:15,86.277,
Plot Title: 5C2G,3267,7/9/26 11:30,87.733,
Plot Title: 5C2G,3268,7/9/26 11:45,89.384,
Plot Title: 5C2G,3269,7/9/26 12:00,89.938,
Plot Title: 5C2G,3270,7/9/26 12:15,91.612,
Plot Title: 5C2G,3271,7/9/26 12:30,92.737,
Plot Title: 5C2G,3272,7/9/26 12:45,92.926,
Plot Title: 5C2G,3273,7/9/26 13:00,93.304,
Plot Title: 5C2G,3274,7/9/26 13:15,94.062,
Plot Title: 5C2G,3275,7/9/26 13:30,94.633,
Plot Title: 5C2G,3276,7/9/26 13:45,94.633,
Plot Title: 5C2G,3277,7/9/26 14:00,94.825,
Plot Title: 5C2G,3278,7/9/26 14:15,94.825,
Plot Title: 5C2G,3279,7/9/26 14:30,93.115,
Plot Title: 5C2G,3280,7/9/26 14:45,92.363,
Plot Title: 5C2G,3281,7/9/26 15:00,92.926,
Plot Title: 5C2G,3282,7/9/26 15:15,93.304,
Plot Title: 5C2G,3283,7/9/26 15:30,92.55,
Plot Title: 5C2G,3284,7/9/26 15:45,91.24,
Plot Title: 5C2G,3285,7/9/26 16:00,89.755,
Plot Title: 5C2G,3286,7/9/26 16:15,88.466,
Plot Title: 5C2G,3287,7/9/26 16:30,87.004,
Plot Title: 5C2G,3288,7/9/26 16:45,85.194,
Plot Title: 5C2G,3289,7/9/26 17:00,82.864,
Plot Title: 5C2G,3290,7/9/26 17:15,80.559,
Plot Title: 5C2G,3291,7/9/26 17:30,78.449,
Plot Title: 5C2G,3292,7/9/26 17:45,76.528,
Plot Title: 5C2G,3293,7/9/26 18:00,74.964,
Plot Title: 5C2G,3294,7/9/26 18:15,73.234,
Plot Title: 5C2G,3295,7/9/26 18:30,71.512,
Plot Title: 5C2G,3296,7/9/26 18:45,69.964,
Plot Title: 5C2G,3297,7/9/26 19:00,68.934,
Plot Title: 5C2G,3298,7/9/26 19:15,67.735,
Plot Title: 5C2G,3299,7/9/26 19:30,66.708,
Plot Title: 5C2G,3300,7/9/26 19:45,65.851,
Plot Title: 5C2G,3301,7/9/26 20:00,64.996,
Plot Title: 5C2G,3302,7/9/26 20:15,64.31,
Plot Title: 5C2G,3303,7/9/26 20:30,63.626,
Plot Title: 5C2G,3304,7/9/26 20:45,62.94,
Plot Title: 5C2G,3305,7/9/26 21:00,62.425,
Plot Title: 5C2G,3306,7/9/26 21:15,61.569,
Plot Title: 5C2G,3307,7/9/26 21:30,60.883,
Plot Title: 5C2G,3308,7/9/26 21:45,60.024,
Plot Title: 5C2G,3309,7/9/26 22:00,59.508,
Plot Title: 5C2G,3310,7/9/26 22:15,58.82,
Plot Title: 5C2G,3311,7/9/26 22:30,58.303,
Plot Title: 5C2G,3312,7/9/26 22:45,57.614,
Plot Title: 5C2G,3313,7/9/26 23:00,57.096,
Plot Title: 5C2G,3314,7/9/26 23:15,56.75,
Plot Title: 5C2G,3315,7/9/26 23:30,56.23,
Plot Title: 5C2G,3316,7/9/26 23:45,55.884,
Plot Title: 5C2G,3317,7/10/26 00:00,55.364,
Plot Title: 5C2G,3318,7/10/26 00:15,55.017,
Plot Title: 5C2G,3319,7/10/26 00:30,54.495,
Plot Title: 5C2G,3320,7/10/26 00:45,54.147,
Plot Title: 5C2G,3321,7/10/26 01:00,53.798,
Plot Title: 5C2G,3322,7/10/26 01:15,53.449,
Plot Title: 5C2G,3323,7/10/26 01:30,53.1,
Plot Title: 5C2G,3324,7/10/26 01:45,52.925,
Plot Title: 5C2G,3325,7/10/26 02:00,52.576,
Plot Title: 5C2G,3326,7/10/26 02:15,52.225,
Plot Title: 5C2G,3327,7/10/26 02:30,52.05,
Plot Title: 5C2G,3328,7/10/26 02:45,51.874,
Plot Title: 5C2G,3329,7/10/26 03:00,51.699,
Plot Title: 5C2G,3330,7/10/26 03:15,51.523,
Plot Title: 5C2G,3331,7/10/26 03:30,51.346,
Plot Title: 5C2G,3332,7/10/26 03:45,51.172,
Plot Title: 5C2G,3333,7/10/26 04:00,50.995,
Plot Title: 5C2G,3334,7/10/26 04:15,50.643,
Plot Title: 5C2G,3335,7/10/26 04:30,50.466,
Plot Title: 5C2G,3336,7/10/26 04:45,50.29,
Plot Title: 5C2G,3337,7/10/26 05:00,49.937,
Plot Title: 5C2G,3338,7/10/26 05:15,49.582,
Plot Title: 5C2G,3339,7/10/26 05:30,49.404,
Plot Title: 5C2G,3340,7/10/26 05:45,49.228,
Plot Title: 5C2G,3341,7/10/26 06:00,49.05,
Plot Title: 5C2G,3342,7/10/26 06:15,49.05,
Plot Title: 5C2G,3343,7/10/26 06:30,49.228,
Plot Title: 5C2G,3344,7/10/26 06:45,50.29,
Plot Title: 5C2G,3345,7/10/26 07:00,52.401,
Plot Title: 5C2G,3346,7/10/26 07:15,54.842,
Plot Title: 5C2G,3347,7/10/26 07:30,57.268,
Plot Title: 5C2G,3348,7/10/26 07:45,59.851,
Plot Title: 5C2G,3349,7/10/26 08:00,62.769,
Plot Title: 5C2G,3350,7/10/26 08:15,65.338,
Plot Title: 5C2G,3351,7/10/26 08:30,67.735,
Plot Title: 5C2G,3352,7/10/26 08:45,70.137,
Plot Title: 5C2G,3353,7/10/26 09:00,72.545,
Plot Title: 5C2G,3354,7/10/26 09:15,74.791,
Plot Title: 5C2G,3355,7/10/26 09:30,77.225,
Plot Title: 5C2G,3356,7/10/26 09:45,79.326,
Plot Title: 5C2G,3357,7/10/26 10:00,81.266,
Plot Title: 5C2G,3358,7/10/26 10:15,83.221,
Plot Title: 5C2G,3359,7/10/26 10:30,85.014,
Plot Title: 5C2G,3360,7/10/26 10:45,86.641,
Plot Title: 5C2G,3361,7/10/26 11:00,88.466,
Plot Title: 5C2G,3362,7/10/26 11:15,89.938,
Plot Title: 5C2G,3363,7/10/26 11:30,91.612,
Plot Title: 5C2G,3364,7/10/26 11:45,93.493,
Plot Title: 5C2G,3365,7/10/26 12:00,94.825,
Plot Title: 5C2G,3366,7/10/26 12:15,93.493,
Plot Title: 5C2G,3367,7/10/26 12:30,91.24,
Plot Title: 5C2G,3368,7/10/26 12:45,94.633,
Plot Title: 5C2G,3369,7/10/26 13:00,96.555,
Plot Title: 5C2G,3370,7/10/26 13:15,98.11,
Plot Title: 5C2G,3371,7/10/26 13:30,99.291,
Plot Title: 5C2G,3372,7/10/26 13:45,99.489,
Plot Title: 5C2G,3373,7/10/26 14:00,99.687,
Plot Title: 5C2G,3374,7/10/26 14:15,100.083,
Plot Title: 5C2G,3375,7/10/26 14:30,99.885,
Plot Title: 5C2G,3376,7/10/26 14:45,100.483,
Plot Title: 5C2G,3377,7/10/26 15:00,100.283,
Plot Title: 5C2G,3378,7/10/26 15:15,99.885,
Plot Title: 5C2G,3379,7/10/26 15:30,99.291,
Plot Title: 5C2G,3380,7/10/26 15:45,98.503,
Plot Title: 5C2G,3381,7/10/26 16:00,97.72,
Plot Title: 5C2G,3382,7/10/26 16:15,95.59,
Plot Title: 5C2G,3383,7/10/26 16:30,93.682,
Plot Title: 5C2G,3384,7/10/26 16:45,92.363,
Plot Title: 5C2G,3385,7/10/26 17:00,91.24,
Plot Title: 5C2G,3386,7/10/26 17:15,89.569,
Plot Title: 5C2G,3387,7/10/26 17:30,87.186,
Plot Title: 5C2G,3388,7/10/26 17:45,84.295,
Plot Title: 5C2G,3389,7/10/26 18:00,81.797,
Plot Title: 5C2G,3390,7/10/26 18:15,80.029,
Plot Title: 5C2G,3391,7/10/26 18:30,78.274,
Plot Title: 5C2G,3392,7/10/26 18:45,77.225,
Plot Title: 5C2G,3393,7/10/26 19:00,75.312,
Plot Title: 5C2G,3394,7/10/26 19:15,73.58,
Plot Title: 5C2G,3395,7/10/26 19:30,72.718,
Plot Title: 5C2G,3396,7/10/26 19:45,71.339,
Plot Title: 5C2G,3397,7/10/26 20:00,69.964,
Plot Title: 5C2G,3398,7/10/26 20:15,68.763,
Plot Title: 5C2G,3399,7/10/26 20:30,68.421,
Plot Title: 5C2G,3400,7/10/26 20:45,67.564,
Plot Title: 5C2G,3401,7/10/26 21:00,66.537,
Plot Title: 5C2G,3402,7/10/26 21:15,65.509,
Plot Title: 5C2G,3403,7/10/26 21:30,64.652,
Plot Title: 5C2G,3404,7/10/26 21:45,63.797,
Plot Title: 5C2G,3405,7/10/26 22:00,63.282,
Plot Title: 5C2G,3406,7/10/26 22:15,62.94,
Plot Title: 5C2G,3407,7/10/26 22:30,62.598,
Plot Title: 5C2G,3408,7/10/26 22:45,61.912,
Plot Title: 5C2G,3409,7/10/26 23:00,61.227,
Plot Title: 5C2G,3410,7/10/26 23:15,60.712,
Plot Title: 5C2G,3411,7/10/26 23:30,60.368,
Plot Title: 5C2G,3412,7/10/26 23:45,59.851,
Plot Title: 5C2G,3413,7/11/26 00:00,59.68,
Plot Title: 5C2G,3414,7/11/26 00:15,59.337,
Plot Title: 5C2G,3415,7/11/26 00:30,59.164,
Plot Title: 5C2G,3416,7/11/26 00:45,58.82,
Plot Title: 5C2G,3417,7/11/26 01:00,58.647,
Plot Title: 5C2G,3418,7/11/26 01:15,58.476,
Plot Title: 5C2G,3419,7/11/26 01:30,58.131,
Plot Title: 5C2G,3420,7/11/26 01:45,57.958,
Plot Title: 5C2G,3421,7/11/26 02:00,57.441,
Plot Title: 5C2G,3422,7/11/26 02:15,57.096,
Plot Title: 5C2G,3423,7/11/26 02:30,56.75,
Plot Title: 5C2G,3424,7/11/26 02:45,56.404,
Plot Title: 5C2G,3425,7/11/26 03:00,56.057,
Plot Title: 5C2G,3426,7/11/26 03:15,55.711,
Plot Title: 5C2G,3427,7/11/26 03:30,55.364,
Plot Title: 5C2G,3428,7/11/26 03:45,54.842,
Plot Title: 5C2G,3429,7/11/26 04:00,54.495,
Plot Title: 5C2G,3430,7/11/26 04:15,53.973,
Plot Title: 5C2G,3431,7/11/26 04:30,53.623,
Plot Title: 5C2G,3432,7/11/26 04:45,53.274,
Plot Title: 5C2G,3433,7/11/26 05:00,53.1,
Plot Title: 5C2G,3434,7/11/26 05:15,52.75,
Plot Title: 5C2G,3435,7/11/26 05:30,52.576,
Plot Title: 5C2G,3436,7/11/26 05:45,52.401,
Plot Title: 5C2G,3437,7/11/26 06:00,52.225,
Plot Title: 5C2G,3438,7/11/26 06:15,52.225,
Plot Title: 5C2G,3439,7/11/26 06:30,52.225,
Plot Title: 5C2G,3440,7/11/26 06:45,53.274,
Plot Title: 5C2G,3441,7/11/26 07:00,55.537,
Plot Title: 5C2G,3442,7/11/26 07:15,58.131,
Plot Title: 5C2G,3443,7/11/26 07:30,60.712,
Plot Title: 5C2G,3444,7/11/26 07:45,63.111,
Plot Title: 5C2G,3445,7/11/26 08:00,65.68,
Plot Title: 5C2G,3446,7/11/26 08:15,68.421,
Plot Title: 5C2G,3447,7/11/26 08:30,70.995,
Plot Title: 5C2G,3448,7/11/26 08:45,73.58,
Plot Title: 5C2G,3449,7/11/26 09:00,76.006,
Plot Title: 5C2G,3450,7/11/26 09:15,78.449,
Plot Title: 5C2G,3451,7/11/26 09:30,80.735,
Plot Title: 5C2G,3452,7/11/26 09:45,83.043,
Plot Title: 5C2G,3453,7/11/26 10:00,85.014,
Plot Title: 5C2G,3454,7/11/26 10:15,87.186,
Plot Title: 5C2G,3455,7/11/26 10:30,89.017,
Plot Title: 5C2G,3456,7/11/26 10:45,91.053,
Plot Title: 5C2G,3457,7/11/26 11:00,93.115,
Plot Title: 5C2G,3458,7/11/26 11:15,94.825,
Plot Title: 5C2G,3459,7/11/26 11:30,96.555,
Plot Title: 5C2G,3460,7/11/26 11:45,97.916,
Plot Title: 5C2G,3461,7/11/26 12:00,99.093,
Plot Title: 5C2G,3462,7/11/26 12:15,100.483,
Plot Title: 5C2G,3463,7/11/26 12:30,102.088,
Plot Title: 5C2G,3464,7/11/26 12:45,103.104,
Plot Title: 5C2G,3465,7/11/26 13:00,103.512,
Plot Title: 5C2G,3466,7/11/26 13:15,103.923,
Plot Title: 5C2G,3467,7/11/26 13:30,103.717,
Plot Title: 5C2G,3468,7/11/26 13:45,103.717,
Plot Title: 5C2G,3469,7/11/26 14:00,104.747,
Plot Title: 5C2G,3470,7/11/26 14:15,104.747,
Plot Title: 5C2G,3471,7/11/26 14:30,105.161,
Plot Title: 5C2G,3472,7/11/26 14:45,105.161,
Plot Title: 5C2G,3473,7/11/26 15:00,104.333,
Plot Title: 5C2G,3474,7/11/26 15:15,103.104,
Plot Title: 5C2G,3475,7/11/26 15:30,102.493,
Plot Title: 5C2G,3476,7/11/26 15:45,101.082,
Plot Title: 5C2G,3477,7/11/26 16:00,99.489,
Plot Title: 5C2G,3478,7/11/26 16:15,97.331,
Plot Title: 5C2G,3479,7/11/26 16:30,95.207,
Plot Title: 5C2G,3480,7/11/26 16:45,92.737,
Plot Title: 5C2G,3481,7/11/26 17:00,90.309,
Plot Title: 5C2G,3482,7/11/26 17:15,87.368,
Plot Title: 5C2G,3483,7/11/26 17:30,85.014,
Plot Title: 5C2G,3484,7/11/26 17:45,82.864,
Plot Title: 5C2G,3485,7/11/26 18:00,80.911,
Plot Title: 5C2G,3486,7/11/26 18:15,79.326,
Plot Title: 5C2G,3487,7/11/26 18:30,77.923,
Plot Title: 5C2G,3488,7/11/26 18:45,76.528,
Plot Title: 5C2G,3489,7/11/26 19:00,75.312,
Plot Title: 5C2G,3490,7/11/26 19:15,74.271,
Plot Title: 5C2G,3491,7/11/26 19:30,73.234,
Plot Title: 5C2G,3492,7/11/26 19:45,72.199,
Plot Title: 5C2G,3493,7/11/26 20:00,71.512,
Plot Title: 5C2G,3494,7/11/26 20:15,70.824,
Plot Title: 5C2G,3495,7/11/26 20:30,70.137,
Plot Title: 5C2G,3496,7/11/26 20:45,69.622,
Plot Title: 5C2G,3497,7/11/26 21:00,68.934,
Plot Title: 5C2G,3498,7/11/26 21:15,68.248,
Plot Title: 5C2G,3499,7/11/26 21:30,67.735,
Plot Title: 5C2G,3500,7/11/26 21:45,67.05,
Plot Title: 5C2G,3501,7/11/26 22:00,66.193,
Plot Title: 5C2G,3502,7/11/26 22:15,65.509,
Plot Title: 5C2G,3503,7/11/26 22:30,64.996,
Plot Title: 5C2G,3504,7/11/26 22:45,64.481,
Plot Title: 5C2G,3505,7/11/26 23:00,63.797,
Plot Title: 5C2G,3506,7/11/26 23:15,63.455,
Plot Title: 5C2G,3507,7/11/26 23:30,62.769,
Plot Title: 5C2G,3508,7/11/26 23:45,62.254,
Plot Title: 5C2G,3509,7/12/26 00:00,61.741,
Plot Title: 5C2G,3510,7/12/26 00:15,61.227,
Plot Title: 5C2G,3511,7/12/26 00:30,60.712,
Plot Title: 5C2G,3512,7/12/26 00:45,60.024,
Plot Title: 5C2G,3513,7/12/26 01:00,59.508,
Plot Title: 5C2G,3514,7/12/26 01:15,58.993,
Plot Title: 5C2G,3515,7/12/26 01:30,58.647,
Plot Title: 5C2G,3516,7/12/26 01:45,58.476,
Plot Title: 5C2G,3517,7/12/26 02:00,58.303,
Plot Title: 5C2G,3518,7/12/26 02:15,57.958,
Plot Title: 5C2G,3519,7/12/26 02:30,57.614,
Plot Title: 5C2G,3520,7/12/26 02:45,57.441,
Plot Title: 5C2G,3521,7/12/26 03:00,57.268,
Plot Title: 5C2G,3522,7/12/26 03:15,57.785,
Plot Title: 5C2G,3523,7/12/26 03:30,57.958,
Plot Title: 5C2G,3524,7/12/26 03:45,58.131,
Plot Title: 5C2G,3525,7/12/26 04:00,58.303,
Plot Title: 5C2G,3526,7/12/26 04:15,58.303,
Plot Title: 5C2G,3527,7/12/26 04:30,58.131,
Plot Title: 5C2G,3528,7/12/26 04:45,57.958,
Plot Title: 5C2G,3529,7/12/26 05:00,57.785,
Plot Title: 5C2G,3530,7/12/26 05:15,57.785,
Plot Title: 5C2G,3531,7/12/26 05:30,57.785,
Plot Title: 5C2G,3532,7/12/26 05:45,57.958,
Plot Title: 5C2G,3533,7/12/26 06:00,57.958,
Plot Title: 5C2G,3534,7/12/26 06:15,57.958,
Plot Title: 5C2G,3535,7/12/26 06:30,58.303,
Plot Title: 5C2G,3536,7/12/26 06:45,58.476,
Plot Title: 5C2G,3537,7/12/26 07:00,59.164,
Plot Title: 5C2G,3538,7/12/26 07:15,60.712,
Plot Title: 5C2G,3539,7/12/26 07:30,62.94,
Plot Title: 5C2G,3540,7/12/26 07:45,65.338,
Plot Title: 5C2G,3541,7/12/26 08:00,67.735,
Plot Title: 5C2G,3542,7/12/26 08:15,69.964,
Plot Title: 5C2G,3543,7/12/26 08:30,72.891,
Plot Title: 5C2G,3544,7/12/26 08:45,73.753,
Plot Title: 5C2G,3545,7/12/26 09:00,74.791,
Plot Title: 5C2G,3546,7/12/26 09:15,77.749,
Plot Title: 5C2G,3547,7/12/26 09:30,81.266,
Plot Title: 5C2G,3548,7/12/26 09:45,82.686,
Plot Title: 5C2G,3549,7/12/26 10:00,84.474,
Plot Title: 5C2G,3550,7/12/26 10:15,84.295,
Plot Title: 5C2G,3551,7/12/26 10:30,87.552,
Plot Title: 5C2G,3552,7/12/26 10:45,90.495,
Plot Title: 5C2G,3553,7/12/26 11:00,93.493,
Plot Title: 5C2G,3554,7/12/26 11:15,95.976,
Plot Title: 5C2G,3555,7/12/26 11:30,97.72,
Plot Title: 5C2G,3556,7/12/26 11:45,97.916,
Plot Title: 5C2G,3557,7/12/26 12:00,97.331,
Plot Title: 5C2G,3558,7/12/26 12:15,98.503,
Plot Title: 5C2G,3559,7/12/26 12:30,99.093,
Plot Title: 5C2G,3560,7/12/26 12:45,98.307,
Plot Title: 5C2G,3561,7/12/26 13:00,99.687,
Plot Title: 5C2G,3562,7/12/26 13:15,100.882,
Plot Title: 5C2G,3563,7/12/26 13:30,102.493,
Plot Title: 5C2G,3564,7/12/26 13:45,102.9,
Plot Title: 5C2G,3565,7/12/26 14:00,103.717,
Plot Title: 5C2G,3566,7/12/26 14:15,103.104,
Plot Title: 5C2G,3567,7/12/26 14:30,103.512,
Plot Title: 5C2G,3568,7/12/26 14:45,103.923,
Plot Title: 5C2G,3569,7/12/26 15:00,103.512,
Plot Title: 5C2G,3570,7/12/26 15:15,100.283,
Plot Title: 5C2G,3571,7/12/26 15:30,97.137,
Plot Title: 5C2G,3572,7/12/26 15:45,95.976,
Plot Title: 5C2G,3573,7/12/26 16:00,95.4,
Plot Title: 5C2G,3574,7/12/26 16:15,94.253,
Plot Title: 5C2G,3575,7/12/26 16:30,93.304,
Plot Title: 5C2G,3576,7/12/26 16:45,91.612,
Plot Title: 5C2G,3577,7/12/26 17:00,90.309,
Plot Title: 5C2G,3578,7/12/26 17:15,88.282,
Plot Title: 5C2G,3579,7/12/26 17:30,86.641,
Plot Title: 5C2G,3580,7/12/26 17:45,85.194,
Plot Title: 5C2G,3581,7/12/26 18:00,83.935,
Plot Title: 5C2G,3582,7/12/26 18:15,83.043,
Plot Title: 5C2G,3583,7/12/26 18:30,81.266,
Plot Title: 5C2G,3584,7/12/26 18:45,80.206,
Plot Title: 5C2G,3585,7/12/26 19:00,78.975,
Plot Title: 5C2G,3586,7/12/26 19:15,77.574,
Plot Title: 5C2G,3587,7/12/26 19:30,76.528,
Plot Title: 5C2G,3588,7/12/26 19:45,75.659,
Plot Title: 5C2G,3589,7/12/26 20:00,74.619,
Plot Title: 5C2G,3590,7/12/26 20:15,73.234,
Plot Title: 5C2G,3591,7/12/26 20:30,72.545,
Plot Title: 5C2G,3592,7/12/26 20:45,71.512,
Plot Title: 5C2G,3593,7/12/26 21:00,70.48,
Plot Title: 5C2G,3594,7/12/26 21:15,69.278,
Plot Title: 5C2G,3595,7/12/26 21:30,68.248,
Plot Title: 5C2G,3596,7/12/26 21:45,67.392,
Plot Title: 5C2G,3597,7/12/26 22:00,66.537,
Plot Title: 5C2G,3598,7/12/26 22:15,65.68,
Plot Title: 5C2G,3599,7/12/26 22:30,64.996,
Plot Title: 5C2G,3600,7/12/26 22:45,64.31,
Plot Title: 5C2G,3601,7/12/26 23:00,63.626,
Plot Title: 5C2G,3602,7/12/26 23:15,63.111,
Plot Title: 5C2G,3603,7/12/26 23:30,62.425,
Plot Title: 5C2G,3604,7/12/26 23:45,61.912,
Plot Title: 5C2G,3605,7/13/26 00:00,61.398,
Plot Title: 5C2G,3606,7/13/26 00:15,60.883,
Plot Title: 5C2G,3607,7/13/26 00:30,60.539,
Plot Title: 5C2G,3608,7/13/26 00:45,60.024,
Plot Title: 5C2G,3609,7/13/26 01:00,59.508,
Plot Title: 5C2G,3610,7/13/26 01:15,59.164,
Plot Title: 5C2G,3611,7/13/26 01:30,58.647,
Plot Title: 5C2G,3612,7/13/26 01:45,58.303,
Plot Title: 5C2G,3613,7/13/26 02:00,57.785,
Plot Title: 5C2G,3614,7/13/26 02:15,57.441,
Plot Title: 5C2G,3615,7/13/26 02:30,57.096,
Plot Title: 5C2G,3616,7/13/26 02:45,56.577,
Plot Title: 5C2G,3617,7/13/26 03:00,56.23,
Plot Title: 5C2G,3618,7/13/26 03:15,55.884,
Plot Title: 5C2G,3619,7/13/26 03:30,55.537,
Plot Title: 5C2G,3620,7/13/26 03:45,55.189,
Plot Title: 5C2G,3621,7/13/26 04:00,54.842,
Plot Title: 5C2G,3622,7/13/26 04:15,54.669,
Plot Title: 5C2G,3623,7/13/26 04:30,54.322,
Plot Title: 5C2G,3624,7/13/26 04:45,53.973,
Plot Title: 5C2G,3625,7/13/26 05:00,53.798,
Plot Title: 5C2G,3626,7/13/26 05:15,53.449,
Plot Title: 5C2G,3627,7/13/26 05:30,53.274,
Plot Title: 5C2G,3628,7/13/26 05:45,53.274,
Plot Title: 5C2G,3629,7/13/26 06:00,53.1,
Plot Title: 5C2G,3630,7/13/26 06:15,53.1,
Plot Title: 5C2G,3631,7/13/26 06:30,53.449,
Plot Title: 5C2G,3632,7/13/26 06:45,54.147,
Plot Title: 5C2G,3633,7/13/26 07:00,56.404,
Plot Title: 5C2G,3634,7/13/26 07:15,58.647,
Plot Title: 5C2G,3635,7/13/26 07:30,61.054,
Plot Title: 5C2G,3636,7/13/26 07:45,63.455,
Plot Title: 5C2G,3637,7/13/26 08:00,66.193,
Plot Title: 5C2G,3638,7/13/26 08:15,68.934,
Plot Title: 5C2G,3639,7/13/26 08:30,71.512,
Plot Title: 5C2G,3640,7/13/26 08:45,74.271,
Plot Title: 5C2G,3641,7/13/26 09:00,77.05,
Plot Title: 5C2G,3642,7/13/26 09:15,79.853,
Plot Title: 5C2G,3643,7/13/26 09:30,82.508,
Plot Title: 5C2G,3644,7/13/26 09:45,85.374,
Plot Title: 5C2G,3645,7/13/26 10:00,88.099,
Plot Title: 5C2G,3646,7/13/26 10:15,90.495,
Plot Title: 5C2G,3647,7/13/26 10:30,92.55,
Plot Title: 5C2G,3648,7/13/26 10:45,95.016,
Plot Title: 5C2G,3649,7/13/26 11:00,97.331,
Plot Title: 5C2G,3650,7/13/26 11:15,99.489,
Plot Title: 5C2G,3651,7/13/26 11:30,101.484,
Plot Title: 5C2G,3652,7/13/26 11:45,103.104,
Plot Title: 5C2G,3653,7/13/26 12:00,104.747,
Plot Title: 5C2G,3654,7/13/26 12:15,105.994,
Plot Title: 5C2G,3655,7/13/26 12:30,107.258,
Plot Title: 5C2G,3656,7/13/26 12:45,108.322,
Plot Title: 5C2G,3657,7/13/26 13:00,109.612,
Plot Title: 5C2G,3658,7/13/26 13:15,110.701,
Plot Title: 5C2G,3659,7/13/26 13:30,111.58,
Plot Title: 5C2G,3660,7/13/26 13:45,112.244,
Plot Title: 5C2G,3661,7/13/26 14:00,112.69,
Plot Title: 5C2G,3662,7/13/26 14:15,112.914,
Plot Title: 5C2G,3663,7/13/26 14:30,112.69,
Plot Title: 5C2G,3664,7/13/26 14:45,112.023,
Plot Title: 5C2G,3665,7/13/26 15:00,111.36,
Plot Title: 5C2G,3666,7/13/26 15:15,110.701,
Plot Title: 5C2G,3667,7/13/26 15:30,109.18,
Plot Title: 5C2G,3668,7/13/26 15:45,107.895,
Plot Title: 5C2G,3669,7/13/26 16:00,106.414,
Plot Title: 5C2G,3670,7/13/26 16:15,103.104,
Plot Title: 5C2G,3671,7/13/26 16:30,98.897,
Plot Title: 5C2G,3672,7/13/26 16:45,97.331,
Plot Title: 5C2G,3673,7/13/26 17:00,94.825,
Plot Title: 5C2G,3674,7/13/26 17:15,92.363,
Plot Title: 5C2G,3675,7/13/26 17:30,90.309,
Plot Title: 5C2G,3676,7/13/26 17:45,88.65,
Plot Title: 5C2G,3677,7/13/26 18:00,86.641,
Plot Title: 5C2G,3678,7/13/26 18:15,84.115,
Plot Title: 5C2G,3679,7/13/26 18:30,81.797,
Plot Title: 5C2G,3680,7/13/26 18:45,79.853,
Plot Title: 5C2G,3681,7/13/26 19:00,78.274,
Plot Title: 5C2G,3682,7/13/26 19:15,76.876,
Plot Title: 5C2G,3683,7/13/26 19:30,75.832,
Plot Title: 5C2G,3684,7/13/26 19:45,74.791,
Plot Title: 5C2G,3685,7/13/26 20:00,73.753,
Plot Title: 5C2G,3686,7/13/26 20:15,72.718,
Plot Title: 5C2G,3687,7/13/26 20:30,71.683,
Plot Title: 5C2G,3688,7/13/26 20:45,70.651,
Plot Title: 5C2G,3689,7/13/26 21:00,69.793,
Plot Title: 5C2G,3690,7/13/26 21:15,69.107,
Plot Title: 5C2G,3691,7/13/26 21:30,68.592,
Plot Title: 5C2G,3692,7/13/26 21:45,68.248,
Plot Title: 5C2G,3693,7/13/26 22:00,68.421,
Plot Title: 5C2G,3694,7/13/26 22:15,65.68,
Plot Title: 5C2G,3695,7/13/26 22:30,64.31,
Plot Title: 5C2G,3696,7/13/26 22:45,63.282,
Plot Title: 5C2G,3697,7/13/26 23:00,62.425,
Plot Title: 5C2G,3698,7/13/26 23:15,61.912,
Plot Title: 5C2G,3699,7/13/26 23:30,61.398,
Plot Title: 5C2G,3700,7/13/26 23:45,60.883,
Plot Title: 5C2G,3701,7/14/26 00:00,60.368,
Plot Title: 5C2G,3702,7/14/26 00:15,59.851,
Plot Title: 5C2G,3703,7/14/26 00:30,59.337,
Plot Title: 5C2G,3704,7/14/26 00:45,58.993,
Plot Title: 5C2G,3705,7/14/26 01:00,58.476,
Plot Title: 5C2G,3706,7/14/26 01:15,58.131,
Plot Title: 5C2G,3707,7/14/26 01:30,57.785,
Plot Title: 5C2G,3708,7/14/26 01:45,57.441,
Plot Title: 5C2G,3709,7/14/26 02:00,57.096,
Plot Title: 5C2G,3710,7/14/26 02:15,56.75,
Plot Title: 5C2G,3711,7/14/26 02:30,56.577,
Plot Title: 5C2G,3712,7/14/26 02:45,56.404,
Plot Title: 5C2G,3713,7/14/26 03:00,56.057,
Plot Title: 5C2G,3714,7/14/26 03:15,55.884,
Plot Title: 5C2G,3715,7/14/26 03:30,55.711,
Plot Title: 5C2G,3716,7/14/26 03:45,55.537,
Plot Title: 5C2G,3717,7/14/26 04:00,55.189,
Plot Title: 5C2G,3718,7/14/26 04:15,55.017,
Plot Title: 5C2G,3719,7/14/26 04:30,54.842,
Plot Title: 5C2G,3720,7/14/26 04:45,54.669,
Plot Title: 5C2G,3721,7/14/26 05:00,54.495,
Plot Title: 5C2G,3722,7/14/26 05:15,54.322,
Plot Title: 5C2G,3723,7/14/26 05:30,54.147,
Plot Title: 5C2G,3724,7/14/26 05:45,53.973,
Plot Title: 5C2G,3725,7/14/26 06:00,53.973,
Plot Title: 5C2G,3726,7/14/26 06:15,54.495,
Plot Title: 5C2G,3727,7/14/26 06:30,55.189,
Plot Title: 5C2G,3728,7/14/26 06:45,55.537,
Plot Title: 5C2G,3729,7/14/26 07:00,56.23,
Plot Title: 5C2G,3730,7/14/26 07:15,58.993,
Plot Title: 5C2G,3731,7/14/26 07:30,62.083,
Plot Title: 5C2G,3732,7/14/26 07:45,64.481,
Plot Title: 5C2G,3733,7/14/26 08:00,67.392,
Plot Title: 5C2G,3734,7/14/26 08:15,69.622,
Plot Title: 5C2G,3735,7/14/26 08:30,69.278,
Plot Title: 5C2G,3736,7/14/26 08:45,71.856,
Plot Title: 5C2G,3737,7/14/26 09:00,73.926,
Plot Title: 5C2G,3738,7/14/26 09:15,75.832,
Plot Title: 5C2G,3739,7/14/26 09:30,78.624,
Plot Title: 5C2G,3740,7/14/26 09:45,80.029,
Plot Title: 5C2G,3741,7/14/26 10:00,82.508,
Plot Title: 5C2G,3742,7/14/26 10:15,83.935,
Plot Title: 5C2G,3743,7/14/26 10:30,87.186,
Plot Title: 5C2G,3744,7/14/26 10:45,89.569,
Plot Title: 5C2G,3745,7/14/26 11:00,91.425,
Plot Title: 5C2G,3746,7/14/26 11:15,91.24,
Plot Title: 5C2G,3747,7/14/26 11:30,90.309,
Plot Title: 5C2G,3748,7/14/26 11:45,91.612,
Plot Title: 5C2G,3749,7/14/26 12:00,95.207,
Plot Title: 5C2G,3750,7/14/26 12:15,98.699,
Plot Title: 5C2G,3751,7/14/26 12:30,100.083,
Plot Title: 5C2G,3752,7/14/26 12:45,99.291,
Plot Title: 5C2G,3753,7/14/26 13:00,99.489,
Plot Title: 5C2G,3754,7/14/26 13:15,99.093,
Plot Title: 5C2G,3755,7/14/26 13:30,103.104,
Plot Title: 5C2G,3756,7/14/26 13:45,105.161,
Plot Title: 5C2G,3757,7/14/26 14:00,106.414,
Plot Title: 5C2G,3758,7/14/26 14:15,106.414,
Plot Title: 5C2G,3759,7/14/26 14:30,103.512,
Plot Title: 5C2G,3760,7/14/26 14:45,104.128,
Plot Title: 5C2G,3761,7/14/26 15:00,106.205,
Plot Title: 5C2G,3762,7/14/26 15:15,107.046,
Plot Title: 5C2G,3763,7/14/26 15:30,106.624,
Plot Title: 5C2G,3764,7/14/26 15:45,105.994,
Plot Title: 5C2G,3765,7/14/26 16:00,104.954,
Plot Title: 5C2G,3766,7/14/26 16:15,103.104,
Plot Title: 5C2G,3767,7/14/26 16:30,101.484,
Plot Title: 5C2G,3768,7/14/26 16:45,100.083,
Plot Title: 5C2G,3769,7/14/26 17:00,97.916,
Plot Title: 5C2G,3770,7/14/26 17:15,95.207,
Plot Title: 5C2G,3771,7/14/26 17:30,92.363,
Plot Title: 5C2G,3772,7/14/26 17:45,89.384,
Plot Title: 5C2G,3773,7/14/26 18:00,87.733,
Plot Title: 5C2G,3774,7/14/26 18:15,87.004,
Plot Title: 5C2G,3775,7/14/26 18:30,86.097,
Plot Title: 5C2G,3776,7/14/26 18:45,83.935,
Plot Title: 5C2G,3777,7/14/26 19:00,81.797,
Plot Title: 5C2G,3778,7/14/26 19:15,79.853,
Plot Title: 5C2G,3779,7/14/26 19:30,78.274,
Plot Title: 5C2G,3780,7/14/26 19:45,77.4,
Plot Title: 5C2G,3781,7/14/26 20:00,76.006,
Plot Title: 5C2G,3782,7/14/26 20:15,74.964,
Plot Title: 5C2G,3783,7/14/26 20:30,73.926,
Plot Title: 5C2G,3784,7/14/26 20:45,73.234,
Plot Title: 5C2G,3785,7/14/26 21:00,72.545,
Plot Title: 5C2G,3786,7/14/26 21:15,71.168,
Plot Title: 5C2G,3787,7/14/26 21:30,69.964,
Plot Title: 5C2G,3788,7/14/26 21:45,69.107,
Plot Title: 5C2G,3789,7/14/26 22:00,68.077,
Plot Title: 5C2G,3790,7/14/26 22:15,66.879,
Plot Title: 5C2G,3791,7/14/26 22:30,66.022,
Plot Title: 5C2G,3792,7/14/26 22:45,65.167,
Plot Title: 5C2G,3793,7/14/26 23:00,64.652,
Plot Title: 5C2G,3794,7/14/26 23:15,64.652,
Plot Title: 5C2G,3795,7/14/26 23:30,64.652,
Plot Title: 5C2G,3796,7/14/26 23:45,64.652,
Plot Title: 5C2G,3797,7/15/26 00:00,64.31,
Plot Title: 5C2G,3798,7/15/26 00:15,64.31,
Plot Title: 5C2G,3799,7/15/26 00:30,63.797,
Plot Title: 5C2G,3800,7/15/26 00:45,62.94,
Plot Title: 5C2G,3801,7/15/26 01:00,62.425,
Plot Title: 5C2G,3802,7/15/26 01:15,61.912,
Plot Title: 5C2G,3803,7/15/26 01:30,61.741,
Plot Title: 5C2G,3804,7/15/26 01:45,61.569,
Plot Title: 5C2G,3805,7/15/26 02:00,61.741,
Plot Title: 5C2G,3806,7/15/26 02:15,61.569,
Plot Title: 5C2G,3807,7/15/26 02:30,61.054,
Plot Title: 5C2G,3808,7/15/26 02:45,61.227,
Plot Title: 5C2G,3809,7/15/26 03:00,61.398,
Plot Title: 5C2G,3810,7/15/26 03:15,61.398,
Plot Title: 5C2G,3811,7/15/26 03:30,61.227,
Plot Title: 5C2G,3812,7/15/26 03:45,61.054,
Plot Title: 5C2G,3813,7/15/26 04:00,60.883,
Plot Title: 5C2G,3814,7/15/26 04:15,60.712,
Plot Title: 5C2G,3815,7/15/26 04:30,60.195,
Plot Title: 5C2G,3816,7/15/26 04:45,59.508,
Plot Title: 5C2G,3817,7/15/26 05:00,58.993,
Plot Title: 5C2G,3818,7/15/26 05:15,58.476,
Plot Title: 5C2G,3819,7/15/26 05:30,57.958,
Plot Title: 5C2G,3820,7/15/26 05:45,57.614,
Plot Title: 5C2G,3821,7/15/26 06:00,57.614,
Plot Title: 5C2G,3822,7/15/26 06:15,57.614,
Plot Title: 5C2G,3823,7/15/26 06:30,57.785,
Plot Title: 5C2G,3824,7/15/26 06:45,58.647,
Plot Title: 5C2G,3825,7/15/26 07:00,60.024,
Plot Title: 5C2G,3826,7/15/26 07:15,60.539,
Plot Title: 5C2G,3827,7/15/26 07:30,60.712,
Plot Title: 5C2G,3828,7/15/26 07:45,60.883,
Plot Title: 5C2G,3829,7/15/26 08:00,61.741,
Plot Title: 5C2G,3830,7/15/26 08:15,62.94,
Plot Title: 5C2G,3831,7/15/26 08:30,63.797,
Plot Title: 5C2G,3832,7/15/26 08:45,64.139,
Plot Title: 5C2G,3833,7/15/26 09:00,64.481,
Plot Title: 5C2G,3834,7/15/26 09:15,64.996,
Plot Title: 5C2G,3835,7/15/26 09:30,65.851,
Plot Title: 5C2G,3836,7/15/26 09:45,66.708,
Plot Title: 5C2G,3837,7/15/26 10:00,67.05,
Plot Title: 5C2G,3838,7/15/26 10:15,68.077,
Plot Title: 5C2G,3839,7/15/26 10:30,69.449,
Plot Title: 5C2G,3840,7/15/26 10:45,71.856,
Plot Title: 5C2G,3841,7/15/26 11:00,71.168,
Plot Title: 5C2G,3842,7/15/26 11:15,69.622,
Plot Title: 5C2G,3843,7/15/26 11:30,68.421,
Plot Title: 5C2G,3844,7/15/26 11:45,67.05,
Plot Title: 5C2G,3845,7/15/26 12:00,65.68,
Plot Title: 5C2G,3846,7/15/26 12:15,64.31,
Plot Title: 5C2G,3847,7/15/26 12:30,63.455,
Plot Title: 5C2G,3848,7/15/26 12:45,62.425,
Plot Title: 5C2G,3849,7/15/26 13:00,60.883,
Plot Title: 5C2G,3850,7/15/26 13:15,60.024,
Plot Title: 5C2G,3851,7/15/26 13:30,59.851,
Plot Title: 5C2G,3852,7/15/26 13:45,60.024,
Plot Title: 5C2G,3853,7/15/26 14:00,61.227,
Plot Title: 5C2G,3854,7/15/26 14:15,63.797,
Plot Title: 5C2G,3855,7/15/26 14:30,68.763,
Plot Title: 5C2G,3856,7/15/26 14:45,76.354,
Plot Title: 5C2G,3857,7/15/26 15:00,80.206,
Plot Title: 5C2G,3858,7/15/26 15:15,79.502,
Plot Title: 5C2G,3859,7/15/26 15:30,81.266,
Plot Title: 5C2G,3860,7/15/26 15:45,81.621,
Plot Title: 5C2G,3861,7/15/26 16:00,82.33,
Plot Title: 5C2G,3862,7/15/26 16:15,83.221,
Plot Title: 5C2G,3863,7/15/26 16:30,83.221,
Plot Title: 5C2G,3864,7/15/26 16:45,80.735,
Plot Title: 5C2G,3865,7/15/26 17:00,78.274,
Plot Title: 5C2G,3866,7/15/26 17:15,76.528,
Plot Title: 5C2G,3867,7/15/26 17:30,75.484,
Plot Title: 5C2G,3868,7/15/26 17:45,73.926,
Plot Title: 5C2G,3869,7/15/26 18:00,70.995,
Plot Title: 5C2G,3870,7/15/26 18:15,69.107,
Plot Title: 5C2G,3871,7/15/26 18:30,68.248,
Plot Title: 5C2G,3872,7/15/26 18:45,67.221,
Plot Title: 5C2G,3873,7/15/26 19:00,66.022,
Plot Title: 5C2G,3874,7/15/26 19:15,64.996,
Plot Title: 5C2G,3875,7/15/26 19:30,64.31,
Plot Title: 5C2G,3876,7/15/26 19:45,63.455,
Plot Title: 5C2G,3877,7/15/26 20:00,62.598,
Plot Title: 5C2G,3878,7/15/26 20:15,61.912,
Plot Title: 5C2G,3879,7/15/26 20:30,61.054,
Plot Title: 5C2G,3880,7/15/26 20:45,60.195,
Plot Title: 5C2G,3881,7/15/26 21:00,59.337,
Plot Title: 5C2G,3882,7/15/26 21:15,58.82,
Plot Title: 5C2G,3883,7/15/26 21:30,58.303,
Plot Title: 5C2G,3884,7/15/26 21:45,57.785,
Plot Title: 5C2G,3885,7/15/26 22:00,57.614,
Plot Title: 5C2G,3886,7/15/26 22:15,57.614,
Plot Title: 5C2G,3887,7/15/26 22:30,57.441,
Plot Title: 5C2G,3888,7/15/26 22:45,57.268,
Plot Title: 5C2G,3889,7/15/26 23:00,56.923,
Plot Title: 5C2G,3890,7/15/26 23:15,57.096,
Plot Title: 5C2G,3891,7/15/26 23:30,56.923,
Plot Title: 5C2G,3892,7/15/26 23:45,56.923,
Plot Title: 5C2G,3893,7/16/26 00:00,56.75,
Plot Title: 5C2G,3894,7/16/26 00:15,56.577,
Plot Title: 5C2G,3895,7/16/26 00:30,56.23,
Plot Title: 5C2G,3896,7/16/26 00:45,55.884,
Plot Title: 5C2G,3897,7/16/26 01:00,55.537,
Plot Title: 5C2G,3898,7/16/26 01:15,55.017,
Plot Title: 5C2G,3899,7/16/26 01:30,54.669,
Plot Title: 5C2G,3900,7/16/26 01:45,54.322,
Plot Title: 5C2G,3901,7/16/26 02:00,53.973,
Plot Title: 5C2G,3902,7/16/26 02:15,53.798,
Plot Title: 5C2G,3903,7/16/26 02:30,53.623,
Plot Title: 5C2G,3904,7/16/26 02:45,53.449,
Plot Title: 5C2G,3905,7/16/26 03:00,53.274,
Plot Title: 5C2G,3906,7/16/26 03:15,53.1,
Plot Title: 5C2G,3907,7/16/26 03:30,52.925,
Plot Title: 5C2G,3908,7/16/26 03:45,52.75,
Plot Title: 5C2G,3909,7/16/26 04:00,52.401,
Plot Title: 5C2G,3910,7/16/26 04:15,52.225,
Plot Title: 5C2G,3911,7/16/26 04:30,52.225,
Plot Title: 5C2G,3912,7/16/26 04:45,52.225,
Plot Title: 5C2G,3913,7/16/26 05:00,52.225,
Plot Title: 5C2G,3914,7/16/26 05:15,52.225,
Plot Title: 5C2G,3915,7/16/26 05:30,52.05,
Plot Title: 5C2G,3916,7/16/26 05:45,52.05,
Plot Title: 5C2G,3917,7/16/26 06:00,52.225,
Plot Title: 5C2G,3918,7/16/26 06:15,52.225,
Plot Title: 5C2G,3919,7/16/26 06:30,52.401,
Plot Title: 5C2G,3920,7/16/26 06:45,53.274,
Plot Title: 5C2G,3921,7/16/26 07:00,55.189,
Plot Title: 5C2G,3922,7/16/26 07:15,57.268,
Plot Title: 5C2G,3923,7/16/26 07:30,59.68,
Plot Title: 5C2G,3924,7/16/26 07:45,62.254,
Plot Title: 5C2G,3925,7/16/26 08:00,64.825,
Plot Title: 5C2G,3926,7/16/26 08:15,67.392,
Plot Title: 5C2G,3927,7/16/26 08:30,70.308,
Plot Title: 5C2G,3928,7/16/26 08:45,73.407,
Plot Title: 5C2G,3929,7/16/26 09:00,76.181,
Plot Title: 5C2G,3930,7/16/26 09:15,78.624,
Plot Title: 5C2G,3931,7/16/26 09:30,80.911,
Plot Title: 5C2G,3932,7/16/26 09:45,83.399,
Plot Title: 5C2G,3933,7/16/26 10:00,85.374,
Plot Title: 5C2G,3934,7/16/26 10:15,87.552,
Plot Title: 5C2G,3935,7/16/26 10:30,89.755,
Plot Title: 5C2G,3936,7/16/26 10:45,91.612,
Plot Title: 5C2G,3937,7/16/26 11:00,93.682,
Plot Title: 5C2G,3938,7/16/26 11:15,92.926,
Plot Title: 5C2G,3939,7/16/26 11:30,93.304,
Plot Title: 5C2G,3940,7/16/26 11:45,89.017,
Plot Title: 5C2G,3941,7/16/26 12:00,84.474,
Plot Title: 5C2G,3942,7/16/26 12:15,87.186,
Plot Title: 5C2G,3943,7/16/26 12:30,84.654,
Plot Title: 5C2G,3944,7/16/26 12:45,91.8,
Plot Title: 5C2G,3945,7/16/26 13:00,91.8,
Plot Title: 5C2G,3946,7/16/26 13:15,88.466,
Plot Title: 5C2G,3947,7/16/26 13:30,94.253,
Plot Title: 5C2G,3948,7/16/26 13:45,98.503,
Plot Title: 5C2G,3949,7/16/26 14:00,93.304,
Plot Title: 5C2G,3950,7/16/26 14:15,88.833,
Plot Title: 5C2G,3951,7/16/26 14:30,83.935,
Plot Title: 5C2G,3952,7/16/26 14:45,85.735,
Plot Title: 5C2G,3953,7/16/26 15:00,86.823,
Plot Title: 5C2G,3954,7/16/26 15:15,88.65,
Plot Title: 5C2G,3955,7/16/26 15:30,86.641,
Plot Title: 5C2G,3956,7/16/26 15:45,85.554,
Plot Title: 5C2G,3957,7/16/26 16:00,85.014,
Plot Title: 5C2G,3958,7/16/26 16:15,83.579,
Plot Title: 5C2G,3959,7/16/26 16:30,81.797,
Plot Title: 5C2G,3960,7/16/26 16:45,81.266,
Plot Title: 5C2G,3961,7/16/26 17:00,81.442,
Plot Title: 5C2G,3962,7/16/26 17:15,81.797,
Plot Title: 5C2G,3963,7/16/26 17:30,81.975,
Plot Title: 5C2G,3964,7/16/26 17:45,80.735,
Plot Title: 5C2G,3965,7/16/26 18:00,79.326,
Plot Title: 5C2G,3966,7/16/26 18:15,77.923,
Plot Title: 5C2G,3967,7/16/26 18:30,75.659,
Plot Title: 5C2G,3968,7/16/26 18:45,73.926,
Plot Title: 5C2G,3969,7/16/26 19:00,72.372,
Plot Title: 5C2G,3970,7/16/26 19:15,70.995,
Plot Title: 5C2G,3971,7/16/26 19:30,69.964,
Plot Title: 5C2G,3972,7/16/26 19:45,68.934,
Plot Title: 5C2G,3973,7/16/26 20:00,68.248,
Plot Title: 5C2G,3974,7/16/26 20:15,67.564,
Plot Title: 5C2G,3975,7/16/26 20:30,67.05,
Plot Title: 5C2G,3976,7/16/26 20:45,66.366,
Plot Title: 5C2G,3977,7/16/26 21:00,65.509,
Plot Title: 5C2G,3978,7/16/26 21:15,64.652,
Plot Title: 5C2G,3979,7/16/26 21:30,63.968,
Plot Title: 5C2G,3980,7/16/26 21:45,63.282,
Plot Title: 5C2G,3981,7/16/26 22:00,62.769,
Plot Title: 5C2G,3982,7/16/26 22:15,62.425,
Plot Title: 5C2G,3983,7/16/26 22:30,62.254,
Plot Title: 5C2G,3984,7/16/26 22:45,62.254,
Plot Title: 5C2G,3985,7/16/26 23:00,62.254,
Plot Title: 5C2G,3986,7/16/26 23:15,62.425,
Plot Title: 5C2G,3987,7/16/26 23:30,62.254,
Plot Title: 5C2G,3988,7/16/26 23:45,61.912,
Plot Title: 5C2G,3989,7/17/26 00:00,61.569,
Plot Title: 5C2G,3990,7/17/26 00:15,61.398,
Plot Title: 5C2G,3991,7/17/26 00:30,61.227,
Plot Title: 5C2G,3992,7/17/26 00:45,60.883,
Plot Title: 5C2G,3993,7/17/26 01:00,60.024,
Plot Title: 5C2G,3994,7/17/26 01:15,59.337,
Plot Title: 5C2G,3995,7/17/26 01:30,58.82,
Plot Title: 5C2G,3996,7/17/26 01:45,58.476,
Plot Title: 5C2G,3997,7/17/26 02:00,58.303,
Plot Title: 5C2G,3998,7/17/26 02:15,58.131,
Plot Title: 5C2G,3999,7/17/26 02:30,57.614,
Plot Title: 5C2G,4000,7/17/26 02:45,56.75,
Plot Title: 5C2G,4001,7/17/26 03:00,55.711,
Plot Title: 5C2G,4002,7/17/26 03:15,55.189,
Plot Title: 5C2G,4003,7/17/26 03:30,54.495,
Plot Title: 5C2G,4004,7/17/26 03:45,54.147,
Plot Title: 5C2G,4005,7/17/26 04:00,53.798,
Plot Title: 5C2G,4006,7/17/26 04:15,53.798,
Plot Title: 5C2G,4007,7/17/26 04:30,53.973,
Plot Title: 5C2G,4008,7/17/26 04:45,53.973,
Plot Title: 5C2G,4009,7/17/26 05:00,53.798,
Plot Title: 5C2G,4010,7/17/26 05:15,53.623,
Plot Title: 5C2G,4011,7/17/26 05:30,53.623,
Plot Title: 5C2G,4012,7/17/26 05:45,53.623,
Plot Title: 5C2G,4013,7/17/26 06:00,53.798,
Plot Title: 5C2G,4014,7/17/26 06:15,53.973,
Plot Title: 5C2G,4015,7/17/26 06:30,54.147,
Plot Title: 5C2G,4016,7/17/26 06:45,54.322,
Plot Title: 5C2G,4017,7/17/26 07:00,54.147,
Plot Title: 5C2G,4018,7/17/26 07:15,54.147,
Plot Title: 5C2G,4019,7/17/26 07:30,54.495,
Plot Title: 5C2G,4020,7/17/26 07:45,55.189,
Plot Title: 5C2G,4021,7/17/26 08:00,56.404,
Plot Title: 5C2G,4022,7/17/26 08:15,57.441,
Plot Title: 5C2G,4023,7/17/26 08:30,59.508,
Plot Title: 5C2G,4024,7/17/26 08:45,61.741,
Plot Title: 5C2G,4025,7/17/26 09:00,64.31,
Plot Title: 5C2G,4026,7/17/26 09:15,64.996,
Plot Title: 5C2G,4027,7/17/26 09:30,64.481,
Plot Title: 5C2G,4028,7/17/26 09:45,63.626,
Plot Title: 5C2G,4029,7/17/26 10:00,63.797,
Plot Title: 5C2G,4030,7/17/26 10:15,64.996,
Plot Title: 5C2G,4031,7/17/26 10:30,67.735,
Plot Title: 5C2G,4032,7/17/26 10:45,71.168,
Plot Title: 5C2G,4033,7/17/26 11:00,74.446,
Plot Title: 5C2G,4034,7/17/26 11:15,78.098,
Plot Title: 5C2G,4035,7/17/26 11:30,80.911,
Plot Title: 5C2G,4036,7/17/26 11:45,84.115,
Plot Title: 5C2G,4037,7/17/26 12:00,86.641,
Plot Title: 5C2G,4038,7/17/26 12:15,88.65,
Plot Title: 5C2G,4039,7/17/26 12:30,91.425,
Plot Title: 5C2G,4040,7/17/26 12:45,85.554,
Plot Title: 5C2G,4041,7/17/26 13:00,82.508,
Plot Title: 5C2G,4042,7/17/26 13:15,84.834,
Plot Title: 5C2G,4043,7/17/26 13:30,88.65,
Plot Title: 5C2G,4044,7/17/26 13:45,89.2,
Plot Title: 5C2G,4045,7/17/26 14:00,85.194,
Plot Title: 5C2G,4046,7/17/26 14:15,82.686,
Plot Title: 5C2G,4047,7/17/26 14:30,81.621,
Plot Title: 5C2G,4048,7/17/26 14:45,81.266,
Plot Title: 5C2G,4049,7/17/26 15:00,83.579,
Plot Title: 5C2G,4050,7/17/26 15:15,87.733,
Plot Title: 5C2G,4051,7/17/26 15:30,88.099,
Plot Title: 5C2G,4052,7/17/26 15:45,85.735,
Plot Title: 5C2G,4053,7/17/26 16:00,83.043,
Plot Title: 5C2G,4054,7/17/26 16:15,81.09,
Plot Title: 5C2G,4055,7/17/26 16:30,80.029,
Plot Title: 5C2G,4056,7/17/26 16:45,78.098,
Plot Title: 5C2G,4057,7/17/26 17:00,76.006,
Plot Title: 5C2G,4058,7/17/26 17:15,74.098,
Plot Title: 5C2G,4059,7/17/26 17:30,72.891,
Plot Title: 5C2G,4060,7/17/26 17:45,71.683,
Plot Title: 5C2G,4061,7/17/26 18:00,70.137,
Plot Title: 5C2G,4062,7/17/26 18:15,68.763,
Plot Title: 5C2G,4063,7/17/26 18:30,67.392,
Plot Title: 5C2G,4064,7/17/26 18:45,66.537,
Plot Title: 5C2G,4065,7/17/26 19:00,66.022,
Plot Title: 5C2G,4066,7/17/26 19:15,66.022,
Plot Title: 5C2G,4067,7/17/26 19:30,66.022,
Plot Title: 5C2G,4068,7/17/26 19:45,66.022,
Plot Title: 5C2G,4069,7/17/26 20:00,65.509,
Plot Title: 5C2G,4070,7/17/26 20:15,64.825,
Plot Title: 5C2G,4071,7/17/26 20:30,64.139,
Plot Title: 5C2G,4072,7/17/26 20:45,63.455,
Plot Title: 5C2G,4073,7/17/26 21:00,62.769,
Plot Title: 5C2G,4074,7/17/26 21:15,62.083,
Plot Title: 5C2G,4075,7/17/26 21:30,61.741,
Plot Title: 5C2G,4076,7/17/26 21:45,61.741,
Plot Title: 5C2G,4077,7/17/26 22:00,61.569,
Plot Title: 5C2G,4078,7/17/26 22:15,61.569,
Plot Title: 5C2G,4079,7/17/26 22:30,60.539,
Plot Title: 5C2G,4080,7/17/26 22:45,57.268,
Plot Title: 5C2G,4081,7/17/26 23:00,56.577,
Plot Title: 5C2G,4082,7/17/26 23:15,56.057,
Plot Title: 5C2G,4083,7/17/26 23:30,55.711,
Plot Title: 5C2G,4084,7/17/26 23:45,55.884,
Plot Title: 5C2G,4085,7/18/26 00:00,56.057,
Plot Title: 5C2G,4086,7/18/26 00:15,56.057,
Plot Title: 5C2G,4087,7/18/26 00:30,55.711,
Plot Title: 5C2G,4088,7/18/26 00:45,55.364,
Plot Title: 5C2G,4089,7/18/26 01:00,55.017,
Plot Title: 5C2G,4090,7/18/26 01:15,54.842,
Plot Title: 5C2G,4091,7/18/26 01:30,54.669,
Plot Title: 5C2G,4092,7/18/26 01:45,54.669,
Plot Title: 5C2G,4093,7/18/26 02:00,54.495,
Plot Title: 5C2G,4094,7/18/26 02:15,54.147,
Plot Title: 5C2G,4095,7/18/26 02:30,53.798,
Plot Title: 5C2G,4096,7/18/26 02:45,53.798,
Plot Title: 5C2G,4097,7/18/26 03:00,53.973,
Plot Title: 5C2G,4098,7/18/26 03:15,53.973,
Plot Title: 5C2G,4099,7/18/26 03:30,53.798,
Plot Title: 5C2G,4100,7/18/26 03:45,53.973,
Plot Title: 5C2G,4101,7/18/26 04:00,54.147,
Plot Title: 5C2G,4102,7/18/26 04:15,53.798,
Plot Title: 5C2G,4103,7/18/26 04:30,53.1,
Plot Title: 5C2G,4104,7/18/26 04:45,52.576,
Plot Title: 5C2G,4105,7/18/26 05:00,52.225,
Plot Title: 5C2G,4106,7/18/26 05:15,52.05,
Plot Title: 5C2G,4107,7/18/26 05:30,51.699,
Plot Title: 5C2G,4108,7/18/26 05:45,51.523,
Plot Title: 5C2G,4109,7/18/26 06:00,51.172,
Plot Title: 5C2G,4110,7/18/26 06:15,51.172,
Plot Title: 5C2G,4111,7/18/26 06:30,51.172,
Plot Title: 5C2G,4112,7/18/26 06:45,52.576,
Plot Title: 5C2G,4113,7/18/26 07:00,54.842,
Plot Title: 5C2G,4114,7/18/26 07:15,57.441,
Plot Title: 5C2G,4115,7/18/26 07:30,59.851,
Plot Title: 5C2G,4116,7/18/26 07:45,62.425,
Plot Title: 5C2G,4117,7/18/26 08:00,64.652,
Plot Title: 5C2G,4118,7/18/26 08:15,66.193,
Plot Title: 5C2G,4119,7/18/26 08:30,69.107,
Plot Title: 5C2G,4120,7/18/26 08:45,71.512,
Plot Title: 5C2G,4121,7/18/26 09:00,74.098,
Plot Title: 5C2G,4122,7/18/26 09:15,76.006,
Plot Title: 5C2G,4123,7/18/26 09:30,78.098,
Plot Title: 5C2G,4124,7/18/26 09:45,80.029,
Plot Title: 5C2G,4125,7/18/26 10:00,82.508,
Plot Title: 5C2G,4126,7/18/26 10:15,85.194,
Plot Title: 5C2G,4127,7/18/26 10:30,86.823,
Plot Title: 5C2G,4128,7/18/26 10:45,84.654,
Plot Title: 5C2G,4129,7/18/26 11:00,87.915,
Plot Title: 5C2G,4130,7/18/26 11:15,85.554,
Plot Title: 5C2G,4131,7/18/26 11:30,85.374,
Plot Title: 5C2G,4132,7/18/26 11:45,88.833,
Plot Title: 5C2G,4133,7/18/26 12:00,90.124,
Plot Title: 5C2G,4134,7/18/26 12:15,91.987,
Plot Title: 5C2G,4135,7/18/26 12:30,90.309,
Plot Title: 5C2G,4136,7/18/26 12:45,91.24,
Plot Title: 5C2G,4137,7/18/26 13:00,93.304,
Plot Title: 5C2G,4138,7/18/26 13:15,94.253,
Plot Title: 5C2G,4139,7/18/26 13:30,94.253,
Plot Title: 5C2G,4140,7/18/26 13:45,94.633,
Plot Title: 5C2G,4141,7/18/26 14:00,93.493,
Plot Title: 5C2G,4142,7/18/26 14:15,93.493,
Plot Title: 5C2G,4143,7/18/26 14:30,94.062,
Plot Title: 5C2G,4144,7/18/26 14:45,93.115,
Plot Title: 5C2G,4145,7/18/26 15:00,92.174,
Plot Title: 5C2G,4146,7/18/26 15:15,90.68,
Plot Title: 5C2G,4147,7/18/26 15:30,86.823,
Plot Title: 5C2G,4148,7/18/26 15:45,87.733,
Plot Title: 5C2G,4149,7/18/26 16:00,85.735,
Plot Title: 5C2G,4150,7/18/26 16:15,83.935,
Plot Title: 5C2G,4151,7/18/26 16:30,81.621,
Plot Title: 5C2G,4152,7/18/26 16:45,80.206,
Plot Title: 5C2G,4153,7/18/26 17:00,78.8,
Plot Title: 5C2G,4154,7/18/26 17:15,77.574,
Plot Title: 5C2G,4155,7/18/26 17:30,76.354,
Plot Title: 5C2G,4156,7/18/26 17:45,75.832,
Plot Title: 5C2G,4157,7/18/26 18:00,74.619,
Plot Title: 5C2G,4158,7/18/26 18:15,73.062,
Plot Title: 5C2G,4159,7/18/26 18:30,71.512,
Plot Title: 5C2G,4160,7/18/26 18:45,70.651,
Plot Title: 5C2G,4161,7/18/26 19:00,68.592,
Plot Title: 5C2G,4162,7/18/26 19:15,66.022,
Plot Title: 5C2G,4163,7/18/26 19:30,64.825,
Plot Title: 5C2G,4164,7/18/26 19:45,63.797,
Plot Title: 5C2G,4165,7/18/26 20:00,62.769,
Plot Title: 5C2G,4166,7/18/26 20:15,62.083,
Plot Title: 5C2G,4167,7/18/26 20:30,61.227,
Plot Title: 5C2G,4168,7/18/26 20:45,60.539,
Plot Title: 5C2G,4169,7/18/26 21:00,60.539,
Plot Title: 5C2G,4170,7/18/26 21:15,59.851,
Plot Title: 5C2G,4171,7/18/26 21:30,58.647,
Plot Title: 5C2G,4172,7/18/26 21:45,57.785,
Plot Title: 5C2G,4173,7/18/26 22:00,57.268,
Plot Title: 5C2G,4174,7/18/26 22:15,57.096,
Plot Title: 5C2G,4175,7/18/26 22:30,56.923,
Plot Title: 5C2G,4176,7/18/26 22:45,56.923,
Plot Title: 5C2G,4177,7/18/26 23:00,56.923,
Plot Title: 5C2G,4178,7/18/26 23:15,57.268,
Plot Title: 5C2G,4179,7/18/26 23:30,57.268,
Plot Title: 5C2G,4180,7/18/26 23:45,57.096,
Plot Title: 5C2G,4181,7/19/26 00:00,56.923,
Plot Title: 5C2G,4182,7/19/26 00:15,56.404,
Plot Title: 5C2G,4183,7/19/26 00:30,55.537,
Plot Title: 5C2G,4184,7/19/26 00:45,55.189,
Plot Title: 5C2G,4185,7/19/26 01:00,54.842,
Plot Title: 5C2G,4186,7/19/26 01:15,55.017,
Plot Title: 5C2G,4187,7/19/26 01:30,54.842,
Plot Title: 5C2G,4188,7/19/26 01:45,54.842,
Plot Title: 5C2G,4189,7/19/26 02:00,54.842,
Plot Title: 5C2G,4190,7/19/26 02:15,54.495,
Plot Title: 5C2G,4191,7/19/26 02:30,53.798,
Plot Title: 5C2G,4192,7/19/26 02:45,53.1,
Plot Title: 5C2G,4193,7/19/26 03:00,52.75,
Plot Title: 5C2G,4194,7/19/26 03:15,52.401,
Plot Title: 5C2G,4195,7/19/26 03:30,52.225,
Plot Title: 5C2G,4196,7/19/26 03:45,52.05,
Plot Title: 5C2G,4197,7/19/26 04:00,51.874,
Plot Title: 5C2G,4198,7/19/26 04:15,51.699,
Plot Title: 5C2G,4199,7/19/26 04:30,51.523,
Plot Title: 5C2G,4200,7/19/26 04:45,51.523,
Plot Title: 5C2G,4201,7/19/26 05:00,51.346,
Plot Title: 5C2G,4202,7/19/26 05:15,51.172,
Plot Title: 5C2G,4203,7/19/26 05:30,50.995,
Plot Title: 5C2G,4204,7/19/26 05:45,50.819,
Plot Title: 5C2G,4205,7/19/26 06:00,50.819,
Plot Title: 5C2G,4206,7/19/26 06:15,50.819,
Plot Title: 5C2G,4207,7/19/26 06:30,50.995,
Plot Title: 5C2G,4208,7/19/26 06:45,52.225,
Plot Title: 5C2G,4209,7/19/26 07:00,54.322,
Plot Title: 5C2G,4210,7/19/26 07:15,56.404,
Plot Title: 5C2G,4211,7/19/26 07:30,58.647,
Plot Title: 5C2G,4212,7/19/26 07:45,61.054,
Plot Title: 5C2G,4213,7/19/26 08:00,63.626,
Plot Title: 5C2G,4214,7/19/26 08:15,66.022,
Plot Title: 5C2G,4215,7/19/26 08:30,68.592,
Plot Title: 5C2G,4216,7/19/26 08:45,70.995,
Plot Title: 5C2G,4217,7/19/26 09:00,73.062,
Plot Title: 5C2G,4218,7/19/26 09:15,74.964,
Plot Title: 5C2G,4219,7/19/26 09:30,77.05,
Plot Title: 5C2G,4220,7/19/26 09:45,78.975,
Plot Title: 5C2G,4221,7/19/26 10:00,81.09,
Plot Title: 5C2G,4222,7/19/26 10:15,82.686,
Plot Title: 5C2G,4223,7/19/26 10:30,84.295,
Plot Title: 5C2G,4224,7/19/26 10:45,85.735,
Plot Title: 5C2G,4225,7/19/26 11:00,86.823,
Plot Title: 5C2G,4226,7/19/26 11:15,87.552,
Plot Title: 5C2G,4227,7/19/26 11:30,89.2,
Plot Title: 5C2G,4228,7/19/26 11:45,90.124,
Plot Title: 5C2G,4229,7/19/26 12:00,91.24,
Plot Title: 5C2G,4230,7/19/26 12:15,91.987,
Plot Title: 5C2G,4231,7/19/26 12:30,91.8,
Plot Title: 5C2G,4232,7/19/26 12:45,91.425,
Plot Title: 5C2G,4233,7/19/26 13:00,92.926,
Plot Title: 5C2G,4234,7/19/26 13:15,93.493,
Plot Title: 5C2G,4235,7/19/26 13:30,95.4,
Plot Title: 5C2G,4236,7/19/26 13:45,95.59,
Plot Title: 5C2G,4237,7/19/26 14:00,96.361,
Plot Title: 5C2G,4238,7/19/26 14:15,96.942,
Plot Title: 5C2G,4239,7/19/26 14:30,96.942,
Plot Title: 5C2G,4240,7/19/26 14:45,98.503,
Plot Title: 5C2G,4241,7/19/26 15:00,96.942,
Plot Title: 5C2G,4242,7/19/26 15:15,96.555,
Plot Title: 5C2G,4243,7/19/26 15:30,95.783,
Plot Title: 5C2G,4244,7/19/26 15:45,94.633,
Plot Title: 5C2G,4245,7/19/26 16:00,92.55,
Plot Title: 5C2G,4246,7/19/26 16:15,92.174,
Plot Title: 5C2G,4247,7/19/26 16:30,89.938,
Plot Title: 5C2G,4248,7/19/26 16:45,86.823,
Plot Title: 5C2G,4249,7/19/26 17:00,85.374,
Plot Title: 5C2G,4250,7/19/26 17:15,82.152,
Plot Title: 5C2G,4251,7/19/26 17:30,79.326,
Plot Title: 5C2G,4252,7/19/26 17:45,76.528,
Plot Title: 5C2G,4253,7/19/26 18:00,74.791,
Plot Title: 5C2G,4254,7/19/26 18:15,74.098,
Plot Title: 5C2G,4255,7/19/26 18:30,73.407,
Plot Title: 5C2G,4256,7/19/26 18:45,73.062,
Plot Title: 5C2G,4257,7/19/26 19:00,72.372,
Plot Title: 5C2G,4258,7/19/26 19:15,71.339,
Plot Title: 5C2G,4259,7/19/26 19:30,70.137,
Plot Title: 5C2G,4260,7/19/26 19:45,69.449,
Plot Title: 5C2G,4261,7/19/26 20:00,68.077,
Plot Title: 5C2G,4262,7/19/26 20:15,66.708,
Plot Title: 5C2G,4263,7/19/26 20:30,65.509,
Plot Title: 5C2G,4264,7/19/26 20:45,64.996,
Plot Title: 5C2G,4265,7/19/26 21:00,64.31,
Plot Title: 5C2G,4266,7/19/26 21:15,63.968,
Plot Title: 5C2G,4267,7/19/26 21:30,63.797,
Plot Title: 5C2G,4268,7/19/26 21:45,62.598,
Plot Title: 5C2G,4269,7/19/26 22:00,61.569,
Plot Title: 5C2G,4270,7/19/26 22:15,60.712,
Plot Title: 5C2G,4271,7/19/26 22:30,60.024,
Plot Title: 5C2G,4272,7/19/26 22:45,59.337,
Plot Title: 5C2G,4273,7/19/26 23:00,58.647,
Plot Title: 5C2G,4274,7/19/26 23:15,57.958,
Plot Title: 5C2G,4275,7/19/26 23:30,57.441,
Plot Title: 5C2G,4276,7/19/26 23:45,56.75,
Plot Title: 5C2G,4277,7/20/26 00:00,56.23,
Plot Title: 5C2G,4278,7/20/26 00:15,55.884,
Plot Title: 5C2G,4279,7/20/26 00:30,55.364,
Plot Title: 5C2G,4280,7/20/26 00:45,55.017,
Plot Title: 5C2G,4281,7/20/26 01:00,54.495,
Plot Title: 5C2G,4282,7/20/26 01:15,54.147,
Plot Title: 5C2G,4283,7/20/26 01:30,53.798,
Plot Title: 5C2G,4284,7/20/26 01:45,53.274,
Plot Title: 5C2G,4285,7/20/26 02:00,52.925,
Plot Title: 5C2G,4286,7/20/26 02:15,52.576,
Plot Title: 5C2G,4287,7/20/26 02:30,52.401,
Plot Title: 5C2G,4288,7/20/26 02:45,52.05,
Plot Title: 5C2G,4289,7/20/26 03:00,51.699,
Plot Title: 5C2G,4290,7/20/26 03:15,51.523,
Plot Title: 5C2G,4291,7/20/26 03:30,51.172,
Plot Title: 5C2G,4292,7/20/26 03:45,50.995,
Plot Title: 5C2G,4293,7/20/26 04:00,50.819,
Plot Title: 5C2G,4294,7/20/26 04:15,50.643,
Plot Title: 5C2G,4295,7/20/26 04:30,50.466,
Plot Title: 5C2G,4296,7/20/26 04:45,50.29,
Plot Title: 5C2G,4297,7/20/26 05:00,49.937,
Plot Title: 5C2G,4298,7/20/26 05:15,49.759,
Plot Title: 5C2G,4299,7/20/26 05:30,49.582,
Plot Title: 5C2G,4300,7/20/26 05:45,49.404,
Plot Title: 5C2G,4301,7/20/26 06:00,49.228,
Plot Title: 5C2G,4302,7/20/26 06:15,49.228,
Plot Title: 5C2G,4303,7/20/26 06:30,50.29,
Plot Title: 5C2G,4304,7/20/26 06:45,52.576,
Plot Title: 5C2G,4305,7/20/26 07:00,54.495,
Plot Title: 5C2G,4306,7/20/26 07:15,56.404,
Plot Title: 5C2G,4307,7/20/26 07:30,58.993,
Plot Title: 5C2G,4308,7/20/26 07:45,62.254,
Plot Title: 5C2G,4309,7/20/26 08:00,60.368,
Plot Title: 5C2G,4310,7/20/26 08:15,65.167,
Plot Title: 5C2G,4311,7/20/26 08:30,69.278,
Plot Title: 5C2G,4312,7/20/26 08:45,70.308,
Plot Title: 5C2G,4313,7/20/26 09:00,68.248,
Plot Title: 5C2G,4314,7/20/26 09:15,74.446,
Plot Title: 5C2G,4315,7/20/26 09:30,74.964,
Plot Title: 5C2G,4316,7/20/26 09:45,75.139,
Plot Title: 5C2G,4317,7/20/26 10:00,77.923,
Plot Title: 5C2G,4318,7/20/26 10:15,75.659,
Plot Title: 5C2G,4319,7/20/26 10:30,74.619,
Plot Title: 5C2G,4320,7/20/26 10:45,75.484,
Plot Title: 5C2G,4321,7/20/26 11:00,77.574,
Plot Title: 5C2G,4322,7/20/26 11:15,77.05,
Plot Title: 5C2G,4323,7/20/26 11:30,73.753,
Plot Title: 5C2G,4324,7/20/26 11:45,74.446,
Plot Title: 5C2G,4325,7/20/26 12:00,76.703,
Plot Title: 5C2G,4326,7/20/26 12:15,75.484,
Plot Title: 5C2G,4327,7/20/26 12:30,83.935,
Plot Title: 5C2G,4328,7/20/26 12:45,82.864,
Plot Title: 5C2G,4329,7/20/26 13:00,84.834,
Plot Title: 5C2G,4330,7/20/26 13:15,93.304,
Plot Title: 5C2G,4331,7/20/26 13:30,96.555,
Plot Title: 5C2G,4332,7/20/26 13:45,98.11,
Plot Title: 5C2G,4333,7/20/26 14:00,99.291,
Plot Title: 5C2G,4334,7/20/26 14:15,98.307,
Plot Title: 5C2G,4335,7/20/26 14:30,93.873,
Plot Title: 5C2G,4336,7/20/26 14:45,92.55,
Plot Title: 5C2G,4337,7/20/26 15:00,90.309,
Plot Title: 5C2G,4338,7/20/26 15:15,89.384,
Plot Title: 5C2G,4339,7/20/26 15:30,92.55,
Plot Title: 5C2G,4340,7/20/26 15:45,92.926,
Plot Title: 5C2G,4341,7/20/26 16:00,91.987,
Plot Title: 5C2G,4342,7/20/26 16:15,90.495,
Plot Title: 5C2G,4343,7/20/26 16:30,88.282,
Plot Title: 5C2G,4344,7/20/26 16:45,85.014,
Plot Title: 5C2G,4345,7/20/26 17:00,83.757,
Plot Title: 5C2G,4346,7/20/26 17:15,83.757,
Plot Title: 5C2G,4347,7/20/26 17:30,81.797,
Plot Title: 5C2G,4348,7/20/26 17:45,80.559,
Plot Title: 5C2G,4349,7/20/26 18:00,78.8,
Plot Title: 5C2G,4350,7/20/26 18:15,77.05,
Plot Title: 5C2G,4351,7/20/26 18:30,74.446,
Plot Title: 5C2G,4352,7/20/26 18:45,72.718,
Plot Title: 5C2G,4353,7/20/26 19:00,73.062,
Plot Title: 5C2G,4354,7/20/26 19:15,72.891,
Plot Title: 5C2G,4355,7/20/26 19:30,72.199,
Plot Title: 5C2G,4356,7/20/26 19:45,70.824,
Plot Title: 5C2G,4357,7/20/26 20:00,69.793,
Plot Title: 5C2G,4358,7/20/26 20:15,68.763,
Plot Title: 5C2G,4359,7/20/26 20:30,67.906,
Plot Title: 5C2G,4360,7/20/26 20:45,66.537,
Plot Title: 5C2G,4361,7/20/26 21:00,65.68,
Plot Title: 5C2G,4362,7/20/26 21:15,64.652,
Plot Title: 5C2G,4363,7/20/26 21:30,63.797,
Plot Title: 5C2G,4364,7/20/26 21:45,63.626,
Plot Title: 5C2G,4365,7/20/26 22:00,63.111,
Plot Title: 5C2G,4366,7/20/26 22:15,61.912,
Plot Title: 5C2G,4367,7/20/26 22:30,61.398,
Plot Title: 5C2G,4368,7/20/26 22:45,60.883,
Plot Title: 5C2G,4369,7/20/26 23:00,59.851,
Plot Title: 5C2G,4370,7/20/26 23:15,58.993,
Plot Title: 5C2G,4371,7/20/26 23:30,58.476,
Plot Title: 5C2G,4372,7/20/26 23:45,57.958,
Plot Title: 5C2G,4373,7/21/26 00:00,57.441,
Plot Title: 5C2G,4374,7/21/26 00:15,56.923,
Plot Title: 5C2G,4375,7/21/26 00:30,56.577,
Plot Title: 5C2G,4376,7/21/26 00:45,56.23,
Plot Title: 5C2G,4377,7/21/26 01:00,55.884,
Plot Title: 5C2G,4378,7/21/26 01:15,55.711,
Plot Title: 5C2G,4379,7/21/26 01:30,55.364,
Plot Title: 5C2G,4380,7/21/26 01:45,55.189,
Plot Title: 5C2G,4381,7/21/26 02:00,54.842,
Plot Title: 5C2G,4382,7/21/26 02:15,54.495,
Plot Title: 5C2G,4383,7/21/26 02:30,54.322,
Plot Title: 5C2G,4384,7/21/26 02:45,53.798,
Plot Title: 5C2G,4385,7/21/26 03:00,53.623,
Plot Title: 5C2G,4386,7/21/26 03:15,53.449,
Plot Title: 5C2G,4387,7/21/26 03:30,53.623,
Plot Title: 5C2G,4388,7/21/26 03:45,53.798,
Plot Title: 5C2G,4389,7/21/26 04:00,53.274,
Plot Title: 5C2G,4390,7/21/26 04:15,53.274,
Plot Title: 5C2G,4391,7/21/26 04:30,53.973,
Plot Title: 5C2G,4392,7/21/26 04:45,54.322,
Plot Title: 5C2G,4393,7/21/26 05:00,54.669,
Plot Title: 5C2G,4394,7/21/26 05:15,54.842,
Plot Title: 5C2G,4395,7/21/26 05:30,54.842,
Plot Title: 5C2G,4396,7/21/26 05:45,55.017,
Plot Title: 5C2G,4397,7/21/26 06:00,55.017,
Plot Title: 5C2G,4398,7/21/26 06:15,55.017,
Plot Title: 5C2G,4399,7/21/26 06:30,54.842,
Plot Title: 5C2G,4400,7/21/26 06:45,55.017,
Plot Title: 5C2G,4401,7/21/26 07:00,54.842,
Plot Title: 5C2G,4402,7/21/26 07:15,54.669,
Plot Title: 5C2G,4403,7/21/26 07:30,55.537,
Plot Title: 5C2G,4404,7/21/26 07:45,56.577,
Plot Title: 5C2G,4405,7/21/26 08:00,57.614,
Plot Title: 5C2G,4406,7/21/26 08:15,58.647,
Plot Title: 5C2G,4407,7/21/26 08:30,60.024,
Plot Title: 5C2G,4408,7/21/26 08:45,67.906,
Plot Title: 5C2G,4409,7/21/26 09:00,69.793,
Plot Title: 5C2G,4410,7/21/26 09:15,67.735,
Plot Title: 5C2G,4411,7/21/26 09:30,67.221,
Plot Title: 5C2G,4412,7/21/26 09:45,68.421,
Plot Title: 5C2G,4413,7/21/26 10:00,66.879,
Plot Title: 5C2G,4414,7/21/26 10:15,66.022,
Plot Title: 5C2G,4415,7/21/26 10:30,68.592,
Plot Title: 5C2G,4416,7/21/26 10:45,67.564,
Plot Title: 5C2G,4417,7/21/26 11:00,66.022,
Plot Title: 5C2G,4418,7/21/26 11:15,64.31,
Plot Title: 5C2G,4419,7/21/26 11:30,62.94,
Plot Title: 5C2G,4420,7/21/26 11:45,63.455,
Plot Title: 5C2G,4421,7/21/26 12:00,63.968,
Plot Title: 5C2G,4422,7/21/26 12:15,63.797,
Plot Title: 5C2G,4423,7/21/26 12:30,65.509,
Plot Title: 5C2G,4424,7/21/26 12:45,64.825,
Plot Title: 5C2G,4425,7/21/26 13:00,63.797,
Plot Title: 5C2G,4426,7/21/26 13:15,63.111,
Plot Title: 5C2G,4427,7/21/26 13:30,62.425,
Plot Title: 5C2G,4428,7/21/26 13:45,62.254,
Plot Title: 5C2G,4429,7/21/26 14:00,61.912,
Plot Title: 5C2G,4430,7/21/26 14:15,61.741,
Plot Title: 5C2G,4431,7/21/26 14:30,61.227,
Plot Title: 5C2G,4432,7/21/26 14:45,62.083,
Plot Title: 5C2G,4433,7/21/26 15:00,65.509,
Plot Title: 5C2G,4434,7/21/26 15:15,70.995,
Plot Title: 5C2G,4435,7/21/26 15:30,77.574,
Plot Title: 5C2G,4436,7/21/26 15:45,79.502,
Plot Title: 5C2G,4437,7/21/26 16:00,80.382,
Plot Title: 5C2G,4438,7/21/26 16:15,79.853,
Plot Title: 5C2G,4439,7/21/26 16:30,78.624,
Plot Title: 5C2G,4440,7/21/26 16:45,76.354,
Plot Title: 5C2G,4441,7/21/26 17:00,74.964,
Plot Title: 5C2G,4442,7/21/26 17:15,73.407,
Plot Title: 5C2G,4443,7/21/26 17:30,72.028,
Plot Title: 5C2G,4444,7/21/26 17:45,70.137,
Plot Title: 5C2G,4445,7/21/26 18:00,68.763,
Plot Title: 5C2G,4446,7/21/26 18:15,68.248,
Plot Title: 5C2G,4447,7/21/26 18:30,67.735,
Plot Title: 5C2G,4448,7/21/26 18:45,67.564,
Plot Title: 5C2G,4449,7/21/26 19:00,67.735,
Plot Title: 5C2G,4450,7/21/26 19:15,67.221,
Plot Title: 5C2G,4451,7/21/26 19:30,65.509,
Plot Title: 5C2G,4452,7/21/26 19:45,64.139,
Plot Title: 5C2G,4453,7/21/26 20:00,63.797,
Plot Title: 5C2G,4454,7/21/26 20:15,63.626,
Plot Title: 5C2G,4455,7/21/26 20:30,63.111,
Plot Title: 5C2G,4456,7/21/26 20:45,62.425,
Plot Title: 5C2G,4457,7/21/26 21:00,61.569,
Plot Title: 5C2G,4458,7/21/26 21:15,61.227,
Plot Title: 5C2G,4459,7/21/26 21:30,60.883,
Plot Title: 5C2G,4460,7/21/26 21:45,60.368,
Plot Title: 5C2G,4461,7/21/26 22:00,60.024,
Plot Title: 5C2G,4462,7/21/26 22:15,59.851,
Plot Title: 5C2G,4463,7/21/26 22:30,59.851,
Plot Title: 5C2G,4464,7/21/26 22:45,59.68,
Plot Title: 5C2G,4465,7/21/26 23:00,59.337,
Plot Title: 5C2G,4466,7/21/26 23:15,59.337,
Plot Title: 5C2G,4467,7/21/26 23:30,58.647,
Plot Title: 5C2G,4468,7/21/26 23:45,58.303,
Plot Title: 5C2G,4469,7/22/26 00:00,57.958,
Plot Title: 5C2G,4470,7/22/26 00:15,57.268,
Plot Title: 5C2G,4471,7/22/26 00:30,57.268,
Plot Title: 5C2G,4472,7/22/26 00:45,57.614,
Plot Title: 5C2G,4473,7/22/26 01:00,57.441,
Plot Title: 5C2G,4474,7/22/26 01:15,57.096,
Plot Title: 5C2G,4475,7/22/26 01:30,56.923,
Plot Title: 5C2G,4476,7/22/26 01:45,56.404,
Plot Title: 5C2G,4477,7/22/26 02:00,55.884,
Plot Title: 5C2G,4478,7/22/26 02:15,55.364,
Plot Title: 5C2G,4479,7/22/26 02:30,55.017,
Plot Title: 5C2G,4480,7/22/26 02:45,54.842,
Plot Title: 5C2G,4481,7/22/26 03:00,54.322,
Plot Title: 5C2G,4482,7/22/26 03:15,54.669,
Plot Title: 5C2G,4483,7/22/26 03:30,54.669,
Plot Title: 5C2G,4484,7/22/26 03:45,54.147,
Plot Title: 5C2G,4485,7/22/26 04:00,54.322,
Plot Title: 5C2G,4486,7/22/26 04:15,54.669,
Plot Title: 5C2G,4487,7/22/26 04:30,55.017,
Plot Title: 5C2G,4488,7/22/26 04:45,55.189,
Plot Title: 5C2G,4489,7/22/26 05:00,55.364,
Plot Title: 5C2G,4490,7/22/26 05:15,55.189,
Plot Title: 5C2G,4491,7/22/26 05:30,54.322,
Plot Title: 5C2G,4492,7/22/26 05:45,53.623,
Plot Title: 5C2G,4493,7/22/26 06:00,53.1,
Plot Title: 5C2G,4494,7/22/26 06:15,52.576,
Plot Title: 5C2G,4495,7/22/26 06:30,52.401,
Plot Title: 5C2G,4496,7/22/26 06:45,53.1,
Plot Title: 5C2G,4497,7/22/26 07:00,55.364,
Plot Title: 5C2G,4498,7/22/26 07:15,57.785,
Plot Title: 5C2G,4499,7/22/26 07:30,60.539,
Plot Title: 5C2G,4500,7/22/26 07:45,63.626,
Plot Title: 5C2G,4501,7/22/26 08:00,65.851,
Plot Title: 5C2G,4502,7/22/26 08:15,64.652,
Plot Title: 5C2G,4503,7/22/26 08:30,64.996,
Plot Title: 5C2G,4504,7/22/26 08:45,67.564,
Plot Title: 5C2G,4505,7/22/26 09:00,71.168,
Plot Title: 5C2G,4506,7/22/26 09:15,74.098,
Plot Title: 5C2G,4507,7/22/26 09:30,74.619,
Plot Title: 5C2G,4508,7/22/26 09:45,75.484,
Plot Title: 5C2G,4509,7/22/26 10:00,76.876,
Plot Title: 5C2G,4510,7/22/26 10:15,79.151,
Plot Title: 5C2G,4511,7/22/26 10:30,85.014,
Plot Title: 5C2G,4512,7/22/26 10:45,87.004,
Plot Title: 5C2G,4513,7/22/26 11:00,90.495,
Plot Title: 5C2G,4514,7/22/26 11:15,88.466,
Plot Title: 5C2G,4515,7/22/26 11:30,92.55,
Plot Title: 5C2G,4516,7/22/26 11:45,92.737,
Plot Title: 5C2G,4517,7/22/26 12:00,87.552,
Plot Title: 5C2G,4518,7/22/26 12:15,87.186,
Plot Title: 5C2G,4519,7/22/26 12:30,92.55,
Plot Title: 5C2G,4520,7/22/26 12:45,95.016,
Plot Title: 5C2G,4521,7/22/26 13:00,89.938,
Plot Title: 5C2G,4522,7/22/26 13:15,90.867,
Plot Title: 5C2G,4523,7/22/26 13:30,97.137,
Plot Title: 5C2G,4524,7/22/26 13:45,91.053,
Plot Title: 5C2G,4525,7/22/26 14:00,86.459,
Plot Title: 5C2G,4526,7/22/26 14:15,92.363,
Plot Title: 5C2G,4527,7/22/26 14:30,94.253,
Plot Title: 5C2G,4528,7/22/26 14:45,94.444,
Plot Title: 5C2G,4529,7/22/26 15:00,87.733,
Plot Title: 5C2G,4530,7/22/26 15:15,81.442,
Plot Title: 5C2G,4531,7/22/26 15:30,71.856,
Plot Title: 5C2G,4532,7/22/26 15:45,69.964,
Plot Title: 5C2G,4533,7/22/26 16:00,69.622,
Plot Title: 5C2G,4534,7/22/26 16:15,70.308,
Plot Title: 5C2G,4535,7/22/26 16:30,69.964,
Plot Title: 5C2G,4536,7/22/26 16:45,69.793,
Plot Title: 5C2G,4537,7/22/26 17:00,70.308,
Plot Title: 5C2G,4538,7/22/26 17:15,69.622,
Plot Title: 5C2G,4539,7/22/26 17:30,68.421,
Plot Title: 5C2G,4540,7/22/26 17:45,67.735,
Plot Title: 5C2G,4541,7/22/26 18:00,67.05,
Plot Title: 5C2G,4542,7/22/26 18:15,66.366,
Plot Title: 5C2G,4543,7/22/26 18:30,65.509,
Plot Title: 5C2G,4544,7/22/26 18:45,64.825,
Plot Title: 5C2G,4545,7/22/26 19:00,63.968,
Plot Title: 5C2G,4546,7/22/26 19:15,63.111,
Plot Title: 5C2G,4547,7/22/26 19:30,62.598,
Plot Title: 5C2G,4548,7/22/26 19:45,62.083,
Plot Title: 5C2G,4549,7/22/26 20:00,61.569,
Plot Title: 5C2G,4550,7/22/26 20:15,60.883,
Plot Title: 5C2G,4551,7/22/26 20:30,60.539,
Plot Title: 5C2G,4552,7/22/26 20:45,59.851,
Plot Title: 5C2G,4553,7/22/26 21:00,58.993,
Plot Title: 5C2G,4554,7/22/26 21:15,58.303,
Plot Title: 5C2G,4555,7/22/26 21:30,57.785,
Plot Title: 5C2G,4556,7/22/26 21:45,57.441,
Plot Title: 5C2G,4557,7/22/26 22:00,57.096,
Plot Title: 5C2G,4558,7/22/26 22:15,56.923,
Plot Title: 5C2G,4559,7/22/26 22:30,56.75,
Plot Title: 5C2G,4560,7/22/26 22:45,56.404,
Plot Title: 5C2G,4561,7/22/26 23:00,56.057,
Plot Title: 5C2G,4562,7/22/26 23:15,55.537,
Plot Title: 5C2G,4563,7/22/26 23:30,55.189,
Plot Title: 5C2G,4564,7/22/26 23:45,55.017,
Plot Title: 5C2G,4565,7/23/26 00:00,54.669,
Plot Title: 5C2G,4566,7/23/26 00:15,54.495,
Plot Title: 5C2G,4567,7/23/26 00:30,54.322,
Plot Title: 5C2G,4568,7/23/26 00:45,53.973,
Plot Title: 5C2G,4569,7/23/26 01:00,53.449,
Plot Title: 5C2G,4570,7/23/26 01:15,53.274,
Plot Title: 5C2G,4571,7/23/26 01:30,53.274,
Plot Title: 5C2G,4572,7/23/26 01:45,53.274,
Plot Title: 5C2G,4573,7/23/26 02:00,53.1,
Plot Title: 5C2G,4574,7/23/26 02:15,53.1,
Plot Title: 5C2G,4575,7/23/26 02:30,53.1,
Plot Title: 5C2G,4576,7/23/26 02:45,53.274,
Plot Title: 5C2G,4577,7/23/26 03:00,53.1,
Plot Title: 5C2G,4578,7/23/26 03:15,52.925,
Plot Title: 5C2G,4579,7/23/26 03:30,52.925,
Plot Title: 5C2G,4580,7/23/26 03:45,53.1,
Plot Title: 5C2G,4581,7/23/26 04:00,53.1,
Plot Title: 5C2G,4582,7/23/26 04:15,52.75,
Plot Title: 5C2G,4583,7/23/26 04:30,52.576,
Plot Title: 5C2G,4584,7/23/26 04:45,52.576,
Plot Title: 5C2G,4585,7/23/26 05:00,52.75,
Plot Title: 5C2G,4586,7/23/26 05:15,52.75,
Plot Title: 5C2G,4587,7/23/26 05:30,52.75,
Plot Title: 5C2G,4588,7/23/26 05:45,52.576,
Plot Title: 5C2G,4589,7/23/26 06:00,52.401,
Plot Title: 5C2G,4590,7/23/26 06:15,52.05,
Plot Title: 5C2G,4591,7/23/26 06:30,52.05,
Plot Title: 5C2G,4592,7/23/26 06:45,51.874,
Plot Title: 5C2G,4593,7/23/26 07:00,52.75,
Plot Title: 5C2G,4594,7/23/26 07:15,54.322,
Plot Title: 5C2G,4595,7/23/26 07:30,55.884,
Plot Title: 5C2G,4596,7/23/26 07:45,56.577,
Plot Title: 5C2G,4597,7/23/26 08:00,61.227,
Plot Title: 5C2G,4598,7/23/26 08:15,64.652,
Plot Title: 5C2G,4599,7/23/26 08:30,67.564,
Plot Title: 5C2G,4600,7/23/26 08:45,66.708,
Plot Title: 5C2G,4601,7/23/26 09:00,70.137,
Plot Title: 5C2G,4602,7/23/26 09:15,71.168,
Plot Title: 5C2G,4603,7/23/26 09:30,69.107,
Plot Title: 5C2G,4604,7/23/26 09:45,67.392,
Plot Title: 5C2G,4605,7/23/26 10:00,68.763,
Plot Title: 5C2G,4606,7/23/26 10:15,67.392,
Plot Title: 5C2G,4607,7/23/26 10:30,67.564,
Plot Title: 5C2G,4608,7/23/26 10:45,72.028,
Plot Title: 5C2G,4609,7/23/26 11:00,79.326,
Plot Title: 5C2G,4610,7/23/26 11:15,82.508,
Plot Title: 5C2G,4611,7/23/26 11:30,79.678,
Plot Title: 5C2G,4612,7/23/26 11:45,76.876,
Plot Title: 5C2G,4613,7/23/26 12:00,72.372,
Plot Title: 5C2G,4614,7/23/26 12:15,72.891,
Plot Title: 5C2G,4615,7/23/26 12:30,84.115,
Plot Title: 5C2G,4616,7/23/26 12:45,80.206,
Plot Title: 5C2G,4617,7/23/26 13:00,75.139,
Plot Title: 5C2G,4618,7/23/26 13:15,79.502,
Plot Title: 5C2G,4619,7/23/26 13:30,82.508,
Plot Title: 5C2G,4620,7/23/26 13:45,79.853,
Plot Title: 5C2G,4621,7/23/26 14:00,77.225,
Plot Title: 5C2G,4622,7/23/26 14:15,84.295,
Plot Title: 5C2G,4623,7/23/26 14:30,84.834,
Plot Title: 5C2G,4624,7/23/26 14:45,86.459,
Plot Title: 5C2G,4625,7/23/26 15:00,81.975,
Plot Title: 5C2G,4626,7/23/26 15:15,80.206,
Plot Title: 5C2G,4627,7/23/26 15:30,82.686,
Plot Title: 5C2G,4628,7/23/26 15:45,79.326,
Plot Title: 5C2G,4629,7/23/26 16:00,80.911,
Plot Title: 5C2G,4630,7/23/26 16:15,80.735,
Plot Title: 5C2G,4631,7/23/26 16:30,79.678,
Plot Title: 5C2G,4632,7/23/26 16:45,77.749,
Plot Title: 5C2G,4633,7/23/26 17:00,75.139,
Plot Title: 5C2G,4634,7/23/26 17:15,73.58,
Plot Title: 5C2G,4635,7/23/26 17:30,72.718,
Plot Title: 5C2G,4636,7/23/26 17:45,72.199,
Plot Title: 5C2G,4637,7/23/26 18:00,71.339,
Plot Title: 5C2G,4638,7/23/26 18:15,69.278,
Plot Title: 5C2G,4639,7/23/26 18:30,67.564,
Plot Title: 5C2G,4640,7/23/26 18:45,66.366,
Plot Title: 5C2G,4641,7/23/26 19:00,64.996,
Plot Title: 5C2G,4642,7/23/26 19:15,63.968,
Plot Title: 5C2G,4643,7/23/26 19:30,63.282,
Plot Title: 5C2G,4644,7/23/26 19:45,62.425,
Plot Title: 5C2G,4645,7/23/26 20:00,61.569,
Plot Title: 5C2G,4646,7/23/26 20:15,60.883,
Plot Title: 5C2G,4647,7/23/26 20:30,60.195,
Plot Title: 5C2G,4648,7/23/26 20:45,59.68,
Plot Title: 5C2G,4649,7/23/26 21:00,58.993,
Plot Title: 5C2G,4650,7/23/26 21:15,58.303,
Plot Title: 5C2G,4651,7/23/26 21:30,57.785,
Plot Title: 5C2G,4652,7/23/26 21:45,57.441,
Plot Title: 5C2G,4653,7/23/26 22:00,57.096,
Plot Title: 5C2G,4654,7/23/26 22:15,56.75,
Plot Title: 5C2G,4655,7/23/26 22:30,56.404,
Plot Title: 5C2G,4656,7/23/26 22:45,56.057,
Plot Title: 5C2G,4657,7/23/26 23:00,55.711,
Plot Title: 5C2G,4658,7/23/26 23:15,55.364,
Plot Title: 5C2G,4659,7/23/26 23:30,55.189,
Plot Title: 5C2G,4660,7/23/26 23:45,54.842,
Plot Title: 5C2G,4661,7/24/26 00:00,54.495,
Plot Title: 5C2G,4662,7/24/26 00:15,54.322,
Plot Title: 5C2G,4663,7/24/26 00:30,54.147,
Plot Title: 5C2G,4664,7/24/26 00:45,53.973,
Plot Title: 5C2G,4665,7/24/26 01:00,53.798,
Plot Title: 5C2G,4666,7/24/26 01:15,53.973,
Plot Title: 5C2G,4667,7/24/26 01:30,53.973,
Plot Title: 5C2G,4668,7/24/26 01:45,54.147,
Plot Title: 5C2G,4669,7/24/26 02:00,54.322,
Plot Title: 5C2G,4670,7/24/26 02:15,54.147,
Plot Title: 5C2G,4671,7/24/26 02:30,53.623,
Plot Title: 5C2G,4672,7/24/26 02:45,53.1,
Plot Title: 5C2G,4673,7/24/26 03:00,52.925,
Plot Title: 5C2G,4674,7/24/26 03:15,52.75,
Plot Title: 5C2G,4675,7/24/26 03:30,52.576,
Plot Title: 5C2G,4676,7/24/26 03:45,52.401,
Plot Title: 5C2G,4677,7/24/26 04:00,52.225,
Plot Title: 5C2G,4678,7/24/26 04:15,52.05,
Plot Title: 5C2G,4679,7/24/26 04:30,51.874,
Plot Title: 5C2G,4680,7/24/26 04:45,51.699,
Plot Title: 5C2G,4681,7/24/26 05:00,51.523,
Plot Title: 5C2G,4682,7/24/26 05:15,51.346,
Plot Title: 5C2G,4683,7/24/26 05:30,51.172,
Plot Title: 5C2G,4684,7/24/26 05:45,51.172,
Plot Title: 5C2G,4685,7/24/26 06:00,50.995,
Plot Title: 5C2G,4686,7/24/26 06:15,50.819,
Plot Title: 5C2G,4687,7/24/26 06:30,50.819,
Plot Title: 5C2G,4688,7/24/26 06:45,52.05,
Plot Title: 5C2G,4689,7/24/26 07:00,54.147,
Plot Title: 5C2G,4690,7/24/26 07:15,56.577,
Plot Title: 5C2G,4691,7/24/26 07:30,58.993,
Plot Title: 5C2G,4692,7/24/26 07:45,61.227,
Plot Title: 5C2G,4693,7/24/26 08:00,63.968,
Plot Title: 5C2G,4694,7/24/26 08:15,66.193,
Plot Title: 5C2G,4695,7/24/26 08:30,68.763,
Plot Title: 5C2G,4696,7/24/26 08:45,71.339,
Plot Title: 5C2G,4697,7/24/26 09:00,72.891,
Plot Title: 5C2G,4698,7/24/26 09:15,74.964,
Plot Title: 5C2G,4699,7/24/26 09:30,77.574,
Plot Title: 5C2G,4700,7/24/26 09:45,79.853,
Plot Title: 5C2G,4701,7/24/26 10:00,81.442,
Plot Title: 5C2G,4702,7/24/26 10:15,83.399,
Plot Title: 5C2G,4703,7/24/26 10:30,84.834,
Plot Title: 5C2G,4704,7/24/26 10:45,86.823,
Plot Title: 5C2G,4705,7/24/26 11:00,87.915,
Plot Title: 5C2G,4706,7/24/26 11:15,90.124,
Plot Title: 5C2G,4707,7/24/26 11:30,91.8,
Plot Title: 5C2G,4708,7/24/26 11:45,93.115,
Plot Title: 5C2G,4709,7/24/26 12:00,94.825,
Plot Title: 5C2G,4710,7/24/26 12:15,96.748,
Plot Title: 5C2G,4711,7/24/26 12:30,96.748,
Plot Title: 5C2G,4712,7/24/26 12:45,98.503,
Plot Title: 5C2G,4713,7/24/26 13:00,98.699,
Plot Title: 5C2G,4714,7/24/26 13:15,100.483,
Plot Title: 5C2G,4715,7/24/26 13:30,102.697,
Plot Title: 5C2G,4716,7/24/26 13:45,102.29,
Plot Title: 5C2G,4717,7/24/26 14:00,103.923,
Plot Title: 5C2G,4718,7/24/26 14:15,104.333,
Plot Title: 5C2G,4719,7/24/26 14:30,104.128,
Plot Title: 5C2G,4720,7/24/26 14:45,103.512,
Plot Title: 5C2G,4721,7/24/26 15:00,103.512,
Plot Title: 5C2G,4722,7/24/26 15:15,102.29,
Plot Title: 5C2G,4723,7/24/26 15:30,100.882,
Plot Title: 5C2G,4724,7/24/26 15:45,99.291,
Plot Title: 5C2G,4725,7/24/26 16:00,97.525,
Plot Title: 5C2G,4726,7/24/26 16:15,95.016,
Plot Title: 5C2G,4727,7/24/26 16:30,92.174,
Plot Title: 5C2G,4728,7/24/26 16:45,89.569,
Plot Title: 5C2G,4729,7/24/26 17:00,85.735,
Plot Title: 5C2G,4730,7/24/26 17:15,83.221,
Plot Title: 5C2G,4731,7/24/26 17:30,80.911,
Plot Title: 5C2G,4732,7/24/26 17:45,79.326,
Plot Title: 5C2G,4733,7/24/26 18:00,78.8,
Plot Title: 5C2G,4734,7/24/26 18:15,78.274,
Plot Title: 5C2G,4735,7/24/26 18:30,76.703,
Plot Title: 5C2G,4736,7/24/26 18:45,76.528,
Plot Title: 5C2G,4737,7/24/26 19:00,75.139,
Plot Title: 5C2G,4738,7/24/26 19:15,73.234,
Plot Title: 5C2G,4739,7/24/26 19:30,71.512,
Plot Title: 5C2G,4740,7/24/26 19:45,70.308,
Plot Title: 5C2G,4741,7/24/26 20:00,69.107,
Plot Title: 5C2G,4742,7/24/26 20:15,68.421,
Plot Title: 5C2G,4743,7/24/26 20:30,67.564,
Plot Title: 5C2G,4744,7/24/26 20:45,66.879,
Plot Title: 5C2G,4745,7/24/26 21:00,66.366,
Plot Title: 5C2G,4746,7/24/26 21:15,65.68,
Plot Title: 5C2G,4747,7/24/26 21:30,64.825,
Plot Title: 5C2G,4748,7/24/26 21:45,64.825,
Plot Title: 5C2G,4749,7/24/26 22:00,63.797,
Plot Title: 5C2G,4750,7/24/26 22:15,63.111,
Plot Title: 5C2G,4751,7/24/26 22:30,62.425,
Plot Title: 5C2G,4752,7/24/26 22:45,62.254,
Plot Title: 5C2G,4753,7/24/26 23:00,62.598,
Plot Title: 5C2G,4754,7/24/26 23:15,62.598,
Plot Title: 5C2G,4755,7/24/26 23:30,62.598,
Plot Title: 5C2G,4756,7/24/26 23:45,62.425,
Plot Title: 5C2G,4757,7/25/26 00:00,61.741,
Plot Title: 5C2G,4758,7/25/26 00:15,61.054,
Plot Title: 5C2G,4759,7/25/26 00:30,60.539,
Plot Title: 5C2G,4760,7/25/26 00:45,60.024,
Plot Title: 5C2G,4761,7/25/26 01:00,59.851,
Plot Title: 5C2G,4762,7/25/26 01:15,59.68,
Plot Title: 5C2G,4763,7/25/26 01:30,59.337,
Plot Title: 5C2G,4764,7/25/26 01:45,59.337,
Plot Title: 5C2G,4765,7/25/26 02:00,59.337,
Plot Title: 5C2G,4766,7/25/26 02:15,58.993,
Plot Title: 5C2G,4767,7/25/26 02:30,58.647,
Plot Title: 5C2G,4768,7/25/26 02:45,58.303,
Plot Title: 5C2G,4769,7/25/26 03:00,57.958,
Plot Title: 5C2G,4770,7/25/26 03:15,57.958,
Plot Title: 5C2G,4771,7/25/26 03:30,57.785,
Plot Title: 5C2G,4772,7/25/26 03:45,57.441,
Plot Title: 5C2G,4773,7/25/26 04:00,57.268,
Plot Title: 5C2G,4774,7/25/26 04:15,56.923,
Plot Title: 5C2G,4775,7/25/26 04:30,56.75,
Plot Title: 5C2G,4776,7/25/26 04:45,56.75,
Plot Title: 5C2G,4777,7/25/26 05:00,56.577,
Plot Title: 5C2G,4778,7/25/26 05:15,56.404,
Plot Title: 5C2G,4779,7/25/26 05:30,56.057,
Plot Title: 5C2G,4780,7/25/26 05:45,55.884,
Plot Title: 5C2G,4781,7/25/26 06:00,55.711,
Plot Title: 5C2G,4782,7/25/26 06:15,55.711,
Plot Title: 5C2G,4783,7/25/26 06:30,55.537,
Plot Title: 5C2G,4784,7/25/26 06:45,55.884,
Plot Title: 5C2G,4785,7/25/26 07:00,56.404,
Plot Title: 5C2G,4786,7/25/26 07:15,57.268,
Plot Title: 5C2G,4787,7/25/26 07:30,59.851,
Plot Title: 5C2G,4788,7/25/26 07:45,60.712,
Plot Title: 5C2G,4789,7/25/26 08:00,62.425,
Plot Title: 5C2G,4790,7/25/26 08:15,62.94,
Plot Title: 5C2G,4791,7/25/26 08:30,68.248,
Plot Title: 5C2G,4792,7/25/26 08:45,68.248,
Plot Title: 5C2G,4793,7/25/26 09:00,72.372,
Plot Title: 5C2G,4794,7/25/26 09:15,72.891,
Plot Title: 5C2G,4795,7/25/26 09:30,73.407,
Plot Title: 5C2G,4796,7/25/26 09:45,73.926,
Plot Title: 5C2G,4797,7/25/26 10:00,74.791,
Plot Title: 5C2G,4798,7/25/26 10:15,80.559,
Plot Title: 5C2G,4799,7/25/26 10:30,86.459,
Plot Title: 5C2G,4800,7/25/26 10:45,89.017,
Plot Title: 5C2G,4801,7/25/26 11:00,87.368,
Plot Title: 5C2G,4802,7/25/26 11:15,85.374,
Plot Title: 5C2G,4803,7/25/26 11:30,87.733,
Plot Title: 5C2G,4804,7/25/26 11:45,92.363,
Plot Title: 5C2G,4805,7/25/26 12:00,96.748,
Plot Title: 5C2G,4806,7/25/26 12:15,98.11,
Plot Title: 5C2G,4807,7/25/26 12:30,102.088,
Plot Title: 5C2G,4808,7/25/26 12:45,102.697,
Plot Title: 5C2G,4809,7/25/26 13:00,100.483,
Plot Title: 5C2G,4810,7/25/26 13:15,93.873,
Plot Title: 5C2G,4811,7/25/26 13:30,89.017,
Plot Title: 5C2G,4812,7/25/26 13:45,87.915,
Plot Title: 5C2G,4813,7/25/26 14:00,85.374,
Plot Title: 5C2G,4814,7/25/26 14:15,84.654,
Plot Title: 5C2G,4815,7/25/26 14:30,87.915,
Plot Title: 5C2G,4816,7/25/26 14:45,91.987,
Plot Title: 5C2G,4817,7/25/26 15:00,96.748,
Plot Title: 5C2G,4818,7/25/26 15:15,98.503,
Plot Title: 5C2G,4819,7/25/26 15:30,98.307,
Plot Title: 5C2G,4820,7/25/26 15:45,97.331,
Plot Title: 5C2G,4821,7/25/26 16:00,95.59,
Plot Title: 5C2G,4822,7/25/26 16:15,95.016,
Plot Title: 5C2G,4823,7/25/26 16:30,89.938,
Plot Title: 5C2G,4824,7/25/26 16:45,87.552,
Plot Title: 5C2G,4825,7/25/26 17:00,85.014,
Plot Title: 5C2G,4826,7/25/26 17:15,81.09,
Plot Title: 5C2G,4827,7/25/26 17:30,78.274,
Plot Title: 5C2G,4828,7/25/26 17:45,76.006,
Plot Title: 5C2G,4829,7/25/26 18:00,72.372,
Plot Title: 5C2G,4830,7/25/26 18:15,68.934,
Plot Title: 5C2G,4831,7/25/26 18:30,68.077,
Plot Title: 5C2G,4832,7/25/26 18:45,66.193,
Plot Title: 5C2G,4833,7/25/26 19:00,65.167,
Plot Title: 5C2G,4834,7/25/26 19:15,66.366,
Plot Title: 5C2G,4835,7/25/26 19:30,64.825,
Plot Title: 5C2G,4836,7/25/26 19:45,64.481,
Plot Title: 5C2G,4837,7/25/26 20:00,64.652,
Plot Title: 5C2G,4838,7/25/26 20:15,64.481,
Plot Title: 5C2G,4839,7/25/26 20:30,63.797,
Plot Title: 5C2G,4840,7/25/26 20:45,63.797,
Plot Title: 5C2G,4841,7/25/26 21:00,63.282,
Plot Title: 5C2G,4842,7/25/26 21:15,62.94,
Plot Title: 5C2G,4843,7/25/26 21:30,62.254,
Plot Title: 5C2G,4844,7/25/26 21:45,61.227,
Plot Title: 5C2G,4845,7/25/26 22:00,60.883,
Plot Title: 5C2G,4846,7/25/26 22:15,59.851,
Plot Title: 5C2G,4847,7/25/26 22:30,59.508,
Plot Title: 5C2G,4848,7/25/26 22:45,58.993,
Plot Title: 5C2G,4849,7/25/26 23:00,58.476,
Plot Title: 5C2G,4850,7/25/26 23:15,57.958,
Plot Title: 5C2G,4851,7/25/26 23:30,57.441,
Plot Title: 5C2G,4852,7/25/26 23:45,57.268,
Plot Title: 5C2G,4853,7/26/26 00:00,57.785,
Plot Title: 5C2G,4854,7/26/26 00:15,57.958,
Plot Title: 5C2G,4855,7/26/26 00:30,57.441,
Plot Title: 5C2G,4856,7/26/26 00:45,56.75,
Plot Title: 5C2G,4857,7/26/26 01:00,56.404,
Plot Title: 5C2G,4858,7/26/26 01:15,56.057,
Plot Title: 5C2G,4859,7/26/26 01:30,55.711,
Plot Title: 5C2G,4860,7/26/26 01:45,55.364,
Plot Title: 5C2G,4861,7/26/26 02:00,55.017,
Plot Title: 5C2G,4862,7/26/26 02:15,54.669,
Plot Title: 5C2G,4863,7/26/26 02:30,54.322,
Plot Title: 5C2G,4864,7/26/26 02:45,54.147,
Plot Title: 5C2G,4865,7/26/26 03:00,53.798,
Plot Title: 5C2G,4866,7/26/26 03:15,53.449,
Plot Title: 5C2G,4867,7/26/26 03:30,53.274,
Plot Title: 5C2G,4868,7/26/26 03:45,52.925,
Plot Title: 5C2G,4869,7/26/26 04:00,52.75,
Plot Title: 5C2G,4870,7/26/26 04:15,52.401,
Plot Title: 5C2G,4871,7/26/26 04:30,52.225,
Plot Title: 5C2G,4872,7/26/26 04:45,51.874,
Plot Title: 5C2G,4873,7/26/26 05:00,51.699,
Plot Title: 5C2G,4874,7/26/26 05:15,51.523,
Plot Title: 5C2G,4875,7/26/26 05:30,51.172,
Plot Title: 5C2G,4876,7/26/26 05:45,50.995,
Plot Title: 5C2G,4877,7/26/26 06:00,50.995,
Plot Title: 5C2G,4878,7/26/26 06:15,50.819,
Plot Title: 5C2G,4879,7/26/26 06:30,50.995,
Plot Title: 5C2G,4880,7/26/26 06:45,51.699,
Plot Title: 5C2G,4881,7/26/26 07:00,52.576,
Plot Title: 5C2G,4882,7/26/26 07:15,55.711,
Plot Title: 5C2G,4883,7/26/26 07:30,58.647,
Plot Title: 5C2G,4884,7/26/26 07:45,61.054,
Plot Title: 5C2G,4885,7/26/26 08:00,64.139,
Plot Title: 5C2G,4886,7/26/26 08:15,66.708,
Plot Title: 5C2G,4887,7/26/26 08:30,69.449,
Plot Title: 5C2G,4888,7/26/26 08:45,71.512,
Plot Title: 5C2G,4889,7/26/26 09:00,74.964,
Plot Title: 5C2G,4890,7/26/26 09:15,77.574,
Plot Title: 5C2G,4891,7/26/26 09:30,76.181,
Plot Title: 5C2G,4892,7/26/26 09:45,73.926,
Plot Title: 5C2G,4893,7/26/26 10:00,75.484,
Plot Title: 5C2G,4894,7/26/26 10:15,73.407,
Plot Title: 5C2G,4895,7/26/26 10:30,71.339,
Plot Title: 5C2G,4896,7/26/26 10:45,73.062,
Plot Title: 5C2G,4897,7/26/26 11:00,77.574,
Plot Title: 5C2G,4898,7/26/26 11:15,80.735,
Plot Title: 5C2G,4899,7/26/26 11:30,80.735,
Plot Title: 5C2G,4900,7/26/26 11:45,84.654,
Plot Title: 5C2G,4901,7/26/26 12:00,79.678,
Plot Title: 5C2G,4902,7/26/26 12:15,77.574,
Plot Title: 5C2G,4903,7/26/26 12:30,81.797,
Plot Title: 5C2G,4904,7/26/26 12:45,81.975,
Plot Title: 5C2G,4905,7/26/26 13:00,86.097,
Plot Title: 5C2G,4906,7/26/26 13:15,81.621,
Plot Title: 5C2G,4907,7/26/26 13:30,81.09,
Plot Title: 5C2G,4908,7/26/26 13:45,79.678,
Plot Title: 5C2G,4909,7/26/26 14:00,78.975,
Plot Title: 5C2G,4910,7/26/26 14:15,84.115,
Plot Title: 5C2G,4911,7/26/26 14:30,89.384,
Plot Title: 5C2G,4912,7/26/26 14:45,91.425,
Plot Title: 5C2G,4913,7/26/26 15:00,87.368,
Plot Title: 5C2G,4914,7/26/26 15:15,79.502,
Plot Title: 5C2G,4915,7/26/26 15:30,86.277,
Plot Title: 5C2G,4916,7/26/26 15:45,89.2,
Plot Title: 5C2G,4917,7/26/26 16:00,89.755,
Plot Title: 5C2G,4918,7/26/26 16:15,85.735,
Plot Title: 5C2G,4919,7/26/26 16:30,82.152,
Plot Title: 5C2G,4920,7/26/26 16:45,77.574,
Plot Title: 5C2G,4921,7/26/26 17:00,73.062,
Plot Title: 5C2G,4922,7/26/26 17:15,69.964,
Plot Title: 5C2G,4923,7/26/26 17:30,69.964,
Plot Title: 5C2G,4924,7/26/26 17:45,70.824,
Plot Title: 5C2G,4925,7/26/26 18:00,69.278,
Plot Title: 5C2G,4926,7/26/26 18:15,66.879,
Plot Title: 5C2G,4927,7/26/26 18:30,64.825,
Plot Title: 5C2G,4928,7/26/26 18:45,64.996,
Plot Title: 5C2G,4929,7/26/26 19:00,64.481,
Plot Title: 5C2G,4930,7/26/26 19:15,64.139,
Plot Title: 5C2G,4931,7/26/26 19:30,62.769,
Plot Title: 5C2G,4932,7/26/26 19:45,61.569,
Plot Title: 5C2G,4933,7/26/26 20:00,61.398,
Plot Title: 5C2G,4934,7/26/26 20:15,61.741,
Plot Title: 5C2G,4935,7/26/26 20:30,62.425,
Plot Title: 5C2G,4936,7/26/26 20:45,62.083,
Plot Title: 5C2G,4937,7/26/26 21:00,60.883,
Plot Title: 5C2G,4938,7/26/26 21:15,60.368,
Plot Title: 5C2G,4939,7/26/26 21:30,59.508,
Plot Title: 5C2G,4940,7/26/26 21:45,58.82,
Plot Title: 5C2G,4941,7/26/26 22:00,58.131,
Plot Title: 5C2G,4942,7/26/26 22:15,57.958,
Plot Title: 5C2G,4943,7/26/26 22:30,57.785,
Plot Title: 5C2G,4944,7/26/26 22:45,57.268,
Plot Title: 5C2G,4945,7/26/26 23:00,56.75,
Plot Title: 5C2G,4946,7/26/26 23:15,56.577,
Plot Title: 5C2G,4947,7/26/26 23:30,56.23,
Plot Title: 5C2G,4948,7/26/26 23:45,56.23,
Plot Title: 5C2G,4949,7/27/26 00:00,56.057,
Plot Title: 5C2G,4950,7/27/26 00:15,55.711,
Plot Title: 5C2G,4951,7/27/26 00:30,55.364,
Plot Title: 5C2G,4952,7/27/26 00:45,55.189,
Plot Title: 5C2G,4953,7/27/26 01:00,55.189,
Plot Title: 5C2G,4954,7/27/26 01:15,55.017,
Plot Title: 5C2G,4955,7/27/26 01:30,54.842,
Plot Title: 5C2G,4956,7/27/26 01:45,54.669,
Plot Title: 5C2G,4957,7/27/26 02:00,54.322,
Plot Title: 5C2G,4958,7/27/26 02:15,53.973,
Plot Title: 5C2G,4959,7/27/26 02:30,53.449,
Plot Title: 5C2G,4960,7/27/26 02:45,53.1,
Plot Title: 5C2G,4961,7/27/26 03:00,53.1,
Plot Title: 5C2G,4962,7/27/26 03:15,52.75,
Plot Title: 5C2G,4963,7/27/26 03:30,52.401,
Plot Title: 5C2G,4964,7/27/26 03:45,52.401,
Plot Title: 5C2G,4965,7/27/26 04:00,52.05,
Plot Title: 5C2G,4966,7/27/26 04:15,51.874,
Plot Title: 5C2G,4967,7/27/26 04:30,51.699,
Plot Title: 5C2G,4968,7/27/26 04:45,51.346,
Plot Title: 5C2G,4969,7/27/26 05:00,50.995,
Plot Title: 5C2G,4970,7/27/26 05:15,50.819,
Plot Title: 5C2G,4971,7/27/26 05:30,50.819,
Plot Title: 5C2G,4972,7/27/26 05:45,50.643,
Plot Title: 5C2G,4973,7/27/26 06:00,50.643,
Plot Title: 5C2G,4974,7/27/26 06:15,50.643,
Plot Title: 5C2G,4975,7/27/26 06:30,51.172,
Plot Title: 5C2G,4976,7/27/26 06:45,51.699,
Plot Title: 5C2G,4977,7/27/26 07:00,52.225,
Plot Title: 5C2G,4978,7/27/26 07:15,53.1,
Plot Title: 5C2G,4979,7/27/26 07:30,53.449,
Plot Title: 5C2G,4980,7/27/26 07:45,56.404,
Plot Title: 5C2G,4981,7/27/26 08:00,60.539,
Plot Title: 5C2G,4982,7/27/26 08:15,63.626,
Plot Title: 5C2G,4983,7/27/26 08:30,66.708,
Plot Title: 5C2G,4984,7/27/26 08:45,67.564,
Plot Title: 5C2G,4985,7/27/26 09:00,69.793,
Plot Title: 5C2G,4986,7/27/26 09:15,71.339,
Plot Title: 5C2G,4987,7/27/26 09:30,67.564,
Plot Title: 5C2G,4988,7/27/26 09:45,68.421,
Plot Title: 5C2G,4989,7/27/26 10:00,74.619,
Plot Title: 5C2G,4990,7/27/26 10:15,76.703,
Plot Title: 5C2G,4991,7/27/26 10:30,80.735,
Plot Title: 5C2G,4992,7/27/26 10:45,83.579,
Plot Title: 5C2G,4993,7/27/26 11:00,82.508,
Plot Title: 5C2G,4994,7/27/26 11:15,85.194,
Plot Title: 5C2G,4995,7/27/26 11:30,91.425,
Plot Title: 5C2G,4996,7/27/26 11:45,93.682,
Plot Title: 5C2G,4997,7/27/26 12:00,97.331,
Plot Title: 5C2G,4998,7/27/26 12:15,99.885,
Plot Title: 5C2G,4999,7/27/26 12:30,100.083,
Plot Title: 5C2G,5000,7/27/26 12:45,97.72,
Plot Title: 5C2G,5001,7/27/26 13:00,100.483,
Plot Title: 5C2G,5002,7/27/26 13:15,101.685,
Plot Title: 5C2G,5003,7/27/26 13:30,100.083,
Plot Title: 5C2G,5004,7/27/26 13:45,98.503,
Plot Title: 5C2G,5005,7/27/26 14:00,98.11,
Plot Title: 5C2G,5006,7/27/26 14:15,102.088,
Plot Title: 5C2G,5007,7/27/26 14:30,103.104,
Plot Title: 5C2G,5008,7/27/26 14:45,104.128,
Plot Title: 5C2G,5009,7/27/26 15:00,103.923,
Plot Title: 5C2G,5010,7/27/26 15:15,104.128,
Plot Title: 5C2G,5011,7/27/26 15:30,103.512,
Plot Title: 5C2G,5012,7/27/26 15:45,98.897,
Plot Title: 5C2G,5013,7/27/26 16:00,97.525,
Plot Title: 5C2G,5014,7/27/26 16:15,96.361,
Plot Title: 5C2G,5015,7/27/26 16:30,93.115,
Plot Title: 5C2G,5016,7/27/26 16:45,88.466,
Plot Title: 5C2G,5017,7/27/26 17:00,84.654,
Plot Title: 5C2G,5018,7/27/26 17:15,80.559,
Plot Title: 5C2G,5019,7/27/26 17:30,77.923,
Plot Title: 5C2G,5020,7/27/26 17:45,77.574,
Plot Title: 5C2G,5021,7/27/26 18:00,76.876,
Plot Title: 5C2G,5022,7/27/26 18:15,75.832,
Plot Title: 5C2G,5023,7/27/26 18:30,74.271,
Plot Title: 5C2G,5024,7/27/26 18:45,73.062,
Plot Title: 5C2G,5025,7/27/26 19:00,71.339,
Plot Title: 5C2G,5026,7/27/26 19:15,69.449,
Plot Title: 5C2G,5027,7/27/26 19:30,66.708,
Plot Title: 5C2G,5028,7/27/26 19:45,64.481,
Plot Title: 5C2G,5029,7/27/26 20:00,63.282,
Plot Title: 5C2G,5030,7/27/26 20:15,62.598,
Plot Title: 5C2G,5031,7/27/26 20:30,61.912,
Plot Title: 5C2G,5032,7/27/26 20:45,61.227,
Plot Title: 5C2G,5033,7/27/26 21:00,60.712,
Plot Title: 5C2G,5034,7/27/26 21:15,60.368,
Plot Title: 5C2G,5035,7/27/26 21:30,60.195,
Plot Title: 5C2G,5036,7/27/26 21:45,59.68,
Plot Title: 5C2G,5037,7/27/26 22:00,58.82,
Plot Title: 5C2G,5038,7/27/26 22:15,58.131,
Plot Title: 5C2G,5039,7/27/26 22:30,57.785,
Plot Title: 5C2G,5040,7/27/26 22:45,57.096,
Plot Title: 5C2G,5041,7/27/26 23:00,57.096,
Plot Title: 5C2G,5042,7/27/26 23:15,56.75,
Plot Title: 5C2G,5043,7/27/26 23:30,56.23,
Plot Title: 5C2G,5044,7/27/26 23:45,55.711,
Plot Title: 5C2G,5045,7/28/26 00:00,55.189,
Plot Title: 5C2G,5046,7/28/26 00:15,54.842,
Plot Title: 5C2G,5047,7/28/26 00:30,54.495,
Plot Title: 5C2G,5048,7/28/26 00:45,54.669,
Plot Title: 5C2G,5049,7/28/26 01:00,54.842,
Plot Title: 5C2G,5050,7/28/26 01:15,54.322,
Plot Title: 5C2G,5051,7/28/26 01:30,53.798,
Plot Title: 5C2G,5052,7/28/26 01:45,53.449,
Plot Title: 5C2G,5053,7/28/26 02:00,53.1,
Plot Title: 5C2G,5054,7/28/26 02:15,52.75,
Plot Title: 5C2G,5055,7/28/26 02:30,52.576,
Plot Title: 5C2G,5056,7/28/26 02:45,52.225,
Plot Title: 5C2G,5057,7/28/26 03:00,51.874,
Plot Title: 5C2G,5058,7/28/26 03:15,51.699,
Plot Title: 5C2G,5059,7/28/26 03:30,51.346,
Plot Title: 5C2G,5060,7/28/26 03:45,50.995,
Plot Title: 5C2G,5061,7/28/26 04:00,50.643,
Plot Title: 5C2G,5062,7/28/26 04:15,50.466,
Plot Title: 5C2G,5063,7/28/26 04:30,50.466,
Plot Title: 5C2G,5064,7/28/26 04:45,50.643,
Plot Title: 5C2G,5065,7/28/26 05:00,50.466,
Plot Title: 5C2G,5066,7/28/26 05:15,50.29,
Plot Title: 5C2G,5067,7/28/26 05:30,49.937,
Plot Title: 5C2G,5068,7/28/26 05:45,49.759,
Plot Title: 5C2G,5069,7/28/26 06:00,49.582,
Plot Title: 5C2G,5070,7/28/26 06:15,49.404,
Plot Title: 5C2G,5071,7/28/26 06:30,49.582,
Plot Title: 5C2G,5072,7/28/26 06:45,49.937,
Plot Title: 5C2G,5073,7/28/26 07:00,50.995,
Plot Title: 5C2G,5074,7/28/26 07:15,52.401,
Plot Title: 5C2G,5075,7/28/26 07:30,54.147,
Plot Title: 5C2G,5076,7/28/26 07:45,56.577,
Plot Title: 5C2G,5077,7/28/26 08:00,59.164,
Plot Title: 5C2G,5078,7/28/26 08:15,61.398,
Plot Title: 5C2G,5079,7/28/26 08:30,63.111,
Plot Title: 5C2G,5080,7/28/26 08:45,65.68,
Plot Title: 5C2G,5081,7/28/26 09:00,68.934,
Plot Title: 5C2G,5082,7/28/26 09:15,71.339,
Plot Title: 5C2G,5083,7/28/26 09:30,74.098,
Plot Title: 5C2G,5084,7/28/26 09:45,77.05,
Plot Title: 5C2G,5085,7/28/26 10:00,79.678,
Plot Title: 5C2G,5086,7/28/26 10:15,82.152,
Plot Title: 5C2G,5087,7/28/26 10:30,84.654,
Plot Title: 5C2G,5088,7/28/26 10:45,87.004,
Plot Title: 5C2G,5089,7/28/26 11:00,89.569,
Plot Title: 5C2G,5090,7/28/26 11:15,92.174,
Plot Title: 5C2G,5091,7/28/26 11:30,94.253,
Plot Title: 5C2G,5092,7/28/26 11:45,96.168,
Plot Title: 5C2G,5093,7/28/26 12:00,97.916,
Plot Title: 5C2G,5094,7/28/26 12:15,99.885,
Plot Title: 5C2G,5095,7/28/26 12:30,101.082,
Plot Title: 5C2G,5096,7/28/26 12:45,101.887,
Plot Title: 5C2G,5097,7/28/26 13:00,100.483,
Plot Title: 5C2G,5098,7/28/26 13:15,103.104,
Plot Title: 5C2G,5099,7/28/26 13:30,95.4,
Plot Title: 5C2G,5100,7/28/26 13:45,97.916,
Plot Title: 5C2G,5101,7/28/26 14:00,98.11,
Plot Title: 5C2G,5102,7/28/26 14:15,101.282,
Plot Title: 5C2G,5103,7/28/26 14:30,101.887,
Plot Title: 5C2G,5104,7/28/26 14:45,101.685,
Plot Title: 5C2G,5105,7/28/26 15:00,96.555,
Plot Title: 5C2G,5106,7/28/26 15:15,95.59,
Plot Title: 5C2G,5107,7/28/26 15:30,89.569,
Plot Title: 5C2G,5108,7/28/26 15:45,85.554,
Plot Title: 5C2G,5109,7/28/26 16:00,87.004,
Plot Title: 5C2G,5110,7/28/26 16:15,89.755,
Plot Title: 5C2G,5111,7/28/26 16:30,88.833,
Plot Title: 5C2G,5112,7/28/26 16:45,88.466,
Plot Title: 5C2G,5113,7/28/26 17:00,86.097,
Plot Title: 5C2G,5114,7/28/26 17:15,83.757,
Plot Title: 5C2G,5115,7/28/26 17:30,81.621,
Plot Title: 5C2G,5116,7/28/26 17:45,79.326,
Plot Title: 5C2G,5117,7/28/26 18:00,76.876,
Plot Title: 5C2G,5118,7/28/26 18:15,74.791,
Plot Title: 5C2G,5119,7/28/26 18:30,71.856,
Plot Title: 5C2G,5120,7/28/26 18:45,68.763,
Plot Title: 5C2G,5121,7/28/26 19:00,66.022,
Plot Title: 5C2G,5122,7/28/26 19:15,65.68,
Plot Title: 5C2G,5123,7/28/26 19:30,65.167,
Plot Title: 5C2G,5124,7/28/26 19:45,63.797,
Plot Title: 5C2G,5125,7/28/26 20:00,62.769,
Plot Title: 5C2G,5126,7/28/26 20:15,62.598,
Plot Title: 5C2G,5127,7/28/26 20:30,62.94,
Plot Title: 5C2G,5128,7/28/26 20:45,63.455,
Plot Title: 5C2G,5129,7/28/26 21:00,62.769,
Plot Title: 5C2G,5130,7/28/26 21:15,61.569,
Plot Title: 5C2G,5131,7/28/26 21:30,61.227,
Plot Title: 5C2G,5132,7/28/26 21:45,61.227,
Plot Title: 5C2G,5133,7/28/26 22:00,61.227,
Plot Title: 5C2G,5134,7/28/26 22:15,60.883,
Plot Title: 5C2G,5135,7/28/26 22:30,60.368,
Plot Title: 5C2G,5136,7/28/26 22:45,59.851,
Plot Title: 5C2G,5137,7/28/26 23:00,59.68,
Plot Title: 5C2G,5138,7/28/26 23:15,59.164,
Plot Title: 5C2G,5139,7/28/26 23:30,58.82,
Plot Title: 5C2G,5140,7/28/26 23:45,58.303,
Plot Title: 5C2G,5141,7/29/26 00:00,58.131,
Plot Title: 5C2G,5142,7/29/26 00:15,57.614,
Plot Title: 5C2G,5143,7/29/26 00:30,57.268,
Plot Title: 5C2G,5144,7/29/26 00:45,56.923,
Plot Title: 5C2G,5145,7/29/26 01:00,56.404,
Plot Title: 5C2G,5146,7/29/26 01:15,56.057,
Plot Title: 5C2G,5147,7/29/26 01:30,55.711,
Plot Title: 5C2G,5148,7/29/26 01:45,55.364,
Plot Title: 5C2G,5149,7/29/26 02:00,55.017,
Plot Title: 5C2G,5150,7/29/26 02:15,54.842,
Plot Title: 5C2G,5151,7/29/26 02:30,54.669,
Plot Title: 5C2G,5152,7/29/26 02:45,54.322,
Plot Title: 5C2G,5153,7/29/26 03:00,53.973,
Plot Title: 5C2G,5154,7/29/26 03:15,53.623,
Plot Title: 5C2G,5155,7/29/26 03:30,53.449,
Plot Title: 5C2G,5156,7/29/26 03:45,53.1,
Plot Title: 5C2G,5157,7/29/26 04:00,52.75,
Plot Title: 5C2G,5158,7/29/26 04:15,52.576,
Plot Title: 5C2G,5159,7/29/26 04:30,52.225,
Plot Title: 5C2G,5160,7/29/26 04:45,52.05,
Plot Title: 5C2G,5161,7/29/26 05:00,51.874,
Plot Title: 5C2G,5162,7/29/26 05:15,51.699,
Plot Title: 5C2G,5163,7/29/26 05:30,51.346,
Plot Title: 5C2G,5164,7/29/26 05:45,51.172,
Plot Title: 5C2G,5165,7/29/26 06:00,50.819,
Plot Title: 5C2G,5166,7/29/26 06:15,50.466,
Plot Title: 5C2G,5167,7/29/26 06:30,50.29,
Plot Title: 5C2G,5168,7/29/26 06:45,51.172,
Plot Title: 5C2G,5169,7/29/26 07:00,52.75,
Plot Title: 5C2G,5170,7/29/26 07:15,54.842,
Plot Title: 5C2G,5171,7/29/26 07:30,57.096,
Plot Title: 5C2G,5172,7/29/26 07:45,60.024,
Plot Title: 5C2G,5173,7/29/26 08:00,62.598,
Plot Title: 5C2G,5174,7/29/26 08:15,65.338,
Plot Title: 5C2G,5175,7/29/26 08:30,68.077,
Plot Title: 5C2G,5176,7/29/26 08:45,71.168,
Plot Title: 5C2G,5177,7/29/26 09:00,74.271,
Plot Title: 5C2G,5178,7/29/26 09:15,77.4,
Plot Title: 5C2G,5179,7/29/26 09:30,80.735,
Plot Title: 5C2G,5180,7/29/26 09:45,83.935,
Plot Title: 5C2G,5181,7/29/26 10:00,86.641,
Plot Title: 5C2G,5182,7/29/26 10:15,88.833,
Plot Title: 5C2G,5183,7/29/26 10:30,91.24,
Plot Title: 5C2G,5184,7/29/26 10:45,93.682,
Plot Title: 5C2G,5185,7/29/26 11:00,96.361,
Plot Title: 5C2G,5186,7/29/26 11:15,99.093,
Plot Title: 5C2G,5187,7/29/26 11:30,101.887,
Plot Title: 5C2G,5188,7/29/26 11:45,104.128,
Plot Title: 5C2G,5189,7/29/26 12:00,105.577,
Plot Title: 5C2G,5190,7/29/26 12:15,107.258,
Plot Title: 5C2G,5191,7/29/26 12:30,108.536,
Plot Title: 5C2G,5192,7/29/26 12:45,109.828,
Plot Title: 5C2G,5193,7/29/26 13:00,108.536,
Plot Title: 5C2G,5194,7/29/26 13:15,109.612,
Plot Title: 5C2G,5195,7/29/26 13:30,107.683,
Plot Title: 5C2G,5196,7/29/26 13:45,97.72,
Plot Title: 5C2G,5197,7/29/26 14:00,96.555,
Plot Title: 5C2G,5198,7/29/26 14:15,95.207,
Plot Title: 5C2G,5199,7/29/26 14:30,93.873,
Plot Title: 5C2G,5200,7/29/26 14:45,95.016,
Plot Title: 5C2G,5201,7/29/26 15:00,97.331,
Plot Title: 5C2G,5202,7/29/26 15:15,97.916,
Plot Title: 5C2G,5203,7/29/26 15:30,93.304,
Plot Title: 5C2G,5204,7/29/26 15:45,93.115,
Plot Title: 5C2G,5205,7/29/26 16:00,89.755,
Plot Title: 5C2G,5206,7/29/26 16:15,89.569,
Plot Title: 5C2G,5207,7/29/26 16:30,85.374,
Plot Title: 5C2G,5208,7/29/26 16:45,87.186,
Plot Title: 5C2G,5209,7/29/26 17:00,85.374,
Plot Title: 5C2G,5210,7/29/26 17:15,83.579,
Plot Title: 5C2G,5211,7/29/26 17:30,81.266,
Plot Title: 5C2G,5212,7/29/26 17:45,77.574,
Plot Title: 5C2G,5213,7/29/26 18:00,73.926,
Plot Title: 5C2G,5214,7/29/26 18:15,69.793,
Plot Title: 5C2G,5215,7/29/26 18:30,67.05,
Plot Title: 5C2G,5216,7/29/26 18:45,65.338,
Plot Title: 5C2G,5217,7/29/26 19:00,64.825,
Plot Title: 5C2G,5218,7/29/26 19:15,64.996,
Plot Title: 5C2G,5219,7/29/26 19:30,64.481,
Plot Title: 5C2G,5220,7/29/26 19:45,64.139,
Plot Title: 5C2G,5221,7/29/26 20:00,62.769,
Plot Title: 5C2G,5222,7/29/26 20:15,61.398,
Plot Title: 5C2G,5223,7/29/26 20:30,60.195,
Plot Title: 5C2G,5224,7/29/26 20:45,59.508,
Plot Title: 5C2G,5225,7/29/26 21:00,58.82,
Plot Title: 5C2G,5226,7/29/26 21:15,58.303,
Plot Title: 5C2G,5227,7/29/26 21:30,58.131,
Plot Title: 5C2G,5228,7/29/26 21:45,57.785,
Plot Title: 5C2G,5229,7/29/26 22:00,57.614,
Plot Title: 5C2G,5230,7/29/26 22:15,57.441,
Plot Title: 5C2G,5231,7/29/26 22:30,57.096,
Plot Title: 5C2G,5232,7/29/26 22:45,56.923,
Plot Title: 5C2G,5233,7/29/26 23:00,56.923,
Plot Title: 5C2G,5234,7/29/26 23:15,56.577,
Plot Title: 5C2G,5235,7/29/26 23:30,56.23,
Plot Title: 5C2G,5236,7/29/26 23:45,56.23,
Plot Title: 5C2G,5237,7/30/26 00:00,56.057,
Plot Title: 5C2G,5238,7/30/26 00:15,56.057,
Plot Title: 5C2G,5239,7/30/26 00:30,56.057,
Plot Title: 5C2G,5240,7/30/26 00:45,56.057,
Plot Title: 5C2G,5241,7/30/26 01:00,55.884,
Plot Title: 5C2G,5242,7/30/26 01:15,55.711,
Plot Title: 5C2G,5243,7/30/26 01:30,55.364,
Plot Title: 5C2G,5244,7/30/26 01:45,55.189,
Plot Title: 5C2G,5245,7/30/26 02:00,55.017,
Plot Title: 5C2G,5246,7/30/26 02:15,54.842,
Plot Title: 5C2G,5247,7/30/26 02:30,54.495,
Plot Title: 5C2G,5248,7/30/26 02:45,54.147,
Plot Title: 5C2G,5249,7/30/26 03:00,53.449,
Plot Title: 5C2G,5250,7/30/26 03:15,52.925,
Plot Title: 5C2G,5251,7/30/26 03:30,52.401,
Plot Title: 5C2G,5252,7/30/26 03:45,51.874,
Plot Title: 5C2G,5253,7/30/26 04:00,51.523,
Plot Title: 5C2G,5254,7/30/26 04:15,51.346,
Plot Title: 5C2G,5255,7/30/26 04:30,50.995,
Plot Title: 5C2G,5256,7/30/26 04:45,50.643,
Plot Title: 5C2G,5257,7/30/26 05:00,50.466,
Plot Title: 5C2G,5258,7/30/26 05:15,50.113,
Plot Title: 5C2G,5259,7/30/26 05:30,49.937,
Plot Title: 5C2G,5260,7/30/26 05:45,49.582,
Plot Title: 5C2G,5261,7/30/26 06:00,49.404,
Plot Title: 5C2G,5262,7/30/26 06:15,49.228,
Plot Title: 5C2G,5263,7/30/26 06:30,49.228,
Plot Title: 5C2G,5264,7/30/26 06:45,49.937,
Plot Title: 5C2G,5265,7/30/26 07:00,51.699,
Plot Title: 5C2G,5266,7/30/26 07:15,53.449,
Plot Title: 5C2G,5267,7/30/26 07:30,55.711,
Plot Title: 5C2G,5268,7/30/26 07:45,58.647,
Plot Title: 5C2G,5269,7/30/26 08:00,61.569,
Plot Title: 5C2G,5270,7/30/26 08:15,64.652,
Plot Title: 5C2G,5271,7/30/26 08:30,67.735,
Plot Title: 5C2G,5272,7/30/26 08:45,70.824,
Plot Title: 5C2G,5273,7/30/26 09:00,73.926,
Plot Title: 5C2G,5274,7/30/26 09:15,77.05,
Plot Title: 5C2G,5275,7/30/26 09:30,80.382,
Plot Title: 5C2G,5276,7/30/26 09:45,83.399,
Plot Title: 5C2G,5277,7/30/26 10:00,86.277,
Plot Title: 5C2G,5278,7/30/26 10:15,89.2,
Plot Title: 5C2G,5279,7/30/26 10:30,91.612,
Plot Title: 5C2G,5280,7/30/26 10:45,94.444,
Plot Title: 5C2G,5281,7/30/26 11:00,97.331,
Plot Title: 5C2G,5282,7/30/26 11:15,99.885,
Plot Title: 5C2G,5283,7/30/26 11:30,102.088,
Plot Title: 5C2G,5284,7/30/26 11:45,104.128,
Plot Title: 5C2G,5285,7/30/26 12:00,106.835,
Plot Title: 5C2G,5286,7/30/26 12:15,108.536,
Plot Title: 5C2G,5287,7/30/26 12:30,110.264,
Plot Title: 5C2G,5288,7/30/26 12:45,110.264,
Plot Title: 5C2G,5289,7/30/26 13:00,112.244,
Plot Title: 5C2G,5290,7/30/26 13:15,113.137,
Plot Title: 5C2G,5291,7/30/26 13:30,112.244,
Plot Title: 5C2G,5292,7/30/26 13:45,110.046,
Plot Title: 5C2G,5293,7/30/26 14:00,103.307,
Plot Title: 5C2G,5294,7/30/26 14:15,101.685,
Plot Title: 5C2G,5295,7/30/26 14:30,94.062,
Plot Title: 5C2G,5296,7/30/26 14:45,97.525,
Plot Title: 5C2G,5297,7/30/26 15:00,91.612,
Plot Title: 5C2G,5298,7/30/26 15:15,97.331,
Plot Title: 5C2G,5299,7/30/26 15:30,97.72,
Plot Title: 5C2G,5300,7/30/26 15:45,95.207,
Plot Title: 5C2G,5301,7/30/26 16:00,94.253,
Plot Title: 5C2G,5302,7/30/26 16:15,93.682,
Plot Title: 5C2G,5303,7/30/26 16:30,92.363,
Plot Title: 5C2G,5304,7/30/26 16:45,89.938,
Plot Title: 5C2G,5305,7/30/26 17:00,87.004,
Plot Title: 5C2G,5306,7/30/26 17:15,84.474,
Plot Title: 5C2G,5307,7/30/26 17:30,82.152,
Plot Title: 5C2G,5308,7/30/26 17:45,80.206,
Plot Title: 5C2G,5309,7/30/26 18:00,78.274,
Plot Title: 5C2G,5310,7/30/26 18:15,77.4,
Plot Title: 5C2G,5311,7/30/26 18:30,76.528,
Plot Title: 5C2G,5312,7/30/26 18:45,75.312,
Plot Title: 5C2G,5313,7/30/26 19:00,73.58,
Plot Title: 5C2G,5314,7/30/26 19:15,72.372,
Plot Title: 5C2G,5315,7/30/26 19:30,71.856,
Plot Title: 5C2G,5316,7/30/26 19:45,71.512,
Plot Title: 5C2G,5317,7/30/26 20:00,70.824,
Plot Title: 5C2G,5318,7/30/26 20:15,69.622,
Plot Title: 5C2G,5319,7/30/26 20:30,69.107,
Plot Title: 5C2G,5320,7/30/26 20:45,68.421,
Plot Title: 5C2G,5321,7/30/26 21:00,67.564,
Plot Title: 5C2G,5322,7/30/26 21:15,66.708,
Plot Title: 5C2G,5323,7/30/26 21:30,65.338,
Plot Title: 5C2G,5324,7/30/26 21:45,64.825,
Plot Title: 5C2G,5325,7/30/26 22:00,64.825,
Plot Title: 5C2G,5326,7/30/26 22:15,64.825,
Plot Title: 5C2G,5327,7/30/26 22:30,64.825,
Plot Title: 5C2G,5328,7/30/26 22:45,64.481,
Plot Title: 5C2G,5329,7/30/26 23:00,63.797,
Plot Title: 5C2G,5330,7/30/26 23:15,62.769,
Plot Title: 5C2G,5331,7/30/26 23:30,62.083,
Plot Title: 5C2G,5332,7/30/26 23:45,61.398,
Plot Title: 5C2G,5333,7/31/26 00:00,60.539,
Plot Title: 5C2G,5334,7/31/26 00:15,59.68,
Plot Title: 5C2G,5335,7/31/26 00:30,59.68,
Plot Title: 5C2G,5336,7/31/26 00:45,59.851,
Plot Title: 5C2G,5337,7/31/26 01:00,59.851,
Plot Title: 5C2G,5338,7/31/26 01:15,59.337,
Plot Title: 5C2G,5339,7/31/26 01:30,58.303,
Plot Title: 5C2G,5340,7/31/26 01:45,57.614,
Plot Title: 5C2G,5341,7/31/26 02:00,57.096,
Plot Title: 5C2G,5342,7/31/26 02:15,56.577,
Plot Title: 5C2G,5343,7/31/26 02:30,56.23,
Plot Title: 5C2G,5344,7/31/26 02:45,55.884,
Plot Title: 5C2G,5345,7/31/26 03:00,55.537,
Plot Title: 5C2G,5346,7/31/26 03:15,55.537,
Plot Title: 5C2G,5347,7/31/26 03:30,55.364,
Plot Title: 5C2G,5348,7/31/26 03:45,55.189,
Plot Title: 5C2G,5349,7/31/26 04:00,54.842,
Plot Title: 5C2G,5350,7/31/26 04:15,54.322,
Plot Title: 5C2G,5351,7/31/26 04:30,53.798,
Plot Title: 5C2G,5352,7/31/26 04:45,53.274,
Plot Title: 5C2G,5353,7/31/26 05:00,52.925,
Plot Title: 5C2G,5354,7/31/26 05:15,52.576,
Plot Title: 5C2G,5355,7/31/26 05:30,52.225,
Plot Title: 5C2G,5356,7/31/26 05:45,51.874,
Plot Title: 5C2G,5357,7/31/26 06:00,51.699,
Plot Title: 5C2G,5358,7/31/26 06:15,51.523,
Plot Title: 5C2G,5359,7/31/26 06:30,51.699,
Plot Title: 5C2G,5360,7/31/26 06:45,52.75,
Plot Title: 5C2G,5361,7/31/26 07:00,54.669,
Plot Title: 5C2G,5362,7/31/26 07:15,57.268,
Plot Title: 5C2G,5363,7/31/26 07:30,59.851,
Plot Title: 5C2G,5364,7/31/26 07:45,62.769,
Plot Title: 5C2G,5365,7/31/26 08:00,66.366,
Plot Title: 5C2G,5366,7/31/26 08:15,69.622,
Plot Title: 5C2G,5367,7/31/26 08:30,73.234,
Plot Title: 5C2G,5368,7/31/26 08:45,76.876,
Plot Title: 5C2G,5369,7/31/26 09:00,80.382,
Plot Title: 5C2G,5370,7/31/26 09:15,84.115,
Plot Title: 5C2G,5371,7/31/26 09:30,87.368,
Plot Title: 5C2G,5372,7/31/26 09:45,90.495,
Plot Title: 5C2G,5373,7/31/26 10:00,93.304,
Plot Title: 5C2G,5374,7/31/26 10:15,96.361,
Plot Title: 5C2G,5375,7/31/26 10:30,99.093,
Plot Title: 5C2G,5376,7/31/26 10:45,101.887,
Plot Title: 5C2G,5377,7/31/26 11:00,104.128,
Plot Title: 5C2G,5378,7/31/26 11:15,106.624,
Plot Title: 5C2G,5379,7/31/26 11:30,108.75,
Plot Title: 5C2G,5380,7/31/26 11:45,110.482,
Plot Title: 5C2G,5381,7/31/26 12:00,112.467,
Plot Title: 5C2G,5382,7/31/26 12:15,114.039,
Plot Title: 5C2G,5383,7/31/26 12:30,114.492,
Plot Title: 5C2G,5384,7/31/26 12:45,116.1,
Plot Title: 5C2G,5385,7/31/26 13:00,117.262,
Plot Title: 5C2G,5386,7/31/26 13:15,117.498,
Plot Title: 5C2G,5387,7/31/26 13:30,118.206,
Plot Title: 5C2G,5388,7/31/26 13:45,118.441,
Plot Title: 5C2G,5389,7/31/26 14:00,118.206,
Plot Title: 5C2G,5390,7/31/26 14:15,117.968,
Plot Title: 5C2G,5391,7/31/26 14:30,117.262,
Plot Title: 5C2G,5392,7/31/26 14:45,116.562,
Plot Title: 5C2G,5393,7/31/26 15:00,116.1,
Plot Title: 5C2G,5394,7/31/26 15:15,114.721,
Plot Title: 5C2G,5395,7/31/26 15:30,112.023,
Plot Title: 5C2G,5396,7/31/26 15:45,110.046,
Plot Title: 5C2G,5397,7/31/26 16:00,106.835,
Plot Title: 5C2G,5398,7/31/26 16:15,103.512,
Plot Title: 5C2G,5399,7/31/26 16:30,100.083,
Plot Title: 5C2G,5400,7/31/26 16:45,96.748,
Plot Title: 5C2G,5401,7/31/26 17:00,93.304,
Plot Title: 5C2G,5402,7/31/26 17:15,90.309,
Plot Title: 5C2G,5403,7/31/26 17:30,86.823,
Plot Title: 5C2G,5404,7/31/26 17:45,83.579,
Plot Title: 5C2G,5405,7/31/26 18:00,80.911,
Plot Title: 5C2G,5406,7/31/26 18:15,78.975,
Plot Title: 5C2G,5407,7/31/26 18:30,77.4,
Plot Title: 5C2G,5408,7/31/26 18:45,76.006,
Plot Title: 5C2G,5409,7/31/26 19:00,74.791,
Plot Title: 5C2G,5410,7/31/26 19:15,73.58,
Plot Title: 5C2G,5411,7/31/26 19:30,72.372,
Plot Title: 5C2G,5412,7/31/26 19:45,71.339,
Plot Title: 5C2G,5413,7/31/26 20:00,70.48,
Plot Title: 5C2G,5414,7/31/26 20:15,69.449,
Plot Title: 5C2G,5415,7/31/26 20:30,68.592,
Plot Title: 5C2G,5416,7/31/26 20:45,67.906,
Plot Title: 5C2G,5417,7/31/26 21:00,66.879,
Plot Title: 5C2G,5418,7/31/26 21:15,65.851,
Plot Title: 5C2G,5419,7/31/26 21:30,65.167,
Plot Title: 5C2G,5420,7/31/26 21:45,64.652,
Plot Title: 5C2G,5421,7/31/26 22:00,64.31,
Plot Title: 5C2G,5422,7/31/26 22:15,63.968,
Plot Title: 5C2G,5423,7/31/26 22:30,63.455,
Plot Title: 5C2G,5424,7/31/26 22:45,63.111,
Plot Title: 5C2G,5425,7/31/26 23:00,62.769,
Plot Title: 5C2G,5426,7/31/26 23:15,62.425,
Plot Title: 5C2G,5427,7/31/26 23:30,62.083,
Plot Title: 5C2G,5428,7/31/26 23:45,61.741,
Plot Title: 5C2G,5429,8/1/26 00:00,61.569,
Plot Title: 5C2G,5430,8/1/26 00:15,61.398,
Plot Title: 5C2G,5431,8/1/26 00:30,61.227,
Plot Title: 5C2G,5432,8/1/26 00:45,60.883,
Plot Title: 5C2G,5433,8/1/26 01:00,60.539,
Plot Title: 5C2G,5434,8/1/26 01:15,60.024,
Plot Title: 5C2G,5435,8/1/26 01:30,59.68,
Plot Title: 5C2G,5436,8/1/26 01:45,59.851,
Plot Title: 5C2G,5437,8/1/26 02:00,59.851,
Plot Title: 5C2G,5438,8/1/26 02:15,59.68,
Plot Title: 5C2G,5439,8/1/26 02:30,59.68,
Plot Title: 5C2G,5440,8/1/26 02:45,59.337,
Plot Title: 5C2G,5441,8/1/26 03:00,58.647,
Plot Title: 5C2G,5442,8/1/26 03:15,58.476,
Plot Title: 5C2G,5443,8/1/26 03:30,58.131,
Plot Title: 5C2G,5444,8/1/26 03:45,57.614,
Plot Title: 5C2G,5445,8/1/26 04:00,57.096,
Plot Title: 5C2G,5446,8/1/26 04:15,56.75,
Plot Title: 5C2G,5447,8/1/26 04:30,56.577,
Plot Title: 5C2G,5448,8/1/26 04:45,56.404,
Plot Title: 5C2G,5449,8/1/26 05:00,56.057,
Plot Title: 5C2G,5450,8/1/26 05:15,55.884,
Plot Title: 5C2G,5451,8/1/26 05:30,55.537,
Plot Title: 5C2G,5452,8/1/26 05:45,55.364,
Plot Title: 5C2G,5453,8/1/26 06:00,55.017,
Plot Title: 5C2G,5454,8/1/26 06:15,54.842,
Plot Title: 5C2G,5455,8/1/26 06:30,54.842,
Plot Title: 5C2G,5456,8/1/26 06:45,55.884,
Plot Title: 5C2G,5457,8/1/26 07:00,57.785,
Plot Title: 5C2G,5458,8/1/26 07:15,59.851,
Plot Title: 5C2G,5459,8/1/26 07:30,62.254,
Plot Title: 5C2G,5460,8/1/26 07:45,64.996,
Plot Title: 5C2G,5461,8/1/26 08:00,67.906,
Plot Title: 5C2G,5462,8/1/26 08:15,71.512,
Plot Title: 5C2G,5463,8/1/26 08:30,75.312,
Plot Title: 5C2G,5464,8/1/26 08:45,79.151,
Plot Title: 5C2G,5465,8/1/26 09:00,83.221,
Plot Title: 5C2G,5466,8/1/26 09:15,86.823,
Plot Title: 5C2G,5467,8/1/26 09:30,90.309,
Plot Title: 5C2G,5468,8/1/26 09:45,93.493,
Plot Title: 5C2G,5469,8/1/26 10:00,96.361,
Plot Title: 5C2G,5470,8/1/26 10:15,98.897,
Plot Title: 5C2G,5471,8/1/26 10:30,101.484,
Plot Title: 5C2G,5472,8/1/26 10:45,104.747,
Plot Title: 5C2G,5473,8/1/26 11:00,107.683,
Plot Title: 5C2G,5474,8/1/26 11:15,110.482,
Plot Title: 5C2G,5475,8/1/26 11:30,112.914,
Plot Title: 5C2G,5476,8/1/26 11:45,114.949,
Plot Title: 5C2G,5477,8/1/26 12:00,116.796,
Plot Title: 5C2G,5478,8/1/26 12:15,117.732,
Plot Title: 5C2G,5479,8/1/26 12:30,117.968,
Plot Title: 5C2G,5480,8/1/26 12:45,118.918,
Plot Title: 5C2G,5481,8/1/26 13:00,118.918,
Plot Title: 5C2G,5482,8/1/26 13:15,120.848,
Plot Title: 5C2G,5483,8/1/26 13:30,121.093,
Plot Title: 5C2G,5484,8/1/26 13:45,121.338,
Plot Title: 5C2G,5485,8/1/26 14:00,121.829,
Plot Title: 5C2G,5486,8/1/26 14:15,120.848,
Plot Title: 5C2G,5487,8/1/26 14:30,119.158,
Plot Title: 5C2G,5488,8/1/26 14:45,118.206,
Plot Title: 5C2G,5489,8/1/26 15:00,117.028,
Plot Title: 5C2G,5490,8/1/26 15:15,112.467,
Plot Title: 5C2G,5491,8/1/26 15:30,111.139,
Plot Title: 5C2G,5492,8/1/26 15:45,106.205,
Plot Title: 5C2G,5493,8/1/26 16:00,105.37,
Plot Title: 5C2G,5494,8/1/26 16:15,102.697,
Plot Title: 5C2G,5495,8/1/26 16:30,99.885,
Plot Title: 5C2G,5496,8/1/26 16:45,96.748,
Plot Title: 5C2G,5497,8/1/26 17:00,94.444,
Plot Title: 5C2G,5498,8/1/26 17:15,91.987,
Plot Title: 5C2G,5499,8/1/26 17:30,88.833,
Plot Title: 5C2G,5500,8/1/26 17:45,85.735,
Plot Title: 5C2G,5501,8/1/26 18:00,83.221,
Plot Title: 5C2G,5502,8/1/26 18:15,81.09,
Plot Title: 5C2G,5503,8/1/26 18:30,80.382,
Plot Title: 5C2G,5504,8/1/26 18:45,78.624,
Plot Title: 5C2G,5505,8/1/26 19:00,77.05,
Plot Title: 5C2G,5506,8/1/26 19:15,75.484,
Plot Title: 5C2G,5507,8/1/26 19:30,74.098,
Plot Title: 5C2G,5508,8/1/26 19:45,73.062,
Plot Title: 5C2G,5509,8/1/26 20:00,72.199,
Plot Title: 5C2G,5510,8/1/26 20:15,71.339,
Plot Title: 5C2G,5511,8/1/26 20:30,70.308,
Plot Title: 5C2G,5512,8/1/26 20:45,69.107,
Plot Title: 5C2G,5513,8/1/26 21:00,68.248,
Plot Title: 5C2G,5514,8/1/26 21:15,67.221,
Plot Title: 5C2G,5515,8/1/26 21:30,66.366,
Plot Title: 5C2G,5516,8/1/26 21:45,65.509,
Plot Title: 5C2G,5517,8/1/26 22:00,64.996,
Plot Title: 5C2G,5518,8/1/26 22:15,64.31,
Plot Title: 5C2G,5519,8/1/26 22:30,63.797,
Plot Title: 5C2G,5520,8/1/26 22:45,63.282,
Plot Title: 5C2G,5521,8/1/26 23:00,62.769,
Plot Title: 5C2G,5522,8/1/26 23:15,62.083,
Plot Title: 5C2G,5523,8/1/26 23:30,61.398,
Plot Title: 5C2G,5524,8/1/26 23:45,60.712,
Plot Title: 5C2G,5525,8/2/26 00:00,60.024,
Plot Title: 5C2G,5526,8/2/26 00:15,59.508,
Plot Title: 5C2G,5527,8/2/26 00:30,58.82,
Plot Title: 5C2G,5528,8/2/26 00:45,58.131,
Plot Title: 5C2G,5529,8/2/26 01:00,57.785,
Plot Title: 5C2G,5530,8/2/26 01:15,57.268,
Plot Title: 5C2G,5531,8/2/26 01:30,56.75,
Plot Title: 5C2G,5532,8/2/26 01:45,56.577,
Plot Title: 5C2G,5533,8/2/26 02:00,56.23,
Plot Title: 5C2G,5534,8/2/26 02:15,56.057,
Plot Title: 5C2G,5535,8/2/26 02:30,56.057,
Plot Title: 5C2G,5536,8/2/26 02:45,56.057,
Plot Title: 5C2G,5537,8/2/26 03:00,55.711,
Plot Title: 5C2G,5538,8/2/26 03:15,55.189,
Plot Title: 5C2G,5539,8/2/26 03:30,54.669,
Plot Title: 5C2G,5540,8/2/26 03:45,54.147,
Plot Title: 5C2G,5541,8/2/26 04:00,53.798,
Plot Title: 5C2G,5542,8/2/26 04:15,53.449,
Plot Title: 5C2G,5543,8/2/26 04:30,53.274,
Plot Title: 5C2G,5544,8/2/26 04:45,53.1,
Plot Title: 5C2G,5545,8/2/26 05:00,52.925,
Plot Title: 5C2G,5546,8/2/26 05:15,52.75,
Plot Title: 5C2G,5547,8/2/26 05:30,52.576,
Plot Title: 5C2G,5548,8/2/26 05:45,52.576,
Plot Title: 5C2G,5549,8/2/26 06:00,52.401,
Plot Title: 5C2G,5550,8/2/26 06:15,52.401,
Plot Title: 5C2G,5551,8/2/26 06:30,52.576,
Plot Title: 5C2G,5552,8/2/26 06:45,53.449,
Plot Title: 5C2G,5553,8/2/26 07:00,55.364,
Plot Title: 5C2G,5554,8/2/26 07:15,57.441,
Plot Title: 5C2G,5555,8/2/26 07:30,60.024,
Plot Title: 5C2G,5556,8/2/26 07:45,62.769,
Plot Title: 5C2G,5557,8/2/26 08:00,66.193,
Plot Title: 5C2G,5558,8/2/26 08:15,69.449,
Plot Title: 5C2G,5559,8/2/26 08:30,72.891,
Plot Title: 5C2G,5560,8/2/26 08:45,76.703,
Plot Title: 5C2G,5561,8/2/26 09:00,80.559,
Plot Title: 5C2G,5562,8/2/26 09:15,84.474,
Plot Title: 5C2G,5563,8/2/26 09:30,88.282,
Plot Title: 5C2G,5564,8/2/26 09:45,91.612,
Plot Title: 5C2G,5565,8/2/26 10:00,94.825,
Plot Title: 5C2G,5566,8/2/26 10:15,98.11,
Plot Title: 5C2G,5567,8/2/26 10:30,101.082,
Plot Title: 5C2G,5568,8/2/26 10:45,104.333,
Plot Title: 5C2G,5569,8/2/26 11:00,106.624,
Plot Title: 5C2G,5570,8/2/26 11:15,109.828,
Plot Title: 5C2G,5571,8/2/26 11:30,111.58,
Plot Title: 5C2G,5572,8/2/26 11:45,114.265,
Plot Title: 5C2G,5573,8/2/26 12:00,116.33,
Plot Title: 5C2G,5574,8/2/26 12:15,117.968,
Plot Title: 5C2G,5575,8/2/26 12:30,119.158,
Plot Title: 5C2G,5576,8/2/26 12:45,120.605,
Plot Title: 5C2G,5577,8/2/26 13:00,122.076,
Plot Title: 5C2G,5578,8/2/26 13:15,122.821,
Plot Title: 5C2G,5579,8/2/26 13:30,122.324,
Plot Title: 5C2G,5580,8/2/26 13:45,122.324,
Plot Title: 5C2G,5581,8/2/26 14:00,122.324,
Plot Title: 5C2G,5582,8/2/26 14:15,121.829,
Plot Title: 5C2G,5583,8/2/26 14:30,120.605,
Plot Title: 5C2G,5584,8/2/26 14:45,119.158,
Plot Title: 5C2G,5585,8/2/26 15:00,118.441,
Plot Title: 5C2G,5586,8/2/26 15:15,117.028,
Plot Title: 5C2G,5587,8/2/26 15:30,114.039,
Plot Title: 5C2G,5588,8/2/26 15:45,111.139,
Plot Title: 5C2G,5589,8/2/26 16:00,108.322,
Plot Title: 5C2G,5590,8/2/26 16:15,105.161,
Plot Title: 5C2G,5591,8/2/26 16:30,101.282,
Plot Title: 5C2G,5592,8/2/26 16:45,97.916,
Plot Title: 5C2G,5593,8/2/26 17:00,94.825,
Plot Title: 5C2G,5594,8/2/26 17:15,91.425,
Plot Title: 5C2G,5595,8/2/26 17:30,87.915,
Plot Title: 5C2G,5596,8/2/26 17:45,84.654,
Plot Title: 5C2G,5597,8/2/26 18:00,82.508,
Plot Title: 5C2G,5598,8/2/26 18:15,80.735,
Plot Title: 5C2G,5599,8/2/26 18:30,78.8,
Plot Title: 5C2G,5600,8/2/26 18:45,77.225,
Plot Title: 5C2G,5601,8/2/26 19:00,77.923,
Plot Title: 5C2G,5602,8/2/26 19:15,77.225,
Plot Title: 5C2G,5603,8/2/26 19:30,75.484,
Plot Title: 5C2G,5604,8/2/26 19:45,73.58,
Plot Title: 5C2G,5605,8/2/26 20:00,72.545,
Plot Title: 5C2G,5606,8/2/26 20:15,70.651,
Plot Title: 5C2G,5607,8/2/26 20:30,68.763,
Plot Title: 5C2G,5608,8/2/26 20:45,67.221,
Plot Title: 5C2G,5609,8/2/26 21:00,65.509,
Plot Title: 5C2G,5610,8/2/26 21:15,64.139,
Plot Title: 5C2G,5611,8/2/26 21:30,62.94,
Plot Title: 5C2G,5612,8/2/26 21:45,61.741,
Plot Title: 5C2G,5613,8/2/26 22:00,60.883,
Plot Title: 5C2G,5614,8/2/26 22:15,59.851,
Plot Title: 5C2G,5615,8/2/26 22:30,58.993,
Plot Title: 5C2G,5616,8/2/26 22:45,58.131,
Plot Title: 5C2G,5617,8/2/26 23:00,57.441,
Plot Title: 5C2G,5618,8/2/26 23:15,56.75,
Plot Title: 5C2G,5619,8/2/26 23:30,56.057,
Plot Title: 5C2G,5620,8/2/26 23:45,55.364,
Plot Title: 5C2G,5621,8/3/26 00:00,54.669,
Plot Title: 5C2G,5622,8/3/26 00:15,53.973,
Plot Title: 5C2G,5623,8/3/26 00:30,53.274,
Plot Title: 5C2G,5624,8/3/26 00:45,52.75,
Plot Title: 5C2G,5625,8/3/26 01:00,52.05,
Plot Title: 5C2G,5626,8/3/26 01:15,51.523,
Plot Title: 5C2G,5627,8/3/26 01:30,50.995,
Plot Title: 5C2G,5628,8/3/26 01:45,50.466,
Plot Title: 5C2G,5629,8/3/26 02:00,49.937,
Plot Title: 5C2G,5630,8/3/26 02:15,49.582,
Plot Title: 5C2G,5631,8/3/26 02:30,49.05,
Plot Title: 5C2G,5632,8/3/26 02:45,48.695,
Plot Title: 5C2G,5633,8/3/26 03:00,48.339,
Plot Title: 5C2G,5634,8/3/26 03:15,47.802,
Plot Title: 5C2G,5635,8/3/26 03:30,47.446,
Plot Title: 5C2G,5636,8/3/26 03:45,47.088,
Plot Title: 5C2G,5637,8/3/26 04:00,46.728,
Plot Title: 5C2G,5638,8/3/26 04:15,46.188,
Plot Title: 5C2G,5639,8/3/26 04:30,45.828,
Plot Title: 5C2G,5640,8/3/26 04:45,45.466,
Plot Title: 5C2G,5641,8/3/26 05:00,45.104,
Plot Title: 5C2G,5642,8/3/26 05:15,44.56,
Plot Title: 5C2G,5643,8/3/26 05:30,44.195,
Plot Title: 5C2G,5644,8/3/26 05:45,43.831,
Plot Title: 5C2G,5645,8/3/26 06:00,43.466,
Plot Title: 5C2G,5646,8/3/26 06:15,43.282,
Plot Title: 5C2G,5647,8/3/26 06:30,43.099,
Plot Title: 5C2G,5648,8/3/26 06:45,43.648,
Plot Title: 5C2G,5649,8/3/26 07:00,44.922,
Plot Title: 5C2G,5650,8/3/26 07:15,46.728,
Plot Title: 5C2G,5651,8/3/26 07:30,48.871,
Plot Title: 5C2G,5652,8/3/26 07:45,51.346,
Plot Title: 5C2G,5653,8/3/26 08:00,54.842,
Plot Title: 5C2G,5654,8/3/26 08:15,58.131,
Plot Title: 5C2G,5655,8/3/26 08:30,61.227,
Plot Title: 5C2G,5656,8/3/26 08:45,64.825,
Plot Title: 5C2G,5657,8/3/26 09:00,68.421,
Plot Title: 5C2G,5658,8/3/26 09:15,72.199,
Plot Title: 5C2G,5659,8/3/26 09:30,76.006,
Plot Title: 5C2G,5660,8/3/26 09:45,79.151,
Plot Title: 5C2G,5661,8/3/26 10:00,82.686,
Plot Title: 5C2G,5662,8/3/26 10:15,85.915,
Plot Title: 5C2G,5663,8/3/26 10:30,89.384,
Plot Title: 5C2G,5664,8/3/26 10:45,92.55,
Plot Title: 5C2G,5665,8/3/26 11:00,95.783,
Plot Title: 5C2G,5666,8/3/26 11:15,98.307,
Plot Title: 5C2G,5667,8/3/26 11:30,100.083,
Plot Title: 5C2G,5668,8/3/26 11:45,103.104,
Plot Title: 5C2G,5669,8/3/26 12:00,100.083,
Plot Title: 5C2G,5670,8/3/26 12:15,106.205,
Plot Title: 5C2G,5671,8/3/26 12:30,102.29,
Plot Title: 5C2G,5672,8/3/26 12:45,103.923,
Plot Title: 5C2G,5673,8/3/26 13:00,108.536,
Plot Title: 5C2G,5674,8/3/26 13:15,109.396,
Plot Title: 5C2G,5675,8/3/26 13:30,110.919,
Plot Title: 5C2G,5676,8/3/26 13:45,111.36,
Plot Title: 5C2G,5677,8/3/26 14:00,111.58,
Plot Title: 5C2G,5678,8/3/26 14:15,110.264,
Plot Title: 5C2G,5679,8/3/26 14:30,109.828,
Plot Title: 5C2G,5680,8/3/26 14:45,109.18,
Plot Title: 5C2G,5681,8/3/26 15:00,108.322,
Plot Title: 5C2G,5682,8/3/26 15:15,106.835,
Plot Title: 5C2G,5683,8/3/26 15:30,105.161,
Plot Title: 5C2G,5684,8/3/26 15:45,102.088,
Plot Title: 5C2G,5685,8/3/26 16:00,99.291,
Plot Title: 5C2G,5686,8/3/26 16:15,95.976,
Plot Title: 5C2G,5687,8/3/26 16:30,92.363,
Plot Title: 5C2G,5688,8/3/26 16:45,87.368,
Plot Title: 5C2G,5689,8/3/26 17:00,83.935,
Plot Title: 5C2G,5690,8/3/26 17:15,80.382,
Plot Title: 5C2G,5691,8/3/26 17:30,76.876,
Plot Title: 5C2G,5692,8/3/26 17:45,73.58,
Plot Title: 5C2G,5693,8/3/26 18:00,70.824,
Plot Title: 5C2G,5694,8/3/26 18:15,68.763,
Plot Title: 5C2G,5695,8/3/26 18:30,67.05,
Plot Title: 5C2G,5696,8/3/26 18:45,65.509,
Plot Title: 5C2G,5697,8/3/26 19:00,63.797,
Plot Title: 5C2G,5698,8/3/26 19:15,62.425,
Plot Title: 5C2G,5699,8/3/26 19:30,61.054,
Plot Title: 5C2G,5700,8/3/26 19:45,59.851,
Plot Title: 5C2G,5701,8/3/26 20:00,58.82,
Plot Title: 5C2G,5702,8/3/26 20:15,57.785,
Plot Title: 5C2G,5703,8/3/26 20:30,56.75,
Plot Title: 5C2G,5704,8/3/26 20:45,55.711,
Plot Title: 5C2G,5705,8/3/26 21:00,54.495,
Plot Title: 5C2G,5706,8/3/26 21:15,53.449,
Plot Title: 5C2G,5707,8/3/26 21:30,52.576,
Plot Title: 5C2G,5708,8/3/26 21:45,51.874,
Plot Title: 5C2G,5709,8/3/26 22:00,51.172,
Plot Title: 5C2G,5710,8/3/26 22:15,50.466,
Plot Title: 5C2G,5711,8/3/26 22:30,49.937,
Plot Title: 5C2G,5712,8/3/26 22:45,49.404,
Plot Title: 5C2G,5713,8/3/26 23:00,48.871,
Plot Title: 5C2G,5714,8/3/26 23:15,48.339,
Plot Title: 5C2G,5715,8/3/26 23:30,48.16,
Plot Title: 5C2G,5716,8/3/26 23:45,47.802,
Plot Title: 5C2G,5717,8/4/26 00:00,47.624,
Plot Title: 5C2G,5718,8/4/26 00:15,47.266,
Plot Title: 5C2G,5719,8/4/26 00:30,46.908,
Plot Title: 5C2G,5720,8/4/26 00:45,46.548,
Plot Title: 5C2G,5721,8/4/26 01:00,46.369,
Plot Title: 5C2G,5722,8/4/26 01:15,46.008,
Plot Title: 5C2G,5723,8/4/26 01:30,45.828,
Plot Title: 5C2G,5724,8/4/26 01:45,45.466,
Plot Title: 5C2G,5725,8/4/26 02:00,45.286,
Plot Title: 5C2G,5726,8/4/26 02:15,44.922,
Plot Title: 5C2G,5727,8/4/26 02:30,44.56,
Plot Title: 5C2G,5728,8/4/26 02:45,44.379,
Plot Title: 5C2G,5729,8/4/26 03:00,43.831,
Plot Title: 5C2G,5730,8/4/26 03:15,43.466,
Plot Title: 5C2G,5731,8/4/26 03:30,43.282,
Plot Title: 5C2G,5732,8/4/26 03:45,42.732,
Plot Title: 5C2G,5733,8/4/26 04:00,42.363,
Plot Title: 5C2G,5734,8/4/26 04:15,42.179,
Plot Title: 5C2G,5735,8/4/26 04:30,41.81,
Plot Title: 5C2G,5736,8/4/26 04:45,41.439,
Plot Title: 5C2G,5737,8/4/26 05:00,41.254,
Plot Title: 5C2G,5738,8/4/26 05:15,40.881,
Plot Title: 5C2G,5739,8/4/26 05:30,40.696,
Plot Title: 5C2G,5740,8/4/26 05:45,40.321,
Plot Title: 5C2G,5741,8/4/26 06:00,40.134,
Plot Title: 5C2G,5742,8/4/26 06:15,39.947,
Plot Title: 5C2G,5743,8/4/26 06:30,40.134,
Plot Title: 5C2G,5744,8/4/26 06:45,41.254,
Plot Title: 5C2G,5745,8/4/26 07:00,43.099,
Plot Title: 5C2G,5746,8/4/26 07:15,45.648,
Plot Title: 5C2G,5747,8/4/26 07:30,48.695,
Plot Title: 5C2G,5748,8/4/26 07:45,52.05,
Plot Title: 5C2G,5749,8/4/26 08:00,55.884,
Plot Title: 5C2G,5750,8/4/26 08:15,59.851,
Plot Title: 5C2G,5751,8/4/26 08:30,63.111,
Plot Title: 5C2G,5752,8/4/26 08:45,66.708,
Plot Title: 5C2G,5753,8/4/26 09:00,67.564,
Plot Title: 5C2G,5754,8/4/26 09:15,68.592,
Plot Title: 5C2G,5755,8/4/26 09:30,73.062,
Plot Title: 5C2G,5756,8/4/26 09:45,78.8,
Plot Title: 5C2G,5757,8/4/26 10:00,83.221,
Plot Title: 5C2G,5758,8/4/26 10:15,87.368,
Plot Title: 5C2G,5759,8/4/26 10:30,91.425,
Plot Title: 5C2G,5760,8/4/26 10:45,94.633,
Plot Title: 5C2G,5761,8/4/26 11:00,97.72,
Plot Title: 5C2G,5762,8/4/26 11:15,100.882,
Plot Title: 5C2G,5763,8/4/26 11:30,103.717,
Plot Title: 5C2G,5764,8/4/26 11:45,106.835,
Plot Title: 5C2G,5765,8/4/26 12:00,109.18,
Plot Title: 5C2G,5766,8/4/26 12:15,111.36,
Plot Title: 5C2G,5767,8/4/26 12:30,113.137,
Plot Title: 5C2G,5768,8/4/26 12:45,114.949,
Plot Title: 5C2G,5769,8/4/26 13:00,115.867,
Plot Title: 5C2G,5770,8/4/26 13:15,116.33,
Plot Title: 5C2G,5771,8/4/26 13:30,117.028,
Plot Title: 5C2G,5772,8/4/26 13:45,117.262,
Plot Title: 5C2G,5773,8/4/26 14:00,116.796,
Plot Title: 5C2G,5774,8/4/26 14:15,116.33,
Plot Title: 5C2G,5775,8/4/26 14:30,115.407,
Plot Title: 5C2G,5776,8/4/26 14:45,114.265,
Plot Title: 5C2G,5777,8/4/26 15:00,112.69,
Plot Title: 5C2G,5778,8/4/26 15:15,111.58,
Plot Title: 5C2G,5779,8/4/26 15:30,109.396,
Plot Title: 5C2G,5780,8/4/26 15:45,106.205,
Plot Title: 5C2G,5781,8/4/26 16:00,102.9,
Plot Title: 5C2G,5782,8/4/26 16:15,99.093,
Plot Title: 5C2G,5783,8/4/26 16:30,95.207,
Plot Title: 5C2G,5784,8/4/26 16:45,90.867,
Plot Title: 5C2G,5785,8/4/26 17:00,87.004,
Plot Title: 5C2G,5786,8/4/26 17:15,83.579,
Plot Title: 5C2G,5787,8/4/26 17:30,79.853,
Plot Title: 5C2G,5788,8/4/26 17:45,76.354,
Plot Title: 5C2G,5789,8/4/26 18:00,73.58,
Plot Title: 5C2G,5790,8/4/26 18:15,71.339,
Plot Title: 5C2G,5791,8/4/26 18:30,69.449,
Plot Title: 5C2G,5792,8/4/26 18:45,67.735,
Plot Title: 5C2G,5793,8/4/26 19:00,66.366,
Plot Title: 5C2G,5794,8/4/26 19:15,65.167,
Plot Title: 5C2G,5795,8/4/26 19:30,64.139,
Plot Title: 5C2G,5796,8/4/26 19:45,63.111,
Plot Title: 5C2G,5797,8/4/26 20:00,61.912,
Plot Title: 5C2G,5798,8/4/26 20:15,60.712,
Plot Title: 5C2G,5799,8/4/26 20:30,59.508,
Plot Title: 5C2G,5800,8/4/26 20:45,58.303,
Plot Title: 5C2G,5801,8/4/26 21:00,57.096,
Plot Title: 5C2G,5802,8/4/26 21:15,55.884,
Plot Title: 5C2G,5803,8/4/26 21:30,54.842,
Plot Title: 5C2G,5804,8/4/26 21:45,53.973,
Plot Title: 5C2G,5805,8/4/26 22:00,53.449,
Plot Title: 5C2G,5806,8/4/26 22:15,52.75,
Plot Title: 5C2G,5807,8/4/26 22:30,52.225,
Plot Title: 5C2G,5808,8/4/26 22:45,51.699,
Plot Title: 5C2G,5809,8/4/26 23:00,51.172,
Plot Title: 5C2G,5810,8/4/26 23:15,50.995,
Plot Title: 5C2G,5811,8/4/26 23:30,50.466,
Plot Title: 5C2G,5812,8/4/26 23:45,49.937,
Plot Title: 5C2G,5813,8/5/26 00:00,49.404,
Plot Title: 5C2G,5814,8/5/26 00:15,48.871,
Plot Title: 5C2G,5815,8/5/26 00:30,48.339,
Plot Title: 5C2G,5816,8/5/26 00:45,47.982,
Plot Title: 5C2G,5817,8/5/26 01:00,47.446,
Plot Title: 5C2G,5818,8/5/26 01:15,47.088,
Plot Title: 5C2G,5819,8/5/26 01:30,46.728,
Plot Title: 5C2G,5820,8/5/26 01:45,46.369,
Plot Title: 5C2G,5821,8/5/26 02:00,46.008,
Plot Title: 5C2G,5822,8/5/26 02:15,45.648,
Plot Title: 5C2G,5823,8/5/26 02:30,45.466,
Plot Title: 5C2G,5824,8/5/26 02:45,45.104,
Plot Title: 5C2G,5825,8/5/26 03:00,44.742,
Plot Title: 5C2G,5826,8/5/26 03:15,44.56,
Plot Title: 5C2G,5827,8/5/26 03:30,44.379,
Plot Title: 5C2G,5828,8/5/26 03:45,44.195,
Plot Title: 5C2G,5829,8/5/26 04:00,44.013,
Plot Title: 5C2G,5830,8/5/26 04:15,43.831,
Plot Title: 5C2G,5831,8/5/26 04:30,43.648,
Plot Title: 5C2G,5832,8/5/26 04:45,43.466,
Plot Title: 5C2G,5833,8/5/26 05:00,43.466,
Plot Title: 5C2G,5834,8/5/26 05:15,43.282,
Plot Title: 5C2G,5835,8/5/26 05:30,42.915,
Plot Title: 5C2G,5836,8/5/26 05:45,42.732,
Plot Title: 5C2G,5837,8/5/26 06:00,42.548,
Plot Title: 5C2G,5838,8/5/26 06:15,42.363,
Plot Title: 5C2G,5839,8/5/26 06:30,42.363,
Plot Title: 5C2G,5840,8/5/26 06:45,43.099,
Plot Title: 5C2G,5841,8/5/26 07:00,44.742,
Plot Title: 5C2G,5842,8/5/26 07:15,47.088,
Plot Title: 5C2G,5843,8/5/26 07:30,50.29,
Plot Title: 5C2G,5844,8/5/26 07:45,53.798,
Plot Title: 5C2G,5845,8/5/26 08:00,58.131,
Plot Title: 5C2G,5846,8/5/26 08:15,62.254,
Plot Title: 5C2G,5847,8/5/26 08:30,66.537,
Plot Title: 5C2G,5848,8/5/26 08:45,71.168,
Plot Title: 5C2G,5849,8/5/26 09:00,75.659,
Plot Title: 5C2G,5850,8/5/26 09:15,80.029,
Plot Title: 5C2G,5851,8/5/26 09:30,83.935,
Plot Title: 5C2G,5852,8/5/26 09:45,87.915,
Plot Title: 5C2G,5853,8/5/26 10:00,91.612,
Plot Title: 5C2G,5854,8/5/26 10:15,95.4,
Plot Title: 5C2G,5855,8/5/26 10:30,98.503,
Plot Title: 5C2G,5856,8/5/26 10:45,101.282,
Plot Title: 5C2G,5857,8/5/26 11:00,104.128,
Plot Title: 5C2G,5858,8/5/26 11:15,106.414,
Plot Title: 5C2G,5859,8/5/26 11:30,108.536,
Plot Title: 5C2G,5860,8/5/26 11:45,110.482,
Plot Title: 5C2G,5861,8/5/26 12:00,110.264,
Plot Title: 5C2G,5862,8/5/26 12:15,110.046,
Plot Title: 5C2G,5863,8/5/26 12:30,111.36,
Plot Title: 5C2G,5864,8/5/26 12:45,113.362,
Plot Title: 5C2G,5865,8/5/26 13:00,114.265,
Plot Title: 5C2G,5866,8/5/26 13:15,114.949,
Plot Title: 5C2G,5867,8/5/26 13:30,115.178,
Plot Title: 5C2G,5868,8/5/26 13:45,115.867,
Plot Title: 5C2G,5869,8/5/26 14:00,115.867,
Plot Title: 5C2G,5870,8/5/26 14:15,113.814,
Plot Title: 5C2G,5871,8/5/26 14:30,113.587,
Plot Title: 5C2G,5872,8/5/26 14:45,113.137,
Plot Title: 5C2G,5873,8/5/26 15:00,112.023,
Plot Title: 5C2G,5874,8/5/26 15:15,110.482,
Plot Title: 5C2G,5875,8/5/26 15:30,108.536,
Plot Title: 5C2G,5876,8/5/26 15:45,105.37,
Plot Title: 5C2G,5877,8/5/26 16:00,101.887,
Plot Title: 5C2G,5878,8/5/26 16:15,98.307,
Plot Title: 5C2G,5879,8/5/26 16:30,94.633,
Plot Title: 5C2G,5880,8/5/26 16:45,91.053,
Plot Title: 5C2G,5881,8/5/26 17:00,87.733,
Plot Title: 5C2G,5882,8/5/26 17:15,84.295,
Plot Title: 5C2G,5883,8/5/26 17:30,81.09,
Plot Title: 5C2G,5884,8/5/26 17:45,77.574,
Plot Title: 5C2G,5885,8/5/26 18:00,74.619,
Plot Title: 5C2G,5886,8/5/26 18:15,72.372,
Plot Title: 5C2G,5887,8/5/26 18:30,70.824,
Plot Title: 5C2G,5888,8/5/26 18:45,69.449,
Plot Title: 5C2G,5889,8/5/26 19:00,68.248,
Plot Title: 5C2G,5890,8/5/26 19:15,67.221,
Plot Title: 5C2G,5891,8/5/26 19:30,66.193,
Plot Title: 5C2G,5892,8/5/26 19:45,65.167,
Plot Title: 5C2G,5893,8/5/26 20:00,63.968,
Plot Title: 5C2G,5894,8/5/26 20:15,62.769,
Plot Title: 5C2G,5895,8/5/26 20:30,61.398,
Plot Title: 5C2G,5896,8/5/26 20:45,60.195,
Plot Title: 5C2G,5897,8/5/26 21:00,59.164,
Plot Title: 5C2G,5898,8/5/26 21:15,58.131,
Plot Title: 5C2G,5899,8/5/26 21:30,57.614,
Plot Title: 5C2G,5900,8/5/26 21:45,56.923,
Plot Title: 5C2G,5901,8/5/26 22:00,56.23,
Plot Title: 5C2G,5902,8/5/26 22:15,55.884,
Plot Title: 5C2G,5903,8/5/26 22:30,55.537,
Plot Title: 5C2G,5904,8/5/26 22:45,55.364,
Plot Title: 5C2G,5905,8/5/26 23:00,55.189,
Plot Title: 5C2G,5906,8/5/26 23:15,54.842,
Plot Title: 5C2G,5907,8/5/26 23:30,54.322,
Plot Title: 5C2G,5908,8/5/26 23:45,53.798,
Plot Title: 5C2G,5909,8/6/26 00:00,53.1,
Plot Title: 5C2G,5910,8/6/26 00:15,52.401,
Plot Title: 5C2G,5911,8/6/26 00:30,51.874,
Plot Title: 5C2G,5912,8/6/26 00:45,51.346,
Plot Title: 5C2G,5913,8/6/26 01:00,50.819,
Plot Title: 5C2G,5914,8/6/26 01:15,50.643,
Plot Title: 5C2G,5915,8/6/26 01:30,50.29,
Plot Title: 5C2G,5916,8/6/26 01:45,49.937,
Plot Title: 5C2G,5917,8/6/26 02:00,49.937,
Plot Title: 5C2G,5918,8/6/26 02:15,49.937,
Plot Title: 5C2G,5919,8/6/26 02:30,49.759,
Plot Title: 5C2G,5920,8/6/26 02:45,49.582,
Plot Title: 5C2G,5921,8/6/26 03:00,49.404,
Plot Title: 5C2G,5922,8/6/26 03:15,49.228,
Plot Title: 5C2G,5923,8/6/26 03:30,49.05,
Plot Title: 5C2G,5924,8/6/26 03:45,48.871,
Plot Title: 5C2G,5925,8/6/26 04:00,48.695,
Plot Title: 5C2G,5926,8/6/26 04:15,48.871,
Plot Title: 5C2G,5927,8/6/26 04:30,48.695,
Plot Title: 5C2G,5928,8/6/26 04:45,48.517,
Plot Title: 5C2G,5929,8/6/26 05:00,48.16,
Plot Title: 5C2G,5930,8/6/26 05:15,47.982,
Plot Title: 5C2G,5931,8/6/26 05:30,47.982,
Plot Title: 5C2G,5932,8/6/26 05:45,47.802,
Plot Title: 5C2G,5933,8/6/26 06:00,47.624,
Plot Title: 5C2G,5934,8/6/26 06:15,47.624,
Plot Title: 5C2G,5935,8/6/26 06:30,47.802,
Plot Title: 5C2G,5936,8/6/26 06:45,48.517,
Plot Title: 5C2G,5937,8/6/26 07:00,49.582,
Plot Title: 5C2G,5938,8/6/26 07:15,52.225,
Plot Title: 5C2G,5939,8/6/26 07:30,55.364,
Plot Title: 5C2G,5940,8/6/26 07:45,58.476,
Plot Title: 5C2G,5941,8/6/26 08:00,61.912,
Plot Title: 5C2G,5942,8/6/26 08:15,65.509,
Plot Title: 5C2G,5943,8/6/26 08:30,69.278,
Plot Title: 5C2G,5944,8/6/26 08:45,73.58,
Plot Title: 5C2G,5945,8/6/26 09:00,77.749,
Plot Title: 5C2G,5946,8/6/26 09:15,81.621,
Plot Title: 5C2G,5947,8/6/26 09:30,85.554,
Plot Title: 5C2G,5948,8/6/26 09:45,89.2,
Plot Title: 5C2G,5949,8/6/26 10:00,92.926,
Plot Title: 5C2G,5950,8/6/26 10:15,94.825,
Plot Title: 5C2G,5951,8/6/26 10:30,96.748,
Plot Title: 5C2G,5952,8/6/26 10:45,98.897,
Plot Title: 5C2G,5953,8/6/26 11:00,101.484,
Plot Title: 5C2G,5954,8/6/26 11:15,103.717,
Plot Title: 5C2G,5955,8/6/26 11:30,105.994,
Plot Title: 5C2G,5956,8/6/26 11:45,108.536,
Plot Title: 5C2G,5957,8/6/26 12:00,110.919,
Plot Title: 5C2G,5958,8/6/26 12:15,112.914,
Plot Title: 5C2G,5959,8/6/26 12:30,114.492,
Plot Title: 5C2G,5960,8/6/26 12:45,114.721,
Plot Title: 5C2G,5961,8/6/26 13:00,114.265,
Plot Title: 5C2G,5962,8/6/26 13:15,114.721,
Plot Title: 5C2G,5963,8/6/26 13:30,114.039,
Plot Title: 5C2G,5964,8/6/26 13:45,113.137,
Plot Title: 5C2G,5965,8/6/26 14:00,112.467,
Plot Title: 5C2G,5966,8/6/26 14:15,110.919,
Plot Title: 5C2G,5967,8/6/26 14:30,111.801,
Plot Title: 5C2G,5968,8/6/26 14:45,111.139,
Plot Title: 5C2G,5969,8/6/26 15:00,110.701,
Plot Title: 5C2G,5970,8/6/26 15:15,109.18,
Plot Title: 5C2G,5971,8/6/26 15:30,106.414,
Plot Title: 5C2G,5972,8/6/26 15:45,103.512,
Plot Title: 5C2G,5973,8/6/26 16:00,101.082,
Plot Title: 5C2G,5974,8/6/26 16:15,98.503,
Plot Title: 5C2G,5975,8/6/26 16:30,94.825,
Plot Title: 5C2G,5976,8/6/26 16:45,91.612,
Plot Title: 5C2G,5977,8/6/26 17:00,89.569,
Plot Title: 5C2G,5978,8/6/26 17:15,86.459,
Plot Title: 5C2G,5979,8/6/26 17:30,83.399,
Plot Title: 5C2G,5980,8/6/26 17:45,80.735,
Plot Title: 5C2G,5981,8/6/26 18:00,78.624,
Plot Title: 5C2G,5982,8/6/26 18:15,76.876,
Plot Title: 5C2G,5983,8/6/26 18:30,75.484,
Plot Title: 5C2G,5984,8/6/26 18:45,74.098,
Plot Title: 5C2G,5985,8/6/26 19:00,72.891,
Plot Title: 5C2G,5986,8/6/26 19:15,71.512,
Plot Title: 5C2G,5987,8/6/26 19:30,70.137,
Plot Title: 5C2G,5988,8/6/26 19:45,68.934,
Plot Title: 5C2G,5989,8/6/26 20:00,67.564,
Plot Title: 5C2G,5990,8/6/26 20:15,66.193,
Plot Title: 5C2G,5991,8/6/26 20:30,64.825,
Plot Title: 5C2G,5992,8/6/26 20:45,63.282,
Plot Title: 5C2G,5993,8/6/26 21:00,62.083,
Plot Title: 5C2G,5994,8/6/26 21:15,60.883,
Plot Title: 5C2G,5995,8/6/26 21:30,60.024,
Plot Title: 5C2G,5996,8/6/26 21:45,59.164,
Plot Title: 5C2G,5997,8/6/26 22:00,58.647,
Plot Title: 5C2G,5998,8/6/26 22:15,57.958,
Plot Title: 5C2G,5999,8/6/26 22:30,57.441,
Plot Title: 5C2G,6000,8/6/26 22:45,56.923,
Plot Title: 5C2G,6001,8/6/26 23:00,56.404,
Plot Title: 5C2G,6002,8/6/26 23:15,55.884,
Plot Title: 5C2G,6003,8/6/26 23:30,55.364,
Plot Title: 5C2G,6004,8/6/26 23:45,55.017,
Plot Title: 5C2G,6005,8/7/26 00:00,54.495,
Plot Title: 5C2G,6006,8/7/26 00:15,54.147,
Plot Title: 5C2G,6007,8/7/26 00:30,53.623,
Plot Title: 5C2G,6008,8/7/26 00:45,53.274,
Plot Title: 5C2G,6009,8/7/26 01:00,52.925,
Plot Title: 5C2G,6010,8/7/26 01:15,52.576,
Plot Title: 5C2G,6011,8/7/26 01:30,52.225,
Plot Title: 5C2G,6012,8/7/26 01:45,51.874,
Plot Title: 5C2G,6013,8/7/26 02:00,51.523,
Plot Title: 5C2G,6014,8/7/26 02:15,51.172,
Plot Title: 5C2G,6015,8/7/26 02:30,50.819,
Plot Title: 5C2G,6016,8/7/26 02:45,50.643,
Plot Title: 5C2G,6017,8/7/26 03:00,50.29,
Plot Title: 5C2G,6018,8/7/26 03:15,49.937,
Plot Title: 5C2G,6019,8/7/26 03:30,49.937,
Plot Title: 5C2G,6020,8/7/26 03:45,49.582,
Plot Title: 5C2G,6021,8/7/26 04:00,49.582,
Plot Title: 5C2G,6022,8/7/26 04:15,49.228,
Plot Title: 5C2G,6023,8/7/26 04:30,49.05,
Plot Title: 5C2G,6024,8/7/26 04:45,48.871,
Plot Title: 5C2G,6025,8/7/26 05:00,48.695,
Plot Title: 5C2G,6026,8/7/26 05:15,48.517,
Plot Title: 5C2G,6027,8/7/26 05:30,48.339,
Plot Title: 5C2G,6028,8/7/26 05:45,47.982,
Plot Title: 5C2G,6029,8/7/26 06:00,47.802,
Plot Title: 5C2G,6030,8/7/26 06:15,47.624,
Plot Title: 5C2G,6031,8/7/26 06:30,47.624,
Plot Title: 5C2G,6032,8/7/26 06:45,48.16,
Plot Title: 5C2G,6033,8/7/26 07:00,49.228,
Plot Title: 5C2G,6034,8/7/26 07:15,51.874,
Plot Title: 5C2G,6035,8/7/26 07:30,55.189,
Plot Title: 5C2G,6036,8/7/26 07:45,58.476,
Plot Title: 5C2G,6037,8/7/26 08:00,62.254,
Plot Title: 5C2G,6038,8/7/26 08:15,65.509,
Plot Title: 5C2G,6039,8/7/26 08:30,68.763,
Plot Title: 5C2G,6040,8/7/26 08:45,73.234,
Plot Title: 5C2G,6041,8/7/26 09:00,78.098,
Plot Title: 5C2G,6042,8/7/26 09:15,83.043,
Plot Title: 5C2G,6043,8/7/26 09:30,87.186,
Plot Title: 5C2G,6044,8/7/26 09:45,90.68,
Plot Title: 5C2G,6045,8/7/26 10:00,93.873,
Plot Title: 5C2G,6046,8/7/26 10:15,96.942,
Plot Title: 5C2G,6047,8/7/26 10:30,98.503,
Plot Title: 5C2G,6048,8/7/26 10:45,100.283,
Plot Title: 5C2G,6049,8/7/26 11:00,103.104,
Plot Title: 5C2G,6050,8/7/26 11:15,104.747,
Plot Title: 5C2G,6051,8/7/26 11:30,107.47,
Plot Title: 5C2G,6052,8/7/26 11:45,109.396,
Plot Title: 5C2G,6053,8/7/26 12:00,110.919,
Plot Title: 5C2G,6054,8/7/26 12:15,111.58,
Plot Title: 5C2G,6055,8/7/26 12:30,112.023,
Plot Title: 5C2G,6056,8/7/26 12:45,112.69,
Plot Title: 5C2G,6057,8/7/26 13:00,113.137,
Plot Title: 5C2G,6058,8/7/26 13:15,114.039,
Plot Title: 5C2G,6059,8/7/26 13:30,114.492,
Plot Title: 5C2G,6060,8/7/26 13:45,114.265,
Plot Title: 5C2G,6061,8/7/26 14:00,114.039,
Plot Title: 5C2G,6062,8/7/26 14:15,112.467,
Plot Title: 5C2G,6063,8/7/26 14:30,112.244,
Plot Title: 5C2G,6064,8/7/26 14:45,110.919,
Plot Title: 5C2G,6065,8/7/26 15:00,108.75,
Plot Title: 5C2G,6066,8/7/26 15:15,107.046,
Plot Title: 5C2G,6067,8/7/26 15:30,105.161,
Plot Title: 5C2G,6068,8/7/26 15:45,102.29,
Plot Title: 5C2G,6069,8/7/26 16:00,98.699,
Plot Title: 5C2G,6070,8/7/26 16:15,95.976,
Plot Title: 5C2G,6071,8/7/26 16:30,93.493,
Plot Title: 5C2G,6072,8/7/26 16:45,90.867,
Plot Title: 5C2G,6073,8/7/26 17:00,89.017,
Plot Title: 5C2G,6074,8/7/26 17:15,87.004,
Plot Title: 5C2G,6075,8/7/26 17:30,84.834,
Plot Title: 5C2G,6076,8/7/26 17:45,82.686,
Plot Title: 5C2G,6077,8/7/26 18:00,80.911,
Plot Title: 5C2G,6078,8/7/26 18:15,79.502,
Plot Title: 5C2G,6079,8/7/26 18:30,77.923,
Plot Title: 5C2G,6080,8/7/26 18:45,76.354,
Plot Title: 5C2G,6081,8/7/26 19:00,75.312,
Plot Title: 5C2G,6082,8/7/26 19:15,73.926,
Plot Title: 5C2G,6083,8/7/26 19:30,72.718,
Plot Title: 5C2G,6084,8/7/26 19:45,71.168,
Plot Title: 5C2G,6085,8/7/26 20:00,69.622,
Plot Title: 5C2G,6086,8/7/26 20:15,68.248,
Plot Title: 5C2G,6087,8/7/26 20:30,66.537,
Plot Title: 5C2G,6088,8/7/26 20:45,65.167,
Plot Title: 5C2G,6089,8/7/26 21:00,63.968,
Plot Title: 5C2G,6090,8/7/26 21:15,62.94,
Plot Title: 5C2G,6091,8/7/26 21:30,62.083,
Plot Title: 5C2G,6092,8/7/26 21:45,61.398,
Plot Title: 5C2G,6093,8/7/26 22:00,60.712,
Plot Title: 5C2G,6094,8/7/26 22:15,60.195,
Plot Title: 5C2G,6095,8/7/26 22:30,59.68,
Plot Title: 5C2G,6096,8/7/26 22:45,58.993,
Plot Title: 5C2G,6097,8/7/26 23:00,58.476,
Plot Title: 5C2G,6098,8/7/26 23:15,57.958,
Plot Title: 5C2G,6099,8/7/26 23:30,57.441,
Plot Title: 5C2G,6100,8/7/26 23:45,56.923,
Plot Title: 5C2G,6101,8/8/26 00:00,56.577,
Plot Title: 5C2G,6102,8/8/26 00:15,56.23,
Plot Title: 5C2G,6103,8/8/26 00:30,55.711,
Plot Title: 5C2G,6104,8/8/26 00:45,55.364,
Plot Title: 5C2G,6105,8/8/26 01:00,55.017,
Plot Title: 5C2G,6106,8/8/26 01:15,54.669,
Plot Title: 5C2G,6107,8/8/26 01:30,54.322,
Plot Title: 5C2G,6108,8/8/26 01:45,53.973,
Plot Title: 5C2G,6109,8/8/26 02:00,53.623,
Plot Title: 5C2G,6110,8/8/26 02:15,53.1,
Plot Title: 5C2G,6111,8/8/26 02:30,52.75,
Plot Title: 5C2G,6112,8/8/26 02:45,52.401,
Plot Title: 5C2G,6113,8/8/26 03:00,52.225,
Plot Title: 5C2G,6114,8/8/26 03:15,51.874,
Plot Title: 5C2G,6115,8/8/26 03:30,51.523,
Plot Title: 5C2G,6116,8/8/26 03:45,51.172,
Plot Title: 5C2G,6117,8/8/26 04:00,50.995,
Plot Title: 5C2G,6118,8/8/26 04:15,50.643,
Plot Title: 5C2G,6119,8/8/26 04:30,50.29,
Plot Title: 5C2G,6120,8/8/26 04:45,49.937,
Plot Title: 5C2G,6121,8/8/26 05:00,49.582,
Plot Title: 5C2G,6122,8/8/26 05:15,49.404,
Plot Title: 5C2G,6123,8/8/26 05:30,49.228,
Plot Title: 5C2G,6124,8/8/26 05:45,49.228,
Plot Title: 5C2G,6125,8/8/26 06:00,49.228,
Plot Title: 5C2G,6126,8/8/26 06:15,49.404,
Plot Title: 5C2G,6127,8/8/26 06:30,49.582,
Plot Title: 5C2G,6128,8/8/26 06:45,50.29,
Plot Title: 5C2G,6129,8/8/26 07:00,51.172,
Plot Title: 5C2G,6130,8/8/26 07:15,53.449,
Plot Title: 5C2G,6131,8/8/26 07:30,56.75,
Plot Title: 5C2G,6132,8/8/26 07:45,59.851,
Plot Title: 5C2G,6133,8/8/26 08:00,62.94,
Plot Title: 5C2G,6134,8/8/26 08:15,66.193,
Plot Title: 5C2G,6135,8/8/26 08:30,69.793,
Plot Title: 5C2G,6136,8/8/26 08:45,73.407,
Plot Title: 5C2G,6137,8/8/26 09:00,76.876,
Plot Title: 5C2G,6138,8/8/26 09:15,79.853,
Plot Title: 5C2G,6139,8/8/26 09:30,83.221,
Plot Title: 5C2G,6140,8/8/26 09:45,86.641,
Plot Title: 5C2G,6141,8/8/26 10:00,90.68,
Plot Title: 5C2G,6142,8/8/26 10:15,94.253,
Plot Title: 5C2G,6143,8/8/26 10:30,97.525,
Plot Title: 5C2G,6144,8/8/26 10:45,101.082,
Plot Title: 5C2G,6145,8/8/26 11:00,103.923,
Plot Title: 5C2G,6146,8/8/26 11:15,106.624,
Plot Title: 5C2G,6147,8/8/26 11:30,108.964,
Plot Title: 5C2G,6148,8/8/26 11:45,110.701,
Plot Title: 5C2G,6149,8/8/26 12:00,112.914,
Plot Title: 5C2G,6150,8/8/26 12:15,115.178,
Plot Title: 5C2G,6151,8/8/26 12:30,116.562,
Plot Title: 5C2G,6152,8/8/26 12:45,117.498,
Plot Title: 5C2G,6153,8/8/26 13:00,118.918,
Plot Title: 5C2G,6154,8/8/26 13:15,119.878,
Plot Title: 5C2G,6155,8/8/26 13:30,120.362,
Plot Title: 5C2G,6156,8/8/26 13:45,119.397,
Plot Title: 5C2G,6157,8/8/26 14:00,117.968,
Plot Title: 5C2G,6158,8/8/26 14:15,115.407,
Plot Title: 5C2G,6159,8/8/26 14:30,113.587,
Plot Title: 5C2G,6160,8/8/26 14:45,111.801,
Plot Title: 5C2G,6161,8/8/26 15:00,109.828,
Plot Title: 5C2G,6162,8/8/26 15:15,107.258,
Plot Title: 5C2G,6163,8/8/26 15:30,104.954,
Plot Title: 5C2G,6164,8/8/26 15:45,103.104,
Plot Title: 5C2G,6165,8/8/26 16:00,100.683,
Plot Title: 5C2G,6166,8/8/26 16:15,97.525,
Plot Title: 5C2G,6167,8/8/26 16:30,95.016,
Plot Title: 5C2G,6168,8/8/26 16:45,93.115,
Plot Title: 5C2G,6169,8/8/26 17:00,91.425,
Plot Title: 5C2G,6170,8/8/26 17:15,89.2,
Plot Title: 5C2G,6171,8/8/26 17:30,86.823,
Plot Title: 5C2G,6172,8/8/26 17:45,84.834,
Plot Title: 5C2G,6173,8/8/26 18:00,83.399,
Plot Title: 5C2G,6174,8/8/26 18:15,82.152,
Plot Title: 5C2G,6175,8/8/26 18:30,80.382,
Plot Title: 5C2G,6176,8/8/26 18:45,78.8,
Plot Title: 5C2G,6177,8/8/26 19:00,77.574,
Plot Title: 5C2G,6178,8/8/26 19:15,76.181,
Plot Title: 5C2G,6179,8/8/26 19:30,74.791,
Plot Title: 5C2G,6180,8/8/26 19:45,73.58,
Plot Title: 5C2G,6181,8/8/26 20:00,71.856,
Plot Title: 5C2G,6182,8/8/26 20:15,70.995,
Plot Title: 5C2G,6183,8/8/26 20:30,70.308,
Plot Title: 5C2G,6184,8/8/26 20:45,69.107,
Plot Title: 5C2G,6185,8/8/26 21:00,68.077,
Plot Title: 5C2G,6186,8/8/26 21:15,66.879,
Plot Title: 5C2G,6187,8/8/26 21:30,65.851,
Plot Title: 5C2G,6188,8/8/26 21:45,64.825,
Plot Title: 5C2G,6189,8/8/26 22:00,64.481,
Plot Title: 5C2G,6190,8/8/26 22:15,63.968,
Plot Title: 5C2G,6191,8/8/26 22:30,63.455,
Plot Title: 5C2G,6192,8/8/26 22:45,62.94,
Plot Title: 5C2G,6193,8/8/26 23:00,62.94,
Plot Title: 5C2G,6194,8/8/26 23:15,62.598,
Plot Title: 5C2G,6195,8/8/26 23:30,61.741,
Plot Title: 5C2G,6196,8/8/26 23:45,60.539,
Plot Title: 5C2G,6197,8/9/26 00:00,59.508,
Plot Title: 5C2G,6198,8/9/26 00:15,58.476,
Plot Title: 5C2G,6199,8/9/26 00:30,57.785,
Plot Title: 5C2G,6200,8/9/26 00:45,57.096,
Plot Title: 5C2G,6201,8/9/26 01:00,56.577,
Plot Title: 5C2G,6202,8/9/26 01:15,56.23,
Plot Title: 5C2G,6203,8/9/26 01:30,55.537,
Plot Title: 5C2G,6204,8/9/26 01:45,54.842,
Plot Title: 5C2G,6205,8/9/26 02:00,54.322,
Plot Title: 5C2G,6206,8/9/26 02:15,53.798,
Plot Title: 5C2G,6207,8/9/26 02:30,53.274,
Plot Title: 5C2G,6208,8/9/26 02:45,52.75,
Plot Title: 5C2G,6209,8/9/26 03:00,52.225,
Plot Title: 5C2G,6210,8/9/26 03:15,51.874,
Plot Title: 5C2G,6211,8/9/26 03:30,51.523,
Plot Title: 5C2G,6212,8/9/26 03:45,50.995,
Plot Title: 5C2G,6213,8/9/26 04:00,50.643,
Plot Title: 5C2G,6214,8/9/26 04:15,50.29,
Plot Title: 5C2G,6215,8/9/26 04:30,49.937,
Plot Title: 5C2G,6216,8/9/26 04:45,49.582,
Plot Title: 5C2G,6217,8/9/26 05:00,49.228,
Plot Title: 5C2G,6218,8/9/26 05:15,48.871,
Plot Title: 5C2G,6219,8/9/26 05:30,48.695,
Plot Title: 5C2G,6220,8/9/26 05:45,48.339,
Plot Title: 5C2G,6221,8/9/26 06:00,48.16,
Plot Title: 5C2G,6222,8/9/26 06:15,47.982,
Plot Title: 5C2G,6223,8/9/26 06:30,47.802,
Plot Title: 5C2G,6224,8/9/26 06:45,47.982,
Plot Title: 5C2G,6225,8/9/26 07:00,48.339,
Plot Title: 5C2G,6226,8/9/26 07:15,50.29,
Plot Title: 5C2G,6227,8/9/26 07:30,53.274,
Plot Title: 5C2G,6228,8/9/26 07:45,56.404,
Plot Title: 5C2G,6229,8/9/26 08:00,59.68,
Plot Title: 5C2G,6230,8/9/26 08:15,63.282,
Plot Title: 5C2G,6231,8/9/26 08:30,66.708,
Plot Title: 5C2G,6232,8/9/26 08:45,70.651,
Plot Title: 5C2G,6233,8/9/26 09:00,74.964,
Plot Title: 5C2G,6234,8/9/26 09:15,79.151,
Plot Title: 5C2G,6235,8/9/26 09:30,83.399,Logged