Plot Title: 5C3C,#,"Date Time, GMT-06:00","Temp, °F (LGR S/N: 10608536, SEN S/N: 10608536, LBL: 5C3C)",End Of File (LGR S/N: 10608536)
Plot Title: 5C3C,1,4/15/26 09:00,59.851,
Plot Title: 5C3C,2,4/15/26 09:15,60.368,
Plot Title: 5C3C,3,4/15/26 09:30,58.131,
Plot Title: 5C3C,4,4/15/26 09:45,55.189,
Plot Title: 5C3C,5,4/15/26 10:00,55.884,
Plot Title: 5C3C,6,4/15/26 10:15,56.923,
Plot Title: 5C3C,7,4/15/26 10:30,70.995,
Plot Title: 5C3C,8,4/15/26 10:45,69.107,
Plot Title: 5C3C,9,4/15/26 11:00,64.31,
Plot Title: 5C3C,10,4/15/26 11:15,64.481,
Plot Title: 5C3C,11,4/15/26 11:30,62.94,
Plot Title: 5C3C,12,4/15/26 11:45,62.94,
Plot Title: 5C3C,13,4/15/26 12:00,59.508,
Plot Title: 5C3C,14,4/15/26 12:15,55.017,
Plot Title: 5C3C,15,4/15/26 12:30,50.466,
Plot Title: 5C3C,16,4/15/26 12:45,48.871,
Plot Title: 5C3C,17,4/15/26 13:00,48.871,
Plot Title: 5C3C,18,4/15/26 13:15,49.937,
Plot Title: 5C3C,19,4/15/26 13:30,50.643,
Plot Title: 5C3C,20,4/15/26 13:45,50.29,
Plot Title: 5C3C,21,4/15/26 14:00,49.937,
Plot Title: 5C3C,22,4/15/26 14:15,50.113,
Plot Title: 5C3C,23,4/15/26 14:30,51.172,
Plot Title: 5C3C,24,4/15/26 14:45,52.05,
Plot Title: 5C3C,25,4/15/26 15:00,52.401,
Plot Title: 5C3C,26,4/15/26 15:15,52.05,
Plot Title: 5C3C,27,4/15/26 15:30,51.172,
Plot Title: 5C3C,28,4/15/26 15:45,50.29,
Plot Title: 5C3C,29,4/15/26 16:00,50.29,
Plot Title: 5C3C,30,4/15/26 16:15,49.404,
Plot Title: 5C3C,31,4/15/26 16:30,48.871,
Plot Title: 5C3C,32,4/15/26 16:45,48.339,
Plot Title: 5C3C,33,4/15/26 17:00,47.802,
Plot Title: 5C3C,34,4/15/26 17:15,47.624,
Plot Title: 5C3C,35,4/15/26 17:30,47.088,
Plot Title: 5C3C,36,4/15/26 17:45,46.369,
Plot Title: 5C3C,37,4/15/26 18:00,46.188,
Plot Title: 5C3C,38,4/15/26 18:15,45.828,
Plot Title: 5C3C,39,4/15/26 18:30,45.466,
Plot Title: 5C3C,40,4/15/26 18:45,44.922,
Plot Title: 5C3C,41,4/15/26 19:00,44.013,
Plot Title: 5C3C,42,4/15/26 19:15,43.099,
Plot Title: 5C3C,43,4/15/26 19:30,42.732,
Plot Title: 5C3C,44,4/15/26 19:45,42.179,
Plot Title: 5C3C,45,4/15/26 20:00,42.179,
Plot Title: 5C3C,46,4/15/26 20:15,41.994,
Plot Title: 5C3C,47,4/15/26 20:30,41.81,
Plot Title: 5C3C,48,4/15/26 20:45,41.994,
Plot Title: 5C3C,49,4/15/26 21:00,42.179,
Plot Title: 5C3C,50,4/15/26 21:15,42.179,
Plot Title: 5C3C,51,4/15/26 21:30,41.994,
Plot Title: 5C3C,52,4/15/26 21:45,41.994,
Plot Title: 5C3C,53,4/15/26 22:00,41.994,
Plot Title: 5C3C,54,4/15/26 22:15,41.994,
Plot Title: 5C3C,55,4/15/26 22:30,41.81,
Plot Title: 5C3C,56,4/15/26 22:45,41.439,
Plot Title: 5C3C,57,4/15/26 23:00,41.254,
Plot Title: 5C3C,58,4/15/26 23:15,41.254,
Plot Title: 5C3C,59,4/15/26 23:30,39.384,
Plot Title: 5C3C,60,4/15/26 23:45,38.061,
Plot Title: 5C3C,61,4/16/26 00:00,37.488,
Plot Title: 5C3C,62,4/16/26 00:15,37.297,
Plot Title: 5C3C,63,4/16/26 00:30,37.107,
Plot Title: 5C3C,64,4/16/26 00:45,37.107,
Plot Title: 5C3C,65,4/16/26 01:00,37.107,
Plot Title: 5C3C,66,4/16/26 01:15,37.107,
Plot Title: 5C3C,67,4/16/26 01:30,37.107,
Plot Title: 5C3C,68,4/16/26 01:45,37.107,
Plot Title: 5C3C,69,4/16/26 02:00,37.107,
Plot Title: 5C3C,70,4/16/26 02:15,37.107,
Plot Title: 5C3C,71,4/16/26 02:30,37.107,
Plot Title: 5C3C,72,4/16/26 02:45,36.914,
Plot Title: 5C3C,73,4/16/26 03:00,36.914,
Plot Title: 5C3C,74,4/16/26 03:15,36.914,
Plot Title: 5C3C,75,4/16/26 03:30,36.914,
Plot Title: 5C3C,76,4/16/26 03:45,36.914,
Plot Title: 5C3C,77,4/16/26 04:00,36.914,
Plot Title: 5C3C,78,4/16/26 04:15,36.914,
Plot Title: 5C3C,79,4/16/26 04:30,36.914,
Plot Title: 5C3C,80,4/16/26 04:45,36.914,
Plot Title: 5C3C,81,4/16/26 05:00,36.914,
Plot Title: 5C3C,82,4/16/26 05:15,36.914,
Plot Title: 5C3C,83,4/16/26 05:30,36.914,
Plot Title: 5C3C,84,4/16/26 05:45,36.914,
Plot Title: 5C3C,85,4/16/26 06:00,36.723,
Plot Title: 5C3C,86,4/16/26 06:15,36.723,
Plot Title: 5C3C,87,4/16/26 06:30,36.723,
Plot Title: 5C3C,88,4/16/26 06:45,36.723,
Plot Title: 5C3C,89,4/16/26 07:00,36.723,
Plot Title: 5C3C,90,4/16/26 07:15,36.723,
Plot Title: 5C3C,91,4/16/26 07:30,36.723,
Plot Title: 5C3C,92,4/16/26 07:45,36.723,
Plot Title: 5C3C,93,4/16/26 08:00,36.531,
Plot Title: 5C3C,94,4/16/26 08:15,36.531,
Plot Title: 5C3C,95,4/16/26 08:30,36.531,
Plot Title: 5C3C,96,4/16/26 08:45,36.531,
Plot Title: 5C3C,97,4/16/26 09:00,36.531,
Plot Title: 5C3C,98,4/16/26 09:15,36.531,
Plot Title: 5C3C,99,4/16/26 09:30,36.531,
Plot Title: 5C3C,100,4/16/26 09:45,36.531,
Plot Title: 5C3C,101,4/16/26 10:00,36.531,
Plot Title: 5C3C,102,4/16/26 10:15,36.531,
Plot Title: 5C3C,103,4/16/26 10:30,36.531,
Plot Title: 5C3C,104,4/16/26 10:45,36.531,
Plot Title: 5C3C,105,4/16/26 11:00,36.531,
Plot Title: 5C3C,106,4/16/26 11:15,36.338,
Plot Title: 5C3C,107,4/16/26 11:30,36.338,
Plot Title: 5C3C,108,4/16/26 11:45,36.338,
Plot Title: 5C3C,109,4/16/26 12:00,36.338,
Plot Title: 5C3C,110,4/16/26 12:15,36.338,
Plot Title: 5C3C,111,4/16/26 12:30,36.338,
Plot Title: 5C3C,112,4/16/26 12:45,36.338,
Plot Title: 5C3C,113,4/16/26 13:00,36.338,
Plot Title: 5C3C,114,4/16/26 13:15,36.338,
Plot Title: 5C3C,115,4/16/26 13:30,36.338,
Plot Title: 5C3C,116,4/16/26 13:45,36.338,
Plot Title: 5C3C,117,4/16/26 14:00,36.338,
Plot Title: 5C3C,118,4/16/26 14:15,36.338,
Plot Title: 5C3C,119,4/16/26 14:30,36.338,
Plot Title: 5C3C,120,4/16/26 14:45,36.338,
Plot Title: 5C3C,121,4/16/26 15:00,36.338,
Plot Title: 5C3C,122,4/16/26 15:15,36.338,
Plot Title: 5C3C,123,4/16/26 15:30,36.338,
Plot Title: 5C3C,124,4/16/26 15:45,36.338,
Plot Title: 5C3C,125,4/16/26 16:00,36.338,
Plot Title: 5C3C,126,4/16/26 16:15,36.338,
Plot Title: 5C3C,127,4/16/26 16:30,36.145,
Plot Title: 5C3C,128,4/16/26 16:45,36.338,
Plot Title: 5C3C,129,4/16/26 17:00,36.338,
Plot Title: 5C3C,130,4/16/26 17:15,36.145,
Plot Title: 5C3C,131,4/16/26 17:30,36.145,
Plot Title: 5C3C,132,4/16/26 17:45,36.145,
Plot Title: 5C3C,133,4/16/26 18:00,36.145,
Plot Title: 5C3C,134,4/16/26 18:15,36.145,
Plot Title: 5C3C,135,4/16/26 18:30,36.145,
Plot Title: 5C3C,136,4/16/26 18:45,36.145,
Plot Title: 5C3C,137,4/16/26 19:00,36.145,
Plot Title: 5C3C,138,4/16/26 19:15,36.145,
Plot Title: 5C3C,139,4/16/26 19:30,36.145,
Plot Title: 5C3C,140,4/16/26 19:45,36.145,
Plot Title: 5C3C,141,4/16/26 20:00,36.145,
Plot Title: 5C3C,142,4/16/26 20:15,36.145,
Plot Title: 5C3C,143,4/16/26 20:30,36.145,
Plot Title: 5C3C,144,4/16/26 20:45,36.145,
Plot Title: 5C3C,145,4/16/26 21:00,36.145,
Plot Title: 5C3C,146,4/16/26 21:15,35.951,
Plot Title: 5C3C,147,4/16/26 21:30,35.951,
Plot Title: 5C3C,148,4/16/26 21:45,35.951,
Plot Title: 5C3C,149,4/16/26 22:00,35.951,
Plot Title: 5C3C,150,4/16/26 22:15,35.951,
Plot Title: 5C3C,151,4/16/26 22:30,35.951,
Plot Title: 5C3C,152,4/16/26 22:45,35.951,
Plot Title: 5C3C,153,4/16/26 23:00,35.951,
Plot Title: 5C3C,154,4/16/26 23:15,35.951,
Plot Title: 5C3C,155,4/16/26 23:30,35.951,
Plot Title: 5C3C,156,4/16/26 23:45,35.951,
Plot Title: 5C3C,157,4/17/26 00:00,35.951,
Plot Title: 5C3C,158,4/17/26 00:15,35.951,
Plot Title: 5C3C,159,4/17/26 00:30,35.951,
Plot Title: 5C3C,160,4/17/26 00:45,35.951,
Plot Title: 5C3C,161,4/17/26 01:00,35.951,
Plot Title: 5C3C,162,4/17/26 01:15,35.951,
Plot Title: 5C3C,163,4/17/26 01:30,35.951,
Plot Title: 5C3C,164,4/17/26 01:45,35.951,
Plot Title: 5C3C,165,4/17/26 02:00,35.951,
Plot Title: 5C3C,166,4/17/26 02:15,35.951,
Plot Title: 5C3C,167,4/17/26 02:30,35.951,
Plot Title: 5C3C,168,4/17/26 02:45,35.951,
Plot Title: 5C3C,169,4/17/26 03:00,35.951,
Plot Title: 5C3C,170,4/17/26 03:15,35.951,
Plot Title: 5C3C,171,4/17/26 03:30,35.951,
Plot Title: 5C3C,172,4/17/26 03:45,35.951,
Plot Title: 5C3C,173,4/17/26 04:00,35.951,
Plot Title: 5C3C,174,4/17/26 04:15,35.758,
Plot Title: 5C3C,175,4/17/26 04:30,35.758,
Plot Title: 5C3C,176,4/17/26 04:45,35.758,
Plot Title: 5C3C,177,4/17/26 05:00,35.758,
Plot Title: 5C3C,178,4/17/26 05:15,35.758,
Plot Title: 5C3C,179,4/17/26 05:30,35.758,
Plot Title: 5C3C,180,4/17/26 05:45,35.758,
Plot Title: 5C3C,181,4/17/26 06:00,35.758,
Plot Title: 5C3C,182,4/17/26 06:15,35.758,
Plot Title: 5C3C,183,4/17/26 06:30,35.758,
Plot Title: 5C3C,184,4/17/26 06:45,35.758,
Plot Title: 5C3C,185,4/17/26 07:00,35.758,
Plot Title: 5C3C,186,4/17/26 07:15,35.758,
Plot Title: 5C3C,187,4/17/26 07:30,35.758,
Plot Title: 5C3C,188,4/17/26 07:45,35.758,
Plot Title: 5C3C,189,4/17/26 08:00,35.758,
Plot Title: 5C3C,190,4/17/26 08:15,35.758,
Plot Title: 5C3C,191,4/17/26 08:30,35.758,
Plot Title: 5C3C,192,4/17/26 08:45,35.758,
Plot Title: 5C3C,193,4/17/26 09:00,35.758,
Plot Title: 5C3C,194,4/17/26 09:15,35.758,
Plot Title: 5C3C,195,4/17/26 09:30,35.758,
Plot Title: 5C3C,196,4/17/26 09:45,35.758,
Plot Title: 5C3C,197,4/17/26 10:00,35.758,
Plot Title: 5C3C,198,4/17/26 10:15,35.758,
Plot Title: 5C3C,199,4/17/26 10:30,35.758,
Plot Title: 5C3C,200,4/17/26 10:45,35.758,
Plot Title: 5C3C,201,4/17/26 11:00,35.758,
Plot Title: 5C3C,202,4/17/26 11:15,35.758,
Plot Title: 5C3C,203,4/17/26 11:30,35.758,
Plot Title: 5C3C,204,4/17/26 11:45,35.758,
Plot Title: 5C3C,205,4/17/26 12:00,35.758,
Plot Title: 5C3C,206,4/17/26 12:15,35.758,
Plot Title: 5C3C,207,4/17/26 12:30,35.564,
Plot Title: 5C3C,208,4/17/26 12:45,35.758,
Plot Title: 5C3C,209,4/17/26 13:00,35.758,
Plot Title: 5C3C,210,4/17/26 13:15,35.564,
Plot Title: 5C3C,211,4/17/26 13:30,35.564,
Plot Title: 5C3C,212,4/17/26 13:45,35.564,
Plot Title: 5C3C,213,4/17/26 14:00,35.564,
Plot Title: 5C3C,214,4/17/26 14:15,35.564,
Plot Title: 5C3C,215,4/17/26 14:30,35.564,
Plot Title: 5C3C,216,4/17/26 14:45,35.564,
Plot Title: 5C3C,217,4/17/26 15:00,35.564,
Plot Title: 5C3C,218,4/17/26 15:15,35.564,
Plot Title: 5C3C,219,4/17/26 15:30,35.564,
Plot Title: 5C3C,220,4/17/26 15:45,35.564,
Plot Title: 5C3C,221,4/17/26 16:00,35.564,
Plot Title: 5C3C,222,4/17/26 16:15,35.564,
Plot Title: 5C3C,223,4/17/26 16:30,35.564,
Plot Title: 5C3C,224,4/17/26 16:45,35.564,
Plot Title: 5C3C,225,4/17/26 17:00,35.564,
Plot Title: 5C3C,226,4/17/26 17:15,35.564,
Plot Title: 5C3C,227,4/17/26 17:30,35.564,
Plot Title: 5C3C,228,4/17/26 17:45,35.564,
Plot Title: 5C3C,229,4/17/26 18:00,35.564,
Plot Title: 5C3C,230,4/17/26 18:15,35.564,
Plot Title: 5C3C,231,4/17/26 18:30,35.564,
Plot Title: 5C3C,232,4/17/26 18:45,35.564,
Plot Title: 5C3C,233,4/17/26 19:00,35.564,
Plot Title: 5C3C,234,4/17/26 19:15,35.564,
Plot Title: 5C3C,235,4/17/26 19:30,35.564,
Plot Title: 5C3C,236,4/17/26 19:45,35.564,
Plot Title: 5C3C,237,4/17/26 20:00,35.564,
Plot Title: 5C3C,238,4/17/26 20:15,35.564,
Plot Title: 5C3C,239,4/17/26 20:30,35.564,
Plot Title: 5C3C,240,4/17/26 20:45,35.564,
Plot Title: 5C3C,241,4/17/26 21:00,35.564,
Plot Title: 5C3C,242,4/17/26 21:15,35.564,
Plot Title: 5C3C,243,4/17/26 21:30,35.564,
Plot Title: 5C3C,244,4/17/26 21:45,35.564,
Plot Title: 5C3C,245,4/17/26 22:00,35.564,
Plot Title: 5C3C,246,4/17/26 22:15,35.564,
Plot Title: 5C3C,247,4/17/26 22:30,35.564,
Plot Title: 5C3C,248,4/17/26 22:45,35.564,
Plot Title: 5C3C,249,4/17/26 23:00,35.564,
Plot Title: 5C3C,250,4/17/26 23:15,35.564,
Plot Title: 5C3C,251,4/17/26 23:30,35.564,
Plot Title: 5C3C,252,4/17/26 23:45,35.564,
Plot Title: 5C3C,253,4/18/26 00:00,35.564,
Plot Title: 5C3C,254,4/18/26 00:15,35.564,
Plot Title: 5C3C,255,4/18/26 00:30,35.564,
Plot Title: 5C3C,256,4/18/26 00:45,35.564,
Plot Title: 5C3C,257,4/18/26 01:00,35.564,
Plot Title: 5C3C,258,4/18/26 01:15,35.564,
Plot Title: 5C3C,259,4/18/26 01:30,35.564,
Plot Title: 5C3C,260,4/18/26 01:45,35.564,
Plot Title: 5C3C,261,4/18/26 02:00,35.564,
Plot Title: 5C3C,262,4/18/26 02:15,35.564,
Plot Title: 5C3C,263,4/18/26 02:30,35.564,
Plot Title: 5C3C,264,4/18/26 02:45,35.564,
Plot Title: 5C3C,265,4/18/26 03:00,35.37,
Plot Title: 5C3C,266,4/18/26 03:15,35.37,
Plot Title: 5C3C,267,4/18/26 03:30,35.37,
Plot Title: 5C3C,268,4/18/26 03:45,35.37,
Plot Title: 5C3C,269,4/18/26 04:00,35.37,
Plot Title: 5C3C,270,4/18/26 04:15,35.37,
Plot Title: 5C3C,271,4/18/26 04:30,35.37,
Plot Title: 5C3C,272,4/18/26 04:45,35.37,
Plot Title: 5C3C,273,4/18/26 05:00,35.37,
Plot Title: 5C3C,274,4/18/26 05:15,35.37,
Plot Title: 5C3C,275,4/18/26 05:30,35.37,
Plot Title: 5C3C,276,4/18/26 05:45,35.37,
Plot Title: 5C3C,277,4/18/26 06:00,35.37,
Plot Title: 5C3C,278,4/18/26 06:15,35.37,
Plot Title: 5C3C,279,4/18/26 06:30,35.37,
Plot Title: 5C3C,280,4/18/26 06:45,35.37,
Plot Title: 5C3C,281,4/18/26 07:00,35.37,
Plot Title: 5C3C,282,4/18/26 07:15,35.37,
Plot Title: 5C3C,283,4/18/26 07:30,35.37,
Plot Title: 5C3C,284,4/18/26 07:45,35.37,
Plot Title: 5C3C,285,4/18/26 08:00,35.37,
Plot Title: 5C3C,286,4/18/26 08:15,35.37,
Plot Title: 5C3C,287,4/18/26 08:30,35.37,
Plot Title: 5C3C,288,4/18/26 08:45,35.37,
Plot Title: 5C3C,289,4/18/26 09:00,35.37,
Plot Title: 5C3C,290,4/18/26 09:15,35.37,
Plot Title: 5C3C,291,4/18/26 09:30,35.37,
Plot Title: 5C3C,292,4/18/26 09:45,35.564,
Plot Title: 5C3C,293,4/18/26 10:00,35.758,
Plot Title: 5C3C,294,4/18/26 10:15,35.758,
Plot Title: 5C3C,295,4/18/26 10:30,35.758,
Plot Title: 5C3C,296,4/18/26 10:45,35.758,
Plot Title: 5C3C,297,4/18/26 11:00,35.564,
Plot Title: 5C3C,298,4/18/26 11:15,35.564,
Plot Title: 5C3C,299,4/18/26 11:30,35.564,
Plot Title: 5C3C,300,4/18/26 11:45,35.37,
Plot Title: 5C3C,301,4/18/26 12:00,35.37,
Plot Title: 5C3C,302,4/18/26 12:15,35.175,
Plot Title: 5C3C,303,4/18/26 12:30,34.981,
Plot Title: 5C3C,304,4/18/26 12:45,34.981,
Plot Title: 5C3C,305,4/18/26 13:00,34.981,
Plot Title: 5C3C,306,4/18/26 13:15,34.981,
Plot Title: 5C3C,307,4/18/26 13:30,34.981,
Plot Title: 5C3C,308,4/18/26 13:45,34.981,
Plot Title: 5C3C,309,4/18/26 14:00,34.981,
Plot Title: 5C3C,310,4/18/26 14:15,34.786,
Plot Title: 5C3C,311,4/18/26 14:30,34.786,
Plot Title: 5C3C,312,4/18/26 14:45,34.981,
Plot Title: 5C3C,313,4/18/26 15:00,35.175,
Plot Title: 5C3C,314,4/18/26 15:15,35.37,
Plot Title: 5C3C,315,4/18/26 15:30,34.981,
Plot Title: 5C3C,316,4/18/26 15:45,34.981,
Plot Title: 5C3C,317,4/18/26 16:00,34.981,
Plot Title: 5C3C,318,4/18/26 16:15,34.786,
Plot Title: 5C3C,319,4/18/26 16:30,34.786,
Plot Title: 5C3C,320,4/18/26 16:45,34.786,
Plot Title: 5C3C,321,4/18/26 17:00,34.786,
Plot Title: 5C3C,322,4/18/26 17:15,34.786,
Plot Title: 5C3C,323,4/18/26 17:30,34.786,
Plot Title: 5C3C,324,4/18/26 17:45,34.786,
Plot Title: 5C3C,325,4/18/26 18:00,34.786,
Plot Title: 5C3C,326,4/18/26 18:15,34.786,
Plot Title: 5C3C,327,4/18/26 18:30,34.786,
Plot Title: 5C3C,328,4/18/26 18:45,34.786,
Plot Title: 5C3C,329,4/18/26 19:00,34.981,
Plot Title: 5C3C,330,4/18/26 19:15,34.786,
Plot Title: 5C3C,331,4/18/26 19:30,34.786,
Plot Title: 5C3C,332,4/18/26 19:45,34.786,
Plot Title: 5C3C,333,4/18/26 20:00,34.786,
Plot Title: 5C3C,334,4/18/26 20:15,34.786,
Plot Title: 5C3C,335,4/18/26 20:30,34.786,
Plot Title: 5C3C,336,4/18/26 20:45,34.786,
Plot Title: 5C3C,337,4/18/26 21:00,34.786,
Plot Title: 5C3C,338,4/18/26 21:15,34.786,
Plot Title: 5C3C,339,4/18/26 21:30,34.786,
Plot Title: 5C3C,340,4/18/26 21:45,34.786,
Plot Title: 5C3C,341,4/18/26 22:00,34.786,
Plot Title: 5C3C,342,4/18/26 22:15,34.786,
Plot Title: 5C3C,343,4/18/26 22:30,34.786,
Plot Title: 5C3C,344,4/18/26 22:45,34.786,
Plot Title: 5C3C,345,4/18/26 23:00,34.786,
Plot Title: 5C3C,346,4/18/26 23:15,34.981,
Plot Title: 5C3C,347,4/18/26 23:30,34.786,
Plot Title: 5C3C,348,4/18/26 23:45,34.786,
Plot Title: 5C3C,349,4/19/26 00:00,34.786,
Plot Title: 5C3C,350,4/19/26 00:15,34.786,
Plot Title: 5C3C,351,4/19/26 00:30,34.786,
Plot Title: 5C3C,352,4/19/26 00:45,34.786,
Plot Title: 5C3C,353,4/19/26 01:00,34.786,
Plot Title: 5C3C,354,4/19/26 01:15,34.59,
Plot Title: 5C3C,355,4/19/26 01:30,34.59,
Plot Title: 5C3C,356,4/19/26 01:45,34.59,
Plot Title: 5C3C,357,4/19/26 02:00,34.394,
Plot Title: 5C3C,358,4/19/26 02:15,34.394,
Plot Title: 5C3C,359,4/19/26 02:30,34.394,
Plot Title: 5C3C,360,4/19/26 02:45,34.198,
Plot Title: 5C3C,361,4/19/26 03:00,34.198,
Plot Title: 5C3C,362,4/19/26 03:15,34.198,
Plot Title: 5C3C,363,4/19/26 03:30,34.198,
Plot Title: 5C3C,364,4/19/26 03:45,34.002,
Plot Title: 5C3C,365,4/19/26 04:00,34.002,
Plot Title: 5C3C,366,4/19/26 04:15,34.002,
Plot Title: 5C3C,367,4/19/26 04:30,34.002,
Plot Title: 5C3C,368,4/19/26 04:45,33.805,
Plot Title: 5C3C,369,4/19/26 05:00,33.805,
Plot Title: 5C3C,370,4/19/26 05:15,33.805,
Plot Title: 5C3C,371,4/19/26 05:30,33.805,
Plot Title: 5C3C,372,4/19/26 05:45,33.805,
Plot Title: 5C3C,373,4/19/26 06:00,33.805,
Plot Title: 5C3C,374,4/19/26 06:15,33.607,
Plot Title: 5C3C,375,4/19/26 06:30,33.607,
Plot Title: 5C3C,376,4/19/26 06:45,33.607,
Plot Title: 5C3C,377,4/19/26 07:00,33.607,
Plot Title: 5C3C,378,4/19/26 07:15,33.607,
Plot Title: 5C3C,379,4/19/26 07:30,33.607,
Plot Title: 5C3C,380,4/19/26 07:45,33.607,
Plot Title: 5C3C,381,4/19/26 08:00,33.607,
Plot Title: 5C3C,382,4/19/26 08:15,33.805,
Plot Title: 5C3C,383,4/19/26 08:30,33.805,
Plot Title: 5C3C,384,4/19/26 08:45,33.805,
Plot Title: 5C3C,385,4/19/26 09:00,34.002,
Plot Title: 5C3C,386,4/19/26 09:15,34.198,
Plot Title: 5C3C,387,4/19/26 09:30,35.37,
Plot Title: 5C3C,388,4/19/26 09:45,36.531,
Plot Title: 5C3C,389,4/19/26 10:00,38.44,
Plot Title: 5C3C,390,4/19/26 10:15,40.321,
Plot Title: 5C3C,391,4/19/26 10:30,40.696,
Plot Title: 5C3C,392,4/19/26 10:45,45.648,
Plot Title: 5C3C,393,4/19/26 11:00,54.842,
Plot Title: 5C3C,394,4/19/26 11:15,61.054,
Plot Title: 5C3C,395,4/19/26 11:30,60.712,
Plot Title: 5C3C,396,4/19/26 11:45,58.476,
Plot Title: 5C3C,397,4/19/26 12:00,54.669,
Plot Title: 5C3C,398,4/19/26 12:15,51.699,
Plot Title: 5C3C,399,4/19/26 12:30,49.937,
Plot Title: 5C3C,400,4/19/26 12:45,50.995,
Plot Title: 5C3C,401,4/19/26 13:00,51.346,
Plot Title: 5C3C,402,4/19/26 13:15,52.576,
Plot Title: 5C3C,403,4/19/26 13:30,50.643,
Plot Title: 5C3C,404,4/19/26 13:45,49.05,
Plot Title: 5C3C,405,4/19/26 14:00,48.16,
Plot Title: 5C3C,406,4/19/26 14:15,47.802,
Plot Title: 5C3C,407,4/19/26 14:30,47.624,
Plot Title: 5C3C,408,4/19/26 14:45,49.404,
Plot Title: 5C3C,409,4/19/26 15:00,54.669,
Plot Title: 5C3C,410,4/19/26 15:15,57.441,
Plot Title: 5C3C,411,4/19/26 15:30,53.274,
Plot Title: 5C3C,412,4/19/26 15:45,51.172,
Plot Title: 5C3C,413,4/19/26 16:00,50.113,
Plot Title: 5C3C,414,4/19/26 16:15,49.228,
Plot Title: 5C3C,415,4/19/26 16:30,48.16,
Plot Title: 5C3C,416,4/19/26 16:45,47.446,
Plot Title: 5C3C,417,4/19/26 17:00,46.728,
Plot Title: 5C3C,418,4/19/26 17:15,46.188,
Plot Title: 5C3C,419,4/19/26 17:30,45.828,
Plot Title: 5C3C,420,4/19/26 17:45,45.286,
Plot Title: 5C3C,421,4/19/26 18:00,44.922,
Plot Title: 5C3C,422,4/19/26 18:15,44.56,
Plot Title: 5C3C,423,4/19/26 18:30,44.195,
Plot Title: 5C3C,424,4/19/26 18:45,44.195,
Plot Title: 5C3C,425,4/19/26 19:00,44.195,
Plot Title: 5C3C,426,4/19/26 19:15,44.195,
Plot Title: 5C3C,427,4/19/26 19:30,44.013,
Plot Title: 5C3C,428,4/19/26 19:45,43.648,
Plot Title: 5C3C,429,4/19/26 20:00,43.282,
Plot Title: 5C3C,430,4/19/26 20:15,42.915,
Plot Title: 5C3C,431,4/19/26 20:30,42.548,
Plot Title: 5C3C,432,4/19/26 20:45,41.994,
Plot Title: 5C3C,433,4/19/26 21:00,41.625,
Plot Title: 5C3C,434,4/19/26 21:15,41.254,
Plot Title: 5C3C,435,4/19/26 21:30,40.881,
Plot Title: 5C3C,436,4/19/26 21:45,40.696,
Plot Title: 5C3C,437,4/19/26 22:00,40.509,
Plot Title: 5C3C,438,4/19/26 22:15,40.321,
Plot Title: 5C3C,439,4/19/26 22:30,40.321,
Plot Title: 5C3C,440,4/19/26 22:45,40.321,
Plot Title: 5C3C,441,4/19/26 23:00,40.321,
Plot Title: 5C3C,442,4/19/26 23:15,40.134,
Plot Title: 5C3C,443,4/19/26 23:30,40.134,
Plot Title: 5C3C,444,4/19/26 23:45,40.134,
Plot Title: 5C3C,445,4/20/26 00:00,39.947,
Plot Title: 5C3C,446,4/20/26 00:15,39.947,
Plot Title: 5C3C,447,4/20/26 00:30,39.947,
Plot Title: 5C3C,448,4/20/26 00:45,39.76,
Plot Title: 5C3C,449,4/20/26 01:00,39.76,
Plot Title: 5C3C,450,4/20/26 01:15,39.573,
Plot Title: 5C3C,451,4/20/26 01:30,39.573,
Plot Title: 5C3C,452,4/20/26 01:45,39.384,
Plot Title: 5C3C,453,4/20/26 02:00,39.384,
Plot Title: 5C3C,454,4/20/26 02:15,39.384,
Plot Title: 5C3C,455,4/20/26 02:30,39.384,
Plot Title: 5C3C,456,4/20/26 02:45,39.384,
Plot Title: 5C3C,457,4/20/26 03:00,39.196,
Plot Title: 5C3C,458,4/20/26 03:15,39.196,
Plot Title: 5C3C,459,4/20/26 03:30,39.196,
Plot Title: 5C3C,460,4/20/26 03:45,39.196,
Plot Title: 5C3C,461,4/20/26 04:00,39.196,
Plot Title: 5C3C,462,4/20/26 04:15,39.196,
Plot Title: 5C3C,463,4/20/26 04:30,39.007,
Plot Title: 5C3C,464,4/20/26 04:45,39.007,
Plot Title: 5C3C,465,4/20/26 05:00,39.196,
Plot Title: 5C3C,466,4/20/26 05:15,39.007,
Plot Title: 5C3C,467,4/20/26 05:30,39.007,
Plot Title: 5C3C,468,4/20/26 05:45,39.007,
Plot Title: 5C3C,469,4/20/26 06:00,39.007,
Plot Title: 5C3C,470,4/20/26 06:15,38.629,
Plot Title: 5C3C,471,4/20/26 06:30,38.44,
Plot Title: 5C3C,472,4/20/26 06:45,38.25,
Plot Title: 5C3C,473,4/20/26 07:00,38.25,
Plot Title: 5C3C,474,4/20/26 07:15,38.44,
Plot Title: 5C3C,475,4/20/26 07:30,39.007,
Plot Title: 5C3C,476,4/20/26 07:45,39.384,
Plot Title: 5C3C,477,4/20/26 08:00,40.134,
Plot Title: 5C3C,478,4/20/26 08:15,41.254,
Plot Title: 5C3C,479,4/20/26 08:30,41.81,
Plot Title: 5C3C,480,4/20/26 08:45,42.179,
Plot Title: 5C3C,481,4/20/26 09:00,43.099,
Plot Title: 5C3C,482,4/20/26 09:15,44.195,
Plot Title: 5C3C,483,4/20/26 09:30,51.699,
Plot Title: 5C3C,484,4/20/26 09:45,53.274,
Plot Title: 5C3C,485,4/20/26 10:00,60.712,
Plot Title: 5C3C,486,4/20/26 10:15,65.68,
Plot Title: 5C3C,487,4/20/26 10:30,69.622,
Plot Title: 5C3C,488,4/20/26 10:45,72.372,
Plot Title: 5C3C,489,4/20/26 11:00,74.619,
Plot Title: 5C3C,490,4/20/26 11:15,75.312,
Plot Title: 5C3C,491,4/20/26 11:30,72.028,
Plot Title: 5C3C,492,4/20/26 11:45,68.763,
Plot Title: 5C3C,493,4/20/26 12:00,63.626,
Plot Title: 5C3C,494,4/20/26 12:15,61.398,
Plot Title: 5C3C,495,4/20/26 12:30,59.508,
Plot Title: 5C3C,496,4/20/26 12:45,58.993,
Plot Title: 5C3C,497,4/20/26 13:00,58.647,
Plot Title: 5C3C,498,4/20/26 13:15,58.476,
Plot Title: 5C3C,499,4/20/26 13:30,57.268,
Plot Title: 5C3C,500,4/20/26 13:45,56.057,
Plot Title: 5C3C,501,4/20/26 14:00,55.189,
Plot Title: 5C3C,502,4/20/26 14:15,54.495,
Plot Title: 5C3C,503,4/20/26 14:30,54.322,
Plot Title: 5C3C,504,4/20/26 14:45,57.268,
Plot Title: 5C3C,505,4/20/26 15:00,62.254,
Plot Title: 5C3C,506,4/20/26 15:15,61.741,
Plot Title: 5C3C,507,4/20/26 15:30,57.785,
Plot Title: 5C3C,508,4/20/26 15:45,56.23,
Plot Title: 5C3C,509,4/20/26 16:00,55.364,
Plot Title: 5C3C,510,4/20/26 16:15,54.495,
Plot Title: 5C3C,511,4/20/26 16:30,53.623,
Plot Title: 5C3C,512,4/20/26 16:45,53.274,
Plot Title: 5C3C,513,4/20/26 17:00,52.75,
Plot Title: 5C3C,514,4/20/26 17:15,52.576,
Plot Title: 5C3C,515,4/20/26 17:30,52.576,
Plot Title: 5C3C,516,4/20/26 17:45,52.401,
Plot Title: 5C3C,517,4/20/26 18:00,51.874,
Plot Title: 5C3C,518,4/20/26 18:15,50.995,
Plot Title: 5C3C,519,4/20/26 18:30,50.643,
Plot Title: 5C3C,520,4/20/26 18:45,50.113,
Plot Title: 5C3C,521,4/20/26 19:00,49.759,
Plot Title: 5C3C,522,4/20/26 19:15,49.582,
Plot Title: 5C3C,523,4/20/26 19:30,49.05,
Plot Title: 5C3C,524,4/20/26 19:45,48.517,
Plot Title: 5C3C,525,4/20/26 20:00,47.802,
Plot Title: 5C3C,526,4/20/26 20:15,47.446,
Plot Title: 5C3C,527,4/20/26 20:30,46.908,
Plot Title: 5C3C,528,4/20/26 20:45,46.548,
Plot Title: 5C3C,529,4/20/26 21:00,46.369,
Plot Title: 5C3C,530,4/20/26 21:15,46.008,
Plot Title: 5C3C,531,4/20/26 21:30,45.648,
Plot Title: 5C3C,532,4/20/26 21:45,45.286,
Plot Title: 5C3C,533,4/20/26 22:00,44.922,
Plot Title: 5C3C,534,4/20/26 22:15,44.56,
Plot Title: 5C3C,535,4/20/26 22:30,44.195,
Plot Title: 5C3C,536,4/20/26 22:45,43.831,
Plot Title: 5C3C,537,4/20/26 23:00,43.466,
Plot Title: 5C3C,538,4/20/26 23:15,43.282,
Plot Title: 5C3C,539,4/20/26 23:30,43.282,
Plot Title: 5C3C,540,4/20/26 23:45,43.099,
Plot Title: 5C3C,541,4/21/26 00:00,43.099,
Plot Title: 5C3C,542,4/21/26 00:15,42.915,
Plot Title: 5C3C,543,4/21/26 00:30,42.732,
Plot Title: 5C3C,544,4/21/26 00:45,42.732,
Plot Title: 5C3C,545,4/21/26 01:00,42.548,
Plot Title: 5C3C,546,4/21/26 01:15,42.363,
Plot Title: 5C3C,547,4/21/26 01:30,42.363,
Plot Title: 5C3C,548,4/21/26 01:45,42.179,
Plot Title: 5C3C,549,4/21/26 02:00,42.179,
Plot Title: 5C3C,550,4/21/26 02:15,41.994,
Plot Title: 5C3C,551,4/21/26 02:30,41.994,
Plot Title: 5C3C,552,4/21/26 02:45,41.994,
Plot Title: 5C3C,553,4/21/26 03:00,41.81,
Plot Title: 5C3C,554,4/21/26 03:15,41.81,
Plot Title: 5C3C,555,4/21/26 03:30,41.81,
Plot Title: 5C3C,556,4/21/26 03:45,41.625,
Plot Title: 5C3C,557,4/21/26 04:00,41.625,
Plot Title: 5C3C,558,4/21/26 04:15,41.439,
Plot Title: 5C3C,559,4/21/26 04:30,41.254,
Plot Title: 5C3C,560,4/21/26 04:45,41.254,
Plot Title: 5C3C,561,4/21/26 05:00,41.254,
Plot Title: 5C3C,562,4/21/26 05:15,41.067,
Plot Title: 5C3C,563,4/21/26 05:30,41.067,
Plot Title: 5C3C,564,4/21/26 05:45,41.067,
Plot Title: 5C3C,565,4/21/26 06:00,41.067,
Plot Title: 5C3C,566,4/21/26 06:15,40.881,
Plot Title: 5C3C,567,4/21/26 06:30,40.881,
Plot Title: 5C3C,568,4/21/26 06:45,40.696,
Plot Title: 5C3C,569,4/21/26 07:00,40.881,
Plot Title: 5C3C,570,4/21/26 07:15,41.067,
Plot Title: 5C3C,571,4/21/26 07:30,41.254,
Plot Title: 5C3C,572,4/21/26 07:45,41.439,
Plot Title: 5C3C,573,4/21/26 08:00,42.179,
Plot Title: 5C3C,574,4/21/26 08:15,42.732,
Plot Title: 5C3C,575,4/21/26 08:30,43.648,
Plot Title: 5C3C,576,4/21/26 08:45,44.195,
Plot Title: 5C3C,577,4/21/26 09:00,45.286,
Plot Title: 5C3C,578,4/21/26 09:15,46.369,
Plot Title: 5C3C,579,4/21/26 09:30,52.925,
Plot Title: 5C3C,580,4/21/26 09:45,54.842,
Plot Title: 5C3C,581,4/21/26 10:00,60.539,
Plot Title: 5C3C,582,4/21/26 10:15,65.509,
Plot Title: 5C3C,583,4/21/26 10:30,70.48,
Plot Title: 5C3C,584,4/21/26 10:45,74.271,
Plot Title: 5C3C,585,4/21/26 11:00,76.876,
Plot Title: 5C3C,586,4/21/26 11:15,76.528,
Plot Title: 5C3C,587,4/21/26 11:30,73.58,
Plot Title: 5C3C,588,4/21/26 11:45,71.339,
Plot Title: 5C3C,589,4/21/26 12:00,68.763,
Plot Title: 5C3C,590,4/21/26 12:15,65.167,
Plot Title: 5C3C,591,4/21/26 12:30,63.282,
Plot Title: 5C3C,592,4/21/26 12:45,62.94,
Plot Title: 5C3C,593,4/21/26 13:00,63.111,
Plot Title: 5C3C,594,4/21/26 13:15,62.598,
Plot Title: 5C3C,595,4/21/26 13:30,62.598,
Plot Title: 5C3C,596,4/21/26 13:45,61.398,
Plot Title: 5C3C,597,4/21/26 14:00,60.368,
Plot Title: 5C3C,598,4/21/26 14:15,60.195,
Plot Title: 5C3C,599,4/21/26 14:30,60.024,
Plot Title: 5C3C,600,4/21/26 14:45,60.712,
Plot Title: 5C3C,601,4/21/26 15:00,61.054,
Plot Title: 5C3C,602,4/21/26 15:15,61.227,
Plot Title: 5C3C,603,4/21/26 15:30,60.024,
Plot Title: 5C3C,604,4/21/26 15:45,59.164,
Plot Title: 5C3C,605,4/21/26 16:00,58.476,
Plot Title: 5C3C,606,4/21/26 16:15,57.958,
Plot Title: 5C3C,607,4/21/26 16:30,57.268,
Plot Title: 5C3C,608,4/21/26 16:45,56.75,
Plot Title: 5C3C,609,4/21/26 17:00,56.23,
Plot Title: 5C3C,610,4/21/26 17:15,55.711,
Plot Title: 5C3C,611,4/21/26 17:30,55.537,
Plot Title: 5C3C,612,4/21/26 17:45,55.364,
Plot Title: 5C3C,613,4/21/26 18:00,55.189,
Plot Title: 5C3C,614,4/21/26 18:15,55.189,
Plot Title: 5C3C,615,4/21/26 18:30,55.364,
Plot Title: 5C3C,616,4/21/26 18:45,54.842,
Plot Title: 5C3C,617,4/21/26 19:00,54.322,
Plot Title: 5C3C,618,4/21/26 19:15,53.973,
Plot Title: 5C3C,619,4/21/26 19:30,53.623,
Plot Title: 5C3C,620,4/21/26 19:45,53.1,
Plot Title: 5C3C,621,4/21/26 20:00,52.401,
Plot Title: 5C3C,622,4/21/26 20:15,51.523,
Plot Title: 5C3C,623,4/21/26 20:30,50.819,
Plot Title: 5C3C,624,4/21/26 20:45,50.29,
Plot Title: 5C3C,625,4/21/26 21:00,49.759,
Plot Title: 5C3C,626,4/21/26 21:15,49.404,
Plot Title: 5C3C,627,4/21/26 21:30,49.05,
Plot Title: 5C3C,628,4/21/26 21:45,48.695,
Plot Title: 5C3C,629,4/21/26 22:00,48.16,
Plot Title: 5C3C,630,4/21/26 22:15,47.982,
Plot Title: 5C3C,631,4/21/26 22:30,47.802,
Plot Title: 5C3C,632,4/21/26 22:45,47.446,
Plot Title: 5C3C,633,4/21/26 23:00,47.266,
Plot Title: 5C3C,634,4/21/26 23:15,47.266,
Plot Title: 5C3C,635,4/21/26 23:30,47.266,
Plot Title: 5C3C,636,4/21/26 23:45,47.088,
Plot Title: 5C3C,637,4/22/26 00:00,47.088,
Plot Title: 5C3C,638,4/22/26 00:15,47.088,
Plot Title: 5C3C,639,4/22/26 00:30,47.266,
Plot Title: 5C3C,640,4/22/26 00:45,47.266,
Plot Title: 5C3C,641,4/22/26 01:00,47.088,
Plot Title: 5C3C,642,4/22/26 01:15,46.908,
Plot Title: 5C3C,643,4/22/26 01:30,46.908,
Plot Title: 5C3C,644,4/22/26 01:45,46.728,
Plot Title: 5C3C,645,4/22/26 02:00,46.548,
Plot Title: 5C3C,646,4/22/26 02:15,46.188,
Plot Title: 5C3C,647,4/22/26 02:30,46.008,
Plot Title: 5C3C,648,4/22/26 02:45,46.008,
Plot Title: 5C3C,649,4/22/26 03:00,45.828,
Plot Title: 5C3C,650,4/22/26 03:15,45.648,
Plot Title: 5C3C,651,4/22/26 03:30,45.466,
Plot Title: 5C3C,652,4/22/26 03:45,45.286,
Plot Title: 5C3C,653,4/22/26 04:00,45.104,
Plot Title: 5C3C,654,4/22/26 04:15,45.104,
Plot Title: 5C3C,655,4/22/26 04:30,44.922,
Plot Title: 5C3C,656,4/22/26 04:45,44.742,
Plot Title: 5C3C,657,4/22/26 05:00,44.379,
Plot Title: 5C3C,658,4/22/26 05:15,44.195,
Plot Title: 5C3C,659,4/22/26 05:30,44.013,
Plot Title: 5C3C,660,4/22/26 05:45,43.831,
Plot Title: 5C3C,661,4/22/26 06:00,43.648,
Plot Title: 5C3C,662,4/22/26 06:15,43.648,
Plot Title: 5C3C,663,4/22/26 06:30,43.648,
Plot Title: 5C3C,664,4/22/26 06:45,43.648,
Plot Title: 5C3C,665,4/22/26 07:00,43.648,
Plot Title: 5C3C,666,4/22/26 07:15,43.831,
Plot Title: 5C3C,667,4/22/26 07:30,44.922,
Plot Title: 5C3C,668,4/22/26 07:45,45.466,
Plot Title: 5C3C,669,4/22/26 08:00,46.008,
Plot Title: 5C3C,670,4/22/26 08:15,46.548,
Plot Title: 5C3C,671,4/22/26 08:30,46.908,
Plot Title: 5C3C,672,4/22/26 08:45,47.266,
Plot Title: 5C3C,673,4/22/26 09:00,48.517,
Plot Title: 5C3C,674,4/22/26 09:15,50.113,
Plot Title: 5C3C,675,4/22/26 09:30,52.925,
Plot Title: 5C3C,676,4/22/26 09:45,54.842,
Plot Title: 5C3C,677,4/22/26 10:00,62.425,
Plot Title: 5C3C,678,4/22/26 10:15,68.934,
Plot Title: 5C3C,679,4/22/26 10:30,74.098,
Plot Title: 5C3C,680,4/22/26 10:45,74.791,
Plot Title: 5C3C,681,4/22/26 11:00,75.484,
Plot Title: 5C3C,682,4/22/26 11:15,76.703,
Plot Title: 5C3C,683,4/22/26 11:30,76.181,
Plot Title: 5C3C,684,4/22/26 11:45,74.791,
Plot Title: 5C3C,685,4/22/26 12:00,68.592,
Plot Title: 5C3C,686,4/22/26 12:15,64.481,
Plot Title: 5C3C,687,4/22/26 12:30,62.254,
Plot Title: 5C3C,688,4/22/26 12:45,60.539,
Plot Title: 5C3C,689,4/22/26 13:00,58.993,
Plot Title: 5C3C,690,4/22/26 13:15,58.82,
Plot Title: 5C3C,691,4/22/26 13:30,58.476,
Plot Title: 5C3C,692,4/22/26 13:45,57.268,
Plot Title: 5C3C,693,4/22/26 14:00,56.404,
Plot Title: 5C3C,694,4/22/26 14:15,55.711,
Plot Title: 5C3C,695,4/22/26 14:30,54.842,
Plot Title: 5C3C,696,4/22/26 14:45,54.322,
Plot Title: 5C3C,697,4/22/26 15:00,54.842,
Plot Title: 5C3C,698,4/22/26 15:15,53.798,
Plot Title: 5C3C,699,4/22/26 15:30,51.699,
Plot Title: 5C3C,700,4/22/26 15:45,50.643,
Plot Title: 5C3C,701,4/22/26 16:00,50.819,
Plot Title: 5C3C,702,4/22/26 16:15,49.937,
Plot Title: 5C3C,703,4/22/26 16:30,50.819,
Plot Title: 5C3C,704,4/22/26 16:45,50.643,
Plot Title: 5C3C,705,4/22/26 17:00,50.113,
Plot Title: 5C3C,706,4/22/26 17:15,49.937,
Plot Title: 5C3C,707,4/22/26 17:30,49.228,
Plot Title: 5C3C,708,4/22/26 17:45,48.695,
Plot Title: 5C3C,709,4/22/26 18:00,48.517,
Plot Title: 5C3C,710,4/22/26 18:15,48.339,
Plot Title: 5C3C,711,4/22/26 18:30,47.982,
Plot Title: 5C3C,712,4/22/26 18:45,47.802,
Plot Title: 5C3C,713,4/22/26 19:00,47.088,
Plot Title: 5C3C,714,4/22/26 19:15,46.728,
Plot Title: 5C3C,715,4/22/26 19:30,46.008,
Plot Title: 5C3C,716,4/22/26 19:45,45.466,
Plot Title: 5C3C,717,4/22/26 20:00,45.286,
Plot Title: 5C3C,718,4/22/26 20:15,45.104,
Plot Title: 5C3C,719,4/22/26 20:30,44.922,
Plot Title: 5C3C,720,4/22/26 20:45,44.742,
Plot Title: 5C3C,721,4/22/26 21:00,44.742,
Plot Title: 5C3C,722,4/22/26 21:15,44.379,
Plot Title: 5C3C,723,4/22/26 21:30,43.466,
Plot Title: 5C3C,724,4/22/26 21:45,42.548,
Plot Title: 5C3C,725,4/22/26 22:00,41.254,
Plot Title: 5C3C,726,4/22/26 22:15,41.254,
Plot Title: 5C3C,727,4/22/26 22:30,41.625,
Plot Title: 5C3C,728,4/22/26 22:45,41.625,
Plot Title: 5C3C,729,4/22/26 23:00,41.625,
Plot Title: 5C3C,730,4/22/26 23:15,41.625,
Plot Title: 5C3C,731,4/22/26 23:30,41.625,
Plot Title: 5C3C,732,4/22/26 23:45,41.625,
Plot Title: 5C3C,733,4/23/26 00:00,40.509,
Plot Title: 5C3C,734,4/23/26 00:15,39.384,
Plot Title: 5C3C,735,4/23/26 00:30,38.629,
Plot Title: 5C3C,736,4/23/26 00:45,37.87,
Plot Title: 5C3C,737,4/23/26 01:00,37.87,
Plot Title: 5C3C,738,4/23/26 01:15,38.061,
Plot Title: 5C3C,739,4/23/26 01:30,38.061,
Plot Title: 5C3C,740,4/23/26 01:45,38.061,
Plot Title: 5C3C,741,4/23/26 02:00,38.061,
Plot Title: 5C3C,742,4/23/26 02:15,38.061,
Plot Title: 5C3C,743,4/23/26 02:30,37.679,
Plot Title: 5C3C,744,4/23/26 02:45,37.488,
Plot Title: 5C3C,745,4/23/26 03:00,37.488,
Plot Title: 5C3C,746,4/23/26 03:15,37.488,
Plot Title: 5C3C,747,4/23/26 03:30,37.297,
Plot Title: 5C3C,748,4/23/26 03:45,37.107,
Plot Title: 5C3C,749,4/23/26 04:00,37.107,
Plot Title: 5C3C,750,4/23/26 04:15,37.107,
Plot Title: 5C3C,751,4/23/26 04:30,37.297,
Plot Title: 5C3C,752,4/23/26 04:45,37.297,
Plot Title: 5C3C,753,4/23/26 05:00,37.488,
Plot Title: 5C3C,754,4/23/26 05:15,37.488,
Plot Title: 5C3C,755,4/23/26 05:30,37.679,
Plot Title: 5C3C,756,4/23/26 05:45,37.679,
Plot Title: 5C3C,757,4/23/26 06:00,37.679,
Plot Title: 5C3C,758,4/23/26 06:15,37.87,
Plot Title: 5C3C,759,4/23/26 06:30,37.87,
Plot Title: 5C3C,760,4/23/26 06:45,37.679,
Plot Title: 5C3C,761,4/23/26 07:00,37.87,
Plot Title: 5C3C,762,4/23/26 07:15,37.87,
Plot Title: 5C3C,763,4/23/26 07:30,38.061,
Plot Title: 5C3C,764,4/23/26 07:45,38.061,
Plot Title: 5C3C,765,4/23/26 08:00,38.25,
Plot Title: 5C3C,766,4/23/26 08:15,38.25,
Plot Title: 5C3C,767,4/23/26 08:30,38.061,
Plot Title: 5C3C,768,4/23/26 08:45,37.297,
Plot Title: 5C3C,769,4/23/26 09:00,36.914,
Plot Title: 5C3C,770,4/23/26 09:15,37.107,
Plot Title: 5C3C,771,4/23/26 09:30,37.297,
Plot Title: 5C3C,772,4/23/26 09:45,37.679,
Plot Title: 5C3C,773,4/23/26 10:00,38.44,
Plot Title: 5C3C,774,4/23/26 10:15,39.196,
Plot Title: 5C3C,775,4/23/26 10:30,40.881,
Plot Title: 5C3C,776,4/23/26 10:45,42.915,
Plot Title: 5C3C,777,4/23/26 11:00,42.915,
Plot Title: 5C3C,778,4/23/26 11:15,42.179,
Plot Title: 5C3C,779,4/23/26 11:30,43.466,
Plot Title: 5C3C,780,4/23/26 11:45,43.466,
Plot Title: 5C3C,781,4/23/26 12:00,41.81,
Plot Title: 5C3C,782,4/23/26 12:15,39.384,
Plot Title: 5C3C,783,4/23/26 12:30,38.44,
Plot Title: 5C3C,784,4/23/26 12:45,37.87,
Plot Title: 5C3C,785,4/23/26 13:00,37.87,
Plot Title: 5C3C,786,4/23/26 13:15,37.87,
Plot Title: 5C3C,787,4/23/26 13:30,38.061,
Plot Title: 5C3C,788,4/23/26 13:45,38.061,
Plot Title: 5C3C,789,4/23/26 14:00,38.061,
Plot Title: 5C3C,790,4/23/26 14:15,37.87,
Plot Title: 5C3C,791,4/23/26 14:30,37.87,
Plot Title: 5C3C,792,4/23/26 14:45,37.87,
Plot Title: 5C3C,793,4/23/26 15:00,37.87,
Plot Title: 5C3C,794,4/23/26 15:15,37.87,
Plot Title: 5C3C,795,4/23/26 15:30,37.87,
Plot Title: 5C3C,796,4/23/26 15:45,37.87,
Plot Title: 5C3C,797,4/23/26 16:00,37.87,
Plot Title: 5C3C,798,4/23/26 16:15,37.679,
Plot Title: 5C3C,799,4/23/26 16:30,37.87,
Plot Title: 5C3C,800,4/23/26 16:45,37.679,
Plot Title: 5C3C,801,4/23/26 17:00,37.679,
Plot Title: 5C3C,802,4/23/26 17:15,37.679,
Plot Title: 5C3C,803,4/23/26 17:30,37.488,
Plot Title: 5C3C,804,4/23/26 17:45,37.488,
Plot Title: 5C3C,805,4/23/26 18:00,37.488,
Plot Title: 5C3C,806,4/23/26 18:15,37.488,
Plot Title: 5C3C,807,4/23/26 18:30,37.488,
Plot Title: 5C3C,808,4/23/26 18:45,37.488,
Plot Title: 5C3C,809,4/23/26 19:00,37.488,
Plot Title: 5C3C,810,4/23/26 19:15,37.488,
Plot Title: 5C3C,811,4/23/26 19:30,37.488,
Plot Title: 5C3C,812,4/23/26 19:45,37.488,
Plot Title: 5C3C,813,4/23/26 20:00,37.488,
Plot Title: 5C3C,814,4/23/26 20:15,37.488,
Plot Title: 5C3C,815,4/23/26 20:30,37.488,
Plot Title: 5C3C,816,4/23/26 20:45,37.488,
Plot Title: 5C3C,817,4/23/26 21:00,37.488,
Plot Title: 5C3C,818,4/23/26 21:15,37.488,
Plot Title: 5C3C,819,4/23/26 21:30,37.488,
Plot Title: 5C3C,820,4/23/26 21:45,37.488,
Plot Title: 5C3C,821,4/23/26 22:00,37.488,
Plot Title: 5C3C,822,4/23/26 22:15,37.297,
Plot Title: 5C3C,823,4/23/26 22:30,37.297,
Plot Title: 5C3C,824,4/23/26 22:45,37.297,
Plot Title: 5C3C,825,4/23/26 23:00,37.297,
Plot Title: 5C3C,826,4/23/26 23:15,37.297,
Plot Title: 5C3C,827,4/23/26 23:30,37.297,
Plot Title: 5C3C,828,4/23/26 23:45,37.297,
Plot Title: 5C3C,829,4/24/26 00:00,37.297,
Plot Title: 5C3C,830,4/24/26 00:15,37.297,
Plot Title: 5C3C,831,4/24/26 00:30,37.297,
Plot Title: 5C3C,832,4/24/26 00:45,37.297,
Plot Title: 5C3C,833,4/24/26 01:00,37.297,
Plot Title: 5C3C,834,4/24/26 01:15,37.297,
Plot Title: 5C3C,835,4/24/26 01:30,37.297,
Plot Title: 5C3C,836,4/24/26 01:45,37.107,
Plot Title: 5C3C,837,4/24/26 02:00,37.107,
Plot Title: 5C3C,838,4/24/26 02:15,37.107,
Plot Title: 5C3C,839,4/24/26 02:30,37.107,
Plot Title: 5C3C,840,4/24/26 02:45,37.107,
Plot Title: 5C3C,841,4/24/26 03:00,37.107,
Plot Title: 5C3C,842,4/24/26 03:15,37.107,
Plot Title: 5C3C,843,4/24/26 03:30,37.107,
Plot Title: 5C3C,844,4/24/26 03:45,37.107,
Plot Title: 5C3C,845,4/24/26 04:00,36.914,
Plot Title: 5C3C,846,4/24/26 04:15,36.914,
Plot Title: 5C3C,847,4/24/26 04:30,36.914,
Plot Title: 5C3C,848,4/24/26 04:45,36.914,
Plot Title: 5C3C,849,4/24/26 05:00,36.914,
Plot Title: 5C3C,850,4/24/26 05:15,36.723,
Plot Title: 5C3C,851,4/24/26 05:30,36.723,
Plot Title: 5C3C,852,4/24/26 05:45,36.723,
Plot Title: 5C3C,853,4/24/26 06:00,36.723,
Plot Title: 5C3C,854,4/24/26 06:15,36.723,
Plot Title: 5C3C,855,4/24/26 06:30,36.723,
Plot Title: 5C3C,856,4/24/26 06:45,36.723,
Plot Title: 5C3C,857,4/24/26 07:00,36.723,
Plot Title: 5C3C,858,4/24/26 07:15,36.723,
Plot Title: 5C3C,859,4/24/26 07:30,36.723,
Plot Title: 5C3C,860,4/24/26 07:45,36.723,
Plot Title: 5C3C,861,4/24/26 08:00,36.723,
Plot Title: 5C3C,862,4/24/26 08:15,36.531,
Plot Title: 5C3C,863,4/24/26 08:30,36.531,
Plot Title: 5C3C,864,4/24/26 08:45,36.531,
Plot Title: 5C3C,865,4/24/26 09:00,36.531,
Plot Title: 5C3C,866,4/24/26 09:15,36.531,
Plot Title: 5C3C,867,4/24/26 09:30,36.531,
Plot Title: 5C3C,868,4/24/26 09:45,36.531,
Plot Title: 5C3C,869,4/24/26 10:00,36.531,
Plot Title: 5C3C,870,4/24/26 10:15,36.531,
Plot Title: 5C3C,871,4/24/26 10:30,36.531,
Plot Title: 5C3C,872,4/24/26 10:45,36.531,
Plot Title: 5C3C,873,4/24/26 11:00,36.531,
Plot Title: 5C3C,874,4/24/26 11:15,36.723,
Plot Title: 5C3C,875,4/24/26 11:30,36.723,
Plot Title: 5C3C,876,4/24/26 11:45,36.531,
Plot Title: 5C3C,877,4/24/26 12:00,36.531,
Plot Title: 5C3C,878,4/24/26 12:15,36.338,
Plot Title: 5C3C,879,4/24/26 12:30,36.338,
Plot Title: 5C3C,880,4/24/26 12:45,36.338,
Plot Title: 5C3C,881,4/24/26 13:00,36.338,
Plot Title: 5C3C,882,4/24/26 13:15,36.338,
Plot Title: 5C3C,883,4/24/26 13:30,36.338,
Plot Title: 5C3C,884,4/24/26 13:45,36.338,
Plot Title: 5C3C,885,4/24/26 14:00,36.338,
Plot Title: 5C3C,886,4/24/26 14:15,36.338,
Plot Title: 5C3C,887,4/24/26 14:30,36.338,
Plot Title: 5C3C,888,4/24/26 14:45,36.338,
Plot Title: 5C3C,889,4/24/26 15:00,36.531,
Plot Title: 5C3C,890,4/24/26 15:15,36.338,
Plot Title: 5C3C,891,4/24/26 15:30,36.338,
Plot Title: 5C3C,892,4/24/26 15:45,36.338,
Plot Title: 5C3C,893,4/24/26 16:00,36.338,
Plot Title: 5C3C,894,4/24/26 16:15,36.338,
Plot Title: 5C3C,895,4/24/26 16:30,36.338,
Plot Title: 5C3C,896,4/24/26 16:45,36.338,
Plot Title: 5C3C,897,4/24/26 17:00,36.338,
Plot Title: 5C3C,898,4/24/26 17:15,36.338,
Plot Title: 5C3C,899,4/24/26 17:30,36.338,
Plot Title: 5C3C,900,4/24/26 17:45,36.338,
Plot Title: 5C3C,901,4/24/26 18:00,36.338,
Plot Title: 5C3C,902,4/24/26 18:15,36.145,
Plot Title: 5C3C,903,4/24/26 18:30,36.145,
Plot Title: 5C3C,904,4/24/26 18:45,36.145,
Plot Title: 5C3C,905,4/24/26 19:00,36.145,
Plot Title: 5C3C,906,4/24/26 19:15,36.145,
Plot Title: 5C3C,907,4/24/26 19:30,36.145,
Plot Title: 5C3C,908,4/24/26 19:45,36.145,
Plot Title: 5C3C,909,4/24/26 20:00,36.145,
Plot Title: 5C3C,910,4/24/26 20:15,36.145,
Plot Title: 5C3C,911,4/24/26 20:30,36.145,
Plot Title: 5C3C,912,4/24/26 20:45,36.145,
Plot Title: 5C3C,913,4/24/26 21:00,36.145,
Plot Title: 5C3C,914,4/24/26 21:15,36.145,
Plot Title: 5C3C,915,4/24/26 21:30,36.145,
Plot Title: 5C3C,916,4/24/26 21:45,36.145,
Plot Title: 5C3C,917,4/24/26 22:00,36.145,
Plot Title: 5C3C,918,4/24/26 22:15,36.145,
Plot Title: 5C3C,919,4/24/26 22:30,36.145,
Plot Title: 5C3C,920,4/24/26 22:45,36.145,
Plot Title: 5C3C,921,4/24/26 23:00,36.145,
Plot Title: 5C3C,922,4/24/26 23:15,36.145,
Plot Title: 5C3C,923,4/24/26 23:30,36.145,
Plot Title: 5C3C,924,4/24/26 23:45,36.145,
Plot Title: 5C3C,925,4/25/26 00:00,36.145,
Plot Title: 5C3C,926,4/25/26 00:15,36.145,
Plot Title: 5C3C,927,4/25/26 00:30,36.145,
Plot Title: 5C3C,928,4/25/26 00:45,36.145,
Plot Title: 5C3C,929,4/25/26 01:00,36.145,
Plot Title: 5C3C,930,4/25/26 01:15,36.145,
Plot Title: 5C3C,931,4/25/26 01:30,36.145,
Plot Title: 5C3C,932,4/25/26 01:45,36.145,
Plot Title: 5C3C,933,4/25/26 02:00,36.145,
Plot Title: 5C3C,934,4/25/26 02:15,36.145,
Plot Title: 5C3C,935,4/25/26 02:30,36.145,
Plot Title: 5C3C,936,4/25/26 02:45,36.145,
Plot Title: 5C3C,937,4/25/26 03:00,36.145,
Plot Title: 5C3C,938,4/25/26 03:15,36.145,
Plot Title: 5C3C,939,4/25/26 03:30,35.951,
Plot Title: 5C3C,940,4/25/26 03:45,35.951,
Plot Title: 5C3C,941,4/25/26 04:00,35.951,
Plot Title: 5C3C,942,4/25/26 04:15,35.951,
Plot Title: 5C3C,943,4/25/26 04:30,35.951,
Plot Title: 5C3C,944,4/25/26 04:45,35.951,
Plot Title: 5C3C,945,4/25/26 05:00,35.951,
Plot Title: 5C3C,946,4/25/26 05:15,35.951,
Plot Title: 5C3C,947,4/25/26 05:30,35.951,
Plot Title: 5C3C,948,4/25/26 05:45,35.951,
Plot Title: 5C3C,949,4/25/26 06:00,35.951,
Plot Title: 5C3C,950,4/25/26 06:15,35.951,
Plot Title: 5C3C,951,4/25/26 06:30,35.951,
Plot Title: 5C3C,952,4/25/26 06:45,35.951,
Plot Title: 5C3C,953,4/25/26 07:00,35.951,
Plot Title: 5C3C,954,4/25/26 07:15,35.951,
Plot Title: 5C3C,955,4/25/26 07:30,35.951,
Plot Title: 5C3C,956,4/25/26 07:45,35.951,
Plot Title: 5C3C,957,4/25/26 08:00,35.951,
Plot Title: 5C3C,958,4/25/26 08:15,35.951,
Plot Title: 5C3C,959,4/25/26 08:30,35.951,
Plot Title: 5C3C,960,4/25/26 08:45,35.951,
Plot Title: 5C3C,961,4/25/26 09:00,35.951,
Plot Title: 5C3C,962,4/25/26 09:15,35.951,
Plot Title: 5C3C,963,4/25/26 09:30,36.145,
Plot Title: 5C3C,964,4/25/26 09:45,36.338,
Plot Title: 5C3C,965,4/25/26 10:00,36.914,
Plot Title: 5C3C,966,4/25/26 10:15,37.297,
Plot Title: 5C3C,967,4/25/26 10:30,37.297,
Plot Title: 5C3C,968,4/25/26 10:45,37.679,
Plot Title: 5C3C,969,4/25/26 11:00,37.107,
Plot Title: 5C3C,970,4/25/26 11:15,37.297,
Plot Title: 5C3C,971,4/25/26 11:30,38.061,
Plot Title: 5C3C,972,4/25/26 11:45,37.679,
Plot Title: 5C3C,973,4/25/26 12:00,37.107,
Plot Title: 5C3C,974,4/25/26 12:15,36.914,
Plot Title: 5C3C,975,4/25/26 12:30,36.723,
Plot Title: 5C3C,976,4/25/26 12:45,36.531,
Plot Title: 5C3C,977,4/25/26 13:00,36.531,
Plot Title: 5C3C,978,4/25/26 13:15,36.723,
Plot Title: 5C3C,979,4/25/26 13:30,36.531,
Plot Title: 5C3C,980,4/25/26 13:45,36.531,
Plot Title: 5C3C,981,4/25/26 14:00,36.531,
Plot Title: 5C3C,982,4/25/26 14:15,36.531,
Plot Title: 5C3C,983,4/25/26 14:30,36.531,
Plot Title: 5C3C,984,4/25/26 14:45,36.338,
Plot Title: 5C3C,985,4/25/26 15:00,36.531,
Plot Title: 5C3C,986,4/25/26 15:15,36.531,
Plot Title: 5C3C,987,4/25/26 15:30,36.531,
Plot Title: 5C3C,988,4/25/26 15:45,36.531,
Plot Title: 5C3C,989,4/25/26 16:00,36.531,
Plot Title: 5C3C,990,4/25/26 16:15,36.531,
Plot Title: 5C3C,991,4/25/26 16:30,36.531,
Plot Title: 5C3C,992,4/25/26 16:45,36.531,
Plot Title: 5C3C,993,4/25/26 17:00,36.531,
Plot Title: 5C3C,994,4/25/26 17:15,36.723,
Plot Title: 5C3C,995,4/25/26 17:30,36.723,
Plot Title: 5C3C,996,4/25/26 17:45,36.723,
Plot Title: 5C3C,997,4/25/26 18:00,36.723,
Plot Title: 5C3C,998,4/25/26 18:15,36.531,
Plot Title: 5C3C,999,4/25/26 18:30,36.531,
Plot Title: 5C3C,1000,4/25/26 18:45,36.531,
Plot Title: 5C3C,1001,4/25/26 19:00,36.531,
Plot Title: 5C3C,1002,4/25/26 19:15,36.531,
Plot Title: 5C3C,1003,4/25/26 19:30,36.531,
Plot Title: 5C3C,1004,4/25/26 19:45,36.338,
Plot Title: 5C3C,1005,4/25/26 20:00,36.338,
Plot Title: 5C3C,1006,4/25/26 20:15,36.145,
Plot Title: 5C3C,1007,4/25/26 20:30,36.145,
Plot Title: 5C3C,1008,4/25/26 20:45,35.951,
Plot Title: 5C3C,1009,4/25/26 21:00,35.951,
Plot Title: 5C3C,1010,4/25/26 21:15,35.951,
Plot Title: 5C3C,1011,4/25/26 21:30,35.758,
Plot Title: 5C3C,1012,4/25/26 21:45,35.758,
Plot Title: 5C3C,1013,4/25/26 22:00,35.564,
Plot Title: 5C3C,1014,4/25/26 22:15,35.37,
Plot Title: 5C3C,1015,4/25/26 22:30,35.175,
Plot Title: 5C3C,1016,4/25/26 22:45,34.981,
Plot Title: 5C3C,1017,4/25/26 23:00,34.786,
Plot Title: 5C3C,1018,4/25/26 23:15,34.786,
Plot Title: 5C3C,1019,4/25/26 23:30,34.786,
Plot Title: 5C3C,1020,4/25/26 23:45,34.59,
Plot Title: 5C3C,1021,4/26/26 00:00,34.59,
Plot Title: 5C3C,1022,4/26/26 00:15,34.59,
Plot Title: 5C3C,1023,4/26/26 00:30,34.394,
Plot Title: 5C3C,1024,4/26/26 00:45,34.394,
Plot Title: 5C3C,1025,4/26/26 01:00,34.198,
Plot Title: 5C3C,1026,4/26/26 01:15,34.198,
Plot Title: 5C3C,1027,4/26/26 01:30,34.198,
Plot Title: 5C3C,1028,4/26/26 01:45,34.198,
Plot Title: 5C3C,1029,4/26/26 02:00,34.198,
Plot Title: 5C3C,1030,4/26/26 02:15,34.002,
Plot Title: 5C3C,1031,4/26/26 02:30,34.002,
Plot Title: 5C3C,1032,4/26/26 02:45,34.002,
Plot Title: 5C3C,1033,4/26/26 03:00,34.002,
Plot Title: 5C3C,1034,4/26/26 03:15,34.002,
Plot Title: 5C3C,1035,4/26/26 03:30,33.805,
Plot Title: 5C3C,1036,4/26/26 03:45,33.805,
Plot Title: 5C3C,1037,4/26/26 04:00,33.805,
Plot Title: 5C3C,1038,4/26/26 04:15,33.805,
Plot Title: 5C3C,1039,4/26/26 04:30,33.805,
Plot Title: 5C3C,1040,4/26/26 04:45,33.805,
Plot Title: 5C3C,1041,4/26/26 05:00,33.607,
Plot Title: 5C3C,1042,4/26/26 05:15,33.607,
Plot Title: 5C3C,1043,4/26/26 05:30,33.607,
Plot Title: 5C3C,1044,4/26/26 05:45,33.607,
Plot Title: 5C3C,1045,4/26/26 06:00,33.607,
Plot Title: 5C3C,1046,4/26/26 06:15,33.607,
Plot Title: 5C3C,1047,4/26/26 06:30,33.607,
Plot Title: 5C3C,1048,4/26/26 06:45,33.607,
Plot Title: 5C3C,1049,4/26/26 07:00,33.607,
Plot Title: 5C3C,1050,4/26/26 07:15,33.607,
Plot Title: 5C3C,1051,4/26/26 07:30,33.607,
Plot Title: 5C3C,1052,4/26/26 07:45,33.607,
Plot Title: 5C3C,1053,4/26/26 08:00,33.607,
Plot Title: 5C3C,1054,4/26/26 08:15,33.607,
Plot Title: 5C3C,1055,4/26/26 08:30,33.607,
Plot Title: 5C3C,1056,4/26/26 08:45,33.607,
Plot Title: 5C3C,1057,4/26/26 09:00,33.607,
Plot Title: 5C3C,1058,4/26/26 09:15,33.607,
Plot Title: 5C3C,1059,4/26/26 09:30,33.607,
Plot Title: 5C3C,1060,4/26/26 09:45,33.607,
Plot Title: 5C3C,1061,4/26/26 10:00,33.607,
Plot Title: 5C3C,1062,4/26/26 10:15,33.805,
Plot Title: 5C3C,1063,4/26/26 10:30,33.805,
Plot Title: 5C3C,1064,4/26/26 10:45,33.805,
Plot Title: 5C3C,1065,4/26/26 11:00,33.805,
Plot Title: 5C3C,1066,4/26/26 11:15,33.805,
Plot Title: 5C3C,1067,4/26/26 11:30,33.805,
Plot Title: 5C3C,1068,4/26/26 11:45,34.002,
Plot Title: 5C3C,1069,4/26/26 12:00,34.002,
Plot Title: 5C3C,1070,4/26/26 12:15,34.002,
Plot Title: 5C3C,1071,4/26/26 12:30,34.198,
Plot Title: 5C3C,1072,4/26/26 12:45,34.59,
Plot Title: 5C3C,1073,4/26/26 13:00,34.786,
Plot Title: 5C3C,1074,4/26/26 13:15,35.175,
Plot Title: 5C3C,1075,4/26/26 13:30,35.37,
Plot Title: 5C3C,1076,4/26/26 13:45,35.564,
Plot Title: 5C3C,1077,4/26/26 14:00,35.564,
Plot Title: 5C3C,1078,4/26/26 14:15,35.758,
Plot Title: 5C3C,1079,4/26/26 14:30,35.951,
Plot Title: 5C3C,1080,4/26/26 14:45,35.951,
Plot Title: 5C3C,1081,4/26/26 15:00,36.145,
Plot Title: 5C3C,1082,4/26/26 15:15,36.145,
Plot Title: 5C3C,1083,4/26/26 15:30,36.145,
Plot Title: 5C3C,1084,4/26/26 15:45,36.145,
Plot Title: 5C3C,1085,4/26/26 16:00,36.338,
Plot Title: 5C3C,1086,4/26/26 16:15,36.531,
Plot Title: 5C3C,1087,4/26/26 16:30,36.531,
Plot Title: 5C3C,1088,4/26/26 16:45,36.531,
Plot Title: 5C3C,1089,4/26/26 17:00,36.531,
Plot Title: 5C3C,1090,4/26/26 17:15,36.531,
Plot Title: 5C3C,1091,4/26/26 17:30,36.531,
Plot Title: 5C3C,1092,4/26/26 17:45,36.531,
Plot Title: 5C3C,1093,4/26/26 18:00,36.531,
Plot Title: 5C3C,1094,4/26/26 18:15,36.531,
Plot Title: 5C3C,1095,4/26/26 18:30,36.338,
Plot Title: 5C3C,1096,4/26/26 18:45,36.338,
Plot Title: 5C3C,1097,4/26/26 19:00,36.338,
Plot Title: 5C3C,1098,4/26/26 19:15,36.145,
Plot Title: 5C3C,1099,4/26/26 19:30,35.951,
Plot Title: 5C3C,1100,4/26/26 19:45,35.758,
Plot Title: 5C3C,1101,4/26/26 20:00,35.758,
Plot Title: 5C3C,1102,4/26/26 20:15,35.564,
Plot Title: 5C3C,1103,4/26/26 20:30,35.564,
Plot Title: 5C3C,1104,4/26/26 20:45,35.37,
Plot Title: 5C3C,1105,4/26/26 21:00,35.37,
Plot Title: 5C3C,1106,4/26/26 21:15,35.175,
Plot Title: 5C3C,1107,4/26/26 21:30,35.175,
Plot Title: 5C3C,1108,4/26/26 21:45,34.981,
Plot Title: 5C3C,1109,4/26/26 22:00,34.981,
Plot Title: 5C3C,1110,4/26/26 22:15,34.786,
Plot Title: 5C3C,1111,4/26/26 22:30,34.59,
Plot Title: 5C3C,1112,4/26/26 22:45,34.59,
Plot Title: 5C3C,1113,4/26/26 23:00,34.394,
Plot Title: 5C3C,1114,4/26/26 23:15,34.394,
Plot Title: 5C3C,1115,4/26/26 23:30,34.394,
Plot Title: 5C3C,1116,4/26/26 23:45,34.198,
Plot Title: 5C3C,1117,4/27/26 00:00,34.198,
Plot Title: 5C3C,1118,4/27/26 00:15,34.198,
Plot Title: 5C3C,1119,4/27/26 00:30,34.002,
Plot Title: 5C3C,1120,4/27/26 00:45,34.002,
Plot Title: 5C3C,1121,4/27/26 01:00,34.002,
Plot Title: 5C3C,1122,4/27/26 01:15,34.002,
Plot Title: 5C3C,1123,4/27/26 01:30,34.002,
Plot Title: 5C3C,1124,4/27/26 01:45,33.805,
Plot Title: 5C3C,1125,4/27/26 02:00,33.805,
Plot Title: 5C3C,1126,4/27/26 02:15,33.805,
Plot Title: 5C3C,1127,4/27/26 02:30,33.805,
Plot Title: 5C3C,1128,4/27/26 02:45,33.805,
Plot Title: 5C3C,1129,4/27/26 03:00,33.805,
Plot Title: 5C3C,1130,4/27/26 03:15,33.607,
Plot Title: 5C3C,1131,4/27/26 03:30,33.607,
Plot Title: 5C3C,1132,4/27/26 03:45,33.607,
Plot Title: 5C3C,1133,4/27/26 04:00,33.607,
Plot Title: 5C3C,1134,4/27/26 04:15,33.607,
Plot Title: 5C3C,1135,4/27/26 04:30,33.607,
Plot Title: 5C3C,1136,4/27/26 04:45,33.607,
Plot Title: 5C3C,1137,4/27/26 05:00,33.607,
Plot Title: 5C3C,1138,4/27/26 05:15,33.607,
Plot Title: 5C3C,1139,4/27/26 05:30,33.411,
Plot Title: 5C3C,1140,4/27/26 05:45,33.411,
Plot Title: 5C3C,1141,4/27/26 06:00,33.411,
Plot Title: 5C3C,1142,4/27/26 06:15,33.411,
Plot Title: 5C3C,1143,4/27/26 06:30,33.411,
Plot Title: 5C3C,1144,4/27/26 06:45,33.411,
Plot Title: 5C3C,1145,4/27/26 07:00,33.411,
Plot Title: 5C3C,1146,4/27/26 07:15,33.411,
Plot Title: 5C3C,1147,4/27/26 07:30,33.411,
Plot Title: 5C3C,1148,4/27/26 07:45,33.411,
Plot Title: 5C3C,1149,4/27/26 08:00,33.411,
Plot Title: 5C3C,1150,4/27/26 08:15,33.411,
Plot Title: 5C3C,1151,4/27/26 08:30,33.411,
Plot Title: 5C3C,1152,4/27/26 08:45,33.607,
Plot Title: 5C3C,1153,4/27/26 09:00,33.607,
Plot Title: 5C3C,1154,4/27/26 09:15,33.607,
Plot Title: 5C3C,1155,4/27/26 09:30,33.607,
Plot Title: 5C3C,1156,4/27/26 09:45,33.805,
Plot Title: 5C3C,1157,4/27/26 10:00,33.805,
Plot Title: 5C3C,1158,4/27/26 10:15,34.002,
Plot Title: 5C3C,1159,4/27/26 10:30,34.002,
Plot Title: 5C3C,1160,4/27/26 10:45,34.394,
Plot Title: 5C3C,1161,4/27/26 11:00,35.758,
Plot Title: 5C3C,1162,4/27/26 11:15,39.007,
Plot Title: 5C3C,1163,4/27/26 11:30,41.067,
Plot Title: 5C3C,1164,4/27/26 11:45,40.696,
Plot Title: 5C3C,1165,4/27/26 12:00,41.81,
Plot Title: 5C3C,1166,4/27/26 12:15,43.831,
Plot Title: 5C3C,1167,4/27/26 12:30,44.379,
Plot Title: 5C3C,1168,4/27/26 12:45,46.548,
Plot Title: 5C3C,1169,4/27/26 13:00,47.624,
Plot Title: 5C3C,1170,4/27/26 13:15,46.908,
Plot Title: 5C3C,1171,4/27/26 13:30,46.369,
Plot Title: 5C3C,1172,4/27/26 13:45,45.648,
Plot Title: 5C3C,1173,4/27/26 14:00,45.286,
Plot Title: 5C3C,1174,4/27/26 14:15,44.922,
Plot Title: 5C3C,1175,4/27/26 14:30,44.195,
Plot Title: 5C3C,1176,4/27/26 14:45,43.831,
Plot Title: 5C3C,1177,4/27/26 15:00,43.466,
Plot Title: 5C3C,1178,4/27/26 15:15,43.466,
Plot Title: 5C3C,1179,4/27/26 15:30,43.282,
Plot Title: 5C3C,1180,4/27/26 15:45,42.732,
Plot Title: 5C3C,1181,4/27/26 16:00,42.363,
Plot Title: 5C3C,1182,4/27/26 16:15,41.625,
Plot Title: 5C3C,1183,4/27/26 16:30,41.254,
Plot Title: 5C3C,1184,4/27/26 16:45,41.067,
Plot Title: 5C3C,1185,4/27/26 17:00,41.067,
Plot Title: 5C3C,1186,4/27/26 17:15,40.134,
Plot Title: 5C3C,1187,4/27/26 17:30,39.76,
Plot Title: 5C3C,1188,4/27/26 17:45,39.76,
Plot Title: 5C3C,1189,4/27/26 18:00,39.573,
Plot Title: 5C3C,1190,4/27/26 18:15,39.007,
Plot Title: 5C3C,1191,4/27/26 18:30,38.44,
Plot Title: 5C3C,1192,4/27/26 18:45,37.87,
Plot Title: 5C3C,1193,4/27/26 19:00,37.87,
Plot Title: 5C3C,1194,4/27/26 19:15,37.488,
Plot Title: 5C3C,1195,4/27/26 19:30,37.107,
Plot Title: 5C3C,1196,4/27/26 19:45,36.531,
Plot Title: 5C3C,1197,4/27/26 20:00,35.951,
Plot Title: 5C3C,1198,4/27/26 20:15,35.564,
Plot Title: 5C3C,1199,4/27/26 20:30,35.37,
Plot Title: 5C3C,1200,4/27/26 20:45,35.175,
Plot Title: 5C3C,1201,4/27/26 21:00,34.981,
Plot Title: 5C3C,1202,4/27/26 21:15,34.786,
Plot Title: 5C3C,1203,4/27/26 21:30,34.786,
Plot Title: 5C3C,1204,4/27/26 21:45,34.59,
Plot Title: 5C3C,1205,4/27/26 22:00,34.394,
Plot Title: 5C3C,1206,4/27/26 22:15,34.394,
Plot Title: 5C3C,1207,4/27/26 22:30,34.198,
Plot Title: 5C3C,1208,4/27/26 22:45,34.198,
Plot Title: 5C3C,1209,4/27/26 23:00,34.198,
Plot Title: 5C3C,1210,4/27/26 23:15,34.002,
Plot Title: 5C3C,1211,4/27/26 23:30,34.002,
Plot Title: 5C3C,1212,4/27/26 23:45,34.002,
Plot Title: 5C3C,1213,4/28/26 00:00,33.805,
Plot Title: 5C3C,1214,4/28/26 00:15,33.805,
Plot Title: 5C3C,1215,4/28/26 00:30,33.805,
Plot Title: 5C3C,1216,4/28/26 00:45,33.805,
Plot Title: 5C3C,1217,4/28/26 01:00,33.805,
Plot Title: 5C3C,1218,4/28/26 01:15,33.607,
Plot Title: 5C3C,1219,4/28/26 01:30,33.607,
Plot Title: 5C3C,1220,4/28/26 01:45,33.607,
Plot Title: 5C3C,1221,4/28/26 02:00,33.607,
Plot Title: 5C3C,1222,4/28/26 02:15,33.607,
Plot Title: 5C3C,1223,4/28/26 02:30,33.607,
Plot Title: 5C3C,1224,4/28/26 02:45,33.411,
Plot Title: 5C3C,1225,4/28/26 03:00,33.411,
Plot Title: 5C3C,1226,4/28/26 03:15,33.411,
Plot Title: 5C3C,1227,4/28/26 03:30,33.411,
Plot Title: 5C3C,1228,4/28/26 03:45,33.411,
Plot Title: 5C3C,1229,4/28/26 04:00,33.411,
Plot Title: 5C3C,1230,4/28/26 04:15,33.411,
Plot Title: 5C3C,1231,4/28/26 04:30,33.213,
Plot Title: 5C3C,1232,4/28/26 04:45,33.411,
Plot Title: 5C3C,1233,4/28/26 05:00,33.213,
Plot Title: 5C3C,1234,4/28/26 05:15,33.213,
Plot Title: 5C3C,1235,4/28/26 05:30,33.213,
Plot Title: 5C3C,1236,4/28/26 05:45,33.213,
Plot Title: 5C3C,1237,4/28/26 06:00,33.213,
Plot Title: 5C3C,1238,4/28/26 06:15,33.213,
Plot Title: 5C3C,1239,4/28/26 06:30,33.213,
Plot Title: 5C3C,1240,4/28/26 06:45,33.213,
Plot Title: 5C3C,1241,4/28/26 07:00,33.213,
Plot Title: 5C3C,1242,4/28/26 07:15,33.213,
Plot Title: 5C3C,1243,4/28/26 07:30,33.213,
Plot Title: 5C3C,1244,4/28/26 07:45,33.213,
Plot Title: 5C3C,1245,4/28/26 08:00,33.213,
Plot Title: 5C3C,1246,4/28/26 08:15,33.213,
Plot Title: 5C3C,1247,4/28/26 08:30,33.213,
Plot Title: 5C3C,1248,4/28/26 08:45,33.213,
Plot Title: 5C3C,1249,4/28/26 09:00,33.213,
Plot Title: 5C3C,1250,4/28/26 09:15,33.213,
Plot Title: 5C3C,1251,4/28/26 09:30,33.411,
Plot Title: 5C3C,1252,4/28/26 09:45,33.805,
Plot Title: 5C3C,1253,4/28/26 10:00,34.394,
Plot Title: 5C3C,1254,4/28/26 10:15,37.488,
Plot Title: 5C3C,1255,4/28/26 10:30,39.947,
Plot Title: 5C3C,1256,4/28/26 10:45,41.067,
Plot Title: 5C3C,1257,4/28/26 11:00,41.439,
Plot Title: 5C3C,1258,4/28/26 11:15,43.466,
Plot Title: 5C3C,1259,4/28/26 11:30,45.466,
Plot Title: 5C3C,1260,4/28/26 11:45,45.286,
Plot Title: 5C3C,1261,4/28/26 12:00,44.742,
Plot Title: 5C3C,1262,4/28/26 12:15,45.286,
Plot Title: 5C3C,1263,4/28/26 12:30,44.195,
Plot Title: 5C3C,1264,4/28/26 12:45,43.466,
Plot Title: 5C3C,1265,4/28/26 13:00,43.831,
Plot Title: 5C3C,1266,4/28/26 13:15,44.195,
Plot Title: 5C3C,1267,4/28/26 13:30,43.831,
Plot Title: 5C3C,1268,4/28/26 13:45,43.282,
Plot Title: 5C3C,1269,4/28/26 14:00,43.648,
Plot Title: 5C3C,1270,4/28/26 14:15,42.915,
Plot Title: 5C3C,1271,4/28/26 14:30,43.831,
Plot Title: 5C3C,1272,4/28/26 14:45,48.871,
Plot Title: 5C3C,1273,4/28/26 15:00,50.113,
Plot Title: 5C3C,1274,4/28/26 15:15,47.982,
Plot Title: 5C3C,1275,4/28/26 15:30,46.908,
Plot Title: 5C3C,1276,4/28/26 15:45,45.828,
Plot Title: 5C3C,1277,4/28/26 16:00,44.922,
Plot Title: 5C3C,1278,4/28/26 16:15,44.195,
Plot Title: 5C3C,1279,4/28/26 16:30,43.648,
Plot Title: 5C3C,1280,4/28/26 16:45,43.648,
Plot Title: 5C3C,1281,4/28/26 17:00,43.466,
Plot Title: 5C3C,1282,4/28/26 17:15,43.466,
Plot Title: 5C3C,1283,4/28/26 17:30,42.732,
Plot Title: 5C3C,1284,4/28/26 17:45,41.994,
Plot Title: 5C3C,1285,4/28/26 18:00,41.81,
Plot Title: 5C3C,1286,4/28/26 18:15,42.179,
Plot Title: 5C3C,1287,4/28/26 18:30,41.439,
Plot Title: 5C3C,1288,4/28/26 18:45,40.881,
Plot Title: 5C3C,1289,4/28/26 19:00,40.509,
Plot Title: 5C3C,1290,4/28/26 19:15,40.134,
Plot Title: 5C3C,1291,4/28/26 19:30,39.76,
Plot Title: 5C3C,1292,4/28/26 19:45,39.384,
Plot Title: 5C3C,1293,4/28/26 20:00,39.196,
Plot Title: 5C3C,1294,4/28/26 20:15,38.44,
Plot Title: 5C3C,1295,4/28/26 20:30,37.87,
Plot Title: 5C3C,1296,4/28/26 20:45,37.488,
Plot Title: 5C3C,1297,4/28/26 21:00,37.488,
Plot Title: 5C3C,1298,4/28/26 21:15,37.488,
Plot Title: 5C3C,1299,4/28/26 21:30,37.297,
Plot Title: 5C3C,1300,4/28/26 21:45,37.107,
Plot Title: 5C3C,1301,4/28/26 22:00,36.914,
Plot Title: 5C3C,1302,4/28/26 22:15,36.914,
Plot Title: 5C3C,1303,4/28/26 22:30,36.723,
Plot Title: 5C3C,1304,4/28/26 22:45,36.723,
Plot Title: 5C3C,1305,4/28/26 23:00,36.531,
Plot Title: 5C3C,1306,4/28/26 23:15,36.531,
Plot Title: 5C3C,1307,4/28/26 23:30,36.531,
Plot Title: 5C3C,1308,4/28/26 23:45,36.338,
Plot Title: 5C3C,1309,4/29/26 00:00,35.951,
Plot Title: 5C3C,1310,4/29/26 00:15,35.564,
Plot Title: 5C3C,1311,4/29/26 00:30,35.37,
Plot Title: 5C3C,1312,4/29/26 00:45,35.175,
Plot Title: 5C3C,1313,4/29/26 01:00,35.175,
Plot Title: 5C3C,1314,4/29/26 01:15,34.981,
Plot Title: 5C3C,1315,4/29/26 01:30,34.981,
Plot Title: 5C3C,1316,4/29/26 01:45,34.981,
Plot Title: 5C3C,1317,4/29/26 02:00,34.786,
Plot Title: 5C3C,1318,4/29/26 02:15,34.786,
Plot Title: 5C3C,1319,4/29/26 02:30,34.59,
Plot Title: 5C3C,1320,4/29/26 02:45,34.59,
Plot Title: 5C3C,1321,4/29/26 03:00,34.394,
Plot Title: 5C3C,1322,4/29/26 03:15,34.394,
Plot Title: 5C3C,1323,4/29/26 03:30,34.394,
Plot Title: 5C3C,1324,4/29/26 03:45,34.198,
Plot Title: 5C3C,1325,4/29/26 04:00,34.198,
Plot Title: 5C3C,1326,4/29/26 04:15,34.198,
Plot Title: 5C3C,1327,4/29/26 04:30,34.198,
Plot Title: 5C3C,1328,4/29/26 04:45,34.198,
Plot Title: 5C3C,1329,4/29/26 05:00,34.198,
Plot Title: 5C3C,1330,4/29/26 05:15,34.002,
Plot Title: 5C3C,1331,4/29/26 05:30,34.002,
Plot Title: 5C3C,1332,4/29/26 05:45,34.002,
Plot Title: 5C3C,1333,4/29/26 06:00,34.002,
Plot Title: 5C3C,1334,4/29/26 06:15,34.002,
Plot Title: 5C3C,1335,4/29/26 06:30,34.002,
Plot Title: 5C3C,1336,4/29/26 06:45,34.002,
Plot Title: 5C3C,1337,4/29/26 07:00,34.002,
Plot Title: 5C3C,1338,4/29/26 07:15,34.198,
Plot Title: 5C3C,1339,4/29/26 07:30,34.198,
Plot Title: 5C3C,1340,4/29/26 07:45,34.394,
Plot Title: 5C3C,1341,4/29/26 08:00,34.59,
Plot Title: 5C3C,1342,4/29/26 08:15,34.981,
Plot Title: 5C3C,1343,4/29/26 08:30,35.564,
Plot Title: 5C3C,1344,4/29/26 08:45,36.145,
Plot Title: 5C3C,1345,4/29/26 09:00,37.107,
Plot Title: 5C3C,1346,4/29/26 09:15,38.061,
Plot Title: 5C3C,1347,4/29/26 09:30,39.196,
Plot Title: 5C3C,1348,4/29/26 09:45,39.384,
Plot Title: 5C3C,1349,4/29/26 10:00,39.196,
Plot Title: 5C3C,1350,4/29/26 10:15,39.573,
Plot Title: 5C3C,1351,4/29/26 10:30,39.384,
Plot Title: 5C3C,1352,4/29/26 10:45,40.134,
Plot Title: 5C3C,1353,4/29/26 11:00,41.625,
Plot Title: 5C3C,1354,4/29/26 11:15,43.466,
Plot Title: 5C3C,1355,4/29/26 11:30,45.286,
Plot Title: 5C3C,1356,4/29/26 11:45,51.523,
Plot Title: 5C3C,1357,4/29/26 12:00,51.523,
Plot Title: 5C3C,1358,4/29/26 12:15,50.819,
Plot Title: 5C3C,1359,4/29/26 12:30,49.228,
Plot Title: 5C3C,1360,4/29/26 12:45,49.404,
Plot Title: 5C3C,1361,4/29/26 13:00,51.523,
Plot Title: 5C3C,1362,4/29/26 13:15,49.759,
Plot Title: 5C3C,1363,4/29/26 13:30,48.871,
Plot Title: 5C3C,1364,4/29/26 13:45,47.088,
Plot Title: 5C3C,1365,4/29/26 14:00,46.008,
Plot Title: 5C3C,1366,4/29/26 14:15,45.648,
Plot Title: 5C3C,1367,4/29/26 14:30,46.369,
Plot Title: 5C3C,1368,4/29/26 14:45,46.369,
Plot Title: 5C3C,1369,4/29/26 15:00,45.286,
Plot Title: 5C3C,1370,4/29/26 15:15,44.742,
Plot Title: 5C3C,1371,4/29/26 15:30,44.922,
Plot Title: 5C3C,1372,4/29/26 15:45,46.008,
Plot Title: 5C3C,1373,4/29/26 16:00,46.548,
Plot Title: 5C3C,1374,4/29/26 16:15,45.828,
Plot Title: 5C3C,1375,4/29/26 16:30,45.466,
Plot Title: 5C3C,1376,4/29/26 16:45,44.922,
Plot Title: 5C3C,1377,4/29/26 17:00,43.648,
Plot Title: 5C3C,1378,4/29/26 17:15,42.915,
Plot Title: 5C3C,1379,4/29/26 17:30,42.548,
Plot Title: 5C3C,1380,4/29/26 17:45,42.548,
Plot Title: 5C3C,1381,4/29/26 18:00,41.994,
Plot Title: 5C3C,1382,4/29/26 18:15,41.254,
Plot Title: 5C3C,1383,4/29/26 18:30,40.696,
Plot Title: 5C3C,1384,4/29/26 18:45,40.134,
Plot Title: 5C3C,1385,4/29/26 19:00,39.947,
Plot Title: 5C3C,1386,4/29/26 19:15,39.76,
Plot Title: 5C3C,1387,4/29/26 19:30,39.76,
Plot Title: 5C3C,1388,4/29/26 19:45,39.76,
Plot Title: 5C3C,1389,4/29/26 20:00,39.384,
Plot Title: 5C3C,1390,4/29/26 20:15,39.196,
Plot Title: 5C3C,1391,4/29/26 20:30,38.629,
Plot Title: 5C3C,1392,4/29/26 20:45,38.061,
Plot Title: 5C3C,1393,4/29/26 21:00,37.488,
Plot Title: 5C3C,1394,4/29/26 21:15,37.107,
Plot Title: 5C3C,1395,4/29/26 21:30,36.723,
Plot Title: 5C3C,1396,4/29/26 21:45,36.531,
Plot Title: 5C3C,1397,4/29/26 22:00,36.338,
Plot Title: 5C3C,1398,4/29/26 22:15,36.145,
Plot Title: 5C3C,1399,4/29/26 22:30,35.951,
Plot Title: 5C3C,1400,4/29/26 22:45,35.758,
Plot Title: 5C3C,1401,4/29/26 23:00,35.564,
Plot Title: 5C3C,1402,4/29/26 23:15,35.564,
Plot Title: 5C3C,1403,4/29/26 23:30,35.175,
Plot Title: 5C3C,1404,4/29/26 23:45,34.981,
Plot Title: 5C3C,1405,4/30/26 00:00,34.786,
Plot Title: 5C3C,1406,4/30/26 00:15,34.786,
Plot Title: 5C3C,1407,4/30/26 00:30,34.59,
Plot Title: 5C3C,1408,4/30/26 00:45,34.394,
Plot Title: 5C3C,1409,4/30/26 01:00,34.394,
Plot Title: 5C3C,1410,4/30/26 01:15,34.394,
Plot Title: 5C3C,1411,4/30/26 01:30,34.394,
Plot Title: 5C3C,1412,4/30/26 01:45,34.394,
Plot Title: 5C3C,1413,4/30/26 02:00,34.394,
Plot Title: 5C3C,1414,4/30/26 02:15,34.394,
Plot Title: 5C3C,1415,4/30/26 02:30,34.198,
Plot Title: 5C3C,1416,4/30/26 02:45,34.198,
Plot Title: 5C3C,1417,4/30/26 03:00,34.198,
Plot Title: 5C3C,1418,4/30/26 03:15,34.198,
Plot Title: 5C3C,1419,4/30/26 03:30,34.198,
Plot Title: 5C3C,1420,4/30/26 03:45,34.002,
Plot Title: 5C3C,1421,4/30/26 04:00,34.002,
Plot Title: 5C3C,1422,4/30/26 04:15,34.002,
Plot Title: 5C3C,1423,4/30/26 04:30,34.002,
Plot Title: 5C3C,1424,4/30/26 04:45,34.002,
Plot Title: 5C3C,1425,4/30/26 05:00,34.002,
Plot Title: 5C3C,1426,4/30/26 05:15,34.002,
Plot Title: 5C3C,1427,4/30/26 05:30,34.002,
Plot Title: 5C3C,1428,4/30/26 05:45,34.002,
Plot Title: 5C3C,1429,4/30/26 06:00,33.805,
Plot Title: 5C3C,1430,4/30/26 06:15,33.805,
Plot Title: 5C3C,1431,4/30/26 06:30,33.805,
Plot Title: 5C3C,1432,4/30/26 06:45,33.805,
Plot Title: 5C3C,1433,4/30/26 07:00,33.805,
Plot Title: 5C3C,1434,4/30/26 07:15,34.002,
Plot Title: 5C3C,1435,4/30/26 07:30,34.002,
Plot Title: 5C3C,1436,4/30/26 07:45,34.002,
Plot Title: 5C3C,1437,4/30/26 08:00,34.198,
Plot Title: 5C3C,1438,4/30/26 08:15,34.394,
Plot Title: 5C3C,1439,4/30/26 08:30,35.37,
Plot Title: 5C3C,1440,4/30/26 08:45,35.951,
Plot Title: 5C3C,1441,4/30/26 09:00,37.679,
Plot Title: 5C3C,1442,4/30/26 09:15,39.007,
Plot Title: 5C3C,1443,4/30/26 09:30,39.384,
Plot Title: 5C3C,1444,4/30/26 09:45,40.696,
Plot Title: 5C3C,1445,4/30/26 10:00,47.624,
Plot Title: 5C3C,1446,4/30/26 10:15,53.1,
Plot Title: 5C3C,1447,4/30/26 10:30,51.699,
Plot Title: 5C3C,1448,4/30/26 10:45,53.274,
Plot Title: 5C3C,1449,4/30/26 11:00,53.798,
Plot Title: 5C3C,1450,4/30/26 11:15,56.404,
Plot Title: 5C3C,1451,4/30/26 11:30,61.569,
Plot Title: 5C3C,1452,4/30/26 11:45,64.31,
Plot Title: 5C3C,1453,4/30/26 12:00,60.368,
Plot Title: 5C3C,1454,4/30/26 12:15,57.614,
Plot Title: 5C3C,1455,4/30/26 12:30,53.973,
Plot Title: 5C3C,1456,4/30/26 12:45,57.441,
Plot Title: 5C3C,1457,4/30/26 13:00,56.404,
Plot Title: 5C3C,1458,4/30/26 13:15,58.476,
Plot Title: 5C3C,1459,4/30/26 13:30,55.364,
Plot Title: 5C3C,1460,4/30/26 13:45,53.1,
Plot Title: 5C3C,1461,4/30/26 14:00,51.523,
Plot Title: 5C3C,1462,4/30/26 14:15,50.466,
Plot Title: 5C3C,1463,4/30/26 14:30,49.937,
Plot Title: 5C3C,1464,4/30/26 14:45,49.759,
Plot Title: 5C3C,1465,4/30/26 15:00,55.364,
Plot Title: 5C3C,1466,4/30/26 15:15,52.401,
Plot Title: 5C3C,1467,4/30/26 15:30,50.29,
Plot Title: 5C3C,1468,4/30/26 15:45,50.29,
Plot Title: 5C3C,1469,4/30/26 16:00,49.937,
Plot Title: 5C3C,1470,4/30/26 16:15,49.404,
Plot Title: 5C3C,1471,4/30/26 16:30,48.695,
Plot Title: 5C3C,1472,4/30/26 16:45,48.16,
Plot Title: 5C3C,1473,4/30/26 17:00,47.088,
Plot Title: 5C3C,1474,4/30/26 17:15,46.369,
Plot Title: 5C3C,1475,4/30/26 17:30,46.188,
Plot Title: 5C3C,1476,4/30/26 17:45,45.466,
Plot Title: 5C3C,1477,4/30/26 18:00,44.742,
Plot Title: 5C3C,1478,4/30/26 18:15,44.195,
Plot Title: 5C3C,1479,4/30/26 18:30,43.648,
Plot Title: 5C3C,1480,4/30/26 18:45,43.282,
Plot Title: 5C3C,1481,4/30/26 19:00,42.915,
Plot Title: 5C3C,1482,4/30/26 19:15,42.363,
Plot Title: 5C3C,1483,4/30/26 19:30,41.994,
Plot Title: 5C3C,1484,4/30/26 19:45,41.625,
Plot Title: 5C3C,1485,4/30/26 20:00,41.254,
Plot Title: 5C3C,1486,4/30/26 20:15,40.696,
Plot Title: 5C3C,1487,4/30/26 20:30,40.321,
Plot Title: 5C3C,1488,4/30/26 20:45,39.947,
Plot Title: 5C3C,1489,4/30/26 21:00,39.573,
Plot Title: 5C3C,1490,4/30/26 21:15,39.196,
Plot Title: 5C3C,1491,4/30/26 21:30,39.007,
Plot Title: 5C3C,1492,4/30/26 21:45,38.818,
Plot Title: 5C3C,1493,4/30/26 22:00,38.44,
Plot Title: 5C3C,1494,4/30/26 22:15,38.061,
Plot Title: 5C3C,1495,4/30/26 22:30,37.679,
Plot Title: 5C3C,1496,4/30/26 22:45,37.488,
Plot Title: 5C3C,1497,4/30/26 23:00,37.297,
Plot Title: 5C3C,1498,4/30/26 23:15,37.107,
Plot Title: 5C3C,1499,4/30/26 23:30,37.107,
Plot Title: 5C3C,1500,4/30/26 23:45,36.914,
Plot Title: 5C3C,1501,5/1/26 00:00,36.723,
Plot Title: 5C3C,1502,5/1/26 00:15,36.531,
Plot Title: 5C3C,1503,5/1/26 00:30,36.338,
Plot Title: 5C3C,1504,5/1/26 00:45,36.145,
Plot Title: 5C3C,1505,5/1/26 01:00,35.951,
Plot Title: 5C3C,1506,5/1/26 01:15,35.758,
Plot Title: 5C3C,1507,5/1/26 01:30,35.758,
Plot Title: 5C3C,1508,5/1/26 01:45,35.758,
Plot Title: 5C3C,1509,5/1/26 02:00,35.564,
Plot Title: 5C3C,1510,5/1/26 02:15,35.564,
Plot Title: 5C3C,1511,5/1/26 02:30,35.37,
Plot Title: 5C3C,1512,5/1/26 02:45,35.37,
Plot Title: 5C3C,1513,5/1/26 03:00,35.175,
Plot Title: 5C3C,1514,5/1/26 03:15,35.175,
Plot Title: 5C3C,1515,5/1/26 03:30,34.981,
Plot Title: 5C3C,1516,5/1/26 03:45,34.981,
Plot Title: 5C3C,1517,5/1/26 04:00,34.981,
Plot Title: 5C3C,1518,5/1/26 04:15,34.786,
Plot Title: 5C3C,1519,5/1/26 04:30,34.59,
Plot Title: 5C3C,1520,5/1/26 04:45,34.394,
Plot Title: 5C3C,1521,5/1/26 05:00,34.198,
Plot Title: 5C3C,1522,5/1/26 05:15,34.198,
Plot Title: 5C3C,1523,5/1/26 05:30,34.002,
Plot Title: 5C3C,1524,5/1/26 05:45,34.002,
Plot Title: 5C3C,1525,5/1/26 06:00,34.002,
Plot Title: 5C3C,1526,5/1/26 06:15,33.805,
Plot Title: 5C3C,1527,5/1/26 06:30,33.805,
Plot Title: 5C3C,1528,5/1/26 06:45,33.607,
Plot Title: 5C3C,1529,5/1/26 07:00,33.607,
Plot Title: 5C3C,1530,5/1/26 07:15,34.002,
Plot Title: 5C3C,1531,5/1/26 07:30,34.981,
Plot Title: 5C3C,1532,5/1/26 07:45,35.951,
Plot Title: 5C3C,1533,5/1/26 08:00,36.723,
Plot Title: 5C3C,1534,5/1/26 08:15,36.723,
Plot Title: 5C3C,1535,5/1/26 08:30,39.384,
Plot Title: 5C3C,1536,5/1/26 08:45,38.44,
Plot Title: 5C3C,1537,5/1/26 09:00,39.384,
Plot Title: 5C3C,1538,5/1/26 09:15,40.134,
Plot Title: 5C3C,1539,5/1/26 09:30,40.321,
Plot Title: 5C3C,1540,5/1/26 09:45,41.439,
Plot Title: 5C3C,1541,5/1/26 10:00,49.05,
Plot Title: 5C3C,1542,5/1/26 10:15,58.476,
Plot Title: 5C3C,1543,5/1/26 10:30,64.996,
Plot Title: 5C3C,1544,5/1/26 10:45,69.278,
Plot Title: 5C3C,1545,5/1/26 11:00,72.372,
Plot Title: 5C3C,1546,5/1/26 11:15,74.619,
Plot Title: 5C3C,1547,5/1/26 11:30,75.139,
Plot Title: 5C3C,1548,5/1/26 11:45,73.926,
Plot Title: 5C3C,1549,5/1/26 12:00,68.763,
Plot Title: 5C3C,1550,5/1/26 12:15,64.825,
Plot Title: 5C3C,1551,5/1/26 12:30,59.508,
Plot Title: 5C3C,1552,5/1/26 12:45,65.338,
Plot Title: 5C3C,1553,5/1/26 13:00,64.31,
Plot Title: 5C3C,1554,5/1/26 13:15,66.193,
Plot Title: 5C3C,1555,5/1/26 13:30,61.398,
Plot Title: 5C3C,1556,5/1/26 13:45,57.268,
Plot Title: 5C3C,1557,5/1/26 14:00,55.189,
Plot Title: 5C3C,1558,5/1/26 14:15,53.973,
Plot Title: 5C3C,1559,5/1/26 14:30,53.1,
Plot Title: 5C3C,1560,5/1/26 14:45,61.912,
Plot Title: 5C3C,1561,5/1/26 15:00,62.598,
Plot Title: 5C3C,1562,5/1/26 15:15,57.268,
Plot Title: 5C3C,1563,5/1/26 15:30,54.669,
Plot Title: 5C3C,1564,5/1/26 15:45,55.364,
Plot Title: 5C3C,1565,5/1/26 16:00,53.274,
Plot Title: 5C3C,1566,5/1/26 16:15,52.05,
Plot Title: 5C3C,1567,5/1/26 16:30,51.523,
Plot Title: 5C3C,1568,5/1/26 16:45,50.819,
Plot Title: 5C3C,1569,5/1/26 17:00,49.937,
Plot Title: 5C3C,1570,5/1/26 17:15,49.404,
Plot Title: 5C3C,1571,5/1/26 17:30,49.05,
Plot Title: 5C3C,1572,5/1/26 17:45,48.517,
Plot Title: 5C3C,1573,5/1/26 18:00,47.982,
Plot Title: 5C3C,1574,5/1/26 18:15,47.446,
Plot Title: 5C3C,1575,5/1/26 18:30,47.088,
Plot Title: 5C3C,1576,5/1/26 18:45,46.728,
Plot Title: 5C3C,1577,5/1/26 19:00,46.369,
Plot Title: 5C3C,1578,5/1/26 19:15,46.008,
Plot Title: 5C3C,1579,5/1/26 19:30,45.648,
Plot Title: 5C3C,1580,5/1/26 19:45,45.286,
Plot Title: 5C3C,1581,5/1/26 20:00,44.922,
Plot Title: 5C3C,1582,5/1/26 20:15,44.56,
Plot Title: 5C3C,1583,5/1/26 20:30,44.195,
Plot Title: 5C3C,1584,5/1/26 20:45,43.831,
Plot Title: 5C3C,1585,5/1/26 21:00,43.466,
Plot Title: 5C3C,1586,5/1/26 21:15,43.282,
Plot Title: 5C3C,1587,5/1/26 21:30,42.732,
Plot Title: 5C3C,1588,5/1/26 21:45,42.363,
Plot Title: 5C3C,1589,5/1/26 22:00,42.179,
Plot Title: 5C3C,1590,5/1/26 22:15,41.994,
Plot Title: 5C3C,1591,5/1/26 22:30,41.81,
Plot Title: 5C3C,1592,5/1/26 22:45,41.439,
Plot Title: 5C3C,1593,5/1/26 23:00,41.254,
Plot Title: 5C3C,1594,5/1/26 23:15,41.067,
Plot Title: 5C3C,1595,5/1/26 23:30,40.881,
Plot Title: 5C3C,1596,5/1/26 23:45,40.696,
Plot Title: 5C3C,1597,5/2/26 00:00,40.509,
Plot Title: 5C3C,1598,5/2/26 00:15,40.509,
Plot Title: 5C3C,1599,5/2/26 00:30,40.321,
Plot Title: 5C3C,1600,5/2/26 00:45,40.321,
Plot Title: 5C3C,1601,5/2/26 01:00,40.321,
Plot Title: 5C3C,1602,5/2/26 01:15,40.134,
Plot Title: 5C3C,1603,5/2/26 01:30,39.947,
Plot Title: 5C3C,1604,5/2/26 01:45,39.76,
Plot Title: 5C3C,1605,5/2/26 02:00,39.76,
Plot Title: 5C3C,1606,5/2/26 02:15,39.573,
Plot Title: 5C3C,1607,5/2/26 02:30,39.384,
Plot Title: 5C3C,1608,5/2/26 02:45,39.196,
Plot Title: 5C3C,1609,5/2/26 03:00,39.007,
Plot Title: 5C3C,1610,5/2/26 03:15,39.007,
Plot Title: 5C3C,1611,5/2/26 03:30,38.818,
Plot Title: 5C3C,1612,5/2/26 03:45,38.818,
Plot Title: 5C3C,1613,5/2/26 04:00,38.629,
Plot Title: 5C3C,1614,5/2/26 04:15,38.629,
Plot Title: 5C3C,1615,5/2/26 04:30,38.629,
Plot Title: 5C3C,1616,5/2/26 04:45,38.44,
Plot Title: 5C3C,1617,5/2/26 05:00,38.44,
Plot Title: 5C3C,1618,5/2/26 05:15,38.25,
Plot Title: 5C3C,1619,5/2/26 05:30,38.25,
Plot Title: 5C3C,1620,5/2/26 05:45,38.061,
Plot Title: 5C3C,1621,5/2/26 06:00,38.061,
Plot Title: 5C3C,1622,5/2/26 06:15,37.87,
Plot Title: 5C3C,1623,5/2/26 06:30,37.679,
Plot Title: 5C3C,1624,5/2/26 06:45,37.87,
Plot Title: 5C3C,1625,5/2/26 07:00,37.87,
Plot Title: 5C3C,1626,5/2/26 07:15,38.25,
Plot Title: 5C3C,1627,5/2/26 07:30,39.196,
Plot Title: 5C3C,1628,5/2/26 07:45,40.321,
Plot Title: 5C3C,1629,5/2/26 08:00,41.439,
Plot Title: 5C3C,1630,5/2/26 08:15,41.439,
Plot Title: 5C3C,1631,5/2/26 08:30,44.922,
Plot Title: 5C3C,1632,5/2/26 08:45,43.831,
Plot Title: 5C3C,1633,5/2/26 09:00,44.195,
Plot Title: 5C3C,1634,5/2/26 09:15,44.56,
Plot Title: 5C3C,1635,5/2/26 09:30,45.286,
Plot Title: 5C3C,1636,5/2/26 09:45,46.548,
Plot Title: 5C3C,1637,5/2/26 10:00,52.401,
Plot Title: 5C3C,1638,5/2/26 10:15,62.769,
Plot Title: 5C3C,1639,5/2/26 10:30,68.248,
Plot Title: 5C3C,1640,5/2/26 10:45,72.545,
Plot Title: 5C3C,1641,5/2/26 11:00,75.484,
Plot Title: 5C3C,1642,5/2/26 11:15,77.749,
Plot Title: 5C3C,1643,5/2/26 11:30,79.678,
Plot Title: 5C3C,1644,5/2/26 11:45,77.225,
Plot Title: 5C3C,1645,5/2/26 12:00,72.891,
Plot Title: 5C3C,1646,5/2/26 12:15,68.248,
Plot Title: 5C3C,1647,5/2/26 12:30,64.481,
Plot Title: 5C3C,1648,5/2/26 12:45,68.763,
Plot Title: 5C3C,1649,5/2/26 13:00,67.392,
Plot Title: 5C3C,1650,5/2/26 13:15,66.879,
Plot Title: 5C3C,1651,5/2/26 13:30,64.481,
Plot Title: 5C3C,1652,5/2/26 13:45,62.769,
Plot Title: 5C3C,1653,5/2/26 14:00,61.569,
Plot Title: 5C3C,1654,5/2/26 14:15,61.398,
Plot Title: 5C3C,1655,5/2/26 14:30,60.368,
Plot Title: 5C3C,1656,5/2/26 14:45,62.254,
Plot Title: 5C3C,1657,5/2/26 15:00,62.425,
Plot Title: 5C3C,1658,5/2/26 15:15,60.368,
Plot Title: 5C3C,1659,5/2/26 15:30,59.68,
Plot Title: 5C3C,1660,5/2/26 15:45,59.337,
Plot Title: 5C3C,1661,5/2/26 16:00,58.82,
Plot Title: 5C3C,1662,5/2/26 16:15,58.303,
Plot Title: 5C3C,1663,5/2/26 16:30,57.958,
Plot Title: 5C3C,1664,5/2/26 16:45,57.268,
Plot Title: 5C3C,1665,5/2/26 17:00,56.577,
Plot Title: 5C3C,1666,5/2/26 17:15,56.057,
Plot Title: 5C3C,1667,5/2/26 17:30,55.884,
Plot Title: 5C3C,1668,5/2/26 17:45,55.884,
Plot Title: 5C3C,1669,5/2/26 18:00,55.189,
Plot Title: 5C3C,1670,5/2/26 18:15,54.669,
Plot Title: 5C3C,1671,5/2/26 18:30,53.623,
Plot Title: 5C3C,1672,5/2/26 18:45,53.1,
Plot Title: 5C3C,1673,5/2/26 19:00,52.75,
Plot Title: 5C3C,1674,5/2/26 19:15,52.401,
Plot Title: 5C3C,1675,5/2/26 19:30,52.05,
Plot Title: 5C3C,1676,5/2/26 19:45,51.523,
Plot Title: 5C3C,1677,5/2/26 20:00,50.995,
Plot Title: 5C3C,1678,5/2/26 20:15,50.29,
Plot Title: 5C3C,1679,5/2/26 20:30,49.582,
Plot Title: 5C3C,1680,5/2/26 20:45,49.228,
Plot Title: 5C3C,1681,5/2/26 21:00,48.695,
Plot Title: 5C3C,1682,5/2/26 21:15,48.16,
Plot Title: 5C3C,1683,5/2/26 21:30,47.624,
Plot Title: 5C3C,1684,5/2/26 21:45,47.088,
Plot Title: 5C3C,1685,5/2/26 22:00,46.728,
Plot Title: 5C3C,1686,5/2/26 22:15,46.369,
Plot Title: 5C3C,1687,5/2/26 22:30,46.008,
Plot Title: 5C3C,1688,5/2/26 22:45,45.648,
Plot Title: 5C3C,1689,5/2/26 23:00,45.466,
Plot Title: 5C3C,1690,5/2/26 23:15,45.104,
Plot Title: 5C3C,1691,5/2/26 23:30,44.742,
Plot Title: 5C3C,1692,5/2/26 23:45,44.56,
Plot Title: 5C3C,1693,5/3/26 00:00,44.195,
Plot Title: 5C3C,1694,5/3/26 00:15,44.013,
Plot Title: 5C3C,1695,5/3/26 00:30,43.648,
Plot Title: 5C3C,1696,5/3/26 00:45,43.466,
Plot Title: 5C3C,1697,5/3/26 01:00,43.466,
Plot Title: 5C3C,1698,5/3/26 01:15,43.099,
Plot Title: 5C3C,1699,5/3/26 01:30,42.915,
Plot Title: 5C3C,1700,5/3/26 01:45,42.732,
Plot Title: 5C3C,1701,5/3/26 02:00,42.548,
Plot Title: 5C3C,1702,5/3/26 02:15,42.363,
Plot Title: 5C3C,1703,5/3/26 02:30,42.179,
Plot Title: 5C3C,1704,5/3/26 02:45,41.994,
Plot Title: 5C3C,1705,5/3/26 03:00,41.994,
Plot Title: 5C3C,1706,5/3/26 03:15,41.994,
Plot Title: 5C3C,1707,5/3/26 03:30,41.81,
Plot Title: 5C3C,1708,5/3/26 03:45,41.625,
Plot Title: 5C3C,1709,5/3/26 04:00,41.439,
Plot Title: 5C3C,1710,5/3/26 04:15,41.439,
Plot Title: 5C3C,1711,5/3/26 04:30,41.254,
Plot Title: 5C3C,1712,5/3/26 04:45,41.067,
Plot Title: 5C3C,1713,5/3/26 05:00,40.881,
Plot Title: 5C3C,1714,5/3/26 05:15,40.696,
Plot Title: 5C3C,1715,5/3/26 05:30,40.696,
Plot Title: 5C3C,1716,5/3/26 05:45,40.509,
Plot Title: 5C3C,1717,5/3/26 06:00,40.509,
Plot Title: 5C3C,1718,5/3/26 06:15,40.321,
Plot Title: 5C3C,1719,5/3/26 06:30,40.321,
Plot Title: 5C3C,1720,5/3/26 06:45,40.321,
Plot Title: 5C3C,1721,5/3/26 07:00,40.321,
Plot Title: 5C3C,1722,5/3/26 07:15,40.509,
Plot Title: 5C3C,1723,5/3/26 07:30,41.439,
Plot Title: 5C3C,1724,5/3/26 07:45,42.548,
Plot Title: 5C3C,1725,5/3/26 08:00,42.732,
Plot Title: 5C3C,1726,5/3/26 08:15,43.648,
Plot Title: 5C3C,1727,5/3/26 08:30,47.088,
Plot Title: 5C3C,1728,5/3/26 08:45,46.008,
Plot Title: 5C3C,1729,5/3/26 09:00,45.828,
Plot Title: 5C3C,1730,5/3/26 09:15,45.828,
Plot Title: 5C3C,1731,5/3/26 09:30,46.908,
Plot Title: 5C3C,1732,5/3/26 09:45,48.339,
Plot Title: 5C3C,1733,5/3/26 10:00,52.576,
Plot Title: 5C3C,1734,5/3/26 10:15,64.139,
Plot Title: 5C3C,1735,5/3/26 10:30,70.995,
Plot Title: 5C3C,1736,5/3/26 10:45,76.006,
Plot Title: 5C3C,1737,5/3/26 11:00,79.326,
Plot Title: 5C3C,1738,5/3/26 11:15,81.975,
Plot Title: 5C3C,1739,5/3/26 11:30,84.295,
Plot Title: 5C3C,1740,5/3/26 11:45,81.442,
Plot Title: 5C3C,1741,5/3/26 12:00,78.274,
Plot Title: 5C3C,1742,5/3/26 12:15,72.718,
Plot Title: 5C3C,1743,5/3/26 12:30,67.392,
Plot Title: 5C3C,1744,5/3/26 12:45,72.891,
Plot Title: 5C3C,1745,5/3/26 13:00,74.098,
Plot Title: 5C3C,1746,5/3/26 13:15,71.339,
Plot Title: 5C3C,1747,5/3/26 13:30,66.879,
Plot Title: 5C3C,1748,5/3/26 13:45,63.455,
Plot Title: 5C3C,1749,5/3/26 14:00,61.569,
Plot Title: 5C3C,1750,5/3/26 14:15,60.539,
Plot Title: 5C3C,1751,5/3/26 14:30,59.851,
Plot Title: 5C3C,1752,5/3/26 14:45,65.68,
Plot Title: 5C3C,1753,5/3/26 15:00,66.366,
Plot Title: 5C3C,1754,5/3/26 15:15,62.254,
Plot Title: 5C3C,1755,5/3/26 15:30,60.712,
Plot Title: 5C3C,1756,5/3/26 15:45,62.425,
Plot Title: 5C3C,1757,5/3/26 16:00,60.368,
Plot Title: 5C3C,1758,5/3/26 16:15,58.993,
Plot Title: 5C3C,1759,5/3/26 16:30,58.476,
Plot Title: 5C3C,1760,5/3/26 16:45,57.441,
Plot Title: 5C3C,1761,5/3/26 17:00,56.75,
Plot Title: 5C3C,1762,5/3/26 17:15,56.23,
Plot Title: 5C3C,1763,5/3/26 17:30,55.711,
Plot Title: 5C3C,1764,5/3/26 17:45,55.364,
Plot Title: 5C3C,1765,5/3/26 18:00,54.669,
Plot Title: 5C3C,1766,5/3/26 18:15,53.973,
Plot Title: 5C3C,1767,5/3/26 18:30,53.449,
Plot Title: 5C3C,1768,5/3/26 18:45,52.75,
Plot Title: 5C3C,1769,5/3/26 19:00,52.225,
Plot Title: 5C3C,1770,5/3/26 19:15,51.874,
Plot Title: 5C3C,1771,5/3/26 19:30,51.699,
Plot Title: 5C3C,1772,5/3/26 19:45,51.346,
Plot Title: 5C3C,1773,5/3/26 20:00,50.819,
Plot Title: 5C3C,1774,5/3/26 20:15,50.466,
Plot Title: 5C3C,1775,5/3/26 20:30,50.29,
Plot Title: 5C3C,1776,5/3/26 20:45,50.113,
Plot Title: 5C3C,1777,5/3/26 21:00,49.937,
Plot Title: 5C3C,1778,5/3/26 21:15,49.228,
Plot Title: 5C3C,1779,5/3/26 21:30,48.871,
Plot Title: 5C3C,1780,5/3/26 21:45,48.339,
Plot Title: 5C3C,1781,5/3/26 22:00,47.982,
Plot Title: 5C3C,1782,5/3/26 22:15,47.446,
Plot Title: 5C3C,1783,5/3/26 22:30,47.088,
Plot Title: 5C3C,1784,5/3/26 22:45,46.908,
Plot Title: 5C3C,1785,5/3/26 23:00,46.728,
Plot Title: 5C3C,1786,5/3/26 23:15,46.908,
Plot Title: 5C3C,1787,5/3/26 23:30,46.908,
Plot Title: 5C3C,1788,5/3/26 23:45,46.908,
Plot Title: 5C3C,1789,5/4/26 00:00,46.728,
Plot Title: 5C3C,1790,5/4/26 00:15,46.369,
Plot Title: 5C3C,1791,5/4/26 00:30,45.828,
Plot Title: 5C3C,1792,5/4/26 00:45,45.466,
Plot Title: 5C3C,1793,5/4/26 01:00,45.104,
Plot Title: 5C3C,1794,5/4/26 01:15,44.922,
Plot Title: 5C3C,1795,5/4/26 01:30,44.56,
Plot Title: 5C3C,1796,5/4/26 01:45,44.379,
Plot Title: 5C3C,1797,5/4/26 02:00,44.195,
Plot Title: 5C3C,1798,5/4/26 02:15,43.831,
Plot Title: 5C3C,1799,5/4/26 02:30,43.831,
Plot Title: 5C3C,1800,5/4/26 02:45,43.648,
Plot Title: 5C3C,1801,5/4/26 03:00,43.466,
Plot Title: 5C3C,1802,5/4/26 03:15,43.282,
Plot Title: 5C3C,1803,5/4/26 03:30,43.282,
Plot Title: 5C3C,1804,5/4/26 03:45,43.099,
Plot Title: 5C3C,1805,5/4/26 04:00,43.099,
Plot Title: 5C3C,1806,5/4/26 04:15,43.099,
Plot Title: 5C3C,1807,5/4/26 04:30,43.099,
Plot Title: 5C3C,1808,5/4/26 04:45,43.282,
Plot Title: 5C3C,1809,5/4/26 05:00,43.282,
Plot Title: 5C3C,1810,5/4/26 05:15,42.915,
Plot Title: 5C3C,1811,5/4/26 05:30,42.548,
Plot Title: 5C3C,1812,5/4/26 05:45,42.363,
Plot Title: 5C3C,1813,5/4/26 06:00,42.179,
Plot Title: 5C3C,1814,5/4/26 06:15,41.81,
Plot Title: 5C3C,1815,5/4/26 06:30,41.625,
Plot Title: 5C3C,1816,5/4/26 06:45,41.625,
Plot Title: 5C3C,1817,5/4/26 07:00,41.439,
Plot Title: 5C3C,1818,5/4/26 07:15,41.81,
Plot Title: 5C3C,1819,5/4/26 07:30,42.548,
Plot Title: 5C3C,1820,5/4/26 07:45,43.282,
Plot Title: 5C3C,1821,5/4/26 08:00,43.831,
Plot Title: 5C3C,1822,5/4/26 08:15,45.104,
Plot Title: 5C3C,1823,5/4/26 08:30,47.266,
Plot Title: 5C3C,1824,5/4/26 08:45,46.548,
Plot Title: 5C3C,1825,5/4/26 09:00,46.548,
Plot Title: 5C3C,1826,5/4/26 09:15,46.548,
Plot Title: 5C3C,1827,5/4/26 09:30,47.802,
Plot Title: 5C3C,1828,5/4/26 09:45,49.759,
Plot Title: 5C3C,1829,5/4/26 10:00,53.798,
Plot Title: 5C3C,1830,5/4/26 10:15,63.455,
Plot Title: 5C3C,1831,5/4/26 10:30,69.793,
Plot Title: 5C3C,1832,5/4/26 10:45,73.407,
Plot Title: 5C3C,1833,5/4/26 11:00,75.312,
Plot Title: 5C3C,1834,5/4/26 11:15,77.05,
Plot Title: 5C3C,1835,5/4/26 11:30,78.274,
Plot Title: 5C3C,1836,5/4/26 11:45,74.271,
Plot Title: 5C3C,1837,5/4/26 12:00,70.308,
Plot Title: 5C3C,1838,5/4/26 12:15,66.708,
Plot Title: 5C3C,1839,5/4/26 12:30,64.31,
Plot Title: 5C3C,1840,5/4/26 12:45,69.793,
Plot Title: 5C3C,1841,5/4/26 13:00,70.308,
Plot Title: 5C3C,1842,5/4/26 13:15,69.449,
Plot Title: 5C3C,1843,5/4/26 13:30,66.366,
Plot Title: 5C3C,1844,5/4/26 13:45,63.455,
Plot Title: 5C3C,1845,5/4/26 14:00,61.398,
Plot Title: 5C3C,1846,5/4/26 14:15,60.368,
Plot Title: 5C3C,1847,5/4/26 14:30,59.164,
Plot Title: 5C3C,1848,5/4/26 14:45,59.68,
Plot Title: 5C3C,1849,5/4/26 15:00,58.303,
Plot Title: 5C3C,1850,5/4/26 15:15,57.958,
Plot Title: 5C3C,1851,5/4/26 15:30,58.993,
Plot Title: 5C3C,1852,5/4/26 15:45,58.476,
Plot Title: 5C3C,1853,5/4/26 16:00,57.785,
Plot Title: 5C3C,1854,5/4/26 16:15,57.614,
Plot Title: 5C3C,1855,5/4/26 16:30,56.75,
Plot Title: 5C3C,1856,5/4/26 16:45,55.884,
Plot Title: 5C3C,1857,5/4/26 17:00,55.537,
Plot Title: 5C3C,1858,5/4/26 17:15,55.189,
Plot Title: 5C3C,1859,5/4/26 17:30,54.147,
Plot Title: 5C3C,1860,5/4/26 17:45,53.1,
Plot Title: 5C3C,1861,5/4/26 18:00,52.225,
Plot Title: 5C3C,1862,5/4/26 18:15,51.346,
Plot Title: 5C3C,1863,5/4/26 18:30,50.643,
Plot Title: 5C3C,1864,5/4/26 18:45,50.113,
Plot Title: 5C3C,1865,5/4/26 19:00,49.759,
Plot Title: 5C3C,1866,5/4/26 19:15,49.228,
Plot Title: 5C3C,1867,5/4/26 19:30,48.517,
Plot Title: 5C3C,1868,5/4/26 19:45,47.982,
Plot Title: 5C3C,1869,5/4/26 20:00,47.446,
Plot Title: 5C3C,1870,5/4/26 20:15,47.088,
Plot Title: 5C3C,1871,5/4/26 20:30,46.728,
Plot Title: 5C3C,1872,5/4/26 20:45,46.548,
Plot Title: 5C3C,1873,5/4/26 21:00,46.188,
Plot Title: 5C3C,1874,5/4/26 21:15,46.008,
Plot Title: 5C3C,1875,5/4/26 21:30,45.648,
Plot Title: 5C3C,1876,5/4/26 21:45,45.466,
Plot Title: 5C3C,1877,5/4/26 22:00,45.286,
Plot Title: 5C3C,1878,5/4/26 22:15,45.104,
Plot Title: 5C3C,1879,5/4/26 22:30,44.922,
Plot Title: 5C3C,1880,5/4/26 22:45,44.742,
Plot Title: 5C3C,1881,5/4/26 23:00,44.56,
Plot Title: 5C3C,1882,5/4/26 23:15,44.379,
Plot Title: 5C3C,1883,5/4/26 23:30,44.195,
Plot Title: 5C3C,1884,5/4/26 23:45,44.013,
Plot Title: 5C3C,1885,5/5/26 00:00,43.831,
Plot Title: 5C3C,1886,5/5/26 00:15,43.648,
Plot Title: 5C3C,1887,5/5/26 00:30,43.466,
Plot Title: 5C3C,1888,5/5/26 00:45,43.282,
Plot Title: 5C3C,1889,5/5/26 01:00,43.099,
Plot Title: 5C3C,1890,5/5/26 01:15,42.915,
Plot Title: 5C3C,1891,5/5/26 01:30,42.548,
Plot Title: 5C3C,1892,5/5/26 01:45,41.994,
Plot Title: 5C3C,1893,5/5/26 02:00,41.254,
Plot Title: 5C3C,1894,5/5/26 02:15,40.696,
Plot Title: 5C3C,1895,5/5/26 02:30,40.321,
Plot Title: 5C3C,1896,5/5/26 02:45,39.947,
Plot Title: 5C3C,1897,5/5/26 03:00,39.573,
Plot Title: 5C3C,1898,5/5/26 03:15,39.384,
Plot Title: 5C3C,1899,5/5/26 03:30,39.007,
Plot Title: 5C3C,1900,5/5/26 03:45,38.818,
Plot Title: 5C3C,1901,5/5/26 04:00,38.629,
Plot Title: 5C3C,1902,5/5/26 04:15,38.44,
Plot Title: 5C3C,1903,5/5/26 04:30,38.25,
Plot Title: 5C3C,1904,5/5/26 04:45,38.061,
Plot Title: 5C3C,1905,5/5/26 05:00,37.87,
Plot Title: 5C3C,1906,5/5/26 05:15,37.679,
Plot Title: 5C3C,1907,5/5/26 05:30,37.488,
Plot Title: 5C3C,1908,5/5/26 05:45,37.297,
Plot Title: 5C3C,1909,5/5/26 06:00,37.107,
Plot Title: 5C3C,1910,5/5/26 06:15,36.914,
Plot Title: 5C3C,1911,5/5/26 06:30,37.297,
Plot Title: 5C3C,1912,5/5/26 06:45,37.488,
Plot Title: 5C3C,1913,5/5/26 07:00,37.87,
Plot Title: 5C3C,1914,5/5/26 07:15,38.44,
Plot Title: 5C3C,1915,5/5/26 07:30,39.007,
Plot Title: 5C3C,1916,5/5/26 07:45,39.384,
Plot Title: 5C3C,1917,5/5/26 08:00,39.76,
Plot Title: 5C3C,1918,5/5/26 08:15,41.81,
Plot Title: 5C3C,1919,5/5/26 08:30,43.099,
Plot Title: 5C3C,1920,5/5/26 08:45,43.099,
Plot Title: 5C3C,1921,5/5/26 09:00,43.099,
Plot Title: 5C3C,1922,5/5/26 09:15,43.466,
Plot Title: 5C3C,1923,5/5/26 09:30,44.195,
Plot Title: 5C3C,1924,5/5/26 09:45,45.466,
Plot Title: 5C3C,1925,5/5/26 10:00,50.29,
Plot Title: 5C3C,1926,5/5/26 10:15,56.75,
Plot Title: 5C3C,1927,5/5/26 10:30,63.968,
Plot Title: 5C3C,1928,5/5/26 10:45,68.421,
Plot Title: 5C3C,1929,5/5/26 11:00,69.449,
Plot Title: 5C3C,1930,5/5/26 11:15,69.964,
Plot Title: 5C3C,1931,5/5/26 11:30,69.449,
Plot Title: 5C3C,1932,5/5/26 11:45,68.421,
Plot Title: 5C3C,1933,5/5/26 12:00,64.825,
Plot Title: 5C3C,1934,5/5/26 12:15,62.425,
Plot Title: 5C3C,1935,5/5/26 12:30,61.227,
Plot Title: 5C3C,1936,5/5/26 12:45,63.455,
Plot Title: 5C3C,1937,5/5/26 13:00,62.94,
Plot Title: 5C3C,1938,5/5/26 13:15,58.647,
Plot Title: 5C3C,1939,5/5/26 13:30,56.75,
Plot Title: 5C3C,1940,5/5/26 13:45,56.057,
Plot Title: 5C3C,1941,5/5/26 14:00,55.884,
Plot Title: 5C3C,1942,5/5/26 14:15,55.537,
Plot Title: 5C3C,1943,5/5/26 14:30,55.884,
Plot Title: 5C3C,1944,5/5/26 14:45,54.147,
Plot Title: 5C3C,1945,5/5/26 15:00,53.274,
Plot Title: 5C3C,1946,5/5/26 15:15,52.75,
Plot Title: 5C3C,1947,5/5/26 15:30,51.874,
Plot Title: 5C3C,1948,5/5/26 15:45,52.225,
Plot Title: 5C3C,1949,5/5/26 16:00,52.05,
Plot Title: 5C3C,1950,5/5/26 16:15,51.172,
Plot Title: 5C3C,1951,5/5/26 16:30,50.29,
Plot Title: 5C3C,1952,5/5/26 16:45,49.937,
Plot Title: 5C3C,1953,5/5/26 17:00,49.759,
Plot Title: 5C3C,1954,5/5/26 17:15,49.582,
Plot Title: 5C3C,1955,5/5/26 17:30,49.05,
Plot Title: 5C3C,1956,5/5/26 17:45,48.16,
Plot Title: 5C3C,1957,5/5/26 18:00,46.188,
Plot Title: 5C3C,1958,5/5/26 18:15,45.466,
Plot Title: 5C3C,1959,5/5/26 18:30,45.286,
Plot Title: 5C3C,1960,5/5/26 18:45,44.742,
Plot Title: 5C3C,1961,5/5/26 19:00,44.195,
Plot Title: 5C3C,1962,5/5/26 19:15,43.466,
Plot Title: 5C3C,1963,5/5/26 19:30,42.548,
Plot Title: 5C3C,1964,5/5/26 19:45,42.363,
Plot Title: 5C3C,1965,5/5/26 20:00,42.179,
Plot Title: 5C3C,1966,5/5/26 20:15,41.81,
Plot Title: 5C3C,1967,5/5/26 20:30,41.439,
Plot Title: 5C3C,1968,5/5/26 20:45,41.067,
Plot Title: 5C3C,1969,5/5/26 21:00,40.509,
Plot Title: 5C3C,1970,5/5/26 21:15,40.321,
Plot Title: 5C3C,1971,5/5/26 21:30,39.947,
Plot Title: 5C3C,1972,5/5/26 21:45,39.573,
Plot Title: 5C3C,1973,5/5/26 22:00,39.196,
Plot Title: 5C3C,1974,5/5/26 22:15,38.818,
Plot Title: 5C3C,1975,5/5/26 22:30,38.629,
Plot Title: 5C3C,1976,5/5/26 22:45,38.44,
Plot Title: 5C3C,1977,5/5/26 23:00,38.061,
Plot Title: 5C3C,1978,5/5/26 23:15,37.87,
Plot Title: 5C3C,1979,5/5/26 23:30,37.488,
Plot Title: 5C3C,1980,5/5/26 23:45,37.297,
Plot Title: 5C3C,1981,5/6/26 00:00,36.914,
Plot Title: 5C3C,1982,5/6/26 00:15,36.723,
Plot Title: 5C3C,1983,5/6/26 00:30,36.531,
Plot Title: 5C3C,1984,5/6/26 00:45,36.338,
Plot Title: 5C3C,1985,5/6/26 01:00,36.145,
Plot Title: 5C3C,1986,5/6/26 01:15,35.951,
Plot Title: 5C3C,1987,5/6/26 01:30,35.758,
Plot Title: 5C3C,1988,5/6/26 01:45,35.564,
Plot Title: 5C3C,1989,5/6/26 02:00,35.175,
Plot Title: 5C3C,1990,5/6/26 02:15,34.981,
Plot Title: 5C3C,1991,5/6/26 02:30,34.786,
Plot Title: 5C3C,1992,5/6/26 02:45,34.59,
Plot Title: 5C3C,1993,5/6/26 03:00,34.394,
Plot Title: 5C3C,1994,5/6/26 03:15,34.198,
Plot Title: 5C3C,1995,5/6/26 03:30,34.002,
Plot Title: 5C3C,1996,5/6/26 03:45,34.002,
Plot Title: 5C3C,1997,5/6/26 04:00,33.805,
Plot Title: 5C3C,1998,5/6/26 04:15,33.607,
Plot Title: 5C3C,1999,5/6/26 04:30,33.607,
Plot Title: 5C3C,2000,5/6/26 04:45,33.411,
Plot Title: 5C3C,2001,5/6/26 05:00,33.411,
Plot Title: 5C3C,2002,5/6/26 05:15,33.213,
Plot Title: 5C3C,2003,5/6/26 05:30,33.213,
Plot Title: 5C3C,2004,5/6/26 05:45,33.013,
Plot Title: 5C3C,2005,5/6/26 06:00,32.815,
Plot Title: 5C3C,2006,5/6/26 06:15,32.815,
Plot Title: 5C3C,2007,5/6/26 06:30,32.815,
Plot Title: 5C3C,2008,5/6/26 06:45,32.815,
Plot Title: 5C3C,2009,5/6/26 07:00,32.815,
Plot Title: 5C3C,2010,5/6/26 07:15,33.013,
Plot Title: 5C3C,2011,5/6/26 07:30,33.213,
Plot Title: 5C3C,2012,5/6/26 07:45,33.411,
Plot Title: 5C3C,2013,5/6/26 08:00,34.002,
Plot Title: 5C3C,2014,5/6/26 08:15,35.758,
Plot Title: 5C3C,2015,5/6/26 08:30,38.629,
Plot Title: 5C3C,2016,5/6/26 08:45,38.25,
Plot Title: 5C3C,2017,5/6/26 09:00,38.629,
Plot Title: 5C3C,2018,5/6/26 09:15,38.629,
Plot Title: 5C3C,2019,5/6/26 09:30,38.25,
Plot Title: 5C3C,2020,5/6/26 09:45,39.007,
Plot Title: 5C3C,2021,5/6/26 10:00,46.908,
Plot Title: 5C3C,2022,5/6/26 10:15,58.476,
Plot Title: 5C3C,2023,5/6/26 10:30,65.509,
Plot Title: 5C3C,2024,5/6/26 10:45,70.651,
Plot Title: 5C3C,2025,5/6/26 11:00,74.791,
Plot Title: 5C3C,2026,5/6/26 11:15,78.624,
Plot Title: 5C3C,2027,5/6/26 11:30,81.442,
Plot Title: 5C3C,2028,5/6/26 11:45,79.853,
Plot Title: 5C3C,2029,5/6/26 12:00,76.703,
Plot Title: 5C3C,2030,5/6/26 12:15,69.449,
Plot Title: 5C3C,2031,5/6/26 12:30,63.455,
Plot Title: 5C3C,2032,5/6/26 12:45,69.793,
Plot Title: 5C3C,2033,5/6/26 13:00,71.168,
Plot Title: 5C3C,2034,5/6/26 13:15,68.421,
Plot Title: 5C3C,2035,5/6/26 13:30,63.626,
Plot Title: 5C3C,2036,5/6/26 13:45,60.195,
Plot Title: 5C3C,2037,5/6/26 14:00,58.303,
Plot Title: 5C3C,2038,5/6/26 14:15,57.441,
Plot Title: 5C3C,2039,5/6/26 14:30,58.303,
Plot Title: 5C3C,2040,5/6/26 14:45,62.598,
Plot Title: 5C3C,2041,5/6/26 15:00,62.254,
Plot Title: 5C3C,2042,5/6/26 15:15,59.68,
Plot Title: 5C3C,2043,5/6/26 15:30,58.303,
Plot Title: 5C3C,2044,5/6/26 15:45,57.096,
Plot Title: 5C3C,2045,5/6/26 16:00,56.577,
Plot Title: 5C3C,2046,5/6/26 16:15,56.057,
Plot Title: 5C3C,2047,5/6/26 16:30,55.884,
Plot Title: 5C3C,2048,5/6/26 16:45,56.057,
Plot Title: 5C3C,2049,5/6/26 17:00,55.711,
Plot Title: 5C3C,2050,5/6/26 17:15,55.537,
Plot Title: 5C3C,2051,5/6/26 17:30,55.189,
Plot Title: 5C3C,2052,5/6/26 17:45,54.322,
Plot Title: 5C3C,2053,5/6/26 18:00,53.973,
Plot Title: 5C3C,2054,5/6/26 18:15,53.798,
Plot Title: 5C3C,2055,5/6/26 18:30,53.274,
Plot Title: 5C3C,2056,5/6/26 18:45,52.925,
Plot Title: 5C3C,2057,5/6/26 19:00,52.576,
Plot Title: 5C3C,2058,5/6/26 19:15,52.05,
Plot Title: 5C3C,2059,5/6/26 19:30,51.699,
Plot Title: 5C3C,2060,5/6/26 19:45,51.346,
Plot Title: 5C3C,2061,5/6/26 20:00,50.995,
Plot Title: 5C3C,2062,5/6/26 20:15,50.643,
Plot Title: 5C3C,2063,5/6/26 20:30,50.29,
Plot Title: 5C3C,2064,5/6/26 20:45,50.113,
Plot Title: 5C3C,2065,5/6/26 21:00,49.759,
Plot Title: 5C3C,2066,5/6/26 21:15,49.582,
Plot Title: 5C3C,2067,5/6/26 21:30,49.404,
Plot Title: 5C3C,2068,5/6/26 21:45,49.404,
Plot Title: 5C3C,2069,5/6/26 22:00,49.404,
Plot Title: 5C3C,2070,5/6/26 22:15,49.228,
Plot Title: 5C3C,2071,5/6/26 22:30,48.695,
Plot Title: 5C3C,2072,5/6/26 22:45,48.339,
Plot Title: 5C3C,2073,5/6/26 23:00,47.982,
Plot Title: 5C3C,2074,5/6/26 23:15,47.446,
Plot Title: 5C3C,2075,5/6/26 23:30,47.088,
Plot Title: 5C3C,2076,5/6/26 23:45,46.728,
Plot Title: 5C3C,2077,5/7/26 00:00,46.369,
Plot Title: 5C3C,2078,5/7/26 00:15,46.188,
Plot Title: 5C3C,2079,5/7/26 00:30,46.008,
Plot Title: 5C3C,2080,5/7/26 00:45,45.828,
Plot Title: 5C3C,2081,5/7/26 01:00,45.828,
Plot Title: 5C3C,2082,5/7/26 01:15,45.648,
Plot Title: 5C3C,2083,5/7/26 01:30,45.466,
Plot Title: 5C3C,2084,5/7/26 01:45,45.286,
Plot Title: 5C3C,2085,5/7/26 02:00,45.286,
Plot Title: 5C3C,2086,5/7/26 02:15,45.286,
Plot Title: 5C3C,2087,5/7/26 02:30,45.104,
Plot Title: 5C3C,2088,5/7/26 02:45,45.104,
Plot Title: 5C3C,2089,5/7/26 03:00,45.104,
Plot Title: 5C3C,2090,5/7/26 03:15,45.104,
Plot Title: 5C3C,2091,5/7/26 03:30,44.742,
Plot Title: 5C3C,2092,5/7/26 03:45,44.379,
Plot Title: 5C3C,2093,5/7/26 04:00,44.013,
Plot Title: 5C3C,2094,5/7/26 04:15,43.648,
Plot Title: 5C3C,2095,5/7/26 04:30,43.648,
Plot Title: 5C3C,2096,5/7/26 04:45,43.466,
Plot Title: 5C3C,2097,5/7/26 05:00,43.282,
Plot Title: 5C3C,2098,5/7/26 05:15,43.282,
Plot Title: 5C3C,2099,5/7/26 05:30,43.099,
Plot Title: 5C3C,2100,5/7/26 05:45,43.099,
Plot Title: 5C3C,2101,5/7/26 06:00,43.099,
Plot Title: 5C3C,2102,5/7/26 06:15,43.282,
Plot Title: 5C3C,2103,5/7/26 06:30,43.466,
Plot Title: 5C3C,2104,5/7/26 06:45,43.466,
Plot Title: 5C3C,2105,5/7/26 07:00,43.282,
Plot Title: 5C3C,2106,5/7/26 07:15,43.466,
Plot Title: 5C3C,2107,5/7/26 07:30,44.013,
Plot Title: 5C3C,2108,5/7/26 07:45,44.379,
Plot Title: 5C3C,2109,5/7/26 08:00,44.922,
Plot Title: 5C3C,2110,5/7/26 08:15,46.908,
Plot Title: 5C3C,2111,5/7/26 08:30,48.16,
Plot Title: 5C3C,2112,5/7/26 08:45,47.802,
Plot Title: 5C3C,2113,5/7/26 09:00,48.339,
Plot Title: 5C3C,2114,5/7/26 09:15,49.582,
Plot Title: 5C3C,2115,5/7/26 09:30,50.819,
Plot Title: 5C3C,2116,5/7/26 09:45,52.225,
Plot Title: 5C3C,2117,5/7/26 10:00,57.441,
Plot Title: 5C3C,2118,5/7/26 10:15,61.054,
Plot Title: 5C3C,2119,5/7/26 10:30,66.879,
Plot Title: 5C3C,2120,5/7/26 10:45,67.906,
Plot Title: 5C3C,2121,5/7/26 11:00,66.879,
Plot Title: 5C3C,2122,5/7/26 11:15,72.372,
Plot Title: 5C3C,2123,5/7/26 11:30,69.622,
Plot Title: 5C3C,2124,5/7/26 11:45,68.934,
Plot Title: 5C3C,2125,5/7/26 12:00,70.308,
Plot Title: 5C3C,2126,5/7/26 12:15,67.564,
Plot Title: 5C3C,2127,5/7/26 12:30,65.68,
Plot Title: 5C3C,2128,5/7/26 12:45,66.366,
Plot Title: 5C3C,2129,5/7/26 13:00,64.825,
Plot Title: 5C3C,2130,5/7/26 13:15,63.111,
Plot Title: 5C3C,2131,5/7/26 13:30,61.569,
Plot Title: 5C3C,2132,5/7/26 13:45,60.024,
Plot Title: 5C3C,2133,5/7/26 14:00,58.993,
Plot Title: 5C3C,2134,5/7/26 14:15,60.024,
Plot Title: 5C3C,2135,5/7/26 14:30,60.024,
Plot Title: 5C3C,2136,5/7/26 14:45,60.883,
Plot Title: 5C3C,2137,5/7/26 15:00,59.68,
Plot Title: 5C3C,2138,5/7/26 15:15,59.68,
Plot Title: 5C3C,2139,5/7/26 15:30,59.337,
Plot Title: 5C3C,2140,5/7/26 15:45,58.993,
Plot Title: 5C3C,2141,5/7/26 16:00,58.131,
Plot Title: 5C3C,2142,5/7/26 16:15,57.958,
Plot Title: 5C3C,2143,5/7/26 16:30,57.614,
Plot Title: 5C3C,2144,5/7/26 16:45,57.268,
Plot Title: 5C3C,2145,5/7/26 17:00,56.923,
Plot Title: 5C3C,2146,5/7/26 17:15,56.404,
Plot Title: 5C3C,2147,5/7/26 17:30,56.057,
Plot Title: 5C3C,2148,5/7/26 17:45,56.23,
Plot Title: 5C3C,2149,5/7/26 18:00,55.711,
Plot Title: 5C3C,2150,5/7/26 18:15,54.842,
Plot Title: 5C3C,2151,5/7/26 18:30,54.322,
Plot Title: 5C3C,2152,5/7/26 18:45,53.973,
Plot Title: 5C3C,2153,5/7/26 19:00,53.449,
Plot Title: 5C3C,2154,5/7/26 19:15,53.1,
Plot Title: 5C3C,2155,5/7/26 19:30,52.576,
Plot Title: 5C3C,2156,5/7/26 19:45,52.225,
Plot Title: 5C3C,2157,5/7/26 20:00,51.699,
Plot Title: 5C3C,2158,5/7/26 20:15,51.172,
Plot Title: 5C3C,2159,5/7/26 20:30,50.819,
Plot Title: 5C3C,2160,5/7/26 20:45,50.29,
Plot Title: 5C3C,2161,5/7/26 21:00,49.404,
Plot Title: 5C3C,2162,5/7/26 21:15,48.871,
Plot Title: 5C3C,2163,5/7/26 21:30,48.339,
Plot Title: 5C3C,2164,5/7/26 21:45,47.802,
Plot Title: 5C3C,2165,5/7/26 22:00,47.446,
Plot Title: 5C3C,2166,5/7/26 22:15,47.088,
Plot Title: 5C3C,2167,5/7/26 22:30,46.548,
Plot Title: 5C3C,2168,5/7/26 22:45,46.188,
Plot Title: 5C3C,2169,5/7/26 23:00,45.828,
Plot Title: 5C3C,2170,5/7/26 23:15,45.648,
Plot Title: 5C3C,2171,5/7/26 23:30,45.466,
Plot Title: 5C3C,2172,5/7/26 23:45,45.104,
Plot Title: 5C3C,2173,5/8/26 00:00,44.922,
Plot Title: 5C3C,2174,5/8/26 00:15,44.742,
Plot Title: 5C3C,2175,5/8/26 00:30,44.56,
Plot Title: 5C3C,2176,5/8/26 00:45,44.379,
Plot Title: 5C3C,2177,5/8/26 01:00,44.195,
Plot Title: 5C3C,2178,5/8/26 01:15,44.013,
Plot Title: 5C3C,2179,5/8/26 01:30,43.831,
Plot Title: 5C3C,2180,5/8/26 01:45,43.648,
Plot Title: 5C3C,2181,5/8/26 02:00,43.648,
Plot Title: 5C3C,2182,5/8/26 02:15,43.466,
Plot Title: 5C3C,2183,5/8/26 02:30,43.466,
Plot Title: 5C3C,2184,5/8/26 02:45,43.466,
Plot Title: 5C3C,2185,5/8/26 03:00,43.466,
Plot Title: 5C3C,2186,5/8/26 03:15,43.466,
Plot Title: 5C3C,2187,5/8/26 03:30,43.466,
Plot Title: 5C3C,2188,5/8/26 03:45,43.282,
Plot Title: 5C3C,2189,5/8/26 04:00,43.282,
Plot Title: 5C3C,2190,5/8/26 04:15,43.099,
Plot Title: 5C3C,2191,5/8/26 04:30,43.099,
Plot Title: 5C3C,2192,5/8/26 04:45,42.915,
Plot Title: 5C3C,2193,5/8/26 05:00,42.732,
Plot Title: 5C3C,2194,5/8/26 05:15,42.732,
Plot Title: 5C3C,2195,5/8/26 05:30,42.548,
Plot Title: 5C3C,2196,5/8/26 05:45,42.179,
Plot Title: 5C3C,2197,5/8/26 06:00,41.994,
Plot Title: 5C3C,2198,5/8/26 06:15,41.994,
Plot Title: 5C3C,2199,5/8/26 06:30,41.994,
Plot Title: 5C3C,2200,5/8/26 06:45,41.994,
Plot Title: 5C3C,2201,5/8/26 07:00,42.363,
Plot Title: 5C3C,2202,5/8/26 07:15,42.548,
Plot Title: 5C3C,2203,5/8/26 07:30,43.099,
Plot Title: 5C3C,2204,5/8/26 07:45,43.648,
Plot Title: 5C3C,2205,5/8/26 08:00,44.742,
Plot Title: 5C3C,2206,5/8/26 08:15,48.517,
Plot Title: 5C3C,2207,5/8/26 08:30,49.228,
Plot Title: 5C3C,2208,5/8/26 08:45,48.517,
Plot Title: 5C3C,2209,5/8/26 09:00,48.339,
Plot Title: 5C3C,2210,5/8/26 09:15,48.16,
Plot Title: 5C3C,2211,5/8/26 09:30,48.695,
Plot Title: 5C3C,2212,5/8/26 09:45,50.466,
Plot Title: 5C3C,2213,5/8/26 10:00,58.131,
Plot Title: 5C3C,2214,5/8/26 10:15,69.107,
Plot Title: 5C3C,2215,5/8/26 10:30,76.703,
Plot Title: 5C3C,2216,5/8/26 10:45,81.266,
Plot Title: 5C3C,2217,5/8/26 11:00,82.152,
Plot Title: 5C3C,2218,5/8/26 11:15,81.266,
Plot Title: 5C3C,2219,5/8/26 11:30,83.579,
Plot Title: 5C3C,2220,5/8/26 11:45,84.295,
Plot Title: 5C3C,2221,5/8/26 12:00,80.735,
Plot Title: 5C3C,2222,5/8/26 12:15,76.181,
Plot Title: 5C3C,2223,5/8/26 12:30,71.512,
Plot Title: 5C3C,2224,5/8/26 12:45,74.098,
Plot Title: 5C3C,2225,5/8/26 13:00,74.446,
Plot Title: 5C3C,2226,5/8/26 13:15,72.891,
Plot Title: 5C3C,2227,5/8/26 13:30,69.107,
Plot Title: 5C3C,2228,5/8/26 13:45,67.221,
Plot Title: 5C3C,2229,5/8/26 14:00,66.537,
Plot Title: 5C3C,2230,5/8/26 14:15,67.05,
Plot Title: 5C3C,2231,5/8/26 14:30,67.05,
Plot Title: 5C3C,2232,5/8/26 14:45,66.879,
Plot Title: 5C3C,2233,5/8/26 15:00,65.851,
Plot Title: 5C3C,2234,5/8/26 15:15,64.825,
Plot Title: 5C3C,2235,5/8/26 15:30,64.139,
Plot Title: 5C3C,2236,5/8/26 15:45,63.797,
Plot Title: 5C3C,2237,5/8/26 16:00,63.626,
Plot Title: 5C3C,2238,5/8/26 16:15,63.111,
Plot Title: 5C3C,2239,5/8/26 16:30,63.111,
Plot Title: 5C3C,2240,5/8/26 16:45,63.282,
Plot Title: 5C3C,2241,5/8/26 17:00,62.94,
Plot Title: 5C3C,2242,5/8/26 17:15,62.254,
Plot Title: 5C3C,2243,5/8/26 17:30,61.912,
Plot Title: 5C3C,2244,5/8/26 17:45,61.398,
Plot Title: 5C3C,2245,5/8/26 18:00,60.712,
Plot Title: 5C3C,2246,5/8/26 18:15,60.195,
Plot Title: 5C3C,2247,5/8/26 18:30,59.164,
Plot Title: 5C3C,2248,5/8/26 18:45,58.131,
Plot Title: 5C3C,2249,5/8/26 19:00,57.441,
Plot Title: 5C3C,2250,5/8/26 19:15,56.75,
Plot Title: 5C3C,2251,5/8/26 19:30,56.057,
Plot Title: 5C3C,2252,5/8/26 19:45,55.537,
Plot Title: 5C3C,2253,5/8/26 20:00,55.189,
Plot Title: 5C3C,2254,5/8/26 20:15,54.669,
Plot Title: 5C3C,2255,5/8/26 20:30,54.147,
Plot Title: 5C3C,2256,5/8/26 20:45,53.798,
Plot Title: 5C3C,2257,5/8/26 21:00,53.274,
Plot Title: 5C3C,2258,5/8/26 21:15,52.925,
Plot Title: 5C3C,2259,5/8/26 21:30,52.576,
Plot Title: 5C3C,2260,5/8/26 21:45,52.225,
Plot Title: 5C3C,2261,5/8/26 22:00,52.05,
Plot Title: 5C3C,2262,5/8/26 22:15,51.699,
Plot Title: 5C3C,2263,5/8/26 22:30,51.699,
Plot Title: 5C3C,2264,5/8/26 22:45,51.346,
Plot Title: 5C3C,2265,5/8/26 23:00,50.643,
Plot Title: 5C3C,2266,5/8/26 23:15,50.113,
Plot Title: 5C3C,2267,5/8/26 23:30,49.582,
Plot Title: 5C3C,2268,5/8/26 23:45,49.404,
Plot Title: 5C3C,2269,5/9/26 00:00,49.228,
Plot Title: 5C3C,2270,5/9/26 00:15,49.05,
Plot Title: 5C3C,2271,5/9/26 00:30,48.871,
Plot Title: 5C3C,2272,5/9/26 00:45,48.517,
Plot Title: 5C3C,2273,5/9/26 01:00,48.339,
Plot Title: 5C3C,2274,5/9/26 01:15,48.16,
Plot Title: 5C3C,2275,5/9/26 01:30,47.802,
Plot Title: 5C3C,2276,5/9/26 01:45,47.446,
Plot Title: 5C3C,2277,5/9/26 02:00,47.266,
Plot Title: 5C3C,2278,5/9/26 02:15,47.088,
Plot Title: 5C3C,2279,5/9/26 02:30,47.088,
Plot Title: 5C3C,2280,5/9/26 02:45,46.908,
Plot Title: 5C3C,2281,5/9/26 03:00,46.548,
Plot Title: 5C3C,2282,5/9/26 03:15,46.008,
Plot Title: 5C3C,2283,5/9/26 03:30,45.648,
Plot Title: 5C3C,2284,5/9/26 03:45,45.104,
Plot Title: 5C3C,2285,5/9/26 04:00,44.742,
Plot Title: 5C3C,2286,5/9/26 04:15,44.56,
Plot Title: 5C3C,2287,5/9/26 04:30,44.195,
Plot Title: 5C3C,2288,5/9/26 04:45,44.013,
Plot Title: 5C3C,2289,5/9/26 05:00,44.013,
Plot Title: 5C3C,2290,5/9/26 05:15,44.013,
Plot Title: 5C3C,2291,5/9/26 05:30,43.831,
Plot Title: 5C3C,2292,5/9/26 05:45,43.831,
Plot Title: 5C3C,2293,5/9/26 06:00,44.013,
Plot Title: 5C3C,2294,5/9/26 06:15,44.013,
Plot Title: 5C3C,2295,5/9/26 06:30,44.379,
Plot Title: 5C3C,2296,5/9/26 06:45,44.742,
Plot Title: 5C3C,2297,5/9/26 07:00,45.286,
Plot Title: 5C3C,2298,5/9/26 07:15,45.648,
Plot Title: 5C3C,2299,5/9/26 07:30,46.188,
Plot Title: 5C3C,2300,5/9/26 07:45,46.908,
Plot Title: 5C3C,2301,5/9/26 08:00,48.16,
Plot Title: 5C3C,2302,5/9/26 08:15,51.523,
Plot Title: 5C3C,2303,5/9/26 08:30,49.759,
Plot Title: 5C3C,2304,5/9/26 08:45,49.05,
Plot Title: 5C3C,2305,5/9/26 09:00,49.228,
Plot Title: 5C3C,2306,5/9/26 09:15,49.759,
Plot Title: 5C3C,2307,5/9/26 09:30,50.643,
Plot Title: 5C3C,2308,5/9/26 09:45,52.225,
Plot Title: 5C3C,2309,5/9/26 10:00,54.322,
Plot Title: 5C3C,2310,5/9/26 10:15,63.968,
Plot Title: 5C3C,2311,5/9/26 10:30,70.995,
Plot Title: 5C3C,2312,5/9/26 10:45,71.339,
Plot Title: 5C3C,2313,5/9/26 11:00,81.442,
Plot Title: 5C3C,2314,5/9/26 11:15,88.099,
Plot Title: 5C3C,2315,5/9/26 11:30,89.384,
Plot Title: 5C3C,2316,5/9/26 11:45,88.282,
Plot Title: 5C3C,2317,5/9/26 12:00,85.554,
Plot Title: 5C3C,2318,5/9/26 12:15,80.911,
Plot Title: 5C3C,2319,5/9/26 12:30,74.271,
Plot Title: 5C3C,2320,5/9/26 12:45,76.703,
Plot Title: 5C3C,2321,5/9/26 13:00,76.703,
Plot Title: 5C3C,2322,5/9/26 13:15,74.619,
Plot Title: 5C3C,2323,5/9/26 13:30,71.512,
Plot Title: 5C3C,2324,5/9/26 13:45,68.763,
Plot Title: 5C3C,2325,5/9/26 14:00,67.221,
Plot Title: 5C3C,2326,5/9/26 14:15,65.68,
Plot Title: 5C3C,2327,5/9/26 14:30,66.193,
Plot Title: 5C3C,2328,5/9/26 14:45,65.338,
Plot Title: 5C3C,2329,5/9/26 15:00,65.338,
Plot Title: 5C3C,2330,5/9/26 15:15,64.825,
Plot Title: 5C3C,2331,5/9/26 15:30,64.481,
Plot Title: 5C3C,2332,5/9/26 15:45,63.797,
Plot Title: 5C3C,2333,5/9/26 16:00,62.94,
Plot Title: 5C3C,2334,5/9/26 16:15,61.569,
Plot Title: 5C3C,2335,5/9/26 16:30,60.883,
Plot Title: 5C3C,2336,5/9/26 16:45,59.68,
Plot Title: 5C3C,2337,5/9/26 17:00,58.303,
Plot Title: 5C3C,2338,5/9/26 17:15,57.268,
Plot Title: 5C3C,2339,5/9/26 17:30,56.75,
Plot Title: 5C3C,2340,5/9/26 17:45,56.75,
Plot Title: 5C3C,2341,5/9/26 18:00,56.057,
Plot Title: 5C3C,2342,5/9/26 18:15,55.189,
Plot Title: 5C3C,2343,5/9/26 18:30,54.495,
Plot Title: 5C3C,2344,5/9/26 18:45,53.973,
Plot Title: 5C3C,2345,5/9/26 19:00,53.623,
Plot Title: 5C3C,2346,5/9/26 19:15,52.925,
Plot Title: 5C3C,2347,5/9/26 19:30,52.225,
Plot Title: 5C3C,2348,5/9/26 19:45,51.699,
Plot Title: 5C3C,2349,5/9/26 20:00,51.172,
Plot Title: 5C3C,2350,5/9/26 20:15,50.643,
Plot Title: 5C3C,2351,5/9/26 20:30,50.29,
Plot Title: 5C3C,2352,5/9/26 20:45,49.759,
Plot Title: 5C3C,2353,5/9/26 21:00,49.228,
Plot Title: 5C3C,2354,5/9/26 21:15,48.871,
Plot Title: 5C3C,2355,5/9/26 21:30,48.517,
Plot Title: 5C3C,2356,5/9/26 21:45,48.16,
Plot Title: 5C3C,2357,5/9/26 22:00,47.802,
Plot Title: 5C3C,2358,5/9/26 22:15,47.266,
Plot Title: 5C3C,2359,5/9/26 22:30,46.908,
Plot Title: 5C3C,2360,5/9/26 22:45,46.548,
Plot Title: 5C3C,2361,5/9/26 23:00,46.548,
Plot Title: 5C3C,2362,5/9/26 23:15,46.369,
Plot Title: 5C3C,2363,5/9/26 23:30,46.188,
Plot Title: 5C3C,2364,5/9/26 23:45,45.828,
Plot Title: 5C3C,2365,5/10/26 00:00,45.466,
Plot Title: 5C3C,2366,5/10/26 00:15,45.286,
Plot Title: 5C3C,2367,5/10/26 00:30,45.104,
Plot Title: 5C3C,2368,5/10/26 00:45,45.104,
Plot Title: 5C3C,2369,5/10/26 01:00,45.104,
Plot Title: 5C3C,2370,5/10/26 01:15,45.104,
Plot Title: 5C3C,2371,5/10/26 01:30,45.104,
Plot Title: 5C3C,2372,5/10/26 01:45,44.922,
Plot Title: 5C3C,2373,5/10/26 02:00,44.922,
Plot Title: 5C3C,2374,5/10/26 02:15,44.742,
Plot Title: 5C3C,2375,5/10/26 02:30,44.56,
Plot Title: 5C3C,2376,5/10/26 02:45,44.56,
Plot Title: 5C3C,2377,5/10/26 03:00,44.379,
Plot Title: 5C3C,2378,5/10/26 03:15,44.195,
Plot Title: 5C3C,2379,5/10/26 03:30,44.013,
Plot Title: 5C3C,2380,5/10/26 03:45,43.831,
Plot Title: 5C3C,2381,5/10/26 04:00,43.648,
Plot Title: 5C3C,2382,5/10/26 04:15,43.648,
Plot Title: 5C3C,2383,5/10/26 04:30,43.466,
Plot Title: 5C3C,2384,5/10/26 04:45,43.282,
Plot Title: 5C3C,2385,5/10/26 05:00,43.099,
Plot Title: 5C3C,2386,5/10/26 05:15,42.915,
Plot Title: 5C3C,2387,5/10/26 05:30,42.915,
Plot Title: 5C3C,2388,5/10/26 05:45,42.732,
Plot Title: 5C3C,2389,5/10/26 06:00,42.548,
Plot Title: 5C3C,2390,5/10/26 06:15,42.548,
Plot Title: 5C3C,2391,5/10/26 06:30,42.548,
Plot Title: 5C3C,2392,5/10/26 06:45,42.548,
Plot Title: 5C3C,2393,5/10/26 07:00,42.732,
Plot Title: 5C3C,2394,5/10/26 07:15,43.099,
Plot Title: 5C3C,2395,5/10/26 07:30,43.831,
Plot Title: 5C3C,2396,5/10/26 07:45,44.379,
Plot Title: 5C3C,2397,5/10/26 08:00,46.008,
Plot Title: 5C3C,2398,5/10/26 08:15,50.466,
Plot Title: 5C3C,2399,5/10/26 08:30,50.643,
Plot Title: 5C3C,2400,5/10/26 08:45,49.759,
Plot Title: 5C3C,2401,5/10/26 09:00,49.404,
Plot Title: 5C3C,2402,5/10/26 09:15,49.582,
Plot Title: 5C3C,2403,5/10/26 09:30,50.29,
Plot Title: 5C3C,2404,5/10/26 09:45,51.874,
Plot Title: 5C3C,2405,5/10/26 10:00,62.254,
Plot Title: 5C3C,2406,5/10/26 10:15,74.098,
Plot Title: 5C3C,2407,5/10/26 10:30,82.33,
Plot Title: 5C3C,2408,5/10/26 10:45,88.099,
Plot Title: 5C3C,2409,5/10/26 11:00,92.737,
Plot Title: 5C3C,2410,5/10/26 11:15,97.137,
Plot Title: 5C3C,2411,5/10/26 11:30,100.483,
Plot Title: 5C3C,2412,5/10/26 11:45,103.512,
Plot Title: 5C3C,2413,5/10/26 12:00,99.291,
Plot Title: 5C3C,2414,5/10/26 12:15,89.384,
Plot Title: 5C3C,2415,5/10/26 12:30,80.559,
Plot Title: 5C3C,2416,5/10/26 12:45,81.797,
Plot Title: 5C3C,2417,5/10/26 13:00,82.686,
Plot Title: 5C3C,2418,5/10/26 13:15,80.911,
Plot Title: 5C3C,2419,5/10/26 13:30,75.139,
Plot Title: 5C3C,2420,5/10/26 13:45,71.512,
Plot Title: 5C3C,2421,5/10/26 14:00,69.449,
Plot Title: 5C3C,2422,5/10/26 14:15,68.248,
Plot Title: 5C3C,2423,5/10/26 14:30,74.791,
Plot Title: 5C3C,2424,5/10/26 14:45,79.502,
Plot Title: 5C3C,2425,5/10/26 15:00,76.703,
Plot Title: 5C3C,2426,5/10/26 15:15,71.856,
Plot Title: 5C3C,2427,5/10/26 15:30,69.278,
Plot Title: 5C3C,2428,5/10/26 15:45,67.564,
Plot Title: 5C3C,2429,5/10/26 16:00,66.193,
Plot Title: 5C3C,2430,5/10/26 16:15,64.996,
Plot Title: 5C3C,2431,5/10/26 16:30,64.139,
Plot Title: 5C3C,2432,5/10/26 16:45,63.455,
Plot Title: 5C3C,2433,5/10/26 17:00,62.94,
Plot Title: 5C3C,2434,5/10/26 17:15,62.769,
Plot Title: 5C3C,2435,5/10/26 17:30,62.769,
Plot Title: 5C3C,2436,5/10/26 17:45,62.083,
Plot Title: 5C3C,2437,5/10/26 18:00,61.227,
Plot Title: 5C3C,2438,5/10/26 18:15,60.539,
Plot Title: 5C3C,2439,5/10/26 18:30,59.851,
Plot Title: 5C3C,2440,5/10/26 18:45,59.337,
Plot Title: 5C3C,2441,5/10/26 19:00,58.993,
Plot Title: 5C3C,2442,5/10/26 19:15,58.647,
Plot Title: 5C3C,2443,5/10/26 19:30,58.303,
Plot Title: 5C3C,2444,5/10/26 19:45,57.958,
Plot Title: 5C3C,2445,5/10/26 20:00,57.614,
Plot Title: 5C3C,2446,5/10/26 20:15,57.096,
Plot Title: 5C3C,2447,5/10/26 20:30,56.75,
Plot Title: 5C3C,2448,5/10/26 20:45,56.23,
Plot Title: 5C3C,2449,5/10/26 21:00,55.711,
Plot Title: 5C3C,2450,5/10/26 21:15,55.537,
Plot Title: 5C3C,2451,5/10/26 21:30,55.537,
Plot Title: 5C3C,2452,5/10/26 21:45,55.537,
Plot Title: 5C3C,2453,5/10/26 22:00,55.537,
Plot Title: 5C3C,2454,5/10/26 22:15,55.189,
Plot Title: 5C3C,2455,5/10/26 22:30,54.322,
Plot Title: 5C3C,2456,5/10/26 22:45,53.798,
Plot Title: 5C3C,2457,5/10/26 23:00,53.449,
Plot Title: 5C3C,2458,5/10/26 23:15,53.274,
Plot Title: 5C3C,2459,5/10/26 23:30,53.274,
Plot Title: 5C3C,2460,5/10/26 23:45,53.798,
Plot Title: 5C3C,2461,5/11/26 00:00,53.623,
Plot Title: 5C3C,2462,5/11/26 00:15,53.449,
Plot Title: 5C3C,2463,5/11/26 00:30,53.449,
Plot Title: 5C3C,2464,5/11/26 00:45,53.449,
Plot Title: 5C3C,2465,5/11/26 01:00,53.274,
Plot Title: 5C3C,2466,5/11/26 01:15,53.1,
Plot Title: 5C3C,2467,5/11/26 01:30,52.925,
Plot Title: 5C3C,2468,5/11/26 01:45,52.576,
Plot Title: 5C3C,2469,5/11/26 02:00,52.401,
Plot Title: 5C3C,2470,5/11/26 02:15,52.05,
Plot Title: 5C3C,2471,5/11/26 02:30,52.225,
Plot Title: 5C3C,2472,5/11/26 02:45,52.401,
Plot Title: 5C3C,2473,5/11/26 03:00,52.401,
Plot Title: 5C3C,2474,5/11/26 03:15,52.401,
Plot Title: 5C3C,2475,5/11/26 03:30,52.401,
Plot Title: 5C3C,2476,5/11/26 03:45,52.225,
Plot Title: 5C3C,2477,5/11/26 04:00,52.05,
Plot Title: 5C3C,2478,5/11/26 04:15,52.05,
Plot Title: 5C3C,2479,5/11/26 04:30,52.05,
Plot Title: 5C3C,2480,5/11/26 04:45,51.874,
Plot Title: 5C3C,2481,5/11/26 05:00,51.699,
Plot Title: 5C3C,2482,5/11/26 05:15,51.699,
Plot Title: 5C3C,2483,5/11/26 05:30,51.699,
Plot Title: 5C3C,2484,5/11/26 05:45,51.699,
Plot Title: 5C3C,2485,5/11/26 06:00,51.699,
Plot Title: 5C3C,2486,5/11/26 06:15,51.523,
Plot Title: 5C3C,2487,5/11/26 06:30,51.523,
Plot Title: 5C3C,2488,5/11/26 06:45,51.523,
Plot Title: 5C3C,2489,5/11/26 07:00,51.874,
Plot Title: 5C3C,2490,5/11/26 07:15,52.05,
Plot Title: 5C3C,2491,5/11/26 07:30,52.05,
Plot Title: 5C3C,2492,5/11/26 07:45,52.75,
Plot Title: 5C3C,2493,5/11/26 08:00,55.364,
Plot Title: 5C3C,2494,5/11/26 08:15,59.508,
Plot Title: 5C3C,2495,5/11/26 08:30,58.993,
Plot Title: 5C3C,2496,5/11/26 08:45,58.131,
Plot Title: 5C3C,2497,5/11/26 09:00,57.096,
Plot Title: 5C3C,2498,5/11/26 09:15,56.923,
Plot Title: 5C3C,2499,5/11/26 09:30,57.096,
Plot Title: 5C3C,2500,5/11/26 09:45,58.131,
Plot Title: 5C3C,2501,5/11/26 10:00,69.107,
Plot Title: 5C3C,2502,5/11/26 10:15,82.152,
Plot Title: 5C3C,2503,5/11/26 10:30,91.24,
Plot Title: 5C3C,2504,5/11/26 10:45,96.942,
Plot Title: 5C3C,2505,5/11/26 11:00,101.887,
Plot Title: 5C3C,2506,5/11/26 11:15,105.994,
Plot Title: 5C3C,2507,5/11/26 11:30,108.75,
Plot Title: 5C3C,2508,5/11/26 11:45,111.36,
Plot Title: 5C3C,2509,5/11/26 12:00,107.046,
Plot Title: 5C3C,2510,5/11/26 12:15,95.016,
Plot Title: 5C3C,2511,5/11/26 12:30,85.735,
Plot Title: 5C3C,2512,5/11/26 12:45,85.194,
Plot Title: 5C3C,2513,5/11/26 13:00,86.459,
Plot Title: 5C3C,2514,5/11/26 13:15,82.33,
Plot Title: 5C3C,2515,5/11/26 13:30,77.923,
Plot Title: 5C3C,2516,5/11/26 13:45,74.791,
Plot Title: 5C3C,2517,5/11/26 14:00,73.407,
Plot Title: 5C3C,2518,5/11/26 14:15,72.199,
Plot Title: 5C3C,2519,5/11/26 14:30,80.206,
Plot Title: 5C3C,2520,5/11/26 14:45,86.459,
Plot Title: 5C3C,2521,5/11/26 15:00,81.797,
Plot Title: 5C3C,2522,5/11/26 15:15,76.528,
Plot Title: 5C3C,2523,5/11/26 15:30,73.407,
Plot Title: 5C3C,2524,5/11/26 15:45,71.512,
Plot Title: 5C3C,2525,5/11/26 16:00,70.308,
Plot Title: 5C3C,2526,5/11/26 16:15,69.449,
Plot Title: 5C3C,2527,5/11/26 16:30,68.421,
Plot Title: 5C3C,2528,5/11/26 16:45,67.221,
Plot Title: 5C3C,2529,5/11/26 17:00,66.022,
Plot Title: 5C3C,2530,5/11/26 17:15,65.338,
Plot Title: 5C3C,2531,5/11/26 17:30,64.825,
Plot Title: 5C3C,2532,5/11/26 17:45,63.968,
Plot Title: 5C3C,2533,5/11/26 18:00,62.94,
Plot Title: 5C3C,2534,5/11/26 18:15,61.912,
Plot Title: 5C3C,2535,5/11/26 18:30,61.227,
Plot Title: 5C3C,2536,5/11/26 18:45,60.539,
Plot Title: 5C3C,2537,5/11/26 19:00,60.024,
Plot Title: 5C3C,2538,5/11/26 19:15,59.337,
Plot Title: 5C3C,2539,5/11/26 19:30,58.82,
Plot Title: 5C3C,2540,5/11/26 19:45,58.303,
Plot Title: 5C3C,2541,5/11/26 20:00,57.785,
Plot Title: 5C3C,2542,5/11/26 20:15,57.268,
Plot Title: 5C3C,2543,5/11/26 20:30,56.75,
Plot Title: 5C3C,2544,5/11/26 20:45,56.057,
Plot Title: 5C3C,2545,5/11/26 21:00,55.537,
Plot Title: 5C3C,2546,5/11/26 21:15,55.017,
Plot Title: 5C3C,2547,5/11/26 21:30,54.495,
Plot Title: 5C3C,2548,5/11/26 21:45,54.147,
Plot Title: 5C3C,2549,5/11/26 22:00,53.798,
Plot Title: 5C3C,2550,5/11/26 22:15,53.274,
Plot Title: 5C3C,2551,5/11/26 22:30,52.925,
Plot Title: 5C3C,2552,5/11/26 22:45,52.576,
Plot Title: 5C3C,2553,5/11/26 23:00,52.225,
Plot Title: 5C3C,2554,5/11/26 23:15,51.699,
Plot Title: 5C3C,2555,5/11/26 23:30,51.346,
Plot Title: 5C3C,2556,5/11/26 23:45,50.995,
Plot Title: 5C3C,2557,5/12/26 00:00,50.643,
Plot Title: 5C3C,2558,5/12/26 00:15,50.29,
Plot Title: 5C3C,2559,5/12/26 00:30,49.937,
Plot Title: 5C3C,2560,5/12/26 00:45,49.582,
Plot Title: 5C3C,2561,5/12/26 01:00,49.228,
Plot Title: 5C3C,2562,5/12/26 01:15,49.05,
Plot Title: 5C3C,2563,5/12/26 01:30,48.695,
Plot Title: 5C3C,2564,5/12/26 01:45,48.339,
Plot Title: 5C3C,2565,5/12/26 02:00,48.16,
Plot Title: 5C3C,2566,5/12/26 02:15,47.982,
Plot Title: 5C3C,2567,5/12/26 02:30,47.802,
Plot Title: 5C3C,2568,5/12/26 02:45,47.624,
Plot Title: 5C3C,2569,5/12/26 03:00,47.446,
Plot Title: 5C3C,2570,5/12/26 03:15,47.088,
Plot Title: 5C3C,2571,5/12/26 03:30,46.908,
Plot Title: 5C3C,2572,5/12/26 03:45,46.548,
Plot Title: 5C3C,2573,5/12/26 04:00,46.369,
Plot Title: 5C3C,2574,5/12/26 04:15,46.188,
Plot Title: 5C3C,2575,5/12/26 04:30,46.008,
Plot Title: 5C3C,2576,5/12/26 04:45,46.008,
Plot Title: 5C3C,2577,5/12/26 05:00,45.828,
Plot Title: 5C3C,2578,5/12/26 05:15,45.648,
Plot Title: 5C3C,2579,5/12/26 05:30,45.648,
Plot Title: 5C3C,2580,5/12/26 05:45,45.286,
Plot Title: 5C3C,2581,5/12/26 06:00,45.104,
Plot Title: 5C3C,2582,5/12/26 06:15,45.104,
Plot Title: 5C3C,2583,5/12/26 06:30,45.104,
Plot Title: 5C3C,2584,5/12/26 06:45,45.286,
Plot Title: 5C3C,2585,5/12/26 07:00,45.466,
Plot Title: 5C3C,2586,5/12/26 07:15,45.828,
Plot Title: 5C3C,2587,5/12/26 07:30,46.188,
Plot Title: 5C3C,2588,5/12/26 07:45,47.266,
Plot Title: 5C3C,2589,5/12/26 08:00,50.113,
Plot Title: 5C3C,2590,5/12/26 08:15,53.973,
Plot Title: 5C3C,2591,5/12/26 08:30,53.798,
Plot Title: 5C3C,2592,5/12/26 08:45,52.925,
Plot Title: 5C3C,2593,5/12/26 09:00,52.576,
Plot Title: 5C3C,2594,5/12/26 09:15,52.576,
Plot Title: 5C3C,2595,5/12/26 09:30,52.925,
Plot Title: 5C3C,2596,5/12/26 09:45,54.495,
Plot Title: 5C3C,2597,5/12/26 10:00,67.392,
Plot Title: 5C3C,2598,5/12/26 10:15,81.442,
Plot Title: 5C3C,2599,5/12/26 10:30,91.053,
Plot Title: 5C3C,2600,5/12/26 10:45,97.72,
Plot Title: 5C3C,2601,5/12/26 11:00,102.9,
Plot Title: 5C3C,2602,5/12/26 11:15,106.835,
Plot Title: 5C3C,2603,5/12/26 11:30,110.264,
Plot Title: 5C3C,2604,5/12/26 11:45,113.362,
Plot Title: 5C3C,2605,5/12/26 12:00,110.482,
Plot Title: 5C3C,2606,5/12/26 12:15,97.525,
Plot Title: 5C3C,2607,5/12/26 12:30,88.466,
Plot Title: 5C3C,2608,5/12/26 12:45,87.552,
Plot Title: 5C3C,2609,5/12/26 13:00,87.915,
Plot Title: 5C3C,2610,5/12/26 13:15,83.757,
Plot Title: 5C3C,2611,5/12/26 13:30,79.502,
Plot Title: 5C3C,2612,5/12/26 13:45,76.528,
Plot Title: 5C3C,2613,5/12/26 14:00,74.964,
Plot Title: 5C3C,2614,5/12/26 14:15,73.753,
Plot Title: 5C3C,2615,5/12/26 14:30,81.266,
Plot Title: 5C3C,2616,5/12/26 14:45,87.733,
Plot Title: 5C3C,2617,5/12/26 15:00,82.686,
Plot Title: 5C3C,2618,5/12/26 15:15,78.098,
Plot Title: 5C3C,2619,5/12/26 15:30,74.964,
Plot Title: 5C3C,2620,5/12/26 15:45,72.545,
Plot Title: 5C3C,2621,5/12/26 16:00,70.824,
Plot Title: 5C3C,2622,5/12/26 16:15,69.449,
Plot Title: 5C3C,2623,5/12/26 16:30,68.421,
Plot Title: 5C3C,2624,5/12/26 16:45,67.564,
Plot Title: 5C3C,2625,5/12/26 17:00,66.879,
Plot Title: 5C3C,2626,5/12/26 17:15,66.537,
Plot Title: 5C3C,2627,5/12/26 17:30,66.193,
Plot Title: 5C3C,2628,5/12/26 17:45,65.509,
Plot Title: 5C3C,2629,5/12/26 18:00,64.825,
Plot Title: 5C3C,2630,5/12/26 18:15,63.968,
Plot Title: 5C3C,2631,5/12/26 18:30,63.455,
Plot Title: 5C3C,2632,5/12/26 18:45,62.94,
Plot Title: 5C3C,2633,5/12/26 19:00,62.598,
Plot Title: 5C3C,2634,5/12/26 19:15,62.083,
Plot Title: 5C3C,2635,5/12/26 19:30,61.569,
Plot Title: 5C3C,2636,5/12/26 19:45,61.398,
Plot Title: 5C3C,2637,5/12/26 20:00,61.054,
Plot Title: 5C3C,2638,5/12/26 20:15,60.368,
Plot Title: 5C3C,2639,5/12/26 20:30,59.68,
Plot Title: 5C3C,2640,5/12/26 20:45,58.82,
Plot Title: 5C3C,2641,5/12/26 21:00,58.131,
Plot Title: 5C3C,2642,5/12/26 21:15,57.785,
Plot Title: 5C3C,2643,5/12/26 21:30,57.268,
Plot Title: 5C3C,2644,5/12/26 21:45,57.096,
Plot Title: 5C3C,2645,5/12/26 22:00,56.923,
Plot Title: 5C3C,2646,5/12/26 22:15,56.404,
Plot Title: 5C3C,2647,5/12/26 22:30,55.884,
Plot Title: 5C3C,2648,5/12/26 22:45,55.537,
Plot Title: 5C3C,2649,5/12/26 23:00,55.189,
Plot Title: 5C3C,2650,5/12/26 23:15,54.842,
Plot Title: 5C3C,2651,5/12/26 23:30,55.017,
Plot Title: 5C3C,2652,5/12/26 23:45,54.842,
Plot Title: 5C3C,2653,5/13/26 00:00,54.842,
Plot Title: 5C3C,2654,5/13/26 00:15,54.669,
Plot Title: 5C3C,2655,5/13/26 00:30,54.669,
Plot Title: 5C3C,2656,5/13/26 00:45,54.669,
Plot Title: 5C3C,2657,5/13/26 01:00,54.669,
Plot Title: 5C3C,2658,5/13/26 01:15,54.495,
Plot Title: 5C3C,2659,5/13/26 01:30,54.495,
Plot Title: 5C3C,2660,5/13/26 01:45,54.495,
Plot Title: 5C3C,2661,5/13/26 02:00,54.322,
Plot Title: 5C3C,2662,5/13/26 02:15,54.322,
Plot Title: 5C3C,2663,5/13/26 02:30,54.147,
Plot Title: 5C3C,2664,5/13/26 02:45,54.147,
Plot Title: 5C3C,2665,5/13/26 03:00,53.973,
Plot Title: 5C3C,2666,5/13/26 03:15,54.147,
Plot Title: 5C3C,2667,5/13/26 03:30,54.322,
Plot Title: 5C3C,2668,5/13/26 03:45,53.973,
Plot Title: 5C3C,2669,5/13/26 04:00,53.623,
Plot Title: 5C3C,2670,5/13/26 04:15,53.449,
Plot Title: 5C3C,2671,5/13/26 04:30,53.1,
Plot Title: 5C3C,2672,5/13/26 04:45,53.1,
Plot Title: 5C3C,2673,5/13/26 05:00,53.1,
Plot Title: 5C3C,2674,5/13/26 05:15,52.925,
Plot Title: 5C3C,2675,5/13/26 05:30,52.576,
Plot Title: 5C3C,2676,5/13/26 05:45,52.225,
Plot Title: 5C3C,2677,5/13/26 06:00,51.699,
Plot Title: 5C3C,2678,5/13/26 06:15,51.172,
Plot Title: 5C3C,2679,5/13/26 06:30,50.995,
Plot Title: 5C3C,2680,5/13/26 06:45,50.995,
Plot Title: 5C3C,2681,5/13/26 07:00,51.172,
Plot Title: 5C3C,2682,5/13/26 07:15,51.699,
Plot Title: 5C3C,2683,5/13/26 07:30,52.401,
Plot Title: 5C3C,2684,5/13/26 07:45,54.147,
Plot Title: 5C3C,2685,5/13/26 08:00,56.923,
Plot Title: 5C3C,2686,5/13/26 08:15,60.712,
Plot Title: 5C3C,2687,5/13/26 08:30,60.024,
Plot Title: 5C3C,2688,5/13/26 08:45,59.337,
Plot Title: 5C3C,2689,5/13/26 09:00,59.164,
Plot Title: 5C3C,2690,5/13/26 09:15,59.508,
Plot Title: 5C3C,2691,5/13/26 09:30,59.851,
Plot Title: 5C3C,2692,5/13/26 09:45,61.054,
Plot Title: 5C3C,2693,5/13/26 10:00,75.659,
Plot Title: 5C3C,2694,5/13/26 10:15,89.2,
Plot Title: 5C3C,2695,5/13/26 10:30,97.72,
Plot Title: 5C3C,2696,5/13/26 10:45,103.923,
Plot Title: 5C3C,2697,5/13/26 11:00,109.18,
Plot Title: 5C3C,2698,5/13/26 11:15,111.801,
Plot Title: 5C3C,2699,5/13/26 11:30,116.33,
Plot Title: 5C3C,2700,5/13/26 11:45,120.119,
Plot Title: 5C3C,2701,5/13/26 12:00,116.1,
Plot Title: 5C3C,2702,5/13/26 12:15,102.493,
Plot Title: 5C3C,2703,5/13/26 12:30,93.682,
Plot Title: 5C3C,2704,5/13/26 12:45,94.062,
Plot Title: 5C3C,2705,5/13/26 13:00,93.304,
Plot Title: 5C3C,2706,5/13/26 13:15,88.833,
Plot Title: 5C3C,2707,5/13/26 13:30,83.757,
Plot Title: 5C3C,2708,5/13/26 13:45,80.911,
Plot Title: 5C3C,2709,5/13/26 14:00,79.326,
Plot Title: 5C3C,2710,5/13/26 14:15,79.151,
Plot Title: 5C3C,2711,5/13/26 14:30,82.33,
Plot Title: 5C3C,2712,5/13/26 14:45,85.915,
Plot Title: 5C3C,2713,5/13/26 15:00,82.686,
Plot Title: 5C3C,2714,5/13/26 15:15,80.206,
Plot Title: 5C3C,2715,5/13/26 15:30,78.449,
Plot Title: 5C3C,2716,5/13/26 15:45,76.876,
Plot Title: 5C3C,2717,5/13/26 16:00,75.832,
Plot Title: 5C3C,2718,5/13/26 16:15,74.098,
Plot Title: 5C3C,2719,5/13/26 16:30,72.545,
Plot Title: 5C3C,2720,5/13/26 16:45,71.683,
Plot Title: 5C3C,2721,5/13/26 17:00,70.824,
Plot Title: 5C3C,2722,5/13/26 17:15,69.964,
Plot Title: 5C3C,2723,5/13/26 17:30,69.107,
Plot Title: 5C3C,2724,5/13/26 17:45,68.248,
Plot Title: 5C3C,2725,5/13/26 18:00,68.077,
Plot Title: 5C3C,2726,5/13/26 18:15,67.221,
Plot Title: 5C3C,2727,5/13/26 18:30,67.221,
Plot Title: 5C3C,2728,5/13/26 18:45,66.193,
Plot Title: 5C3C,2729,5/13/26 19:00,64.996,
Plot Title: 5C3C,2730,5/13/26 19:15,64.139,
Plot Title: 5C3C,2731,5/13/26 19:30,63.626,
Plot Title: 5C3C,2732,5/13/26 19:45,63.111,
Plot Title: 5C3C,2733,5/13/26 20:00,62.769,
Plot Title: 5C3C,2734,5/13/26 20:15,60.539,
Plot Title: 5C3C,2735,5/13/26 20:30,57.614,
Plot Title: 5C3C,2736,5/13/26 20:45,56.404,
Plot Title: 5C3C,2737,5/13/26 21:00,55.189,
Plot Title: 5C3C,2738,5/13/26 21:15,53.623,
Plot Title: 5C3C,2739,5/13/26 21:30,52.576,
Plot Title: 5C3C,2740,5/13/26 21:45,51.523,
Plot Title: 5C3C,2741,5/13/26 22:00,50.819,
Plot Title: 5C3C,2742,5/13/26 22:15,50.643,
Plot Title: 5C3C,2743,5/13/26 22:30,50.29,
Plot Title: 5C3C,2744,5/13/26 22:45,49.759,
Plot Title: 5C3C,2745,5/13/26 23:00,49.228,
Plot Title: 5C3C,2746,5/13/26 23:15,48.517,
Plot Title: 5C3C,2747,5/13/26 23:30,47.802,
Plot Title: 5C3C,2748,5/13/26 23:45,46.908,
Plot Title: 5C3C,2749,5/14/26 00:00,46.369,
Plot Title: 5C3C,2750,5/14/26 00:15,46.008,
Plot Title: 5C3C,2751,5/14/26 00:30,45.466,
Plot Title: 5C3C,2752,5/14/26 00:45,45.104,
Plot Title: 5C3C,2753,5/14/26 01:00,44.742,
Plot Title: 5C3C,2754,5/14/26 01:15,44.379,
Plot Title: 5C3C,2755,5/14/26 01:30,44.195,
Plot Title: 5C3C,2756,5/14/26 01:45,44.013,
Plot Title: 5C3C,2757,5/14/26 02:00,44.013,
Plot Title: 5C3C,2758,5/14/26 02:15,43.831,
Plot Title: 5C3C,2759,5/14/26 02:30,43.648,
Plot Title: 5C3C,2760,5/14/26 02:45,43.466,
Plot Title: 5C3C,2761,5/14/26 03:00,43.282,
Plot Title: 5C3C,2762,5/14/26 03:15,43.099,
Plot Title: 5C3C,2763,5/14/26 03:30,42.732,
Plot Title: 5C3C,2764,5/14/26 03:45,42.548,
Plot Title: 5C3C,2765,5/14/26 04:00,42.363,
Plot Title: 5C3C,2766,5/14/26 04:15,42.179,
Plot Title: 5C3C,2767,5/14/26 04:30,41.994,
Plot Title: 5C3C,2768,5/14/26 04:45,41.81,
Plot Title: 5C3C,2769,5/14/26 05:00,41.439,
Plot Title: 5C3C,2770,5/14/26 05:15,41.254,
Plot Title: 5C3C,2771,5/14/26 05:30,41.067,
Plot Title: 5C3C,2772,5/14/26 05:45,41.067,
Plot Title: 5C3C,2773,5/14/26 06:00,40.881,
Plot Title: 5C3C,2774,5/14/26 06:15,40.881,
Plot Title: 5C3C,2775,5/14/26 06:30,41.067,
Plot Title: 5C3C,2776,5/14/26 06:45,41.254,
Plot Title: 5C3C,2777,5/14/26 07:00,41.439,
Plot Title: 5C3C,2778,5/14/26 07:15,41.994,
Plot Title: 5C3C,2779,5/14/26 07:30,42.732,
Plot Title: 5C3C,2780,5/14/26 07:45,44.195,
Plot Title: 5C3C,2781,5/14/26 08:00,46.548,
Plot Title: 5C3C,2782,5/14/26 08:15,50.466,
Plot Title: 5C3C,2783,5/14/26 08:30,49.05,
Plot Title: 5C3C,2784,5/14/26 08:45,48.16,
Plot Title: 5C3C,2785,5/14/26 09:00,47.088,
Plot Title: 5C3C,2786,5/14/26 09:15,46.369,
Plot Title: 5C3C,2787,5/14/26 09:30,46.369,
Plot Title: 5C3C,2788,5/14/26 09:45,48.16,
Plot Title: 5C3C,2789,5/14/26 10:00,58.647,
Plot Title: 5C3C,2790,5/14/26 10:15,69.793,
Plot Title: 5C3C,2791,5/14/26 10:30,79.853,
Plot Title: 5C3C,2792,5/14/26 10:45,86.459,
Plot Title: 5C3C,2793,5/14/26 11:00,91.8,
Plot Title: 5C3C,2794,5/14/26 11:15,95.207,
Plot Title: 5C3C,2795,5/14/26 11:30,97.72,
Plot Title: 5C3C,2796,5/14/26 11:45,100.483,
Plot Title: 5C3C,2797,5/14/26 12:00,95.016,
Plot Title: 5C3C,2798,5/14/26 12:15,83.221,
Plot Title: 5C3C,2799,5/14/26 12:30,74.619,
Plot Title: 5C3C,2800,5/14/26 12:45,78.975,
Plot Title: 5C3C,2801,5/14/26 13:00,77.923,
Plot Title: 5C3C,2802,5/14/26 13:15,72.718,
Plot Title: 5C3C,2803,5/14/26 13:30,68.077,
Plot Title: 5C3C,2804,5/14/26 13:45,65.509,
Plot Title: 5C3C,2805,5/14/26 14:00,64.481,
Plot Title: 5C3C,2806,5/14/26 14:15,67.392,
Plot Title: 5C3C,2807,5/14/26 14:30,75.139,
Plot Title: 5C3C,2808,5/14/26 14:45,80.206,
Plot Title: 5C3C,2809,5/14/26 15:00,75.139,
Plot Title: 5C3C,2810,5/14/26 15:15,71.168,
Plot Title: 5C3C,2811,5/14/26 15:30,68.592,
Plot Title: 5C3C,2812,5/14/26 15:45,67.221,
Plot Title: 5C3C,2813,5/14/26 16:00,65.68,
Plot Title: 5C3C,2814,5/14/26 16:15,64.481,
Plot Title: 5C3C,2815,5/14/26 16:30,63.797,
Plot Title: 5C3C,2816,5/14/26 16:45,62.425,
Plot Title: 5C3C,2817,5/14/26 17:00,61.912,
Plot Title: 5C3C,2818,5/14/26 17:15,61.227,
Plot Title: 5C3C,2819,5/14/26 17:30,60.539,
Plot Title: 5C3C,2820,5/14/26 17:45,60.024,
Plot Title: 5C3C,2821,5/14/26 18:00,59.508,
Plot Title: 5C3C,2822,5/14/26 18:15,58.82,
Plot Title: 5C3C,2823,5/14/26 18:30,58.303,
Plot Title: 5C3C,2824,5/14/26 18:45,57.614,
Plot Title: 5C3C,2825,5/14/26 19:00,57.268,
Plot Title: 5C3C,2826,5/14/26 19:15,56.75,
Plot Title: 5C3C,2827,5/14/26 19:30,56.23,
Plot Title: 5C3C,2828,5/14/26 19:45,55.537,
Plot Title: 5C3C,2829,5/14/26 20:00,55.017,
Plot Title: 5C3C,2830,5/14/26 20:15,54.495,
Plot Title: 5C3C,2831,5/14/26 20:30,53.973,
Plot Title: 5C3C,2832,5/14/26 20:45,53.449,
Plot Title: 5C3C,2833,5/14/26 21:00,52.925,
Plot Title: 5C3C,2834,5/14/26 21:15,52.75,
Plot Title: 5C3C,2835,5/14/26 21:30,52.401,
Plot Title: 5C3C,2836,5/14/26 21:45,52.225,
Plot Title: 5C3C,2837,5/14/26 22:00,51.874,
Plot Title: 5C3C,2838,5/14/26 22:15,51.523,
Plot Title: 5C3C,2839,5/14/26 22:30,51.346,
Plot Title: 5C3C,2840,5/14/26 22:45,51.172,
Plot Title: 5C3C,2841,5/14/26 23:00,50.995,
Plot Title: 5C3C,2842,5/14/26 23:15,50.819,
Plot Title: 5C3C,2843,5/14/26 23:30,50.466,
Plot Title: 5C3C,2844,5/14/26 23:45,50.29,
Plot Title: 5C3C,2845,5/15/26 00:00,49.937,
Plot Title: 5C3C,2846,5/15/26 00:15,49.582,
Plot Title: 5C3C,2847,5/15/26 00:30,49.228,
Plot Title: 5C3C,2848,5/15/26 00:45,48.695,
Plot Title: 5C3C,2849,5/15/26 01:00,47.982,
Plot Title: 5C3C,2850,5/15/26 01:15,47.266,
Plot Title: 5C3C,2851,5/15/26 01:30,46.728,
Plot Title: 5C3C,2852,5/15/26 01:45,46.369,
Plot Title: 5C3C,2853,5/15/26 02:00,45.828,
Plot Title: 5C3C,2854,5/15/26 02:15,45.466,
Plot Title: 5C3C,2855,5/15/26 02:30,45.104,
Plot Title: 5C3C,2856,5/15/26 02:45,44.742,
Plot Title: 5C3C,2857,5/15/26 03:00,44.56,
Plot Title: 5C3C,2858,5/15/26 03:15,44.195,
Plot Title: 5C3C,2859,5/15/26 03:30,44.013,
Plot Title: 5C3C,2860,5/15/26 03:45,43.648,
Plot Title: 5C3C,2861,5/15/26 04:00,43.466,
Plot Title: 5C3C,2862,5/15/26 04:15,43.466,
Plot Title: 5C3C,2863,5/15/26 04:30,43.466,
Plot Title: 5C3C,2864,5/15/26 04:45,43.466,
Plot Title: 5C3C,2865,5/15/26 05:00,43.466,
Plot Title: 5C3C,2866,5/15/26 05:15,43.466,
Plot Title: 5C3C,2867,5/15/26 05:30,43.466,
Plot Title: 5C3C,2868,5/15/26 05:45,43.282,
Plot Title: 5C3C,2869,5/15/26 06:00,43.099,
Plot Title: 5C3C,2870,5/15/26 06:15,43.282,
Plot Title: 5C3C,2871,5/15/26 06:30,43.466,
Plot Title: 5C3C,2872,5/15/26 06:45,43.831,
Plot Title: 5C3C,2873,5/15/26 07:00,44.195,
Plot Title: 5C3C,2874,5/15/26 07:15,44.56,
Plot Title: 5C3C,2875,5/15/26 07:30,45.104,
Plot Title: 5C3C,2876,5/15/26 07:45,45.648,
Plot Title: 5C3C,2877,5/15/26 08:00,47.802,
Plot Title: 5C3C,2878,5/15/26 08:15,50.819,
Plot Title: 5C3C,2879,5/15/26 08:30,50.29,
Plot Title: 5C3C,2880,5/15/26 08:45,50.29,
Plot Title: 5C3C,2881,5/15/26 09:00,50.29,
Plot Title: 5C3C,2882,5/15/26 09:15,50.995,
Plot Title: 5C3C,2883,5/15/26 09:30,51.699,
Plot Title: 5C3C,2884,5/15/26 09:45,53.449,
Plot Title: 5C3C,2885,5/15/26 10:00,66.366,
Plot Title: 5C3C,2886,5/15/26 10:15,80.029,
Plot Title: 5C3C,2887,5/15/26 10:30,86.097,
Plot Title: 5C3C,2888,5/15/26 10:45,95.207,
Plot Title: 5C3C,2889,5/15/26 11:00,101.887,
Plot Title: 5C3C,2890,5/15/26 11:15,107.046,
Plot Title: 5C3C,2891,5/15/26 11:30,110.264,
Plot Title: 5C3C,2892,5/15/26 11:45,111.36,
Plot Title: 5C3C,2893,5/15/26 12:00,104.54,
Plot Title: 5C3C,2894,5/15/26 12:15,92.55,
Plot Title: 5C3C,2895,5/15/26 12:30,82.152,
Plot Title: 5C3C,2896,5/15/26 12:45,86.641,
Plot Title: 5C3C,2897,5/15/26 13:00,84.654,
Plot Title: 5C3C,2898,5/15/26 13:15,78.098,
Plot Title: 5C3C,2899,5/15/26 13:30,72.891,
Plot Title: 5C3C,2900,5/15/26 13:45,69.622,
Plot Title: 5C3C,2901,5/15/26 14:00,68.077,
Plot Title: 5C3C,2902,5/15/26 14:15,70.995,
Plot Title: 5C3C,2903,5/15/26 14:30,77.749,
Plot Title: 5C3C,2904,5/15/26 14:45,80.735,
Plot Title: 5C3C,2905,5/15/26 15:00,76.181,
Plot Title: 5C3C,2906,5/15/26 15:15,73.234,
Plot Title: 5C3C,2907,5/15/26 15:30,71.512,
Plot Title: 5C3C,2908,5/15/26 15:45,69.793,
Plot Title: 5C3C,2909,5/15/26 16:00,68.421,
Plot Title: 5C3C,2910,5/15/26 16:15,66.537,
Plot Title: 5C3C,2911,5/15/26 16:30,65.509,
Plot Title: 5C3C,2912,5/15/26 16:45,65.167,
Plot Title: 5C3C,2913,5/15/26 17:00,64.996,
Plot Title: 5C3C,2914,5/15/26 17:15,64.481,
Plot Title: 5C3C,2915,5/15/26 17:30,64.31,
Plot Title: 5C3C,2916,5/15/26 17:45,63.455,
Plot Title: 5C3C,2917,5/15/26 18:00,62.769,
Plot Title: 5C3C,2918,5/15/26 18:15,61.741,
Plot Title: 5C3C,2919,5/15/26 18:30,60.539,
Plot Title: 5C3C,2920,5/15/26 18:45,59.508,
Plot Title: 5C3C,2921,5/15/26 19:00,58.82,
Plot Title: 5C3C,2922,5/15/26 19:15,58.303,
Plot Title: 5C3C,2923,5/15/26 19:30,57.785,
Plot Title: 5C3C,2924,5/15/26 19:45,56.923,
Plot Title: 5C3C,2925,5/15/26 20:00,55.884,
Plot Title: 5C3C,2926,5/15/26 20:15,55.017,
Plot Title: 5C3C,2927,5/15/26 20:30,54.322,
Plot Title: 5C3C,2928,5/15/26 20:45,53.623,
Plot Title: 5C3C,2929,5/15/26 21:00,53.1,
Plot Title: 5C3C,2930,5/15/26 21:15,52.576,
Plot Title: 5C3C,2931,5/15/26 21:30,52.225,
Plot Title: 5C3C,2932,5/15/26 21:45,51.874,
Plot Title: 5C3C,2933,5/15/26 22:00,51.346,
Plot Title: 5C3C,2934,5/15/26 22:15,50.995,
Plot Title: 5C3C,2935,5/15/26 22:30,50.643,
Plot Title: 5C3C,2936,5/15/26 22:45,50.29,
Plot Title: 5C3C,2937,5/15/26 23:00,50.113,
Plot Title: 5C3C,2938,5/15/26 23:15,49.759,
Plot Title: 5C3C,2939,5/15/26 23:30,49.582,
Plot Title: 5C3C,2940,5/15/26 23:45,49.228,
Plot Title: 5C3C,2941,5/16/26 00:00,48.871,
Plot Title: 5C3C,2942,5/16/26 00:15,48.695,
Plot Title: 5C3C,2943,5/16/26 00:30,48.339,
Plot Title: 5C3C,2944,5/16/26 00:45,47.982,
Plot Title: 5C3C,2945,5/16/26 01:00,47.802,
Plot Title: 5C3C,2946,5/16/26 01:15,47.624,
Plot Title: 5C3C,2947,5/16/26 01:30,47.266,
Plot Title: 5C3C,2948,5/16/26 01:45,47.088,
Plot Title: 5C3C,2949,5/16/26 02:00,46.908,
Plot Title: 5C3C,2950,5/16/26 02:15,46.548,
Plot Title: 5C3C,2951,5/16/26 02:30,46.369,
Plot Title: 5C3C,2952,5/16/26 02:45,46.369,
Plot Title: 5C3C,2953,5/16/26 03:00,46.188,
Plot Title: 5C3C,2954,5/16/26 03:15,46.008,
Plot Title: 5C3C,2955,5/16/26 03:30,45.828,
Plot Title: 5C3C,2956,5/16/26 03:45,45.648,
Plot Title: 5C3C,2957,5/16/26 04:00,45.466,
Plot Title: 5C3C,2958,5/16/26 04:15,45.466,
Plot Title: 5C3C,2959,5/16/26 04:30,45.286,
Plot Title: 5C3C,2960,5/16/26 04:45,45.286,
Plot Title: 5C3C,2961,5/16/26 05:00,45.286,
Plot Title: 5C3C,2962,5/16/26 05:15,45.286,
Plot Title: 5C3C,2963,5/16/26 05:30,45.286,
Plot Title: 5C3C,2964,5/16/26 05:45,45.286,
Plot Title: 5C3C,2965,5/16/26 06:00,45.286,
Plot Title: 5C3C,2966,5/16/26 06:15,45.286,
Plot Title: 5C3C,2967,5/16/26 06:30,45.466,
Plot Title: 5C3C,2968,5/16/26 06:45,45.648,
Plot Title: 5C3C,2969,5/16/26 07:00,46.008,
Plot Title: 5C3C,2970,5/16/26 07:15,46.008,
Plot Title: 5C3C,2971,5/16/26 07:30,46.188,
Plot Title: 5C3C,2972,5/16/26 07:45,46.728,
Plot Title: 5C3C,2973,5/16/26 08:00,47.088,
Plot Title: 5C3C,2974,5/16/26 08:15,47.624,
Plot Title: 5C3C,2975,5/16/26 08:30,48.871,
Plot Title: 5C3C,2976,5/16/26 08:45,50.113,
Plot Title: 5C3C,2977,5/16/26 09:00,50.466,
Plot Title: 5C3C,2978,5/16/26 09:15,52.576,
Plot Title: 5C3C,2979,5/16/26 09:30,54.669,
Plot Title: 5C3C,2980,5/16/26 09:45,54.495,
Plot Title: 5C3C,2981,5/16/26 10:00,55.537,
Plot Title: 5C3C,2982,5/16/26 10:15,57.614,
Plot Title: 5C3C,2983,5/16/26 10:30,61.227,
Plot Title: 5C3C,2984,5/16/26 10:45,62.425,
Plot Title: 5C3C,2985,5/16/26 11:00,63.797,
Plot Title: 5C3C,2986,5/16/26 11:15,65.509,
Plot Title: 5C3C,2987,5/16/26 11:30,63.111,
Plot Title: 5C3C,2988,5/16/26 11:45,61.398,
Plot Title: 5C3C,2989,5/16/26 12:00,60.195,
Plot Title: 5C3C,2990,5/16/26 12:15,59.851,
Plot Title: 5C3C,2991,5/16/26 12:30,61.054,
Plot Title: 5C3C,2992,5/16/26 12:45,60.712,
Plot Title: 5C3C,2993,5/16/26 13:00,60.539,
Plot Title: 5C3C,2994,5/16/26 13:15,61.569,
Plot Title: 5C3C,2995,5/16/26 13:30,60.712,
Plot Title: 5C3C,2996,5/16/26 13:45,59.164,
Plot Title: 5C3C,2997,5/16/26 14:00,59.851,
Plot Title: 5C3C,2998,5/16/26 14:15,59.851,
Plot Title: 5C3C,2999,5/16/26 14:30,59.337,
Plot Title: 5C3C,3000,5/16/26 14:45,57.958,
Plot Title: 5C3C,3001,5/16/26 15:00,56.23,
Plot Title: 5C3C,3002,5/16/26 15:15,53.623,
Plot Title: 5C3C,3003,5/16/26 15:30,52.225,
Plot Title: 5C3C,3004,5/16/26 15:45,50.466,
Plot Title: 5C3C,3005,5/16/26 16:00,49.05,
Plot Title: 5C3C,3006,5/16/26 16:15,48.339,
Plot Title: 5C3C,3007,5/16/26 16:30,47.446,
Plot Title: 5C3C,3008,5/16/26 16:45,46.548,
Plot Title: 5C3C,3009,5/16/26 17:00,46.008,
Plot Title: 5C3C,3010,5/16/26 17:15,44.922,
Plot Title: 5C3C,3011,5/16/26 17:30,42.732,
Plot Title: 5C3C,3012,5/16/26 17:45,41.439,
Plot Title: 5C3C,3013,5/16/26 18:00,39.947,
Plot Title: 5C3C,3014,5/16/26 18:15,38.44,
Plot Title: 5C3C,3015,5/16/26 18:30,38.25,
Plot Title: 5C3C,3016,5/16/26 18:45,38.629,
Plot Title: 5C3C,3017,5/16/26 19:00,38.818,
Plot Title: 5C3C,3018,5/16/26 19:15,39.007,
Plot Title: 5C3C,3019,5/16/26 19:30,39.196,
Plot Title: 5C3C,3020,5/16/26 19:45,39.384,
Plot Title: 5C3C,3021,5/16/26 20:00,39.384,
Plot Title: 5C3C,3022,5/16/26 20:15,39.384,
Plot Title: 5C3C,3023,5/16/26 20:30,39.384,
Plot Title: 5C3C,3024,5/16/26 20:45,39.384,
Plot Title: 5C3C,3025,5/16/26 21:00,39.384,
Plot Title: 5C3C,3026,5/16/26 21:15,38.818,
Plot Title: 5C3C,3027,5/16/26 21:30,38.818,
Plot Title: 5C3C,3028,5/16/26 21:45,39.007,
Plot Title: 5C3C,3029,5/16/26 22:00,39.196,
Plot Title: 5C3C,3030,5/16/26 22:15,39.196,
Plot Title: 5C3C,3031,5/16/26 22:30,39.196,
Plot Title: 5C3C,3032,5/16/26 22:45,39.196,
Plot Title: 5C3C,3033,5/16/26 23:00,39.196,
Plot Title: 5C3C,3034,5/16/26 23:15,39.196,
Plot Title: 5C3C,3035,5/16/26 23:30,39.007,
Plot Title: 5C3C,3036,5/16/26 23:45,39.007,
Plot Title: 5C3C,3037,5/17/26 00:00,39.007,
Plot Title: 5C3C,3038,5/17/26 00:15,39.007,
Plot Title: 5C3C,3039,5/17/26 00:30,39.007,
Plot Title: 5C3C,3040,5/17/26 00:45,39.007,
Plot Title: 5C3C,3041,5/17/26 01:00,39.007,
Plot Title: 5C3C,3042,5/17/26 01:15,39.007,
Plot Title: 5C3C,3043,5/17/26 01:30,39.007,
Plot Title: 5C3C,3044,5/17/26 01:45,39.007,
Plot Title: 5C3C,3045,5/17/26 02:00,39.007,
Plot Title: 5C3C,3046,5/17/26 02:15,39.007,
Plot Title: 5C3C,3047,5/17/26 02:30,38.818,
Plot Title: 5C3C,3048,5/17/26 02:45,38.818,
Plot Title: 5C3C,3049,5/17/26 03:00,38.818,
Plot Title: 5C3C,3050,5/17/26 03:15,38.818,
Plot Title: 5C3C,3051,5/17/26 03:30,38.818,
Plot Title: 5C3C,3052,5/17/26 03:45,38.818,
Plot Title: 5C3C,3053,5/17/26 04:00,38.818,
Plot Title: 5C3C,3054,5/17/26 04:15,38.818,
Plot Title: 5C3C,3055,5/17/26 04:30,38.818,
Plot Title: 5C3C,3056,5/17/26 04:45,38.629,
Plot Title: 5C3C,3057,5/17/26 05:00,38.629,
Plot Title: 5C3C,3058,5/17/26 05:15,38.629,
Plot Title: 5C3C,3059,5/17/26 05:30,38.629,
Plot Title: 5C3C,3060,5/17/26 05:45,38.629,
Plot Title: 5C3C,3061,5/17/26 06:00,38.629,
Plot Title: 5C3C,3062,5/17/26 06:15,38.629,
Plot Title: 5C3C,3063,5/17/26 06:30,38.629,
Plot Title: 5C3C,3064,5/17/26 06:45,38.629,
Plot Title: 5C3C,3065,5/17/26 07:00,38.629,
Plot Title: 5C3C,3066,5/17/26 07:15,38.629,
Plot Title: 5C3C,3067,5/17/26 07:30,38.629,
Plot Title: 5C3C,3068,5/17/26 07:45,38.629,
Plot Title: 5C3C,3069,5/17/26 08:00,38.629,
Plot Title: 5C3C,3070,5/17/26 08:15,38.818,
Plot Title: 5C3C,3071,5/17/26 08:30,38.818,
Plot Title: 5C3C,3072,5/17/26 08:45,38.818,
Plot Title: 5C3C,3073,5/17/26 09:00,38.818,
Plot Title: 5C3C,3074,5/17/26 09:15,38.629,
Plot Title: 5C3C,3075,5/17/26 09:30,38.629,
Plot Title: 5C3C,3076,5/17/26 09:45,38.629,
Plot Title: 5C3C,3077,5/17/26 10:00,38.44,
Plot Title: 5C3C,3078,5/17/26 10:15,38.629,
Plot Title: 5C3C,3079,5/17/26 10:30,38.44,
Plot Title: 5C3C,3080,5/17/26 10:45,38.629,
Plot Title: 5C3C,3081,5/17/26 11:00,38.818,
Plot Title: 5C3C,3082,5/17/26 11:15,38.818,
Plot Title: 5C3C,3083,5/17/26 11:30,39.196,
Plot Title: 5C3C,3084,5/17/26 11:45,39.947,
Plot Title: 5C3C,3085,5/17/26 12:00,39.947,
Plot Title: 5C3C,3086,5/17/26 12:15,41.625,
Plot Title: 5C3C,3087,5/17/26 12:30,40.321,
Plot Title: 5C3C,3088,5/17/26 12:45,41.625,
Plot Title: 5C3C,3089,5/17/26 13:00,40.321,
Plot Title: 5C3C,3090,5/17/26 13:15,39.76,
Plot Title: 5C3C,3091,5/17/26 13:30,40.696,
Plot Title: 5C3C,3092,5/17/26 13:45,41.81,
Plot Title: 5C3C,3093,5/17/26 14:00,42.548,
Plot Title: 5C3C,3094,5/17/26 14:15,44.379,
Plot Title: 5C3C,3095,5/17/26 14:30,44.195,
Plot Title: 5C3C,3096,5/17/26 14:45,45.828,
Plot Title: 5C3C,3097,5/17/26 15:00,45.286,
Plot Title: 5C3C,3098,5/17/26 15:15,45.286,
Plot Title: 5C3C,3099,5/17/26 15:30,44.013,
Plot Title: 5C3C,3100,5/17/26 15:45,44.013,
Plot Title: 5C3C,3101,5/17/26 16:00,45.286,
Plot Title: 5C3C,3102,5/17/26 16:15,45.648,
Plot Title: 5C3C,3103,5/17/26 16:30,42.915,
Plot Title: 5C3C,3104,5/17/26 16:45,42.732,
Plot Title: 5C3C,3105,5/17/26 17:00,42.732,
Plot Title: 5C3C,3106,5/17/26 17:15,42.732,
Plot Title: 5C3C,3107,5/17/26 17:30,42.915,
Plot Title: 5C3C,3108,5/17/26 17:45,42.548,
Plot Title: 5C3C,3109,5/17/26 18:00,42.732,
Plot Title: 5C3C,3110,5/17/26 18:15,43.282,
Plot Title: 5C3C,3111,5/17/26 18:30,43.099,
Plot Title: 5C3C,3112,5/17/26 18:45,42.179,
Plot Title: 5C3C,3113,5/17/26 19:00,41.439,
Plot Title: 5C3C,3114,5/17/26 19:15,41.254,
Plot Title: 5C3C,3115,5/17/26 19:30,41.067,
Plot Title: 5C3C,3116,5/17/26 19:45,40.696,
Plot Title: 5C3C,3117,5/17/26 20:00,40.321,
Plot Title: 5C3C,3118,5/17/26 20:15,39.947,
Plot Title: 5C3C,3119,5/17/26 20:30,39.76,
Plot Title: 5C3C,3120,5/17/26 20:45,39.384,
Plot Title: 5C3C,3121,5/17/26 21:00,39.196,
Plot Title: 5C3C,3122,5/17/26 21:15,38.818,
Plot Title: 5C3C,3123,5/17/26 21:30,38.44,
Plot Title: 5C3C,3124,5/17/26 21:45,38.25,
Plot Title: 5C3C,3125,5/17/26 22:00,37.87,
Plot Title: 5C3C,3126,5/17/26 22:15,37.679,
Plot Title: 5C3C,3127,5/17/26 22:30,37.679,
Plot Title: 5C3C,3128,5/17/26 22:45,37.488,
Plot Title: 5C3C,3129,5/17/26 23:00,37.488,
Plot Title: 5C3C,3130,5/17/26 23:15,37.297,
Plot Title: 5C3C,3131,5/17/26 23:30,37.297,
Plot Title: 5C3C,3132,5/17/26 23:45,37.107,
Plot Title: 5C3C,3133,5/18/26 00:00,37.107,
Plot Title: 5C3C,3134,5/18/26 00:15,36.914,
Plot Title: 5C3C,3135,5/18/26 00:30,36.914,
Plot Title: 5C3C,3136,5/18/26 00:45,36.723,
Plot Title: 5C3C,3137,5/18/26 01:00,36.531,
Plot Title: 5C3C,3138,5/18/26 01:15,36.531,
Plot Title: 5C3C,3139,5/18/26 01:30,36.338,
Plot Title: 5C3C,3140,5/18/26 01:45,36.338,
Plot Title: 5C3C,3141,5/18/26 02:00,36.338,
Plot Title: 5C3C,3142,5/18/26 02:15,36.338,
Plot Title: 5C3C,3143,5/18/26 02:30,36.338,
Plot Title: 5C3C,3144,5/18/26 02:45,36.145,
Plot Title: 5C3C,3145,5/18/26 03:00,36.145,
Plot Title: 5C3C,3146,5/18/26 03:15,36.145,
Plot Title: 5C3C,3147,5/18/26 03:30,35.951,
Plot Title: 5C3C,3148,5/18/26 03:45,35.951,
Plot Title: 5C3C,3149,5/18/26 04:00,35.951,
Plot Title: 5C3C,3150,5/18/26 04:15,35.951,
Plot Title: 5C3C,3151,5/18/26 04:30,35.951,
Plot Title: 5C3C,3152,5/18/26 04:45,35.951,
Plot Title: 5C3C,3153,5/18/26 05:00,35.951,
Plot Title: 5C3C,3154,5/18/26 05:15,35.951,
Plot Title: 5C3C,3155,5/18/26 05:30,35.951,
Plot Title: 5C3C,3156,5/18/26 05:45,35.758,
Plot Title: 5C3C,3157,5/18/26 06:00,35.758,
Plot Title: 5C3C,3158,5/18/26 06:15,35.758,
Plot Title: 5C3C,3159,5/18/26 06:30,35.564,
Plot Title: 5C3C,3160,5/18/26 06:45,35.564,
Plot Title: 5C3C,3161,5/18/26 07:00,35.758,
Plot Title: 5C3C,3162,5/18/26 07:15,35.758,
Plot Title: 5C3C,3163,5/18/26 07:30,35.758,
Plot Title: 5C3C,3164,5/18/26 07:45,35.758,
Plot Title: 5C3C,3165,5/18/26 08:00,35.758,
Plot Title: 5C3C,3166,5/18/26 08:15,35.758,
Plot Title: 5C3C,3167,5/18/26 08:30,35.951,
Plot Title: 5C3C,3168,5/18/26 08:45,35.951,
Plot Title: 5C3C,3169,5/18/26 09:00,36.338,
Plot Title: 5C3C,3170,5/18/26 09:15,36.723,
Plot Title: 5C3C,3171,5/18/26 09:30,37.297,
Plot Title: 5C3C,3172,5/18/26 09:45,37.488,
Plot Title: 5C3C,3173,5/18/26 10:00,37.679,
Plot Title: 5C3C,3174,5/18/26 10:15,37.87,
Plot Title: 5C3C,3175,5/18/26 10:30,37.87,
Plot Title: 5C3C,3176,5/18/26 10:45,38.629,
Plot Title: 5C3C,3177,5/18/26 11:00,40.696,
Plot Title: 5C3C,3178,5/18/26 11:15,41.439,
Plot Title: 5C3C,3179,5/18/26 11:30,41.254,
Plot Title: 5C3C,3180,5/18/26 11:45,40.881,
Plot Title: 5C3C,3181,5/18/26 12:00,41.81,
Plot Title: 5C3C,3182,5/18/26 12:15,42.548,
Plot Title: 5C3C,3183,5/18/26 12:30,43.099,
Plot Title: 5C3C,3184,5/18/26 12:45,43.648,
Plot Title: 5C3C,3185,5/18/26 13:00,43.099,
Plot Title: 5C3C,3186,5/18/26 13:15,44.195,
Plot Title: 5C3C,3187,5/18/26 13:30,44.922,
Plot Title: 5C3C,3188,5/18/26 13:45,46.548,
Plot Title: 5C3C,3189,5/18/26 14:00,46.369,
Plot Title: 5C3C,3190,5/18/26 14:15,45.648,
Plot Title: 5C3C,3191,5/18/26 14:30,45.648,
Plot Title: 5C3C,3192,5/18/26 14:45,46.369,
Plot Title: 5C3C,3193,5/18/26 15:00,46.548,
Plot Title: 5C3C,3194,5/18/26 15:15,47.088,
Plot Title: 5C3C,3195,5/18/26 15:30,47.266,
Plot Title: 5C3C,3196,5/18/26 15:45,47.088,
Plot Title: 5C3C,3197,5/18/26 16:00,46.908,
Plot Title: 5C3C,3198,5/18/26 16:15,46.548,
Plot Title: 5C3C,3199,5/18/26 16:30,46.728,
Plot Title: 5C3C,3200,5/18/26 16:45,46.188,
Plot Title: 5C3C,3201,5/18/26 17:00,45.466,
Plot Title: 5C3C,3202,5/18/26 17:15,44.742,
Plot Title: 5C3C,3203,5/18/26 17:30,45.104,
Plot Title: 5C3C,3204,5/18/26 17:45,45.104,
Plot Title: 5C3C,3205,5/18/26 18:00,44.56,
Plot Title: 5C3C,3206,5/18/26 18:15,43.282,
Plot Title: 5C3C,3207,5/18/26 18:30,42.363,
Plot Title: 5C3C,3208,5/18/26 18:45,41.625,
Plot Title: 5C3C,3209,5/18/26 19:00,40.881,
Plot Title: 5C3C,3210,5/18/26 19:15,40.134,
Plot Title: 5C3C,3211,5/18/26 19:30,39.573,
Plot Title: 5C3C,3212,5/18/26 19:45,39.007,
Plot Title: 5C3C,3213,5/18/26 20:00,38.629,
Plot Title: 5C3C,3214,5/18/26 20:15,38.25,
Plot Title: 5C3C,3215,5/18/26 20:30,37.87,
Plot Title: 5C3C,3216,5/18/26 20:45,37.488,
Plot Title: 5C3C,3217,5/18/26 21:00,37.107,
Plot Title: 5C3C,3218,5/18/26 21:15,36.723,
Plot Title: 5C3C,3219,5/18/26 21:30,36.338,
Plot Title: 5C3C,3220,5/18/26 21:45,36.145,
Plot Title: 5C3C,3221,5/18/26 22:00,35.758,
Plot Title: 5C3C,3222,5/18/26 22:15,35.564,
Plot Title: 5C3C,3223,5/18/26 22:30,35.37,
Plot Title: 5C3C,3224,5/18/26 22:45,35.37,
Plot Title: 5C3C,3225,5/18/26 23:00,35.37,
Plot Title: 5C3C,3226,5/18/26 23:15,35.175,
Plot Title: 5C3C,3227,5/18/26 23:30,35.175,
Plot Title: 5C3C,3228,5/18/26 23:45,34.981,
Plot Title: 5C3C,3229,5/19/26 00:00,34.981,
Plot Title: 5C3C,3230,5/19/26 00:15,34.786,
Plot Title: 5C3C,3231,5/19/26 00:30,34.786,
Plot Title: 5C3C,3232,5/19/26 00:45,34.786,
Plot Title: 5C3C,3233,5/19/26 01:00,34.59,
Plot Title: 5C3C,3234,5/19/26 01:15,34.59,
Plot Title: 5C3C,3235,5/19/26 01:30,34.59,
Plot Title: 5C3C,3236,5/19/26 01:45,34.394,
Plot Title: 5C3C,3237,5/19/26 02:00,34.394,
Plot Title: 5C3C,3238,5/19/26 02:15,34.394,
Plot Title: 5C3C,3239,5/19/26 02:30,34.198,
Plot Title: 5C3C,3240,5/19/26 02:45,34.198,
Plot Title: 5C3C,3241,5/19/26 03:00,34.002,
Plot Title: 5C3C,3242,5/19/26 03:15,34.002,
Plot Title: 5C3C,3243,5/19/26 03:30,33.805,
Plot Title: 5C3C,3244,5/19/26 03:45,33.805,
Plot Title: 5C3C,3245,5/19/26 04:00,33.607,
Plot Title: 5C3C,3246,5/19/26 04:15,33.411,
Plot Title: 5C3C,3247,5/19/26 04:30,33.411,
Plot Title: 5C3C,3248,5/19/26 04:45,33.213,
Plot Title: 5C3C,3249,5/19/26 05:00,33.213,
Plot Title: 5C3C,3250,5/19/26 05:15,33.013,
Plot Title: 5C3C,3251,5/19/26 05:30,32.815,
Plot Title: 5C3C,3252,5/19/26 05:45,32.815,
Plot Title: 5C3C,3253,5/19/26 06:00,32.617,
Plot Title: 5C3C,3254,5/19/26 06:15,32.617,
Plot Title: 5C3C,3255,5/19/26 06:30,32.617,
Plot Title: 5C3C,3256,5/19/26 06:45,32.617,
Plot Title: 5C3C,3257,5/19/26 07:00,32.617,
Plot Title: 5C3C,3258,5/19/26 07:15,32.815,
Plot Title: 5C3C,3259,5/19/26 07:30,32.815,
Plot Title: 5C3C,3260,5/19/26 07:45,32.815,
Plot Title: 5C3C,3261,5/19/26 08:00,33.013,
Plot Title: 5C3C,3262,5/19/26 08:15,33.213,
Plot Title: 5C3C,3263,5/19/26 08:30,33.213,
Plot Title: 5C3C,3264,5/19/26 08:45,33.411,
Plot Title: 5C3C,3265,5/19/26 09:00,33.411,
Plot Title: 5C3C,3266,5/19/26 09:15,33.607,
Plot Title: 5C3C,3267,5/19/26 09:30,34.002,
Plot Title: 5C3C,3268,5/19/26 09:45,39.196,
Plot Title: 5C3C,3269,5/19/26 10:00,50.995,
Plot Title: 5C3C,3270,5/19/26 10:15,59.337,
Plot Title: 5C3C,3271,5/19/26 10:30,65.851,
Plot Title: 5C3C,3272,5/19/26 10:45,70.48,
Plot Title: 5C3C,3273,5/19/26 11:00,73.407,
Plot Title: 5C3C,3274,5/19/26 11:15,73.926,
Plot Title: 5C3C,3275,5/19/26 11:30,76.354,
Plot Title: 5C3C,3276,5/19/26 11:45,76.876,
Plot Title: 5C3C,3277,5/19/26 12:00,73.062,
Plot Title: 5C3C,3278,5/19/26 12:15,67.221,
Plot Title: 5C3C,3279,5/19/26 12:30,63.797,
Plot Title: 5C3C,3280,5/19/26 12:45,61.569,
Plot Title: 5C3C,3281,5/19/26 13:00,60.883,
Plot Title: 5C3C,3282,5/19/26 13:15,59.68,
Plot Title: 5C3C,3283,5/19/26 13:30,58.131,
Plot Title: 5C3C,3284,5/19/26 13:45,56.923,
Plot Title: 5C3C,3285,5/19/26 14:00,55.711,
Plot Title: 5C3C,3286,5/19/26 14:15,55.189,
Plot Title: 5C3C,3287,5/19/26 14:30,54.147,
Plot Title: 5C3C,3288,5/19/26 14:45,54.669,
Plot Title: 5C3C,3289,5/19/26 15:00,54.669,
Plot Title: 5C3C,3290,5/19/26 15:15,54.322,
Plot Title: 5C3C,3291,5/19/26 15:30,53.973,
Plot Title: 5C3C,3292,5/19/26 15:45,54.147,
Plot Title: 5C3C,3293,5/19/26 16:00,53.449,
Plot Title: 5C3C,3294,5/19/26 16:15,52.576,
Plot Title: 5C3C,3295,5/19/26 16:30,52.75,
Plot Title: 5C3C,3296,5/19/26 16:45,52.225,
Plot Title: 5C3C,3297,5/19/26 17:00,51.699,
Plot Title: 5C3C,3298,5/19/26 17:15,51.172,
Plot Title: 5C3C,3299,5/19/26 17:30,51.172,
Plot Title: 5C3C,3300,5/19/26 17:45,51.523,
Plot Title: 5C3C,3301,5/19/26 18:00,50.995,
Plot Title: 5C3C,3302,5/19/26 18:15,50.113,
Plot Title: 5C3C,3303,5/19/26 18:30,49.582,
Plot Title: 5C3C,3304,5/19/26 18:45,49.404,
Plot Title: 5C3C,3305,5/19/26 19:00,49.582,
Plot Title: 5C3C,3306,5/19/26 19:15,49.404,
Plot Title: 5C3C,3307,5/19/26 19:30,49.05,
Plot Title: 5C3C,3308,5/19/26 19:45,48.16,
Plot Title: 5C3C,3309,5/19/26 20:00,47.266,
Plot Title: 5C3C,3310,5/19/26 20:15,46.728,
Plot Title: 5C3C,3311,5/19/26 20:30,46.369,
Plot Title: 5C3C,3312,5/19/26 20:45,46.008,
Plot Title: 5C3C,3313,5/19/26 21:00,45.466,
Plot Title: 5C3C,3314,5/19/26 21:15,44.922,
Plot Title: 5C3C,3315,5/19/26 21:30,44.013,
Plot Title: 5C3C,3316,5/19/26 21:45,43.648,
Plot Title: 5C3C,3317,5/19/26 22:00,43.099,
Plot Title: 5C3C,3318,5/19/26 22:15,42.548,
Plot Title: 5C3C,3319,5/19/26 22:30,42.179,
Plot Title: 5C3C,3320,5/19/26 22:45,41.81,
Plot Title: 5C3C,3321,5/19/26 23:00,41.439,
Plot Title: 5C3C,3322,5/19/26 23:15,41.439,
Plot Title: 5C3C,3323,5/19/26 23:30,41.254,
Plot Title: 5C3C,3324,5/19/26 23:45,41.254,
Plot Title: 5C3C,3325,5/20/26 00:00,41.067,
Plot Title: 5C3C,3326,5/20/26 00:15,40.881,
Plot Title: 5C3C,3327,5/20/26 00:30,40.696,
Plot Title: 5C3C,3328,5/20/26 00:45,40.509,
Plot Title: 5C3C,3329,5/20/26 01:00,40.321,
Plot Title: 5C3C,3330,5/20/26 01:15,40.321,
Plot Title: 5C3C,3331,5/20/26 01:30,40.321,
Plot Title: 5C3C,3332,5/20/26 01:45,40.321,
Plot Title: 5C3C,3333,5/20/26 02:00,40.134,
Plot Title: 5C3C,3334,5/20/26 02:15,39.76,
Plot Title: 5C3C,3335,5/20/26 02:30,39.384,
Plot Title: 5C3C,3336,5/20/26 02:45,39.196,
Plot Title: 5C3C,3337,5/20/26 03:00,39.007,
Plot Title: 5C3C,3338,5/20/26 03:15,38.818,
Plot Title: 5C3C,3339,5/20/26 03:30,38.629,
Plot Title: 5C3C,3340,5/20/26 03:45,38.44,
Plot Title: 5C3C,3341,5/20/26 04:00,38.25,
Plot Title: 5C3C,3342,5/20/26 04:15,38.061,
Plot Title: 5C3C,3343,5/20/26 04:30,37.87,
Plot Title: 5C3C,3344,5/20/26 04:45,37.87,
Plot Title: 5C3C,3345,5/20/26 05:00,37.87,
Plot Title: 5C3C,3346,5/20/26 05:15,37.679,
Plot Title: 5C3C,3347,5/20/26 05:30,37.679,
Plot Title: 5C3C,3348,5/20/26 05:45,37.679,
Plot Title: 5C3C,3349,5/20/26 06:00,37.679,
Plot Title: 5C3C,3350,5/20/26 06:15,37.679,
Plot Title: 5C3C,3351,5/20/26 06:30,37.87,
Plot Title: 5C3C,3352,5/20/26 06:45,38.25,
Plot Title: 5C3C,3353,5/20/26 07:00,38.44,
Plot Title: 5C3C,3354,5/20/26 07:15,38.44,
Plot Title: 5C3C,3355,5/20/26 07:30,38.629,
Plot Title: 5C3C,3356,5/20/26 07:45,39.384,
Plot Title: 5C3C,3357,5/20/26 08:00,40.321,
Plot Title: 5C3C,3358,5/20/26 08:15,41.067,
Plot Title: 5C3C,3359,5/20/26 08:30,43.099,
Plot Title: 5C3C,3360,5/20/26 08:45,45.466,
Plot Title: 5C3C,3361,5/20/26 09:00,45.466,
Plot Title: 5C3C,3362,5/20/26 09:15,46.188,
Plot Title: 5C3C,3363,5/20/26 09:30,47.088,
Plot Title: 5C3C,3364,5/20/26 09:45,49.582,
Plot Title: 5C3C,3365,5/20/26 10:00,52.576,
Plot Title: 5C3C,3366,5/20/26 10:15,50.819,
Plot Title: 5C3C,3367,5/20/26 10:30,52.225,
Plot Title: 5C3C,3368,5/20/26 10:45,62.94,
Plot Title: 5C3C,3369,5/20/26 11:00,58.476,
Plot Title: 5C3C,3370,5/20/26 11:15,62.598,
Plot Title: 5C3C,3371,5/20/26 11:30,57.614,
Plot Title: 5C3C,3372,5/20/26 11:45,55.537,
Plot Title: 5C3C,3373,5/20/26 12:00,57.268,
Plot Title: 5C3C,3374,5/20/26 12:15,56.23,
Plot Title: 5C3C,3375,5/20/26 12:30,55.364,
Plot Title: 5C3C,3376,5/20/26 12:45,57.785,
Plot Title: 5C3C,3377,5/20/26 13:00,57.441,
Plot Title: 5C3C,3378,5/20/26 13:15,55.189,
Plot Title: 5C3C,3379,5/20/26 13:30,55.364,
Plot Title: 5C3C,3380,5/20/26 13:45,55.189,
Plot Title: 5C3C,3381,5/20/26 14:00,55.017,
Plot Title: 5C3C,3382,5/20/26 14:15,56.404,
Plot Title: 5C3C,3383,5/20/26 14:30,56.057,
Plot Title: 5C3C,3384,5/20/26 14:45,57.096,
Plot Title: 5C3C,3385,5/20/26 15:00,55.017,
Plot Title: 5C3C,3386,5/20/26 15:15,54.842,
Plot Title: 5C3C,3387,5/20/26 15:30,54.669,
Plot Title: 5C3C,3388,5/20/26 15:45,55.189,
Plot Title: 5C3C,3389,5/20/26 16:00,54.669,
Plot Title: 5C3C,3390,5/20/26 16:15,54.322,
Plot Title: 5C3C,3391,5/20/26 16:30,54.495,
Plot Title: 5C3C,3392,5/20/26 16:45,54.495,
Plot Title: 5C3C,3393,5/20/26 17:00,53.449,
Plot Title: 5C3C,3394,5/20/26 17:15,53.1,
Plot Title: 5C3C,3395,5/20/26 17:30,52.576,
Plot Title: 5C3C,3396,5/20/26 17:45,51.523,
Plot Title: 5C3C,3397,5/20/26 18:00,51.346,
Plot Title: 5C3C,3398,5/20/26 18:15,51.172,
Plot Title: 5C3C,3399,5/20/26 18:30,50.995,
Plot Title: 5C3C,3400,5/20/26 18:45,50.995,
Plot Title: 5C3C,3401,5/20/26 19:00,50.29,
Plot Title: 5C3C,3402,5/20/26 19:15,49.582,
Plot Title: 5C3C,3403,5/20/26 19:30,48.695,
Plot Title: 5C3C,3404,5/20/26 19:45,47.266,
Plot Title: 5C3C,3405,5/20/26 20:00,46.548,
Plot Title: 5C3C,3406,5/20/26 20:15,46.188,
Plot Title: 5C3C,3407,5/20/26 20:30,45.648,
Plot Title: 5C3C,3408,5/20/26 20:45,45.286,
Plot Title: 5C3C,3409,5/20/26 21:00,44.742,
Plot Title: 5C3C,3410,5/20/26 21:15,43.831,
Plot Title: 5C3C,3411,5/20/26 21:30,42.915,
Plot Title: 5C3C,3412,5/20/26 21:45,42.915,
Plot Title: 5C3C,3413,5/20/26 22:00,42.915,
Plot Title: 5C3C,3414,5/20/26 22:15,42.915,
Plot Title: 5C3C,3415,5/20/26 22:30,42.732,
Plot Title: 5C3C,3416,5/20/26 22:45,41.81,
Plot Title: 5C3C,3417,5/20/26 23:00,40.321,
Plot Title: 5C3C,3418,5/20/26 23:15,38.629,
Plot Title: 5C3C,3419,5/20/26 23:30,37.488,
Plot Title: 5C3C,3420,5/20/26 23:45,37.297,
Plot Title: 5C3C,3421,5/21/26 00:00,37.297,
Plot Title: 5C3C,3422,5/21/26 00:15,37.297,
Plot Title: 5C3C,3423,5/21/26 00:30,37.488,
Plot Title: 5C3C,3424,5/21/26 00:45,37.488,
Plot Title: 5C3C,3425,5/21/26 01:00,37.488,
Plot Title: 5C3C,3426,5/21/26 01:15,37.488,
Plot Title: 5C3C,3427,5/21/26 01:30,37.488,
Plot Title: 5C3C,3428,5/21/26 01:45,37.488,
Plot Title: 5C3C,3429,5/21/26 02:00,37.679,
Plot Title: 5C3C,3430,5/21/26 02:15,37.679,
Plot Title: 5C3C,3431,5/21/26 02:30,37.679,
Plot Title: 5C3C,3432,5/21/26 02:45,37.679,
Plot Title: 5C3C,3433,5/21/26 03:00,37.679,
Plot Title: 5C3C,3434,5/21/26 03:15,37.488,
Plot Title: 5C3C,3435,5/21/26 03:30,37.488,
Plot Title: 5C3C,3436,5/21/26 03:45,37.679,
Plot Title: 5C3C,3437,5/21/26 04:00,37.488,
Plot Title: 5C3C,3438,5/21/26 04:15,37.679,
Plot Title: 5C3C,3439,5/21/26 04:30,37.679,
Plot Title: 5C3C,3440,5/21/26 04:45,37.679,
Plot Title: 5C3C,3441,5/21/26 05:00,37.488,
Plot Title: 5C3C,3442,5/21/26 05:15,37.488,
Plot Title: 5C3C,3443,5/21/26 05:30,37.488,
Plot Title: 5C3C,3444,5/21/26 05:45,37.107,
Plot Title: 5C3C,3445,5/21/26 06:00,36.531,
Plot Title: 5C3C,3446,5/21/26 06:15,36.531,
Plot Title: 5C3C,3447,5/21/26 06:30,36.723,
Plot Title: 5C3C,3448,5/21/26 06:45,36.723,
Plot Title: 5C3C,3449,5/21/26 07:00,36.145,
Plot Title: 5C3C,3450,5/21/26 07:15,35.951,
Plot Title: 5C3C,3451,5/21/26 07:30,36.338,
Plot Title: 5C3C,3452,5/21/26 07:45,36.531,
Plot Title: 5C3C,3453,5/21/26 08:00,36.531,
Plot Title: 5C3C,3454,5/21/26 08:15,36.531,
Plot Title: 5C3C,3455,5/21/26 08:30,36.531,
Plot Title: 5C3C,3456,5/21/26 08:45,36.531,
Plot Title: 5C3C,3457,5/21/26 09:00,36.723,
Plot Title: 5C3C,3458,5/21/26 09:15,36.723,
Plot Title: 5C3C,3459,5/21/26 09:30,36.914,
Plot Title: 5C3C,3460,5/21/26 09:45,37.107,
Plot Title: 5C3C,3461,5/21/26 10:00,37.107,
Plot Title: 5C3C,3462,5/21/26 10:15,37.297,
Plot Title: 5C3C,3463,5/21/26 10:30,37.297,
Plot Title: 5C3C,3464,5/21/26 10:45,37.297,
Plot Title: 5C3C,3465,5/21/26 11:00,37.297,
Plot Title: 5C3C,3466,5/21/26 11:15,37.297,
Plot Title: 5C3C,3467,5/21/26 11:30,37.297,
Plot Title: 5C3C,3468,5/21/26 11:45,37.297,
Plot Title: 5C3C,3469,5/21/26 12:00,37.297,
Plot Title: 5C3C,3470,5/21/26 12:15,37.107,
Plot Title: 5C3C,3471,5/21/26 12:30,37.297,
Plot Title: 5C3C,3472,5/21/26 12:45,37.297,
Plot Title: 5C3C,3473,5/21/26 13:00,37.297,
Plot Title: 5C3C,3474,5/21/26 13:15,37.107,
Plot Title: 5C3C,3475,5/21/26 13:30,37.488,
Plot Title: 5C3C,3476,5/21/26 13:45,37.297,
Plot Title: 5C3C,3477,5/21/26 14:00,37.107,
Plot Title: 5C3C,3478,5/21/26 14:15,37.297,
Plot Title: 5C3C,3479,5/21/26 14:30,37.297,
Plot Title: 5C3C,3480,5/21/26 14:45,37.107,
Plot Title: 5C3C,3481,5/21/26 15:00,37.107,
Plot Title: 5C3C,3482,5/21/26 15:15,37.107,
Plot Title: 5C3C,3483,5/21/26 15:30,37.297,
Plot Title: 5C3C,3484,5/21/26 15:45,37.488,
Plot Title: 5C3C,3485,5/21/26 16:00,37.87,
Plot Title: 5C3C,3486,5/21/26 16:15,38.061,
Plot Title: 5C3C,3487,5/21/26 16:30,38.25,
Plot Title: 5C3C,3488,5/21/26 16:45,38.818,
Plot Title: 5C3C,3489,5/21/26 17:00,39.384,
Plot Title: 5C3C,3490,5/21/26 17:15,39.573,
Plot Title: 5C3C,3491,5/21/26 17:30,39.76,
Plot Title: 5C3C,3492,5/21/26 17:45,39.573,
Plot Title: 5C3C,3493,5/21/26 18:00,39.384,
Plot Title: 5C3C,3494,5/21/26 18:15,39.196,
Plot Title: 5C3C,3495,5/21/26 18:30,39.196,
Plot Title: 5C3C,3496,5/21/26 18:45,39.384,
Plot Title: 5C3C,3497,5/21/26 19:00,39.573,
Plot Title: 5C3C,3498,5/21/26 19:15,39.384,
Plot Title: 5C3C,3499,5/21/26 19:30,39.196,
Plot Title: 5C3C,3500,5/21/26 19:45,38.818,
Plot Title: 5C3C,3501,5/21/26 20:00,38.25,
Plot Title: 5C3C,3502,5/21/26 20:15,38.061,
Plot Title: 5C3C,3503,5/21/26 20:30,37.679,
Plot Title: 5C3C,3504,5/21/26 20:45,37.488,
Plot Title: 5C3C,3505,5/21/26 21:00,37.107,
Plot Title: 5C3C,3506,5/21/26 21:15,36.914,
Plot Title: 5C3C,3507,5/21/26 21:30,36.723,
Plot Title: 5C3C,3508,5/21/26 21:45,36.723,
Plot Title: 5C3C,3509,5/21/26 22:00,36.338,
Plot Title: 5C3C,3510,5/21/26 22:15,36.338,
Plot Title: 5C3C,3511,5/21/26 22:30,36.145,
Plot Title: 5C3C,3512,5/21/26 22:45,35.951,
Plot Title: 5C3C,3513,5/21/26 23:00,35.951,
Plot Title: 5C3C,3514,5/21/26 23:15,35.951,
Plot Title: 5C3C,3515,5/21/26 23:30,35.758,
Plot Title: 5C3C,3516,5/21/26 23:45,35.758,
Plot Title: 5C3C,3517,5/22/26 00:00,35.758,
Plot Title: 5C3C,3518,5/22/26 00:15,35.564,
Plot Title: 5C3C,3519,5/22/26 00:30,35.37,
Plot Title: 5C3C,3520,5/22/26 00:45,35.37,
Plot Title: 5C3C,3521,5/22/26 01:00,35.37,
Plot Title: 5C3C,3522,5/22/26 01:15,35.37,
Plot Title: 5C3C,3523,5/22/26 01:30,35.175,
Plot Title: 5C3C,3524,5/22/26 01:45,35.175,
Plot Title: 5C3C,3525,5/22/26 02:00,35.175,
Plot Title: 5C3C,3526,5/22/26 02:15,34.981,
Plot Title: 5C3C,3527,5/22/26 02:30,34.981,
Plot Title: 5C3C,3528,5/22/26 02:45,34.786,
Plot Title: 5C3C,3529,5/22/26 03:00,34.786,
Plot Title: 5C3C,3530,5/22/26 03:15,34.786,
Plot Title: 5C3C,3531,5/22/26 03:30,34.59,
Plot Title: 5C3C,3532,5/22/26 03:45,34.59,
Plot Title: 5C3C,3533,5/22/26 04:00,34.59,
Plot Title: 5C3C,3534,5/22/26 04:15,34.59,
Plot Title: 5C3C,3535,5/22/26 04:30,34.59,
Plot Title: 5C3C,3536,5/22/26 04:45,34.59,
Plot Title: 5C3C,3537,5/22/26 05:00,34.59,
Plot Title: 5C3C,3538,5/22/26 05:15,34.394,
Plot Title: 5C3C,3539,5/22/26 05:30,34.394,
Plot Title: 5C3C,3540,5/22/26 05:45,34.394,
Plot Title: 5C3C,3541,5/22/26 06:00,34.394,
Plot Title: 5C3C,3542,5/22/26 06:15,34.198,
Plot Title: 5C3C,3543,5/22/26 06:30,34.394,
Plot Title: 5C3C,3544,5/22/26 06:45,34.394,
Plot Title: 5C3C,3545,5/22/26 07:00,34.394,
Plot Title: 5C3C,3546,5/22/26 07:15,34.59,
Plot Title: 5C3C,3547,5/22/26 07:30,34.59,
Plot Title: 5C3C,3548,5/22/26 07:45,34.786,
Plot Title: 5C3C,3549,5/22/26 08:00,35.37,
Plot Title: 5C3C,3550,5/22/26 08:15,36.145,
Plot Title: 5C3C,3551,5/22/26 08:30,37.679,
Plot Title: 5C3C,3552,5/22/26 08:45,40.696,
Plot Title: 5C3C,3553,5/22/26 09:00,41.81,
Plot Title: 5C3C,3554,5/22/26 09:15,41.994,
Plot Title: 5C3C,3555,5/22/26 09:30,42.179,
Plot Title: 5C3C,3556,5/22/26 09:45,48.695,
Plot Title: 5C3C,3557,5/22/26 10:00,59.508,
Plot Title: 5C3C,3558,5/22/26 10:15,62.598,
Plot Title: 5C3C,3559,5/22/26 10:30,63.282,
Plot Title: 5C3C,3560,5/22/26 10:45,67.906,
Plot Title: 5C3C,3561,5/22/26 11:00,70.651,
Plot Title: 5C3C,3562,5/22/26 11:15,66.708,
Plot Title: 5C3C,3563,5/22/26 11:30,66.366,
Plot Title: 5C3C,3564,5/22/26 11:45,69.449,
Plot Title: 5C3C,3565,5/22/26 12:00,67.564,
Plot Title: 5C3C,3566,5/22/26 12:15,64.652,
Plot Title: 5C3C,3567,5/22/26 12:30,62.94,
Plot Title: 5C3C,3568,5/22/26 12:45,61.912,
Plot Title: 5C3C,3569,5/22/26 13:00,58.647,
Plot Title: 5C3C,3570,5/22/26 13:15,56.923,
Plot Title: 5C3C,3571,5/22/26 13:30,55.537,
Plot Title: 5C3C,3572,5/22/26 13:45,53.973,
Plot Title: 5C3C,3573,5/22/26 14:00,53.449,
Plot Title: 5C3C,3574,5/22/26 14:15,55.711,
Plot Title: 5C3C,3575,5/22/26 14:30,57.614,
Plot Title: 5C3C,3576,5/22/26 14:45,57.958,
Plot Title: 5C3C,3577,5/22/26 15:00,56.75,
Plot Title: 5C3C,3578,5/22/26 15:15,56.923,
Plot Title: 5C3C,3579,5/22/26 15:30,56.75,
Plot Title: 5C3C,3580,5/22/26 15:45,55.711,
Plot Title: 5C3C,3581,5/22/26 16:00,54.322,
Plot Title: 5C3C,3582,5/22/26 16:15,52.576,
Plot Title: 5C3C,3583,5/22/26 16:30,51.699,
Plot Title: 5C3C,3584,5/22/26 16:45,51.699,
Plot Title: 5C3C,3585,5/22/26 17:00,52.225,
Plot Title: 5C3C,3586,5/22/26 17:15,52.05,
Plot Title: 5C3C,3587,5/22/26 17:30,52.576,
Plot Title: 5C3C,3588,5/22/26 17:45,52.576,
Plot Title: 5C3C,3589,5/22/26 18:00,52.225,
Plot Title: 5C3C,3590,5/22/26 18:15,51.699,
Plot Title: 5C3C,3591,5/22/26 18:30,50.995,
Plot Title: 5C3C,3592,5/22/26 18:45,49.937,
Plot Title: 5C3C,3593,5/22/26 19:00,49.05,
Plot Title: 5C3C,3594,5/22/26 19:15,48.517,
Plot Title: 5C3C,3595,5/22/26 19:30,48.339,
Plot Title: 5C3C,3596,5/22/26 19:45,48.16,
Plot Title: 5C3C,3597,5/22/26 20:00,47.624,
Plot Title: 5C3C,3598,5/22/26 20:15,47.088,
Plot Title: 5C3C,3599,5/22/26 20:30,46.369,
Plot Title: 5C3C,3600,5/22/26 20:45,45.828,
Plot Title: 5C3C,3601,5/22/26 21:00,45.466,
Plot Title: 5C3C,3602,5/22/26 21:15,45.104,
Plot Title: 5C3C,3603,5/22/26 21:30,44.922,
Plot Title: 5C3C,3604,5/22/26 21:45,44.56,
Plot Title: 5C3C,3605,5/22/26 22:00,44.379,
Plot Title: 5C3C,3606,5/22/26 22:15,44.013,
Plot Title: 5C3C,3607,5/22/26 22:30,43.831,
Plot Title: 5C3C,3608,5/22/26 22:45,43.831,
Plot Title: 5C3C,3609,5/22/26 23:00,43.831,
Plot Title: 5C3C,3610,5/22/26 23:15,43.831,
Plot Title: 5C3C,3611,5/22/26 23:30,43.831,
Plot Title: 5C3C,3612,5/22/26 23:45,43.831,
Plot Title: 5C3C,3613,5/23/26 00:00,43.648,
Plot Title: 5C3C,3614,5/23/26 00:15,43.466,
Plot Title: 5C3C,3615,5/23/26 00:30,43.282,
Plot Title: 5C3C,3616,5/23/26 00:45,43.099,
Plot Title: 5C3C,3617,5/23/26 01:00,43.282,
Plot Title: 5C3C,3618,5/23/26 01:15,43.282,
Plot Title: 5C3C,3619,5/23/26 01:30,43.282,
Plot Title: 5C3C,3620,5/23/26 01:45,43.282,
Plot Title: 5C3C,3621,5/23/26 02:00,43.099,
Plot Title: 5C3C,3622,5/23/26 02:15,43.099,
Plot Title: 5C3C,3623,5/23/26 02:30,42.915,
Plot Title: 5C3C,3624,5/23/26 02:45,42.732,
Plot Title: 5C3C,3625,5/23/26 03:00,42.732,
Plot Title: 5C3C,3626,5/23/26 03:15,42.732,
Plot Title: 5C3C,3627,5/23/26 03:30,42.363,
Plot Title: 5C3C,3628,5/23/26 03:45,41.994,
Plot Title: 5C3C,3629,5/23/26 04:00,41.81,
Plot Title: 5C3C,3630,5/23/26 04:15,41.625,
Plot Title: 5C3C,3631,5/23/26 04:30,41.439,
Plot Title: 5C3C,3632,5/23/26 04:45,41.254,
Plot Title: 5C3C,3633,5/23/26 05:00,41.067,
Plot Title: 5C3C,3634,5/23/26 05:15,41.067,
Plot Title: 5C3C,3635,5/23/26 05:30,40.881,
Plot Title: 5C3C,3636,5/23/26 05:45,40.881,
Plot Title: 5C3C,3637,5/23/26 06:00,40.881,
Plot Title: 5C3C,3638,5/23/26 06:15,40.881,
Plot Title: 5C3C,3639,5/23/26 06:30,40.881,
Plot Title: 5C3C,3640,5/23/26 06:45,41.254,
Plot Title: 5C3C,3641,5/23/26 07:00,41.439,
Plot Title: 5C3C,3642,5/23/26 07:15,41.439,
Plot Title: 5C3C,3643,5/23/26 07:30,42.179,
Plot Title: 5C3C,3644,5/23/26 07:45,43.099,
Plot Title: 5C3C,3645,5/23/26 08:00,44.195,
Plot Title: 5C3C,3646,5/23/26 08:15,44.922,
Plot Title: 5C3C,3647,5/23/26 08:30,46.908,
Plot Title: 5C3C,3648,5/23/26 08:45,48.517,
Plot Title: 5C3C,3649,5/23/26 09:00,48.517,
Plot Title: 5C3C,3650,5/23/26 09:15,47.802,
Plot Title: 5C3C,3651,5/23/26 09:30,48.339,
Plot Title: 5C3C,3652,5/23/26 09:45,54.842,
Plot Title: 5C3C,3653,5/23/26 10:00,63.626,
Plot Title: 5C3C,3654,5/23/26 10:15,68.421,
Plot Title: 5C3C,3655,5/23/26 10:30,72.545,
Plot Title: 5C3C,3656,5/23/26 10:45,72.372,
Plot Title: 5C3C,3657,5/23/26 11:00,74.791,
Plot Title: 5C3C,3658,5/23/26 11:15,74.619,
Plot Title: 5C3C,3659,5/23/26 11:30,76.006,
Plot Title: 5C3C,3660,5/23/26 11:45,79.502,
Plot Title: 5C3C,3661,5/23/26 12:00,79.326,
Plot Title: 5C3C,3662,5/23/26 12:15,73.407,
Plot Title: 5C3C,3663,5/23/26 12:30,68.934,
Plot Title: 5C3C,3664,5/23/26 12:45,67.221,
Plot Title: 5C3C,3665,5/23/26 13:00,65.68,
Plot Title: 5C3C,3666,5/23/26 13:15,64.996,
Plot Title: 5C3C,3667,5/23/26 13:30,64.139,
Plot Title: 5C3C,3668,5/23/26 13:45,63.797,
Plot Title: 5C3C,3669,5/23/26 14:00,63.282,
Plot Title: 5C3C,3670,5/23/26 14:15,62.769,
Plot Title: 5C3C,3671,5/23/26 14:30,65.68,
Plot Title: 5C3C,3672,5/23/26 14:45,66.537,
Plot Title: 5C3C,3673,5/23/26 15:00,63.455,
Plot Title: 5C3C,3674,5/23/26 15:15,62.083,
Plot Title: 5C3C,3675,5/23/26 15:30,61.054,
Plot Title: 5C3C,3676,5/23/26 15:45,60.368,
Plot Title: 5C3C,3677,5/23/26 16:00,59.337,
Plot Title: 5C3C,3678,5/23/26 16:15,58.647,
Plot Title: 5C3C,3679,5/23/26 16:30,58.303,
Plot Title: 5C3C,3680,5/23/26 16:45,58.131,
Plot Title: 5C3C,3681,5/23/26 17:00,58.476,
Plot Title: 5C3C,3682,5/23/26 17:15,57.958,
Plot Title: 5C3C,3683,5/23/26 17:30,57.441,
Plot Title: 5C3C,3684,5/23/26 17:45,57.268,
Plot Title: 5C3C,3685,5/23/26 18:00,56.577,
Plot Title: 5C3C,3686,5/23/26 18:15,55.711,
Plot Title: 5C3C,3687,5/23/26 18:30,55.711,
Plot Title: 5C3C,3688,5/23/26 18:45,55.189,
Plot Title: 5C3C,3689,5/23/26 19:00,54.669,
Plot Title: 5C3C,3690,5/23/26 19:15,53.798,
Plot Title: 5C3C,3691,5/23/26 19:30,52.925,
Plot Title: 5C3C,3692,5/23/26 19:45,52.401,
Plot Title: 5C3C,3693,5/23/26 20:00,51.874,
Plot Title: 5C3C,3694,5/23/26 20:15,51.346,
Plot Title: 5C3C,3695,5/23/26 20:30,50.819,
Plot Title: 5C3C,3696,5/23/26 20:45,50.466,
Plot Title: 5C3C,3697,5/23/26 21:00,50.113,
Plot Title: 5C3C,3698,5/23/26 21:15,49.582,
Plot Title: 5C3C,3699,5/23/26 21:30,49.228,
Plot Title: 5C3C,3700,5/23/26 21:45,48.871,
Plot Title: 5C3C,3701,5/23/26 22:00,48.695,
Plot Title: 5C3C,3702,5/23/26 22:15,48.16,
Plot Title: 5C3C,3703,5/23/26 22:30,47.982,
Plot Title: 5C3C,3704,5/23/26 22:45,47.624,
Plot Title: 5C3C,3705,5/23/26 23:00,47.266,
Plot Title: 5C3C,3706,5/23/26 23:15,47.088,
Plot Title: 5C3C,3707,5/23/26 23:30,46.908,
Plot Title: 5C3C,3708,5/23/26 23:45,46.548,
Plot Title: 5C3C,3709,5/24/26 00:00,46.369,
Plot Title: 5C3C,3710,5/24/26 00:15,46.188,
Plot Title: 5C3C,3711,5/24/26 00:30,46.008,
Plot Title: 5C3C,3712,5/24/26 00:45,45.828,
Plot Title: 5C3C,3713,5/24/26 01:00,45.648,
Plot Title: 5C3C,3714,5/24/26 01:15,45.466,
Plot Title: 5C3C,3715,5/24/26 01:30,45.286,
Plot Title: 5C3C,3716,5/24/26 01:45,45.104,
Plot Title: 5C3C,3717,5/24/26 02:00,44.922,
Plot Title: 5C3C,3718,5/24/26 02:15,44.922,
Plot Title: 5C3C,3719,5/24/26 02:30,44.742,
Plot Title: 5C3C,3720,5/24/26 02:45,44.742,
Plot Title: 5C3C,3721,5/24/26 03:00,44.379,
Plot Title: 5C3C,3722,5/24/26 03:15,44.379,
Plot Title: 5C3C,3723,5/24/26 03:30,44.379,
Plot Title: 5C3C,3724,5/24/26 03:45,44.195,
Plot Title: 5C3C,3725,5/24/26 04:00,44.013,
Plot Title: 5C3C,3726,5/24/26 04:15,44.013,
Plot Title: 5C3C,3727,5/24/26 04:30,43.831,
Plot Title: 5C3C,3728,5/24/26 04:45,43.831,
Plot Title: 5C3C,3729,5/24/26 05:00,43.648,
Plot Title: 5C3C,3730,5/24/26 05:15,43.466,
Plot Title: 5C3C,3731,5/24/26 05:30,43.282,
Plot Title: 5C3C,3732,5/24/26 05:45,43.282,
Plot Title: 5C3C,3733,5/24/26 06:00,43.099,
Plot Title: 5C3C,3734,5/24/26 06:15,43.282,
Plot Title: 5C3C,3735,5/24/26 06:30,43.282,
Plot Title: 5C3C,3736,5/24/26 06:45,43.466,
Plot Title: 5C3C,3737,5/24/26 07:00,43.831,
Plot Title: 5C3C,3738,5/24/26 07:15,44.013,
Plot Title: 5C3C,3739,5/24/26 07:30,44.379,
Plot Title: 5C3C,3740,5/24/26 07:45,44.742,
Plot Title: 5C3C,3741,5/24/26 08:00,45.648,
Plot Title: 5C3C,3742,5/24/26 08:15,46.188,
Plot Title: 5C3C,3743,5/24/26 08:30,49.937,
Plot Title: 5C3C,3744,5/24/26 08:45,52.75,
Plot Title: 5C3C,3745,5/24/26 09:00,51.172,
Plot Title: 5C3C,3746,5/24/26 09:15,50.643,
Plot Title: 5C3C,3747,5/24/26 09:30,51.172,
Plot Title: 5C3C,3748,5/24/26 09:45,58.131,
Plot Title: 5C3C,3749,5/24/26 10:00,63.797,
Plot Title: 5C3C,3750,5/24/26 10:15,68.934,
Plot Title: 5C3C,3751,5/24/26 10:30,72.545,
Plot Title: 5C3C,3752,5/24/26 10:45,80.911,
Plot Title: 5C3C,3753,5/24/26 11:00,85.554,
Plot Title: 5C3C,3754,5/24/26 11:15,88.282,
Plot Title: 5C3C,3755,5/24/26 11:30,90.309,
Plot Title: 5C3C,3756,5/24/26 11:45,89.938,
Plot Title: 5C3C,3757,5/24/26 12:00,87.368,
Plot Title: 5C3C,3758,5/24/26 12:15,81.797,
Plot Title: 5C3C,3759,5/24/26 12:30,76.876,
Plot Title: 5C3C,3760,5/24/26 12:45,79.151,
Plot Title: 5C3C,3761,5/24/26 13:00,75.659,
Plot Title: 5C3C,3762,5/24/26 13:15,71.856,
Plot Title: 5C3C,3763,5/24/26 13:30,68.592,
Plot Title: 5C3C,3764,5/24/26 13:45,66.537,
Plot Title: 5C3C,3765,5/24/26 14:00,65.68,
Plot Title: 5C3C,3766,5/24/26 14:15,67.05,
Plot Title: 5C3C,3767,5/24/26 14:30,75.659,
Plot Title: 5C3C,3768,5/24/26 14:45,76.703,
Plot Title: 5C3C,3769,5/24/26 15:00,72.372,
Plot Title: 5C3C,3770,5/24/26 15:15,69.793,
Plot Title: 5C3C,3771,5/24/26 15:30,67.906,
Plot Title: 5C3C,3772,5/24/26 15:45,66.879,
Plot Title: 5C3C,3773,5/24/26 16:00,66.193,
Plot Title: 5C3C,3774,5/24/26 16:15,65.167,
Plot Title: 5C3C,3775,5/24/26 16:30,64.652,
Plot Title: 5C3C,3776,5/24/26 16:45,64.481,
Plot Title: 5C3C,3777,5/24/26 17:00,64.481,
Plot Title: 5C3C,3778,5/24/26 17:15,64.139,
Plot Title: 5C3C,3779,5/24/26 17:30,63.968,
Plot Title: 5C3C,3780,5/24/26 17:45,63.455,
Plot Title: 5C3C,3781,5/24/26 18:00,63.111,
Plot Title: 5C3C,3782,5/24/26 18:15,62.425,
Plot Title: 5C3C,3783,5/24/26 18:30,61.398,
Plot Title: 5C3C,3784,5/24/26 18:45,60.368,
Plot Title: 5C3C,3785,5/24/26 19:00,59.851,
Plot Title: 5C3C,3786,5/24/26 19:15,59.68,
Plot Title: 5C3C,3787,5/24/26 19:30,59.337,
Plot Title: 5C3C,3788,5/24/26 19:45,58.993,
Plot Title: 5C3C,3789,5/24/26 20:00,58.647,
Plot Title: 5C3C,3790,5/24/26 20:15,57.958,
Plot Title: 5C3C,3791,5/24/26 20:30,57.268,
Plot Title: 5C3C,3792,5/24/26 20:45,56.577,
Plot Title: 5C3C,3793,5/24/26 21:00,55.884,
Plot Title: 5C3C,3794,5/24/26 21:15,55.537,
Plot Title: 5C3C,3795,5/24/26 21:30,55.189,
Plot Title: 5C3C,3796,5/24/26 21:45,54.842,
Plot Title: 5C3C,3797,5/24/26 22:00,54.322,
Plot Title: 5C3C,3798,5/24/26 22:15,53.798,
Plot Title: 5C3C,3799,5/24/26 22:30,53.623,
Plot Title: 5C3C,3800,5/24/26 22:45,53.449,
Plot Title: 5C3C,3801,5/24/26 23:00,53.274,
Plot Title: 5C3C,3802,5/24/26 23:15,52.75,
Plot Title: 5C3C,3803,5/24/26 23:30,52.401,
Plot Title: 5C3C,3804,5/24/26 23:45,52.401,
Plot Title: 5C3C,3805,5/25/26 00:00,52.225,
Plot Title: 5C3C,3806,5/25/26 00:15,51.874,
Plot Title: 5C3C,3807,5/25/26 00:30,51.699,
Plot Title: 5C3C,3808,5/25/26 00:45,51.523,
Plot Title: 5C3C,3809,5/25/26 01:00,51.523,
Plot Title: 5C3C,3810,5/25/26 01:15,51.346,
Plot Title: 5C3C,3811,5/25/26 01:30,51.172,
Plot Title: 5C3C,3812,5/25/26 01:45,50.819,
Plot Title: 5C3C,3813,5/25/26 02:00,50.643,
Plot Title: 5C3C,3814,5/25/26 02:15,50.29,
Plot Title: 5C3C,3815,5/25/26 02:30,50.29,
Plot Title: 5C3C,3816,5/25/26 02:45,50.113,
Plot Title: 5C3C,3817,5/25/26 03:00,50.113,
Plot Title: 5C3C,3818,5/25/26 03:15,49.937,
Plot Title: 5C3C,3819,5/25/26 03:30,49.759,
Plot Title: 5C3C,3820,5/25/26 03:45,49.759,
Plot Title: 5C3C,3821,5/25/26 04:00,49.582,
Plot Title: 5C3C,3822,5/25/26 04:15,49.582,
Plot Title: 5C3C,3823,5/25/26 04:30,49.404,
Plot Title: 5C3C,3824,5/25/26 04:45,49.228,
Plot Title: 5C3C,3825,5/25/26 05:00,49.05,
Plot Title: 5C3C,3826,5/25/26 05:15,48.871,
Plot Title: 5C3C,3827,5/25/26 05:30,48.695,
Plot Title: 5C3C,3828,5/25/26 05:45,48.517,
Plot Title: 5C3C,3829,5/25/26 06:00,48.517,
Plot Title: 5C3C,3830,5/25/26 06:15,48.517,
Plot Title: 5C3C,3831,5/25/26 06:30,48.517,
Plot Title: 5C3C,3832,5/25/26 06:45,48.871,
Plot Title: 5C3C,3833,5/25/26 07:00,49.05,
Plot Title: 5C3C,3834,5/25/26 07:15,49.404,
Plot Title: 5C3C,3835,5/25/26 07:30,49.582,
Plot Title: 5C3C,3836,5/25/26 07:45,49.937,
Plot Title: 5C3C,3837,5/25/26 08:00,50.819,
Plot Title: 5C3C,3838,5/25/26 08:15,51.346,
Plot Title: 5C3C,3839,5/25/26 08:30,55.189,
Plot Title: 5C3C,3840,5/25/26 08:45,58.131,
Plot Title: 5C3C,3841,5/25/26 09:00,56.23,
Plot Title: 5C3C,3842,5/25/26 09:15,55.537,
Plot Title: 5C3C,3843,5/25/26 09:30,55.537,
Plot Title: 5C3C,3844,5/25/26 09:45,63.111,
Plot Title: 5C3C,3845,5/25/26 10:00,76.181,
Plot Title: 5C3C,3846,5/25/26 10:15,84.115,
Plot Title: 5C3C,3847,5/25/26 10:30,89.755,
Plot Title: 5C3C,3848,5/25/26 10:45,94.253,
Plot Title: 5C3C,3849,5/25/26 11:00,97.525,
Plot Title: 5C3C,3850,5/25/26 11:15,99.885,
Plot Title: 5C3C,3851,5/25/26 11:30,101.484,
Plot Title: 5C3C,3852,5/25/26 11:45,103.512,
Plot Title: 5C3C,3853,5/25/26 12:00,102.697,
Plot Title: 5C3C,3854,5/25/26 12:15,95.783,
Plot Title: 5C3C,3855,5/25/26 12:30,89.2,
Plot Title: 5C3C,3856,5/25/26 12:45,93.493,
Plot Title: 5C3C,3857,5/25/26 13:00,86.277,
Plot Title: 5C3C,3858,5/25/26 13:15,81.266,
Plot Title: 5C3C,3859,5/25/26 13:30,78.449,
Plot Title: 5C3C,3860,5/25/26 13:45,75.832,
Plot Title: 5C3C,3861,5/25/26 14:00,73.234,
Plot Title: 5C3C,3862,5/25/26 14:15,70.48,
Plot Title: 5C3C,3863,5/25/26 14:30,70.48,
Plot Title: 5C3C,3864,5/25/26 14:45,75.139,
Plot Title: 5C3C,3865,5/25/26 15:00,69.793,
Plot Title: 5C3C,3866,5/25/26 15:15,67.221,
Plot Title: 5C3C,3867,5/25/26 15:30,66.193,
Plot Title: 5C3C,3868,5/25/26 15:45,64.481,
Plot Title: 5C3C,3869,5/25/26 16:00,63.455,
Plot Title: 5C3C,3870,5/25/26 16:15,62.425,
Plot Title: 5C3C,3871,5/25/26 16:30,61.912,
Plot Title: 5C3C,3872,5/25/26 16:45,62.083,
Plot Title: 5C3C,3873,5/25/26 17:00,62.254,
Plot Title: 5C3C,3874,5/25/26 17:15,62.083,
Plot Title: 5C3C,3875,5/25/26 17:30,62.083,
Plot Title: 5C3C,3876,5/25/26 17:45,61.912,
Plot Title: 5C3C,3877,5/25/26 18:00,62.083,
Plot Title: 5C3C,3878,5/25/26 18:15,62.598,
Plot Title: 5C3C,3879,5/25/26 18:30,62.598,
Plot Title: 5C3C,3880,5/25/26 18:45,62.425,
Plot Title: 5C3C,3881,5/25/26 19:00,61.569,
Plot Title: 5C3C,3882,5/25/26 19:15,61.054,
Plot Title: 5C3C,3883,5/25/26 19:30,60.883,
Plot Title: 5C3C,3884,5/25/26 19:45,60.368,
Plot Title: 5C3C,3885,5/25/26 20:00,59.68,
Plot Title: 5C3C,3886,5/25/26 20:15,59.164,
Plot Title: 5C3C,3887,5/25/26 20:30,58.647,
Plot Title: 5C3C,3888,5/25/26 20:45,58.303,
Plot Title: 5C3C,3889,5/25/26 21:00,57.614,
Plot Title: 5C3C,3890,5/25/26 21:15,56.923,
Plot Title: 5C3C,3891,5/25/26 21:30,56.23,
Plot Title: 5C3C,3892,5/25/26 21:45,55.711,
Plot Title: 5C3C,3893,5/25/26 22:00,55.189,
Plot Title: 5C3C,3894,5/25/26 22:15,54.669,
Plot Title: 5C3C,3895,5/25/26 22:30,54.322,
Plot Title: 5C3C,3896,5/25/26 22:45,53.973,
Plot Title: 5C3C,3897,5/25/26 23:00,53.623,
Plot Title: 5C3C,3898,5/25/26 23:15,53.274,
Plot Title: 5C3C,3899,5/25/26 23:30,53.1,
Plot Title: 5C3C,3900,5/25/26 23:45,52.75,
Plot Title: 5C3C,3901,5/26/26 00:00,52.75,
Plot Title: 5C3C,3902,5/26/26 00:15,52.225,
Plot Title: 5C3C,3903,5/26/26 00:30,52.05,
Plot Title: 5C3C,3904,5/26/26 00:45,51.699,
Plot Title: 5C3C,3905,5/26/26 01:00,51.699,
Plot Title: 5C3C,3906,5/26/26 01:15,51.699,
Plot Title: 5C3C,3907,5/26/26 01:30,51.523,
Plot Title: 5C3C,3908,5/26/26 01:45,51.346,
Plot Title: 5C3C,3909,5/26/26 02:00,51.172,
Plot Title: 5C3C,3910,5/26/26 02:15,51.523,
Plot Title: 5C3C,3911,5/26/26 02:30,51.699,
Plot Title: 5C3C,3912,5/26/26 02:45,51.523,
Plot Title: 5C3C,3913,5/26/26 03:00,51.346,
Plot Title: 5C3C,3914,5/26/26 03:15,50.995,
Plot Title: 5C3C,3915,5/26/26 03:30,50.643,
Plot Title: 5C3C,3916,5/26/26 03:45,50.466,
Plot Title: 5C3C,3917,5/26/26 04:00,50.466,
Plot Title: 5C3C,3918,5/26/26 04:15,50.466,
Plot Title: 5C3C,3919,5/26/26 04:30,50.466,
Plot Title: 5C3C,3920,5/26/26 04:45,50.466,
Plot Title: 5C3C,3921,5/26/26 05:00,50.29,
Plot Title: 5C3C,3922,5/26/26 05:15,50.113,
Plot Title: 5C3C,3923,5/26/26 05:30,50.113,
Plot Title: 5C3C,3924,5/26/26 05:45,50.113,
Plot Title: 5C3C,3925,5/26/26 06:00,50.113,
Plot Title: 5C3C,3926,5/26/26 06:15,50.113,
Plot Title: 5C3C,3927,5/26/26 06:30,50.466,
Plot Title: 5C3C,3928,5/26/26 06:45,50.643,
Plot Title: 5C3C,3929,5/26/26 07:00,50.643,
Plot Title: 5C3C,3930,5/26/26 07:15,50.466,
Plot Title: 5C3C,3931,5/26/26 07:30,50.466,
Plot Title: 5C3C,3932,5/26/26 07:45,50.819,
Plot Title: 5C3C,3933,5/26/26 08:00,51.523,
Plot Title: 5C3C,3934,5/26/26 08:15,52.225,
Plot Title: 5C3C,3935,5/26/26 08:30,54.842,
Plot Title: 5C3C,3936,5/26/26 08:45,58.131,
Plot Title: 5C3C,3937,5/26/26 09:00,57.268,
Plot Title: 5C3C,3938,5/26/26 09:15,57.268,
Plot Title: 5C3C,3939,5/26/26 09:30,58.476,
Plot Title: 5C3C,3940,5/26/26 09:45,58.647,
Plot Title: 5C3C,3941,5/26/26 10:00,59.337,
Plot Title: 5C3C,3942,5/26/26 10:15,60.712,
Plot Title: 5C3C,3943,5/26/26 10:30,61.741,
Plot Title: 5C3C,3944,5/26/26 10:45,63.455,
Plot Title: 5C3C,3945,5/26/26 11:00,63.626,
Plot Title: 5C3C,3946,5/26/26 11:15,66.193,
Plot Title: 5C3C,3947,5/26/26 11:30,73.407,
Plot Title: 5C3C,3948,5/26/26 11:45,83.043,
Plot Title: 5C3C,3949,5/26/26 12:00,78.975,
Plot Title: 5C3C,3950,5/26/26 12:15,74.098,
Plot Title: 5C3C,3951,5/26/26 12:30,75.139,
Plot Title: 5C3C,3952,5/26/26 12:45,73.926,
Plot Title: 5C3C,3953,5/26/26 13:00,72.891,
Plot Title: 5C3C,3954,5/26/26 13:15,69.622,
Plot Title: 5C3C,3955,5/26/26 13:30,68.248,
Plot Title: 5C3C,3956,5/26/26 13:45,66.537,
Plot Title: 5C3C,3957,5/26/26 14:00,66.022,
Plot Title: 5C3C,3958,5/26/26 14:15,67.392,
Plot Title: 5C3C,3959,5/26/26 14:30,69.622,
Plot Title: 5C3C,3960,5/26/26 14:45,78.975,
Plot Title: 5C3C,3961,5/26/26 15:00,75.139,
Plot Title: 5C3C,3962,5/26/26 15:15,72.891,
Plot Title: 5C3C,3963,5/26/26 15:30,70.995,
Plot Title: 5C3C,3964,5/26/26 15:45,68.592,
Plot Title: 5C3C,3965,5/26/26 16:00,66.708,
Plot Title: 5C3C,3966,5/26/26 16:15,64.996,
Plot Title: 5C3C,3967,5/26/26 16:30,63.626,
Plot Title: 5C3C,3968,5/26/26 16:45,62.769,
Plot Title: 5C3C,3969,5/26/26 17:00,62.254,
Plot Title: 5C3C,3970,5/26/26 17:15,62.425,
Plot Title: 5C3C,3971,5/26/26 17:30,62.083,
Plot Title: 5C3C,3972,5/26/26 17:45,61.398,
Plot Title: 5C3C,3973,5/26/26 18:00,61.227,
Plot Title: 5C3C,3974,5/26/26 18:15,59.337,
Plot Title: 5C3C,3975,5/26/26 18:30,57.785,
Plot Title: 5C3C,3976,5/26/26 18:45,57.785,
Plot Title: 5C3C,3977,5/26/26 19:00,57.958,
Plot Title: 5C3C,3978,5/26/26 19:15,57.958,
Plot Title: 5C3C,3979,5/26/26 19:30,57.614,
Plot Title: 5C3C,3980,5/26/26 19:45,56.923,
Plot Title: 5C3C,3981,5/26/26 20:00,56.404,
Plot Title: 5C3C,3982,5/26/26 20:15,55.884,
Plot Title: 5C3C,3983,5/26/26 20:30,55.537,
Plot Title: 5C3C,3984,5/26/26 20:45,55.189,
Plot Title: 5C3C,3985,5/26/26 21:00,54.842,
Plot Title: 5C3C,3986,5/26/26 21:15,54.495,
Plot Title: 5C3C,3987,5/26/26 21:30,54.147,
Plot Title: 5C3C,3988,5/26/26 21:45,54.147,
Plot Title: 5C3C,3989,5/26/26 22:00,53.973,
Plot Title: 5C3C,3990,5/26/26 22:15,53.623,
Plot Title: 5C3C,3991,5/26/26 22:30,53.449,
Plot Title: 5C3C,3992,5/26/26 22:45,53.274,
Plot Title: 5C3C,3993,5/26/26 23:00,52.925,
Plot Title: 5C3C,3994,5/26/26 23:15,52.576,
Plot Title: 5C3C,3995,5/26/26 23:30,52.576,
Plot Title: 5C3C,3996,5/26/26 23:45,52.401,
Plot Title: 5C3C,3997,5/27/26 00:00,52.401,
Plot Title: 5C3C,3998,5/27/26 00:15,52.225,
Plot Title: 5C3C,3999,5/27/26 00:30,52.225,
Plot Title: 5C3C,4000,5/27/26 00:45,51.874,
Plot Title: 5C3C,4001,5/27/26 01:00,51.699,
Plot Title: 5C3C,4002,5/27/26 01:15,51.699,
Plot Title: 5C3C,4003,5/27/26 01:30,51.523,
Plot Title: 5C3C,4004,5/27/26 01:45,51.346,
Plot Title: 5C3C,4005,5/27/26 02:00,51.172,
Plot Title: 5C3C,4006,5/27/26 02:15,50.995,
Plot Title: 5C3C,4007,5/27/26 02:30,50.643,
Plot Title: 5C3C,4008,5/27/26 02:45,50.466,
Plot Title: 5C3C,4009,5/27/26 03:00,50.29,
Plot Title: 5C3C,4010,5/27/26 03:15,50.29,
Plot Title: 5C3C,4011,5/27/26 03:30,49.937,
Plot Title: 5C3C,4012,5/27/26 03:45,49.582,
Plot Title: 5C3C,4013,5/27/26 04:00,49.404,
Plot Title: 5C3C,4014,5/27/26 04:15,49.404,
Plot Title: 5C3C,4015,5/27/26 04:30,49.228,
Plot Title: 5C3C,4016,5/27/26 04:45,49.05,
Plot Title: 5C3C,4017,5/27/26 05:00,48.871,
Plot Title: 5C3C,4018,5/27/26 05:15,48.695,
Plot Title: 5C3C,4019,5/27/26 05:30,48.517,
Plot Title: 5C3C,4020,5/27/26 05:45,48.339,
Plot Title: 5C3C,4021,5/27/26 06:00,48.16,
Plot Title: 5C3C,4022,5/27/26 06:15,48.16,
Plot Title: 5C3C,4023,5/27/26 06:30,48.16,
Plot Title: 5C3C,4024,5/27/26 06:45,48.16,
Plot Title: 5C3C,4025,5/27/26 07:00,48.16,
Plot Title: 5C3C,4026,5/27/26 07:15,48.339,
Plot Title: 5C3C,4027,5/27/26 07:30,48.871,
Plot Title: 5C3C,4028,5/27/26 07:45,49.759,
Plot Title: 5C3C,4029,5/27/26 08:00,50.643,
Plot Title: 5C3C,4030,5/27/26 08:15,51.172,
Plot Title: 5C3C,4031,5/27/26 08:30,54.495,
Plot Title: 5C3C,4032,5/27/26 08:45,56.404,
Plot Title: 5C3C,4033,5/27/26 09:00,54.669,
Plot Title: 5C3C,4034,5/27/26 09:15,54.147,
Plot Title: 5C3C,4035,5/27/26 09:30,54.147,
Plot Title: 5C3C,4036,5/27/26 09:45,64.139,
Plot Title: 5C3C,4037,5/27/26 10:00,76.354,
Plot Title: 5C3C,4038,5/27/26 10:15,83.757,
Plot Title: 5C3C,4039,5/27/26 10:30,89.2,
Plot Title: 5C3C,4040,5/27/26 10:45,93.493,
Plot Title: 5C3C,4041,5/27/26 11:00,97.137,
Plot Title: 5C3C,4042,5/27/26 11:15,100.683,
Plot Title: 5C3C,4043,5/27/26 11:30,103.923,
Plot Title: 5C3C,4044,5/27/26 11:45,107.046,
Plot Title: 5C3C,4045,5/27/26 12:00,109.18,
Plot Title: 5C3C,4046,5/27/26 12:15,101.082,
Plot Title: 5C3C,4047,5/27/26 12:30,94.253,
Plot Title: 5C3C,4048,5/27/26 12:45,99.291,
Plot Title: 5C3C,4049,5/27/26 13:00,91.8,
Plot Title: 5C3C,4050,5/27/26 13:15,84.295,
Plot Title: 5C3C,4051,5/27/26 13:30,80.382,
Plot Title: 5C3C,4052,5/27/26 13:45,77.923,
Plot Title: 5C3C,4053,5/27/26 14:00,76.876,
Plot Title: 5C3C,4054,5/27/26 14:15,76.354,
Plot Title: 5C3C,4055,5/27/26 14:30,80.206,
Plot Title: 5C3C,4056,5/27/26 14:45,78.8,
Plot Title: 5C3C,4057,5/27/26 15:00,74.964,
Plot Title: 5C3C,4058,5/27/26 15:15,73.926,
Plot Title: 5C3C,4059,5/27/26 15:30,72.891,
Plot Title: 5C3C,4060,5/27/26 15:45,70.995,
Plot Title: 5C3C,4061,5/27/26 16:00,70.651,
Plot Title: 5C3C,4062,5/27/26 16:15,69.793,
Plot Title: 5C3C,4063,5/27/26 16:30,69.107,
Plot Title: 5C3C,4064,5/27/26 16:45,68.592,
Plot Title: 5C3C,4065,5/27/26 17:00,68.592,
Plot Title: 5C3C,4066,5/27/26 17:15,68.592,
Plot Title: 5C3C,4067,5/27/26 17:30,68.248,
Plot Title: 5C3C,4068,5/27/26 17:45,66.537,
Plot Title: 5C3C,4069,5/27/26 18:00,65.338,
Plot Title: 5C3C,4070,5/27/26 18:15,64.652,
Plot Title: 5C3C,4071,5/27/26 18:30,64.996,
Plot Title: 5C3C,4072,5/27/26 18:45,64.481,
Plot Title: 5C3C,4073,5/27/26 19:00,63.626,
Plot Title: 5C3C,4074,5/27/26 19:15,63.111,
Plot Title: 5C3C,4075,5/27/26 19:30,62.254,
Plot Title: 5C3C,4076,5/27/26 19:45,61.569,
Plot Title: 5C3C,4077,5/27/26 20:00,61.054,
Plot Title: 5C3C,4078,5/27/26 20:15,60.539,
Plot Title: 5C3C,4079,5/27/26 20:30,60.195,
Plot Title: 5C3C,4080,5/27/26 20:45,59.68,
Plot Title: 5C3C,4081,5/27/26 21:00,59.164,
Plot Title: 5C3C,4082,5/27/26 21:15,58.647,
Plot Title: 5C3C,4083,5/27/26 21:30,58.303,
Plot Title: 5C3C,4084,5/27/26 21:45,57.958,
Plot Title: 5C3C,4085,5/27/26 22:00,57.441,
Plot Title: 5C3C,4086,5/27/26 22:15,57.096,
Plot Title: 5C3C,4087,5/27/26 22:30,56.75,
Plot Title: 5C3C,4088,5/27/26 22:45,56.404,
Plot Title: 5C3C,4089,5/27/26 23:00,56.057,
Plot Title: 5C3C,4090,5/27/26 23:15,55.884,
Plot Title: 5C3C,4091,5/27/26 23:30,55.711,
Plot Title: 5C3C,4092,5/27/26 23:45,55.711,
Plot Title: 5C3C,4093,5/28/26 00:00,55.537,
Plot Title: 5C3C,4094,5/28/26 00:15,55.364,
Plot Title: 5C3C,4095,5/28/26 00:30,55.189,
Plot Title: 5C3C,4096,5/28/26 00:45,55.189,
Plot Title: 5C3C,4097,5/28/26 01:00,54.842,
Plot Title: 5C3C,4098,5/28/26 01:15,54.495,
Plot Title: 5C3C,4099,5/28/26 01:30,54.322,
Plot Title: 5C3C,4100,5/28/26 01:45,54.147,
Plot Title: 5C3C,4101,5/28/26 02:00,53.973,
Plot Title: 5C3C,4102,5/28/26 02:15,53.973,
Plot Title: 5C3C,4103,5/28/26 02:30,53.973,
Plot Title: 5C3C,4104,5/28/26 02:45,53.798,
Plot Title: 5C3C,4105,5/28/26 03:00,53.798,
Plot Title: 5C3C,4106,5/28/26 03:15,53.623,
Plot Title: 5C3C,4107,5/28/26 03:30,53.449,
Plot Title: 5C3C,4108,5/28/26 03:45,53.449,
Plot Title: 5C3C,4109,5/28/26 04:00,53.274,
Plot Title: 5C3C,4110,5/28/26 04:15,53.274,
Plot Title: 5C3C,4111,5/28/26 04:30,53.1,
Plot Title: 5C3C,4112,5/28/26 04:45,52.75,
Plot Title: 5C3C,4113,5/28/26 05:00,52.401,
Plot Title: 5C3C,4114,5/28/26 05:15,52.05,
Plot Title: 5C3C,4115,5/28/26 05:30,51.699,
Plot Title: 5C3C,4116,5/28/26 05:45,51.523,
Plot Title: 5C3C,4117,5/28/26 06:00,51.523,
Plot Title: 5C3C,4118,5/28/26 06:15,51.346,
Plot Title: 5C3C,4119,5/28/26 06:30,51.346,
Plot Title: 5C3C,4120,5/28/26 06:45,51.523,
Plot Title: 5C3C,4121,5/28/26 07:00,51.699,
Plot Title: 5C3C,4122,5/28/26 07:15,52.05,
Plot Title: 5C3C,4123,5/28/26 07:30,52.401,
Plot Title: 5C3C,4124,5/28/26 07:45,52.75,
Plot Title: 5C3C,4125,5/28/26 08:00,53.798,
Plot Title: 5C3C,4126,5/28/26 08:15,54.495,
Plot Title: 5C3C,4127,5/28/26 08:30,56.75,
Plot Title: 5C3C,4128,5/28/26 08:45,56.75,
Plot Title: 5C3C,4129,5/28/26 09:00,56.923,
Plot Title: 5C3C,4130,5/28/26 09:15,57.268,
Plot Title: 5C3C,4131,5/28/26 09:30,57.614,
Plot Title: 5C3C,4132,5/28/26 09:45,67.906,
Plot Title: 5C3C,4133,5/28/26 10:00,81.442,
Plot Title: 5C3C,4134,5/28/26 10:15,90.495,
Plot Title: 5C3C,4135,5/28/26 10:30,97.137,
Plot Title: 5C3C,4136,5/28/26 10:45,102.697,
Plot Title: 5C3C,4137,5/28/26 11:00,107.258,
Plot Title: 5C3C,4138,5/28/26 11:15,110.482,
Plot Title: 5C3C,4139,5/28/26 11:30,113.814,
Plot Title: 5C3C,4140,5/28/26 11:45,117.262,
Plot Title: 5C3C,4141,5/28/26 12:00,119.397,
Plot Title: 5C3C,4142,5/28/26 12:15,108.964,
Plot Title: 5C3C,4143,5/28/26 12:30,102.9,
Plot Title: 5C3C,4144,5/28/26 12:45,102.697,
Plot Title: 5C3C,4145,5/28/26 13:00,94.444,
Plot Title: 5C3C,4146,5/28/26 13:15,89.017,
Plot Title: 5C3C,4147,5/28/26 13:30,84.834,
Plot Title: 5C3C,4148,5/28/26 13:45,82.508,
Plot Title: 5C3C,4149,5/28/26 14:00,80.735,
Plot Title: 5C3C,4150,5/28/26 14:15,80.911,
Plot Title: 5C3C,4151,5/28/26 14:30,80.559,
Plot Title: 5C3C,4152,5/28/26 14:45,81.266,
Plot Title: 5C3C,4153,5/28/26 15:00,78.975,
Plot Title: 5C3C,4154,5/28/26 15:15,76.703,
Plot Title: 5C3C,4155,5/28/26 15:30,76.006,
Plot Title: 5C3C,4156,5/28/26 15:45,75.832,
Plot Title: 5C3C,4157,5/28/26 16:00,75.832,
Plot Title: 5C3C,4158,5/28/26 16:15,74.791,
Plot Title: 5C3C,4159,5/28/26 16:30,74.619,
Plot Title: 5C3C,4160,5/28/26 16:45,73.753,
Plot Title: 5C3C,4161,5/28/26 17:00,72.545,
Plot Title: 5C3C,4162,5/28/26 17:15,71.683,
Plot Title: 5C3C,4163,5/28/26 17:30,72.545,
Plot Title: 5C3C,4164,5/28/26 17:45,72.028,
Plot Title: 5C3C,4165,5/28/26 18:00,70.995,
Plot Title: 5C3C,4166,5/28/26 18:15,70.137,
Plot Title: 5C3C,4167,5/28/26 18:30,69.107,
Plot Title: 5C3C,4168,5/28/26 18:45,67.735,
Plot Title: 5C3C,4169,5/28/26 19:00,66.537,
Plot Title: 5C3C,4170,5/28/26 19:15,66.537,
Plot Title: 5C3C,4171,5/28/26 19:30,66.708,
Plot Title: 5C3C,4172,5/28/26 19:45,66.193,
Plot Title: 5C3C,4173,5/28/26 20:00,65.338,
Plot Title: 5C3C,4174,5/28/26 20:15,64.481,
Plot Title: 5C3C,4175,5/28/26 20:30,63.797,
Plot Title: 5C3C,4176,5/28/26 20:45,62.94,
Plot Title: 5C3C,4177,5/28/26 21:00,62.083,
Plot Title: 5C3C,4178,5/28/26 21:15,61.398,
Plot Title: 5C3C,4179,5/28/26 21:30,60.883,
Plot Title: 5C3C,4180,5/28/26 21:45,60.368,
Plot Title: 5C3C,4181,5/28/26 22:00,60.195,
Plot Title: 5C3C,4182,5/28/26 22:15,59.851,
Plot Title: 5C3C,4183,5/28/26 22:30,59.508,
Plot Title: 5C3C,4184,5/28/26 22:45,58.993,
Plot Title: 5C3C,4185,5/28/26 23:00,58.647,
Plot Title: 5C3C,4186,5/28/26 23:15,58.476,
Plot Title: 5C3C,4187,5/28/26 23:30,58.131,
Plot Title: 5C3C,4188,5/28/26 23:45,57.614,
Plot Title: 5C3C,4189,5/29/26 00:00,57.268,
Plot Title: 5C3C,4190,5/29/26 00:15,56.923,
Plot Title: 5C3C,4191,5/29/26 00:30,56.577,
Plot Title: 5C3C,4192,5/29/26 00:45,56.057,
Plot Title: 5C3C,4193,5/29/26 01:00,55.711,
Plot Title: 5C3C,4194,5/29/26 01:15,55.364,
Plot Title: 5C3C,4195,5/29/26 01:30,55.189,
Plot Title: 5C3C,4196,5/29/26 01:45,54.842,
Plot Title: 5C3C,4197,5/29/26 02:00,54.495,
Plot Title: 5C3C,4198,5/29/26 02:15,54.322,
Plot Title: 5C3C,4199,5/29/26 02:30,54.147,
Plot Title: 5C3C,4200,5/29/26 02:45,53.798,
Plot Title: 5C3C,4201,5/29/26 03:00,53.798,
Plot Title: 5C3C,4202,5/29/26 03:15,53.798,
Plot Title: 5C3C,4203,5/29/26 03:30,53.623,
Plot Title: 5C3C,4204,5/29/26 03:45,53.449,
Plot Title: 5C3C,4205,5/29/26 04:00,53.449,
Plot Title: 5C3C,4206,5/29/26 04:15,53.274,
Plot Title: 5C3C,4207,5/29/26 04:30,52.925,
Plot Title: 5C3C,4208,5/29/26 04:45,52.576,
Plot Title: 5C3C,4209,5/29/26 05:00,52.401,
Plot Title: 5C3C,4210,5/29/26 05:15,52.576,
Plot Title: 5C3C,4211,5/29/26 05:30,52.401,
Plot Title: 5C3C,4212,5/29/26 05:45,52.576,
Plot Title: 5C3C,4213,5/29/26 06:00,52.401,
Plot Title: 5C3C,4214,5/29/26 06:15,52.401,
Plot Title: 5C3C,4215,5/29/26 06:30,52.401,
Plot Title: 5C3C,4216,5/29/26 06:45,52.576,
Plot Title: 5C3C,4217,5/29/26 07:00,52.925,
Plot Title: 5C3C,4218,5/29/26 07:15,53.274,
Plot Title: 5C3C,4219,5/29/26 07:30,53.623,
Plot Title: 5C3C,4220,5/29/26 07:45,53.449,
Plot Title: 5C3C,4221,5/29/26 08:00,54.322,
Plot Title: 5C3C,4222,5/29/26 08:15,55.189,
Plot Title: 5C3C,4223,5/29/26 08:30,58.303,
Plot Title: 5C3C,4224,5/29/26 08:45,60.195,
Plot Title: 5C3C,4225,5/29/26 09:00,59.337,
Plot Title: 5C3C,4226,5/29/26 09:15,58.993,
Plot Title: 5C3C,4227,5/29/26 09:30,59.508,
Plot Title: 5C3C,4228,5/29/26 09:45,67.05,
Plot Title: 5C3C,4229,5/29/26 10:00,79.326,
Plot Title: 5C3C,4230,5/29/26 10:15,88.099,
Plot Title: 5C3C,4231,5/29/26 10:30,95.4,
Plot Title: 5C3C,4232,5/29/26 10:45,103.104,
Plot Title: 5C3C,4233,5/29/26 11:00,108.536,
Plot Title: 5C3C,4234,5/29/26 11:15,112.914,
Plot Title: 5C3C,4235,5/29/26 11:30,116.796,
Plot Title: 5C3C,4236,5/29/26 11:45,119.878,
Plot Title: 5C3C,4237,5/29/26 12:00,117.498,
Plot Title: 5C3C,4238,5/29/26 12:15,106.414,
Plot Title: 5C3C,4239,5/29/26 12:30,100.283,
Plot Title: 5C3C,4240,5/29/26 12:45,94.633,
Plot Title: 5C3C,4241,5/29/26 13:00,88.099,
Plot Title: 5C3C,4242,5/29/26 13:15,85.014,
Plot Title: 5C3C,4243,5/29/26 13:30,82.864,
Plot Title: 5C3C,4244,5/29/26 13:45,80.382,
Plot Title: 5C3C,4245,5/29/26 14:00,78.449,
Plot Title: 5C3C,4246,5/29/26 14:15,78.098,
Plot Title: 5C3C,4247,5/29/26 14:30,80.206,
Plot Title: 5C3C,4248,5/29/26 14:45,79.502,
Plot Title: 5C3C,4249,5/29/26 15:00,78.274,
Plot Title: 5C3C,4250,5/29/26 15:15,77.574,
Plot Title: 5C3C,4251,5/29/26 15:30,77.225,
Plot Title: 5C3C,4252,5/29/26 15:45,75.832,
Plot Title: 5C3C,4253,5/29/26 16:00,74.271,
Plot Title: 5C3C,4254,5/29/26 16:15,74.446,
Plot Title: 5C3C,4255,5/29/26 16:30,73.926,
Plot Title: 5C3C,4256,5/29/26 16:45,72.891,
Plot Title: 5C3C,4257,5/29/26 17:00,72.545,
Plot Title: 5C3C,4258,5/29/26 17:15,72.372,
Plot Title: 5C3C,4259,5/29/26 17:30,72.028,
Plot Title: 5C3C,4260,5/29/26 17:45,71.339,
Plot Title: 5C3C,4261,5/29/26 18:00,70.824,
Plot Title: 5C3C,4262,5/29/26 18:15,69.793,
Plot Title: 5C3C,4263,5/29/26 18:30,68.763,
Plot Title: 5C3C,4264,5/29/26 18:45,67.735,
Plot Title: 5C3C,4265,5/29/26 19:00,67.221,
Plot Title: 5C3C,4266,5/29/26 19:15,66.879,
Plot Title: 5C3C,4267,5/29/26 19:30,66.366,
Plot Title: 5C3C,4268,5/29/26 19:45,65.68,
Plot Title: 5C3C,4269,5/29/26 20:00,65.167,
Plot Title: 5C3C,4270,5/29/26 20:15,64.825,
Plot Title: 5C3C,4271,5/29/26 20:30,64.481,
Plot Title: 5C3C,4272,5/29/26 20:45,63.968,
Plot Title: 5C3C,4273,5/29/26 21:00,63.455,
Plot Title: 5C3C,4274,5/29/26 21:15,62.94,
Plot Title: 5C3C,4275,5/29/26 21:30,62.769,
Plot Title: 5C3C,4276,5/29/26 21:45,62.425,
Plot Title: 5C3C,4277,5/29/26 22:00,62.254,
Plot Title: 5C3C,4278,5/29/26 22:15,61.912,
Plot Title: 5C3C,4279,5/29/26 22:30,61.741,
Plot Title: 5C3C,4280,5/29/26 22:45,61.398,
Plot Title: 5C3C,4281,5/29/26 23:00,61.227,
Plot Title: 5C3C,4282,5/29/26 23:15,61.054,
Plot Title: 5C3C,4283,5/29/26 23:30,60.712,
Plot Title: 5C3C,4284,5/29/26 23:45,60.195,
Plot Title: 5C3C,4285,5/30/26 00:00,59.508,
Plot Title: 5C3C,4286,5/30/26 00:15,58.993,
Plot Title: 5C3C,4287,5/30/26 00:30,58.647,
Plot Title: 5C3C,4288,5/30/26 00:45,58.131,
Plot Title: 5C3C,4289,5/30/26 01:00,57.785,
Plot Title: 5C3C,4290,5/30/26 01:15,57.441,
Plot Title: 5C3C,4291,5/30/26 01:30,57.268,
Plot Title: 5C3C,4292,5/30/26 01:45,56.923,
Plot Title: 5C3C,4293,5/30/26 02:00,56.23,
Plot Title: 5C3C,4294,5/30/26 02:15,55.537,
Plot Title: 5C3C,4295,5/30/26 02:30,55.017,
Plot Title: 5C3C,4296,5/30/26 02:45,54.669,
Plot Title: 5C3C,4297,5/30/26 03:00,54.495,
Plot Title: 5C3C,4298,5/30/26 03:15,54.322,
Plot Title: 5C3C,4299,5/30/26 03:30,54.147,
Plot Title: 5C3C,4300,5/30/26 03:45,53.798,
Plot Title: 5C3C,4301,5/30/26 04:00,53.623,
Plot Title: 5C3C,4302,5/30/26 04:15,53.274,
Plot Title: 5C3C,4303,5/30/26 04:30,53.449,
Plot Title: 5C3C,4304,5/30/26 04:45,53.449,
Plot Title: 5C3C,4305,5/30/26 05:00,53.623,
Plot Title: 5C3C,4306,5/30/26 05:15,53.623,
Plot Title: 5C3C,4307,5/30/26 05:30,53.798,
Plot Title: 5C3C,4308,5/30/26 05:45,53.798,
Plot Title: 5C3C,4309,5/30/26 06:00,53.623,
Plot Title: 5C3C,4310,5/30/26 06:15,53.449,
Plot Title: 5C3C,4311,5/30/26 06:30,53.274,
Plot Title: 5C3C,4312,5/30/26 06:45,53.274,
Plot Title: 5C3C,4313,5/30/26 07:00,53.449,
Plot Title: 5C3C,4314,5/30/26 07:15,53.973,
Plot Title: 5C3C,4315,5/30/26 07:30,54.322,
Plot Title: 5C3C,4316,5/30/26 07:45,54.322,
Plot Title: 5C3C,4317,5/30/26 08:00,54.322,
Plot Title: 5C3C,4318,5/30/26 08:15,53.973,
Plot Title: 5C3C,4319,5/30/26 08:30,53.798,
Plot Title: 5C3C,4320,5/30/26 08:45,53.973,
Plot Title: 5C3C,4321,5/30/26 09:00,53.798,
Plot Title: 5C3C,4322,5/30/26 09:15,53.449,
Plot Title: 5C3C,4323,5/30/26 09:30,53.798,
Plot Title: 5C3C,4324,5/30/26 09:45,53.798,
Plot Title: 5C3C,4325,5/30/26 10:00,53.798,
Plot Title: 5C3C,4326,5/30/26 10:15,53.623,
Plot Title: 5C3C,4327,5/30/26 10:30,53.449,
Plot Title: 5C3C,4328,5/30/26 10:45,53.798,
Plot Title: 5C3C,4329,5/30/26 11:00,54.147,
Plot Title: 5C3C,4330,5/30/26 11:15,54.147,
Plot Title: 5C3C,4331,5/30/26 11:30,53.973,
Plot Title: 5C3C,4332,5/30/26 11:45,53.798,
Plot Title: 5C3C,4333,5/30/26 12:00,53.973,
Plot Title: 5C3C,4334,5/30/26 12:15,53.798,
Plot Title: 5C3C,4335,5/30/26 12:30,53.798,
Plot Title: 5C3C,4336,5/30/26 12:45,53.973,
Plot Title: 5C3C,4337,5/30/26 13:00,54.495,
Plot Title: 5C3C,4338,5/30/26 13:15,54.495,
Plot Title: 5C3C,4339,5/30/26 13:30,54.495,
Plot Title: 5C3C,4340,5/30/26 13:45,54.669,
Plot Title: 5C3C,4341,5/30/26 14:00,54.842,
Plot Title: 5C3C,4342,5/30/26 14:15,55.189,
Plot Title: 5C3C,4343,5/30/26 14:30,55.537,
Plot Title: 5C3C,4344,5/30/26 14:45,55.537,
Plot Title: 5C3C,4345,5/30/26 15:00,55.537,
Plot Title: 5C3C,4346,5/30/26 15:15,55.364,
Plot Title: 5C3C,4347,5/30/26 15:30,55.537,
Plot Title: 5C3C,4348,5/30/26 15:45,55.711,
Plot Title: 5C3C,4349,5/30/26 16:00,55.711,
Plot Title: 5C3C,4350,5/30/26 16:15,56.057,
Plot Title: 5C3C,4351,5/30/26 16:30,56.923,
Plot Title: 5C3C,4352,5/30/26 16:45,56.404,
Plot Title: 5C3C,4353,5/30/26 17:00,55.884,
Plot Title: 5C3C,4354,5/30/26 17:15,55.537,
Plot Title: 5C3C,4355,5/30/26 17:30,55.537,
Plot Title: 5C3C,4356,5/30/26 17:45,55.364,
Plot Title: 5C3C,4357,5/30/26 18:00,54.842,
Plot Title: 5C3C,4358,5/30/26 18:15,54.842,
Plot Title: 5C3C,4359,5/30/26 18:30,55.017,
Plot Title: 5C3C,4360,5/30/26 18:45,54.842,
Plot Title: 5C3C,4361,5/30/26 19:00,54.669,
Plot Title: 5C3C,4362,5/30/26 19:15,54.322,
Plot Title: 5C3C,4363,5/30/26 19:30,53.973,
Plot Title: 5C3C,4364,5/30/26 19:45,53.798,
Plot Title: 5C3C,4365,5/30/26 20:00,53.449,
Plot Title: 5C3C,4366,5/30/26 20:15,53.1,
Plot Title: 5C3C,4367,5/30/26 20:30,52.925,
Plot Title: 5C3C,4368,5/30/26 20:45,52.576,
Plot Title: 5C3C,4369,5/30/26 21:00,52.401,
Plot Title: 5C3C,4370,5/30/26 21:15,52.05,
Plot Title: 5C3C,4371,5/30/26 21:30,51.699,
Plot Title: 5C3C,4372,5/30/26 21:45,51.523,
Plot Title: 5C3C,4373,5/30/26 22:00,51.172,
Plot Title: 5C3C,4374,5/30/26 22:15,51.172,
Plot Title: 5C3C,4375,5/30/26 22:30,50.995,
Plot Title: 5C3C,4376,5/30/26 22:45,50.643,
Plot Title: 5C3C,4377,5/30/26 23:00,50.29,
Plot Title: 5C3C,4378,5/30/26 23:15,50.113,
Plot Title: 5C3C,4379,5/30/26 23:30,49.759,
Plot Title: 5C3C,4380,5/30/26 23:45,49.582,
Plot Title: 5C3C,4381,5/31/26 00:00,49.404,
Plot Title: 5C3C,4382,5/31/26 00:15,49.404,
Plot Title: 5C3C,4383,5/31/26 00:30,49.404,
Plot Title: 5C3C,4384,5/31/26 00:45,49.404,
Plot Title: 5C3C,4385,5/31/26 01:00,49.228,
Plot Title: 5C3C,4386,5/31/26 01:15,49.228,
Plot Title: 5C3C,4387,5/31/26 01:30,49.05,
Plot Title: 5C3C,4388,5/31/26 01:45,49.05,
Plot Title: 5C3C,4389,5/31/26 02:00,48.871,
Plot Title: 5C3C,4390,5/31/26 02:15,48.871,
Plot Title: 5C3C,4391,5/31/26 02:30,48.695,
Plot Title: 5C3C,4392,5/31/26 02:45,48.517,
Plot Title: 5C3C,4393,5/31/26 03:00,48.517,
Plot Title: 5C3C,4394,5/31/26 03:15,48.517,
Plot Title: 5C3C,4395,5/31/26 03:30,48.517,
Plot Title: 5C3C,4396,5/31/26 03:45,48.517,
Plot Title: 5C3C,4397,5/31/26 04:00,48.517,
Plot Title: 5C3C,4398,5/31/26 04:15,48.517,
Plot Title: 5C3C,4399,5/31/26 04:30,48.517,
Plot Title: 5C3C,4400,5/31/26 04:45,48.339,
Plot Title: 5C3C,4401,5/31/26 05:00,48.339,
Plot Title: 5C3C,4402,5/31/26 05:15,48.339,
Plot Title: 5C3C,4403,5/31/26 05:30,48.16,
Plot Title: 5C3C,4404,5/31/26 05:45,48.16,
Plot Title: 5C3C,4405,5/31/26 06:00,48.16,
Plot Title: 5C3C,4406,5/31/26 06:15,48.16,
Plot Title: 5C3C,4407,5/31/26 06:30,47.982,
Plot Title: 5C3C,4408,5/31/26 06:45,47.982,
Plot Title: 5C3C,4409,5/31/26 07:00,47.982,
Plot Title: 5C3C,4410,5/31/26 07:15,47.802,
Plot Title: 5C3C,4411,5/31/26 07:30,47.802,
Plot Title: 5C3C,4412,5/31/26 07:45,47.624,
Plot Title: 5C3C,4413,5/31/26 08:00,47.624,
Plot Title: 5C3C,4414,5/31/26 08:15,47.802,
Plot Title: 5C3C,4415,5/31/26 08:30,47.802,
Plot Title: 5C3C,4416,5/31/26 08:45,47.982,
Plot Title: 5C3C,4417,5/31/26 09:00,48.339,
Plot Title: 5C3C,4418,5/31/26 09:15,48.517,
Plot Title: 5C3C,4419,5/31/26 09:30,48.695,
Plot Title: 5C3C,4420,5/31/26 09:45,48.695,
Plot Title: 5C3C,4421,5/31/26 10:00,49.05,
Plot Title: 5C3C,4422,5/31/26 10:15,49.759,
Plot Title: 5C3C,4423,5/31/26 10:30,50.466,
Plot Title: 5C3C,4424,5/31/26 10:45,50.995,
Plot Title: 5C3C,4425,5/31/26 11:00,50.995,
Plot Title: 5C3C,4426,5/31/26 11:15,50.819,
Plot Title: 5C3C,4427,5/31/26 11:30,50.819,
Plot Title: 5C3C,4428,5/31/26 11:45,50.643,
Plot Title: 5C3C,4429,5/31/26 12:00,50.819,
Plot Title: 5C3C,4430,5/31/26 12:15,51.172,
Plot Title: 5C3C,4431,5/31/26 12:30,51.346,
Plot Title: 5C3C,4432,5/31/26 12:45,50.995,
Plot Title: 5C3C,4433,5/31/26 13:00,51.523,
Plot Title: 5C3C,4434,5/31/26 13:15,52.225,
Plot Title: 5C3C,4435,5/31/26 13:30,52.225,
Plot Title: 5C3C,4436,5/31/26 13:45,52.225,
Plot Title: 5C3C,4437,5/31/26 14:00,53.1,
Plot Title: 5C3C,4438,5/31/26 14:15,53.1,
Plot Title: 5C3C,4439,5/31/26 14:30,52.401,
Plot Title: 5C3C,4440,5/31/26 14:45,52.576,
Plot Title: 5C3C,4441,5/31/26 15:00,51.699,
Plot Title: 5C3C,4442,5/31/26 15:15,51.172,
Plot Title: 5C3C,4443,5/31/26 15:30,50.819,
Plot Title: 5C3C,4444,5/31/26 15:45,50.643,
Plot Title: 5C3C,4445,5/31/26 16:00,51.172,
Plot Title: 5C3C,4446,5/31/26 16:15,51.346,
Plot Title: 5C3C,4447,5/31/26 16:30,51.172,
Plot Title: 5C3C,4448,5/31/26 16:45,51.172,
Plot Title: 5C3C,4449,5/31/26 17:00,51.172,
Plot Title: 5C3C,4450,5/31/26 17:15,51.172,
Plot Title: 5C3C,4451,5/31/26 17:30,51.172,
Plot Title: 5C3C,4452,5/31/26 17:45,50.995,
Plot Title: 5C3C,4453,5/31/26 18:00,51.172,
Plot Title: 5C3C,4454,5/31/26 18:15,50.995,
Plot Title: 5C3C,4455,5/31/26 18:30,50.466,
Plot Title: 5C3C,4456,5/31/26 18:45,49.759,
Plot Title: 5C3C,4457,5/31/26 19:00,49.228,
Plot Title: 5C3C,4458,5/31/26 19:15,49.228,
Plot Title: 5C3C,4459,5/31/26 19:30,48.871,
Plot Title: 5C3C,4460,5/31/26 19:45,48.517,
Plot Title: 5C3C,4461,5/31/26 20:00,48.16,
Plot Title: 5C3C,4462,5/31/26 20:15,47.802,
Plot Title: 5C3C,4463,5/31/26 20:30,47.624,
Plot Title: 5C3C,4464,5/31/26 20:45,47.446,
Plot Title: 5C3C,4465,5/31/26 21:00,47.266,
Plot Title: 5C3C,4466,5/31/26 21:15,47.088,
Plot Title: 5C3C,4467,5/31/26 21:30,46.728,
Plot Title: 5C3C,4468,5/31/26 21:45,46.728,
Plot Title: 5C3C,4469,5/31/26 22:00,46.548,
Plot Title: 5C3C,4470,5/31/26 22:15,46.548,
Plot Title: 5C3C,4471,5/31/26 22:30,46.548,
Plot Title: 5C3C,4472,5/31/26 22:45,46.369,
Plot Title: 5C3C,4473,5/31/26 23:00,46.369,
Plot Title: 5C3C,4474,5/31/26 23:15,46.188,
Plot Title: 5C3C,4475,5/31/26 23:30,46.188,
Plot Title: 5C3C,4476,5/31/26 23:45,46.008,
Plot Title: 5C3C,4477,6/1/26 00:00,46.008,
Plot Title: 5C3C,4478,6/1/26 00:15,45.828,
Plot Title: 5C3C,4479,6/1/26 00:30,45.648,
Plot Title: 5C3C,4480,6/1/26 00:45,45.466,
Plot Title: 5C3C,4481,6/1/26 01:00,45.466,
Plot Title: 5C3C,4482,6/1/26 01:15,45.286,
Plot Title: 5C3C,4483,6/1/26 01:30,45.104,
Plot Title: 5C3C,4484,6/1/26 01:45,45.104,
Plot Title: 5C3C,4485,6/1/26 02:00,44.922,
Plot Title: 5C3C,4486,6/1/26 02:15,44.922,
Plot Title: 5C3C,4487,6/1/26 02:30,44.922,
Plot Title: 5C3C,4488,6/1/26 02:45,44.742,
Plot Title: 5C3C,4489,6/1/26 03:00,44.742,
Plot Title: 5C3C,4490,6/1/26 03:15,44.379,
Plot Title: 5C3C,4491,6/1/26 03:30,44.195,
Plot Title: 5C3C,4492,6/1/26 03:45,43.831,
Plot Title: 5C3C,4493,6/1/26 04:00,43.831,
Plot Title: 5C3C,4494,6/1/26 04:15,43.648,
Plot Title: 5C3C,4495,6/1/26 04:30,43.466,
Plot Title: 5C3C,4496,6/1/26 04:45,43.282,
Plot Title: 5C3C,4497,6/1/26 05:00,43.099,
Plot Title: 5C3C,4498,6/1/26 05:15,43.099,
Plot Title: 5C3C,4499,6/1/26 05:30,42.915,
Plot Title: 5C3C,4500,6/1/26 05:45,42.732,
Plot Title: 5C3C,4501,6/1/26 06:00,42.732,
Plot Title: 5C3C,4502,6/1/26 06:15,42.732,
Plot Title: 5C3C,4503,6/1/26 06:30,42.732,
Plot Title: 5C3C,4504,6/1/26 06:45,42.732,
Plot Title: 5C3C,4505,6/1/26 07:00,42.915,
Plot Title: 5C3C,4506,6/1/26 07:15,43.099,
Plot Title: 5C3C,4507,6/1/26 07:30,43.466,
Plot Title: 5C3C,4508,6/1/26 07:45,44.013,
Plot Title: 5C3C,4509,6/1/26 08:00,45.104,
Plot Title: 5C3C,4510,6/1/26 08:15,45.286,
Plot Title: 5C3C,4511,6/1/26 08:30,46.728,
Plot Title: 5C3C,4512,6/1/26 08:45,47.624,
Plot Title: 5C3C,4513,6/1/26 09:00,48.517,
Plot Title: 5C3C,4514,6/1/26 09:15,47.982,
Plot Title: 5C3C,4515,6/1/26 09:30,48.16,
Plot Title: 5C3C,4516,6/1/26 09:45,54.669,
Plot Title: 5C3C,4517,6/1/26 10:00,65.851,
Plot Title: 5C3C,4518,6/1/26 10:15,68.934,
Plot Title: 5C3C,4519,6/1/26 10:30,73.234,
Plot Title: 5C3C,4520,6/1/26 10:45,77.923,
Plot Title: 5C3C,4521,6/1/26 11:00,79.678,
Plot Title: 5C3C,4522,6/1/26 11:15,80.559,
Plot Title: 5C3C,4523,6/1/26 11:30,83.579,
Plot Title: 5C3C,4524,6/1/26 11:45,80.735,
Plot Title: 5C3C,4525,6/1/26 12:00,81.266,
Plot Title: 5C3C,4526,6/1/26 12:15,76.703,
Plot Title: 5C3C,4527,6/1/26 12:30,76.528,
Plot Title: 5C3C,4528,6/1/26 12:45,75.312,
Plot Title: 5C3C,4529,6/1/26 13:00,72.028,
Plot Title: 5C3C,4530,6/1/26 13:15,67.564,
Plot Title: 5C3C,4531,6/1/26 13:30,64.31,
Plot Title: 5C3C,4532,6/1/26 13:45,62.425,
Plot Title: 5C3C,4533,6/1/26 14:00,62.598,
Plot Title: 5C3C,4534,6/1/26 14:15,62.254,
Plot Title: 5C3C,4535,6/1/26 14:30,68.934,
Plot Title: 5C3C,4536,6/1/26 14:45,70.651,
Plot Title: 5C3C,4537,6/1/26 15:00,65.68,
Plot Title: 5C3C,4538,6/1/26 15:15,63.626,
Plot Title: 5C3C,4539,6/1/26 15:30,62.254,
Plot Title: 5C3C,4540,6/1/26 15:45,61.054,
Plot Title: 5C3C,4541,6/1/26 16:00,60.712,
Plot Title: 5C3C,4542,6/1/26 16:15,60.024,
Plot Title: 5C3C,4543,6/1/26 16:30,59.164,
Plot Title: 5C3C,4544,6/1/26 16:45,58.303,
Plot Title: 5C3C,4545,6/1/26 17:00,57.268,
Plot Title: 5C3C,4546,6/1/26 17:15,56.923,
Plot Title: 5C3C,4547,6/1/26 17:30,56.923,
Plot Title: 5C3C,4548,6/1/26 17:45,56.577,
Plot Title: 5C3C,4549,6/1/26 18:00,56.404,
Plot Title: 5C3C,4550,6/1/26 18:15,56.23,
Plot Title: 5C3C,4551,6/1/26 18:30,55.711,
Plot Title: 5C3C,4552,6/1/26 18:45,54.842,
Plot Title: 5C3C,4553,6/1/26 19:00,53.449,
Plot Title: 5C3C,4554,6/1/26 19:15,52.75,
Plot Title: 5C3C,4555,6/1/26 19:30,52.05,
Plot Title: 5C3C,4556,6/1/26 19:45,51.523,
Plot Title: 5C3C,4557,6/1/26 20:00,50.995,
Plot Title: 5C3C,4558,6/1/26 20:15,50.819,
Plot Title: 5C3C,4559,6/1/26 20:30,50.29,
Plot Title: 5C3C,4560,6/1/26 20:45,49.582,
Plot Title: 5C3C,4561,6/1/26 21:00,49.228,
Plot Title: 5C3C,4562,6/1/26 21:15,48.871,
Plot Title: 5C3C,4563,6/1/26 21:30,48.517,
Plot Title: 5C3C,4564,6/1/26 21:45,48.339,
Plot Title: 5C3C,4565,6/1/26 22:00,48.339,
Plot Title: 5C3C,4566,6/1/26 22:15,48.16,
Plot Title: 5C3C,4567,6/1/26 22:30,47.982,
Plot Title: 5C3C,4568,6/1/26 22:45,47.624,
Plot Title: 5C3C,4569,6/1/26 23:00,47.624,
Plot Title: 5C3C,4570,6/1/26 23:15,47.802,
Plot Title: 5C3C,4571,6/1/26 23:30,47.624,
Plot Title: 5C3C,4572,6/1/26 23:45,47.624,
Plot Title: 5C3C,4573,6/2/26 00:00,47.266,
Plot Title: 5C3C,4574,6/2/26 00:15,47.088,
Plot Title: 5C3C,4575,6/2/26 00:30,46.908,
Plot Title: 5C3C,4576,6/2/26 00:45,46.728,
Plot Title: 5C3C,4577,6/2/26 01:00,46.369,
Plot Title: 5C3C,4578,6/2/26 01:15,46.188,
Plot Title: 5C3C,4579,6/2/26 01:30,46.008,
Plot Title: 5C3C,4580,6/2/26 01:45,45.828,
Plot Title: 5C3C,4581,6/2/26 02:00,45.648,
Plot Title: 5C3C,4582,6/2/26 02:15,45.648,
Plot Title: 5C3C,4583,6/2/26 02:30,45.466,
Plot Title: 5C3C,4584,6/2/26 02:45,45.286,
Plot Title: 5C3C,4585,6/2/26 03:00,45.104,
Plot Title: 5C3C,4586,6/2/26 03:15,44.922,
Plot Title: 5C3C,4587,6/2/26 03:30,44.742,
Plot Title: 5C3C,4588,6/2/26 03:45,44.56,
Plot Title: 5C3C,4589,6/2/26 04:00,44.56,
Plot Title: 5C3C,4590,6/2/26 04:15,44.379,
Plot Title: 5C3C,4591,6/2/26 04:30,44.379,
Plot Title: 5C3C,4592,6/2/26 04:45,44.379,
Plot Title: 5C3C,4593,6/2/26 05:00,44.379,
Plot Title: 5C3C,4594,6/2/26 05:15,44.379,
Plot Title: 5C3C,4595,6/2/26 05:30,44.379,
Plot Title: 5C3C,4596,6/2/26 05:45,44.379,
Plot Title: 5C3C,4597,6/2/26 06:00,44.379,
Plot Title: 5C3C,4598,6/2/26 06:15,44.195,
Plot Title: 5C3C,4599,6/2/26 06:30,44.195,
Plot Title: 5C3C,4600,6/2/26 06:45,44.195,
Plot Title: 5C3C,4601,6/2/26 07:00,44.56,
Plot Title: 5C3C,4602,6/2/26 07:15,44.742,
Plot Title: 5C3C,4603,6/2/26 07:30,45.286,
Plot Title: 5C3C,4604,6/2/26 07:45,45.286,
Plot Title: 5C3C,4605,6/2/26 08:00,46.008,
Plot Title: 5C3C,4606,6/2/26 08:15,46.548,
Plot Title: 5C3C,4607,6/2/26 08:30,47.982,
Plot Title: 5C3C,4608,6/2/26 08:45,48.695,
Plot Title: 5C3C,4609,6/2/26 09:00,49.582,
Plot Title: 5C3C,4610,6/2/26 09:15,50.466,
Plot Title: 5C3C,4611,6/2/26 09:30,51.346,
Plot Title: 5C3C,4612,6/2/26 09:45,55.884,
Plot Title: 5C3C,4613,6/2/26 10:00,63.282,
Plot Title: 5C3C,4614,6/2/26 10:15,68.421,
Plot Title: 5C3C,4615,6/2/26 10:30,70.651,
Plot Title: 5C3C,4616,6/2/26 10:45,73.062,
Plot Title: 5C3C,4617,6/2/26 11:00,75.484,
Plot Title: 5C3C,4618,6/2/26 11:15,80.735,
Plot Title: 5C3C,4619,6/2/26 11:30,82.508,
Plot Title: 5C3C,4620,6/2/26 11:45,80.206,
Plot Title: 5C3C,4621,6/2/26 12:00,82.864,
Plot Title: 5C3C,4622,6/2/26 12:15,76.354,
Plot Title: 5C3C,4623,6/2/26 12:30,70.137,
Plot Title: 5C3C,4624,6/2/26 12:45,67.564,
Plot Title: 5C3C,4625,6/2/26 13:00,67.221,
Plot Title: 5C3C,4626,6/2/26 13:15,65.851,
Plot Title: 5C3C,4627,6/2/26 13:30,63.968,
Plot Title: 5C3C,4628,6/2/26 13:45,62.94,
Plot Title: 5C3C,4629,6/2/26 14:00,62.425,
Plot Title: 5C3C,4630,6/2/26 14:15,62.425,
Plot Title: 5C3C,4631,6/2/26 14:30,62.254,
Plot Title: 5C3C,4632,6/2/26 14:45,63.455,
Plot Title: 5C3C,4633,6/2/26 15:00,63.111,
Plot Title: 5C3C,4634,6/2/26 15:15,62.598,
Plot Title: 5C3C,4635,6/2/26 15:30,62.083,
Plot Title: 5C3C,4636,6/2/26 15:45,61.912,
Plot Title: 5C3C,4637,6/2/26 16:00,61.741,
Plot Title: 5C3C,4638,6/2/26 16:15,61.054,
Plot Title: 5C3C,4639,6/2/26 16:30,60.883,
Plot Title: 5C3C,4640,6/2/26 16:45,60.539,
Plot Title: 5C3C,4641,6/2/26 17:00,60.539,
Plot Title: 5C3C,4642,6/2/26 17:15,60.368,
Plot Title: 5C3C,4643,6/2/26 17:30,59.851,
Plot Title: 5C3C,4644,6/2/26 17:45,59.164,
Plot Title: 5C3C,4645,6/2/26 18:00,58.647,
Plot Title: 5C3C,4646,6/2/26 18:15,58.131,
Plot Title: 5C3C,4647,6/2/26 18:30,57.441,
Plot Title: 5C3C,4648,6/2/26 18:45,56.923,
Plot Title: 5C3C,4649,6/2/26 19:00,56.404,
Plot Title: 5C3C,4650,6/2/26 19:15,56.057,
Plot Title: 5C3C,4651,6/2/26 19:30,55.884,
Plot Title: 5C3C,4652,6/2/26 19:45,55.537,
Plot Title: 5C3C,4653,6/2/26 20:00,55.189,
Plot Title: 5C3C,4654,6/2/26 20:15,54.495,
Plot Title: 5C3C,4655,6/2/26 20:30,53.798,
Plot Title: 5C3C,4656,6/2/26 20:45,53.274,
Plot Title: 5C3C,4657,6/2/26 21:00,52.75,
Plot Title: 5C3C,4658,6/2/26 21:15,52.225,
Plot Title: 5C3C,4659,6/2/26 21:30,51.874,
Plot Title: 5C3C,4660,6/2/26 21:45,51.523,
Plot Title: 5C3C,4661,6/2/26 22:00,51.346,
Plot Title: 5C3C,4662,6/2/26 22:15,51.172,
Plot Title: 5C3C,4663,6/2/26 22:30,50.995,
Plot Title: 5C3C,4664,6/2/26 22:45,50.819,
Plot Title: 5C3C,4665,6/2/26 23:00,50.466,
Plot Title: 5C3C,4666,6/2/26 23:15,50.113,
Plot Title: 5C3C,4667,6/2/26 23:30,49.759,
Plot Title: 5C3C,4668,6/2/26 23:45,49.582,
Plot Title: 5C3C,4669,6/3/26 00:00,49.404,
Plot Title: 5C3C,4670,6/3/26 00:15,49.228,
Plot Title: 5C3C,4671,6/3/26 00:30,49.05,
Plot Title: 5C3C,4672,6/3/26 00:45,48.695,
Plot Title: 5C3C,4673,6/3/26 01:00,48.517,
Plot Title: 5C3C,4674,6/3/26 01:15,48.339,
Plot Title: 5C3C,4675,6/3/26 01:30,48.16,
Plot Title: 5C3C,4676,6/3/26 01:45,48.339,
Plot Title: 5C3C,4677,6/3/26 02:00,48.16,
Plot Title: 5C3C,4678,6/3/26 02:15,47.802,
Plot Title: 5C3C,4679,6/3/26 02:30,47.446,
Plot Title: 5C3C,4680,6/3/26 02:45,47.446,
Plot Title: 5C3C,4681,6/3/26 03:00,47.088,
Plot Title: 5C3C,4682,6/3/26 03:15,46.908,
Plot Title: 5C3C,4683,6/3/26 03:30,46.728,
Plot Title: 5C3C,4684,6/3/26 03:45,46.728,
Plot Title: 5C3C,4685,6/3/26 04:00,46.548,
Plot Title: 5C3C,4686,6/3/26 04:15,46.548,
Plot Title: 5C3C,4687,6/3/26 04:30,46.369,
Plot Title: 5C3C,4688,6/3/26 04:45,46.369,
Plot Title: 5C3C,4689,6/3/26 05:00,46.369,
Plot Title: 5C3C,4690,6/3/26 05:15,46.188,
Plot Title: 5C3C,4691,6/3/26 05:30,46.188,
Plot Title: 5C3C,4692,6/3/26 05:45,46.188,
Plot Title: 5C3C,4693,6/3/26 06:00,46.008,
Plot Title: 5C3C,4694,6/3/26 06:15,46.008,
Plot Title: 5C3C,4695,6/3/26 06:30,46.008,
Plot Title: 5C3C,4696,6/3/26 06:45,46.369,
Plot Title: 5C3C,4697,6/3/26 07:00,46.369,
Plot Title: 5C3C,4698,6/3/26 07:15,46.548,
Plot Title: 5C3C,4699,6/3/26 07:30,46.908,
Plot Title: 5C3C,4700,6/3/26 07:45,46.908,
Plot Title: 5C3C,4701,6/3/26 08:00,47.624,
Plot Title: 5C3C,4702,6/3/26 08:15,48.16,
Plot Title: 5C3C,4703,6/3/26 08:30,49.582,
Plot Title: 5C3C,4704,6/3/26 08:45,50.466,
Plot Title: 5C3C,4705,6/3/26 09:00,52.576,
Plot Title: 5C3C,4706,6/3/26 09:15,52.225,
Plot Title: 5C3C,4707,6/3/26 09:30,52.401,
Plot Title: 5C3C,4708,6/3/26 09:45,58.131,
Plot Title: 5C3C,4709,6/3/26 10:00,69.793,
Plot Title: 5C3C,4710,6/3/26 10:15,76.006,
Plot Title: 5C3C,4711,6/3/26 10:30,80.206,
Plot Title: 5C3C,4712,6/3/26 10:45,83.399,
Plot Title: 5C3C,4713,6/3/26 11:00,85.374,
Plot Title: 5C3C,4714,6/3/26 11:15,87.186,
Plot Title: 5C3C,4715,6/3/26 11:30,88.65,
Plot Title: 5C3C,4716,6/3/26 11:45,89.938,
Plot Title: 5C3C,4717,6/3/26 12:00,91.24,
Plot Title: 5C3C,4718,6/3/26 12:15,88.282,
Plot Title: 5C3C,4719,6/3/26 12:30,86.823,
Plot Title: 5C3C,4720,6/3/26 12:45,82.33,
Plot Title: 5C3C,4721,6/3/26 13:00,77.574,
Plot Title: 5C3C,4722,6/3/26 13:15,72.199,
Plot Title: 5C3C,4723,6/3/26 13:30,69.107,
Plot Title: 5C3C,4724,6/3/26 13:45,66.879,
Plot Title: 5C3C,4725,6/3/26 14:00,67.05,
Plot Title: 5C3C,4726,6/3/26 14:15,68.077,
Plot Title: 5C3C,4727,6/3/26 14:30,76.876,
Plot Title: 5C3C,4728,6/3/26 14:45,78.624,
Plot Title: 5C3C,4729,6/3/26 15:00,70.995,
Plot Title: 5C3C,4730,6/3/26 15:15,67.392,
Plot Title: 5C3C,4731,6/3/26 15:30,65.167,
Plot Title: 5C3C,4732,6/3/26 15:45,63.968,
Plot Title: 5C3C,4733,6/3/26 16:00,63.282,
Plot Title: 5C3C,4734,6/3/26 16:15,62.083,
Plot Title: 5C3C,4735,6/3/26 16:30,61.912,
Plot Title: 5C3C,4736,6/3/26 16:45,61.741,
Plot Title: 5C3C,4737,6/3/26 17:00,62.425,
Plot Title: 5C3C,4738,6/3/26 17:15,63.111,
Plot Title: 5C3C,4739,6/3/26 17:30,62.94,
Plot Title: 5C3C,4740,6/3/26 17:45,62.94,
Plot Title: 5C3C,4741,6/3/26 18:00,62.769,
Plot Title: 5C3C,4742,6/3/26 18:15,62.769,
Plot Title: 5C3C,4743,6/3/26 18:30,62.425,
Plot Title: 5C3C,4744,6/3/26 18:45,62.254,
Plot Title: 5C3C,4745,6/3/26 19:00,62.083,
Plot Title: 5C3C,4746,6/3/26 19:15,61.398,
Plot Title: 5C3C,4747,6/3/26 19:30,61.054,
Plot Title: 5C3C,4748,6/3/26 19:45,60.539,
Plot Title: 5C3C,4749,6/3/26 20:00,59.851,
Plot Title: 5C3C,4750,6/3/26 20:15,59.164,
Plot Title: 5C3C,4751,6/3/26 20:30,58.476,
Plot Title: 5C3C,4752,6/3/26 20:45,57.785,
Plot Title: 5C3C,4753,6/3/26 21:00,57.441,
Plot Title: 5C3C,4754,6/3/26 21:15,57.268,
Plot Title: 5C3C,4755,6/3/26 21:30,56.923,
Plot Title: 5C3C,4756,6/3/26 21:45,56.75,
Plot Title: 5C3C,4757,6/3/26 22:00,56.577,
Plot Title: 5C3C,4758,6/3/26 22:15,55.884,
Plot Title: 5C3C,4759,6/3/26 22:30,55.711,
Plot Title: 5C3C,4760,6/3/26 22:45,55.537,
Plot Title: 5C3C,4761,6/3/26 23:00,55.364,
Plot Title: 5C3C,4762,6/3/26 23:15,55.189,
Plot Title: 5C3C,4763,6/3/26 23:30,54.669,
Plot Title: 5C3C,4764,6/3/26 23:45,54.147,
Plot Title: 5C3C,4765,6/4/26 00:00,53.798,
Plot Title: 5C3C,4766,6/4/26 00:15,53.798,
Plot Title: 5C3C,4767,6/4/26 00:30,53.798,
Plot Title: 5C3C,4768,6/4/26 00:45,53.623,
Plot Title: 5C3C,4769,6/4/26 01:00,53.1,
Plot Title: 5C3C,4770,6/4/26 01:15,53.1,
Plot Title: 5C3C,4771,6/4/26 01:30,53.1,
Plot Title: 5C3C,4772,6/4/26 01:45,53.274,
Plot Title: 5C3C,4773,6/4/26 02:00,53.1,
Plot Title: 5C3C,4774,6/4/26 02:15,53.1,
Plot Title: 5C3C,4775,6/4/26 02:30,52.75,
Plot Title: 5C3C,4776,6/4/26 02:45,52.401,
Plot Title: 5C3C,4777,6/4/26 03:00,52.401,
Plot Title: 5C3C,4778,6/4/26 03:15,52.225,
Plot Title: 5C3C,4779,6/4/26 03:30,52.05,
Plot Title: 5C3C,4780,6/4/26 03:45,51.874,
Plot Title: 5C3C,4781,6/4/26 04:00,51.699,
Plot Title: 5C3C,4782,6/4/26 04:15,51.172,
Plot Title: 5C3C,4783,6/4/26 04:30,50.819,
Plot Title: 5C3C,4784,6/4/26 04:45,50.643,
Plot Title: 5C3C,4785,6/4/26 05:00,50.29,
Plot Title: 5C3C,4786,6/4/26 05:15,50.113,
Plot Title: 5C3C,4787,6/4/26 05:30,50.113,
Plot Title: 5C3C,4788,6/4/26 05:45,50.29,
Plot Title: 5C3C,4789,6/4/26 06:00,50.466,
Plot Title: 5C3C,4790,6/4/26 06:15,50.819,
Plot Title: 5C3C,4791,6/4/26 06:30,50.995,
Plot Title: 5C3C,4792,6/4/26 06:45,51.172,
Plot Title: 5C3C,4793,6/4/26 07:00,51.523,
Plot Title: 5C3C,4794,6/4/26 07:15,52.225,
Plot Title: 5C3C,4795,6/4/26 07:30,52.925,
Plot Title: 5C3C,4796,6/4/26 07:45,53.1,
Plot Title: 5C3C,4797,6/4/26 08:00,53.449,
Plot Title: 5C3C,4798,6/4/26 08:15,53.973,
Plot Title: 5C3C,4799,6/4/26 08:30,54.669,
Plot Title: 5C3C,4800,6/4/26 08:45,55.189,
Plot Title: 5C3C,4801,6/4/26 09:00,57.614,
Plot Title: 5C3C,4802,6/4/26 09:15,57.441,
Plot Title: 5C3C,4803,6/4/26 09:30,58.82,
Plot Title: 5C3C,4804,6/4/26 09:45,62.254,
Plot Title: 5C3C,4805,6/4/26 10:00,73.407,
Plot Title: 5C3C,4806,6/4/26 10:15,79.678,
Plot Title: 5C3C,4807,6/4/26 10:30,81.797,
Plot Title: 5C3C,4808,6/4/26 10:45,72.891,
Plot Title: 5C3C,4809,6/4/26 11:00,70.824,
Plot Title: 5C3C,4810,6/4/26 11:15,69.107,
Plot Title: 5C3C,4811,6/4/26 11:30,69.278,
Plot Title: 5C3C,4812,6/4/26 11:45,71.168,
Plot Title: 5C3C,4813,6/4/26 12:00,79.326,
Plot Title: 5C3C,4814,6/4/26 12:15,77.749,
Plot Title: 5C3C,4815,6/4/26 12:30,74.446,
Plot Title: 5C3C,4816,6/4/26 12:45,72.028,
Plot Title: 5C3C,4817,6/4/26 13:00,69.793,
Plot Title: 5C3C,4818,6/4/26 13:15,67.392,
Plot Title: 5C3C,4819,6/4/26 13:30,66.022,
Plot Title: 5C3C,4820,6/4/26 13:45,64.825,
Plot Title: 5C3C,4821,6/4/26 14:00,65.509,
Plot Title: 5C3C,4822,6/4/26 14:15,66.022,
Plot Title: 5C3C,4823,6/4/26 14:30,66.537,
Plot Title: 5C3C,4824,6/4/26 14:45,68.421,
Plot Title: 5C3C,4825,6/4/26 15:00,66.193,
Plot Title: 5C3C,4826,6/4/26 15:15,64.996,
Plot Title: 5C3C,4827,6/4/26 15:30,63.968,
Plot Title: 5C3C,4828,6/4/26 15:45,63.626,
Plot Title: 5C3C,4829,6/4/26 16:00,63.282,
Plot Title: 5C3C,4830,6/4/26 16:15,62.769,
Plot Title: 5C3C,4831,6/4/26 16:30,62.598,
Plot Title: 5C3C,4832,6/4/26 16:45,61.912,
Plot Title: 5C3C,4833,6/4/26 17:00,62.083,
Plot Title: 5C3C,4834,6/4/26 17:15,61.398,
Plot Title: 5C3C,4835,6/4/26 17:30,61.054,
Plot Title: 5C3C,4836,6/4/26 17:45,60.712,
Plot Title: 5C3C,4837,6/4/26 18:00,60.539,
Plot Title: 5C3C,4838,6/4/26 18:15,59.851,
Plot Title: 5C3C,4839,6/4/26 18:30,59.337,
Plot Title: 5C3C,4840,6/4/26 18:45,58.82,
Plot Title: 5C3C,4841,6/4/26 19:00,58.131,
Plot Title: 5C3C,4842,6/4/26 19:15,57.785,
Plot Title: 5C3C,4843,6/4/26 19:30,57.268,
Plot Title: 5C3C,4844,6/4/26 19:45,56.923,
Plot Title: 5C3C,4845,6/4/26 20:00,56.577,
Plot Title: 5C3C,4846,6/4/26 20:15,56.057,
Plot Title: 5C3C,4847,6/4/26 20:30,55.884,
Plot Title: 5C3C,4848,6/4/26 20:45,55.537,
Plot Title: 5C3C,4849,6/4/26 21:00,55.189,
Plot Title: 5C3C,4850,6/4/26 21:15,54.669,
Plot Title: 5C3C,4851,6/4/26 21:30,54.322,
Plot Title: 5C3C,4852,6/4/26 21:45,54.147,
Plot Title: 5C3C,4853,6/4/26 22:00,53.798,
Plot Title: 5C3C,4854,6/4/26 22:15,53.623,
Plot Title: 5C3C,4855,6/4/26 22:30,53.449,
Plot Title: 5C3C,4856,6/4/26 22:45,53.1,
Plot Title: 5C3C,4857,6/4/26 23:00,52.75,
Plot Title: 5C3C,4858,6/4/26 23:15,52.401,
Plot Title: 5C3C,4859,6/4/26 23:30,52.225,
Plot Title: 5C3C,4860,6/4/26 23:45,52.05,
Plot Title: 5C3C,4861,6/5/26 00:00,51.874,
Plot Title: 5C3C,4862,6/5/26 00:15,51.699,
Plot Title: 5C3C,4863,6/5/26 00:30,51.346,
Plot Title: 5C3C,4864,6/5/26 00:45,51.172,
Plot Title: 5C3C,4865,6/5/26 01:00,50.995,
Plot Title: 5C3C,4866,6/5/26 01:15,50.819,
Plot Title: 5C3C,4867,6/5/26 01:30,50.466,
Plot Title: 5C3C,4868,6/5/26 01:45,50.29,
Plot Title: 5C3C,4869,6/5/26 02:00,50.113,
Plot Title: 5C3C,4870,6/5/26 02:15,49.937,
Plot Title: 5C3C,4871,6/5/26 02:30,49.759,
Plot Title: 5C3C,4872,6/5/26 02:45,49.582,
Plot Title: 5C3C,4873,6/5/26 03:00,49.404,
Plot Title: 5C3C,4874,6/5/26 03:15,49.228,
Plot Title: 5C3C,4875,6/5/26 03:30,49.05,
Plot Title: 5C3C,4876,6/5/26 03:45,48.871,
Plot Title: 5C3C,4877,6/5/26 04:00,48.695,
Plot Title: 5C3C,4878,6/5/26 04:15,48.517,
Plot Title: 5C3C,4879,6/5/26 04:30,48.339,
Plot Title: 5C3C,4880,6/5/26 04:45,48.16,
Plot Title: 5C3C,4881,6/5/26 05:00,48.16,
Plot Title: 5C3C,4882,6/5/26 05:15,47.982,
Plot Title: 5C3C,4883,6/5/26 05:30,47.802,
Plot Title: 5C3C,4884,6/5/26 05:45,47.624,
Plot Title: 5C3C,4885,6/5/26 06:00,47.624,
Plot Title: 5C3C,4886,6/5/26 06:15,47.624,
Plot Title: 5C3C,4887,6/5/26 06:30,47.624,
Plot Title: 5C3C,4888,6/5/26 06:45,47.982,
Plot Title: 5C3C,4889,6/5/26 07:00,47.982,
Plot Title: 5C3C,4890,6/5/26 07:15,48.339,
Plot Title: 5C3C,4891,6/5/26 07:30,48.871,
Plot Title: 5C3C,4892,6/5/26 07:45,49.05,
Plot Title: 5C3C,4893,6/5/26 08:00,49.582,
Plot Title: 5C3C,4894,6/5/26 08:15,50.113,
Plot Title: 5C3C,4895,6/5/26 08:30,50.819,
Plot Title: 5C3C,4896,6/5/26 08:45,52.05,
Plot Title: 5C3C,4897,6/5/26 09:00,54.322,
Plot Title: 5C3C,4898,6/5/26 09:15,53.623,
Plot Title: 5C3C,4899,6/5/26 09:30,53.973,
Plot Title: 5C3C,4900,6/5/26 09:45,59.164,
Plot Title: 5C3C,4901,6/5/26 10:00,71.339,
Plot Title: 5C3C,4902,6/5/26 10:15,77.923,
Plot Title: 5C3C,4903,6/5/26 10:30,81.975,
Plot Title: 5C3C,4904,6/5/26 10:45,85.374,
Plot Title: 5C3C,4905,6/5/26 11:00,87.368,
Plot Title: 5C3C,4906,6/5/26 11:15,89.755,
Plot Title: 5C3C,4907,6/5/26 11:30,91.8,
Plot Title: 5C3C,4908,6/5/26 11:45,94.062,
Plot Title: 5C3C,4909,6/5/26 12:00,95.783,
Plot Title: 5C3C,4910,6/5/26 12:15,95.207,
Plot Title: 5C3C,4911,6/5/26 12:30,91.8,
Plot Title: 5C3C,4912,6/5/26 12:45,87.552,
Plot Title: 5C3C,4913,6/5/26 13:00,81.797,
Plot Title: 5C3C,4914,6/5/26 13:15,76.181,
Plot Title: 5C3C,4915,6/5/26 13:30,73.407,
Plot Title: 5C3C,4916,6/5/26 13:45,70.824,
Plot Title: 5C3C,4917,6/5/26 14:00,71.168,
Plot Title: 5C3C,4918,6/5/26 14:15,73.062,
Plot Title: 5C3C,4919,6/5/26 14:30,82.33,
Plot Title: 5C3C,4920,6/5/26 14:45,83.579,
Plot Title: 5C3C,4921,6/5/26 15:00,75.312,
Plot Title: 5C3C,4922,6/5/26 15:15,71.683,
Plot Title: 5C3C,4923,6/5/26 15:30,69.449,
Plot Title: 5C3C,4924,6/5/26 15:45,67.735,
Plot Title: 5C3C,4925,6/5/26 16:00,66.708,
Plot Title: 5C3C,4926,6/5/26 16:15,65.68,
Plot Title: 5C3C,4927,6/5/26 16:30,65.167,
Plot Title: 5C3C,4928,6/5/26 16:45,64.825,
Plot Title: 5C3C,4929,6/5/26 17:00,64.825,
Plot Title: 5C3C,4930,6/5/26 17:15,63.797,
Plot Title: 5C3C,4931,6/5/26 17:30,63.111,
Plot Title: 5C3C,4932,6/5/26 17:45,62.598,
Plot Title: 5C3C,4933,6/5/26 18:00,62.083,
Plot Title: 5C3C,4934,6/5/26 18:15,61.741,
Plot Title: 5C3C,4935,6/5/26 18:30,61.398,
Plot Title: 5C3C,4936,6/5/26 18:45,61.054,
Plot Title: 5C3C,4937,6/5/26 19:00,60.712,
Plot Title: 5C3C,4938,6/5/26 19:15,60.539,
Plot Title: 5C3C,4939,6/5/26 19:30,60.195,
Plot Title: 5C3C,4940,6/5/26 19:45,60.024,
Plot Title: 5C3C,4941,6/5/26 20:00,59.68,
Plot Title: 5C3C,4942,6/5/26 20:15,59.508,
Plot Title: 5C3C,4943,6/5/26 20:30,59.337,
Plot Title: 5C3C,4944,6/5/26 20:45,58.993,
Plot Title: 5C3C,4945,6/5/26 21:00,58.82,
Plot Title: 5C3C,4946,6/5/26 21:15,58.476,
Plot Title: 5C3C,4947,6/5/26 21:30,58.303,
Plot Title: 5C3C,4948,6/5/26 21:45,58.131,
Plot Title: 5C3C,4949,6/5/26 22:00,57.785,
Plot Title: 5C3C,4950,6/5/26 22:15,57.614,
Plot Title: 5C3C,4951,6/5/26 22:30,57.268,
Plot Title: 5C3C,4952,6/5/26 22:45,57.096,
Plot Title: 5C3C,4953,6/5/26 23:00,56.923,
Plot Title: 5C3C,4954,6/5/26 23:15,56.75,
Plot Title: 5C3C,4955,6/5/26 23:30,56.23,
Plot Title: 5C3C,4956,6/5/26 23:45,56.057,
Plot Title: 5C3C,4957,6/6/26 00:00,55.711,
Plot Title: 5C3C,4958,6/6/26 00:15,55.364,
Plot Title: 5C3C,4959,6/6/26 00:30,54.842,
Plot Title: 5C3C,4960,6/6/26 00:45,54.495,
Plot Title: 5C3C,4961,6/6/26 01:00,54.147,
Plot Title: 5C3C,4962,6/6/26 01:15,53.798,
Plot Title: 5C3C,4963,6/6/26 01:30,53.623,
Plot Title: 5C3C,4964,6/6/26 01:45,53.274,
Plot Title: 5C3C,4965,6/6/26 02:00,52.925,
Plot Title: 5C3C,4966,6/6/26 02:15,52.576,
Plot Title: 5C3C,4967,6/6/26 02:30,52.401,
Plot Title: 5C3C,4968,6/6/26 02:45,52.225,
Plot Title: 5C3C,4969,6/6/26 03:00,52.05,
Plot Title: 5C3C,4970,6/6/26 03:15,51.699,
Plot Title: 5C3C,4971,6/6/26 03:30,51.523,
Plot Title: 5C3C,4972,6/6/26 03:45,51.346,
Plot Title: 5C3C,4973,6/6/26 04:00,51.172,
Plot Title: 5C3C,4974,6/6/26 04:15,50.819,
Plot Title: 5C3C,4975,6/6/26 04:30,50.643,
Plot Title: 5C3C,4976,6/6/26 04:45,50.466,
Plot Title: 5C3C,4977,6/6/26 05:00,50.29,
Plot Title: 5C3C,4978,6/6/26 05:15,50.113,
Plot Title: 5C3C,4979,6/6/26 05:30,49.937,
Plot Title: 5C3C,4980,6/6/26 05:45,49.759,
Plot Title: 5C3C,4981,6/6/26 06:00,49.759,
Plot Title: 5C3C,4982,6/6/26 06:15,49.759,
Plot Title: 5C3C,4983,6/6/26 06:30,50.113,
Plot Title: 5C3C,4984,6/6/26 06:45,50.643,
Plot Title: 5C3C,4985,6/6/26 07:00,50.995,
Plot Title: 5C3C,4986,6/6/26 07:15,51.346,
Plot Title: 5C3C,4987,6/6/26 07:30,51.874,
Plot Title: 5C3C,4988,6/6/26 07:45,52.05,
Plot Title: 5C3C,4989,6/6/26 08:00,53.798,
Plot Title: 5C3C,4990,6/6/26 08:15,55.364,
Plot Title: 5C3C,4991,6/6/26 08:30,56.923,
Plot Title: 5C3C,4992,6/6/26 08:45,57.441,
Plot Title: 5C3C,4993,6/6/26 09:00,57.096,
Plot Title: 5C3C,4994,6/6/26 09:15,58.476,
Plot Title: 5C3C,4995,6/6/26 09:30,58.303,
Plot Title: 5C3C,4996,6/6/26 09:45,58.303,
Plot Title: 5C3C,4997,6/6/26 10:00,58.303,
Plot Title: 5C3C,4998,6/6/26 10:15,58.476,
Plot Title: 5C3C,4999,6/6/26 10:30,57.958,
Plot Title: 5C3C,5000,6/6/26 10:45,57.785,
Plot Title: 5C3C,5001,6/6/26 11:00,59.851,
Plot Title: 5C3C,5002,6/6/26 11:15,62.425,
Plot Title: 5C3C,5003,6/6/26 11:30,69.449,
Plot Title: 5C3C,5004,6/6/26 11:45,70.308,
Plot Title: 5C3C,5005,6/6/26 12:00,68.763,
Plot Title: 5C3C,5006,6/6/26 12:15,70.651,
Plot Title: 5C3C,5007,6/6/26 12:30,69.449,
Plot Title: 5C3C,5008,6/6/26 12:45,69.793,
Plot Title: 5C3C,5009,6/6/26 13:00,70.137,
Plot Title: 5C3C,5010,6/6/26 13:15,69.622,
Plot Title: 5C3C,5011,6/6/26 13:30,69.278,
Plot Title: 5C3C,5012,6/6/26 13:45,68.592,
Plot Title: 5C3C,5013,6/6/26 14:00,68.592,
Plot Title: 5C3C,5014,6/6/26 14:15,70.308,
Plot Title: 5C3C,5015,6/6/26 14:30,72.891,
Plot Title: 5C3C,5016,6/6/26 14:45,70.824,
Plot Title: 5C3C,5017,6/6/26 15:00,68.763,
Plot Title: 5C3C,5018,6/6/26 15:15,66.708,
Plot Title: 5C3C,5019,6/6/26 15:30,65.509,
Plot Title: 5C3C,5020,6/6/26 15:45,65.509,
Plot Title: 5C3C,5021,6/6/26 16:00,65.338,
Plot Title: 5C3C,5022,6/6/26 16:15,64.825,
Plot Title: 5C3C,5023,6/6/26 16:30,64.31,
Plot Title: 5C3C,5024,6/6/26 16:45,63.968,
Plot Title: 5C3C,5025,6/6/26 17:00,63.968,
Plot Title: 5C3C,5026,6/6/26 17:15,63.455,
Plot Title: 5C3C,5027,6/6/26 17:30,62.598,
Plot Title: 5C3C,5028,6/6/26 17:45,61.741,
Plot Title: 5C3C,5029,6/6/26 18:00,61.054,
Plot Title: 5C3C,5030,6/6/26 18:15,60.712,
Plot Title: 5C3C,5031,6/6/26 18:30,60.195,
Plot Title: 5C3C,5032,6/6/26 18:45,59.851,
Plot Title: 5C3C,5033,6/6/26 19:00,59.68,
Plot Title: 5C3C,5034,6/6/26 19:15,58.993,
Plot Title: 5C3C,5035,6/6/26 19:30,58.476,
Plot Title: 5C3C,5036,6/6/26 19:45,57.958,
Plot Title: 5C3C,5037,6/6/26 20:00,57.441,
Plot Title: 5C3C,5038,6/6/26 20:15,56.75,
Plot Title: 5C3C,5039,6/6/26 20:30,56.404,
Plot Title: 5C3C,5040,6/6/26 20:45,56.057,
Plot Title: 5C3C,5041,6/6/26 21:00,55.537,
Plot Title: 5C3C,5042,6/6/26 21:15,54.842,
Plot Title: 5C3C,5043,6/6/26 21:30,54.322,
Plot Title: 5C3C,5044,6/6/26 21:45,53.798,
Plot Title: 5C3C,5045,6/6/26 22:00,53.449,
Plot Title: 5C3C,5046,6/6/26 22:15,53.274,
Plot Title: 5C3C,5047,6/6/26 22:30,52.925,
Plot Title: 5C3C,5048,6/6/26 22:45,52.75,
Plot Title: 5C3C,5049,6/6/26 23:00,52.75,
Plot Title: 5C3C,5050,6/6/26 23:15,52.75,
Plot Title: 5C3C,5051,6/6/26 23:30,52.75,
Plot Title: 5C3C,5052,6/6/26 23:45,52.576,
Plot Title: 5C3C,5053,6/7/26 00:00,52.401,
Plot Title: 5C3C,5054,6/7/26 00:15,52.401,
Plot Title: 5C3C,5055,6/7/26 00:30,52.225,
Plot Title: 5C3C,5056,6/7/26 00:45,51.874,
Plot Title: 5C3C,5057,6/7/26 01:00,51.699,
Plot Title: 5C3C,5058,6/7/26 01:15,51.523,
Plot Title: 5C3C,5059,6/7/26 01:30,51.346,
Plot Title: 5C3C,5060,6/7/26 01:45,50.995,
Plot Title: 5C3C,5061,6/7/26 02:00,50.819,
Plot Title: 5C3C,5062,6/7/26 02:15,50.643,
Plot Title: 5C3C,5063,6/7/26 02:30,50.643,
Plot Title: 5C3C,5064,6/7/26 02:45,50.466,
Plot Title: 5C3C,5065,6/7/26 03:00,50.466,
Plot Title: 5C3C,5066,6/7/26 03:15,50.29,
Plot Title: 5C3C,5067,6/7/26 03:30,50.29,
Plot Title: 5C3C,5068,6/7/26 03:45,50.113,
Plot Title: 5C3C,5069,6/7/26 04:00,49.937,
Plot Title: 5C3C,5070,6/7/26 04:15,49.937,
Plot Title: 5C3C,5071,6/7/26 04:30,49.759,
Plot Title: 5C3C,5072,6/7/26 04:45,49.759,
Plot Title: 5C3C,5073,6/7/26 05:00,49.759,
Plot Title: 5C3C,5074,6/7/26 05:15,49.582,
Plot Title: 5C3C,5075,6/7/26 05:30,49.228,
Plot Title: 5C3C,5076,6/7/26 05:45,48.695,
Plot Title: 5C3C,5077,6/7/26 06:00,48.517,
Plot Title: 5C3C,5078,6/7/26 06:15,48.517,
Plot Title: 5C3C,5079,6/7/26 06:30,48.517,
Plot Title: 5C3C,5080,6/7/26 06:45,48.695,
Plot Title: 5C3C,5081,6/7/26 07:00,48.871,
Plot Title: 5C3C,5082,6/7/26 07:15,49.05,
Plot Title: 5C3C,5083,6/7/26 07:30,49.404,
Plot Title: 5C3C,5084,6/7/26 07:45,49.759,
Plot Title: 5C3C,5085,6/7/26 08:00,50.29,
Plot Title: 5C3C,5086,6/7/26 08:15,50.643,
Plot Title: 5C3C,5087,6/7/26 08:30,51.172,
Plot Title: 5C3C,5088,6/7/26 08:45,52.401,
Plot Title: 5C3C,5089,6/7/26 09:00,53.274,
Plot Title: 5C3C,5090,6/7/26 09:15,52.576,
Plot Title: 5C3C,5091,6/7/26 09:30,52.576,
Plot Title: 5C3C,5092,6/7/26 09:45,53.973,
Plot Title: 5C3C,5093,6/7/26 10:00,60.195,
Plot Title: 5C3C,5094,6/7/26 10:15,70.48,
Plot Title: 5C3C,5095,6/7/26 10:30,78.975,
Plot Title: 5C3C,5096,6/7/26 10:45,77.923,
Plot Title: 5C3C,5097,6/7/26 11:00,81.797,
Plot Title: 5C3C,5098,6/7/26 11:15,82.686,
Plot Title: 5C3C,5099,6/7/26 11:30,86.459,
Plot Title: 5C3C,5100,6/7/26 11:45,87.915,
Plot Title: 5C3C,5101,6/7/26 12:00,84.474,
Plot Title: 5C3C,5102,6/7/26 12:15,83.579,
Plot Title: 5C3C,5103,6/7/26 12:30,79.326,
Plot Title: 5C3C,5104,6/7/26 12:45,76.354,
Plot Title: 5C3C,5105,6/7/26 13:00,72.372,
Plot Title: 5C3C,5106,6/7/26 13:15,68.934,
Plot Title: 5C3C,5107,6/7/26 13:30,65.851,
Plot Title: 5C3C,5108,6/7/26 13:45,63.111,
Plot Title: 5C3C,5109,6/7/26 14:00,61.227,
Plot Title: 5C3C,5110,6/7/26 14:15,59.508,
Plot Title: 5C3C,5111,6/7/26 14:30,57.785,
Plot Title: 5C3C,5112,6/7/26 14:45,56.23,
Plot Title: 5C3C,5113,6/7/26 15:00,55.364,
Plot Title: 5C3C,5114,6/7/26 15:15,54.322,
Plot Title: 5C3C,5115,6/7/26 15:30,53.973,
Plot Title: 5C3C,5116,6/7/26 15:45,53.798,
Plot Title: 5C3C,5117,6/7/26 16:00,53.449,
Plot Title: 5C3C,5118,6/7/26 16:15,53.798,
Plot Title: 5C3C,5119,6/7/26 16:30,53.973,
Plot Title: 5C3C,5120,6/7/26 16:45,53.449,
Plot Title: 5C3C,5121,6/7/26 17:00,52.75,
Plot Title: 5C3C,5122,6/7/26 17:15,52.05,
Plot Title: 5C3C,5123,6/7/26 17:30,52.05,
Plot Title: 5C3C,5124,6/7/26 17:45,52.225,
Plot Title: 5C3C,5125,6/7/26 18:00,51.699,
Plot Title: 5C3C,5126,6/7/26 18:15,50.643,
Plot Title: 5C3C,5127,6/7/26 18:30,50.113,
Plot Title: 5C3C,5128,6/7/26 18:45,49.404,
Plot Title: 5C3C,5129,6/7/26 19:00,49.228,
Plot Title: 5C3C,5130,6/7/26 19:15,49.228,
Plot Title: 5C3C,5131,6/7/26 19:30,49.228,
Plot Title: 5C3C,5132,6/7/26 19:45,49.228,
Plot Title: 5C3C,5133,6/7/26 20:00,49.05,
Plot Title: 5C3C,5134,6/7/26 20:15,48.871,
Plot Title: 5C3C,5135,6/7/26 20:30,48.695,
Plot Title: 5C3C,5136,6/7/26 20:45,48.517,
Plot Title: 5C3C,5137,6/7/26 21:00,48.517,
Plot Title: 5C3C,5138,6/7/26 21:15,48.339,
Plot Title: 5C3C,5139,6/7/26 21:30,48.16,
Plot Title: 5C3C,5140,6/7/26 21:45,47.802,
Plot Title: 5C3C,5141,6/7/26 22:00,47.446,
Plot Title: 5C3C,5142,6/7/26 22:15,46.908,
Plot Title: 5C3C,5143,6/7/26 22:30,46.369,
Plot Title: 5C3C,5144,6/7/26 22:45,45.828,
Plot Title: 5C3C,5145,6/7/26 23:00,45.466,
Plot Title: 5C3C,5146,6/7/26 23:15,45.104,
Plot Title: 5C3C,5147,6/7/26 23:30,44.56,
Plot Title: 5C3C,5148,6/7/26 23:45,44.379,
Plot Title: 5C3C,5149,6/8/26 00:00,44.013,
Plot Title: 5C3C,5150,6/8/26 00:15,43.831,
Plot Title: 5C3C,5151,6/8/26 00:30,43.648,
Plot Title: 5C3C,5152,6/8/26 00:45,43.466,
Plot Title: 5C3C,5153,6/8/26 01:00,43.282,
Plot Title: 5C3C,5154,6/8/26 01:15,42.915,
Plot Title: 5C3C,5155,6/8/26 01:30,42.548,
Plot Title: 5C3C,5156,6/8/26 01:45,42.363,
Plot Title: 5C3C,5157,6/8/26 02:00,42.179,
Plot Title: 5C3C,5158,6/8/26 02:15,41.81,
Plot Title: 5C3C,5159,6/8/26 02:30,41.81,
Plot Title: 5C3C,5160,6/8/26 02:45,41.625,
Plot Title: 5C3C,5161,6/8/26 03:00,41.439,
Plot Title: 5C3C,5162,6/8/26 03:15,41.439,
Plot Title: 5C3C,5163,6/8/26 03:30,41.439,
Plot Title: 5C3C,5164,6/8/26 03:45,41.439,
Plot Title: 5C3C,5165,6/8/26 04:00,41.439,
Plot Title: 5C3C,5166,6/8/26 04:15,41.439,
Plot Title: 5C3C,5167,6/8/26 04:30,41.439,
Plot Title: 5C3C,5168,6/8/26 04:45,41.254,
Plot Title: 5C3C,5169,6/8/26 05:00,41.067,
Plot Title: 5C3C,5170,6/8/26 05:15,40.881,
Plot Title: 5C3C,5171,6/8/26 05:30,41.067,
Plot Title: 5C3C,5172,6/8/26 05:45,41.254,
Plot Title: 5C3C,5173,6/8/26 06:00,41.254,
Plot Title: 5C3C,5174,6/8/26 06:15,41.439,
Plot Title: 5C3C,5175,6/8/26 06:30,41.439,
Plot Title: 5C3C,5176,6/8/26 06:45,41.81,
Plot Title: 5C3C,5177,6/8/26 07:00,42.179,
Plot Title: 5C3C,5178,6/8/26 07:15,42.732,
Plot Title: 5C3C,5179,6/8/26 07:30,43.282,
Plot Title: 5C3C,5180,6/8/26 07:45,43.648,
Plot Title: 5C3C,5181,6/8/26 08:00,43.831,
Plot Title: 5C3C,5182,6/8/26 08:15,44.742,
Plot Title: 5C3C,5183,6/8/26 08:30,45.104,
Plot Title: 5C3C,5184,6/8/26 08:45,46.008,
Plot Title: 5C3C,5185,6/8/26 09:00,48.517,
Plot Title: 5C3C,5186,6/8/26 09:15,47.982,
Plot Title: 5C3C,5187,6/8/26 09:30,47.982,
Plot Title: 5C3C,5188,6/8/26 09:45,52.401,
Plot Title: 5C3C,5189,6/8/26 10:00,67.05,
Plot Title: 5C3C,5190,6/8/26 10:15,76.876,
Plot Title: 5C3C,5191,6/8/26 10:30,84.115,
Plot Title: 5C3C,5192,6/8/26 10:45,89.755,
Plot Title: 5C3C,5193,6/8/26 11:00,90.309,
Plot Title: 5C3C,5194,6/8/26 11:15,95.4,
Plot Title: 5C3C,5195,6/8/26 11:30,99.093,
Plot Title: 5C3C,5196,6/8/26 11:45,101.685,
Plot Title: 5C3C,5197,6/8/26 12:00,103.717,
Plot Title: 5C3C,5198,6/8/26 12:15,104.128,
Plot Title: 5C3C,5199,6/8/26 12:30,98.307,
Plot Title: 5C3C,5200,6/8/26 12:45,91.8,
Plot Title: 5C3C,5201,6/8/26 13:00,84.474,
Plot Title: 5C3C,5202,6/8/26 13:15,76.354,
Plot Title: 5C3C,5203,6/8/26 13:30,72.545,
Plot Title: 5C3C,5204,6/8/26 13:45,69.107,
Plot Title: 5C3C,5205,6/8/26 14:00,69.622,
Plot Title: 5C3C,5206,6/8/26 14:15,72.372,
Plot Title: 5C3C,5207,6/8/26 14:30,82.508,
Plot Title: 5C3C,5208,6/8/26 14:45,84.295,
Plot Title: 5C3C,5209,6/8/26 15:00,76.354,
Plot Title: 5C3C,5210,6/8/26 15:15,72.028,
Plot Title: 5C3C,5211,6/8/26 15:30,70.48,
Plot Title: 5C3C,5212,6/8/26 15:45,69.964,
Plot Title: 5C3C,5213,6/8/26 16:00,68.934,
Plot Title: 5C3C,5214,6/8/26 16:15,68.077,
Plot Title: 5C3C,5215,6/8/26 16:30,66.708,
Plot Title: 5C3C,5216,6/8/26 16:45,65.68,
Plot Title: 5C3C,5217,6/8/26 17:00,64.825,
Plot Title: 5C3C,5218,6/8/26 17:15,64.996,
Plot Title: 5C3C,5219,6/8/26 17:30,64.139,
Plot Title: 5C3C,5220,6/8/26 17:45,63.282,
Plot Title: 5C3C,5221,6/8/26 18:00,62.94,
Plot Title: 5C3C,5222,6/8/26 18:15,62.083,
Plot Title: 5C3C,5223,6/8/26 18:30,61.741,
Plot Title: 5C3C,5224,6/8/26 18:45,61.227,
Plot Title: 5C3C,5225,6/8/26 19:00,61.054,
Plot Title: 5C3C,5226,6/8/26 19:15,60.712,
Plot Title: 5C3C,5227,6/8/26 19:30,60.712,
Plot Title: 5C3C,5228,6/8/26 19:45,60.195,
Plot Title: 5C3C,5229,6/8/26 20:00,59.508,
Plot Title: 5C3C,5230,6/8/26 20:15,58.647,
Plot Title: 5C3C,5231,6/8/26 20:30,58.131,
Plot Title: 5C3C,5232,6/8/26 20:45,57.785,
Plot Title: 5C3C,5233,6/8/26 21:00,57.614,
Plot Title: 5C3C,5234,6/8/26 21:15,57.441,
Plot Title: 5C3C,5235,6/8/26 21:30,57.441,
Plot Title: 5C3C,5236,6/8/26 21:45,57.096,
Plot Title: 5C3C,5237,6/8/26 22:00,56.75,
Plot Title: 5C3C,5238,6/8/26 22:15,56.577,
Plot Title: 5C3C,5239,6/8/26 22:30,56.23,
Plot Title: 5C3C,5240,6/8/26 22:45,56.057,
Plot Title: 5C3C,5241,6/8/26 23:00,55.884,
Plot Title: 5C3C,5242,6/8/26 23:15,55.711,
Plot Title: 5C3C,5243,6/8/26 23:30,55.711,
Plot Title: 5C3C,5244,6/8/26 23:45,55.537,
Plot Title: 5C3C,5245,6/9/26 00:00,55.537,
Plot Title: 5C3C,5246,6/9/26 00:15,55.537,
Plot Title: 5C3C,5247,6/9/26 00:30,55.364,
Plot Title: 5C3C,5248,6/9/26 00:45,55.364,
Plot Title: 5C3C,5249,6/9/26 01:00,55.189,
Plot Title: 5C3C,5250,6/9/26 01:15,55.189,
Plot Title: 5C3C,5251,6/9/26 01:30,54.842,
Plot Title: 5C3C,5252,6/9/26 01:45,54.842,
Plot Title: 5C3C,5253,6/9/26 02:00,54.495,
Plot Title: 5C3C,5254,6/9/26 02:15,54.322,
Plot Title: 5C3C,5255,6/9/26 02:30,54.322,
Plot Title: 5C3C,5256,6/9/26 02:45,54.495,
Plot Title: 5C3C,5257,6/9/26 03:00,54.495,
Plot Title: 5C3C,5258,6/9/26 03:15,54.842,
Plot Title: 5C3C,5259,6/9/26 03:30,54.842,
Plot Title: 5C3C,5260,6/9/26 03:45,54.842,
Plot Title: 5C3C,5261,6/9/26 04:00,54.842,
Plot Title: 5C3C,5262,6/9/26 04:15,54.669,
Plot Title: 5C3C,5263,6/9/26 04:30,54.495,
Plot Title: 5C3C,5264,6/9/26 04:45,54.322,
Plot Title: 5C3C,5265,6/9/26 05:00,54.147,
Plot Title: 5C3C,5266,6/9/26 05:15,53.973,
Plot Title: 5C3C,5267,6/9/26 05:30,53.449,
Plot Title: 5C3C,5268,6/9/26 05:45,52.925,
Plot Title: 5C3C,5269,6/9/26 06:00,52.576,
Plot Title: 5C3C,5270,6/9/26 06:15,52.225,
Plot Title: 5C3C,5271,6/9/26 06:30,51.874,
Plot Title: 5C3C,5272,6/9/26 06:45,51.523,
Plot Title: 5C3C,5273,6/9/26 07:00,51.523,
Plot Title: 5C3C,5274,6/9/26 07:15,51.874,
Plot Title: 5C3C,5275,6/9/26 07:30,52.401,
Plot Title: 5C3C,5276,6/9/26 07:45,52.576,
Plot Title: 5C3C,5277,6/9/26 08:00,52.925,
Plot Title: 5C3C,5278,6/9/26 08:15,53.274,
Plot Title: 5C3C,5279,6/9/26 08:30,53.973,
Plot Title: 5C3C,5280,6/9/26 08:45,55.364,
Plot Title: 5C3C,5281,6/9/26 09:00,55.537,
Plot Title: 5C3C,5282,6/9/26 09:15,54.669,
Plot Title: 5C3C,5283,6/9/26 09:30,55.017,
Plot Title: 5C3C,5284,6/9/26 09:45,55.364,
Plot Title: 5C3C,5285,6/9/26 10:00,60.195,
Plot Title: 5C3C,5286,6/9/26 10:15,71.339,
Plot Title: 5C3C,5287,6/9/26 10:30,77.05,
Plot Title: 5C3C,5288,6/9/26 10:45,79.502,
Plot Title: 5C3C,5289,6/9/26 11:00,78.098,
Plot Title: 5C3C,5290,6/9/26 11:15,80.559,
Plot Title: 5C3C,5291,6/9/26 11:30,80.206,
Plot Title: 5C3C,5292,6/9/26 11:45,71.856,
Plot Title: 5C3C,5293,6/9/26 12:00,64.31,
Plot Title: 5C3C,5294,6/9/26 12:15,60.195,
Plot Title: 5C3C,5295,6/9/26 12:30,59.508,
Plot Title: 5C3C,5296,6/9/26 12:45,57.268,
Plot Title: 5C3C,5297,6/9/26 13:00,56.577,
Plot Title: 5C3C,5298,6/9/26 13:15,55.884,
Plot Title: 5C3C,5299,6/9/26 13:30,55.189,
Plot Title: 5C3C,5300,6/9/26 13:45,53.798,
Plot Title: 5C3C,5301,6/9/26 14:00,51.874,
Plot Title: 5C3C,5302,6/9/26 14:15,51.523,
Plot Title: 5C3C,5303,6/9/26 14:30,50.819,
Plot Title: 5C3C,5304,6/9/26 14:45,50.643,
Plot Title: 5C3C,5305,6/9/26 15:00,50.29,
Plot Title: 5C3C,5306,6/9/26 15:15,50.29,
Plot Title: 5C3C,5307,6/9/26 15:30,49.937,
Plot Title: 5C3C,5308,6/9/26 15:45,49.759,
Plot Title: 5C3C,5309,6/9/26 16:00,50.113,
Plot Title: 5C3C,5310,6/9/26 16:15,50.995,
Plot Title: 5C3C,5311,6/9/26 16:30,51.172,
Plot Title: 5C3C,5312,6/9/26 16:45,51.172,
Plot Title: 5C3C,5313,6/9/26 17:00,51.699,
Plot Title: 5C3C,5314,6/9/26 17:15,52.225,
Plot Title: 5C3C,5315,6/9/26 17:30,52.05,
Plot Title: 5C3C,5316,6/9/26 17:45,51.172,
Plot Title: 5C3C,5317,6/9/26 18:00,49.937,
Plot Title: 5C3C,5318,6/9/26 18:15,50.29,
Plot Title: 5C3C,5319,6/9/26 18:30,49.937,
Plot Title: 5C3C,5320,6/9/26 18:45,50.466,
Plot Title: 5C3C,5321,6/9/26 19:00,50.643,
Plot Title: 5C3C,5322,6/9/26 19:15,50.29,
Plot Title: 5C3C,5323,6/9/26 19:30,49.937,
Plot Title: 5C3C,5324,6/9/26 19:45,49.759,
Plot Title: 5C3C,5325,6/9/26 20:00,49.228,
Plot Title: 5C3C,5326,6/9/26 20:15,49.05,
Plot Title: 5C3C,5327,6/9/26 20:30,48.695,
Plot Title: 5C3C,5328,6/9/26 20:45,48.695,
Plot Title: 5C3C,5329,6/9/26 21:00,48.339,
Plot Title: 5C3C,5330,6/9/26 21:15,47.802,
Plot Title: 5C3C,5331,6/9/26 21:30,47.802,
Plot Title: 5C3C,5332,6/9/26 21:45,47.624,
Plot Title: 5C3C,5333,6/9/26 22:00,47.624,
Plot Title: 5C3C,5334,6/9/26 22:15,47.446,
Plot Title: 5C3C,5335,6/9/26 22:30,47.446,
Plot Title: 5C3C,5336,6/9/26 22:45,47.446,
Plot Title: 5C3C,5337,6/9/26 23:00,47.266,
Plot Title: 5C3C,5338,6/9/26 23:15,46.908,
Plot Title: 5C3C,5339,6/9/26 23:30,46.369,
Plot Title: 5C3C,5340,6/9/26 23:45,45.828,
Plot Title: 5C3C,5341,6/10/26 00:00,45.466,
Plot Title: 5C3C,5342,6/10/26 00:15,45.104,
Plot Title: 5C3C,5343,6/10/26 00:30,45.104,
Plot Title: 5C3C,5344,6/10/26 00:45,44.922,
Plot Title: 5C3C,5345,6/10/26 01:00,44.742,
Plot Title: 5C3C,5346,6/10/26 01:15,44.742,
Plot Title: 5C3C,5347,6/10/26 01:30,44.742,
Plot Title: 5C3C,5348,6/10/26 01:45,44.379,
Plot Title: 5C3C,5349,6/10/26 02:00,44.195,
Plot Title: 5C3C,5350,6/10/26 02:15,43.831,
Plot Title: 5C3C,5351,6/10/26 02:30,43.648,
Plot Title: 5C3C,5352,6/10/26 02:45,43.648,
Plot Title: 5C3C,5353,6/10/26 03:00,43.831,
Plot Title: 5C3C,5354,6/10/26 03:15,44.013,
Plot Title: 5C3C,5355,6/10/26 03:30,44.013,
Plot Title: 5C3C,5356,6/10/26 03:45,43.831,
Plot Title: 5C3C,5357,6/10/26 04:00,44.013,
Plot Title: 5C3C,5358,6/10/26 04:15,44.013,
Plot Title: 5C3C,5359,6/10/26 04:30,43.831,
Plot Title: 5C3C,5360,6/10/26 04:45,43.648,
Plot Title: 5C3C,5361,6/10/26 05:00,43.466,
Plot Title: 5C3C,5362,6/10/26 05:15,43.099,
Plot Title: 5C3C,5363,6/10/26 05:30,43.099,
Plot Title: 5C3C,5364,6/10/26 05:45,43.282,
Plot Title: 5C3C,5365,6/10/26 06:00,43.466,
Plot Title: 5C3C,5366,6/10/26 06:15,43.648,
Plot Title: 5C3C,5367,6/10/26 06:30,43.648,
Plot Title: 5C3C,5368,6/10/26 06:45,44.013,
Plot Title: 5C3C,5369,6/10/26 07:00,44.379,
Plot Title: 5C3C,5370,6/10/26 07:15,44.56,
Plot Title: 5C3C,5371,6/10/26 07:30,44.922,
Plot Title: 5C3C,5372,6/10/26 07:45,45.104,
Plot Title: 5C3C,5373,6/10/26 08:00,45.466,
Plot Title: 5C3C,5374,6/10/26 08:15,46.188,
Plot Title: 5C3C,5375,6/10/26 08:30,45.828,
Plot Title: 5C3C,5376,6/10/26 08:45,46.548,
Plot Title: 5C3C,5377,6/10/26 09:00,47.982,
Plot Title: 5C3C,5378,6/10/26 09:15,47.624,
Plot Title: 5C3C,5379,6/10/26 09:30,47.802,
Plot Title: 5C3C,5380,6/10/26 09:45,50.466,
Plot Title: 5C3C,5381,6/10/26 10:00,62.769,
Plot Title: 5C3C,5382,6/10/26 10:15,64.825,
Plot Title: 5C3C,5383,6/10/26 10:30,69.793,
Plot Title: 5C3C,5384,6/10/26 10:45,72.891,
Plot Title: 5C3C,5385,6/10/26 11:00,69.278,
Plot Title: 5C3C,5386,6/10/26 11:15,67.906,
Plot Title: 5C3C,5387,6/10/26 11:30,66.022,
Plot Title: 5C3C,5388,6/10/26 11:45,70.137,
Plot Title: 5C3C,5389,6/10/26 12:00,69.793,
Plot Title: 5C3C,5390,6/10/26 12:15,77.923,
Plot Title: 5C3C,5391,6/10/26 12:30,70.824,
Plot Title: 5C3C,5392,6/10/26 12:45,63.282,
Plot Title: 5C3C,5393,6/10/26 13:00,59.337,
Plot Title: 5C3C,5394,6/10/26 13:15,58.647,
Plot Title: 5C3C,5395,6/10/26 13:30,57.096,
Plot Title: 5C3C,5396,6/10/26 13:45,54.842,
Plot Title: 5C3C,5397,6/10/26 14:00,54.495,
Plot Title: 5C3C,5398,6/10/26 14:15,56.577,
Plot Title: 5C3C,5399,6/10/26 14:30,57.614,
Plot Title: 5C3C,5400,6/10/26 14:45,55.537,
Plot Title: 5C3C,5401,6/10/26 15:00,53.449,
Plot Title: 5C3C,5402,6/10/26 15:15,54.495,
Plot Title: 5C3C,5403,6/10/26 15:30,53.1,
Plot Title: 5C3C,5404,6/10/26 15:45,53.274,
Plot Title: 5C3C,5405,6/10/26 16:00,52.925,
Plot Title: 5C3C,5406,6/10/26 16:15,52.576,
Plot Title: 5C3C,5407,6/10/26 16:30,52.401,
Plot Title: 5C3C,5408,6/10/26 16:45,47.982,
Plot Title: 5C3C,5409,6/10/26 17:00,44.922,
Plot Title: 5C3C,5410,6/10/26 17:15,45.466,
Plot Title: 5C3C,5411,6/10/26 17:30,47.446,
Plot Title: 5C3C,5412,6/10/26 17:45,48.695,
Plot Title: 5C3C,5413,6/10/26 18:00,48.695,
Plot Title: 5C3C,5414,6/10/26 18:15,48.695,
Plot Title: 5C3C,5415,6/10/26 18:30,49.05,
Plot Title: 5C3C,5416,6/10/26 18:45,49.05,
Plot Title: 5C3C,5417,6/10/26 19:00,49.05,
Plot Title: 5C3C,5418,6/10/26 19:15,49.05,
Plot Title: 5C3C,5419,6/10/26 19:30,48.517,
Plot Title: 5C3C,5420,6/10/26 19:45,47.802,
Plot Title: 5C3C,5421,6/10/26 20:00,47.446,
Plot Title: 5C3C,5422,6/10/26 20:15,47.088,
Plot Title: 5C3C,5423,6/10/26 20:30,46.908,
Plot Title: 5C3C,5424,6/10/26 20:45,46.728,
Plot Title: 5C3C,5425,6/10/26 21:00,46.369,
Plot Title: 5C3C,5426,6/10/26 21:15,46.008,
Plot Title: 5C3C,5427,6/10/26 21:30,45.828,
Plot Title: 5C3C,5428,6/10/26 21:45,45.648,
Plot Title: 5C3C,5429,6/10/26 22:00,45.286,
Plot Title: 5C3C,5430,6/10/26 22:15,45.104,
Plot Title: 5C3C,5431,6/10/26 22:30,44.742,
Plot Title: 5C3C,5432,6/10/26 22:45,44.56,
Plot Title: 5C3C,5433,6/10/26 23:00,44.56,
Plot Title: 5C3C,5434,6/10/26 23:15,44.56,
Plot Title: 5C3C,5435,6/10/26 23:30,44.379,
Plot Title: 5C3C,5436,6/10/26 23:45,44.195,
Plot Title: 5C3C,5437,6/11/26 00:00,44.195,
Plot Title: 5C3C,5438,6/11/26 00:15,44.195,
Plot Title: 5C3C,5439,6/11/26 00:30,44.195,
Plot Title: 5C3C,5440,6/11/26 00:45,44.195,
Plot Title: 5C3C,5441,6/11/26 01:00,44.013,
Plot Title: 5C3C,5442,6/11/26 01:15,44.013,
Plot Title: 5C3C,5443,6/11/26 01:30,43.831,
Plot Title: 5C3C,5444,6/11/26 01:45,43.648,
Plot Title: 5C3C,5445,6/11/26 02:00,43.648,
Plot Title: 5C3C,5446,6/11/26 02:15,43.466,
Plot Title: 5C3C,5447,6/11/26 02:30,43.466,
Plot Title: 5C3C,5448,6/11/26 02:45,43.282,
Plot Title: 5C3C,5449,6/11/26 03:00,43.282,
Plot Title: 5C3C,5450,6/11/26 03:15,43.282,
Plot Title: 5C3C,5451,6/11/26 03:30,43.466,
Plot Title: 5C3C,5452,6/11/26 03:45,43.466,
Plot Title: 5C3C,5453,6/11/26 04:00,43.282,
Plot Title: 5C3C,5454,6/11/26 04:15,43.099,
Plot Title: 5C3C,5455,6/11/26 04:30,43.099,
Plot Title: 5C3C,5456,6/11/26 04:45,42.915,
Plot Title: 5C3C,5457,6/11/26 05:00,42.915,
Plot Title: 5C3C,5458,6/11/26 05:15,42.915,
Plot Title: 5C3C,5459,6/11/26 05:30,42.915,
Plot Title: 5C3C,5460,6/11/26 05:45,42.732,
Plot Title: 5C3C,5461,6/11/26 06:00,42.548,
Plot Title: 5C3C,5462,6/11/26 06:15,42.732,
Plot Title: 5C3C,5463,6/11/26 06:30,42.915,
Plot Title: 5C3C,5464,6/11/26 06:45,42.915,
Plot Title: 5C3C,5465,6/11/26 07:00,43.099,
Plot Title: 5C3C,5466,6/11/26 07:15,43.466,
Plot Title: 5C3C,5467,6/11/26 07:30,43.831,
Plot Title: 5C3C,5468,6/11/26 07:45,44.379,
Plot Title: 5C3C,5469,6/11/26 08:00,44.922,
Plot Title: 5C3C,5470,6/11/26 08:15,45.466,
Plot Title: 5C3C,5471,6/11/26 08:30,47.088,
Plot Title: 5C3C,5472,6/11/26 08:45,46.908,
Plot Title: 5C3C,5473,6/11/26 09:00,47.802,
Plot Title: 5C3C,5474,6/11/26 09:15,47.982,
Plot Title: 5C3C,5475,6/11/26 09:30,49.404,
Plot Title: 5C3C,5476,6/11/26 09:45,49.404,
Plot Title: 5C3C,5477,6/11/26 10:00,52.401,
Plot Title: 5C3C,5478,6/11/26 10:15,53.449,
Plot Title: 5C3C,5479,6/11/26 10:30,54.147,
Plot Title: 5C3C,5480,6/11/26 10:45,54.147,
Plot Title: 5C3C,5481,6/11/26 11:00,54.495,
Plot Title: 5C3C,5482,6/11/26 11:15,58.647,
Plot Title: 5C3C,5483,6/11/26 11:30,60.195,
Plot Title: 5C3C,5484,6/11/26 11:45,61.569,
Plot Title: 5C3C,5485,6/11/26 12:00,64.139,
Plot Title: 5C3C,5486,6/11/26 12:15,65.338,
Plot Title: 5C3C,5487,6/11/26 12:30,68.763,
Plot Title: 5C3C,5488,6/11/26 12:45,66.879,
Plot Title: 5C3C,5489,6/11/26 13:00,63.968,
Plot Title: 5C3C,5490,6/11/26 13:15,59.68,
Plot Title: 5C3C,5491,6/11/26 13:30,58.303,
Plot Title: 5C3C,5492,6/11/26 13:45,56.923,
Plot Title: 5C3C,5493,6/11/26 14:00,60.195,
Plot Title: 5C3C,5494,6/11/26 14:15,61.227,
Plot Title: 5C3C,5495,6/11/26 14:30,70.824,
Plot Title: 5C3C,5496,6/11/26 14:45,72.718,
Plot Title: 5C3C,5497,6/11/26 15:00,64.481,
Plot Title: 5C3C,5498,6/11/26 15:15,61.227,
Plot Title: 5C3C,5499,6/11/26 15:30,58.82,
Plot Title: 5C3C,5500,6/11/26 15:45,57.268,
Plot Title: 5C3C,5501,6/11/26 16:00,56.577,
Plot Title: 5C3C,5502,6/11/26 16:15,55.884,
Plot Title: 5C3C,5503,6/11/26 16:30,55.711,
Plot Title: 5C3C,5504,6/11/26 16:45,55.884,
Plot Title: 5C3C,5505,6/11/26 17:00,55.711,
Plot Title: 5C3C,5506,6/11/26 17:15,55.189,
Plot Title: 5C3C,5507,6/11/26 17:30,54.495,
Plot Title: 5C3C,5508,6/11/26 17:45,54.669,
Plot Title: 5C3C,5509,6/11/26 18:00,54.495,
Plot Title: 5C3C,5510,6/11/26 18:15,53.798,
Plot Title: 5C3C,5511,6/11/26 18:30,53.274,
Plot Title: 5C3C,5512,6/11/26 18:45,52.925,
Plot Title: 5C3C,5513,6/11/26 19:00,52.401,
Plot Title: 5C3C,5514,6/11/26 19:15,52.05,
Plot Title: 5C3C,5515,6/11/26 19:30,51.874,
Plot Title: 5C3C,5516,6/11/26 19:45,51.523,
Plot Title: 5C3C,5517,6/11/26 20:00,51.346,
Plot Title: 5C3C,5518,6/11/26 20:15,50.995,
Plot Title: 5C3C,5519,6/11/26 20:30,50.643,
Plot Title: 5C3C,5520,6/11/26 20:45,50.29,
Plot Title: 5C3C,5521,6/11/26 21:00,50.113,
Plot Title: 5C3C,5522,6/11/26 21:15,49.759,
Plot Title: 5C3C,5523,6/11/26 21:30,49.404,
Plot Title: 5C3C,5524,6/11/26 21:45,49.228,
Plot Title: 5C3C,5525,6/11/26 22:00,49.05,
Plot Title: 5C3C,5526,6/11/26 22:15,48.871,
Plot Title: 5C3C,5527,6/11/26 22:30,48.695,
Plot Title: 5C3C,5528,6/11/26 22:45,48.517,
Plot Title: 5C3C,5529,6/11/26 23:00,48.16,
Plot Title: 5C3C,5530,6/11/26 23:15,47.802,
Plot Title: 5C3C,5531,6/11/26 23:30,47.624,
Plot Title: 5C3C,5532,6/11/26 23:45,47.266,
Plot Title: 5C3C,5533,6/12/26 00:00,47.088,
Plot Title: 5C3C,5534,6/12/26 00:15,46.728,
Plot Title: 5C3C,5535,6/12/26 00:30,46.548,
Plot Title: 5C3C,5536,6/12/26 00:45,46.369,
Plot Title: 5C3C,5537,6/12/26 01:00,46.188,
Plot Title: 5C3C,5538,6/12/26 01:15,46.008,
Plot Title: 5C3C,5539,6/12/26 01:30,45.828,
Plot Title: 5C3C,5540,6/12/26 01:45,45.648,
Plot Title: 5C3C,5541,6/12/26 02:00,45.286,
Plot Title: 5C3C,5542,6/12/26 02:15,45.104,
Plot Title: 5C3C,5543,6/12/26 02:30,44.922,
Plot Title: 5C3C,5544,6/12/26 02:45,44.742,
Plot Title: 5C3C,5545,6/12/26 03:00,44.56,
Plot Title: 5C3C,5546,6/12/26 03:15,44.379,
Plot Title: 5C3C,5547,6/12/26 03:30,44.379,
Plot Title: 5C3C,5548,6/12/26 03:45,44.195,
Plot Title: 5C3C,5549,6/12/26 04:00,44.013,
Plot Title: 5C3C,5550,6/12/26 04:15,43.831,
Plot Title: 5C3C,5551,6/12/26 04:30,43.648,
Plot Title: 5C3C,5552,6/12/26 04:45,43.466,
Plot Title: 5C3C,5553,6/12/26 05:00,43.282,
Plot Title: 5C3C,5554,6/12/26 05:15,43.282,
Plot Title: 5C3C,5555,6/12/26 05:30,43.099,
Plot Title: 5C3C,5556,6/12/26 05:45,43.099,
Plot Title: 5C3C,5557,6/12/26 06:00,42.915,
Plot Title: 5C3C,5558,6/12/26 06:15,42.915,
Plot Title: 5C3C,5559,6/12/26 06:30,42.915,
Plot Title: 5C3C,5560,6/12/26 06:45,43.282,
Plot Title: 5C3C,5561,6/12/26 07:00,43.466,
Plot Title: 5C3C,5562,6/12/26 07:15,44.195,
Plot Title: 5C3C,5563,6/12/26 07:30,44.922,
Plot Title: 5C3C,5564,6/12/26 07:45,44.742,
Plot Title: 5C3C,5565,6/12/26 08:00,45.104,
Plot Title: 5C3C,5566,6/12/26 08:15,45.828,
Plot Title: 5C3C,5567,6/12/26 08:30,46.728,
Plot Title: 5C3C,5568,6/12/26 08:45,47.802,
Plot Title: 5C3C,5569,6/12/26 09:00,48.695,
Plot Title: 5C3C,5570,6/12/26 09:15,48.695,
Plot Title: 5C3C,5571,6/12/26 09:30,49.404,
Plot Title: 5C3C,5572,6/12/26 09:45,52.401,
Plot Title: 5C3C,5573,6/12/26 10:00,66.879,
Plot Title: 5C3C,5574,6/12/26 10:15,72.891,
Plot Title: 5C3C,5575,6/12/26 10:30,80.735,
Plot Title: 5C3C,5576,6/12/26 10:45,85.554,
Plot Title: 5C3C,5577,6/12/26 11:00,89.384,
Plot Title: 5C3C,5578,6/12/26 11:15,92.363,
Plot Title: 5C3C,5579,6/12/26 11:30,95.207,
Plot Title: 5C3C,5580,6/12/26 11:45,97.525,
Plot Title: 5C3C,5581,6/12/26 12:00,99.291,
Plot Title: 5C3C,5582,6/12/26 12:15,101.887,
Plot Title: 5C3C,5583,6/12/26 12:30,90.867,
Plot Title: 5C3C,5584,6/12/26 12:45,86.823,
Plot Title: 5C3C,5585,6/12/26 13:00,81.09,
Plot Title: 5C3C,5586,6/12/26 13:15,74.791,
Plot Title: 5C3C,5587,6/12/26 13:30,71.339,
Plot Title: 5C3C,5588,6/12/26 13:45,69.622,
Plot Title: 5C3C,5589,6/12/26 14:00,72.372,
Plot Title: 5C3C,5590,6/12/26 14:15,72.028,
Plot Title: 5C3C,5591,6/12/26 14:30,78.8,
Plot Title: 5C3C,5592,6/12/26 14:45,79.678,
Plot Title: 5C3C,5593,6/12/26 15:00,72.891,
Plot Title: 5C3C,5594,6/12/26 15:15,70.308,
Plot Title: 5C3C,5595,6/12/26 15:30,68.934,
Plot Title: 5C3C,5596,6/12/26 15:45,67.05,
Plot Title: 5C3C,5597,6/12/26 16:00,66.708,
Plot Title: 5C3C,5598,6/12/26 16:15,66.366,
Plot Title: 5C3C,5599,6/12/26 16:30,66.537,
Plot Title: 5C3C,5600,6/12/26 16:45,65.851,
Plot Title: 5C3C,5601,6/12/26 17:00,64.996,
Plot Title: 5C3C,5602,6/12/26 17:15,63.455,
Plot Title: 5C3C,5603,6/12/26 17:30,62.598,
Plot Title: 5C3C,5604,6/12/26 17:45,61.912,
Plot Title: 5C3C,5605,6/12/26 18:00,60.712,
Plot Title: 5C3C,5606,6/12/26 18:15,60.195,
Plot Title: 5C3C,5607,6/12/26 18:30,59.508,
Plot Title: 5C3C,5608,6/12/26 18:45,59.164,
Plot Title: 5C3C,5609,6/12/26 19:00,59.164,
Plot Title: 5C3C,5610,6/12/26 19:15,58.82,
Plot Title: 5C3C,5611,6/12/26 19:30,58.476,
Plot Title: 5C3C,5612,6/12/26 19:45,57.958,
Plot Title: 5C3C,5613,6/12/26 20:00,57.441,
Plot Title: 5C3C,5614,6/12/26 20:15,56.923,
Plot Title: 5C3C,5615,6/12/26 20:30,56.404,
Plot Title: 5C3C,5616,6/12/26 20:45,56.057,
Plot Title: 5C3C,5617,6/12/26 21:00,55.711,
Plot Title: 5C3C,5618,6/12/26 21:15,55.364,
Plot Title: 5C3C,5619,6/12/26 21:30,55.189,
Plot Title: 5C3C,5620,6/12/26 21:45,54.842,
Plot Title: 5C3C,5621,6/12/26 22:00,54.495,
Plot Title: 5C3C,5622,6/12/26 22:15,53.973,
Plot Title: 5C3C,5623,6/12/26 22:30,53.623,
Plot Title: 5C3C,5624,6/12/26 22:45,53.1,
Plot Title: 5C3C,5625,6/12/26 23:00,52.75,
Plot Title: 5C3C,5626,6/12/26 23:15,52.401,
Plot Title: 5C3C,5627,6/12/26 23:30,51.874,
Plot Title: 5C3C,5628,6/12/26 23:45,51.523,
Plot Title: 5C3C,5629,6/13/26 00:00,50.995,
Plot Title: 5C3C,5630,6/13/26 00:15,50.819,
Plot Title: 5C3C,5631,6/13/26 00:30,50.643,
Plot Title: 5C3C,5632,6/13/26 00:45,50.29,
Plot Title: 5C3C,5633,6/13/26 01:00,50.113,
Plot Title: 5C3C,5634,6/13/26 01:15,49.937,
Plot Title: 5C3C,5635,6/13/26 01:30,49.582,
Plot Title: 5C3C,5636,6/13/26 01:45,49.228,
Plot Title: 5C3C,5637,6/13/26 02:00,48.871,
Plot Title: 5C3C,5638,6/13/26 02:15,48.871,
Plot Title: 5C3C,5639,6/13/26 02:30,48.695,
Plot Title: 5C3C,5640,6/13/26 02:45,48.695,
Plot Title: 5C3C,5641,6/13/26 03:00,48.339,
Plot Title: 5C3C,5642,6/13/26 03:15,48.339,
Plot Title: 5C3C,5643,6/13/26 03:30,48.16,
Plot Title: 5C3C,5644,6/13/26 03:45,47.982,
Plot Title: 5C3C,5645,6/13/26 04:00,47.802,
Plot Title: 5C3C,5646,6/13/26 04:15,47.624,
Plot Title: 5C3C,5647,6/13/26 04:30,47.624,
Plot Title: 5C3C,5648,6/13/26 04:45,47.446,
Plot Title: 5C3C,5649,6/13/26 05:00,47.446,
Plot Title: 5C3C,5650,6/13/26 05:15,47.266,
Plot Title: 5C3C,5651,6/13/26 05:30,47.266,
Plot Title: 5C3C,5652,6/13/26 05:45,47.088,
Plot Title: 5C3C,5653,6/13/26 06:00,47.088,
Plot Title: 5C3C,5654,6/13/26 06:15,47.088,
Plot Title: 5C3C,5655,6/13/26 06:30,47.088,
Plot Title: 5C3C,5656,6/13/26 06:45,47.088,
Plot Title: 5C3C,5657,6/13/26 07:00,46.908,
Plot Title: 5C3C,5658,6/13/26 07:15,46.908,
Plot Title: 5C3C,5659,6/13/26 07:30,47.088,
Plot Title: 5C3C,5660,6/13/26 07:45,47.088,
Plot Title: 5C3C,5661,6/13/26 08:00,47.088,
Plot Title: 5C3C,5662,6/13/26 08:15,47.266,
Plot Title: 5C3C,5663,6/13/26 08:30,47.446,
Plot Title: 5C3C,5664,6/13/26 08:45,47.802,
Plot Title: 5C3C,5665,6/13/26 09:00,47.624,
Plot Title: 5C3C,5666,6/13/26 09:15,47.624,
Plot Title: 5C3C,5667,6/13/26 09:30,47.802,
Plot Title: 5C3C,5668,6/13/26 09:45,47.624,
Plot Title: 5C3C,5669,6/13/26 10:00,47.624,
Plot Title: 5C3C,5670,6/13/26 10:15,47.624,
Plot Title: 5C3C,5671,6/13/26 10:30,47.624,
Plot Title: 5C3C,5672,6/13/26 10:45,48.339,
Plot Title: 5C3C,5673,6/13/26 11:00,50.113,
Plot Title: 5C3C,5674,6/13/26 11:15,52.576,
Plot Title: 5C3C,5675,6/13/26 11:30,55.537,
Plot Title: 5C3C,5676,6/13/26 11:45,58.82,
Plot Title: 5C3C,5677,6/13/26 12:00,57.614,
Plot Title: 5C3C,5678,6/13/26 12:15,57.268,
Plot Title: 5C3C,5679,6/13/26 12:30,58.476,
Plot Title: 5C3C,5680,6/13/26 12:45,58.476,
Plot Title: 5C3C,5681,6/13/26 13:00,56.923,
Plot Title: 5C3C,5682,6/13/26 13:15,58.647,
Plot Title: 5C3C,5683,6/13/26 13:30,58.303,
Plot Title: 5C3C,5684,6/13/26 13:45,58.303,
Plot Title: 5C3C,5685,6/13/26 14:00,56.923,
Plot Title: 5C3C,5686,6/13/26 14:15,56.75,
Plot Title: 5C3C,5687,6/13/26 14:30,57.268,
Plot Title: 5C3C,5688,6/13/26 14:45,58.303,
Plot Title: 5C3C,5689,6/13/26 15:00,58.647,
Plot Title: 5C3C,5690,6/13/26 15:15,57.785,
Plot Title: 5C3C,5691,6/13/26 15:30,57.268,
Plot Title: 5C3C,5692,6/13/26 15:45,56.923,
Plot Title: 5C3C,5693,6/13/26 16:00,56.577,
Plot Title: 5C3C,5694,6/13/26 16:15,56.23,
Plot Title: 5C3C,5695,6/13/26 16:30,55.884,
Plot Title: 5C3C,5696,6/13/26 16:45,55.711,
Plot Title: 5C3C,5697,6/13/26 17:00,55.884,
Plot Title: 5C3C,5698,6/13/26 17:15,55.537,
Plot Title: 5C3C,5699,6/13/26 17:30,55.189,
Plot Title: 5C3C,5700,6/13/26 17:45,55.017,
Plot Title: 5C3C,5701,6/13/26 18:00,55.017,
Plot Title: 5C3C,5702,6/13/26 18:15,54.495,
Plot Title: 5C3C,5703,6/13/26 18:30,53.623,
Plot Title: 5C3C,5704,6/13/26 18:45,53.274,
Plot Title: 5C3C,5705,6/13/26 19:00,52.925,
Plot Title: 5C3C,5706,6/13/26 19:15,51.874,
Plot Title: 5C3C,5707,6/13/26 19:30,50.819,
Plot Title: 5C3C,5708,6/13/26 19:45,50.29,
Plot Title: 5C3C,5709,6/13/26 20:00,49.759,
Plot Title: 5C3C,5710,6/13/26 20:15,49.228,
Plot Title: 5C3C,5711,6/13/26 20:30,48.695,
Plot Title: 5C3C,5712,6/13/26 20:45,48.339,
Plot Title: 5C3C,5713,6/13/26 21:00,47.802,
Plot Title: 5C3C,5714,6/13/26 21:15,47.446,
Plot Title: 5C3C,5715,6/13/26 21:30,46.908,
Plot Title: 5C3C,5716,6/13/26 21:45,46.548,
Plot Title: 5C3C,5717,6/13/26 22:00,46.188,
Plot Title: 5C3C,5718,6/13/26 22:15,45.828,
Plot Title: 5C3C,5719,6/13/26 22:30,45.648,
Plot Title: 5C3C,5720,6/13/26 22:45,45.466,
Plot Title: 5C3C,5721,6/13/26 23:00,45.104,
Plot Title: 5C3C,5722,6/13/26 23:15,44.922,
Plot Title: 5C3C,5723,6/13/26 23:30,44.742,
Plot Title: 5C3C,5724,6/13/26 23:45,44.379,
Plot Title: 5C3C,5725,6/14/26 00:00,44.195,
Plot Title: 5C3C,5726,6/14/26 00:15,44.013,
Plot Title: 5C3C,5727,6/14/26 00:30,43.648,
Plot Title: 5C3C,5728,6/14/26 00:45,43.466,
Plot Title: 5C3C,5729,6/14/26 01:00,43.282,
Plot Title: 5C3C,5730,6/14/26 01:15,43.099,
Plot Title: 5C3C,5731,6/14/26 01:30,42.915,
Plot Title: 5C3C,5732,6/14/26 01:45,42.732,
Plot Title: 5C3C,5733,6/14/26 02:00,42.548,
Plot Title: 5C3C,5734,6/14/26 02:15,42.363,
Plot Title: 5C3C,5735,6/14/26 02:30,42.179,
Plot Title: 5C3C,5736,6/14/26 02:45,41.994,
Plot Title: 5C3C,5737,6/14/26 03:00,41.81,
Plot Title: 5C3C,5738,6/14/26 03:15,41.625,
Plot Title: 5C3C,5739,6/14/26 03:30,41.439,
Plot Title: 5C3C,5740,6/14/26 03:45,41.439,
Plot Title: 5C3C,5741,6/14/26 04:00,41.254,
Plot Title: 5C3C,5742,6/14/26 04:15,41.067,
Plot Title: 5C3C,5743,6/14/26 04:30,41.067,
Plot Title: 5C3C,5744,6/14/26 04:45,40.881,
Plot Title: 5C3C,5745,6/14/26 05:00,40.696,
Plot Title: 5C3C,5746,6/14/26 05:15,40.509,
Plot Title: 5C3C,5747,6/14/26 05:30,40.509,
Plot Title: 5C3C,5748,6/14/26 05:45,40.321,
Plot Title: 5C3C,5749,6/14/26 06:00,40.321,
Plot Title: 5C3C,5750,6/14/26 06:15,40.321,
Plot Title: 5C3C,5751,6/14/26 06:30,40.321,
Plot Title: 5C3C,5752,6/14/26 06:45,40.696,
Plot Title: 5C3C,5753,6/14/26 07:00,41.067,
Plot Title: 5C3C,5754,6/14/26 07:15,41.81,
Plot Title: 5C3C,5755,6/14/26 07:30,42.732,
Plot Title: 5C3C,5756,6/14/26 07:45,42.548,
Plot Title: 5C3C,5757,6/14/26 08:00,42.915,
Plot Title: 5C3C,5758,6/14/26 08:15,43.282,
Plot Title: 5C3C,5759,6/14/26 08:30,44.013,
Plot Title: 5C3C,5760,6/14/26 08:45,45.104,
Plot Title: 5C3C,5761,6/14/26 09:00,45.648,
Plot Title: 5C3C,5762,6/14/26 09:15,46.188,
Plot Title: 5C3C,5763,6/14/26 09:30,47.088,
Plot Title: 5C3C,5764,6/14/26 09:45,49.937,
Plot Title: 5C3C,5765,6/14/26 10:00,62.425,
Plot Title: 5C3C,5766,6/14/26 10:15,65.509,
Plot Title: 5C3C,5767,6/14/26 10:30,75.139,
Plot Title: 5C3C,5768,6/14/26 10:45,80.735,
Plot Title: 5C3C,5769,6/14/26 11:00,85.194,
Plot Title: 5C3C,5770,6/14/26 11:15,88.65,
Plot Title: 5C3C,5771,6/14/26 11:30,91.987,
Plot Title: 5C3C,5772,6/14/26 11:45,94.253,
Plot Title: 5C3C,5773,6/14/26 12:00,97.916,
Plot Title: 5C3C,5774,6/14/26 12:15,99.885,
Plot Title: 5C3C,5775,6/14/26 12:30,91.425,
Plot Title: 5C3C,5776,6/14/26 12:45,85.554,
Plot Title: 5C3C,5777,6/14/26 13:00,78.8,
Plot Title: 5C3C,5778,6/14/26 13:15,72.718,
Plot Title: 5C3C,5779,6/14/26 13:30,69.449,
Plot Title: 5C3C,5780,6/14/26 13:45,66.708,
Plot Title: 5C3C,5781,6/14/26 14:00,69.449,
Plot Title: 5C3C,5782,6/14/26 14:15,71.683,
Plot Title: 5C3C,5783,6/14/26 14:30,80.382,
Plot Title: 5C3C,5784,6/14/26 14:45,85.194,
Plot Title: 5C3C,5785,6/14/26 15:00,74.446,
Plot Title: 5C3C,5786,6/14/26 15:15,69.107,
Plot Title: 5C3C,5787,6/14/26 15:30,66.193,
Plot Title: 5C3C,5788,6/14/26 15:45,64.31,
Plot Title: 5C3C,5789,6/14/26 16:00,63.111,
Plot Title: 5C3C,5790,6/14/26 16:15,62.083,
Plot Title: 5C3C,5791,6/14/26 16:30,61.569,
Plot Title: 5C3C,5792,6/14/26 16:45,61.569,
Plot Title: 5C3C,5793,6/14/26 17:00,61.741,
Plot Title: 5C3C,5794,6/14/26 17:15,60.883,
Plot Title: 5C3C,5795,6/14/26 17:30,60.368,
Plot Title: 5C3C,5796,6/14/26 17:45,59.68,
Plot Title: 5C3C,5797,6/14/26 18:00,58.82,
Plot Title: 5C3C,5798,6/14/26 18:15,58.476,
Plot Title: 5C3C,5799,6/14/26 18:30,58.476,
Plot Title: 5C3C,5800,6/14/26 18:45,58.131,
Plot Title: 5C3C,5801,6/14/26 19:00,57.268,
Plot Title: 5C3C,5802,6/14/26 19:15,56.404,
Plot Title: 5C3C,5803,6/14/26 19:30,55.884,
Plot Title: 5C3C,5804,6/14/26 19:45,55.364,
Plot Title: 5C3C,5805,6/14/26 20:00,54.669,
Plot Title: 5C3C,5806,6/14/26 20:15,54.147,
Plot Title: 5C3C,5807,6/14/26 20:30,53.623,
Plot Title: 5C3C,5808,6/14/26 20:45,53.274,
Plot Title: 5C3C,5809,6/14/26 21:00,52.75,
Plot Title: 5C3C,5810,6/14/26 21:15,52.401,
Plot Title: 5C3C,5811,6/14/26 21:30,51.874,
Plot Title: 5C3C,5812,6/14/26 21:45,51.523,
Plot Title: 5C3C,5813,6/14/26 22:00,51.172,
Plot Title: 5C3C,5814,6/14/26 22:15,50.819,
Plot Title: 5C3C,5815,6/14/26 22:30,50.29,
Plot Title: 5C3C,5816,6/14/26 22:45,49.937,
Plot Title: 5C3C,5817,6/14/26 23:00,49.582,
Plot Title: 5C3C,5818,6/14/26 23:15,49.05,
Plot Title: 5C3C,5819,6/14/26 23:30,48.695,
Plot Title: 5C3C,5820,6/14/26 23:45,48.517,
Plot Title: 5C3C,5821,6/15/26 00:00,48.339,
Plot Title: 5C3C,5822,6/15/26 00:15,47.982,
Plot Title: 5C3C,5823,6/15/26 00:30,47.802,
Plot Title: 5C3C,5824,6/15/26 00:45,47.624,
Plot Title: 5C3C,5825,6/15/26 01:00,47.624,
Plot Title: 5C3C,5826,6/15/26 01:15,47.266,
Plot Title: 5C3C,5827,6/15/26 01:30,46.908,
Plot Title: 5C3C,5828,6/15/26 01:45,46.548,
Plot Title: 5C3C,5829,6/15/26 02:00,46.369,
Plot Title: 5C3C,5830,6/15/26 02:15,46.188,
Plot Title: 5C3C,5831,6/15/26 02:30,46.188,
Plot Title: 5C3C,5832,6/15/26 02:45,46.188,
Plot Title: 5C3C,5833,6/15/26 03:00,46.008,
Plot Title: 5C3C,5834,6/15/26 03:15,46.008,
Plot Title: 5C3C,5835,6/15/26 03:30,46.008,
Plot Title: 5C3C,5836,6/15/26 03:45,45.648,
Plot Title: 5C3C,5837,6/15/26 04:00,45.466,
Plot Title: 5C3C,5838,6/15/26 04:15,45.286,
Plot Title: 5C3C,5839,6/15/26 04:30,44.922,
Plot Title: 5C3C,5840,6/15/26 04:45,44.742,
Plot Title: 5C3C,5841,6/15/26 05:00,44.742,
Plot Title: 5C3C,5842,6/15/26 05:15,44.56,
Plot Title: 5C3C,5843,6/15/26 05:30,44.379,
Plot Title: 5C3C,5844,6/15/26 05:45,44.379,
Plot Title: 5C3C,5845,6/15/26 06:00,44.379,
Plot Title: 5C3C,5846,6/15/26 06:15,44.195,
Plot Title: 5C3C,5847,6/15/26 06:30,44.195,
Plot Title: 5C3C,5848,6/15/26 06:45,44.742,
Plot Title: 5C3C,5849,6/15/26 07:00,44.922,
Plot Title: 5C3C,5850,6/15/26 07:15,45.648,
Plot Title: 5C3C,5851,6/15/26 07:30,46.728,
Plot Title: 5C3C,5852,6/15/26 07:45,46.728,
Plot Title: 5C3C,5853,6/15/26 08:00,47.088,
Plot Title: 5C3C,5854,6/15/26 08:15,47.802,
Plot Title: 5C3C,5855,6/15/26 08:30,48.695,
Plot Title: 5C3C,5856,6/15/26 08:45,49.937,
Plot Title: 5C3C,5857,6/15/26 09:00,50.643,
Plot Title: 5C3C,5858,6/15/26 09:15,50.995,
Plot Title: 5C3C,5859,6/15/26 09:30,52.576,
Plot Title: 5C3C,5860,6/15/26 09:45,55.017,
Plot Title: 5C3C,5861,6/15/26 10:00,69.449,
Plot Title: 5C3C,5862,6/15/26 10:15,74.098,
Plot Title: 5C3C,5863,6/15/26 10:30,86.277,
Plot Title: 5C3C,5864,6/15/26 10:45,93.493,
Plot Title: 5C3C,5865,6/15/26 11:00,99.093,
Plot Title: 5C3C,5866,6/15/26 11:15,102.9,
Plot Title: 5C3C,5867,6/15/26 11:30,105.994,
Plot Title: 5C3C,5868,6/15/26 11:45,108.536,
Plot Title: 5C3C,5869,6/15/26 12:00,110.482,
Plot Title: 5C3C,5870,6/15/26 12:15,111.139,
Plot Title: 5C3C,5871,6/15/26 12:30,102.493,
Plot Title: 5C3C,5872,6/15/26 12:45,93.873,
Plot Title: 5C3C,5873,6/15/26 13:00,86.823,
Plot Title: 5C3C,5874,6/15/26 13:15,80.382,
Plot Title: 5C3C,5875,6/15/26 13:30,76.876,
Plot Title: 5C3C,5876,6/15/26 13:45,74.791,
Plot Title: 5C3C,5877,6/15/26 14:00,76.703,
Plot Title: 5C3C,5878,6/15/26 14:15,77.749,
Plot Title: 5C3C,5879,6/15/26 14:30,76.354,
Plot Title: 5C3C,5880,6/15/26 14:45,74.964,
Plot Title: 5C3C,5881,6/15/26 15:00,73.58,
Plot Title: 5C3C,5882,6/15/26 15:15,72.372,
Plot Title: 5C3C,5883,6/15/26 15:30,70.48,
Plot Title: 5C3C,5884,6/15/26 15:45,69.107,
Plot Title: 5C3C,5885,6/15/26 16:00,68.248,
Plot Title: 5C3C,5886,6/15/26 16:15,68.248,
Plot Title: 5C3C,5887,6/15/26 16:30,68.934,
Plot Title: 5C3C,5888,6/15/26 16:45,69.107,
Plot Title: 5C3C,5889,6/15/26 17:00,68.592,
Plot Title: 5C3C,5890,6/15/26 17:15,68.077,
Plot Title: 5C3C,5891,6/15/26 17:30,68.421,
Plot Title: 5C3C,5892,6/15/26 17:45,67.906,
Plot Title: 5C3C,5893,6/15/26 18:00,66.879,
Plot Title: 5C3C,5894,6/15/26 18:15,66.022,
Plot Title: 5C3C,5895,6/15/26 18:30,64.996,
Plot Title: 5C3C,5896,6/15/26 18:45,64.825,
Plot Title: 5C3C,5897,6/15/26 19:00,64.139,
Plot Title: 5C3C,5898,6/15/26 19:15,63.455,
Plot Title: 5C3C,5899,6/15/26 19:30,62.425,
Plot Title: 5C3C,5900,6/15/26 19:45,61.741,
Plot Title: 5C3C,5901,6/15/26 20:00,61.227,
Plot Title: 5C3C,5902,6/15/26 20:15,60.883,
Plot Title: 5C3C,5903,6/15/26 20:30,60.368,
Plot Title: 5C3C,5904,6/15/26 20:45,59.68,
Plot Title: 5C3C,5905,6/15/26 21:00,59.164,
Plot Title: 5C3C,5906,6/15/26 21:15,58.993,
Plot Title: 5C3C,5907,6/15/26 21:30,58.303,
Plot Title: 5C3C,5908,6/15/26 21:45,57.785,
Plot Title: 5C3C,5909,6/15/26 22:00,57.441,
Plot Title: 5C3C,5910,6/15/26 22:15,57.096,
Plot Title: 5C3C,5911,6/15/26 22:30,56.923,
Plot Title: 5C3C,5912,6/15/26 22:45,56.75,
Plot Title: 5C3C,5913,6/15/26 23:00,56.75,
Plot Title: 5C3C,5914,6/15/26 23:15,56.75,
Plot Title: 5C3C,5915,6/15/26 23:30,56.577,
Plot Title: 5C3C,5916,6/15/26 23:45,56.404,
Plot Title: 5C3C,5917,6/16/26 00:00,56.057,
Plot Title: 5C3C,5918,6/16/26 00:15,56.057,
Plot Title: 5C3C,5919,6/16/26 00:30,55.884,
Plot Title: 5C3C,5920,6/16/26 00:45,55.711,
Plot Title: 5C3C,5921,6/16/26 01:00,55.364,
Plot Title: 5C3C,5922,6/16/26 01:15,55.017,
Plot Title: 5C3C,5923,6/16/26 01:30,54.669,
Plot Title: 5C3C,5924,6/16/26 01:45,54.842,
Plot Title: 5C3C,5925,6/16/26 02:00,55.189,
Plot Title: 5C3C,5926,6/16/26 02:15,55.189,
Plot Title: 5C3C,5927,6/16/26 02:30,55.189,
Plot Title: 5C3C,5928,6/16/26 02:45,54.842,
Plot Title: 5C3C,5929,6/16/26 03:00,54.669,
Plot Title: 5C3C,5930,6/16/26 03:15,54.147,
Plot Title: 5C3C,5931,6/16/26 03:30,53.973,
Plot Title: 5C3C,5932,6/16/26 03:45,53.623,
Plot Title: 5C3C,5933,6/16/26 04:00,53.1,
Plot Title: 5C3C,5934,6/16/26 04:15,52.75,
Plot Title: 5C3C,5935,6/16/26 04:30,52.576,
Plot Title: 5C3C,5936,6/16/26 04:45,52.225,
Plot Title: 5C3C,5937,6/16/26 05:00,52.05,
Plot Title: 5C3C,5938,6/16/26 05:15,52.05,
Plot Title: 5C3C,5939,6/16/26 05:30,51.874,
Plot Title: 5C3C,5940,6/16/26 05:45,51.874,
Plot Title: 5C3C,5941,6/16/26 06:00,52.05,
Plot Title: 5C3C,5942,6/16/26 06:15,52.401,
Plot Title: 5C3C,5943,6/16/26 06:30,52.576,
Plot Title: 5C3C,5944,6/16/26 06:45,52.576,
Plot Title: 5C3C,5945,6/16/26 07:00,52.75,
Plot Title: 5C3C,5946,6/16/26 07:15,53.1,
Plot Title: 5C3C,5947,6/16/26 07:30,53.798,
Plot Title: 5C3C,5948,6/16/26 07:45,53.798,
Plot Title: 5C3C,5949,6/16/26 08:00,54.322,
Plot Title: 5C3C,5950,6/16/26 08:15,54.669,
Plot Title: 5C3C,5951,6/16/26 08:30,55.189,
Plot Title: 5C3C,5952,6/16/26 08:45,56.577,
Plot Title: 5C3C,5953,6/16/26 09:00,57.614,
Plot Title: 5C3C,5954,6/16/26 09:15,58.647,
Plot Title: 5C3C,5955,6/16/26 09:30,59.164,
Plot Title: 5C3C,5956,6/16/26 09:45,61.398,
Plot Title: 5C3C,5957,6/16/26 10:00,75.312,
Plot Title: 5C3C,5958,6/16/26 10:15,81.266,
Plot Title: 5C3C,5959,6/16/26 10:30,93.873,
Plot Title: 5C3C,5960,6/16/26 10:45,99.885,
Plot Title: 5C3C,5961,6/16/26 11:00,103.307,
Plot Title: 5C3C,5962,6/16/26 11:15,104.128,
Plot Title: 5C3C,5963,6/16/26 11:30,106.205,
Plot Title: 5C3C,5964,6/16/26 11:45,110.046,
Plot Title: 5C3C,5965,6/16/26 12:00,110.046,
Plot Title: 5C3C,5966,6/16/26 12:15,104.54,
Plot Title: 5C3C,5967,6/16/26 12:30,99.093,
Plot Title: 5C3C,5968,6/16/26 12:45,95.783,
Plot Title: 5C3C,5969,6/16/26 13:00,88.833,
Plot Title: 5C3C,5970,6/16/26 13:15,82.33,
Plot Title: 5C3C,5971,6/16/26 13:30,79.151,
Plot Title: 5C3C,5972,6/16/26 13:45,77.4,
Plot Title: 5C3C,5973,6/16/26 14:00,80.382,
Plot Title: 5C3C,5974,6/16/26 14:15,83.935,
Plot Title: 5C3C,5975,6/16/26 14:30,93.115,
Plot Title: 5C3C,5976,6/16/26 14:45,98.11,
Plot Title: 5C3C,5977,6/16/26 15:00,87.004,
Plot Title: 5C3C,5978,6/16/26 15:15,80.911,
Plot Title: 5C3C,5979,6/16/26 15:30,77.4,
Plot Title: 5C3C,5980,6/16/26 15:45,75.139,
Plot Title: 5C3C,5981,6/16/26 16:00,74.098,
Plot Title: 5C3C,5982,6/16/26 16:15,72.891,
Plot Title: 5C3C,5983,6/16/26 16:30,72.372,
Plot Title: 5C3C,5984,6/16/26 16:45,72.545,
Plot Title: 5C3C,5985,6/16/26 17:00,72.545,
Plot Title: 5C3C,5986,6/16/26 17:15,71.168,
Plot Title: 5C3C,5987,6/16/26 17:30,70.137,
Plot Title: 5C3C,5988,6/16/26 17:45,69.449,
Plot Title: 5C3C,5989,6/16/26 18:00,68.763,
Plot Title: 5C3C,5990,6/16/26 18:15,68.077,
Plot Title: 5C3C,5991,6/16/26 18:30,67.564,
Plot Title: 5C3C,5992,6/16/26 18:45,66.879,
Plot Title: 5C3C,5993,6/16/26 19:00,66.537,
Plot Title: 5C3C,5994,6/16/26 19:15,66.193,
Plot Title: 5C3C,5995,6/16/26 19:30,65.851,
Plot Title: 5C3C,5996,6/16/26 19:45,65.509,
Plot Title: 5C3C,5997,6/16/26 20:00,64.996,
Plot Title: 5C3C,5998,6/16/26 20:15,64.481,
Plot Title: 5C3C,5999,6/16/26 20:30,64.139,
Plot Title: 5C3C,6000,6/16/26 20:45,63.455,
Plot Title: 5C3C,6001,6/16/26 21:00,62.94,
Plot Title: 5C3C,6002,6/16/26 21:15,62.254,
Plot Title: 5C3C,6003,6/16/26 21:30,61.569,
Plot Title: 5C3C,6004,6/16/26 21:45,61.054,
Plot Title: 5C3C,6005,6/16/26 22:00,60.539,
Plot Title: 5C3C,6006,6/16/26 22:15,60.195,
Plot Title: 5C3C,6007,6/16/26 22:30,59.851,
Plot Title: 5C3C,6008,6/16/26 22:45,59.508,
Plot Title: 5C3C,6009,6/16/26 23:00,59.164,
Plot Title: 5C3C,6010,6/16/26 23:15,58.82,
Plot Title: 5C3C,6011,6/16/26 23:30,58.476,
Plot Title: 5C3C,6012,6/16/26 23:45,58.303,
Plot Title: 5C3C,6013,6/17/26 00:00,57.958,
Plot Title: 5C3C,6014,6/17/26 00:15,57.785,
Plot Title: 5C3C,6015,6/17/26 00:30,57.614,
Plot Title: 5C3C,6016,6/17/26 00:45,57.441,
Plot Title: 5C3C,6017,6/17/26 01:00,57.096,
Plot Title: 5C3C,6018,6/17/26 01:15,56.75,
Plot Title: 5C3C,6019,6/17/26 01:30,56.404,
Plot Title: 5C3C,6020,6/17/26 01:45,56.057,
Plot Title: 5C3C,6021,6/17/26 02:00,55.884,
Plot Title: 5C3C,6022,6/17/26 02:15,55.711,
Plot Title: 5C3C,6023,6/17/26 02:30,55.364,
Plot Title: 5C3C,6024,6/17/26 02:45,55.189,
Plot Title: 5C3C,6025,6/17/26 03:00,54.842,
Plot Title: 5C3C,6026,6/17/26 03:15,54.495,
Plot Title: 5C3C,6027,6/17/26 03:30,54.147,
Plot Title: 5C3C,6028,6/17/26 03:45,53.973,
Plot Title: 5C3C,6029,6/17/26 04:00,53.973,
Plot Title: 5C3C,6030,6/17/26 04:15,54.147,
Plot Title: 5C3C,6031,6/17/26 04:30,53.798,
Plot Title: 5C3C,6032,6/17/26 04:45,53.623,
Plot Title: 5C3C,6033,6/17/26 05:00,53.449,
Plot Title: 5C3C,6034,6/17/26 05:15,53.798,
Plot Title: 5C3C,6035,6/17/26 05:30,53.798,
Plot Title: 5C3C,6036,6/17/26 05:45,53.798,
Plot Title: 5C3C,6037,6/17/26 06:00,53.798,
Plot Title: 5C3C,6038,6/17/26 06:15,53.623,
Plot Title: 5C3C,6039,6/17/26 06:30,53.973,
Plot Title: 5C3C,6040,6/17/26 06:45,54.669,
Plot Title: 5C3C,6041,6/17/26 07:00,54.495,
Plot Title: 5C3C,6042,6/17/26 07:15,54.147,
Plot Title: 5C3C,6043,6/17/26 07:30,54.842,
Plot Title: 5C3C,6044,6/17/26 07:45,54.842,
Plot Title: 5C3C,6045,6/17/26 08:00,54.842,
Plot Title: 5C3C,6046,6/17/26 08:15,55.537,
Plot Title: 5C3C,6047,6/17/26 08:30,56.057,
Plot Title: 5C3C,6048,6/17/26 08:45,57.268,
Plot Title: 5C3C,6049,6/17/26 09:00,57.958,
Plot Title: 5C3C,6050,6/17/26 09:15,58.131,
Plot Title: 5C3C,6051,6/17/26 09:30,59.508,
Plot Title: 5C3C,6052,6/17/26 09:45,60.883,
Plot Title: 5C3C,6053,6/17/26 10:00,75.832,
Plot Title: 5C3C,6054,6/17/26 10:15,80.029,
Plot Title: 5C3C,6055,6/17/26 10:30,93.115,
Plot Title: 5C3C,6056,6/17/26 10:45,102.088,
Plot Title: 5C3C,6057,6/17/26 11:00,108.108,
Plot Title: 5C3C,6058,6/17/26 11:15,112.914,
Plot Title: 5C3C,6059,6/17/26 11:30,116.562,
Plot Title: 5C3C,6060,6/17/26 11:45,111.58,
Plot Title: 5C3C,6061,6/17/26 12:00,101.887,
Plot Title: 5C3C,6062,6/17/26 12:15,101.484,
Plot Title: 5C3C,6063,6/17/26 12:30,96.942,
Plot Title: 5C3C,6064,6/17/26 12:45,90.68,
Plot Title: 5C3C,6065,6/17/26 13:00,84.654,
Plot Title: 5C3C,6066,6/17/26 13:15,80.559,
Plot Title: 5C3C,6067,6/17/26 13:30,78.975,
Plot Title: 5C3C,6068,6/17/26 13:45,77.574,
Plot Title: 5C3C,6069,6/17/26 14:00,77.05,
Plot Title: 5C3C,6070,6/17/26 14:15,74.791,
Plot Title: 5C3C,6071,6/17/26 14:30,71.856,
Plot Title: 5C3C,6072,6/17/26 14:45,70.651,
Plot Title: 5C3C,6073,6/17/26 15:00,70.308,
Plot Title: 5C3C,6074,6/17/26 15:15,68.934,
Plot Title: 5C3C,6075,6/17/26 15:30,68.248,
Plot Title: 5C3C,6076,6/17/26 15:45,68.248,
Plot Title: 5C3C,6077,6/17/26 16:00,68.077,
Plot Title: 5C3C,6078,6/17/26 16:15,68.934,
Plot Title: 5C3C,6079,6/17/26 16:30,68.934,
Plot Title: 5C3C,6080,6/17/26 16:45,68.934,
Plot Title: 5C3C,6081,6/17/26 17:00,67.564,
Plot Title: 5C3C,6082,6/17/26 17:15,66.537,
Plot Title: 5C3C,6083,6/17/26 17:30,65.851,
Plot Title: 5C3C,6084,6/17/26 17:45,65.68,
Plot Title: 5C3C,6085,6/17/26 18:00,65.167,
Plot Title: 5C3C,6086,6/17/26 18:15,64.996,
Plot Title: 5C3C,6087,6/17/26 18:30,64.652,
Plot Title: 5C3C,6088,6/17/26 18:45,64.139,
Plot Title: 5C3C,6089,6/17/26 19:00,63.455,
Plot Title: 5C3C,6090,6/17/26 19:15,63.111,
Plot Title: 5C3C,6091,6/17/26 19:30,62.598,
Plot Title: 5C3C,6092,6/17/26 19:45,61.912,
Plot Title: 5C3C,6093,6/17/26 20:00,61.569,
Plot Title: 5C3C,6094,6/17/26 20:15,61.054,
Plot Title: 5C3C,6095,6/17/26 20:30,60.368,
Plot Title: 5C3C,6096,6/17/26 20:45,59.508,
Plot Title: 5C3C,6097,6/17/26 21:00,58.993,
Plot Title: 5C3C,6098,6/17/26 21:15,58.476,
Plot Title: 5C3C,6099,6/17/26 21:30,57.614,
Plot Title: 5C3C,6100,6/17/26 21:45,57.096,
Plot Title: 5C3C,6101,6/17/26 22:00,56.577,
Plot Title: 5C3C,6102,6/17/26 22:15,55.884,
Plot Title: 5C3C,6103,6/17/26 22:30,55.537,
Plot Title: 5C3C,6104,6/17/26 22:45,55.364,
Plot Title: 5C3C,6105,6/17/26 23:00,54.669,
Plot Title: 5C3C,6106,6/17/26 23:15,53.973,
Plot Title: 5C3C,6107,6/17/26 23:30,53.449,
Plot Title: 5C3C,6108,6/17/26 23:45,52.925,
Plot Title: 5C3C,6109,6/18/26 00:00,52.401,
Plot Title: 5C3C,6110,6/18/26 00:15,52.05,
Plot Title: 5C3C,6111,6/18/26 00:30,51.699,
Plot Title: 5C3C,6112,6/18/26 00:45,51.346,
Plot Title: 5C3C,6113,6/18/26 01:00,50.995,
Plot Title: 5C3C,6114,6/18/26 01:15,50.819,
Plot Title: 5C3C,6115,6/18/26 01:30,50.466,
Plot Title: 5C3C,6116,6/18/26 01:45,50.113,
Plot Title: 5C3C,6117,6/18/26 02:00,49.759,
Plot Title: 5C3C,6118,6/18/26 02:15,49.582,
Plot Title: 5C3C,6119,6/18/26 02:30,49.582,
Plot Title: 5C3C,6120,6/18/26 02:45,49.404,
Plot Title: 5C3C,6121,6/18/26 03:00,49.228,
Plot Title: 5C3C,6122,6/18/26 03:15,49.05,
Plot Title: 5C3C,6123,6/18/26 03:30,48.871,
Plot Title: 5C3C,6124,6/18/26 03:45,48.695,
Plot Title: 5C3C,6125,6/18/26 04:00,48.517,
Plot Title: 5C3C,6126,6/18/26 04:15,48.517,
Plot Title: 5C3C,6127,6/18/26 04:30,48.695,
Plot Title: 5C3C,6128,6/18/26 04:45,48.695,
Plot Title: 5C3C,6129,6/18/26 05:00,48.517,
Plot Title: 5C3C,6130,6/18/26 05:15,48.695,
Plot Title: 5C3C,6131,6/18/26 05:30,48.695,
Plot Title: 5C3C,6132,6/18/26 05:45,48.339,
Plot Title: 5C3C,6133,6/18/26 06:00,48.16,
Plot Title: 5C3C,6134,6/18/26 06:15,47.982,
Plot Title: 5C3C,6135,6/18/26 06:30,47.982,
Plot Title: 5C3C,6136,6/18/26 06:45,48.339,
Plot Title: 5C3C,6137,6/18/26 07:00,48.871,
Plot Title: 5C3C,6138,6/18/26 07:15,50.113,
Plot Title: 5C3C,6139,6/18/26 07:30,52.05,
Plot Title: 5C3C,6140,6/18/26 07:45,52.225,
Plot Title: 5C3C,6141,6/18/26 08:00,52.05,
Plot Title: 5C3C,6142,6/18/26 08:15,52.401,
Plot Title: 5C3C,6143,6/18/26 08:30,53.1,
Plot Title: 5C3C,6144,6/18/26 08:45,53.973,
Plot Title: 5C3C,6145,6/18/26 09:00,55.189,
Plot Title: 5C3C,6146,6/18/26 09:15,56.057,
Plot Title: 5C3C,6147,6/18/26 09:30,58.303,
Plot Title: 5C3C,6148,6/18/26 09:45,60.024,
Plot Title: 5C3C,6149,6/18/26 10:00,76.354,
Plot Title: 5C3C,6150,6/18/26 10:15,80.735,
Plot Title: 5C3C,6151,6/18/26 10:30,93.873,
Plot Title: 5C3C,6152,6/18/26 10:45,103.923,
Plot Title: 5C3C,6153,6/18/26 11:00,109.18,
Plot Title: 5C3C,6154,6/18/26 11:15,110.919,
Plot Title: 5C3C,6155,6/18/26 11:30,113.587,
Plot Title: 5C3C,6156,6/18/26 11:45,117.968,
Plot Title: 5C3C,6157,6/18/26 12:00,108.108,
Plot Title: 5C3C,6158,6/18/26 12:15,107.683,
Plot Title: 5C3C,6159,6/18/26 12:30,99.687,
Plot Title: 5C3C,6160,6/18/26 12:45,91.612,
Plot Title: 5C3C,6161,6/18/26 13:00,85.735,
Plot Title: 5C3C,6162,6/18/26 13:15,80.911,
Plot Title: 5C3C,6163,6/18/26 13:30,78.098,
Plot Title: 5C3C,6164,6/18/26 13:45,75.312,
Plot Title: 5C3C,6165,6/18/26 14:00,77.923,
Plot Title: 5C3C,6166,6/18/26 14:15,81.975,
Plot Title: 5C3C,6167,6/18/26 14:30,89.938,
Plot Title: 5C3C,6168,6/18/26 14:45,96.748,
Plot Title: 5C3C,6169,6/18/26 15:00,87.004,
Plot Title: 5C3C,6170,6/18/26 15:15,80.029,
Plot Title: 5C3C,6171,6/18/26 15:30,76.006,
Plot Title: 5C3C,6172,6/18/26 15:45,73.062,
Plot Title: 5C3C,6173,6/18/26 16:00,71.339,
Plot Title: 5C3C,6174,6/18/26 16:15,69.964,
Plot Title: 5C3C,6175,6/18/26 16:30,69.449,
Plot Title: 5C3C,6176,6/18/26 16:45,69.449,
Plot Title: 5C3C,6177,6/18/26 17:00,69.449,
Plot Title: 5C3C,6178,6/18/26 17:15,68.248,
Plot Title: 5C3C,6179,6/18/26 17:30,67.05,
Plot Title: 5C3C,6180,6/18/26 17:45,66.193,
Plot Title: 5C3C,6181,6/18/26 18:00,65.338,
Plot Title: 5C3C,6182,6/18/26 18:15,64.481,
Plot Title: 5C3C,6183,6/18/26 18:30,63.797,
Plot Title: 5C3C,6184,6/18/26 18:45,63.111,
Plot Title: 5C3C,6185,6/18/26 19:00,62.425,
Plot Title: 5C3C,6186,6/18/26 19:15,61.912,
Plot Title: 5C3C,6187,6/18/26 19:30,61.398,
Plot Title: 5C3C,6188,6/18/26 19:45,60.883,
Plot Title: 5C3C,6189,6/18/26 20:00,60.539,
Plot Title: 5C3C,6190,6/18/26 20:15,60.024,
Plot Title: 5C3C,6191,6/18/26 20:30,59.68,
Plot Title: 5C3C,6192,6/18/26 20:45,59.164,
Plot Title: 5C3C,6193,6/18/26 21:00,58.647,
Plot Title: 5C3C,6194,6/18/26 21:15,58.131,
Plot Title: 5C3C,6195,6/18/26 21:30,57.614,
Plot Title: 5C3C,6196,6/18/26 21:45,57.096,
Plot Title: 5C3C,6197,6/18/26 22:00,56.577,
Plot Title: 5C3C,6198,6/18/26 22:15,56.057,
Plot Title: 5C3C,6199,6/18/26 22:30,55.711,
Plot Title: 5C3C,6200,6/18/26 22:45,55.364,
Plot Title: 5C3C,6201,6/18/26 23:00,54.842,
Plot Title: 5C3C,6202,6/18/26 23:15,54.495,
Plot Title: 5C3C,6203,6/18/26 23:30,54.147,
Plot Title: 5C3C,6204,6/18/26 23:45,53.623,
Plot Title: 5C3C,6205,6/19/26 00:00,53.274,
Plot Title: 5C3C,6206,6/19/26 00:15,52.925,
Plot Title: 5C3C,6207,6/19/26 00:30,52.576,
Plot Title: 5C3C,6208,6/19/26 00:45,52.225,
Plot Title: 5C3C,6209,6/19/26 01:00,51.874,
Plot Title: 5C3C,6210,6/19/26 01:15,51.523,
Plot Title: 5C3C,6211,6/19/26 01:30,51.346,
Plot Title: 5C3C,6212,6/19/26 01:45,50.995,
Plot Title: 5C3C,6213,6/19/26 02:00,50.819,
Plot Title: 5C3C,6214,6/19/26 02:15,50.466,
Plot Title: 5C3C,6215,6/19/26 02:30,50.29,
Plot Title: 5C3C,6216,6/19/26 02:45,50.113,
Plot Title: 5C3C,6217,6/19/26 03:00,49.937,
Plot Title: 5C3C,6218,6/19/26 03:15,49.582,
Plot Title: 5C3C,6219,6/19/26 03:30,49.404,
Plot Title: 5C3C,6220,6/19/26 03:45,49.228,
Plot Title: 5C3C,6221,6/19/26 04:00,49.05,
Plot Title: 5C3C,6222,6/19/26 04:15,48.695,
Plot Title: 5C3C,6223,6/19/26 04:30,48.517,
Plot Title: 5C3C,6224,6/19/26 04:45,48.339,
Plot Title: 5C3C,6225,6/19/26 05:00,48.16,
Plot Title: 5C3C,6226,6/19/26 05:15,47.982,
Plot Title: 5C3C,6227,6/19/26 05:30,47.802,
Plot Title: 5C3C,6228,6/19/26 05:45,47.446,
Plot Title: 5C3C,6229,6/19/26 06:00,47.446,
Plot Title: 5C3C,6230,6/19/26 06:15,47.266,
Plot Title: 5C3C,6231,6/19/26 06:30,47.446,
Plot Title: 5C3C,6232,6/19/26 06:45,47.802,
Plot Title: 5C3C,6233,6/19/26 07:00,48.339,
Plot Title: 5C3C,6234,6/19/26 07:15,49.05,
Plot Title: 5C3C,6235,6/19/26 07:30,50.995,Logged