Plot Title: 5C3G,#,"Date Time, GMT-06:00",T,End Of File (LGR S/N: 10608550)
Plot Title: 5C3G,1,4/22/26 10:00,59.508,
Plot Title: 5C3G,2,4/22/26 10:15,63.282,
Plot Title: 5C3G,3,4/22/26 10:30,64.996,
Plot Title: 5C3G,4,4/22/26 10:45,67.221,
Plot Title: 5C3G,5,4/22/26 11:00,70.308,
Plot Title: 5C3G,6,4/22/26 11:15,72.199,
Plot Title: 5C3G,7,4/22/26 11:30,73.58,
Plot Title: 5C3G,8,4/22/26 11:45,75.659,
Plot Title: 5C3G,9,4/22/26 12:00,75.832,
Plot Title: 5C3G,10,4/22/26 12:15,69.278,
Plot Title: 5C3G,11,4/22/26 12:30,74.098,
Plot Title: 5C3G,12,4/22/26 12:45,68.763,
Plot Title: 5C3G,13,4/22/26 13:00,70.651,
Plot Title: 5C3G,14,4/22/26 13:15,77.574,
Plot Title: 5C3G,15,4/22/26 13:30,79.678,
Plot Title: 5C3G,16,4/22/26 13:45,81.797,
Plot Title: 5C3G,17,4/22/26 14:00,82.33,
Plot Title: 5C3G,18,4/22/26 14:15,76.876,
Plot Title: 5C3G,19,4/22/26 14:30,73.58,
Plot Title: 5C3G,20,4/22/26 14:45,68.248,
Plot Title: 5C3G,21,4/22/26 15:00,67.564,
Plot Title: 5C3G,22,4/22/26 15:15,63.968,
Plot Title: 5C3G,23,4/22/26 15:30,62.598,
Plot Title: 5C3G,24,4/22/26 15:45,63.455,
Plot Title: 5C3G,25,4/22/26 16:00,64.652,
Plot Title: 5C3G,26,4/22/26 16:15,61.912,
Plot Title: 5C3G,27,4/22/26 16:30,61.398,
Plot Title: 5C3G,28,4/22/26 16:45,59.508,
Plot Title: 5C3G,29,4/22/26 17:00,57.958,
Plot Title: 5C3G,30,4/22/26 17:15,56.75,
Plot Title: 5C3G,31,4/22/26 17:30,55.189,
Plot Title: 5C3G,32,4/22/26 17:45,54.147,
Plot Title: 5C3G,33,4/22/26 18:00,53.973,
Plot Title: 5C3G,34,4/22/26 18:15,53.623,
Plot Title: 5C3G,35,4/22/26 18:30,53.449,
Plot Title: 5C3G,36,4/22/26 18:45,52.75,
Plot Title: 5C3G,37,4/22/26 19:00,51.346,
Plot Title: 5C3G,38,4/22/26 19:15,50.819,
Plot Title: 5C3G,39,4/22/26 19:30,49.228,
Plot Title: 5C3G,40,4/22/26 19:45,48.339,
Plot Title: 5C3G,41,4/22/26 20:00,48.16,
Plot Title: 5C3G,42,4/22/26 20:15,47.802,
Plot Title: 5C3G,43,4/22/26 20:30,47.446,
Plot Title: 5C3G,44,4/22/26 20:45,47.088,
Plot Title: 5C3G,45,4/22/26 21:00,46.908,
Plot Title: 5C3G,46,4/22/26 21:15,45.828,
Plot Title: 5C3G,47,4/22/26 21:30,44.742,
Plot Title: 5C3G,48,4/22/26 21:45,44.195,
Plot Title: 5C3G,49,4/22/26 22:00,43.648,
Plot Title: 5C3G,50,4/22/26 22:15,43.282,
Plot Title: 5C3G,51,4/22/26 22:30,43.099,
Plot Title: 5C3G,52,4/22/26 22:45,42.915,
Plot Title: 5C3G,53,4/22/26 23:00,42.732,
Plot Title: 5C3G,54,4/22/26 23:15,42.548,
Plot Title: 5C3G,55,4/22/26 23:30,42.179,
Plot Title: 5C3G,56,4/22/26 23:45,41.81,
Plot Title: 5C3G,57,4/23/26 00:00,41.439,
Plot Title: 5C3G,58,4/23/26 00:15,41.254,
Plot Title: 5C3G,59,4/23/26 00:30,41.067,
Plot Title: 5C3G,60,4/23/26 00:45,41.067,
Plot Title: 5C3G,61,4/23/26 01:00,40.881,
Plot Title: 5C3G,62,4/23/26 01:15,40.881,
Plot Title: 5C3G,63,4/23/26 01:30,40.881,
Plot Title: 5C3G,64,4/23/26 01:45,40.696,
Plot Title: 5C3G,65,4/23/26 02:00,40.696,
Plot Title: 5C3G,66,4/23/26 02:15,40.509,
Plot Title: 5C3G,67,4/23/26 02:30,40.321,
Plot Title: 5C3G,68,4/23/26 02:45,40.134,
Plot Title: 5C3G,69,4/23/26 03:00,40.134,
Plot Title: 5C3G,70,4/23/26 03:15,39.947,
Plot Title: 5C3G,71,4/23/26 03:30,39.76,
Plot Title: 5C3G,72,4/23/26 03:45,39.573,
Plot Title: 5C3G,73,4/23/26 04:00,39.573,
Plot Title: 5C3G,74,4/23/26 04:15,39.384,
Plot Title: 5C3G,75,4/23/26 04:30,39.384,
Plot Title: 5C3G,76,4/23/26 04:45,39.384,
Plot Title: 5C3G,77,4/23/26 05:00,39.384,
Plot Title: 5C3G,78,4/23/26 05:15,39.384,
Plot Title: 5C3G,79,4/23/26 05:30,39.196,
Plot Title: 5C3G,80,4/23/26 05:45,39.196,
Plot Title: 5C3G,81,4/23/26 06:00,39.196,
Plot Title: 5C3G,82,4/23/26 06:15,39.196,
Plot Title: 5C3G,83,4/23/26 06:30,39.007,
Plot Title: 5C3G,84,4/23/26 06:45,39.007,
Plot Title: 5C3G,85,4/23/26 07:00,39.007,
Plot Title: 5C3G,86,4/23/26 07:15,39.007,
Plot Title: 5C3G,87,4/23/26 07:30,39.007,
Plot Title: 5C3G,88,4/23/26 07:45,39.007,
Plot Title: 5C3G,89,4/23/26 08:00,39.007,
Plot Title: 5C3G,90,4/23/26 08:15,39.384,
Plot Title: 5C3G,91,4/23/26 08:30,39.76,
Plot Title: 5C3G,92,4/23/26 08:45,39.76,
Plot Title: 5C3G,93,4/23/26 09:00,40.134,
Plot Title: 5C3G,94,4/23/26 09:15,40.134,
Plot Title: 5C3G,95,4/23/26 09:30,39.947,
Plot Title: 5C3G,96,4/23/26 09:45,39.76,
Plot Title: 5C3G,97,4/23/26 10:00,39.76,
Plot Title: 5C3G,98,4/23/26 10:15,39.947,
Plot Title: 5C3G,99,4/23/26 10:30,40.134,
Plot Title: 5C3G,100,4/23/26 10:45,40.321,
Plot Title: 5C3G,101,4/23/26 11:00,39.947,
Plot Title: 5C3G,102,4/23/26 11:15,39.573,
Plot Title: 5C3G,103,4/23/26 11:30,40.134,
Plot Title: 5C3G,104,4/23/26 11:45,39.947,
Plot Title: 5C3G,105,4/23/26 12:00,39.007,
Plot Title: 5C3G,106,4/23/26 12:15,38.629,
Plot Title: 5C3G,107,4/23/26 12:30,38.44,
Plot Title: 5C3G,108,4/23/26 12:45,38.25,
Plot Title: 5C3G,109,4/23/26 13:00,38.061,
Plot Title: 5C3G,110,4/23/26 13:15,38.061,
Plot Title: 5C3G,111,4/23/26 13:30,37.87,
Plot Title: 5C3G,112,4/23/26 13:45,37.87,
Plot Title: 5C3G,113,4/23/26 14:00,37.679,
Plot Title: 5C3G,114,4/23/26 14:15,37.679,
Plot Title: 5C3G,115,4/23/26 14:30,37.679,
Plot Title: 5C3G,116,4/23/26 14:45,37.488,
Plot Title: 5C3G,117,4/23/26 15:00,37.488,
Plot Title: 5C3G,118,4/23/26 15:15,37.488,
Plot Title: 5C3G,119,4/23/26 15:30,37.488,
Plot Title: 5C3G,120,4/23/26 15:45,37.488,
Plot Title: 5C3G,121,4/23/26 16:00,37.488,
Plot Title: 5C3G,122,4/23/26 16:15,37.297,
Plot Title: 5C3G,123,4/23/26 16:30,37.488,
Plot Title: 5C3G,124,4/23/26 16:45,37.297,
Plot Title: 5C3G,125,4/23/26 17:00,37.297,
Plot Title: 5C3G,126,4/23/26 17:15,37.297,
Plot Title: 5C3G,127,4/23/26 17:30,37.297,
Plot Title: 5C3G,128,4/23/26 17:45,37.297,
Plot Title: 5C3G,129,4/23/26 18:00,37.107,
Plot Title: 5C3G,130,4/23/26 18:15,37.107,
Plot Title: 5C3G,131,4/23/26 18:30,37.107,
Plot Title: 5C3G,132,4/23/26 18:45,37.107,
Plot Title: 5C3G,133,4/23/26 19:00,37.107,
Plot Title: 5C3G,134,4/23/26 19:15,37.107,
Plot Title: 5C3G,135,4/23/26 19:30,37.107,
Plot Title: 5C3G,136,4/23/26 19:45,36.914,
Plot Title: 5C3G,137,4/23/26 20:00,36.914,
Plot Title: 5C3G,138,4/23/26 20:15,36.914,
Plot Title: 5C3G,139,4/23/26 20:30,36.914,
Plot Title: 5C3G,140,4/23/26 20:45,36.914,
Plot Title: 5C3G,141,4/23/26 21:00,36.914,
Plot Title: 5C3G,142,4/23/26 21:15,36.914,
Plot Title: 5C3G,143,4/23/26 21:30,36.914,
Plot Title: 5C3G,144,4/23/26 21:45,36.914,
Plot Title: 5C3G,145,4/23/26 22:00,36.914,
Plot Title: 5C3G,146,4/23/26 22:15,36.914,
Plot Title: 5C3G,147,4/23/26 22:30,36.723,
Plot Title: 5C3G,148,4/23/26 22:45,36.723,
Plot Title: 5C3G,149,4/23/26 23:00,36.723,
Plot Title: 5C3G,150,4/23/26 23:15,36.723,
Plot Title: 5C3G,151,4/23/26 23:30,36.723,
Plot Title: 5C3G,152,4/23/26 23:45,36.723,
Plot Title: 5C3G,153,4/24/26 00:00,36.723,
Plot Title: 5C3G,154,4/24/26 00:15,36.723,
Plot Title: 5C3G,155,4/24/26 00:30,36.723,
Plot Title: 5C3G,156,4/24/26 00:45,36.723,
Plot Title: 5C3G,157,4/24/26 01:00,36.723,
Plot Title: 5C3G,158,4/24/26 01:15,36.723,
Plot Title: 5C3G,159,4/24/26 01:30,36.723,
Plot Title: 5C3G,160,4/24/26 01:45,36.531,
Plot Title: 5C3G,161,4/24/26 02:00,36.531,
Plot Title: 5C3G,162,4/24/26 02:15,36.531,
Plot Title: 5C3G,163,4/24/26 02:30,36.531,
Plot Title: 5C3G,164,4/24/26 02:45,36.531,
Plot Title: 5C3G,165,4/24/26 03:00,36.531,
Plot Title: 5C3G,166,4/24/26 03:15,36.531,
Plot Title: 5C3G,167,4/24/26 03:30,36.531,
Plot Title: 5C3G,168,4/24/26 03:45,36.531,
Plot Title: 5C3G,169,4/24/26 04:00,36.531,
Plot Title: 5C3G,170,4/24/26 04:15,36.531,
Plot Title: 5C3G,171,4/24/26 04:30,36.338,
Plot Title: 5C3G,172,4/24/26 04:45,36.338,
Plot Title: 5C3G,173,4/24/26 05:00,36.338,
Plot Title: 5C3G,174,4/24/26 05:15,36.338,
Plot Title: 5C3G,175,4/24/26 05:30,36.338,
Plot Title: 5C3G,176,4/24/26 05:45,36.338,
Plot Title: 5C3G,177,4/24/26 06:00,36.338,
Plot Title: 5C3G,178,4/24/26 06:15,36.338,
Plot Title: 5C3G,179,4/24/26 06:30,36.338,
Plot Title: 5C3G,180,4/24/26 06:45,36.338,
Plot Title: 5C3G,181,4/24/26 07:00,36.338,
Plot Title: 5C3G,182,4/24/26 07:15,36.145,
Plot Title: 5C3G,183,4/24/26 07:30,36.145,
Plot Title: 5C3G,184,4/24/26 07:45,36.145,
Plot Title: 5C3G,185,4/24/26 08:00,36.145,
Plot Title: 5C3G,186,4/24/26 08:15,36.145,
Plot Title: 5C3G,187,4/24/26 08:30,36.145,
Plot Title: 5C3G,188,4/24/26 08:45,36.145,
Plot Title: 5C3G,189,4/24/26 09:00,36.145,
Plot Title: 5C3G,190,4/24/26 09:15,36.145,
Plot Title: 5C3G,191,4/24/26 09:30,36.145,
Plot Title: 5C3G,192,4/24/26 09:45,36.145,
Plot Title: 5C3G,193,4/24/26 10:00,36.145,
Plot Title: 5C3G,194,4/24/26 10:15,36.145,
Plot Title: 5C3G,195,4/24/26 10:30,36.145,
Plot Title: 5C3G,196,4/24/26 10:45,36.145,
Plot Title: 5C3G,197,4/24/26 11:00,35.951,
Plot Title: 5C3G,198,4/24/26 11:15,36.145,
Plot Title: 5C3G,199,4/24/26 11:30,35.951,
Plot Title: 5C3G,200,4/24/26 11:45,35.951,
Plot Title: 5C3G,201,4/24/26 12:00,35.951,
Plot Title: 5C3G,202,4/24/26 12:15,35.951,
Plot Title: 5C3G,203,4/24/26 12:30,35.951,
Plot Title: 5C3G,204,4/24/26 12:45,35.951,
Plot Title: 5C3G,205,4/24/26 13:00,35.951,
Plot Title: 5C3G,206,4/24/26 13:15,35.951,
Plot Title: 5C3G,207,4/24/26 13:30,35.951,
Plot Title: 5C3G,208,4/24/26 13:45,35.951,
Plot Title: 5C3G,209,4/24/26 14:00,35.951,
Plot Title: 5C3G,210,4/24/26 14:15,35.951,
Plot Title: 5C3G,211,4/24/26 14:30,35.951,
Plot Title: 5C3G,212,4/24/26 14:45,35.758,
Plot Title: 5C3G,213,4/24/26 15:00,35.758,
Plot Title: 5C3G,214,4/24/26 15:15,35.758,
Plot Title: 5C3G,215,4/24/26 15:30,35.758,
Plot Title: 5C3G,216,4/24/26 15:45,35.758,
Plot Title: 5C3G,217,4/24/26 16:00,35.758,
Plot Title: 5C3G,218,4/24/26 16:15,35.758,
Plot Title: 5C3G,219,4/24/26 16:30,35.758,
Plot Title: 5C3G,220,4/24/26 16:45,35.564,
Plot Title: 5C3G,221,4/24/26 17:00,35.564,
Plot Title: 5C3G,222,4/24/26 17:15,35.564,
Plot Title: 5C3G,223,4/24/26 17:30,35.564,
Plot Title: 5C3G,224,4/24/26 17:45,35.564,
Plot Title: 5C3G,225,4/24/26 18:00,35.564,
Plot Title: 5C3G,226,4/24/26 18:15,35.564,
Plot Title: 5C3G,227,4/24/26 18:30,35.564,
Plot Title: 5C3G,228,4/24/26 18:45,35.564,
Plot Title: 5C3G,229,4/24/26 19:00,35.564,
Plot Title: 5C3G,230,4/24/26 19:15,35.564,
Plot Title: 5C3G,231,4/24/26 19:30,35.564,
Plot Title: 5C3G,232,4/24/26 19:45,35.564,
Plot Title: 5C3G,233,4/24/26 20:00,35.564,
Plot Title: 5C3G,234,4/24/26 20:15,35.37,
Plot Title: 5C3G,235,4/24/26 20:30,35.37,
Plot Title: 5C3G,236,4/24/26 20:45,35.37,
Plot Title: 5C3G,237,4/24/26 21:00,35.37,
Plot Title: 5C3G,238,4/24/26 21:15,35.37,
Plot Title: 5C3G,239,4/24/26 21:30,35.37,
Plot Title: 5C3G,240,4/24/26 21:45,35.37,
Plot Title: 5C3G,241,4/24/26 22:00,35.37,
Plot Title: 5C3G,242,4/24/26 22:15,35.37,
Plot Title: 5C3G,243,4/24/26 22:30,35.37,
Plot Title: 5C3G,244,4/24/26 22:45,35.37,
Plot Title: 5C3G,245,4/24/26 23:00,35.37,
Plot Title: 5C3G,246,4/24/26 23:15,35.37,
Plot Title: 5C3G,247,4/24/26 23:30,35.37,
Plot Title: 5C3G,248,4/24/26 23:45,35.37,
Plot Title: 5C3G,249,4/25/26 00:00,35.37,
Plot Title: 5C3G,250,4/25/26 00:15,35.37,
Plot Title: 5C3G,251,4/25/26 00:30,35.37,
Plot Title: 5C3G,252,4/25/26 00:45,35.37,
Plot Title: 5C3G,253,4/25/26 01:00,35.37,
Plot Title: 5C3G,254,4/25/26 01:15,35.37,
Plot Title: 5C3G,255,4/25/26 01:30,35.37,
Plot Title: 5C3G,256,4/25/26 01:45,35.37,
Plot Title: 5C3G,257,4/25/26 02:00,35.37,
Plot Title: 5C3G,258,4/25/26 02:15,35.37,
Plot Title: 5C3G,259,4/25/26 02:30,35.37,
Plot Title: 5C3G,260,4/25/26 02:45,35.37,
Plot Title: 5C3G,261,4/25/26 03:00,35.37,
Plot Title: 5C3G,262,4/25/26 03:15,35.37,
Plot Title: 5C3G,263,4/25/26 03:30,35.37,
Plot Title: 5C3G,264,4/25/26 03:45,35.37,
Plot Title: 5C3G,265,4/25/26 04:00,35.37,
Plot Title: 5C3G,266,4/25/26 04:15,35.37,
Plot Title: 5C3G,267,4/25/26 04:30,35.37,
Plot Title: 5C3G,268,4/25/26 04:45,35.37,
Plot Title: 5C3G,269,4/25/26 05:00,35.37,
Plot Title: 5C3G,270,4/25/26 05:15,35.37,
Plot Title: 5C3G,271,4/25/26 05:30,35.37,
Plot Title: 5C3G,272,4/25/26 05:45,35.37,
Plot Title: 5C3G,273,4/25/26 06:00,35.175,
Plot Title: 5C3G,274,4/25/26 06:15,35.175,
Plot Title: 5C3G,275,4/25/26 06:30,35.175,
Plot Title: 5C3G,276,4/25/26 06:45,35.175,
Plot Title: 5C3G,277,4/25/26 07:00,35.175,
Plot Title: 5C3G,278,4/25/26 07:15,35.175,
Plot Title: 5C3G,279,4/25/26 07:30,35.175,
Plot Title: 5C3G,280,4/25/26 07:45,35.175,
Plot Title: 5C3G,281,4/25/26 08:00,35.175,
Plot Title: 5C3G,282,4/25/26 08:15,35.175,
Plot Title: 5C3G,283,4/25/26 08:30,35.175,
Plot Title: 5C3G,284,4/25/26 08:45,35.175,
Plot Title: 5C3G,285,4/25/26 09:00,35.175,
Plot Title: 5C3G,286,4/25/26 09:15,35.175,
Plot Title: 5C3G,287,4/25/26 09:30,35.175,
Plot Title: 5C3G,288,4/25/26 09:45,35.175,
Plot Title: 5C3G,289,4/25/26 10:00,35.175,
Plot Title: 5C3G,290,4/25/26 10:15,35.175,
Plot Title: 5C3G,291,4/25/26 10:30,35.175,
Plot Title: 5C3G,292,4/25/26 10:45,35.175,
Plot Title: 5C3G,293,4/25/26 11:00,35.175,
Plot Title: 5C3G,294,4/25/26 11:15,35.175,
Plot Title: 5C3G,295,4/25/26 11:30,35.175,
Plot Title: 5C3G,296,4/25/26 11:45,35.175,
Plot Title: 5C3G,297,4/25/26 12:00,35.175,
Plot Title: 5C3G,298,4/25/26 12:15,35.175,
Plot Title: 5C3G,299,4/25/26 12:30,35.175,
Plot Title: 5C3G,300,4/25/26 12:45,35.175,
Plot Title: 5C3G,301,4/25/26 13:00,35.175,
Plot Title: 5C3G,302,4/25/26 13:15,35.175,
Plot Title: 5C3G,303,4/25/26 13:30,35.175,
Plot Title: 5C3G,304,4/25/26 13:45,35.175,
Plot Title: 5C3G,305,4/25/26 14:00,35.175,
Plot Title: 5C3G,306,4/25/26 14:15,34.981,
Plot Title: 5C3G,307,4/25/26 14:30,34.981,
Plot Title: 5C3G,308,4/25/26 14:45,34.981,
Plot Title: 5C3G,309,4/25/26 15:00,34.981,
Plot Title: 5C3G,310,4/25/26 15:15,34.981,
Plot Title: 5C3G,311,4/25/26 15:30,34.981,
Plot Title: 5C3G,312,4/25/26 15:45,34.981,
Plot Title: 5C3G,313,4/25/26 16:00,34.981,
Plot Title: 5C3G,314,4/25/26 16:15,34.981,
Plot Title: 5C3G,315,4/25/26 16:30,34.981,
Plot Title: 5C3G,316,4/25/26 16:45,34.981,
Plot Title: 5C3G,317,4/25/26 17:00,34.981,
Plot Title: 5C3G,318,4/25/26 17:15,34.981,
Plot Title: 5C3G,319,4/25/26 17:30,34.786,
Plot Title: 5C3G,320,4/25/26 17:45,34.786,
Plot Title: 5C3G,321,4/25/26 18:00,34.786,
Plot Title: 5C3G,322,4/25/26 18:15,34.786,
Plot Title: 5C3G,323,4/25/26 18:30,34.786,
Plot Title: 5C3G,324,4/25/26 18:45,34.786,
Plot Title: 5C3G,325,4/25/26 19:00,34.786,
Plot Title: 5C3G,326,4/25/26 19:15,34.786,
Plot Title: 5C3G,327,4/25/26 19:30,34.786,
Plot Title: 5C3G,328,4/25/26 19:45,34.786,
Plot Title: 5C3G,329,4/25/26 20:00,34.786,
Plot Title: 5C3G,330,4/25/26 20:15,34.786,
Plot Title: 5C3G,331,4/25/26 20:30,34.786,
Plot Title: 5C3G,332,4/25/26 20:45,34.786,
Plot Title: 5C3G,333,4/25/26 21:00,34.786,
Plot Title: 5C3G,334,4/25/26 21:15,34.786,
Plot Title: 5C3G,335,4/25/26 21:30,34.59,
Plot Title: 5C3G,336,4/25/26 21:45,34.59,
Plot Title: 5C3G,337,4/25/26 22:00,34.59,
Plot Title: 5C3G,338,4/25/26 22:15,34.59,
Plot Title: 5C3G,339,4/25/26 22:30,34.786,
Plot Title: 5C3G,340,4/25/26 22:45,34.59,
Plot Title: 5C3G,341,4/25/26 23:00,34.59,
Plot Title: 5C3G,342,4/25/26 23:15,34.59,
Plot Title: 5C3G,343,4/25/26 23:30,34.59,
Plot Title: 5C3G,344,4/25/26 23:45,34.59,
Plot Title: 5C3G,345,4/26/26 00:00,34.59,
Plot Title: 5C3G,346,4/26/26 00:15,34.59,
Plot Title: 5C3G,347,4/26/26 00:30,34.59,
Plot Title: 5C3G,348,4/26/26 00:45,34.59,
Plot Title: 5C3G,349,4/26/26 01:00,34.59,
Plot Title: 5C3G,350,4/26/26 01:15,34.59,
Plot Title: 5C3G,351,4/26/26 01:30,34.59,
Plot Title: 5C3G,352,4/26/26 01:45,34.59,
Plot Title: 5C3G,353,4/26/26 02:00,34.59,
Plot Title: 5C3G,354,4/26/26 02:15,34.59,
Plot Title: 5C3G,355,4/26/26 02:30,34.59,
Plot Title: 5C3G,356,4/26/26 02:45,34.59,
Plot Title: 5C3G,357,4/26/26 03:00,34.59,
Plot Title: 5C3G,358,4/26/26 03:15,34.59,
Plot Title: 5C3G,359,4/26/26 03:30,34.59,
Plot Title: 5C3G,360,4/26/26 03:45,34.59,
Plot Title: 5C3G,361,4/26/26 04:00,34.394,
Plot Title: 5C3G,362,4/26/26 04:15,34.394,
Plot Title: 5C3G,363,4/26/26 04:30,34.394,
Plot Title: 5C3G,364,4/26/26 04:45,34.394,
Plot Title: 5C3G,365,4/26/26 05:00,34.198,
Plot Title: 5C3G,366,4/26/26 05:15,34.198,
Plot Title: 5C3G,367,4/26/26 05:30,34.198,
Plot Title: 5C3G,368,4/26/26 05:45,34.198,
Plot Title: 5C3G,369,4/26/26 06:00,34.198,
Plot Title: 5C3G,370,4/26/26 06:15,34.198,
Plot Title: 5C3G,371,4/26/26 06:30,34.198,
Plot Title: 5C3G,372,4/26/26 06:45,34.198,
Plot Title: 5C3G,373,4/26/26 07:00,34.002,
Plot Title: 5C3G,374,4/26/26 07:15,34.002,
Plot Title: 5C3G,375,4/26/26 07:30,34.002,
Plot Title: 5C3G,376,4/26/26 07:45,34.002,
Plot Title: 5C3G,377,4/26/26 08:00,34.002,
Plot Title: 5C3G,378,4/26/26 08:15,34.002,
Plot Title: 5C3G,379,4/26/26 08:30,34.002,
Plot Title: 5C3G,380,4/26/26 08:45,34.002,
Plot Title: 5C3G,381,4/26/26 09:00,34.002,
Plot Title: 5C3G,382,4/26/26 09:15,34.002,
Plot Title: 5C3G,383,4/26/26 09:30,34.002,
Plot Title: 5C3G,384,4/26/26 09:45,34.002,
Plot Title: 5C3G,385,4/26/26 10:00,34.198,
Plot Title: 5C3G,386,4/26/26 10:15,34.002,
Plot Title: 5C3G,387,4/26/26 10:30,34.198,
Plot Title: 5C3G,388,4/26/26 10:45,34.198,
Plot Title: 5C3G,389,4/26/26 11:00,34.198,
Plot Title: 5C3G,390,4/26/26 11:15,34.198,
Plot Title: 5C3G,391,4/26/26 11:30,34.198,
Plot Title: 5C3G,392,4/26/26 11:45,34.394,
Plot Title: 5C3G,393,4/26/26 12:00,34.394,
Plot Title: 5C3G,394,4/26/26 12:15,34.394,
Plot Title: 5C3G,395,4/26/26 12:30,34.394,
Plot Title: 5C3G,396,4/26/26 12:45,34.59,
Plot Title: 5C3G,397,4/26/26 13:00,34.59,
Plot Title: 5C3G,398,4/26/26 13:15,34.59,
Plot Title: 5C3G,399,4/26/26 13:30,34.59,
Plot Title: 5C3G,400,4/26/26 13:45,34.59,
Plot Title: 5C3G,401,4/26/26 14:00,34.59,
Plot Title: 5C3G,402,4/26/26 14:15,34.59,
Plot Title: 5C3G,403,4/26/26 14:30,34.59,
Plot Title: 5C3G,404,4/26/26 14:45,34.59,
Plot Title: 5C3G,405,4/26/26 15:00,34.59,
Plot Title: 5C3G,406,4/26/26 15:15,34.59,
Plot Title: 5C3G,407,4/26/26 15:30,34.59,
Plot Title: 5C3G,408,4/26/26 15:45,34.59,
Plot Title: 5C3G,409,4/26/26 16:00,34.59,
Plot Title: 5C3G,410,4/26/26 16:15,34.59,
Plot Title: 5C3G,411,4/26/26 16:30,34.59,
Plot Title: 5C3G,412,4/26/26 16:45,34.59,
Plot Title: 5C3G,413,4/26/26 17:00,34.59,
Plot Title: 5C3G,414,4/26/26 17:15,34.59,
Plot Title: 5C3G,415,4/26/26 17:30,34.59,
Plot Title: 5C3G,416,4/26/26 17:45,34.59,
Plot Title: 5C3G,417,4/26/26 18:00,34.59,
Plot Title: 5C3G,418,4/26/26 18:15,34.59,
Plot Title: 5C3G,419,4/26/26 18:30,34.59,
Plot Title: 5C3G,420,4/26/26 18:45,34.59,
Plot Title: 5C3G,421,4/26/26 19:00,34.394,
Plot Title: 5C3G,422,4/26/26 19:15,34.59,
Plot Title: 5C3G,423,4/26/26 19:30,34.394,
Plot Title: 5C3G,424,4/26/26 19:45,34.394,
Plot Title: 5C3G,425,4/26/26 20:00,34.394,
Plot Title: 5C3G,426,4/26/26 20:15,34.394,
Plot Title: 5C3G,427,4/26/26 20:30,34.394,
Plot Title: 5C3G,428,4/26/26 20:45,34.394,
Plot Title: 5C3G,429,4/26/26 21:00,34.394,
Plot Title: 5C3G,430,4/26/26 21:15,34.394,
Plot Title: 5C3G,431,4/26/26 21:30,34.394,
Plot Title: 5C3G,432,4/26/26 21:45,34.394,
Plot Title: 5C3G,433,4/26/26 22:00,34.394,
Plot Title: 5C3G,434,4/26/26 22:15,34.394,
Plot Title: 5C3G,435,4/26/26 22:30,34.394,
Plot Title: 5C3G,436,4/26/26 22:45,34.394,
Plot Title: 5C3G,437,4/26/26 23:00,34.394,
Plot Title: 5C3G,438,4/26/26 23:15,34.394,
Plot Title: 5C3G,439,4/26/26 23:30,34.394,
Plot Title: 5C3G,440,4/26/26 23:45,34.394,
Plot Title: 5C3G,441,4/27/26 00:00,34.394,
Plot Title: 5C3G,442,4/27/26 00:15,34.394,
Plot Title: 5C3G,443,4/27/26 00:30,34.394,
Plot Title: 5C3G,444,4/27/26 00:45,34.394,
Plot Title: 5C3G,445,4/27/26 01:00,34.394,
Plot Title: 5C3G,446,4/27/26 01:15,34.394,
Plot Title: 5C3G,447,4/27/26 01:30,34.394,
Plot Title: 5C3G,448,4/27/26 01:45,34.394,
Plot Title: 5C3G,449,4/27/26 02:00,34.394,
Plot Title: 5C3G,450,4/27/26 02:15,34.394,
Plot Title: 5C3G,451,4/27/26 02:30,34.394,
Plot Title: 5C3G,452,4/27/26 02:45,34.394,
Plot Title: 5C3G,453,4/27/26 03:00,34.394,
Plot Title: 5C3G,454,4/27/26 03:15,34.394,
Plot Title: 5C3G,455,4/27/26 03:30,34.394,
Plot Title: 5C3G,456,4/27/26 03:45,34.394,
Plot Title: 5C3G,457,4/27/26 04:00,34.394,
Plot Title: 5C3G,458,4/27/26 04:15,34.394,
Plot Title: 5C3G,459,4/27/26 04:30,34.394,
Plot Title: 5C3G,460,4/27/26 04:45,34.394,
Plot Title: 5C3G,461,4/27/26 05:00,34.394,
Plot Title: 5C3G,462,4/27/26 05:15,34.394,
Plot Title: 5C3G,463,4/27/26 05:30,34.394,
Plot Title: 5C3G,464,4/27/26 05:45,34.394,
Plot Title: 5C3G,465,4/27/26 06:00,34.394,
Plot Title: 5C3G,466,4/27/26 06:15,34.394,
Plot Title: 5C3G,467,4/27/26 06:30,34.394,
Plot Title: 5C3G,468,4/27/26 06:45,34.394,
Plot Title: 5C3G,469,4/27/26 07:00,34.394,
Plot Title: 5C3G,470,4/27/26 07:15,34.394,
Plot Title: 5C3G,471,4/27/26 07:30,34.394,
Plot Title: 5C3G,472,4/27/26 07:45,34.394,
Plot Title: 5C3G,473,4/27/26 08:00,34.394,
Plot Title: 5C3G,474,4/27/26 08:15,34.394,
Plot Title: 5C3G,475,4/27/26 08:30,34.394,
Plot Title: 5C3G,476,4/27/26 08:45,34.394,
Plot Title: 5C3G,477,4/27/26 09:00,34.394,
Plot Title: 5C3G,478,4/27/26 09:15,34.394,
Plot Title: 5C3G,479,4/27/26 09:30,34.394,
Plot Title: 5C3G,480,4/27/26 09:45,34.59,
Plot Title: 5C3G,481,4/27/26 10:00,34.59,
Plot Title: 5C3G,482,4/27/26 10:15,34.59,
Plot Title: 5C3G,483,4/27/26 10:30,34.59,
Plot Title: 5C3G,484,4/27/26 10:45,34.59,
Plot Title: 5C3G,485,4/27/26 11:00,34.59,
Plot Title: 5C3G,486,4/27/26 11:15,34.786,
Plot Title: 5C3G,487,4/27/26 11:30,34.786,
Plot Title: 5C3G,488,4/27/26 11:45,34.786,
Plot Title: 5C3G,489,4/27/26 12:00,34.59,
Plot Title: 5C3G,490,4/27/26 12:15,34.59,
Plot Title: 5C3G,491,4/27/26 12:30,34.786,
Plot Title: 5C3G,492,4/27/26 12:45,34.786,
Plot Title: 5C3G,493,4/27/26 13:00,34.59,
Plot Title: 5C3G,494,4/27/26 13:15,34.59,
Plot Title: 5C3G,495,4/27/26 13:30,34.59,
Plot Title: 5C3G,496,4/27/26 13:45,34.59,
Plot Title: 5C3G,497,4/27/26 14:00,34.59,
Plot Title: 5C3G,498,4/27/26 14:15,34.59,
Plot Title: 5C3G,499,4/27/26 14:30,34.59,
Plot Title: 5C3G,500,4/27/26 14:45,34.394,
Plot Title: 5C3G,501,4/27/26 15:00,34.394,
Plot Title: 5C3G,502,4/27/26 15:15,34.394,
Plot Title: 5C3G,503,4/27/26 15:30,34.394,
Plot Title: 5C3G,504,4/27/26 15:45,34.394,
Plot Title: 5C3G,505,4/27/26 16:00,34.394,
Plot Title: 5C3G,506,4/27/26 16:15,34.394,
Plot Title: 5C3G,507,4/27/26 16:30,34.394,
Plot Title: 5C3G,508,4/27/26 16:45,34.394,
Plot Title: 5C3G,509,4/27/26 17:00,34.394,
Plot Title: 5C3G,510,4/27/26 17:15,34.394,
Plot Title: 5C3G,511,4/27/26 17:30,34.198,
Plot Title: 5C3G,512,4/27/26 17:45,34.198,
Plot Title: 5C3G,513,4/27/26 18:00,34.198,
Plot Title: 5C3G,514,4/27/26 18:15,34.198,
Plot Title: 5C3G,515,4/27/26 18:30,34.198,
Plot Title: 5C3G,516,4/27/26 18:45,34.198,
Plot Title: 5C3G,517,4/27/26 19:00,34.198,
Plot Title: 5C3G,518,4/27/26 19:15,34.198,
Plot Title: 5C3G,519,4/27/26 19:30,34.198,
Plot Title: 5C3G,520,4/27/26 19:45,34.198,
Plot Title: 5C3G,521,4/27/26 20:00,34.198,
Plot Title: 5C3G,522,4/27/26 20:15,34.198,
Plot Title: 5C3G,523,4/27/26 20:30,34.198,
Plot Title: 5C3G,524,4/27/26 20:45,34.198,
Plot Title: 5C3G,525,4/27/26 21:00,34.198,
Plot Title: 5C3G,526,4/27/26 21:15,34.198,
Plot Title: 5C3G,527,4/27/26 21:30,34.002,
Plot Title: 5C3G,528,4/27/26 21:45,34.002,
Plot Title: 5C3G,529,4/27/26 22:00,34.198,
Plot Title: 5C3G,530,4/27/26 22:15,34.198,
Plot Title: 5C3G,531,4/27/26 22:30,34.002,
Plot Title: 5C3G,532,4/27/26 22:45,34.002,
Plot Title: 5C3G,533,4/27/26 23:00,34.002,
Plot Title: 5C3G,534,4/27/26 23:15,34.002,
Plot Title: 5C3G,535,4/27/26 23:30,34.002,
Plot Title: 5C3G,536,4/27/26 23:45,34.002,
Plot Title: 5C3G,537,4/28/26 00:00,34.002,
Plot Title: 5C3G,538,4/28/26 00:15,34.002,
Plot Title: 5C3G,539,4/28/26 00:30,33.805,
Plot Title: 5C3G,540,4/28/26 00:45,33.805,
Plot Title: 5C3G,541,4/28/26 01:00,33.805,
Plot Title: 5C3G,542,4/28/26 01:15,33.805,
Plot Title: 5C3G,543,4/28/26 01:30,33.805,
Plot Title: 5C3G,544,4/28/26 01:45,33.805,
Plot Title: 5C3G,545,4/28/26 02:00,33.607,
Plot Title: 5C3G,546,4/28/26 02:15,33.607,
Plot Title: 5C3G,547,4/28/26 02:30,33.607,
Plot Title: 5C3G,548,4/28/26 02:45,33.607,
Plot Title: 5C3G,549,4/28/26 03:00,33.607,
Plot Title: 5C3G,550,4/28/26 03:15,33.607,
Plot Title: 5C3G,551,4/28/26 03:30,33.607,
Plot Title: 5C3G,552,4/28/26 03:45,33.607,
Plot Title: 5C3G,553,4/28/26 04:00,33.607,
Plot Title: 5C3G,554,4/28/26 04:15,33.411,
Plot Title: 5C3G,555,4/28/26 04:30,33.411,
Plot Title: 5C3G,556,4/28/26 04:45,33.411,
Plot Title: 5C3G,557,4/28/26 05:00,33.411,
Plot Title: 5C3G,558,4/28/26 05:15,33.411,
Plot Title: 5C3G,559,4/28/26 05:30,33.411,
Plot Title: 5C3G,560,4/28/26 05:45,33.411,
Plot Title: 5C3G,561,4/28/26 06:00,33.411,
Plot Title: 5C3G,562,4/28/26 06:15,33.411,
Plot Title: 5C3G,563,4/28/26 06:30,33.411,
Plot Title: 5C3G,564,4/28/26 06:45,33.411,
Plot Title: 5C3G,565,4/28/26 07:00,33.411,
Plot Title: 5C3G,566,4/28/26 07:15,33.411,
Plot Title: 5C3G,567,4/28/26 07:30,33.411,
Plot Title: 5C3G,568,4/28/26 07:45,33.411,
Plot Title: 5C3G,569,4/28/26 08:00,33.411,
Plot Title: 5C3G,570,4/28/26 08:15,33.213,
Plot Title: 5C3G,571,4/28/26 08:30,33.213,
Plot Title: 5C3G,572,4/28/26 08:45,33.411,
Plot Title: 5C3G,573,4/28/26 09:00,33.411,
Plot Title: 5C3G,574,4/28/26 09:15,33.411,
Plot Title: 5C3G,575,4/28/26 09:30,33.411,
Plot Title: 5C3G,576,4/28/26 09:45,33.411,
Plot Title: 5C3G,577,4/28/26 10:00,33.411,
Plot Title: 5C3G,578,4/28/26 10:15,33.607,
Plot Title: 5C3G,579,4/28/26 10:30,33.607,
Plot Title: 5C3G,580,4/28/26 10:45,33.607,
Plot Title: 5C3G,581,4/28/26 11:00,33.607,
Plot Title: 5C3G,582,4/28/26 11:15,33.607,
Plot Title: 5C3G,583,4/28/26 11:30,33.805,
Plot Title: 5C3G,584,4/28/26 11:45,33.805,
Plot Title: 5C3G,585,4/28/26 12:00,33.805,
Plot Title: 5C3G,586,4/28/26 12:15,33.805,
Plot Title: 5C3G,587,4/28/26 12:30,33.805,
Plot Title: 5C3G,588,4/28/26 12:45,33.805,
Plot Title: 5C3G,589,4/28/26 13:00,33.805,
Plot Title: 5C3G,590,4/28/26 13:15,33.805,
Plot Title: 5C3G,591,4/28/26 13:30,34.002,
Plot Title: 5C3G,592,4/28/26 13:45,34.002,
Plot Title: 5C3G,593,4/28/26 14:00,34.002,
Plot Title: 5C3G,594,4/28/26 14:15,34.198,
Plot Title: 5C3G,595,4/28/26 14:30,34.198,
Plot Title: 5C3G,596,4/28/26 14:45,34.198,
Plot Title: 5C3G,597,4/28/26 15:00,34.198,
Plot Title: 5C3G,598,4/28/26 15:15,34.002,
Plot Title: 5C3G,599,4/28/26 15:30,34.002,
Plot Title: 5C3G,600,4/28/26 15:45,34.002,
Plot Title: 5C3G,601,4/28/26 16:00,33.805,
Plot Title: 5C3G,602,4/28/26 16:15,33.805,
Plot Title: 5C3G,603,4/28/26 16:30,33.805,
Plot Title: 5C3G,604,4/28/26 16:45,33.805,
Plot Title: 5C3G,605,4/28/26 17:00,33.805,
Plot Title: 5C3G,606,4/28/26 17:15,33.805,
Plot Title: 5C3G,607,4/28/26 17:30,33.805,
Plot Title: 5C3G,608,4/28/26 17:45,33.805,
Plot Title: 5C3G,609,4/28/26 18:00,33.805,
Plot Title: 5C3G,610,4/28/26 18:15,33.805,
Plot Title: 5C3G,611,4/28/26 18:30,33.805,
Plot Title: 5C3G,612,4/28/26 18:45,33.805,
Plot Title: 5C3G,613,4/28/26 19:00,33.805,
Plot Title: 5C3G,614,4/28/26 19:15,33.805,
Plot Title: 5C3G,615,4/28/26 19:30,33.805,
Plot Title: 5C3G,616,4/28/26 19:45,33.805,
Plot Title: 5C3G,617,4/28/26 20:00,33.805,
Plot Title: 5C3G,618,4/28/26 20:15,33.805,
Plot Title: 5C3G,619,4/28/26 20:30,33.805,
Plot Title: 5C3G,620,4/28/26 20:45,33.805,
Plot Title: 5C3G,621,4/28/26 21:00,33.805,
Plot Title: 5C3G,622,4/28/26 21:15,33.805,
Plot Title: 5C3G,623,4/28/26 21:30,33.805,
Plot Title: 5C3G,624,4/28/26 21:45,33.805,
Plot Title: 5C3G,625,4/28/26 22:00,33.805,
Plot Title: 5C3G,626,4/28/26 22:15,33.805,
Plot Title: 5C3G,627,4/28/26 22:30,33.805,
Plot Title: 5C3G,628,4/28/26 22:45,33.805,
Plot Title: 5C3G,629,4/28/26 23:00,33.805,
Plot Title: 5C3G,630,4/28/26 23:15,33.805,
Plot Title: 5C3G,631,4/28/26 23:30,33.805,
Plot Title: 5C3G,632,4/28/26 23:45,33.805,
Plot Title: 5C3G,633,4/29/26 00:00,33.805,
Plot Title: 5C3G,634,4/29/26 00:15,33.805,
Plot Title: 5C3G,635,4/29/26 00:30,33.805,
Plot Title: 5C3G,636,4/29/26 00:45,33.805,
Plot Title: 5C3G,637,4/29/26 01:00,33.805,
Plot Title: 5C3G,638,4/29/26 01:15,33.805,
Plot Title: 5C3G,639,4/29/26 01:30,33.805,
Plot Title: 5C3G,640,4/29/26 01:45,33.805,
Plot Title: 5C3G,641,4/29/26 02:00,33.805,
Plot Title: 5C3G,642,4/29/26 02:15,33.805,
Plot Title: 5C3G,643,4/29/26 02:30,33.805,
Plot Title: 5C3G,644,4/29/26 02:45,33.805,
Plot Title: 5C3G,645,4/29/26 03:00,33.805,
Plot Title: 5C3G,646,4/29/26 03:15,33.805,
Plot Title: 5C3G,647,4/29/26 03:30,33.805,
Plot Title: 5C3G,648,4/29/26 03:45,33.805,
Plot Title: 5C3G,649,4/29/26 04:00,33.805,
Plot Title: 5C3G,650,4/29/26 04:15,33.805,
Plot Title: 5C3G,651,4/29/26 04:30,33.805,
Plot Title: 5C3G,652,4/29/26 04:45,33.805,
Plot Title: 5C3G,653,4/29/26 05:00,33.805,
Plot Title: 5C3G,654,4/29/26 05:15,33.805,
Plot Title: 5C3G,655,4/29/26 05:30,33.805,
Plot Title: 5C3G,656,4/29/26 05:45,33.607,
Plot Title: 5C3G,657,4/29/26 06:00,33.607,
Plot Title: 5C3G,658,4/29/26 06:15,33.607,
Plot Title: 5C3G,659,4/29/26 06:30,33.607,
Plot Title: 5C3G,660,4/29/26 06:45,33.607,
Plot Title: 5C3G,661,4/29/26 07:00,33.607,
Plot Title: 5C3G,662,4/29/26 07:15,33.607,
Plot Title: 5C3G,663,4/29/26 07:30,33.607,
Plot Title: 5C3G,664,4/29/26 07:45,33.607,
Plot Title: 5C3G,665,4/29/26 08:00,33.805,
Plot Title: 5C3G,666,4/29/26 08:15,33.805,
Plot Title: 5C3G,667,4/29/26 08:30,33.805,
Plot Title: 5C3G,668,4/29/26 08:45,33.805,
Plot Title: 5C3G,669,4/29/26 09:00,33.805,
Plot Title: 5C3G,670,4/29/26 09:15,34.002,
Plot Title: 5C3G,671,4/29/26 09:30,34.002,
Plot Title: 5C3G,672,4/29/26 09:45,34.002,
Plot Title: 5C3G,673,4/29/26 10:00,34.002,
Plot Title: 5C3G,674,4/29/26 10:15,34.002,
Plot Title: 5C3G,675,4/29/26 10:30,34.002,
Plot Title: 5C3G,676,4/29/26 10:45,34.002,
Plot Title: 5C3G,677,4/29/26 11:00,34.002,
Plot Title: 5C3G,678,4/29/26 11:15,34.002,
Plot Title: 5C3G,679,4/29/26 11:30,34.002,
Plot Title: 5C3G,680,4/29/26 11:45,34.394,
Plot Title: 5C3G,681,4/29/26 12:00,34.394,
Plot Title: 5C3G,682,4/29/26 12:15,34.198,
Plot Title: 5C3G,683,4/29/26 12:30,34.198,
Plot Title: 5C3G,684,4/29/26 12:45,34.59,
Plot Title: 5C3G,685,4/29/26 13:00,34.394,
Plot Title: 5C3G,686,4/29/26 13:15,34.394,
Plot Title: 5C3G,687,4/29/26 13:30,34.59,
Plot Title: 5C3G,688,4/29/26 13:45,35.175,
Plot Title: 5C3G,689,4/29/26 14:00,35.37,
Plot Title: 5C3G,690,4/29/26 14:15,35.37,
Plot Title: 5C3G,691,4/29/26 14:30,35.37,
Plot Title: 5C3G,692,4/29/26 14:45,34.981,
Plot Title: 5C3G,693,4/29/26 15:00,34.786,
Plot Title: 5C3G,694,4/29/26 15:15,34.786,
Plot Title: 5C3G,695,4/29/26 15:30,35.175,
Plot Title: 5C3G,696,4/29/26 15:45,35.37,
Plot Title: 5C3G,697,4/29/26 16:00,35.758,
Plot Title: 5C3G,698,4/29/26 16:15,35.37,
Plot Title: 5C3G,699,4/29/26 16:30,35.37,
Plot Title: 5C3G,700,4/29/26 16:45,35.175,
Plot Title: 5C3G,701,4/29/26 17:00,34.981,
Plot Title: 5C3G,702,4/29/26 17:15,34.786,
Plot Title: 5C3G,703,4/29/26 17:30,34.786,
Plot Title: 5C3G,704,4/29/26 17:45,34.786,
Plot Title: 5C3G,705,4/29/26 18:00,34.786,
Plot Title: 5C3G,706,4/29/26 18:15,34.59,
Plot Title: 5C3G,707,4/29/26 18:30,34.59,
Plot Title: 5C3G,708,4/29/26 18:45,34.59,
Plot Title: 5C3G,709,4/29/26 19:00,34.59,
Plot Title: 5C3G,710,4/29/26 19:15,34.394,
Plot Title: 5C3G,711,4/29/26 19:30,34.394,
Plot Title: 5C3G,712,4/29/26 19:45,34.394,
Plot Title: 5C3G,713,4/29/26 20:00,34.394,
Plot Title: 5C3G,714,4/29/26 20:15,34.198,
Plot Title: 5C3G,715,4/29/26 20:30,34.198,
Plot Title: 5C3G,716,4/29/26 20:45,34.002,
Plot Title: 5C3G,717,4/29/26 21:00,34.002,
Plot Title: 5C3G,718,4/29/26 21:15,34.002,
Plot Title: 5C3G,719,4/29/26 21:30,34.002,
Plot Title: 5C3G,720,4/29/26 21:45,33.805,
Plot Title: 5C3G,721,4/29/26 22:00,33.805,
Plot Title: 5C3G,722,4/29/26 22:15,33.607,
Plot Title: 5C3G,723,4/29/26 22:30,33.607,
Plot Title: 5C3G,724,4/29/26 22:45,33.607,
Plot Title: 5C3G,725,4/29/26 23:00,33.411,
Plot Title: 5C3G,726,4/29/26 23:15,33.411,
Plot Title: 5C3G,727,4/29/26 23:30,33.411,
Plot Title: 5C3G,728,4/29/26 23:45,33.411,
Plot Title: 5C3G,729,4/30/26 00:00,33.213,
Plot Title: 5C3G,730,4/30/26 00:15,33.213,
Plot Title: 5C3G,731,4/30/26 00:30,33.213,
Plot Title: 5C3G,732,4/30/26 00:45,33.213,
Plot Title: 5C3G,733,4/30/26 01:00,33.013,
Plot Title: 5C3G,734,4/30/26 01:15,33.013,
Plot Title: 5C3G,735,4/30/26 01:30,33.013,
Plot Title: 5C3G,736,4/30/26 01:45,33.013,
Plot Title: 5C3G,737,4/30/26 02:00,33.013,
Plot Title: 5C3G,738,4/30/26 02:15,32.815,
Plot Title: 5C3G,739,4/30/26 02:30,32.815,
Plot Title: 5C3G,740,4/30/26 02:45,32.815,
Plot Title: 5C3G,741,4/30/26 03:00,32.815,
Plot Title: 5C3G,742,4/30/26 03:15,32.815,
Plot Title: 5C3G,743,4/30/26 03:30,32.617,
Plot Title: 5C3G,744,4/30/26 03:45,32.617,
Plot Title: 5C3G,745,4/30/26 04:00,32.617,
Plot Title: 5C3G,746,4/30/26 04:15,32.617,
Plot Title: 5C3G,747,4/30/26 04:30,32.418,
Plot Title: 5C3G,748,4/30/26 04:45,32.418,
Plot Title: 5C3G,749,4/30/26 05:00,32.418,
Plot Title: 5C3G,750,4/30/26 05:15,32.418,
Plot Title: 5C3G,751,4/30/26 05:30,32.418,
Plot Title: 5C3G,752,4/30/26 05:45,32.418,
Plot Title: 5C3G,753,4/30/26 06:00,32.218,
Plot Title: 5C3G,754,4/30/26 06:15,32.218,
Plot Title: 5C3G,755,4/30/26 06:30,32.218,
Plot Title: 5C3G,756,4/30/26 06:45,32.218,
Plot Title: 5C3G,757,4/30/26 07:00,32.218,
Plot Title: 5C3G,758,4/30/26 07:15,32.218,
Plot Title: 5C3G,759,4/30/26 07:30,32.218,
Plot Title: 5C3G,760,4/30/26 07:45,32.218,
Plot Title: 5C3G,761,4/30/26 08:00,32.418,
Plot Title: 5C3G,762,4/30/26 08:15,32.418,
Plot Title: 5C3G,763,4/30/26 08:30,32.418,
Plot Title: 5C3G,764,4/30/26 08:45,32.418,
Plot Title: 5C3G,765,4/30/26 09:00,32.418,
Plot Title: 5C3G,766,4/30/26 09:15,32.617,
Plot Title: 5C3G,767,4/30/26 09:30,32.815,
Plot Title: 5C3G,768,4/30/26 09:45,33.607,
Plot Title: 5C3G,769,4/30/26 10:00,34.59,
Plot Title: 5C3G,770,4/30/26 10:15,36.531,
Plot Title: 5C3G,771,4/30/26 10:30,40.881,
Plot Title: 5C3G,772,4/30/26 10:45,42.915,
Plot Title: 5C3G,773,4/30/26 11:00,47.088,
Plot Title: 5C3G,774,4/30/26 11:15,53.623,
Plot Title: 5C3G,775,4/30/26 11:30,55.537,
Plot Title: 5C3G,776,4/30/26 11:45,60.024,
Plot Title: 5C3G,777,4/30/26 12:00,60.368,
Plot Title: 5C3G,778,4/30/26 12:15,59.337,
Plot Title: 5C3G,779,4/30/26 12:30,62.254,
Plot Title: 5C3G,780,4/30/26 12:45,61.741,
Plot Title: 5C3G,781,4/30/26 13:00,58.303,
Plot Title: 5C3G,782,4/30/26 13:15,64.996,
Plot Title: 5C3G,783,4/30/26 13:30,61.054,
Plot Title: 5C3G,784,4/30/26 13:45,61.569,
Plot Title: 5C3G,785,4/30/26 14:00,66.193,
Plot Title: 5C3G,786,4/30/26 14:15,67.221,
Plot Title: 5C3G,787,4/30/26 14:30,66.537,
Plot Title: 5C3G,788,4/30/26 14:45,60.024,
Plot Title: 5C3G,789,4/30/26 15:00,64.31,
Plot Title: 5C3G,790,4/30/26 15:15,61.054,
Plot Title: 5C3G,791,4/30/26 15:30,60.712,
Plot Title: 5C3G,792,4/30/26 15:45,61.741,
Plot Title: 5C3G,793,4/30/26 16:00,62.598,
Plot Title: 5C3G,794,4/30/26 16:15,59.508,
Plot Title: 5C3G,795,4/30/26 16:30,55.884,
Plot Title: 5C3G,796,4/30/26 16:45,53.973,
Plot Title: 5C3G,797,4/30/26 17:00,52.576,
Plot Title: 5C3G,798,4/30/26 17:15,50.466,
Plot Title: 5C3G,799,4/30/26 17:30,49.404,
Plot Title: 5C3G,800,4/30/26 17:45,48.16,
Plot Title: 5C3G,801,4/30/26 18:00,47.266,
Plot Title: 5C3G,802,4/30/26 18:15,46.188,
Plot Title: 5C3G,803,4/30/26 18:30,45.286,
Plot Title: 5C3G,804,4/30/26 18:45,44.56,
Plot Title: 5C3G,805,4/30/26 19:00,43.831,
Plot Title: 5C3G,806,4/30/26 19:15,43.099,
Plot Title: 5C3G,807,4/30/26 19:30,42.363,
Plot Title: 5C3G,808,4/30/26 19:45,41.81,
Plot Title: 5C3G,809,4/30/26 20:00,41.254,
Plot Title: 5C3G,810,4/30/26 20:15,40.696,
Plot Title: 5C3G,811,4/30/26 20:30,40.134,
Plot Title: 5C3G,812,4/30/26 20:45,39.573,
Plot Title: 5C3G,813,4/30/26 21:00,39.007,
Plot Title: 5C3G,814,4/30/26 21:15,38.629,
Plot Title: 5C3G,815,4/30/26 21:30,38.25,
Plot Title: 5C3G,816,4/30/26 21:45,37.87,
Plot Title: 5C3G,817,4/30/26 22:00,37.488,
Plot Title: 5C3G,818,4/30/26 22:15,37.107,
Plot Title: 5C3G,819,4/30/26 22:30,36.914,
Plot Title: 5C3G,820,4/30/26 22:45,36.531,
Plot Title: 5C3G,821,4/30/26 23:00,36.338,
Plot Title: 5C3G,822,4/30/26 23:15,35.951,
Plot Title: 5C3G,823,4/30/26 23:30,35.758,
Plot Title: 5C3G,824,4/30/26 23:45,35.564,
Plot Title: 5C3G,825,5/1/26 00:00,35.758,
Plot Title: 5C3G,826,5/1/26 00:15,35.758,
Plot Title: 5C3G,827,5/1/26 00:30,35.758,
Plot Title: 5C3G,828,5/1/26 00:45,35.564,
Plot Title: 5C3G,829,5/1/26 01:00,35.37,
Plot Title: 5C3G,830,5/1/26 01:15,35.175,
Plot Title: 5C3G,831,5/1/26 01:30,34.981,
Plot Title: 5C3G,832,5/1/26 01:45,34.786,
Plot Title: 5C3G,833,5/1/26 02:00,34.59,
Plot Title: 5C3G,834,5/1/26 02:15,34.59,
Plot Title: 5C3G,835,5/1/26 02:30,34.394,
Plot Title: 5C3G,836,5/1/26 02:45,34.198,
Plot Title: 5C3G,837,5/1/26 03:00,34.002,
Plot Title: 5C3G,838,5/1/26 03:15,34.002,
Plot Title: 5C3G,839,5/1/26 03:30,33.805,
Plot Title: 5C3G,840,5/1/26 03:45,33.805,
Plot Title: 5C3G,841,5/1/26 04:00,33.607,
Plot Title: 5C3G,842,5/1/26 04:15,33.607,
Plot Title: 5C3G,843,5/1/26 04:30,33.411,
Plot Title: 5C3G,844,5/1/26 04:45,33.213,
Plot Title: 5C3G,845,5/1/26 05:00,33.213,
Plot Title: 5C3G,846,5/1/26 05:15,33.013,
Plot Title: 5C3G,847,5/1/26 05:30,32.815,
Plot Title: 5C3G,848,5/1/26 05:45,32.815,
Plot Title: 5C3G,849,5/1/26 06:00,32.617,
Plot Title: 5C3G,850,5/1/26 06:15,32.418,
Plot Title: 5C3G,851,5/1/26 06:30,32.418,
Plot Title: 5C3G,852,5/1/26 06:45,32.218,
Plot Title: 5C3G,853,5/1/26 07:00,32.218,
Plot Title: 5C3G,854,5/1/26 07:15,32.218,
Plot Title: 5C3G,855,5/1/26 07:30,32.218,
Plot Title: 5C3G,856,5/1/26 07:45,32.218,
Plot Title: 5C3G,857,5/1/26 08:00,32.418,
Plot Title: 5C3G,858,5/1/26 08:15,32.617,
Plot Title: 5C3G,859,5/1/26 08:30,33.411,
Plot Title: 5C3G,860,5/1/26 08:45,36.338,
Plot Title: 5C3G,861,5/1/26 09:00,44.195,
Plot Title: 5C3G,862,5/1/26 09:15,50.643,
Plot Title: 5C3G,863,5/1/26 09:30,55.017,
Plot Title: 5C3G,864,5/1/26 09:45,58.476,
Plot Title: 5C3G,865,5/1/26 10:00,61.398,
Plot Title: 5C3G,866,5/1/26 10:15,63.968,
Plot Title: 5C3G,867,5/1/26 10:30,66.193,
Plot Title: 5C3G,868,5/1/26 10:45,68.248,
Plot Title: 5C3G,869,5/1/26 11:00,70.308,
Plot Title: 5C3G,870,5/1/26 11:15,72.028,
Plot Title: 5C3G,871,5/1/26 11:30,73.234,
Plot Title: 5C3G,872,5/1/26 11:45,74.791,
Plot Title: 5C3G,873,5/1/26 12:00,76.181,
Plot Title: 5C3G,874,5/1/26 12:15,77.225,
Plot Title: 5C3G,875,5/1/26 12:30,78.624,
Plot Title: 5C3G,876,5/1/26 12:45,78.8,
Plot Title: 5C3G,877,5/1/26 13:00,79.151,
Plot Title: 5C3G,878,5/1/26 13:15,79.502,
Plot Title: 5C3G,879,5/1/26 13:30,79.502,
Plot Title: 5C3G,880,5/1/26 13:45,79.151,
Plot Title: 5C3G,881,5/1/26 14:00,78.624,
Plot Title: 5C3G,882,5/1/26 14:15,77.923,
Plot Title: 5C3G,883,5/1/26 14:30,77.05,
Plot Title: 5C3G,884,5/1/26 14:45,76.181,
Plot Title: 5C3G,885,5/1/26 15:00,74.964,
Plot Title: 5C3G,886,5/1/26 15:15,73.926,
Plot Title: 5C3G,887,5/1/26 15:30,72.718,
Plot Title: 5C3G,888,5/1/26 15:45,71.168,
Plot Title: 5C3G,889,5/1/26 16:00,69.964,
Plot Title: 5C3G,890,5/1/26 16:15,65.509,
Plot Title: 5C3G,891,5/1/26 16:30,61.398,
Plot Title: 5C3G,892,5/1/26 16:45,59.337,
Plot Title: 5C3G,893,5/1/26 17:00,57.614,
Plot Title: 5C3G,894,5/1/26 17:15,56.404,
Plot Title: 5C3G,895,5/1/26 17:30,55.189,
Plot Title: 5C3G,896,5/1/26 17:45,54.147,
Plot Title: 5C3G,897,5/1/26 18:00,53.1,
Plot Title: 5C3G,898,5/1/26 18:15,52.225,
Plot Title: 5C3G,899,5/1/26 18:30,51.346,
Plot Title: 5C3G,900,5/1/26 18:45,50.643,
Plot Title: 5C3G,901,5/1/26 19:00,49.759,
Plot Title: 5C3G,902,5/1/26 19:15,49.05,
Plot Title: 5C3G,903,5/1/26 19:30,48.517,
Plot Title: 5C3G,904,5/1/26 19:45,47.802,
Plot Title: 5C3G,905,5/1/26 20:00,47.266,
Plot Title: 5C3G,906,5/1/26 20:15,46.728,
Plot Title: 5C3G,907,5/1/26 20:30,46.188,
Plot Title: 5C3G,908,5/1/26 20:45,45.466,
Plot Title: 5C3G,909,5/1/26 21:00,44.922,
Plot Title: 5C3G,910,5/1/26 21:15,44.56,
Plot Title: 5C3G,911,5/1/26 21:30,44.195,
Plot Title: 5C3G,912,5/1/26 21:45,43.648,
Plot Title: 5C3G,913,5/1/26 22:00,43.282,
Plot Title: 5C3G,914,5/1/26 22:15,42.915,
Plot Title: 5C3G,915,5/1/26 22:30,42.548,
Plot Title: 5C3G,916,5/1/26 22:45,42.179,
Plot Title: 5C3G,917,5/1/26 23:00,41.994,
Plot Title: 5C3G,918,5/1/26 23:15,41.625,
Plot Title: 5C3G,919,5/1/26 23:30,41.439,
Plot Title: 5C3G,920,5/1/26 23:45,41.254,
Plot Title: 5C3G,921,5/2/26 00:00,40.881,
Plot Title: 5C3G,922,5/2/26 00:15,40.696,
Plot Title: 5C3G,923,5/2/26 00:30,40.321,
Plot Title: 5C3G,924,5/2/26 00:45,40.134,
Plot Title: 5C3G,925,5/2/26 01:00,39.947,
Plot Title: 5C3G,926,5/2/26 01:15,39.76,
Plot Title: 5C3G,927,5/2/26 01:30,39.573,
Plot Title: 5C3G,928,5/2/26 01:45,39.384,
Plot Title: 5C3G,929,5/2/26 02:00,39.007,
Plot Title: 5C3G,930,5/2/26 02:15,39.007,
Plot Title: 5C3G,931,5/2/26 02:30,38.629,
Plot Title: 5C3G,932,5/2/26 02:45,38.44,
Plot Title: 5C3G,933,5/2/26 03:00,38.061,
Plot Title: 5C3G,934,5/2/26 03:15,37.87,
Plot Title: 5C3G,935,5/2/26 03:30,37.679,
Plot Title: 5C3G,936,5/2/26 03:45,37.679,
Plot Title: 5C3G,937,5/2/26 04:00,37.488,
Plot Title: 5C3G,938,5/2/26 04:15,37.488,
Plot Title: 5C3G,939,5/2/26 04:30,37.297,
Plot Title: 5C3G,940,5/2/26 04:45,37.107,
Plot Title: 5C3G,941,5/2/26 05:00,36.914,
Plot Title: 5C3G,942,5/2/26 05:15,36.723,
Plot Title: 5C3G,943,5/2/26 05:30,36.531,
Plot Title: 5C3G,944,5/2/26 05:45,36.531,
Plot Title: 5C3G,945,5/2/26 06:00,36.338,
Plot Title: 5C3G,946,5/2/26 06:15,36.338,
Plot Title: 5C3G,947,5/2/26 06:30,36.338,
Plot Title: 5C3G,948,5/2/26 06:45,36.338,
Plot Title: 5C3G,949,5/2/26 07:00,36.531,
Plot Title: 5C3G,950,5/2/26 07:15,36.531,
Plot Title: 5C3G,951,5/2/26 07:30,36.723,
Plot Title: 5C3G,952,5/2/26 07:45,37.107,
Plot Title: 5C3G,953,5/2/26 08:00,37.488,
Plot Title: 5C3G,954,5/2/26 08:15,43.099,
Plot Title: 5C3G,955,5/2/26 08:30,49.05,
Plot Title: 5C3G,956,5/2/26 08:45,52.925,
Plot Title: 5C3G,957,5/2/26 09:00,55.711,
Plot Title: 5C3G,958,5/2/26 09:15,58.131,
Plot Title: 5C3G,959,5/2/26 09:30,61.741,
Plot Title: 5C3G,960,5/2/26 09:45,64.481,
Plot Title: 5C3G,961,5/2/26 10:00,67.906,
Plot Title: 5C3G,962,5/2/26 10:15,70.48,
Plot Title: 5C3G,963,5/2/26 10:30,72.199,
Plot Title: 5C3G,964,5/2/26 10:45,74.619,
Plot Title: 5C3G,965,5/2/26 11:00,76.876,
Plot Title: 5C3G,966,5/2/26 11:15,79.326,
Plot Title: 5C3G,967,5/2/26 11:30,81.621,
Plot Title: 5C3G,968,5/2/26 11:45,83.579,
Plot Title: 5C3G,969,5/2/26 12:00,84.474,
Plot Title: 5C3G,970,5/2/26 12:15,82.864,
Plot Title: 5C3G,971,5/2/26 12:30,84.474,
Plot Title: 5C3G,972,5/2/26 12:45,82.152,
Plot Title: 5C3G,973,5/2/26 13:00,76.181,
Plot Title: 5C3G,974,5/2/26 13:15,77.574,
Plot Title: 5C3G,975,5/2/26 13:30,80.559,
Plot Title: 5C3G,976,5/2/26 13:45,84.115,
Plot Title: 5C3G,977,5/2/26 14:00,83.043,
Plot Title: 5C3G,978,5/2/26 14:15,82.152,
Plot Title: 5C3G,979,5/2/26 14:30,78.8,
Plot Title: 5C3G,980,5/2/26 14:45,76.181,
Plot Title: 5C3G,981,5/2/26 15:00,74.964,
Plot Title: 5C3G,982,5/2/26 15:15,71.339,
Plot Title: 5C3G,983,5/2/26 15:30,70.48,
Plot Title: 5C3G,984,5/2/26 15:45,69.107,
Plot Title: 5C3G,985,5/2/26 16:00,68.077,
Plot Title: 5C3G,986,5/2/26 16:15,67.221,
Plot Title: 5C3G,987,5/2/26 16:30,66.366,
Plot Title: 5C3G,988,5/2/26 16:45,64.825,
Plot Title: 5C3G,989,5/2/26 17:00,63.626,
Plot Title: 5C3G,990,5/2/26 17:15,62.598,
Plot Title: 5C3G,991,5/2/26 17:30,62.254,
Plot Title: 5C3G,992,5/2/26 17:45,61.912,
Plot Title: 5C3G,993,5/2/26 18:00,60.539,
Plot Title: 5C3G,994,5/2/26 18:15,59.337,
Plot Title: 5C3G,995,5/2/26 18:30,57.785,
Plot Title: 5C3G,996,5/2/26 18:45,57.096,
Plot Title: 5C3G,997,5/2/26 19:00,56.404,
Plot Title: 5C3G,998,5/2/26 19:15,55.711,
Plot Title: 5C3G,999,5/2/26 19:30,54.842,
Plot Title: 5C3G,1000,5/2/26 19:45,54.147,
Plot Title: 5C3G,1001,5/2/26 20:00,53.274,
Plot Title: 5C3G,1002,5/2/26 20:15,52.401,
Plot Title: 5C3G,1003,5/2/26 20:30,51.523,
Plot Title: 5C3G,1004,5/2/26 20:45,50.995,
Plot Title: 5C3G,1005,5/2/26 21:00,50.29,
Plot Title: 5C3G,1006,5/2/26 21:15,49.582,
Plot Title: 5C3G,1007,5/2/26 21:30,48.871,
Plot Title: 5C3G,1008,5/2/26 21:45,48.339,
Plot Title: 5C3G,1009,5/2/26 22:00,47.802,
Plot Title: 5C3G,1010,5/2/26 22:15,47.266,
Plot Title: 5C3G,1011,5/2/26 22:30,46.728,
Plot Title: 5C3G,1012,5/2/26 22:45,46.369,
Plot Title: 5C3G,1013,5/2/26 23:00,46.008,
Plot Title: 5C3G,1014,5/2/26 23:15,45.466,
Plot Title: 5C3G,1015,5/2/26 23:30,45.104,
Plot Title: 5C3G,1016,5/2/26 23:45,44.922,
Plot Title: 5C3G,1017,5/3/26 00:00,44.56,
Plot Title: 5C3G,1018,5/3/26 00:15,44.195,
Plot Title: 5C3G,1019,5/3/26 00:30,44.013,
Plot Title: 5C3G,1020,5/3/26 00:45,43.648,
Plot Title: 5C3G,1021,5/3/26 01:00,43.466,
Plot Title: 5C3G,1022,5/3/26 01:15,43.099,
Plot Title: 5C3G,1023,5/3/26 01:30,42.915,
Plot Title: 5C3G,1024,5/3/26 01:45,42.732,
Plot Title: 5C3G,1025,5/3/26 02:00,42.363,
Plot Title: 5C3G,1026,5/3/26 02:15,42.179,
Plot Title: 5C3G,1027,5/3/26 02:30,41.994,
Plot Title: 5C3G,1028,5/3/26 02:45,41.81,
Plot Title: 5C3G,1029,5/3/26 03:00,41.81,
Plot Title: 5C3G,1030,5/3/26 03:15,41.625,
Plot Title: 5C3G,1031,5/3/26 03:30,41.439,
Plot Title: 5C3G,1032,5/3/26 03:45,41.254,
Plot Title: 5C3G,1033,5/3/26 04:00,41.067,
Plot Title: 5C3G,1034,5/3/26 04:15,40.881,
Plot Title: 5C3G,1035,5/3/26 04:30,40.696,
Plot Title: 5C3G,1036,5/3/26 04:45,40.509,
Plot Title: 5C3G,1037,5/3/26 05:00,40.321,
Plot Title: 5C3G,1038,5/3/26 05:15,40.134,
Plot Title: 5C3G,1039,5/3/26 05:30,39.947,
Plot Title: 5C3G,1040,5/3/26 05:45,39.76,
Plot Title: 5C3G,1041,5/3/26 06:00,39.76,
Plot Title: 5C3G,1042,5/3/26 06:15,39.573,
Plot Title: 5C3G,1043,5/3/26 06:30,39.384,
Plot Title: 5C3G,1044,5/3/26 06:45,39.573,
Plot Title: 5C3G,1045,5/3/26 07:00,39.573,
Plot Title: 5C3G,1046,5/3/26 07:15,39.76,
Plot Title: 5C3G,1047,5/3/26 07:30,39.947,
Plot Title: 5C3G,1048,5/3/26 07:45,40.134,
Plot Title: 5C3G,1049,5/3/26 08:00,40.509,
Plot Title: 5C3G,1050,5/3/26 08:15,45.466,
Plot Title: 5C3G,1051,5/3/26 08:30,51.523,
Plot Title: 5C3G,1052,5/3/26 08:45,55.537,
Plot Title: 5C3G,1053,5/3/26 09:00,59.164,
Plot Title: 5C3G,1054,5/3/26 09:15,62.425,
Plot Title: 5C3G,1055,5/3/26 09:30,65.851,
Plot Title: 5C3G,1056,5/3/26 09:45,68.592,
Plot Title: 5C3G,1057,5/3/26 10:00,71.856,
Plot Title: 5C3G,1058,5/3/26 10:15,74.791,
Plot Title: 5C3G,1059,5/3/26 10:30,78.449,
Plot Title: 5C3G,1060,5/3/26 10:45,81.442,
Plot Title: 5C3G,1061,5/3/26 11:00,84.115,
Plot Title: 5C3G,1062,5/3/26 11:15,86.459,
Plot Title: 5C3G,1063,5/3/26 11:30,88.833,
Plot Title: 5C3G,1064,5/3/26 11:45,90.495,
Plot Title: 5C3G,1065,5/3/26 12:00,92.174,
Plot Title: 5C3G,1066,5/3/26 12:15,92.363,
Plot Title: 5C3G,1067,5/3/26 12:30,87.915,
Plot Title: 5C3G,1068,5/3/26 12:45,88.466,
Plot Title: 5C3G,1069,5/3/26 13:00,90.124,
Plot Title: 5C3G,1070,5/3/26 13:15,86.459,
Plot Title: 5C3G,1071,5/3/26 13:30,90.309,
Plot Title: 5C3G,1072,5/3/26 13:45,88.466,
Plot Title: 5C3G,1073,5/3/26 14:00,85.374,
Plot Title: 5C3G,1074,5/3/26 14:15,83.935,
Plot Title: 5C3G,1075,5/3/26 14:30,80.206,
Plot Title: 5C3G,1076,5/3/26 14:45,81.09,
Plot Title: 5C3G,1077,5/3/26 15:00,80.911,
Plot Title: 5C3G,1078,5/3/26 15:15,79.678,
Plot Title: 5C3G,1079,5/3/26 15:30,79.326,
Plot Title: 5C3G,1080,5/3/26 15:45,78.975,
Plot Title: 5C3G,1081,5/3/26 16:00,78.8,
Plot Title: 5C3G,1082,5/3/26 16:15,74.619,
Plot Title: 5C3G,1083,5/3/26 16:30,68.934,
Plot Title: 5C3G,1084,5/3/26 16:45,66.366,
Plot Title: 5C3G,1085,5/3/26 17:00,64.652,
Plot Title: 5C3G,1086,5/3/26 17:15,63.282,
Plot Title: 5C3G,1087,5/3/26 17:30,62.769,
Plot Title: 5C3G,1088,5/3/26 17:45,61.398,
Plot Title: 5C3G,1089,5/3/26 18:00,60.195,
Plot Title: 5C3G,1090,5/3/26 18:15,58.993,
Plot Title: 5C3G,1091,5/3/26 18:30,57.958,
Plot Title: 5C3G,1092,5/3/26 18:45,56.923,
Plot Title: 5C3G,1093,5/3/26 19:00,56.23,
Plot Title: 5C3G,1094,5/3/26 19:15,55.537,
Plot Title: 5C3G,1095,5/3/26 19:30,55.189,
Plot Title: 5C3G,1096,5/3/26 19:45,54.495,
Plot Title: 5C3G,1097,5/3/26 20:00,53.623,
Plot Title: 5C3G,1098,5/3/26 20:15,53.1,
Plot Title: 5C3G,1099,5/3/26 20:30,52.576,
Plot Title: 5C3G,1100,5/3/26 20:45,52.401,
Plot Title: 5C3G,1101,5/3/26 21:00,52.05,
Plot Title: 5C3G,1102,5/3/26 21:15,51.172,
Plot Title: 5C3G,1103,5/3/26 21:30,50.29,
Plot Title: 5C3G,1104,5/3/26 21:45,49.759,
Plot Title: 5C3G,1105,5/3/26 22:00,49.228,
Plot Title: 5C3G,1106,5/3/26 22:15,48.695,
Plot Title: 5C3G,1107,5/3/26 22:30,48.339,
Plot Title: 5C3G,1108,5/3/26 22:45,48.16,
Plot Title: 5C3G,1109,5/3/26 23:00,47.982,
Plot Title: 5C3G,1110,5/3/26 23:15,48.339,
Plot Title: 5C3G,1111,5/3/26 23:30,48.695,
Plot Title: 5C3G,1112,5/3/26 23:45,48.517,
Plot Title: 5C3G,1113,5/4/26 00:00,48.16,
Plot Title: 5C3G,1114,5/4/26 00:15,47.446,
Plot Title: 5C3G,1115,5/4/26 00:30,46.548,
Plot Title: 5C3G,1116,5/4/26 00:45,46.188,
Plot Title: 5C3G,1117,5/4/26 01:00,45.828,
Plot Title: 5C3G,1118,5/4/26 01:15,45.466,
Plot Title: 5C3G,1119,5/4/26 01:30,45.104,
Plot Title: 5C3G,1120,5/4/26 01:45,44.922,
Plot Title: 5C3G,1121,5/4/26 02:00,44.742,
Plot Title: 5C3G,1122,5/4/26 02:15,44.379,
Plot Title: 5C3G,1123,5/4/26 02:30,44.195,
Plot Title: 5C3G,1124,5/4/26 02:45,44.013,
Plot Title: 5C3G,1125,5/4/26 03:00,43.831,
Plot Title: 5C3G,1126,5/4/26 03:15,43.831,
Plot Title: 5C3G,1127,5/4/26 03:30,43.648,
Plot Title: 5C3G,1128,5/4/26 03:45,43.466,
Plot Title: 5C3G,1129,5/4/26 04:00,43.282,
Plot Title: 5C3G,1130,5/4/26 04:15,43.282,
Plot Title: 5C3G,1131,5/4/26 04:30,43.282,
Plot Title: 5C3G,1132,5/4/26 04:45,43.831,
Plot Title: 5C3G,1133,5/4/26 05:00,43.466,
Plot Title: 5C3G,1134,5/4/26 05:15,42.548,
Plot Title: 5C3G,1135,5/4/26 05:30,41.994,
Plot Title: 5C3G,1136,5/4/26 05:45,41.625,
Plot Title: 5C3G,1137,5/4/26 06:00,41.254,
Plot Title: 5C3G,1138,5/4/26 06:15,40.881,
Plot Title: 5C3G,1139,5/4/26 06:30,40.696,
Plot Title: 5C3G,1140,5/4/26 06:45,40.696,
Plot Title: 5C3G,1141,5/4/26 07:00,40.509,
Plot Title: 5C3G,1142,5/4/26 07:15,40.509,
Plot Title: 5C3G,1143,5/4/26 07:30,40.509,
Plot Title: 5C3G,1144,5/4/26 07:45,40.696,
Plot Title: 5C3G,1145,5/4/26 08:00,40.881,
Plot Title: 5C3G,1146,5/4/26 08:15,44.195,
Plot Title: 5C3G,1147,5/4/26 08:30,48.871,
Plot Title: 5C3G,1148,5/4/26 08:45,53.274,
Plot Title: 5C3G,1149,5/4/26 09:00,57.614,
Plot Title: 5C3G,1150,5/4/26 09:15,60.712,
Plot Title: 5C3G,1151,5/4/26 09:30,63.968,
Plot Title: 5C3G,1152,5/4/26 09:45,67.221,
Plot Title: 5C3G,1153,5/4/26 10:00,71.339,
Plot Title: 5C3G,1154,5/4/26 10:15,73.753,
Plot Title: 5C3G,1155,5/4/26 10:30,76.876,
Plot Title: 5C3G,1156,5/4/26 10:45,79.502,
Plot Title: 5C3G,1157,5/4/26 11:00,81.266,
Plot Title: 5C3G,1158,5/4/26 11:15,83.043,
Plot Title: 5C3G,1159,5/4/26 11:30,84.115,
Plot Title: 5C3G,1160,5/4/26 11:45,81.797,
Plot Title: 5C3G,1161,5/4/26 12:00,83.043,
Plot Title: 5C3G,1162,5/4/26 12:15,84.295,
Plot Title: 5C3G,1163,5/4/26 12:30,83.935,
Plot Title: 5C3G,1164,5/4/26 12:45,87.186,
Plot Title: 5C3G,1165,5/4/26 13:00,90.867,
Plot Title: 5C3G,1166,5/4/26 13:15,92.926,
Plot Title: 5C3G,1167,5/4/26 13:30,92.737,
Plot Title: 5C3G,1168,5/4/26 13:45,91.8,
Plot Title: 5C3G,1169,5/4/26 14:00,89.569,
Plot Title: 5C3G,1170,5/4/26 14:15,82.508,
Plot Title: 5C3G,1171,5/4/26 14:30,74.791,
Plot Title: 5C3G,1172,5/4/26 14:45,71.683,
Plot Title: 5C3G,1173,5/4/26 15:00,68.763,
Plot Title: 5C3G,1174,5/4/26 15:15,67.906,
Plot Title: 5C3G,1175,5/4/26 15:30,69.793,
Plot Title: 5C3G,1176,5/4/26 15:45,69.278,
Plot Title: 5C3G,1177,5/4/26 16:00,67.564,
Plot Title: 5C3G,1178,5/4/26 16:15,67.05,
Plot Title: 5C3G,1179,5/4/26 16:30,65.68,
Plot Title: 5C3G,1180,5/4/26 16:45,63.968,
Plot Title: 5C3G,1181,5/4/26 17:00,63.455,
Plot Title: 5C3G,1182,5/4/26 17:15,62.769,
Plot Title: 5C3G,1183,5/4/26 17:30,60.883,
Plot Title: 5C3G,1184,5/4/26 17:45,58.993,
Plot Title: 5C3G,1185,5/4/26 18:00,57.614,
Plot Title: 5C3G,1186,5/4/26 18:15,56.577,
Plot Title: 5C3G,1187,5/4/26 18:30,55.884,
Plot Title: 5C3G,1188,5/4/26 18:45,54.842,
Plot Title: 5C3G,1189,5/4/26 19:00,53.973,
Plot Title: 5C3G,1190,5/4/26 19:15,52.925,
Plot Title: 5C3G,1191,5/4/26 19:30,51.874,
Plot Title: 5C3G,1192,5/4/26 19:45,50.995,
Plot Title: 5C3G,1193,5/4/26 20:00,50.643,
Plot Title: 5C3G,1194,5/4/26 20:15,50.113,
Plot Title: 5C3G,1195,5/4/26 20:30,49.582,
Plot Title: 5C3G,1196,5/4/26 20:45,49.05,
Plot Title: 5C3G,1197,5/4/26 21:00,48.517,
Plot Title: 5C3G,1198,5/4/26 21:15,48.16,
Plot Title: 5C3G,1199,5/4/26 21:30,47.624,
Plot Title: 5C3G,1200,5/4/26 21:45,47.266,
Plot Title: 5C3G,1201,5/4/26 22:00,47.088,
Plot Title: 5C3G,1202,5/4/26 22:15,46.728,
Plot Title: 5C3G,1203,5/4/26 22:30,46.548,
Plot Title: 5C3G,1204,5/4/26 22:45,46.369,
Plot Title: 5C3G,1205,5/4/26 23:00,46.008,
Plot Title: 5C3G,1206,5/4/26 23:15,45.648,
Plot Title: 5C3G,1207,5/4/26 23:30,45.466,
Plot Title: 5C3G,1208,5/4/26 23:45,45.104,
Plot Title: 5C3G,1209,5/5/26 00:00,44.922,
Plot Title: 5C3G,1210,5/5/26 00:15,44.56,
Plot Title: 5C3G,1211,5/5/26 00:30,44.379,
Plot Title: 5C3G,1212,5/5/26 00:45,44.195,
Plot Title: 5C3G,1213,5/5/26 01:00,44.013,
Plot Title: 5C3G,1214,5/5/26 01:15,43.648,
Plot Title: 5C3G,1215,5/5/26 01:30,43.099,
Plot Title: 5C3G,1216,5/5/26 01:45,41.994,
Plot Title: 5C3G,1217,5/5/26 02:00,41.254,
Plot Title: 5C3G,1218,5/5/26 02:15,41.067,
Plot Title: 5C3G,1219,5/5/26 02:30,40.696,
Plot Title: 5C3G,1220,5/5/26 02:45,40.321,
Plot Title: 5C3G,1221,5/5/26 03:00,39.947,
Plot Title: 5C3G,1222,5/5/26 03:15,39.384,
Plot Title: 5C3G,1223,5/5/26 03:30,39.196,
Plot Title: 5C3G,1224,5/5/26 03:45,38.818,
Plot Title: 5C3G,1225,5/5/26 04:00,38.44,
Plot Title: 5C3G,1226,5/5/26 04:15,38.25,
Plot Title: 5C3G,1227,5/5/26 04:30,37.87,
Plot Title: 5C3G,1228,5/5/26 04:45,37.488,
Plot Title: 5C3G,1229,5/5/26 05:00,37.297,
Plot Title: 5C3G,1230,5/5/26 05:15,36.914,
Plot Title: 5C3G,1231,5/5/26 05:30,36.723,
Plot Title: 5C3G,1232,5/5/26 05:45,36.338,
Plot Title: 5C3G,1233,5/5/26 06:00,36.145,
Plot Title: 5C3G,1234,5/5/26 06:15,35.951,
Plot Title: 5C3G,1235,5/5/26 06:30,36.338,
Plot Title: 5C3G,1236,5/5/26 06:45,36.531,
Plot Title: 5C3G,1237,5/5/26 07:00,36.914,
Plot Title: 5C3G,1238,5/5/26 07:15,37.488,
Plot Title: 5C3G,1239,5/5/26 07:30,37.488,
Plot Title: 5C3G,1240,5/5/26 07:45,37.488,
Plot Title: 5C3G,1241,5/5/26 08:00,37.679,
Plot Title: 5C3G,1242,5/5/26 08:15,38.629,
Plot Title: 5C3G,1243,5/5/26 08:30,42.179,
Plot Title: 5C3G,1244,5/5/26 08:45,45.648,
Plot Title: 5C3G,1245,5/5/26 09:00,52.401,
Plot Title: 5C3G,1246,5/5/26 09:15,53.623,
Plot Title: 5C3G,1247,5/5/26 09:30,58.647,
Plot Title: 5C3G,1248,5/5/26 09:45,62.425,
Plot Title: 5C3G,1249,5/5/26 10:00,64.652,
Plot Title: 5C3G,1250,5/5/26 10:15,66.193,
Plot Title: 5C3G,1251,5/5/26 10:30,70.137,
Plot Title: 5C3G,1252,5/5/26 10:45,72.199,
Plot Title: 5C3G,1253,5/5/26 11:00,73.407,
Plot Title: 5C3G,1254,5/5/26 11:15,73.062,
Plot Title: 5C3G,1255,5/5/26 11:30,74.446,
Plot Title: 5C3G,1256,5/5/26 11:45,76.528,
Plot Title: 5C3G,1257,5/5/26 12:00,73.58,
Plot Title: 5C3G,1258,5/5/26 12:15,72.372,
Plot Title: 5C3G,1259,5/5/26 12:30,69.278,
Plot Title: 5C3G,1260,5/5/26 12:45,72.372,
Plot Title: 5C3G,1261,5/5/26 13:00,67.564,
Plot Title: 5C3G,1262,5/5/26 13:15,62.254,
Plot Title: 5C3G,1263,5/5/26 13:30,61.569,
Plot Title: 5C3G,1264,5/5/26 13:45,61.912,
Plot Title: 5C3G,1265,5/5/26 14:00,63.968,
Plot Title: 5C3G,1266,5/5/26 14:15,63.797,
Plot Title: 5C3G,1267,5/5/26 14:30,66.879,
Plot Title: 5C3G,1268,5/5/26 14:45,63.111,
Plot Title: 5C3G,1269,5/5/26 15:00,61.912,
Plot Title: 5C3G,1270,5/5/26 15:15,60.368,
Plot Title: 5C3G,1271,5/5/26 15:30,57.614,
Plot Title: 5C3G,1272,5/5/26 15:45,58.131,
Plot Title: 5C3G,1273,5/5/26 16:00,58.82,
Plot Title: 5C3G,1274,5/5/26 16:15,57.441,
Plot Title: 5C3G,1275,5/5/26 16:30,56.057,
Plot Title: 5C3G,1276,5/5/26 16:45,55.189,
Plot Title: 5C3G,1277,5/5/26 17:00,54.842,
Plot Title: 5C3G,1278,5/5/26 17:15,54.322,
Plot Title: 5C3G,1279,5/5/26 17:30,52.925,
Plot Title: 5C3G,1280,5/5/26 17:45,51.699,
Plot Title: 5C3G,1281,5/5/26 18:00,49.582,
Plot Title: 5C3G,1282,5/5/26 18:15,48.16,
Plot Title: 5C3G,1283,5/5/26 18:30,48.16,
Plot Title: 5C3G,1284,5/5/26 18:45,47.088,
Plot Title: 5C3G,1285,5/5/26 19:00,46.548,
Plot Title: 5C3G,1286,5/5/26 19:15,45.648,
Plot Title: 5C3G,1287,5/5/26 19:30,44.922,
Plot Title: 5C3G,1288,5/5/26 19:45,44.56,
Plot Title: 5C3G,1289,5/5/26 20:00,44.013,
Plot Title: 5C3G,1290,5/5/26 20:15,43.648,
Plot Title: 5C3G,1291,5/5/26 20:30,43.099,
Plot Title: 5C3G,1292,5/5/26 20:45,42.548,
Plot Title: 5C3G,1293,5/5/26 21:00,41.994,
Plot Title: 5C3G,1294,5/5/26 21:15,41.81,
Plot Title: 5C3G,1295,5/5/26 21:30,41.254,
Plot Title: 5C3G,1296,5/5/26 21:45,40.881,
Plot Title: 5C3G,1297,5/5/26 22:00,40.509,
Plot Title: 5C3G,1298,5/5/26 22:15,39.947,
Plot Title: 5C3G,1299,5/5/26 22:30,39.573,
Plot Title: 5C3G,1300,5/5/26 22:45,39.196,
Plot Title: 5C3G,1301,5/5/26 23:00,38.818,
Plot Title: 5C3G,1302,5/5/26 23:15,38.25,
Plot Title: 5C3G,1303,5/5/26 23:30,37.87,
Plot Title: 5C3G,1304,5/5/26 23:45,37.488,
Plot Title: 5C3G,1305,5/6/26 00:00,36.914,
Plot Title: 5C3G,1306,5/6/26 00:15,36.531,
Plot Title: 5C3G,1307,5/6/26 00:30,36.338,
Plot Title: 5C3G,1308,5/6/26 00:45,35.951,
Plot Title: 5C3G,1309,5/6/26 01:00,35.564,
Plot Title: 5C3G,1310,5/6/26 01:15,35.37,
Plot Title: 5C3G,1311,5/6/26 01:30,35.175,
Plot Title: 5C3G,1312,5/6/26 01:45,34.981,
Plot Title: 5C3G,1313,5/6/26 02:00,34.59,
Plot Title: 5C3G,1314,5/6/26 02:15,34.394,
Plot Title: 5C3G,1315,5/6/26 02:30,34.198,
Plot Title: 5C3G,1316,5/6/26 02:45,34.002,
Plot Title: 5C3G,1317,5/6/26 03:00,33.805,
Plot Title: 5C3G,1318,5/6/26 03:15,33.607,
Plot Title: 5C3G,1319,5/6/26 03:30,33.411,
Plot Title: 5C3G,1320,5/6/26 03:45,33.213,
Plot Title: 5C3G,1321,5/6/26 04:00,33.013,
Plot Title: 5C3G,1322,5/6/26 04:15,32.815,
Plot Title: 5C3G,1323,5/6/26 04:30,32.617,
Plot Title: 5C3G,1324,5/6/26 04:45,32.418,
Plot Title: 5C3G,1325,5/6/26 05:00,32.218,
Plot Title: 5C3G,1326,5/6/26 05:15,32.018,
Plot Title: 5C3G,1327,5/6/26 05:30,31.816,
Plot Title: 5C3G,1328,5/6/26 05:45,31.617,
Plot Title: 5C3G,1329,5/6/26 06:00,31.415,
Plot Title: 5C3G,1330,5/6/26 06:15,31.415,
Plot Title: 5C3G,1331,5/6/26 06:30,31.213,
Plot Title: 5C3G,1332,5/6/26 06:45,31.415,
Plot Title: 5C3G,1333,5/6/26 07:00,31.617,
Plot Title: 5C3G,1334,5/6/26 07:15,31.617,
Plot Title: 5C3G,1335,5/6/26 07:30,31.816,
Plot Title: 5C3G,1336,5/6/26 07:45,32.018,
Plot Title: 5C3G,1337,5/6/26 08:00,32.418,
Plot Title: 5C3G,1338,5/6/26 08:15,33.411,
Plot Title: 5C3G,1339,5/6/26 08:30,37.297,
Plot Title: 5C3G,1340,5/6/26 08:45,43.648,
Plot Title: 5C3G,1341,5/6/26 09:00,49.05,
Plot Title: 5C3G,1342,5/6/26 09:15,52.75,
Plot Title: 5C3G,1343,5/6/26 09:30,55.884,
Plot Title: 5C3G,1344,5/6/26 09:45,58.82,
Plot Title: 5C3G,1345,5/6/26 10:00,61.569,
Plot Title: 5C3G,1346,5/6/26 10:15,64.31,
Plot Title: 5C3G,1347,5/6/26 10:30,66.879,
Plot Title: 5C3G,1348,5/6/26 10:45,69.449,
Plot Title: 5C3G,1349,5/6/26 11:00,72.372,
Plot Title: 5C3G,1350,5/6/26 11:15,75.139,
Plot Title: 5C3G,1351,5/6/26 11:30,77.574,
Plot Title: 5C3G,1352,5/6/26 11:45,79.853,
Plot Title: 5C3G,1353,5/6/26 12:00,82.152,
Plot Title: 5C3G,1354,5/6/26 12:15,85.014,
Plot Title: 5C3G,1355,5/6/26 12:30,87.733,
Plot Title: 5C3G,1356,5/6/26 12:45,90.124,
Plot Title: 5C3G,1357,5/6/26 13:00,91.612,
Plot Title: 5C3G,1358,5/6/26 13:15,91.987,
Plot Title: 5C3G,1359,5/6/26 13:30,92.363,
Plot Title: 5C3G,1360,5/6/26 13:45,91.24,
Plot Title: 5C3G,1361,5/6/26 14:00,90.124,
Plot Title: 5C3G,1362,5/6/26 14:15,88.282,
Plot Title: 5C3G,1363,5/6/26 14:30,86.097,
Plot Title: 5C3G,1364,5/6/26 14:45,84.115,
Plot Title: 5C3G,1365,5/6/26 15:00,83.043,
Plot Title: 5C3G,1366,5/6/26 15:15,80.206,
Plot Title: 5C3G,1367,5/6/26 15:30,77.749,
Plot Title: 5C3G,1368,5/6/26 15:45,74.619,
Plot Title: 5C3G,1369,5/6/26 16:00,73.58,
Plot Title: 5C3G,1370,5/6/26 16:15,70.651,
Plot Title: 5C3G,1371,5/6/26 16:30,68.077,
Plot Title: 5C3G,1372,5/6/26 16:45,66.022,
Plot Title: 5C3G,1373,5/6/26 17:00,64.825,
Plot Title: 5C3G,1374,5/6/26 17:15,63.797,
Plot Title: 5C3G,1375,5/6/26 17:30,63.111,
Plot Title: 5C3G,1376,5/6/26 17:45,61.227,
Plot Title: 5C3G,1377,5/6/26 18:00,60.712,
Plot Title: 5C3G,1378,5/6/26 18:15,60.539,
Plot Title: 5C3G,1379,5/6/26 18:30,59.164,
Plot Title: 5C3G,1380,5/6/26 18:45,58.476,
Plot Title: 5C3G,1381,5/6/26 19:00,57.614,
Plot Title: 5C3G,1382,5/6/26 19:15,56.577,
Plot Title: 5C3G,1383,5/6/26 19:30,55.711,
Plot Title: 5C3G,1384,5/6/26 19:45,55.017,
Plot Title: 5C3G,1385,5/6/26 20:00,54.495,
Plot Title: 5C3G,1386,5/6/26 20:15,53.973,
Plot Title: 5C3G,1387,5/6/26 20:30,53.449,
Plot Title: 5C3G,1388,5/6/26 20:45,53.1,
Plot Title: 5C3G,1389,5/6/26 21:00,52.401,
Plot Title: 5C3G,1390,5/6/26 21:15,52.05,
Plot Title: 5C3G,1391,5/6/26 21:30,52.05,
Plot Title: 5C3G,1392,5/6/26 21:45,51.699,
Plot Title: 5C3G,1393,5/6/26 22:00,51.523,
Plot Title: 5C3G,1394,5/6/26 22:15,51.172,
Plot Title: 5C3G,1395,5/6/26 22:30,50.643,
Plot Title: 5C3G,1396,5/6/26 22:45,50.29,
Plot Title: 5C3G,1397,5/6/26 23:00,49.759,
Plot Title: 5C3G,1398,5/6/26 23:15,49.228,
Plot Title: 5C3G,1399,5/6/26 23:30,48.695,
Plot Title: 5C3G,1400,5/6/26 23:45,48.339,
Plot Title: 5C3G,1401,5/7/26 00:00,48.16,
Plot Title: 5C3G,1402,5/7/26 00:15,47.982,
Plot Title: 5C3G,1403,5/7/26 00:30,47.624,
Plot Title: 5C3G,1404,5/7/26 00:45,47.446,
Plot Title: 5C3G,1405,5/7/26 01:00,47.266,
Plot Title: 5C3G,1406,5/7/26 01:15,46.908,
Plot Title: 5C3G,1407,5/7/26 01:30,46.728,
Plot Title: 5C3G,1408,5/7/26 01:45,46.369,
Plot Title: 5C3G,1409,5/7/26 02:00,46.188,
Plot Title: 5C3G,1410,5/7/26 02:15,46.188,
Plot Title: 5C3G,1411,5/7/26 02:30,46.008,
Plot Title: 5C3G,1412,5/7/26 02:45,46.008,
Plot Title: 5C3G,1413,5/7/26 03:00,46.008,
Plot Title: 5C3G,1414,5/7/26 03:15,46.008,
Plot Title: 5C3G,1415,5/7/26 03:30,45.286,
Plot Title: 5C3G,1416,5/7/26 03:45,44.56,
Plot Title: 5C3G,1417,5/7/26 04:00,44.013,
Plot Title: 5C3G,1418,5/7/26 04:15,43.831,
Plot Title: 5C3G,1419,5/7/26 04:30,43.831,
Plot Title: 5C3G,1420,5/7/26 04:45,43.466,
Plot Title: 5C3G,1421,5/7/26 05:00,43.282,
Plot Title: 5C3G,1422,5/7/26 05:15,43.831,
Plot Title: 5C3G,1423,5/7/26 05:30,43.282,
Plot Title: 5C3G,1424,5/7/26 05:45,43.099,
Plot Title: 5C3G,1425,5/7/26 06:00,43.282,
Plot Title: 5C3G,1426,5/7/26 06:15,44.013,
Plot Title: 5C3G,1427,5/7/26 06:30,44.195,
Plot Title: 5C3G,1428,5/7/26 06:45,43.648,
Plot Title: 5C3G,1429,5/7/26 07:00,43.099,
Plot Title: 5C3G,1430,5/7/26 07:15,43.282,
Plot Title: 5C3G,1431,5/7/26 07:30,43.831,
Plot Title: 5C3G,1432,5/7/26 07:45,43.831,
Plot Title: 5C3G,1433,5/7/26 08:00,44.013,
Plot Title: 5C3G,1434,5/7/26 08:15,46.369,
Plot Title: 5C3G,1435,5/7/26 08:30,53.798,
Plot Title: 5C3G,1436,5/7/26 08:45,57.614,
Plot Title: 5C3G,1437,5/7/26 09:00,60.368,
Plot Title: 5C3G,1438,5/7/26 09:15,62.94,
Plot Title: 5C3G,1439,5/7/26 09:30,66.537,
Plot Title: 5C3G,1440,5/7/26 09:45,68.248,
Plot Title: 5C3G,1441,5/7/26 10:00,69.278,
Plot Title: 5C3G,1442,5/7/26 10:15,68.763,
Plot Title: 5C3G,1443,5/7/26 10:30,68.077,
Plot Title: 5C3G,1444,5/7/26 10:45,69.964,
Plot Title: 5C3G,1445,5/7/26 11:00,70.651,
Plot Title: 5C3G,1446,5/7/26 11:15,73.926,
Plot Title: 5C3G,1447,5/7/26 11:30,68.592,
Plot Title: 5C3G,1448,5/7/26 11:45,74.098,
Plot Title: 5C3G,1449,5/7/26 12:00,81.442,
Plot Title: 5C3G,1450,5/7/26 12:15,84.115,
Plot Title: 5C3G,1451,5/7/26 12:30,89.017,
Plot Title: 5C3G,1452,5/7/26 12:45,85.735,
Plot Title: 5C3G,1453,5/7/26 13:00,79.151,
Plot Title: 5C3G,1454,5/7/26 13:15,76.876,
Plot Title: 5C3G,1455,5/7/26 13:30,71.512,
Plot Title: 5C3G,1456,5/7/26 13:45,68.077,
Plot Title: 5C3G,1457,5/7/26 14:00,66.537,
Plot Title: 5C3G,1458,5/7/26 14:15,70.48,
Plot Title: 5C3G,1459,5/7/26 14:30,69.107,
Plot Title: 5C3G,1460,5/7/26 14:45,68.934,
Plot Title: 5C3G,1461,5/7/26 15:00,68.421,
Plot Title: 5C3G,1462,5/7/26 15:15,70.308,
Plot Title: 5C3G,1463,5/7/26 15:30,68.077,
Plot Title: 5C3G,1464,5/7/26 15:45,66.708,
Plot Title: 5C3G,1465,5/7/26 16:00,66.366,
Plot Title: 5C3G,1466,5/7/26 16:15,66.879,
Plot Title: 5C3G,1467,5/7/26 16:30,65.167,
Plot Title: 5C3G,1468,5/7/26 16:45,63.968,
Plot Title: 5C3G,1469,5/7/26 17:00,62.94,
Plot Title: 5C3G,1470,5/7/26 17:15,62.083,
Plot Title: 5C3G,1471,5/7/26 17:30,61.398,
Plot Title: 5C3G,1472,5/7/26 17:45,61.227,
Plot Title: 5C3G,1473,5/7/26 18:00,60.195,
Plot Title: 5C3G,1474,5/7/26 18:15,58.993,
Plot Title: 5C3G,1475,5/7/26 18:30,57.785,
Plot Title: 5C3G,1476,5/7/26 18:45,57.268,
Plot Title: 5C3G,1477,5/7/26 19:00,56.75,
Plot Title: 5C3G,1478,5/7/26 19:15,56.057,
Plot Title: 5C3G,1479,5/7/26 19:30,55.364,
Plot Title: 5C3G,1480,5/7/26 19:45,54.669,
Plot Title: 5C3G,1481,5/7/26 20:00,53.973,
Plot Title: 5C3G,1482,5/7/26 20:15,53.1,
Plot Title: 5C3G,1483,5/7/26 20:30,52.75,
Plot Title: 5C3G,1484,5/7/26 20:45,51.874,
Plot Title: 5C3G,1485,5/7/26 21:00,50.466,
Plot Title: 5C3G,1486,5/7/26 21:15,49.759,
Plot Title: 5C3G,1487,5/7/26 21:30,48.871,
Plot Title: 5C3G,1488,5/7/26 21:45,48.16,
Plot Title: 5C3G,1489,5/7/26 22:00,47.802,
Plot Title: 5C3G,1490,5/7/26 22:15,47.266,
Plot Title: 5C3G,1491,5/7/26 22:30,46.908,
Plot Title: 5C3G,1492,5/7/26 22:45,46.548,
Plot Title: 5C3G,1493,5/7/26 23:00,46.188,
Plot Title: 5C3G,1494,5/7/26 23:15,46.008,
Plot Title: 5C3G,1495,5/7/26 23:30,45.648,
Plot Title: 5C3G,1496,5/7/26 23:45,45.286,
Plot Title: 5C3G,1497,5/8/26 00:00,45.104,
Plot Title: 5C3G,1498,5/8/26 00:15,44.922,
Plot Title: 5C3G,1499,5/8/26 00:30,44.56,
Plot Title: 5C3G,1500,5/8/26 00:45,44.379,
Plot Title: 5C3G,1501,5/8/26 01:00,44.195,
Plot Title: 5C3G,1502,5/8/26 01:15,43.831,
Plot Title: 5C3G,1503,5/8/26 01:30,43.648,
Plot Title: 5C3G,1504,5/8/26 01:45,43.466,
Plot Title: 5C3G,1505,5/8/26 02:00,43.466,
Plot Title: 5C3G,1506,5/8/26 02:15,43.282,
Plot Title: 5C3G,1507,5/8/26 02:30,43.099,
Plot Title: 5C3G,1508,5/8/26 02:45,42.915,
Plot Title: 5C3G,1509,5/8/26 03:00,42.732,
Plot Title: 5C3G,1510,5/8/26 03:15,42.732,
Plot Title: 5C3G,1511,5/8/26 03:30,42.548,
Plot Title: 5C3G,1512,5/8/26 03:45,42.548,
Plot Title: 5C3G,1513,5/8/26 04:00,42.363,
Plot Title: 5C3G,1514,5/8/26 04:15,42.179,
Plot Title: 5C3G,1515,5/8/26 04:30,41.994,
Plot Title: 5C3G,1516,5/8/26 04:45,41.625,
Plot Title: 5C3G,1517,5/8/26 05:00,41.439,
Plot Title: 5C3G,1518,5/8/26 05:15,41.254,
Plot Title: 5C3G,1519,5/8/26 05:30,41.254,
Plot Title: 5C3G,1520,5/8/26 05:45,41.067,
Plot Title: 5C3G,1521,5/8/26 06:00,40.881,
Plot Title: 5C3G,1522,5/8/26 06:15,40.696,
Plot Title: 5C3G,1523,5/8/26 06:30,40.696,
Plot Title: 5C3G,1524,5/8/26 06:45,40.881,
Plot Title: 5C3G,1525,5/8/26 07:00,41.067,
Plot Title: 5C3G,1526,5/8/26 07:15,41.254,
Plot Title: 5C3G,1527,5/8/26 07:30,41.439,
Plot Title: 5C3G,1528,5/8/26 07:45,41.81,
Plot Title: 5C3G,1529,5/8/26 08:00,42.548,
Plot Title: 5C3G,1530,5/8/26 08:15,46.188,
Plot Title: 5C3G,1531,5/8/26 08:30,51.346,
Plot Title: 5C3G,1532,5/8/26 08:45,55.537,
Plot Title: 5C3G,1533,5/8/26 09:00,60.195,
Plot Title: 5C3G,1534,5/8/26 09:15,64.31,
Plot Title: 5C3G,1535,5/8/26 09:30,68.077,
Plot Title: 5C3G,1536,5/8/26 09:45,70.824,
Plot Title: 5C3G,1537,5/8/26 10:00,72.718,
Plot Title: 5C3G,1538,5/8/26 10:15,77.574,
Plot Title: 5C3G,1539,5/8/26 10:30,81.621,
Plot Title: 5C3G,1540,5/8/26 10:45,83.579,
Plot Title: 5C3G,1541,5/8/26 11:00,77.923,
Plot Title: 5C3G,1542,5/8/26 11:15,76.354,
Plot Title: 5C3G,1543,5/8/26 11:30,84.115,
Plot Title: 5C3G,1544,5/8/26 11:45,87.186,
Plot Title: 5C3G,1545,5/8/26 12:00,86.097,
Plot Title: 5C3G,1546,5/8/26 12:15,87.915,
Plot Title: 5C3G,1547,5/8/26 12:30,92.363,
Plot Title: 5C3G,1548,5/8/26 12:45,92.926,
Plot Title: 5C3G,1549,5/8/26 13:00,92.926,
Plot Title: 5C3G,1550,5/8/26 13:15,92.174,
Plot Title: 5C3G,1551,5/8/26 13:30,91.425,
Plot Title: 5C3G,1552,5/8/26 13:45,89.938,
Plot Title: 5C3G,1553,5/8/26 14:00,93.304,
Plot Title: 5C3G,1554,5/8/26 14:15,93.304,
Plot Title: 5C3G,1555,5/8/26 14:30,87.368,
Plot Title: 5C3G,1556,5/8/26 14:45,82.864,
Plot Title: 5C3G,1557,5/8/26 15:00,79.151,
Plot Title: 5C3G,1558,5/8/26 15:15,77.923,
Plot Title: 5C3G,1559,5/8/26 15:30,76.006,
Plot Title: 5C3G,1560,5/8/26 15:45,74.619,
Plot Title: 5C3G,1561,5/8/26 16:00,73.062,
Plot Title: 5C3G,1562,5/8/26 16:15,71.339,
Plot Title: 5C3G,1563,5/8/26 16:30,71.512,
Plot Title: 5C3G,1564,5/8/26 16:45,71.168,
Plot Title: 5C3G,1565,5/8/26 17:00,70.137,
Plot Title: 5C3G,1566,5/8/26 17:15,68.934,
Plot Title: 5C3G,1567,5/8/26 17:30,68.077,
Plot Title: 5C3G,1568,5/8/26 17:45,67.221,
Plot Title: 5C3G,1569,5/8/26 18:00,66.193,
Plot Title: 5C3G,1570,5/8/26 18:15,64.996,
Plot Title: 5C3G,1571,5/8/26 18:30,62.94,
Plot Title: 5C3G,1572,5/8/26 18:45,61.569,
Plot Title: 5C3G,1573,5/8/26 19:00,60.539,
Plot Title: 5C3G,1574,5/8/26 19:15,59.68,
Plot Title: 5C3G,1575,5/8/26 19:30,58.647,
Plot Title: 5C3G,1576,5/8/26 19:45,57.958,
Plot Title: 5C3G,1577,5/8/26 20:00,57.268,
Plot Title: 5C3G,1578,5/8/26 20:15,56.577,
Plot Title: 5C3G,1579,5/8/26 20:30,55.711,
Plot Title: 5C3G,1580,5/8/26 20:45,55.189,
Plot Title: 5C3G,1581,5/8/26 21:00,54.669,
Plot Title: 5C3G,1582,5/8/26 21:15,54.147,
Plot Title: 5C3G,1583,5/8/26 21:30,53.623,
Plot Title: 5C3G,1584,5/8/26 21:45,53.274,
Plot Title: 5C3G,1585,5/8/26 22:00,52.925,
Plot Title: 5C3G,1586,5/8/26 22:15,52.75,
Plot Title: 5C3G,1587,5/8/26 22:30,52.576,
Plot Title: 5C3G,1588,5/8/26 22:45,51.874,
Plot Title: 5C3G,1589,5/8/26 23:00,50.819,
Plot Title: 5C3G,1590,5/8/26 23:15,49.937,
Plot Title: 5C3G,1591,5/8/26 23:30,49.228,
Plot Title: 5C3G,1592,5/8/26 23:45,49.228,
Plot Title: 5C3G,1593,5/9/26 00:00,49.05,
Plot Title: 5C3G,1594,5/9/26 00:15,49.05,
Plot Title: 5C3G,1595,5/9/26 00:30,48.517,
Plot Title: 5C3G,1596,5/9/26 00:45,47.982,
Plot Title: 5C3G,1597,5/9/26 01:00,47.982,
Plot Title: 5C3G,1598,5/9/26 01:15,47.624,
Plot Title: 5C3G,1599,5/9/26 01:30,47.266,
Plot Title: 5C3G,1600,5/9/26 01:45,46.908,
Plot Title: 5C3G,1601,5/9/26 02:00,46.728,
Plot Title: 5C3G,1602,5/9/26 02:15,46.369,
Plot Title: 5C3G,1603,5/9/26 02:30,46.548,
Plot Title: 5C3G,1604,5/9/26 02:45,46.188,
Plot Title: 5C3G,1605,5/9/26 03:00,45.466,
Plot Title: 5C3G,1606,5/9/26 03:15,44.56,
Plot Title: 5C3G,1607,5/9/26 03:30,43.831,
Plot Title: 5C3G,1608,5/9/26 03:45,43.282,
Plot Title: 5C3G,1609,5/9/26 04:00,42.915,
Plot Title: 5C3G,1610,5/9/26 04:15,42.548,
Plot Title: 5C3G,1611,5/9/26 04:30,42.179,
Plot Title: 5C3G,1612,5/9/26 04:45,41.994,
Plot Title: 5C3G,1613,5/9/26 05:00,42.179,
Plot Title: 5C3G,1614,5/9/26 05:15,42.363,
Plot Title: 5C3G,1615,5/9/26 05:30,42.179,
Plot Title: 5C3G,1616,5/9/26 05:45,42.179,
Plot Title: 5C3G,1617,5/9/26 06:00,42.363,
Plot Title: 5C3G,1618,5/9/26 06:15,42.732,
Plot Title: 5C3G,1619,5/9/26 06:30,43.099,
Plot Title: 5C3G,1620,5/9/26 06:45,43.466,
Plot Title: 5C3G,1621,5/9/26 07:00,44.195,
Plot Title: 5C3G,1622,5/9/26 07:15,44.742,
Plot Title: 5C3G,1623,5/9/26 07:30,45.286,
Plot Title: 5C3G,1624,5/9/26 07:45,46.008,
Plot Title: 5C3G,1625,5/9/26 08:00,45.466,
Plot Title: 5C3G,1626,5/9/26 08:15,47.982,
Plot Title: 5C3G,1627,5/9/26 08:30,50.995,
Plot Title: 5C3G,1628,5/9/26 08:45,57.958,
Plot Title: 5C3G,1629,5/9/26 09:00,63.111,
Plot Title: 5C3G,1630,5/9/26 09:15,64.652,
Plot Title: 5C3G,1631,5/9/26 09:30,60.024,
Plot Title: 5C3G,1632,5/9/26 09:45,70.137,
Plot Title: 5C3G,1633,5/9/26 10:00,63.968,
Plot Title: 5C3G,1634,5/9/26 10:15,68.592,
Plot Title: 5C3G,1635,5/9/26 10:30,74.446,
Plot Title: 5C3G,1636,5/9/26 10:45,75.139,
Plot Title: 5C3G,1637,5/9/26 11:00,83.043,
Plot Title: 5C3G,1638,5/9/26 11:15,89.017,
Plot Title: 5C3G,1639,5/9/26 11:30,86.097,
Plot Title: 5C3G,1640,5/9/26 11:45,85.735,
Plot Title: 5C3G,1641,5/9/26 12:00,81.797,
Plot Title: 5C3G,1642,5/9/26 12:15,87.368,
Plot Title: 5C3G,1643,5/9/26 12:30,93.493,
Plot Title: 5C3G,1644,5/9/26 12:45,97.916,
Plot Title: 5C3G,1645,5/9/26 13:00,95.783,
Plot Title: 5C3G,1646,5/9/26 13:15,90.68,
Plot Title: 5C3G,1647,5/9/26 13:30,89.2,
Plot Title: 5C3G,1648,5/9/26 13:45,89.569,
Plot Title: 5C3G,1649,5/9/26 14:00,83.935,
Plot Title: 5C3G,1650,5/9/26 14:15,81.09,
Plot Title: 5C3G,1651,5/9/26 14:30,81.09,
Plot Title: 5C3G,1652,5/9/26 14:45,78.274,
Plot Title: 5C3G,1653,5/9/26 15:00,78.449,
Plot Title: 5C3G,1654,5/9/26 15:15,77.225,
Plot Title: 5C3G,1655,5/9/26 15:30,76.703,
Plot Title: 5C3G,1656,5/9/26 15:45,75.484,
Plot Title: 5C3G,1657,5/9/26 16:00,73.234,
Plot Title: 5C3G,1658,5/9/26 16:15,70.824,
Plot Title: 5C3G,1659,5/9/26 16:30,68.934,
Plot Title: 5C3G,1660,5/9/26 16:45,65.338,
Plot Title: 5C3G,1661,5/9/26 17:00,62.769,
Plot Title: 5C3G,1662,5/9/26 17:15,61.227,
Plot Title: 5C3G,1663,5/9/26 17:30,60.195,
Plot Title: 5C3G,1664,5/9/26 17:45,59.851,
Plot Title: 5C3G,1665,5/9/26 18:00,58.82,
Plot Title: 5C3G,1666,5/9/26 18:15,57.268,
Plot Title: 5C3G,1667,5/9/26 18:30,56.75,
Plot Title: 5C3G,1668,5/9/26 18:45,55.884,
Plot Title: 5C3G,1669,5/9/26 19:00,54.842,
Plot Title: 5C3G,1670,5/9/26 19:15,53.623,
Plot Title: 5C3G,1671,5/9/26 19:30,52.75,
Plot Title: 5C3G,1672,5/9/26 19:45,52.05,
Plot Title: 5C3G,1673,5/9/26 20:00,51.346,
Plot Title: 5C3G,1674,5/9/26 20:15,50.819,
Plot Title: 5C3G,1675,5/9/26 20:30,50.113,
Plot Title: 5C3G,1676,5/9/26 20:45,49.404,
Plot Title: 5C3G,1677,5/9/26 21:00,48.871,
Plot Title: 5C3G,1678,5/9/26 21:15,48.517,
Plot Title: 5C3G,1679,5/9/26 21:30,47.982,
Plot Title: 5C3G,1680,5/9/26 21:45,47.624,
Plot Title: 5C3G,1681,5/9/26 22:00,47.266,
Plot Title: 5C3G,1682,5/9/26 22:15,46.908,
Plot Title: 5C3G,1683,5/9/26 22:30,46.728,
Plot Title: 5C3G,1684,5/9/26 22:45,46.369,
Plot Title: 5C3G,1685,5/9/26 23:00,46.008,
Plot Title: 5C3G,1686,5/9/26 23:15,45.648,
Plot Title: 5C3G,1687,5/9/26 23:30,45.466,
Plot Title: 5C3G,1688,5/9/26 23:45,45.286,
Plot Title: 5C3G,1689,5/10/26 00:00,45.104,
Plot Title: 5C3G,1690,5/10/26 00:15,44.922,
Plot Title: 5C3G,1691,5/10/26 00:30,44.742,
Plot Title: 5C3G,1692,5/10/26 00:45,44.379,
Plot Title: 5C3G,1693,5/10/26 01:00,44.195,
Plot Title: 5C3G,1694,5/10/26 01:15,44.013,
Plot Title: 5C3G,1695,5/10/26 01:30,43.831,
Plot Title: 5C3G,1696,5/10/26 01:45,43.648,
Plot Title: 5C3G,1697,5/10/26 02:00,43.466,
Plot Title: 5C3G,1698,5/10/26 02:15,43.282,
Plot Title: 5C3G,1699,5/10/26 02:30,43.099,
Plot Title: 5C3G,1700,5/10/26 02:45,42.732,
Plot Title: 5C3G,1701,5/10/26 03:00,42.732,
Plot Title: 5C3G,1702,5/10/26 03:15,42.548,
Plot Title: 5C3G,1703,5/10/26 03:30,42.179,
Plot Title: 5C3G,1704,5/10/26 03:45,41.994,
Plot Title: 5C3G,1705,5/10/26 04:00,41.81,
Plot Title: 5C3G,1706,5/10/26 04:15,41.625,
Plot Title: 5C3G,1707,5/10/26 04:30,41.439,
Plot Title: 5C3G,1708,5/10/26 04:45,41.067,
Plot Title: 5C3G,1709,5/10/26 05:00,41.067,
Plot Title: 5C3G,1710,5/10/26 05:15,40.881,
Plot Title: 5C3G,1711,5/10/26 05:30,40.696,
Plot Title: 5C3G,1712,5/10/26 05:45,40.509,
Plot Title: 5C3G,1713,5/10/26 06:00,40.321,
Plot Title: 5C3G,1714,5/10/26 06:15,40.321,
Plot Title: 5C3G,1715,5/10/26 06:30,40.321,
Plot Title: 5C3G,1716,5/10/26 06:45,40.509,
Plot Title: 5C3G,1717,5/10/26 07:00,40.696,
Plot Title: 5C3G,1718,5/10/26 07:15,41.067,
Plot Title: 5C3G,1719,5/10/26 07:30,41.994,
Plot Title: 5C3G,1720,5/10/26 07:45,42.732,
Plot Title: 5C3G,1721,5/10/26 08:00,43.282,
Plot Title: 5C3G,1722,5/10/26 08:15,46.008,
Plot Title: 5C3G,1723,5/10/26 08:30,52.925,
Plot Title: 5C3G,1724,5/10/26 08:45,57.096,
Plot Title: 5C3G,1725,5/10/26 09:00,62.425,
Plot Title: 5C3G,1726,5/10/26 09:15,66.537,
Plot Title: 5C3G,1727,5/10/26 09:30,70.48,
Plot Title: 5C3G,1728,5/10/26 09:45,74.446,
Plot Title: 5C3G,1729,5/10/26 10:00,78.624,
Plot Title: 5C3G,1730,5/10/26 10:15,82.864,
Plot Title: 5C3G,1731,5/10/26 10:30,87.004,
Plot Title: 5C3G,1732,5/10/26 10:45,90.867,
Plot Title: 5C3G,1733,5/10/26 11:00,94.825,
Plot Title: 5C3G,1734,5/10/26 11:15,98.11,
Plot Title: 5C3G,1735,5/10/26 11:30,100.683,
Plot Title: 5C3G,1736,5/10/26 11:45,103.512,
Plot Title: 5C3G,1737,5/10/26 12:00,105.786,
Plot Title: 5C3G,1738,5/10/26 12:15,107.683,
Plot Title: 5C3G,1739,5/10/26 12:30,108.964,
Plot Title: 5C3G,1740,5/10/26 12:45,109.396,
Plot Title: 5C3G,1741,5/10/26 13:00,109.612,
Plot Title: 5C3G,1742,5/10/26 13:15,109.18,
Plot Title: 5C3G,1743,5/10/26 13:30,108.108,
Plot Title: 5C3G,1744,5/10/26 13:45,105.994,
Plot Title: 5C3G,1745,5/10/26 14:00,103.307,
Plot Title: 5C3G,1746,5/10/26 14:15,101.282,
Plot Title: 5C3G,1747,5/10/26 14:30,98.897,
Plot Title: 5C3G,1748,5/10/26 14:45,97.331,
Plot Title: 5C3G,1749,5/10/26 15:00,96.555,
Plot Title: 5C3G,1750,5/10/26 15:15,95.59,
Plot Title: 5C3G,1751,5/10/26 15:30,94.825,
Plot Title: 5C3G,1752,5/10/26 15:45,93.304,
Plot Title: 5C3G,1753,5/10/26 16:00,91.425,
Plot Title: 5C3G,1754,5/10/26 16:15,84.115,
Plot Title: 5C3G,1755,5/10/26 16:30,76.876,
Plot Title: 5C3G,1756,5/10/26 16:45,72.545,
Plot Title: 5C3G,1757,5/10/26 17:00,70.308,
Plot Title: 5C3G,1758,5/10/26 17:15,69.107,
Plot Title: 5C3G,1759,5/10/26 17:30,67.735,
Plot Title: 5C3G,1760,5/10/26 17:45,66.193,
Plot Title: 5C3G,1761,5/10/26 18:00,64.652,
Plot Title: 5C3G,1762,5/10/26 18:15,63.455,
Plot Title: 5C3G,1763,5/10/26 18:30,62.425,
Plot Title: 5C3G,1764,5/10/26 18:45,61.398,
Plot Title: 5C3G,1765,5/10/26 19:00,60.539,
Plot Title: 5C3G,1766,5/10/26 19:15,59.851,
Plot Title: 5C3G,1767,5/10/26 19:30,59.337,
Plot Title: 5C3G,1768,5/10/26 19:45,58.647,
Plot Title: 5C3G,1769,5/10/26 20:00,58.131,
Plot Title: 5C3G,1770,5/10/26 20:15,57.614,
Plot Title: 5C3G,1771,5/10/26 20:30,57.268,
Plot Title: 5C3G,1772,5/10/26 20:45,56.75,
Plot Title: 5C3G,1773,5/10/26 21:00,56.057,
Plot Title: 5C3G,1774,5/10/26 21:15,55.711,
Plot Title: 5C3G,1775,5/10/26 21:30,55.189,
Plot Title: 5C3G,1776,5/10/26 21:45,54.669,
Plot Title: 5C3G,1777,5/10/26 22:00,54.322,
Plot Title: 5C3G,1778,5/10/26 22:15,54.322,
Plot Title: 5C3G,1779,5/10/26 22:30,53.973,
Plot Title: 5C3G,1780,5/10/26 22:45,53.449,
Plot Title: 5C3G,1781,5/10/26 23:00,52.925,
Plot Title: 5C3G,1782,5/10/26 23:15,52.925,
Plot Title: 5C3G,1783,5/10/26 23:30,53.1,
Plot Title: 5C3G,1784,5/10/26 23:45,53.274,
Plot Title: 5C3G,1785,5/11/26 00:00,53.449,
Plot Title: 5C3G,1786,5/11/26 00:15,53.274,
Plot Title: 5C3G,1787,5/11/26 00:30,53.1,
Plot Title: 5C3G,1788,5/11/26 00:45,52.925,
Plot Title: 5C3G,1789,5/11/26 01:00,52.925,
Plot Title: 5C3G,1790,5/11/26 01:15,52.75,
Plot Title: 5C3G,1791,5/11/26 01:30,52.401,
Plot Title: 5C3G,1792,5/11/26 01:45,52.225,
Plot Title: 5C3G,1793,5/11/26 02:00,51.874,
Plot Title: 5C3G,1794,5/11/26 02:15,51.523,
Plot Title: 5C3G,1795,5/11/26 02:30,51.172,
Plot Title: 5C3G,1796,5/11/26 02:45,50.819,
Plot Title: 5C3G,1797,5/11/26 03:00,50.643,
Plot Title: 5C3G,1798,5/11/26 03:15,50.29,
Plot Title: 5C3G,1799,5/11/26 03:30,50.113,
Plot Title: 5C3G,1800,5/11/26 03:45,49.759,
Plot Title: 5C3G,1801,5/11/26 04:00,49.582,
Plot Title: 5C3G,1802,5/11/26 04:15,49.582,
Plot Title: 5C3G,1803,5/11/26 04:30,49.582,
Plot Title: 5C3G,1804,5/11/26 04:45,49.759,
Plot Title: 5C3G,1805,5/11/26 05:00,49.582,
Plot Title: 5C3G,1806,5/11/26 05:15,49.759,
Plot Title: 5C3G,1807,5/11/26 05:30,49.759,
Plot Title: 5C3G,1808,5/11/26 05:45,49.582,
Plot Title: 5C3G,1809,5/11/26 06:00,49.582,
Plot Title: 5C3G,1810,5/11/26 06:15,49.404,
Plot Title: 5C3G,1811,5/11/26 06:30,49.404,
Plot Title: 5C3G,1812,5/11/26 06:45,49.937,
Plot Title: 5C3G,1813,5/11/26 07:00,50.466,
Plot Title: 5C3G,1814,5/11/26 07:15,50.466,
Plot Title: 5C3G,1815,5/11/26 07:30,50.113,
Plot Title: 5C3G,1816,5/11/26 07:45,50.466,
Plot Title: 5C3G,1817,5/11/26 08:00,50.995,
Plot Title: 5C3G,1818,5/11/26 08:15,53.449,
Plot Title: 5C3G,1819,5/11/26 08:30,60.539,
Plot Title: 5C3G,1820,5/11/26 08:45,65.68,
Plot Title: 5C3G,1821,5/11/26 09:00,71.339,
Plot Title: 5C3G,1822,5/11/26 09:15,75.832,
Plot Title: 5C3G,1823,5/11/26 09:30,81.09,
Plot Title: 5C3G,1824,5/11/26 09:45,85.735,
Plot Title: 5C3G,1825,5/11/26 10:00,89.938,
Plot Title: 5C3G,1826,5/11/26 10:15,94.253,
Plot Title: 5C3G,1827,5/11/26 10:30,98.11,
Plot Title: 5C3G,1828,5/11/26 10:45,101.484,
Plot Title: 5C3G,1829,5/11/26 11:00,104.54,
Plot Title: 5C3G,1830,5/11/26 11:15,107.47,
Plot Title: 5C3G,1831,5/11/26 11:30,110.046,
Plot Title: 5C3G,1832,5/11/26 11:45,112.023,
Plot Title: 5C3G,1833,5/11/26 12:00,113.587,
Plot Title: 5C3G,1834,5/11/26 12:15,114.949,
Plot Title: 5C3G,1835,5/11/26 12:30,115.867,
Plot Title: 5C3G,1836,5/11/26 12:45,116.1,
Plot Title: 5C3G,1837,5/11/26 13:00,115.407,
Plot Title: 5C3G,1838,5/11/26 13:15,114.492,
Plot Title: 5C3G,1839,5/11/26 13:30,113.137,
Plot Title: 5C3G,1840,5/11/26 13:45,111.139,
Plot Title: 5C3G,1841,5/11/26 14:00,108.964,
Plot Title: 5C3G,1842,5/11/26 14:15,107.47,
Plot Title: 5C3G,1843,5/11/26 14:30,105.577,
Plot Title: 5C3G,1844,5/11/26 14:45,103.923,
Plot Title: 5C3G,1845,5/11/26 15:00,102.29,
Plot Title: 5C3G,1846,5/11/26 15:15,102.088,
Plot Title: 5C3G,1847,5/11/26 15:30,100.882,
Plot Title: 5C3G,1848,5/11/26 15:45,98.11,
Plot Title: 5C3G,1849,5/11/26 16:00,94.253,
Plot Title: 5C3G,1850,5/11/26 16:15,87.915,
Plot Title: 5C3G,1851,5/11/26 16:30,81.266,
Plot Title: 5C3G,1852,5/11/26 16:45,76.876,
Plot Title: 5C3G,1853,5/11/26 17:00,73.753,
Plot Title: 5C3G,1854,5/11/26 17:15,71.512,
Plot Title: 5C3G,1855,5/11/26 17:30,69.793,
Plot Title: 5C3G,1856,5/11/26 17:45,67.906,
Plot Title: 5C3G,1857,5/11/26 18:00,66.537,
Plot Title: 5C3G,1858,5/11/26 18:15,65.167,
Plot Title: 5C3G,1859,5/11/26 18:30,63.968,
Plot Title: 5C3G,1860,5/11/26 18:45,63.111,
Plot Title: 5C3G,1861,5/11/26 19:00,62.083,
Plot Title: 5C3G,1862,5/11/26 19:15,61.054,
Plot Title: 5C3G,1863,5/11/26 19:30,60.024,
Plot Title: 5C3G,1864,5/11/26 19:45,59.164,
Plot Title: 5C3G,1865,5/11/26 20:00,58.303,
Plot Title: 5C3G,1866,5/11/26 20:15,57.441,
Plot Title: 5C3G,1867,5/11/26 20:30,56.577,
Plot Title: 5C3G,1868,5/11/26 20:45,55.884,
Plot Title: 5C3G,1869,5/11/26 21:00,55.017,
Plot Title: 5C3G,1870,5/11/26 21:15,54.322,
Plot Title: 5C3G,1871,5/11/26 21:30,53.623,
Plot Title: 5C3G,1872,5/11/26 21:45,53.1,
Plot Title: 5C3G,1873,5/11/26 22:00,52.576,
Plot Title: 5C3G,1874,5/11/26 22:15,52.225,
Plot Title: 5C3G,1875,5/11/26 22:30,51.699,
Plot Title: 5C3G,1876,5/11/26 22:45,51.346,
Plot Title: 5C3G,1877,5/11/26 23:00,50.819,
Plot Title: 5C3G,1878,5/11/26 23:15,50.466,
Plot Title: 5C3G,1879,5/11/26 23:30,50.113,
Plot Title: 5C3G,1880,5/11/26 23:45,49.759,
Plot Title: 5C3G,1881,5/12/26 00:00,49.404,
Plot Title: 5C3G,1882,5/12/26 00:15,49.228,
Plot Title: 5C3G,1883,5/12/26 00:30,48.871,
Plot Title: 5C3G,1884,5/12/26 00:45,48.339,
Plot Title: 5C3G,1885,5/12/26 01:00,47.982,
Plot Title: 5C3G,1886,5/12/26 01:15,47.802,
Plot Title: 5C3G,1887,5/12/26 01:30,47.446,
Plot Title: 5C3G,1888,5/12/26 01:45,47.266,
Plot Title: 5C3G,1889,5/12/26 02:00,46.908,
Plot Title: 5C3G,1890,5/12/26 02:15,46.548,
Plot Title: 5C3G,1891,5/12/26 02:30,46.369,
Plot Title: 5C3G,1892,5/12/26 02:45,46.008,
Plot Title: 5C3G,1893,5/12/26 03:00,45.828,
Plot Title: 5C3G,1894,5/12/26 03:15,45.466,
Plot Title: 5C3G,1895,5/12/26 03:30,45.286,
Plot Title: 5C3G,1896,5/12/26 03:45,44.922,
Plot Title: 5C3G,1897,5/12/26 04:00,44.922,
Plot Title: 5C3G,1898,5/12/26 04:15,44.742,
Plot Title: 5C3G,1899,5/12/26 04:30,44.742,
Plot Title: 5C3G,1900,5/12/26 04:45,44.56,
Plot Title: 5C3G,1901,5/12/26 05:00,44.195,
Plot Title: 5C3G,1902,5/12/26 05:15,44.013,
Plot Title: 5C3G,1903,5/12/26 05:30,43.648,
Plot Title: 5C3G,1904,5/12/26 05:45,43.648,
Plot Title: 5C3G,1905,5/12/26 06:00,43.466,
Plot Title: 5C3G,1906,5/12/26 06:15,43.282,
Plot Title: 5C3G,1907,5/12/26 06:30,43.282,
Plot Title: 5C3G,1908,5/12/26 06:45,43.282,
Plot Title: 5C3G,1909,5/12/26 07:00,43.648,
Plot Title: 5C3G,1910,5/12/26 07:15,44.013,
Plot Title: 5C3G,1911,5/12/26 07:30,44.379,
Plot Title: 5C3G,1912,5/12/26 07:45,44.742,
Plot Title: 5C3G,1913,5/12/26 08:00,45.466,
Plot Title: 5C3G,1914,5/12/26 08:15,47.624,
Plot Title: 5C3G,1915,5/12/26 08:30,55.884,
Plot Title: 5C3G,1916,5/12/26 08:45,63.455,
Plot Title: 5C3G,1917,5/12/26 09:00,69.622,
Plot Title: 5C3G,1918,5/12/26 09:15,75.659,
Plot Title: 5C3G,1919,5/12/26 09:30,81.266,
Plot Title: 5C3G,1920,5/12/26 09:45,86.459,
Plot Title: 5C3G,1921,5/12/26 10:00,91.053,
Plot Title: 5C3G,1922,5/12/26 10:15,95.016,
Plot Title: 5C3G,1923,5/12/26 10:30,98.503,
Plot Title: 5C3G,1924,5/12/26 10:45,102.29,
Plot Title: 5C3G,1925,5/12/26 11:00,105.786,
Plot Title: 5C3G,1926,5/12/26 11:15,109.18,
Plot Title: 5C3G,1927,5/12/26 11:30,112.244,
Plot Title: 5C3G,1928,5/12/26 11:45,114.721,
Plot Title: 5C3G,1929,5/12/26 12:00,116.796,
Plot Title: 5C3G,1930,5/12/26 12:15,117.028,
Plot Title: 5C3G,1931,5/12/26 12:30,116.796,
Plot Title: 5C3G,1932,5/12/26 12:45,116.562,
Plot Title: 5C3G,1933,5/12/26 13:00,115.867,
Plot Title: 5C3G,1934,5/12/26 13:15,114.265,
Plot Title: 5C3G,1935,5/12/26 13:30,113.362,
Plot Title: 5C3G,1936,5/12/26 13:45,111.36,
Plot Title: 5C3G,1937,5/12/26 14:00,109.828,
Plot Title: 5C3G,1938,5/12/26 14:15,107.683,
Plot Title: 5C3G,1939,5/12/26 14:30,106.414,
Plot Title: 5C3G,1940,5/12/26 14:45,105.37,
Plot Title: 5C3G,1941,5/12/26 15:00,104.333,
Plot Title: 5C3G,1942,5/12/26 15:15,102.9,
Plot Title: 5C3G,1943,5/12/26 15:30,102.088,
Plot Title: 5C3G,1944,5/12/26 15:45,100.882,
Plot Title: 5C3G,1945,5/12/26 16:00,98.897,
Plot Title: 5C3G,1946,5/12/26 16:15,92.174,
Plot Title: 5C3G,1947,5/12/26 16:30,83.399,
Plot Title: 5C3G,1948,5/12/26 16:45,78.274,
Plot Title: 5C3G,1949,5/12/26 17:00,74.791,
Plot Title: 5C3G,1950,5/12/26 17:15,72.718,
Plot Title: 5C3G,1951,5/12/26 17:30,71.683,
Plot Title: 5C3G,1952,5/12/26 17:45,69.793,
Plot Title: 5C3G,1953,5/12/26 18:00,68.421,
Plot Title: 5C3G,1954,5/12/26 18:15,67.221,
Plot Title: 5C3G,1955,5/12/26 18:30,66.366,
Plot Title: 5C3G,1956,5/12/26 18:45,65.68,
Plot Title: 5C3G,1957,5/12/26 19:00,64.825,
Plot Title: 5C3G,1958,5/12/26 19:15,64.139,
Plot Title: 5C3G,1959,5/12/26 19:30,63.455,
Plot Title: 5C3G,1960,5/12/26 19:45,63.111,
Plot Title: 5C3G,1961,5/12/26 20:00,62.425,
Plot Title: 5C3G,1962,5/12/26 20:15,61.398,
Plot Title: 5C3G,1963,5/12/26 20:30,60.195,
Plot Title: 5C3G,1964,5/12/26 20:45,59.164,
Plot Title: 5C3G,1965,5/12/26 21:00,58.303,
Plot Title: 5C3G,1966,5/12/26 21:15,57.785,
Plot Title: 5C3G,1967,5/12/26 21:30,57.441,
Plot Title: 5C3G,1968,5/12/26 21:45,57.096,
Plot Title: 5C3G,1969,5/12/26 22:00,56.577,
Plot Title: 5C3G,1970,5/12/26 22:15,56.23,
Plot Title: 5C3G,1971,5/12/26 22:30,55.884,
Plot Title: 5C3G,1972,5/12/26 22:45,55.537,
Plot Title: 5C3G,1973,5/12/26 23:00,55.017,
Plot Title: 5C3G,1974,5/12/26 23:15,54.669,
Plot Title: 5C3G,1975,5/12/26 23:30,54.322,
Plot Title: 5C3G,1976,5/12/26 23:45,53.973,
Plot Title: 5C3G,1977,5/13/26 00:00,53.623,
Plot Title: 5C3G,1978,5/13/26 00:15,53.449,
Plot Title: 5C3G,1979,5/13/26 00:30,53.1,
Plot Title: 5C3G,1980,5/13/26 00:45,52.75,
Plot Title: 5C3G,1981,5/13/26 01:00,52.576,
Plot Title: 5C3G,1982,5/13/26 01:15,52.401,
Plot Title: 5C3G,1983,5/13/26 01:30,52.401,
Plot Title: 5C3G,1984,5/13/26 01:45,52.225,
Plot Title: 5C3G,1985,5/13/26 02:00,51.874,
Plot Title: 5C3G,1986,5/13/26 02:15,51.874,
Plot Title: 5C3G,1987,5/13/26 02:30,51.699,
Plot Title: 5C3G,1988,5/13/26 02:45,51.699,
Plot Title: 5C3G,1989,5/13/26 03:00,51.523,
Plot Title: 5C3G,1990,5/13/26 03:15,52.05,
Plot Title: 5C3G,1991,5/13/26 03:30,52.05,
Plot Title: 5C3G,1992,5/13/26 03:45,51.699,
Plot Title: 5C3G,1993,5/13/26 04:00,51.523,
Plot Title: 5C3G,1994,5/13/26 04:15,51.346,
Plot Title: 5C3G,1995,5/13/26 04:30,51.172,
Plot Title: 5C3G,1996,5/13/26 04:45,50.995,
Plot Title: 5C3G,1997,5/13/26 05:00,50.995,
Plot Title: 5C3G,1998,5/13/26 05:15,51.172,
Plot Title: 5C3G,1999,5/13/26 05:30,51.523,
Plot Title: 5C3G,2000,5/13/26 05:45,51.523,
Plot Title: 5C3G,2001,5/13/26 06:00,51.874,
Plot Title: 5C3G,2002,5/13/26 06:15,52.05,
Plot Title: 5C3G,2003,5/13/26 06:30,52.225,
Plot Title: 5C3G,2004,5/13/26 06:45,52.225,
Plot Title: 5C3G,2005,5/13/26 07:00,52.225,
Plot Title: 5C3G,2006,5/13/26 07:15,52.401,
Plot Title: 5C3G,2007,5/13/26 07:30,52.75,
Plot Title: 5C3G,2008,5/13/26 07:45,52.925,
Plot Title: 5C3G,2009,5/13/26 08:00,52.925,
Plot Title: 5C3G,2010,5/13/26 08:15,54.147,
Plot Title: 5C3G,2011,5/13/26 08:30,58.131,
Plot Title: 5C3G,2012,5/13/26 08:45,63.455,
Plot Title: 5C3G,2013,5/13/26 09:00,70.308,
Plot Title: 5C3G,2014,5/13/26 09:15,68.248,
Plot Title: 5C3G,2015,5/13/26 09:30,76.703,
Plot Title: 5C3G,2016,5/13/26 09:45,84.654,
Plot Title: 5C3G,2017,5/13/26 10:00,91.053,
Plot Title: 5C3G,2018,5/13/26 10:15,95.59,
Plot Title: 5C3G,2019,5/13/26 10:30,99.885,
Plot Title: 5C3G,2020,5/13/26 10:45,103.923,
Plot Title: 5C3G,2021,5/13/26 11:00,107.046,
Plot Title: 5C3G,2022,5/13/26 11:15,109.396,
Plot Title: 5C3G,2023,5/13/26 11:30,113.137,
Plot Title: 5C3G,2024,5/13/26 11:45,115.637,
Plot Title: 5C3G,2025,5/13/26 12:00,117.968,
Plot Title: 5C3G,2026,5/13/26 12:15,119.158,
Plot Title: 5C3G,2027,5/13/26 12:30,119.158,
Plot Title: 5C3G,2028,5/13/26 12:45,120.605,
Plot Title: 5C3G,2029,5/13/26 13:00,120.362,
Plot Title: 5C3G,2030,5/13/26 13:15,119.158,
Plot Title: 5C3G,2031,5/13/26 13:30,116.1,
Plot Title: 5C3G,2032,5/13/26 13:45,111.801,
Plot Title: 5C3G,2033,5/13/26 14:00,110.046,
Plot Title: 5C3G,2034,5/13/26 14:15,105.994,
Plot Title: 5C3G,2035,5/13/26 14:30,101.484,
Plot Title: 5C3G,2036,5/13/26 14:45,100.083,
Plot Title: 5C3G,2037,5/13/26 15:00,92.926,
Plot Title: 5C3G,2038,5/13/26 15:15,89.569,
Plot Title: 5C3G,2039,5/13/26 15:30,89.384,
Plot Title: 5C3G,2040,5/13/26 15:45,89.938,
Plot Title: 5C3G,2041,5/13/26 16:00,88.282,
Plot Title: 5C3G,2042,5/13/26 16:15,84.654,
Plot Title: 5C3G,2043,5/13/26 16:30,80.735,
Plot Title: 5C3G,2044,5/13/26 16:45,78.624,
Plot Title: 5C3G,2045,5/13/26 17:00,76.181,
Plot Title: 5C3G,2046,5/13/26 17:15,74.446,
Plot Title: 5C3G,2047,5/13/26 17:30,72.372,
Plot Title: 5C3G,2048,5/13/26 17:45,70.137,
Plot Title: 5C3G,2049,5/13/26 18:00,69.964,
Plot Title: 5C3G,2050,5/13/26 18:15,69.278,
Plot Title: 5C3G,2051,5/13/26 18:30,69.622,
Plot Title: 5C3G,2052,5/13/26 18:45,67.906,
Plot Title: 5C3G,2053,5/13/26 19:00,65.68,
Plot Title: 5C3G,2054,5/13/26 19:15,64.652,
Plot Title: 5C3G,2055,5/13/26 19:30,63.797,
Plot Title: 5C3G,2056,5/13/26 19:45,62.769,
Plot Title: 5C3G,2057,5/13/26 20:00,62.769,
Plot Title: 5C3G,2058,5/13/26 20:15,58.82,
Plot Title: 5C3G,2059,5/13/26 20:30,56.23,
Plot Title: 5C3G,2060,5/13/26 20:45,56.057,
Plot Title: 5C3G,2061,5/13/26 21:00,54.495,
Plot Title: 5C3G,2062,5/13/26 21:15,52.75,
Plot Title: 5C3G,2063,5/13/26 21:30,51.523,
Plot Title: 5C3G,2064,5/13/26 21:45,50.466,
Plot Title: 5C3G,2065,5/13/26 22:00,49.582,
Plot Title: 5C3G,2066,5/13/26 22:15,49.228,
Plot Title: 5C3G,2067,5/13/26 22:30,48.517,
Plot Title: 5C3G,2068,5/13/26 22:45,47.982,
Plot Title: 5C3G,2069,5/13/26 23:00,47.266,
Plot Title: 5C3G,2070,5/13/26 23:15,46.548,
Plot Title: 5C3G,2071,5/13/26 23:30,45.648,
Plot Title: 5C3G,2072,5/13/26 23:45,44.742,
Plot Title: 5C3G,2073,5/14/26 00:00,44.195,
Plot Title: 5C3G,2074,5/14/26 00:15,43.648,
Plot Title: 5C3G,2075,5/14/26 00:30,43.282,
Plot Title: 5C3G,2076,5/14/26 00:45,42.732,
Plot Title: 5C3G,2077,5/14/26 01:00,42.548,
Plot Title: 5C3G,2078,5/14/26 01:15,42.179,
Plot Title: 5C3G,2079,5/14/26 01:30,41.81,
Plot Title: 5C3G,2080,5/14/26 01:45,41.625,
Plot Title: 5C3G,2081,5/14/26 02:00,41.625,
Plot Title: 5C3G,2082,5/14/26 02:15,41.439,
Plot Title: 5C3G,2083,5/14/26 02:30,41.067,
Plot Title: 5C3G,2084,5/14/26 02:45,40.881,
Plot Title: 5C3G,2085,5/14/26 03:00,40.509,
Plot Title: 5C3G,2086,5/14/26 03:15,40.321,
Plot Title: 5C3G,2087,5/14/26 03:30,39.947,
Plot Title: 5C3G,2088,5/14/26 03:45,39.76,
Plot Title: 5C3G,2089,5/14/26 04:00,39.573,
Plot Title: 5C3G,2090,5/14/26 04:15,39.384,
Plot Title: 5C3G,2091,5/14/26 04:30,39.196,
Plot Title: 5C3G,2092,5/14/26 04:45,39.007,
Plot Title: 5C3G,2093,5/14/26 05:00,38.818,
Plot Title: 5C3G,2094,5/14/26 05:15,38.44,
Plot Title: 5C3G,2095,5/14/26 05:30,38.44,
Plot Title: 5C3G,2096,5/14/26 05:45,38.25,
Plot Title: 5C3G,2097,5/14/26 06:00,38.061,
Plot Title: 5C3G,2098,5/14/26 06:15,38.061,
Plot Title: 5C3G,2099,5/14/26 06:30,38.061,
Plot Title: 5C3G,2100,5/14/26 06:45,38.061,
Plot Title: 5C3G,2101,5/14/26 07:00,38.25,
Plot Title: 5C3G,2102,5/14/26 07:15,38.629,
Plot Title: 5C3G,2103,5/14/26 07:30,39.007,
Plot Title: 5C3G,2104,5/14/26 07:45,39.384,
Plot Title: 5C3G,2105,5/14/26 08:00,39.947,
Plot Title: 5C3G,2106,5/14/26 08:15,41.067,
Plot Title: 5C3G,2107,5/14/26 08:30,46.728,
Plot Title: 5C3G,2108,5/14/26 08:45,55.364,
Plot Title: 5C3G,2109,5/14/26 09:00,61.569,
Plot Title: 5C3G,2110,5/14/26 09:15,66.022,
Plot Title: 5C3G,2111,5/14/26 09:30,70.137,
Plot Title: 5C3G,2112,5/14/26 09:45,72.718,
Plot Title: 5C3G,2113,5/14/26 10:00,72.028,
Plot Title: 5C3G,2114,5/14/26 10:15,74.619,
Plot Title: 5C3G,2115,5/14/26 10:30,79.326,
Plot Title: 5C3G,2116,5/14/26 10:45,83.221,
Plot Title: 5C3G,2117,5/14/26 11:00,85.374,
Plot Title: 5C3G,2118,5/14/26 11:15,87.368,
Plot Title: 5C3G,2119,5/14/26 11:30,89.2,
Plot Title: 5C3G,2120,5/14/26 11:45,91.612,
Plot Title: 5C3G,2121,5/14/26 12:00,95.207,
Plot Title: 5C3G,2122,5/14/26 12:15,98.11,
Plot Title: 5C3G,2123,5/14/26 12:30,100.083,
Plot Title: 5C3G,2124,5/14/26 12:45,103.307,
Plot Title: 5C3G,2125,5/14/26 13:00,104.747,
Plot Title: 5C3G,2126,5/14/26 13:15,105.577,
Plot Title: 5C3G,2127,5/14/26 13:30,106.205,
Plot Title: 5C3G,2128,5/14/26 13:45,105.786,
Plot Title: 5C3G,2129,5/14/26 14:00,104.333,
Plot Title: 5C3G,2130,5/14/26 14:15,102.697,
Plot Title: 5C3G,2131,5/14/26 14:30,100.882,
Plot Title: 5C3G,2132,5/14/26 14:45,97.331,
Plot Title: 5C3G,2133,5/14/26 15:00,89.384,
Plot Title: 5C3G,2134,5/14/26 15:15,83.399,
Plot Title: 5C3G,2135,5/14/26 15:30,79.678,
Plot Title: 5C3G,2136,5/14/26 15:45,76.876,
Plot Title: 5C3G,2137,5/14/26 16:00,74.446,
Plot Title: 5C3G,2138,5/14/26 16:15,72.545,
Plot Title: 5C3G,2139,5/14/26 16:30,71.168,
Plot Title: 5C3G,2140,5/14/26 16:45,69.449,
Plot Title: 5C3G,2141,5/14/26 17:00,68.421,
Plot Title: 5C3G,2142,5/14/26 17:15,67.05,
Plot Title: 5C3G,2143,5/14/26 17:30,65.851,
Plot Title: 5C3G,2144,5/14/26 17:45,64.996,
Plot Title: 5C3G,2145,5/14/26 18:00,63.626,
Plot Title: 5C3G,2146,5/14/26 18:15,62.598,
Plot Title: 5C3G,2147,5/14/26 18:30,61.569,
Plot Title: 5C3G,2148,5/14/26 18:45,60.712,
Plot Title: 5C3G,2149,5/14/26 19:00,60.024,
Plot Title: 5C3G,2150,5/14/26 19:15,59.337,
Plot Title: 5C3G,2151,5/14/26 19:30,58.647,
Plot Title: 5C3G,2152,5/14/26 19:45,57.785,
Plot Title: 5C3G,2153,5/14/26 20:00,56.923,
Plot Title: 5C3G,2154,5/14/26 20:15,56.057,
Plot Title: 5C3G,2155,5/14/26 20:30,55.364,
Plot Title: 5C3G,2156,5/14/26 20:45,54.669,
Plot Title: 5C3G,2157,5/14/26 21:00,53.973,
Plot Title: 5C3G,2158,5/14/26 21:15,53.623,
Plot Title: 5C3G,2159,5/14/26 21:30,53.274,
Plot Title: 5C3G,2160,5/14/26 21:45,52.925,
Plot Title: 5C3G,2161,5/14/26 22:00,52.576,
Plot Title: 5C3G,2162,5/14/26 22:15,52.225,
Plot Title: 5C3G,2163,5/14/26 22:30,51.874,
Plot Title: 5C3G,2164,5/14/26 22:45,51.523,
Plot Title: 5C3G,2165,5/14/26 23:00,51.346,
Plot Title: 5C3G,2166,5/14/26 23:15,50.995,
Plot Title: 5C3G,2167,5/14/26 23:30,50.643,
Plot Title: 5C3G,2168,5/14/26 23:45,50.29,
Plot Title: 5C3G,2169,5/15/26 00:00,49.759,
Plot Title: 5C3G,2170,5/15/26 00:15,49.228,
Plot Title: 5C3G,2171,5/15/26 00:30,48.871,
Plot Title: 5C3G,2172,5/15/26 00:45,48.16,
Plot Title: 5C3G,2173,5/15/26 01:00,47.088,
Plot Title: 5C3G,2174,5/15/26 01:15,46.008,
Plot Title: 5C3G,2175,5/15/26 01:30,45.466,
Plot Title: 5C3G,2176,5/15/26 01:45,44.742,
Plot Title: 5C3G,2177,5/15/26 02:00,44.379,
Plot Title: 5C3G,2178,5/15/26 02:15,43.831,
Plot Title: 5C3G,2179,5/15/26 02:30,43.282,
Plot Title: 5C3G,2180,5/15/26 02:45,42.915,
Plot Title: 5C3G,2181,5/15/26 03:00,42.732,
Plot Title: 5C3G,2182,5/15/26 03:15,42.363,
Plot Title: 5C3G,2183,5/15/26 03:30,41.994,
Plot Title: 5C3G,2184,5/15/26 03:45,41.81,
Plot Title: 5C3G,2185,5/15/26 04:00,41.625,
Plot Title: 5C3G,2186,5/15/26 04:15,41.994,
Plot Title: 5C3G,2187,5/15/26 04:30,42.363,
Plot Title: 5C3G,2188,5/15/26 04:45,42.548,
Plot Title: 5C3G,2189,5/15/26 05:00,42.732,
Plot Title: 5C3G,2190,5/15/26 05:15,42.915,
Plot Title: 5C3G,2191,5/15/26 05:30,42.915,
Plot Title: 5C3G,2192,5/15/26 05:45,42.732,
Plot Title: 5C3G,2193,5/15/26 06:00,42.548,
Plot Title: 5C3G,2194,5/15/26 06:15,42.363,
Plot Title: 5C3G,2195,5/15/26 06:30,42.915,
Plot Title: 5C3G,2196,5/15/26 06:45,43.648,
Plot Title: 5C3G,2197,5/15/26 07:00,44.379,
Plot Title: 5C3G,2198,5/15/26 07:15,44.195,
Plot Title: 5C3G,2199,5/15/26 07:30,44.195,
Plot Title: 5C3G,2200,5/15/26 07:45,44.013,
Plot Title: 5C3G,2201,5/15/26 08:00,44.195,
Plot Title: 5C3G,2202,5/15/26 08:15,45.286,
Plot Title: 5C3G,2203,5/15/26 08:30,50.466,
Plot Title: 5C3G,2204,5/15/26 08:45,60.368,
Plot Title: 5C3G,2205,5/15/26 09:00,65.851,
Plot Title: 5C3G,2206,5/15/26 09:15,71.683,
Plot Title: 5C3G,2207,5/15/26 09:30,71.856,
Plot Title: 5C3G,2208,5/15/26 09:45,77.923,
Plot Title: 5C3G,2209,5/15/26 10:00,82.686,
Plot Title: 5C3G,2210,5/15/26 10:15,85.554,
Plot Title: 5C3G,2211,5/15/26 10:30,87.004,
Plot Title: 5C3G,2212,5/15/26 10:45,95.207,
Plot Title: 5C3G,2213,5/15/26 11:00,100.683,
Plot Title: 5C3G,2214,5/15/26 11:15,104.747,
Plot Title: 5C3G,2215,5/15/26 11:30,107.683,
Plot Title: 5C3G,2216,5/15/26 11:45,110.482,
Plot Title: 5C3G,2217,5/15/26 12:00,112.467,
Plot Title: 5C3G,2218,5/15/26 12:15,114.039,
Plot Title: 5C3G,2219,5/15/26 12:30,116.1,
Plot Title: 5C3G,2220,5/15/26 12:45,117.498,
Plot Title: 5C3G,2221,5/15/26 13:00,118.206,
Plot Title: 5C3G,2222,5/15/26 13:15,117.262,
Plot Title: 5C3G,2223,5/15/26 13:30,114.492,
Plot Title: 5C3G,2224,5/15/26 13:45,113.137,
Plot Title: 5C3G,2225,5/15/26 14:00,111.139,
Plot Title: 5C3G,2226,5/15/26 14:15,108.322,
Plot Title: 5C3G,2227,5/15/26 14:30,105.994,
Plot Title: 5C3G,2228,5/15/26 14:45,103.307,
Plot Title: 5C3G,2229,5/15/26 15:00,100.083,
Plot Title: 5C3G,2230,5/15/26 15:15,97.137,
Plot Title: 5C3G,2231,5/15/26 15:30,97.916,
Plot Title: 5C3G,2232,5/15/26 15:45,96.168,
Plot Title: 5C3G,2233,5/15/26 16:00,95.4,
Plot Title: 5C3G,2234,5/15/26 16:15,89.384,
Plot Title: 5C3G,2235,5/15/26 16:30,81.975,
Plot Title: 5C3G,2236,5/15/26 16:45,78.8,
Plot Title: 5C3G,2237,5/15/26 17:00,76.528,
Plot Title: 5C3G,2238,5/15/26 17:15,74.964,
Plot Title: 5C3G,2239,5/15/26 17:30,74.098,
Plot Title: 5C3G,2240,5/15/26 17:45,72.372,
Plot Title: 5C3G,2241,5/15/26 18:00,70.995,
Plot Title: 5C3G,2242,5/15/26 18:15,69.107,
Plot Title: 5C3G,2243,5/15/26 18:30,67.392,
Plot Title: 5C3G,2244,5/15/26 18:45,65.68,
Plot Title: 5C3G,2245,5/15/26 19:00,64.652,
Plot Title: 5C3G,2246,5/15/26 19:15,63.797,
Plot Title: 5C3G,2247,5/15/26 19:30,62.769,
Plot Title: 5C3G,2248,5/15/26 19:45,61.398,
Plot Title: 5C3G,2249,5/15/26 20:00,59.851,
Plot Title: 5C3G,2250,5/15/26 20:15,58.476,
Plot Title: 5C3G,2251,5/15/26 20:30,57.614,
Plot Title: 5C3G,2252,5/15/26 20:45,56.577,
Plot Title: 5C3G,2253,5/15/26 21:00,55.711,
Plot Title: 5C3G,2254,5/15/26 21:15,55.017,
Plot Title: 5C3G,2255,5/15/26 21:30,54.495,
Plot Title: 5C3G,2256,5/15/26 21:45,53.973,
Plot Title: 5C3G,2257,5/15/26 22:00,53.449,
Plot Title: 5C3G,2258,5/15/26 22:15,52.75,
Plot Title: 5C3G,2259,5/15/26 22:30,52.401,
Plot Title: 5C3G,2260,5/15/26 22:45,51.874,
Plot Title: 5C3G,2261,5/15/26 23:00,51.523,
Plot Title: 5C3G,2262,5/15/26 23:15,50.995,
Plot Title: 5C3G,2263,5/15/26 23:30,50.643,
Plot Title: 5C3G,2264,5/15/26 23:45,50.113,
Plot Title: 5C3G,2265,5/16/26 00:00,49.759,
Plot Title: 5C3G,2266,5/16/26 00:15,49.228,
Plot Title: 5C3G,2267,5/16/26 00:30,48.871,
Plot Title: 5C3G,2268,5/16/26 00:45,48.517,
Plot Title: 5C3G,2269,5/16/26 01:00,48.16,
Plot Title: 5C3G,2270,5/16/26 01:15,47.982,
Plot Title: 5C3G,2271,5/16/26 01:30,47.802,
Plot Title: 5C3G,2272,5/16/26 01:45,47.624,
Plot Title: 5C3G,2273,5/16/26 02:00,47.446,
Plot Title: 5C3G,2274,5/16/26 02:15,47.088,
Plot Title: 5C3G,2275,5/16/26 02:30,46.728,
Plot Title: 5C3G,2276,5/16/26 02:45,46.728,
Plot Title: 5C3G,2277,5/16/26 03:00,46.728,
Plot Title: 5C3G,2278,5/16/26 03:15,46.369,
Plot Title: 5C3G,2279,5/16/26 03:30,46.008,
Plot Title: 5C3G,2280,5/16/26 03:45,45.648,
Plot Title: 5C3G,2281,5/16/26 04:00,45.648,
Plot Title: 5C3G,2282,5/16/26 04:15,45.648,
Plot Title: 5C3G,2283,5/16/26 04:30,45.648,
Plot Title: 5C3G,2284,5/16/26 04:45,45.648,
Plot Title: 5C3G,2285,5/16/26 05:00,45.648,
Plot Title: 5C3G,2286,5/16/26 05:15,45.466,
Plot Title: 5C3G,2287,5/16/26 05:30,45.466,
Plot Title: 5C3G,2288,5/16/26 05:45,45.286,
Plot Title: 5C3G,2289,5/16/26 06:00,45.286,
Plot Title: 5C3G,2290,5/16/26 06:15,45.286,
Plot Title: 5C3G,2291,5/16/26 06:30,45.466,
Plot Title: 5C3G,2292,5/16/26 06:45,45.648,
Plot Title: 5C3G,2293,5/16/26 07:00,46.188,
Plot Title: 5C3G,2294,5/16/26 07:15,46.548,
Plot Title: 5C3G,2295,5/16/26 07:30,46.908,
Plot Title: 5C3G,2296,5/16/26 07:45,47.446,
Plot Title: 5C3G,2297,5/16/26 08:00,48.16,
Plot Title: 5C3G,2298,5/16/26 08:15,48.695,
Plot Title: 5C3G,2299,5/16/26 08:30,51.346,
Plot Title: 5C3G,2300,5/16/26 08:45,59.164,
Plot Title: 5C3G,2301,5/16/26 09:00,66.537,
Plot Title: 5C3G,2302,5/16/26 09:15,72.372,
Plot Title: 5C3G,2303,5/16/26 09:30,70.48,
Plot Title: 5C3G,2304,5/16/26 09:45,65.68,
Plot Title: 5C3G,2305,5/16/26 10:00,63.797,
Plot Title: 5C3G,2306,5/16/26 10:15,64.825,
Plot Title: 5C3G,2307,5/16/26 10:30,66.879,
Plot Title: 5C3G,2308,5/16/26 10:45,68.077,
Plot Title: 5C3G,2309,5/16/26 11:00,69.964,
Plot Title: 5C3G,2310,5/16/26 11:15,70.995,
Plot Title: 5C3G,2311,5/16/26 11:30,68.763,
Plot Title: 5C3G,2312,5/16/26 11:45,67.906,
Plot Title: 5C3G,2313,5/16/26 12:00,67.05,
Plot Title: 5C3G,2314,5/16/26 12:15,69.107,
Plot Title: 5C3G,2315,5/16/26 12:30,77.05,
Plot Title: 5C3G,2316,5/16/26 12:45,74.619,
Plot Title: 5C3G,2317,5/16/26 13:00,72.545,
Plot Title: 5C3G,2318,5/16/26 13:15,72.028,
Plot Title: 5C3G,2319,5/16/26 13:30,70.48,
Plot Title: 5C3G,2320,5/16/26 13:45,69.107,
Plot Title: 5C3G,2321,5/16/26 14:00,69.449,
Plot Title: 5C3G,2322,5/16/26 14:15,66.537,
Plot Title: 5C3G,2323,5/16/26 14:30,64.996,
Plot Title: 5C3G,2324,5/16/26 14:45,62.083,
Plot Title: 5C3G,2325,5/16/26 15:00,58.82,
Plot Title: 5C3G,2326,5/16/26 15:15,55.537,
Plot Title: 5C3G,2327,5/16/26 15:30,54.322,
Plot Title: 5C3G,2328,5/16/26 15:45,52.05,
Plot Title: 5C3G,2329,5/16/26 16:00,47.802,
Plot Title: 5C3G,2330,5/16/26 16:15,46.188,
Plot Title: 5C3G,2331,5/16/26 16:30,45.466,
Plot Title: 5C3G,2332,5/16/26 16:45,44.379,
Plot Title: 5C3G,2333,5/16/26 17:00,43.831,
Plot Title: 5C3G,2334,5/16/26 17:15,42.915,
Plot Title: 5C3G,2335,5/16/26 17:30,42.363,
Plot Title: 5C3G,2336,5/16/26 17:45,41.81,
Plot Title: 5C3G,2337,5/16/26 18:00,41.254,
Plot Title: 5C3G,2338,5/16/26 18:15,40.881,
Plot Title: 5C3G,2339,5/16/26 18:30,40.881,
Plot Title: 5C3G,2340,5/16/26 18:45,40.881,
Plot Title: 5C3G,2341,5/16/26 19:00,40.881,
Plot Title: 5C3G,2342,5/16/26 19:15,40.881,
Plot Title: 5C3G,2343,5/16/26 19:30,40.881,
Plot Title: 5C3G,2344,5/16/26 19:45,40.881,
Plot Title: 5C3G,2345,5/16/26 20:00,40.696,
Plot Title: 5C3G,2346,5/16/26 20:15,40.696,
Plot Title: 5C3G,2347,5/16/26 20:30,40.696,
Plot Title: 5C3G,2348,5/16/26 20:45,40.696,
Plot Title: 5C3G,2349,5/16/26 21:00,40.696,
Plot Title: 5C3G,2350,5/16/26 21:15,40.696,
Plot Title: 5C3G,2351,5/16/26 21:30,40.696,
Plot Title: 5C3G,2352,5/16/26 21:45,40.696,
Plot Title: 5C3G,2353,5/16/26 22:00,40.696,
Plot Title: 5C3G,2354,5/16/26 22:15,40.696,
Plot Title: 5C3G,2355,5/16/26 22:30,40.696,
Plot Title: 5C3G,2356,5/16/26 22:45,40.509,
Plot Title: 5C3G,2357,5/16/26 23:00,40.509,
Plot Title: 5C3G,2358,5/16/26 23:15,40.509,
Plot Title: 5C3G,2359,5/16/26 23:30,40.509,
Plot Title: 5C3G,2360,5/16/26 23:45,40.509,
Plot Title: 5C3G,2361,5/17/26 00:00,40.509,
Plot Title: 5C3G,2362,5/17/26 00:15,40.509,
Plot Title: 5C3G,2363,5/17/26 00:30,40.509,
Plot Title: 5C3G,2364,5/17/26 00:45,40.321,
Plot Title: 5C3G,2365,5/17/26 01:00,40.321,
Plot Title: 5C3G,2366,5/17/26 01:15,40.321,
Plot Title: 5C3G,2367,5/17/26 01:30,40.134,
Plot Title: 5C3G,2368,5/17/26 01:45,40.134,
Plot Title: 5C3G,2369,5/17/26 02:00,40.134,
Plot Title: 5C3G,2370,5/17/26 02:15,40.134,
Plot Title: 5C3G,2371,5/17/26 02:30,40.134,
Plot Title: 5C3G,2372,5/17/26 02:45,40.134,
Plot Title: 5C3G,2373,5/17/26 03:00,40.134,
Plot Title: 5C3G,2374,5/17/26 03:15,40.134,
Plot Title: 5C3G,2375,5/17/26 03:30,40.134,
Plot Title: 5C3G,2376,5/17/26 03:45,40.134,
Plot Title: 5C3G,2377,5/17/26 04:00,40.134,
Plot Title: 5C3G,2378,5/17/26 04:15,39.947,
Plot Title: 5C3G,2379,5/17/26 04:30,39.947,
Plot Title: 5C3G,2380,5/17/26 04:45,39.947,
Plot Title: 5C3G,2381,5/17/26 05:00,39.947,
Plot Title: 5C3G,2382,5/17/26 05:15,39.947,
Plot Title: 5C3G,2383,5/17/26 05:30,39.947,
Plot Title: 5C3G,2384,5/17/26 05:45,39.76,
Plot Title: 5C3G,2385,5/17/26 06:00,39.76,
Plot Title: 5C3G,2386,5/17/26 06:15,39.76,
Plot Title: 5C3G,2387,5/17/26 06:30,39.76,
Plot Title: 5C3G,2388,5/17/26 06:45,39.76,
Plot Title: 5C3G,2389,5/17/26 07:00,39.76,
Plot Title: 5C3G,2390,5/17/26 07:15,39.76,
Plot Title: 5C3G,2391,5/17/26 07:30,39.573,
Plot Title: 5C3G,2392,5/17/26 07:45,39.573,
Plot Title: 5C3G,2393,5/17/26 08:00,39.573,
Plot Title: 5C3G,2394,5/17/26 08:15,39.573,
Plot Title: 5C3G,2395,5/17/26 08:30,39.573,
Plot Title: 5C3G,2396,5/17/26 08:45,39.573,
Plot Title: 5C3G,2397,5/17/26 09:00,39.573,
Plot Title: 5C3G,2398,5/17/26 09:15,39.573,
Plot Title: 5C3G,2399,5/17/26 09:30,39.573,
Plot Title: 5C3G,2400,5/17/26 09:45,39.573,
Plot Title: 5C3G,2401,5/17/26 10:00,39.573,
Plot Title: 5C3G,2402,5/17/26 10:15,39.573,
Plot Title: 5C3G,2403,5/17/26 10:30,39.384,
Plot Title: 5C3G,2404,5/17/26 10:45,39.384,
Plot Title: 5C3G,2405,5/17/26 11:00,39.384,
Plot Title: 5C3G,2406,5/17/26 11:15,39.384,
Plot Title: 5C3G,2407,5/17/26 11:30,39.384,
Plot Title: 5C3G,2408,5/17/26 11:45,39.384,
Plot Title: 5C3G,2409,5/17/26 12:00,39.384,
Plot Title: 5C3G,2410,5/17/26 12:15,39.573,
Plot Title: 5C3G,2411,5/17/26 12:30,39.573,
Plot Title: 5C3G,2412,5/17/26 12:45,39.573,
Plot Title: 5C3G,2413,5/17/26 13:00,39.384,
Plot Title: 5C3G,2414,5/17/26 13:15,39.573,
Plot Title: 5C3G,2415,5/17/26 13:30,39.384,
Plot Title: 5C3G,2416,5/17/26 13:45,39.196,
Plot Title: 5C3G,2417,5/17/26 14:00,39.007,
Plot Title: 5C3G,2418,5/17/26 14:15,39.007,
Plot Title: 5C3G,2419,5/17/26 14:30,38.818,
Plot Title: 5C3G,2420,5/17/26 14:45,39.007,
Plot Title: 5C3G,2421,5/17/26 15:00,38.818,
Plot Title: 5C3G,2422,5/17/26 15:15,38.818,
Plot Title: 5C3G,2423,5/17/26 15:30,38.818,
Plot Title: 5C3G,2424,5/17/26 15:45,38.818,
Plot Title: 5C3G,2425,5/17/26 16:00,39.384,
Plot Title: 5C3G,2426,5/17/26 16:15,39.196,
Plot Title: 5C3G,2427,5/17/26 16:30,39.007,
Plot Title: 5C3G,2428,5/17/26 16:45,39.007,
Plot Title: 5C3G,2429,5/17/26 17:00,38.818,
Plot Title: 5C3G,2430,5/17/26 17:15,38.818,
Plot Title: 5C3G,2431,5/17/26 17:30,38.818,
Plot Title: 5C3G,2432,5/17/26 17:45,38.818,
Plot Title: 5C3G,2433,5/17/26 18:00,38.629,
Plot Title: 5C3G,2434,5/17/26 18:15,38.818,
Plot Title: 5C3G,2435,5/17/26 18:30,38.818,
Plot Title: 5C3G,2436,5/17/26 18:45,38.818,
Plot Title: 5C3G,2437,5/17/26 19:00,38.629,
Plot Title: 5C3G,2438,5/17/26 19:15,38.629,
Plot Title: 5C3G,2439,5/17/26 19:30,38.629,
Plot Title: 5C3G,2440,5/17/26 19:45,38.629,
Plot Title: 5C3G,2441,5/17/26 20:00,38.629,
Plot Title: 5C3G,2442,5/17/26 20:15,38.44,
Plot Title: 5C3G,2443,5/17/26 20:30,38.44,
Plot Title: 5C3G,2444,5/17/26 20:45,38.44,
Plot Title: 5C3G,2445,5/17/26 21:00,38.44,
Plot Title: 5C3G,2446,5/17/26 21:15,38.44,
Plot Title: 5C3G,2447,5/17/26 21:30,38.25,
Plot Title: 5C3G,2448,5/17/26 21:45,38.25,
Plot Title: 5C3G,2449,5/17/26 22:00,38.25,
Plot Title: 5C3G,2450,5/17/26 22:15,38.25,
Plot Title: 5C3G,2451,5/17/26 22:30,38.25,
Plot Title: 5C3G,2452,5/17/26 22:45,38.061,
Plot Title: 5C3G,2453,5/17/26 23:00,38.061,
Plot Title: 5C3G,2454,5/17/26 23:15,38.061,
Plot Title: 5C3G,2455,5/17/26 23:30,38.061,
Plot Title: 5C3G,2456,5/17/26 23:45,38.061,
Plot Title: 5C3G,2457,5/18/26 00:00,37.87,
Plot Title: 5C3G,2458,5/18/26 00:15,37.87,
Plot Title: 5C3G,2459,5/18/26 00:30,37.87,
Plot Title: 5C3G,2460,5/18/26 00:45,37.87,
Plot Title: 5C3G,2461,5/18/26 01:00,37.87,
Plot Title: 5C3G,2462,5/18/26 01:15,37.87,
Plot Title: 5C3G,2463,5/18/26 01:30,37.87,
Plot Title: 5C3G,2464,5/18/26 01:45,37.87,
Plot Title: 5C3G,2465,5/18/26 02:00,37.87,
Plot Title: 5C3G,2466,5/18/26 02:15,37.679,
Plot Title: 5C3G,2467,5/18/26 02:30,37.679,
Plot Title: 5C3G,2468,5/18/26 02:45,37.679,
Plot Title: 5C3G,2469,5/18/26 03:00,37.679,
Plot Title: 5C3G,2470,5/18/26 03:15,37.679,
Plot Title: 5C3G,2471,5/18/26 03:30,37.679,
Plot Title: 5C3G,2472,5/18/26 03:45,37.679,
Plot Title: 5C3G,2473,5/18/26 04:00,37.679,
Plot Title: 5C3G,2474,5/18/26 04:15,37.679,
Plot Title: 5C3G,2475,5/18/26 04:30,37.679,
Plot Title: 5C3G,2476,5/18/26 04:45,37.679,
Plot Title: 5C3G,2477,5/18/26 05:00,37.679,
Plot Title: 5C3G,2478,5/18/26 05:15,37.679,
Plot Title: 5C3G,2479,5/18/26 05:30,37.679,
Plot Title: 5C3G,2480,5/18/26 05:45,37.679,
Plot Title: 5C3G,2481,5/18/26 06:00,37.679,
Plot Title: 5C3G,2482,5/18/26 06:15,37.679,
Plot Title: 5C3G,2483,5/18/26 06:30,37.679,
Plot Title: 5C3G,2484,5/18/26 06:45,37.679,
Plot Title: 5C3G,2485,5/18/26 07:00,37.679,
Plot Title: 5C3G,2486,5/18/26 07:15,37.679,
Plot Title: 5C3G,2487,5/18/26 07:30,37.679,
Plot Title: 5C3G,2488,5/18/26 07:45,37.679,
Plot Title: 5C3G,2489,5/18/26 08:00,37.679,
Plot Title: 5C3G,2490,5/18/26 08:15,37.679,
Plot Title: 5C3G,2491,5/18/26 08:30,37.679,
Plot Title: 5C3G,2492,5/18/26 08:45,37.679,
Plot Title: 5C3G,2493,5/18/26 09:00,37.87,
Plot Title: 5C3G,2494,5/18/26 09:15,37.87,
Plot Title: 5C3G,2495,5/18/26 09:30,38.061,
Plot Title: 5C3G,2496,5/18/26 09:45,38.25,
Plot Title: 5C3G,2497,5/18/26 10:00,38.25,
Plot Title: 5C3G,2498,5/18/26 10:15,38.25,
Plot Title: 5C3G,2499,5/18/26 10:30,38.44,
Plot Title: 5C3G,2500,5/18/26 10:45,38.629,
Plot Title: 5C3G,2501,5/18/26 11:00,39.007,
Plot Title: 5C3G,2502,5/18/26 11:15,39.007,
Plot Title: 5C3G,2503,5/18/26 11:30,38.818,
Plot Title: 5C3G,2504,5/18/26 11:45,38.818,
Plot Title: 5C3G,2505,5/18/26 12:00,39.007,
Plot Title: 5C3G,2506,5/18/26 12:15,39.196,
Plot Title: 5C3G,2507,5/18/26 12:30,39.196,
Plot Title: 5C3G,2508,5/18/26 12:45,39.196,
Plot Title: 5C3G,2509,5/18/26 13:00,39.196,
Plot Title: 5C3G,2510,5/18/26 13:15,39.573,
Plot Title: 5C3G,2511,5/18/26 13:30,39.76,
Plot Title: 5C3G,2512,5/18/26 13:45,40.696,
Plot Title: 5C3G,2513,5/18/26 14:00,40.881,
Plot Title: 5C3G,2514,5/18/26 14:15,40.696,
Plot Title: 5C3G,2515,5/18/26 14:30,40.696,
Plot Title: 5C3G,2516,5/18/26 14:45,41.067,
Plot Title: 5C3G,2517,5/18/26 15:00,41.625,
Plot Title: 5C3G,2518,5/18/26 15:15,41.625,
Plot Title: 5C3G,2519,5/18/26 15:30,41.625,
Plot Title: 5C3G,2520,5/18/26 15:45,41.81,
Plot Title: 5C3G,2521,5/18/26 16:00,41.994,
Plot Title: 5C3G,2522,5/18/26 16:15,42.179,
Plot Title: 5C3G,2523,5/18/26 16:30,42.363,
Plot Title: 5C3G,2524,5/18/26 16:45,42.179,
Plot Title: 5C3G,2525,5/18/26 17:00,41.994,
Plot Title: 5C3G,2526,5/18/26 17:15,41.81,
Plot Title: 5C3G,2527,5/18/26 17:30,42.363,
Plot Title: 5C3G,2528,5/18/26 17:45,42.179,
Plot Title: 5C3G,2529,5/18/26 18:00,41.254,
Plot Title: 5C3G,2530,5/18/26 18:15,40.509,
Plot Title: 5C3G,2531,5/18/26 18:30,39.947,
Plot Title: 5C3G,2532,5/18/26 18:45,39.573,
Plot Title: 5C3G,2533,5/18/26 19:00,39.196,
Plot Title: 5C3G,2534,5/18/26 19:15,39.007,
Plot Title: 5C3G,2535,5/18/26 19:30,38.629,
Plot Title: 5C3G,2536,5/18/26 19:45,38.25,
Plot Title: 5C3G,2537,5/18/26 20:00,38.061,
Plot Title: 5C3G,2538,5/18/26 20:15,37.679,
Plot Title: 5C3G,2539,5/18/26 20:30,37.488,
Plot Title: 5C3G,2540,5/18/26 20:45,37.107,
Plot Title: 5C3G,2541,5/18/26 21:00,36.914,
Plot Title: 5C3G,2542,5/18/26 21:15,36.723,
Plot Title: 5C3G,2543,5/18/26 21:30,36.338,
Plot Title: 5C3G,2544,5/18/26 21:45,36.145,
Plot Title: 5C3G,2545,5/18/26 22:00,35.951,
Plot Title: 5C3G,2546,5/18/26 22:15,35.758,
Plot Title: 5C3G,2547,5/18/26 22:30,35.758,
Plot Title: 5C3G,2548,5/18/26 22:45,35.564,
Plot Title: 5C3G,2549,5/18/26 23:00,35.37,
Plot Title: 5C3G,2550,5/18/26 23:15,35.175,
Plot Title: 5C3G,2551,5/18/26 23:30,35.175,
Plot Title: 5C3G,2552,5/18/26 23:45,34.981,
Plot Title: 5C3G,2553,5/19/26 00:00,34.981,
Plot Title: 5C3G,2554,5/19/26 00:15,34.786,
Plot Title: 5C3G,2555,5/19/26 00:30,34.59,
Plot Title: 5C3G,2556,5/19/26 00:45,34.59,
Plot Title: 5C3G,2557,5/19/26 01:00,34.394,
Plot Title: 5C3G,2558,5/19/26 01:15,34.198,
Plot Title: 5C3G,2559,5/19/26 01:30,34.002,
Plot Title: 5C3G,2560,5/19/26 01:45,34.002,
Plot Title: 5C3G,2561,5/19/26 02:00,33.805,
Plot Title: 5C3G,2562,5/19/26 02:15,33.607,
Plot Title: 5C3G,2563,5/19/26 02:30,33.607,
Plot Title: 5C3G,2564,5/19/26 02:45,33.411,
Plot Title: 5C3G,2565,5/19/26 03:00,33.213,
Plot Title: 5C3G,2566,5/19/26 03:15,33.013,
Plot Title: 5C3G,2567,5/19/26 03:30,33.013,
Plot Title: 5C3G,2568,5/19/26 03:45,32.815,
Plot Title: 5C3G,2569,5/19/26 04:00,32.617,
Plot Title: 5C3G,2570,5/19/26 04:15,32.418,
Plot Title: 5C3G,2571,5/19/26 04:30,32.218,
Plot Title: 5C3G,2572,5/19/26 04:45,32.018,
Plot Title: 5C3G,2573,5/19/26 05:00,32.018,
Plot Title: 5C3G,2574,5/19/26 05:15,31.816,
Plot Title: 5C3G,2575,5/19/26 05:30,31.617,
Plot Title: 5C3G,2576,5/19/26 05:45,31.415,
Plot Title: 5C3G,2577,5/19/26 06:00,31.415,
Plot Title: 5C3G,2578,5/19/26 06:15,31.213,
Plot Title: 5C3G,2579,5/19/26 06:30,31.213,
Plot Title: 5C3G,2580,5/19/26 06:45,31.213,
Plot Title: 5C3G,2581,5/19/26 07:00,31.213,
Plot Title: 5C3G,2582,5/19/26 07:15,31.415,
Plot Title: 5C3G,2583,5/19/26 07:30,31.415,
Plot Title: 5C3G,2584,5/19/26 07:45,31.617,
Plot Title: 5C3G,2585,5/19/26 08:00,31.816,
Plot Title: 5C3G,2586,5/19/26 08:15,32.018,
Plot Title: 5C3G,2587,5/19/26 08:30,32.218,
Plot Title: 5C3G,2588,5/19/26 08:45,32.617,
Plot Title: 5C3G,2589,5/19/26 09:00,32.617,
Plot Title: 5C3G,2590,5/19/26 09:15,33.013,
Plot Title: 5C3G,2591,5/19/26 09:30,34.981,
Plot Title: 5C3G,2592,5/19/26 09:45,40.321,
Plot Title: 5C3G,2593,5/19/26 10:00,48.339,
Plot Title: 5C3G,2594,5/19/26 10:15,56.057,
Plot Title: 5C3G,2595,5/19/26 10:30,61.912,
Plot Title: 5C3G,2596,5/19/26 10:45,65.167,
Plot Title: 5C3G,2597,5/19/26 11:00,67.392,
Plot Title: 5C3G,2598,5/19/26 11:15,68.934,
Plot Title: 5C3G,2599,5/19/26 11:30,70.137,
Plot Title: 5C3G,2600,5/19/26 11:45,71.168,
Plot Title: 5C3G,2601,5/19/26 12:00,69.622,
Plot Title: 5C3G,2602,5/19/26 12:15,70.48,
Plot Title: 5C3G,2603,5/19/26 12:30,68.934,
Plot Title: 5C3G,2604,5/19/26 12:45,69.107,
Plot Title: 5C3G,2605,5/19/26 13:00,69.793,
Plot Title: 5C3G,2606,5/19/26 13:15,68.077,
Plot Title: 5C3G,2607,5/19/26 13:30,64.652,
Plot Title: 5C3G,2608,5/19/26 13:45,62.425,
Plot Title: 5C3G,2609,5/19/26 14:00,59.337,
Plot Title: 5C3G,2610,5/19/26 14:15,58.82,
Plot Title: 5C3G,2611,5/19/26 14:30,57.441,
Plot Title: 5C3G,2612,5/19/26 14:45,57.785,
Plot Title: 5C3G,2613,5/19/26 15:00,58.476,
Plot Title: 5C3G,2614,5/19/26 15:15,58.303,
Plot Title: 5C3G,2615,5/19/26 15:30,57.441,
Plot Title: 5C3G,2616,5/19/26 15:45,58.131,
Plot Title: 5C3G,2617,5/19/26 16:00,57.958,
Plot Title: 5C3G,2618,5/19/26 16:15,55.537,
Plot Title: 5C3G,2619,5/19/26 16:30,55.884,
Plot Title: 5C3G,2620,5/19/26 16:45,53.623,
Plot Title: 5C3G,2621,5/19/26 17:00,53.1,
Plot Title: 5C3G,2622,5/19/26 17:15,52.925,
Plot Title: 5C3G,2623,5/19/26 17:30,53.1,
Plot Title: 5C3G,2624,5/19/26 17:45,53.274,
Plot Title: 5C3G,2625,5/19/26 18:00,52.401,
Plot Title: 5C3G,2626,5/19/26 18:15,51.523,
Plot Title: 5C3G,2627,5/19/26 18:30,50.819,
Plot Title: 5C3G,2628,5/19/26 18:45,50.466,
Plot Title: 5C3G,2629,5/19/26 19:00,50.466,
Plot Title: 5C3G,2630,5/19/26 19:15,50.113,
Plot Title: 5C3G,2631,5/19/26 19:30,49.582,
Plot Title: 5C3G,2632,5/19/26 19:45,48.16,
Plot Title: 5C3G,2633,5/19/26 20:00,47.088,
Plot Title: 5C3G,2634,5/19/26 20:15,46.548,
Plot Title: 5C3G,2635,5/19/26 20:30,46.369,
Plot Title: 5C3G,2636,5/19/26 20:45,46.008,
Plot Title: 5C3G,2637,5/19/26 21:00,45.466,
Plot Title: 5C3G,2638,5/19/26 21:15,44.56,
Plot Title: 5C3G,2639,5/19/26 21:30,43.466,
Plot Title: 5C3G,2640,5/19/26 21:45,42.915,
Plot Title: 5C3G,2641,5/19/26 22:00,42.363,
Plot Title: 5C3G,2642,5/19/26 22:15,41.81,
Plot Title: 5C3G,2643,5/19/26 22:30,41.439,
Plot Title: 5C3G,2644,5/19/26 22:45,41.067,
Plot Title: 5C3G,2645,5/19/26 23:00,40.696,
Plot Title: 5C3G,2646,5/19/26 23:15,40.881,
Plot Title: 5C3G,2647,5/19/26 23:30,40.696,
Plot Title: 5C3G,2648,5/19/26 23:45,40.881,
Plot Title: 5C3G,2649,5/20/26 00:00,40.509,
Plot Title: 5C3G,2650,5/20/26 00:15,40.321,
Plot Title: 5C3G,2651,5/20/26 00:30,39.947,
Plot Title: 5C3G,2652,5/20/26 00:45,39.384,
Plot Title: 5C3G,2653,5/20/26 01:00,39.196,
Plot Title: 5C3G,2654,5/20/26 01:15,39.384,
Plot Title: 5C3G,2655,5/20/26 01:30,39.573,
Plot Title: 5C3G,2656,5/20/26 01:45,39.384,
Plot Title: 5C3G,2657,5/20/26 02:00,38.818,
Plot Title: 5C3G,2658,5/20/26 02:15,38.44,
Plot Title: 5C3G,2659,5/20/26 02:30,38.061,
Plot Title: 5C3G,2660,5/20/26 02:45,37.87,
Plot Title: 5C3G,2661,5/20/26 03:00,37.679,
Plot Title: 5C3G,2662,5/20/26 03:15,37.488,
Plot Title: 5C3G,2663,5/20/26 03:30,37.107,
Plot Title: 5C3G,2664,5/20/26 03:45,36.914,
Plot Title: 5C3G,2665,5/20/26 04:00,36.723,
Plot Title: 5C3G,2666,5/20/26 04:15,36.531,
Plot Title: 5C3G,2667,5/20/26 04:30,36.338,
Plot Title: 5C3G,2668,5/20/26 04:45,36.338,
Plot Title: 5C3G,2669,5/20/26 05:00,36.338,
Plot Title: 5C3G,2670,5/20/26 05:15,36.145,
Plot Title: 5C3G,2671,5/20/26 05:30,36.145,
Plot Title: 5C3G,2672,5/20/26 05:45,35.951,
Plot Title: 5C3G,2673,5/20/26 06:00,35.951,
Plot Title: 5C3G,2674,5/20/26 06:15,35.951,
Plot Title: 5C3G,2675,5/20/26 06:30,36.338,
Plot Title: 5C3G,2676,5/20/26 06:45,36.914,
Plot Title: 5C3G,2677,5/20/26 07:00,36.914,
Plot Title: 5C3G,2678,5/20/26 07:15,36.914,
Plot Title: 5C3G,2679,5/20/26 07:30,36.914,
Plot Title: 5C3G,2680,5/20/26 07:45,37.107,
Plot Title: 5C3G,2681,5/20/26 08:00,37.87,
Plot Title: 5C3G,2682,5/20/26 08:15,39.007,
Plot Title: 5C3G,2683,5/20/26 08:30,42.732,
Plot Title: 5C3G,2684,5/20/26 08:45,51.346,
Plot Title: 5C3G,2685,5/20/26 09:00,56.577,
Plot Title: 5C3G,2686,5/20/26 09:15,53.973,
Plot Title: 5C3G,2687,5/20/26 09:30,59.68,
Plot Title: 5C3G,2688,5/20/26 09:45,58.131,
Plot Title: 5C3G,2689,5/20/26 10:00,55.364,
Plot Title: 5C3G,2690,5/20/26 10:15,51.874,
Plot Title: 5C3G,2691,5/20/26 10:30,53.973,
Plot Title: 5C3G,2692,5/20/26 10:45,61.227,
Plot Title: 5C3G,2693,5/20/26 11:00,57.096,
Plot Title: 5C3G,2694,5/20/26 11:15,59.851,
Plot Title: 5C3G,2695,5/20/26 11:30,55.364,
Plot Title: 5C3G,2696,5/20/26 11:45,54.669,
Plot Title: 5C3G,2697,5/20/26 12:00,55.537,
Plot Title: 5C3G,2698,5/20/26 12:15,56.404,
Plot Title: 5C3G,2699,5/20/26 12:30,56.75,
Plot Title: 5C3G,2700,5/20/26 12:45,63.282,
Plot Title: 5C3G,2701,5/20/26 13:00,63.968,
Plot Title: 5C3G,2702,5/20/26 13:15,60.539,
Plot Title: 5C3G,2703,5/20/26 13:30,65.338,
Plot Title: 5C3G,2704,5/20/26 13:45,64.31,
Plot Title: 5C3G,2705,5/20/26 14:00,63.111,
Plot Title: 5C3G,2706,5/20/26 14:15,63.797,
Plot Title: 5C3G,2707,5/20/26 14:30,61.398,
Plot Title: 5C3G,2708,5/20/26 14:45,60.368,
Plot Title: 5C3G,2709,5/20/26 15:00,57.441,
Plot Title: 5C3G,2710,5/20/26 15:15,62.598,
Plot Title: 5C3G,2711,5/20/26 15:30,63.111,
Plot Title: 5C3G,2712,5/20/26 15:45,61.741,
Plot Title: 5C3G,2713,5/20/26 16:00,59.68,
Plot Title: 5C3G,2714,5/20/26 16:15,59.164,
Plot Title: 5C3G,2715,5/20/26 16:30,58.82,
Plot Title: 5C3G,2716,5/20/26 16:45,58.476,
Plot Title: 5C3G,2717,5/20/26 17:00,56.404,
Plot Title: 5C3G,2718,5/20/26 17:15,56.404,
Plot Title: 5C3G,2719,5/20/26 17:30,55.711,
Plot Title: 5C3G,2720,5/20/26 17:45,54.147,
Plot Title: 5C3G,2721,5/20/26 18:00,54.147,
Plot Title: 5C3G,2722,5/20/26 18:15,54.495,
Plot Title: 5C3G,2723,5/20/26 18:30,54.147,
Plot Title: 5C3G,2724,5/20/26 18:45,53.973,
Plot Title: 5C3G,2725,5/20/26 19:00,52.75,
Plot Title: 5C3G,2726,5/20/26 19:15,51.699,
Plot Title: 5C3G,2727,5/20/26 19:30,50.466,
Plot Title: 5C3G,2728,5/20/26 19:45,49.05,
Plot Title: 5C3G,2729,5/20/26 20:00,48.339,
Plot Title: 5C3G,2730,5/20/26 20:15,47.802,
Plot Title: 5C3G,2731,5/20/26 20:30,47.266,
Plot Title: 5C3G,2732,5/20/26 20:45,46.728,
Plot Title: 5C3G,2733,5/20/26 21:00,44.56,
Plot Title: 5C3G,2734,5/20/26 21:15,42.732,
Plot Title: 5C3G,2735,5/20/26 21:30,42.179,
Plot Title: 5C3G,2736,5/20/26 21:45,42.179,
Plot Title: 5C3G,2737,5/20/26 22:00,41.994,
Plot Title: 5C3G,2738,5/20/26 22:15,41.994,
Plot Title: 5C3G,2739,5/20/26 22:30,41.625,
Plot Title: 5C3G,2740,5/20/26 22:45,40.881,
Plot Title: 5C3G,2741,5/20/26 23:00,40.696,
Plot Title: 5C3G,2742,5/20/26 23:15,40.509,
Plot Title: 5C3G,2743,5/20/26 23:30,40.321,
Plot Title: 5C3G,2744,5/20/26 23:45,40.321,
Plot Title: 5C3G,2745,5/21/26 00:00,40.321,
Plot Title: 5C3G,2746,5/21/26 00:15,40.134,
Plot Title: 5C3G,2747,5/21/26 00:30,40.134,
Plot Title: 5C3G,2748,5/21/26 00:45,40.134,
Plot Title: 5C3G,2749,5/21/26 01:00,39.947,
Plot Title: 5C3G,2750,5/21/26 01:15,39.76,
Plot Title: 5C3G,2751,5/21/26 01:30,39.76,
Plot Title: 5C3G,2752,5/21/26 01:45,39.76,
Plot Title: 5C3G,2753,5/21/26 02:00,39.573,
Plot Title: 5C3G,2754,5/21/26 02:15,39.573,
Plot Title: 5C3G,2755,5/21/26 02:30,39.573,
Plot Title: 5C3G,2756,5/21/26 02:45,39.573,
Plot Title: 5C3G,2757,5/21/26 03:00,39.384,
Plot Title: 5C3G,2758,5/21/26 03:15,39.384,
Plot Title: 5C3G,2759,5/21/26 03:30,39.384,
Plot Title: 5C3G,2760,5/21/26 03:45,39.196,
Plot Title: 5C3G,2761,5/21/26 04:00,39.196,
Plot Title: 5C3G,2762,5/21/26 04:15,39.196,
Plot Title: 5C3G,2763,5/21/26 04:30,39.007,
Plot Title: 5C3G,2764,5/21/26 04:45,39.007,
Plot Title: 5C3G,2765,5/21/26 05:00,39.007,
Plot Title: 5C3G,2766,5/21/26 05:15,38.818,
Plot Title: 5C3G,2767,5/21/26 05:30,38.818,
Plot Title: 5C3G,2768,5/21/26 05:45,38.818,
Plot Title: 5C3G,2769,5/21/26 06:00,38.818,
Plot Title: 5C3G,2770,5/21/26 06:15,38.818,
Plot Title: 5C3G,2771,5/21/26 06:30,38.818,
Plot Title: 5C3G,2772,5/21/26 06:45,38.629,
Plot Title: 5C3G,2773,5/21/26 07:00,38.818,
Plot Title: 5C3G,2774,5/21/26 07:15,38.818,
Plot Title: 5C3G,2775,5/21/26 07:30,38.629,
Plot Title: 5C3G,2776,5/21/26 07:45,38.629,
Plot Title: 5C3G,2777,5/21/26 08:00,38.629,
Plot Title: 5C3G,2778,5/21/26 08:15,38.629,
Plot Title: 5C3G,2779,5/21/26 08:30,38.629,
Plot Title: 5C3G,2780,5/21/26 08:45,38.629,
Plot Title: 5C3G,2781,5/21/26 09:00,38.629,
Plot Title: 5C3G,2782,5/21/26 09:15,38.44,
Plot Title: 5C3G,2783,5/21/26 09:30,38.44,
Plot Title: 5C3G,2784,5/21/26 09:45,38.44,
Plot Title: 5C3G,2785,5/21/26 10:00,38.44,
Plot Title: 5C3G,2786,5/21/26 10:15,38.44,
Plot Title: 5C3G,2787,5/21/26 10:30,38.44,
Plot Title: 5C3G,2788,5/21/26 10:45,38.44,
Plot Title: 5C3G,2789,5/21/26 11:00,38.25,
Plot Title: 5C3G,2790,5/21/26 11:15,38.25,
Plot Title: 5C3G,2791,5/21/26 11:30,38.25,
Plot Title: 5C3G,2792,5/21/26 11:45,38.25,
Plot Title: 5C3G,2793,5/21/26 12:00,38.061,
Plot Title: 5C3G,2794,5/21/26 12:15,38.061,
Plot Title: 5C3G,2795,5/21/26 12:30,38.061,
Plot Title: 5C3G,2796,5/21/26 12:45,38.061,
Plot Title: 5C3G,2797,5/21/26 13:00,38.061,
Plot Title: 5C3G,2798,5/21/26 13:15,38.061,
Plot Title: 5C3G,2799,5/21/26 13:30,38.061,
Plot Title: 5C3G,2800,5/21/26 13:45,38.44,
Plot Title: 5C3G,2801,5/21/26 14:00,38.629,
Plot Title: 5C3G,2802,5/21/26 14:15,38.44,
Plot Title: 5C3G,2803,5/21/26 14:30,38.061,
Plot Title: 5C3G,2804,5/21/26 14:45,38.061,
Plot Title: 5C3G,2805,5/21/26 15:00,38.25,
Plot Title: 5C3G,2806,5/21/26 15:15,38.629,
Plot Title: 5C3G,2807,5/21/26 15:30,38.44,
Plot Title: 5C3G,2808,5/21/26 15:45,38.44,
Plot Title: 5C3G,2809,5/21/26 16:00,38.25,
Plot Title: 5C3G,2810,5/21/26 16:15,38.25,
Plot Title: 5C3G,2811,5/21/26 16:30,38.061,
Plot Title: 5C3G,2812,5/21/26 16:45,37.87,
Plot Title: 5C3G,2813,5/21/26 17:00,37.87,
Plot Title: 5C3G,2814,5/21/26 17:15,37.87,
Plot Title: 5C3G,2815,5/21/26 17:30,37.679,
Plot Title: 5C3G,2816,5/21/26 17:45,37.679,
Plot Title: 5C3G,2817,5/21/26 18:00,37.488,
Plot Title: 5C3G,2818,5/21/26 18:15,37.488,
Plot Title: 5C3G,2819,5/21/26 18:30,37.488,
Plot Title: 5C3G,2820,5/21/26 18:45,37.488,
Plot Title: 5C3G,2821,5/21/26 19:00,37.488,
Plot Title: 5C3G,2822,5/21/26 19:15,37.488,
Plot Title: 5C3G,2823,5/21/26 19:30,37.488,
Plot Title: 5C3G,2824,5/21/26 19:45,37.488,
Plot Title: 5C3G,2825,5/21/26 20:00,37.297,
Plot Title: 5C3G,2826,5/21/26 20:15,37.297,
Plot Title: 5C3G,2827,5/21/26 20:30,37.297,
Plot Title: 5C3G,2828,5/21/26 20:45,37.297,
Plot Title: 5C3G,2829,5/21/26 21:00,37.297,
Plot Title: 5C3G,2830,5/21/26 21:15,37.297,
Plot Title: 5C3G,2831,5/21/26 21:30,37.297,
Plot Title: 5C3G,2832,5/21/26 21:45,37.297,
Plot Title: 5C3G,2833,5/21/26 22:00,37.297,
Plot Title: 5C3G,2834,5/21/26 22:15,37.297,
Plot Title: 5C3G,2835,5/21/26 22:30,37.297,
Plot Title: 5C3G,2836,5/21/26 22:45,37.297,
Plot Title: 5C3G,2837,5/21/26 23:00,37.297,
Plot Title: 5C3G,2838,5/21/26 23:15,37.297,
Plot Title: 5C3G,2839,5/21/26 23:30,37.297,
Plot Title: 5C3G,2840,5/21/26 23:45,37.297,
Plot Title: 5C3G,2841,5/22/26 00:00,37.107,
Plot Title: 5C3G,2842,5/22/26 00:15,37.107,
Plot Title: 5C3G,2843,5/22/26 00:30,37.107,
Plot Title: 5C3G,2844,5/22/26 00:45,37.107,
Plot Title: 5C3G,2845,5/22/26 01:00,37.107,
Plot Title: 5C3G,2846,5/22/26 01:15,37.107,
Plot Title: 5C3G,2847,5/22/26 01:30,37.107,
Plot Title: 5C3G,2848,5/22/26 01:45,37.107,
Plot Title: 5C3G,2849,5/22/26 02:00,36.914,
Plot Title: 5C3G,2850,5/22/26 02:15,36.914,
Plot Title: 5C3G,2851,5/22/26 02:30,36.914,
Plot Title: 5C3G,2852,5/22/26 02:45,36.914,
Plot Title: 5C3G,2853,5/22/26 03:00,36.914,
Plot Title: 5C3G,2854,5/22/26 03:15,36.723,
Plot Title: 5C3G,2855,5/22/26 03:30,36.723,
Plot Title: 5C3G,2856,5/22/26 03:45,36.723,
Plot Title: 5C3G,2857,5/22/26 04:00,36.723,
Plot Title: 5C3G,2858,5/22/26 04:15,36.531,
Plot Title: 5C3G,2859,5/22/26 04:30,36.531,
Plot Title: 5C3G,2860,5/22/26 04:45,36.531,
Plot Title: 5C3G,2861,5/22/26 05:00,36.338,
Plot Title: 5C3G,2862,5/22/26 05:15,36.338,
Plot Title: 5C3G,2863,5/22/26 05:30,36.338,
Plot Title: 5C3G,2864,5/22/26 05:45,36.338,
Plot Title: 5C3G,2865,5/22/26 06:00,36.145,
Plot Title: 5C3G,2866,5/22/26 06:15,36.145,
Plot Title: 5C3G,2867,5/22/26 06:30,36.145,
Plot Title: 5C3G,2868,5/22/26 06:45,35.951,
Plot Title: 5C3G,2869,5/22/26 07:00,35.951,
Plot Title: 5C3G,2870,5/22/26 07:15,36.145,
Plot Title: 5C3G,2871,5/22/26 07:30,36.145,
Plot Title: 5C3G,2872,5/22/26 07:45,36.145,
Plot Title: 5C3G,2873,5/22/26 08:00,36.338,
Plot Title: 5C3G,2874,5/22/26 08:15,36.531,
Plot Title: 5C3G,2875,5/22/26 08:30,36.723,
Plot Title: 5C3G,2876,5/22/26 08:45,37.107,
Plot Title: 5C3G,2877,5/22/26 09:00,37.297,
Plot Title: 5C3G,2878,5/22/26 09:15,37.679,
Plot Title: 5C3G,2879,5/22/26 09:30,38.44,
Plot Title: 5C3G,2880,5/22/26 09:45,39.196,
Plot Title: 5C3G,2881,5/22/26 10:00,39.947,
Plot Title: 5C3G,2882,5/22/26 10:15,40.321,
Plot Title: 5C3G,2883,5/22/26 10:30,40.134,
Plot Title: 5C3G,2884,5/22/26 10:45,40.696,
Plot Title: 5C3G,2885,5/22/26 11:00,41.439,
Plot Title: 5C3G,2886,5/22/26 11:15,41.625,
Plot Title: 5C3G,2887,5/22/26 11:30,43.099,
Plot Title: 5C3G,2888,5/22/26 11:45,45.466,
Plot Title: 5C3G,2889,5/22/26 12:00,49.404,
Plot Title: 5C3G,2890,5/22/26 12:15,59.851,
Plot Title: 5C3G,2891,5/22/26 12:30,63.455,
Plot Title: 5C3G,2892,5/22/26 12:45,63.797,
Plot Title: 5C3G,2893,5/22/26 13:00,59.851,
Plot Title: 5C3G,2894,5/22/26 13:15,67.05,
Plot Title: 5C3G,2895,5/22/26 13:30,65.68,
Plot Title: 5C3G,2896,5/22/26 13:45,63.968,
Plot Title: 5C3G,2897,5/22/26 14:00,64.652,
Plot Title: 5C3G,2898,5/22/26 14:15,67.392,
Plot Title: 5C3G,2899,5/22/26 14:30,63.797,
Plot Title: 5C3G,2900,5/22/26 14:45,62.083,
Plot Title: 5C3G,2901,5/22/26 15:00,62.254,
Plot Title: 5C3G,2902,5/22/26 15:15,62.94,
Plot Title: 5C3G,2903,5/22/26 15:30,63.626,
Plot Title: 5C3G,2904,5/22/26 15:45,61.227,
Plot Title: 5C3G,2905,5/22/26 16:00,59.164,
Plot Title: 5C3G,2906,5/22/26 16:15,56.404,
Plot Title: 5C3G,2907,5/22/26 16:30,55.189,
Plot Title: 5C3G,2908,5/22/26 16:45,53.798,
Plot Title: 5C3G,2909,5/22/26 17:00,53.1,
Plot Title: 5C3G,2910,5/22/26 17:15,53.449,
Plot Title: 5C3G,2911,5/22/26 17:30,54.322,
Plot Title: 5C3G,2912,5/22/26 17:45,54.495,
Plot Title: 5C3G,2913,5/22/26 18:00,53.798,
Plot Title: 5C3G,2914,5/22/26 18:15,52.925,
Plot Title: 5C3G,2915,5/22/26 18:30,51.699,
Plot Title: 5C3G,2916,5/22/26 18:45,50.29,
Plot Title: 5C3G,2917,5/22/26 19:00,49.228,
Plot Title: 5C3G,2918,5/22/26 19:15,48.695,
Plot Title: 5C3G,2919,5/22/26 19:30,48.517,
Plot Title: 5C3G,2920,5/22/26 19:45,48.339,
Plot Title: 5C3G,2921,5/22/26 20:00,47.624,
Plot Title: 5C3G,2922,5/22/26 20:15,46.728,
Plot Title: 5C3G,2923,5/22/26 20:30,45.828,
Plot Title: 5C3G,2924,5/22/26 20:45,45.286,
Plot Title: 5C3G,2925,5/22/26 21:00,44.922,
Plot Title: 5C3G,2926,5/22/26 21:15,44.379,
Plot Title: 5C3G,2927,5/22/26 21:30,44.195,
Plot Title: 5C3G,2928,5/22/26 21:45,43.831,
Plot Title: 5C3G,2929,5/22/26 22:00,43.466,
Plot Title: 5C3G,2930,5/22/26 22:15,43.099,
Plot Title: 5C3G,2931,5/22/26 22:30,43.099,
Plot Title: 5C3G,2932,5/22/26 22:45,43.282,
Plot Title: 5C3G,2933,5/22/26 23:00,43.282,
Plot Title: 5C3G,2934,5/22/26 23:15,43.466,
Plot Title: 5C3G,2935,5/22/26 23:30,43.282,
Plot Title: 5C3G,2936,5/22/26 23:45,43.282,
Plot Title: 5C3G,2937,5/23/26 00:00,42.915,
Plot Title: 5C3G,2938,5/23/26 00:15,42.548,
Plot Title: 5C3G,2939,5/23/26 00:30,42.179,
Plot Title: 5C3G,2940,5/23/26 00:45,42.363,
Plot Title: 5C3G,2941,5/23/26 01:00,42.548,
Plot Title: 5C3G,2942,5/23/26 01:15,42.363,
Plot Title: 5C3G,2943,5/23/26 01:30,42.179,
Plot Title: 5C3G,2944,5/23/26 01:45,42.179,
Plot Title: 5C3G,2945,5/23/26 02:00,41.994,
Plot Title: 5C3G,2946,5/23/26 02:15,41.81,
Plot Title: 5C3G,2947,5/23/26 02:30,41.439,
Plot Title: 5C3G,2948,5/23/26 02:45,41.439,
Plot Title: 5C3G,2949,5/23/26 03:00,41.254,
Plot Title: 5C3G,2950,5/23/26 03:15,41.067,
Plot Title: 5C3G,2951,5/23/26 03:30,40.509,
Plot Title: 5C3G,2952,5/23/26 03:45,39.947,
Plot Title: 5C3G,2953,5/23/26 04:00,39.573,
Plot Title: 5C3G,2954,5/23/26 04:15,39.384,
Plot Title: 5C3G,2955,5/23/26 04:30,39.196,
Plot Title: 5C3G,2956,5/23/26 04:45,39.007,
Plot Title: 5C3G,2957,5/23/26 05:00,38.818,
Plot Title: 5C3G,2958,5/23/26 05:15,38.818,
Plot Title: 5C3G,2959,5/23/26 05:30,38.44,
Plot Title: 5C3G,2960,5/23/26 05:45,38.44,
Plot Title: 5C3G,2961,5/23/26 06:00,38.25,
Plot Title: 5C3G,2962,5/23/26 06:15,38.44,
Plot Title: 5C3G,2963,5/23/26 06:30,38.44,
Plot Title: 5C3G,2964,5/23/26 06:45,38.629,
Plot Title: 5C3G,2965,5/23/26 07:00,38.818,
Plot Title: 5C3G,2966,5/23/26 07:15,39.007,
Plot Title: 5C3G,2967,5/23/26 07:30,39.76,
Plot Title: 5C3G,2968,5/23/26 07:45,41.067,
Plot Title: 5C3G,2969,5/23/26 08:00,42.363,
Plot Title: 5C3G,2970,5/23/26 08:15,43.466,
Plot Title: 5C3G,2971,5/23/26 08:30,45.648,
Plot Title: 5C3G,2972,5/23/26 08:45,50.643,
Plot Title: 5C3G,2973,5/23/26 09:00,56.75,
Plot Title: 5C3G,2974,5/23/26 09:15,59.851,
Plot Title: 5C3G,2975,5/23/26 09:30,63.282,
Plot Title: 5C3G,2976,5/23/26 09:45,66.193,
Plot Title: 5C3G,2977,5/23/26 10:00,68.248,
Plot Title: 5C3G,2978,5/23/26 10:15,70.137,
Plot Title: 5C3G,2979,5/23/26 10:30,68.934,
Plot Title: 5C3G,2980,5/23/26 10:45,68.592,
Plot Title: 5C3G,2981,5/23/26 11:00,72.718,
Plot Title: 5C3G,2982,5/23/26 11:15,70.137,
Plot Title: 5C3G,2983,5/23/26 11:30,74.098,
Plot Title: 5C3G,2984,5/23/26 11:45,75.484,
Plot Title: 5C3G,2985,5/23/26 12:00,76.528,
Plot Title: 5C3G,2986,5/23/26 12:15,79.151,
Plot Title: 5C3G,2987,5/23/26 12:30,81.442,
Plot Title: 5C3G,2988,5/23/26 12:45,78.975,
Plot Title: 5C3G,2989,5/23/26 13:00,74.446,
Plot Title: 5C3G,2990,5/23/26 13:15,72.545,
Plot Title: 5C3G,2991,5/23/26 13:30,71.339,
Plot Title: 5C3G,2992,5/23/26 13:45,71.339,
Plot Title: 5C3G,2993,5/23/26 14:00,69.278,
Plot Title: 5C3G,2994,5/23/26 14:15,69.278,
Plot Title: 5C3G,2995,5/23/26 14:30,70.308,
Plot Title: 5C3G,2996,5/23/26 14:45,70.651,
Plot Title: 5C3G,2997,5/23/26 15:00,71.856,
Plot Title: 5C3G,2998,5/23/26 15:15,72.372,
Plot Title: 5C3G,2999,5/23/26 15:30,71.856,
Plot Title: 5C3G,3000,5/23/26 15:45,71.512,
Plot Title: 5C3G,3001,5/23/26 16:00,67.221,
Plot Title: 5C3G,3002,5/23/26 16:15,66.193,
Plot Title: 5C3G,3003,5/23/26 16:30,64.31,
Plot Title: 5C3G,3004,5/23/26 16:45,63.111,
Plot Title: 5C3G,3005,5/23/26 17:00,63.111,
Plot Title: 5C3G,3006,5/23/26 17:15,61.569,
Plot Title: 5C3G,3007,5/23/26 17:30,60.883,
Plot Title: 5C3G,3008,5/23/26 17:45,60.539,
Plot Title: 5C3G,3009,5/23/26 18:00,59.508,
Plot Title: 5C3G,3010,5/23/26 18:15,58.476,
Plot Title: 5C3G,3011,5/23/26 18:30,58.131,
Plot Title: 5C3G,3012,5/23/26 18:45,57.441,
Plot Title: 5C3G,3013,5/23/26 19:00,56.577,
Plot Title: 5C3G,3014,5/23/26 19:15,55.364,
Plot Title: 5C3G,3015,5/23/26 19:30,54.322,
Plot Title: 5C3G,3016,5/23/26 19:45,53.623,
Plot Title: 5C3G,3017,5/23/26 20:00,52.925,
Plot Title: 5C3G,3018,5/23/26 20:15,52.225,
Plot Title: 5C3G,3019,5/23/26 20:30,51.699,
Plot Title: 5C3G,3020,5/23/26 20:45,51.172,
Plot Title: 5C3G,3021,5/23/26 21:00,50.466,
Plot Title: 5C3G,3022,5/23/26 21:15,49.937,
Plot Title: 5C3G,3023,5/23/26 21:30,49.582,
Plot Title: 5C3G,3024,5/23/26 21:45,49.05,
Plot Title: 5C3G,3025,5/23/26 22:00,48.695,
Plot Title: 5C3G,3026,5/23/26 22:15,48.339,
Plot Title: 5C3G,3027,5/23/26 22:30,48.16,
Plot Title: 5C3G,3028,5/23/26 22:45,47.802,
Plot Title: 5C3G,3029,5/23/26 23:00,47.624,
Plot Title: 5C3G,3030,5/23/26 23:15,47.266,
Plot Title: 5C3G,3031,5/23/26 23:30,47.088,
Plot Title: 5C3G,3032,5/23/26 23:45,46.728,
Plot Title: 5C3G,3033,5/24/26 00:00,46.548,
Plot Title: 5C3G,3034,5/24/26 00:15,46.369,
Plot Title: 5C3G,3035,5/24/26 00:30,46.008,
Plot Title: 5C3G,3036,5/24/26 00:45,45.648,
Plot Title: 5C3G,3037,5/24/26 01:00,45.466,
Plot Title: 5C3G,3038,5/24/26 01:15,45.286,
Plot Title: 5C3G,3039,5/24/26 01:30,44.922,
Plot Title: 5C3G,3040,5/24/26 01:45,44.742,
Plot Title: 5C3G,3041,5/24/26 02:00,44.742,
Plot Title: 5C3G,3042,5/24/26 02:15,44.379,
Plot Title: 5C3G,3043,5/24/26 02:30,44.013,
Plot Title: 5C3G,3044,5/24/26 02:45,43.831,
Plot Title: 5C3G,3045,5/24/26 03:00,43.648,
Plot Title: 5C3G,3046,5/24/26 03:15,43.466,
Plot Title: 5C3G,3047,5/24/26 03:30,43.282,
Plot Title: 5C3G,3048,5/24/26 03:45,42.915,
Plot Title: 5C3G,3049,5/24/26 04:00,42.732,
Plot Title: 5C3G,3050,5/24/26 04:15,42.548,
Plot Title: 5C3G,3051,5/24/26 04:30,42.548,
Plot Title: 5C3G,3052,5/24/26 04:45,42.363,
Plot Title: 5C3G,3053,5/24/26 05:00,42.179,
Plot Title: 5C3G,3054,5/24/26 05:15,41.994,
Plot Title: 5C3G,3055,5/24/26 05:30,41.81,
Plot Title: 5C3G,3056,5/24/26 05:45,41.81,
Plot Title: 5C3G,3057,5/24/26 06:00,41.625,
Plot Title: 5C3G,3058,5/24/26 06:15,41.625,
Plot Title: 5C3G,3059,5/24/26 06:30,41.625,
Plot Title: 5C3G,3060,5/24/26 06:45,41.81,
Plot Title: 5C3G,3061,5/24/26 07:00,41.994,
Plot Title: 5C3G,3062,5/24/26 07:15,42.179,
Plot Title: 5C3G,3063,5/24/26 07:30,42.548,
Plot Title: 5C3G,3064,5/24/26 07:45,42.915,
Plot Title: 5C3G,3065,5/24/26 08:00,43.831,
Plot Title: 5C3G,3066,5/24/26 08:15,44.742,
Plot Title: 5C3G,3067,5/24/26 08:30,46.008,
Plot Title: 5C3G,3068,5/24/26 08:45,50.29,
Plot Title: 5C3G,3069,5/24/26 09:00,55.537,
Plot Title: 5C3G,3070,5/24/26 09:15,60.368,
Plot Title: 5C3G,3071,5/24/26 09:30,63.797,
Plot Title: 5C3G,3072,5/24/26 09:45,65.851,
Plot Title: 5C3G,3073,5/24/26 10:00,65.338,
Plot Title: 5C3G,3074,5/24/26 10:15,67.735,
Plot Title: 5C3G,3075,5/24/26 10:30,69.622,
Plot Title: 5C3G,3076,5/24/26 10:45,74.791,
Plot Title: 5C3G,3077,5/24/26 11:00,77.749,
Plot Title: 5C3G,3078,5/24/26 11:15,79.853,
Plot Title: 5C3G,3079,5/24/26 11:30,81.621,
Plot Title: 5C3G,3080,5/24/26 11:45,82.508,
Plot Title: 5C3G,3081,5/24/26 12:00,81.975,
Plot Title: 5C3G,3082,5/24/26 12:15,79.678,
Plot Title: 5C3G,3083,5/24/26 12:30,83.757,
Plot Title: 5C3G,3084,5/24/26 12:45,85.554,
Plot Title: 5C3G,3085,5/24/26 13:00,86.277,
Plot Title: 5C3G,3086,5/24/26 13:15,87.004,
Plot Title: 5C3G,3087,5/24/26 13:30,86.459,
Plot Title: 5C3G,3088,5/24/26 13:45,86.277,
Plot Title: 5C3G,3089,5/24/26 14:00,85.554,
Plot Title: 5C3G,3090,5/24/26 14:15,82.686,
Plot Title: 5C3G,3091,5/24/26 14:30,85.194,
Plot Title: 5C3G,3092,5/24/26 14:45,83.757,
Plot Title: 5C3G,3093,5/24/26 15:00,83.935,
Plot Title: 5C3G,3094,5/24/26 15:15,80.029,
Plot Title: 5C3G,3095,5/24/26 15:30,78.975,
Plot Title: 5C3G,3096,5/24/26 15:45,77.749,
Plot Title: 5C3G,3097,5/24/26 16:00,74.619,
Plot Title: 5C3G,3098,5/24/26 16:15,72.199,
Plot Title: 5C3G,3099,5/24/26 16:30,70.48,
Plot Title: 5C3G,3100,5/24/26 16:45,69.622,
Plot Title: 5C3G,3101,5/24/26 17:00,69.449,
Plot Title: 5C3G,3102,5/24/26 17:15,69.107,
Plot Title: 5C3G,3103,5/24/26 17:30,68.763,
Plot Title: 5C3G,3104,5/24/26 17:45,67.906,
Plot Title: 5C3G,3105,5/24/26 18:00,66.879,
Plot Title: 5C3G,3106,5/24/26 18:15,65.509,
Plot Title: 5C3G,3107,5/24/26 18:30,63.455,
Plot Title: 5C3G,3108,5/24/26 18:45,62.083,
Plot Title: 5C3G,3109,5/24/26 19:00,61.569,
Plot Title: 5C3G,3110,5/24/26 19:15,61.569,
Plot Title: 5C3G,3111,5/24/26 19:30,61.398,
Plot Title: 5C3G,3112,5/24/26 19:45,60.539,
Plot Title: 5C3G,3113,5/24/26 20:00,59.508,
Plot Title: 5C3G,3114,5/24/26 20:15,58.476,
Plot Title: 5C3G,3115,5/24/26 20:30,57.958,
Plot Title: 5C3G,3116,5/24/26 20:45,56.923,
Plot Title: 5C3G,3117,5/24/26 21:00,56.057,
Plot Title: 5C3G,3118,5/24/26 21:15,55.364,
Plot Title: 5C3G,3119,5/24/26 21:30,54.669,
Plot Title: 5C3G,3120,5/24/26 21:45,54.147,
Plot Title: 5C3G,3121,5/24/26 22:00,53.798,
Plot Title: 5C3G,3122,5/24/26 22:15,53.274,
Plot Title: 5C3G,3123,5/24/26 22:30,52.75,
Plot Title: 5C3G,3124,5/24/26 22:45,52.401,
Plot Title: 5C3G,3125,5/24/26 23:00,52.05,
Plot Title: 5C3G,3126,5/24/26 23:15,51.699,
Plot Title: 5C3G,3127,5/24/26 23:30,51.523,
Plot Title: 5C3G,3128,5/24/26 23:45,51.172,
Plot Title: 5C3G,3129,5/25/26 00:00,50.995,
Plot Title: 5C3G,3130,5/25/26 00:15,50.643,
Plot Title: 5C3G,3131,5/25/26 00:30,50.466,
Plot Title: 5C3G,3132,5/25/26 00:45,50.113,
Plot Title: 5C3G,3133,5/25/26 01:00,49.759,
Plot Title: 5C3G,3134,5/25/26 01:15,49.582,
Plot Title: 5C3G,3135,5/25/26 01:30,49.228,
Plot Title: 5C3G,3136,5/25/26 01:45,49.05,
Plot Title: 5C3G,3137,5/25/26 02:00,48.695,
Plot Title: 5C3G,3138,5/25/26 02:15,48.517,
Plot Title: 5C3G,3139,5/25/26 02:30,48.16,
Plot Title: 5C3G,3140,5/25/26 02:45,47.982,
Plot Title: 5C3G,3141,5/25/26 03:00,47.802,
Plot Title: 5C3G,3142,5/25/26 03:15,47.624,
Plot Title: 5C3G,3143,5/25/26 03:30,47.446,
Plot Title: 5C3G,3144,5/25/26 03:45,47.266,
Plot Title: 5C3G,3145,5/25/26 04:00,47.088,
Plot Title: 5C3G,3146,5/25/26 04:15,46.908,
Plot Title: 5C3G,3147,5/25/26 04:30,46.728,
Plot Title: 5C3G,3148,5/25/26 04:45,46.728,
Plot Title: 5C3G,3149,5/25/26 05:00,46.369,
Plot Title: 5C3G,3150,5/25/26 05:15,46.188,
Plot Title: 5C3G,3151,5/25/26 05:30,46.008,
Plot Title: 5C3G,3152,5/25/26 05:45,46.008,
Plot Title: 5C3G,3153,5/25/26 06:00,45.828,
Plot Title: 5C3G,3154,5/25/26 06:15,45.828,
Plot Title: 5C3G,3155,5/25/26 06:30,45.828,
Plot Title: 5C3G,3156,5/25/26 06:45,46.008,
Plot Title: 5C3G,3157,5/25/26 07:00,46.188,
Plot Title: 5C3G,3158,5/25/26 07:15,46.369,
Plot Title: 5C3G,3159,5/25/26 07:30,46.548,
Plot Title: 5C3G,3160,5/25/26 07:45,46.908,
Plot Title: 5C3G,3161,5/25/26 08:00,47.624,
Plot Title: 5C3G,3162,5/25/26 08:15,48.339,
Plot Title: 5C3G,3163,5/25/26 08:30,49.759,
Plot Title: 5C3G,3164,5/25/26 08:45,52.75,
Plot Title: 5C3G,3165,5/25/26 09:00,58.82,
Plot Title: 5C3G,3166,5/25/26 09:15,64.31,
Plot Title: 5C3G,3167,5/25/26 09:30,68.077,
Plot Title: 5C3G,3168,5/25/26 09:45,71.512,
Plot Title: 5C3G,3169,5/25/26 10:00,75.139,
Plot Title: 5C3G,3170,5/25/26 10:15,78.449,
Plot Title: 5C3G,3171,5/25/26 10:30,81.975,
Plot Title: 5C3G,3172,5/25/26 10:45,85.554,
Plot Title: 5C3G,3173,5/25/26 11:00,88.833,
Plot Title: 5C3G,3174,5/25/26 11:15,91.612,
Plot Title: 5C3G,3175,5/25/26 11:30,94.253,
Plot Title: 5C3G,3176,5/25/26 11:45,96.168,
Plot Title: 5C3G,3177,5/25/26 12:00,96.555,
Plot Title: 5C3G,3178,5/25/26 12:15,98.897,
Plot Title: 5C3G,3179,5/25/26 12:30,100.683,
Plot Title: 5C3G,3180,5/25/26 12:45,101.484,
Plot Title: 5C3G,3181,5/25/26 13:00,101.685,
Plot Title: 5C3G,3182,5/25/26 13:15,100.283,
Plot Title: 5C3G,3183,5/25/26 13:30,87.915,
Plot Title: 5C3G,3184,5/25/26 13:45,82.508,
Plot Title: 5C3G,3185,5/25/26 14:00,77.05,
Plot Title: 5C3G,3186,5/25/26 14:15,72.372,
Plot Title: 5C3G,3187,5/25/26 14:30,72.199,
Plot Title: 5C3G,3188,5/25/26 14:45,76.181,
Plot Title: 5C3G,3189,5/25/26 15:00,71.856,
Plot Title: 5C3G,3190,5/25/26 15:15,72.718,
Plot Title: 5C3G,3191,5/25/26 15:30,76.876,
Plot Title: 5C3G,3192,5/25/26 15:45,75.832,
Plot Title: 5C3G,3193,5/25/26 16:00,69.622,
Plot Title: 5C3G,3194,5/25/26 16:15,68.763,
Plot Title: 5C3G,3195,5/25/26 16:30,66.708,
Plot Title: 5C3G,3196,5/25/26 16:45,64.996,
Plot Title: 5C3G,3197,5/25/26 17:00,63.968,
Plot Title: 5C3G,3198,5/25/26 17:15,63.455,
Plot Title: 5C3G,3199,5/25/26 17:30,63.455,
Plot Title: 5C3G,3200,5/25/26 17:45,63.282,
Plot Title: 5C3G,3201,5/25/26 18:00,63.626,
Plot Title: 5C3G,3202,5/25/26 18:15,63.968,
Plot Title: 5C3G,3203,5/25/26 18:30,63.968,
Plot Title: 5C3G,3204,5/25/26 18:45,63.455,
Plot Title: 5C3G,3205,5/25/26 19:00,62.083,
Plot Title: 5C3G,3206,5/25/26 19:15,61.741,
Plot Title: 5C3G,3207,5/25/26 19:30,61.398,
Plot Title: 5C3G,3208,5/25/26 19:45,60.712,
Plot Title: 5C3G,3209,5/25/26 20:00,59.851,
Plot Title: 5C3G,3210,5/25/26 20:15,59.164,
Plot Title: 5C3G,3211,5/25/26 20:30,58.647,
Plot Title: 5C3G,3212,5/25/26 20:45,57.958,
Plot Title: 5C3G,3213,5/25/26 21:00,56.923,
Plot Title: 5C3G,3214,5/25/26 21:15,56.057,
Plot Title: 5C3G,3215,5/25/26 21:30,55.537,
Plot Title: 5C3G,3216,5/25/26 21:45,54.842,
Plot Title: 5C3G,3217,5/25/26 22:00,54.322,
Plot Title: 5C3G,3218,5/25/26 22:15,53.973,
Plot Title: 5C3G,3219,5/25/26 22:30,53.449,
Plot Title: 5C3G,3220,5/25/26 22:45,53.1,
Plot Title: 5C3G,3221,5/25/26 23:00,52.576,
Plot Title: 5C3G,3222,5/25/26 23:15,52.225,
Plot Title: 5C3G,3223,5/25/26 23:30,51.874,
Plot Title: 5C3G,3224,5/25/26 23:45,51.523,
Plot Title: 5C3G,3225,5/26/26 00:00,51.172,
Plot Title: 5C3G,3226,5/26/26 00:15,50.995,
Plot Title: 5C3G,3227,5/26/26 00:30,50.819,
Plot Title: 5C3G,3228,5/26/26 00:45,50.643,
Plot Title: 5C3G,3229,5/26/26 01:00,50.29,
Plot Title: 5C3G,3230,5/26/26 01:15,49.937,
Plot Title: 5C3G,3231,5/26/26 01:30,49.759,
Plot Title: 5C3G,3232,5/26/26 01:45,49.582,
Plot Title: 5C3G,3233,5/26/26 02:00,49.404,
Plot Title: 5C3G,3234,5/26/26 02:15,49.228,
Plot Title: 5C3G,3235,5/26/26 02:30,49.05,
Plot Title: 5C3G,3236,5/26/26 02:45,49.05,
Plot Title: 5C3G,3237,5/26/26 03:00,48.871,
Plot Title: 5C3G,3238,5/26/26 03:15,48.695,
Plot Title: 5C3G,3239,5/26/26 03:30,48.517,
Plot Title: 5C3G,3240,5/26/26 03:45,48.339,
Plot Title: 5C3G,3241,5/26/26 04:00,48.16,
Plot Title: 5C3G,3242,5/26/26 04:15,47.802,
Plot Title: 5C3G,3243,5/26/26 04:30,47.802,
Plot Title: 5C3G,3244,5/26/26 04:45,47.802,
Plot Title: 5C3G,3245,5/26/26 05:00,47.802,
Plot Title: 5C3G,3246,5/26/26 05:15,47.982,
Plot Title: 5C3G,3247,5/26/26 05:30,47.982,
Plot Title: 5C3G,3248,5/26/26 05:45,47.802,
Plot Title: 5C3G,3249,5/26/26 06:00,47.624,
Plot Title: 5C3G,3250,5/26/26 06:15,47.802,
Plot Title: 5C3G,3251,5/26/26 06:30,47.802,
Plot Title: 5C3G,3252,5/26/26 06:45,48.16,
Plot Title: 5C3G,3253,5/26/26 07:00,48.339,
Plot Title: 5C3G,3254,5/26/26 07:15,48.517,
Plot Title: 5C3G,3255,5/26/26 07:30,48.871,
Plot Title: 5C3G,3256,5/26/26 07:45,49.404,
Plot Title: 5C3G,3257,5/26/26 08:00,49.937,
Plot Title: 5C3G,3258,5/26/26 08:15,50.643,
Plot Title: 5C3G,3259,5/26/26 08:30,52.05,
Plot Title: 5C3G,3260,5/26/26 08:45,54.495,
Plot Title: 5C3G,3261,5/26/26 09:00,60.712,
Plot Title: 5C3G,3262,5/26/26 09:15,65.167,
Plot Title: 5C3G,3263,5/26/26 09:30,60.883,
Plot Title: 5C3G,3264,5/26/26 09:45,58.993,
Plot Title: 5C3G,3265,5/26/26 10:00,58.993,
Plot Title: 5C3G,3266,5/26/26 10:15,60.024,
Plot Title: 5C3G,3267,5/26/26 10:30,60.712,
Plot Title: 5C3G,3268,5/26/26 10:45,63.282,
Plot Title: 5C3G,3269,5/26/26 11:00,63.455,
Plot Title: 5C3G,3270,5/26/26 11:15,65.509,
Plot Title: 5C3G,3271,5/26/26 11:30,70.824,
Plot Title: 5C3G,3272,5/26/26 11:45,80.735,
Plot Title: 5C3G,3273,5/26/26 12:00,77.05,
Plot Title: 5C3G,3274,5/26/26 12:15,73.407,
Plot Title: 5C3G,3275,5/26/26 12:30,81.266,
Plot Title: 5C3G,3276,5/26/26 12:45,76.354,
Plot Title: 5C3G,3277,5/26/26 13:00,76.528,
Plot Title: 5C3G,3278,5/26/26 13:15,71.339,
Plot Title: 5C3G,3279,5/26/26 13:30,69.107,
Plot Title: 5C3G,3280,5/26/26 13:45,67.221,
Plot Title: 5C3G,3281,5/26/26 14:00,65.851,
Plot Title: 5C3G,3282,5/26/26 14:15,68.248,
Plot Title: 5C3G,3283,5/26/26 14:30,70.308,
Plot Title: 5C3G,3284,5/26/26 14:45,77.749,
Plot Title: 5C3G,3285,5/26/26 15:00,78.274,
Plot Title: 5C3G,3286,5/26/26 15:15,81.266,
Plot Title: 5C3G,3287,5/26/26 15:30,76.354,
Plot Title: 5C3G,3288,5/26/26 15:45,71.168,
Plot Title: 5C3G,3289,5/26/26 16:00,68.077,
Plot Title: 5C3G,3290,5/26/26 16:15,65.338,
Plot Title: 5C3G,3291,5/26/26 16:30,63.626,
Plot Title: 5C3G,3292,5/26/26 16:45,62.425,
Plot Title: 5C3G,3293,5/26/26 17:00,61.912,
Plot Title: 5C3G,3294,5/26/26 17:15,62.254,
Plot Title: 5C3G,3295,5/26/26 17:30,62.254,
Plot Title: 5C3G,3296,5/26/26 17:45,61.569,
Plot Title: 5C3G,3297,5/26/26 18:00,61.227,
Plot Title: 5C3G,3298,5/26/26 18:15,58.82,
Plot Title: 5C3G,3299,5/26/26 18:30,57.096,
Plot Title: 5C3G,3300,5/26/26 18:45,57.441,
Plot Title: 5C3G,3301,5/26/26 19:00,57.785,
Plot Title: 5C3G,3302,5/26/26 19:15,57.441,
Plot Title: 5C3G,3303,5/26/26 19:30,57.096,
Plot Title: 5C3G,3304,5/26/26 19:45,56.404,
Plot Title: 5C3G,3305,5/26/26 20:00,55.537,
Plot Title: 5C3G,3306,5/26/26 20:15,55.189,
Plot Title: 5C3G,3307,5/26/26 20:30,54.669,
Plot Title: 5C3G,3308,5/26/26 20:45,54.147,
Plot Title: 5C3G,3309,5/26/26 21:00,53.623,
Plot Title: 5C3G,3310,5/26/26 21:15,53.274,
Plot Title: 5C3G,3311,5/26/26 21:30,52.75,
Plot Title: 5C3G,3312,5/26/26 21:45,52.576,
Plot Title: 5C3G,3313,5/26/26 22:00,52.401,
Plot Title: 5C3G,3314,5/26/26 22:15,52.225,
Plot Title: 5C3G,3315,5/26/26 22:30,52.05,
Plot Title: 5C3G,3316,5/26/26 22:45,51.699,
Plot Title: 5C3G,3317,5/26/26 23:00,51.346,
Plot Title: 5C3G,3318,5/26/26 23:15,50.819,
Plot Title: 5C3G,3319,5/26/26 23:30,50.643,
Plot Title: 5C3G,3320,5/26/26 23:45,50.466,
Plot Title: 5C3G,3321,5/27/26 00:00,50.29,
Plot Title: 5C3G,3322,5/27/26 00:15,50.113,
Plot Title: 5C3G,3323,5/27/26 00:30,50.113,
Plot Title: 5C3G,3324,5/27/26 00:45,49.582,
Plot Title: 5C3G,3325,5/27/26 01:00,49.228,
Plot Title: 5C3G,3326,5/27/26 01:15,49.228,
Plot Title: 5C3G,3327,5/27/26 01:30,49.228,
Plot Title: 5C3G,3328,5/27/26 01:45,49.05,
Plot Title: 5C3G,3329,5/27/26 02:00,48.695,
Plot Title: 5C3G,3330,5/27/26 02:15,48.517,
Plot Title: 5C3G,3331,5/27/26 02:30,47.982,
Plot Title: 5C3G,3332,5/27/26 02:45,47.624,
Plot Title: 5C3G,3333,5/27/26 03:00,47.446,
Plot Title: 5C3G,3334,5/27/26 03:15,47.266,
Plot Title: 5C3G,3335,5/27/26 03:30,47.088,
Plot Title: 5C3G,3336,5/27/26 03:45,47.088,
Plot Title: 5C3G,3337,5/27/26 04:00,46.908,
Plot Title: 5C3G,3338,5/27/26 04:15,46.548,
Plot Title: 5C3G,3339,5/27/26 04:30,46.548,
Plot Title: 5C3G,3340,5/27/26 04:45,46.369,
Plot Title: 5C3G,3341,5/27/26 05:00,46.188,
Plot Title: 5C3G,3342,5/27/26 05:15,46.008,
Plot Title: 5C3G,3343,5/27/26 05:30,46.008,
Plot Title: 5C3G,3344,5/27/26 05:45,45.828,
Plot Title: 5C3G,3345,5/27/26 06:00,45.648,
Plot Title: 5C3G,3346,5/27/26 06:15,45.648,
Plot Title: 5C3G,3347,5/27/26 06:30,45.648,
Plot Title: 5C3G,3348,5/27/26 06:45,45.828,
Plot Title: 5C3G,3349,5/27/26 07:00,45.828,
Plot Title: 5C3G,3350,5/27/26 07:15,46.008,
Plot Title: 5C3G,3351,5/27/26 07:30,46.548,
Plot Title: 5C3G,3352,5/27/26 07:45,47.266,
Plot Title: 5C3G,3353,5/27/26 08:00,47.982,
Plot Title: 5C3G,3354,5/27/26 08:15,48.517,
Plot Title: 5C3G,3355,5/27/26 08:30,49.582,
Plot Title: 5C3G,3356,5/27/26 08:45,51.172,
Plot Title: 5C3G,3357,5/27/26 09:00,56.923,
Plot Title: 5C3G,3358,5/27/26 09:15,63.797,
Plot Title: 5C3G,3359,5/27/26 09:30,68.077,
Plot Title: 5C3G,3360,5/27/26 09:45,70.308,
Plot Title: 5C3G,3361,5/27/26 10:00,72.545,
Plot Title: 5C3G,3362,5/27/26 10:15,75.312,
Plot Title: 5C3G,3363,5/27/26 10:30,77.574,
Plot Title: 5C3G,3364,5/27/26 10:45,80.029,
Plot Title: 5C3G,3365,5/27/26 11:00,82.686,
Plot Title: 5C3G,3366,5/27/26 11:15,85.194,
Plot Title: 5C3G,3367,5/27/26 11:30,87.552,
Plot Title: 5C3G,3368,5/27/26 11:45,89.755,
Plot Title: 5C3G,3369,5/27/26 12:00,91.987,
Plot Title: 5C3G,3370,5/27/26 12:15,94.444,
Plot Title: 5C3G,3371,5/27/26 12:30,96.555,
Plot Title: 5C3G,3372,5/27/26 12:45,98.11,
Plot Title: 5C3G,3373,5/27/26 13:00,99.093,
Plot Title: 5C3G,3374,5/27/26 13:15,89.2,
Plot Title: 5C3G,3375,5/27/26 13:30,89.569,
Plot Title: 5C3G,3376,5/27/26 13:45,94.444,
Plot Title: 5C3G,3377,5/27/26 14:00,90.124,
Plot Title: 5C3G,3378,5/27/26 14:15,85.194,
Plot Title: 5C3G,3379,5/27/26 14:30,84.115,
Plot Title: 5C3G,3380,5/27/26 14:45,80.206,
Plot Title: 5C3G,3381,5/27/26 15:00,77.574,
Plot Title: 5C3G,3382,5/27/26 15:15,81.09,
Plot Title: 5C3G,3383,5/27/26 15:30,78.8,
Plot Title: 5C3G,3384,5/27/26 15:45,78.274,
Plot Title: 5C3G,3385,5/27/26 16:00,75.659,
Plot Title: 5C3G,3386,5/27/26 16:15,73.407,
Plot Title: 5C3G,3387,5/27/26 16:30,71.168,
Plot Title: 5C3G,3388,5/27/26 16:45,69.449,
Plot Title: 5C3G,3389,5/27/26 17:00,68.934,
Plot Title: 5C3G,3390,5/27/26 17:15,69.278,
Plot Title: 5C3G,3391,5/27/26 17:30,69.278,
Plot Title: 5C3G,3392,5/27/26 17:45,67.05,
Plot Title: 5C3G,3393,5/27/26 18:00,66.022,
Plot Title: 5C3G,3394,5/27/26 18:15,65.167,
Plot Title: 5C3G,3395,5/27/26 18:30,65.851,
Plot Title: 5C3G,3396,5/27/26 18:45,64.996,
Plot Title: 5C3G,3397,5/27/26 19:00,63.797,
Plot Title: 5C3G,3398,5/27/26 19:15,63.282,
Plot Title: 5C3G,3399,5/27/26 19:30,61.912,
Plot Title: 5C3G,3400,5/27/26 19:45,61.054,
Plot Title: 5C3G,3401,5/27/26 20:00,60.368,
Plot Title: 5C3G,3402,5/27/26 20:15,59.851,
Plot Title: 5C3G,3403,5/27/26 20:30,59.508,
Plot Title: 5C3G,3404,5/27/26 20:45,58.993,
Plot Title: 5C3G,3405,5/27/26 21:00,58.303,
Plot Title: 5C3G,3406,5/27/26 21:15,57.785,
Plot Title: 5C3G,3407,5/27/26 21:30,57.441,
Plot Title: 5C3G,3408,5/27/26 21:45,57.096,
Plot Title: 5C3G,3409,5/27/26 22:00,56.75,
Plot Title: 5C3G,3410,5/27/26 22:15,56.404,
Plot Title: 5C3G,3411,5/27/26 22:30,55.884,
Plot Title: 5C3G,3412,5/27/26 22:45,55.537,
Plot Title: 5C3G,3413,5/27/26 23:00,55.364,
Plot Title: 5C3G,3414,5/27/26 23:15,55.017,
Plot Title: 5C3G,3415,5/27/26 23:30,54.669,
Plot Title: 5C3G,3416,5/27/26 23:45,54.495,
Plot Title: 5C3G,3417,5/28/26 00:00,54.147,
Plot Title: 5C3G,3418,5/28/26 00:15,53.973,
Plot Title: 5C3G,3419,5/28/26 00:30,53.623,
Plot Title: 5C3G,3420,5/28/26 00:45,53.449,
Plot Title: 5C3G,3421,5/28/26 01:00,53.1,
Plot Title: 5C3G,3422,5/28/26 01:15,52.925,
Plot Title: 5C3G,3423,5/28/26 01:30,52.75,
Plot Title: 5C3G,3424,5/28/26 01:45,52.576,
Plot Title: 5C3G,3425,5/28/26 02:00,52.225,
Plot Title: 5C3G,3426,5/28/26 02:15,52.05,
Plot Title: 5C3G,3427,5/28/26 02:30,51.874,
Plot Title: 5C3G,3428,5/28/26 02:45,51.874,
Plot Title: 5C3G,3429,5/28/26 03:00,51.523,
Plot Title: 5C3G,3430,5/28/26 03:15,51.346,
Plot Title: 5C3G,3431,5/28/26 03:30,50.995,
Plot Title: 5C3G,3432,5/28/26 03:45,50.819,
Plot Title: 5C3G,3433,5/28/26 04:00,50.643,
Plot Title: 5C3G,3434,5/28/26 04:15,50.643,
Plot Title: 5C3G,3435,5/28/26 04:30,50.466,
Plot Title: 5C3G,3436,5/28/26 04:45,50.29,
Plot Title: 5C3G,3437,5/28/26 05:00,49.937,
Plot Title: 5C3G,3438,5/28/26 05:15,49.759,
Plot Title: 5C3G,3439,5/28/26 05:30,49.582,
Plot Title: 5C3G,3440,5/28/26 05:45,49.404,
Plot Title: 5C3G,3441,5/28/26 06:00,49.404,
Plot Title: 5C3G,3442,5/28/26 06:15,49.228,
Plot Title: 5C3G,3443,5/28/26 06:30,49.228,
Plot Title: 5C3G,3444,5/28/26 06:45,49.228,
Plot Title: 5C3G,3445,5/28/26 07:00,49.404,
Plot Title: 5C3G,3446,5/28/26 07:15,49.582,
Plot Title: 5C3G,3447,5/28/26 07:30,49.759,
Plot Title: 5C3G,3448,5/28/26 07:45,50.113,
Plot Title: 5C3G,3449,5/28/26 08:00,50.643,
Plot Title: 5C3G,3450,5/28/26 08:15,51.172,
Plot Title: 5C3G,3451,5/28/26 08:30,51.874,
Plot Title: 5C3G,3452,5/28/26 08:45,52.75,
Plot Title: 5C3G,3453,5/28/26 09:00,58.82,
Plot Title: 5C3G,3454,5/28/26 09:15,66.022,
Plot Title: 5C3G,3455,5/28/26 09:30,70.308,
Plot Title: 5C3G,3456,5/28/26 09:45,73.753,
Plot Title: 5C3G,3457,5/28/26 10:00,76.876,
Plot Title: 5C3G,3458,5/28/26 10:15,79.678,
Plot Title: 5C3G,3459,5/28/26 10:30,82.508,
Plot Title: 5C3G,3460,5/28/26 10:45,85.735,
Plot Title: 5C3G,3461,5/28/26 11:00,89.384,
Plot Title: 5C3G,3462,5/28/26 11:15,92.55,
Plot Title: 5C3G,3463,5/28/26 11:30,93.115,
Plot Title: 5C3G,3464,5/28/26 11:45,97.525,
Plot Title: 5C3G,3465,5/28/26 12:00,101.887,
Plot Title: 5C3G,3466,5/28/26 12:15,102.697,
Plot Title: 5C3G,3467,5/28/26 12:30,102.088,
Plot Title: 5C3G,3468,5/28/26 12:45,99.093,
Plot Title: 5C3G,3469,5/28/26 13:00,93.304,
Plot Title: 5C3G,3470,5/28/26 13:15,93.682,
Plot Title: 5C3G,3471,5/28/26 13:30,90.495,
Plot Title: 5C3G,3472,5/28/26 13:45,92.926,
Plot Title: 5C3G,3473,5/28/26 14:00,87.733,
Plot Title: 5C3G,3474,5/28/26 14:15,91.053,
Plot Title: 5C3G,3475,5/28/26 14:30,88.099,
Plot Title: 5C3G,3476,5/28/26 14:45,84.115,
Plot Title: 5C3G,3477,5/28/26 15:00,86.097,
Plot Title: 5C3G,3478,5/28/26 15:15,82.686,
Plot Title: 5C3G,3479,5/28/26 15:30,85.735,
Plot Title: 5C3G,3480,5/28/26 15:45,83.043,
Plot Title: 5C3G,3481,5/28/26 16:00,80.206,
Plot Title: 5C3G,3482,5/28/26 16:15,77.4,
Plot Title: 5C3G,3483,5/28/26 16:30,76.876,
Plot Title: 5C3G,3484,5/28/26 16:45,74.791,
Plot Title: 5C3G,3485,5/28/26 17:00,72.718,
Plot Title: 5C3G,3486,5/28/26 17:15,71.856,
Plot Title: 5C3G,3487,5/28/26 17:30,73.234,
Plot Title: 5C3G,3488,5/28/26 17:45,72.372,
Plot Title: 5C3G,3489,5/28/26 18:00,70.651,
Plot Title: 5C3G,3490,5/28/26 18:15,69.278,
Plot Title: 5C3G,3491,5/28/26 18:30,68.248,
Plot Title: 5C3G,3492,5/28/26 18:45,66.879,
Plot Title: 5C3G,3493,5/28/26 19:00,65.68,
Plot Title: 5C3G,3494,5/28/26 19:15,66.022,
Plot Title: 5C3G,3495,5/28/26 19:30,66.022,
Plot Title: 5C3G,3496,5/28/26 19:45,64.996,
Plot Title: 5C3G,3497,5/28/26 20:00,63.626,
Plot Title: 5C3G,3498,5/28/26 20:15,62.425,
Plot Title: 5C3G,3499,5/28/26 20:30,61.741,
Plot Title: 5C3G,3500,5/28/26 20:45,60.539,
Plot Title: 5C3G,3501,5/28/26 21:00,59.851,
Plot Title: 5C3G,3502,5/28/26 21:15,59.164,
Plot Title: 5C3G,3503,5/28/26 21:30,58.476,
Plot Title: 5C3G,3504,5/28/26 21:45,57.958,
Plot Title: 5C3G,3505,5/28/26 22:00,57.441,
Plot Title: 5C3G,3506,5/28/26 22:15,57.096,
Plot Title: 5C3G,3507,5/28/26 22:30,56.577,
Plot Title: 5C3G,3508,5/28/26 22:45,56.23,
Plot Title: 5C3G,3509,5/28/26 23:00,55.884,
Plot Title: 5C3G,3510,5/28/26 23:15,55.711,
Plot Title: 5C3G,3511,5/28/26 23:30,55.189,
Plot Title: 5C3G,3512,5/28/26 23:45,54.669,
Plot Title: 5C3G,3513,5/29/26 00:00,54.495,
Plot Title: 5C3G,3514,5/29/26 00:15,54.147,
Plot Title: 5C3G,3515,5/29/26 00:30,53.973,
Plot Title: 5C3G,3516,5/29/26 00:45,53.623,
Plot Title: 5C3G,3517,5/29/26 01:00,53.449,
Plot Title: 5C3G,3518,5/29/26 01:15,53.274,
Plot Title: 5C3G,3519,5/29/26 01:30,52.925,
Plot Title: 5C3G,3520,5/29/26 01:45,52.576,
Plot Title: 5C3G,3521,5/29/26 02:00,52.225,
Plot Title: 5C3G,3522,5/29/26 02:15,51.874,
Plot Title: 5C3G,3523,5/29/26 02:30,51.699,
Plot Title: 5C3G,3524,5/29/26 02:45,51.523,
Plot Title: 5C3G,3525,5/29/26 03:00,50.995,
Plot Title: 5C3G,3526,5/29/26 03:15,50.819,
Plot Title: 5C3G,3527,5/29/26 03:30,50.643,
Plot Title: 5C3G,3528,5/29/26 03:45,50.29,
Plot Title: 5C3G,3529,5/29/26 04:00,50.29,
Plot Title: 5C3G,3530,5/29/26 04:15,49.937,
Plot Title: 5C3G,3531,5/29/26 04:30,49.937,
Plot Title: 5C3G,3532,5/29/26 04:45,49.937,
Plot Title: 5C3G,3533,5/29/26 05:00,49.937,
Plot Title: 5C3G,3534,5/29/26 05:15,49.759,
Plot Title: 5C3G,3535,5/29/26 05:30,49.228,
Plot Title: 5C3G,3536,5/29/26 05:45,49.228,
Plot Title: 5C3G,3537,5/29/26 06:00,49.05,
Plot Title: 5C3G,3538,5/29/26 06:15,49.05,
Plot Title: 5C3G,3539,5/29/26 06:30,48.871,
Plot Title: 5C3G,3540,5/29/26 06:45,48.871,
Plot Title: 5C3G,3541,5/29/26 07:00,49.404,
Plot Title: 5C3G,3542,5/29/26 07:15,49.759,
Plot Title: 5C3G,3543,5/29/26 07:30,49.759,
Plot Title: 5C3G,3544,5/29/26 07:45,49.937,
Plot Title: 5C3G,3545,5/29/26 08:00,50.466,
Plot Title: 5C3G,3546,5/29/26 08:15,51.172,
Plot Title: 5C3G,3547,5/29/26 08:30,52.75,
Plot Title: 5C3G,3548,5/29/26 08:45,53.798,
Plot Title: 5C3G,3549,5/29/26 09:00,58.303,
Plot Title: 5C3G,3550,5/29/26 09:15,65.851,
Plot Title: 5C3G,3551,5/29/26 09:30,71.339,
Plot Title: 5C3G,3552,5/29/26 09:45,72.891,
Plot Title: 5C3G,3553,5/29/26 10:00,74.964,
Plot Title: 5C3G,3554,5/29/26 10:15,79.502,
Plot Title: 5C3G,3555,5/29/26 10:30,84.115,
Plot Title: 5C3G,3556,5/29/26 10:45,89.384,
Plot Title: 5C3G,3557,5/29/26 11:00,93.873,
Plot Title: 5C3G,3558,5/29/26 11:15,98.11,
Plot Title: 5C3G,3559,5/29/26 11:30,102.9,
Plot Title: 5C3G,3560,5/29/26 11:45,101.484,
Plot Title: 5C3G,3561,5/29/26 12:00,106.624,
Plot Title: 5C3G,3562,5/29/26 12:15,103.104,
Plot Title: 5C3G,3563,5/29/26 12:30,103.307,
Plot Title: 5C3G,3564,5/29/26 12:45,89.755,
Plot Title: 5C3G,3565,5/29/26 13:00,82.508,
Plot Title: 5C3G,3566,5/29/26 13:15,89.2,
Plot Title: 5C3G,3567,5/29/26 13:30,89.2,
Plot Title: 5C3G,3568,5/29/26 13:45,82.686,
Plot Title: 5C3G,3569,5/29/26 14:00,78.449,
Plot Title: 5C3G,3570,5/29/26 14:15,78.975,
Plot Title: 5C3G,3571,5/29/26 14:30,80.029,
Plot Title: 5C3G,3572,5/29/26 14:45,81.09,
Plot Title: 5C3G,3573,5/29/26 15:00,79.853,
Plot Title: 5C3G,3574,5/29/26 15:15,82.686,
Plot Title: 5C3G,3575,5/29/26 15:30,80.735,
Plot Title: 5C3G,3576,5/29/26 15:45,78.098,
Plot Title: 5C3G,3577,5/29/26 16:00,74.446,
Plot Title: 5C3G,3578,5/29/26 16:15,75.139,
Plot Title: 5C3G,3579,5/29/26 16:30,73.753,
Plot Title: 5C3G,3580,5/29/26 16:45,70.995,
Plot Title: 5C3G,3581,5/29/26 17:00,69.622,
Plot Title: 5C3G,3582,5/29/26 17:15,70.308,
Plot Title: 5C3G,3583,5/29/26 17:30,70.48,
Plot Title: 5C3G,3584,5/29/26 17:45,69.793,
Plot Title: 5C3G,3585,5/29/26 18:00,68.934,
Plot Title: 5C3G,3586,5/29/26 18:15,67.564,
Plot Title: 5C3G,3587,5/29/26 18:30,66.366,
Plot Title: 5C3G,3588,5/29/26 18:45,65.167,
Plot Title: 5C3G,3589,5/29/26 19:00,64.652,
Plot Title: 5C3G,3590,5/29/26 19:15,64.31,
Plot Title: 5C3G,3591,5/29/26 19:30,63.626,
Plot Title: 5C3G,3592,5/29/26 19:45,62.94,
Plot Title: 5C3G,3593,5/29/26 20:00,62.254,
Plot Title: 5C3G,3594,5/29/26 20:15,61.741,
Plot Title: 5C3G,3595,5/29/26 20:30,61.569,
Plot Title: 5C3G,3596,5/29/26 20:45,60.883,
Plot Title: 5C3G,3597,5/29/26 21:00,60.195,
Plot Title: 5C3G,3598,5/29/26 21:15,59.851,
Plot Title: 5C3G,3599,5/29/26 21:30,59.508,
Plot Title: 5C3G,3600,5/29/26 21:45,59.164,
Plot Title: 5C3G,3601,5/29/26 22:00,58.993,
Plot Title: 5C3G,3602,5/29/26 22:15,58.82,
Plot Title: 5C3G,3603,5/29/26 22:30,58.82,
Plot Title: 5C3G,3604,5/29/26 22:45,58.476,
Plot Title: 5C3G,3605,5/29/26 23:00,58.303,
Plot Title: 5C3G,3606,5/29/26 23:15,58.303,
Plot Title: 5C3G,3607,5/29/26 23:30,57.958,
Plot Title: 5C3G,3608,5/29/26 23:45,57.614,
Plot Title: 5C3G,3609,5/30/26 00:00,57.096,
Plot Title: 5C3G,3610,5/30/26 00:15,56.75,
Plot Title: 5C3G,3611,5/30/26 00:30,56.577,
Plot Title: 5C3G,3612,5/30/26 00:45,56.057,
Plot Title: 5C3G,3613,5/30/26 01:00,55.711,
Plot Title: 5C3G,3614,5/30/26 01:15,55.537,
Plot Title: 5C3G,3615,5/30/26 01:30,55.537,
Plot Title: 5C3G,3616,5/30/26 01:45,55.017,
Plot Title: 5C3G,3617,5/30/26 02:00,54.147,
Plot Title: 5C3G,3618,5/30/26 02:15,53.274,
Plot Title: 5C3G,3619,5/30/26 02:30,52.925,
Plot Title: 5C3G,3620,5/30/26 02:45,52.75,
Plot Title: 5C3G,3621,5/30/26 03:00,52.576,
Plot Title: 5C3G,3622,5/30/26 03:15,52.401,
Plot Title: 5C3G,3623,5/30/26 03:30,52.225,
Plot Title: 5C3G,3624,5/30/26 03:45,51.874,
Plot Title: 5C3G,3625,5/30/26 04:00,51.523,
Plot Title: 5C3G,3626,5/30/26 04:15,51.346,
Plot Title: 5C3G,3627,5/30/26 04:30,51.346,
Plot Title: 5C3G,3628,5/30/26 04:45,51.523,
Plot Title: 5C3G,3629,5/30/26 05:00,51.699,
Plot Title: 5C3G,3630,5/30/26 05:15,51.699,
Plot Title: 5C3G,3631,5/30/26 05:30,51.874,
Plot Title: 5C3G,3632,5/30/26 05:45,52.05,
Plot Title: 5C3G,3633,5/30/26 06:00,51.874,
Plot Title: 5C3G,3634,5/30/26 06:15,51.699,
Plot Title: 5C3G,3635,5/30/26 06:30,51.699,
Plot Title: 5C3G,3636,5/30/26 06:45,51.874,
Plot Title: 5C3G,3637,5/30/26 07:00,52.225,
Plot Title: 5C3G,3638,5/30/26 07:15,52.576,
Plot Title: 5C3G,3639,5/30/26 07:30,53.1,
Plot Title: 5C3G,3640,5/30/26 07:45,53.274,
Plot Title: 5C3G,3641,5/30/26 08:00,53.1,
Plot Title: 5C3G,3642,5/30/26 08:15,52.75,
Plot Title: 5C3G,3643,5/30/26 08:30,52.75,
Plot Title: 5C3G,3644,5/30/26 08:45,52.75,
Plot Title: 5C3G,3645,5/30/26 09:00,52.576,
Plot Title: 5C3G,3646,5/30/26 09:15,52.401,
Plot Title: 5C3G,3647,5/30/26 09:30,52.576,
Plot Title: 5C3G,3648,5/30/26 09:45,52.925,
Plot Title: 5C3G,3649,5/30/26 10:00,52.925,
Plot Title: 5C3G,3650,5/30/26 10:15,52.75,
Plot Title: 5C3G,3651,5/30/26 10:30,52.05,
Plot Title: 5C3G,3652,5/30/26 10:45,52.401,
Plot Title: 5C3G,3653,5/30/26 11:00,53.1,
Plot Title: 5C3G,3654,5/30/26 11:15,53.1,
Plot Title: 5C3G,3655,5/30/26 11:30,53.1,
Plot Title: 5C3G,3656,5/30/26 11:45,52.925,
Plot Title: 5C3G,3657,5/30/26 12:00,53.274,
Plot Title: 5C3G,3658,5/30/26 12:15,53.274,
Plot Title: 5C3G,3659,5/30/26 12:30,53.274,
Plot Title: 5C3G,3660,5/30/26 12:45,53.798,
Plot Title: 5C3G,3661,5/30/26 13:00,54.495,
Plot Title: 5C3G,3662,5/30/26 13:15,54.322,
Plot Title: 5C3G,3663,5/30/26 13:30,54.147,
Plot Title: 5C3G,3664,5/30/26 13:45,54.322,
Plot Title: 5C3G,3665,5/30/26 14:00,54.669,
Plot Title: 5C3G,3666,5/30/26 14:15,55.364,
Plot Title: 5C3G,3667,5/30/26 14:30,55.711,
Plot Title: 5C3G,3668,5/30/26 14:45,55.017,
Plot Title: 5C3G,3669,5/30/26 15:00,54.842,
Plot Title: 5C3G,3670,5/30/26 15:15,54.669,
Plot Title: 5C3G,3671,5/30/26 15:30,54.669,
Plot Title: 5C3G,3672,5/30/26 15:45,54.669,
Plot Title: 5C3G,3673,5/30/26 16:00,54.322,
Plot Title: 5C3G,3674,5/30/26 16:15,55.017,
Plot Title: 5C3G,3675,5/30/26 16:30,55.364,
Plot Title: 5C3G,3676,5/30/26 16:45,55.189,
Plot Title: 5C3G,3677,5/30/26 17:00,54.669,
Plot Title: 5C3G,3678,5/30/26 17:15,54.842,
Plot Title: 5C3G,3679,5/30/26 17:30,55.017,
Plot Title: 5C3G,3680,5/30/26 17:45,54.842,
Plot Title: 5C3G,3681,5/30/26 18:00,54.495,
Plot Title: 5C3G,3682,5/30/26 18:15,54.669,
Plot Title: 5C3G,3683,5/30/26 18:30,54.495,
Plot Title: 5C3G,3684,5/30/26 18:45,54.322,
Plot Title: 5C3G,3685,5/30/26 19:00,54.322,
Plot Title: 5C3G,3686,5/30/26 19:15,53.623,
Plot Title: 5C3G,3687,5/30/26 19:30,53.274,
Plot Title: 5C3G,3688,5/30/26 19:45,52.925,
Plot Title: 5C3G,3689,5/30/26 20:00,52.576,
Plot Title: 5C3G,3690,5/30/26 20:15,52.225,
Plot Title: 5C3G,3691,5/30/26 20:30,51.874,
Plot Title: 5C3G,3692,5/30/26 20:45,51.523,
Plot Title: 5C3G,3693,5/30/26 21:00,51.172,
Plot Title: 5C3G,3694,5/30/26 21:15,50.819,
Plot Title: 5C3G,3695,5/30/26 21:30,50.466,
Plot Title: 5C3G,3696,5/30/26 21:45,50.29,
Plot Title: 5C3G,3697,5/30/26 22:00,50.113,
Plot Title: 5C3G,3698,5/30/26 22:15,49.937,
Plot Title: 5C3G,3699,5/30/26 22:30,49.759,
Plot Title: 5C3G,3700,5/30/26 22:45,49.404,
Plot Title: 5C3G,3701,5/30/26 23:00,48.871,
Plot Title: 5C3G,3702,5/30/26 23:15,48.517,
Plot Title: 5C3G,3703,5/30/26 23:30,48.16,
Plot Title: 5C3G,3704,5/30/26 23:45,47.982,
Plot Title: 5C3G,3705,5/31/26 00:00,47.802,
Plot Title: 5C3G,3706,5/31/26 00:15,47.624,
Plot Title: 5C3G,3707,5/31/26 00:30,47.624,
Plot Title: 5C3G,3708,5/31/26 00:45,47.624,
Plot Title: 5C3G,3709,5/31/26 01:00,47.446,
Plot Title: 5C3G,3710,5/31/26 01:15,47.446,
Plot Title: 5C3G,3711,5/31/26 01:30,47.446,
Plot Title: 5C3G,3712,5/31/26 01:45,47.266,
Plot Title: 5C3G,3713,5/31/26 02:00,47.088,
Plot Title: 5C3G,3714,5/31/26 02:15,47.088,
Plot Title: 5C3G,3715,5/31/26 02:30,46.908,
Plot Title: 5C3G,3716,5/31/26 02:45,46.908,
Plot Title: 5C3G,3717,5/31/26 03:00,46.908,
Plot Title: 5C3G,3718,5/31/26 03:15,46.728,
Plot Title: 5C3G,3719,5/31/26 03:30,46.728,
Plot Title: 5C3G,3720,5/31/26 03:45,46.728,
Plot Title: 5C3G,3721,5/31/26 04:00,46.728,
Plot Title: 5C3G,3722,5/31/26 04:15,46.728,
Plot Title: 5C3G,3723,5/31/26 04:30,46.728,
Plot Title: 5C3G,3724,5/31/26 04:45,46.728,
Plot Title: 5C3G,3725,5/31/26 05:00,46.548,
Plot Title: 5C3G,3726,5/31/26 05:15,46.548,
Plot Title: 5C3G,3727,5/31/26 05:30,46.369,
Plot Title: 5C3G,3728,5/31/26 05:45,46.188,
Plot Title: 5C3G,3729,5/31/26 06:00,46.188,
Plot Title: 5C3G,3730,5/31/26 06:15,46.188,
Plot Title: 5C3G,3731,5/31/26 06:30,46.188,
Plot Title: 5C3G,3732,5/31/26 06:45,46.188,
Plot Title: 5C3G,3733,5/31/26 07:00,46.188,
Plot Title: 5C3G,3734,5/31/26 07:15,46.188,
Plot Title: 5C3G,3735,5/31/26 07:30,46.008,
Plot Title: 5C3G,3736,5/31/26 07:45,46.008,
Plot Title: 5C3G,3737,5/31/26 08:00,45.828,
Plot Title: 5C3G,3738,5/31/26 08:15,45.828,
Plot Title: 5C3G,3739,5/31/26 08:30,46.008,
Plot Title: 5C3G,3740,5/31/26 08:45,46.188,
Plot Title: 5C3G,3741,5/31/26 09:00,46.548,
Plot Title: 5C3G,3742,5/31/26 09:15,47.446,
Plot Title: 5C3G,3743,5/31/26 09:30,47.982,
Plot Title: 5C3G,3744,5/31/26 09:45,48.339,
Plot Title: 5C3G,3745,5/31/26 10:00,49.05,
Plot Title: 5C3G,3746,5/31/26 10:15,49.759,
Plot Title: 5C3G,3747,5/31/26 10:30,50.819,
Plot Title: 5C3G,3748,5/31/26 10:45,51.523,
Plot Title: 5C3G,3749,5/31/26 11:00,51.874,
Plot Title: 5C3G,3750,5/31/26 11:15,51.874,
Plot Title: 5C3G,3751,5/31/26 11:30,51.172,
Plot Title: 5C3G,3752,5/31/26 11:45,50.466,
Plot Title: 5C3G,3753,5/31/26 12:00,50.643,
Plot Title: 5C3G,3754,5/31/26 12:15,51.172,
Plot Title: 5C3G,3755,5/31/26 12:30,51.523,
Plot Title: 5C3G,3756,5/31/26 12:45,50.819,
Plot Title: 5C3G,3757,5/31/26 13:00,51.699,
Plot Title: 5C3G,3758,5/31/26 13:15,52.576,
Plot Title: 5C3G,3759,5/31/26 13:30,52.05,
Plot Title: 5C3G,3760,5/31/26 13:45,52.401,
Plot Title: 5C3G,3761,5/31/26 14:00,53.973,
Plot Title: 5C3G,3762,5/31/26 14:15,53.623,
Plot Title: 5C3G,3763,5/31/26 14:30,52.05,
Plot Title: 5C3G,3764,5/31/26 14:45,51.874,
Plot Title: 5C3G,3765,5/31/26 15:00,50.466,
Plot Title: 5C3G,3766,5/31/26 15:15,50.466,
Plot Title: 5C3G,3767,5/31/26 15:30,49.759,
Plot Title: 5C3G,3768,5/31/26 15:45,49.582,
Plot Title: 5C3G,3769,5/31/26 16:00,50.29,
Plot Title: 5C3G,3770,5/31/26 16:15,50.29,
Plot Title: 5C3G,3771,5/31/26 16:30,49.937,
Plot Title: 5C3G,3772,5/31/26 16:45,50.113,
Plot Title: 5C3G,3773,5/31/26 17:00,50.29,
Plot Title: 5C3G,3774,5/31/26 17:15,50.466,
Plot Title: 5C3G,3775,5/31/26 17:30,50.995,
Plot Title: 5C3G,3776,5/31/26 17:45,50.819,
Plot Title: 5C3G,3777,5/31/26 18:00,50.819,
Plot Title: 5C3G,3778,5/31/26 18:15,50.466,
Plot Title: 5C3G,3779,5/31/26 18:30,49.759,
Plot Title: 5C3G,3780,5/31/26 18:45,48.517,
Plot Title: 5C3G,3781,5/31/26 19:00,47.802,
Plot Title: 5C3G,3782,5/31/26 19:15,47.802,
Plot Title: 5C3G,3783,5/31/26 19:30,47.802,
Plot Title: 5C3G,3784,5/31/26 19:45,47.446,
Plot Title: 5C3G,3785,5/31/26 20:00,47.088,
Plot Title: 5C3G,3786,5/31/26 20:15,46.548,
Plot Title: 5C3G,3787,5/31/26 20:30,46.369,
Plot Title: 5C3G,3788,5/31/26 20:45,46.188,
Plot Title: 5C3G,3789,5/31/26 21:00,45.828,
Plot Title: 5C3G,3790,5/31/26 21:15,45.466,
Plot Title: 5C3G,3791,5/31/26 21:30,45.286,
Plot Title: 5C3G,3792,5/31/26 21:45,45.286,
Plot Title: 5C3G,3793,5/31/26 22:00,45.104,
Plot Title: 5C3G,3794,5/31/26 22:15,45.104,
Plot Title: 5C3G,3795,5/31/26 22:30,44.922,
Plot Title: 5C3G,3796,5/31/26 22:45,44.742,
Plot Title: 5C3G,3797,5/31/26 23:00,44.742,
Plot Title: 5C3G,3798,5/31/26 23:15,44.742,
Plot Title: 5C3G,3799,5/31/26 23:30,44.56,
Plot Title: 5C3G,3800,5/31/26 23:45,44.56,
Plot Title: 5C3G,3801,6/1/26 00:00,44.379,
Plot Title: 5C3G,3802,6/1/26 00:15,44.195,
Plot Title: 5C3G,3803,6/1/26 00:30,44.195,
Plot Title: 5C3G,3804,6/1/26 00:45,44.013,
Plot Title: 5C3G,3805,6/1/26 01:00,43.831,
Plot Title: 5C3G,3806,6/1/26 01:15,43.648,
Plot Title: 5C3G,3807,6/1/26 01:30,43.466,
Plot Title: 5C3G,3808,6/1/26 01:45,43.466,
Plot Title: 5C3G,3809,6/1/26 02:00,43.099,
Plot Title: 5C3G,3810,6/1/26 02:15,43.099,
Plot Title: 5C3G,3811,6/1/26 02:30,42.915,
Plot Title: 5C3G,3812,6/1/26 02:45,42.732,
Plot Title: 5C3G,3813,6/1/26 03:00,42.363,
Plot Title: 5C3G,3814,6/1/26 03:15,41.994,
Plot Title: 5C3G,3815,6/1/26 03:30,41.625,
Plot Title: 5C3G,3816,6/1/26 03:45,41.439,
Plot Title: 5C3G,3817,6/1/26 04:00,41.254,
Plot Title: 5C3G,3818,6/1/26 04:15,41.067,
Plot Title: 5C3G,3819,6/1/26 04:30,40.881,
Plot Title: 5C3G,3820,6/1/26 04:45,40.696,
Plot Title: 5C3G,3821,6/1/26 05:00,40.509,
Plot Title: 5C3G,3822,6/1/26 05:15,40.321,
Plot Title: 5C3G,3823,6/1/26 05:30,40.321,
Plot Title: 5C3G,3824,6/1/26 05:45,40.134,
Plot Title: 5C3G,3825,6/1/26 06:00,40.134,
Plot Title: 5C3G,3826,6/1/26 06:15,40.134,
Plot Title: 5C3G,3827,6/1/26 06:30,40.134,
Plot Title: 5C3G,3828,6/1/26 06:45,40.134,
Plot Title: 5C3G,3829,6/1/26 07:00,40.321,
Plot Title: 5C3G,3830,6/1/26 07:15,40.509,
Plot Title: 5C3G,3831,6/1/26 07:30,40.696,
Plot Title: 5C3G,3832,6/1/26 07:45,41.067,
Plot Title: 5C3G,3833,6/1/26 08:00,41.439,
Plot Title: 5C3G,3834,6/1/26 08:15,41.994,
Plot Title: 5C3G,3835,6/1/26 08:30,43.282,
Plot Title: 5C3G,3836,6/1/26 08:45,43.831,
Plot Title: 5C3G,3837,6/1/26 09:00,47.802,
Plot Title: 5C3G,3838,6/1/26 09:15,55.017,
Plot Title: 5C3G,3839,6/1/26 09:30,58.647,
Plot Title: 5C3G,3840,6/1/26 09:45,62.94,
Plot Title: 5C3G,3841,6/1/26 10:00,66.537,
Plot Title: 5C3G,3842,6/1/26 10:15,67.221,
Plot Title: 5C3G,3843,6/1/26 10:30,69.449,
Plot Title: 5C3G,3844,6/1/26 10:45,73.062,
Plot Title: 5C3G,3845,6/1/26 11:00,73.926,
Plot Title: 5C3G,3846,6/1/26 11:15,75.832,
Plot Title: 5C3G,3847,6/1/26 11:30,76.006,
Plot Title: 5C3G,3848,6/1/26 11:45,76.876,
Plot Title: 5C3G,3849,6/1/26 12:00,77.923,
Plot Title: 5C3G,3850,6/1/26 12:15,78.975,
Plot Title: 5C3G,3851,6/1/26 12:30,80.559,
Plot Title: 5C3G,3852,6/1/26 12:45,79.502,
Plot Title: 5C3G,3853,6/1/26 13:00,81.266,
Plot Title: 5C3G,3854,6/1/26 13:15,81.09,
Plot Title: 5C3G,3855,6/1/26 13:30,80.559,
Plot Title: 5C3G,3856,6/1/26 13:45,80.911,
Plot Title: 5C3G,3857,6/1/26 14:00,77.574,
Plot Title: 5C3G,3858,6/1/26 14:15,73.062,
Plot Title: 5C3G,3859,6/1/26 14:30,75.139,
Plot Title: 5C3G,3860,6/1/26 14:45,74.098,
Plot Title: 5C3G,3861,6/1/26 15:00,76.006,
Plot Title: 5C3G,3862,6/1/26 15:15,76.006,
Plot Title: 5C3G,3863,6/1/26 15:30,73.58,
Plot Title: 5C3G,3864,6/1/26 15:45,69.793,
Plot Title: 5C3G,3865,6/1/26 16:00,68.248,
Plot Title: 5C3G,3866,6/1/26 16:15,66.708,
Plot Title: 5C3G,3867,6/1/26 16:30,65.68,
Plot Title: 5C3G,3868,6/1/26 16:45,64.481,
Plot Title: 5C3G,3869,6/1/26 17:00,62.598,
Plot Title: 5C3G,3870,6/1/26 17:15,61.912,
Plot Title: 5C3G,3871,6/1/26 17:30,61.398,
Plot Title: 5C3G,3872,6/1/26 17:45,60.195,
Plot Title: 5C3G,3873,6/1/26 18:00,60.024,
Plot Title: 5C3G,3874,6/1/26 18:15,60.024,
Plot Title: 5C3G,3875,6/1/26 18:30,58.82,
Plot Title: 5C3G,3876,6/1/26 18:45,57.785,
Plot Title: 5C3G,3877,6/1/26 19:00,55.711,
Plot Title: 5C3G,3878,6/1/26 19:15,55.711,
Plot Title: 5C3G,3879,6/1/26 19:30,55.189,
Plot Title: 5C3G,3880,6/1/26 19:45,54.322,
Plot Title: 5C3G,3881,6/1/26 20:00,53.798,
Plot Title: 5C3G,3882,6/1/26 20:15,53.274,
Plot Title: 5C3G,3883,6/1/26 20:30,52.576,
Plot Title: 5C3G,3884,6/1/26 20:45,51.699,
Plot Title: 5C3G,3885,6/1/26 21:00,50.995,
Plot Title: 5C3G,3886,6/1/26 21:15,50.466,
Plot Title: 5C3G,3887,6/1/26 21:30,50.113,
Plot Title: 5C3G,3888,6/1/26 21:45,49.759,
Plot Title: 5C3G,3889,6/1/26 22:00,49.582,
Plot Title: 5C3G,3890,6/1/26 22:15,49.05,
Plot Title: 5C3G,3891,6/1/26 22:30,48.695,
Plot Title: 5C3G,3892,6/1/26 22:45,48.339,
Plot Title: 5C3G,3893,6/1/26 23:00,48.517,
Plot Title: 5C3G,3894,6/1/26 23:15,48.695,
Plot Title: 5C3G,3895,6/1/26 23:30,48.871,
Plot Title: 5C3G,3896,6/1/26 23:45,48.695,
Plot Title: 5C3G,3897,6/2/26 00:00,47.802,
Plot Title: 5C3G,3898,6/2/26 00:15,47.446,
Plot Title: 5C3G,3899,6/2/26 00:30,47.266,
Plot Title: 5C3G,3900,6/2/26 00:45,46.908,
Plot Title: 5C3G,3901,6/2/26 01:00,46.548,
Plot Title: 5C3G,3902,6/2/26 01:15,46.188,
Plot Title: 5C3G,3903,6/2/26 01:30,45.828,
Plot Title: 5C3G,3904,6/2/26 01:45,45.466,
Plot Title: 5C3G,3905,6/2/26 02:00,45.286,
Plot Title: 5C3G,3906,6/2/26 02:15,45.104,
Plot Title: 5C3G,3907,6/2/26 02:30,44.742,
Plot Title: 5C3G,3908,6/2/26 02:45,44.379,
Plot Title: 5C3G,3909,6/2/26 03:00,44.379,
Plot Title: 5C3G,3910,6/2/26 03:15,44.195,
Plot Title: 5C3G,3911,6/2/26 03:30,44.195,
Plot Title: 5C3G,3912,6/2/26 03:45,44.013,
Plot Title: 5C3G,3913,6/2/26 04:00,44.195,
Plot Title: 5C3G,3914,6/2/26 04:15,44.195,
Plot Title: 5C3G,3915,6/2/26 04:30,44.195,
Plot Title: 5C3G,3916,6/2/26 04:45,44.195,
Plot Title: 5C3G,3917,6/2/26 05:00,44.013,
Plot Title: 5C3G,3918,6/2/26 05:15,44.013,
Plot Title: 5C3G,3919,6/2/26 05:30,44.013,
Plot Title: 5C3G,3920,6/2/26 05:45,44.013,
Plot Title: 5C3G,3921,6/2/26 06:00,44.013,
Plot Title: 5C3G,3922,6/2/26 06:15,43.831,
Plot Title: 5C3G,3923,6/2/26 06:30,43.648,
Plot Title: 5C3G,3924,6/2/26 06:45,43.466,
Plot Title: 5C3G,3925,6/2/26 07:00,43.466,
Plot Title: 5C3G,3926,6/2/26 07:15,43.466,
Plot Title: 5C3G,3927,6/2/26 07:30,43.831,
Plot Title: 5C3G,3928,6/2/26 07:45,44.013,
Plot Title: 5C3G,3929,6/2/26 08:00,44.195,
Plot Title: 5C3G,3930,6/2/26 08:15,45.286,
Plot Title: 5C3G,3931,6/2/26 08:30,47.982,
Plot Title: 5C3G,3932,6/2/26 08:45,48.517,
Plot Title: 5C3G,3933,6/2/26 09:00,49.582,
Plot Title: 5C3G,3934,6/2/26 09:15,54.669,
Plot Title: 5C3G,3935,6/2/26 09:30,58.303,
Plot Title: 5C3G,3936,6/2/26 09:45,62.254,
Plot Title: 5C3G,3937,6/2/26 10:00,64.139,
Plot Title: 5C3G,3938,6/2/26 10:15,66.879,
Plot Title: 5C3G,3939,6/2/26 10:30,68.077,
Plot Title: 5C3G,3940,6/2/26 10:45,69.278,
Plot Title: 5C3G,3941,6/2/26 11:00,70.308,
Plot Title: 5C3G,3942,6/2/26 11:15,73.58,
Plot Title: 5C3G,3943,6/2/26 11:30,70.651,
Plot Title: 5C3G,3944,6/2/26 11:45,68.421,
Plot Title: 5C3G,3945,6/2/26 12:00,70.651,
Plot Title: 5C3G,3946,6/2/26 12:15,68.248,
Plot Title: 5C3G,3947,6/2/26 12:30,64.139,
Plot Title: 5C3G,3948,6/2/26 12:45,63.282,
Plot Title: 5C3G,3949,6/2/26 13:00,68.248,
Plot Title: 5C3G,3950,6/2/26 13:15,67.392,
Plot Title: 5C3G,3951,6/2/26 13:30,68.077,
Plot Title: 5C3G,3952,6/2/26 13:45,69.622,
Plot Title: 5C3G,3953,6/2/26 14:00,67.564,
Plot Title: 5C3G,3954,6/2/26 14:15,67.392,
Plot Title: 5C3G,3955,6/2/26 14:30,65.509,
Plot Title: 5C3G,3956,6/2/26 14:45,66.193,
Plot Title: 5C3G,3957,6/2/26 15:00,66.879,
Plot Title: 5C3G,3958,6/2/26 15:15,66.022,
Plot Title: 5C3G,3959,6/2/26 15:30,66.193,
Plot Title: 5C3G,3960,6/2/26 15:45,64.996,
Plot Title: 5C3G,3961,6/2/26 16:00,64.31,
Plot Title: 5C3G,3962,6/2/26 16:15,63.797,
Plot Title: 5C3G,3963,6/2/26 16:30,63.797,
Plot Title: 5C3G,3964,6/2/26 16:45,62.94,
Plot Title: 5C3G,3965,6/2/26 17:00,62.769,
Plot Title: 5C3G,3966,6/2/26 17:15,62.598,
Plot Title: 5C3G,3967,6/2/26 17:30,61.912,
Plot Title: 5C3G,3968,6/2/26 17:45,60.712,
Plot Title: 5C3G,3969,6/2/26 18:00,60.195,
Plot Title: 5C3G,3970,6/2/26 18:15,59.337,
Plot Title: 5C3G,3971,6/2/26 18:30,58.476,
Plot Title: 5C3G,3972,6/2/26 18:45,57.614,
Plot Title: 5C3G,3973,6/2/26 19:00,57.096,
Plot Title: 5C3G,3974,6/2/26 19:15,56.75,
Plot Title: 5C3G,3975,6/2/26 19:30,56.404,
Plot Title: 5C3G,3976,6/2/26 19:45,55.884,
Plot Title: 5C3G,3977,6/2/26 20:00,55.537,
Plot Title: 5C3G,3978,6/2/26 20:15,54.842,
Plot Title: 5C3G,3979,6/2/26 20:30,53.623,
Plot Title: 5C3G,3980,6/2/26 20:45,52.925,
Plot Title: 5C3G,3981,6/2/26 21:00,52.576,
Plot Title: 5C3G,3982,6/2/26 21:15,52.05,
Plot Title: 5C3G,3983,6/2/26 21:30,51.523,
Plot Title: 5C3G,3984,6/2/26 21:45,51.172,
Plot Title: 5C3G,3985,6/2/26 22:00,50.995,
Plot Title: 5C3G,3986,6/2/26 22:15,50.819,
Plot Title: 5C3G,3987,6/2/26 22:30,50.819,
Plot Title: 5C3G,3988,6/2/26 22:45,50.466,
Plot Title: 5C3G,3989,6/2/26 23:00,50.113,
Plot Title: 5C3G,3990,6/2/26 23:15,49.582,
Plot Title: 5C3G,3991,6/2/26 23:30,49.05,
Plot Title: 5C3G,3992,6/2/26 23:45,48.871,
Plot Title: 5C3G,3993,6/3/26 00:00,48.517,
Plot Title: 5C3G,3994,6/3/26 00:15,48.517,
Plot Title: 5C3G,3995,6/3/26 00:30,48.339,
Plot Title: 5C3G,3996,6/3/26 00:45,47.982,
Plot Title: 5C3G,3997,6/3/26 01:00,47.624,
Plot Title: 5C3G,3998,6/3/26 01:15,47.266,
Plot Title: 5C3G,3999,6/3/26 01:30,47.088,
Plot Title: 5C3G,4000,6/3/26 01:45,47.088,
Plot Title: 5C3G,4001,6/3/26 02:00,46.728,
Plot Title: 5C3G,4002,6/3/26 02:15,46.369,
Plot Title: 5C3G,4003,6/3/26 02:30,46.188,
Plot Title: 5C3G,4004,6/3/26 02:45,46.008,
Plot Title: 5C3G,4005,6/3/26 03:00,45.828,
Plot Title: 5C3G,4006,6/3/26 03:15,45.648,
Plot Title: 5C3G,4007,6/3/26 03:30,45.466,
Plot Title: 5C3G,4008,6/3/26 03:45,45.286,
Plot Title: 5C3G,4009,6/3/26 04:00,45.104,
Plot Title: 5C3G,4010,6/3/26 04:15,44.922,
Plot Title: 5C3G,4011,6/3/26 04:30,44.742,
Plot Title: 5C3G,4012,6/3/26 04:45,44.742,
Plot Title: 5C3G,4013,6/3/26 05:00,44.56,
Plot Title: 5C3G,4014,6/3/26 05:15,44.195,
Plot Title: 5C3G,4015,6/3/26 05:30,44.195,
Plot Title: 5C3G,4016,6/3/26 05:45,44.013,
Plot Title: 5C3G,4017,6/3/26 06:00,44.013,
Plot Title: 5C3G,4018,6/3/26 06:15,44.013,
Plot Title: 5C3G,4019,6/3/26 06:30,44.013,
Plot Title: 5C3G,4020,6/3/26 06:45,44.195,
Plot Title: 5C3G,4021,6/3/26 07:00,44.195,
Plot Title: 5C3G,4022,6/3/26 07:15,44.379,
Plot Title: 5C3G,4023,6/3/26 07:30,44.56,
Plot Title: 5C3G,4024,6/3/26 07:45,44.742,
Plot Title: 5C3G,4025,6/3/26 08:00,45.104,
Plot Title: 5C3G,4026,6/3/26 08:15,45.648,
Plot Title: 5C3G,4027,6/3/26 08:30,47.088,
Plot Title: 5C3G,4028,6/3/26 08:45,47.802,
Plot Title: 5C3G,4029,6/3/26 09:00,50.819,
Plot Title: 5C3G,4030,6/3/26 09:15,58.647,
Plot Title: 5C3G,4031,6/3/26 09:30,63.282,
Plot Title: 5C3G,4032,6/3/26 09:45,66.708,
Plot Title: 5C3G,4033,6/3/26 10:00,69.622,
Plot Title: 5C3G,4034,6/3/26 10:15,71.856,
Plot Title: 5C3G,4035,6/3/26 10:30,74.098,
Plot Title: 5C3G,4036,6/3/26 10:45,76.876,
Plot Title: 5C3G,4037,6/3/26 11:00,79.151,
Plot Title: 5C3G,4038,6/3/26 11:15,81.09,
Plot Title: 5C3G,4039,6/3/26 11:30,82.864,
Plot Title: 5C3G,4040,6/3/26 11:45,84.654,
Plot Title: 5C3G,4041,6/3/26 12:00,86.097,
Plot Title: 5C3G,4042,6/3/26 12:15,87.368,
Plot Title: 5C3G,4043,6/3/26 12:30,87.915,
Plot Title: 5C3G,4044,6/3/26 12:45,87.552,
Plot Title: 5C3G,4045,6/3/26 13:00,85.915,
Plot Title: 5C3G,4046,6/3/26 13:15,87.186,
Plot Title: 5C3G,4047,6/3/26 13:30,87.186,
Plot Title: 5C3G,4048,6/3/26 13:45,87.004,
Plot Title: 5C3G,4049,6/3/26 14:00,86.823,
Plot Title: 5C3G,4050,6/3/26 14:15,86.459,
Plot Title: 5C3G,4051,6/3/26 14:30,86.277,
Plot Title: 5C3G,4052,6/3/26 14:45,85.915,
Plot Title: 5C3G,4053,6/3/26 15:00,85.554,
Plot Title: 5C3G,4054,6/3/26 15:15,84.834,
Plot Title: 5C3G,4055,6/3/26 15:30,83.399,
Plot Title: 5C3G,4056,6/3/26 15:45,76.528,
Plot Title: 5C3G,4057,6/3/26 16:00,73.062,
Plot Title: 5C3G,4058,6/3/26 16:15,71.856,
Plot Title: 5C3G,4059,6/3/26 16:30,70.824,
Plot Title: 5C3G,4060,6/3/26 16:45,70.137,
Plot Title: 5C3G,4061,6/3/26 17:00,69.793,
Plot Title: 5C3G,4062,6/3/26 17:15,69.964,
Plot Title: 5C3G,4063,6/3/26 17:30,69.278,
Plot Title: 5C3G,4064,6/3/26 17:45,68.592,
Plot Title: 5C3G,4065,6/3/26 18:00,68.077,
Plot Title: 5C3G,4066,6/3/26 18:15,67.906,
Plot Title: 5C3G,4067,6/3/26 18:30,67.05,
Plot Title: 5C3G,4068,6/3/26 18:45,66.537,
Plot Title: 5C3G,4069,6/3/26 19:00,66.193,
Plot Title: 5C3G,4070,6/3/26 19:15,65.167,
Plot Title: 5C3G,4071,6/3/26 19:30,64.481,
Plot Title: 5C3G,4072,6/3/26 19:45,63.626,
Plot Title: 5C3G,4073,6/3/26 20:00,62.769,
Plot Title: 5C3G,4074,6/3/26 20:15,61.741,
Plot Title: 5C3G,4075,6/3/26 20:30,60.368,
Plot Title: 5C3G,4076,6/3/26 20:45,59.508,
Plot Title: 5C3G,4077,6/3/26 21:00,59.164,
Plot Title: 5C3G,4078,6/3/26 21:15,58.993,
Plot Title: 5C3G,4079,6/3/26 21:30,58.647,
Plot Title: 5C3G,4080,6/3/26 21:45,58.476,
Plot Title: 5C3G,4081,6/3/26 22:00,57.958,
Plot Title: 5C3G,4082,6/3/26 22:15,57.268,
Plot Title: 5C3G,4083,6/3/26 22:30,56.923,
Plot Title: 5C3G,4084,6/3/26 22:45,56.75,
Plot Title: 5C3G,4085,6/3/26 23:00,56.577,
Plot Title: 5C3G,4086,6/3/26 23:15,56.23,
Plot Title: 5C3G,4087,6/3/26 23:30,55.364,
Plot Title: 5C3G,4088,6/3/26 23:45,54.842,
Plot Title: 5C3G,4089,6/4/26 00:00,54.495,
Plot Title: 5C3G,4090,6/4/26 00:15,54.495,
Plot Title: 5C3G,4091,6/4/26 00:30,54.495,
Plot Title: 5C3G,4092,6/4/26 00:45,54.322,
Plot Title: 5C3G,4093,6/4/26 01:00,53.623,
Plot Title: 5C3G,4094,6/4/26 01:15,53.623,
Plot Title: 5C3G,4095,6/4/26 01:30,53.798,
Plot Title: 5C3G,4096,6/4/26 01:45,53.798,
Plot Title: 5C3G,4097,6/4/26 02:00,53.798,
Plot Title: 5C3G,4098,6/4/26 02:15,53.798,
Plot Title: 5C3G,4099,6/4/26 02:30,53.274,
Plot Title: 5C3G,4100,6/4/26 02:45,52.75,
Plot Title: 5C3G,4101,6/4/26 03:00,52.576,
Plot Title: 5C3G,4102,6/4/26 03:15,52.401,
Plot Title: 5C3G,4103,6/4/26 03:30,52.225,
Plot Title: 5C3G,4104,6/4/26 03:45,51.699,
Plot Title: 5C3G,4105,6/4/26 04:00,51.523,
Plot Title: 5C3G,4106,6/4/26 04:15,50.995,
Plot Title: 5C3G,4107,6/4/26 04:30,50.643,
Plot Title: 5C3G,4108,6/4/26 04:45,50.29,
Plot Title: 5C3G,4109,6/4/26 05:00,50.113,
Plot Title: 5C3G,4110,6/4/26 05:15,49.759,
Plot Title: 5C3G,4111,6/4/26 05:30,49.759,
Plot Title: 5C3G,4112,6/4/26 05:45,50.113,
Plot Title: 5C3G,4113,6/4/26 06:00,50.29,
Plot Title: 5C3G,4114,6/4/26 06:15,50.819,
Plot Title: 5C3G,4115,6/4/26 06:30,50.995,
Plot Title: 5C3G,4116,6/4/26 06:45,51.172,
Plot Title: 5C3G,4117,6/4/26 07:00,51.523,
Plot Title: 5C3G,4118,6/4/26 07:15,52.75,
Plot Title: 5C3G,4119,6/4/26 07:30,53.1,
Plot Title: 5C3G,4120,6/4/26 07:45,53.1,
Plot Title: 5C3G,4121,6/4/26 08:00,53.274,
Plot Title: 5C3G,4122,6/4/26 08:15,53.449,
Plot Title: 5C3G,4123,6/4/26 08:30,54.495,
Plot Title: 5C3G,4124,6/4/26 08:45,54.322,
Plot Title: 5C3G,4125,6/4/26 09:00,59.337,
Plot Title: 5C3G,4126,6/4/26 09:15,64.996,
Plot Title: 5C3G,4127,6/4/26 09:30,64.139,
Plot Title: 5C3G,4128,6/4/26 09:45,66.366,
Plot Title: 5C3G,4129,6/4/26 10:00,70.995,
Plot Title: 5C3G,4130,6/4/26 10:15,75.832,
Plot Title: 5C3G,4131,6/4/26 10:30,72.718,
Plot Title: 5C3G,4132,6/4/26 10:45,68.592,
Plot Title: 5C3G,4133,6/4/26 11:00,68.592,
Plot Title: 5C3G,4134,6/4/26 11:15,67.564,
Plot Title: 5C3G,4135,6/4/26 11:30,68.421,
Plot Title: 5C3G,4136,6/4/26 11:45,71.856,
Plot Title: 5C3G,4137,6/4/26 12:00,76.703,
Plot Title: 5C3G,4138,6/4/26 12:15,83.757,
Plot Title: 5C3G,4139,6/4/26 12:30,79.151,
Plot Title: 5C3G,4140,6/4/26 12:45,80.559,
Plot Title: 5C3G,4141,6/4/26 13:00,82.33,
Plot Title: 5C3G,4142,6/4/26 13:15,76.876,
Plot Title: 5C3G,4143,6/4/26 13:30,75.312,
Plot Title: 5C3G,4144,6/4/26 13:45,78.098,
Plot Title: 5C3G,4145,6/4/26 14:00,78.624,
Plot Title: 5C3G,4146,6/4/26 14:15,78.624,
Plot Title: 5C3G,4147,6/4/26 14:30,77.574,
Plot Title: 5C3G,4148,6/4/26 14:45,76.181,
Plot Title: 5C3G,4149,6/4/26 15:00,74.619,
Plot Title: 5C3G,4150,6/4/26 15:15,74.098,
Plot Title: 5C3G,4151,6/4/26 15:30,76.181,
Plot Title: 5C3G,4152,6/4/26 15:45,72.718,
Plot Title: 5C3G,4153,6/4/26 16:00,70.824,
Plot Title: 5C3G,4154,6/4/26 16:15,69.278,
Plot Title: 5C3G,4155,6/4/26 16:30,68.763,
Plot Title: 5C3G,4156,6/4/26 16:45,67.392,
Plot Title: 5C3G,4157,6/4/26 17:00,66.193,
Plot Title: 5C3G,4158,6/4/26 17:15,65.338,
Plot Title: 5C3G,4159,6/4/26 17:30,64.825,
Plot Title: 5C3G,4160,6/4/26 17:45,64.31,
Plot Title: 5C3G,4161,6/4/26 18:00,63.797,
Plot Title: 5C3G,4162,6/4/26 18:15,63.111,
Plot Title: 5C3G,4163,6/4/26 18:30,62.254,
Plot Title: 5C3G,4164,6/4/26 18:45,61.227,
Plot Title: 5C3G,4165,6/4/26 19:00,60.368,
Plot Title: 5C3G,4166,6/4/26 19:15,59.508,
Plot Title: 5C3G,4167,6/4/26 19:30,58.82,
Plot Title: 5C3G,4168,6/4/26 19:45,58.303,
Plot Title: 5C3G,4169,6/4/26 20:00,57.785,
Plot Title: 5C3G,4170,6/4/26 20:15,57.268,
Plot Title: 5C3G,4171,6/4/26 20:30,56.75,
Plot Title: 5C3G,4172,6/4/26 20:45,56.23,
Plot Title: 5C3G,4173,6/4/26 21:00,55.711,
Plot Title: 5C3G,4174,6/4/26 21:15,55.364,
Plot Title: 5C3G,4175,6/4/26 21:30,54.842,
Plot Title: 5C3G,4176,6/4/26 21:45,54.322,
Plot Title: 5C3G,4177,6/4/26 22:00,53.973,
Plot Title: 5C3G,4178,6/4/26 22:15,53.623,
Plot Title: 5C3G,4179,6/4/26 22:30,53.449,
Plot Title: 5C3G,4180,6/4/26 22:45,53.1,
Plot Title: 5C3G,4181,6/4/26 23:00,52.75,
Plot Title: 5C3G,4182,6/4/26 23:15,52.401,
Plot Title: 5C3G,4183,6/4/26 23:30,52.05,
Plot Title: 5C3G,4184,6/4/26 23:45,51.874,
Plot Title: 5C3G,4185,6/5/26 00:00,51.523,
Plot Title: 5C3G,4186,6/5/26 00:15,51.346,
Plot Title: 5C3G,4187,6/5/26 00:30,51.172,
Plot Title: 5C3G,4188,6/5/26 00:45,50.819,
Plot Title: 5C3G,4189,6/5/26 01:00,50.643,
Plot Title: 5C3G,4190,6/5/26 01:15,50.29,
Plot Title: 5C3G,4191,6/5/26 01:30,50.113,
Plot Title: 5C3G,4192,6/5/26 01:45,49.937,
Plot Title: 5C3G,4193,6/5/26 02:00,49.582,
Plot Title: 5C3G,4194,6/5/26 02:15,49.404,
Plot Title: 5C3G,4195,6/5/26 02:30,49.228,
Plot Title: 5C3G,4196,6/5/26 02:45,48.871,
Plot Title: 5C3G,4197,6/5/26 03:00,48.695,
Plot Title: 5C3G,4198,6/5/26 03:15,48.517,
Plot Title: 5C3G,4199,6/5/26 03:30,48.339,
Plot Title: 5C3G,4200,6/5/26 03:45,48.16,
Plot Title: 5C3G,4201,6/5/26 04:00,47.982,
Plot Title: 5C3G,4202,6/5/26 04:15,47.802,
Plot Title: 5C3G,4203,6/5/26 04:30,47.624,
Plot Title: 5C3G,4204,6/5/26 04:45,47.446,
Plot Title: 5C3G,4205,6/5/26 05:00,47.266,
Plot Title: 5C3G,4206,6/5/26 05:15,47.088,
Plot Title: 5C3G,4207,6/5/26 05:30,46.908,
Plot Title: 5C3G,4208,6/5/26 05:45,46.908,
Plot Title: 5C3G,4209,6/5/26 06:00,46.728,
Plot Title: 5C3G,4210,6/5/26 06:15,46.728,
Plot Title: 5C3G,4211,6/5/26 06:30,46.728,
Plot Title: 5C3G,4212,6/5/26 06:45,46.908,
Plot Title: 5C3G,4213,6/5/26 07:00,46.908,
Plot Title: 5C3G,4214,6/5/26 07:15,47.088,
Plot Title: 5C3G,4215,6/5/26 07:30,47.088,
Plot Title: 5C3G,4216,6/5/26 07:45,47.266,
Plot Title: 5C3G,4217,6/5/26 08:00,47.624,
Plot Title: 5C3G,4218,6/5/26 08:15,48.16,
Plot Title: 5C3G,4219,6/5/26 08:30,49.228,
Plot Title: 5C3G,4220,6/5/26 08:45,49.759,
Plot Title: 5C3G,4221,6/5/26 09:00,54.147,
Plot Title: 5C3G,4222,6/5/26 09:15,61.398,
Plot Title: 5C3G,4223,6/5/26 09:30,65.167,
Plot Title: 5C3G,4224,6/5/26 09:45,68.421,
Plot Title: 5C3G,4225,6/5/26 10:00,71.339,
Plot Title: 5C3G,4226,6/5/26 10:15,74.446,
Plot Title: 5C3G,4227,6/5/26 10:30,78.098,
Plot Title: 5C3G,4228,6/5/26 10:45,81.975,
Plot Title: 5C3G,4229,6/5/26 11:00,85.554,
Plot Title: 5C3G,4230,6/5/26 11:15,89.2,
Plot Title: 5C3G,4231,6/5/26 11:30,92.55,
Plot Title: 5C3G,4232,6/5/26 11:45,95.59,
Plot Title: 5C3G,4233,6/5/26 12:00,98.11,
Plot Title: 5C3G,4234,6/5/26 12:15,100.483,
Plot Title: 5C3G,4235,6/5/26 12:30,102.088,
Plot Title: 5C3G,4236,6/5/26 12:45,102.493,
Plot Title: 5C3G,4237,6/5/26 13:00,102.697,
Plot Title: 5C3G,4238,6/5/26 13:15,102.29,
Plot Title: 5C3G,4239,6/5/26 13:30,101.484,
Plot Title: 5C3G,4240,6/5/26 13:45,100.283,
Plot Title: 5C3G,4241,6/5/26 14:00,98.699,
Plot Title: 5C3G,4242,6/5/26 14:15,97.916,
Plot Title: 5C3G,4243,6/5/26 14:30,96.361,
Plot Title: 5C3G,4244,6/5/26 14:45,95.207,
Plot Title: 5C3G,4245,6/5/26 15:00,94.253,
Plot Title: 5C3G,4246,6/5/26 15:15,94.062,
Plot Title: 5C3G,4247,6/5/26 15:30,91.612,
Plot Title: 5C3G,4248,6/5/26 15:45,82.686,
Plot Title: 5C3G,4249,6/5/26 16:00,78.098,
Plot Title: 5C3G,4250,6/5/26 16:15,76.181,
Plot Title: 5C3G,4251,6/5/26 16:30,74.271,
Plot Title: 5C3G,4252,6/5/26 16:45,71.856,
Plot Title: 5C3G,4253,6/5/26 17:00,70.137,
Plot Title: 5C3G,4254,6/5/26 17:15,69.107,
Plot Title: 5C3G,4255,6/5/26 17:30,68.248,
Plot Title: 5C3G,4256,6/5/26 17:45,67.221,
Plot Title: 5C3G,4257,6/5/26 18:00,66.366,
Plot Title: 5C3G,4258,6/5/26 18:15,65.509,
Plot Title: 5C3G,4259,6/5/26 18:30,64.652,
Plot Title: 5C3G,4260,6/5/26 18:45,63.968,
Plot Title: 5C3G,4261,6/5/26 19:00,63.282,
Plot Title: 5C3G,4262,6/5/26 19:15,62.769,
Plot Title: 5C3G,4263,6/5/26 19:30,62.254,
Plot Title: 5C3G,4264,6/5/26 19:45,61.741,
Plot Title: 5C3G,4265,6/5/26 20:00,61.227,
Plot Title: 5C3G,4266,6/5/26 20:15,60.712,
Plot Title: 5C3G,4267,6/5/26 20:30,60.368,
Plot Title: 5C3G,4268,6/5/26 20:45,60.024,
Plot Title: 5C3G,4269,6/5/26 21:00,59.68,
Plot Title: 5C3G,4270,6/5/26 21:15,58.993,
Plot Title: 5C3G,4271,6/5/26 21:30,58.647,
Plot Title: 5C3G,4272,6/5/26 21:45,58.303,
Plot Title: 5C3G,4273,6/5/26 22:00,57.785,
Plot Title: 5C3G,4274,6/5/26 22:15,57.268,
Plot Title: 5C3G,4275,6/5/26 22:30,56.75,
Plot Title: 5C3G,4276,6/5/26 22:45,56.404,
Plot Title: 5C3G,4277,6/5/26 23:00,55.884,
Plot Title: 5C3G,4278,6/5/26 23:15,55.537,
Plot Title: 5C3G,4279,6/5/26 23:30,55.364,
Plot Title: 5C3G,4280,6/5/26 23:45,55.017,
Plot Title: 5C3G,4281,6/6/26 00:00,54.669,
Plot Title: 5C3G,4282,6/6/26 00:15,54.495,
Plot Title: 5C3G,4283,6/6/26 00:30,54.147,
Plot Title: 5C3G,4284,6/6/26 00:45,53.623,
Plot Title: 5C3G,4285,6/6/26 01:00,53.274,
Plot Title: 5C3G,4286,6/6/26 01:15,52.925,
Plot Title: 5C3G,4287,6/6/26 01:30,52.576,
Plot Title: 5C3G,4288,6/6/26 01:45,52.401,
Plot Title: 5C3G,4289,6/6/26 02:00,52.05,
Plot Title: 5C3G,4290,6/6/26 02:15,51.874,
Plot Title: 5C3G,4291,6/6/26 02:30,51.523,
Plot Title: 5C3G,4292,6/6/26 02:45,51.346,
Plot Title: 5C3G,4293,6/6/26 03:00,51.172,
Plot Title: 5C3G,4294,6/6/26 03:15,50.995,
Plot Title: 5C3G,4295,6/6/26 03:30,50.643,
Plot Title: 5C3G,4296,6/6/26 03:45,50.466,
Plot Title: 5C3G,4297,6/6/26 04:00,50.29,
Plot Title: 5C3G,4298,6/6/26 04:15,50.113,
Plot Title: 5C3G,4299,6/6/26 04:30,49.937,
Plot Title: 5C3G,4300,6/6/26 04:45,49.759,
Plot Title: 5C3G,4301,6/6/26 05:00,49.582,
Plot Title: 5C3G,4302,6/6/26 05:15,49.404,
Plot Title: 5C3G,4303,6/6/26 05:30,49.228,
Plot Title: 5C3G,4304,6/6/26 05:45,49.05,
Plot Title: 5C3G,4305,6/6/26 06:00,49.05,
Plot Title: 5C3G,4306,6/6/26 06:15,49.05,
Plot Title: 5C3G,4307,6/6/26 06:30,49.759,
Plot Title: 5C3G,4308,6/6/26 06:45,50.819,
Plot Title: 5C3G,4309,6/6/26 07:00,50.995,
Plot Title: 5C3G,4310,6/6/26 07:15,51.346,
Plot Title: 5C3G,4311,6/6/26 07:30,52.225,
Plot Title: 5C3G,4312,6/6/26 07:45,52.401,
Plot Title: 5C3G,4313,6/6/26 08:00,53.623,
Plot Title: 5C3G,4314,6/6/26 08:15,55.711,
Plot Title: 5C3G,4315,6/6/26 08:30,57.958,
Plot Title: 5C3G,4316,6/6/26 08:45,58.131,
Plot Title: 5C3G,4317,6/6/26 09:00,58.993,
Plot Title: 5C3G,4318,6/6/26 09:15,61.569,
Plot Title: 5C3G,4319,6/6/26 09:30,60.195,
Plot Title: 5C3G,4320,6/6/26 09:45,60.195,
Plot Title: 5C3G,4321,6/6/26 10:00,60.024,
Plot Title: 5C3G,4322,6/6/26 10:15,59.851,
Plot Title: 5C3G,4323,6/6/26 10:30,58.476,
Plot Title: 5C3G,4324,6/6/26 10:45,57.958,
Plot Title: 5C3G,4325,6/6/26 11:00,59.508,
Plot Title: 5C3G,4326,6/6/26 11:15,62.083,
Plot Title: 5C3G,4327,6/6/26 11:30,69.278,
Plot Title: 5C3G,4328,6/6/26 11:45,70.48,
Plot Title: 5C3G,4329,6/6/26 12:00,69.449,
Plot Title: 5C3G,4330,6/6/26 12:15,72.718,
Plot Title: 5C3G,4331,6/6/26 12:30,71.856,
Plot Title: 5C3G,4332,6/6/26 12:45,73.926,
Plot Title: 5C3G,4333,6/6/26 13:00,76.703,
Plot Title: 5C3G,4334,6/6/26 13:15,75.484,
Plot Title: 5C3G,4335,6/6/26 13:30,74.619,
Plot Title: 5C3G,4336,6/6/26 13:45,72.372,
Plot Title: 5C3G,4337,6/6/26 14:00,72.718,
Plot Title: 5C3G,4338,6/6/26 14:15,77.923,
Plot Title: 5C3G,4339,6/6/26 14:30,78.274,
Plot Title: 5C3G,4340,6/6/26 14:45,75.139,
Plot Title: 5C3G,4341,6/6/26 15:00,71.856,
Plot Title: 5C3G,4342,6/6/26 15:15,68.763,
Plot Title: 5C3G,4343,6/6/26 15:30,68.421,
Plot Title: 5C3G,4344,6/6/26 15:45,68.592,
Plot Title: 5C3G,4345,6/6/26 16:00,68.077,
Plot Title: 5C3G,4346,6/6/26 16:15,67.906,
Plot Title: 5C3G,4347,6/6/26 16:30,67.221,
Plot Title: 5C3G,4348,6/6/26 16:45,66.193,
Plot Title: 5C3G,4349,6/6/26 17:00,65.509,
Plot Title: 5C3G,4350,6/6/26 17:15,65.167,
Plot Title: 5C3G,4351,6/6/26 17:30,63.797,
Plot Title: 5C3G,4352,6/6/26 17:45,62.254,
Plot Title: 5C3G,4353,6/6/26 18:00,61.398,
Plot Title: 5C3G,4354,6/6/26 18:15,61.054,
Plot Title: 5C3G,4355,6/6/26 18:30,60.024,
Plot Title: 5C3G,4356,6/6/26 18:45,59.851,
Plot Title: 5C3G,4357,6/6/26 19:00,59.337,
Plot Title: 5C3G,4358,6/6/26 19:15,58.647,
Plot Title: 5C3G,4359,6/6/26 19:30,58.303,
Plot Title: 5C3G,4360,6/6/26 19:45,57.614,
Plot Title: 5C3G,4361,6/6/26 20:00,56.75,
Plot Title: 5C3G,4362,6/6/26 20:15,56.057,
Plot Title: 5C3G,4363,6/6/26 20:30,55.537,
Plot Title: 5C3G,4364,6/6/26 20:45,55.189,
Plot Title: 5C3G,4365,6/6/26 21:00,54.495,
Plot Title: 5C3G,4366,6/6/26 21:15,53.973,
Plot Title: 5C3G,4367,6/6/26 21:30,53.274,
Plot Title: 5C3G,4368,6/6/26 21:45,52.576,
Plot Title: 5C3G,4369,6/6/26 22:00,52.225,
Plot Title: 5C3G,4370,6/6/26 22:15,51.874,
Plot Title: 5C3G,4371,6/6/26 22:30,51.699,
Plot Title: 5C3G,4372,6/6/26 22:45,51.523,
Plot Title: 5C3G,4373,6/6/26 23:00,51.699,
Plot Title: 5C3G,4374,6/6/26 23:15,52.05,
Plot Title: 5C3G,4375,6/6/26 23:30,51.874,
Plot Title: 5C3G,4376,6/6/26 23:45,51.699,
Plot Title: 5C3G,4377,6/7/26 00:00,51.523,
Plot Title: 5C3G,4378,6/7/26 00:15,51.523,
Plot Title: 5C3G,4379,6/7/26 00:30,51.346,
Plot Title: 5C3G,4380,6/7/26 00:45,50.819,
Plot Title: 5C3G,4381,6/7/26 01:00,50.643,
Plot Title: 5C3G,4382,6/7/26 01:15,50.466,
Plot Title: 5C3G,4383,6/7/26 01:30,50.113,
Plot Title: 5C3G,4384,6/7/26 01:45,49.759,
Plot Title: 5C3G,4385,6/7/26 02:00,49.404,
Plot Title: 5C3G,4386,6/7/26 02:15,49.228,
Plot Title: 5C3G,4387,6/7/26 02:30,49.228,
Plot Title: 5C3G,4388,6/7/26 02:45,49.228,
Plot Title: 5C3G,4389,6/7/26 03:00,49.404,
Plot Title: 5C3G,4390,6/7/26 03:15,49.228,
Plot Title: 5C3G,4391,6/7/26 03:30,49.05,
Plot Title: 5C3G,4392,6/7/26 03:45,48.871,
Plot Title: 5C3G,4393,6/7/26 04:00,48.695,
Plot Title: 5C3G,4394,6/7/26 04:15,48.695,
Plot Title: 5C3G,4395,6/7/26 04:30,48.517,
Plot Title: 5C3G,4396,6/7/26 04:45,48.695,
Plot Title: 5C3G,4397,6/7/26 05:00,48.695,
Plot Title: 5C3G,4398,6/7/26 05:15,48.339,
Plot Title: 5C3G,4399,6/7/26 05:30,47.624,
Plot Title: 5C3G,4400,6/7/26 05:45,47.266,
Plot Title: 5C3G,4401,6/7/26 06:00,47.088,
Plot Title: 5C3G,4402,6/7/26 06:15,47.088,
Plot Title: 5C3G,4403,6/7/26 06:30,47.266,
Plot Title: 5C3G,4404,6/7/26 06:45,47.446,
Plot Title: 5C3G,4405,6/7/26 07:00,47.624,
Plot Title: 5C3G,4406,6/7/26 07:15,47.982,
Plot Title: 5C3G,4407,6/7/26 07:30,47.982,
Plot Title: 5C3G,4408,6/7/26 07:45,48.16,
Plot Title: 5C3G,4409,6/7/26 08:00,47.982,
Plot Title: 5C3G,4410,6/7/26 08:15,48.339,
Plot Title: 5C3G,4411,6/7/26 08:30,49.05,
Plot Title: 5C3G,4412,6/7/26 08:45,50.113,
Plot Title: 5C3G,4413,6/7/26 09:00,52.05,
Plot Title: 5C3G,4414,6/7/26 09:15,54.669,
Plot Title: 5C3G,4415,6/7/26 09:30,58.647,
Plot Title: 5C3G,4416,6/7/26 09:45,62.083,
Plot Title: 5C3G,4417,6/7/26 10:00,64.825,
Plot Title: 5C3G,4418,6/7/26 10:15,70.137,
Plot Title: 5C3G,4419,6/7/26 10:30,74.271,
Plot Title: 5C3G,4420,6/7/26 10:45,77.749,
Plot Title: 5C3G,4421,6/7/26 11:00,83.043,
Plot Title: 5C3G,4422,6/7/26 11:15,82.686,
Plot Title: 5C3G,4423,6/7/26 11:30,85.014,
Plot Title: 5C3G,4424,6/7/26 11:45,89.2,
Plot Title: 5C3G,4425,6/7/26 12:00,92.363,
Plot Title: 5C3G,4426,6/7/26 12:15,82.864,
Plot Title: 5C3G,4427,6/7/26 12:30,90.495,
Plot Title: 5C3G,4428,6/7/26 12:45,84.834,
Plot Title: 5C3G,4429,6/7/26 13:00,77.574,
Plot Title: 5C3G,4430,6/7/26 13:15,75.659,
Plot Title: 5C3G,4431,6/7/26 13:30,74.446,
Plot Title: 5C3G,4432,6/7/26 13:45,69.964,
Plot Title: 5C3G,4433,6/7/26 14:00,66.537,
Plot Title: 5C3G,4434,6/7/26 14:15,64.139,
Plot Title: 5C3G,4435,6/7/26 14:30,61.741,
Plot Title: 5C3G,4436,6/7/26 14:45,60.024,
Plot Title: 5C3G,4437,6/7/26 15:00,58.993,
Plot Title: 5C3G,4438,6/7/26 15:15,58.131,
Plot Title: 5C3G,4439,6/7/26 15:30,57.614,
Plot Title: 5C3G,4440,6/7/26 15:45,57.441,
Plot Title: 5C3G,4441,6/7/26 16:00,57.096,
Plot Title: 5C3G,4442,6/7/26 16:15,56.75,
Plot Title: 5C3G,4443,6/7/26 16:30,56.577,
Plot Title: 5C3G,4444,6/7/26 16:45,56.057,
Plot Title: 5C3G,4445,6/7/26 17:00,53.623,
Plot Title: 5C3G,4446,6/7/26 17:15,51.874,
Plot Title: 5C3G,4447,6/7/26 17:30,51.874,
Plot Title: 5C3G,4448,6/7/26 17:45,52.925,
Plot Title: 5C3G,4449,6/7/26 18:00,53.973,
Plot Title: 5C3G,4450,6/7/26 18:15,53.1,
Plot Title: 5C3G,4451,6/7/26 18:30,51.523,
Plot Title: 5C3G,4452,6/7/26 18:45,50.113,
Plot Title: 5C3G,4453,6/7/26 19:00,49.404,
Plot Title: 5C3G,4454,6/7/26 19:15,49.582,
Plot Title: 5C3G,4455,6/7/26 19:30,50.113,
Plot Title: 5C3G,4456,6/7/26 19:45,49.759,
Plot Title: 5C3G,4457,6/7/26 20:00,49.404,
Plot Title: 5C3G,4458,6/7/26 20:15,49.05,
Plot Title: 5C3G,4459,6/7/26 20:30,48.871,
Plot Title: 5C3G,4460,6/7/26 20:45,48.517,
Plot Title: 5C3G,4461,6/7/26 21:00,48.16,
Plot Title: 5C3G,4462,6/7/26 21:15,47.982,
Plot Title: 5C3G,4463,6/7/26 21:30,47.624,
Plot Title: 5C3G,4464,6/7/26 21:45,47.088,
Plot Title: 5C3G,4465,6/7/26 22:00,46.548,
Plot Title: 5C3G,4466,6/7/26 22:15,45.648,
Plot Title: 5C3G,4467,6/7/26 22:30,44.742,
Plot Title: 5C3G,4468,6/7/26 22:45,44.195,
Plot Title: 5C3G,4469,6/7/26 23:00,43.831,
Plot Title: 5C3G,4470,6/7/26 23:15,43.466,
Plot Title: 5C3G,4471,6/7/26 23:30,43.099,
Plot Title: 5C3G,4472,6/7/26 23:45,42.548,
Plot Title: 5C3G,4473,6/8/26 00:00,42.363,
Plot Title: 5C3G,4474,6/8/26 00:15,42.179,
Plot Title: 5C3G,4475,6/8/26 00:30,41.994,
Plot Title: 5C3G,4476,6/8/26 00:45,41.81,
Plot Title: 5C3G,4477,6/8/26 01:00,41.625,
Plot Title: 5C3G,4478,6/8/26 01:15,41.439,
Plot Title: 5C3G,4479,6/8/26 01:30,41.067,
Plot Title: 5C3G,4480,6/8/26 01:45,40.881,
Plot Title: 5C3G,4481,6/8/26 02:00,40.696,
Plot Title: 5C3G,4482,6/8/26 02:15,40.509,
Plot Title: 5C3G,4483,6/8/26 02:30,40.321,
Plot Title: 5C3G,4484,6/8/26 02:45,40.134,
Plot Title: 5C3G,4485,6/8/26 03:00,39.947,
Plot Title: 5C3G,4486,6/8/26 03:15,39.76,
Plot Title: 5C3G,4487,6/8/26 03:30,39.573,
Plot Title: 5C3G,4488,6/8/26 03:45,39.573,
Plot Title: 5C3G,4489,6/8/26 04:00,39.384,
Plot Title: 5C3G,4490,6/8/26 04:15,39.384,
Plot Title: 5C3G,4491,6/8/26 04:30,39.384,
Plot Title: 5C3G,4492,6/8/26 04:45,39.196,
Plot Title: 5C3G,4493,6/8/26 05:00,39.007,
Plot Title: 5C3G,4494,6/8/26 05:15,39.007,
Plot Title: 5C3G,4495,6/8/26 05:30,39.007,
Plot Title: 5C3G,4496,6/8/26 05:45,39.007,
Plot Title: 5C3G,4497,6/8/26 06:00,38.818,
Plot Title: 5C3G,4498,6/8/26 06:15,39.007,
Plot Title: 5C3G,4499,6/8/26 06:30,39.007,
Plot Title: 5C3G,4500,6/8/26 06:45,39.196,
Plot Title: 5C3G,4501,6/8/26 07:00,39.384,
Plot Title: 5C3G,4502,6/8/26 07:15,40.134,
Plot Title: 5C3G,4503,6/8/26 07:30,40.509,
Plot Title: 5C3G,4504,6/8/26 07:45,40.881,
Plot Title: 5C3G,4505,6/8/26 08:00,40.696,
Plot Title: 5C3G,4506,6/8/26 08:15,41.067,
Plot Title: 5C3G,4507,6/8/26 08:30,41.625,
Plot Title: 5C3G,4508,6/8/26 08:45,42.548,
Plot Title: 5C3G,4509,6/8/26 09:00,48.16,
Plot Title: 5C3G,4510,6/8/26 09:15,55.364,
Plot Title: 5C3G,4511,6/8/26 09:30,60.195,
Plot Title: 5C3G,4512,6/8/26 09:45,63.282,
Plot Title: 5C3G,4513,6/8/26 10:00,66.022,
Plot Title: 5C3G,4514,6/8/26 10:15,68.763,
Plot Title: 5C3G,4515,6/8/26 10:30,71.856,
Plot Title: 5C3G,4516,6/8/26 10:45,75.312,
Plot Title: 5C3G,4517,6/8/26 11:00,77.05,
Plot Title: 5C3G,4518,6/8/26 11:15,80.735,
Plot Title: 5C3G,4519,6/8/26 11:30,83.579,
Plot Title: 5C3G,4520,6/8/26 11:45,86.459,
Plot Title: 5C3G,4521,6/8/26 12:00,89.569,
Plot Title: 5C3G,4522,6/8/26 12:15,92.737,
Plot Title: 5C3G,4523,6/8/26 12:30,95.976,
Plot Title: 5C3G,4524,6/8/26 12:45,98.11,
Plot Title: 5C3G,4525,6/8/26 13:00,99.687,
Plot Title: 5C3G,4526,6/8/26 13:15,100.083,
Plot Title: 5C3G,4527,6/8/26 13:30,99.687,
Plot Title: 5C3G,4528,6/8/26 13:45,98.897,
Plot Title: 5C3G,4529,6/8/26 14:00,98.11,
Plot Title: 5C3G,4530,6/8/26 14:15,98.11,
Plot Title: 5C3G,4531,6/8/26 14:30,97.916,
Plot Title: 5C3G,4532,6/8/26 14:45,94.825,
Plot Title: 5C3G,4533,6/8/26 15:00,86.277,
Plot Title: 5C3G,4534,6/8/26 15:15,81.442,
Plot Title: 5C3G,4535,6/8/26 15:30,83.043,
Plot Title: 5C3G,4536,6/8/26 15:45,79.326,
Plot Title: 5C3G,4537,6/8/26 16:00,76.354,
Plot Title: 5C3G,4538,6/8/26 16:15,74.446,
Plot Title: 5C3G,4539,6/8/26 16:30,72.372,
Plot Title: 5C3G,4540,6/8/26 16:45,70.137,
Plot Title: 5C3G,4541,6/8/26 17:00,69.278,
Plot Title: 5C3G,4542,6/8/26 17:15,68.763,
Plot Title: 5C3G,4543,6/8/26 17:30,67.564,
Plot Title: 5C3G,4544,6/8/26 17:45,66.708,
Plot Title: 5C3G,4545,6/8/26 18:00,65.851,
Plot Title: 5C3G,4546,6/8/26 18:15,64.996,
Plot Title: 5C3G,4547,6/8/26 18:30,63.968,
Plot Title: 5C3G,4548,6/8/26 18:45,63.111,
Plot Title: 5C3G,4549,6/8/26 19:00,62.94,
Plot Title: 5C3G,4550,6/8/26 19:15,62.598,
Plot Title: 5C3G,4551,6/8/26 19:30,62.425,
Plot Title: 5C3G,4552,6/8/26 19:45,61.741,
Plot Title: 5C3G,4553,6/8/26 20:00,60.539,
Plot Title: 5C3G,4554,6/8/26 20:15,59.508,
Plot Title: 5C3G,4555,6/8/26 20:30,58.647,
Plot Title: 5C3G,4556,6/8/26 20:45,58.303,
Plot Title: 5C3G,4557,6/8/26 21:00,57.958,
Plot Title: 5C3G,4558,6/8/26 21:15,57.614,
Plot Title: 5C3G,4559,6/8/26 21:30,57.268,
Plot Title: 5C3G,4560,6/8/26 21:45,56.923,
Plot Title: 5C3G,4561,6/8/26 22:00,56.404,
Plot Title: 5C3G,4562,6/8/26 22:15,56.23,
Plot Title: 5C3G,4563,6/8/26 22:30,55.711,
Plot Title: 5C3G,4564,6/8/26 22:45,55.537,
Plot Title: 5C3G,4565,6/8/26 23:00,55.364,
Plot Title: 5C3G,4566,6/8/26 23:15,55.189,
Plot Title: 5C3G,4567,6/8/26 23:30,55.189,
Plot Title: 5C3G,4568,6/8/26 23:45,55.017,
Plot Title: 5C3G,4569,6/9/26 00:00,54.842,
Plot Title: 5C3G,4570,6/9/26 00:15,54.669,
Plot Title: 5C3G,4571,6/9/26 00:30,54.669,
Plot Title: 5C3G,4572,6/9/26 00:45,54.495,
Plot Title: 5C3G,4573,6/9/26 01:00,54.322,
Plot Title: 5C3G,4574,6/9/26 01:15,54.147,
Plot Title: 5C3G,4575,6/9/26 01:30,53.973,
Plot Title: 5C3G,4576,6/9/26 01:45,53.798,
Plot Title: 5C3G,4577,6/9/26 02:00,53.274,
Plot Title: 5C3G,4578,6/9/26 02:15,53.1,
Plot Title: 5C3G,4579,6/9/26 02:30,53.1,
Plot Title: 5C3G,4580,6/9/26 02:45,53.274,
Plot Title: 5C3G,4581,6/9/26 03:00,53.274,
Plot Title: 5C3G,4582,6/9/26 03:15,53.274,
Plot Title: 5C3G,4583,6/9/26 03:30,53.1,
Plot Title: 5C3G,4584,6/9/26 03:45,53.1,
Plot Title: 5C3G,4585,6/9/26 04:00,52.925,
Plot Title: 5C3G,4586,6/9/26 04:15,52.75,
Plot Title: 5C3G,4587,6/9/26 04:30,52.576,
Plot Title: 5C3G,4588,6/9/26 04:45,52.401,
Plot Title: 5C3G,4589,6/9/26 05:00,52.401,
Plot Title: 5C3G,4590,6/9/26 05:15,52.225,
Plot Title: 5C3G,4591,6/9/26 05:30,51.874,
Plot Title: 5C3G,4592,6/9/26 05:45,51.523,
Plot Title: 5C3G,4593,6/9/26 06:00,51.172,
Plot Title: 5C3G,4594,6/9/26 06:15,50.995,
Plot Title: 5C3G,4595,6/9/26 06:30,50.819,
Plot Title: 5C3G,4596,6/9/26 06:45,50.643,
Plot Title: 5C3G,4597,6/9/26 07:00,50.643,
Plot Title: 5C3G,4598,6/9/26 07:15,51.346,
Plot Title: 5C3G,4599,6/9/26 07:30,51.874,
Plot Title: 5C3G,4600,6/9/26 07:45,52.05,
Plot Title: 5C3G,4601,6/9/26 08:00,52.225,
Plot Title: 5C3G,4602,6/9/26 08:15,52.576,
Plot Title: 5C3G,4603,6/9/26 08:30,54.147,
Plot Title: 5C3G,4604,6/9/26 08:45,55.884,
Plot Title: 5C3G,4605,6/9/26 09:00,56.577,
Plot Title: 5C3G,4606,6/9/26 09:15,55.884,
Plot Title: 5C3G,4607,6/9/26 09:30,55.711,
Plot Title: 5C3G,4608,6/9/26 09:45,56.23,
Plot Title: 5C3G,4609,6/9/26 10:00,60.195,
Plot Title: 5C3G,4610,6/9/26 10:15,68.763,
Plot Title: 5C3G,4611,6/9/26 10:30,74.098,
Plot Title: 5C3G,4612,6/9/26 10:45,72.372,
Plot Title: 5C3G,4613,6/9/26 11:00,72.028,
Plot Title: 5C3G,4614,6/9/26 11:15,74.098,
Plot Title: 5C3G,4615,6/9/26 11:30,74.098,
Plot Title: 5C3G,4616,6/9/26 11:45,67.735,
Plot Title: 5C3G,4617,6/9/26 12:00,60.539,
Plot Title: 5C3G,4618,6/9/26 12:15,59.68,
Plot Title: 5C3G,4619,6/9/26 12:30,59.68,
Plot Title: 5C3G,4620,6/9/26 12:45,57.096,
Plot Title: 5C3G,4621,6/9/26 13:00,56.057,
Plot Title: 5C3G,4622,6/9/26 13:15,55.537,
Plot Title: 5C3G,4623,6/9/26 13:30,54.842,
Plot Title: 5C3G,4624,6/9/26 13:45,53.798,
Plot Title: 5C3G,4625,6/9/26 14:00,53.1,
Plot Title: 5C3G,4626,6/9/26 14:15,52.401,
Plot Title: 5C3G,4627,6/9/26 14:30,52.05,
Plot Title: 5C3G,4628,6/9/26 14:45,52.05,
Plot Title: 5C3G,4629,6/9/26 15:00,51.346,
Plot Title: 5C3G,4630,6/9/26 15:15,51.172,
Plot Title: 5C3G,4631,6/9/26 15:30,50.995,
Plot Title: 5C3G,4632,6/9/26 15:45,50.995,
Plot Title: 5C3G,4633,6/9/26 16:00,51.346,
Plot Title: 5C3G,4634,6/9/26 16:15,52.401,
Plot Title: 5C3G,4635,6/9/26 16:30,52.75,
Plot Title: 5C3G,4636,6/9/26 16:45,52.225,
Plot Title: 5C3G,4637,6/9/26 17:00,53.449,
Plot Title: 5C3G,4638,6/9/26 17:15,54.147,
Plot Title: 5C3G,4639,6/9/26 17:30,53.449,
Plot Title: 5C3G,4640,6/9/26 17:45,51.346,
Plot Title: 5C3G,4641,6/9/26 18:00,48.16,
Plot Title: 5C3G,4642,6/9/26 18:15,49.404,
Plot Title: 5C3G,4643,6/9/26 18:30,49.228,
Plot Title: 5C3G,4644,6/9/26 18:45,50.113,
Plot Title: 5C3G,4645,6/9/26 19:00,50.819,
Plot Title: 5C3G,4646,6/9/26 19:15,50.29,
Plot Title: 5C3G,4647,6/9/26 19:30,50.113,
Plot Title: 5C3G,4648,6/9/26 19:45,49.937,
Plot Title: 5C3G,4649,6/9/26 20:00,49.582,
Plot Title: 5C3G,4650,6/9/26 20:15,49.05,
Plot Title: 5C3G,4651,6/9/26 20:30,48.517,
Plot Title: 5C3G,4652,6/9/26 20:45,48.517,
Plot Title: 5C3G,4653,6/9/26 21:00,47.802,
Plot Title: 5C3G,4654,6/9/26 21:15,46.908,
Plot Title: 5C3G,4655,6/9/26 21:30,46.728,
Plot Title: 5C3G,4656,6/9/26 21:45,46.908,
Plot Title: 5C3G,4657,6/9/26 22:00,46.548,
Plot Title: 5C3G,4658,6/9/26 22:15,46.548,
Plot Title: 5C3G,4659,6/9/26 22:30,46.548,
Plot Title: 5C3G,4660,6/9/26 22:45,46.369,
Plot Title: 5C3G,4661,6/9/26 23:00,46.369,
Plot Title: 5C3G,4662,6/9/26 23:15,45.828,
Plot Title: 5C3G,4663,6/9/26 23:30,44.922,
Plot Title: 5C3G,4664,6/9/26 23:45,44.195,
Plot Title: 5C3G,4665,6/10/26 00:00,43.648,
Plot Title: 5C3G,4666,6/10/26 00:15,43.466,
Plot Title: 5C3G,4667,6/10/26 00:30,43.831,
Plot Title: 5C3G,4668,6/10/26 00:45,43.466,
Plot Title: 5C3G,4669,6/10/26 01:00,43.099,
Plot Title: 5C3G,4670,6/10/26 01:15,43.282,
Plot Title: 5C3G,4671,6/10/26 01:30,43.099,
Plot Title: 5C3G,4672,6/10/26 01:45,42.732,
Plot Title: 5C3G,4673,6/10/26 02:00,42.363,
Plot Title: 5C3G,4674,6/10/26 02:15,41.994,
Plot Title: 5C3G,4675,6/10/26 02:30,41.81,
Plot Title: 5C3G,4676,6/10/26 02:45,41.625,
Plot Title: 5C3G,4677,6/10/26 03:00,42.179,
Plot Title: 5C3G,4678,6/10/26 03:15,42.179,
Plot Title: 5C3G,4679,6/10/26 03:30,42.179,
Plot Title: 5C3G,4680,6/10/26 03:45,41.81,
Plot Title: 5C3G,4681,6/10/26 04:00,42.179,
Plot Title: 5C3G,4682,6/10/26 04:15,42.363,
Plot Title: 5C3G,4683,6/10/26 04:30,42.179,
Plot Title: 5C3G,4684,6/10/26 04:45,41.625,
Plot Title: 5C3G,4685,6/10/26 05:00,41.254,
Plot Title: 5C3G,4686,6/10/26 05:15,40.881,
Plot Title: 5C3G,4687,6/10/26 05:30,40.509,
Plot Title: 5C3G,4688,6/10/26 05:45,41.067,
Plot Title: 5C3G,4689,6/10/26 06:00,41.439,
Plot Title: 5C3G,4690,6/10/26 06:15,41.439,
Plot Title: 5C3G,4691,6/10/26 06:30,41.625,
Plot Title: 5C3G,4692,6/10/26 06:45,41.994,
Plot Title: 5C3G,4693,6/10/26 07:00,42.548,
Plot Title: 5C3G,4694,6/10/26 07:15,42.548,
Plot Title: 5C3G,4695,6/10/26 07:30,42.548,
Plot Title: 5C3G,4696,6/10/26 07:45,42.548,
Plot Title: 5C3G,4697,6/10/26 08:00,42.732,
Plot Title: 5C3G,4698,6/10/26 08:15,43.282,
Plot Title: 5C3G,4699,6/10/26 08:30,43.648,
Plot Title: 5C3G,4700,6/10/26 08:45,45.104,
Plot Title: 5C3G,4701,6/10/26 09:00,48.871,
Plot Title: 5C3G,4702,6/10/26 09:15,51.699,
Plot Title: 5C3G,4703,6/10/26 09:30,58.303,
Plot Title: 5C3G,4704,6/10/26 09:45,62.254,
Plot Title: 5C3G,4705,6/10/26 10:00,64.652,
Plot Title: 5C3G,4706,6/10/26 10:15,65.68,
Plot Title: 5C3G,4707,6/10/26 10:30,67.735,
Plot Title: 5C3G,4708,6/10/26 10:45,69.622,
Plot Title: 5C3G,4709,6/10/26 11:00,67.05,
Plot Title: 5C3G,4710,6/10/26 11:15,68.763,
Plot Title: 5C3G,4711,6/10/26 11:30,67.564,
Plot Title: 5C3G,4712,6/10/26 11:45,71.168,
Plot Title: 5C3G,4713,6/10/26 12:00,69.964,
Plot Title: 5C3G,4714,6/10/26 12:15,77.4,
Plot Title: 5C3G,4715,6/10/26 12:30,71.339,
Plot Title: 5C3G,4716,6/10/26 12:45,64.481,
Plot Title: 5C3G,4717,6/10/26 13:00,61.227,
Plot Title: 5C3G,4718,6/10/26 13:15,69.107,
Plot Title: 5C3G,4719,6/10/26 13:30,63.282,
Plot Title: 5C3G,4720,6/10/26 13:45,59.337,
Plot Title: 5C3G,4721,6/10/26 14:00,58.993,
Plot Title: 5C3G,4722,6/10/26 14:15,62.425,
Plot Title: 5C3G,4723,6/10/26 14:30,61.569,
Plot Title: 5C3G,4724,6/10/26 14:45,59.164,
Plot Title: 5C3G,4725,6/10/26 15:00,56.577,
Plot Title: 5C3G,4726,6/10/26 15:15,58.82,
Plot Title: 5C3G,4727,6/10/26 15:30,56.23,
Plot Title: 5C3G,4728,6/10/26 15:45,56.923,
Plot Title: 5C3G,4729,6/10/26 16:00,56.75,
Plot Title: 5C3G,4730,6/10/26 16:15,55.884,
Plot Title: 5C3G,4731,6/10/26 16:30,55.189,
Plot Title: 5C3G,4732,6/10/26 16:45,52.401,
Plot Title: 5C3G,4733,6/10/26 17:00,49.937,
Plot Title: 5C3G,4734,6/10/26 17:15,49.05,
Plot Title: 5C3G,4735,6/10/26 17:30,49.937,
Plot Title: 5C3G,4736,6/10/26 17:45,50.819,
Plot Title: 5C3G,4737,6/10/26 18:00,50.819,
Plot Title: 5C3G,4738,6/10/26 18:15,51.346,
Plot Title: 5C3G,4739,6/10/26 18:30,51.346,
Plot Title: 5C3G,4740,6/10/26 18:45,51.172,
Plot Title: 5C3G,4741,6/10/26 19:00,51.172,
Plot Title: 5C3G,4742,6/10/26 19:15,50.819,
Plot Title: 5C3G,4743,6/10/26 19:30,49.937,
Plot Title: 5C3G,4744,6/10/26 19:45,49.228,
Plot Title: 5C3G,4745,6/10/26 20:00,48.695,
Plot Title: 5C3G,4746,6/10/26 20:15,48.339,
Plot Title: 5C3G,4747,6/10/26 20:30,48.16,
Plot Title: 5C3G,4748,6/10/26 20:45,47.624,
Plot Title: 5C3G,4749,6/10/26 21:00,47.266,
Plot Title: 5C3G,4750,6/10/26 21:15,46.908,
Plot Title: 5C3G,4751,6/10/26 21:30,46.548,
Plot Title: 5C3G,4752,6/10/26 21:45,46.008,
Plot Title: 5C3G,4753,6/10/26 22:00,44.922,
Plot Title: 5C3G,4754,6/10/26 22:15,44.195,
Plot Title: 5C3G,4755,6/10/26 22:30,43.282,
Plot Title: 5C3G,4756,6/10/26 22:45,43.282,
Plot Title: 5C3G,4757,6/10/26 23:00,43.648,
Plot Title: 5C3G,4758,6/10/26 23:15,43.831,
Plot Title: 5C3G,4759,6/10/26 23:30,44.013,
Plot Title: 5C3G,4760,6/10/26 23:45,43.648,
Plot Title: 5C3G,4761,6/11/26 00:00,43.648,
Plot Title: 5C3G,4762,6/11/26 00:15,43.648,
Plot Title: 5C3G,4763,6/11/26 00:30,43.648,
Plot Title: 5C3G,4764,6/11/26 00:45,43.831,
Plot Title: 5C3G,4765,6/11/26 01:00,43.648,
Plot Title: 5C3G,4766,6/11/26 01:15,43.648,
Plot Title: 5C3G,4767,6/11/26 01:30,43.648,
Plot Title: 5C3G,4768,6/11/26 01:45,43.648,
Plot Title: 5C3G,4769,6/11/26 02:00,43.648,
Plot Title: 5C3G,4770,6/11/26 02:15,43.648,
Plot Title: 5C3G,4771,6/11/26 02:30,43.466,
Plot Title: 5C3G,4772,6/11/26 02:45,43.282,
Plot Title: 5C3G,4773,6/11/26 03:00,43.099,
Plot Title: 5C3G,4774,6/11/26 03:15,43.099,
Plot Title: 5C3G,4775,6/11/26 03:30,42.915,
Plot Title: 5C3G,4776,6/11/26 03:45,42.915,
Plot Title: 5C3G,4777,6/11/26 04:00,42.732,
Plot Title: 5C3G,4778,6/11/26 04:15,42.548,
Plot Title: 5C3G,4779,6/11/26 04:30,42.548,
Plot Title: 5C3G,4780,6/11/26 04:45,42.548,
Plot Title: 5C3G,4781,6/11/26 05:00,42.363,
Plot Title: 5C3G,4782,6/11/26 05:15,42.363,
Plot Title: 5C3G,4783,6/11/26 05:30,42.179,
Plot Title: 5C3G,4784,6/11/26 05:45,42.179,
Plot Title: 5C3G,4785,6/11/26 06:00,41.994,
Plot Title: 5C3G,4786,6/11/26 06:15,41.994,
Plot Title: 5C3G,4787,6/11/26 06:30,41.994,
Plot Title: 5C3G,4788,6/11/26 06:45,42.363,
Plot Title: 5C3G,4789,6/11/26 07:00,42.732,
Plot Title: 5C3G,4790,6/11/26 07:15,42.915,
Plot Title: 5C3G,4791,6/11/26 07:30,42.915,
Plot Title: 5C3G,4792,6/11/26 07:45,43.466,
Plot Title: 5C3G,4793,6/11/26 08:00,43.466,
Plot Title: 5C3G,4794,6/11/26 08:15,43.831,
Plot Title: 5C3G,4795,6/11/26 08:30,45.466,
Plot Title: 5C3G,4796,6/11/26 08:45,46.188,
Plot Title: 5C3G,4797,6/11/26 09:00,48.871,
Plot Title: 5C3G,4798,6/11/26 09:15,55.189,
Plot Title: 5C3G,4799,6/11/26 09:30,53.798,
Plot Title: 5C3G,4800,6/11/26 09:45,52.05,
Plot Title: 5C3G,4801,6/11/26 10:00,54.495,
Plot Title: 5C3G,4802,6/11/26 10:15,54.842,
Plot Title: 5C3G,4803,6/11/26 10:30,55.189,
Plot Title: 5C3G,4804,6/11/26 10:45,56.577,
Plot Title: 5C3G,4805,6/11/26 11:00,56.23,
Plot Title: 5C3G,4806,6/11/26 11:15,58.647,
Plot Title: 5C3G,4807,6/11/26 11:30,61.054,
Plot Title: 5C3G,4808,6/11/26 11:45,60.024,
Plot Title: 5C3G,4809,6/11/26 12:00,67.221,
Plot Title: 5C3G,4810,6/11/26 12:15,72.372,
Plot Title: 5C3G,4811,6/11/26 12:30,77.574,
Plot Title: 5C3G,4812,6/11/26 12:45,78.449,
Plot Title: 5C3G,4813,6/11/26 13:00,78.274,
Plot Title: 5C3G,4814,6/11/26 13:15,78.098,
Plot Title: 5C3G,4815,6/11/26 13:30,78.8,
Plot Title: 5C3G,4816,6/11/26 13:45,77.4,
Plot Title: 5C3G,4817,6/11/26 14:00,79.502,
Plot Title: 5C3G,4818,6/11/26 14:15,80.206,
Plot Title: 5C3G,4819,6/11/26 14:30,81.09,
Plot Title: 5C3G,4820,6/11/26 14:45,81.442,
Plot Title: 5C3G,4821,6/11/26 15:00,81.621,
Plot Title: 5C3G,4822,6/11/26 15:15,81.797,
Plot Title: 5C3G,4823,6/11/26 15:30,79.678,
Plot Title: 5C3G,4824,6/11/26 15:45,71.856,
Plot Title: 5C3G,4825,6/11/26 16:00,67.735,
Plot Title: 5C3G,4826,6/11/26 16:15,66.366,
Plot Title: 5C3G,4827,6/11/26 16:30,65.167,
Plot Title: 5C3G,4828,6/11/26 16:45,63.455,
Plot Title: 5C3G,4829,6/11/26 17:00,62.083,
Plot Title: 5C3G,4830,6/11/26 17:15,61.227,
Plot Title: 5C3G,4831,6/11/26 17:30,60.539,
Plot Title: 5C3G,4832,6/11/26 17:45,60.368,
Plot Title: 5C3G,4833,6/11/26 18:00,59.851,
Plot Title: 5C3G,4834,6/11/26 18:15,58.82,
Plot Title: 5C3G,4835,6/11/26 18:30,57.958,
Plot Title: 5C3G,4836,6/11/26 18:45,57.096,
Plot Title: 5C3G,4837,6/11/26 19:00,56.23,
Plot Title: 5C3G,4838,6/11/26 19:15,55.537,
Plot Title: 5C3G,4839,6/11/26 19:30,55.017,
Plot Title: 5C3G,4840,6/11/26 19:45,54.495,
Plot Title: 5C3G,4841,6/11/26 20:00,53.973,
Plot Title: 5C3G,4842,6/11/26 20:15,53.449,
Plot Title: 5C3G,4843,6/11/26 20:30,52.925,
Plot Title: 5C3G,4844,6/11/26 20:45,52.401,
Plot Title: 5C3G,4845,6/11/26 21:00,51.874,
Plot Title: 5C3G,4846,6/11/26 21:15,51.346,
Plot Title: 5C3G,4847,6/11/26 21:30,50.995,
Plot Title: 5C3G,4848,6/11/26 21:45,50.643,
Plot Title: 5C3G,4849,6/11/26 22:00,50.29,
Plot Title: 5C3G,4850,6/11/26 22:15,49.937,
Plot Title: 5C3G,4851,6/11/26 22:30,49.582,
Plot Title: 5C3G,4852,6/11/26 22:45,49.228,
Plot Title: 5C3G,4853,6/11/26 23:00,49.05,
Plot Title: 5C3G,4854,6/11/26 23:15,48.695,
Plot Title: 5C3G,4855,6/11/26 23:30,48.339,
Plot Title: 5C3G,4856,6/11/26 23:45,48.16,
Plot Title: 5C3G,4857,6/12/26 00:00,47.802,
Plot Title: 5C3G,4858,6/12/26 00:15,47.446,
Plot Title: 5C3G,4859,6/12/26 00:30,47.266,
Plot Title: 5C3G,4860,6/12/26 00:45,46.908,
Plot Title: 5C3G,4861,6/12/26 01:00,46.728,
Plot Title: 5C3G,4862,6/12/26 01:15,46.548,
Plot Title: 5C3G,4863,6/12/26 01:30,46.369,
Plot Title: 5C3G,4864,6/12/26 01:45,46.188,
Plot Title: 5C3G,4865,6/12/26 02:00,46.008,
Plot Title: 5C3G,4866,6/12/26 02:15,45.648,
Plot Title: 5C3G,4867,6/12/26 02:30,45.466,
Plot Title: 5C3G,4868,6/12/26 02:45,45.286,
Plot Title: 5C3G,4869,6/12/26 03:00,45.104,
Plot Title: 5C3G,4870,6/12/26 03:15,44.922,
Plot Title: 5C3G,4871,6/12/26 03:30,44.742,
Plot Title: 5C3G,4872,6/12/26 03:45,44.56,
Plot Title: 5C3G,4873,6/12/26 04:00,44.379,
Plot Title: 5C3G,4874,6/12/26 04:15,44.195,
Plot Title: 5C3G,4875,6/12/26 04:30,44.013,
Plot Title: 5C3G,4876,6/12/26 04:45,43.831,
Plot Title: 5C3G,4877,6/12/26 05:00,43.648,
Plot Title: 5C3G,4878,6/12/26 05:15,43.466,
Plot Title: 5C3G,4879,6/12/26 05:30,43.282,
Plot Title: 5C3G,4880,6/12/26 05:45,43.282,
Plot Title: 5C3G,4881,6/12/26 06:00,43.099,
Plot Title: 5C3G,4882,6/12/26 06:15,43.099,
Plot Title: 5C3G,4883,6/12/26 06:30,43.099,
Plot Title: 5C3G,4884,6/12/26 06:45,43.282,
Plot Title: 5C3G,4885,6/12/26 07:00,43.282,
Plot Title: 5C3G,4886,6/12/26 07:15,43.282,
Plot Title: 5C3G,4887,6/12/26 07:30,43.466,
Plot Title: 5C3G,4888,6/12/26 07:45,43.648,
Plot Title: 5C3G,4889,6/12/26 08:00,44.013,
Plot Title: 5C3G,4890,6/12/26 08:15,44.56,
Plot Title: 5C3G,4891,6/12/26 08:30,45.286,
Plot Title: 5C3G,4892,6/12/26 08:45,46.008,
Plot Title: 5C3G,4893,6/12/26 09:00,52.576,
Plot Title: 5C3G,4894,6/12/26 09:15,59.164,
Plot Title: 5C3G,4895,6/12/26 09:30,63.455,
Plot Title: 5C3G,4896,6/12/26 09:45,66.708,
Plot Title: 5C3G,4897,6/12/26 10:00,69.622,
Plot Title: 5C3G,4898,6/12/26 10:15,72.199,
Plot Title: 5C3G,4899,6/12/26 10:30,75.139,
Plot Title: 5C3G,4900,6/12/26 10:45,78.449,
Plot Title: 5C3G,4901,6/12/26 11:00,81.975,
Plot Title: 5C3G,4902,6/12/26 11:15,85.374,
Plot Title: 5C3G,4903,6/12/26 11:30,88.466,
Plot Title: 5C3G,4904,6/12/26 11:45,91.425,
Plot Title: 5C3G,4905,6/12/26 12:00,93.682,
Plot Title: 5C3G,4906,6/12/26 12:15,97.137,
Plot Title: 5C3G,4907,6/12/26 12:30,99.885,
Plot Title: 5C3G,4908,6/12/26 12:45,100.882,
Plot Title: 5C3G,4909,6/12/26 13:00,101.082,
Plot Title: 5C3G,4910,6/12/26 13:15,100.083,
Plot Title: 5C3G,4911,6/12/26 13:30,99.489,
Plot Title: 5C3G,4912,6/12/26 13:45,94.633,
Plot Title: 5C3G,4913,6/12/26 14:00,95.783,
Plot Title: 5C3G,4914,6/12/26 14:15,90.68,
Plot Title: 5C3G,4915,6/12/26 14:30,91.425,
Plot Title: 5C3G,4916,6/12/26 14:45,90.495,
Plot Title: 5C3G,4917,6/12/26 15:00,91.8,
Plot Title: 5C3G,4918,6/12/26 15:15,89.569,
Plot Title: 5C3G,4919,6/12/26 15:30,88.65,
Plot Title: 5C3G,4920,6/12/26 15:45,80.382,
Plot Title: 5C3G,4921,6/12/26 16:00,77.225,
Plot Title: 5C3G,4922,6/12/26 16:15,76.703,
Plot Title: 5C3G,4923,6/12/26 16:30,76.354,
Plot Title: 5C3G,4924,6/12/26 16:45,74.446,
Plot Title: 5C3G,4925,6/12/26 17:00,72.028,
Plot Title: 5C3G,4926,6/12/26 17:15,69.449,
Plot Title: 5C3G,4927,6/12/26 17:30,68.421,
Plot Title: 5C3G,4928,6/12/26 17:45,67.221,
Plot Title: 5C3G,4929,6/12/26 18:00,65.851,
Plot Title: 5C3G,4930,6/12/26 18:15,65.167,
Plot Title: 5C3G,4931,6/12/26 18:30,64.481,
Plot Title: 5C3G,4932,6/12/26 18:45,63.968,
Plot Title: 5C3G,4933,6/12/26 19:00,63.626,
Plot Title: 5C3G,4934,6/12/26 19:15,62.769,
Plot Title: 5C3G,4935,6/12/26 19:30,62.083,
Plot Title: 5C3G,4936,6/12/26 19:45,61.398,
Plot Title: 5C3G,4937,6/12/26 20:00,60.539,
Plot Title: 5C3G,4938,6/12/26 20:15,59.851,
Plot Title: 5C3G,4939,6/12/26 20:30,59.164,
Plot Title: 5C3G,4940,6/12/26 20:45,58.647,
Plot Title: 5C3G,4941,6/12/26 21:00,58.131,
Plot Title: 5C3G,4942,6/12/26 21:15,57.785,
Plot Title: 5C3G,4943,6/12/26 21:30,57.441,
Plot Title: 5C3G,4944,6/12/26 21:45,57.096,
Plot Title: 5C3G,4945,6/12/26 22:00,56.577,
Plot Title: 5C3G,4946,6/12/26 22:15,56.057,
Plot Title: 5C3G,4947,6/12/26 22:30,55.537,
Plot Title: 5C3G,4948,6/12/26 22:45,55.189,
Plot Title: 5C3G,4949,6/12/26 23:00,54.669,
Plot Title: 5C3G,4950,6/12/26 23:15,54.322,
Plot Title: 5C3G,4951,6/12/26 23:30,53.798,
Plot Title: 5C3G,4952,6/12/26 23:45,53.449,
Plot Title: 5C3G,4953,6/13/26 00:00,53.1,
Plot Title: 5C3G,4954,6/13/26 00:15,52.576,
Plot Title: 5C3G,4955,6/13/26 00:30,52.401,
Plot Title: 5C3G,4956,6/13/26 00:45,52.05,
Plot Title: 5C3G,4957,6/13/26 01:00,51.874,
Plot Title: 5C3G,4958,6/13/26 01:15,51.699,
Plot Title: 5C3G,4959,6/13/26 01:30,51.346,
Plot Title: 5C3G,4960,6/13/26 01:45,50.643,
Plot Title: 5C3G,4961,6/13/26 02:00,50.29,
Plot Title: 5C3G,4962,6/13/26 02:15,50.113,
Plot Title: 5C3G,4963,6/13/26 02:30,49.937,
Plot Title: 5C3G,4964,6/13/26 02:45,49.759,
Plot Title: 5C3G,4965,6/13/26 03:00,49.759,
Plot Title: 5C3G,4966,6/13/26 03:15,49.404,
Plot Title: 5C3G,4967,6/13/26 03:30,49.228,
Plot Title: 5C3G,4968,6/13/26 03:45,49.05,
Plot Title: 5C3G,4969,6/13/26 04:00,48.871,
Plot Title: 5C3G,4970,6/13/26 04:15,48.695,
Plot Title: 5C3G,4971,6/13/26 04:30,48.695,
Plot Title: 5C3G,4972,6/13/26 04:45,48.517,
Plot Title: 5C3G,4973,6/13/26 05:00,48.339,
Plot Title: 5C3G,4974,6/13/26 05:15,48.16,
Plot Title: 5C3G,4975,6/13/26 05:30,47.982,
Plot Title: 5C3G,4976,6/13/26 05:45,47.982,
Plot Title: 5C3G,4977,6/13/26 06:00,47.802,
Plot Title: 5C3G,4978,6/13/26 06:15,47.624,
Plot Title: 5C3G,4979,6/13/26 06:30,47.624,
Plot Title: 5C3G,4980,6/13/26 06:45,47.624,
Plot Title: 5C3G,4981,6/13/26 07:00,47.624,
Plot Title: 5C3G,4982,6/13/26 07:15,47.624,
Plot Title: 5C3G,4983,6/13/26 07:30,47.624,
Plot Title: 5C3G,4984,6/13/26 07:45,47.802,
Plot Title: 5C3G,4985,6/13/26 08:00,47.802,
Plot Title: 5C3G,4986,6/13/26 08:15,48.16,
Plot Title: 5C3G,4987,6/13/26 08:30,48.517,
Plot Title: 5C3G,4988,6/13/26 08:45,49.05,
Plot Title: 5C3G,4989,6/13/26 09:00,48.871,
Plot Title: 5C3G,4990,6/13/26 09:15,48.871,
Plot Title: 5C3G,4991,6/13/26 09:30,48.695,
Plot Title: 5C3G,4992,6/13/26 09:45,48.517,
Plot Title: 5C3G,4993,6/13/26 10:00,48.339,
Plot Title: 5C3G,4994,6/13/26 10:15,48.16,
Plot Title: 5C3G,4995,6/13/26 10:30,48.339,
Plot Title: 5C3G,4996,6/13/26 10:45,49.404,
Plot Title: 5C3G,4997,6/13/26 11:00,52.401,
Plot Title: 5C3G,4998,6/13/26 11:15,56.75,
Plot Title: 5C3G,4999,6/13/26 11:30,60.368,
Plot Title: 5C3G,5000,6/13/26 11:45,62.254,
Plot Title: 5C3G,5001,6/13/26 12:00,61.398,
Plot Title: 5C3G,5002,6/13/26 12:15,59.164,
Plot Title: 5C3G,5003,6/13/26 12:30,60.712,
Plot Title: 5C3G,5004,6/13/26 12:45,60.368,
Plot Title: 5C3G,5005,6/13/26 13:00,59.508,
Plot Title: 5C3G,5006,6/13/26 13:15,62.083,
Plot Title: 5C3G,5007,6/13/26 13:30,66.537,
Plot Title: 5C3G,5008,6/13/26 13:45,70.308,
Plot Title: 5C3G,5009,6/13/26 14:00,64.31,
Plot Title: 5C3G,5010,6/13/26 14:15,62.598,
Plot Title: 5C3G,5011,6/13/26 14:30,63.455,
Plot Title: 5C3G,5012,6/13/26 14:45,64.139,
Plot Title: 5C3G,5013,6/13/26 15:00,64.996,
Plot Title: 5C3G,5014,6/13/26 15:15,63.626,
Plot Title: 5C3G,5015,6/13/26 15:30,62.083,
Plot Title: 5C3G,5016,6/13/26 15:45,60.539,
Plot Title: 5C3G,5017,6/13/26 16:00,60.024,
Plot Title: 5C3G,5018,6/13/26 16:15,59.508,
Plot Title: 5C3G,5019,6/13/26 16:30,59.68,
Plot Title: 5C3G,5020,6/13/26 16:45,59.508,
Plot Title: 5C3G,5021,6/13/26 17:00,59.508,
Plot Title: 5C3G,5022,6/13/26 17:15,58.993,
Plot Title: 5C3G,5023,6/13/26 17:30,58.647,
Plot Title: 5C3G,5024,6/13/26 17:45,57.958,
Plot Title: 5C3G,5025,6/13/26 18:00,57.958,
Plot Title: 5C3G,5026,6/13/26 18:15,57.441,
Plot Title: 5C3G,5027,6/13/26 18:30,56.057,
Plot Title: 5C3G,5028,6/13/26 18:45,55.537,
Plot Title: 5C3G,5029,6/13/26 19:00,55.364,
Plot Title: 5C3G,5030,6/13/26 19:15,53.449,
Plot Title: 5C3G,5031,6/13/26 19:30,52.05,
Plot Title: 5C3G,5032,6/13/26 19:45,50.995,
Plot Title: 5C3G,5033,6/13/26 20:00,50.29,
Plot Title: 5C3G,5034,6/13/26 20:15,49.759,
Plot Title: 5C3G,5035,6/13/26 20:30,49.05,
Plot Title: 5C3G,5036,6/13/26 20:45,48.517,
Plot Title: 5C3G,5037,6/13/26 21:00,47.982,
Plot Title: 5C3G,5038,6/13/26 21:15,47.624,
Plot Title: 5C3G,5039,6/13/26 21:30,47.088,
Plot Title: 5C3G,5040,6/13/26 21:45,46.548,
Plot Title: 5C3G,5041,6/13/26 22:00,46.188,
Plot Title: 5C3G,5042,6/13/26 22:15,45.828,
Plot Title: 5C3G,5043,6/13/26 22:30,45.466,
Plot Title: 5C3G,5044,6/13/26 22:45,45.104,
Plot Title: 5C3G,5045,6/13/26 23:00,44.742,
Plot Title: 5C3G,5046,6/13/26 23:15,44.56,
Plot Title: 5C3G,5047,6/13/26 23:30,44.195,
Plot Title: 5C3G,5048,6/13/26 23:45,44.013,
Plot Title: 5C3G,5049,6/14/26 00:00,43.648,
Plot Title: 5C3G,5050,6/14/26 00:15,43.466,
Plot Title: 5C3G,5051,6/14/26 00:30,43.282,
Plot Title: 5C3G,5052,6/14/26 00:45,42.915,
Plot Title: 5C3G,5053,6/14/26 01:00,42.732,
Plot Title: 5C3G,5054,6/14/26 01:15,42.548,
Plot Title: 5C3G,5055,6/14/26 01:30,42.363,
Plot Title: 5C3G,5056,6/14/26 01:45,42.179,
Plot Title: 5C3G,5057,6/14/26 02:00,41.81,
Plot Title: 5C3G,5058,6/14/26 02:15,41.81,
Plot Title: 5C3G,5059,6/14/26 02:30,41.625,
Plot Title: 5C3G,5060,6/14/26 02:45,41.439,
Plot Title: 5C3G,5061,6/14/26 03:00,41.254,
Plot Title: 5C3G,5062,6/14/26 03:15,41.067,
Plot Title: 5C3G,5063,6/14/26 03:30,40.881,
Plot Title: 5C3G,5064,6/14/26 03:45,40.696,
Plot Title: 5C3G,5065,6/14/26 04:00,40.509,
Plot Title: 5C3G,5066,6/14/26 04:15,40.321,
Plot Title: 5C3G,5067,6/14/26 04:30,40.134,
Plot Title: 5C3G,5068,6/14/26 04:45,39.947,
Plot Title: 5C3G,5069,6/14/26 05:00,39.76,
Plot Title: 5C3G,5070,6/14/26 05:15,39.573,
Plot Title: 5C3G,5071,6/14/26 05:30,39.384,
Plot Title: 5C3G,5072,6/14/26 05:45,39.196,
Plot Title: 5C3G,5073,6/14/26 06:00,39.196,
Plot Title: 5C3G,5074,6/14/26 06:15,39.384,
Plot Title: 5C3G,5075,6/14/26 06:30,39.384,
Plot Title: 5C3G,5076,6/14/26 06:45,39.573,
Plot Title: 5C3G,5077,6/14/26 07:00,39.76,
Plot Title: 5C3G,5078,6/14/26 07:15,39.947,
Plot Title: 5C3G,5079,6/14/26 07:30,40.321,
Plot Title: 5C3G,5080,6/14/26 07:45,40.696,
Plot Title: 5C3G,5081,6/14/26 08:00,41.254,
Plot Title: 5C3G,5082,6/14/26 08:15,41.439,
Plot Title: 5C3G,5083,6/14/26 08:30,41.81,
Plot Title: 5C3G,5084,6/14/26 08:45,42.548,
Plot Title: 5C3G,5085,6/14/26 09:00,47.088,
Plot Title: 5C3G,5086,6/14/26 09:15,55.364,
Plot Title: 5C3G,5087,6/14/26 09:30,59.68,
Plot Title: 5C3G,5088,6/14/26 09:45,63.455,
Plot Title: 5C3G,5089,6/14/26 10:00,65.509,
Plot Title: 5C3G,5090,6/14/26 10:15,68.248,
Plot Title: 5C3G,5091,6/14/26 10:30,71.512,
Plot Title: 5C3G,5092,6/14/26 10:45,74.271,
Plot Title: 5C3G,5093,6/14/26 11:00,77.225,
Plot Title: 5C3G,5094,6/14/26 11:15,79.853,
Plot Title: 5C3G,5095,6/14/26 11:30,82.33,
Plot Title: 5C3G,5096,6/14/26 11:45,84.474,
Plot Title: 5C3G,5097,6/14/26 12:00,86.641,
Plot Title: 5C3G,5098,6/14/26 12:15,88.65,
Plot Title: 5C3G,5099,6/14/26 12:30,90.124,
Plot Title: 5C3G,5100,6/14/26 12:45,91.612,
Plot Title: 5C3G,5101,6/14/26 13:00,92.55,
Plot Title: 5C3G,5102,6/14/26 13:15,92.737,
Plot Title: 5C3G,5103,6/14/26 13:30,92.926,
Plot Title: 5C3G,5104,6/14/26 13:45,92.926,
Plot Title: 5C3G,5105,6/14/26 14:00,92.363,
Plot Title: 5C3G,5106,6/14/26 14:15,92.174,
Plot Title: 5C3G,5107,6/14/26 14:30,91.987,
Plot Title: 5C3G,5108,6/14/26 14:45,91.8,
Plot Title: 5C3G,5109,6/14/26 15:00,91.8,
Plot Title: 5C3G,5110,6/14/26 15:15,91.8,
Plot Title: 5C3G,5111,6/14/26 15:30,90.68,
Plot Title: 5C3G,5112,6/14/26 15:45,79.853,
Plot Title: 5C3G,5113,6/14/26 16:00,74.098,
Plot Title: 5C3G,5114,6/14/26 16:15,72.372,
Plot Title: 5C3G,5115,6/14/26 16:30,70.995,
Plot Title: 5C3G,5116,6/14/26 16:45,68.934,
Plot Title: 5C3G,5117,6/14/26 17:00,67.392,
Plot Title: 5C3G,5118,6/14/26 17:15,66.366,
Plot Title: 5C3G,5119,6/14/26 17:30,66.193,
Plot Title: 5C3G,5120,6/14/26 17:45,64.825,
Plot Title: 5C3G,5121,6/14/26 18:00,63.797,
Plot Title: 5C3G,5122,6/14/26 18:15,63.111,
Plot Title: 5C3G,5123,6/14/26 18:30,62.94,
Plot Title: 5C3G,5124,6/14/26 18:45,62.254,
Plot Title: 5C3G,5125,6/14/26 19:00,60.712,
Plot Title: 5C3G,5126,6/14/26 19:15,59.508,
Plot Title: 5C3G,5127,6/14/26 19:30,58.82,
Plot Title: 5C3G,5128,6/14/26 19:45,57.785,
Plot Title: 5C3G,5129,6/14/26 20:00,56.923,
Plot Title: 5C3G,5130,6/14/26 20:15,56.23,
Plot Title: 5C3G,5131,6/14/26 20:30,55.537,
Plot Title: 5C3G,5132,6/14/26 20:45,54.842,
Plot Title: 5C3G,5133,6/14/26 21:00,54.322,
Plot Title: 5C3G,5134,6/14/26 21:15,53.798,
Plot Title: 5C3G,5135,6/14/26 21:30,53.1,
Plot Title: 5C3G,5136,6/14/26 21:45,52.576,
Plot Title: 5C3G,5137,6/14/26 22:00,52.05,
Plot Title: 5C3G,5138,6/14/26 22:15,51.523,
Plot Title: 5C3G,5139,6/14/26 22:30,51.172,
Plot Title: 5C3G,5140,6/14/26 22:45,50.819,
Plot Title: 5C3G,5141,6/14/26 23:00,50.466,
Plot Title: 5C3G,5142,6/14/26 23:15,50.113,
Plot Title: 5C3G,5143,6/14/26 23:30,49.759,
Plot Title: 5C3G,5144,6/14/26 23:45,49.404,
Plot Title: 5C3G,5145,6/15/26 00:00,49.228,
Plot Title: 5C3G,5146,6/15/26 00:15,48.871,
Plot Title: 5C3G,5147,6/15/26 00:30,48.517,
Plot Title: 5C3G,5148,6/15/26 00:45,48.16,
Plot Title: 5C3G,5149,6/15/26 01:00,47.802,
Plot Title: 5C3G,5150,6/15/26 01:15,47.624,
Plot Title: 5C3G,5151,6/15/26 01:30,47.266,
Plot Title: 5C3G,5152,6/15/26 01:45,46.908,
Plot Title: 5C3G,5153,6/15/26 02:00,46.548,
Plot Title: 5C3G,5154,6/15/26 02:15,46.369,
Plot Title: 5C3G,5155,6/15/26 02:30,46.008,
Plot Title: 5C3G,5156,6/15/26 02:45,45.828,
Plot Title: 5C3G,5157,6/15/26 03:00,45.648,
Plot Title: 5C3G,5158,6/15/26 03:15,45.466,
Plot Title: 5C3G,5159,6/15/26 03:30,45.286,
Plot Title: 5C3G,5160,6/15/26 03:45,45.104,
Plot Title: 5C3G,5161,6/15/26 04:00,44.742,
Plot Title: 5C3G,5162,6/15/26 04:15,44.56,
Plot Title: 5C3G,5163,6/15/26 04:30,44.56,
Plot Title: 5C3G,5164,6/15/26 04:45,44.379,
Plot Title: 5C3G,5165,6/15/26 05:00,44.195,
Plot Title: 5C3G,5166,6/15/26 05:15,44.013,
Plot Title: 5C3G,5167,6/15/26 05:30,43.831,
Plot Title: 5C3G,5168,6/15/26 05:45,43.831,
Plot Title: 5C3G,5169,6/15/26 06:00,43.831,
Plot Title: 5C3G,5170,6/15/26 06:15,44.013,
Plot Title: 5C3G,5171,6/15/26 06:30,44.195,
Plot Title: 5C3G,5172,6/15/26 06:45,44.013,
Plot Title: 5C3G,5173,6/15/26 07:00,44.195,
Plot Title: 5C3G,5174,6/15/26 07:15,44.195,
Plot Title: 5C3G,5175,6/15/26 07:30,44.56,
Plot Title: 5C3G,5176,6/15/26 07:45,44.922,
Plot Title: 5C3G,5177,6/15/26 08:00,45.286,
Plot Title: 5C3G,5178,6/15/26 08:15,46.008,
Plot Title: 5C3G,5179,6/15/26 08:30,46.728,
Plot Title: 5C3G,5180,6/15/26 08:45,47.624,
Plot Title: 5C3G,5181,6/15/26 09:00,53.973,
Plot Title: 5C3G,5182,6/15/26 09:15,59.851,
Plot Title: 5C3G,5183,6/15/26 09:30,64.139,
Plot Title: 5C3G,5184,6/15/26 09:45,68.248,
Plot Title: 5C3G,5185,6/15/26 10:00,72.028,
Plot Title: 5C3G,5186,6/15/26 10:15,75.139,
Plot Title: 5C3G,5187,6/15/26 10:30,78.449,
Plot Title: 5C3G,5188,6/15/26 10:45,81.797,
Plot Title: 5C3G,5189,6/15/26 11:00,85.554,
Plot Title: 5C3G,5190,6/15/26 11:15,86.097,
Plot Title: 5C3G,5191,6/15/26 11:30,89.2,
Plot Title: 5C3G,5192,6/15/26 11:45,94.825,
Plot Title: 5C3G,5193,6/15/26 12:00,99.093,
Plot Title: 5C3G,5194,6/15/26 12:15,102.088,
Plot Title: 5C3G,5195,6/15/26 12:30,103.512,
Plot Title: 5C3G,5196,6/15/26 12:45,103.307,
Plot Title: 5C3G,5197,6/15/26 13:00,103.717,
Plot Title: 5C3G,5198,6/15/26 13:15,103.923,
Plot Title: 5C3G,5199,6/15/26 13:30,103.307,
Plot Title: 5C3G,5200,6/15/26 13:45,101.887,
Plot Title: 5C3G,5201,6/15/26 14:00,100.283,
Plot Title: 5C3G,5202,6/15/26 14:15,95.976,
Plot Title: 5C3G,5203,6/15/26 14:30,89.755,
Plot Title: 5C3G,5204,6/15/26 14:45,86.277,
Plot Title: 5C3G,5205,6/15/26 15:00,89.2,
Plot Title: 5C3G,5206,6/15/26 15:15,89.938,
Plot Title: 5C3G,5207,6/15/26 15:30,90.867,
Plot Title: 5C3G,5208,6/15/26 15:45,82.686,
Plot Title: 5C3G,5209,6/15/26 16:00,77.4,
Plot Title: 5C3G,5210,6/15/26 16:15,77.05,
Plot Title: 5C3G,5211,6/15/26 16:30,76.528,
Plot Title: 5C3G,5212,6/15/26 16:45,76.006,
Plot Title: 5C3G,5213,6/15/26 17:00,75.139,
Plot Title: 5C3G,5214,6/15/26 17:15,74.098,
Plot Title: 5C3G,5215,6/15/26 17:30,73.753,
Plot Title: 5C3G,5216,6/15/26 17:45,73.234,
Plot Title: 5C3G,5217,6/15/26 18:00,71.683,
Plot Title: 5C3G,5218,6/15/26 18:15,69.964,
Plot Title: 5C3G,5219,6/15/26 18:30,68.934,
Plot Title: 5C3G,5220,6/15/26 18:45,68.248,
Plot Title: 5C3G,5221,6/15/26 19:00,67.392,
Plot Title: 5C3G,5222,6/15/26 19:15,66.022,
Plot Title: 5C3G,5223,6/15/26 19:30,64.481,
Plot Title: 5C3G,5224,6/15/26 19:45,63.797,
Plot Title: 5C3G,5225,6/15/26 20:00,63.111,
Plot Title: 5C3G,5226,6/15/26 20:15,62.598,
Plot Title: 5C3G,5227,6/15/26 20:30,61.741,
Plot Title: 5C3G,5228,6/15/26 20:45,60.712,
Plot Title: 5C3G,5229,6/15/26 21:00,59.851,
Plot Title: 5C3G,5230,6/15/26 21:15,59.68,
Plot Title: 5C3G,5231,6/15/26 21:30,58.82,
Plot Title: 5C3G,5232,6/15/26 21:45,58.131,
Plot Title: 5C3G,5233,6/15/26 22:00,57.785,
Plot Title: 5C3G,5234,6/15/26 22:15,57.441,
Plot Title: 5C3G,5235,6/15/26 22:30,57.614,
Plot Title: 5C3G,5236,6/15/26 22:45,57.441,
Plot Title: 5C3G,5237,6/15/26 23:00,57.268,
Plot Title: 5C3G,5238,6/15/26 23:15,57.441,
Plot Title: 5C3G,5239,6/15/26 23:30,56.923,
Plot Title: 5C3G,5240,6/15/26 23:45,56.75,
Plot Title: 5C3G,5241,6/16/26 00:00,56.577,
Plot Title: 5C3G,5242,6/16/26 00:15,56.577,
Plot Title: 5C3G,5243,6/16/26 00:30,56.577,
Plot Title: 5C3G,5244,6/16/26 00:45,56.404,
Plot Title: 5C3G,5245,6/16/26 01:00,55.884,
Plot Title: 5C3G,5246,6/16/26 01:15,55.189,
Plot Title: 5C3G,5247,6/16/26 01:30,55.017,
Plot Title: 5C3G,5248,6/16/26 01:45,55.537,
Plot Title: 5C3G,5249,6/16/26 02:00,55.711,
Plot Title: 5C3G,5250,6/16/26 02:15,55.711,
Plot Title: 5C3G,5251,6/16/26 02:30,55.711,
Plot Title: 5C3G,5252,6/16/26 02:45,55.364,
Plot Title: 5C3G,5253,6/16/26 03:00,55.017,
Plot Title: 5C3G,5254,6/16/26 03:15,54.495,
Plot Title: 5C3G,5255,6/16/26 03:30,54.147,
Plot Title: 5C3G,5256,6/16/26 03:45,53.623,
Plot Title: 5C3G,5257,6/16/26 04:00,53.1,
Plot Title: 5C3G,5258,6/16/26 04:15,52.401,
Plot Title: 5C3G,5259,6/16/26 04:30,52.05,
Plot Title: 5C3G,5260,6/16/26 04:45,51.699,
Plot Title: 5C3G,5261,6/16/26 05:00,51.523,
Plot Title: 5C3G,5262,6/16/26 05:15,51.523,
Plot Title: 5C3G,5263,6/16/26 05:30,51.523,
Plot Title: 5C3G,5264,6/16/26 05:45,51.523,
Plot Title: 5C3G,5265,6/16/26 06:00,51.874,
Plot Title: 5C3G,5266,6/16/26 06:15,52.225,
Plot Title: 5C3G,5267,6/16/26 06:30,52.401,
Plot Title: 5C3G,5268,6/16/26 06:45,52.401,
Plot Title: 5C3G,5269,6/16/26 07:00,52.225,
Plot Title: 5C3G,5270,6/16/26 07:15,52.05,
Plot Title: 5C3G,5271,6/16/26 07:30,52.05,
Plot Title: 5C3G,5272,6/16/26 07:45,52.05,
Plot Title: 5C3G,5273,6/16/26 08:00,52.05,
Plot Title: 5C3G,5274,6/16/26 08:15,52.401,
Plot Title: 5C3G,5275,6/16/26 08:30,53.1,
Plot Title: 5C3G,5276,6/16/26 08:45,53.973,
Plot Title: 5C3G,5277,6/16/26 09:00,60.883,
Plot Title: 5C3G,5278,6/16/26 09:15,67.906,
Plot Title: 5C3G,5279,6/16/26 09:30,68.763,
Plot Title: 5C3G,5280,6/16/26 09:45,74.271,
Plot Title: 5C3G,5281,6/16/26 10:00,77.749,
Plot Title: 5C3G,5282,6/16/26 10:15,81.442,
Plot Title: 5C3G,5283,6/16/26 10:30,85.374,
Plot Title: 5C3G,5284,6/16/26 10:45,88.282,
Plot Title: 5C3G,5285,6/16/26 11:00,91.8,
Plot Title: 5C3G,5286,6/16/26 11:15,94.253,
Plot Title: 5C3G,5287,6/16/26 11:30,96.168,
Plot Title: 5C3G,5288,6/16/26 11:45,99.885,
Plot Title: 5C3G,5289,6/16/26 12:00,101.082,
Plot Title: 5C3G,5290,6/16/26 12:15,99.291,
Plot Title: 5C3G,5291,6/16/26 12:30,103.104,
Plot Title: 5C3G,5292,6/16/26 12:45,108.75,
Plot Title: 5C3G,5293,6/16/26 13:00,110.482,
Plot Title: 5C3G,5294,6/16/26 13:15,110.919,
Plot Title: 5C3G,5295,6/16/26 13:30,110.482,
Plot Title: 5C3G,5296,6/16/26 13:45,109.396,
Plot Title: 5C3G,5297,6/16/26 14:00,108.322,
Plot Title: 5C3G,5298,6/16/26 14:15,106.835,
Plot Title: 5C3G,5299,6/16/26 14:30,105.786,
Plot Title: 5C3G,5300,6/16/26 14:45,105.161,
Plot Title: 5C3G,5301,6/16/26 15:00,104.954,
Plot Title: 5C3G,5302,6/16/26 15:15,104.54,
Plot Title: 5C3G,5303,6/16/26 15:30,103.512,
Plot Title: 5C3G,5304,6/16/26 15:45,92.174,
Plot Title: 5C3G,5305,6/16/26 16:00,84.834,
Plot Title: 5C3G,5306,6/16/26 16:15,82.152,
Plot Title: 5C3G,5307,6/16/26 16:30,80.029,
Plot Title: 5C3G,5308,6/16/26 16:45,77.4,
Plot Title: 5C3G,5309,6/16/26 17:00,75.139,
Plot Title: 5C3G,5310,6/16/26 17:15,73.407,
Plot Title: 5C3G,5311,6/16/26 17:30,72.372,
Plot Title: 5C3G,5312,6/16/26 17:45,71.339,
Plot Title: 5C3G,5313,6/16/26 18:00,70.651,
Plot Title: 5C3G,5314,6/16/26 18:15,69.622,
Plot Title: 5C3G,5315,6/16/26 18:30,68.934,
Plot Title: 5C3G,5316,6/16/26 18:45,68.077,
Plot Title: 5C3G,5317,6/16/26 19:00,67.221,
Plot Title: 5C3G,5318,6/16/26 19:15,66.708,
Plot Title: 5C3G,5319,6/16/26 19:30,66.193,
Plot Title: 5C3G,5320,6/16/26 19:45,65.509,
Plot Title: 5C3G,5321,6/16/26 20:00,64.825,
Plot Title: 5C3G,5322,6/16/26 20:15,64.31,
Plot Title: 5C3G,5323,6/16/26 20:30,63.455,
Plot Title: 5C3G,5324,6/16/26 20:45,62.769,
Plot Title: 5C3G,5325,6/16/26 21:00,61.912,
Plot Title: 5C3G,5326,6/16/26 21:15,61.227,
Plot Title: 5C3G,5327,6/16/26 21:30,60.368,
Plot Title: 5C3G,5328,6/16/26 21:45,59.68,
Plot Title: 5C3G,5329,6/16/26 22:00,58.993,
Plot Title: 5C3G,5330,6/16/26 22:15,58.476,
Plot Title: 5C3G,5331,6/16/26 22:30,58.131,
Plot Title: 5C3G,5332,6/16/26 22:45,57.785,
Plot Title: 5C3G,5333,6/16/26 23:00,57.441,
Plot Title: 5C3G,5334,6/16/26 23:15,56.923,
Plot Title: 5C3G,5335,6/16/26 23:30,56.577,
Plot Title: 5C3G,5336,6/16/26 23:45,56.23,
Plot Title: 5C3G,5337,6/17/26 00:00,55.884,
Plot Title: 5C3G,5338,6/17/26 00:15,55.537,
Plot Title: 5C3G,5339,6/17/26 00:30,55.189,
Plot Title: 5C3G,5340,6/17/26 00:45,55.017,
Plot Title: 5C3G,5341,6/17/26 01:00,54.495,
Plot Title: 5C3G,5342,6/17/26 01:15,54.147,
Plot Title: 5C3G,5343,6/17/26 01:30,53.798,
Plot Title: 5C3G,5344,6/17/26 01:45,53.449,
Plot Title: 5C3G,5345,6/17/26 02:00,53.1,
Plot Title: 5C3G,5346,6/17/26 02:15,52.925,
Plot Title: 5C3G,5347,6/17/26 02:30,52.75,
Plot Title: 5C3G,5348,6/17/26 02:45,52.401,
Plot Title: 5C3G,5349,6/17/26 03:00,52.05,
Plot Title: 5C3G,5350,6/17/26 03:15,51.699,
Plot Title: 5C3G,5351,6/17/26 03:30,51.523,
Plot Title: 5C3G,5352,6/17/26 03:45,51.172,
Plot Title: 5C3G,5353,6/17/26 04:00,51.172,
Plot Title: 5C3G,5354,6/17/26 04:15,51.874,
Plot Title: 5C3G,5355,6/17/26 04:30,51.523,
Plot Title: 5C3G,5356,6/17/26 04:45,51.172,
Plot Title: 5C3G,5357,6/17/26 05:00,51.172,
Plot Title: 5C3G,5358,6/17/26 05:15,51.699,
Plot Title: 5C3G,5359,6/17/26 05:30,51.874,
Plot Title: 5C3G,5360,6/17/26 05:45,52.05,
Plot Title: 5C3G,5361,6/17/26 06:00,51.874,
Plot Title: 5C3G,5362,6/17/26 06:15,52.05,
Plot Title: 5C3G,5363,6/17/26 06:30,52.225,
Plot Title: 5C3G,5364,6/17/26 06:45,53.1,
Plot Title: 5C3G,5365,6/17/26 07:00,52.925,
Plot Title: 5C3G,5366,6/17/26 07:15,52.225,
Plot Title: 5C3G,5367,6/17/26 07:30,51.523,
Plot Title: 5C3G,5368,6/17/26 07:45,51.523,
Plot Title: 5C3G,5369,6/17/26 08:00,51.346,
Plot Title: 5C3G,5370,6/17/26 08:15,51.346,
Plot Title: 5C3G,5371,6/17/26 08:30,51.699,
Plot Title: 5C3G,5372,6/17/26 08:45,52.401,
Plot Title: 5C3G,5373,6/17/26 09:00,59.851,
Plot Title: 5C3G,5374,6/17/26 09:15,67.735,
Plot Title: 5C3G,5375,6/17/26 09:30,73.062,
Plot Title: 5C3G,5376,6/17/26 09:45,78.274,
Plot Title: 5C3G,5377,6/17/26 10:00,81.797,
Plot Title: 5C3G,5378,6/17/26 10:15,85.554,
Plot Title: 5C3G,5379,6/17/26 10:30,89.017,
Plot Title: 5C3G,5380,6/17/26 10:45,92.737,
Plot Title: 5C3G,5381,6/17/26 11:00,96.555,
Plot Title: 5C3G,5382,6/17/26 11:15,100.882,
Plot Title: 5C3G,5383,6/17/26 11:30,104.747,
Plot Title: 5C3G,5384,6/17/26 11:45,100.882,
Plot Title: 5C3G,5385,6/17/26 12:00,94.444,
Plot Title: 5C3G,5386,6/17/26 12:15,96.555,
Plot Title: 5C3G,5387,6/17/26 12:30,93.873,
Plot Title: 5C3G,5388,6/17/26 12:45,95.016,
Plot Title: 5C3G,5389,6/17/26 13:00,92.55,
Plot Title: 5C3G,5390,6/17/26 13:15,87.004,
Plot Title: 5C3G,5391,6/17/26 13:30,87.733,
Plot Title: 5C3G,5392,6/17/26 13:45,88.282,
Plot Title: 5C3G,5393,6/17/26 14:00,89.017,
Plot Title: 5C3G,5394,6/17/26 14:15,83.399,
Plot Title: 5C3G,5395,6/17/26 14:30,77.574,
Plot Title: 5C3G,5396,6/17/26 14:45,75.139,
Plot Title: 5C3G,5397,6/17/26 15:00,74.098,
Plot Title: 5C3G,5398,6/17/26 15:15,71.856,
Plot Title: 5C3G,5399,6/17/26 15:30,71.339,
Plot Title: 5C3G,5400,6/17/26 15:45,71.168,
Plot Title: 5C3G,5401,6/17/26 16:00,71.339,
Plot Title: 5C3G,5402,6/17/26 16:15,72.718,
Plot Title: 5C3G,5403,6/17/26 16:30,72.718,
Plot Title: 5C3G,5404,6/17/26 16:45,71.856,
Plot Title: 5C3G,5405,6/17/26 17:00,69.793,
Plot Title: 5C3G,5406,6/17/26 17:15,68.421,
Plot Title: 5C3G,5407,6/17/26 17:30,67.735,
Plot Title: 5C3G,5408,6/17/26 17:45,67.564,
Plot Title: 5C3G,5409,6/17/26 18:00,66.879,
Plot Title: 5C3G,5410,6/17/26 18:15,66.708,
Plot Title: 5C3G,5411,6/17/26 18:30,66.193,
Plot Title: 5C3G,5412,6/17/26 18:45,65.338,
Plot Title: 5C3G,5413,6/17/26 19:00,64.652,
Plot Title: 5C3G,5414,6/17/26 19:15,64.139,
Plot Title: 5C3G,5415,6/17/26 19:30,63.455,
Plot Title: 5C3G,5416,6/17/26 19:45,62.769,
Plot Title: 5C3G,5417,6/17/26 20:00,62.254,
Plot Title: 5C3G,5418,6/17/26 20:15,61.398,
Plot Title: 5C3G,5419,6/17/26 20:30,60.195,
Plot Title: 5C3G,5420,6/17/26 20:45,59.337,
Plot Title: 5C3G,5421,6/17/26 21:00,58.82,
Plot Title: 5C3G,5422,6/17/26 21:15,58.131,
Plot Title: 5C3G,5423,6/17/26 21:30,56.923,
Plot Title: 5C3G,5424,6/17/26 21:45,56.057,
Plot Title: 5C3G,5425,6/17/26 22:00,55.364,
Plot Title: 5C3G,5426,6/17/26 22:15,54.322,
Plot Title: 5C3G,5427,6/17/26 22:30,54.147,
Plot Title: 5C3G,5428,6/17/26 22:45,53.973,
Plot Title: 5C3G,5429,6/17/26 23:00,53.1,
Plot Title: 5C3G,5430,6/17/26 23:15,52.401,
Plot Title: 5C3G,5431,6/17/26 23:30,51.699,
Plot Title: 5C3G,5432,6/17/26 23:45,51.172,
Plot Title: 5C3G,5433,6/18/26 00:00,50.819,
Plot Title: 5C3G,5434,6/18/26 00:15,50.466,
Plot Title: 5C3G,5435,6/18/26 00:30,49.937,
Plot Title: 5C3G,5436,6/18/26 00:45,49.582,
Plot Title: 5C3G,5437,6/18/26 01:00,49.404,
Plot Title: 5C3G,5438,6/18/26 01:15,49.05,
Plot Title: 5C3G,5439,6/18/26 01:30,48.871,
Plot Title: 5C3G,5440,6/18/26 01:45,48.695,
Plot Title: 5C3G,5441,6/18/26 02:00,48.517,
Plot Title: 5C3G,5442,6/18/26 02:15,48.339,
Plot Title: 5C3G,5443,6/18/26 02:30,47.982,
Plot Title: 5C3G,5444,6/18/26 02:45,47.802,
Plot Title: 5C3G,5445,6/18/26 03:00,47.624,
Plot Title: 5C3G,5446,6/18/26 03:15,47.266,
Plot Title: 5C3G,5447,6/18/26 03:30,47.088,
Plot Title: 5C3G,5448,6/18/26 03:45,46.908,
Plot Title: 5C3G,5449,6/18/26 04:00,46.728,
Plot Title: 5C3G,5450,6/18/26 04:15,46.908,
Plot Title: 5C3G,5451,6/18/26 04:30,46.908,
Plot Title: 5C3G,5452,6/18/26 04:45,46.908,
Plot Title: 5C3G,5453,6/18/26 05:00,46.908,
Plot Title: 5C3G,5454,6/18/26 05:15,47.088,
Plot Title: 5C3G,5455,6/18/26 05:30,47.088,
Plot Title: 5C3G,5456,6/18/26 05:45,46.908,
Plot Title: 5C3G,5457,6/18/26 06:00,46.728,
Plot Title: 5C3G,5458,6/18/26 06:15,46.548,
Plot Title: 5C3G,5459,6/18/26 06:30,46.369,
Plot Title: 5C3G,5460,6/18/26 06:45,46.728,
Plot Title: 5C3G,5461,6/18/26 07:00,47.266,
Plot Title: 5C3G,5462,6/18/26 07:15,48.339,
Plot Title: 5C3G,5463,6/18/26 07:30,49.228,
Plot Title: 5C3G,5464,6/18/26 07:45,49.759,
Plot Title: 5C3G,5465,6/18/26 08:00,49.404,
Plot Title: 5C3G,5466,6/18/26 08:15,49.759,
Plot Title: 5C3G,5467,6/18/26 08:30,50.466,
Plot Title: 5C3G,5468,6/18/26 08:45,51.346,
Plot Title: 5C3G,5469,6/18/26 09:00,56.75,
Plot Title: 5C3G,5470,6/18/26 09:15,65.68,
Plot Title: 5C3G,5471,6/18/26 09:30,72.372,
Plot Title: 5C3G,5472,6/18/26 09:45,76.354,
Plot Title: 5C3G,5473,6/18/26 10:00,82.152,
Plot Title: 5C3G,5474,6/18/26 10:15,81.975,
Plot Title: 5C3G,5475,6/18/26 10:30,86.097,
Plot Title: 5C3G,5476,6/18/26 10:45,87.552,
Plot Title: 5C3G,5477,6/18/26 11:00,91.612,
Plot Title: 5C3G,5478,6/18/26 11:15,95.976,
Plot Title: 5C3G,5479,6/18/26 11:30,100.083,
Plot Title: 5C3G,5480,6/18/26 11:45,102.29,
Plot Title: 5C3G,5481,6/18/26 12:00,91.987,
Plot Title: 5C3G,5482,6/18/26 12:15,99.291,
Plot Title: 5C3G,5483,6/18/26 12:30,103.512,
Plot Title: 5C3G,5484,6/18/26 12:45,102.697,
Plot Title: 5C3G,5485,6/18/26 13:00,100.882,
Plot Title: 5C3G,5486,6/18/26 13:15,104.747,
Plot Title: 5C3G,5487,6/18/26 13:30,103.717,
Plot Title: 5C3G,5488,6/18/26 13:45,106.414,
Plot Title: 5C3G,5489,6/18/26 14:00,106.205,
Plot Title: 5C3G,5490,6/18/26 14:15,106.414,
Plot Title: 5C3G,5491,6/18/26 14:30,106.414,
Plot Title: 5C3G,5492,6/18/26 14:45,106.414,
Plot Title: 5C3G,5493,6/18/26 15:00,106.835,
Plot Title: 5C3G,5494,6/18/26 15:15,107.046,
Plot Title: 5C3G,5495,6/18/26 15:30,105.994,
Plot Title: 5C3G,5496,6/18/26 15:45,93.304,
Plot Title: 5C3G,5497,6/18/26 16:00,84.834,
Plot Title: 5C3G,5498,6/18/26 16:15,81.266,
Plot Title: 5C3G,5499,6/18/26 16:30,78.8,
Plot Title: 5C3G,5500,6/18/26 16:45,75.139,
Plot Title: 5C3G,5501,6/18/26 17:00,72.545,
Plot Title: 5C3G,5502,6/18/26 17:15,70.651,
Plot Title: 5C3G,5503,6/18/26 17:30,69.449,
Plot Title: 5C3G,5504,6/18/26 17:45,68.421,
Plot Title: 5C3G,5505,6/18/26 18:00,67.564,
Plot Title: 5C3G,5506,6/18/26 18:15,66.537,
Plot Title: 5C3G,5507,6/18/26 18:30,65.338,
Plot Title: 5C3G,5508,6/18/26 18:45,64.31,
Plot Title: 5C3G,5509,6/18/26 19:00,63.282,
Plot Title: 5C3G,5510,6/18/26 19:15,62.425,
Plot Title: 5C3G,5511,6/18/26 19:30,61.569,
Plot Title: 5C3G,5512,6/18/26 19:45,60.712,
Plot Title: 5C3G,5513,6/18/26 20:00,60.024,
Plot Title: 5C3G,5514,6/18/26 20:15,59.337,
Plot Title: 5C3G,5515,6/18/26 20:30,58.82,
Plot Title: 5C3G,5516,6/18/26 20:45,58.131,
Plot Title: 5C3G,5517,6/18/26 21:00,57.614,
Plot Title: 5C3G,5518,6/18/26 21:15,56.923,
Plot Title: 5C3G,5519,6/18/26 21:30,56.23,
Plot Title: 5C3G,5520,6/18/26 21:45,55.537,
Plot Title: 5C3G,5521,6/18/26 22:00,55.017,
Plot Title: 5C3G,5522,6/18/26 22:15,54.495,
Plot Title: 5C3G,5523,6/18/26 22:30,53.973,
Plot Title: 5C3G,5524,6/18/26 22:45,53.623,
Plot Title: 5C3G,5525,6/18/26 23:00,53.274,
Plot Title: 5C3G,5526,6/18/26 23:15,52.925,
Plot Title: 5C3G,5527,6/18/26 23:30,52.401,
Plot Title: 5C3G,5528,6/18/26 23:45,52.05,
Plot Title: 5C3G,5529,6/19/26 00:00,51.699,
Plot Title: 5C3G,5530,6/19/26 00:15,51.346,
Plot Title: 5C3G,5531,6/19/26 00:30,50.995,
Plot Title: 5C3G,5532,6/19/26 00:45,50.819,
Plot Title: 5C3G,5533,6/19/26 01:00,50.466,
Plot Title: 5C3G,5534,6/19/26 01:15,50.113,
Plot Title: 5C3G,5535,6/19/26 01:30,49.759,
Plot Title: 5C3G,5536,6/19/26 01:45,49.404,
Plot Title: 5C3G,5537,6/19/26 02:00,49.228,
Plot Title: 5C3G,5538,6/19/26 02:15,48.871,
Plot Title: 5C3G,5539,6/19/26 02:30,48.517,
Plot Title: 5C3G,5540,6/19/26 02:45,48.16,
Plot Title: 5C3G,5541,6/19/26 03:00,47.982,
Plot Title: 5C3G,5542,6/19/26 03:15,47.802,
Plot Title: 5C3G,5543,6/19/26 03:30,47.446,
Plot Title: 5C3G,5544,6/19/26 03:45,47.266,
Plot Title: 5C3G,5545,6/19/26 04:00,46.908,
Plot Title: 5C3G,5546,6/19/26 04:15,46.728,
Plot Title: 5C3G,5547,6/19/26 04:30,46.548,
Plot Title: 5C3G,5548,6/19/26 04:45,46.188,
Plot Title: 5C3G,5549,6/19/26 05:00,46.008,
Plot Title: 5C3G,5550,6/19/26 05:15,45.648,
Plot Title: 5C3G,5551,6/19/26 05:30,45.466,
Plot Title: 5C3G,5552,6/19/26 05:45,45.466,
Plot Title: 5C3G,5553,6/19/26 06:00,45.466,
Plot Title: 5C3G,5554,6/19/26 06:15,45.466,
Plot Title: 5C3G,5555,6/19/26 06:30,45.648,
Plot Title: 5C3G,5556,6/19/26 06:45,45.828,
Plot Title: 5C3G,5557,6/19/26 07:00,46.188,
Plot Title: 5C3G,5558,6/19/26 07:15,46.548,
Plot Title: 5C3G,5559,6/19/26 07:30,47.266,
Plot Title: 5C3G,5560,6/19/26 07:45,48.16,
Plot Title: 5C3G,5561,6/19/26 08:00,49.228,
Plot Title: 5C3G,5562,6/19/26 08:15,51.346,
Plot Title: 5C3G,5563,6/19/26 08:30,53.449,
Plot Title: 5C3G,5564,6/19/26 08:45,55.017,
Plot Title: 5C3G,5565,6/19/26 09:00,58.303,
Plot Title: 5C3G,5566,6/19/26 09:15,60.539,
Plot Title: 5C3G,5567,6/19/26 09:30,66.022,
Plot Title: 5C3G,5568,6/19/26 09:45,69.964,
Plot Title: 5C3G,5569,6/19/26 10:00,72.891,
Plot Title: 5C3G,5570,6/19/26 10:15,72.199,
Plot Title: 5C3G,5571,6/19/26 10:30,71.683,
Plot Title: 5C3G,5572,6/19/26 10:45,71.168,
Plot Title: 5C3G,5573,6/19/26 11:00,70.995,
Plot Title: 5C3G,5574,6/19/26 11:15,73.753,
Plot Title: 5C3G,5575,6/19/26 11:30,77.225,
Plot Title: 5C3G,5576,6/19/26 11:45,76.703,
Plot Title: 5C3G,5577,6/19/26 12:00,88.65,
Plot Title: 5C3G,5578,6/19/26 12:15,85.374,
Plot Title: 5C3G,5579,6/19/26 12:30,81.797,
Plot Title: 5C3G,5580,6/19/26 12:45,77.749,
Plot Title: 5C3G,5581,6/19/26 13:00,77.4,
Plot Title: 5C3G,5582,6/19/26 13:15,78.449,
Plot Title: 5C3G,5583,6/19/26 13:30,82.686,
Plot Title: 5C3G,5584,6/19/26 13:45,86.823,
Plot Title: 5C3G,5585,6/19/26 14:00,88.099,
Plot Title: 5C3G,5586,6/19/26 14:15,82.686,
Plot Title: 5C3G,5587,6/19/26 14:30,81.621,
Plot Title: 5C3G,5588,6/19/26 14:45,82.152,
Plot Title: 5C3G,5589,6/19/26 15:00,87.004,
Plot Title: 5C3G,5590,6/19/26 15:15,90.867,
Plot Title: 5C3G,5591,6/19/26 15:30,91.425,
Plot Title: 5C3G,5592,6/19/26 15:45,87.552,
Plot Title: 5C3G,5593,6/19/26 16:00,84.474,
Plot Title: 5C3G,5594,6/19/26 16:15,83.043,
Plot Title: 5C3G,5595,6/19/26 16:30,80.735,
Plot Title: 5C3G,5596,6/19/26 16:45,77.4,
Plot Title: 5C3G,5597,6/19/26 17:00,75.139,
Plot Title: 5C3G,5598,6/19/26 17:15,74.271,
Plot Title: 5C3G,5599,6/19/26 17:30,71.339,
Plot Title: 5C3G,5600,6/19/26 17:45,69.278,
Plot Title: 5C3G,5601,6/19/26 18:00,68.934,
Plot Title: 5C3G,5602,6/19/26 18:15,68.763,
Plot Title: 5C3G,5603,6/19/26 18:30,69.107,
Plot Title: 5C3G,5604,6/19/26 18:45,68.592,
Plot Title: 5C3G,5605,6/19/26 19:00,67.564,
Plot Title: 5C3G,5606,6/19/26 19:15,65.509,
Plot Title: 5C3G,5607,6/19/26 19:30,63.455,
Plot Title: 5C3G,5608,6/19/26 19:45,61.912,
Plot Title: 5C3G,5609,6/19/26 20:00,61.054,
Plot Title: 5C3G,5610,6/19/26 20:15,60.195,
Plot Title: 5C3G,5611,6/19/26 20:30,60.024,
Plot Title: 5C3G,5612,6/19/26 20:45,59.68,
Plot Title: 5C3G,5613,6/19/26 21:00,59.164,
Plot Title: 5C3G,5614,6/19/26 21:15,58.647,
Plot Title: 5C3G,5615,6/19/26 21:30,58.476,
Plot Title: 5C3G,5616,6/19/26 21:45,57.785,
Plot Title: 5C3G,5617,6/19/26 22:00,56.923,
Plot Title: 5C3G,5618,6/19/26 22:15,56.577,
Plot Title: 5C3G,5619,6/19/26 22:30,56.404,
Plot Title: 5C3G,5620,6/19/26 22:45,56.577,
Plot Title: 5C3G,5621,6/19/26 23:00,56.404,
Plot Title: 5C3G,5622,6/19/26 23:15,56.404,
Plot Title: 5C3G,5623,6/19/26 23:30,56.404,
Plot Title: 5C3G,5624,6/19/26 23:45,56.23,
Plot Title: 5C3G,5625,6/20/26 00:00,56.404,
Plot Title: 5C3G,5626,6/20/26 00:15,56.75,
Plot Title: 5C3G,5627,6/20/26 00:30,56.404,
Plot Title: 5C3G,5628,6/20/26 00:45,56.057,
Plot Title: 5C3G,5629,6/20/26 01:00,55.711,
Plot Title: 5C3G,5630,6/20/26 01:15,55.711,
Plot Title: 5C3G,5631,6/20/26 01:30,55.711,
Plot Title: 5C3G,5632,6/20/26 01:45,55.884,
Plot Title: 5C3G,5633,6/20/26 02:00,55.711,
Plot Title: 5C3G,5634,6/20/26 02:15,55.537,
Plot Title: 5C3G,5635,6/20/26 02:30,55.537,
Plot Title: 5C3G,5636,6/20/26 02:45,55.364,
Plot Title: 5C3G,5637,6/20/26 03:00,55.189,
Plot Title: 5C3G,5638,6/20/26 03:15,55.189,
Plot Title: 5C3G,5639,6/20/26 03:30,55.189,
Plot Title: 5C3G,5640,6/20/26 03:45,55.189,
Plot Title: 5C3G,5641,6/20/26 04:00,55.189,
Plot Title: 5C3G,5642,6/20/26 04:15,55.189,
Plot Title: 5C3G,5643,6/20/26 04:30,54.842,
Plot Title: 5C3G,5644,6/20/26 04:45,54.322,
Plot Title: 5C3G,5645,6/20/26 05:00,53.798,
Plot Title: 5C3G,5646,6/20/26 05:15,53.623,
Plot Title: 5C3G,5647,6/20/26 05:30,53.798,
Plot Title: 5C3G,5648,6/20/26 05:45,53.623,
Plot Title: 5C3G,5649,6/20/26 06:00,53.798,
Plot Title: 5C3G,5650,6/20/26 06:15,53.973,
Plot Title: 5C3G,5651,6/20/26 06:30,54.147,
Plot Title: 5C3G,5652,6/20/26 06:45,54.669,
Plot Title: 5C3G,5653,6/20/26 07:00,55.364,
Plot Title: 5C3G,5654,6/20/26 07:15,55.364,
Plot Title: 5C3G,5655,6/20/26 07:30,55.189,
Plot Title: 5C3G,5656,6/20/26 07:45,55.537,
Plot Title: 5C3G,5657,6/20/26 08:00,55.711,
Plot Title: 5C3G,5658,6/20/26 08:15,56.404,
Plot Title: 5C3G,5659,6/20/26 08:30,56.23,
Plot Title: 5C3G,5660,6/20/26 08:45,56.057,
Plot Title: 5C3G,5661,6/20/26 09:00,55.884,
Plot Title: 5C3G,5662,6/20/26 09:15,55.884,
Plot Title: 5C3G,5663,6/20/26 09:30,56.057,
Plot Title: 5C3G,5664,6/20/26 09:45,56.923,
Plot Title: 5C3G,5665,6/20/26 10:00,58.993,
Plot Title: 5C3G,5666,6/20/26 10:15,60.368,
Plot Title: 5C3G,5667,6/20/26 10:30,60.024,
Plot Title: 5C3G,5668,6/20/26 10:45,59.164,
Plot Title: 5C3G,5669,6/20/26 11:00,59.851,
Plot Title: 5C3G,5670,6/20/26 11:15,60.024,
Plot Title: 5C3G,5671,6/20/26 11:30,61.054,
Plot Title: 5C3G,5672,6/20/26 11:45,61.054,
Plot Title: 5C3G,5673,6/20/26 12:00,59.851,
Plot Title: 5C3G,5674,6/20/26 12:15,59.851,
Plot Title: 5C3G,5675,6/20/26 12:30,60.539,
Plot Title: 5C3G,5676,6/20/26 12:45,60.024,
Plot Title: 5C3G,5677,6/20/26 13:00,60.024,
Plot Title: 5C3G,5678,6/20/26 13:15,61.741,
Plot Title: 5C3G,5679,6/20/26 13:30,64.652,
Plot Title: 5C3G,5680,6/20/26 13:45,66.193,
Plot Title: 5C3G,5681,6/20/26 14:00,67.392,
Plot Title: 5C3G,5682,6/20/26 14:15,65.338,
Plot Title: 5C3G,5683,6/20/26 14:30,66.193,
Plot Title: 5C3G,5684,6/20/26 14:45,65.68,
Plot Title: 5C3G,5685,6/20/26 15:00,62.598,
Plot Title: 5C3G,5686,6/20/26 15:15,58.647,
Plot Title: 5C3G,5687,6/20/26 15:30,56.404,
Plot Title: 5C3G,5688,6/20/26 15:45,55.189,
Plot Title: 5C3G,5689,6/20/26 16:00,54.495,
Plot Title: 5C3G,5690,6/20/26 16:15,54.322,
Plot Title: 5C3G,5691,6/20/26 16:30,54.322,
Plot Title: 5C3G,5692,6/20/26 16:45,53.973,
Plot Title: 5C3G,5693,6/20/26 17:00,53.449,
Plot Title: 5C3G,5694,6/20/26 17:15,53.1,
Plot Title: 5C3G,5695,6/20/26 17:30,53.1,
Plot Title: 5C3G,5696,6/20/26 17:45,53.1,
Plot Title: 5C3G,5697,6/20/26 18:00,53.1,
Plot Title: 5C3G,5698,6/20/26 18:15,53.1,
Plot Title: 5C3G,5699,6/20/26 18:30,52.925,
Plot Title: 5C3G,5700,6/20/26 18:45,52.925,
Plot Title: 5C3G,5701,6/20/26 19:00,52.925,
Plot Title: 5C3G,5702,6/20/26 19:15,52.925,
Plot Title: 5C3G,5703,6/20/26 19:30,52.75,
Plot Title: 5C3G,5704,6/20/26 19:45,52.576,
Plot Title: 5C3G,5705,6/20/26 20:00,52.576,
Plot Title: 5C3G,5706,6/20/26 20:15,52.401,
Plot Title: 5C3G,5707,6/20/26 20:30,52.225,
Plot Title: 5C3G,5708,6/20/26 20:45,52.225,
Plot Title: 5C3G,5709,6/20/26 21:00,52.05,
Plot Title: 5C3G,5710,6/20/26 21:15,51.874,
Plot Title: 5C3G,5711,6/20/26 21:30,51.699,
Plot Title: 5C3G,5712,6/20/26 21:45,51.523,
Plot Title: 5C3G,5713,6/20/26 22:00,51.346,
Plot Title: 5C3G,5714,6/20/26 22:15,51.346,
Plot Title: 5C3G,5715,6/20/26 22:30,51.172,
Plot Title: 5C3G,5716,6/20/26 22:45,50.995,
Plot Title: 5C3G,5717,6/20/26 23:00,50.643,
Plot Title: 5C3G,5718,6/20/26 23:15,50.466,
Plot Title: 5C3G,5719,6/20/26 23:30,50.113,
Plot Title: 5C3G,5720,6/20/26 23:45,49.937,
Plot Title: 5C3G,5721,6/21/26 00:00,49.759,
Plot Title: 5C3G,5722,6/21/26 00:15,49.759,
Plot Title: 5C3G,5723,6/21/26 00:30,49.937,
Plot Title: 5C3G,5724,6/21/26 00:45,49.937,
Plot Title: 5C3G,5725,6/21/26 01:00,49.937,
Plot Title: 5C3G,5726,6/21/26 01:15,49.937,
Plot Title: 5C3G,5727,6/21/26 01:30,50.113,
Plot Title: 5C3G,5728,6/21/26 01:45,50.113,
Plot Title: 5C3G,5729,6/21/26 02:00,49.759,
Plot Title: 5C3G,5730,6/21/26 02:15,49.228,
Plot Title: 5C3G,5731,6/21/26 02:30,49.228,
Plot Title: 5C3G,5732,6/21/26 02:45,49.05,
Plot Title: 5C3G,5733,6/21/26 03:00,49.228,
Plot Title: 5C3G,5734,6/21/26 03:15,49.404,
Plot Title: 5C3G,5735,6/21/26 03:30,49.404,
Plot Title: 5C3G,5736,6/21/26 03:45,49.228,
Plot Title: 5C3G,5737,6/21/26 04:00,49.228,
Plot Title: 5C3G,5738,6/21/26 04:15,49.404,
Plot Title: 5C3G,5739,6/21/26 04:30,49.582,
Plot Title: 5C3G,5740,6/21/26 04:45,49.228,
Plot Title: 5C3G,5741,6/21/26 05:00,49.404,
Plot Title: 5C3G,5742,6/21/26 05:15,49.404,
Plot Title: 5C3G,5743,6/21/26 05:30,49.404,
Plot Title: 5C3G,5744,6/21/26 05:45,49.404,
Plot Title: 5C3G,5745,6/21/26 06:00,48.871,
Plot Title: 5C3G,5746,6/21/26 06:15,48.871,
Plot Title: 5C3G,5747,6/21/26 06:30,49.582,
Plot Title: 5C3G,5748,6/21/26 06:45,49.937,
Plot Title: 5C3G,5749,6/21/26 07:00,49.937,
Plot Title: 5C3G,5750,6/21/26 07:15,50.466,
Plot Title: 5C3G,5751,6/21/26 07:30,51.346,
Plot Title: 5C3G,5752,6/21/26 07:45,52.225,
Plot Title: 5C3G,5753,6/21/26 08:00,52.75,
Plot Title: 5C3G,5754,6/21/26 08:15,54.147,
Plot Title: 5C3G,5755,6/21/26 08:30,54.147,
Plot Title: 5C3G,5756,6/21/26 08:45,55.537,
Plot Title: 5C3G,5757,6/21/26 09:00,57.958,
Plot Title: 5C3G,5758,6/21/26 09:15,64.652,
Plot Title: 5C3G,5759,6/21/26 09:30,65.509,
Plot Title: 5C3G,5760,6/21/26 09:45,62.769,
Plot Title: 5C3G,5761,6/21/26 10:00,68.248,
Plot Title: 5C3G,5762,6/21/26 10:15,69.793,
Plot Title: 5C3G,5763,6/21/26 10:30,70.651,
Plot Title: 5C3G,5764,6/21/26 10:45,74.271,
Plot Title: 5C3G,5765,6/21/26 11:00,69.449,
Plot Title: 5C3G,5766,6/21/26 11:15,77.574,
Plot Title: 5C3G,5767,6/21/26 11:30,82.152,
Plot Title: 5C3G,5768,6/21/26 11:45,77.923,
Plot Title: 5C3G,5769,6/21/26 12:00,81.442,
Plot Title: 5C3G,5770,6/21/26 12:15,75.139,
Plot Title: 5C3G,5771,6/21/26 12:30,84.115,
Plot Title: 5C3G,5772,6/21/26 12:45,87.368,
Plot Title: 5C3G,5773,6/21/26 13:00,77.923,
Plot Title: 5C3G,5774,6/21/26 13:15,76.354,
Plot Title: 5C3G,5775,6/21/26 13:30,76.528,
Plot Title: 5C3G,5776,6/21/26 13:45,78.449,
Plot Title: 5C3G,5777,6/21/26 14:00,75.659,
Plot Title: 5C3G,5778,6/21/26 14:15,82.152,
Plot Title: 5C3G,5779,6/21/26 14:30,82.508,
Plot Title: 5C3G,5780,6/21/26 14:45,83.935,
Plot Title: 5C3G,5781,6/21/26 15:00,81.266,
Plot Title: 5C3G,5782,6/21/26 15:15,79.678,
Plot Title: 5C3G,5783,6/21/26 15:30,82.508,
Plot Title: 5C3G,5784,6/21/26 15:45,76.703,
Plot Title: 5C3G,5785,6/21/26 16:00,73.407,
Plot Title: 5C3G,5786,6/21/26 16:15,72.028,
Plot Title: 5C3G,5787,6/21/26 16:30,70.824,
Plot Title: 5C3G,5788,6/21/26 16:45,69.449,
Plot Title: 5C3G,5789,6/21/26 17:00,68.248,
Plot Title: 5C3G,5790,6/21/26 17:15,67.906,
Plot Title: 5C3G,5791,6/21/26 17:30,67.221,
Plot Title: 5C3G,5792,6/21/26 17:45,66.537,
Plot Title: 5C3G,5793,6/21/26 18:00,66.366,
Plot Title: 5C3G,5794,6/21/26 18:15,66.193,
Plot Title: 5C3G,5795,6/21/26 18:30,65.167,
Plot Title: 5C3G,5796,6/21/26 18:45,64.481,
Plot Title: 5C3G,5797,6/21/26 19:00,63.282,
Plot Title: 5C3G,5798,6/21/26 19:15,63.111,
Plot Title: 5C3G,5799,6/21/26 19:30,62.94,
Plot Title: 5C3G,5800,6/21/26 19:45,62.94,
Plot Title: 5C3G,5801,6/21/26 20:00,62.254,
Plot Title: 5C3G,5802,6/21/26 20:15,61.569,
Plot Title: 5C3G,5803,6/21/26 20:30,60.712,
Plot Title: 5C3G,5804,6/21/26 20:45,59.851,
Plot Title: 5C3G,5805,6/21/26 21:00,59.68,
Plot Title: 5C3G,5806,6/21/26 21:15,59.508,
Plot Title: 5C3G,5807,6/21/26 21:30,55.189,
Plot Title: 5C3G,5808,6/21/26 21:45,49.404,
Plot Title: 5C3G,5809,6/21/26 22:00,50.29,
Plot Title: 5C3G,5810,6/21/26 22:15,51.346,
Plot Title: 5C3G,5811,6/21/26 22:30,52.225,
Plot Title: 5C3G,5812,6/21/26 22:45,52.576,
Plot Title: 5C3G,5813,6/21/26 23:00,52.576,
Plot Title: 5C3G,5814,6/21/26 23:15,52.576,
Plot Title: 5C3G,5815,6/21/26 23:30,52.401,
Plot Title: 5C3G,5816,6/21/26 23:45,52.05,
Plot Title: 5C3G,5817,6/22/26 00:00,51.699,
Plot Title: 5C3G,5818,6/22/26 00:15,51.523,
Plot Title: 5C3G,5819,6/22/26 00:30,51.172,
Plot Title: 5C3G,5820,6/22/26 00:45,50.995,
Plot Title: 5C3G,5821,6/22/26 01:00,50.819,
Plot Title: 5C3G,5822,6/22/26 01:15,50.643,
Plot Title: 5C3G,5823,6/22/26 01:30,50.29,
Plot Title: 5C3G,5824,6/22/26 01:45,50.29,
Plot Title: 5C3G,5825,6/22/26 02:00,49.937,
Plot Title: 5C3G,5826,6/22/26 02:15,49.937,
Plot Title: 5C3G,5827,6/22/26 02:30,49.937,
Plot Title: 5C3G,5828,6/22/26 02:45,49.582,
Plot Title: 5C3G,5829,6/22/26 03:00,49.404,
Plot Title: 5C3G,5830,6/22/26 03:15,49.404,
Plot Title: 5C3G,5831,6/22/26 03:30,49.228,
Plot Title: 5C3G,5832,6/22/26 03:45,48.871,
Plot Title: 5C3G,5833,6/22/26 04:00,48.695,
Plot Title: 5C3G,5834,6/22/26 04:15,48.517,
Plot Title: 5C3G,5835,6/22/26 04:30,48.517,
Plot Title: 5C3G,5836,6/22/26 04:45,48.339,
Plot Title: 5C3G,5837,6/22/26 05:00,48.16,
Plot Title: 5C3G,5838,6/22/26 05:15,48.16,
Plot Title: 5C3G,5839,6/22/26 05:30,48.339,
Plot Title: 5C3G,5840,6/22/26 05:45,48.339,
Plot Title: 5C3G,5841,6/22/26 06:00,48.339,
Plot Title: 5C3G,5842,6/22/26 06:15,48.517,
Plot Title: 5C3G,5843,6/22/26 06:30,48.695,
Plot Title: 5C3G,5844,6/22/26 06:45,48.871,
Plot Title: 5C3G,5845,6/22/26 07:00,49.05,
Plot Title: 5C3G,5846,6/22/26 07:15,49.05,
Plot Title: 5C3G,5847,6/22/26 07:30,49.05,
Plot Title: 5C3G,5848,6/22/26 07:45,49.05,
Plot Title: 5C3G,5849,6/22/26 08:00,49.228,
Plot Title: 5C3G,5850,6/22/26 08:15,49.759,
Plot Title: 5C3G,5851,6/22/26 08:30,50.466,
Plot Title: 5C3G,5852,6/22/26 08:45,51.172,
Plot Title: 5C3G,5853,6/22/26 09:00,56.23,
Plot Title: 5C3G,5854,6/22/26 09:15,62.254,
Plot Title: 5C3G,5855,6/22/26 09:30,66.193,
Plot Title: 5C3G,5856,6/22/26 09:45,69.107,
Plot Title: 5C3G,5857,6/22/26 10:00,71.683,
Plot Title: 5C3G,5858,6/22/26 10:15,73.926,
Plot Title: 5C3G,5859,6/22/26 10:30,76.181,
Plot Title: 5C3G,5860,6/22/26 10:45,78.274,
Plot Title: 5C3G,5861,6/22/26 11:00,81.09,
Plot Title: 5C3G,5862,6/22/26 11:15,82.864,
Plot Title: 5C3G,5863,6/22/26 11:30,85.194,
Plot Title: 5C3G,5864,6/22/26 11:45,87.186,
Plot Title: 5C3G,5865,6/22/26 12:00,87.004,
Plot Title: 5C3G,5866,6/22/26 12:15,89.938,
Plot Title: 5C3G,5867,6/22/26 12:30,88.099,
Plot Title: 5C3G,5868,6/22/26 12:45,86.459,
Plot Title: 5C3G,5869,6/22/26 13:00,89.569,
Plot Title: 5C3G,5870,6/22/26 13:15,84.654,
Plot Title: 5C3G,5871,6/22/26 13:30,83.399,
Plot Title: 5C3G,5872,6/22/26 13:45,83.221,
Plot Title: 5C3G,5873,6/22/26 14:00,82.508,
Plot Title: 5C3G,5874,6/22/26 14:15,81.442,
Plot Title: 5C3G,5875,6/22/26 14:30,81.266,
Plot Title: 5C3G,5876,6/22/26 14:45,77.923,
Plot Title: 5C3G,5877,6/22/26 15:00,78.624,
Plot Title: 5C3G,5878,6/22/26 15:15,79.678,
Plot Title: 5C3G,5879,6/22/26 15:30,83.221,
Plot Title: 5C3G,5880,6/22/26 15:45,77.923,
Plot Title: 5C3G,5881,6/22/26 16:00,74.619,
Plot Title: 5C3G,5882,6/22/26 16:15,72.891,
Plot Title: 5C3G,5883,6/22/26 16:30,72.199,
Plot Title: 5C3G,5884,6/22/26 16:45,70.995,
Plot Title: 5C3G,5885,6/22/26 17:00,70.48,
Plot Title: 5C3G,5886,6/22/26 17:15,69.622,
Plot Title: 5C3G,5887,6/22/26 17:30,68.592,
Plot Title: 5C3G,5888,6/22/26 17:45,67.906,
Plot Title: 5C3G,5889,6/22/26 18:00,67.221,
Plot Title: 5C3G,5890,6/22/26 18:15,66.537,
Plot Title: 5C3G,5891,6/22/26 18:30,65.509,
Plot Title: 5C3G,5892,6/22/26 18:45,64.996,
Plot Title: 5C3G,5893,6/22/26 19:00,64.481,
Plot Title: 5C3G,5894,6/22/26 19:15,63.968,
Plot Title: 5C3G,5895,6/22/26 19:30,63.282,
Plot Title: 5C3G,5896,6/22/26 19:45,62.598,
Plot Title: 5C3G,5897,6/22/26 20:00,62.083,
Plot Title: 5C3G,5898,6/22/26 20:15,61.398,
Plot Title: 5C3G,5899,6/22/26 20:30,60.712,
Plot Title: 5C3G,5900,6/22/26 20:45,60.195,
Plot Title: 5C3G,5901,6/22/26 21:00,59.851,
Plot Title: 5C3G,5902,6/22/26 21:15,59.164,
Plot Title: 5C3G,5903,6/22/26 21:30,58.303,
Plot Title: 5C3G,5904,6/22/26 21:45,57.268,
Plot Title: 5C3G,5905,6/22/26 22:00,56.404,
Plot Title: 5C3G,5906,6/22/26 22:15,55.884,
Plot Title: 5C3G,5907,6/22/26 22:30,55.364,
Plot Title: 5C3G,5908,6/22/26 22:45,54.842,
Plot Title: 5C3G,5909,6/22/26 23:00,54.322,
Plot Title: 5C3G,5910,6/22/26 23:15,53.973,
Plot Title: 5C3G,5911,6/22/26 23:30,53.623,
Plot Title: 5C3G,5912,6/22/26 23:45,53.1,
Plot Title: 5C3G,5913,6/23/26 00:00,52.75,
Plot Title: 5C3G,5914,6/23/26 00:15,52.401,
Plot Title: 5C3G,5915,6/23/26 00:30,52.225,
Plot Title: 5C3G,5916,6/23/26 00:45,51.874,
Plot Title: 5C3G,5917,6/23/26 01:00,51.523,
Plot Title: 5C3G,5918,6/23/26 01:15,51.346,
Plot Title: 5C3G,5919,6/23/26 01:30,50.995,
Plot Title: 5C3G,5920,6/23/26 01:45,50.643,
Plot Title: 5C3G,5921,6/23/26 02:00,50.29,
Plot Title: 5C3G,5922,6/23/26 02:15,49.937,
Plot Title: 5C3G,5923,6/23/26 02:30,49.759,
Plot Title: 5C3G,5924,6/23/26 02:45,49.404,
Plot Title: 5C3G,5925,6/23/26 03:00,49.05,
Plot Title: 5C3G,5926,6/23/26 03:15,48.871,
Plot Title: 5C3G,5927,6/23/26 03:30,48.695,
Plot Title: 5C3G,5928,6/23/26 03:45,48.339,
Plot Title: 5C3G,5929,6/23/26 04:00,48.16,
Plot Title: 5C3G,5930,6/23/26 04:15,47.982,
Plot Title: 5C3G,5931,6/23/26 04:30,47.624,
Plot Title: 5C3G,5932,6/23/26 04:45,47.446,
Plot Title: 5C3G,5933,6/23/26 05:00,47.266,
Plot Title: 5C3G,5934,6/23/26 05:15,46.908,
Plot Title: 5C3G,5935,6/23/26 05:30,46.728,
Plot Title: 5C3G,5936,6/23/26 05:45,46.548,
Plot Title: 5C3G,5937,6/23/26 06:00,46.548,
Plot Title: 5C3G,5938,6/23/26 06:15,46.548,
Plot Title: 5C3G,5939,6/23/26 06:30,46.548,
Plot Title: 5C3G,5940,6/23/26 06:45,46.548,
Plot Title: 5C3G,5941,6/23/26 07:00,46.728,
Plot Title: 5C3G,5942,6/23/26 07:15,46.728,
Plot Title: 5C3G,5943,6/23/26 07:30,46.908,
Plot Title: 5C3G,5944,6/23/26 07:45,47.266,
Plot Title: 5C3G,5945,6/23/26 08:00,47.266,
Plot Title: 5C3G,5946,6/23/26 08:15,47.624,
Plot Title: 5C3G,5947,6/23/26 08:30,47.982,
Plot Title: 5C3G,5948,6/23/26 08:45,48.517,
Plot Title: 5C3G,5949,6/23/26 09:00,54.322,
Plot Title: 5C3G,5950,6/23/26 09:15,61.227,
Plot Title: 5C3G,5951,6/23/26 09:30,65.167,
Plot Title: 5C3G,5952,6/23/26 09:45,68.421,
Plot Title: 5C3G,5953,6/23/26 10:00,70.995,
Plot Title: 5C3G,5954,6/23/26 10:15,73.753,
Plot Title: 5C3G,5955,6/23/26 10:30,76.181,
Plot Title: 5C3G,5956,6/23/26 10:45,78.8,
Plot Title: 5C3G,5957,6/23/26 11:00,81.621,
Plot Title: 5C3G,5958,6/23/26 11:15,85.014,
Plot Title: 5C3G,5959,6/23/26 11:30,88.65,
Plot Title: 5C3G,5960,6/23/26 11:45,92.363,
Plot Title: 5C3G,5961,6/23/26 12:00,95.207,
Plot Title: 5C3G,5962,6/23/26 12:15,97.916,
Plot Title: 5C3G,5963,6/23/26 12:30,100.083,
Plot Title: 5C3G,5964,6/23/26 12:45,101.887,
Plot Title: 5C3G,5965,6/23/26 13:00,102.29,
Plot Title: 5C3G,5966,6/23/26 13:15,102.29,
Plot Title: 5C3G,5967,6/23/26 13:30,101.887,
Plot Title: 5C3G,5968,6/23/26 13:45,100.882,
Plot Title: 5C3G,5969,6/23/26 14:00,99.885,
Plot Title: 5C3G,5970,6/23/26 14:15,98.897,
Plot Title: 5C3G,5971,6/23/26 14:30,97.916,
Plot Title: 5C3G,5972,6/23/26 14:45,97.72,
Plot Title: 5C3G,5973,6/23/26 15:00,97.72,
Plot Title: 5C3G,5974,6/23/26 15:15,97.72,
Plot Title: 5C3G,5975,6/23/26 15:30,96.942,
Plot Title: 5C3G,5976,6/23/26 15:45,86.459,
Plot Title: 5C3G,5977,6/23/26 16:00,80.029,
Plot Title: 5C3G,5978,6/23/26 16:15,77.574,
Plot Title: 5C3G,5979,6/23/26 16:30,75.832,
Plot Title: 5C3G,5980,6/23/26 16:45,73.407,
Plot Title: 5C3G,5981,6/23/26 17:00,71.512,
Plot Title: 5C3G,5982,6/23/26 17:15,70.308,
Plot Title: 5C3G,5983,6/23/26 17:30,69.278,
Plot Title: 5C3G,5984,6/23/26 17:45,68.248,
Plot Title: 5C3G,5985,6/23/26 18:00,67.735,
Plot Title: 5C3G,5986,6/23/26 18:15,66.708,
Plot Title: 5C3G,5987,6/23/26 18:30,65.851,
Plot Title: 5C3G,5988,6/23/26 18:45,64.996,
Plot Title: 5C3G,5989,6/23/26 19:00,64.139,
Plot Title: 5C3G,5990,6/23/26 19:15,63.455,
Plot Title: 5C3G,5991,6/23/26 19:30,62.769,
Plot Title: 5C3G,5992,6/23/26 19:45,62.083,
Plot Title: 5C3G,5993,6/23/26 20:00,61.569,
Plot Title: 5C3G,5994,6/23/26 20:15,61.054,
Plot Title: 5C3G,5995,6/23/26 20:30,60.368,
Plot Title: 5C3G,5996,6/23/26 20:45,59.68,
Plot Title: 5C3G,5997,6/23/26 21:00,59.337,
Plot Title: 5C3G,5998,6/23/26 21:15,58.82,
Plot Title: 5C3G,5999,6/23/26 21:30,58.476,
Plot Title: 5C3G,6000,6/23/26 21:45,58.131,
Plot Title: 5C3G,6001,6/23/26 22:00,57.785,
Plot Title: 5C3G,6002,6/23/26 22:15,57.441,
Plot Title: 5C3G,6003,6/23/26 22:30,57.096,
Plot Title: 5C3G,6004,6/23/26 22:45,56.75,
Plot Title: 5C3G,6005,6/23/26 23:00,56.404,
Plot Title: 5C3G,6006,6/23/26 23:15,56.057,
Plot Title: 5C3G,6007,6/23/26 23:30,55.711,
Plot Title: 5C3G,6008,6/23/26 23:45,55.364,
Plot Title: 5C3G,6009,6/24/26 00:00,54.842,
Plot Title: 5C3G,6010,6/24/26 00:15,54.669,
Plot Title: 5C3G,6011,6/24/26 00:30,54.147,
Plot Title: 5C3G,6012,6/24/26 00:45,53.973,
Plot Title: 5C3G,6013,6/24/26 01:00,53.973,
Plot Title: 5C3G,6014,6/24/26 01:15,53.798,
Plot Title: 5C3G,6015,6/24/26 01:30,53.449,
Plot Title: 5C3G,6016,6/24/26 01:45,53.449,
Plot Title: 5C3G,6017,6/24/26 02:00,53.274,
Plot Title: 5C3G,6018,6/24/26 02:15,53.274,
Plot Title: 5C3G,6019,6/24/26 02:30,53.1,
Plot Title: 5C3G,6020,6/24/26 02:45,52.75,
Plot Title: 5C3G,6021,6/24/26 03:00,52.401,
Plot Title: 5C3G,6022,6/24/26 03:15,52.225,
Plot Title: 5C3G,6023,6/24/26 03:30,52.05,
Plot Title: 5C3G,6024,6/24/26 03:45,51.699,
Plot Title: 5C3G,6025,6/24/26 04:00,51.346,
Plot Title: 5C3G,6026,6/24/26 04:15,51.172,
Plot Title: 5C3G,6027,6/24/26 04:30,50.995,
Plot Title: 5C3G,6028,6/24/26 04:45,51.172,
Plot Title: 5C3G,6029,6/24/26 05:00,51.172,
Plot Title: 5C3G,6030,6/24/26 05:15,50.995,
Plot Title: 5C3G,6031,6/24/26 05:30,50.466,
Plot Title: 5C3G,6032,6/24/26 05:45,50.113,
Plot Title: 5C3G,6033,6/24/26 06:00,49.937,
Plot Title: 5C3G,6034,6/24/26 06:15,49.759,
Plot Title: 5C3G,6035,6/24/26 06:30,49.759,
Plot Title: 5C3G,6036,6/24/26 06:45,49.937,
Plot Title: 5C3G,6037,6/24/26 07:00,50.29,
Plot Title: 5C3G,6038,6/24/26 07:15,50.466,
Plot Title: 5C3G,6039,6/24/26 07:30,50.29,
Plot Title: 5C3G,6040,6/24/26 07:45,50.29,
Plot Title: 5C3G,6041,6/24/26 08:00,50.819,
Plot Title: 5C3G,6042,6/24/26 08:15,52.05,
Plot Title: 5C3G,6043,6/24/26 08:30,52.401,
Plot Title: 5C3G,6044,6/24/26 08:45,52.576,
Plot Title: 5C3G,6045,6/24/26 09:00,58.131,
Plot Title: 5C3G,6046,6/24/26 09:15,64.31,
Plot Title: 5C3G,6047,6/24/26 09:30,68.763,
Plot Title: 5C3G,6048,6/24/26 09:45,72.199,
Plot Title: 5C3G,6049,6/24/26 10:00,75.832,
Plot Title: 5C3G,6050,6/24/26 10:15,78.8,
Plot Title: 5C3G,6051,6/24/26 10:30,81.797,
Plot Title: 5C3G,6052,6/24/26 10:45,84.834,
Plot Title: 5C3G,6053,6/24/26 11:00,88.099,
Plot Title: 5C3G,6054,6/24/26 11:15,91.987,
Plot Title: 5C3G,6055,6/24/26 11:30,96.361,
Plot Title: 5C3G,6056,6/24/26 11:45,100.083,
Plot Title: 5C3G,6057,6/24/26 12:00,103.512,
Plot Title: 5C3G,6058,6/24/26 12:15,106.414,
Plot Title: 5C3G,6059,6/24/26 12:30,108.536,
Plot Title: 5C3G,6060,6/24/26 12:45,109.828,
Plot Title: 5C3G,6061,6/24/26 13:00,110.046,
Plot Title: 5C3G,6062,6/24/26 13:15,110.264,
Plot Title: 5C3G,6063,6/24/26 13:30,108.964,
Plot Title: 5C3G,6064,6/24/26 13:45,107.258,
Plot Title: 5C3G,6065,6/24/26 14:00,104.333,
Plot Title: 5C3G,6066,6/24/26 14:15,102.088,
Plot Title: 5C3G,6067,6/24/26 14:30,100.483,
Plot Title: 5C3G,6068,6/24/26 14:45,97.331,
Plot Title: 5C3G,6069,6/24/26 15:00,91.425,
Plot Title: 5C3G,6070,6/24/26 15:15,87.733,
Plot Title: 5C3G,6071,6/24/26 15:30,88.099,
Plot Title: 5C3G,6072,6/24/26 15:45,86.823,
Plot Title: 5C3G,6073,6/24/26 16:00,84.474,
Plot Title: 5C3G,6074,6/24/26 16:15,82.33,
Plot Title: 5C3G,6075,6/24/26 16:30,80.911,
Plot Title: 5C3G,6076,6/24/26 16:45,79.502,
Plot Title: 5C3G,6077,6/24/26 17:00,78.098,
Plot Title: 5C3G,6078,6/24/26 17:15,76.181,
Plot Title: 5C3G,6079,6/24/26 17:30,75.659,
Plot Title: 5C3G,6080,6/24/26 17:45,73.58,
Plot Title: 5C3G,6081,6/24/26 18:00,71.856,
Plot Title: 5C3G,6082,6/24/26 18:15,70.137,
Plot Title: 5C3G,6083,6/24/26 18:30,69.449,
Plot Title: 5C3G,6084,6/24/26 18:45,69.107,
Plot Title: 5C3G,6085,6/24/26 19:00,68.592,
Plot Title: 5C3G,6086,6/24/26 19:15,68.077,
Plot Title: 5C3G,6087,6/24/26 19:30,67.221,
Plot Title: 5C3G,6088,6/24/26 19:45,66.366,
Plot Title: 5C3G,6089,6/24/26 20:00,65.851,
Plot Title: 5C3G,6090,6/24/26 20:15,66.022,
Plot Title: 5C3G,6091,6/24/26 20:30,65.338,
Plot Title: 5C3G,6092,6/24/26 20:45,64.652,
Plot Title: 5C3G,6093,6/24/26 21:00,63.797,
Plot Title: 5C3G,6094,6/24/26 21:15,62.94,
Plot Title: 5C3G,6095,6/24/26 21:30,62.425,
Plot Title: 5C3G,6096,6/24/26 21:45,62.083,
Plot Title: 5C3G,6097,6/24/26 22:00,61.741,
Plot Title: 5C3G,6098,6/24/26 22:15,60.883,
Plot Title: 5C3G,6099,6/24/26 22:30,60.368,
Plot Title: 5C3G,6100,6/24/26 22:45,60.368,
Plot Title: 5C3G,6101,6/24/26 23:00,60.195,
Plot Title: 5C3G,6102,6/24/26 23:15,60.195,
Plot Title: 5C3G,6103,6/24/26 23:30,59.68,
Plot Title: 5C3G,6104,6/24/26 23:45,58.993,
Plot Title: 5C3G,6105,6/25/26 00:00,58.303,
Plot Title: 5C3G,6106,6/25/26 00:15,57.958,
Plot Title: 5C3G,6107,6/25/26 00:30,57.785,
Plot Title: 5C3G,6108,6/25/26 00:45,57.785,
Plot Title: 5C3G,6109,6/25/26 01:00,57.958,
Plot Title: 5C3G,6110,6/25/26 01:15,57.785,
Plot Title: 5C3G,6111,6/25/26 01:30,57.785,
Plot Title: 5C3G,6112,6/25/26 01:45,57.958,
Plot Title: 5C3G,6113,6/25/26 02:00,57.441,
Plot Title: 5C3G,6114,6/25/26 02:15,56.577,
Plot Title: 5C3G,6115,6/25/26 02:30,56.057,
Plot Title: 5C3G,6116,6/25/26 02:45,55.711,
Plot Title: 5C3G,6117,6/25/26 03:00,55.364,
Plot Title: 5C3G,6118,6/25/26 03:15,54.842,
Plot Title: 5C3G,6119,6/25/26 03:30,54.495,
Plot Title: 5C3G,6120,6/25/26 03:45,53.973,
Plot Title: 5C3G,6121,6/25/26 04:00,53.798,
Plot Title: 5C3G,6122,6/25/26 04:15,53.623,
Plot Title: 5C3G,6123,6/25/26 04:30,53.623,
Plot Title: 5C3G,6124,6/25/26 04:45,53.623,
Plot Title: 5C3G,6125,6/25/26 05:00,53.798,
Plot Title: 5C3G,6126,6/25/26 05:15,53.623,
Plot Title: 5C3G,6127,6/25/26 05:30,53.274,
Plot Title: 5C3G,6128,6/25/26 05:45,53.1,
Plot Title: 5C3G,6129,6/25/26 06:00,52.75,
Plot Title: 5C3G,6130,6/25/26 06:15,52.576,
Plot Title: 5C3G,6131,6/25/26 06:30,52.401,
Plot Title: 5C3G,6132,6/25/26 06:45,53.274,
Plot Title: 5C3G,6133,6/25/26 07:00,53.798,
Plot Title: 5C3G,6134,6/25/26 07:15,53.623,
Plot Title: 5C3G,6135,6/25/26 07:30,53.798,
Plot Title: 5C3G,6136,6/25/26 07:45,54.322,
Plot Title: 5C3G,6137,6/25/26 08:00,53.973,
Plot Title: 5C3G,6138,6/25/26 08:15,53.973,
Plot Title: 5C3G,6139,6/25/26 08:30,54.147,
Plot Title: 5C3G,6140,6/25/26 08:45,55.711,
Plot Title: 5C3G,6141,6/25/26 09:00,56.057,
Plot Title: 5C3G,6142,6/25/26 09:15,55.189,
Plot Title: 5C3G,6143,6/25/26 09:30,55.189,
Plot Title: 5C3G,6144,6/25/26 09:45,56.23,
Plot Title: 5C3G,6145,6/25/26 10:00,57.441,
Plot Title: 5C3G,6146,6/25/26 10:15,59.68,
Plot Title: 5C3G,6147,6/25/26 10:30,62.254,
Plot Title: 5C3G,6148,6/25/26 10:45,64.31,
Plot Title: 5C3G,6149,6/25/26 11:00,66.022,
Plot Title: 5C3G,6150,6/25/26 11:15,64.825,
Plot Title: 5C3G,6151,6/25/26 11:30,66.708,
Plot Title: 5C3G,6152,6/25/26 11:45,70.824,
Plot Title: 5C3G,6153,6/25/26 12:00,75.139,
Plot Title: 5C3G,6154,6/25/26 12:15,81.797,
Plot Title: 5C3G,6155,6/25/26 12:30,84.654,
Plot Title: 5C3G,6156,6/25/26 12:45,80.911,
Plot Title: 5C3G,6157,6/25/26 13:00,78.8,
Plot Title: 5C3G,6158,6/25/26 13:15,81.442,
Plot Title: 5C3G,6159,6/25/26 13:30,83.043,
Plot Title: 5C3G,6160,6/25/26 13:45,80.911,
Plot Title: 5C3G,6161,6/25/26 14:00,83.757,
Plot Title: 5C3G,6162,6/25/26 14:15,83.757,
Plot Title: 5C3G,6163,6/25/26 14:30,84.474,
Plot Title: 5C3G,6164,6/25/26 14:45,83.221,
Plot Title: 5C3G,6165,6/25/26 15:00,85.374,
Plot Title: 5C3G,6166,6/25/26 15:15,81.266,
Plot Title: 5C3G,6167,6/25/26 15:30,80.382,
Plot Title: 5C3G,6168,6/25/26 15:45,78.449,
Plot Title: 5C3G,6169,6/25/26 16:00,77.4,
Plot Title: 5C3G,6170,6/25/26 16:15,74.791,
Plot Title: 5C3G,6171,6/25/26 16:30,72.718,
Plot Title: 5C3G,6172,6/25/26 16:45,72.199,
Plot Title: 5C3G,6173,6/25/26 17:00,71.683,
Plot Title: 5C3G,6174,6/25/26 17:15,70.995,
Plot Title: 5C3G,6175,6/25/26 17:30,69.107,
Plot Title: 5C3G,6176,6/25/26 17:45,68.248,
Plot Title: 5C3G,6177,6/25/26 18:00,67.221,
Plot Title: 5C3G,6178,6/25/26 18:15,67.392,
Plot Title: 5C3G,6179,6/25/26 18:30,67.05,
Plot Title: 5C3G,6180,6/25/26 18:45,66.537,
Plot Title: 5C3G,6181,6/25/26 19:00,65.68,
Plot Title: 5C3G,6182,6/25/26 19:15,64.996,
Plot Title: 5C3G,6183,6/25/26 19:30,64.652,
Plot Title: 5C3G,6184,6/25/26 19:45,63.282,
Plot Title: 5C3G,6185,6/25/26 20:00,62.425,
Plot Title: 5C3G,6186,6/25/26 20:15,61.741,
Plot Title: 5C3G,6187,6/25/26 20:30,61.741,
Plot Title: 5C3G,6188,6/25/26 20:45,61.569,
Plot Title: 5C3G,6189,6/25/26 21:00,60.368,
Plot Title: 5C3G,6190,6/25/26 21:15,59.508,
Plot Title: 5C3G,6191,6/25/26 21:30,58.993,
Plot Title: 5C3G,6192,6/25/26 21:45,59.164,
Plot Title: 5C3G,6193,6/25/26 22:00,59.164,
Plot Title: 5C3G,6194,6/25/26 22:15,58.476,
Plot Title: 5C3G,6195,6/25/26 22:30,58.476,
Plot Title: 5C3G,6196,6/25/26 22:45,57.958,
Plot Title: 5C3G,6197,6/25/26 23:00,57.441,
Plot Title: 5C3G,6198,6/25/26 23:15,57.441,
Plot Title: 5C3G,6199,6/25/26 23:30,57.096,
Plot Title: 5C3G,6200,6/25/26 23:45,56.577,
Plot Title: 5C3G,6201,6/26/26 00:00,56.577,
Plot Title: 5C3G,6202,6/26/26 00:15,56.75,
Plot Title: 5C3G,6203,6/26/26 00:30,56.923,
Plot Title: 5C3G,6204,6/26/26 00:45,56.404,
Plot Title: 5C3G,6205,6/26/26 01:00,55.884,
Plot Title: 5C3G,6206,6/26/26 01:15,55.189,
Plot Title: 5C3G,6207,6/26/26 01:30,54.842,
Plot Title: 5C3G,6208,6/26/26 01:45,54.669,
Plot Title: 5C3G,6209,6/26/26 02:00,54.669,
Plot Title: 5C3G,6210,6/26/26 02:15,54.669,
Plot Title: 5C3G,6211,6/26/26 02:30,54.669,
Plot Title: 5C3G,6212,6/26/26 02:45,54.669,
Plot Title: 5C3G,6213,6/26/26 03:00,54.669,
Plot Title: 5C3G,6214,6/26/26 03:15,54.495,
Plot Title: 5C3G,6215,6/26/26 03:30,54.495,
Plot Title: 5C3G,6216,6/26/26 03:45,54.322,
Plot Title: 5C3G,6217,6/26/26 04:00,54.147,
Plot Title: 5C3G,6218,6/26/26 04:15,54.147,
Plot Title: 5C3G,6219,6/26/26 04:30,53.798,
Plot Title: 5C3G,6220,6/26/26 04:45,53.449,
Plot Title: 5C3G,6221,6/26/26 05:00,53.449,
Plot Title: 5C3G,6222,6/26/26 05:15,53.449,
Plot Title: 5C3G,6223,6/26/26 05:30,53.449,
Plot Title: 5C3G,6224,6/26/26 05:45,53.274,
Plot Title: 5C3G,6225,6/26/26 06:00,53.449,
Plot Title: 5C3G,6226,6/26/26 06:15,53.449,
Plot Title: 5C3G,6227,6/26/26 06:30,53.623,
Plot Title: 5C3G,6228,6/26/26 06:45,53.798,
Plot Title: 5C3G,6229,6/26/26 07:00,53.973,
Plot Title: 5C3G,6230,6/26/26 07:15,54.322,
Plot Title: 5C3G,6231,6/26/26 07:30,54.669,
Plot Title: 5C3G,6232,6/26/26 07:45,54.842,
Plot Title: 5C3G,6233,6/26/26 08:00,55.537,
Plot Title: 5C3G,6234,6/26/26 08:15,56.577,
Plot Title: 5C3G,6235,6/26/26 08:30,57.441,Logged