Plot Title: 5S1C,#,"Date Time, GMT-06:00","Temp, °F (LGR S/N: 10608562, SEN S/N: 10608562, LBL: 5S1C)",End Of File (LGR S/N: 10608562)
Plot Title: 5S1C,1,4/21/26 11:00,60.368,
Plot Title: 5S1C,2,4/21/26 11:15,61.741,
Plot Title: 5S1C,3,4/21/26 11:30,63.111,
Plot Title: 5S1C,4,4/21/26 11:45,67.05,
Plot Title: 5S1C,5,4/21/26 12:00,77.225,
Plot Title: 5S1C,6,4/21/26 12:15,83.579,
Plot Title: 5S1C,7,4/21/26 12:30,79.853,
Plot Title: 5S1C,8,4/21/26 12:45,75.484,
Plot Title: 5S1C,9,4/21/26 13:00,72.372,
Plot Title: 5S1C,10,4/21/26 13:15,70.651,
Plot Title: 5S1C,11,4/21/26 13:30,70.824,
Plot Title: 5S1C,12,4/21/26 13:45,71.856,
Plot Title: 5S1C,13,4/21/26 14:00,68.592,
Plot Title: 5S1C,14,4/21/26 14:15,58.647,
Plot Title: 5S1C,15,4/21/26 14:30,56.23,
Plot Title: 5S1C,16,4/21/26 14:45,56.057,
Plot Title: 5S1C,17,4/21/26 15:00,56.057,
Plot Title: 5S1C,18,4/21/26 15:15,55.537,
Plot Title: 5S1C,19,4/21/26 15:30,54.669,
Plot Title: 5S1C,20,4/21/26 15:45,54.495,
Plot Title: 5S1C,21,4/21/26 16:00,53.973,
Plot Title: 5S1C,22,4/21/26 16:15,53.449,
Plot Title: 5S1C,23,4/21/26 16:30,52.75,
Plot Title: 5S1C,24,4/21/26 16:45,52.576,
Plot Title: 5S1C,25,4/21/26 17:00,52.05,
Plot Title: 5S1C,26,4/21/26 17:15,51.699,
Plot Title: 5S1C,27,4/21/26 17:30,51.523,
Plot Title: 5S1C,28,4/21/26 17:45,51.346,
Plot Title: 5S1C,29,4/21/26 18:00,51.172,
Plot Title: 5S1C,30,4/21/26 18:15,51.523,
Plot Title: 5S1C,31,4/21/26 18:30,51.346,
Plot Title: 5S1C,32,4/21/26 18:45,51.172,
Plot Title: 5S1C,33,4/21/26 19:00,50.819,
Plot Title: 5S1C,34,4/21/26 19:15,50.643,
Plot Title: 5S1C,35,4/21/26 19:30,50.466,
Plot Title: 5S1C,36,4/21/26 19:45,50.113,
Plot Title: 5S1C,37,4/21/26 20:00,49.404,
Plot Title: 5S1C,38,4/21/26 20:15,48.695,
Plot Title: 5S1C,39,4/21/26 20:30,48.16,
Plot Title: 5S1C,40,4/21/26 20:45,47.446,
Plot Title: 5S1C,41,4/21/26 21:00,47.088,
Plot Title: 5S1C,42,4/21/26 21:15,46.728,
Plot Title: 5S1C,43,4/21/26 21:30,46.369,
Plot Title: 5S1C,44,4/21/26 21:45,46.188,
Plot Title: 5S1C,45,4/21/26 22:00,46.008,
Plot Title: 5S1C,46,4/21/26 22:15,45.648,
Plot Title: 5S1C,47,4/21/26 22:30,45.648,
Plot Title: 5S1C,48,4/21/26 22:45,45.466,
Plot Title: 5S1C,49,4/21/26 23:00,45.466,
Plot Title: 5S1C,50,4/21/26 23:15,45.466,
Plot Title: 5S1C,51,4/21/26 23:30,45.286,
Plot Title: 5S1C,52,4/21/26 23:45,45.286,
Plot Title: 5S1C,53,4/22/26 00:00,45.104,
Plot Title: 5S1C,54,4/22/26 00:15,44.922,
Plot Title: 5S1C,55,4/22/26 00:30,44.922,
Plot Title: 5S1C,56,4/22/26 00:45,44.922,
Plot Title: 5S1C,57,4/22/26 01:00,45.104,
Plot Title: 5S1C,58,4/22/26 01:15,45.104,
Plot Title: 5S1C,59,4/22/26 01:30,44.922,
Plot Title: 5S1C,60,4/22/26 01:45,44.742,
Plot Title: 5S1C,61,4/22/26 02:00,44.56,
Plot Title: 5S1C,62,4/22/26 02:15,44.379,
Plot Title: 5S1C,63,4/22/26 02:30,44.379,
Plot Title: 5S1C,64,4/22/26 02:45,44.195,
Plot Title: 5S1C,65,4/22/26 03:00,44.013,
Plot Title: 5S1C,66,4/22/26 03:15,43.831,
Plot Title: 5S1C,67,4/22/26 03:30,43.648,
Plot Title: 5S1C,68,4/22/26 03:45,43.466,
Plot Title: 5S1C,69,4/22/26 04:00,43.282,
Plot Title: 5S1C,70,4/22/26 04:15,43.282,
Plot Title: 5S1C,71,4/22/26 04:30,43.282,
Plot Title: 5S1C,72,4/22/26 04:45,43.282,
Plot Title: 5S1C,73,4/22/26 05:00,43.099,
Plot Title: 5S1C,74,4/22/26 05:15,43.099,
Plot Title: 5S1C,75,4/22/26 05:30,43.099,
Plot Title: 5S1C,76,4/22/26 05:45,42.915,
Plot Title: 5S1C,77,4/22/26 06:00,42.915,
Plot Title: 5S1C,78,4/22/26 06:15,42.732,
Plot Title: 5S1C,79,4/22/26 06:30,42.732,
Plot Title: 5S1C,80,4/22/26 06:45,42.548,
Plot Title: 5S1C,81,4/22/26 07:00,42.548,
Plot Title: 5S1C,82,4/22/26 07:15,42.548,
Plot Title: 5S1C,83,4/22/26 07:30,42.548,
Plot Title: 5S1C,84,4/22/26 07:45,42.548,
Plot Title: 5S1C,85,4/22/26 08:00,42.732,
Plot Title: 5S1C,86,4/22/26 08:15,43.282,
Plot Title: 5S1C,87,4/22/26 08:30,45.828,
Plot Title: 5S1C,88,4/22/26 08:45,45.466,
Plot Title: 5S1C,89,4/22/26 09:00,44.922,
Plot Title: 5S1C,90,4/22/26 09:15,45.286,
Plot Title: 5S1C,91,4/22/26 09:30,46.008,
Plot Title: 5S1C,92,4/22/26 09:45,45.466,
Plot Title: 5S1C,93,4/22/26 10:00,50.113,
Plot Title: 5S1C,94,4/22/26 10:15,55.364,
Plot Title: 5S1C,95,4/22/26 10:30,59.337,
Plot Title: 5S1C,96,4/22/26 10:45,55.884,
Plot Title: 5S1C,97,4/22/26 11:00,62.425,
Plot Title: 5S1C,98,4/22/26 11:15,67.906,
Plot Title: 5S1C,99,4/22/26 11:30,70.308,
Plot Title: 5S1C,100,4/22/26 11:45,68.592,
Plot Title: 5S1C,101,4/22/26 12:00,62.083,
Plot Title: 5S1C,102,4/22/26 12:15,58.993,
Plot Title: 5S1C,103,4/22/26 12:30,57.268,
Plot Title: 5S1C,104,4/22/26 12:45,56.577,
Plot Title: 5S1C,105,4/22/26 13:00,55.364,
Plot Title: 5S1C,106,4/22/26 13:15,53.973,
Plot Title: 5S1C,107,4/22/26 13:30,53.274,
Plot Title: 5S1C,108,4/22/26 13:45,52.75,
Plot Title: 5S1C,109,4/22/26 14:00,52.401,
Plot Title: 5S1C,110,4/22/26 14:15,52.401,
Plot Title: 5S1C,111,4/22/26 14:30,52.401,
Plot Title: 5S1C,112,4/22/26 14:45,53.449,
Plot Title: 5S1C,113,4/22/26 15:00,52.576,
Plot Title: 5S1C,114,4/22/26 15:15,50.995,
Plot Title: 5S1C,115,4/22/26 15:30,50.643,
Plot Title: 5S1C,116,4/22/26 15:45,49.759,
Plot Title: 5S1C,117,4/22/26 16:00,49.228,
Plot Title: 5S1C,118,4/22/26 16:15,50.113,
Plot Title: 5S1C,119,4/22/26 16:30,50.29,
Plot Title: 5S1C,120,4/22/26 16:45,49.582,
Plot Title: 5S1C,121,4/22/26 17:00,49.404,
Plot Title: 5S1C,122,4/22/26 17:15,48.871,
Plot Title: 5S1C,123,4/22/26 17:30,48.16,
Plot Title: 5S1C,124,4/22/26 17:45,48.16,
Plot Title: 5S1C,125,4/22/26 18:00,47.446,
Plot Title: 5S1C,126,4/22/26 18:15,46.728,
Plot Title: 5S1C,127,4/22/26 18:30,46.188,
Plot Title: 5S1C,128,4/22/26 18:45,46.008,
Plot Title: 5S1C,129,4/22/26 19:00,45.828,
Plot Title: 5S1C,130,4/22/26 19:15,45.286,
Plot Title: 5S1C,131,4/22/26 19:30,44.56,
Plot Title: 5S1C,132,4/22/26 19:45,44.013,
Plot Title: 5S1C,133,4/22/26 20:00,43.466,
Plot Title: 5S1C,134,4/22/26 20:15,43.466,
Plot Title: 5S1C,135,4/22/26 20:30,43.282,
Plot Title: 5S1C,136,4/22/26 20:45,43.099,
Plot Title: 5S1C,137,4/22/26 21:00,42.915,
Plot Title: 5S1C,138,4/22/26 21:15,42.732,
Plot Title: 5S1C,139,4/22/26 21:30,42.363,
Plot Title: 5S1C,140,4/22/26 21:45,42.179,
Plot Title: 5S1C,141,4/22/26 22:00,41.625,
Plot Title: 5S1C,142,4/22/26 22:15,41.254,
Plot Title: 5S1C,143,4/22/26 22:30,41.067,
Plot Title: 5S1C,144,4/22/26 22:45,41.067,
Plot Title: 5S1C,145,4/22/26 23:00,41.067,
Plot Title: 5S1C,146,4/22/26 23:15,41.254,
Plot Title: 5S1C,147,4/22/26 23:30,41.067,
Plot Title: 5S1C,148,4/22/26 23:45,40.509,
Plot Title: 5S1C,149,4/23/26 00:00,40.134,
Plot Title: 5S1C,150,4/23/26 00:15,39.947,
Plot Title: 5S1C,151,4/23/26 00:30,39.947,
Plot Title: 5S1C,152,4/23/26 00:45,39.76,
Plot Title: 5S1C,153,4/23/26 01:00,39.76,
Plot Title: 5S1C,154,4/23/26 01:15,39.76,
Plot Title: 5S1C,155,4/23/26 01:30,39.573,
Plot Title: 5S1C,156,4/23/26 01:45,39.573,
Plot Title: 5S1C,157,4/23/26 02:00,39.573,
Plot Title: 5S1C,158,4/23/26 02:15,39.196,
Plot Title: 5S1C,159,4/23/26 02:30,39.196,
Plot Title: 5S1C,160,4/23/26 02:45,39.007,
Plot Title: 5S1C,161,4/23/26 03:00,39.007,
Plot Title: 5S1C,162,4/23/26 03:15,38.818,
Plot Title: 5S1C,163,4/23/26 03:30,38.818,
Plot Title: 5S1C,164,4/23/26 03:45,38.818,
Plot Title: 5S1C,165,4/23/26 04:00,38.818,
Plot Title: 5S1C,166,4/23/26 04:15,38.629,
Plot Title: 5S1C,167,4/23/26 04:30,38.629,
Plot Title: 5S1C,168,4/23/26 04:45,38.629,
Plot Title: 5S1C,169,4/23/26 05:00,38.629,
Plot Title: 5S1C,170,4/23/26 05:15,38.44,
Plot Title: 5S1C,171,4/23/26 05:30,38.44,
Plot Title: 5S1C,172,4/23/26 05:45,38.25,
Plot Title: 5S1C,173,4/23/26 06:00,38.061,
Plot Title: 5S1C,174,4/23/26 06:15,38.061,
Plot Title: 5S1C,175,4/23/26 06:30,38.061,
Plot Title: 5S1C,176,4/23/26 06:45,38.061,
Plot Title: 5S1C,177,4/23/26 07:00,37.87,
Plot Title: 5S1C,178,4/23/26 07:15,37.87,
Plot Title: 5S1C,179,4/23/26 07:30,38.061,
Plot Title: 5S1C,180,4/23/26 07:45,38.061,
Plot Title: 5S1C,181,4/23/26 08:00,38.061,
Plot Title: 5S1C,182,4/23/26 08:15,38.061,
Plot Title: 5S1C,183,4/23/26 08:30,38.25,
Plot Title: 5S1C,184,4/23/26 08:45,38.25,
Plot Title: 5S1C,185,4/23/26 09:00,38.25,
Plot Title: 5S1C,186,4/23/26 09:15,38.25,
Plot Title: 5S1C,187,4/23/26 09:30,38.44,
Plot Title: 5S1C,188,4/23/26 09:45,38.44,
Plot Title: 5S1C,189,4/23/26 10:00,40.881,
Plot Title: 5S1C,190,4/23/26 10:15,41.067,
Plot Title: 5S1C,191,4/23/26 10:30,42.548,
Plot Title: 5S1C,192,4/23/26 10:45,44.56,
Plot Title: 5S1C,193,4/23/26 11:00,45.104,
Plot Title: 5S1C,194,4/23/26 11:15,44.195,
Plot Title: 5S1C,195,4/23/26 11:30,43.648,
Plot Title: 5S1C,196,4/23/26 11:45,44.742,
Plot Title: 5S1C,197,4/23/26 12:00,43.831,
Plot Title: 5S1C,198,4/23/26 12:15,42.179,
Plot Title: 5S1C,199,4/23/26 12:30,40.696,
Plot Title: 5S1C,200,4/23/26 12:45,39.76,
Plot Title: 5S1C,201,4/23/26 13:00,39.384,
Plot Title: 5S1C,202,4/23/26 13:15,38.818,
Plot Title: 5S1C,203,4/23/26 13:30,38.629,
Plot Title: 5S1C,204,4/23/26 13:45,38.44,
Plot Title: 5S1C,205,4/23/26 14:00,38.44,
Plot Title: 5S1C,206,4/23/26 14:15,38.25,
Plot Title: 5S1C,207,4/23/26 14:30,38.25,
Plot Title: 5S1C,208,4/23/26 14:45,38.25,
Plot Title: 5S1C,209,4/23/26 15:00,38.25,
Plot Title: 5S1C,210,4/23/26 15:15,38.25,
Plot Title: 5S1C,211,4/23/26 15:30,38.25,
Plot Title: 5S1C,212,4/23/26 15:45,38.25,
Plot Title: 5S1C,213,4/23/26 16:00,38.25,
Plot Title: 5S1C,214,4/23/26 16:15,38.061,
Plot Title: 5S1C,215,4/23/26 16:30,38.061,
Plot Title: 5S1C,216,4/23/26 16:45,38.25,
Plot Title: 5S1C,217,4/23/26 17:00,38.25,
Plot Title: 5S1C,218,4/23/26 17:15,38.25,
Plot Title: 5S1C,219,4/23/26 17:30,38.25,
Plot Title: 5S1C,220,4/23/26 17:45,38.061,
Plot Title: 5S1C,221,4/23/26 18:00,37.87,
Plot Title: 5S1C,222,4/23/26 18:15,37.679,
Plot Title: 5S1C,223,4/23/26 18:30,37.679,
Plot Title: 5S1C,224,4/23/26 18:45,37.679,
Plot Title: 5S1C,225,4/23/26 19:00,37.679,
Plot Title: 5S1C,226,4/23/26 19:15,37.488,
Plot Title: 5S1C,227,4/23/26 19:30,37.488,
Plot Title: 5S1C,228,4/23/26 19:45,37.488,
Plot Title: 5S1C,229,4/23/26 20:00,37.488,
Plot Title: 5S1C,230,4/23/26 20:15,37.488,
Plot Title: 5S1C,231,4/23/26 20:30,37.297,
Plot Title: 5S1C,232,4/23/26 20:45,37.297,
Plot Title: 5S1C,233,4/23/26 21:00,37.297,
Plot Title: 5S1C,234,4/23/26 21:15,37.297,
Plot Title: 5S1C,235,4/23/26 21:30,37.107,
Plot Title: 5S1C,236,4/23/26 21:45,37.107,
Plot Title: 5S1C,237,4/23/26 22:00,37.107,
Plot Title: 5S1C,238,4/23/26 22:15,37.107,
Plot Title: 5S1C,239,4/23/26 22:30,37.107,
Plot Title: 5S1C,240,4/23/26 22:45,37.107,
Plot Title: 5S1C,241,4/23/26 23:00,36.914,
Plot Title: 5S1C,242,4/23/26 23:15,36.914,
Plot Title: 5S1C,243,4/23/26 23:30,36.914,
Plot Title: 5S1C,244,4/23/26 23:45,36.914,
Plot Title: 5S1C,245,4/24/26 00:00,36.914,
Plot Title: 5S1C,246,4/24/26 00:15,36.723,
Plot Title: 5S1C,247,4/24/26 00:30,36.723,
Plot Title: 5S1C,248,4/24/26 00:45,36.723,
Plot Title: 5S1C,249,4/24/26 01:00,36.723,
Plot Title: 5S1C,250,4/24/26 01:15,36.531,
Plot Title: 5S1C,251,4/24/26 01:30,36.531,
Plot Title: 5S1C,252,4/24/26 01:45,36.531,
Plot Title: 5S1C,253,4/24/26 02:00,36.531,
Plot Title: 5S1C,254,4/24/26 02:15,36.531,
Plot Title: 5S1C,255,4/24/26 02:30,36.338,
Plot Title: 5S1C,256,4/24/26 02:45,36.338,
Plot Title: 5S1C,257,4/24/26 03:00,36.338,
Plot Title: 5S1C,258,4/24/26 03:15,36.338,
Plot Title: 5S1C,259,4/24/26 03:30,36.338,
Plot Title: 5S1C,260,4/24/26 03:45,36.338,
Plot Title: 5S1C,261,4/24/26 04:00,36.145,
Plot Title: 5S1C,262,4/24/26 04:15,36.145,
Plot Title: 5S1C,263,4/24/26 04:30,36.145,
Plot Title: 5S1C,264,4/24/26 04:45,36.145,
Plot Title: 5S1C,265,4/24/26 05:00,36.145,
Plot Title: 5S1C,266,4/24/26 05:15,36.145,
Plot Title: 5S1C,267,4/24/26 05:30,35.951,
Plot Title: 5S1C,268,4/24/26 05:45,35.951,
Plot Title: 5S1C,269,4/24/26 06:00,35.951,
Plot Title: 5S1C,270,4/24/26 06:15,35.951,
Plot Title: 5S1C,271,4/24/26 06:30,35.951,
Plot Title: 5S1C,272,4/24/26 06:45,35.758,
Plot Title: 5S1C,273,4/24/26 07:00,35.758,
Plot Title: 5S1C,274,4/24/26 07:15,35.758,
Plot Title: 5S1C,275,4/24/26 07:30,35.758,
Plot Title: 5S1C,276,4/24/26 07:45,35.758,
Plot Title: 5S1C,277,4/24/26 08:00,35.758,
Plot Title: 5S1C,278,4/24/26 08:15,35.758,
Plot Title: 5S1C,279,4/24/26 08:30,35.758,
Plot Title: 5S1C,280,4/24/26 08:45,35.758,
Plot Title: 5S1C,281,4/24/26 09:00,35.758,
Plot Title: 5S1C,282,4/24/26 09:15,35.758,
Plot Title: 5S1C,283,4/24/26 09:30,35.758,
Plot Title: 5S1C,284,4/24/26 09:45,35.951,
Plot Title: 5S1C,285,4/24/26 10:00,35.951,
Plot Title: 5S1C,286,4/24/26 10:15,35.951,
Plot Title: 5S1C,287,4/24/26 10:30,35.951,
Plot Title: 5S1C,288,4/24/26 10:45,35.951,
Plot Title: 5S1C,289,4/24/26 11:00,36.145,
Plot Title: 5S1C,290,4/24/26 11:15,36.145,
Plot Title: 5S1C,291,4/24/26 11:30,36.145,
Plot Title: 5S1C,292,4/24/26 11:45,36.338,
Plot Title: 5S1C,293,4/24/26 12:00,36.338,
Plot Title: 5S1C,294,4/24/26 12:15,36.338,
Plot Title: 5S1C,295,4/24/26 12:30,36.531,
Plot Title: 5S1C,296,4/24/26 12:45,36.531,
Plot Title: 5S1C,297,4/24/26 13:00,36.531,
Plot Title: 5S1C,298,4/24/26 13:15,36.723,
Plot Title: 5S1C,299,4/24/26 13:30,36.723,
Plot Title: 5S1C,300,4/24/26 13:45,36.723,
Plot Title: 5S1C,301,4/24/26 14:00,36.723,
Plot Title: 5S1C,302,4/24/26 14:15,36.723,
Plot Title: 5S1C,303,4/24/26 14:30,36.531,
Plot Title: 5S1C,304,4/24/26 14:45,36.723,
Plot Title: 5S1C,305,4/24/26 15:00,36.723,
Plot Title: 5S1C,306,4/24/26 15:15,36.723,
Plot Title: 5S1C,307,4/24/26 15:30,36.531,
Plot Title: 5S1C,308,4/24/26 15:45,36.531,
Plot Title: 5S1C,309,4/24/26 16:00,36.531,
Plot Title: 5S1C,310,4/24/26 16:15,36.531,
Plot Title: 5S1C,311,4/24/26 16:30,36.531,
Plot Title: 5S1C,312,4/24/26 16:45,36.531,
Plot Title: 5S1C,313,4/24/26 17:00,36.531,
Plot Title: 5S1C,314,4/24/26 17:15,36.531,
Plot Title: 5S1C,315,4/24/26 17:30,36.338,
Plot Title: 5S1C,316,4/24/26 17:45,36.531,
Plot Title: 5S1C,317,4/24/26 18:00,36.531,
Plot Title: 5S1C,318,4/24/26 18:15,36.338,
Plot Title: 5S1C,319,4/24/26 18:30,36.531,
Plot Title: 5S1C,320,4/24/26 18:45,36.338,
Plot Title: 5S1C,321,4/24/26 19:00,36.338,
Plot Title: 5S1C,322,4/24/26 19:15,36.338,
Plot Title: 5S1C,323,4/24/26 19:30,36.338,
Plot Title: 5S1C,324,4/24/26 19:45,36.145,
Plot Title: 5S1C,325,4/24/26 20:00,36.145,
Plot Title: 5S1C,326,4/24/26 20:15,35.951,
Plot Title: 5S1C,327,4/24/26 20:30,35.951,
Plot Title: 5S1C,328,4/24/26 20:45,35.758,
Plot Title: 5S1C,329,4/24/26 21:00,35.758,
Plot Title: 5S1C,330,4/24/26 21:15,35.758,
Plot Title: 5S1C,331,4/24/26 21:30,35.564,
Plot Title: 5S1C,332,4/24/26 21:45,35.564,
Plot Title: 5S1C,333,4/24/26 22:00,35.564,
Plot Title: 5S1C,334,4/24/26 22:15,35.564,
Plot Title: 5S1C,335,4/24/26 22:30,35.564,
Plot Title: 5S1C,336,4/24/26 22:45,35.564,
Plot Title: 5S1C,337,4/24/26 23:00,35.37,
Plot Title: 5S1C,338,4/24/26 23:15,35.37,
Plot Title: 5S1C,339,4/24/26 23:30,35.37,
Plot Title: 5S1C,340,4/24/26 23:45,35.37,
Plot Title: 5S1C,341,4/25/26 00:00,35.37,
Plot Title: 5S1C,342,4/25/26 00:15,35.37,
Plot Title: 5S1C,343,4/25/26 00:30,35.175,
Plot Title: 5S1C,344,4/25/26 00:45,35.175,
Plot Title: 5S1C,345,4/25/26 01:00,35.175,
Plot Title: 5S1C,346,4/25/26 01:15,35.175,
Plot Title: 5S1C,347,4/25/26 01:30,35.175,
Plot Title: 5S1C,348,4/25/26 01:45,35.175,
Plot Title: 5S1C,349,4/25/26 02:00,34.981,
Plot Title: 5S1C,350,4/25/26 02:15,34.981,
Plot Title: 5S1C,351,4/25/26 02:30,34.981,
Plot Title: 5S1C,352,4/25/26 02:45,34.981,
Plot Title: 5S1C,353,4/25/26 03:00,34.981,
Plot Title: 5S1C,354,4/25/26 03:15,34.981,
Plot Title: 5S1C,355,4/25/26 03:30,34.981,
Plot Title: 5S1C,356,4/25/26 03:45,34.786,
Plot Title: 5S1C,357,4/25/26 04:00,34.786,
Plot Title: 5S1C,358,4/25/26 04:15,34.786,
Plot Title: 5S1C,359,4/25/26 04:30,34.786,
Plot Title: 5S1C,360,4/25/26 04:45,34.786,
Plot Title: 5S1C,361,4/25/26 05:00,34.59,
Plot Title: 5S1C,362,4/25/26 05:15,34.59,
Plot Title: 5S1C,363,4/25/26 05:30,34.59,
Plot Title: 5S1C,364,4/25/26 05:45,34.59,
Plot Title: 5S1C,365,4/25/26 06:00,34.59,
Plot Title: 5S1C,366,4/25/26 06:15,34.59,
Plot Title: 5S1C,367,4/25/26 06:30,34.59,
Plot Title: 5S1C,368,4/25/26 06:45,34.59,
Plot Title: 5S1C,369,4/25/26 07:00,34.394,
Plot Title: 5S1C,370,4/25/26 07:15,34.394,
Plot Title: 5S1C,371,4/25/26 07:30,34.394,
Plot Title: 5S1C,372,4/25/26 07:45,34.394,
Plot Title: 5S1C,373,4/25/26 08:00,34.394,
Plot Title: 5S1C,374,4/25/26 08:15,34.394,
Plot Title: 5S1C,375,4/25/26 08:30,34.394,
Plot Title: 5S1C,376,4/25/26 08:45,34.394,
Plot Title: 5S1C,377,4/25/26 09:00,34.394,
Plot Title: 5S1C,378,4/25/26 09:15,34.394,
Plot Title: 5S1C,379,4/25/26 09:30,34.59,
Plot Title: 5S1C,380,4/25/26 09:45,34.59,
Plot Title: 5S1C,381,4/25/26 10:00,34.981,
Plot Title: 5S1C,382,4/25/26 10:15,35.37,
Plot Title: 5S1C,383,4/25/26 10:30,36.338,
Plot Title: 5S1C,384,4/25/26 10:45,36.723,
Plot Title: 5S1C,385,4/25/26 11:00,37.488,
Plot Title: 5S1C,386,4/25/26 11:15,40.321,
Plot Title: 5S1C,387,4/25/26 11:30,49.05,
Plot Title: 5S1C,388,4/25/26 11:45,53.623,
Plot Title: 5S1C,389,4/25/26 12:00,50.643,
Plot Title: 5S1C,390,4/25/26 12:15,48.339,
Plot Title: 5S1C,391,4/25/26 12:30,47.088,
Plot Title: 5S1C,392,4/25/26 12:45,46.188,
Plot Title: 5S1C,393,4/25/26 13:00,45.828,
Plot Title: 5S1C,394,4/25/26 13:15,45.286,
Plot Title: 5S1C,395,4/25/26 13:30,45.104,
Plot Title: 5S1C,396,4/25/26 13:45,44.56,
Plot Title: 5S1C,397,4/25/26 14:00,44.013,
Plot Title: 5S1C,398,4/25/26 14:15,44.013,
Plot Title: 5S1C,399,4/25/26 14:30,44.013,
Plot Title: 5S1C,400,4/25/26 14:45,44.56,
Plot Title: 5S1C,401,4/25/26 15:00,45.104,
Plot Title: 5S1C,402,4/25/26 15:15,45.104,
Plot Title: 5S1C,403,4/25/26 15:30,44.56,
Plot Title: 5S1C,404,4/25/26 15:45,43.648,
Plot Title: 5S1C,405,4/25/26 16:00,43.648,
Plot Title: 5S1C,406,4/25/26 16:15,43.648,
Plot Title: 5S1C,407,4/25/26 16:30,43.648,
Plot Title: 5S1C,408,4/25/26 16:45,43.282,
Plot Title: 5S1C,409,4/25/26 17:00,42.732,
Plot Title: 5S1C,410,4/25/26 17:15,42.732,
Plot Title: 5S1C,411,4/25/26 17:30,42.732,
Plot Title: 5S1C,412,4/25/26 17:45,42.363,
Plot Title: 5S1C,413,4/25/26 18:00,41.994,
Plot Title: 5S1C,414,4/25/26 18:15,41.439,
Plot Title: 5S1C,415,4/25/26 18:30,40.881,
Plot Title: 5S1C,416,4/25/26 18:45,40.509,
Plot Title: 5S1C,417,4/25/26 19:00,40.134,
Plot Title: 5S1C,418,4/25/26 19:15,39.573,
Plot Title: 5S1C,419,4/25/26 19:30,39.196,
Plot Title: 5S1C,420,4/25/26 19:45,38.818,
Plot Title: 5S1C,421,4/25/26 20:00,38.25,
Plot Title: 5S1C,422,4/25/26 20:15,37.87,
Plot Title: 5S1C,423,4/25/26 20:30,37.488,
Plot Title: 5S1C,424,4/25/26 20:45,37.107,
Plot Title: 5S1C,425,4/25/26 21:00,36.914,
Plot Title: 5S1C,426,4/25/26 21:15,36.723,
Plot Title: 5S1C,427,4/25/26 21:30,36.723,
Plot Title: 5S1C,428,4/25/26 21:45,36.531,
Plot Title: 5S1C,429,4/25/26 22:00,36.338,
Plot Title: 5S1C,430,4/25/26 22:15,36.145,
Plot Title: 5S1C,431,4/25/26 22:30,35.951,
Plot Title: 5S1C,432,4/25/26 22:45,35.758,
Plot Title: 5S1C,433,4/25/26 23:00,35.564,
Plot Title: 5S1C,434,4/25/26 23:15,35.564,
Plot Title: 5S1C,435,4/25/26 23:30,35.37,
Plot Title: 5S1C,436,4/25/26 23:45,35.175,
Plot Title: 5S1C,437,4/26/26 00:00,35.175,
Plot Title: 5S1C,438,4/26/26 00:15,34.981,
Plot Title: 5S1C,439,4/26/26 00:30,34.786,
Plot Title: 5S1C,440,4/26/26 00:45,34.786,
Plot Title: 5S1C,441,4/26/26 01:00,34.59,
Plot Title: 5S1C,442,4/26/26 01:15,34.59,
Plot Title: 5S1C,443,4/26/26 01:30,34.394,
Plot Title: 5S1C,444,4/26/26 01:45,34.394,
Plot Title: 5S1C,445,4/26/26 02:00,34.394,
Plot Title: 5S1C,446,4/26/26 02:15,34.198,
Plot Title: 5S1C,447,4/26/26 02:30,34.198,
Plot Title: 5S1C,448,4/26/26 02:45,34.002,
Plot Title: 5S1C,449,4/26/26 03:00,34.002,
Plot Title: 5S1C,450,4/26/26 03:15,33.805,
Plot Title: 5S1C,451,4/26/26 03:30,33.805,
Plot Title: 5S1C,452,4/26/26 03:45,33.607,
Plot Title: 5S1C,453,4/26/26 04:00,33.607,
Plot Title: 5S1C,454,4/26/26 04:15,33.411,
Plot Title: 5S1C,455,4/26/26 04:30,33.213,
Plot Title: 5S1C,456,4/26/26 04:45,33.213,
Plot Title: 5S1C,457,4/26/26 05:00,33.013,
Plot Title: 5S1C,458,4/26/26 05:15,33.013,
Plot Title: 5S1C,459,4/26/26 05:30,32.815,
Plot Title: 5S1C,460,4/26/26 05:45,32.617,
Plot Title: 5S1C,461,4/26/26 06:00,32.617,
Plot Title: 5S1C,462,4/26/26 06:15,32.418,
Plot Title: 5S1C,463,4/26/26 06:30,32.218,
Plot Title: 5S1C,464,4/26/26 06:45,32.218,
Plot Title: 5S1C,465,4/26/26 07:00,32.218,
Plot Title: 5S1C,466,4/26/26 07:15,32.218,
Plot Title: 5S1C,467,4/26/26 07:30,32.218,
Plot Title: 5S1C,468,4/26/26 07:45,32.418,
Plot Title: 5S1C,469,4/26/26 08:00,32.617,
Plot Title: 5S1C,470,4/26/26 08:15,32.815,
Plot Title: 5S1C,471,4/26/26 08:30,32.815,
Plot Title: 5S1C,472,4/26/26 08:45,33.013,
Plot Title: 5S1C,473,4/26/26 09:00,33.013,
Plot Title: 5S1C,474,4/26/26 09:15,33.213,
Plot Title: 5S1C,475,4/26/26 09:30,33.213,
Plot Title: 5S1C,476,4/26/26 09:45,33.213,
Plot Title: 5S1C,477,4/26/26 10:00,33.213,
Plot Title: 5S1C,478,4/26/26 10:15,33.411,
Plot Title: 5S1C,479,4/26/26 10:30,33.411,
Plot Title: 5S1C,480,4/26/26 10:45,33.411,
Plot Title: 5S1C,481,4/26/26 11:00,33.411,
Plot Title: 5S1C,482,4/26/26 11:15,33.411,
Plot Title: 5S1C,483,4/26/26 11:30,33.607,
Plot Title: 5S1C,484,4/26/26 11:45,33.607,
Plot Title: 5S1C,485,4/26/26 12:00,33.607,
Plot Title: 5S1C,486,4/26/26 12:15,33.607,
Plot Title: 5S1C,487,4/26/26 12:30,33.607,
Plot Title: 5S1C,488,4/26/26 12:45,33.805,
Plot Title: 5S1C,489,4/26/26 13:00,34.002,
Plot Title: 5S1C,490,4/26/26 13:15,34.198,
Plot Title: 5S1C,491,4/26/26 13:30,34.198,
Plot Title: 5S1C,492,4/26/26 13:45,34.59,
Plot Title: 5S1C,493,4/26/26 14:00,34.786,
Plot Title: 5S1C,494,4/26/26 14:15,35.175,
Plot Title: 5S1C,495,4/26/26 14:30,35.758,
Plot Title: 5S1C,496,4/26/26 14:45,35.951,
Plot Title: 5S1C,497,4/26/26 15:00,36.531,
Plot Title: 5S1C,498,4/26/26 15:15,36.914,
Plot Title: 5S1C,499,4/26/26 15:30,37.107,
Plot Title: 5S1C,500,4/26/26 15:45,37.107,
Plot Title: 5S1C,501,4/26/26 16:00,37.107,
Plot Title: 5S1C,502,4/26/26 16:15,37.107,
Plot Title: 5S1C,503,4/26/26 16:30,37.107,
Plot Title: 5S1C,504,4/26/26 16:45,37.107,
Plot Title: 5S1C,505,4/26/26 17:00,37.107,
Plot Title: 5S1C,506,4/26/26 17:15,36.723,
Plot Title: 5S1C,507,4/26/26 17:30,36.531,
Plot Title: 5S1C,508,4/26/26 17:45,36.531,
Plot Title: 5S1C,509,4/26/26 18:00,36.531,
Plot Title: 5S1C,510,4/26/26 18:15,36.914,
Plot Title: 5S1C,511,4/26/26 18:30,36.914,
Plot Title: 5S1C,512,4/26/26 18:45,36.531,
Plot Title: 5S1C,513,4/26/26 19:00,36.338,
Plot Title: 5S1C,514,4/26/26 19:15,35.951,
Plot Title: 5S1C,515,4/26/26 19:30,35.758,
Plot Title: 5S1C,516,4/26/26 19:45,35.564,
Plot Title: 5S1C,517,4/26/26 20:00,35.37,
Plot Title: 5S1C,518,4/26/26 20:15,35.175,
Plot Title: 5S1C,519,4/26/26 20:30,34.981,
Plot Title: 5S1C,520,4/26/26 20:45,34.786,
Plot Title: 5S1C,521,4/26/26 21:00,34.786,
Plot Title: 5S1C,522,4/26/26 21:15,34.59,
Plot Title: 5S1C,523,4/26/26 21:30,34.59,
Plot Title: 5S1C,524,4/26/26 21:45,34.394,
Plot Title: 5S1C,525,4/26/26 22:00,34.394,
Plot Title: 5S1C,526,4/26/26 22:15,34.198,
Plot Title: 5S1C,527,4/26/26 22:30,34.198,
Plot Title: 5S1C,528,4/26/26 22:45,34.198,
Plot Title: 5S1C,529,4/26/26 23:00,34.198,
Plot Title: 5S1C,530,4/26/26 23:15,34.002,
Plot Title: 5S1C,531,4/26/26 23:30,34.002,
Plot Title: 5S1C,532,4/26/26 23:45,34.002,
Plot Title: 5S1C,533,4/27/26 00:00,34.002,
Plot Title: 5S1C,534,4/27/26 00:15,33.805,
Plot Title: 5S1C,535,4/27/26 00:30,33.805,
Plot Title: 5S1C,536,4/27/26 00:45,33.805,
Plot Title: 5S1C,537,4/27/26 01:00,33.607,
Plot Title: 5S1C,538,4/27/26 01:15,33.607,
Plot Title: 5S1C,539,4/27/26 01:30,33.607,
Plot Title: 5S1C,540,4/27/26 01:45,33.607,
Plot Title: 5S1C,541,4/27/26 02:00,33.607,
Plot Title: 5S1C,542,4/27/26 02:15,33.411,
Plot Title: 5S1C,543,4/27/26 02:30,33.411,
Plot Title: 5S1C,544,4/27/26 02:45,33.411,
Plot Title: 5S1C,545,4/27/26 03:00,33.411,
Plot Title: 5S1C,546,4/27/26 03:15,33.213,
Plot Title: 5S1C,547,4/27/26 03:30,33.213,
Plot Title: 5S1C,548,4/27/26 03:45,33.213,
Plot Title: 5S1C,549,4/27/26 04:00,33.213,
Plot Title: 5S1C,550,4/27/26 04:15,33.213,
Plot Title: 5S1C,551,4/27/26 04:30,33.013,
Plot Title: 5S1C,552,4/27/26 04:45,33.013,
Plot Title: 5S1C,553,4/27/26 05:00,33.013,
Plot Title: 5S1C,554,4/27/26 05:15,32.815,
Plot Title: 5S1C,555,4/27/26 05:30,32.815,
Plot Title: 5S1C,556,4/27/26 05:45,32.815,
Plot Title: 5S1C,557,4/27/26 06:00,32.617,
Plot Title: 5S1C,558,4/27/26 06:15,32.617,
Plot Title: 5S1C,559,4/27/26 06:30,32.617,
Plot Title: 5S1C,560,4/27/26 06:45,32.418,
Plot Title: 5S1C,561,4/27/26 07:00,32.418,
Plot Title: 5S1C,562,4/27/26 07:15,32.418,
Plot Title: 5S1C,563,4/27/26 07:30,32.418,
Plot Title: 5S1C,564,4/27/26 07:45,32.418,
Plot Title: 5S1C,565,4/27/26 08:00,32.617,
Plot Title: 5S1C,566,4/27/26 08:15,32.617,
Plot Title: 5S1C,567,4/27/26 08:30,32.617,
Plot Title: 5S1C,568,4/27/26 08:45,32.815,
Plot Title: 5S1C,569,4/27/26 09:00,32.815,
Plot Title: 5S1C,570,4/27/26 09:15,33.013,
Plot Title: 5S1C,571,4/27/26 09:30,33.013,
Plot Title: 5S1C,572,4/27/26 09:45,33.013,
Plot Title: 5S1C,573,4/27/26 10:00,33.013,
Plot Title: 5S1C,574,4/27/26 10:15,33.013,
Plot Title: 5S1C,575,4/27/26 10:30,33.013,
Plot Title: 5S1C,576,4/27/26 10:45,33.213,
Plot Title: 5S1C,577,4/27/26 11:00,33.213,
Plot Title: 5S1C,578,4/27/26 11:15,33.213,
Plot Title: 5S1C,579,4/27/26 11:30,33.607,
Plot Title: 5S1C,580,4/27/26 11:45,33.805,
Plot Title: 5S1C,581,4/27/26 12:00,34.394,
Plot Title: 5S1C,582,4/27/26 12:15,34.981,
Plot Title: 5S1C,583,4/27/26 12:30,35.951,
Plot Title: 5S1C,584,4/27/26 12:45,37.87,
Plot Title: 5S1C,585,4/27/26 13:00,39.196,
Plot Title: 5S1C,586,4/27/26 13:15,39.196,
Plot Title: 5S1C,587,4/27/26 13:30,39.384,
Plot Title: 5S1C,588,4/27/26 13:45,39.573,
Plot Title: 5S1C,589,4/27/26 14:00,39.76,
Plot Title: 5S1C,590,4/27/26 14:15,40.696,
Plot Title: 5S1C,591,4/27/26 14:30,40.881,
Plot Title: 5S1C,592,4/27/26 14:45,40.881,
Plot Title: 5S1C,593,4/27/26 15:00,41.439,
Plot Title: 5S1C,594,4/27/26 15:15,41.81,
Plot Title: 5S1C,595,4/27/26 15:30,42.179,
Plot Title: 5S1C,596,4/27/26 15:45,42.548,
Plot Title: 5S1C,597,4/27/26 16:00,42.915,
Plot Title: 5S1C,598,4/27/26 16:15,42.732,
Plot Title: 5S1C,599,4/27/26 16:30,42.548,
Plot Title: 5S1C,600,4/27/26 16:45,42.179,
Plot Title: 5S1C,601,4/27/26 17:00,41.81,
Plot Title: 5S1C,602,4/27/26 17:15,41.625,
Plot Title: 5S1C,603,4/27/26 17:30,41.625,
Plot Title: 5S1C,604,4/27/26 17:45,40.696,
Plot Title: 5S1C,605,4/27/26 18:00,40.134,
Plot Title: 5S1C,606,4/27/26 18:15,39.573,
Plot Title: 5S1C,607,4/27/26 18:30,39.384,
Plot Title: 5S1C,608,4/27/26 18:45,39.196,
Plot Title: 5S1C,609,4/27/26 19:00,38.818,
Plot Title: 5S1C,610,4/27/26 19:15,38.44,
Plot Title: 5S1C,611,4/27/26 19:30,38.061,
Plot Title: 5S1C,612,4/27/26 19:45,37.297,
Plot Title: 5S1C,613,4/27/26 20:00,36.723,
Plot Title: 5S1C,614,4/27/26 20:15,36.338,
Plot Title: 5S1C,615,4/27/26 20:30,36.145,
Plot Title: 5S1C,616,4/27/26 20:45,35.951,
Plot Title: 5S1C,617,4/27/26 21:00,35.758,
Plot Title: 5S1C,618,4/27/26 21:15,35.564,
Plot Title: 5S1C,619,4/27/26 21:30,35.37,
Plot Title: 5S1C,620,4/27/26 21:45,35.37,
Plot Title: 5S1C,621,4/27/26 22:00,35.175,
Plot Title: 5S1C,622,4/27/26 22:15,34.981,
Plot Title: 5S1C,623,4/27/26 22:30,34.981,
Plot Title: 5S1C,624,4/27/26 22:45,34.786,
Plot Title: 5S1C,625,4/27/26 23:00,34.59,
Plot Title: 5S1C,626,4/27/26 23:15,34.59,
Plot Title: 5S1C,627,4/27/26 23:30,34.394,
Plot Title: 5S1C,628,4/27/26 23:45,34.394,
Plot Title: 5S1C,629,4/28/26 00:00,34.198,
Plot Title: 5S1C,630,4/28/26 00:15,34.198,
Plot Title: 5S1C,631,4/28/26 00:30,34.198,
Plot Title: 5S1C,632,4/28/26 00:45,34.002,
Plot Title: 5S1C,633,4/28/26 01:00,34.002,
Plot Title: 5S1C,634,4/28/26 01:15,33.805,
Plot Title: 5S1C,635,4/28/26 01:30,33.805,
Plot Title: 5S1C,636,4/28/26 01:45,33.805,
Plot Title: 5S1C,637,4/28/26 02:00,33.607,
Plot Title: 5S1C,638,4/28/26 02:15,33.607,
Plot Title: 5S1C,639,4/28/26 02:30,33.607,
Plot Title: 5S1C,640,4/28/26 02:45,33.411,
Plot Title: 5S1C,641,4/28/26 03:00,33.411,
Plot Title: 5S1C,642,4/28/26 03:15,33.411,
Plot Title: 5S1C,643,4/28/26 03:30,33.213,
Plot Title: 5S1C,644,4/28/26 03:45,33.213,
Plot Title: 5S1C,645,4/28/26 04:00,33.013,
Plot Title: 5S1C,646,4/28/26 04:15,33.013,
Plot Title: 5S1C,647,4/28/26 04:30,33.013,
Plot Title: 5S1C,648,4/28/26 04:45,33.013,
Plot Title: 5S1C,649,4/28/26 05:00,32.815,
Plot Title: 5S1C,650,4/28/26 05:15,32.815,
Plot Title: 5S1C,651,4/28/26 05:30,32.815,
Plot Title: 5S1C,652,4/28/26 05:45,32.815,
Plot Title: 5S1C,653,4/28/26 06:00,32.815,
Plot Title: 5S1C,654,4/28/26 06:15,32.815,
Plot Title: 5S1C,655,4/28/26 06:30,32.815,
Plot Title: 5S1C,656,4/28/26 06:45,32.815,
Plot Title: 5S1C,657,4/28/26 07:00,32.617,
Plot Title: 5S1C,658,4/28/26 07:15,32.815,
Plot Title: 5S1C,659,4/28/26 07:30,32.815,
Plot Title: 5S1C,660,4/28/26 07:45,32.815,
Plot Title: 5S1C,661,4/28/26 08:00,32.815,
Plot Title: 5S1C,662,4/28/26 08:15,32.815,
Plot Title: 5S1C,663,4/28/26 08:30,33.013,
Plot Title: 5S1C,664,4/28/26 08:45,33.013,
Plot Title: 5S1C,665,4/28/26 09:00,33.013,
Plot Title: 5S1C,666,4/28/26 09:15,33.013,
Plot Title: 5S1C,667,4/28/26 09:30,33.213,
Plot Title: 5S1C,668,4/28/26 09:45,33.411,
Plot Title: 5S1C,669,4/28/26 10:00,33.607,
Plot Title: 5S1C,670,4/28/26 10:15,34.394,
Plot Title: 5S1C,671,4/28/26 10:30,35.175,
Plot Title: 5S1C,672,4/28/26 10:45,35.564,
Plot Title: 5S1C,673,4/28/26 11:00,36.531,
Plot Title: 5S1C,674,4/28/26 11:15,38.629,
Plot Title: 5S1C,675,4/28/26 11:30,40.696,
Plot Title: 5S1C,676,4/28/26 11:45,40.881,
Plot Title: 5S1C,677,4/28/26 12:00,41.439,
Plot Title: 5S1C,678,4/28/26 12:15,41.81,
Plot Title: 5S1C,679,4/28/26 12:30,41.994,
Plot Title: 5S1C,680,4/28/26 12:45,41.81,
Plot Title: 5S1C,681,4/28/26 13:00,41.625,
Plot Title: 5S1C,682,4/28/26 13:15,42.548,
Plot Title: 5S1C,683,4/28/26 13:30,42.915,
Plot Title: 5S1C,684,4/28/26 13:45,42.915,
Plot Title: 5S1C,685,4/28/26 14:00,42.732,
Plot Title: 5S1C,686,4/28/26 14:15,42.915,
Plot Title: 5S1C,687,4/28/26 14:30,42.363,
Plot Title: 5S1C,688,4/28/26 14:45,43.466,
Plot Title: 5S1C,689,4/28/26 15:00,43.466,
Plot Title: 5S1C,690,4/28/26 15:15,43.099,
Plot Title: 5S1C,691,4/28/26 15:30,43.099,
Plot Title: 5S1C,692,4/28/26 15:45,42.732,
Plot Title: 5S1C,693,4/28/26 16:00,42.179,
Plot Title: 5S1C,694,4/28/26 16:15,41.625,
Plot Title: 5S1C,695,4/28/26 16:30,41.994,
Plot Title: 5S1C,696,4/28/26 16:45,42.732,
Plot Title: 5S1C,697,4/28/26 17:00,42.732,
Plot Title: 5S1C,698,4/28/26 17:15,42.363,
Plot Title: 5S1C,699,4/28/26 17:30,42.548,
Plot Title: 5S1C,700,4/28/26 17:45,42.363,
Plot Title: 5S1C,701,4/28/26 18:00,41.625,
Plot Title: 5S1C,702,4/28/26 18:15,41.067,
Plot Title: 5S1C,703,4/28/26 18:30,40.696,
Plot Title: 5S1C,704,4/28/26 18:45,40.134,
Plot Title: 5S1C,705,4/28/26 19:00,39.573,
Plot Title: 5S1C,706,4/28/26 19:15,38.818,
Plot Title: 5S1C,707,4/28/26 19:30,38.44,
Plot Title: 5S1C,708,4/28/26 19:45,38.25,
Plot Title: 5S1C,709,4/28/26 20:00,37.679,
Plot Title: 5S1C,710,4/28/26 20:15,37.297,
Plot Title: 5S1C,711,4/28/26 20:30,37.107,
Plot Title: 5S1C,712,4/28/26 20:45,36.723,
Plot Title: 5S1C,713,4/28/26 21:00,36.531,
Plot Title: 5S1C,714,4/28/26 21:15,36.338,
Plot Title: 5S1C,715,4/28/26 21:30,36.145,
Plot Title: 5S1C,716,4/28/26 21:45,36.145,
Plot Title: 5S1C,717,4/28/26 22:00,36.145,
Plot Title: 5S1C,718,4/28/26 22:15,35.951,
Plot Title: 5S1C,719,4/28/26 22:30,35.951,
Plot Title: 5S1C,720,4/28/26 22:45,35.758,
Plot Title: 5S1C,721,4/28/26 23:00,35.758,
Plot Title: 5S1C,722,4/28/26 23:15,35.758,
Plot Title: 5S1C,723,4/28/26 23:30,35.758,
Plot Title: 5S1C,724,4/28/26 23:45,35.758,
Plot Title: 5S1C,725,4/29/26 00:00,35.564,
Plot Title: 5S1C,726,4/29/26 00:15,35.564,
Plot Title: 5S1C,727,4/29/26 00:30,35.37,
Plot Title: 5S1C,728,4/29/26 00:45,35.37,
Plot Title: 5S1C,729,4/29/26 01:00,35.175,
Plot Title: 5S1C,730,4/29/26 01:15,35.175,
Plot Title: 5S1C,731,4/29/26 01:30,35.175,
Plot Title: 5S1C,732,4/29/26 01:45,34.981,
Plot Title: 5S1C,733,4/29/26 02:00,34.981,
Plot Title: 5S1C,734,4/29/26 02:15,34.981,
Plot Title: 5S1C,735,4/29/26 02:30,34.786,
Plot Title: 5S1C,736,4/29/26 02:45,34.786,
Plot Title: 5S1C,737,4/29/26 03:00,34.786,
Plot Title: 5S1C,738,4/29/26 03:15,34.59,
Plot Title: 5S1C,739,4/29/26 03:30,34.59,
Plot Title: 5S1C,740,4/29/26 03:45,34.59,
Plot Title: 5S1C,741,4/29/26 04:00,34.394,
Plot Title: 5S1C,742,4/29/26 04:15,34.394,
Plot Title: 5S1C,743,4/29/26 04:30,34.394,
Plot Title: 5S1C,744,4/29/26 04:45,34.394,
Plot Title: 5S1C,745,4/29/26 05:00,34.198,
Plot Title: 5S1C,746,4/29/26 05:15,34.198,
Plot Title: 5S1C,747,4/29/26 05:30,34.198,
Plot Title: 5S1C,748,4/29/26 05:45,34.198,
Plot Title: 5S1C,749,4/29/26 06:00,34.198,
Plot Title: 5S1C,750,4/29/26 06:15,34.198,
Plot Title: 5S1C,751,4/29/26 06:30,34.198,
Plot Title: 5S1C,752,4/29/26 06:45,34.002,
Plot Title: 5S1C,753,4/29/26 07:00,34.198,
Plot Title: 5S1C,754,4/29/26 07:15,34.198,
Plot Title: 5S1C,755,4/29/26 07:30,34.198,
Plot Title: 5S1C,756,4/29/26 07:45,34.198,
Plot Title: 5S1C,757,4/29/26 08:00,34.198,
Plot Title: 5S1C,758,4/29/26 08:15,34.198,
Plot Title: 5S1C,759,4/29/26 08:30,34.198,
Plot Title: 5S1C,760,4/29/26 08:45,34.198,
Plot Title: 5S1C,761,4/29/26 09:00,34.394,
Plot Title: 5S1C,762,4/29/26 09:15,34.394,
Plot Title: 5S1C,763,4/29/26 09:30,34.786,
Plot Title: 5S1C,764,4/29/26 09:45,34.981,
Plot Title: 5S1C,765,4/29/26 10:00,35.564,
Plot Title: 5S1C,766,4/29/26 10:15,36.338,
Plot Title: 5S1C,767,4/29/26 10:30,37.107,
Plot Title: 5S1C,768,4/29/26 10:45,39.384,
Plot Title: 5S1C,769,4/29/26 11:00,40.509,
Plot Title: 5S1C,770,4/29/26 11:15,40.696,
Plot Title: 5S1C,771,4/29/26 11:30,41.439,
Plot Title: 5S1C,772,4/29/26 11:45,43.099,
Plot Title: 5S1C,773,4/29/26 12:00,44.379,
Plot Title: 5S1C,774,4/29/26 12:15,43.099,
Plot Title: 5S1C,775,4/29/26 12:30,42.732,
Plot Title: 5S1C,776,4/29/26 12:45,43.099,
Plot Title: 5S1C,777,4/29/26 13:00,43.648,
Plot Title: 5S1C,778,4/29/26 13:15,43.831,
Plot Title: 5S1C,779,4/29/26 13:30,43.099,
Plot Title: 5S1C,780,4/29/26 13:45,43.099,
Plot Title: 5S1C,781,4/29/26 14:00,44.379,
Plot Title: 5S1C,782,4/29/26 14:15,44.56,
Plot Title: 5S1C,783,4/29/26 14:30,44.742,
Plot Title: 5S1C,784,4/29/26 14:45,44.379,
Plot Title: 5S1C,785,4/29/26 15:00,43.099,
Plot Title: 5S1C,786,4/29/26 15:15,43.099,
Plot Title: 5S1C,787,4/29/26 15:30,43.648,
Plot Title: 5S1C,788,4/29/26 15:45,43.831,
Plot Title: 5S1C,789,4/29/26 16:00,43.648,
Plot Title: 5S1C,790,4/29/26 16:15,43.282,
Plot Title: 5S1C,791,4/29/26 16:30,43.282,
Plot Title: 5S1C,792,4/29/26 16:45,43.648,
Plot Title: 5S1C,793,4/29/26 17:00,43.466,
Plot Title: 5S1C,794,4/29/26 17:15,43.099,
Plot Title: 5S1C,795,4/29/26 17:30,43.282,
Plot Title: 5S1C,796,4/29/26 17:45,43.282,
Plot Title: 5S1C,797,4/29/26 18:00,43.099,
Plot Title: 5S1C,798,4/29/26 18:15,42.548,
Plot Title: 5S1C,799,4/29/26 18:30,41.81,
Plot Title: 5S1C,800,4/29/26 18:45,41.067,
Plot Title: 5S1C,801,4/29/26 19:00,40.321,
Plot Title: 5S1C,802,4/29/26 19:15,39.76,
Plot Title: 5S1C,803,4/29/26 19:30,39.384,
Plot Title: 5S1C,804,4/29/26 19:45,39.007,
Plot Title: 5S1C,805,4/29/26 20:00,38.25,
Plot Title: 5S1C,806,4/29/26 20:15,37.87,
Plot Title: 5S1C,807,4/29/26 20:30,37.488,
Plot Title: 5S1C,808,4/29/26 20:45,37.297,
Plot Title: 5S1C,809,4/29/26 21:00,36.914,
Plot Title: 5S1C,810,4/29/26 21:15,36.723,
Plot Title: 5S1C,811,4/29/26 21:30,36.531,
Plot Title: 5S1C,812,4/29/26 21:45,36.338,
Plot Title: 5S1C,813,4/29/26 22:00,36.145,
Plot Title: 5S1C,814,4/29/26 22:15,36.145,
Plot Title: 5S1C,815,4/29/26 22:30,35.951,
Plot Title: 5S1C,816,4/29/26 22:45,35.951,
Plot Title: 5S1C,817,4/29/26 23:00,35.758,
Plot Title: 5S1C,818,4/29/26 23:15,35.758,
Plot Title: 5S1C,819,4/29/26 23:30,35.564,
Plot Title: 5S1C,820,4/29/26 23:45,35.37,
Plot Title: 5S1C,821,4/30/26 00:00,35.37,
Plot Title: 5S1C,822,4/30/26 00:15,35.175,
Plot Title: 5S1C,823,4/30/26 00:30,35.175,
Plot Title: 5S1C,824,4/30/26 00:45,35.175,
Plot Title: 5S1C,825,4/30/26 01:00,34.981,
Plot Title: 5S1C,826,4/30/26 01:15,34.981,
Plot Title: 5S1C,827,4/30/26 01:30,34.786,
Plot Title: 5S1C,828,4/30/26 01:45,34.786,
Plot Title: 5S1C,829,4/30/26 02:00,34.59,
Plot Title: 5S1C,830,4/30/26 02:15,34.59,
Plot Title: 5S1C,831,4/30/26 02:30,34.59,
Plot Title: 5S1C,832,4/30/26 02:45,34.394,
Plot Title: 5S1C,833,4/30/26 03:00,34.394,
Plot Title: 5S1C,834,4/30/26 03:15,34.394,
Plot Title: 5S1C,835,4/30/26 03:30,34.198,
Plot Title: 5S1C,836,4/30/26 03:45,34.198,
Plot Title: 5S1C,837,4/30/26 04:00,34.198,
Plot Title: 5S1C,838,4/30/26 04:15,34.002,
Plot Title: 5S1C,839,4/30/26 04:30,34.002,
Plot Title: 5S1C,840,4/30/26 04:45,34.002,
Plot Title: 5S1C,841,4/30/26 05:00,34.002,
Plot Title: 5S1C,842,4/30/26 05:15,34.002,
Plot Title: 5S1C,843,4/30/26 05:30,34.002,
Plot Title: 5S1C,844,4/30/26 05:45,34.002,
Plot Title: 5S1C,845,4/30/26 06:00,33.805,
Plot Title: 5S1C,846,4/30/26 06:15,33.805,
Plot Title: 5S1C,847,4/30/26 06:30,33.805,
Plot Title: 5S1C,848,4/30/26 06:45,33.805,
Plot Title: 5S1C,849,4/30/26 07:00,33.805,
Plot Title: 5S1C,850,4/30/26 07:15,33.805,
Plot Title: 5S1C,851,4/30/26 07:30,33.805,
Plot Title: 5S1C,852,4/30/26 07:45,33.805,
Plot Title: 5S1C,853,4/30/26 08:00,33.805,
Plot Title: 5S1C,854,4/30/26 08:15,33.805,
Plot Title: 5S1C,855,4/30/26 08:30,33.805,
Plot Title: 5S1C,856,4/30/26 08:45,33.805,
Plot Title: 5S1C,857,4/30/26 09:00,34.002,
Plot Title: 5S1C,858,4/30/26 09:15,34.002,
Plot Title: 5S1C,859,4/30/26 09:30,34.198,
Plot Title: 5S1C,860,4/30/26 09:45,35.175,
Plot Title: 5S1C,861,4/30/26 10:00,39.573,
Plot Title: 5S1C,862,4/30/26 10:15,40.881,
Plot Title: 5S1C,863,4/30/26 10:30,47.624,
Plot Title: 5S1C,864,4/30/26 10:45,47.446,
Plot Title: 5S1C,865,4/30/26 11:00,45.286,
Plot Title: 5S1C,866,4/30/26 11:15,46.908,
Plot Title: 5S1C,867,4/30/26 11:30,48.871,
Plot Title: 5S1C,868,4/30/26 11:45,49.937,
Plot Title: 5S1C,869,4/30/26 12:00,48.517,
Plot Title: 5S1C,870,4/30/26 12:15,47.982,
Plot Title: 5S1C,871,4/30/26 12:30,46.728,
Plot Title: 5S1C,872,4/30/26 12:45,46.008,
Plot Title: 5S1C,873,4/30/26 13:00,46.008,
Plot Title: 5S1C,874,4/30/26 13:15,45.648,
Plot Title: 5S1C,875,4/30/26 13:30,46.008,
Plot Title: 5S1C,876,4/30/26 13:45,45.466,
Plot Title: 5S1C,877,4/30/26 14:00,45.286,
Plot Title: 5S1C,878,4/30/26 14:15,45.466,
Plot Title: 5S1C,879,4/30/26 14:30,45.286,
Plot Title: 5S1C,880,4/30/26 14:45,46.369,
Plot Title: 5S1C,881,4/30/26 15:00,46.369,
Plot Title: 5S1C,882,4/30/26 15:15,45.648,
Plot Title: 5S1C,883,4/30/26 15:30,45.286,
Plot Title: 5S1C,884,4/30/26 15:45,45.466,
Plot Title: 5S1C,885,4/30/26 16:00,45.104,
Plot Title: 5S1C,886,4/30/26 16:15,44.379,
Plot Title: 5S1C,887,4/30/26 16:30,44.56,
Plot Title: 5S1C,888,4/30/26 16:45,45.648,
Plot Title: 5S1C,889,4/30/26 17:00,45.648,
Plot Title: 5S1C,890,4/30/26 17:15,45.648,
Plot Title: 5S1C,891,4/30/26 17:30,45.104,
Plot Title: 5S1C,892,4/30/26 17:45,44.742,
Plot Title: 5S1C,893,4/30/26 18:00,44.56,
Plot Title: 5S1C,894,4/30/26 18:15,44.013,
Plot Title: 5S1C,895,4/30/26 18:30,43.648,
Plot Title: 5S1C,896,4/30/26 18:45,43.466,
Plot Title: 5S1C,897,4/30/26 19:00,43.466,
Plot Title: 5S1C,898,4/30/26 19:15,43.282,
Plot Title: 5S1C,899,4/30/26 19:30,43.099,
Plot Title: 5S1C,900,4/30/26 19:45,42.548,
Plot Title: 5S1C,901,4/30/26 20:00,41.625,
Plot Title: 5S1C,902,4/30/26 20:15,40.881,
Plot Title: 5S1C,903,4/30/26 20:30,40.134,
Plot Title: 5S1C,904,4/30/26 20:45,39.573,
Plot Title: 5S1C,905,4/30/26 21:00,39.196,
Plot Title: 5S1C,906,4/30/26 21:15,38.629,
Plot Title: 5S1C,907,4/30/26 21:30,38.25,
Plot Title: 5S1C,908,4/30/26 21:45,37.87,
Plot Title: 5S1C,909,4/30/26 22:00,37.488,
Plot Title: 5S1C,910,4/30/26 22:15,37.107,
Plot Title: 5S1C,911,4/30/26 22:30,36.914,
Plot Title: 5S1C,912,4/30/26 22:45,36.723,
Plot Title: 5S1C,913,4/30/26 23:00,36.338,
Plot Title: 5S1C,914,4/30/26 23:15,36.145,
Plot Title: 5S1C,915,4/30/26 23:30,35.951,
Plot Title: 5S1C,916,4/30/26 23:45,35.758,
Plot Title: 5S1C,917,5/1/26 00:00,35.564,
Plot Title: 5S1C,918,5/1/26 00:15,35.564,
Plot Title: 5S1C,919,5/1/26 00:30,35.37,
Plot Title: 5S1C,920,5/1/26 00:45,35.175,
Plot Title: 5S1C,921,5/1/26 01:00,34.981,
Plot Title: 5S1C,922,5/1/26 01:15,34.981,
Plot Title: 5S1C,923,5/1/26 01:30,34.786,
Plot Title: 5S1C,924,5/1/26 01:45,34.59,
Plot Title: 5S1C,925,5/1/26 02:00,34.59,
Plot Title: 5S1C,926,5/1/26 02:15,34.394,
Plot Title: 5S1C,927,5/1/26 02:30,34.394,
Plot Title: 5S1C,928,5/1/26 02:45,34.198,
Plot Title: 5S1C,929,5/1/26 03:00,34.198,
Plot Title: 5S1C,930,5/1/26 03:15,34.198,
Plot Title: 5S1C,931,5/1/26 03:30,34.002,
Plot Title: 5S1C,932,5/1/26 03:45,34.002,
Plot Title: 5S1C,933,5/1/26 04:00,34.002,
Plot Title: 5S1C,934,5/1/26 04:15,33.805,
Plot Title: 5S1C,935,5/1/26 04:30,33.805,
Plot Title: 5S1C,936,5/1/26 04:45,33.805,
Plot Title: 5S1C,937,5/1/26 05:00,34.198,
Plot Title: 5S1C,938,5/1/26 05:15,34.394,
Plot Title: 5S1C,939,5/1/26 05:30,34.394,
Plot Title: 5S1C,940,5/1/26 05:45,34.394,
Plot Title: 5S1C,941,5/1/26 06:00,34.394,
Plot Title: 5S1C,942,5/1/26 06:15,34.394,
Plot Title: 5S1C,943,5/1/26 06:30,34.198,
Plot Title: 5S1C,944,5/1/26 06:45,34.198,
Plot Title: 5S1C,945,5/1/26 07:00,34.198,
Plot Title: 5S1C,946,5/1/26 07:15,34.198,
Plot Title: 5S1C,947,5/1/26 07:30,34.198,
Plot Title: 5S1C,948,5/1/26 07:45,34.198,
Plot Title: 5S1C,949,5/1/26 08:00,34.198,
Plot Title: 5S1C,950,5/1/26 08:15,34.198,
Plot Title: 5S1C,951,5/1/26 08:30,34.198,
Plot Title: 5S1C,952,5/1/26 08:45,34.59,
Plot Title: 5S1C,953,5/1/26 09:00,35.37,
Plot Title: 5S1C,954,5/1/26 09:15,36.145,
Plot Title: 5S1C,955,5/1/26 09:30,40.321,
Plot Title: 5S1C,956,5/1/26 09:45,49.937,
Plot Title: 5S1C,957,5/1/26 10:00,55.884,
Plot Title: 5S1C,958,5/1/26 10:15,60.539,
Plot Title: 5S1C,959,5/1/26 10:30,64.139,
Plot Title: 5S1C,960,5/1/26 10:45,67.221,
Plot Title: 5S1C,961,5/1/26 11:00,69.793,
Plot Title: 5S1C,962,5/1/26 11:15,72.199,
Plot Title: 5S1C,963,5/1/26 11:30,74.271,
Plot Title: 5S1C,964,5/1/26 11:45,71.339,
Plot Title: 5S1C,965,5/1/26 12:00,64.996,
Plot Title: 5S1C,966,5/1/26 12:15,60.712,
Plot Title: 5S1C,967,5/1/26 12:30,57.441,
Plot Title: 5S1C,968,5/1/26 12:45,54.669,
Plot Title: 5S1C,969,5/1/26 13:00,53.274,
Plot Title: 5S1C,970,5/1/26 13:15,52.225,
Plot Title: 5S1C,971,5/1/26 13:30,51.172,
Plot Title: 5S1C,972,5/1/26 13:45,50.995,
Plot Title: 5S1C,973,5/1/26 14:00,51.346,
Plot Title: 5S1C,974,5/1/26 14:15,50.819,
Plot Title: 5S1C,975,5/1/26 14:30,50.29,
Plot Title: 5S1C,976,5/1/26 14:45,52.225,
Plot Title: 5S1C,977,5/1/26 15:00,51.346,
Plot Title: 5S1C,978,5/1/26 15:15,50.29,
Plot Title: 5S1C,979,5/1/26 15:30,49.759,
Plot Title: 5S1C,980,5/1/26 15:45,49.937,
Plot Title: 5S1C,981,5/1/26 16:00,49.759,
Plot Title: 5S1C,982,5/1/26 16:15,50.113,
Plot Title: 5S1C,983,5/1/26 16:30,49.759,
Plot Title: 5S1C,984,5/1/26 16:45,50.466,
Plot Title: 5S1C,985,5/1/26 17:00,49.759,
Plot Title: 5S1C,986,5/1/26 17:15,49.228,
Plot Title: 5S1C,987,5/1/26 17:30,48.695,
Plot Title: 5S1C,988,5/1/26 17:45,48.16,
Plot Title: 5S1C,989,5/1/26 18:00,47.624,
Plot Title: 5S1C,990,5/1/26 18:15,47.266,
Plot Title: 5S1C,991,5/1/26 18:30,46.908,
Plot Title: 5S1C,992,5/1/26 18:45,46.548,
Plot Title: 5S1C,993,5/1/26 19:00,46.188,
Plot Title: 5S1C,994,5/1/26 19:15,45.648,
Plot Title: 5S1C,995,5/1/26 19:30,45.286,
Plot Title: 5S1C,996,5/1/26 19:45,44.742,
Plot Title: 5S1C,997,5/1/26 20:00,44.379,
Plot Title: 5S1C,998,5/1/26 20:15,43.831,
Plot Title: 5S1C,999,5/1/26 20:30,43.282,
Plot Title: 5S1C,1000,5/1/26 20:45,42.915,
Plot Title: 5S1C,1001,5/1/26 21:00,42.363,
Plot Title: 5S1C,1002,5/1/26 21:15,41.994,
Plot Title: 5S1C,1003,5/1/26 21:30,41.625,
Plot Title: 5S1C,1004,5/1/26 21:45,41.254,
Plot Title: 5S1C,1005,5/1/26 22:00,41.067,
Plot Title: 5S1C,1006,5/1/26 22:15,40.881,
Plot Title: 5S1C,1007,5/1/26 22:30,40.509,
Plot Title: 5S1C,1008,5/1/26 22:45,40.321,
Plot Title: 5S1C,1009,5/1/26 23:00,40.134,
Plot Title: 5S1C,1010,5/1/26 23:15,40.134,
Plot Title: 5S1C,1011,5/1/26 23:30,39.76,
Plot Title: 5S1C,1012,5/1/26 23:45,39.76,
Plot Title: 5S1C,1013,5/2/26 00:00,39.573,
Plot Title: 5S1C,1014,5/2/26 00:15,39.384,
Plot Title: 5S1C,1015,5/2/26 00:30,39.384,
Plot Title: 5S1C,1016,5/2/26 00:45,39.196,
Plot Title: 5S1C,1017,5/2/26 01:00,39.007,
Plot Title: 5S1C,1018,5/2/26 01:15,38.818,
Plot Title: 5S1C,1019,5/2/26 01:30,38.818,
Plot Title: 5S1C,1020,5/2/26 01:45,38.629,
Plot Title: 5S1C,1021,5/2/26 02:00,38.44,
Plot Title: 5S1C,1022,5/2/26 02:15,38.25,
Plot Title: 5S1C,1023,5/2/26 02:30,38.25,
Plot Title: 5S1C,1024,5/2/26 02:45,38.061,
Plot Title: 5S1C,1025,5/2/26 03:00,38.061,
Plot Title: 5S1C,1026,5/2/26 03:15,37.87,
Plot Title: 5S1C,1027,5/2/26 03:30,37.679,
Plot Title: 5S1C,1028,5/2/26 03:45,37.679,
Plot Title: 5S1C,1029,5/2/26 04:00,37.488,
Plot Title: 5S1C,1030,5/2/26 04:15,37.488,
Plot Title: 5S1C,1031,5/2/26 04:30,37.488,
Plot Title: 5S1C,1032,5/2/26 04:45,37.488,
Plot Title: 5S1C,1033,5/2/26 05:00,37.297,
Plot Title: 5S1C,1034,5/2/26 05:15,37.297,
Plot Title: 5S1C,1035,5/2/26 05:30,37.107,
Plot Title: 5S1C,1036,5/2/26 05:45,37.107,
Plot Title: 5S1C,1037,5/2/26 06:00,36.914,
Plot Title: 5S1C,1038,5/2/26 06:15,36.914,
Plot Title: 5S1C,1039,5/2/26 06:30,36.914,
Plot Title: 5S1C,1040,5/2/26 06:45,36.914,
Plot Title: 5S1C,1041,5/2/26 07:00,36.914,
Plot Title: 5S1C,1042,5/2/26 07:15,36.914,
Plot Title: 5S1C,1043,5/2/26 07:30,37.107,
Plot Title: 5S1C,1044,5/2/26 07:45,37.107,
Plot Title: 5S1C,1045,5/2/26 08:00,37.488,
Plot Title: 5S1C,1046,5/2/26 08:15,38.061,
Plot Title: 5S1C,1047,5/2/26 08:30,39.573,
Plot Title: 5S1C,1048,5/2/26 08:45,40.509,
Plot Title: 5S1C,1049,5/2/26 09:00,41.439,
Plot Title: 5S1C,1050,5/2/26 09:15,42.179,
Plot Title: 5S1C,1051,5/2/26 09:30,48.16,
Plot Title: 5S1C,1052,5/2/26 09:45,55.711,
Plot Title: 5S1C,1053,5/2/26 10:00,60.368,
Plot Title: 5S1C,1054,5/2/26 10:15,64.31,
Plot Title: 5S1C,1055,5/2/26 10:30,67.221,
Plot Title: 5S1C,1056,5/2/26 10:45,69.622,
Plot Title: 5S1C,1057,5/2/26 11:00,72.891,
Plot Title: 5S1C,1058,5/2/26 11:15,74.619,
Plot Title: 5S1C,1059,5/2/26 11:30,76.876,
Plot Title: 5S1C,1060,5/2/26 11:45,74.791,
Plot Title: 5S1C,1061,5/2/26 12:00,68.592,
Plot Title: 5S1C,1062,5/2/26 12:15,64.139,
Plot Title: 5S1C,1063,5/2/26 12:30,61.912,
Plot Title: 5S1C,1064,5/2/26 12:45,60.368,
Plot Title: 5S1C,1065,5/2/26 13:00,59.68,
Plot Title: 5S1C,1066,5/2/26 13:15,58.82,
Plot Title: 5S1C,1067,5/2/26 13:30,58.303,
Plot Title: 5S1C,1068,5/2/26 13:45,57.958,
Plot Title: 5S1C,1069,5/2/26 14:00,57.785,
Plot Title: 5S1C,1070,5/2/26 14:15,57.614,
Plot Title: 5S1C,1071,5/2/26 14:30,57.785,
Plot Title: 5S1C,1072,5/2/26 14:45,57.268,
Plot Title: 5S1C,1073,5/2/26 15:00,56.404,
Plot Title: 5S1C,1074,5/2/26 15:15,55.711,
Plot Title: 5S1C,1075,5/2/26 15:30,55.711,
Plot Title: 5S1C,1076,5/2/26 15:45,55.364,
Plot Title: 5S1C,1077,5/2/26 16:00,54.842,
Plot Title: 5S1C,1078,5/2/26 16:15,54.669,
Plot Title: 5S1C,1079,5/2/26 16:30,54.669,
Plot Title: 5S1C,1080,5/2/26 16:45,55.189,
Plot Title: 5S1C,1081,5/2/26 17:00,54.669,
Plot Title: 5S1C,1082,5/2/26 17:15,53.973,
Plot Title: 5S1C,1083,5/2/26 17:30,53.449,
Plot Title: 5S1C,1084,5/2/26 17:45,53.274,
Plot Title: 5S1C,1085,5/2/26 18:00,52.75,
Plot Title: 5S1C,1086,5/2/26 18:15,52.576,
Plot Title: 5S1C,1087,5/2/26 18:30,52.225,
Plot Title: 5S1C,1088,5/2/26 18:45,51.523,
Plot Title: 5S1C,1089,5/2/26 19:00,51.172,
Plot Title: 5S1C,1090,5/2/26 19:15,50.643,
Plot Title: 5S1C,1091,5/2/26 19:30,50.29,
Plot Title: 5S1C,1092,5/2/26 19:45,49.404,
Plot Title: 5S1C,1093,5/2/26 20:00,49.05,
Plot Title: 5S1C,1094,5/2/26 20:15,48.695,
Plot Title: 5S1C,1095,5/2/26 20:30,47.802,
Plot Title: 5S1C,1096,5/2/26 20:45,47.266,
Plot Title: 5S1C,1097,5/2/26 21:00,46.908,
Plot Title: 5S1C,1098,5/2/26 21:15,46.369,
Plot Title: 5S1C,1099,5/2/26 21:30,45.828,
Plot Title: 5S1C,1100,5/2/26 21:45,45.286,
Plot Title: 5S1C,1101,5/2/26 22:00,44.922,
Plot Title: 5S1C,1102,5/2/26 22:15,44.56,
Plot Title: 5S1C,1103,5/2/26 22:30,44.195,
Plot Title: 5S1C,1104,5/2/26 22:45,43.831,
Plot Title: 5S1C,1105,5/2/26 23:00,43.648,
Plot Title: 5S1C,1106,5/2/26 23:15,43.466,
Plot Title: 5S1C,1107,5/2/26 23:30,43.099,
Plot Title: 5S1C,1108,5/2/26 23:45,42.915,
Plot Title: 5S1C,1109,5/3/26 00:00,42.732,
Plot Title: 5S1C,1110,5/3/26 00:15,42.548,
Plot Title: 5S1C,1111,5/3/26 00:30,42.363,
Plot Title: 5S1C,1112,5/3/26 00:45,42.179,
Plot Title: 5S1C,1113,5/3/26 01:00,41.994,
Plot Title: 5S1C,1114,5/3/26 01:15,41.81,
Plot Title: 5S1C,1115,5/3/26 01:30,41.625,
Plot Title: 5S1C,1116,5/3/26 01:45,41.439,
Plot Title: 5S1C,1117,5/3/26 02:00,41.439,
Plot Title: 5S1C,1118,5/3/26 02:15,41.254,
Plot Title: 5S1C,1119,5/3/26 02:30,41.067,
Plot Title: 5S1C,1120,5/3/26 02:45,41.067,
Plot Title: 5S1C,1121,5/3/26 03:00,40.881,
Plot Title: 5S1C,1122,5/3/26 03:15,40.881,
Plot Title: 5S1C,1123,5/3/26 03:30,40.696,
Plot Title: 5S1C,1124,5/3/26 03:45,40.696,
Plot Title: 5S1C,1125,5/3/26 04:00,40.509,
Plot Title: 5S1C,1126,5/3/26 04:15,40.509,
Plot Title: 5S1C,1127,5/3/26 04:30,40.321,
Plot Title: 5S1C,1128,5/3/26 04:45,40.134,
Plot Title: 5S1C,1129,5/3/26 05:00,40.134,
Plot Title: 5S1C,1130,5/3/26 05:15,39.947,
Plot Title: 5S1C,1131,5/3/26 05:30,39.947,
Plot Title: 5S1C,1132,5/3/26 05:45,39.76,
Plot Title: 5S1C,1133,5/3/26 06:00,39.573,
Plot Title: 5S1C,1134,5/3/26 06:15,39.573,
Plot Title: 5S1C,1135,5/3/26 06:30,39.573,
Plot Title: 5S1C,1136,5/3/26 06:45,39.573,
Plot Title: 5S1C,1137,5/3/26 07:00,39.573,
Plot Title: 5S1C,1138,5/3/26 07:15,39.573,
Plot Title: 5S1C,1139,5/3/26 07:30,39.76,
Plot Title: 5S1C,1140,5/3/26 07:45,39.76,
Plot Title: 5S1C,1141,5/3/26 08:00,40.509,
Plot Title: 5S1C,1142,5/3/26 08:15,41.067,
Plot Title: 5S1C,1143,5/3/26 08:30,42.732,
Plot Title: 5S1C,1144,5/3/26 08:45,43.099,
Plot Title: 5S1C,1145,5/3/26 09:00,43.466,
Plot Title: 5S1C,1146,5/3/26 09:15,44.013,
Plot Title: 5S1C,1147,5/3/26 09:30,51.346,
Plot Title: 5S1C,1148,5/3/26 09:45,58.647,
Plot Title: 5S1C,1149,5/3/26 10:00,63.111,
Plot Title: 5S1C,1150,5/3/26 10:15,66.708,
Plot Title: 5S1C,1151,5/3/26 10:30,70.48,
Plot Title: 5S1C,1152,5/3/26 10:45,73.58,
Plot Title: 5S1C,1153,5/3/26 11:00,76.006,
Plot Title: 5S1C,1154,5/3/26 11:15,74.098,
Plot Title: 5S1C,1155,5/3/26 11:30,75.312,
Plot Title: 5S1C,1156,5/3/26 11:45,73.407,
Plot Title: 5S1C,1157,5/3/26 12:00,68.077,
Plot Title: 5S1C,1158,5/3/26 12:15,63.797,
Plot Title: 5S1C,1159,5/3/26 12:30,62.598,
Plot Title: 5S1C,1160,5/3/26 12:45,60.024,
Plot Title: 5S1C,1161,5/3/26 13:00,58.993,
Plot Title: 5S1C,1162,5/3/26 13:15,57.958,
Plot Title: 5S1C,1163,5/3/26 13:30,57.096,
Plot Title: 5S1C,1164,5/3/26 13:45,56.577,
Plot Title: 5S1C,1165,5/3/26 14:00,56.577,
Plot Title: 5S1C,1166,5/3/26 14:15,56.23,
Plot Title: 5S1C,1167,5/3/26 14:30,56.577,
Plot Title: 5S1C,1168,5/3/26 14:45,56.923,
Plot Title: 5S1C,1169,5/3/26 15:00,55.711,
Plot Title: 5S1C,1170,5/3/26 15:15,55.189,
Plot Title: 5S1C,1171,5/3/26 15:30,55.711,
Plot Title: 5S1C,1172,5/3/26 15:45,55.537,
Plot Title: 5S1C,1173,5/3/26 16:00,56.23,
Plot Title: 5S1C,1174,5/3/26 16:15,56.75,
Plot Title: 5S1C,1175,5/3/26 16:30,56.057,
Plot Title: 5S1C,1176,5/3/26 16:45,56.923,
Plot Title: 5S1C,1177,5/3/26 17:00,56.23,
Plot Title: 5S1C,1178,5/3/26 17:15,56.057,
Plot Title: 5S1C,1179,5/3/26 17:30,55.537,
Plot Title: 5S1C,1180,5/3/26 17:45,54.842,
Plot Title: 5S1C,1181,5/3/26 18:00,54.322,
Plot Title: 5S1C,1182,5/3/26 18:15,53.973,
Plot Title: 5S1C,1183,5/3/26 18:30,53.623,
Plot Title: 5S1C,1184,5/3/26 18:45,53.274,
Plot Title: 5S1C,1185,5/3/26 19:00,52.225,
Plot Title: 5S1C,1186,5/3/26 19:15,51.346,
Plot Title: 5S1C,1187,5/3/26 19:30,50.643,
Plot Title: 5S1C,1188,5/3/26 19:45,50.113,
Plot Title: 5S1C,1189,5/3/26 20:00,49.582,
Plot Title: 5S1C,1190,5/3/26 20:15,48.871,
Plot Title: 5S1C,1191,5/3/26 20:30,48.339,
Plot Title: 5S1C,1192,5/3/26 20:45,47.802,
Plot Title: 5S1C,1193,5/3/26 21:00,47.446,
Plot Title: 5S1C,1194,5/3/26 21:15,47.088,
Plot Title: 5S1C,1195,5/3/26 21:30,46.728,
Plot Title: 5S1C,1196,5/3/26 21:45,46.548,
Plot Title: 5S1C,1197,5/3/26 22:00,46.188,
Plot Title: 5S1C,1198,5/3/26 22:15,45.828,
Plot Title: 5S1C,1199,5/3/26 22:30,45.648,
Plot Title: 5S1C,1200,5/3/26 22:45,45.466,
Plot Title: 5S1C,1201,5/3/26 23:00,45.286,
Plot Title: 5S1C,1202,5/3/26 23:15,45.286,
Plot Title: 5S1C,1203,5/3/26 23:30,45.286,
Plot Title: 5S1C,1204,5/3/26 23:45,45.466,
Plot Title: 5S1C,1205,5/4/26 00:00,45.286,
Plot Title: 5S1C,1206,5/4/26 00:15,45.104,
Plot Title: 5S1C,1207,5/4/26 00:30,44.742,
Plot Title: 5S1C,1208,5/4/26 00:45,44.379,
Plot Title: 5S1C,1209,5/4/26 01:00,44.013,
Plot Title: 5S1C,1210,5/4/26 01:15,43.831,
Plot Title: 5S1C,1211,5/4/26 01:30,43.466,
Plot Title: 5S1C,1212,5/4/26 01:45,43.282,
Plot Title: 5S1C,1213,5/4/26 02:00,43.099,
Plot Title: 5S1C,1214,5/4/26 02:15,42.915,
Plot Title: 5S1C,1215,5/4/26 02:30,42.732,
Plot Title: 5S1C,1216,5/4/26 02:45,42.548,
Plot Title: 5S1C,1217,5/4/26 03:00,42.363,
Plot Title: 5S1C,1218,5/4/26 03:15,42.363,
Plot Title: 5S1C,1219,5/4/26 03:30,42.363,
Plot Title: 5S1C,1220,5/4/26 03:45,42.179,
Plot Title: 5S1C,1221,5/4/26 04:00,42.179,
Plot Title: 5S1C,1222,5/4/26 04:15,42.179,
Plot Title: 5S1C,1223,5/4/26 04:30,42.179,
Plot Title: 5S1C,1224,5/4/26 04:45,41.994,
Plot Title: 5S1C,1225,5/4/26 05:00,42.179,
Plot Title: 5S1C,1226,5/4/26 05:15,42.179,
Plot Title: 5S1C,1227,5/4/26 05:30,41.81,
Plot Title: 5S1C,1228,5/4/26 05:45,41.625,
Plot Title: 5S1C,1229,5/4/26 06:00,41.254,
Plot Title: 5S1C,1230,5/4/26 06:15,41.067,
Plot Title: 5S1C,1231,5/4/26 06:30,41.067,
Plot Title: 5S1C,1232,5/4/26 06:45,40.696,
Plot Title: 5S1C,1233,5/4/26 07:00,40.509,
Plot Title: 5S1C,1234,5/4/26 07:15,40.509,
Plot Title: 5S1C,1235,5/4/26 07:30,40.321,
Plot Title: 5S1C,1236,5/4/26 07:45,40.321,
Plot Title: 5S1C,1237,5/4/26 08:00,40.509,
Plot Title: 5S1C,1238,5/4/26 08:15,41.067,
Plot Title: 5S1C,1239,5/4/26 08:30,42.363,
Plot Title: 5S1C,1240,5/4/26 08:45,43.282,
Plot Title: 5S1C,1241,5/4/26 09:00,43.466,
Plot Title: 5S1C,1242,5/4/26 09:15,43.831,
Plot Title: 5S1C,1243,5/4/26 09:30,50.995,
Plot Title: 5S1C,1244,5/4/26 09:45,57.958,
Plot Title: 5S1C,1245,5/4/26 10:00,62.254,
Plot Title: 5S1C,1246,5/4/26 10:15,62.425,
Plot Title: 5S1C,1247,5/4/26 10:30,63.282,
Plot Title: 5S1C,1248,5/4/26 10:45,66.537,
Plot Title: 5S1C,1249,5/4/26 11:00,67.05,
Plot Title: 5S1C,1250,5/4/26 11:15,70.824,
Plot Title: 5S1C,1251,5/4/26 11:30,71.512,
Plot Title: 5S1C,1252,5/4/26 11:45,71.168,
Plot Title: 5S1C,1253,5/4/26 12:00,66.879,
Plot Title: 5S1C,1254,5/4/26 12:15,64.31,
Plot Title: 5S1C,1255,5/4/26 12:30,62.254,
Plot Title: 5S1C,1256,5/4/26 12:45,60.712,
Plot Title: 5S1C,1257,5/4/26 13:00,60.195,
Plot Title: 5S1C,1258,5/4/26 13:15,59.337,
Plot Title: 5S1C,1259,5/4/26 13:30,58.82,
Plot Title: 5S1C,1260,5/4/26 13:45,58.476,
Plot Title: 5S1C,1261,5/4/26 14:00,56.75,
Plot Title: 5S1C,1262,5/4/26 14:15,56.75,
Plot Title: 5S1C,1263,5/4/26 14:30,56.057,
Plot Title: 5S1C,1264,5/4/26 14:45,56.23,
Plot Title: 5S1C,1265,5/4/26 15:00,55.537,
Plot Title: 5S1C,1266,5/4/26 15:15,55.884,
Plot Title: 5S1C,1267,5/4/26 15:30,56.75,
Plot Title: 5S1C,1268,5/4/26 15:45,56.057,
Plot Title: 5S1C,1269,5/4/26 16:00,55.884,
Plot Title: 5S1C,1270,5/4/26 16:15,55.711,
Plot Title: 5S1C,1271,5/4/26 16:30,55.189,
Plot Title: 5S1C,1272,5/4/26 16:45,55.537,
Plot Title: 5S1C,1273,5/4/26 17:00,55.537,
Plot Title: 5S1C,1274,5/4/26 17:15,54.842,
Plot Title: 5S1C,1275,5/4/26 17:30,53.798,
Plot Title: 5S1C,1276,5/4/26 17:45,52.225,
Plot Title: 5S1C,1277,5/4/26 18:00,51.346,
Plot Title: 5S1C,1278,5/4/26 18:15,50.29,
Plot Title: 5S1C,1279,5/4/26 18:30,49.404,
Plot Title: 5S1C,1280,5/4/26 18:45,49.05,
Plot Title: 5S1C,1281,5/4/26 19:00,48.339,
Plot Title: 5S1C,1282,5/4/26 19:15,47.802,
Plot Title: 5S1C,1283,5/4/26 19:30,47.266,
Plot Title: 5S1C,1284,5/4/26 19:45,46.908,
Plot Title: 5S1C,1285,5/4/26 20:00,46.369,
Plot Title: 5S1C,1286,5/4/26 20:15,46.008,
Plot Title: 5S1C,1287,5/4/26 20:30,45.648,
Plot Title: 5S1C,1288,5/4/26 20:45,45.286,
Plot Title: 5S1C,1289,5/4/26 21:00,45.104,
Plot Title: 5S1C,1290,5/4/26 21:15,44.742,
Plot Title: 5S1C,1291,5/4/26 21:30,44.56,
Plot Title: 5S1C,1292,5/4/26 21:45,44.379,
Plot Title: 5S1C,1293,5/4/26 22:00,44.195,
Plot Title: 5S1C,1294,5/4/26 22:15,44.013,
Plot Title: 5S1C,1295,5/4/26 22:30,43.648,
Plot Title: 5S1C,1296,5/4/26 22:45,43.466,
Plot Title: 5S1C,1297,5/4/26 23:00,43.099,
Plot Title: 5S1C,1298,5/4/26 23:15,42.732,
Plot Title: 5S1C,1299,5/4/26 23:30,42.548,
Plot Title: 5S1C,1300,5/4/26 23:45,42.548,
Plot Title: 5S1C,1301,5/5/26 00:00,42.363,
Plot Title: 5S1C,1302,5/5/26 00:15,42.179,
Plot Title: 5S1C,1303,5/5/26 00:30,41.994,
Plot Title: 5S1C,1304,5/5/26 00:45,41.81,
Plot Title: 5S1C,1305,5/5/26 01:00,41.81,
Plot Title: 5S1C,1306,5/5/26 01:15,41.439,
Plot Title: 5S1C,1307,5/5/26 01:30,40.881,
Plot Title: 5S1C,1308,5/5/26 01:45,40.509,
Plot Title: 5S1C,1309,5/5/26 02:00,40.134,
Plot Title: 5S1C,1310,5/5/26 02:15,39.76,
Plot Title: 5S1C,1311,5/5/26 02:30,39.384,
Plot Title: 5S1C,1312,5/5/26 02:45,39.007,
Plot Title: 5S1C,1313,5/5/26 03:00,38.818,
Plot Title: 5S1C,1314,5/5/26 03:15,38.44,
Plot Title: 5S1C,1315,5/5/26 03:30,38.44,
Plot Title: 5S1C,1316,5/5/26 03:45,38.25,
Plot Title: 5S1C,1317,5/5/26 04:00,37.87,
Plot Title: 5S1C,1318,5/5/26 04:15,37.679,
Plot Title: 5S1C,1319,5/5/26 04:30,37.679,
Plot Title: 5S1C,1320,5/5/26 04:45,37.488,
Plot Title: 5S1C,1321,5/5/26 05:00,37.297,
Plot Title: 5S1C,1322,5/5/26 05:15,36.914,
Plot Title: 5S1C,1323,5/5/26 05:30,36.914,
Plot Title: 5S1C,1324,5/5/26 05:45,36.723,
Plot Title: 5S1C,1325,5/5/26 06:00,36.531,
Plot Title: 5S1C,1326,5/5/26 06:15,36.531,
Plot Title: 5S1C,1327,5/5/26 06:30,36.338,
Plot Title: 5S1C,1328,5/5/26 06:45,36.338,
Plot Title: 5S1C,1329,5/5/26 07:00,36.338,
Plot Title: 5S1C,1330,5/5/26 07:15,36.338,
Plot Title: 5S1C,1331,5/5/26 07:30,36.338,
Plot Title: 5S1C,1332,5/5/26 07:45,36.531,
Plot Title: 5S1C,1333,5/5/26 08:00,37.297,
Plot Title: 5S1C,1334,5/5/26 08:15,38.25,
Plot Title: 5S1C,1335,5/5/26 08:30,39.76,
Plot Title: 5S1C,1336,5/5/26 08:45,41.067,
Plot Title: 5S1C,1337,5/5/26 09:00,41.254,
Plot Title: 5S1C,1338,5/5/26 09:15,42.363,
Plot Title: 5S1C,1339,5/5/26 09:30,48.339,
Plot Title: 5S1C,1340,5/5/26 09:45,55.364,
Plot Title: 5S1C,1341,5/5/26 10:00,55.884,
Plot Title: 5S1C,1342,5/5/26 10:15,56.23,
Plot Title: 5S1C,1343,5/5/26 10:30,57.958,
Plot Title: 5S1C,1344,5/5/26 10:45,60.883,
Plot Title: 5S1C,1345,5/5/26 11:00,62.425,
Plot Title: 5S1C,1346,5/5/26 11:15,63.282,
Plot Title: 5S1C,1347,5/5/26 11:30,61.398,
Plot Title: 5S1C,1348,5/5/26 11:45,60.195,
Plot Title: 5S1C,1349,5/5/26 12:00,57.958,
Plot Title: 5S1C,1350,5/5/26 12:15,56.75,
Plot Title: 5S1C,1351,5/5/26 12:30,56.75,
Plot Title: 5S1C,1352,5/5/26 12:45,55.884,
Plot Title: 5S1C,1353,5/5/26 13:00,55.189,
Plot Title: 5S1C,1354,5/5/26 13:15,54.669,
Plot Title: 5S1C,1355,5/5/26 13:30,53.798,
Plot Title: 5S1C,1356,5/5/26 13:45,52.576,
Plot Title: 5S1C,1357,5/5/26 14:00,52.401,
Plot Title: 5S1C,1358,5/5/26 14:15,52.75,
Plot Title: 5S1C,1359,5/5/26 14:30,52.05,
Plot Title: 5S1C,1360,5/5/26 14:45,51.346,
Plot Title: 5S1C,1361,5/5/26 15:00,50.643,
Plot Title: 5S1C,1362,5/5/26 15:15,50.113,
Plot Title: 5S1C,1363,5/5/26 15:30,50.466,
Plot Title: 5S1C,1364,5/5/26 15:45,49.937,
Plot Title: 5S1C,1365,5/5/26 16:00,48.871,
Plot Title: 5S1C,1366,5/5/26 16:15,49.228,
Plot Title: 5S1C,1367,5/5/26 16:30,48.871,
Plot Title: 5S1C,1368,5/5/26 16:45,48.16,
Plot Title: 5S1C,1369,5/5/26 17:00,48.695,
Plot Title: 5S1C,1370,5/5/26 17:15,47.088,
Plot Title: 5S1C,1371,5/5/26 17:30,46.188,
Plot Title: 5S1C,1372,5/5/26 17:45,46.008,
Plot Title: 5S1C,1373,5/5/26 18:00,45.286,
Plot Title: 5S1C,1374,5/5/26 18:15,45.104,
Plot Title: 5S1C,1375,5/5/26 18:30,44.56,
Plot Title: 5S1C,1376,5/5/26 18:45,43.466,
Plot Title: 5S1C,1377,5/5/26 19:00,43.282,
Plot Title: 5S1C,1378,5/5/26 19:15,42.732,
Plot Title: 5S1C,1379,5/5/26 19:30,42.363,
Plot Title: 5S1C,1380,5/5/26 19:45,41.994,
Plot Title: 5S1C,1381,5/5/26 20:00,41.625,
Plot Title: 5S1C,1382,5/5/26 20:15,41.254,
Plot Title: 5S1C,1383,5/5/26 20:30,41.067,
Plot Title: 5S1C,1384,5/5/26 20:45,40.696,
Plot Title: 5S1C,1385,5/5/26 21:00,40.321,
Plot Title: 5S1C,1386,5/5/26 21:15,39.947,
Plot Title: 5S1C,1387,5/5/26 21:30,39.76,
Plot Title: 5S1C,1388,5/5/26 21:45,39.384,
Plot Title: 5S1C,1389,5/5/26 22:00,39.007,
Plot Title: 5S1C,1390,5/5/26 22:15,38.44,
Plot Title: 5S1C,1391,5/5/26 22:30,38.061,
Plot Title: 5S1C,1392,5/5/26 22:45,37.87,
Plot Title: 5S1C,1393,5/5/26 23:00,37.488,
Plot Title: 5S1C,1394,5/5/26 23:15,37.107,
Plot Title: 5S1C,1395,5/5/26 23:30,36.723,
Plot Title: 5S1C,1396,5/5/26 23:45,36.531,
Plot Title: 5S1C,1397,5/6/26 00:00,36.338,
Plot Title: 5S1C,1398,5/6/26 00:15,35.951,
Plot Title: 5S1C,1399,5/6/26 00:30,35.758,
Plot Title: 5S1C,1400,5/6/26 00:45,35.564,
Plot Title: 5S1C,1401,5/6/26 01:00,35.37,
Plot Title: 5S1C,1402,5/6/26 01:15,35.175,
Plot Title: 5S1C,1403,5/6/26 01:30,34.981,
Plot Title: 5S1C,1404,5/6/26 01:45,34.786,
Plot Title: 5S1C,1405,5/6/26 02:00,34.59,
Plot Title: 5S1C,1406,5/6/26 02:15,34.59,
Plot Title: 5S1C,1407,5/6/26 02:30,34.394,
Plot Title: 5S1C,1408,5/6/26 02:45,34.198,
Plot Title: 5S1C,1409,5/6/26 03:00,34.002,
Plot Title: 5S1C,1410,5/6/26 03:15,34.002,
Plot Title: 5S1C,1411,5/6/26 03:30,33.805,
Plot Title: 5S1C,1412,5/6/26 03:45,33.607,
Plot Title: 5S1C,1413,5/6/26 04:00,33.607,
Plot Title: 5S1C,1414,5/6/26 04:15,33.411,
Plot Title: 5S1C,1415,5/6/26 04:30,33.411,
Plot Title: 5S1C,1416,5/6/26 04:45,33.213,
Plot Title: 5S1C,1417,5/6/26 05:00,33.013,
Plot Title: 5S1C,1418,5/6/26 05:15,33.013,
Plot Title: 5S1C,1419,5/6/26 05:30,33.013,
Plot Title: 5S1C,1420,5/6/26 05:45,32.815,
Plot Title: 5S1C,1421,5/6/26 06:00,32.815,
Plot Title: 5S1C,1422,5/6/26 06:15,32.815,
Plot Title: 5S1C,1423,5/6/26 06:30,32.815,
Plot Title: 5S1C,1424,5/6/26 06:45,32.815,
Plot Title: 5S1C,1425,5/6/26 07:00,32.815,
Plot Title: 5S1C,1426,5/6/26 07:15,32.815,
Plot Title: 5S1C,1427,5/6/26 07:30,32.815,
Plot Title: 5S1C,1428,5/6/26 07:45,33.013,
Plot Title: 5S1C,1429,5/6/26 08:00,33.411,
Plot Title: 5S1C,1430,5/6/26 08:15,33.805,
Plot Title: 5S1C,1431,5/6/26 08:30,34.981,
Plot Title: 5S1C,1432,5/6/26 08:45,35.758,
Plot Title: 5S1C,1433,5/6/26 09:00,36.723,
Plot Title: 5S1C,1434,5/6/26 09:15,38.629,
Plot Title: 5S1C,1435,5/6/26 09:30,48.339,
Plot Title: 5S1C,1436,5/6/26 09:45,55.537,
Plot Title: 5S1C,1437,5/6/26 10:00,59.851,
Plot Title: 5S1C,1438,5/6/26 10:15,63.282,
Plot Title: 5S1C,1439,5/6/26 10:30,66.193,
Plot Title: 5S1C,1440,5/6/26 10:45,69.793,
Plot Title: 5S1C,1441,5/6/26 11:00,73.58,
Plot Title: 5S1C,1442,5/6/26 11:15,76.703,
Plot Title: 5S1C,1443,5/6/26 11:30,80.559,
Plot Title: 5S1C,1444,5/6/26 11:45,82.686,
Plot Title: 5S1C,1445,5/6/26 12:00,72.199,
Plot Title: 5S1C,1446,5/6/26 12:15,64.652,
Plot Title: 5S1C,1447,5/6/26 12:30,61.741,
Plot Title: 5S1C,1448,5/6/26 12:45,57.958,
Plot Title: 5S1C,1449,5/6/26 13:00,56.23,
Plot Title: 5S1C,1450,5/6/26 13:15,55.189,
Plot Title: 5S1C,1451,5/6/26 13:30,54.669,
Plot Title: 5S1C,1452,5/6/26 13:45,53.973,
Plot Title: 5S1C,1453,5/6/26 14:00,54.669,
Plot Title: 5S1C,1454,5/6/26 14:15,55.017,
Plot Title: 5S1C,1455,5/6/26 14:30,54.147,
Plot Title: 5S1C,1456,5/6/26 14:45,53.973,
Plot Title: 5S1C,1457,5/6/26 15:00,53.449,
Plot Title: 5S1C,1458,5/6/26 15:15,53.798,
Plot Title: 5S1C,1459,5/6/26 15:30,54.842,
Plot Title: 5S1C,1460,5/6/26 15:45,54.495,
Plot Title: 5S1C,1461,5/6/26 16:00,54.322,
Plot Title: 5S1C,1462,5/6/26 16:15,54.669,
Plot Title: 5S1C,1463,5/6/26 16:30,54.669,
Plot Title: 5S1C,1464,5/6/26 16:45,54.495,
Plot Title: 5S1C,1465,5/6/26 17:00,53.973,
Plot Title: 5S1C,1466,5/6/26 17:15,53.973,
Plot Title: 5S1C,1467,5/6/26 17:30,53.274,
Plot Title: 5S1C,1468,5/6/26 17:45,53.274,
Plot Title: 5S1C,1469,5/6/26 18:00,52.05,
Plot Title: 5S1C,1470,5/6/26 18:15,51.172,
Plot Title: 5S1C,1471,5/6/26 18:30,50.995,
Plot Title: 5S1C,1472,5/6/26 18:45,50.995,
Plot Title: 5S1C,1473,5/6/26 19:00,50.466,
Plot Title: 5S1C,1474,5/6/26 19:15,50.113,
Plot Title: 5S1C,1475,5/6/26 19:30,49.582,
Plot Title: 5S1C,1476,5/6/26 19:45,49.228,
Plot Title: 5S1C,1477,5/6/26 20:00,48.871,
Plot Title: 5S1C,1478,5/6/26 20:15,48.517,
Plot Title: 5S1C,1479,5/6/26 20:30,48.16,
Plot Title: 5S1C,1480,5/6/26 20:45,47.982,
Plot Title: 5S1C,1481,5/6/26 21:00,47.802,
Plot Title: 5S1C,1482,5/6/26 21:15,47.446,
Plot Title: 5S1C,1483,5/6/26 21:30,47.266,
Plot Title: 5S1C,1484,5/6/26 21:45,47.266,
Plot Title: 5S1C,1485,5/6/26 22:00,47.266,
Plot Title: 5S1C,1486,5/6/26 22:15,47.088,
Plot Title: 5S1C,1487,5/6/26 22:30,46.908,
Plot Title: 5S1C,1488,5/6/26 22:45,46.728,
Plot Title: 5S1C,1489,5/6/26 23:00,46.728,
Plot Title: 5S1C,1490,5/6/26 23:15,46.369,
Plot Title: 5S1C,1491,5/6/26 23:30,46.008,
Plot Title: 5S1C,1492,5/6/26 23:45,45.648,
Plot Title: 5S1C,1493,5/7/26 00:00,45.466,
Plot Title: 5S1C,1494,5/7/26 00:15,45.286,
Plot Title: 5S1C,1495,5/7/26 00:30,45.104,
Plot Title: 5S1C,1496,5/7/26 00:45,44.922,
Plot Title: 5S1C,1497,5/7/26 01:00,44.742,
Plot Title: 5S1C,1498,5/7/26 01:15,44.56,
Plot Title: 5S1C,1499,5/7/26 01:30,44.379,
Plot Title: 5S1C,1500,5/7/26 01:45,44.195,
Plot Title: 5S1C,1501,5/7/26 02:00,43.831,
Plot Title: 5S1C,1502,5/7/26 02:15,43.831,
Plot Title: 5S1C,1503,5/7/26 02:30,43.466,
Plot Title: 5S1C,1504,5/7/26 02:45,43.648,
Plot Title: 5S1C,1505,5/7/26 03:00,43.648,
Plot Title: 5S1C,1506,5/7/26 03:15,43.648,
Plot Title: 5S1C,1507,5/7/26 03:30,43.466,
Plot Title: 5S1C,1508,5/7/26 03:45,43.099,
Plot Title: 5S1C,1509,5/7/26 04:00,42.548,
Plot Title: 5S1C,1510,5/7/26 04:15,42.179,
Plot Title: 5S1C,1511,5/7/26 04:30,41.994,
Plot Title: 5S1C,1512,5/7/26 04:45,41.994,
Plot Title: 5S1C,1513,5/7/26 05:00,41.994,
Plot Title: 5S1C,1514,5/7/26 05:15,42.179,
Plot Title: 5S1C,1515,5/7/26 05:30,42.363,
Plot Title: 5S1C,1516,5/7/26 05:45,42.179,
Plot Title: 5S1C,1517,5/7/26 06:00,42.179,
Plot Title: 5S1C,1518,5/7/26 06:15,42.363,
Plot Title: 5S1C,1519,5/7/26 06:30,42.363,
Plot Title: 5S1C,1520,5/7/26 06:45,42.363,
Plot Title: 5S1C,1521,5/7/26 07:00,42.179,
Plot Title: 5S1C,1522,5/7/26 07:15,42.179,
Plot Title: 5S1C,1523,5/7/26 07:30,41.994,
Plot Title: 5S1C,1524,5/7/26 07:45,42.179,
Plot Title: 5S1C,1525,5/7/26 08:00,42.732,
Plot Title: 5S1C,1526,5/7/26 08:15,43.466,
Plot Title: 5S1C,1527,5/7/26 08:30,44.56,
Plot Title: 5S1C,1528,5/7/26 08:45,45.286,
Plot Title: 5S1C,1529,5/7/26 09:00,46.548,
Plot Title: 5S1C,1530,5/7/26 09:15,47.982,
Plot Title: 5S1C,1531,5/7/26 09:30,53.973,
Plot Title: 5S1C,1532,5/7/26 09:45,58.647,
Plot Title: 5S1C,1533,5/7/26 10:00,62.425,
Plot Title: 5S1C,1534,5/7/26 10:15,65.509,
Plot Title: 5S1C,1535,5/7/26 10:30,58.476,
Plot Title: 5S1C,1536,5/7/26 10:45,56.404,
Plot Title: 5S1C,1537,5/7/26 11:00,58.303,
Plot Title: 5S1C,1538,5/7/26 11:15,65.509,
Plot Title: 5S1C,1539,5/7/26 11:30,70.137,
Plot Title: 5S1C,1540,5/7/26 11:45,63.626,
Plot Title: 5S1C,1541,5/7/26 12:00,58.476,
Plot Title: 5S1C,1542,5/7/26 12:15,58.131,
Plot Title: 5S1C,1543,5/7/26 12:30,57.268,
Plot Title: 5S1C,1544,5/7/26 12:45,56.577,
Plot Title: 5S1C,1545,5/7/26 13:00,56.404,
Plot Title: 5S1C,1546,5/7/26 13:15,56.577,
Plot Title: 5S1C,1547,5/7/26 13:30,55.884,
Plot Title: 5S1C,1548,5/7/26 13:45,56.404,
Plot Title: 5S1C,1549,5/7/26 14:00,55.711,
Plot Title: 5S1C,1550,5/7/26 14:15,55.711,
Plot Title: 5S1C,1551,5/7/26 14:30,56.75,
Plot Title: 5S1C,1552,5/7/26 14:45,56.404,
Plot Title: 5S1C,1553,5/7/26 15:00,55.884,
Plot Title: 5S1C,1554,5/7/26 15:15,54.322,
Plot Title: 5S1C,1555,5/7/26 15:30,53.798,
Plot Title: 5S1C,1556,5/7/26 15:45,54.669,
Plot Title: 5S1C,1557,5/7/26 16:00,54.322,
Plot Title: 5S1C,1558,5/7/26 16:15,54.495,
Plot Title: 5S1C,1559,5/7/26 16:30,54.322,
Plot Title: 5S1C,1560,5/7/26 16:45,54.147,
Plot Title: 5S1C,1561,5/7/26 17:00,53.973,
Plot Title: 5S1C,1562,5/7/26 17:15,53.274,
Plot Title: 5S1C,1563,5/7/26 17:30,53.1,
Plot Title: 5S1C,1564,5/7/26 17:45,52.401,
Plot Title: 5S1C,1565,5/7/26 18:00,52.05,
Plot Title: 5S1C,1566,5/7/26 18:15,51.699,
Plot Title: 5S1C,1567,5/7/26 18:30,50.995,
Plot Title: 5S1C,1568,5/7/26 18:45,50.819,
Plot Title: 5S1C,1569,5/7/26 19:00,50.466,
Plot Title: 5S1C,1570,5/7/26 19:15,49.759,
Plot Title: 5S1C,1571,5/7/26 19:30,49.228,
Plot Title: 5S1C,1572,5/7/26 19:45,48.871,
Plot Title: 5S1C,1573,5/7/26 20:00,48.517,
Plot Title: 5S1C,1574,5/7/26 20:15,48.16,
Plot Title: 5S1C,1575,5/7/26 20:30,47.982,
Plot Title: 5S1C,1576,5/7/26 20:45,47.446,
Plot Title: 5S1C,1577,5/7/26 21:00,46.728,
Plot Title: 5S1C,1578,5/7/26 21:15,46.548,
Plot Title: 5S1C,1579,5/7/26 21:30,46.008,
Plot Title: 5S1C,1580,5/7/26 21:45,45.466,
Plot Title: 5S1C,1581,5/7/26 22:00,45.104,
Plot Title: 5S1C,1582,5/7/26 22:15,44.56,
Plot Title: 5S1C,1583,5/7/26 22:30,44.379,
Plot Title: 5S1C,1584,5/7/26 22:45,44.013,
Plot Title: 5S1C,1585,5/7/26 23:00,43.648,
Plot Title: 5S1C,1586,5/7/26 23:15,43.466,
Plot Title: 5S1C,1587,5/7/26 23:30,43.282,
Plot Title: 5S1C,1588,5/7/26 23:45,43.099,
Plot Title: 5S1C,1589,5/8/26 00:00,42.915,
Plot Title: 5S1C,1590,5/8/26 00:15,42.732,
Plot Title: 5S1C,1591,5/8/26 00:30,42.548,
Plot Title: 5S1C,1592,5/8/26 00:45,42.363,
Plot Title: 5S1C,1593,5/8/26 01:00,42.179,
Plot Title: 5S1C,1594,5/8/26 01:15,41.994,
Plot Title: 5S1C,1595,5/8/26 01:30,41.994,
Plot Title: 5S1C,1596,5/8/26 01:45,41.81,
Plot Title: 5S1C,1597,5/8/26 02:00,41.81,
Plot Title: 5S1C,1598,5/8/26 02:15,41.81,
Plot Title: 5S1C,1599,5/8/26 02:30,41.625,
Plot Title: 5S1C,1600,5/8/26 02:45,41.625,
Plot Title: 5S1C,1601,5/8/26 03:00,41.439,
Plot Title: 5S1C,1602,5/8/26 03:15,41.439,
Plot Title: 5S1C,1603,5/8/26 03:30,41.254,
Plot Title: 5S1C,1604,5/8/26 03:45,41.254,
Plot Title: 5S1C,1605,5/8/26 04:00,41.067,
Plot Title: 5S1C,1606,5/8/26 04:15,41.067,
Plot Title: 5S1C,1607,5/8/26 04:30,40.881,
Plot Title: 5S1C,1608,5/8/26 04:45,40.881,
Plot Title: 5S1C,1609,5/8/26 05:00,40.696,
Plot Title: 5S1C,1610,5/8/26 05:15,40.509,
Plot Title: 5S1C,1611,5/8/26 05:30,40.509,
Plot Title: 5S1C,1612,5/8/26 05:45,40.321,
Plot Title: 5S1C,1613,5/8/26 06:00,40.321,
Plot Title: 5S1C,1614,5/8/26 06:15,40.134,
Plot Title: 5S1C,1615,5/8/26 06:30,40.134,
Plot Title: 5S1C,1616,5/8/26 06:45,40.321,
Plot Title: 5S1C,1617,5/8/26 07:00,40.509,
Plot Title: 5S1C,1618,5/8/26 07:15,41.067,
Plot Title: 5S1C,1619,5/8/26 07:30,41.439,
Plot Title: 5S1C,1620,5/8/26 07:45,41.254,
Plot Title: 5S1C,1621,5/8/26 08:00,41.81,
Plot Title: 5S1C,1622,5/8/26 08:15,42.363,
Plot Title: 5S1C,1623,5/8/26 08:30,43.831,
Plot Title: 5S1C,1624,5/8/26 08:45,44.742,
Plot Title: 5S1C,1625,5/8/26 09:00,45.828,
Plot Title: 5S1C,1626,5/8/26 09:15,50.29,
Plot Title: 5S1C,1627,5/8/26 09:30,58.131,
Plot Title: 5S1C,1628,5/8/26 09:45,63.968,
Plot Title: 5S1C,1629,5/8/26 10:00,65.167,
Plot Title: 5S1C,1630,5/8/26 10:15,66.879,
Plot Title: 5S1C,1631,5/8/26 10:30,72.199,
Plot Title: 5S1C,1632,5/8/26 10:45,76.354,
Plot Title: 5S1C,1633,5/8/26 11:00,79.853,
Plot Title: 5S1C,1634,5/8/26 11:15,81.975,
Plot Title: 5S1C,1635,5/8/26 11:30,85.374,
Plot Title: 5S1C,1636,5/8/26 11:45,85.194,
Plot Title: 5S1C,1637,5/8/26 12:00,78.274,
Plot Title: 5S1C,1638,5/8/26 12:15,71.856,
Plot Title: 5S1C,1639,5/8/26 12:30,68.248,
Plot Title: 5S1C,1640,5/8/26 12:45,65.68,
Plot Title: 5S1C,1641,5/8/26 13:00,64.481,
Plot Title: 5S1C,1642,5/8/26 13:15,63.282,
Plot Title: 5S1C,1643,5/8/26 13:30,62.254,
Plot Title: 5S1C,1644,5/8/26 13:45,61.741,
Plot Title: 5S1C,1645,5/8/26 14:00,61.741,
Plot Title: 5S1C,1646,5/8/26 14:15,61.741,
Plot Title: 5S1C,1647,5/8/26 14:30,62.254,
Plot Title: 5S1C,1648,5/8/26 14:45,62.083,
Plot Title: 5S1C,1649,5/8/26 15:00,61.398,
Plot Title: 5S1C,1650,5/8/26 15:15,60.024,
Plot Title: 5S1C,1651,5/8/26 15:30,59.68,
Plot Title: 5S1C,1652,5/8/26 15:45,59.508,
Plot Title: 5S1C,1653,5/8/26 16:00,59.164,
Plot Title: 5S1C,1654,5/8/26 16:15,58.647,
Plot Title: 5S1C,1655,5/8/26 16:30,58.303,
Plot Title: 5S1C,1656,5/8/26 16:45,58.476,
Plot Title: 5S1C,1657,5/8/26 17:00,58.476,
Plot Title: 5S1C,1658,5/8/26 17:15,57.958,
Plot Title: 5S1C,1659,5/8/26 17:30,57.268,
Plot Title: 5S1C,1660,5/8/26 17:45,57.096,
Plot Title: 5S1C,1661,5/8/26 18:00,56.923,
Plot Title: 5S1C,1662,5/8/26 18:15,56.404,
Plot Title: 5S1C,1663,5/8/26 18:30,55.537,
Plot Title: 5S1C,1664,5/8/26 18:45,54.669,
Plot Title: 5S1C,1665,5/8/26 19:00,53.798,
Plot Title: 5S1C,1666,5/8/26 19:15,53.274,
Plot Title: 5S1C,1667,5/8/26 19:30,52.75,
Plot Title: 5S1C,1668,5/8/26 19:45,52.225,
Plot Title: 5S1C,1669,5/8/26 20:00,51.874,
Plot Title: 5S1C,1670,5/8/26 20:15,51.346,
Plot Title: 5S1C,1671,5/8/26 20:30,50.995,
Plot Title: 5S1C,1672,5/8/26 20:45,50.643,
Plot Title: 5S1C,1673,5/8/26 21:00,50.29,
Plot Title: 5S1C,1674,5/8/26 21:15,50.113,
Plot Title: 5S1C,1675,5/8/26 21:30,49.759,
Plot Title: 5S1C,1676,5/8/26 21:45,49.404,
Plot Title: 5S1C,1677,5/8/26 22:00,49.228,
Plot Title: 5S1C,1678,5/8/26 22:15,48.871,
Plot Title: 5S1C,1679,5/8/26 22:30,48.695,
Plot Title: 5S1C,1680,5/8/26 22:45,48.339,
Plot Title: 5S1C,1681,5/8/26 23:00,47.982,
Plot Title: 5S1C,1682,5/8/26 23:15,47.624,
Plot Title: 5S1C,1683,5/8/26 23:30,47.088,
Plot Title: 5S1C,1684,5/8/26 23:45,46.728,
Plot Title: 5S1C,1685,5/9/26 00:00,46.369,
Plot Title: 5S1C,1686,5/9/26 00:15,46.188,
Plot Title: 5S1C,1687,5/9/26 00:30,45.828,
Plot Title: 5S1C,1688,5/9/26 00:45,45.466,
Plot Title: 5S1C,1689,5/9/26 01:00,45.104,
Plot Title: 5S1C,1690,5/9/26 01:15,45.104,
Plot Title: 5S1C,1691,5/9/26 01:30,44.922,
Plot Title: 5S1C,1692,5/9/26 01:45,44.56,
Plot Title: 5S1C,1693,5/9/26 02:00,44.379,
Plot Title: 5S1C,1694,5/9/26 02:15,44.013,
Plot Title: 5S1C,1695,5/9/26 02:30,43.831,
Plot Title: 5S1C,1696,5/9/26 02:45,43.648,
Plot Title: 5S1C,1697,5/9/26 03:00,43.466,
Plot Title: 5S1C,1698,5/9/26 03:15,43.099,
Plot Title: 5S1C,1699,5/9/26 03:30,42.732,
Plot Title: 5S1C,1700,5/9/26 03:45,42.548,
Plot Title: 5S1C,1701,5/9/26 04:00,42.363,
Plot Title: 5S1C,1702,5/9/26 04:15,41.994,
Plot Title: 5S1C,1703,5/9/26 04:30,41.81,
Plot Title: 5S1C,1704,5/9/26 04:45,41.81,
Plot Title: 5S1C,1705,5/9/26 05:00,41.625,
Plot Title: 5S1C,1706,5/9/26 05:15,41.439,
Plot Title: 5S1C,1707,5/9/26 05:30,41.254,
Plot Title: 5S1C,1708,5/9/26 05:45,41.067,
Plot Title: 5S1C,1709,5/9/26 06:00,41.067,
Plot Title: 5S1C,1710,5/9/26 06:15,41.254,
Plot Title: 5S1C,1711,5/9/26 06:30,41.625,
Plot Title: 5S1C,1712,5/9/26 06:45,42.179,
Plot Title: 5S1C,1713,5/9/26 07:00,42.363,
Plot Title: 5S1C,1714,5/9/26 07:15,42.732,
Plot Title: 5S1C,1715,5/9/26 07:30,43.282,
Plot Title: 5S1C,1716,5/9/26 07:45,43.648,
Plot Title: 5S1C,1717,5/9/26 08:00,43.466,
Plot Title: 5S1C,1718,5/9/26 08:15,43.282,
Plot Title: 5S1C,1719,5/9/26 08:30,44.195,
Plot Title: 5S1C,1720,5/9/26 08:45,45.286,
Plot Title: 5S1C,1721,5/9/26 09:00,47.088,
Plot Title: 5S1C,1722,5/9/26 09:15,52.576,
Plot Title: 5S1C,1723,5/9/26 09:30,55.537,
Plot Title: 5S1C,1724,5/9/26 09:45,50.819,
Plot Title: 5S1C,1725,5/9/26 10:00,51.172,
Plot Title: 5S1C,1726,5/9/26 10:15,51.874,
Plot Title: 5S1C,1727,5/9/26 10:30,58.303,
Plot Title: 5S1C,1728,5/9/26 10:45,55.711,
Plot Title: 5S1C,1729,5/9/26 11:00,64.652,
Plot Title: 5S1C,1730,5/9/26 11:15,66.537,
Plot Title: 5S1C,1731,5/9/26 11:30,63.282,
Plot Title: 5S1C,1732,5/9/26 11:45,68.421,
Plot Title: 5S1C,1733,5/9/26 12:00,65.68,
Plot Title: 5S1C,1734,5/9/26 12:15,62.598,
Plot Title: 5S1C,1735,5/9/26 12:30,60.195,
Plot Title: 5S1C,1736,5/9/26 12:45,58.993,
Plot Title: 5S1C,1737,5/9/26 13:00,58.993,
Plot Title: 5S1C,1738,5/9/26 13:15,58.82,
Plot Title: 5S1C,1739,5/9/26 13:30,58.131,
Plot Title: 5S1C,1740,5/9/26 13:45,57.441,
Plot Title: 5S1C,1741,5/9/26 14:00,57.614,
Plot Title: 5S1C,1742,5/9/26 14:15,57.614,
Plot Title: 5S1C,1743,5/9/26 14:30,56.23,
Plot Title: 5S1C,1744,5/9/26 14:45,56.404,
Plot Title: 5S1C,1745,5/9/26 15:00,56.404,
Plot Title: 5S1C,1746,5/9/26 15:15,56.23,
Plot Title: 5S1C,1747,5/9/26 15:30,55.537,
Plot Title: 5S1C,1748,5/9/26 15:45,54.842,
Plot Title: 5S1C,1749,5/9/26 16:00,54.669,
Plot Title: 5S1C,1750,5/9/26 16:15,54.669,
Plot Title: 5S1C,1751,5/9/26 16:30,54.147,
Plot Title: 5S1C,1752,5/9/26 16:45,55.189,
Plot Title: 5S1C,1753,5/9/26 17:00,54.669,
Plot Title: 5S1C,1754,5/9/26 17:15,53.973,
Plot Title: 5S1C,1755,5/9/26 17:30,53.623,
Plot Title: 5S1C,1756,5/9/26 17:45,53.798,
Plot Title: 5S1C,1757,5/9/26 18:00,53.274,
Plot Title: 5S1C,1758,5/9/26 18:15,52.401,
Plot Title: 5S1C,1759,5/9/26 18:30,51.699,
Plot Title: 5S1C,1760,5/9/26 18:45,52.05,
Plot Title: 5S1C,1761,5/9/26 19:00,52.225,
Plot Title: 5S1C,1762,5/9/26 19:15,51.523,
Plot Title: 5S1C,1763,5/9/26 19:30,50.466,
Plot Title: 5S1C,1764,5/9/26 19:45,49.582,
Plot Title: 5S1C,1765,5/9/26 20:00,48.871,
Plot Title: 5S1C,1766,5/9/26 20:15,48.339,
Plot Title: 5S1C,1767,5/9/26 20:30,47.624,
Plot Title: 5S1C,1768,5/9/26 20:45,47.088,
Plot Title: 5S1C,1769,5/9/26 21:00,46.548,
Plot Title: 5S1C,1770,5/9/26 21:15,46.008,
Plot Title: 5S1C,1771,5/9/26 21:30,45.648,
Plot Title: 5S1C,1772,5/9/26 21:45,45.286,
Plot Title: 5S1C,1773,5/9/26 22:00,44.922,
Plot Title: 5S1C,1774,5/9/26 22:15,44.56,
Plot Title: 5S1C,1775,5/9/26 22:30,44.379,
Plot Title: 5S1C,1776,5/9/26 22:45,44.013,
Plot Title: 5S1C,1777,5/9/26 23:00,43.831,
Plot Title: 5S1C,1778,5/9/26 23:15,43.648,
Plot Title: 5S1C,1779,5/9/26 23:30,43.466,
Plot Title: 5S1C,1780,5/9/26 23:45,43.282,
Plot Title: 5S1C,1781,5/10/26 00:00,43.099,
Plot Title: 5S1C,1782,5/10/26 00:15,43.099,
Plot Title: 5S1C,1783,5/10/26 00:30,42.915,
Plot Title: 5S1C,1784,5/10/26 00:45,42.915,
Plot Title: 5S1C,1785,5/10/26 01:00,42.732,
Plot Title: 5S1C,1786,5/10/26 01:15,42.548,
Plot Title: 5S1C,1787,5/10/26 01:30,42.548,
Plot Title: 5S1C,1788,5/10/26 01:45,42.363,
Plot Title: 5S1C,1789,5/10/26 02:00,42.179,
Plot Title: 5S1C,1790,5/10/26 02:15,41.994,
Plot Title: 5S1C,1791,5/10/26 02:30,41.81,
Plot Title: 5S1C,1792,5/10/26 02:45,41.625,
Plot Title: 5S1C,1793,5/10/26 03:00,41.625,
Plot Title: 5S1C,1794,5/10/26 03:15,41.439,
Plot Title: 5S1C,1795,5/10/26 03:30,41.254,
Plot Title: 5S1C,1796,5/10/26 03:45,41.067,
Plot Title: 5S1C,1797,5/10/26 04:00,41.067,
Plot Title: 5S1C,1798,5/10/26 04:15,40.881,
Plot Title: 5S1C,1799,5/10/26 04:30,40.696,
Plot Title: 5S1C,1800,5/10/26 04:45,40.696,
Plot Title: 5S1C,1801,5/10/26 05:00,40.509,
Plot Title: 5S1C,1802,5/10/26 05:15,40.321,
Plot Title: 5S1C,1803,5/10/26 05:30,40.321,
Plot Title: 5S1C,1804,5/10/26 05:45,40.134,
Plot Title: 5S1C,1805,5/10/26 06:00,40.134,
Plot Title: 5S1C,1806,5/10/26 06:15,39.947,
Plot Title: 5S1C,1807,5/10/26 06:30,39.947,
Plot Title: 5S1C,1808,5/10/26 06:45,39.947,
Plot Title: 5S1C,1809,5/10/26 07:00,40.134,
Plot Title: 5S1C,1810,5/10/26 07:15,40.321,
Plot Title: 5S1C,1811,5/10/26 07:30,40.696,
Plot Title: 5S1C,1812,5/10/26 07:45,41.254,
Plot Title: 5S1C,1813,5/10/26 08:00,42.179,
Plot Title: 5S1C,1814,5/10/26 08:15,42.548,
Plot Title: 5S1C,1815,5/10/26 08:30,43.831,
Plot Title: 5S1C,1816,5/10/26 08:45,44.922,
Plot Title: 5S1C,1817,5/10/26 09:00,47.088,
Plot Title: 5S1C,1818,5/10/26 09:15,53.623,
Plot Title: 5S1C,1819,5/10/26 09:30,59.851,
Plot Title: 5S1C,1820,5/10/26 09:45,64.139,
Plot Title: 5S1C,1821,5/10/26 10:00,69.107,
Plot Title: 5S1C,1822,5/10/26 10:15,73.062,
Plot Title: 5S1C,1823,5/10/26 10:30,77.225,
Plot Title: 5S1C,1824,5/10/26 10:45,81.266,
Plot Title: 5S1C,1825,5/10/26 11:00,85.915,
Plot Title: 5S1C,1826,5/10/26 11:15,90.867,
Plot Title: 5S1C,1827,5/10/26 11:30,94.825,
Plot Title: 5S1C,1828,5/10/26 11:45,98.11,
Plot Title: 5S1C,1829,5/10/26 12:00,90.309,
Plot Title: 5S1C,1830,5/10/26 12:15,80.206,
Plot Title: 5S1C,1831,5/10/26 12:30,73.234,
Plot Title: 5S1C,1832,5/10/26 12:45,68.248,
Plot Title: 5S1C,1833,5/10/26 13:00,66.537,
Plot Title: 5S1C,1834,5/10/26 13:15,64.31,
Plot Title: 5S1C,1835,5/10/26 13:30,62.94,
Plot Title: 5S1C,1836,5/10/26 13:45,63.111,
Plot Title: 5S1C,1837,5/10/26 14:00,62.94,
Plot Title: 5S1C,1838,5/10/26 14:15,63.455,
Plot Title: 5S1C,1839,5/10/26 14:30,63.111,
Plot Title: 5S1C,1840,5/10/26 14:45,62.425,
Plot Title: 5S1C,1841,5/10/26 15:00,61.569,
Plot Title: 5S1C,1842,5/10/26 15:15,62.083,
Plot Title: 5S1C,1843,5/10/26 15:30,61.912,
Plot Title: 5S1C,1844,5/10/26 15:45,61.054,
Plot Title: 5S1C,1845,5/10/26 16:00,61.227,
Plot Title: 5S1C,1846,5/10/26 16:15,60.712,
Plot Title: 5S1C,1847,5/10/26 16:30,60.883,
Plot Title: 5S1C,1848,5/10/26 16:45,60.883,
Plot Title: 5S1C,1849,5/10/26 17:00,60.195,
Plot Title: 5S1C,1850,5/10/26 17:15,59.68,
Plot Title: 5S1C,1851,5/10/26 17:30,59.164,
Plot Title: 5S1C,1852,5/10/26 17:45,58.476,
Plot Title: 5S1C,1853,5/10/26 18:00,57.785,
Plot Title: 5S1C,1854,5/10/26 18:15,57.268,
Plot Title: 5S1C,1855,5/10/26 18:30,56.75,
Plot Title: 5S1C,1856,5/10/26 18:45,56.23,
Plot Title: 5S1C,1857,5/10/26 19:00,55.884,
Plot Title: 5S1C,1858,5/10/26 19:15,55.537,
Plot Title: 5S1C,1859,5/10/26 19:30,55.017,
Plot Title: 5S1C,1860,5/10/26 19:45,54.669,
Plot Title: 5S1C,1861,5/10/26 20:00,54.147,
Plot Title: 5S1C,1862,5/10/26 20:15,53.449,
Plot Title: 5S1C,1863,5/10/26 20:30,52.925,
Plot Title: 5S1C,1864,5/10/26 20:45,52.401,
Plot Title: 5S1C,1865,5/10/26 21:00,51.874,
Plot Title: 5S1C,1866,5/10/26 21:15,51.346,
Plot Title: 5S1C,1867,5/10/26 21:30,50.995,
Plot Title: 5S1C,1868,5/10/26 21:45,50.466,
Plot Title: 5S1C,1869,5/10/26 22:00,50.113,
Plot Title: 5S1C,1870,5/10/26 22:15,49.937,
Plot Title: 5S1C,1871,5/10/26 22:30,49.937,
Plot Title: 5S1C,1872,5/10/26 22:45,49.759,
Plot Title: 5S1C,1873,5/10/26 23:00,49.404,
Plot Title: 5S1C,1874,5/10/26 23:15,49.228,
Plot Title: 5S1C,1875,5/10/26 23:30,49.228,
Plot Title: 5S1C,1876,5/10/26 23:45,49.404,
Plot Title: 5S1C,1877,5/11/26 00:00,49.582,
Plot Title: 5S1C,1878,5/11/26 00:15,49.404,
Plot Title: 5S1C,1879,5/11/26 00:30,49.228,
Plot Title: 5S1C,1880,5/11/26 00:45,49.05,
Plot Title: 5S1C,1881,5/11/26 01:00,48.871,
Plot Title: 5S1C,1882,5/11/26 01:15,48.695,
Plot Title: 5S1C,1883,5/11/26 01:30,48.517,
Plot Title: 5S1C,1884,5/11/26 01:45,48.339,
Plot Title: 5S1C,1885,5/11/26 02:00,48.339,
Plot Title: 5S1C,1886,5/11/26 02:15,48.339,
Plot Title: 5S1C,1887,5/11/26 02:30,48.339,
Plot Title: 5S1C,1888,5/11/26 02:45,48.339,
Plot Title: 5S1C,1889,5/11/26 03:00,48.16,
Plot Title: 5S1C,1890,5/11/26 03:15,48.16,
Plot Title: 5S1C,1891,5/11/26 03:30,47.982,
Plot Title: 5S1C,1892,5/11/26 03:45,47.802,
Plot Title: 5S1C,1893,5/11/26 04:00,47.624,
Plot Title: 5S1C,1894,5/11/26 04:15,47.446,
Plot Title: 5S1C,1895,5/11/26 04:30,47.266,
Plot Title: 5S1C,1896,5/11/26 04:45,47.266,
Plot Title: 5S1C,1897,5/11/26 05:00,47.266,
Plot Title: 5S1C,1898,5/11/26 05:15,47.266,
Plot Title: 5S1C,1899,5/11/26 05:30,47.266,
Plot Title: 5S1C,1900,5/11/26 05:45,47.266,
Plot Title: 5S1C,1901,5/11/26 06:00,47.266,
Plot Title: 5S1C,1902,5/11/26 06:15,47.266,
Plot Title: 5S1C,1903,5/11/26 06:30,47.088,
Plot Title: 5S1C,1904,5/11/26 06:45,47.266,
Plot Title: 5S1C,1905,5/11/26 07:00,47.446,
Plot Title: 5S1C,1906,5/11/26 07:15,47.624,
Plot Title: 5S1C,1907,5/11/26 07:30,47.446,
Plot Title: 5S1C,1908,5/11/26 07:45,47.266,
Plot Title: 5S1C,1909,5/11/26 08:00,47.624,
Plot Title: 5S1C,1910,5/11/26 08:15,47.982,
Plot Title: 5S1C,1911,5/11/26 08:30,49.05,
Plot Title: 5S1C,1912,5/11/26 08:45,50.29,
Plot Title: 5S1C,1913,5/11/26 09:00,51.699,
Plot Title: 5S1C,1914,5/11/26 09:15,57.441,
Plot Title: 5S1C,1915,5/11/26 09:30,64.996,
Plot Title: 5S1C,1916,5/11/26 09:45,71.168,
Plot Title: 5S1C,1917,5/11/26 10:00,76.703,
Plot Title: 5S1C,1918,5/11/26 10:15,81.797,
Plot Title: 5S1C,1919,5/11/26 10:30,86.641,
Plot Title: 5S1C,1920,5/11/26 10:45,91.425,
Plot Title: 5S1C,1921,5/11/26 11:00,95.59,
Plot Title: 5S1C,1922,5/11/26 11:15,99.687,
Plot Title: 5S1C,1923,5/11/26 11:30,103.512,
Plot Title: 5S1C,1924,5/11/26 11:45,106.414,
Plot Title: 5S1C,1925,5/11/26 12:00,98.503,
Plot Title: 5S1C,1926,5/11/26 12:15,87.733,
Plot Title: 5S1C,1927,5/11/26 12:30,79.853,
Plot Title: 5S1C,1928,5/11/26 12:45,73.926,
Plot Title: 5S1C,1929,5/11/26 13:00,71.339,
Plot Title: 5S1C,1930,5/11/26 13:15,68.763,
Plot Title: 5S1C,1931,5/11/26 13:30,67.392,
Plot Title: 5S1C,1932,5/11/26 13:45,67.221,
Plot Title: 5S1C,1933,5/11/26 14:00,66.537,
Plot Title: 5S1C,1934,5/11/26 14:15,67.05,
Plot Title: 5S1C,1935,5/11/26 14:30,67.05,
Plot Title: 5S1C,1936,5/11/26 14:45,66.366,
Plot Title: 5S1C,1937,5/11/26 15:00,65.338,
Plot Title: 5S1C,1938,5/11/26 15:15,65.167,
Plot Title: 5S1C,1939,5/11/26 15:30,65.68,
Plot Title: 5S1C,1940,5/11/26 15:45,65.509,
Plot Title: 5S1C,1941,5/11/26 16:00,65.338,
Plot Title: 5S1C,1942,5/11/26 16:15,64.139,
Plot Title: 5S1C,1943,5/11/26 16:30,63.455,
Plot Title: 5S1C,1944,5/11/26 16:45,63.968,
Plot Title: 5S1C,1945,5/11/26 17:00,63.455,
Plot Title: 5S1C,1946,5/11/26 17:15,62.598,
Plot Title: 5S1C,1947,5/11/26 17:30,61.398,
Plot Title: 5S1C,1948,5/11/26 17:45,60.539,
Plot Title: 5S1C,1949,5/11/26 18:00,59.68,
Plot Title: 5S1C,1950,5/11/26 18:15,58.993,
Plot Title: 5S1C,1951,5/11/26 18:30,58.303,
Plot Title: 5S1C,1952,5/11/26 18:45,57.441,
Plot Title: 5S1C,1953,5/11/26 19:00,56.923,
Plot Title: 5S1C,1954,5/11/26 19:15,56.23,
Plot Title: 5S1C,1955,5/11/26 19:30,55.711,
Plot Title: 5S1C,1956,5/11/26 19:45,55.189,
Plot Title: 5S1C,1957,5/11/26 20:00,54.495,
Plot Title: 5S1C,1958,5/11/26 20:15,53.973,
Plot Title: 5S1C,1959,5/11/26 20:30,53.274,
Plot Title: 5S1C,1960,5/11/26 20:45,52.75,
Plot Title: 5S1C,1961,5/11/26 21:00,52.225,
Plot Title: 5S1C,1962,5/11/26 21:15,51.699,
Plot Title: 5S1C,1963,5/11/26 21:30,51.172,
Plot Title: 5S1C,1964,5/11/26 21:45,50.819,
Plot Title: 5S1C,1965,5/11/26 22:00,50.466,
Plot Title: 5S1C,1966,5/11/26 22:15,50.113,
Plot Title: 5S1C,1967,5/11/26 22:30,49.759,
Plot Title: 5S1C,1968,5/11/26 22:45,49.582,
Plot Title: 5S1C,1969,5/11/26 23:00,49.228,
Plot Title: 5S1C,1970,5/11/26 23:15,48.871,
Plot Title: 5S1C,1971,5/11/26 23:30,48.695,
Plot Title: 5S1C,1972,5/11/26 23:45,48.339,
Plot Title: 5S1C,1973,5/12/26 00:00,47.982,
Plot Title: 5S1C,1974,5/12/26 00:15,47.802,
Plot Title: 5S1C,1975,5/12/26 00:30,47.446,
Plot Title: 5S1C,1976,5/12/26 00:45,47.088,
Plot Title: 5S1C,1977,5/12/26 01:00,46.908,
Plot Title: 5S1C,1978,5/12/26 01:15,46.548,
Plot Title: 5S1C,1979,5/12/26 01:30,46.369,
Plot Title: 5S1C,1980,5/12/26 01:45,46.188,
Plot Title: 5S1C,1981,5/12/26 02:00,46.008,
Plot Title: 5S1C,1982,5/12/26 02:15,45.648,
Plot Title: 5S1C,1983,5/12/26 02:30,45.466,
Plot Title: 5S1C,1984,5/12/26 02:45,45.466,
Plot Title: 5S1C,1985,5/12/26 03:00,45.286,
Plot Title: 5S1C,1986,5/12/26 03:15,44.922,
Plot Title: 5S1C,1987,5/12/26 03:30,44.742,
Plot Title: 5S1C,1988,5/12/26 03:45,44.742,
Plot Title: 5S1C,1989,5/12/26 04:00,44.56,
Plot Title: 5S1C,1990,5/12/26 04:15,44.379,
Plot Title: 5S1C,1991,5/12/26 04:30,44.195,
Plot Title: 5S1C,1992,5/12/26 04:45,44.013,
Plot Title: 5S1C,1993,5/12/26 05:00,44.013,
Plot Title: 5S1C,1994,5/12/26 05:15,43.831,
Plot Title: 5S1C,1995,5/12/26 05:30,43.648,
Plot Title: 5S1C,1996,5/12/26 05:45,43.466,
Plot Title: 5S1C,1997,5/12/26 06:00,43.466,
Plot Title: 5S1C,1998,5/12/26 06:15,43.282,
Plot Title: 5S1C,1999,5/12/26 06:30,43.282,
Plot Title: 5S1C,2000,5/12/26 06:45,43.282,
Plot Title: 5S1C,2001,5/12/26 07:00,43.466,
Plot Title: 5S1C,2002,5/12/26 07:15,43.466,
Plot Title: 5S1C,2003,5/12/26 07:30,43.648,
Plot Title: 5S1C,2004,5/12/26 07:45,44.013,
Plot Title: 5S1C,2005,5/12/26 08:00,44.742,
Plot Title: 5S1C,2006,5/12/26 08:15,45.286,
Plot Title: 5S1C,2007,5/12/26 08:30,46.548,
Plot Title: 5S1C,2008,5/12/26 08:45,47.624,
Plot Title: 5S1C,2009,5/12/26 09:00,49.404,
Plot Title: 5S1C,2010,5/12/26 09:15,56.404,
Plot Title: 5S1C,2011,5/12/26 09:30,64.996,
Plot Title: 5S1C,2012,5/12/26 09:45,70.995,
Plot Title: 5S1C,2013,5/12/26 10:00,76.528,
Plot Title: 5S1C,2014,5/12/26 10:15,81.797,
Plot Title: 5S1C,2015,5/12/26 10:30,87.004,
Plot Title: 5S1C,2016,5/12/26 10:45,92.174,
Plot Title: 5S1C,2017,5/12/26 11:00,96.942,
Plot Title: 5S1C,2018,5/12/26 11:15,101.484,
Plot Title: 5S1C,2019,5/12/26 11:30,105.577,
Plot Title: 5S1C,2020,5/12/26 11:45,108.964,
Plot Title: 5S1C,2021,5/12/26 12:00,100.483,
Plot Title: 5S1C,2022,5/12/26 12:15,88.65,
Plot Title: 5S1C,2023,5/12/26 12:30,80.735,
Plot Title: 5S1C,2024,5/12/26 12:45,75.659,
Plot Title: 5S1C,2025,5/12/26 13:00,72.718,
Plot Title: 5S1C,2026,5/12/26 13:15,70.651,
Plot Title: 5S1C,2027,5/12/26 13:30,69.107,
Plot Title: 5S1C,2028,5/12/26 13:45,68.077,
Plot Title: 5S1C,2029,5/12/26 14:00,67.392,
Plot Title: 5S1C,2030,5/12/26 14:15,67.564,
Plot Title: 5S1C,2031,5/12/26 14:30,67.906,
Plot Title: 5S1C,2032,5/12/26 14:45,67.735,
Plot Title: 5S1C,2033,5/12/26 15:00,66.366,
Plot Title: 5S1C,2034,5/12/26 15:15,66.537,
Plot Title: 5S1C,2035,5/12/26 15:30,67.05,
Plot Title: 5S1C,2036,5/12/26 15:45,66.022,
Plot Title: 5S1C,2037,5/12/26 16:00,66.537,
Plot Title: 5S1C,2038,5/12/26 16:15,65.338,
Plot Title: 5S1C,2039,5/12/26 16:30,64.652,
Plot Title: 5S1C,2040,5/12/26 16:45,64.652,
Plot Title: 5S1C,2041,5/12/26 17:00,64.31,
Plot Title: 5S1C,2042,5/12/26 17:15,63.455,
Plot Title: 5S1C,2043,5/12/26 17:30,62.598,
Plot Title: 5S1C,2044,5/12/26 17:45,61.912,
Plot Title: 5S1C,2045,5/12/26 18:00,61.398,
Plot Title: 5S1C,2046,5/12/26 18:15,60.883,
Plot Title: 5S1C,2047,5/12/26 18:30,60.539,
Plot Title: 5S1C,2048,5/12/26 18:45,60.195,
Plot Title: 5S1C,2049,5/12/26 19:00,59.851,
Plot Title: 5S1C,2050,5/12/26 19:15,59.508,
Plot Title: 5S1C,2051,5/12/26 19:30,58.82,
Plot Title: 5S1C,2052,5/12/26 19:45,58.303,
Plot Title: 5S1C,2053,5/12/26 20:00,57.958,
Plot Title: 5S1C,2054,5/12/26 20:15,57.268,
Plot Title: 5S1C,2055,5/12/26 20:30,56.404,
Plot Title: 5S1C,2056,5/12/26 20:45,55.537,
Plot Title: 5S1C,2057,5/12/26 21:00,54.842,
Plot Title: 5S1C,2058,5/12/26 21:15,54.322,
Plot Title: 5S1C,2059,5/12/26 21:30,53.798,
Plot Title: 5S1C,2060,5/12/26 21:45,53.449,
Plot Title: 5S1C,2061,5/12/26 22:00,53.1,
Plot Title: 5S1C,2062,5/12/26 22:15,52.75,
Plot Title: 5S1C,2063,5/12/26 22:30,52.401,
Plot Title: 5S1C,2064,5/12/26 22:45,52.225,
Plot Title: 5S1C,2065,5/12/26 23:00,52.05,
Plot Title: 5S1C,2066,5/12/26 23:15,51.874,
Plot Title: 5S1C,2067,5/12/26 23:30,51.699,
Plot Title: 5S1C,2068,5/12/26 23:45,51.523,
Plot Title: 5S1C,2069,5/13/26 00:00,51.346,
Plot Title: 5S1C,2070,5/13/26 00:15,51.346,
Plot Title: 5S1C,2071,5/13/26 00:30,51.172,
Plot Title: 5S1C,2072,5/13/26 00:45,50.819,
Plot Title: 5S1C,2073,5/13/26 01:00,50.643,
Plot Title: 5S1C,2074,5/13/26 01:15,50.466,
Plot Title: 5S1C,2075,5/13/26 01:30,50.466,
Plot Title: 5S1C,2076,5/13/26 01:45,50.29,
Plot Title: 5S1C,2077,5/13/26 02:00,50.113,
Plot Title: 5S1C,2078,5/13/26 02:15,49.937,
Plot Title: 5S1C,2079,5/13/26 02:30,49.937,
Plot Title: 5S1C,2080,5/13/26 02:45,49.759,
Plot Title: 5S1C,2081,5/13/26 03:00,49.759,
Plot Title: 5S1C,2082,5/13/26 03:15,49.937,
Plot Title: 5S1C,2083,5/13/26 03:30,50.29,
Plot Title: 5S1C,2084,5/13/26 03:45,50.466,
Plot Title: 5S1C,2085,5/13/26 04:00,50.29,
Plot Title: 5S1C,2086,5/13/26 04:15,49.937,
Plot Title: 5S1C,2087,5/13/26 04:30,49.759,
Plot Title: 5S1C,2088,5/13/26 04:45,49.582,
Plot Title: 5S1C,2089,5/13/26 05:00,49.404,
Plot Title: 5S1C,2090,5/13/26 05:15,49.404,
Plot Title: 5S1C,2091,5/13/26 05:30,49.228,
Plot Title: 5S1C,2092,5/13/26 05:45,49.05,
Plot Title: 5S1C,2093,5/13/26 06:00,48.871,
Plot Title: 5S1C,2094,5/13/26 06:15,48.695,
Plot Title: 5S1C,2095,5/13/26 06:30,48.695,
Plot Title: 5S1C,2096,5/13/26 06:45,48.695,
Plot Title: 5S1C,2097,5/13/26 07:00,48.871,
Plot Title: 5S1C,2098,5/13/26 07:15,48.871,
Plot Title: 5S1C,2099,5/13/26 07:30,49.05,
Plot Title: 5S1C,2100,5/13/26 07:45,49.404,
Plot Title: 5S1C,2101,5/13/26 08:00,50.29,
Plot Title: 5S1C,2102,5/13/26 08:15,50.995,
Plot Title: 5S1C,2103,5/13/26 08:30,52.576,
Plot Title: 5S1C,2104,5/13/26 08:45,53.623,
Plot Title: 5S1C,2105,5/13/26 09:00,55.364,
Plot Title: 5S1C,2106,5/13/26 09:15,61.912,
Plot Title: 5S1C,2107,5/13/26 09:30,69.107,
Plot Title: 5S1C,2108,5/13/26 09:45,74.446,
Plot Title: 5S1C,2109,5/13/26 10:00,79.502,
Plot Title: 5S1C,2110,5/13/26 10:15,84.115,
Plot Title: 5S1C,2111,5/13/26 10:30,88.833,
Plot Title: 5S1C,2112,5/13/26 10:45,94.253,
Plot Title: 5S1C,2113,5/13/26 11:00,98.503,
Plot Title: 5S1C,2114,5/13/26 11:15,102.697,
Plot Title: 5S1C,2115,5/13/26 11:30,106.414,
Plot Title: 5S1C,2116,5/13/26 11:45,109.612,
Plot Title: 5S1C,2117,5/13/26 12:00,102.9,
Plot Title: 5S1C,2118,5/13/26 12:15,92.363,
Plot Title: 5S1C,2119,5/13/26 12:30,84.834,
Plot Title: 5S1C,2120,5/13/26 12:45,78.975,
Plot Title: 5S1C,2121,5/13/26 13:00,75.659,
Plot Title: 5S1C,2122,5/13/26 13:15,73.58,
Plot Title: 5S1C,2123,5/13/26 13:30,71.683,
Plot Title: 5S1C,2124,5/13/26 13:45,70.995,
Plot Title: 5S1C,2125,5/13/26 14:00,70.651,
Plot Title: 5S1C,2126,5/13/26 14:15,69.964,
Plot Title: 5S1C,2127,5/13/26 14:30,69.793,
Plot Title: 5S1C,2128,5/13/26 14:45,70.137,
Plot Title: 5S1C,2129,5/13/26 15:00,68.763,
Plot Title: 5S1C,2130,5/13/26 15:15,68.421,
Plot Title: 5S1C,2131,5/13/26 15:30,69.449,
Plot Title: 5S1C,2132,5/13/26 15:45,68.421,
Plot Title: 5S1C,2133,5/13/26 16:00,67.906,
Plot Title: 5S1C,2134,5/13/26 16:15,67.05,
Plot Title: 5S1C,2135,5/13/26 16:30,66.022,
Plot Title: 5S1C,2136,5/13/26 16:45,65.509,
Plot Title: 5S1C,2137,5/13/26 17:00,66.022,
Plot Title: 5S1C,2138,5/13/26 17:15,64.652,
Plot Title: 5S1C,2139,5/13/26 17:30,63.797,
Plot Title: 5S1C,2140,5/13/26 17:45,63.111,
Plot Title: 5S1C,2141,5/13/26 18:00,62.598,
Plot Title: 5S1C,2142,5/13/26 18:15,61.912,
Plot Title: 5S1C,2143,5/13/26 18:30,61.569,
Plot Title: 5S1C,2144,5/13/26 18:45,61.227,
Plot Title: 5S1C,2145,5/13/26 19:00,60.195,
Plot Title: 5S1C,2146,5/13/26 19:15,59.508,
Plot Title: 5S1C,2147,5/13/26 19:30,59.164,
Plot Title: 5S1C,2148,5/13/26 19:45,58.476,
Plot Title: 5S1C,2149,5/13/26 20:00,58.131,
Plot Title: 5S1C,2150,5/13/26 20:15,57.785,
Plot Title: 5S1C,2151,5/13/26 20:30,56.923,
Plot Title: 5S1C,2152,5/13/26 20:45,55.884,
Plot Title: 5S1C,2153,5/13/26 21:00,55.189,
Plot Title: 5S1C,2154,5/13/26 21:15,54.322,
Plot Title: 5S1C,2155,5/13/26 21:30,53.449,
Plot Title: 5S1C,2156,5/13/26 21:45,52.925,
Plot Title: 5S1C,2157,5/13/26 22:00,52.576,
Plot Title: 5S1C,2158,5/13/26 22:15,52.05,
Plot Title: 5S1C,2159,5/13/26 22:30,51.523,
Plot Title: 5S1C,2160,5/13/26 22:45,50.819,
Plot Title: 5S1C,2161,5/13/26 23:00,50.113,
Plot Title: 5S1C,2162,5/13/26 23:15,49.404,
Plot Title: 5S1C,2163,5/13/26 23:30,48.695,
Plot Title: 5S1C,2164,5/13/26 23:45,48.16,
Plot Title: 5S1C,2165,5/14/26 00:00,47.624,
Plot Title: 5S1C,2166,5/14/26 00:15,47.266,
Plot Title: 5S1C,2167,5/14/26 00:30,46.728,
Plot Title: 5S1C,2168,5/14/26 00:45,46.369,
Plot Title: 5S1C,2169,5/14/26 01:00,46.188,
Plot Title: 5S1C,2170,5/14/26 01:15,45.828,
Plot Title: 5S1C,2171,5/14/26 01:30,45.648,
Plot Title: 5S1C,2172,5/14/26 01:45,45.648,
Plot Title: 5S1C,2173,5/14/26 02:00,45.648,
Plot Title: 5S1C,2174,5/14/26 02:15,45.648,
Plot Title: 5S1C,2175,5/14/26 02:30,45.648,
Plot Title: 5S1C,2176,5/14/26 02:45,45.648,
Plot Title: 5S1C,2177,5/14/26 03:00,45.286,
Plot Title: 5S1C,2178,5/14/26 03:15,44.922,
Plot Title: 5S1C,2179,5/14/26 03:30,44.56,
Plot Title: 5S1C,2180,5/14/26 03:45,44.195,
Plot Title: 5S1C,2181,5/14/26 04:00,43.831,
Plot Title: 5S1C,2182,5/14/26 04:15,43.648,
Plot Title: 5S1C,2183,5/14/26 04:30,43.282,
Plot Title: 5S1C,2184,5/14/26 04:45,43.099,
Plot Title: 5S1C,2185,5/14/26 05:00,42.915,
Plot Title: 5S1C,2186,5/14/26 05:15,42.915,
Plot Title: 5S1C,2187,5/14/26 05:30,42.732,
Plot Title: 5S1C,2188,5/14/26 05:45,42.732,
Plot Title: 5S1C,2189,5/14/26 06:00,42.915,
Plot Title: 5S1C,2190,5/14/26 06:15,42.732,
Plot Title: 5S1C,2191,5/14/26 06:30,42.732,
Plot Title: 5S1C,2192,5/14/26 06:45,42.915,
Plot Title: 5S1C,2193,5/14/26 07:00,42.915,
Plot Title: 5S1C,2194,5/14/26 07:15,42.915,
Plot Title: 5S1C,2195,5/14/26 07:30,42.732,
Plot Title: 5S1C,2196,5/14/26 07:45,42.915,
Plot Title: 5S1C,2197,5/14/26 08:00,43.648,
Plot Title: 5S1C,2198,5/14/26 08:15,44.013,
Plot Title: 5S1C,2199,5/14/26 08:30,44.742,
Plot Title: 5S1C,2200,5/14/26 08:45,45.466,
Plot Title: 5S1C,2201,5/14/26 09:00,46.908,
Plot Title: 5S1C,2202,5/14/26 09:15,52.75,
Plot Title: 5S1C,2203,5/14/26 09:30,60.024,
Plot Title: 5S1C,2204,5/14/26 09:45,65.509,
Plot Title: 5S1C,2205,5/14/26 10:00,66.879,
Plot Title: 5S1C,2206,5/14/26 10:15,69.793,
Plot Title: 5S1C,2207,5/14/26 10:30,78.449,
Plot Title: 5S1C,2208,5/14/26 10:45,84.654,
Plot Title: 5S1C,2209,5/14/26 11:00,90.309,
Plot Title: 5S1C,2210,5/14/26 11:15,95.207,
Plot Title: 5S1C,2211,5/14/26 11:30,100.083,
Plot Title: 5S1C,2212,5/14/26 11:45,104.333,
Plot Title: 5S1C,2213,5/14/26 12:00,98.699,
Plot Title: 5S1C,2214,5/14/26 12:15,86.459,
Plot Title: 5S1C,2215,5/14/26 12:30,76.876,
Plot Title: 5S1C,2216,5/14/26 12:45,69.622,
Plot Title: 5S1C,2217,5/14/26 13:00,66.537,
Plot Title: 5S1C,2218,5/14/26 13:15,64.139,
Plot Title: 5S1C,2219,5/14/26 13:30,62.94,
Plot Title: 5S1C,2220,5/14/26 13:45,63.111,
Plot Title: 5S1C,2221,5/14/26 14:00,62.769,
Plot Title: 5S1C,2222,5/14/26 14:15,62.598,
Plot Title: 5S1C,2223,5/14/26 14:30,61.569,
Plot Title: 5S1C,2224,5/14/26 14:45,61.227,
Plot Title: 5S1C,2225,5/14/26 15:00,61.398,
Plot Title: 5S1C,2226,5/14/26 15:15,63.111,
Plot Title: 5S1C,2227,5/14/26 15:30,63.455,
Plot Title: 5S1C,2228,5/14/26 15:45,62.94,
Plot Title: 5S1C,2229,5/14/26 16:00,62.083,
Plot Title: 5S1C,2230,5/14/26 16:15,60.883,
Plot Title: 5S1C,2231,5/14/26 16:30,59.851,
Plot Title: 5S1C,2232,5/14/26 16:45,58.993,
Plot Title: 5S1C,2233,5/14/26 17:00,57.958,
Plot Title: 5S1C,2234,5/14/26 17:15,57.096,
Plot Title: 5S1C,2235,5/14/26 17:30,56.75,
Plot Title: 5S1C,2236,5/14/26 17:45,56.23,
Plot Title: 5S1C,2237,5/14/26 18:00,55.711,
Plot Title: 5S1C,2238,5/14/26 18:15,55.189,
Plot Title: 5S1C,2239,5/14/26 18:30,54.842,
Plot Title: 5S1C,2240,5/14/26 18:45,54.322,
Plot Title: 5S1C,2241,5/14/26 19:00,53.973,
Plot Title: 5S1C,2242,5/14/26 19:15,53.623,
Plot Title: 5S1C,2243,5/14/26 19:30,53.449,
Plot Title: 5S1C,2244,5/14/26 19:45,53.1,
Plot Title: 5S1C,2245,5/14/26 20:00,52.75,
Plot Title: 5S1C,2246,5/14/26 20:15,52.225,
Plot Title: 5S1C,2247,5/14/26 20:30,51.874,
Plot Title: 5S1C,2248,5/14/26 20:45,51.346,
Plot Title: 5S1C,2249,5/14/26 21:00,50.995,
Plot Title: 5S1C,2250,5/14/26 21:15,50.643,
Plot Title: 5S1C,2251,5/14/26 21:30,50.466,
Plot Title: 5S1C,2252,5/14/26 21:45,50.113,
Plot Title: 5S1C,2253,5/14/26 22:00,49.937,
Plot Title: 5S1C,2254,5/14/26 22:15,49.759,
Plot Title: 5S1C,2255,5/14/26 22:30,49.582,
Plot Title: 5S1C,2256,5/14/26 22:45,49.404,
Plot Title: 5S1C,2257,5/14/26 23:00,49.228,
Plot Title: 5S1C,2258,5/14/26 23:15,49.05,
Plot Title: 5S1C,2259,5/14/26 23:30,48.871,
Plot Title: 5S1C,2260,5/14/26 23:45,48.695,
Plot Title: 5S1C,2261,5/15/26 00:00,48.16,
Plot Title: 5S1C,2262,5/15/26 00:15,47.802,
Plot Title: 5S1C,2263,5/15/26 00:30,47.446,
Plot Title: 5S1C,2264,5/15/26 00:45,47.088,
Plot Title: 5S1C,2265,5/15/26 01:00,46.728,
Plot Title: 5S1C,2266,5/15/26 01:15,46.008,
Plot Title: 5S1C,2267,5/15/26 01:30,45.648,
Plot Title: 5S1C,2268,5/15/26 01:45,45.104,
Plot Title: 5S1C,2269,5/15/26 02:00,44.742,
Plot Title: 5S1C,2270,5/15/26 02:15,44.379,
Plot Title: 5S1C,2271,5/15/26 02:30,44.195,
Plot Title: 5S1C,2272,5/15/26 02:45,43.831,
Plot Title: 5S1C,2273,5/15/26 03:00,43.466,
Plot Title: 5S1C,2274,5/15/26 03:15,43.282,
Plot Title: 5S1C,2275,5/15/26 03:30,43.099,
Plot Title: 5S1C,2276,5/15/26 03:45,42.915,
Plot Title: 5S1C,2277,5/15/26 04:00,42.915,
Plot Title: 5S1C,2278,5/15/26 04:15,42.915,
Plot Title: 5S1C,2279,5/15/26 04:30,43.099,
Plot Title: 5S1C,2280,5/15/26 04:45,43.282,
Plot Title: 5S1C,2281,5/15/26 05:00,43.099,
Plot Title: 5S1C,2282,5/15/26 05:15,43.099,
Plot Title: 5S1C,2283,5/15/26 05:30,42.915,
Plot Title: 5S1C,2284,5/15/26 05:45,42.915,
Plot Title: 5S1C,2285,5/15/26 06:00,42.915,
Plot Title: 5S1C,2286,5/15/26 06:15,43.099,
Plot Title: 5S1C,2287,5/15/26 06:30,43.282,
Plot Title: 5S1C,2288,5/15/26 06:45,43.466,
Plot Title: 5S1C,2289,5/15/26 07:00,43.648,
Plot Title: 5S1C,2290,5/15/26 07:15,43.648,
Plot Title: 5S1C,2291,5/15/26 07:30,43.831,
Plot Title: 5S1C,2292,5/15/26 07:45,44.195,
Plot Title: 5S1C,2293,5/15/26 08:00,44.379,
Plot Title: 5S1C,2294,5/15/26 08:15,45.286,
Plot Title: 5S1C,2295,5/15/26 08:30,45.648,
Plot Title: 5S1C,2296,5/15/26 08:45,46.728,
Plot Title: 5S1C,2297,5/15/26 09:00,47.802,
Plot Title: 5S1C,2298,5/15/26 09:15,53.973,
Plot Title: 5S1C,2299,5/15/26 09:30,62.254,
Plot Title: 5S1C,2300,5/15/26 09:45,67.564,
Plot Title: 5S1C,2301,5/15/26 10:00,74.271,
Plot Title: 5S1C,2302,5/15/26 10:15,77.923,
Plot Title: 5S1C,2303,5/15/26 10:30,83.757,
Plot Title: 5S1C,2304,5/15/26 10:45,90.309,
Plot Title: 5S1C,2305,5/15/26 11:00,95.207,
Plot Title: 5S1C,2306,5/15/26 11:15,100.882,
Plot Title: 5S1C,2307,5/15/26 11:30,105.161,
Plot Title: 5S1C,2308,5/15/26 11:45,108.322,
Plot Title: 5S1C,2309,5/15/26 12:00,101.685,
Plot Title: 5S1C,2310,5/15/26 12:15,90.124,
Plot Title: 5S1C,2311,5/15/26 12:30,80.206,
Plot Title: 5S1C,2312,5/15/26 12:45,72.545,
Plot Title: 5S1C,2313,5/15/26 13:00,68.248,
Plot Title: 5S1C,2314,5/15/26 13:15,65.338,
Plot Title: 5S1C,2315,5/15/26 13:30,63.968,
Plot Title: 5S1C,2316,5/15/26 13:45,63.111,
Plot Title: 5S1C,2317,5/15/26 14:00,62.425,
Plot Title: 5S1C,2318,5/15/26 14:15,62.254,
Plot Title: 5S1C,2319,5/15/26 14:30,62.083,
Plot Title: 5S1C,2320,5/15/26 14:45,62.254,
Plot Title: 5S1C,2321,5/15/26 15:00,62.425,
Plot Title: 5S1C,2322,5/15/26 15:15,62.083,
Plot Title: 5S1C,2323,5/15/26 15:30,62.94,
Plot Title: 5S1C,2324,5/15/26 15:45,63.282,
Plot Title: 5S1C,2325,5/15/26 16:00,62.769,
Plot Title: 5S1C,2326,5/15/26 16:15,62.769,
Plot Title: 5S1C,2327,5/15/26 16:30,61.741,
Plot Title: 5S1C,2328,5/15/26 16:45,61.398,
Plot Title: 5S1C,2329,5/15/26 17:00,61.398,
Plot Title: 5S1C,2330,5/15/26 17:15,60.539,
Plot Title: 5S1C,2331,5/15/26 17:30,60.024,
Plot Title: 5S1C,2332,5/15/26 17:45,58.993,
Plot Title: 5S1C,2333,5/15/26 18:00,57.958,
Plot Title: 5S1C,2334,5/15/26 18:15,57.096,
Plot Title: 5S1C,2335,5/15/26 18:30,55.884,
Plot Title: 5S1C,2336,5/15/26 18:45,55.017,
Plot Title: 5S1C,2337,5/15/26 19:00,54.669,
Plot Title: 5S1C,2338,5/15/26 19:15,54.147,
Plot Title: 5S1C,2339,5/15/26 19:30,53.623,
Plot Title: 5S1C,2340,5/15/26 19:45,53.1,
Plot Title: 5S1C,2341,5/15/26 20:00,52.225,
Plot Title: 5S1C,2342,5/15/26 20:15,51.523,
Plot Title: 5S1C,2343,5/15/26 20:30,50.995,
Plot Title: 5S1C,2344,5/15/26 20:45,50.466,
Plot Title: 5S1C,2345,5/15/26 21:00,50.113,
Plot Title: 5S1C,2346,5/15/26 21:15,49.759,
Plot Title: 5S1C,2347,5/15/26 21:30,49.404,
Plot Title: 5S1C,2348,5/15/26 21:45,49.05,
Plot Title: 5S1C,2349,5/15/26 22:00,48.871,
Plot Title: 5S1C,2350,5/15/26 22:15,48.517,
Plot Title: 5S1C,2351,5/15/26 22:30,48.339,
Plot Title: 5S1C,2352,5/15/26 22:45,47.982,
Plot Title: 5S1C,2353,5/15/26 23:00,47.802,
Plot Title: 5S1C,2354,5/15/26 23:15,47.446,
Plot Title: 5S1C,2355,5/15/26 23:30,47.266,
Plot Title: 5S1C,2356,5/15/26 23:45,46.908,
Plot Title: 5S1C,2357,5/16/26 00:00,46.728,
Plot Title: 5S1C,2358,5/16/26 00:15,46.548,
Plot Title: 5S1C,2359,5/16/26 00:30,46.188,
Plot Title: 5S1C,2360,5/16/26 00:45,46.008,
Plot Title: 5S1C,2361,5/16/26 01:00,45.828,
Plot Title: 5S1C,2362,5/16/26 01:15,45.648,
Plot Title: 5S1C,2363,5/16/26 01:30,45.466,
Plot Title: 5S1C,2364,5/16/26 01:45,45.286,
Plot Title: 5S1C,2365,5/16/26 02:00,45.286,
Plot Title: 5S1C,2366,5/16/26 02:15,44.922,
Plot Title: 5S1C,2367,5/16/26 02:30,44.742,
Plot Title: 5S1C,2368,5/16/26 02:45,44.742,
Plot Title: 5S1C,2369,5/16/26 03:00,44.742,
Plot Title: 5S1C,2370,5/16/26 03:15,44.56,
Plot Title: 5S1C,2371,5/16/26 03:30,44.379,
Plot Title: 5S1C,2372,5/16/26 03:45,44.195,
Plot Title: 5S1C,2373,5/16/26 04:00,44.013,
Plot Title: 5S1C,2374,5/16/26 04:15,44.013,
Plot Title: 5S1C,2375,5/16/26 04:30,44.013,
Plot Title: 5S1C,2376,5/16/26 04:45,44.013,
Plot Title: 5S1C,2377,5/16/26 05:00,44.013,
Plot Title: 5S1C,2378,5/16/26 05:15,44.013,
Plot Title: 5S1C,2379,5/16/26 05:30,44.013,
Plot Title: 5S1C,2380,5/16/26 05:45,43.831,
Plot Title: 5S1C,2381,5/16/26 06:00,43.831,
Plot Title: 5S1C,2382,5/16/26 06:15,44.013,
Plot Title: 5S1C,2383,5/16/26 06:30,44.013,
Plot Title: 5S1C,2384,5/16/26 06:45,44.195,
Plot Title: 5S1C,2385,5/16/26 07:00,44.56,
Plot Title: 5S1C,2386,5/16/26 07:15,44.922,
Plot Title: 5S1C,2387,5/16/26 07:30,45.104,
Plot Title: 5S1C,2388,5/16/26 07:45,45.104,
Plot Title: 5S1C,2389,5/16/26 08:00,45.466,
Plot Title: 5S1C,2390,5/16/26 08:15,45.828,
Plot Title: 5S1C,2391,5/16/26 08:30,46.548,
Plot Title: 5S1C,2392,5/16/26 08:45,47.088,
Plot Title: 5S1C,2393,5/16/26 09:00,48.517,
Plot Title: 5S1C,2394,5/16/26 09:15,50.29,
Plot Title: 5S1C,2395,5/16/26 09:30,51.172,
Plot Title: 5S1C,2396,5/16/26 09:45,50.819,
Plot Title: 5S1C,2397,5/16/26 10:00,50.643,
Plot Title: 5S1C,2398,5/16/26 10:15,51.172,
Plot Title: 5S1C,2399,5/16/26 10:30,54.147,
Plot Title: 5S1C,2400,5/16/26 10:45,55.537,
Plot Title: 5S1C,2401,5/16/26 11:00,63.111,
Plot Title: 5S1C,2402,5/16/26 11:15,68.248,
Plot Title: 5S1C,2403,5/16/26 11:30,70.824,
Plot Title: 5S1C,2404,5/16/26 11:45,67.906,
Plot Title: 5S1C,2405,5/16/26 12:00,64.139,
Plot Title: 5S1C,2406,5/16/26 12:15,60.024,
Plot Title: 5S1C,2407,5/16/26 12:30,58.303,
Plot Title: 5S1C,2408,5/16/26 12:45,57.785,
Plot Title: 5S1C,2409,5/16/26 13:00,56.923,
Plot Title: 5S1C,2410,5/16/26 13:15,57.096,
Plot Title: 5S1C,2411,5/16/26 13:30,56.923,
Plot Title: 5S1C,2412,5/16/26 13:45,56.057,
Plot Title: 5S1C,2413,5/16/26 14:00,55.537,
Plot Title: 5S1C,2414,5/16/26 14:15,55.189,
Plot Title: 5S1C,2415,5/16/26 14:30,54.147,
Plot Title: 5S1C,2416,5/16/26 14:45,54.147,
Plot Title: 5S1C,2417,5/16/26 15:00,53.798,
Plot Title: 5S1C,2418,5/16/26 15:15,52.925,
Plot Title: 5S1C,2419,5/16/26 15:30,52.75,
Plot Title: 5S1C,2420,5/16/26 15:45,51.874,
Plot Title: 5S1C,2421,5/16/26 16:00,50.643,
Plot Title: 5S1C,2422,5/16/26 16:15,49.937,
Plot Title: 5S1C,2423,5/16/26 16:30,49.228,
Plot Title: 5S1C,2424,5/16/26 16:45,48.517,
Plot Title: 5S1C,2425,5/16/26 17:00,48.16,
Plot Title: 5S1C,2426,5/16/26 17:15,47.982,
Plot Title: 5S1C,2427,5/16/26 17:30,47.266,
Plot Title: 5S1C,2428,5/16/26 17:45,46.908,
Plot Title: 5S1C,2429,5/16/26 18:00,46.369,
Plot Title: 5S1C,2430,5/16/26 18:15,45.466,
Plot Title: 5S1C,2431,5/16/26 18:30,44.742,
Plot Title: 5S1C,2432,5/16/26 18:45,44.195,
Plot Title: 5S1C,2433,5/16/26 19:00,43.831,
Plot Title: 5S1C,2434,5/16/26 19:15,43.282,
Plot Title: 5S1C,2435,5/16/26 19:30,42.915,
Plot Title: 5S1C,2436,5/16/26 19:45,42.915,
Plot Title: 5S1C,2437,5/16/26 20:00,42.732,
Plot Title: 5S1C,2438,5/16/26 20:15,42.732,
Plot Title: 5S1C,2439,5/16/26 20:30,42.548,
Plot Title: 5S1C,2440,5/16/26 20:45,42.179,
Plot Title: 5S1C,2441,5/16/26 21:00,41.625,
Plot Title: 5S1C,2442,5/16/26 21:15,41.439,
Plot Title: 5S1C,2443,5/16/26 21:30,41.254,
Plot Title: 5S1C,2444,5/16/26 21:45,41.067,
Plot Title: 5S1C,2445,5/16/26 22:00,41.067,
Plot Title: 5S1C,2446,5/16/26 22:15,40.881,
Plot Title: 5S1C,2447,5/16/26 22:30,40.881,
Plot Title: 5S1C,2448,5/16/26 22:45,40.881,
Plot Title: 5S1C,2449,5/16/26 23:00,40.881,
Plot Title: 5S1C,2450,5/16/26 23:15,40.696,
Plot Title: 5S1C,2451,5/16/26 23:30,40.696,
Plot Title: 5S1C,2452,5/16/26 23:45,40.696,
Plot Title: 5S1C,2453,5/17/26 00:00,40.696,
Plot Title: 5S1C,2454,5/17/26 00:15,40.696,
Plot Title: 5S1C,2455,5/17/26 00:30,40.509,
Plot Title: 5S1C,2456,5/17/26 00:45,40.509,
Plot Title: 5S1C,2457,5/17/26 01:00,40.509,
Plot Title: 5S1C,2458,5/17/26 01:15,40.509,
Plot Title: 5S1C,2459,5/17/26 01:30,40.509,
Plot Title: 5S1C,2460,5/17/26 01:45,40.321,
Plot Title: 5S1C,2461,5/17/26 02:00,40.321,
Plot Title: 5S1C,2462,5/17/26 02:15,40.321,
Plot Title: 5S1C,2463,5/17/26 02:30,40.321,
Plot Title: 5S1C,2464,5/17/26 02:45,40.134,
Plot Title: 5S1C,2465,5/17/26 03:00,40.134,
Plot Title: 5S1C,2466,5/17/26 03:15,40.134,
Plot Title: 5S1C,2467,5/17/26 03:30,40.134,
Plot Title: 5S1C,2468,5/17/26 03:45,39.947,
Plot Title: 5S1C,2469,5/17/26 04:00,39.947,
Plot Title: 5S1C,2470,5/17/26 04:15,39.947,
Plot Title: 5S1C,2471,5/17/26 04:30,39.76,
Plot Title: 5S1C,2472,5/17/26 04:45,39.76,
Plot Title: 5S1C,2473,5/17/26 05:00,39.76,
Plot Title: 5S1C,2474,5/17/26 05:15,39.76,
Plot Title: 5S1C,2475,5/17/26 05:30,39.76,
Plot Title: 5S1C,2476,5/17/26 05:45,39.573,
Plot Title: 5S1C,2477,5/17/26 06:00,39.573,
Plot Title: 5S1C,2478,5/17/26 06:15,39.573,
Plot Title: 5S1C,2479,5/17/26 06:30,39.573,
Plot Title: 5S1C,2480,5/17/26 06:45,39.573,
Plot Title: 5S1C,2481,5/17/26 07:00,39.573,
Plot Title: 5S1C,2482,5/17/26 07:15,39.573,
Plot Title: 5S1C,2483,5/17/26 07:30,39.573,
Plot Title: 5S1C,2484,5/17/26 07:45,39.573,
Plot Title: 5S1C,2485,5/17/26 08:00,39.573,
Plot Title: 5S1C,2486,5/17/26 08:15,39.573,
Plot Title: 5S1C,2487,5/17/26 08:30,39.573,
Plot Title: 5S1C,2488,5/17/26 08:45,39.76,
Plot Title: 5S1C,2489,5/17/26 09:00,39.76,
Plot Title: 5S1C,2490,5/17/26 09:15,39.76,
Plot Title: 5S1C,2491,5/17/26 09:30,39.947,
Plot Title: 5S1C,2492,5/17/26 09:45,39.947,
Plot Title: 5S1C,2493,5/17/26 10:00,39.947,
Plot Title: 5S1C,2494,5/17/26 10:15,40.134,
Plot Title: 5S1C,2495,5/17/26 10:30,40.134,
Plot Title: 5S1C,2496,5/17/26 10:45,40.509,
Plot Title: 5S1C,2497,5/17/26 11:00,40.696,
Plot Title: 5S1C,2498,5/17/26 11:15,41.067,
Plot Title: 5S1C,2499,5/17/26 11:30,44.379,
Plot Title: 5S1C,2500,5/17/26 11:45,57.268,
Plot Title: 5S1C,2501,5/17/26 12:00,69.964,
Plot Title: 5S1C,2502,5/17/26 12:15,67.05,
Plot Title: 5S1C,2503,5/17/26 12:30,61.054,
Plot Title: 5S1C,2504,5/17/26 12:45,56.23,
Plot Title: 5S1C,2505,5/17/26 13:00,53.1,
Plot Title: 5S1C,2506,5/17/26 13:15,50.995,
Plot Title: 5S1C,2507,5/17/26 13:30,50.29,
Plot Title: 5S1C,2508,5/17/26 13:45,49.759,
Plot Title: 5S1C,2509,5/17/26 14:00,48.695,
Plot Title: 5S1C,2510,5/17/26 14:15,48.517,
Plot Title: 5S1C,2511,5/17/26 14:30,48.871,
Plot Title: 5S1C,2512,5/17/26 14:45,48.871,
Plot Title: 5S1C,2513,5/17/26 15:00,48.871,
Plot Title: 5S1C,2514,5/17/26 15:15,47.802,
Plot Title: 5S1C,2515,5/17/26 15:30,47.624,
Plot Title: 5S1C,2516,5/17/26 15:45,47.266,
Plot Title: 5S1C,2517,5/17/26 16:00,45.286,
Plot Title: 5S1C,2518,5/17/26 16:15,43.099,
Plot Title: 5S1C,2519,5/17/26 16:30,41.625,
Plot Title: 5S1C,2520,5/17/26 16:45,42.179,
Plot Title: 5S1C,2521,5/17/26 17:00,43.099,
Plot Title: 5S1C,2522,5/17/26 17:15,43.282,
Plot Title: 5S1C,2523,5/17/26 17:30,43.466,
Plot Title: 5S1C,2524,5/17/26 17:45,43.099,
Plot Title: 5S1C,2525,5/17/26 18:00,43.099,
Plot Title: 5S1C,2526,5/17/26 18:15,42.732,
Plot Title: 5S1C,2527,5/17/26 18:30,42.548,
Plot Title: 5S1C,2528,5/17/26 18:45,42.548,
Plot Title: 5S1C,2529,5/17/26 19:00,42.915,
Plot Title: 5S1C,2530,5/17/26 19:15,42.363,
Plot Title: 5S1C,2531,5/17/26 19:30,41.625,
Plot Title: 5S1C,2532,5/17/26 19:45,41.067,
Plot Title: 5S1C,2533,5/17/26 20:00,40.509,
Plot Title: 5S1C,2534,5/17/26 20:15,40.134,
Plot Title: 5S1C,2535,5/17/26 20:30,39.76,
Plot Title: 5S1C,2536,5/17/26 20:45,39.384,
Plot Title: 5S1C,2537,5/17/26 21:00,39.007,
Plot Title: 5S1C,2538,5/17/26 21:15,38.629,
Plot Title: 5S1C,2539,5/17/26 21:30,38.25,
Plot Title: 5S1C,2540,5/17/26 21:45,38.25,
Plot Title: 5S1C,2541,5/17/26 22:00,38.061,
Plot Title: 5S1C,2542,5/17/26 22:15,37.87,
Plot Title: 5S1C,2543,5/17/26 22:30,37.87,
Plot Title: 5S1C,2544,5/17/26 22:45,37.679,
Plot Title: 5S1C,2545,5/17/26 23:00,37.679,
Plot Title: 5S1C,2546,5/17/26 23:15,37.488,
Plot Title: 5S1C,2547,5/17/26 23:30,37.488,
Plot Title: 5S1C,2548,5/17/26 23:45,37.297,
Plot Title: 5S1C,2549,5/18/26 00:00,37.297,
Plot Title: 5S1C,2550,5/18/26 00:15,37.107,
Plot Title: 5S1C,2551,5/18/26 00:30,37.107,
Plot Title: 5S1C,2552,5/18/26 00:45,36.914,
Plot Title: 5S1C,2553,5/18/26 01:00,36.914,
Plot Title: 5S1C,2554,5/18/26 01:15,36.723,
Plot Title: 5S1C,2555,5/18/26 01:30,36.723,
Plot Title: 5S1C,2556,5/18/26 01:45,36.723,
Plot Title: 5S1C,2557,5/18/26 02:00,36.531,
Plot Title: 5S1C,2558,5/18/26 02:15,36.531,
Plot Title: 5S1C,2559,5/18/26 02:30,36.531,
Plot Title: 5S1C,2560,5/18/26 02:45,36.338,
Plot Title: 5S1C,2561,5/18/26 03:00,36.338,
Plot Title: 5S1C,2562,5/18/26 03:15,36.338,
Plot Title: 5S1C,2563,5/18/26 03:30,36.145,
Plot Title: 5S1C,2564,5/18/26 03:45,36.145,
Plot Title: 5S1C,2565,5/18/26 04:00,35.951,
Plot Title: 5S1C,2566,5/18/26 04:15,35.951,
Plot Title: 5S1C,2567,5/18/26 04:30,35.951,
Plot Title: 5S1C,2568,5/18/26 04:45,35.951,
Plot Title: 5S1C,2569,5/18/26 05:00,35.951,
Plot Title: 5S1C,2570,5/18/26 05:15,35.758,
Plot Title: 5S1C,2571,5/18/26 05:30,35.758,
Plot Title: 5S1C,2572,5/18/26 05:45,35.758,
Plot Title: 5S1C,2573,5/18/26 06:00,35.758,
Plot Title: 5S1C,2574,5/18/26 06:15,35.564,
Plot Title: 5S1C,2575,5/18/26 06:30,35.564,
Plot Title: 5S1C,2576,5/18/26 06:45,35.564,
Plot Title: 5S1C,2577,5/18/26 07:00,35.564,
Plot Title: 5S1C,2578,5/18/26 07:15,35.564,
Plot Title: 5S1C,2579,5/18/26 07:30,35.564,
Plot Title: 5S1C,2580,5/18/26 07:45,35.564,
Plot Title: 5S1C,2581,5/18/26 08:00,35.564,
Plot Title: 5S1C,2582,5/18/26 08:15,35.564,
Plot Title: 5S1C,2583,5/18/26 08:30,35.564,
Plot Title: 5S1C,2584,5/18/26 08:45,35.564,
Plot Title: 5S1C,2585,5/18/26 09:00,35.564,
Plot Title: 5S1C,2586,5/18/26 09:15,35.564,
Plot Title: 5S1C,2587,5/18/26 09:30,35.564,
Plot Title: 5S1C,2588,5/18/26 09:45,35.564,
Plot Title: 5S1C,2589,5/18/26 10:00,35.564,
Plot Title: 5S1C,2590,5/18/26 10:15,35.564,
Plot Title: 5S1C,2591,5/18/26 10:30,35.758,
Plot Title: 5S1C,2592,5/18/26 10:45,35.758,
Plot Title: 5S1C,2593,5/18/26 11:00,35.758,
Plot Title: 5S1C,2594,5/18/26 11:15,35.951,
Plot Title: 5S1C,2595,5/18/26 11:30,35.951,
Plot Title: 5S1C,2596,5/18/26 11:45,35.951,
Plot Title: 5S1C,2597,5/18/26 12:00,36.145,
Plot Title: 5S1C,2598,5/18/26 12:15,36.145,
Plot Title: 5S1C,2599,5/18/26 12:30,36.338,
Plot Title: 5S1C,2600,5/18/26 12:45,36.338,
Plot Title: 5S1C,2601,5/18/26 13:00,36.531,
Plot Title: 5S1C,2602,5/18/26 13:15,36.914,
Plot Title: 5S1C,2603,5/18/26 13:30,37.107,
Plot Title: 5S1C,2604,5/18/26 13:45,37.87,
Plot Title: 5S1C,2605,5/18/26 14:00,39.007,
Plot Title: 5S1C,2606,5/18/26 14:15,40.134,
Plot Title: 5S1C,2607,5/18/26 14:30,40.696,
Plot Title: 5S1C,2608,5/18/26 14:45,41.254,
Plot Title: 5S1C,2609,5/18/26 15:00,41.994,
Plot Title: 5S1C,2610,5/18/26 15:15,42.915,
Plot Title: 5S1C,2611,5/18/26 15:30,43.648,
Plot Title: 5S1C,2612,5/18/26 15:45,44.013,
Plot Title: 5S1C,2613,5/18/26 16:00,44.742,
Plot Title: 5S1C,2614,5/18/26 16:15,45.104,
Plot Title: 5S1C,2615,5/18/26 16:30,45.104,
Plot Title: 5S1C,2616,5/18/26 16:45,44.922,
Plot Title: 5S1C,2617,5/18/26 17:00,46.369,
Plot Title: 5S1C,2618,5/18/26 17:15,47.088,
Plot Title: 5S1C,2619,5/18/26 17:30,45.648,
Plot Title: 5S1C,2620,5/18/26 17:45,44.742,
Plot Title: 5S1C,2621,5/18/26 18:00,43.831,
Plot Title: 5S1C,2622,5/18/26 18:15,42.363,
Plot Title: 5S1C,2623,5/18/26 18:30,41.439,
Plot Title: 5S1C,2624,5/18/26 18:45,40.696,
Plot Title: 5S1C,2625,5/18/26 19:00,40.321,
Plot Title: 5S1C,2626,5/18/26 19:15,39.947,
Plot Title: 5S1C,2627,5/18/26 19:30,39.573,
Plot Title: 5S1C,2628,5/18/26 19:45,39.196,
Plot Title: 5S1C,2629,5/18/26 20:00,38.629,
Plot Title: 5S1C,2630,5/18/26 20:15,38.25,
Plot Title: 5S1C,2631,5/18/26 20:30,37.87,
Plot Title: 5S1C,2632,5/18/26 20:45,37.488,
Plot Title: 5S1C,2633,5/18/26 21:00,37.107,
Plot Title: 5S1C,2634,5/18/26 21:15,36.914,
Plot Title: 5S1C,2635,5/18/26 21:30,36.914,
Plot Title: 5S1C,2636,5/18/26 21:45,36.723,
Plot Title: 5S1C,2637,5/18/26 22:00,36.531,
Plot Title: 5S1C,2638,5/18/26 22:15,36.531,
Plot Title: 5S1C,2639,5/18/26 22:30,36.338,
Plot Title: 5S1C,2640,5/18/26 22:45,36.145,
Plot Title: 5S1C,2641,5/18/26 23:00,36.145,
Plot Title: 5S1C,2642,5/18/26 23:15,35.951,
Plot Title: 5S1C,2643,5/18/26 23:30,35.951,
Plot Title: 5S1C,2644,5/18/26 23:45,35.758,
Plot Title: 5S1C,2645,5/19/26 00:00,35.564,
Plot Title: 5S1C,2646,5/19/26 00:15,35.564,
Plot Title: 5S1C,2647,5/19/26 00:30,35.37,
Plot Title: 5S1C,2648,5/19/26 00:45,35.175,
Plot Title: 5S1C,2649,5/19/26 01:00,35.175,
Plot Title: 5S1C,2650,5/19/26 01:15,34.981,
Plot Title: 5S1C,2651,5/19/26 01:30,34.981,
Plot Title: 5S1C,2652,5/19/26 01:45,34.786,
Plot Title: 5S1C,2653,5/19/26 02:00,34.786,
Plot Title: 5S1C,2654,5/19/26 02:15,34.59,
Plot Title: 5S1C,2655,5/19/26 02:30,34.59,
Plot Title: 5S1C,2656,5/19/26 02:45,34.59,
Plot Title: 5S1C,2657,5/19/26 03:00,34.394,
Plot Title: 5S1C,2658,5/19/26 03:15,34.394,
Plot Title: 5S1C,2659,5/19/26 03:30,34.198,
Plot Title: 5S1C,2660,5/19/26 03:45,34.198,
Plot Title: 5S1C,2661,5/19/26 04:00,34.002,
Plot Title: 5S1C,2662,5/19/26 04:15,34.002,
Plot Title: 5S1C,2663,5/19/26 04:30,33.805,
Plot Title: 5S1C,2664,5/19/26 04:45,33.805,
Plot Title: 5S1C,2665,5/19/26 05:00,33.607,
Plot Title: 5S1C,2666,5/19/26 05:15,33.607,
Plot Title: 5S1C,2667,5/19/26 05:30,33.411,
Plot Title: 5S1C,2668,5/19/26 05:45,33.411,
Plot Title: 5S1C,2669,5/19/26 06:00,33.213,
Plot Title: 5S1C,2670,5/19/26 06:15,33.213,
Plot Title: 5S1C,2671,5/19/26 06:30,33.013,
Plot Title: 5S1C,2672,5/19/26 06:45,32.815,
Plot Title: 5S1C,2673,5/19/26 07:00,32.815,
Plot Title: 5S1C,2674,5/19/26 07:15,32.617,
Plot Title: 5S1C,2675,5/19/26 07:30,32.418,
Plot Title: 5S1C,2676,5/19/26 07:45,32.617,
Plot Title: 5S1C,2677,5/19/26 08:00,32.815,
Plot Title: 5S1C,2678,5/19/26 08:15,33.213,
Plot Title: 5S1C,2679,5/19/26 08:30,33.411,
Plot Title: 5S1C,2680,5/19/26 08:45,33.607,
Plot Title: 5S1C,2681,5/19/26 09:00,33.607,
Plot Title: 5S1C,2682,5/19/26 09:15,33.805,
Plot Title: 5S1C,2683,5/19/26 09:30,34.981,
Plot Title: 5S1C,2684,5/19/26 09:45,37.87,
Plot Title: 5S1C,2685,5/19/26 10:00,42.548,
Plot Title: 5S1C,2686,5/19/26 10:15,50.995,
Plot Title: 5S1C,2687,5/19/26 10:30,59.337,
Plot Title: 5S1C,2688,5/19/26 10:45,65.167,
Plot Title: 5S1C,2689,5/19/26 11:00,68.934,
Plot Title: 5S1C,2690,5/19/26 11:15,71.683,
Plot Title: 5S1C,2691,5/19/26 11:30,75.139,
Plot Title: 5S1C,2692,5/19/26 11:45,76.876,
Plot Title: 5S1C,2693,5/19/26 12:00,75.312,
Plot Title: 5S1C,2694,5/19/26 12:15,69.622,
Plot Title: 5S1C,2695,5/19/26 12:30,64.31,
Plot Title: 5S1C,2696,5/19/26 12:45,60.539,
Plot Title: 5S1C,2697,5/19/26 13:00,58.476,
Plot Title: 5S1C,2698,5/19/26 13:15,56.923,
Plot Title: 5S1C,2699,5/19/26 13:30,55.884,
Plot Title: 5S1C,2700,5/19/26 13:45,54.842,
Plot Title: 5S1C,2701,5/19/26 14:00,53.973,
Plot Title: 5S1C,2702,5/19/26 14:15,53.449,
Plot Title: 5S1C,2703,5/19/26 14:30,52.925,
Plot Title: 5S1C,2704,5/19/26 14:45,52.401,
Plot Title: 5S1C,2705,5/19/26 15:00,51.874,
Plot Title: 5S1C,2706,5/19/26 15:15,52.05,
Plot Title: 5S1C,2707,5/19/26 15:30,52.05,
Plot Title: 5S1C,2708,5/19/26 15:45,51.874,
Plot Title: 5S1C,2709,5/19/26 16:00,52.225,
Plot Title: 5S1C,2710,5/19/26 16:15,52.05,
Plot Title: 5S1C,2711,5/19/26 16:30,51.523,
Plot Title: 5S1C,2712,5/19/26 16:45,51.346,
Plot Title: 5S1C,2713,5/19/26 17:00,52.225,
Plot Title: 5S1C,2714,5/19/26 17:15,52.225,
Plot Title: 5S1C,2715,5/19/26 17:30,50.643,
Plot Title: 5S1C,2716,5/19/26 17:45,49.937,
Plot Title: 5S1C,2717,5/19/26 18:00,49.937,
Plot Title: 5S1C,2718,5/19/26 18:15,49.228,
Plot Title: 5S1C,2719,5/19/26 18:30,48.517,
Plot Title: 5S1C,2720,5/19/26 18:45,47.982,
Plot Title: 5S1C,2721,5/19/26 19:00,47.446,
Plot Title: 5S1C,2722,5/19/26 19:15,47.266,
Plot Title: 5S1C,2723,5/19/26 19:30,47.088,
Plot Title: 5S1C,2724,5/19/26 19:45,46.728,
Plot Title: 5S1C,2725,5/19/26 20:00,46.369,
Plot Title: 5S1C,2726,5/19/26 20:15,45.648,
Plot Title: 5S1C,2727,5/19/26 20:30,45.104,
Plot Title: 5S1C,2728,5/19/26 20:45,44.56,
Plot Title: 5S1C,2729,5/19/26 21:00,44.013,
Plot Title: 5S1C,2730,5/19/26 21:15,43.466,
Plot Title: 5S1C,2731,5/19/26 21:30,42.915,
Plot Title: 5S1C,2732,5/19/26 21:45,42.363,
Plot Title: 5S1C,2733,5/19/26 22:00,41.625,
Plot Title: 5S1C,2734,5/19/26 22:15,41.254,
Plot Title: 5S1C,2735,5/19/26 22:30,40.696,
Plot Title: 5S1C,2736,5/19/26 22:45,40.321,
Plot Title: 5S1C,2737,5/19/26 23:00,40.134,
Plot Title: 5S1C,2738,5/19/26 23:15,39.76,
Plot Title: 5S1C,2739,5/19/26 23:30,39.573,
Plot Title: 5S1C,2740,5/19/26 23:45,39.384,
Plot Title: 5S1C,2741,5/20/26 00:00,39.573,
Plot Title: 5S1C,2742,5/20/26 00:15,39.76,
Plot Title: 5S1C,2743,5/20/26 00:30,39.76,
Plot Title: 5S1C,2744,5/20/26 00:45,39.76,
Plot Title: 5S1C,2745,5/20/26 01:00,39.384,
Plot Title: 5S1C,2746,5/20/26 01:15,39.196,
Plot Title: 5S1C,2747,5/20/26 01:30,39.384,
Plot Title: 5S1C,2748,5/20/26 01:45,39.196,
Plot Title: 5S1C,2749,5/20/26 02:00,39.196,
Plot Title: 5S1C,2750,5/20/26 02:15,38.818,
Plot Title: 5S1C,2751,5/20/26 02:30,38.629,
Plot Title: 5S1C,2752,5/20/26 02:45,38.44,
Plot Title: 5S1C,2753,5/20/26 03:00,38.061,
Plot Title: 5S1C,2754,5/20/26 03:15,38.061,
Plot Title: 5S1C,2755,5/20/26 03:30,37.87,
Plot Title: 5S1C,2756,5/20/26 03:45,37.679,
Plot Title: 5S1C,2757,5/20/26 04:00,37.488,
Plot Title: 5S1C,2758,5/20/26 04:15,37.488,
Plot Title: 5S1C,2759,5/20/26 04:30,37.297,
Plot Title: 5S1C,2760,5/20/26 04:45,37.107,
Plot Title: 5S1C,2761,5/20/26 05:00,37.107,
Plot Title: 5S1C,2762,5/20/26 05:15,36.914,
Plot Title: 5S1C,2763,5/20/26 05:30,36.914,
Plot Title: 5S1C,2764,5/20/26 05:45,36.914,
Plot Title: 5S1C,2765,5/20/26 06:00,36.914,
Plot Title: 5S1C,2766,5/20/26 06:15,36.914,
Plot Title: 5S1C,2767,5/20/26 06:30,37.107,
Plot Title: 5S1C,2768,5/20/26 06:45,37.297,
Plot Title: 5S1C,2769,5/20/26 07:00,37.679,
Plot Title: 5S1C,2770,5/20/26 07:15,38.061,
Plot Title: 5S1C,2771,5/20/26 07:30,38.25,
Plot Title: 5S1C,2772,5/20/26 07:45,38.25,
Plot Title: 5S1C,2773,5/20/26 08:00,39.196,
Plot Title: 5S1C,2774,5/20/26 08:15,40.134,
Plot Title: 5S1C,2775,5/20/26 08:30,40.509,
Plot Title: 5S1C,2776,5/20/26 08:45,40.881,
Plot Title: 5S1C,2777,5/20/26 09:00,42.732,
Plot Title: 5S1C,2778,5/20/26 09:15,43.648,
Plot Title: 5S1C,2779,5/20/26 09:30,48.339,
Plot Title: 5S1C,2780,5/20/26 09:45,53.798,
Plot Title: 5S1C,2781,5/20/26 10:00,56.923,
Plot Title: 5S1C,2782,5/20/26 10:15,54.669,
Plot Title: 5S1C,2783,5/20/26 10:30,56.404,
Plot Title: 5S1C,2784,5/20/26 10:45,52.925,
Plot Title: 5S1C,2785,5/20/26 11:00,61.912,
Plot Title: 5S1C,2786,5/20/26 11:15,63.626,
Plot Title: 5S1C,2787,5/20/26 11:30,61.054,
Plot Title: 5S1C,2788,5/20/26 11:45,60.195,
Plot Title: 5S1C,2789,5/20/26 12:00,61.741,
Plot Title: 5S1C,2790,5/20/26 12:15,60.368,
Plot Title: 5S1C,2791,5/20/26 12:30,58.647,
Plot Title: 5S1C,2792,5/20/26 12:45,57.096,
Plot Title: 5S1C,2793,5/20/26 13:00,56.23,
Plot Title: 5S1C,2794,5/20/26 13:15,55.711,
Plot Title: 5S1C,2795,5/20/26 13:30,54.147,
Plot Title: 5S1C,2796,5/20/26 13:45,52.401,
Plot Title: 5S1C,2797,5/20/26 14:00,52.401,
Plot Title: 5S1C,2798,5/20/26 14:15,52.401,
Plot Title: 5S1C,2799,5/20/26 14:30,52.576,
Plot Title: 5S1C,2800,5/20/26 14:45,53.1,
Plot Title: 5S1C,2801,5/20/26 15:00,53.1,
Plot Title: 5S1C,2802,5/20/26 15:15,52.576,
Plot Title: 5S1C,2803,5/20/26 15:30,52.75,
Plot Title: 5S1C,2804,5/20/26 15:45,52.75,
Plot Title: 5S1C,2805,5/20/26 16:00,52.75,
Plot Title: 5S1C,2806,5/20/26 16:15,52.225,
Plot Title: 5S1C,2807,5/20/26 16:30,51.874,
Plot Title: 5S1C,2808,5/20/26 16:45,51.874,
Plot Title: 5S1C,2809,5/20/26 17:00,51.874,
Plot Title: 5S1C,2810,5/20/26 17:15,50.995,
Plot Title: 5S1C,2811,5/20/26 17:30,50.466,
Plot Title: 5S1C,2812,5/20/26 17:45,50.113,
Plot Title: 5S1C,2813,5/20/26 18:00,49.228,
Plot Title: 5S1C,2814,5/20/26 18:15,48.871,
Plot Title: 5S1C,2815,5/20/26 18:30,48.695,
Plot Title: 5S1C,2816,5/20/26 18:45,48.517,
Plot Title: 5S1C,2817,5/20/26 19:00,48.517,
Plot Title: 5S1C,2818,5/20/26 19:15,48.16,
Plot Title: 5S1C,2819,5/20/26 19:30,47.446,
Plot Title: 5S1C,2820,5/20/26 19:45,46.728,
Plot Title: 5S1C,2821,5/20/26 20:00,46.008,
Plot Title: 5S1C,2822,5/20/26 20:15,45.466,
Plot Title: 5S1C,2823,5/20/26 20:30,44.922,
Plot Title: 5S1C,2824,5/20/26 20:45,44.379,
Plot Title: 5S1C,2825,5/20/26 21:00,44.013,
Plot Title: 5S1C,2826,5/20/26 21:15,43.648,
Plot Title: 5S1C,2827,5/20/26 21:30,43.466,
Plot Title: 5S1C,2828,5/20/26 21:45,43.099,
Plot Title: 5S1C,2829,5/20/26 22:00,42.732,
Plot Title: 5S1C,2830,5/20/26 22:15,42.548,
Plot Title: 5S1C,2831,5/20/26 22:30,42.363,
Plot Title: 5S1C,2832,5/20/26 22:45,42.363,
Plot Title: 5S1C,2833,5/20/26 23:00,42.179,
Plot Title: 5S1C,2834,5/20/26 23:15,41.81,
Plot Title: 5S1C,2835,5/20/26 23:30,40.696,
Plot Title: 5S1C,2836,5/20/26 23:45,40.134,
Plot Title: 5S1C,2837,5/21/26 00:00,39.76,
Plot Title: 5S1C,2838,5/21/26 00:15,39.76,
Plot Title: 5S1C,2839,5/21/26 00:30,39.573,
Plot Title: 5S1C,2840,5/21/26 00:45,39.573,
Plot Title: 5S1C,2841,5/21/26 01:00,39.573,
Plot Title: 5S1C,2842,5/21/26 01:15,39.573,
Plot Title: 5S1C,2843,5/21/26 01:30,39.573,
Plot Title: 5S1C,2844,5/21/26 01:45,39.573,
Plot Title: 5S1C,2845,5/21/26 02:00,39.573,
Plot Title: 5S1C,2846,5/21/26 02:15,39.573,
Plot Title: 5S1C,2847,5/21/26 02:30,39.384,
Plot Title: 5S1C,2848,5/21/26 02:45,39.384,
Plot Title: 5S1C,2849,5/21/26 03:00,39.384,
Plot Title: 5S1C,2850,5/21/26 03:15,39.384,
Plot Title: 5S1C,2851,5/21/26 03:30,39.384,
Plot Title: 5S1C,2852,5/21/26 03:45,39.196,
Plot Title: 5S1C,2853,5/21/26 04:00,39.196,
Plot Title: 5S1C,2854,5/21/26 04:15,39.196,
Plot Title: 5S1C,2855,5/21/26 04:30,39.007,
Plot Title: 5S1C,2856,5/21/26 04:45,39.007,
Plot Title: 5S1C,2857,5/21/26 05:00,39.007,
Plot Title: 5S1C,2858,5/21/26 05:15,38.818,
Plot Title: 5S1C,2859,5/21/26 05:30,38.629,
Plot Title: 5S1C,2860,5/21/26 05:45,38.629,
Plot Title: 5S1C,2861,5/21/26 06:00,38.629,
Plot Title: 5S1C,2862,5/21/26 06:15,38.629,
Plot Title: 5S1C,2863,5/21/26 06:30,38.629,
Plot Title: 5S1C,2864,5/21/26 06:45,38.629,
Plot Title: 5S1C,2865,5/21/26 07:00,38.629,
Plot Title: 5S1C,2866,5/21/26 07:15,38.629,
Plot Title: 5S1C,2867,5/21/26 07:30,38.629,
Plot Title: 5S1C,2868,5/21/26 07:45,38.629,
Plot Title: 5S1C,2869,5/21/26 08:00,38.818,
Plot Title: 5S1C,2870,5/21/26 08:15,39.007,
Plot Title: 5S1C,2871,5/21/26 08:30,39.007,
Plot Title: 5S1C,2872,5/21/26 08:45,39.007,
Plot Title: 5S1C,2873,5/21/26 09:00,39.196,
Plot Title: 5S1C,2874,5/21/26 09:15,39.196,
Plot Title: 5S1C,2875,5/21/26 09:30,39.007,
Plot Title: 5S1C,2876,5/21/26 09:45,39.196,
Plot Title: 5S1C,2877,5/21/26 10:00,39.573,
Plot Title: 5S1C,2878,5/21/26 10:15,40.134,
Plot Title: 5S1C,2879,5/21/26 10:30,40.509,
Plot Title: 5S1C,2880,5/21/26 10:45,41.254,
Plot Title: 5S1C,2881,5/21/26 11:00,41.254,
Plot Title: 5S1C,2882,5/21/26 11:15,40.881,
Plot Title: 5S1C,2883,5/21/26 11:30,40.696,
Plot Title: 5S1C,2884,5/21/26 11:45,41.067,
Plot Title: 5S1C,2885,5/21/26 12:00,41.254,
Plot Title: 5S1C,2886,5/21/26 12:15,42.363,
Plot Title: 5S1C,2887,5/21/26 12:30,43.099,
Plot Title: 5S1C,2888,5/21/26 12:45,43.831,
Plot Title: 5S1C,2889,5/21/26 13:00,43.831,
Plot Title: 5S1C,2890,5/21/26 13:15,42.915,
Plot Title: 5S1C,2891,5/21/26 13:30,42.915,
Plot Title: 5S1C,2892,5/21/26 13:45,43.099,
Plot Title: 5S1C,2893,5/21/26 14:00,43.282,
Plot Title: 5S1C,2894,5/21/26 14:15,42.732,
Plot Title: 5S1C,2895,5/21/26 14:30,42.915,
Plot Title: 5S1C,2896,5/21/26 14:45,43.648,
Plot Title: 5S1C,2897,5/21/26 15:00,44.56,
Plot Title: 5S1C,2898,5/21/26 15:15,46.188,
Plot Title: 5S1C,2899,5/21/26 15:30,47.088,
Plot Title: 5S1C,2900,5/21/26 15:45,47.266,
Plot Title: 5S1C,2901,5/21/26 16:00,49.228,
Plot Title: 5S1C,2902,5/21/26 16:15,48.517,
Plot Title: 5S1C,2903,5/21/26 16:30,47.624,
Plot Title: 5S1C,2904,5/21/26 16:45,46.728,
Plot Title: 5S1C,2905,5/21/26 17:00,46.188,
Plot Title: 5S1C,2906,5/21/26 17:15,46.008,
Plot Title: 5S1C,2907,5/21/26 17:30,45.648,
Plot Title: 5S1C,2908,5/21/26 17:45,45.466,
Plot Title: 5S1C,2909,5/21/26 18:00,45.648,
Plot Title: 5S1C,2910,5/21/26 18:15,45.828,
Plot Title: 5S1C,2911,5/21/26 18:30,45.286,
Plot Title: 5S1C,2912,5/21/26 18:45,45.104,
Plot Title: 5S1C,2913,5/21/26 19:00,44.379,
Plot Title: 5S1C,2914,5/21/26 19:15,44.013,
Plot Title: 5S1C,2915,5/21/26 19:30,43.648,
Plot Title: 5S1C,2916,5/21/26 19:45,43.099,
Plot Title: 5S1C,2917,5/21/26 20:00,42.363,
Plot Title: 5S1C,2918,5/21/26 20:15,41.81,
Plot Title: 5S1C,2919,5/21/26 20:30,41.439,
Plot Title: 5S1C,2920,5/21/26 20:45,41.067,
Plot Title: 5S1C,2921,5/21/26 21:00,40.321,
Plot Title: 5S1C,2922,5/21/26 21:15,39.76,
Plot Title: 5S1C,2923,5/21/26 21:30,39.384,
Plot Title: 5S1C,2924,5/21/26 21:45,38.818,
Plot Title: 5S1C,2925,5/21/26 22:00,38.629,
Plot Title: 5S1C,2926,5/21/26 22:15,38.25,
Plot Title: 5S1C,2927,5/21/26 22:30,38.061,
Plot Title: 5S1C,2928,5/21/26 22:45,37.679,
Plot Title: 5S1C,2929,5/21/26 23:00,37.488,
Plot Title: 5S1C,2930,5/21/26 23:15,37.297,
Plot Title: 5S1C,2931,5/21/26 23:30,37.107,
Plot Title: 5S1C,2932,5/21/26 23:45,36.914,
Plot Title: 5S1C,2933,5/22/26 00:00,36.723,
Plot Title: 5S1C,2934,5/22/26 00:15,36.723,
Plot Title: 5S1C,2935,5/22/26 00:30,36.531,
Plot Title: 5S1C,2936,5/22/26 00:45,36.531,
Plot Title: 5S1C,2937,5/22/26 01:00,36.338,
Plot Title: 5S1C,2938,5/22/26 01:15,36.338,
Plot Title: 5S1C,2939,5/22/26 01:30,36.145,
Plot Title: 5S1C,2940,5/22/26 01:45,36.338,
Plot Title: 5S1C,2941,5/22/26 02:00,36.338,
Plot Title: 5S1C,2942,5/22/26 02:15,36.145,
Plot Title: 5S1C,2943,5/22/26 02:30,36.145,
Plot Title: 5S1C,2944,5/22/26 02:45,36.145,
Plot Title: 5S1C,2945,5/22/26 03:00,36.145,
Plot Title: 5S1C,2946,5/22/26 03:15,35.951,
Plot Title: 5S1C,2947,5/22/26 03:30,35.951,
Plot Title: 5S1C,2948,5/22/26 03:45,35.951,
Plot Title: 5S1C,2949,5/22/26 04:00,35.951,
Plot Title: 5S1C,2950,5/22/26 04:15,35.758,
Plot Title: 5S1C,2951,5/22/26 04:30,35.758,
Plot Title: 5S1C,2952,5/22/26 04:45,35.758,
Plot Title: 5S1C,2953,5/22/26 05:00,35.758,
Plot Title: 5S1C,2954,5/22/26 05:15,35.564,
Plot Title: 5S1C,2955,5/22/26 05:30,35.564,
Plot Title: 5S1C,2956,5/22/26 05:45,35.564,
Plot Title: 5S1C,2957,5/22/26 06:00,35.37,
Plot Title: 5S1C,2958,5/22/26 06:15,35.37,
Plot Title: 5S1C,2959,5/22/26 06:30,35.37,
Plot Title: 5S1C,2960,5/22/26 06:45,35.37,
Plot Title: 5S1C,2961,5/22/26 07:00,35.175,
Plot Title: 5S1C,2962,5/22/26 07:15,35.175,
Plot Title: 5S1C,2963,5/22/26 07:30,35.175,
Plot Title: 5S1C,2964,5/22/26 07:45,35.175,
Plot Title: 5S1C,2965,5/22/26 08:00,35.37,
Plot Title: 5S1C,2966,5/22/26 08:15,35.564,
Plot Title: 5S1C,2967,5/22/26 08:30,35.951,
Plot Title: 5S1C,2968,5/22/26 08:45,36.723,
Plot Title: 5S1C,2969,5/22/26 09:00,37.87,
Plot Title: 5S1C,2970,5/22/26 09:15,39.947,
Plot Title: 5S1C,2971,5/22/26 09:30,42.732,
Plot Title: 5S1C,2972,5/22/26 09:45,49.05,
Plot Title: 5S1C,2973,5/22/26 10:00,56.577,
Plot Title: 5S1C,2974,5/22/26 10:15,61.054,
Plot Title: 5S1C,2975,5/22/26 10:30,64.139,
Plot Title: 5S1C,2976,5/22/26 10:45,60.883,
Plot Title: 5S1C,2977,5/22/26 11:00,64.139,
Plot Title: 5S1C,2978,5/22/26 11:15,60.368,
Plot Title: 5S1C,2979,5/22/26 11:30,63.797,
Plot Title: 5S1C,2980,5/22/26 11:45,61.398,
Plot Title: 5S1C,2981,5/22/26 12:00,68.934,
Plot Title: 5S1C,2982,5/22/26 12:15,67.735,
Plot Title: 5S1C,2983,5/22/26 12:30,61.227,
Plot Title: 5S1C,2984,5/22/26 12:45,57.785,
Plot Title: 5S1C,2985,5/22/26 13:00,55.884,
Plot Title: 5S1C,2986,5/22/26 13:15,54.322,
Plot Title: 5S1C,2987,5/22/26 13:30,53.274,
Plot Title: 5S1C,2988,5/22/26 13:45,52.576,
Plot Title: 5S1C,2989,5/22/26 14:00,51.874,
Plot Title: 5S1C,2990,5/22/26 14:15,51.346,
Plot Title: 5S1C,2991,5/22/26 14:30,50.643,
Plot Title: 5S1C,2992,5/22/26 14:45,51.172,
Plot Title: 5S1C,2993,5/22/26 15:00,51.346,
Plot Title: 5S1C,2994,5/22/26 15:15,51.699,
Plot Title: 5S1C,2995,5/22/26 15:30,51.699,
Plot Title: 5S1C,2996,5/22/26 15:45,52.576,
Plot Title: 5S1C,2997,5/22/26 16:00,53.1,
Plot Title: 5S1C,2998,5/22/26 16:15,51.874,
Plot Title: 5S1C,2999,5/22/26 16:30,50.643,
Plot Title: 5S1C,3000,5/22/26 16:45,50.819,
Plot Title: 5S1C,3001,5/22/26 17:00,51.172,
Plot Title: 5S1C,3002,5/22/26 17:15,50.819,
Plot Title: 5S1C,3003,5/22/26 17:30,50.819,
Plot Title: 5S1C,3004,5/22/26 17:45,50.643,
Plot Title: 5S1C,3005,5/22/26 18:00,50.466,
Plot Title: 5S1C,3006,5/22/26 18:15,50.113,
Plot Title: 5S1C,3007,5/22/26 18:30,49.937,
Plot Title: 5S1C,3008,5/22/26 18:45,49.582,
Plot Title: 5S1C,3009,5/22/26 19:00,49.228,
Plot Title: 5S1C,3010,5/22/26 19:15,48.517,
Plot Title: 5S1C,3011,5/22/26 19:30,47.802,
Plot Title: 5S1C,3012,5/22/26 19:45,47.446,
Plot Title: 5S1C,3013,5/22/26 20:00,47.266,
Plot Title: 5S1C,3014,5/22/26 20:15,46.728,
Plot Title: 5S1C,3015,5/22/26 20:30,46.188,
Plot Title: 5S1C,3016,5/22/26 20:45,45.466,
Plot Title: 5S1C,3017,5/22/26 21:00,44.922,
Plot Title: 5S1C,3018,5/22/26 21:15,44.56,
Plot Title: 5S1C,3019,5/22/26 21:30,44.195,
Plot Title: 5S1C,3020,5/22/26 21:45,43.831,
Plot Title: 5S1C,3021,5/22/26 22:00,43.466,
Plot Title: 5S1C,3022,5/22/26 22:15,43.282,
Plot Title: 5S1C,3023,5/22/26 22:30,43.099,
Plot Title: 5S1C,3024,5/22/26 22:45,42.915,
Plot Title: 5S1C,3025,5/22/26 23:00,42.915,
Plot Title: 5S1C,3026,5/22/26 23:15,42.915,
Plot Title: 5S1C,3027,5/22/26 23:30,42.915,
Plot Title: 5S1C,3028,5/22/26 23:45,42.915,
Plot Title: 5S1C,3029,5/23/26 00:00,42.915,
Plot Title: 5S1C,3030,5/23/26 00:15,42.915,
Plot Title: 5S1C,3031,5/23/26 00:30,42.732,
Plot Title: 5S1C,3032,5/23/26 00:45,42.548,
Plot Title: 5S1C,3033,5/23/26 01:00,42.548,
Plot Title: 5S1C,3034,5/23/26 01:15,42.548,
Plot Title: 5S1C,3035,5/23/26 01:30,42.548,
Plot Title: 5S1C,3036,5/23/26 01:45,42.548,
Plot Title: 5S1C,3037,5/23/26 02:00,42.548,
Plot Title: 5S1C,3038,5/23/26 02:15,42.548,
Plot Title: 5S1C,3039,5/23/26 02:30,42.548,
Plot Title: 5S1C,3040,5/23/26 02:45,42.179,
Plot Title: 5S1C,3041,5/23/26 03:00,41.994,
Plot Title: 5S1C,3042,5/23/26 03:15,41.994,
Plot Title: 5S1C,3043,5/23/26 03:30,41.994,
Plot Title: 5S1C,3044,5/23/26 03:45,41.625,
Plot Title: 5S1C,3045,5/23/26 04:00,41.067,
Plot Title: 5S1C,3046,5/23/26 04:15,40.881,
Plot Title: 5S1C,3047,5/23/26 04:30,40.696,
Plot Title: 5S1C,3048,5/23/26 04:45,40.321,
Plot Title: 5S1C,3049,5/23/26 05:00,40.134,
Plot Title: 5S1C,3050,5/23/26 05:15,40.134,
Plot Title: 5S1C,3051,5/23/26 05:30,39.947,
Plot Title: 5S1C,3052,5/23/26 05:45,39.76,
Plot Title: 5S1C,3053,5/23/26 06:00,39.76,
Plot Title: 5S1C,3054,5/23/26 06:15,39.76,
Plot Title: 5S1C,3055,5/23/26 06:30,39.947,
Plot Title: 5S1C,3056,5/23/26 06:45,39.947,
Plot Title: 5S1C,3057,5/23/26 07:00,40.321,
Plot Title: 5S1C,3058,5/23/26 07:15,40.321,
Plot Title: 5S1C,3059,5/23/26 07:30,40.509,
Plot Title: 5S1C,3060,5/23/26 07:45,41.254,
Plot Title: 5S1C,3061,5/23/26 08:00,42.548,
Plot Title: 5S1C,3062,5/23/26 08:15,44.013,
Plot Title: 5S1C,3063,5/23/26 08:30,44.742,
Plot Title: 5S1C,3064,5/23/26 08:45,45.466,
Plot Title: 5S1C,3065,5/23/26 09:00,46.008,
Plot Title: 5S1C,3066,5/23/26 09:15,47.266,
Plot Title: 5S1C,3067,5/23/26 09:30,53.274,
Plot Title: 5S1C,3068,5/23/26 09:45,58.131,
Plot Title: 5S1C,3069,5/23/26 10:00,57.785,
Plot Title: 5S1C,3070,5/23/26 10:15,56.057,
Plot Title: 5S1C,3071,5/23/26 10:30,57.268,
Plot Title: 5S1C,3072,5/23/26 10:45,64.31,
Plot Title: 5S1C,3073,5/23/26 11:00,69.793,
Plot Title: 5S1C,3074,5/23/26 11:15,74.098,
Plot Title: 5S1C,3075,5/23/26 11:30,76.528,
Plot Title: 5S1C,3076,5/23/26 11:45,78.274,
Plot Title: 5S1C,3077,5/23/26 12:00,81.442,
Plot Title: 5S1C,3078,5/23/26 12:15,73.926,
Plot Title: 5S1C,3079,5/23/26 12:30,67.564,
Plot Title: 5S1C,3080,5/23/26 12:45,63.968,
Plot Title: 5S1C,3081,5/23/26 13:00,62.425,
Plot Title: 5S1C,3082,5/23/26 13:15,61.398,
Plot Title: 5S1C,3083,5/23/26 13:30,61.054,
Plot Title: 5S1C,3084,5/23/26 13:45,60.368,
Plot Title: 5S1C,3085,5/23/26 14:00,59.851,
Plot Title: 5S1C,3086,5/23/26 14:15,59.851,
Plot Title: 5S1C,3087,5/23/26 14:30,59.68,
Plot Title: 5S1C,3088,5/23/26 14:45,58.82,
Plot Title: 5S1C,3089,5/23/26 15:00,58.303,
Plot Title: 5S1C,3090,5/23/26 15:15,58.476,
Plot Title: 5S1C,3091,5/23/26 15:30,57.785,
Plot Title: 5S1C,3092,5/23/26 15:45,56.577,
Plot Title: 5S1C,3093,5/23/26 16:00,56.23,
Plot Title: 5S1C,3094,5/23/26 16:15,55.884,
Plot Title: 5S1C,3095,5/23/26 16:30,55.711,
Plot Title: 5S1C,3096,5/23/26 16:45,55.711,
Plot Title: 5S1C,3097,5/23/26 17:00,55.189,
Plot Title: 5S1C,3098,5/23/26 17:15,56.404,
Plot Title: 5S1C,3099,5/23/26 17:30,55.189,
Plot Title: 5S1C,3100,5/23/26 17:45,54.495,
Plot Title: 5S1C,3101,5/23/26 18:00,54.147,
Plot Title: 5S1C,3102,5/23/26 18:15,53.798,
Plot Title: 5S1C,3103,5/23/26 18:30,53.274,
Plot Title: 5S1C,3104,5/23/26 18:45,53.449,
Plot Title: 5S1C,3105,5/23/26 19:00,53.1,
Plot Title: 5S1C,3106,5/23/26 19:15,52.75,
Plot Title: 5S1C,3107,5/23/26 19:30,52.05,
Plot Title: 5S1C,3108,5/23/26 19:45,51.346,
Plot Title: 5S1C,3109,5/23/26 20:00,50.995,
Plot Title: 5S1C,3110,5/23/26 20:15,50.466,
Plot Title: 5S1C,3111,5/23/26 20:30,49.759,
Plot Title: 5S1C,3112,5/23/26 20:45,49.228,
Plot Title: 5S1C,3113,5/23/26 21:00,48.695,
Plot Title: 5S1C,3114,5/23/26 21:15,48.16,
Plot Title: 5S1C,3115,5/23/26 21:30,47.802,
Plot Title: 5S1C,3116,5/23/26 21:45,47.266,
Plot Title: 5S1C,3117,5/23/26 22:00,46.908,
Plot Title: 5S1C,3118,5/23/26 22:15,46.728,
Plot Title: 5S1C,3119,5/23/26 22:30,46.369,
Plot Title: 5S1C,3120,5/23/26 22:45,46.188,
Plot Title: 5S1C,3121,5/23/26 23:00,46.008,
Plot Title: 5S1C,3122,5/23/26 23:15,45.828,
Plot Title: 5S1C,3123,5/23/26 23:30,45.648,
Plot Title: 5S1C,3124,5/23/26 23:45,45.286,
Plot Title: 5S1C,3125,5/24/26 00:00,45.104,
Plot Title: 5S1C,3126,5/24/26 00:15,44.922,
Plot Title: 5S1C,3127,5/24/26 00:30,44.742,
Plot Title: 5S1C,3128,5/24/26 00:45,44.56,
Plot Title: 5S1C,3129,5/24/26 01:00,44.56,
Plot Title: 5S1C,3130,5/24/26 01:15,44.379,
Plot Title: 5S1C,3131,5/24/26 01:30,44.195,
Plot Title: 5S1C,3132,5/24/26 01:45,44.013,
Plot Title: 5S1C,3133,5/24/26 02:00,43.831,
Plot Title: 5S1C,3134,5/24/26 02:15,43.831,
Plot Title: 5S1C,3135,5/24/26 02:30,43.648,
Plot Title: 5S1C,3136,5/24/26 02:45,43.466,
Plot Title: 5S1C,3137,5/24/26 03:00,43.466,
Plot Title: 5S1C,3138,5/24/26 03:15,43.282,
Plot Title: 5S1C,3139,5/24/26 03:30,43.099,
Plot Title: 5S1C,3140,5/24/26 03:45,43.099,
Plot Title: 5S1C,3141,5/24/26 04:00,42.915,
Plot Title: 5S1C,3142,5/24/26 04:15,42.732,
Plot Title: 5S1C,3143,5/24/26 04:30,42.732,
Plot Title: 5S1C,3144,5/24/26 04:45,42.732,
Plot Title: 5S1C,3145,5/24/26 05:00,42.548,
Plot Title: 5S1C,3146,5/24/26 05:15,42.363,
Plot Title: 5S1C,3147,5/24/26 05:30,42.363,
Plot Title: 5S1C,3148,5/24/26 05:45,42.179,
Plot Title: 5S1C,3149,5/24/26 06:00,42.179,
Plot Title: 5S1C,3150,5/24/26 06:15,42.179,
Plot Title: 5S1C,3151,5/24/26 06:30,42.179,
Plot Title: 5S1C,3152,5/24/26 06:45,42.179,
Plot Title: 5S1C,3153,5/24/26 07:00,42.363,
Plot Title: 5S1C,3154,5/24/26 07:15,42.548,
Plot Title: 5S1C,3155,5/24/26 07:30,42.732,
Plot Title: 5S1C,3156,5/24/26 07:45,43.282,
Plot Title: 5S1C,3157,5/24/26 08:00,44.195,
Plot Title: 5S1C,3158,5/24/26 08:15,45.828,
Plot Title: 5S1C,3159,5/24/26 08:30,46.188,
Plot Title: 5S1C,3160,5/24/26 08:45,46.908,
Plot Title: 5S1C,3161,5/24/26 09:00,47.802,
Plot Title: 5S1C,3162,5/24/26 09:15,49.404,
Plot Title: 5S1C,3163,5/24/26 09:30,56.404,
Plot Title: 5S1C,3164,5/24/26 09:45,61.912,
Plot Title: 5S1C,3165,5/24/26 10:00,65.338,
Plot Title: 5S1C,3166,5/24/26 10:15,65.68,
Plot Title: 5S1C,3167,5/24/26 10:30,70.308,
Plot Title: 5S1C,3168,5/24/26 10:45,70.651,
Plot Title: 5S1C,3169,5/24/26 11:00,76.181,
Plot Title: 5S1C,3170,5/24/26 11:15,79.853,
Plot Title: 5S1C,3171,5/24/26 11:30,80.735,
Plot Title: 5S1C,3172,5/24/26 11:45,79.151,
Plot Title: 5S1C,3173,5/24/26 12:00,76.528,
Plot Title: 5S1C,3174,5/24/26 12:15,69.793,
Plot Title: 5S1C,3175,5/24/26 12:30,65.851,
Plot Title: 5S1C,3176,5/24/26 12:45,63.626,
Plot Title: 5S1C,3177,5/24/26 13:00,62.083,
Plot Title: 5S1C,3178,5/24/26 13:15,61.054,
Plot Title: 5S1C,3179,5/24/26 13:30,60.539,
Plot Title: 5S1C,3180,5/24/26 13:45,60.195,
Plot Title: 5S1C,3181,5/24/26 14:00,59.508,
Plot Title: 5S1C,3182,5/24/26 14:15,59.68,
Plot Title: 5S1C,3183,5/24/26 14:30,59.851,
Plot Title: 5S1C,3184,5/24/26 14:45,59.851,
Plot Title: 5S1C,3185,5/24/26 15:00,59.851,
Plot Title: 5S1C,3186,5/24/26 15:15,60.195,
Plot Title: 5S1C,3187,5/24/26 15:30,60.024,
Plot Title: 5S1C,3188,5/24/26 15:45,59.851,
Plot Title: 5S1C,3189,5/24/26 16:00,59.337,
Plot Title: 5S1C,3190,5/24/26 16:15,58.993,
Plot Title: 5S1C,3191,5/24/26 16:30,58.993,
Plot Title: 5S1C,3192,5/24/26 16:45,58.476,
Plot Title: 5S1C,3193,5/24/26 17:00,58.476,
Plot Title: 5S1C,3194,5/24/26 17:15,58.303,
Plot Title: 5S1C,3195,5/24/26 17:30,57.785,
Plot Title: 5S1C,3196,5/24/26 17:45,57.958,
Plot Title: 5S1C,3197,5/24/26 18:00,57.614,
Plot Title: 5S1C,3198,5/24/26 18:15,57.785,
Plot Title: 5S1C,3199,5/24/26 18:30,56.923,
Plot Title: 5S1C,3200,5/24/26 18:45,56.75,
Plot Title: 5S1C,3201,5/24/26 19:00,56.404,
Plot Title: 5S1C,3202,5/24/26 19:15,55.884,
Plot Title: 5S1C,3203,5/24/26 19:30,55.537,
Plot Title: 5S1C,3204,5/24/26 19:45,55.189,
Plot Title: 5S1C,3205,5/24/26 20:00,54.842,
Plot Title: 5S1C,3206,5/24/26 20:15,54.322,
Plot Title: 5S1C,3207,5/24/26 20:30,53.623,
Plot Title: 5S1C,3208,5/24/26 20:45,53.1,
Plot Title: 5S1C,3209,5/24/26 21:00,52.576,
Plot Title: 5S1C,3210,5/24/26 21:15,52.05,
Plot Title: 5S1C,3211,5/24/26 21:30,51.699,
Plot Title: 5S1C,3212,5/24/26 21:45,51.346,
Plot Title: 5S1C,3213,5/24/26 22:00,50.995,
Plot Title: 5S1C,3214,5/24/26 22:15,50.819,
Plot Title: 5S1C,3215,5/24/26 22:30,50.466,
Plot Title: 5S1C,3216,5/24/26 22:45,50.29,
Plot Title: 5S1C,3217,5/24/26 23:00,50.113,
Plot Title: 5S1C,3218,5/24/26 23:15,50.113,
Plot Title: 5S1C,3219,5/24/26 23:30,49.937,
Plot Title: 5S1C,3220,5/24/26 23:45,49.937,
Plot Title: 5S1C,3221,5/25/26 00:00,49.759,
Plot Title: 5S1C,3222,5/25/26 00:15,49.759,
Plot Title: 5S1C,3223,5/25/26 00:30,49.582,
Plot Title: 5S1C,3224,5/25/26 00:45,49.404,
Plot Title: 5S1C,3225,5/25/26 01:00,49.228,
Plot Title: 5S1C,3226,5/25/26 01:15,49.05,
Plot Title: 5S1C,3227,5/25/26 01:30,48.871,
Plot Title: 5S1C,3228,5/25/26 01:45,48.871,
Plot Title: 5S1C,3229,5/25/26 02:00,48.871,
Plot Title: 5S1C,3230,5/25/26 02:15,48.517,
Plot Title: 5S1C,3231,5/25/26 02:30,48.339,
Plot Title: 5S1C,3232,5/25/26 02:45,48.339,
Plot Title: 5S1C,3233,5/25/26 03:00,48.339,
Plot Title: 5S1C,3234,5/25/26 03:15,48.16,
Plot Title: 5S1C,3235,5/25/26 03:30,47.982,
Plot Title: 5S1C,3236,5/25/26 03:45,47.802,
Plot Title: 5S1C,3237,5/25/26 04:00,47.624,
Plot Title: 5S1C,3238,5/25/26 04:15,47.624,
Plot Title: 5S1C,3239,5/25/26 04:30,47.446,
Plot Title: 5S1C,3240,5/25/26 04:45,47.266,
Plot Title: 5S1C,3241,5/25/26 05:00,47.088,
Plot Title: 5S1C,3242,5/25/26 05:15,47.088,
Plot Title: 5S1C,3243,5/25/26 05:30,46.908,
Plot Title: 5S1C,3244,5/25/26 05:45,46.728,
Plot Title: 5S1C,3245,5/25/26 06:00,46.728,
Plot Title: 5S1C,3246,5/25/26 06:15,46.728,
Plot Title: 5S1C,3247,5/25/26 06:30,46.728,
Plot Title: 5S1C,3248,5/25/26 06:45,46.728,
Plot Title: 5S1C,3249,5/25/26 07:00,46.728,
Plot Title: 5S1C,3250,5/25/26 07:15,46.728,
Plot Title: 5S1C,3251,5/25/26 07:30,46.908,
Plot Title: 5S1C,3252,5/25/26 07:45,47.446,
Plot Title: 5S1C,3253,5/25/26 08:00,48.16,
Plot Title: 5S1C,3254,5/25/26 08:15,49.582,
Plot Title: 5S1C,3255,5/25/26 08:30,49.937,
Plot Title: 5S1C,3256,5/25/26 08:45,50.466,
Plot Title: 5S1C,3257,5/25/26 09:00,51.346,
Plot Title: 5S1C,3258,5/25/26 09:15,52.576,
Plot Title: 5S1C,3259,5/25/26 09:30,59.68,
Plot Title: 5S1C,3260,5/25/26 09:45,65.68,
Plot Title: 5S1C,3261,5/25/26 10:00,70.995,
Plot Title: 5S1C,3262,5/25/26 10:15,75.484,
Plot Title: 5S1C,3263,5/25/26 10:30,80.029,
Plot Title: 5S1C,3264,5/25/26 10:45,83.935,
Plot Title: 5S1C,3265,5/25/26 11:00,88.099,
Plot Title: 5S1C,3266,5/25/26 11:15,92.737,
Plot Title: 5S1C,3267,5/25/26 11:30,96.748,
Plot Title: 5S1C,3268,5/25/26 11:45,100.683,
Plot Title: 5S1C,3269,5/25/26 12:00,103.104,
Plot Title: 5S1C,3270,5/25/26 12:15,92.174,
Plot Title: 5S1C,3271,5/25/26 12:30,82.864,
Plot Title: 5S1C,3272,5/25/26 12:45,77.225,
Plot Title: 5S1C,3273,5/25/26 13:00,73.753,
Plot Title: 5S1C,3274,5/25/26 13:15,71.683,
Plot Title: 5S1C,3275,5/25/26 13:30,70.824,
Plot Title: 5S1C,3276,5/25/26 13:45,69.449,
Plot Title: 5S1C,3277,5/25/26 14:00,68.077,
Plot Title: 5S1C,3278,5/25/26 14:15,66.366,
Plot Title: 5S1C,3279,5/25/26 14:30,64.481,
Plot Title: 5S1C,3280,5/25/26 14:45,64.825,
Plot Title: 5S1C,3281,5/25/26 15:00,64.652,
Plot Title: 5S1C,3282,5/25/26 15:15,63.282,
Plot Title: 5S1C,3283,5/25/26 15:30,63.111,
Plot Title: 5S1C,3284,5/25/26 15:45,63.626,
Plot Title: 5S1C,3285,5/25/26 16:00,63.626,
Plot Title: 5S1C,3286,5/25/26 16:15,62.254,
Plot Title: 5S1C,3287,5/25/26 16:30,61.569,
Plot Title: 5S1C,3288,5/25/26 16:45,62.254,
Plot Title: 5S1C,3289,5/25/26 17:00,63.111,
Plot Title: 5S1C,3290,5/25/26 17:15,62.083,
Plot Title: 5S1C,3291,5/25/26 17:30,61.741,
Plot Title: 5S1C,3292,5/25/26 17:45,61.912,
Plot Title: 5S1C,3293,5/25/26 18:00,61.741,
Plot Title: 5S1C,3294,5/25/26 18:15,60.883,
Plot Title: 5S1C,3295,5/25/26 18:30,60.712,
Plot Title: 5S1C,3296,5/25/26 18:45,60.195,
Plot Title: 5S1C,3297,5/25/26 19:00,59.851,
Plot Title: 5S1C,3298,5/25/26 19:15,59.337,
Plot Title: 5S1C,3299,5/25/26 19:30,58.993,
Plot Title: 5S1C,3300,5/25/26 19:45,58.476,
Plot Title: 5S1C,3301,5/25/26 20:00,57.785,
Plot Title: 5S1C,3302,5/25/26 20:15,57.096,
Plot Title: 5S1C,3303,5/25/26 20:30,56.577,
Plot Title: 5S1C,3304,5/25/26 20:45,56.23,
Plot Title: 5S1C,3305,5/25/26 21:00,55.711,
Plot Title: 5S1C,3306,5/25/26 21:15,55.189,
Plot Title: 5S1C,3307,5/25/26 21:30,54.495,
Plot Title: 5S1C,3308,5/25/26 21:45,53.973,
Plot Title: 5S1C,3309,5/25/26 22:00,53.449,
Plot Title: 5S1C,3310,5/25/26 22:15,52.925,
Plot Title: 5S1C,3311,5/25/26 22:30,52.401,
Plot Title: 5S1C,3312,5/25/26 22:45,52.05,
Plot Title: 5S1C,3313,5/25/26 23:00,51.699,
Plot Title: 5S1C,3314,5/25/26 23:15,51.346,
Plot Title: 5S1C,3315,5/25/26 23:30,50.995,
Plot Title: 5S1C,3316,5/25/26 23:45,50.819,
Plot Title: 5S1C,3317,5/26/26 00:00,50.466,
Plot Title: 5S1C,3318,5/26/26 00:15,50.29,
Plot Title: 5S1C,3319,5/26/26 00:30,50.113,
Plot Title: 5S1C,3320,5/26/26 00:45,50.113,
Plot Title: 5S1C,3321,5/26/26 01:00,49.937,
Plot Title: 5S1C,3322,5/26/26 01:15,49.759,
Plot Title: 5S1C,3323,5/26/26 01:30,49.759,
Plot Title: 5S1C,3324,5/26/26 01:45,49.582,
Plot Title: 5S1C,3325,5/26/26 02:00,49.759,
Plot Title: 5S1C,3326,5/26/26 02:15,49.582,
Plot Title: 5S1C,3327,5/26/26 02:30,49.404,
Plot Title: 5S1C,3328,5/26/26 02:45,49.404,
Plot Title: 5S1C,3329,5/26/26 03:00,49.228,
Plot Title: 5S1C,3330,5/26/26 03:15,49.05,
Plot Title: 5S1C,3331,5/26/26 03:30,48.695,
Plot Title: 5S1C,3332,5/26/26 03:45,48.517,
Plot Title: 5S1C,3333,5/26/26 04:00,48.339,
Plot Title: 5S1C,3334,5/26/26 04:15,48.339,
Plot Title: 5S1C,3335,5/26/26 04:30,48.339,
Plot Title: 5S1C,3336,5/26/26 04:45,48.339,
Plot Title: 5S1C,3337,5/26/26 05:00,48.517,
Plot Title: 5S1C,3338,5/26/26 05:15,48.517,
Plot Title: 5S1C,3339,5/26/26 05:30,48.517,
Plot Title: 5S1C,3340,5/26/26 05:45,48.517,
Plot Title: 5S1C,3341,5/26/26 06:00,48.517,
Plot Title: 5S1C,3342,5/26/26 06:15,48.517,
Plot Title: 5S1C,3343,5/26/26 06:30,48.871,
Plot Title: 5S1C,3344,5/26/26 06:45,49.228,
Plot Title: 5S1C,3345,5/26/26 07:00,49.228,
Plot Title: 5S1C,3346,5/26/26 07:15,49.404,
Plot Title: 5S1C,3347,5/26/26 07:30,49.582,
Plot Title: 5S1C,3348,5/26/26 07:45,49.937,
Plot Title: 5S1C,3349,5/26/26 08:00,50.466,
Plot Title: 5S1C,3350,5/26/26 08:15,51.523,
Plot Title: 5S1C,3351,5/26/26 08:30,52.225,
Plot Title: 5S1C,3352,5/26/26 08:45,53.1,
Plot Title: 5S1C,3353,5/26/26 09:00,53.973,
Plot Title: 5S1C,3354,5/26/26 09:15,55.537,
Plot Title: 5S1C,3355,5/26/26 09:30,58.82,
Plot Title: 5S1C,3356,5/26/26 09:45,59.164,
Plot Title: 5S1C,3357,5/26/26 10:00,61.398,
Plot Title: 5S1C,3358,5/26/26 10:15,66.537,
Plot Title: 5S1C,3359,5/26/26 10:30,64.652,
Plot Title: 5S1C,3360,5/26/26 10:45,61.741,
Plot Title: 5S1C,3361,5/26/26 11:00,60.712,
Plot Title: 5S1C,3362,5/26/26 11:15,60.712,
Plot Title: 5S1C,3363,5/26/26 11:30,64.481,
Plot Title: 5S1C,3364,5/26/26 11:45,66.022,
Plot Title: 5S1C,3365,5/26/26 12:00,64.31,
Plot Title: 5S1C,3366,5/26/26 12:15,63.797,
Plot Title: 5S1C,3367,5/26/26 12:30,64.996,
Plot Title: 5S1C,3368,5/26/26 12:45,65.167,
Plot Title: 5S1C,3369,5/26/26 13:00,64.139,
Plot Title: 5S1C,3370,5/26/26 13:15,62.94,
Plot Title: 5S1C,3371,5/26/26 13:30,61.912,
Plot Title: 5S1C,3372,5/26/26 13:45,61.227,
Plot Title: 5S1C,3373,5/26/26 14:00,61.227,
Plot Title: 5S1C,3374,5/26/26 14:15,62.083,
Plot Title: 5S1C,3375,5/26/26 14:30,63.111,
Plot Title: 5S1C,3376,5/26/26 14:45,63.626,
Plot Title: 5S1C,3377,5/26/26 15:00,63.282,
Plot Title: 5S1C,3378,5/26/26 15:15,63.797,
Plot Title: 5S1C,3379,5/26/26 15:30,63.455,
Plot Title: 5S1C,3380,5/26/26 15:45,62.598,
Plot Title: 5S1C,3381,5/26/26 16:00,61.227,
Plot Title: 5S1C,3382,5/26/26 16:15,60.195,
Plot Title: 5S1C,3383,5/26/26 16:30,59.337,
Plot Title: 5S1C,3384,5/26/26 16:45,58.647,
Plot Title: 5S1C,3385,5/26/26 17:00,58.476,
Plot Title: 5S1C,3386,5/26/26 17:15,58.82,
Plot Title: 5S1C,3387,5/26/26 17:30,58.647,
Plot Title: 5S1C,3388,5/26/26 17:45,57.958,
Plot Title: 5S1C,3389,5/26/26 18:00,57.268,
Plot Title: 5S1C,3390,5/26/26 18:15,56.577,
Plot Title: 5S1C,3391,5/26/26 18:30,56.057,
Plot Title: 5S1C,3392,5/26/26 18:45,55.537,
Plot Title: 5S1C,3393,5/26/26 19:00,55.017,
Plot Title: 5S1C,3394,5/26/26 19:15,54.842,
Plot Title: 5S1C,3395,5/26/26 19:30,54.669,
Plot Title: 5S1C,3396,5/26/26 19:45,54.322,
Plot Title: 5S1C,3397,5/26/26 20:00,53.973,
Plot Title: 5S1C,3398,5/26/26 20:15,53.623,
Plot Title: 5S1C,3399,5/26/26 20:30,53.449,
Plot Title: 5S1C,3400,5/26/26 20:45,53.274,
Plot Title: 5S1C,3401,5/26/26 21:00,52.925,
Plot Title: 5S1C,3402,5/26/26 21:15,52.576,
Plot Title: 5S1C,3403,5/26/26 21:30,52.225,
Plot Title: 5S1C,3404,5/26/26 21:45,52.05,
Plot Title: 5S1C,3405,5/26/26 22:00,51.874,
Plot Title: 5S1C,3406,5/26/26 22:15,51.699,
Plot Title: 5S1C,3407,5/26/26 22:30,51.699,
Plot Title: 5S1C,3408,5/26/26 22:45,51.523,
Plot Title: 5S1C,3409,5/26/26 23:00,50.995,
Plot Title: 5S1C,3410,5/26/26 23:15,50.643,
Plot Title: 5S1C,3411,5/26/26 23:30,50.643,
Plot Title: 5S1C,3412,5/26/26 23:45,50.643,
Plot Title: 5S1C,3413,5/27/26 00:00,50.466,
Plot Title: 5S1C,3414,5/27/26 00:15,50.29,
Plot Title: 5S1C,3415,5/27/26 00:30,50.113,
Plot Title: 5S1C,3416,5/27/26 00:45,49.937,
Plot Title: 5S1C,3417,5/27/26 01:00,49.937,
Plot Title: 5S1C,3418,5/27/26 01:15,49.937,
Plot Title: 5S1C,3419,5/27/26 01:30,49.759,
Plot Title: 5S1C,3420,5/27/26 01:45,49.582,
Plot Title: 5S1C,3421,5/27/26 02:00,49.228,
Plot Title: 5S1C,3422,5/27/26 02:15,48.871,
Plot Title: 5S1C,3423,5/27/26 02:30,48.695,
Plot Title: 5S1C,3424,5/27/26 02:45,48.339,
Plot Title: 5S1C,3425,5/27/26 03:00,48.16,
Plot Title: 5S1C,3426,5/27/26 03:15,47.982,
Plot Title: 5S1C,3427,5/27/26 03:30,47.802,
Plot Title: 5S1C,3428,5/27/26 03:45,47.624,
Plot Title: 5S1C,3429,5/27/26 04:00,47.624,
Plot Title: 5S1C,3430,5/27/26 04:15,47.446,
Plot Title: 5S1C,3431,5/27/26 04:30,47.266,
Plot Title: 5S1C,3432,5/27/26 04:45,47.266,
Plot Title: 5S1C,3433,5/27/26 05:00,47.088,
Plot Title: 5S1C,3434,5/27/26 05:15,47.088,
Plot Title: 5S1C,3435,5/27/26 05:30,46.908,
Plot Title: 5S1C,3436,5/27/26 05:45,46.908,
Plot Title: 5S1C,3437,5/27/26 06:00,46.728,
Plot Title: 5S1C,3438,5/27/26 06:15,46.728,
Plot Title: 5S1C,3439,5/27/26 06:30,46.728,
Plot Title: 5S1C,3440,5/27/26 06:45,46.728,
Plot Title: 5S1C,3441,5/27/26 07:00,46.728,
Plot Title: 5S1C,3442,5/27/26 07:15,47.266,
Plot Title: 5S1C,3443,5/27/26 07:30,48.16,
Plot Title: 5S1C,3444,5/27/26 07:45,49.05,
Plot Title: 5S1C,3445,5/27/26 08:00,49.228,
Plot Title: 5S1C,3446,5/27/26 08:15,50.113,
Plot Title: 5S1C,3447,5/27/26 08:30,50.29,
Plot Title: 5S1C,3448,5/27/26 08:45,50.819,
Plot Title: 5S1C,3449,5/27/26 09:00,51.523,
Plot Title: 5S1C,3450,5/27/26 09:15,52.401,
Plot Title: 5S1C,3451,5/27/26 09:30,60.539,
Plot Title: 5S1C,3452,5/27/26 09:45,67.564,
Plot Title: 5S1C,3453,5/27/26 10:00,72.545,
Plot Title: 5S1C,3454,5/27/26 10:15,75.832,
Plot Title: 5S1C,3455,5/27/26 10:30,78.8,
Plot Title: 5S1C,3456,5/27/26 10:45,82.33,
Plot Title: 5S1C,3457,5/27/26 11:00,85.915,
Plot Title: 5S1C,3458,5/27/26 11:15,89.569,
Plot Title: 5S1C,3459,5/27/26 11:30,93.493,
Plot Title: 5S1C,3460,5/27/26 11:45,98.503,
Plot Title: 5S1C,3461,5/27/26 12:00,102.697,
Plot Title: 5S1C,3462,5/27/26 12:15,94.633,
Plot Title: 5S1C,3463,5/27/26 12:30,85.374,
Plot Title: 5S1C,3464,5/27/26 12:45,78.975,
Plot Title: 5S1C,3465,5/27/26 13:00,75.832,
Plot Title: 5S1C,3466,5/27/26 13:15,73.407,
Plot Title: 5S1C,3467,5/27/26 13:30,72.545,
Plot Title: 5S1C,3468,5/27/26 13:45,72.372,
Plot Title: 5S1C,3469,5/27/26 14:00,71.512,
Plot Title: 5S1C,3470,5/27/26 14:15,69.964,
Plot Title: 5S1C,3471,5/27/26 14:30,68.421,
Plot Title: 5S1C,3472,5/27/26 14:45,68.421,
Plot Title: 5S1C,3473,5/27/26 15:00,67.564,
Plot Title: 5S1C,3474,5/27/26 15:15,67.05,
Plot Title: 5S1C,3475,5/27/26 15:30,67.05,
Plot Title: 5S1C,3476,5/27/26 15:45,67.735,
Plot Title: 5S1C,3477,5/27/26 16:00,66.366,
Plot Title: 5S1C,3478,5/27/26 16:15,66.193,
Plot Title: 5S1C,3479,5/27/26 16:30,66.537,
Plot Title: 5S1C,3480,5/27/26 16:45,68.592,
Plot Title: 5S1C,3481,5/27/26 17:00,67.906,
Plot Title: 5S1C,3482,5/27/26 17:15,66.879,
Plot Title: 5S1C,3483,5/27/26 17:30,65.68,
Plot Title: 5S1C,3484,5/27/26 17:45,64.139,
Plot Title: 5S1C,3485,5/27/26 18:00,63.626,
Plot Title: 5S1C,3486,5/27/26 18:15,63.282,
Plot Title: 5S1C,3487,5/27/26 18:30,62.598,
Plot Title: 5S1C,3488,5/27/26 18:45,62.254,
Plot Title: 5S1C,3489,5/27/26 19:00,61.569,
Plot Title: 5S1C,3490,5/27/26 19:15,60.712,
Plot Title: 5S1C,3491,5/27/26 19:30,59.851,
Plot Title: 5S1C,3492,5/27/26 19:45,59.508,
Plot Title: 5S1C,3493,5/27/26 20:00,58.993,
Plot Title: 5S1C,3494,5/27/26 20:15,58.476,
Plot Title: 5S1C,3495,5/27/26 20:30,57.958,
Plot Title: 5S1C,3496,5/27/26 20:45,57.441,
Plot Title: 5S1C,3497,5/27/26 21:00,57.096,
Plot Title: 5S1C,3498,5/27/26 21:15,56.75,
Plot Title: 5S1C,3499,5/27/26 21:30,56.404,
Plot Title: 5S1C,3500,5/27/26 21:45,56.23,
Plot Title: 5S1C,3501,5/27/26 22:00,55.884,
Plot Title: 5S1C,3502,5/27/26 22:15,55.537,
Plot Title: 5S1C,3503,5/27/26 22:30,55.189,
Plot Title: 5S1C,3504,5/27/26 22:45,54.669,
Plot Title: 5S1C,3505,5/27/26 23:00,54.495,
Plot Title: 5S1C,3506,5/27/26 23:15,54.147,
Plot Title: 5S1C,3507,5/27/26 23:30,53.973,
Plot Title: 5S1C,3508,5/27/26 23:45,53.623,
Plot Title: 5S1C,3509,5/28/26 00:00,53.449,
Plot Title: 5S1C,3510,5/28/26 00:15,53.274,
Plot Title: 5S1C,3511,5/28/26 00:30,53.1,
Plot Title: 5S1C,3512,5/28/26 00:45,52.925,
Plot Title: 5S1C,3513,5/28/26 01:00,52.75,
Plot Title: 5S1C,3514,5/28/26 01:15,52.576,
Plot Title: 5S1C,3515,5/28/26 01:30,52.401,
Plot Title: 5S1C,3516,5/28/26 01:45,52.225,
Plot Title: 5S1C,3517,5/28/26 02:00,52.05,
Plot Title: 5S1C,3518,5/28/26 02:15,51.874,
Plot Title: 5S1C,3519,5/28/26 02:30,51.699,
Plot Title: 5S1C,3520,5/28/26 02:45,51.699,
Plot Title: 5S1C,3521,5/28/26 03:00,51.523,
Plot Title: 5S1C,3522,5/28/26 03:15,51.346,
Plot Title: 5S1C,3523,5/28/26 03:30,51.346,
Plot Title: 5S1C,3524,5/28/26 03:45,51.172,
Plot Title: 5S1C,3525,5/28/26 04:00,50.995,
Plot Title: 5S1C,3526,5/28/26 04:15,50.819,
Plot Title: 5S1C,3527,5/28/26 04:30,50.643,
Plot Title: 5S1C,3528,5/28/26 04:45,50.643,
Plot Title: 5S1C,3529,5/28/26 05:00,50.466,
Plot Title: 5S1C,3530,5/28/26 05:15,50.29,
Plot Title: 5S1C,3531,5/28/26 05:30,50.113,
Plot Title: 5S1C,3532,5/28/26 05:45,49.937,
Plot Title: 5S1C,3533,5/28/26 06:00,49.937,
Plot Title: 5S1C,3534,5/28/26 06:15,49.759,
Plot Title: 5S1C,3535,5/28/26 06:30,49.937,
Plot Title: 5S1C,3536,5/28/26 06:45,49.937,
Plot Title: 5S1C,3537,5/28/26 07:00,49.937,
Plot Title: 5S1C,3538,5/28/26 07:15,49.937,
Plot Title: 5S1C,3539,5/28/26 07:30,50.113,
Plot Title: 5S1C,3540,5/28/26 07:45,50.643,
Plot Title: 5S1C,3541,5/28/26 08:00,51.346,
Plot Title: 5S1C,3542,5/28/26 08:15,52.401,
Plot Title: 5S1C,3543,5/28/26 08:30,53.1,
Plot Title: 5S1C,3544,5/28/26 08:45,53.798,
Plot Title: 5S1C,3545,5/28/26 09:00,55.017,
Plot Title: 5S1C,3546,5/28/26 09:15,56.404,
Plot Title: 5S1C,3547,5/28/26 09:30,64.139,
Plot Title: 5S1C,3548,5/28/26 09:45,71.168,
Plot Title: 5S1C,3549,5/28/26 10:00,77.4,
Plot Title: 5S1C,3550,5/28/26 10:15,82.686,
Plot Title: 5S1C,3551,5/28/26 10:30,86.823,
Plot Title: 5S1C,3552,5/28/26 10:45,91.612,
Plot Title: 5S1C,3553,5/28/26 11:00,96.361,
Plot Title: 5S1C,3554,5/28/26 11:15,100.283,
Plot Title: 5S1C,3555,5/28/26 11:30,105.37,
Plot Title: 5S1C,3556,5/28/26 11:45,109.612,
Plot Title: 5S1C,3557,5/28/26 12:00,112.023,
Plot Title: 5S1C,3558,5/28/26 12:15,102.29,
Plot Title: 5S1C,3559,5/28/26 12:30,92.363,
Plot Title: 5S1C,3560,5/28/26 12:45,85.014,
Plot Title: 5S1C,3561,5/28/26 13:00,80.911,
Plot Title: 5S1C,3562,5/28/26 13:15,77.923,
Plot Title: 5S1C,3563,5/28/26 13:30,75.659,
Plot Title: 5S1C,3564,5/28/26 13:45,73.926,
Plot Title: 5S1C,3565,5/28/26 14:00,73.407,
Plot Title: 5S1C,3566,5/28/26 14:15,72.718,
Plot Title: 5S1C,3567,5/28/26 14:30,72.718,
Plot Title: 5S1C,3568,5/28/26 14:45,73.062,
Plot Title: 5S1C,3569,5/28/26 15:00,74.791,
Plot Title: 5S1C,3570,5/28/26 15:15,73.753,
Plot Title: 5S1C,3571,5/28/26 15:30,71.856,
Plot Title: 5S1C,3572,5/28/26 15:45,71.856,
Plot Title: 5S1C,3573,5/28/26 16:00,72.199,
Plot Title: 5S1C,3574,5/28/26 16:15,72.028,
Plot Title: 5S1C,3575,5/28/26 16:30,72.028,
Plot Title: 5S1C,3576,5/28/26 16:45,70.824,
Plot Title: 5S1C,3577,5/28/26 17:00,71.512,
Plot Title: 5S1C,3578,5/28/26 17:15,71.168,
Plot Title: 5S1C,3579,5/28/26 17:30,69.964,
Plot Title: 5S1C,3580,5/28/26 17:45,68.934,
Plot Title: 5S1C,3581,5/28/26 18:00,68.077,
Plot Title: 5S1C,3582,5/28/26 18:15,67.564,
Plot Title: 5S1C,3583,5/28/26 18:30,66.366,
Plot Title: 5S1C,3584,5/28/26 18:45,66.022,
Plot Title: 5S1C,3585,5/28/26 19:00,65.509,
Plot Title: 5S1C,3586,5/28/26 19:15,65.338,
Plot Title: 5S1C,3587,5/28/26 19:30,64.825,
Plot Title: 5S1C,3588,5/28/26 19:45,63.968,
Plot Title: 5S1C,3589,5/28/26 20:00,63.111,
Plot Title: 5S1C,3590,5/28/26 20:15,62.425,
Plot Title: 5S1C,3591,5/28/26 20:30,61.741,
Plot Title: 5S1C,3592,5/28/26 20:45,60.883,
Plot Title: 5S1C,3593,5/28/26 21:00,60.024,
Plot Title: 5S1C,3594,5/28/26 21:15,59.337,
Plot Title: 5S1C,3595,5/28/26 21:30,58.647,
Plot Title: 5S1C,3596,5/28/26 21:45,57.958,
Plot Title: 5S1C,3597,5/28/26 22:00,57.441,
Plot Title: 5S1C,3598,5/28/26 22:15,57.096,
Plot Title: 5S1C,3599,5/28/26 22:30,56.75,
Plot Title: 5S1C,3600,5/28/26 22:45,56.404,
Plot Title: 5S1C,3601,5/28/26 23:00,56.057,
Plot Title: 5S1C,3602,5/28/26 23:15,55.711,
Plot Title: 5S1C,3603,5/28/26 23:30,55.189,
Plot Title: 5S1C,3604,5/28/26 23:45,54.842,
Plot Title: 5S1C,3605,5/29/26 00:00,54.669,
Plot Title: 5S1C,3606,5/29/26 00:15,54.322,
Plot Title: 5S1C,3607,5/29/26 00:30,53.973,
Plot Title: 5S1C,3608,5/29/26 00:45,53.798,
Plot Title: 5S1C,3609,5/29/26 01:00,53.449,
Plot Title: 5S1C,3610,5/29/26 01:15,53.274,
Plot Title: 5S1C,3611,5/29/26 01:30,52.925,
Plot Title: 5S1C,3612,5/29/26 01:45,52.75,
Plot Title: 5S1C,3613,5/29/26 02:00,52.576,
Plot Title: 5S1C,3614,5/29/26 02:15,52.401,
Plot Title: 5S1C,3615,5/29/26 02:30,52.225,
Plot Title: 5S1C,3616,5/29/26 02:45,51.874,
Plot Title: 5S1C,3617,5/29/26 03:00,51.699,
Plot Title: 5S1C,3618,5/29/26 03:15,51.523,
Plot Title: 5S1C,3619,5/29/26 03:30,51.346,
Plot Title: 5S1C,3620,5/29/26 03:45,51.172,
Plot Title: 5S1C,3621,5/29/26 04:00,50.995,
Plot Title: 5S1C,3622,5/29/26 04:15,50.995,
Plot Title: 5S1C,3623,5/29/26 04:30,50.819,
Plot Title: 5S1C,3624,5/29/26 04:45,50.643,
Plot Title: 5S1C,3625,5/29/26 05:00,50.466,
Plot Title: 5S1C,3626,5/29/26 05:15,50.29,
Plot Title: 5S1C,3627,5/29/26 05:30,50.113,
Plot Title: 5S1C,3628,5/29/26 05:45,50.113,
Plot Title: 5S1C,3629,5/29/26 06:00,50.113,
Plot Title: 5S1C,3630,5/29/26 06:15,50.113,
Plot Title: 5S1C,3631,5/29/26 06:30,50.29,
Plot Title: 5S1C,3632,5/29/26 06:45,50.29,
Plot Title: 5S1C,3633,5/29/26 07:00,50.113,
Plot Title: 5S1C,3634,5/29/26 07:15,50.113,
Plot Title: 5S1C,3635,5/29/26 07:30,50.29,
Plot Title: 5S1C,3636,5/29/26 07:45,50.466,
Plot Title: 5S1C,3637,5/29/26 08:00,50.995,
Plot Title: 5S1C,3638,5/29/26 08:15,52.05,
Plot Title: 5S1C,3639,5/29/26 08:30,52.75,
Plot Title: 5S1C,3640,5/29/26 08:45,53.449,
Plot Title: 5S1C,3641,5/29/26 09:00,54.322,
Plot Title: 5S1C,3642,5/29/26 09:15,56.23,
Plot Title: 5S1C,3643,5/29/26 09:30,64.825,
Plot Title: 5S1C,3644,5/29/26 09:45,70.995,
Plot Title: 5S1C,3645,5/29/26 10:00,76.354,
Plot Title: 5S1C,3646,5/29/26 10:15,82.508,
Plot Title: 5S1C,3647,5/29/26 10:30,87.733,
Plot Title: 5S1C,3648,5/29/26 10:45,92.926,
Plot Title: 5S1C,3649,5/29/26 11:00,94.444,
Plot Title: 5S1C,3650,5/29/26 11:15,92.55,
Plot Title: 5S1C,3651,5/29/26 11:30,89.938,
Plot Title: 5S1C,3652,5/29/26 11:45,85.554,
Plot Title: 5S1C,3653,5/29/26 12:00,85.915,
Plot Title: 5S1C,3654,5/29/26 12:15,81.621,
Plot Title: 5S1C,3655,5/29/26 12:30,76.181,
Plot Title: 5S1C,3656,5/29/26 12:45,74.619,
Plot Title: 5S1C,3657,5/29/26 13:00,73.407,
Plot Title: 5S1C,3658,5/29/26 13:15,72.028,
Plot Title: 5S1C,3659,5/29/26 13:30,71.512,
Plot Title: 5S1C,3660,5/29/26 13:45,69.964,
Plot Title: 5S1C,3661,5/29/26 14:00,68.763,
Plot Title: 5S1C,3662,5/29/26 14:15,68.421,
Plot Title: 5S1C,3663,5/29/26 14:30,68.421,
Plot Title: 5S1C,3664,5/29/26 14:45,68.248,
Plot Title: 5S1C,3665,5/29/26 15:00,69.793,
Plot Title: 5S1C,3666,5/29/26 15:15,69.793,
Plot Title: 5S1C,3667,5/29/26 15:30,68.421,
Plot Title: 5S1C,3668,5/29/26 15:45,68.248,
Plot Title: 5S1C,3669,5/29/26 16:00,67.906,
Plot Title: 5S1C,3670,5/29/26 16:15,67.221,
Plot Title: 5S1C,3671,5/29/26 16:30,67.906,
Plot Title: 5S1C,3672,5/29/26 16:45,68.421,
Plot Title: 5S1C,3673,5/29/26 17:00,67.392,
Plot Title: 5S1C,3674,5/29/26 17:15,66.537,
Plot Title: 5S1C,3675,5/29/26 17:30,65.338,
Plot Title: 5S1C,3676,5/29/26 17:45,64.139,
Plot Title: 5S1C,3677,5/29/26 18:00,63.797,
Plot Title: 5S1C,3678,5/29/26 18:15,63.968,
Plot Title: 5S1C,3679,5/29/26 18:30,63.111,
Plot Title: 5S1C,3680,5/29/26 18:45,62.254,
Plot Title: 5S1C,3681,5/29/26 19:00,61.569,
Plot Title: 5S1C,3682,5/29/26 19:15,61.398,
Plot Title: 5S1C,3683,5/29/26 19:30,61.054,
Plot Title: 5S1C,3684,5/29/26 19:45,60.712,
Plot Title: 5S1C,3685,5/29/26 20:00,60.368,
Plot Title: 5S1C,3686,5/29/26 20:15,60.024,
Plot Title: 5S1C,3687,5/29/26 20:30,59.68,
Plot Title: 5S1C,3688,5/29/26 20:45,59.164,
Plot Title: 5S1C,3689,5/29/26 21:00,58.647,
Plot Title: 5S1C,3690,5/29/26 21:15,58.476,
Plot Title: 5S1C,3691,5/29/26 21:30,58.131,
Plot Title: 5S1C,3692,5/29/26 21:45,57.785,
Plot Title: 5S1C,3693,5/29/26 22:00,57.441,
Plot Title: 5S1C,3694,5/29/26 22:15,57.268,
Plot Title: 5S1C,3695,5/29/26 22:30,57.096,
Plot Title: 5S1C,3696,5/29/26 22:45,56.923,
Plot Title: 5S1C,3697,5/29/26 23:00,56.75,
Plot Title: 5S1C,3698,5/29/26 23:15,56.75,
Plot Title: 5S1C,3699,5/29/26 23:30,56.577,
Plot Title: 5S1C,3700,5/29/26 23:45,56.404,
Plot Title: 5S1C,3701,5/30/26 00:00,56.23,
Plot Title: 5S1C,3702,5/30/26 00:15,55.884,
Plot Title: 5S1C,3703,5/30/26 00:30,55.364,
Plot Title: 5S1C,3704,5/30/26 00:45,55.017,
Plot Title: 5S1C,3705,5/30/26 01:00,54.669,
Plot Title: 5S1C,3706,5/30/26 01:15,54.322,
Plot Title: 5S1C,3707,5/30/26 01:30,53.973,
Plot Title: 5S1C,3708,5/30/26 01:45,53.798,
Plot Title: 5S1C,3709,5/30/26 02:00,53.1,
Plot Title: 5S1C,3710,5/30/26 02:15,52.576,
Plot Title: 5S1C,3711,5/30/26 02:30,52.225,
Plot Title: 5S1C,3712,5/30/26 02:45,51.874,
Plot Title: 5S1C,3713,5/30/26 03:00,51.699,
Plot Title: 5S1C,3714,5/30/26 03:15,51.523,
Plot Title: 5S1C,3715,5/30/26 03:30,51.172,
Plot Title: 5S1C,3716,5/30/26 03:45,50.995,
Plot Title: 5S1C,3717,5/30/26 04:00,50.995,
Plot Title: 5S1C,3718,5/30/26 04:15,50.819,
Plot Title: 5S1C,3719,5/30/26 04:30,50.819,
Plot Title: 5S1C,3720,5/30/26 04:45,50.819,
Plot Title: 5S1C,3721,5/30/26 05:00,50.995,
Plot Title: 5S1C,3722,5/30/26 05:15,50.995,
Plot Title: 5S1C,3723,5/30/26 05:30,51.172,
Plot Title: 5S1C,3724,5/30/26 05:45,51.172,
Plot Title: 5S1C,3725,5/30/26 06:00,51.172,
Plot Title: 5S1C,3726,5/30/26 06:15,51.172,
Plot Title: 5S1C,3727,5/30/26 06:30,51.172,
Plot Title: 5S1C,3728,5/30/26 06:45,51.172,
Plot Title: 5S1C,3729,5/30/26 07:00,51.346,
Plot Title: 5S1C,3730,5/30/26 07:15,51.699,
Plot Title: 5S1C,3731,5/30/26 07:30,51.874,
Plot Title: 5S1C,3732,5/30/26 07:45,52.225,
Plot Title: 5S1C,3733,5/30/26 08:00,52.401,
Plot Title: 5S1C,3734,5/30/26 08:15,52.401,
Plot Title: 5S1C,3735,5/30/26 08:30,52.576,
Plot Title: 5S1C,3736,5/30/26 08:45,52.75,
Plot Title: 5S1C,3737,5/30/26 09:00,52.401,
Plot Title: 5S1C,3738,5/30/26 09:15,52.225,
Plot Title: 5S1C,3739,5/30/26 09:30,52.225,
Plot Title: 5S1C,3740,5/30/26 09:45,52.05,
Plot Title: 5S1C,3741,5/30/26 10:00,51.874,
Plot Title: 5S1C,3742,5/30/26 10:15,51.699,
Plot Title: 5S1C,3743,5/30/26 10:30,51.874,
Plot Title: 5S1C,3744,5/30/26 10:45,51.874,
Plot Title: 5S1C,3745,5/30/26 11:00,51.874,
Plot Title: 5S1C,3746,5/30/26 11:15,52.05,
Plot Title: 5S1C,3747,5/30/26 11:30,52.05,
Plot Title: 5S1C,3748,5/30/26 11:45,52.05,
Plot Title: 5S1C,3749,5/30/26 12:00,52.225,
Plot Title: 5S1C,3750,5/30/26 12:15,52.05,
Plot Title: 5S1C,3751,5/30/26 12:30,52.225,
Plot Title: 5S1C,3752,5/30/26 12:45,52.225,
Plot Title: 5S1C,3753,5/30/26 13:00,52.225,
Plot Title: 5S1C,3754,5/30/26 13:15,52.401,
Plot Title: 5S1C,3755,5/30/26 13:30,52.75,
Plot Title: 5S1C,3756,5/30/26 13:45,52.925,
Plot Title: 5S1C,3757,5/30/26 14:00,53.1,
Plot Title: 5S1C,3758,5/30/26 14:15,53.973,
Plot Title: 5S1C,3759,5/30/26 14:30,53.798,
Plot Title: 5S1C,3760,5/30/26 14:45,53.1,
Plot Title: 5S1C,3761,5/30/26 15:00,52.576,
Plot Title: 5S1C,3762,5/30/26 15:15,52.225,
Plot Title: 5S1C,3763,5/30/26 15:30,51.874,
Plot Title: 5S1C,3764,5/30/26 15:45,52.05,
Plot Title: 5S1C,3765,5/30/26 16:00,52.401,
Plot Title: 5S1C,3766,5/30/26 16:15,52.75,
Plot Title: 5S1C,3767,5/30/26 16:30,53.1,
Plot Title: 5S1C,3768,5/30/26 16:45,53.1,
Plot Title: 5S1C,3769,5/30/26 17:00,53.1,
Plot Title: 5S1C,3770,5/30/26 17:15,52.75,
Plot Title: 5S1C,3771,5/30/26 17:30,53.1,
Plot Title: 5S1C,3772,5/30/26 17:45,52.75,
Plot Title: 5S1C,3773,5/30/26 18:00,52.401,
Plot Title: 5S1C,3774,5/30/26 18:15,51.874,
Plot Title: 5S1C,3775,5/30/26 18:30,51.699,
Plot Title: 5S1C,3776,5/30/26 18:45,51.346,
Plot Title: 5S1C,3777,5/30/26 19:00,51.172,
Plot Title: 5S1C,3778,5/30/26 19:15,50.819,
Plot Title: 5S1C,3779,5/30/26 19:30,50.643,
Plot Title: 5S1C,3780,5/30/26 19:45,50.29,
Plot Title: 5S1C,3781,5/30/26 20:00,50.113,
Plot Title: 5S1C,3782,5/30/26 20:15,49.937,
Plot Title: 5S1C,3783,5/30/26 20:30,49.582,
Plot Title: 5S1C,3784,5/30/26 20:45,49.404,
Plot Title: 5S1C,3785,5/30/26 21:00,49.05,
Plot Title: 5S1C,3786,5/30/26 21:15,48.871,
Plot Title: 5S1C,3787,5/30/26 21:30,48.695,
Plot Title: 5S1C,3788,5/30/26 21:45,48.517,
Plot Title: 5S1C,3789,5/30/26 22:00,48.339,
Plot Title: 5S1C,3790,5/30/26 22:15,48.16,
Plot Title: 5S1C,3791,5/30/26 22:30,47.982,
Plot Title: 5S1C,3792,5/30/26 22:45,47.802,
Plot Title: 5S1C,3793,5/30/26 23:00,47.624,
Plot Title: 5S1C,3794,5/30/26 23:15,47.088,
Plot Title: 5S1C,3795,5/30/26 23:30,46.908,
Plot Title: 5S1C,3796,5/30/26 23:45,46.548,
Plot Title: 5S1C,3797,5/31/26 00:00,46.369,
Plot Title: 5S1C,3798,5/31/26 00:15,46.369,
Plot Title: 5S1C,3799,5/31/26 00:30,46.369,
Plot Title: 5S1C,3800,5/31/26 00:45,46.369,
Plot Title: 5S1C,3801,5/31/26 01:00,46.188,
Plot Title: 5S1C,3802,5/31/26 01:15,46.188,
Plot Title: 5S1C,3803,5/31/26 01:30,46.188,
Plot Title: 5S1C,3804,5/31/26 01:45,46.008,
Plot Title: 5S1C,3805,5/31/26 02:00,46.008,
Plot Title: 5S1C,3806,5/31/26 02:15,46.008,
Plot Title: 5S1C,3807,5/31/26 02:30,45.828,
Plot Title: 5S1C,3808,5/31/26 02:45,45.828,
Plot Title: 5S1C,3809,5/31/26 03:00,45.648,
Plot Title: 5S1C,3810,5/31/26 03:15,45.648,
Plot Title: 5S1C,3811,5/31/26 03:30,45.648,
Plot Title: 5S1C,3812,5/31/26 03:45,45.648,
Plot Title: 5S1C,3813,5/31/26 04:00,45.648,
Plot Title: 5S1C,3814,5/31/26 04:15,45.466,
Plot Title: 5S1C,3815,5/31/26 04:30,45.466,
Plot Title: 5S1C,3816,5/31/26 04:45,45.466,
Plot Title: 5S1C,3817,5/31/26 05:00,45.286,
Plot Title: 5S1C,3818,5/31/26 05:15,45.286,
Plot Title: 5S1C,3819,5/31/26 05:30,45.104,
Plot Title: 5S1C,3820,5/31/26 05:45,45.104,
Plot Title: 5S1C,3821,5/31/26 06:00,44.922,
Plot Title: 5S1C,3822,5/31/26 06:15,44.922,
Plot Title: 5S1C,3823,5/31/26 06:30,44.922,
Plot Title: 5S1C,3824,5/31/26 06:45,44.922,
Plot Title: 5S1C,3825,5/31/26 07:00,45.104,
Plot Title: 5S1C,3826,5/31/26 07:15,45.104,
Plot Title: 5S1C,3827,5/31/26 07:30,44.922,
Plot Title: 5S1C,3828,5/31/26 07:45,44.922,
Plot Title: 5S1C,3829,5/31/26 08:00,44.742,
Plot Title: 5S1C,3830,5/31/26 08:15,44.56,
Plot Title: 5S1C,3831,5/31/26 08:30,44.56,
Plot Title: 5S1C,3832,5/31/26 08:45,44.56,
Plot Title: 5S1C,3833,5/31/26 09:00,44.56,
Plot Title: 5S1C,3834,5/31/26 09:15,44.922,
Plot Title: 5S1C,3835,5/31/26 09:30,45.286,
Plot Title: 5S1C,3836,5/31/26 09:45,45.828,
Plot Title: 5S1C,3837,5/31/26 10:00,46.369,
Plot Title: 5S1C,3838,5/31/26 10:15,46.548,
Plot Title: 5S1C,3839,5/31/26 10:30,46.908,
Plot Title: 5S1C,3840,5/31/26 10:45,47.446,
Plot Title: 5S1C,3841,5/31/26 11:00,47.982,
Plot Title: 5S1C,3842,5/31/26 11:15,48.339,
Plot Title: 5S1C,3843,5/31/26 11:30,48.695,
Plot Title: 5S1C,3844,5/31/26 11:45,48.871,
Plot Title: 5S1C,3845,5/31/26 12:00,49.228,
Plot Title: 5S1C,3846,5/31/26 12:15,49.404,
Plot Title: 5S1C,3847,5/31/26 12:30,49.759,
Plot Title: 5S1C,3848,5/31/26 12:45,50.113,
Plot Title: 5S1C,3849,5/31/26 13:00,50.29,
Plot Title: 5S1C,3850,5/31/26 13:15,50.466,
Plot Title: 5S1C,3851,5/31/26 13:30,50.995,
Plot Title: 5S1C,3852,5/31/26 13:45,51.172,
Plot Title: 5S1C,3853,5/31/26 14:00,50.466,
Plot Title: 5S1C,3854,5/31/26 14:15,50.643,
Plot Title: 5S1C,3855,5/31/26 14:30,51.172,
Plot Title: 5S1C,3856,5/31/26 14:45,51.346,
Plot Title: 5S1C,3857,5/31/26 15:00,50.819,
Plot Title: 5S1C,3858,5/31/26 15:15,50.643,
Plot Title: 5S1C,3859,5/31/26 15:30,50.466,
Plot Title: 5S1C,3860,5/31/26 15:45,50.113,
Plot Title: 5S1C,3861,5/31/26 16:00,49.759,
Plot Title: 5S1C,3862,5/31/26 16:15,49.228,
Plot Title: 5S1C,3863,5/31/26 16:30,49.05,
Plot Title: 5S1C,3864,5/31/26 16:45,49.05,
Plot Title: 5S1C,3865,5/31/26 17:00,49.228,
Plot Title: 5S1C,3866,5/31/26 17:15,49.228,
Plot Title: 5S1C,3867,5/31/26 17:30,48.871,
Plot Title: 5S1C,3868,5/31/26 17:45,48.695,
Plot Title: 5S1C,3869,5/31/26 18:00,48.695,
Plot Title: 5S1C,3870,5/31/26 18:15,48.517,
Plot Title: 5S1C,3871,5/31/26 18:30,48.339,
Plot Title: 5S1C,3872,5/31/26 18:45,47.982,
Plot Title: 5S1C,3873,5/31/26 19:00,47.624,
Plot Title: 5S1C,3874,5/31/26 19:15,46.908,
Plot Title: 5S1C,3875,5/31/26 19:30,46.548,
Plot Title: 5S1C,3876,5/31/26 19:45,46.369,
Plot Title: 5S1C,3877,5/31/26 20:00,46.008,
Plot Title: 5S1C,3878,5/31/26 20:15,45.828,
Plot Title: 5S1C,3879,5/31/26 20:30,45.648,
Plot Title: 5S1C,3880,5/31/26 20:45,45.466,
Plot Title: 5S1C,3881,5/31/26 21:00,45.286,
Plot Title: 5S1C,3882,5/31/26 21:15,45.104,
Plot Title: 5S1C,3883,5/31/26 21:30,44.922,
Plot Title: 5S1C,3884,5/31/26 21:45,44.742,
Plot Title: 5S1C,3885,5/31/26 22:00,44.56,
Plot Title: 5S1C,3886,5/31/26 22:15,44.56,
Plot Title: 5S1C,3887,5/31/26 22:30,44.56,
Plot Title: 5S1C,3888,5/31/26 22:45,44.379,
Plot Title: 5S1C,3889,5/31/26 23:00,44.379,
Plot Title: 5S1C,3890,5/31/26 23:15,44.379,
Plot Title: 5S1C,3891,5/31/26 23:30,44.195,
Plot Title: 5S1C,3892,5/31/26 23:45,44.195,
Plot Title: 5S1C,3893,6/1/26 00:00,44.195,
Plot Title: 5S1C,3894,6/1/26 00:15,44.013,
Plot Title: 5S1C,3895,6/1/26 00:30,44.013,
Plot Title: 5S1C,3896,6/1/26 00:45,44.013,
Plot Title: 5S1C,3897,6/1/26 01:00,44.013,
Plot Title: 5S1C,3898,6/1/26 01:15,43.831,
Plot Title: 5S1C,3899,6/1/26 01:30,43.648,
Plot Title: 5S1C,3900,6/1/26 01:45,43.648,
Plot Title: 5S1C,3901,6/1/26 02:00,43.648,
Plot Title: 5S1C,3902,6/1/26 02:15,43.466,
Plot Title: 5S1C,3903,6/1/26 02:30,43.466,
Plot Title: 5S1C,3904,6/1/26 02:45,43.282,
Plot Title: 5S1C,3905,6/1/26 03:00,43.282,
Plot Title: 5S1C,3906,6/1/26 03:15,43.282,
Plot Title: 5S1C,3907,6/1/26 03:30,43.282,
Plot Title: 5S1C,3908,6/1/26 03:45,43.099,
Plot Title: 5S1C,3909,6/1/26 04:00,42.915,
Plot Title: 5S1C,3910,6/1/26 04:15,42.732,
Plot Title: 5S1C,3911,6/1/26 04:30,42.548,
Plot Title: 5S1C,3912,6/1/26 04:45,42.363,
Plot Title: 5S1C,3913,6/1/26 05:00,42.179,
Plot Title: 5S1C,3914,6/1/26 05:15,41.994,
Plot Title: 5S1C,3915,6/1/26 05:30,41.81,
Plot Title: 5S1C,3916,6/1/26 05:45,41.625,
Plot Title: 5S1C,3917,6/1/26 06:00,41.625,
Plot Title: 5S1C,3918,6/1/26 06:15,41.439,
Plot Title: 5S1C,3919,6/1/26 06:30,41.439,
Plot Title: 5S1C,3920,6/1/26 06:45,41.439,
Plot Title: 5S1C,3921,6/1/26 07:00,41.625,
Plot Title: 5S1C,3922,6/1/26 07:15,41.625,
Plot Title: 5S1C,3923,6/1/26 07:30,41.81,
Plot Title: 5S1C,3924,6/1/26 07:45,42.179,
Plot Title: 5S1C,3925,6/1/26 08:00,42.732,
Plot Title: 5S1C,3926,6/1/26 08:15,43.282,
Plot Title: 5S1C,3927,6/1/26 08:30,43.831,
Plot Title: 5S1C,3928,6/1/26 08:45,44.195,
Plot Title: 5S1C,3929,6/1/26 09:00,44.56,
Plot Title: 5S1C,3930,6/1/26 09:15,45.466,
Plot Title: 5S1C,3931,6/1/26 09:30,51.346,
Plot Title: 5S1C,3932,6/1/26 09:45,58.303,
Plot Title: 5S1C,3933,6/1/26 10:00,63.111,
Plot Title: 5S1C,3934,6/1/26 10:15,64.996,
Plot Title: 5S1C,3935,6/1/26 10:30,67.564,
Plot Title: 5S1C,3936,6/1/26 10:45,70.308,
Plot Title: 5S1C,3937,6/1/26 11:00,72.718,
Plot Title: 5S1C,3938,6/1/26 11:15,75.312,
Plot Title: 5S1C,3939,6/1/26 11:30,77.749,
Plot Title: 5S1C,3940,6/1/26 11:45,77.923,
Plot Title: 5S1C,3941,6/1/26 12:00,76.528,
Plot Title: 5S1C,3942,6/1/26 12:15,74.964,
Plot Title: 5S1C,3943,6/1/26 12:30,70.48,
Plot Title: 5S1C,3944,6/1/26 12:45,64.825,
Plot Title: 5S1C,3945,6/1/26 13:00,62.598,
Plot Title: 5S1C,3946,6/1/26 13:15,61.054,
Plot Title: 5S1C,3947,6/1/26 13:30,59.851,
Plot Title: 5S1C,3948,6/1/26 13:45,59.508,
Plot Title: 5S1C,3949,6/1/26 14:00,58.82,
Plot Title: 5S1C,3950,6/1/26 14:15,57.958,
Plot Title: 5S1C,3951,6/1/26 14:30,57.614,
Plot Title: 5S1C,3952,6/1/26 14:45,58.131,
Plot Title: 5S1C,3953,6/1/26 15:00,57.441,
Plot Title: 5S1C,3954,6/1/26 15:15,57.614,
Plot Title: 5S1C,3955,6/1/26 15:30,56.75,
Plot Title: 5S1C,3956,6/1/26 15:45,56.577,
Plot Title: 5S1C,3957,6/1/26 16:00,55.711,
Plot Title: 5S1C,3958,6/1/26 16:15,54.322,
Plot Title: 5S1C,3959,6/1/26 16:30,53.449,
Plot Title: 5S1C,3960,6/1/26 16:45,53.973,
Plot Title: 5S1C,3961,6/1/26 17:00,54.147,
Plot Title: 5S1C,3962,6/1/26 17:15,53.449,
Plot Title: 5S1C,3963,6/1/26 17:30,53.1,
Plot Title: 5S1C,3964,6/1/26 17:45,52.401,
Plot Title: 5S1C,3965,6/1/26 18:00,52.225,
Plot Title: 5S1C,3966,6/1/26 18:15,52.225,
Plot Title: 5S1C,3967,6/1/26 18:30,52.05,
Plot Title: 5S1C,3968,6/1/26 18:45,50.995,
Plot Title: 5S1C,3969,6/1/26 19:00,49.582,
Plot Title: 5S1C,3970,6/1/26 19:15,44.922,
Plot Title: 5S1C,3971,6/1/26 19:30,44.379,
Plot Title: 5S1C,3972,6/1/26 19:45,45.104,
Plot Title: 5S1C,3973,6/1/26 20:00,45.828,
Plot Title: 5S1C,3974,6/1/26 20:15,46.188,
Plot Title: 5S1C,3975,6/1/26 20:30,46.188,
Plot Title: 5S1C,3976,6/1/26 20:45,46.008,
Plot Title: 5S1C,3977,6/1/26 21:00,45.828,
Plot Title: 5S1C,3978,6/1/26 21:15,45.648,
Plot Title: 5S1C,3979,6/1/26 21:30,45.466,
Plot Title: 5S1C,3980,6/1/26 21:45,45.286,
Plot Title: 5S1C,3981,6/1/26 22:00,45.104,
Plot Title: 5S1C,3982,6/1/26 22:15,44.922,
Plot Title: 5S1C,3983,6/1/26 22:30,44.922,
Plot Title: 5S1C,3984,6/1/26 22:45,44.742,
Plot Title: 5S1C,3985,6/1/26 23:00,44.56,
Plot Title: 5S1C,3986,6/1/26 23:15,44.56,
Plot Title: 5S1C,3987,6/1/26 23:30,44.56,
Plot Title: 5S1C,3988,6/1/26 23:45,44.742,
Plot Title: 5S1C,3989,6/2/26 00:00,44.742,
Plot Title: 5S1C,3990,6/2/26 00:15,44.56,
Plot Title: 5S1C,3991,6/2/26 00:30,44.56,
Plot Title: 5S1C,3992,6/2/26 00:45,44.379,
Plot Title: 5S1C,3993,6/2/26 01:00,44.379,
Plot Title: 5S1C,3994,6/2/26 01:15,44.195,
Plot Title: 5S1C,3995,6/2/26 01:30,44.013,
Plot Title: 5S1C,3996,6/2/26 01:45,43.831,
Plot Title: 5S1C,3997,6/2/26 02:00,43.831,
Plot Title: 5S1C,3998,6/2/26 02:15,43.648,
Plot Title: 5S1C,3999,6/2/26 02:30,43.466,
Plot Title: 5S1C,4000,6/2/26 02:45,43.466,
Plot Title: 5S1C,4001,6/2/26 03:00,43.282,
Plot Title: 5S1C,4002,6/2/26 03:15,43.282,
Plot Title: 5S1C,4003,6/2/26 03:30,43.099,
Plot Title: 5S1C,4004,6/2/26 03:45,43.099,
Plot Title: 5S1C,4005,6/2/26 04:00,43.099,
Plot Title: 5S1C,4006,6/2/26 04:15,43.099,
Plot Title: 5S1C,4007,6/2/26 04:30,43.099,
Plot Title: 5S1C,4008,6/2/26 04:45,43.099,
Plot Title: 5S1C,4009,6/2/26 05:00,43.282,
Plot Title: 5S1C,4010,6/2/26 05:15,43.282,
Plot Title: 5S1C,4011,6/2/26 05:30,43.282,
Plot Title: 5S1C,4012,6/2/26 05:45,43.282,
Plot Title: 5S1C,4013,6/2/26 06:00,43.466,
Plot Title: 5S1C,4014,6/2/26 06:15,43.466,
Plot Title: 5S1C,4015,6/2/26 06:30,43.466,
Plot Title: 5S1C,4016,6/2/26 06:45,43.466,
Plot Title: 5S1C,4017,6/2/26 07:00,43.466,
Plot Title: 5S1C,4018,6/2/26 07:15,43.466,
Plot Title: 5S1C,4019,6/2/26 07:30,43.466,
Plot Title: 5S1C,4020,6/2/26 07:45,43.648,
Plot Title: 5S1C,4021,6/2/26 08:00,44.013,
Plot Title: 5S1C,4022,6/2/26 08:15,44.56,
Plot Title: 5S1C,4023,6/2/26 08:30,45.466,
Plot Title: 5S1C,4024,6/2/26 08:45,46.369,
Plot Title: 5S1C,4025,6/2/26 09:00,47.266,
Plot Title: 5S1C,4026,6/2/26 09:15,48.16,
Plot Title: 5S1C,4027,6/2/26 09:30,51.699,
Plot Title: 5S1C,4028,6/2/26 09:45,56.75,
Plot Title: 5S1C,4029,6/2/26 10:00,61.054,
Plot Title: 5S1C,4030,6/2/26 10:15,63.626,
Plot Title: 5S1C,4031,6/2/26 10:30,65.68,
Plot Title: 5S1C,4032,6/2/26 10:45,64.825,
Plot Title: 5S1C,4033,6/2/26 11:00,68.421,
Plot Title: 5S1C,4034,6/2/26 11:15,72.199,
Plot Title: 5S1C,4035,6/2/26 11:30,77.225,
Plot Title: 5S1C,4036,6/2/26 11:45,80.382,
Plot Title: 5S1C,4037,6/2/26 12:00,83.399,
Plot Title: 5S1C,4038,6/2/26 12:15,80.911,
Plot Title: 5S1C,4039,6/2/26 12:30,74.098,
Plot Title: 5S1C,4040,6/2/26 12:45,66.879,
Plot Title: 5S1C,4041,6/2/26 13:00,65.338,
Plot Title: 5S1C,4042,6/2/26 13:15,62.425,
Plot Title: 5S1C,4043,6/2/26 13:30,61.227,
Plot Title: 5S1C,4044,6/2/26 13:45,60.368,
Plot Title: 5S1C,4045,6/2/26 14:00,59.68,
Plot Title: 5S1C,4046,6/2/26 14:15,58.993,
Plot Title: 5S1C,4047,6/2/26 14:30,58.82,
Plot Title: 5S1C,4048,6/2/26 14:45,59.164,
Plot Title: 5S1C,4049,6/2/26 15:00,60.368,
Plot Title: 5S1C,4050,6/2/26 15:15,59.68,
Plot Title: 5S1C,4051,6/2/26 15:30,58.993,
Plot Title: 5S1C,4052,6/2/26 15:45,58.476,
Plot Title: 5S1C,4053,6/2/26 16:00,58.303,
Plot Title: 5S1C,4054,6/2/26 16:15,58.303,
Plot Title: 5S1C,4055,6/2/26 16:30,58.303,
Plot Title: 5S1C,4056,6/2/26 16:45,58.303,
Plot Title: 5S1C,4057,6/2/26 17:00,57.785,
Plot Title: 5S1C,4058,6/2/26 17:15,57.614,
Plot Title: 5S1C,4059,6/2/26 17:30,57.441,
Plot Title: 5S1C,4060,6/2/26 17:45,56.923,
Plot Title: 5S1C,4061,6/2/26 18:00,56.404,
Plot Title: 5S1C,4062,6/2/26 18:15,55.884,
Plot Title: 5S1C,4063,6/2/26 18:30,55.711,
Plot Title: 5S1C,4064,6/2/26 18:45,55.537,
Plot Title: 5S1C,4065,6/2/26 19:00,54.842,
Plot Title: 5S1C,4066,6/2/26 19:15,54.322,
Plot Title: 5S1C,4067,6/2/26 19:30,53.973,
Plot Title: 5S1C,4068,6/2/26 19:45,53.623,
Plot Title: 5S1C,4069,6/2/26 20:00,53.449,
Plot Title: 5S1C,4070,6/2/26 20:15,53.274,
Plot Title: 5S1C,4071,6/2/26 20:30,52.75,
Plot Title: 5S1C,4072,6/2/26 20:45,52.05,
Plot Title: 5S1C,4073,6/2/26 21:00,51.346,
Plot Title: 5S1C,4074,6/2/26 21:15,50.995,
Plot Title: 5S1C,4075,6/2/26 21:30,50.466,
Plot Title: 5S1C,4076,6/2/26 21:45,50.113,
Plot Title: 5S1C,4077,6/2/26 22:00,49.759,
Plot Title: 5S1C,4078,6/2/26 22:15,49.582,
Plot Title: 5S1C,4079,6/2/26 22:30,49.404,
Plot Title: 5S1C,4080,6/2/26 22:45,49.228,
Plot Title: 5S1C,4081,6/2/26 23:00,49.05,
Plot Title: 5S1C,4082,6/2/26 23:15,48.695,
Plot Title: 5S1C,4083,6/2/26 23:30,48.517,
Plot Title: 5S1C,4084,6/2/26 23:45,48.339,
Plot Title: 5S1C,4085,6/3/26 00:00,48.16,
Plot Title: 5S1C,4086,6/3/26 00:15,47.982,
Plot Title: 5S1C,4087,6/3/26 00:30,47.982,
Plot Title: 5S1C,4088,6/3/26 00:45,47.802,
Plot Title: 5S1C,4089,6/3/26 01:00,47.446,
Plot Title: 5S1C,4090,6/3/26 01:15,47.446,
Plot Title: 5S1C,4091,6/3/26 01:30,47.266,
Plot Title: 5S1C,4092,6/3/26 01:45,47.088,
Plot Title: 5S1C,4093,6/3/26 02:00,47.088,
Plot Title: 5S1C,4094,6/3/26 02:15,46.728,
Plot Title: 5S1C,4095,6/3/26 02:30,46.548,
Plot Title: 5S1C,4096,6/3/26 02:45,46.369,
Plot Title: 5S1C,4097,6/3/26 03:00,46.188,
Plot Title: 5S1C,4098,6/3/26 03:15,46.008,
Plot Title: 5S1C,4099,6/3/26 03:30,45.828,
Plot Title: 5S1C,4100,6/3/26 03:45,45.828,
Plot Title: 5S1C,4101,6/3/26 04:00,45.648,
Plot Title: 5S1C,4102,6/3/26 04:15,45.648,
Plot Title: 5S1C,4103,6/3/26 04:30,45.466,
Plot Title: 5S1C,4104,6/3/26 04:45,45.286,
Plot Title: 5S1C,4105,6/3/26 05:00,45.286,
Plot Title: 5S1C,4106,6/3/26 05:15,45.104,
Plot Title: 5S1C,4107,6/3/26 05:30,45.104,
Plot Title: 5S1C,4108,6/3/26 05:45,45.104,
Plot Title: 5S1C,4109,6/3/26 06:00,44.922,
Plot Title: 5S1C,4110,6/3/26 06:15,44.922,
Plot Title: 5S1C,4111,6/3/26 06:30,45.104,
Plot Title: 5S1C,4112,6/3/26 06:45,45.104,
Plot Title: 5S1C,4113,6/3/26 07:00,45.104,
Plot Title: 5S1C,4114,6/3/26 07:15,45.104,
Plot Title: 5S1C,4115,6/3/26 07:30,45.286,
Plot Title: 5S1C,4116,6/3/26 07:45,45.466,
Plot Title: 5S1C,4117,6/3/26 08:00,46.008,
Plot Title: 5S1C,4118,6/3/26 08:15,46.728,
Plot Title: 5S1C,4119,6/3/26 08:30,47.266,
Plot Title: 5S1C,4120,6/3/26 08:45,47.802,
Plot Title: 5S1C,4121,6/3/26 09:00,48.339,
Plot Title: 5S1C,4122,6/3/26 09:15,49.582,
Plot Title: 5S1C,4123,6/3/26 09:30,55.711,
Plot Title: 5S1C,4124,6/3/26 09:45,62.254,
Plot Title: 5S1C,4125,6/3/26 10:00,66.708,
Plot Title: 5S1C,4126,6/3/26 10:15,70.137,
Plot Title: 5S1C,4127,6/3/26 10:30,72.891,
Plot Title: 5S1C,4128,6/3/26 10:45,75.312,
Plot Title: 5S1C,4129,6/3/26 11:00,78.098,
Plot Title: 5S1C,4130,6/3/26 11:15,80.735,
Plot Title: 5S1C,4131,6/3/26 11:30,83.579,
Plot Title: 5S1C,4132,6/3/26 11:45,86.277,
Plot Title: 5S1C,4133,6/3/26 12:00,87.915,
Plot Title: 5S1C,4134,6/3/26 12:15,85.194,
Plot Title: 5S1C,4135,6/3/26 12:30,78.098,
Plot Title: 5S1C,4136,6/3/26 12:45,70.308,
Plot Title: 5S1C,4137,6/3/26 13:00,68.421,
Plot Title: 5S1C,4138,6/3/26 13:15,64.996,
Plot Title: 5S1C,4139,6/3/26 13:30,62.94,
Plot Title: 5S1C,4140,6/3/26 13:45,61.912,
Plot Title: 5S1C,4141,6/3/26 14:00,61.054,
Plot Title: 5S1C,4142,6/3/26 14:15,60.368,
Plot Title: 5S1C,4143,6/3/26 14:30,59.851,
Plot Title: 5S1C,4144,6/3/26 14:45,60.195,
Plot Title: 5S1C,4145,6/3/26 15:00,61.912,
Plot Title: 5S1C,4146,6/3/26 15:15,61.054,
Plot Title: 5S1C,4147,6/3/26 15:30,59.68,
Plot Title: 5S1C,4148,6/3/26 15:45,59.164,
Plot Title: 5S1C,4149,6/3/26 16:00,59.68,
Plot Title: 5S1C,4150,6/3/26 16:15,58.993,
Plot Title: 5S1C,4151,6/3/26 16:30,58.82,
Plot Title: 5S1C,4152,6/3/26 16:45,62.254,
Plot Title: 5S1C,4153,6/3/26 17:00,60.712,
Plot Title: 5S1C,4154,6/3/26 17:15,59.68,
Plot Title: 5S1C,4155,6/3/26 17:30,59.508,
Plot Title: 5S1C,4156,6/3/26 17:45,58.82,
Plot Title: 5S1C,4157,6/3/26 18:00,58.476,
Plot Title: 5S1C,4158,6/3/26 18:15,58.303,
Plot Title: 5S1C,4159,6/3/26 18:30,58.476,
Plot Title: 5S1C,4160,6/3/26 18:45,58.131,
Plot Title: 5S1C,4161,6/3/26 19:00,57.785,
Plot Title: 5S1C,4162,6/3/26 19:15,57.614,
Plot Title: 5S1C,4163,6/3/26 19:30,57.268,
Plot Title: 5S1C,4164,6/3/26 19:45,56.923,
Plot Title: 5S1C,4165,6/3/26 20:00,56.577,
Plot Title: 5S1C,4166,6/3/26 20:15,56.057,
Plot Title: 5S1C,4167,6/3/26 20:30,55.537,
Plot Title: 5S1C,4168,6/3/26 20:45,55.017,
Plot Title: 5S1C,4169,6/3/26 21:00,54.495,
Plot Title: 5S1C,4170,6/3/26 21:15,54.322,
Plot Title: 5S1C,4171,6/3/26 21:30,53.973,
Plot Title: 5S1C,4172,6/3/26 21:45,53.798,
Plot Title: 5S1C,4173,6/3/26 22:00,53.623,
Plot Title: 5S1C,4174,6/3/26 22:15,53.274,
Plot Title: 5S1C,4175,6/3/26 22:30,53.1,
Plot Title: 5S1C,4176,6/3/26 22:45,52.925,
Plot Title: 5S1C,4177,6/3/26 23:00,52.75,
Plot Title: 5S1C,4178,6/3/26 23:15,52.401,
Plot Title: 5S1C,4179,6/3/26 23:30,52.05,
Plot Title: 5S1C,4180,6/3/26 23:45,51.699,
Plot Title: 5S1C,4181,6/4/26 00:00,51.523,
Plot Title: 5S1C,4182,6/4/26 00:15,51.523,
Plot Title: 5S1C,4183,6/4/26 00:30,51.346,
Plot Title: 5S1C,4184,6/4/26 00:45,51.346,
Plot Title: 5S1C,4185,6/4/26 01:00,50.995,
Plot Title: 5S1C,4186,6/4/26 01:15,50.819,
Plot Title: 5S1C,4187,6/4/26 01:30,50.819,
Plot Title: 5S1C,4188,6/4/26 01:45,50.819,
Plot Title: 5S1C,4189,6/4/26 02:00,50.819,
Plot Title: 5S1C,4190,6/4/26 02:15,50.819,
Plot Title: 5S1C,4191,6/4/26 02:30,50.643,
Plot Title: 5S1C,4192,6/4/26 02:45,50.643,
Plot Title: 5S1C,4193,6/4/26 03:00,50.29,
Plot Title: 5S1C,4194,6/4/26 03:15,50.29,
Plot Title: 5S1C,4195,6/4/26 03:30,50.29,
Plot Title: 5S1C,4196,6/4/26 03:45,50.113,
Plot Title: 5S1C,4197,6/4/26 04:00,50.113,
Plot Title: 5S1C,4198,6/4/26 04:15,49.759,
Plot Title: 5S1C,4199,6/4/26 04:30,49.228,
Plot Title: 5S1C,4200,6/4/26 04:45,49.05,
Plot Title: 5S1C,4201,6/4/26 05:00,48.871,
Plot Title: 5S1C,4202,6/4/26 05:15,48.695,
Plot Title: 5S1C,4203,6/4/26 05:30,48.517,
Plot Title: 5S1C,4204,6/4/26 05:45,48.517,
Plot Title: 5S1C,4205,6/4/26 06:00,48.517,
Plot Title: 5S1C,4206,6/4/26 06:15,48.517,
Plot Title: 5S1C,4207,6/4/26 06:30,48.695,
Plot Title: 5S1C,4208,6/4/26 06:45,48.695,
Plot Title: 5S1C,4209,6/4/26 07:00,48.517,
Plot Title: 5S1C,4210,6/4/26 07:15,48.517,
Plot Title: 5S1C,4211,6/4/26 07:30,48.871,
Plot Title: 5S1C,4212,6/4/26 07:45,49.228,
Plot Title: 5S1C,4213,6/4/26 08:00,49.937,
Plot Title: 5S1C,4214,6/4/26 08:15,50.995,
Plot Title: 5S1C,4215,6/4/26 08:30,50.819,
Plot Title: 5S1C,4216,6/4/26 08:45,51.172,
Plot Title: 5S1C,4217,6/4/26 09:00,51.523,
Plot Title: 5S1C,4218,6/4/26 09:15,52.225,
Plot Title: 5S1C,4219,6/4/26 09:30,58.476,
Plot Title: 5S1C,4220,6/4/26 09:45,62.94,
Plot Title: 5S1C,4221,6/4/26 10:00,67.906,
Plot Title: 5S1C,4222,6/4/26 10:15,66.537,
Plot Title: 5S1C,4223,6/4/26 10:30,70.48,
Plot Title: 5S1C,4224,6/4/26 10:45,74.098,
Plot Title: 5S1C,4225,6/4/26 11:00,72.372,
Plot Title: 5S1C,4226,6/4/26 11:15,74.619,
Plot Title: 5S1C,4227,6/4/26 11:30,77.05,
Plot Title: 5S1C,4228,6/4/26 11:45,77.05,
Plot Title: 5S1C,4229,6/4/26 12:00,79.678,
Plot Title: 5S1C,4230,6/4/26 12:15,81.797,
Plot Title: 5S1C,4231,6/4/26 12:30,76.006,
Plot Title: 5S1C,4232,6/4/26 12:45,69.107,
Plot Title: 5S1C,4233,6/4/26 13:00,68.248,
Plot Title: 5S1C,4234,6/4/26 13:15,65.68,
Plot Title: 5S1C,4235,6/4/26 13:30,64.31,
Plot Title: 5S1C,4236,6/4/26 13:45,63.282,
Plot Title: 5S1C,4237,6/4/26 14:00,62.598,
Plot Title: 5S1C,4238,6/4/26 14:15,62.083,
Plot Title: 5S1C,4239,6/4/26 14:30,61.912,
Plot Title: 5S1C,4240,6/4/26 14:45,61.912,
Plot Title: 5S1C,4241,6/4/26 15:00,63.968,
Plot Title: 5S1C,4242,6/4/26 15:15,63.282,
Plot Title: 5S1C,4243,6/4/26 15:30,61.912,
Plot Title: 5S1C,4244,6/4/26 15:45,61.569,
Plot Title: 5S1C,4245,6/4/26 16:00,61.398,
Plot Title: 5S1C,4246,6/4/26 16:15,61.054,
Plot Title: 5S1C,4247,6/4/26 16:30,60.195,
Plot Title: 5S1C,4248,6/4/26 16:45,63.968,
Plot Title: 5S1C,4249,6/4/26 17:00,62.769,
Plot Title: 5S1C,4250,6/4/26 17:15,61.054,
Plot Title: 5S1C,4251,6/4/26 17:30,60.024,
Plot Title: 5S1C,4252,6/4/26 17:45,59.337,
Plot Title: 5S1C,4253,6/4/26 18:00,58.82,
Plot Title: 5S1C,4254,6/4/26 18:15,58.303,
Plot Title: 5S1C,4255,6/4/26 18:30,57.958,
Plot Title: 5S1C,4256,6/4/26 18:45,57.441,
Plot Title: 5S1C,4257,6/4/26 19:00,57.096,
Plot Title: 5S1C,4258,6/4/26 19:15,56.75,
Plot Title: 5S1C,4259,6/4/26 19:30,56.404,
Plot Title: 5S1C,4260,6/4/26 19:45,56.057,
Plot Title: 5S1C,4261,6/4/26 20:00,55.537,
Plot Title: 5S1C,4262,6/4/26 20:15,55.189,
Plot Title: 5S1C,4263,6/4/26 20:30,54.669,
Plot Title: 5S1C,4264,6/4/26 20:45,54.322,
Plot Title: 5S1C,4265,6/4/26 21:00,53.798,
Plot Title: 5S1C,4266,6/4/26 21:15,53.449,
Plot Title: 5S1C,4267,6/4/26 21:30,53.1,
Plot Title: 5S1C,4268,6/4/26 21:45,52.75,
Plot Title: 5S1C,4269,6/4/26 22:00,52.401,
Plot Title: 5S1C,4270,6/4/26 22:15,52.05,
Plot Title: 5S1C,4271,6/4/26 22:30,51.874,
Plot Title: 5S1C,4272,6/4/26 22:45,51.699,
Plot Title: 5S1C,4273,6/4/26 23:00,51.523,
Plot Title: 5S1C,4274,6/4/26 23:15,51.172,
Plot Title: 5S1C,4275,6/4/26 23:30,50.995,
Plot Title: 5S1C,4276,6/4/26 23:45,50.819,
Plot Title: 5S1C,4277,6/5/26 00:00,50.643,
Plot Title: 5S1C,4278,6/5/26 00:15,50.466,
Plot Title: 5S1C,4279,6/5/26 00:30,50.29,
Plot Title: 5S1C,4280,6/5/26 00:45,50.113,
Plot Title: 5S1C,4281,6/5/26 01:00,49.937,
Plot Title: 5S1C,4282,6/5/26 01:15,49.759,
Plot Title: 5S1C,4283,6/5/26 01:30,49.582,
Plot Title: 5S1C,4284,6/5/26 01:45,49.404,
Plot Title: 5S1C,4285,6/5/26 02:00,49.228,
Plot Title: 5S1C,4286,6/5/26 02:15,49.228,
Plot Title: 5S1C,4287,6/5/26 02:30,49.05,
Plot Title: 5S1C,4288,6/5/26 02:45,48.871,
Plot Title: 5S1C,4289,6/5/26 03:00,48.695,
Plot Title: 5S1C,4290,6/5/26 03:15,48.517,
Plot Title: 5S1C,4291,6/5/26 03:30,48.517,
Plot Title: 5S1C,4292,6/5/26 03:45,48.339,
Plot Title: 5S1C,4293,6/5/26 04:00,48.16,
Plot Title: 5S1C,4294,6/5/26 04:15,47.982,
Plot Title: 5S1C,4295,6/5/26 04:30,47.802,
Plot Title: 5S1C,4296,6/5/26 04:45,47.802,
Plot Title: 5S1C,4297,6/5/26 05:00,47.624,
Plot Title: 5S1C,4298,6/5/26 05:15,47.446,
Plot Title: 5S1C,4299,6/5/26 05:30,47.446,
Plot Title: 5S1C,4300,6/5/26 05:45,47.266,
Plot Title: 5S1C,4301,6/5/26 06:00,47.266,
Plot Title: 5S1C,4302,6/5/26 06:15,47.266,
Plot Title: 5S1C,4303,6/5/26 06:30,47.088,
Plot Title: 5S1C,4304,6/5/26 06:45,47.088,
Plot Title: 5S1C,4305,6/5/26 07:00,47.266,
Plot Title: 5S1C,4306,6/5/26 07:15,47.266,
Plot Title: 5S1C,4307,6/5/26 07:30,47.446,
Plot Title: 5S1C,4308,6/5/26 07:45,47.802,
Plot Title: 5S1C,4309,6/5/26 08:00,48.339,
Plot Title: 5S1C,4310,6/5/26 08:15,49.228,
Plot Title: 5S1C,4311,6/5/26 08:30,49.582,
Plot Title: 5S1C,4312,6/5/26 08:45,50.113,
Plot Title: 5S1C,4313,6/5/26 09:00,50.466,
Plot Title: 5S1C,4314,6/5/26 09:15,51.523,
Plot Title: 5S1C,4315,6/5/26 09:30,57.958,
Plot Title: 5S1C,4316,6/5/26 09:45,64.139,
Plot Title: 5S1C,4317,6/5/26 10:00,68.592,
Plot Title: 5S1C,4318,6/5/26 10:15,72.199,
Plot Title: 5S1C,4319,6/5/26 10:30,75.312,
Plot Title: 5S1C,4320,6/5/26 10:45,78.975,
Plot Title: 5S1C,4321,6/5/26 11:00,81.797,
Plot Title: 5S1C,4322,6/5/26 11:15,84.654,
Plot Title: 5S1C,4323,6/5/26 11:30,88.282,
Plot Title: 5S1C,4324,6/5/26 11:45,92.737,
Plot Title: 5S1C,4325,6/5/26 12:00,96.748,
Plot Title: 5S1C,4326,6/5/26 12:15,94.825,
Plot Title: 5S1C,4327,6/5/26 12:30,85.374,
Plot Title: 5S1C,4328,6/5/26 12:45,75.659,
Plot Title: 5S1C,4329,6/5/26 13:00,72.891,
Plot Title: 5S1C,4330,6/5/26 13:15,69.793,
Plot Title: 5S1C,4331,6/5/26 13:30,67.906,
Plot Title: 5S1C,4332,6/5/26 13:45,66.537,
Plot Title: 5S1C,4333,6/5/26 14:00,65.509,
Plot Title: 5S1C,4334,6/5/26 14:15,64.996,
Plot Title: 5S1C,4335,6/5/26 14:30,64.31,
Plot Title: 5S1C,4336,6/5/26 14:45,63.968,
Plot Title: 5S1C,4337,6/5/26 15:00,66.193,
Plot Title: 5S1C,4338,6/5/26 15:15,65.338,
Plot Title: 5S1C,4339,6/5/26 15:30,64.31,
Plot Title: 5S1C,4340,6/5/26 15:45,63.626,
Plot Title: 5S1C,4341,6/5/26 16:00,63.968,
Plot Title: 5S1C,4342,6/5/26 16:15,63.111,
Plot Title: 5S1C,4343,6/5/26 16:30,63.111,
Plot Title: 5S1C,4344,6/5/26 16:45,67.05,
Plot Title: 5S1C,4345,6/5/26 17:00,65.68,
Plot Title: 5S1C,4346,6/5/26 17:15,63.626,
Plot Title: 5S1C,4347,6/5/26 17:30,62.425,
Plot Title: 5S1C,4348,6/5/26 17:45,61.741,
Plot Title: 5S1C,4349,6/5/26 18:00,61.227,
Plot Title: 5S1C,4350,6/5/26 18:15,60.539,
Plot Title: 5S1C,4351,6/5/26 18:30,60.195,
Plot Title: 5S1C,4352,6/5/26 18:45,59.851,
Plot Title: 5S1C,4353,6/5/26 19:00,59.508,
Plot Title: 5S1C,4354,6/5/26 19:15,59.164,
Plot Title: 5S1C,4355,6/5/26 19:30,58.82,
Plot Title: 5S1C,4356,6/5/26 19:45,58.476,
Plot Title: 5S1C,4357,6/5/26 20:00,58.303,
Plot Title: 5S1C,4358,6/5/26 20:15,57.958,
Plot Title: 5S1C,4359,6/5/26 20:30,57.614,
Plot Title: 5S1C,4360,6/5/26 20:45,57.268,
Plot Title: 5S1C,4361,6/5/26 21:00,57.096,
Plot Title: 5S1C,4362,6/5/26 21:15,56.75,
Plot Title: 5S1C,4363,6/5/26 21:30,56.577,
Plot Title: 5S1C,4364,6/5/26 21:45,56.404,
Plot Title: 5S1C,4365,6/5/26 22:00,56.057,
Plot Title: 5S1C,4366,6/5/26 22:15,55.884,
Plot Title: 5S1C,4367,6/5/26 22:30,55.537,
Plot Title: 5S1C,4368,6/5/26 22:45,55.364,
Plot Title: 5S1C,4369,6/5/26 23:00,55.017,
Plot Title: 5S1C,4370,6/5/26 23:15,54.495,
Plot Title: 5S1C,4371,6/5/26 23:30,54.322,
Plot Title: 5S1C,4372,6/5/26 23:45,53.973,
Plot Title: 5S1C,4373,6/6/26 00:00,53.623,
Plot Title: 5S1C,4374,6/6/26 00:15,53.449,
Plot Title: 5S1C,4375,6/6/26 00:30,53.274,
Plot Title: 5S1C,4376,6/6/26 00:45,53.1,
Plot Title: 5S1C,4377,6/6/26 01:00,52.75,
Plot Title: 5S1C,4378,6/6/26 01:15,52.401,
Plot Title: 5S1C,4379,6/6/26 01:30,52.05,
Plot Title: 5S1C,4380,6/6/26 01:45,51.874,
Plot Title: 5S1C,4381,6/6/26 02:00,51.523,
Plot Title: 5S1C,4382,6/6/26 02:15,51.346,
Plot Title: 5S1C,4383,6/6/26 02:30,51.172,
Plot Title: 5S1C,4384,6/6/26 02:45,50.995,
Plot Title: 5S1C,4385,6/6/26 03:00,50.819,
Plot Title: 5S1C,4386,6/6/26 03:15,50.643,
Plot Title: 5S1C,4387,6/6/26 03:30,50.643,
Plot Title: 5S1C,4388,6/6/26 03:45,50.643,
Plot Title: 5S1C,4389,6/6/26 04:00,50.466,
Plot Title: 5S1C,4390,6/6/26 04:15,50.29,
Plot Title: 5S1C,4391,6/6/26 04:30,50.29,
Plot Title: 5S1C,4392,6/6/26 04:45,50.113,
Plot Title: 5S1C,4393,6/6/26 05:00,49.937,
Plot Title: 5S1C,4394,6/6/26 05:15,49.759,
Plot Title: 5S1C,4395,6/6/26 05:30,49.759,
Plot Title: 5S1C,4396,6/6/26 05:45,49.582,
Plot Title: 5S1C,4397,6/6/26 06:00,49.582,
Plot Title: 5S1C,4398,6/6/26 06:15,49.759,
Plot Title: 5S1C,4399,6/6/26 06:30,49.937,
Plot Title: 5S1C,4400,6/6/26 06:45,50.643,
Plot Title: 5S1C,4401,6/6/26 07:00,50.995,
Plot Title: 5S1C,4402,6/6/26 07:15,51.172,
Plot Title: 5S1C,4403,6/6/26 07:30,51.699,
Plot Title: 5S1C,4404,6/6/26 07:45,52.75,
Plot Title: 5S1C,4405,6/6/26 08:00,53.1,
Plot Title: 5S1C,4406,6/6/26 08:15,54.147,
Plot Title: 5S1C,4407,6/6/26 08:30,55.017,
Plot Title: 5S1C,4408,6/6/26 08:45,55.884,
Plot Title: 5S1C,4409,6/6/26 09:00,55.364,
Plot Title: 5S1C,4410,6/6/26 09:15,55.884,
Plot Title: 5S1C,4411,6/6/26 09:30,55.884,
Plot Title: 5S1C,4412,6/6/26 09:45,56.23,
Plot Title: 5S1C,4413,6/6/26 10:00,56.23,
Plot Title: 5S1C,4414,6/6/26 10:15,56.057,
Plot Title: 5S1C,4415,6/6/26 10:30,55.884,
Plot Title: 5S1C,4416,6/6/26 10:45,56.057,
Plot Title: 5S1C,4417,6/6/26 11:00,57.958,
Plot Title: 5S1C,4418,6/6/26 11:15,63.626,
Plot Title: 5S1C,4419,6/6/26 11:30,65.509,
Plot Title: 5S1C,4420,6/6/26 11:45,66.022,
Plot Title: 5S1C,4421,6/6/26 12:00,65.68,
Plot Title: 5S1C,4422,6/6/26 12:15,63.968,
Plot Title: 5S1C,4423,6/6/26 12:30,62.598,
Plot Title: 5S1C,4424,6/6/26 12:45,61.741,
Plot Title: 5S1C,4425,6/6/26 13:00,62.083,
Plot Title: 5S1C,4426,6/6/26 13:15,61.741,
Plot Title: 5S1C,4427,6/6/26 13:30,62.254,
Plot Title: 5S1C,4428,6/6/26 13:45,61.912,
Plot Title: 5S1C,4429,6/6/26 14:00,61.741,
Plot Title: 5S1C,4430,6/6/26 14:15,62.425,
Plot Title: 5S1C,4431,6/6/26 14:30,62.769,
Plot Title: 5S1C,4432,6/6/26 14:45,62.598,
Plot Title: 5S1C,4433,6/6/26 15:00,62.083,
Plot Title: 5S1C,4434,6/6/26 15:15,61.569,
Plot Title: 5S1C,4435,6/6/26 15:30,61.398,
Plot Title: 5S1C,4436,6/6/26 15:45,61.569,
Plot Title: 5S1C,4437,6/6/26 16:00,61.569,
Plot Title: 5S1C,4438,6/6/26 16:15,60.883,
Plot Title: 5S1C,4439,6/6/26 16:30,61.054,
Plot Title: 5S1C,4440,6/6/26 16:45,63.455,
Plot Title: 5S1C,4441,6/6/26 17:00,62.254,
Plot Title: 5S1C,4442,6/6/26 17:15,61.227,
Plot Title: 5S1C,4443,6/6/26 17:30,60.539,
Plot Title: 5S1C,4444,6/6/26 17:45,60.024,
Plot Title: 5S1C,4445,6/6/26 18:00,59.68,
Plot Title: 5S1C,4446,6/6/26 18:15,59.337,
Plot Title: 5S1C,4447,6/6/26 18:30,58.82,
Plot Title: 5S1C,4448,6/6/26 18:45,58.82,
Plot Title: 5S1C,4449,6/6/26 19:00,58.647,
Plot Title: 5S1C,4450,6/6/26 19:15,57.958,
Plot Title: 5S1C,4451,6/6/26 19:30,57.614,
Plot Title: 5S1C,4452,6/6/26 19:45,57.268,
Plot Title: 5S1C,4453,6/6/26 20:00,56.75,
Plot Title: 5S1C,4454,6/6/26 20:15,56.057,
Plot Title: 5S1C,4455,6/6/26 20:30,55.537,
Plot Title: 5S1C,4456,6/6/26 20:45,55.017,
Plot Title: 5S1C,4457,6/6/26 21:00,54.669,
Plot Title: 5S1C,4458,6/6/26 21:15,53.973,
Plot Title: 5S1C,4459,6/6/26 21:30,53.449,
Plot Title: 5S1C,4460,6/6/26 21:45,52.925,
Plot Title: 5S1C,4461,6/6/26 22:00,52.576,
Plot Title: 5S1C,4462,6/6/26 22:15,52.225,
Plot Title: 5S1C,4463,6/6/26 22:30,51.874,
Plot Title: 5S1C,4464,6/6/26 22:45,51.523,
Plot Title: 5S1C,4465,6/6/26 23:00,51.346,
Plot Title: 5S1C,4466,6/6/26 23:15,51.172,
Plot Title: 5S1C,4467,6/6/26 23:30,51.172,
Plot Title: 5S1C,4468,6/6/26 23:45,50.995,
Plot Title: 5S1C,4469,6/7/26 00:00,50.995,
Plot Title: 5S1C,4470,6/7/26 00:15,50.819,
Plot Title: 5S1C,4471,6/7/26 00:30,50.466,
Plot Title: 5S1C,4472,6/7/26 00:45,50.466,
Plot Title: 5S1C,4473,6/7/26 01:00,50.29,
Plot Title: 5S1C,4474,6/7/26 01:15,49.937,
Plot Title: 5S1C,4475,6/7/26 01:30,49.759,
Plot Title: 5S1C,4476,6/7/26 01:45,49.582,
Plot Title: 5S1C,4477,6/7/26 02:00,49.404,
Plot Title: 5S1C,4478,6/7/26 02:15,49.228,
Plot Title: 5S1C,4479,6/7/26 02:30,49.228,
Plot Title: 5S1C,4480,6/7/26 02:45,49.05,
Plot Title: 5S1C,4481,6/7/26 03:00,48.871,
Plot Title: 5S1C,4482,6/7/26 03:15,48.871,
Plot Title: 5S1C,4483,6/7/26 03:30,48.695,
Plot Title: 5S1C,4484,6/7/26 03:45,48.695,
Plot Title: 5S1C,4485,6/7/26 04:00,48.517,
Plot Title: 5S1C,4486,6/7/26 04:15,48.517,
Plot Title: 5S1C,4487,6/7/26 04:30,48.517,
Plot Title: 5S1C,4488,6/7/26 04:45,48.871,
Plot Title: 5S1C,4489,6/7/26 05:00,49.05,
Plot Title: 5S1C,4490,6/7/26 05:15,49.404,
Plot Title: 5S1C,4491,6/7/26 05:30,49.404,
Plot Title: 5S1C,4492,6/7/26 05:45,49.228,
Plot Title: 5S1C,4493,6/7/26 06:00,49.228,
Plot Title: 5S1C,4494,6/7/26 06:15,49.05,
Plot Title: 5S1C,4495,6/7/26 06:30,48.871,
Plot Title: 5S1C,4496,6/7/26 06:45,48.695,
Plot Title: 5S1C,4497,6/7/26 07:00,48.695,
Plot Title: 5S1C,4498,6/7/26 07:15,48.517,
Plot Title: 5S1C,4499,6/7/26 07:30,48.339,
Plot Title: 5S1C,4500,6/7/26 07:45,48.16,
Plot Title: 5S1C,4501,6/7/26 08:00,48.339,
Plot Title: 5S1C,4502,6/7/26 08:15,49.05,
Plot Title: 5S1C,4503,6/7/26 08:30,49.05,
Plot Title: 5S1C,4504,6/7/26 08:45,49.404,
Plot Title: 5S1C,4505,6/7/26 09:00,49.937,
Plot Title: 5S1C,4506,6/7/26 09:15,51.172,
Plot Title: 5S1C,4507,6/7/26 09:30,57.268,
Plot Title: 5S1C,4508,6/7/26 09:45,62.94,
Plot Title: 5S1C,4509,6/7/26 10:00,66.879,
Plot Title: 5S1C,4510,6/7/26 10:15,71.339,
Plot Title: 5S1C,4511,6/7/26 10:30,74.791,
Plot Title: 5S1C,4512,6/7/26 10:45,76.181,
Plot Title: 5S1C,4513,6/7/26 11:00,80.206,
Plot Title: 5S1C,4514,6/7/26 11:15,83.399,
Plot Title: 5S1C,4515,6/7/26 11:30,85.735,
Plot Title: 5S1C,4516,6/7/26 11:45,88.099,
Plot Title: 5S1C,4517,6/7/26 12:00,90.309,
Plot Title: 5S1C,4518,6/7/26 12:15,90.68,
Plot Title: 5S1C,4519,6/7/26 12:30,81.975,
Plot Title: 5S1C,4520,6/7/26 12:45,73.58,
Plot Title: 5S1C,4521,6/7/26 13:00,70.651,
Plot Title: 5S1C,4522,6/7/26 13:15,68.077,
Plot Title: 5S1C,4523,6/7/26 13:30,66.022,
Plot Title: 5S1C,4524,6/7/26 13:45,64.825,
Plot Title: 5S1C,4525,6/7/26 14:00,63.455,
Plot Title: 5S1C,4526,6/7/26 14:15,62.083,
Plot Title: 5S1C,4527,6/7/26 14:30,60.712,
Plot Title: 5S1C,4528,6/7/26 14:45,59.68,
Plot Title: 5S1C,4529,6/7/26 15:00,57.958,
Plot Title: 5S1C,4530,6/7/26 15:15,56.404,
Plot Title: 5S1C,4531,6/7/26 15:30,55.189,
Plot Title: 5S1C,4532,6/7/26 15:45,54.322,
Plot Title: 5S1C,4533,6/7/26 16:00,53.798,
Plot Title: 5S1C,4534,6/7/26 16:15,53.1,
Plot Title: 5S1C,4535,6/7/26 16:30,52.576,
Plot Title: 5S1C,4536,6/7/26 16:45,52.225,
Plot Title: 5S1C,4537,6/7/26 17:00,51.874,
Plot Title: 5S1C,4538,6/7/26 17:15,51.699,
Plot Title: 5S1C,4539,6/7/26 17:30,51.346,
Plot Title: 5S1C,4540,6/7/26 17:45,51.523,
Plot Title: 5S1C,4541,6/7/26 18:00,52.05,
Plot Title: 5S1C,4542,6/7/26 18:15,51.699,
Plot Title: 5S1C,4543,6/7/26 18:30,51.523,
Plot Title: 5S1C,4544,6/7/26 18:45,50.995,
Plot Title: 5S1C,4545,6/7/26 19:00,50.466,
Plot Title: 5S1C,4546,6/7/26 19:15,50.29,
Plot Title: 5S1C,4547,6/7/26 19:30,49.937,
Plot Title: 5S1C,4548,6/7/26 19:45,49.582,
Plot Title: 5S1C,4549,6/7/26 20:00,49.404,
Plot Title: 5S1C,4550,6/7/26 20:15,49.05,
Plot Title: 5S1C,4551,6/7/26 20:30,48.871,
Plot Title: 5S1C,4552,6/7/26 20:45,48.517,
Plot Title: 5S1C,4553,6/7/26 21:00,48.16,
Plot Title: 5S1C,4554,6/7/26 21:15,47.802,
Plot Title: 5S1C,4555,6/7/26 21:30,47.624,
Plot Title: 5S1C,4556,6/7/26 21:45,47.266,
Plot Title: 5S1C,4557,6/7/26 22:00,47.266,
Plot Title: 5S1C,4558,6/7/26 22:15,46.908,
Plot Title: 5S1C,4559,6/7/26 22:30,46.369,
Plot Title: 5S1C,4560,6/7/26 22:45,45.828,
Plot Title: 5S1C,4561,6/7/26 23:00,45.466,
Plot Title: 5S1C,4562,6/7/26 23:15,45.104,
Plot Title: 5S1C,4563,6/7/26 23:30,44.742,
Plot Title: 5S1C,4564,6/7/26 23:45,44.56,
Plot Title: 5S1C,4565,6/8/26 00:00,44.195,
Plot Title: 5S1C,4566,6/8/26 00:15,44.013,
Plot Title: 5S1C,4567,6/8/26 00:30,43.648,
Plot Title: 5S1C,4568,6/8/26 00:45,43.466,
Plot Title: 5S1C,4569,6/8/26 01:00,43.282,
Plot Title: 5S1C,4570,6/8/26 01:15,43.099,
Plot Title: 5S1C,4571,6/8/26 01:30,42.915,
Plot Title: 5S1C,4572,6/8/26 01:45,42.732,
Plot Title: 5S1C,4573,6/8/26 02:00,42.548,
Plot Title: 5S1C,4574,6/8/26 02:15,42.363,
Plot Title: 5S1C,4575,6/8/26 02:30,42.363,
Plot Title: 5S1C,4576,6/8/26 02:45,42.179,
Plot Title: 5S1C,4577,6/8/26 03:00,42.179,
Plot Title: 5S1C,4578,6/8/26 03:15,41.994,
Plot Title: 5S1C,4579,6/8/26 03:30,41.81,
Plot Title: 5S1C,4580,6/8/26 03:45,41.994,
Plot Title: 5S1C,4581,6/8/26 04:00,41.994,
Plot Title: 5S1C,4582,6/8/26 04:15,41.994,
Plot Title: 5S1C,4583,6/8/26 04:30,41.994,
Plot Title: 5S1C,4584,6/8/26 04:45,41.994,
Plot Title: 5S1C,4585,6/8/26 05:00,41.994,
Plot Title: 5S1C,4586,6/8/26 05:15,42.179,
Plot Title: 5S1C,4587,6/8/26 05:30,42.179,
Plot Title: 5S1C,4588,6/8/26 05:45,42.363,
Plot Title: 5S1C,4589,6/8/26 06:00,42.363,
Plot Title: 5S1C,4590,6/8/26 06:15,42.363,
Plot Title: 5S1C,4591,6/8/26 06:30,42.363,
Plot Title: 5S1C,4592,6/8/26 06:45,42.548,
Plot Title: 5S1C,4593,6/8/26 07:00,42.732,
Plot Title: 5S1C,4594,6/8/26 07:15,43.282,
Plot Title: 5S1C,4595,6/8/26 07:30,43.648,
Plot Title: 5S1C,4596,6/8/26 07:45,44.013,
Plot Title: 5S1C,4597,6/8/26 08:00,44.379,
Plot Title: 5S1C,4598,6/8/26 08:15,44.922,
Plot Title: 5S1C,4599,6/8/26 08:30,44.922,
Plot Title: 5S1C,4600,6/8/26 08:45,45.286,
Plot Title: 5S1C,4601,6/8/26 09:00,45.828,
Plot Title: 5S1C,4602,6/8/26 09:15,46.548,
Plot Title: 5S1C,4603,6/8/26 09:30,53.274,
Plot Title: 5S1C,4604,6/8/26 09:45,59.68,
Plot Title: 5S1C,4605,6/8/26 10:00,64.481,
Plot Title: 5S1C,4606,6/8/26 10:15,68.248,
Plot Title: 5S1C,4607,6/8/26 10:30,71.512,
Plot Title: 5S1C,4608,6/8/26 10:45,70.995,
Plot Title: 5S1C,4609,6/8/26 11:00,74.791,
Plot Title: 5S1C,4610,6/8/26 11:15,80.911,
Plot Title: 5S1C,4611,6/8/26 11:30,87.552,
Plot Title: 5S1C,4612,6/8/26 11:45,94.633,
Plot Title: 5S1C,4613,6/8/26 12:00,99.885,
Plot Title: 5S1C,4614,6/8/26 12:15,100.683,
Plot Title: 5S1C,4615,6/8/26 12:30,87.915,
Plot Title: 5S1C,4616,6/8/26 12:45,76.006,
Plot Title: 5S1C,4617,6/8/26 13:00,70.308,
Plot Title: 5S1C,4618,6/8/26 13:15,66.879,
Plot Title: 5S1C,4619,6/8/26 13:30,64.481,
Plot Title: 5S1C,4620,6/8/26 13:45,63.626,
Plot Title: 5S1C,4621,6/8/26 14:00,62.598,
Plot Title: 5S1C,4622,6/8/26 14:15,61.569,
Plot Title: 5S1C,4623,6/8/26 14:30,61.398,
Plot Title: 5S1C,4624,6/8/26 14:45,62.083,
Plot Title: 5S1C,4625,6/8/26 15:00,64.31,
Plot Title: 5S1C,4626,6/8/26 15:15,64.652,
Plot Title: 5S1C,4627,6/8/26 15:30,64.31,
Plot Title: 5S1C,4628,6/8/26 15:45,63.111,
Plot Title: 5S1C,4629,6/8/26 16:00,62.598,
Plot Title: 5S1C,4630,6/8/26 16:15,62.083,
Plot Title: 5S1C,4631,6/8/26 16:30,61.569,
Plot Title: 5S1C,4632,6/8/26 16:45,61.054,
Plot Title: 5S1C,4633,6/8/26 17:00,60.539,
Plot Title: 5S1C,4634,6/8/26 17:15,60.195,
Plot Title: 5S1C,4635,6/8/26 17:30,59.851,
Plot Title: 5S1C,4636,6/8/26 17:45,59.337,
Plot Title: 5S1C,4637,6/8/26 18:00,58.82,
Plot Title: 5S1C,4638,6/8/26 18:15,58.476,
Plot Title: 5S1C,4639,6/8/26 18:30,58.131,
Plot Title: 5S1C,4640,6/8/26 18:45,57.614,
Plot Title: 5S1C,4641,6/8/26 19:00,57.268,
Plot Title: 5S1C,4642,6/8/26 19:15,56.923,
Plot Title: 5S1C,4643,6/8/26 19:30,56.75,
Plot Title: 5S1C,4644,6/8/26 19:45,56.75,
Plot Title: 5S1C,4645,6/8/26 20:00,56.057,
Plot Title: 5S1C,4646,6/8/26 20:15,55.711,
Plot Title: 5S1C,4647,6/8/26 20:30,55.189,
Plot Title: 5S1C,4648,6/8/26 20:45,54.842,
Plot Title: 5S1C,4649,6/8/26 21:00,54.669,
Plot Title: 5S1C,4650,6/8/26 21:15,54.495,
Plot Title: 5S1C,4651,6/8/26 21:30,54.322,
Plot Title: 5S1C,4652,6/8/26 21:45,54.147,
Plot Title: 5S1C,4653,6/8/26 22:00,54.147,
Plot Title: 5S1C,4654,6/8/26 22:15,53.973,
Plot Title: 5S1C,4655,6/8/26 22:30,53.798,
Plot Title: 5S1C,4656,6/8/26 22:45,53.798,
Plot Title: 5S1C,4657,6/8/26 23:00,53.798,
Plot Title: 5S1C,4658,6/8/26 23:15,53.798,
Plot Title: 5S1C,4659,6/8/26 23:30,53.798,
Plot Title: 5S1C,4660,6/8/26 23:45,53.798,
Plot Title: 5S1C,4661,6/9/26 00:00,53.623,
Plot Title: 5S1C,4662,6/9/26 00:15,53.623,
Plot Title: 5S1C,4663,6/9/26 00:30,53.623,
Plot Title: 5S1C,4664,6/9/26 00:45,53.449,
Plot Title: 5S1C,4665,6/9/26 01:00,53.274,
Plot Title: 5S1C,4666,6/9/26 01:15,53.274,
Plot Title: 5S1C,4667,6/9/26 01:30,53.1,
Plot Title: 5S1C,4668,6/9/26 01:45,53.1,
Plot Title: 5S1C,4669,6/9/26 02:00,52.925,
Plot Title: 5S1C,4670,6/9/26 02:15,52.75,
Plot Title: 5S1C,4671,6/9/26 02:30,52.75,
Plot Title: 5S1C,4672,6/9/26 02:45,52.576,
Plot Title: 5S1C,4673,6/9/26 03:00,52.576,
Plot Title: 5S1C,4674,6/9/26 03:15,52.576,
Plot Title: 5S1C,4675,6/9/26 03:30,52.576,
Plot Title: 5S1C,4676,6/9/26 03:45,52.576,
Plot Title: 5S1C,4677,6/9/26 04:00,52.401,
Plot Title: 5S1C,4678,6/9/26 04:15,52.225,
Plot Title: 5S1C,4679,6/9/26 04:30,52.225,
Plot Title: 5S1C,4680,6/9/26 04:45,52.05,
Plot Title: 5S1C,4681,6/9/26 05:00,51.874,
Plot Title: 5S1C,4682,6/9/26 05:15,51.874,
Plot Title: 5S1C,4683,6/9/26 05:30,51.699,
Plot Title: 5S1C,4684,6/9/26 05:45,51.523,
Plot Title: 5S1C,4685,6/9/26 06:00,51.346,
Plot Title: 5S1C,4686,6/9/26 06:15,51.172,
Plot Title: 5S1C,4687,6/9/26 06:30,50.995,
Plot Title: 5S1C,4688,6/9/26 06:45,50.819,
Plot Title: 5S1C,4689,6/9/26 07:00,50.643,
Plot Title: 5S1C,4690,6/9/26 07:15,50.643,
Plot Title: 5S1C,4691,6/9/26 07:30,50.643,
Plot Title: 5S1C,4692,6/9/26 07:45,50.819,
Plot Title: 5S1C,4693,6/9/26 08:00,50.995,
Plot Title: 5S1C,4694,6/9/26 08:15,51.346,
Plot Title: 5S1C,4695,6/9/26 08:30,52.225,
Plot Title: 5S1C,4696,6/9/26 08:45,52.925,
Plot Title: 5S1C,4697,6/9/26 09:00,53.1,
Plot Title: 5S1C,4698,6/9/26 09:15,53.274,
Plot Title: 5S1C,4699,6/9/26 09:30,54.495,
Plot Title: 5S1C,4700,6/9/26 09:45,53.973,
Plot Title: 5S1C,4701,6/9/26 10:00,53.449,
Plot Title: 5S1C,4702,6/9/26 10:15,53.449,
Plot Title: 5S1C,4703,6/9/26 10:30,54.669,
Plot Title: 5S1C,4704,6/9/26 10:45,61.398,
Plot Title: 5S1C,4705,6/9/26 11:00,61.398,
Plot Title: 5S1C,4706,6/9/26 11:15,65.167,
Plot Title: 5S1C,4707,6/9/26 11:30,63.111,
Plot Title: 5S1C,4708,6/9/26 11:45,59.508,
Plot Title: 5S1C,4709,6/9/26 12:00,60.712,
Plot Title: 5S1C,4710,6/9/26 12:15,58.82,
Plot Title: 5S1C,4711,6/9/26 12:30,56.404,
Plot Title: 5S1C,4712,6/9/26 12:45,56.577,
Plot Title: 5S1C,4713,6/9/26 13:00,56.75,
Plot Title: 5S1C,4714,6/9/26 13:15,55.189,
Plot Title: 5S1C,4715,6/9/26 13:30,54.147,
Plot Title: 5S1C,4716,6/9/26 13:45,52.925,
Plot Title: 5S1C,4717,6/9/26 14:00,51.874,
Plot Title: 5S1C,4718,6/9/26 14:15,51.346,
Plot Title: 5S1C,4719,6/9/26 14:30,50.995,
Plot Title: 5S1C,4720,6/9/26 14:45,50.643,
Plot Title: 5S1C,4721,6/9/26 15:00,50.29,
Plot Title: 5S1C,4722,6/9/26 15:15,50.113,
Plot Title: 5S1C,4723,6/9/26 15:30,49.937,
Plot Title: 5S1C,4724,6/9/26 15:45,49.937,
Plot Title: 5S1C,4725,6/9/26 16:00,49.937,
Plot Title: 5S1C,4726,6/9/26 16:15,50.466,
Plot Title: 5S1C,4727,6/9/26 16:30,50.29,
Plot Title: 5S1C,4728,6/9/26 16:45,50.113,
Plot Title: 5S1C,4729,6/9/26 17:00,50.819,
Plot Title: 5S1C,4730,6/9/26 17:15,51.523,
Plot Title: 5S1C,4731,6/9/26 17:30,51.523,
Plot Title: 5S1C,4732,6/9/26 17:45,50.995,
Plot Title: 5S1C,4733,6/9/26 18:00,50.29,
Plot Title: 5S1C,4734,6/9/26 18:15,49.404,
Plot Title: 5S1C,4735,6/9/26 18:30,49.05,
Plot Title: 5S1C,4736,6/9/26 18:45,48.695,
Plot Title: 5S1C,4737,6/9/26 19:00,48.695,
Plot Title: 5S1C,4738,6/9/26 19:15,48.517,
Plot Title: 5S1C,4739,6/9/26 19:30,48.339,
Plot Title: 5S1C,4740,6/9/26 19:45,48.16,
Plot Title: 5S1C,4741,6/9/26 20:00,47.982,
Plot Title: 5S1C,4742,6/9/26 20:15,47.982,
Plot Title: 5S1C,4743,6/9/26 20:30,47.624,
Plot Title: 5S1C,4744,6/9/26 20:45,47.446,
Plot Title: 5S1C,4745,6/9/26 21:00,47.266,
Plot Title: 5S1C,4746,6/9/26 21:15,46.908,
Plot Title: 5S1C,4747,6/9/26 21:30,46.369,
Plot Title: 5S1C,4748,6/9/26 21:45,46.188,
Plot Title: 5S1C,4749,6/9/26 22:00,46.008,
Plot Title: 5S1C,4750,6/9/26 22:15,45.648,
Plot Title: 5S1C,4751,6/9/26 22:30,45.466,
Plot Title: 5S1C,4752,6/9/26 22:45,45.466,
Plot Title: 5S1C,4753,6/9/26 23:00,45.466,
Plot Title: 5S1C,4754,6/9/26 23:15,45.286,
Plot Title: 5S1C,4755,6/9/26 23:30,44.742,
Plot Title: 5S1C,4756,6/9/26 23:45,44.379,
Plot Title: 5S1C,4757,6/10/26 00:00,44.013,
Plot Title: 5S1C,4758,6/10/26 00:15,43.648,
Plot Title: 5S1C,4759,6/10/26 00:30,43.466,
Plot Title: 5S1C,4760,6/10/26 00:45,43.282,
Plot Title: 5S1C,4761,6/10/26 01:00,43.466,
Plot Title: 5S1C,4762,6/10/26 01:15,43.466,
Plot Title: 5S1C,4763,6/10/26 01:30,43.466,
Plot Title: 5S1C,4764,6/10/26 01:45,43.466,
Plot Title: 5S1C,4765,6/10/26 02:00,43.466,
Plot Title: 5S1C,4766,6/10/26 02:15,43.466,
Plot Title: 5S1C,4767,6/10/26 02:30,43.466,
Plot Title: 5S1C,4768,6/10/26 02:45,43.466,
Plot Title: 5S1C,4769,6/10/26 03:00,43.648,
Plot Title: 5S1C,4770,6/10/26 03:15,43.648,
Plot Title: 5S1C,4771,6/10/26 03:30,43.648,
Plot Title: 5S1C,4772,6/10/26 03:45,43.648,
Plot Title: 5S1C,4773,6/10/26 04:00,43.648,
Plot Title: 5S1C,4774,6/10/26 04:15,43.648,
Plot Title: 5S1C,4775,6/10/26 04:30,43.466,
Plot Title: 5S1C,4776,6/10/26 04:45,43.466,
Plot Title: 5S1C,4777,6/10/26 05:00,43.466,
Plot Title: 5S1C,4778,6/10/26 05:15,43.282,
Plot Title: 5S1C,4779,6/10/26 05:30,43.282,
Plot Title: 5S1C,4780,6/10/26 05:45,43.099,
Plot Title: 5S1C,4781,6/10/26 06:00,43.099,
Plot Title: 5S1C,4782,6/10/26 06:15,43.099,
Plot Title: 5S1C,4783,6/10/26 06:30,43.282,
Plot Title: 5S1C,4784,6/10/26 06:45,43.282,
Plot Title: 5S1C,4785,6/10/26 07:00,43.466,
Plot Title: 5S1C,4786,6/10/26 07:15,43.831,
Plot Title: 5S1C,4787,6/10/26 07:30,44.013,
Plot Title: 5S1C,4788,6/10/26 07:45,44.379,
Plot Title: 5S1C,4789,6/10/26 08:00,44.56,
Plot Title: 5S1C,4790,6/10/26 08:15,44.922,
Plot Title: 5S1C,4791,6/10/26 08:30,45.648,
Plot Title: 5S1C,4792,6/10/26 08:45,46.188,
Plot Title: 5S1C,4793,6/10/26 09:00,46.728,
Plot Title: 5S1C,4794,6/10/26 09:15,46.728,
Plot Title: 5S1C,4795,6/10/26 09:30,47.446,
Plot Title: 5S1C,4796,6/10/26 09:45,48.16,
Plot Title: 5S1C,4797,6/10/26 10:00,47.802,
Plot Title: 5S1C,4798,6/10/26 10:15,47.802,
Plot Title: 5S1C,4799,6/10/26 10:30,47.624,
Plot Title: 5S1C,4800,6/10/26 10:45,47.802,
Plot Title: 5S1C,4801,6/10/26 11:00,51.874,
Plot Title: 5S1C,4802,6/10/26 11:15,52.05,
Plot Title: 5S1C,4803,6/10/26 11:30,50.995,
Plot Title: 5S1C,4804,6/10/26 11:45,49.937,
Plot Title: 5S1C,4805,6/10/26 12:00,50.113,
Plot Title: 5S1C,4806,6/10/26 12:15,55.017,
Plot Title: 5S1C,4807,6/10/26 12:30,54.147,
Plot Title: 5S1C,4808,6/10/26 12:45,51.346,
Plot Title: 5S1C,4809,6/10/26 13:00,49.937,
Plot Title: 5S1C,4810,6/10/26 13:15,48.871,
Plot Title: 5S1C,4811,6/10/26 13:30,49.404,
Plot Title: 5S1C,4812,6/10/26 13:45,48.16,
Plot Title: 5S1C,4813,6/10/26 14:00,46.728,
Plot Title: 5S1C,4814,6/10/26 14:15,47.446,
Plot Title: 5S1C,4815,6/10/26 14:30,47.624,
Plot Title: 5S1C,4816,6/10/26 14:45,47.802,
Plot Title: 5S1C,4817,6/10/26 15:00,47.446,
Plot Title: 5S1C,4818,6/10/26 15:15,46.908,
Plot Title: 5S1C,4819,6/10/26 15:30,47.446,
Plot Title: 5S1C,4820,6/10/26 15:45,47.088,
Plot Title: 5S1C,4821,6/10/26 16:00,47.982,
Plot Title: 5S1C,4822,6/10/26 16:15,47.802,
Plot Title: 5S1C,4823,6/10/26 16:30,48.517,
Plot Title: 5S1C,4824,6/10/26 16:45,48.339,
Plot Title: 5S1C,4825,6/10/26 17:00,47.446,
Plot Title: 5S1C,4826,6/10/26 17:15,47.266,
Plot Title: 5S1C,4827,6/10/26 17:30,47.266,
Plot Title: 5S1C,4828,6/10/26 17:45,47.088,
Plot Title: 5S1C,4829,6/10/26 18:00,47.266,
Plot Title: 5S1C,4830,6/10/26 18:15,47.266,
Plot Title: 5S1C,4831,6/10/26 18:30,46.908,
Plot Title: 5S1C,4832,6/10/26 18:45,46.548,
Plot Title: 5S1C,4833,6/10/26 19:00,46.369,
Plot Title: 5S1C,4834,6/10/26 19:15,45.828,
Plot Title: 5S1C,4835,6/10/26 19:30,45.286,
Plot Title: 5S1C,4836,6/10/26 19:45,44.922,
Plot Title: 5S1C,4837,6/10/26 20:00,43.466,
Plot Title: 5S1C,4838,6/10/26 20:15,42.548,
Plot Title: 5S1C,4839,6/10/26 20:30,42.363,
Plot Title: 5S1C,4840,6/10/26 20:45,42.548,
Plot Title: 5S1C,4841,6/10/26 21:00,42.548,
Plot Title: 5S1C,4842,6/10/26 21:15,42.548,
Plot Title: 5S1C,4843,6/10/26 21:30,42.548,
Plot Title: 5S1C,4844,6/10/26 21:45,42.179,
Plot Title: 5S1C,4845,6/10/26 22:00,41.625,
Plot Title: 5S1C,4846,6/10/26 22:15,41.254,
Plot Title: 5S1C,4847,6/10/26 22:30,40.881,
Plot Title: 5S1C,4848,6/10/26 22:45,40.509,
Plot Title: 5S1C,4849,6/10/26 23:00,40.509,
Plot Title: 5S1C,4850,6/10/26 23:15,40.696,
Plot Title: 5S1C,4851,6/10/26 23:30,40.696,
Plot Title: 5S1C,4852,6/10/26 23:45,40.509,
Plot Title: 5S1C,4853,6/11/26 00:00,40.509,
Plot Title: 5S1C,4854,6/11/26 00:15,40.509,
Plot Title: 5S1C,4855,6/11/26 00:30,39.947,
Plot Title: 5S1C,4856,6/11/26 00:45,39.947,
Plot Title: 5S1C,4857,6/11/26 01:00,40.134,
Plot Title: 5S1C,4858,6/11/26 01:15,40.134,
Plot Title: 5S1C,4859,6/11/26 01:30,40.321,
Plot Title: 5S1C,4860,6/11/26 01:45,40.321,
Plot Title: 5S1C,4861,6/11/26 02:00,40.321,
Plot Title: 5S1C,4862,6/11/26 02:15,40.509,
Plot Title: 5S1C,4863,6/11/26 02:30,40.509,
Plot Title: 5S1C,4864,6/11/26 02:45,40.509,
Plot Title: 5S1C,4865,6/11/26 03:00,40.509,
Plot Title: 5S1C,4866,6/11/26 03:15,40.509,
Plot Title: 5S1C,4867,6/11/26 03:30,40.509,
Plot Title: 5S1C,4868,6/11/26 03:45,40.696,
Plot Title: 5S1C,4869,6/11/26 04:00,40.696,
Plot Title: 5S1C,4870,6/11/26 04:15,40.696,
Plot Title: 5S1C,4871,6/11/26 04:30,40.696,
Plot Title: 5S1C,4872,6/11/26 04:45,40.696,
Plot Title: 5S1C,4873,6/11/26 05:00,40.696,
Plot Title: 5S1C,4874,6/11/26 05:15,40.696,
Plot Title: 5S1C,4875,6/11/26 05:30,40.696,
Plot Title: 5S1C,4876,6/11/26 05:45,40.696,
Plot Title: 5S1C,4877,6/11/26 06:00,40.881,
Plot Title: 5S1C,4878,6/11/26 06:15,40.881,
Plot Title: 5S1C,4879,6/11/26 06:30,40.881,
Plot Title: 5S1C,4880,6/11/26 06:45,41.067,
Plot Title: 5S1C,4881,6/11/26 07:00,41.254,
Plot Title: 5S1C,4882,6/11/26 07:15,41.625,
Plot Title: 5S1C,4883,6/11/26 07:30,41.994,
Plot Title: 5S1C,4884,6/11/26 07:45,42.363,
Plot Title: 5S1C,4885,6/11/26 08:00,42.548,
Plot Title: 5S1C,4886,6/11/26 08:15,42.915,
Plot Title: 5S1C,4887,6/11/26 08:30,43.282,
Plot Title: 5S1C,4888,6/11/26 08:45,43.648,
Plot Title: 5S1C,4889,6/11/26 09:00,44.379,
Plot Title: 5S1C,4890,6/11/26 09:15,45.104,
Plot Title: 5S1C,4891,6/11/26 09:30,46.188,
Plot Title: 5S1C,4892,6/11/26 09:45,49.582,
Plot Title: 5S1C,4893,6/11/26 10:00,49.582,
Plot Title: 5S1C,4894,6/11/26 10:15,49.759,
Plot Title: 5S1C,4895,6/11/26 10:30,52.05,
Plot Title: 5S1C,4896,6/11/26 10:45,52.05,
Plot Title: 5S1C,4897,6/11/26 11:00,51.346,
Plot Title: 5S1C,4898,6/11/26 11:15,52.225,
Plot Title: 5S1C,4899,6/11/26 11:30,54.495,
Plot Title: 5S1C,4900,6/11/26 11:45,55.017,
Plot Title: 5S1C,4901,6/11/26 12:00,65.338,
Plot Title: 5S1C,4902,6/11/26 12:15,71.683,
Plot Title: 5S1C,4903,6/11/26 12:30,67.564,
Plot Title: 5S1C,4904,6/11/26 12:45,61.227,
Plot Title: 5S1C,4905,6/11/26 13:00,57.785,
Plot Title: 5S1C,4906,6/11/26 13:15,55.884,
Plot Title: 5S1C,4907,6/11/26 13:30,54.669,
Plot Title: 5S1C,4908,6/11/26 13:45,54.495,
Plot Title: 5S1C,4909,6/11/26 14:00,53.449,
Plot Title: 5S1C,4910,6/11/26 14:15,53.274,
Plot Title: 5S1C,4911,6/11/26 14:30,53.1,
Plot Title: 5S1C,4912,6/11/26 14:45,54.322,
Plot Title: 5S1C,4913,6/11/26 15:00,55.189,
Plot Title: 5S1C,4914,6/11/26 15:15,55.189,
Plot Title: 5S1C,4915,6/11/26 15:30,54.322,
Plot Title: 5S1C,4916,6/11/26 15:45,53.798,
Plot Title: 5S1C,4917,6/11/26 16:00,54.147,
Plot Title: 5S1C,4918,6/11/26 16:15,53.623,
Plot Title: 5S1C,4919,6/11/26 16:30,53.798,
Plot Title: 5S1C,4920,6/11/26 16:45,57.614,
Plot Title: 5S1C,4921,6/11/26 17:00,56.923,
Plot Title: 5S1C,4922,6/11/26 17:15,54.669,
Plot Title: 5S1C,4923,6/11/26 17:30,53.798,
Plot Title: 5S1C,4924,6/11/26 17:45,53.274,
Plot Title: 5S1C,4925,6/11/26 18:00,52.925,
Plot Title: 5S1C,4926,6/11/26 18:15,52.576,
Plot Title: 5S1C,4927,6/11/26 18:30,52.05,
Plot Title: 5S1C,4928,6/11/26 18:45,51.699,
Plot Title: 5S1C,4929,6/11/26 19:00,51.346,
Plot Title: 5S1C,4930,6/11/26 19:15,51.172,
Plot Title: 5S1C,4931,6/11/26 19:30,50.819,
Plot Title: 5S1C,4932,6/11/26 19:45,50.643,
Plot Title: 5S1C,4933,6/11/26 20:00,50.29,
Plot Title: 5S1C,4934,6/11/26 20:15,49.937,
Plot Title: 5S1C,4935,6/11/26 20:30,49.582,
Plot Title: 5S1C,4936,6/11/26 20:45,49.228,
Plot Title: 5S1C,4937,6/11/26 21:00,48.871,
Plot Title: 5S1C,4938,6/11/26 21:15,48.695,
Plot Title: 5S1C,4939,6/11/26 21:30,48.16,
Plot Title: 5S1C,4940,6/11/26 21:45,47.982,
Plot Title: 5S1C,4941,6/11/26 22:00,47.624,
Plot Title: 5S1C,4942,6/11/26 22:15,47.446,
Plot Title: 5S1C,4943,6/11/26 22:30,47.088,
Plot Title: 5S1C,4944,6/11/26 22:45,46.908,
Plot Title: 5S1C,4945,6/11/26 23:00,46.728,
Plot Title: 5S1C,4946,6/11/26 23:15,46.548,
Plot Title: 5S1C,4947,6/11/26 23:30,46.369,
Plot Title: 5S1C,4948,6/11/26 23:45,46.188,
Plot Title: 5S1C,4949,6/12/26 00:00,46.008,
Plot Title: 5S1C,4950,6/12/26 00:15,45.828,
Plot Title: 5S1C,4951,6/12/26 00:30,45.648,
Plot Title: 5S1C,4952,6/12/26 00:45,45.466,
Plot Title: 5S1C,4953,6/12/26 01:00,45.286,
Plot Title: 5S1C,4954,6/12/26 01:15,45.104,
Plot Title: 5S1C,4955,6/12/26 01:30,45.104,
Plot Title: 5S1C,4956,6/12/26 01:45,44.922,
Plot Title: 5S1C,4957,6/12/26 02:00,44.742,
Plot Title: 5S1C,4958,6/12/26 02:15,44.56,
Plot Title: 5S1C,4959,6/12/26 02:30,44.379,
Plot Title: 5S1C,4960,6/12/26 02:45,44.195,
Plot Title: 5S1C,4961,6/12/26 03:00,44.013,
Plot Title: 5S1C,4962,6/12/26 03:15,44.013,
Plot Title: 5S1C,4963,6/12/26 03:30,43.831,
Plot Title: 5S1C,4964,6/12/26 03:45,43.648,
Plot Title: 5S1C,4965,6/12/26 04:00,43.466,
Plot Title: 5S1C,4966,6/12/26 04:15,43.466,
Plot Title: 5S1C,4967,6/12/26 04:30,43.282,
Plot Title: 5S1C,4968,6/12/26 04:45,43.282,
Plot Title: 5S1C,4969,6/12/26 05:00,43.099,
Plot Title: 5S1C,4970,6/12/26 05:15,42.915,
Plot Title: 5S1C,4971,6/12/26 05:30,42.915,
Plot Title: 5S1C,4972,6/12/26 05:45,42.915,
Plot Title: 5S1C,4973,6/12/26 06:00,42.732,
Plot Title: 5S1C,4974,6/12/26 06:15,42.732,
Plot Title: 5S1C,4975,6/12/26 06:30,42.732,
Plot Title: 5S1C,4976,6/12/26 06:45,42.732,
Plot Title: 5S1C,4977,6/12/26 07:00,42.732,
Plot Title: 5S1C,4978,6/12/26 07:15,42.915,
Plot Title: 5S1C,4979,6/12/26 07:30,42.915,
Plot Title: 5S1C,4980,6/12/26 07:45,43.466,
Plot Title: 5S1C,4981,6/12/26 08:00,43.831,
Plot Title: 5S1C,4982,6/12/26 08:15,44.56,
Plot Title: 5S1C,4983,6/12/26 08:30,45.286,
Plot Title: 5S1C,4984,6/12/26 08:45,45.828,
Plot Title: 5S1C,4985,6/12/26 09:00,46.548,
Plot Title: 5S1C,4986,6/12/26 09:15,47.446,
Plot Title: 5S1C,4987,6/12/26 09:30,53.798,
Plot Title: 5S1C,4988,6/12/26 09:45,59.68,
Plot Title: 5S1C,4989,6/12/26 10:00,63.797,
Plot Title: 5S1C,4990,6/12/26 10:15,66.366,
Plot Title: 5S1C,4991,6/12/26 10:30,68.248,
Plot Title: 5S1C,4992,6/12/26 10:45,70.824,
Plot Title: 5S1C,4993,6/12/26 11:00,73.753,
Plot Title: 5S1C,4994,6/12/26 11:15,77.4,
Plot Title: 5S1C,4995,6/12/26 11:30,81.797,
Plot Title: 5S1C,4996,6/12/26 11:45,85.194,
Plot Title: 5S1C,4997,6/12/26 12:00,88.282,
Plot Title: 5S1C,4998,6/12/26 12:15,88.833,
Plot Title: 5S1C,4999,6/12/26 12:30,79.151,
Plot Title: 5S1C,5000,6/12/26 12:45,70.824,
Plot Title: 5S1C,5001,6/12/26 13:00,67.221,
Plot Title: 5S1C,5002,6/12/26 13:15,64.996,
Plot Title: 5S1C,5003,6/12/26 13:30,63.455,
Plot Title: 5S1C,5004,6/12/26 13:45,62.769,
Plot Title: 5S1C,5005,6/12/26 14:00,61.741,
Plot Title: 5S1C,5006,6/12/26 14:15,60.883,
Plot Title: 5S1C,5007,6/12/26 14:30,60.539,
Plot Title: 5S1C,5008,6/12/26 14:45,60.539,
Plot Title: 5S1C,5009,6/12/26 15:00,60.883,
Plot Title: 5S1C,5010,6/12/26 15:15,60.368,
Plot Title: 5S1C,5011,6/12/26 15:30,60.024,
Plot Title: 5S1C,5012,6/12/26 15:45,59.68,
Plot Title: 5S1C,5013,6/12/26 16:00,60.024,
Plot Title: 5S1C,5014,6/12/26 16:15,59.851,
Plot Title: 5S1C,5015,6/12/26 16:30,59.68,
Plot Title: 5S1C,5016,6/12/26 16:45,59.851,
Plot Title: 5S1C,5017,6/12/26 17:00,59.851,
Plot Title: 5S1C,5018,6/12/26 17:15,59.164,
Plot Title: 5S1C,5019,6/12/26 17:30,58.476,
Plot Title: 5S1C,5020,6/12/26 17:45,57.785,
Plot Title: 5S1C,5021,6/12/26 18:00,57.268,
Plot Title: 5S1C,5022,6/12/26 18:15,56.404,
Plot Title: 5S1C,5023,6/12/26 18:30,55.711,
Plot Title: 5S1C,5024,6/12/26 18:45,55.189,
Plot Title: 5S1C,5025,6/12/26 19:00,54.669,
Plot Title: 5S1C,5026,6/12/26 19:15,54.322,
Plot Title: 5S1C,5027,6/12/26 19:30,53.973,
Plot Title: 5S1C,5028,6/12/26 19:45,53.623,
Plot Title: 5S1C,5029,6/12/26 20:00,53.1,
Plot Title: 5S1C,5030,6/12/26 20:15,52.75,
Plot Title: 5S1C,5031,6/12/26 20:30,52.576,
Plot Title: 5S1C,5032,6/12/26 20:45,52.401,
Plot Title: 5S1C,5033,6/12/26 21:00,52.05,
Plot Title: 5S1C,5034,6/12/26 21:15,51.874,
Plot Title: 5S1C,5035,6/12/26 21:30,51.699,
Plot Title: 5S1C,5036,6/12/26 21:45,51.523,
Plot Title: 5S1C,5037,6/12/26 22:00,51.346,
Plot Title: 5S1C,5038,6/12/26 22:15,51.172,
Plot Title: 5S1C,5039,6/12/26 22:30,50.819,
Plot Title: 5S1C,5040,6/12/26 22:45,50.29,
Plot Title: 5S1C,5041,6/12/26 23:00,49.937,
Plot Title: 5S1C,5042,6/12/26 23:15,49.582,
Plot Title: 5S1C,5043,6/12/26 23:30,49.404,
Plot Title: 5S1C,5044,6/12/26 23:45,49.05,
Plot Title: 5S1C,5045,6/13/26 00:00,48.871,
Plot Title: 5S1C,5046,6/13/26 00:15,48.517,
Plot Title: 5S1C,5047,6/13/26 00:30,48.339,
Plot Title: 5S1C,5048,6/13/26 00:45,48.16,
Plot Title: 5S1C,5049,6/13/26 01:00,48.16,
Plot Title: 5S1C,5050,6/13/26 01:15,47.982,
Plot Title: 5S1C,5051,6/13/26 01:30,47.802,
Plot Title: 5S1C,5052,6/13/26 01:45,47.624,
Plot Title: 5S1C,5053,6/13/26 02:00,47.624,
Plot Title: 5S1C,5054,6/13/26 02:15,47.446,
Plot Title: 5S1C,5055,6/13/26 02:30,47.266,
Plot Title: 5S1C,5056,6/13/26 02:45,47.088,
Plot Title: 5S1C,5057,6/13/26 03:00,46.908,
Plot Title: 5S1C,5058,6/13/26 03:15,46.908,
Plot Title: 5S1C,5059,6/13/26 03:30,46.908,
Plot Title: 5S1C,5060,6/13/26 03:45,46.728,
Plot Title: 5S1C,5061,6/13/26 04:00,46.548,
Plot Title: 5S1C,5062,6/13/26 04:15,46.369,
Plot Title: 5S1C,5063,6/13/26 04:30,46.188,
Plot Title: 5S1C,5064,6/13/26 04:45,46.188,
Plot Title: 5S1C,5065,6/13/26 05:00,46.008,
Plot Title: 5S1C,5066,6/13/26 05:15,45.828,
Plot Title: 5S1C,5067,6/13/26 05:30,45.648,
Plot Title: 5S1C,5068,6/13/26 05:45,45.648,
Plot Title: 5S1C,5069,6/13/26 06:00,45.466,
Plot Title: 5S1C,5070,6/13/26 06:15,45.466,
Plot Title: 5S1C,5071,6/13/26 06:30,45.466,
Plot Title: 5S1C,5072,6/13/26 06:45,45.466,
Plot Title: 5S1C,5073,6/13/26 07:00,45.286,
Plot Title: 5S1C,5074,6/13/26 07:15,45.286,
Plot Title: 5S1C,5075,6/13/26 07:30,45.286,
Plot Title: 5S1C,5076,6/13/26 07:45,45.286,
Plot Title: 5S1C,5077,6/13/26 08:00,45.286,
Plot Title: 5S1C,5078,6/13/26 08:15,45.466,
Plot Title: 5S1C,5079,6/13/26 08:30,45.466,
Plot Title: 5S1C,5080,6/13/26 08:45,45.466,
Plot Title: 5S1C,5081,6/13/26 09:00,45.286,
Plot Title: 5S1C,5082,6/13/26 09:15,45.828,
Plot Title: 5S1C,5083,6/13/26 09:30,45.828,
Plot Title: 5S1C,5084,6/13/26 09:45,46.188,
Plot Title: 5S1C,5085,6/13/26 10:00,46.369,
Plot Title: 5S1C,5086,6/13/26 10:15,46.188,
Plot Title: 5S1C,5087,6/13/26 10:30,46.188,
Plot Title: 5S1C,5088,6/13/26 10:45,47.266,
Plot Title: 5S1C,5089,6/13/26 11:00,48.339,
Plot Title: 5S1C,5090,6/13/26 11:15,48.517,
Plot Title: 5S1C,5091,6/13/26 11:30,49.937,
Plot Title: 5S1C,5092,6/13/26 11:45,49.759,
Plot Title: 5S1C,5093,6/13/26 12:00,49.582,
Plot Title: 5S1C,5094,6/13/26 12:15,49.937,
Plot Title: 5S1C,5095,6/13/26 12:30,50.995,
Plot Title: 5S1C,5096,6/13/26 12:45,51.523,
Plot Title: 5S1C,5097,6/13/26 13:00,52.225,
Plot Title: 5S1C,5098,6/13/26 13:15,52.75,
Plot Title: 5S1C,5099,6/13/26 13:30,52.75,
Plot Title: 5S1C,5100,6/13/26 13:45,52.401,
Plot Title: 5S1C,5101,6/13/26 14:00,52.925,
Plot Title: 5S1C,5102,6/13/26 14:15,53.623,
Plot Title: 5S1C,5103,6/13/26 14:30,53.274,
Plot Title: 5S1C,5104,6/13/26 14:45,53.449,
Plot Title: 5S1C,5105,6/13/26 15:00,53.1,
Plot Title: 5S1C,5106,6/13/26 15:15,53.274,
Plot Title: 5S1C,5107,6/13/26 15:30,53.449,
Plot Title: 5S1C,5108,6/13/26 15:45,52.225,
Plot Title: 5S1C,5109,6/13/26 16:00,51.172,
Plot Title: 5S1C,5110,6/13/26 16:15,50.995,
Plot Title: 5S1C,5111,6/13/26 16:30,51.346,
Plot Title: 5S1C,5112,6/13/26 16:45,51.346,
Plot Title: 5S1C,5113,6/13/26 17:00,51.346,
Plot Title: 5S1C,5114,6/13/26 17:15,51.346,
Plot Title: 5S1C,5115,6/13/26 17:30,51.699,
Plot Title: 5S1C,5116,6/13/26 17:45,51.874,
Plot Title: 5S1C,5117,6/13/26 18:00,51.699,
Plot Title: 5S1C,5118,6/13/26 18:15,51.172,
Plot Title: 5S1C,5119,6/13/26 18:30,50.643,
Plot Title: 5S1C,5120,6/13/26 18:45,50.113,
Plot Title: 5S1C,5121,6/13/26 19:00,49.582,
Plot Title: 5S1C,5122,6/13/26 19:15,49.05,
Plot Title: 5S1C,5123,6/13/26 19:30,48.517,
Plot Title: 5S1C,5124,6/13/26 19:45,48.16,
Plot Title: 5S1C,5125,6/13/26 20:00,47.802,
Plot Title: 5S1C,5126,6/13/26 20:15,47.446,
Plot Title: 5S1C,5127,6/13/26 20:30,47.088,
Plot Title: 5S1C,5128,6/13/26 20:45,46.728,
Plot Title: 5S1C,5129,6/13/26 21:00,46.369,
Plot Title: 5S1C,5130,6/13/26 21:15,46.008,
Plot Title: 5S1C,5131,6/13/26 21:30,45.648,
Plot Title: 5S1C,5132,6/13/26 21:45,45.466,
Plot Title: 5S1C,5133,6/13/26 22:00,45.104,
Plot Title: 5S1C,5134,6/13/26 22:15,44.922,
Plot Title: 5S1C,5135,6/13/26 22:30,44.56,
Plot Title: 5S1C,5136,6/13/26 22:45,44.379,
Plot Title: 5S1C,5137,6/13/26 23:00,44.379,
Plot Title: 5S1C,5138,6/13/26 23:15,44.195,
Plot Title: 5S1C,5139,6/13/26 23:30,44.013,
Plot Title: 5S1C,5140,6/13/26 23:45,43.831,
Plot Title: 5S1C,5141,6/14/26 00:00,43.648,
Plot Title: 5S1C,5142,6/14/26 00:15,43.648,
Plot Title: 5S1C,5143,6/14/26 00:30,43.466,
Plot Title: 5S1C,5144,6/14/26 00:45,43.099,
Plot Title: 5S1C,5145,6/14/26 01:00,42.915,
Plot Title: 5S1C,5146,6/14/26 01:15,42.732,
Plot Title: 5S1C,5147,6/14/26 01:30,42.548,
Plot Title: 5S1C,5148,6/14/26 01:45,42.363,
Plot Title: 5S1C,5149,6/14/26 02:00,42.179,
Plot Title: 5S1C,5150,6/14/26 02:15,41.994,
Plot Title: 5S1C,5151,6/14/26 02:30,41.994,
Plot Title: 5S1C,5152,6/14/26 02:45,41.994,
Plot Title: 5S1C,5153,6/14/26 03:00,41.81,
Plot Title: 5S1C,5154,6/14/26 03:15,41.625,
Plot Title: 5S1C,5155,6/14/26 03:30,41.625,
Plot Title: 5S1C,5156,6/14/26 03:45,41.439,
Plot Title: 5S1C,5157,6/14/26 04:00,41.254,
Plot Title: 5S1C,5158,6/14/26 04:15,41.067,
Plot Title: 5S1C,5159,6/14/26 04:30,41.067,
Plot Title: 5S1C,5160,6/14/26 04:45,40.881,
Plot Title: 5S1C,5161,6/14/26 05:00,40.881,
Plot Title: 5S1C,5162,6/14/26 05:15,40.696,
Plot Title: 5S1C,5163,6/14/26 05:30,40.509,
Plot Title: 5S1C,5164,6/14/26 05:45,40.509,
Plot Title: 5S1C,5165,6/14/26 06:00,40.509,
Plot Title: 5S1C,5166,6/14/26 06:15,40.509,
Plot Title: 5S1C,5167,6/14/26 06:30,40.509,
Plot Title: 5S1C,5168,6/14/26 06:45,40.509,
Plot Title: 5S1C,5169,6/14/26 07:00,40.509,
Plot Title: 5S1C,5170,6/14/26 07:15,40.696,
Plot Title: 5S1C,5171,6/14/26 07:30,40.881,
Plot Title: 5S1C,5172,6/14/26 07:45,41.439,
Plot Title: 5S1C,5173,6/14/26 08:00,41.81,
Plot Title: 5S1C,5174,6/14/26 08:15,42.363,
Plot Title: 5S1C,5175,6/14/26 08:30,42.915,
Plot Title: 5S1C,5176,6/14/26 08:45,43.466,
Plot Title: 5S1C,5177,6/14/26 09:00,44.379,
Plot Title: 5S1C,5178,6/14/26 09:15,45.286,
Plot Title: 5S1C,5179,6/14/26 09:30,49.404,
Plot Title: 5S1C,5180,6/14/26 09:45,51.172,
Plot Title: 5S1C,5181,6/14/26 10:00,55.537,
Plot Title: 5S1C,5182,6/14/26 10:15,56.923,
Plot Title: 5S1C,5183,6/14/26 10:30,54.842,
Plot Title: 5S1C,5184,6/14/26 10:45,53.798,
Plot Title: 5S1C,5185,6/14/26 11:00,53.1,
Plot Title: 5S1C,5186,6/14/26 11:15,61.054,
Plot Title: 5S1C,5187,6/14/26 11:30,60.539,
Plot Title: 5S1C,5188,6/14/26 11:45,61.912,
Plot Title: 5S1C,5189,6/14/26 12:00,69.449,
Plot Title: 5S1C,5190,6/14/26 12:15,78.098,
Plot Title: 5S1C,5191,6/14/26 12:30,71.512,
Plot Title: 5S1C,5192,6/14/26 12:45,64.481,
Plot Title: 5S1C,5193,6/14/26 13:00,61.398,
Plot Title: 5S1C,5194,6/14/26 13:15,59.68,
Plot Title: 5S1C,5195,6/14/26 13:30,58.303,
Plot Title: 5S1C,5196,6/14/26 13:45,58.303,
Plot Title: 5S1C,5197,6/14/26 14:00,57.614,
Plot Title: 5S1C,5198,6/14/26 14:15,56.923,
Plot Title: 5S1C,5199,6/14/26 14:30,56.577,
Plot Title: 5S1C,5200,6/14/26 14:45,58.476,
Plot Title: 5S1C,5201,6/14/26 15:00,58.476,
Plot Title: 5S1C,5202,6/14/26 15:15,58.647,
Plot Title: 5S1C,5203,6/14/26 15:30,57.614,
Plot Title: 5S1C,5204,6/14/26 15:45,56.75,
Plot Title: 5S1C,5205,6/14/26 16:00,56.577,
Plot Title: 5S1C,5206,6/14/26 16:15,56.23,
Plot Title: 5S1C,5207,6/14/26 16:30,56.577,
Plot Title: 5S1C,5208,6/14/26 16:45,60.883,
Plot Title: 5S1C,5209,6/14/26 17:00,59.508,
Plot Title: 5S1C,5210,6/14/26 17:15,57.614,
Plot Title: 5S1C,5211,6/14/26 17:30,56.577,
Plot Title: 5S1C,5212,6/14/26 17:45,56.057,
Plot Title: 5S1C,5213,6/14/26 18:00,55.364,
Plot Title: 5S1C,5214,6/14/26 18:15,55.017,
Plot Title: 5S1C,5215,6/14/26 18:30,54.495,
Plot Title: 5S1C,5216,6/14/26 18:45,54.495,
Plot Title: 5S1C,5217,6/14/26 19:00,53.973,
Plot Title: 5S1C,5218,6/14/26 19:15,53.274,
Plot Title: 5S1C,5219,6/14/26 19:30,52.75,
Plot Title: 5S1C,5220,6/14/26 19:45,52.225,
Plot Title: 5S1C,5221,6/14/26 20:00,51.699,
Plot Title: 5S1C,5222,6/14/26 20:15,51.172,
Plot Title: 5S1C,5223,6/14/26 20:30,50.819,
Plot Title: 5S1C,5224,6/14/26 20:45,50.29,
Plot Title: 5S1C,5225,6/14/26 21:00,49.759,
Plot Title: 5S1C,5226,6/14/26 21:15,49.404,
Plot Title: 5S1C,5227,6/14/26 21:30,49.05,
Plot Title: 5S1C,5228,6/14/26 21:45,48.695,
Plot Title: 5S1C,5229,6/14/26 22:00,48.339,
Plot Title: 5S1C,5230,6/14/26 22:15,47.982,
Plot Title: 5S1C,5231,6/14/26 22:30,47.624,
Plot Title: 5S1C,5232,6/14/26 22:45,47.266,
Plot Title: 5S1C,5233,6/14/26 23:00,46.908,
Plot Title: 5S1C,5234,6/14/26 23:15,46.728,
Plot Title: 5S1C,5235,6/14/26 23:30,46.548,
Plot Title: 5S1C,5236,6/14/26 23:45,46.369,
Plot Title: 5S1C,5237,6/15/26 00:00,46.008,
Plot Title: 5S1C,5238,6/15/26 00:15,45.828,
Plot Title: 5S1C,5239,6/15/26 00:30,45.648,
Plot Title: 5S1C,5240,6/15/26 00:45,45.466,
Plot Title: 5S1C,5241,6/15/26 01:00,45.286,
Plot Title: 5S1C,5242,6/15/26 01:15,45.104,
Plot Title: 5S1C,5243,6/15/26 01:30,44.922,
Plot Title: 5S1C,5244,6/15/26 01:45,44.742,
Plot Title: 5S1C,5245,6/15/26 02:00,44.742,
Plot Title: 5S1C,5246,6/15/26 02:15,44.56,
Plot Title: 5S1C,5247,6/15/26 02:30,44.379,
Plot Title: 5S1C,5248,6/15/26 02:45,44.195,
Plot Title: 5S1C,5249,6/15/26 03:00,44.195,
Plot Title: 5S1C,5250,6/15/26 03:15,44.013,
Plot Title: 5S1C,5251,6/15/26 03:30,44.013,
Plot Title: 5S1C,5252,6/15/26 03:45,43.831,
Plot Title: 5S1C,5253,6/15/26 04:00,43.831,
Plot Title: 5S1C,5254,6/15/26 04:15,43.648,
Plot Title: 5S1C,5255,6/15/26 04:30,43.466,
Plot Title: 5S1C,5256,6/15/26 04:45,43.466,
Plot Title: 5S1C,5257,6/15/26 05:00,43.282,
Plot Title: 5S1C,5258,6/15/26 05:15,43.282,
Plot Title: 5S1C,5259,6/15/26 05:30,43.099,
Plot Title: 5S1C,5260,6/15/26 05:45,43.099,
Plot Title: 5S1C,5261,6/15/26 06:00,42.915,
Plot Title: 5S1C,5262,6/15/26 06:15,42.915,
Plot Title: 5S1C,5263,6/15/26 06:30,43.099,
Plot Title: 5S1C,5264,6/15/26 06:45,43.099,
Plot Title: 5S1C,5265,6/15/26 07:00,43.099,
Plot Title: 5S1C,5266,6/15/26 07:15,43.282,
Plot Title: 5S1C,5267,6/15/26 07:30,43.466,
Plot Title: 5S1C,5268,6/15/26 07:45,44.013,
Plot Title: 5S1C,5269,6/15/26 08:00,44.56,
Plot Title: 5S1C,5270,6/15/26 08:15,45.286,
Plot Title: 5S1C,5271,6/15/26 08:30,46.188,
Plot Title: 5S1C,5272,6/15/26 08:45,46.728,
Plot Title: 5S1C,5273,6/15/26 09:00,47.446,
Plot Title: 5S1C,5274,6/15/26 09:15,48.517,
Plot Title: 5S1C,5275,6/15/26 09:30,55.189,
Plot Title: 5S1C,5276,6/15/26 09:45,61.398,
Plot Title: 5S1C,5277,6/15/26 10:00,65.338,
Plot Title: 5S1C,5278,6/15/26 10:15,68.421,
Plot Title: 5S1C,5279,6/15/26 10:30,71.512,
Plot Title: 5S1C,5280,6/15/26 10:45,74.791,
Plot Title: 5S1C,5281,6/15/26 11:00,78.8,
Plot Title: 5S1C,5282,6/15/26 11:15,83.579,
Plot Title: 5S1C,5283,6/15/26 11:30,88.833,
Plot Title: 5S1C,5284,6/15/26 11:45,95.207,
Plot Title: 5S1C,5285,6/15/26 12:00,100.283,
Plot Title: 5S1C,5286,6/15/26 12:15,102.29,
Plot Title: 5S1C,5287,6/15/26 12:30,90.68,
Plot Title: 5S1C,5288,6/15/26 12:45,79.678,
Plot Title: 5S1C,5289,6/15/26 13:00,74.271,
Plot Title: 5S1C,5290,6/15/26 13:15,70.651,
Plot Title: 5S1C,5291,6/15/26 13:30,68.592,
Plot Title: 5S1C,5292,6/15/26 13:45,68.077,
Plot Title: 5S1C,5293,6/15/26 14:00,66.879,
Plot Title: 5S1C,5294,6/15/26 14:15,66.193,
Plot Title: 5S1C,5295,6/15/26 14:30,65.851,
Plot Title: 5S1C,5296,6/15/26 14:45,66.193,
Plot Title: 5S1C,5297,6/15/26 15:00,66.193,
Plot Title: 5S1C,5298,6/15/26 15:15,65.509,
Plot Title: 5S1C,5299,6/15/26 15:30,64.996,
Plot Title: 5S1C,5300,6/15/26 15:45,64.481,
Plot Title: 5S1C,5301,6/15/26 16:00,64.31,
Plot Title: 5S1C,5302,6/15/26 16:15,63.797,
Plot Title: 5S1C,5303,6/15/26 16:30,63.797,
Plot Title: 5S1C,5304,6/15/26 16:45,63.455,
Plot Title: 5S1C,5305,6/15/26 17:00,62.769,
Plot Title: 5S1C,5306,6/15/26 17:15,62.425,
Plot Title: 5S1C,5307,6/15/26 17:30,62.425,
Plot Title: 5S1C,5308,6/15/26 17:45,62.254,
Plot Title: 5S1C,5309,6/15/26 18:00,61.569,
Plot Title: 5S1C,5310,6/15/26 18:15,61.054,
Plot Title: 5S1C,5311,6/15/26 18:30,60.195,
Plot Title: 5S1C,5312,6/15/26 18:45,59.68,
Plot Title: 5S1C,5313,6/15/26 19:00,58.993,
Plot Title: 5S1C,5314,6/15/26 19:15,58.647,
Plot Title: 5S1C,5315,6/15/26 19:30,58.303,
Plot Title: 5S1C,5316,6/15/26 19:45,57.958,
Plot Title: 5S1C,5317,6/15/26 20:00,57.614,
Plot Title: 5S1C,5318,6/15/26 20:15,57.268,
Plot Title: 5S1C,5319,6/15/26 20:30,56.923,
Plot Title: 5S1C,5320,6/15/26 20:45,56.404,
Plot Title: 5S1C,5321,6/15/26 21:00,55.884,
Plot Title: 5S1C,5322,6/15/26 21:15,55.537,
Plot Title: 5S1C,5323,6/15/26 21:30,55.189,
Plot Title: 5S1C,5324,6/15/26 21:45,54.842,
Plot Title: 5S1C,5325,6/15/26 22:00,54.322,
Plot Title: 5S1C,5326,6/15/26 22:15,53.973,
Plot Title: 5S1C,5327,6/15/26 22:30,53.798,
Plot Title: 5S1C,5328,6/15/26 22:45,53.623,
Plot Title: 5S1C,5329,6/15/26 23:00,53.623,
Plot Title: 5S1C,5330,6/15/26 23:15,53.623,
Plot Title: 5S1C,5331,6/15/26 23:30,53.449,
Plot Title: 5S1C,5332,6/15/26 23:45,53.449,
Plot Title: 5S1C,5333,6/16/26 00:00,53.1,
Plot Title: 5S1C,5334,6/16/26 00:15,53.1,
Plot Title: 5S1C,5335,6/16/26 00:30,53.1,
Plot Title: 5S1C,5336,6/16/26 00:45,53.1,
Plot Title: 5S1C,5337,6/16/26 01:00,52.925,
Plot Title: 5S1C,5338,6/16/26 01:15,52.75,
Plot Title: 5S1C,5339,6/16/26 01:30,52.401,
Plot Title: 5S1C,5340,6/16/26 01:45,52.401,
Plot Title: 5S1C,5341,6/16/26 02:00,52.576,
Plot Title: 5S1C,5342,6/16/26 02:15,52.401,
Plot Title: 5S1C,5343,6/16/26 02:30,52.401,
Plot Title: 5S1C,5344,6/16/26 02:45,52.225,
Plot Title: 5S1C,5345,6/16/26 03:00,52.05,
Plot Title: 5S1C,5346,6/16/26 03:15,51.874,
Plot Title: 5S1C,5347,6/16/26 03:30,51.523,
Plot Title: 5S1C,5348,6/16/26 03:45,51.346,
Plot Title: 5S1C,5349,6/16/26 04:00,50.995,
Plot Title: 5S1C,5350,6/16/26 04:15,50.643,
Plot Title: 5S1C,5351,6/16/26 04:30,50.466,
Plot Title: 5S1C,5352,6/16/26 04:45,50.466,
Plot Title: 5S1C,5353,6/16/26 05:00,50.466,
Plot Title: 5S1C,5354,6/16/26 05:15,50.466,
Plot Title: 5S1C,5355,6/16/26 05:30,50.466,
Plot Title: 5S1C,5356,6/16/26 05:45,50.29,
Plot Title: 5S1C,5357,6/16/26 06:00,50.29,
Plot Title: 5S1C,5358,6/16/26 06:15,50.466,
Plot Title: 5S1C,5359,6/16/26 06:30,50.643,
Plot Title: 5S1C,5360,6/16/26 06:45,50.819,
Plot Title: 5S1C,5361,6/16/26 07:00,50.643,
Plot Title: 5S1C,5362,6/16/26 07:15,50.643,
Plot Title: 5S1C,5363,6/16/26 07:30,50.643,
Plot Title: 5S1C,5364,6/16/26 07:45,50.819,
Plot Title: 5S1C,5365,6/16/26 08:00,51.172,
Plot Title: 5S1C,5366,6/16/26 08:15,51.699,
Plot Title: 5S1C,5367,6/16/26 08:30,52.401,
Plot Title: 5S1C,5368,6/16/26 08:45,53.1,
Plot Title: 5S1C,5369,6/16/26 09:00,54.147,
Plot Title: 5S1C,5370,6/16/26 09:15,55.364,
Plot Title: 5S1C,5371,6/16/26 09:30,56.057,
Plot Title: 5S1C,5372,6/16/26 09:45,62.425,
Plot Title: 5S1C,5373,6/16/26 10:00,69.107,
Plot Title: 5S1C,5374,6/16/26 10:15,73.234,
Plot Title: 5S1C,5375,6/16/26 10:30,77.225,
Plot Title: 5S1C,5376,6/16/26 10:45,79.853,
Plot Title: 5S1C,5377,6/16/26 11:00,82.864,
Plot Title: 5S1C,5378,6/16/26 11:15,86.277,
Plot Title: 5S1C,5379,6/16/26 11:30,91.987,
Plot Title: 5S1C,5380,6/16/26 11:45,95.207,
Plot Title: 5S1C,5381,6/16/26 12:00,101.282,
Plot Title: 5S1C,5382,6/16/26 12:15,95.59,
Plot Title: 5S1C,5383,6/16/26 12:30,89.384,
Plot Title: 5S1C,5384,6/16/26 12:45,81.266,
Plot Title: 5S1C,5385,6/16/26 13:00,76.876,
Plot Title: 5S1C,5386,6/16/26 13:15,74.098,
Plot Title: 5S1C,5387,6/16/26 13:30,72.372,
Plot Title: 5S1C,5388,6/16/26 13:45,71.339,
Plot Title: 5S1C,5389,6/16/26 14:00,69.964,
Plot Title: 5S1C,5390,6/16/26 14:15,69.449,
Plot Title: 5S1C,5391,6/16/26 14:30,68.934,
Plot Title: 5S1C,5392,6/16/26 14:45,70.824,
Plot Title: 5S1C,5393,6/16/26 15:00,70.995,
Plot Title: 5S1C,5394,6/16/26 15:15,70.824,
Plot Title: 5S1C,5395,6/16/26 15:30,69.622,
Plot Title: 5S1C,5396,6/16/26 15:45,68.763,
Plot Title: 5S1C,5397,6/16/26 16:00,68.934,
Plot Title: 5S1C,5398,6/16/26 16:15,68.421,
Plot Title: 5S1C,5399,6/16/26 16:30,68.592,
Plot Title: 5S1C,5400,6/16/26 16:45,73.407,
Plot Title: 5S1C,5401,6/16/26 17:00,72.028,
Plot Title: 5S1C,5402,6/16/26 17:15,69.449,
Plot Title: 5S1C,5403,6/16/26 17:30,67.906,
Plot Title: 5S1C,5404,6/16/26 17:45,67.05,
Plot Title: 5S1C,5405,6/16/26 18:00,66.366,
Plot Title: 5S1C,5406,6/16/26 18:15,65.68,
Plot Title: 5S1C,5407,6/16/26 18:30,65.338,
Plot Title: 5S1C,5408,6/16/26 18:45,64.996,
Plot Title: 5S1C,5409,6/16/26 19:00,64.652,
Plot Title: 5S1C,5410,6/16/26 19:15,64.31,
Plot Title: 5S1C,5411,6/16/26 19:30,63.797,
Plot Title: 5S1C,5412,6/16/26 19:45,63.455,
Plot Title: 5S1C,5413,6/16/26 20:00,63.111,
Plot Title: 5S1C,5414,6/16/26 20:15,62.769,
Plot Title: 5S1C,5415,6/16/26 20:30,62.083,
Plot Title: 5S1C,5416,6/16/26 20:45,61.398,
Plot Title: 5S1C,5417,6/16/26 21:00,60.712,
Plot Title: 5S1C,5418,6/16/26 21:15,60.024,
Plot Title: 5S1C,5419,6/16/26 21:30,59.508,
Plot Title: 5S1C,5420,6/16/26 21:45,58.993,
Plot Title: 5S1C,5421,6/16/26 22:00,58.476,
Plot Title: 5S1C,5422,6/16/26 22:15,58.131,
Plot Title: 5S1C,5423,6/16/26 22:30,57.785,
Plot Title: 5S1C,5424,6/16/26 22:45,57.441,
Plot Title: 5S1C,5425,6/16/26 23:00,57.096,
Plot Title: 5S1C,5426,6/16/26 23:15,56.923,
Plot Title: 5S1C,5427,6/16/26 23:30,56.577,
Plot Title: 5S1C,5428,6/16/26 23:45,56.404,
Plot Title: 5S1C,5429,6/17/26 00:00,56.057,
Plot Title: 5S1C,5430,6/17/26 00:15,55.711,
Plot Title: 5S1C,5431,6/17/26 00:30,55.537,
Plot Title: 5S1C,5432,6/17/26 00:45,55.364,
Plot Title: 5S1C,5433,6/17/26 01:00,55.189,
Plot Title: 5S1C,5434,6/17/26 01:15,54.842,
Plot Title: 5S1C,5435,6/17/26 01:30,54.495,
Plot Title: 5S1C,5436,6/17/26 01:45,54.147,
Plot Title: 5S1C,5437,6/17/26 02:00,53.798,
Plot Title: 5S1C,5438,6/17/26 02:15,53.623,
Plot Title: 5S1C,5439,6/17/26 02:30,53.274,
Plot Title: 5S1C,5440,6/17/26 02:45,53.1,
Plot Title: 5S1C,5441,6/17/26 03:00,52.75,
Plot Title: 5S1C,5442,6/17/26 03:15,52.576,
Plot Title: 5S1C,5443,6/17/26 03:30,52.401,
Plot Title: 5S1C,5444,6/17/26 03:45,52.05,
Plot Title: 5S1C,5445,6/17/26 04:00,51.874,
Plot Title: 5S1C,5446,6/17/26 04:15,51.699,
Plot Title: 5S1C,5447,6/17/26 04:30,51.523,
Plot Title: 5S1C,5448,6/17/26 04:45,51.346,
Plot Title: 5S1C,5449,6/17/26 05:00,51.172,
Plot Title: 5S1C,5450,6/17/26 05:15,50.995,
Plot Title: 5S1C,5451,6/17/26 05:30,50.819,
Plot Title: 5S1C,5452,6/17/26 05:45,50.643,
Plot Title: 5S1C,5453,6/17/26 06:00,50.643,
Plot Title: 5S1C,5454,6/17/26 06:15,50.466,
Plot Title: 5S1C,5455,6/17/26 06:30,50.466,
Plot Title: 5S1C,5456,6/17/26 06:45,50.466,
Plot Title: 5S1C,5457,6/17/26 07:00,50.643,
Plot Title: 5S1C,5458,6/17/26 07:15,50.466,
Plot Title: 5S1C,5459,6/17/26 07:30,50.466,
Plot Title: 5S1C,5460,6/17/26 07:45,50.643,
Plot Title: 5S1C,5461,6/17/26 08:00,50.819,
Plot Title: 5S1C,5462,6/17/26 08:15,51.172,
Plot Title: 5S1C,5463,6/17/26 08:30,51.523,
Plot Title: 5S1C,5464,6/17/26 08:45,52.05,
Plot Title: 5S1C,5465,6/17/26 09:00,52.576,
Plot Title: 5S1C,5466,6/17/26 09:15,53.449,
Plot Title: 5S1C,5467,6/17/26 09:30,61.227,
Plot Title: 5S1C,5468,6/17/26 09:45,67.906,
Plot Title: 5S1C,5469,6/17/26 10:00,72.718,
Plot Title: 5S1C,5470,6/17/26 10:15,76.181,
Plot Title: 5S1C,5471,6/17/26 10:30,78.975,
Plot Title: 5S1C,5472,6/17/26 10:45,82.686,
Plot Title: 5S1C,5473,6/17/26 11:00,87.368,
Plot Title: 5S1C,5474,6/17/26 11:15,93.304,
Plot Title: 5S1C,5475,6/17/26 11:30,99.885,
Plot Title: 5S1C,5476,6/17/26 11:45,106.205,
Plot Title: 5S1C,5477,6/17/26 12:00,110.919,
Plot Title: 5S1C,5478,6/17/26 12:15,103.923,
Plot Title: 5S1C,5479,6/17/26 12:30,91.612,
Plot Title: 5S1C,5480,6/17/26 12:45,82.508,
Plot Title: 5S1C,5481,6/17/26 13:00,77.4,
Plot Title: 5S1C,5482,6/17/26 13:15,73.234,
Plot Title: 5S1C,5483,6/17/26 13:30,71.683,
Plot Title: 5S1C,5484,6/17/26 13:45,70.48,
Plot Title: 5S1C,5485,6/17/26 14:00,68.934,
Plot Title: 5S1C,5486,6/17/26 14:15,67.735,
Plot Title: 5S1C,5487,6/17/26 14:30,66.022,
Plot Title: 5S1C,5488,6/17/26 14:45,64.481,
Plot Title: 5S1C,5489,6/17/26 15:00,63.797,
Plot Title: 5S1C,5490,6/17/26 15:15,63.282,
Plot Title: 5S1C,5491,6/17/26 15:30,62.94,
Plot Title: 5S1C,5492,6/17/26 15:45,63.282,
Plot Title: 5S1C,5493,6/17/26 16:00,63.111,
Plot Title: 5S1C,5494,6/17/26 16:15,62.769,
Plot Title: 5S1C,5495,6/17/26 16:30,62.598,
Plot Title: 5S1C,5496,6/17/26 16:45,63.455,
Plot Title: 5S1C,5497,6/17/26 17:00,64.652,
Plot Title: 5S1C,5498,6/17/26 17:15,63.797,
Plot Title: 5S1C,5499,6/17/26 17:30,63.282,
Plot Title: 5S1C,5500,6/17/26 17:45,62.425,
Plot Title: 5S1C,5501,6/17/26 18:00,61.741,
Plot Title: 5S1C,5502,6/17/26 18:15,60.883,
Plot Title: 5S1C,5503,6/17/26 18:30,60.368,
Plot Title: 5S1C,5504,6/17/26 18:45,59.68,
Plot Title: 5S1C,5505,6/17/26 19:00,59.164,
Plot Title: 5S1C,5506,6/17/26 19:15,58.647,
Plot Title: 5S1C,5507,6/17/26 19:30,58.131,
Plot Title: 5S1C,5508,6/17/26 19:45,57.614,
Plot Title: 5S1C,5509,6/17/26 20:00,57.096,
Plot Title: 5S1C,5510,6/17/26 20:15,56.75,
Plot Title: 5S1C,5511,6/17/26 20:30,56.23,
Plot Title: 5S1C,5512,6/17/26 20:45,55.884,
Plot Title: 5S1C,5513,6/17/26 21:00,55.364,
Plot Title: 5S1C,5514,6/17/26 21:15,54.842,
Plot Title: 5S1C,5515,6/17/26 21:30,54.322,
Plot Title: 5S1C,5516,6/17/26 21:45,53.798,
Plot Title: 5S1C,5517,6/17/26 22:00,53.449,
Plot Title: 5S1C,5518,6/17/26 22:15,52.925,
Plot Title: 5S1C,5519,6/17/26 22:30,52.576,
Plot Title: 5S1C,5520,6/17/26 22:45,52.05,
Plot Title: 5S1C,5521,6/17/26 23:00,51.523,
Plot Title: 5S1C,5522,6/17/26 23:15,51.172,
Plot Title: 5S1C,5523,6/17/26 23:30,50.819,
Plot Title: 5S1C,5524,6/17/26 23:45,50.29,
Plot Title: 5S1C,5525,6/18/26 00:00,49.937,
Plot Title: 5S1C,5526,6/18/26 00:15,49.937,
Plot Title: 5S1C,5527,6/18/26 00:30,49.582,
Plot Title: 5S1C,5528,6/18/26 00:45,49.404,
Plot Title: 5S1C,5529,6/18/26 01:00,49.05,
Plot Title: 5S1C,5530,6/18/26 01:15,48.871,
Plot Title: 5S1C,5531,6/18/26 01:30,48.517,
Plot Title: 5S1C,5532,6/18/26 01:45,48.339,
Plot Title: 5S1C,5533,6/18/26 02:00,48.16,
Plot Title: 5S1C,5534,6/18/26 02:15,47.982,
Plot Title: 5S1C,5535,6/18/26 02:30,47.802,
Plot Title: 5S1C,5536,6/18/26 02:45,47.624,
Plot Title: 5S1C,5537,6/18/26 03:00,47.446,
Plot Title: 5S1C,5538,6/18/26 03:15,47.266,
Plot Title: 5S1C,5539,6/18/26 03:30,47.266,
Plot Title: 5S1C,5540,6/18/26 03:45,47.266,
Plot Title: 5S1C,5541,6/18/26 04:00,47.088,
Plot Title: 5S1C,5542,6/18/26 04:15,46.908,
Plot Title: 5S1C,5543,6/18/26 04:30,46.728,
Plot Title: 5S1C,5544,6/18/26 04:45,46.548,
Plot Title: 5S1C,5545,6/18/26 05:00,46.548,
Plot Title: 5S1C,5546,6/18/26 05:15,46.369,
Plot Title: 5S1C,5547,6/18/26 05:30,46.369,
Plot Title: 5S1C,5548,6/18/26 05:45,46.369,
Plot Title: 5S1C,5549,6/18/26 06:00,46.548,
Plot Title: 5S1C,5550,6/18/26 06:15,46.548,
Plot Title: 5S1C,5551,6/18/26 06:30,46.369,
Plot Title: 5S1C,5552,6/18/26 06:45,46.369,
Plot Title: 5S1C,5553,6/18/26 07:00,46.369,
Plot Title: 5S1C,5554,6/18/26 07:15,46.548,
Plot Title: 5S1C,5555,6/18/26 07:30,46.908,
Plot Title: 5S1C,5556,6/18/26 07:45,47.624,
Plot Title: 5S1C,5557,6/18/26 08:00,48.16,
Plot Title: 5S1C,5558,6/18/26 08:15,49.05,
Plot Title: 5S1C,5559,6/18/26 08:30,49.937,
Plot Title: 5S1C,5560,6/18/26 08:45,50.466,
Plot Title: 5S1C,5561,6/18/26 09:00,50.819,
Plot Title: 5S1C,5562,6/18/26 09:15,51.874,
Plot Title: 5S1C,5563,6/18/26 09:30,56.057,
Plot Title: 5S1C,5564,6/18/26 09:45,63.455,
Plot Title: 5S1C,5565,6/18/26 10:00,60.368,
Plot Title: 5S1C,5566,6/18/26 10:15,63.282,
Plot Title: 5S1C,5567,6/18/26 10:30,71.339,
Plot Title: 5S1C,5568,6/18/26 10:45,68.934,
Plot Title: 5S1C,5569,6/18/26 11:00,76.703,
Plot Title: 5S1C,5570,6/18/26 11:15,78.624,
Plot Title: 5S1C,5571,6/18/26 11:30,89.569,
Plot Title: 5S1C,5572,6/18/26 11:45,81.442,
Plot Title: 5S1C,5573,6/18/26 12:00,80.735,
Plot Title: 5S1C,5574,6/18/26 12:15,81.09,
Plot Title: 5S1C,5575,6/18/26 12:30,78.274,
Plot Title: 5S1C,5576,6/18/26 12:45,72.199,
Plot Title: 5S1C,5577,6/18/26 13:00,69.622,
Plot Title: 5S1C,5578,6/18/26 13:15,67.564,
Plot Title: 5S1C,5579,6/18/26 13:30,67.221,
Plot Title: 5S1C,5580,6/18/26 13:45,66.879,
Plot Title: 5S1C,5581,6/18/26 14:00,65.167,
Plot Title: 5S1C,5582,6/18/26 14:15,64.481,
Plot Title: 5S1C,5583,6/18/26 14:30,64.139,
Plot Title: 5S1C,5584,6/18/26 14:45,65.851,
Plot Title: 5S1C,5585,6/18/26 15:00,66.366,
Plot Title: 5S1C,5586,6/18/26 15:15,66.708,
Plot Title: 5S1C,5587,6/18/26 15:30,65.509,
Plot Title: 5S1C,5588,6/18/26 15:45,64.481,
Plot Title: 5S1C,5589,6/18/26 16:00,64.481,
Plot Title: 5S1C,5590,6/18/26 16:15,63.797,
Plot Title: 5S1C,5591,6/18/26 16:30,64.139,
Plot Title: 5S1C,5592,6/18/26 16:45,69.793,
Plot Title: 5S1C,5593,6/18/26 17:00,68.592,
Plot Title: 5S1C,5594,6/18/26 17:15,65.851,
Plot Title: 5S1C,5595,6/18/26 17:30,64.31,
Plot Title: 5S1C,5596,6/18/26 17:45,63.282,
Plot Title: 5S1C,5597,6/18/26 18:00,62.425,
Plot Title: 5S1C,5598,6/18/26 18:15,61.741,
Plot Title: 5S1C,5599,6/18/26 18:30,60.883,
Plot Title: 5S1C,5600,6/18/26 18:45,60.368,
Plot Title: 5S1C,5601,6/18/26 19:00,59.851,
Plot Title: 5S1C,5602,6/18/26 19:15,59.337,
Plot Title: 5S1C,5603,6/18/26 19:30,58.82,
Plot Title: 5S1C,5604,6/18/26 19:45,58.303,
Plot Title: 5S1C,5605,6/18/26 20:00,57.785,
Plot Title: 5S1C,5606,6/18/26 20:15,57.096,
Plot Title: 5S1C,5607,6/18/26 20:30,56.577,
Plot Title: 5S1C,5608,6/18/26 20:45,56.057,
Plot Title: 5S1C,5609,6/18/26 21:00,55.537,
Plot Title: 5S1C,5610,6/18/26 21:15,55.017,
Plot Title: 5S1C,5611,6/18/26 21:30,54.669,
Plot Title: 5S1C,5612,6/18/26 21:45,54.147,
Plot Title: 5S1C,5613,6/18/26 22:00,53.798,
Plot Title: 5S1C,5614,6/18/26 22:15,53.274,
Plot Title: 5S1C,5615,6/18/26 22:30,52.925,
Plot Title: 5S1C,5616,6/18/26 22:45,52.576,
Plot Title: 5S1C,5617,6/18/26 23:00,52.225,
Plot Title: 5S1C,5618,6/18/26 23:15,51.874,
Plot Title: 5S1C,5619,6/18/26 23:30,51.346,
Plot Title: 5S1C,5620,6/18/26 23:45,51.172,
Plot Title: 5S1C,5621,6/19/26 00:00,50.819,
Plot Title: 5S1C,5622,6/19/26 00:15,50.466,
Plot Title: 5S1C,5623,6/19/26 00:30,50.29,
Plot Title: 5S1C,5624,6/19/26 00:45,49.937,
Plot Title: 5S1C,5625,6/19/26 01:00,49.759,
Plot Title: 5S1C,5626,6/19/26 01:15,49.404,
Plot Title: 5S1C,5627,6/19/26 01:30,49.05,
Plot Title: 5S1C,5628,6/19/26 01:45,48.871,
Plot Title: 5S1C,5629,6/19/26 02:00,48.517,
Plot Title: 5S1C,5630,6/19/26 02:15,48.339,
Plot Title: 5S1C,5631,6/19/26 02:30,48.339,
Plot Title: 5S1C,5632,6/19/26 02:45,47.982,
Plot Title: 5S1C,5633,6/19/26 03:00,47.802,
Plot Title: 5S1C,5634,6/19/26 03:15,47.624,
Plot Title: 5S1C,5635,6/19/26 03:30,47.446,
Plot Title: 5S1C,5636,6/19/26 03:45,47.266,
Plot Title: 5S1C,5637,6/19/26 04:00,47.088,
Plot Title: 5S1C,5638,6/19/26 04:15,46.908,
Plot Title: 5S1C,5639,6/19/26 04:30,46.908,
Plot Title: 5S1C,5640,6/19/26 04:45,46.728,
Plot Title: 5S1C,5641,6/19/26 05:00,46.548,
Plot Title: 5S1C,5642,6/19/26 05:15,46.369,
Plot Title: 5S1C,5643,6/19/26 05:30,46.188,
Plot Title: 5S1C,5644,6/19/26 05:45,46.188,
Plot Title: 5S1C,5645,6/19/26 06:00,46.008,
Plot Title: 5S1C,5646,6/19/26 06:15,46.008,
Plot Title: 5S1C,5647,6/19/26 06:30,46.008,
Plot Title: 5S1C,5648,6/19/26 06:45,46.008,
Plot Title: 5S1C,5649,6/19/26 07:00,46.008,
Plot Title: 5S1C,5650,6/19/26 07:15,46.188,
Plot Title: 5S1C,5651,6/19/26 07:30,46.728,
Plot Title: 5S1C,5652,6/19/26 07:45,47.446,
Plot Title: 5S1C,5653,6/19/26 08:00,48.339,
Plot Title: 5S1C,5654,6/19/26 08:15,49.404,
Plot Title: 5S1C,5655,6/19/26 08:30,50.819,
Plot Title: 5S1C,5656,6/19/26 08:45,52.401,
Plot Title: 5S1C,5657,6/19/26 09:00,52.925,
Plot Title: 5S1C,5658,6/19/26 09:15,53.973,
Plot Title: 5S1C,5659,6/19/26 09:30,57.614,
Plot Title: 5S1C,5660,6/19/26 09:45,62.254,
Plot Title: 5S1C,5661,6/19/26 10:00,65.338,
Plot Title: 5S1C,5662,6/19/26 10:15,64.481,
Plot Title: 5S1C,5663,6/19/26 10:30,63.797,
Plot Title: 5S1C,5664,6/19/26 10:45,63.797,
Plot Title: 5S1C,5665,6/19/26 11:00,63.282,
Plot Title: 5S1C,5666,6/19/26 11:15,64.652,
Plot Title: 5S1C,5667,6/19/26 11:30,69.793,
Plot Title: 5S1C,5668,6/19/26 11:45,68.763,
Plot Title: 5S1C,5669,6/19/26 12:00,75.832,
Plot Title: 5S1C,5670,6/19/26 12:15,78.098,
Plot Title: 5S1C,5671,6/19/26 12:30,72.199,
Plot Title: 5S1C,5672,6/19/26 12:45,68.421,
Plot Title: 5S1C,5673,6/19/26 13:00,66.193,
Plot Title: 5S1C,5674,6/19/26 13:15,65.167,
Plot Title: 5S1C,5675,6/19/26 13:30,65.338,
Plot Title: 5S1C,5676,6/19/26 13:45,65.509,
Plot Title: 5S1C,5677,6/19/26 14:00,66.193,
Plot Title: 5S1C,5678,6/19/26 14:15,65.851,
Plot Title: 5S1C,5679,6/19/26 14:30,65.167,
Plot Title: 5S1C,5680,6/19/26 14:45,65.509,
Plot Title: 5S1C,5681,6/19/26 15:00,66.022,
Plot Title: 5S1C,5682,6/19/26 15:15,66.366,
Plot Title: 5S1C,5683,6/19/26 15:30,65.851,
Plot Title: 5S1C,5684,6/19/26 15:45,65.851,
Plot Title: 5S1C,5685,6/19/26 16:00,65.851,
Plot Title: 5S1C,5686,6/19/26 16:15,65.338,
Plot Title: 5S1C,5687,6/19/26 16:30,65.68,
Plot Title: 5S1C,5688,6/19/26 16:45,68.763,
Plot Title: 5S1C,5689,6/19/26 17:00,68.934,
Plot Title: 5S1C,5690,6/19/26 17:15,67.05,
Plot Title: 5S1C,5691,6/19/26 17:30,65.68,
Plot Title: 5S1C,5692,6/19/26 17:45,64.652,
Plot Title: 5S1C,5693,6/19/26 18:00,63.626,
Plot Title: 5S1C,5694,6/19/26 18:15,62.769,
Plot Title: 5S1C,5695,6/19/26 18:30,62.425,
Plot Title: 5S1C,5696,6/19/26 18:45,62.254,
Plot Title: 5S1C,5697,6/19/26 19:00,61.741,
Plot Title: 5S1C,5698,6/19/26 19:15,61.398,
Plot Title: 5S1C,5699,6/19/26 19:30,60.712,
Plot Title: 5S1C,5700,6/19/26 19:45,60.024,
Plot Title: 5S1C,5701,6/19/26 20:00,59.508,
Plot Title: 5S1C,5702,6/19/26 20:15,58.82,
Plot Title: 5S1C,5703,6/19/26 20:30,58.476,
Plot Title: 5S1C,5704,6/19/26 20:45,58.131,
Plot Title: 5S1C,5705,6/19/26 21:00,57.614,
Plot Title: 5S1C,5706,6/19/26 21:15,57.096,
Plot Title: 5S1C,5707,6/19/26 21:30,56.75,
Plot Title: 5S1C,5708,6/19/26 21:45,56.404,
Plot Title: 5S1C,5709,6/19/26 22:00,56.057,
Plot Title: 5S1C,5710,6/19/26 22:15,55.537,
Plot Title: 5S1C,5711,6/19/26 22:30,55.364,
Plot Title: 5S1C,5712,6/19/26 22:45,55.017,
Plot Title: 5S1C,5713,6/19/26 23:00,54.842,
Plot Title: 5S1C,5714,6/19/26 23:15,54.842,
Plot Title: 5S1C,5715,6/19/26 23:30,54.842,
Plot Title: 5S1C,5716,6/19/26 23:45,54.669,
Plot Title: 5S1C,5717,6/20/26 00:00,54.495,
Plot Title: 5S1C,5718,6/20/26 00:15,54.669,
Plot Title: 5S1C,5719,6/20/26 00:30,54.669,
Plot Title: 5S1C,5720,6/20/26 00:45,54.495,
Plot Title: 5S1C,5721,6/20/26 01:00,54.322,
Plot Title: 5S1C,5722,6/20/26 01:15,54.322,
Plot Title: 5S1C,5723,6/20/26 01:30,54.322,
Plot Title: 5S1C,5724,6/20/26 01:45,54.322,
Plot Title: 5S1C,5725,6/20/26 02:00,54.147,
Plot Title: 5S1C,5726,6/20/26 02:15,54.147,
Plot Title: 5S1C,5727,6/20/26 02:30,54.147,
Plot Title: 5S1C,5728,6/20/26 02:45,54.147,
Plot Title: 5S1C,5729,6/20/26 03:00,54.147,
Plot Title: 5S1C,5730,6/20/26 03:15,53.973,
Plot Title: 5S1C,5731,6/20/26 03:30,53.973,
Plot Title: 5S1C,5732,6/20/26 03:45,53.973,
Plot Title: 5S1C,5733,6/20/26 04:00,53.973,
Plot Title: 5S1C,5734,6/20/26 04:15,53.973,
Plot Title: 5S1C,5735,6/20/26 04:30,53.798,
Plot Title: 5S1C,5736,6/20/26 04:45,53.449,
Plot Title: 5S1C,5737,6/20/26 05:00,53.1,
Plot Title: 5S1C,5738,6/20/26 05:15,52.925,
Plot Title: 5S1C,5739,6/20/26 05:30,53.1,
Plot Title: 5S1C,5740,6/20/26 05:45,52.925,
Plot Title: 5S1C,5741,6/20/26 06:00,52.925,
Plot Title: 5S1C,5742,6/20/26 06:15,52.925,
Plot Title: 5S1C,5743,6/20/26 06:30,53.1,
Plot Title: 5S1C,5744,6/20/26 06:45,53.274,
Plot Title: 5S1C,5745,6/20/26 07:00,53.623,
Plot Title: 5S1C,5746,6/20/26 07:15,53.973,
Plot Title: 5S1C,5747,6/20/26 07:30,53.973,
Plot Title: 5S1C,5748,6/20/26 07:45,53.973,
Plot Title: 5S1C,5749,6/20/26 08:00,53.973,
Plot Title: 5S1C,5750,6/20/26 08:15,54.147,
Plot Title: 5S1C,5751,6/20/26 08:30,54.495,
Plot Title: 5S1C,5752,6/20/26 08:45,54.322,
Plot Title: 5S1C,5753,6/20/26 09:00,54.147,
Plot Title: 5S1C,5754,6/20/26 09:15,54.322,
Plot Title: 5S1C,5755,6/20/26 09:30,54.322,
Plot Title: 5S1C,5756,6/20/26 09:45,54.495,
Plot Title: 5S1C,5757,6/20/26 10:00,54.495,
Plot Title: 5S1C,5758,6/20/26 10:15,55.364,
Plot Title: 5S1C,5759,6/20/26 10:30,55.711,
Plot Title: 5S1C,5760,6/20/26 10:45,56.057,
Plot Title: 5S1C,5761,6/20/26 11:00,56.577,
Plot Title: 5S1C,5762,6/20/26 11:15,56.923,
Plot Title: 5S1C,5763,6/20/26 11:30,58.303,
Plot Title: 5S1C,5764,6/20/26 11:45,58.131,
Plot Title: 5S1C,5765,6/20/26 12:00,57.268,
Plot Title: 5S1C,5766,6/20/26 12:15,56.923,
Plot Title: 5S1C,5767,6/20/26 12:30,56.923,
Plot Title: 5S1C,5768,6/20/26 12:45,57.096,
Plot Title: 5S1C,5769,6/20/26 13:00,57.441,
Plot Title: 5S1C,5770,6/20/26 13:15,58.476,
Plot Title: 5S1C,5771,6/20/26 13:30,59.337,
Plot Title: 5S1C,5772,6/20/26 13:45,60.024,
Plot Title: 5S1C,5773,6/20/26 14:00,60.883,
Plot Title: 5S1C,5774,6/20/26 14:15,60.539,
Plot Title: 5S1C,5775,6/20/26 14:30,59.851,
Plot Title: 5S1C,5776,6/20/26 14:45,59.851,
Plot Title: 5S1C,5777,6/20/26 15:00,59.164,
Plot Title: 5S1C,5778,6/20/26 15:15,57.958,
Plot Title: 5S1C,5779,6/20/26 15:30,56.75,
Plot Title: 5S1C,5780,6/20/26 15:45,55.884,
Plot Title: 5S1C,5781,6/20/26 16:00,55.017,
Plot Title: 5S1C,5782,6/20/26 16:15,54.322,
Plot Title: 5S1C,5783,6/20/26 16:30,53.973,
Plot Title: 5S1C,5784,6/20/26 16:45,53.798,
Plot Title: 5S1C,5785,6/20/26 17:00,53.449,
Plot Title: 5S1C,5786,6/20/26 17:15,53.1,
Plot Title: 5S1C,5787,6/20/26 17:30,52.75,
Plot Title: 5S1C,5788,6/20/26 17:45,52.401,
Plot Title: 5S1C,5789,6/20/26 18:00,52.05,
Plot Title: 5S1C,5790,6/20/26 18:15,51.874,
Plot Title: 5S1C,5791,6/20/26 18:30,51.699,
Plot Title: 5S1C,5792,6/20/26 18:45,51.699,
Plot Title: 5S1C,5793,6/20/26 19:00,51.874,
Plot Title: 5S1C,5794,6/20/26 19:15,51.699,
Plot Title: 5S1C,5795,6/20/26 19:30,51.699,
Plot Title: 5S1C,5796,6/20/26 19:45,51.523,
Plot Title: 5S1C,5797,6/20/26 20:00,51.346,
Plot Title: 5S1C,5798,6/20/26 20:15,51.346,
Plot Title: 5S1C,5799,6/20/26 20:30,51.172,
Plot Title: 5S1C,5800,6/20/26 20:45,51.172,
Plot Title: 5S1C,5801,6/20/26 21:00,50.995,
Plot Title: 5S1C,5802,6/20/26 21:15,50.819,
Plot Title: 5S1C,5803,6/20/26 21:30,50.819,
Plot Title: 5S1C,5804,6/20/26 21:45,50.643,
Plot Title: 5S1C,5805,6/20/26 22:00,50.466,
Plot Title: 5S1C,5806,6/20/26 22:15,50.466,
Plot Title: 5S1C,5807,6/20/26 22:30,50.29,
Plot Title: 5S1C,5808,6/20/26 22:45,50.29,
Plot Title: 5S1C,5809,6/20/26 23:00,50.113,
Plot Title: 5S1C,5810,6/20/26 23:15,49.937,
Plot Title: 5S1C,5811,6/20/26 23:30,49.759,
Plot Title: 5S1C,5812,6/20/26 23:45,49.582,
Plot Title: 5S1C,5813,6/21/26 00:00,49.582,
Plot Title: 5S1C,5814,6/21/26 00:15,49.404,
Plot Title: 5S1C,5815,6/21/26 00:30,49.228,
Plot Title: 5S1C,5816,6/21/26 00:45,49.228,
Plot Title: 5S1C,5817,6/21/26 01:00,49.228,
Plot Title: 5S1C,5818,6/21/26 01:15,49.228,
Plot Title: 5S1C,5819,6/21/26 01:30,49.228,
Plot Title: 5S1C,5820,6/21/26 01:45,49.404,
Plot Title: 5S1C,5821,6/21/26 02:00,49.404,
Plot Title: 5S1C,5822,6/21/26 02:15,49.404,
Plot Title: 5S1C,5823,6/21/26 02:30,49.404,
Plot Title: 5S1C,5824,6/21/26 02:45,49.228,
Plot Title: 5S1C,5825,6/21/26 03:00,49.05,
Plot Title: 5S1C,5826,6/21/26 03:15,49.05,
Plot Title: 5S1C,5827,6/21/26 03:30,48.871,
Plot Title: 5S1C,5828,6/21/26 03:45,49.05,
Plot Title: 5S1C,5829,6/21/26 04:00,49.05,
Plot Title: 5S1C,5830,6/21/26 04:15,48.871,
Plot Title: 5S1C,5831,6/21/26 04:30,48.871,
Plot Title: 5S1C,5832,6/21/26 04:45,48.871,
Plot Title: 5S1C,5833,6/21/26 05:00,48.871,
Plot Title: 5S1C,5834,6/21/26 05:15,48.871,
Plot Title: 5S1C,5835,6/21/26 05:30,48.695,
Plot Title: 5S1C,5836,6/21/26 05:45,48.695,
Plot Title: 5S1C,5837,6/21/26 06:00,48.695,
Plot Title: 5S1C,5838,6/21/26 06:15,48.517,
Plot Title: 5S1C,5839,6/21/26 06:30,48.517,
Plot Title: 5S1C,5840,6/21/26 06:45,48.695,
Plot Title: 5S1C,5841,6/21/26 07:00,48.871,
Plot Title: 5S1C,5842,6/21/26 07:15,49.228,
Plot Title: 5S1C,5843,6/21/26 07:30,49.759,
Plot Title: 5S1C,5844,6/21/26 07:45,50.113,
Plot Title: 5S1C,5845,6/21/26 08:00,50.643,
Plot Title: 5S1C,5846,6/21/26 08:15,51.172,
Plot Title: 5S1C,5847,6/21/26 08:30,51.346,
Plot Title: 5S1C,5848,6/21/26 08:45,52.05,
Plot Title: 5S1C,5849,6/21/26 09:00,52.576,
Plot Title: 5S1C,5850,6/21/26 09:15,53.274,
Plot Title: 5S1C,5851,6/21/26 09:30,57.958,
Plot Title: 5S1C,5852,6/21/26 09:45,60.368,
Plot Title: 5S1C,5853,6/21/26 10:00,61.569,
Plot Title: 5S1C,5854,6/21/26 10:15,67.05,
Plot Title: 5S1C,5855,6/21/26 10:30,70.308,
Plot Title: 5S1C,5856,6/21/26 10:45,72.891,
Plot Title: 5S1C,5857,6/21/26 11:00,76.006,
Plot Title: 5S1C,5858,6/21/26 11:15,77.4,
Plot Title: 5S1C,5859,6/21/26 11:30,78.274,
Plot Title: 5S1C,5860,6/21/26 11:45,79.151,
Plot Title: 5S1C,5861,6/21/26 12:00,81.09,
Plot Title: 5S1C,5862,6/21/26 12:15,84.115,
Plot Title: 5S1C,5863,6/21/26 12:30,77.574,
Plot Title: 5S1C,5864,6/21/26 12:45,70.48,
Plot Title: 5S1C,5865,6/21/26 13:00,67.221,
Plot Title: 5S1C,5866,6/21/26 13:15,64.996,
Plot Title: 5S1C,5867,6/21/26 13:30,63.968,
Plot Title: 5S1C,5868,6/21/26 13:45,63.455,
Plot Title: 5S1C,5869,6/21/26 14:00,63.111,
Plot Title: 5S1C,5870,6/21/26 14:15,62.598,
Plot Title: 5S1C,5871,6/21/26 14:30,62.254,
Plot Title: 5S1C,5872,6/21/26 14:45,61.741,
Plot Title: 5S1C,5873,6/21/26 15:00,61.912,
Plot Title: 5S1C,5874,6/21/26 15:15,62.598,
Plot Title: 5S1C,5875,6/21/26 15:30,62.083,
Plot Title: 5S1C,5876,6/21/26 15:45,61.569,
Plot Title: 5S1C,5877,6/21/26 16:00,61.741,
Plot Title: 5S1C,5878,6/21/26 16:15,61.569,
Plot Title: 5S1C,5879,6/21/26 16:30,60.712,
Plot Title: 5S1C,5880,6/21/26 16:45,63.797,
Plot Title: 5S1C,5881,6/21/26 17:00,63.455,
Plot Title: 5S1C,5882,6/21/26 17:15,61.741,
Plot Title: 5S1C,5883,6/21/26 17:30,60.539,
Plot Title: 5S1C,5884,6/21/26 17:45,60.195,
Plot Title: 5S1C,5885,6/21/26 18:00,59.851,
Plot Title: 5S1C,5886,6/21/26 18:15,59.68,
Plot Title: 5S1C,5887,6/21/26 18:30,59.337,
Plot Title: 5S1C,5888,6/21/26 18:45,59.164,
Plot Title: 5S1C,5889,6/21/26 19:00,58.993,
Plot Title: 5S1C,5890,6/21/26 19:15,58.647,
Plot Title: 5S1C,5891,6/21/26 19:30,58.476,
Plot Title: 5S1C,5892,6/21/26 19:45,58.476,
Plot Title: 5S1C,5893,6/21/26 20:00,58.131,
Plot Title: 5S1C,5894,6/21/26 20:15,57.614,
Plot Title: 5S1C,5895,6/21/26 20:30,57.268,
Plot Title: 5S1C,5896,6/21/26 20:45,56.75,
Plot Title: 5S1C,5897,6/21/26 21:00,56.404,
Plot Title: 5S1C,5898,6/21/26 21:15,56.057,
Plot Title: 5S1C,5899,6/21/26 21:30,55.884,
Plot Title: 5S1C,5900,6/21/26 21:45,55.711,
Plot Title: 5S1C,5901,6/21/26 22:00,55.017,
Plot Title: 5S1C,5902,6/21/26 22:15,54.322,
Plot Title: 5S1C,5903,6/21/26 22:30,53.623,
Plot Title: 5S1C,5904,6/21/26 22:45,53.1,
Plot Title: 5S1C,5905,6/21/26 23:00,52.75,
Plot Title: 5S1C,5906,6/21/26 23:15,52.401,
Plot Title: 5S1C,5907,6/21/26 23:30,52.05,
Plot Title: 5S1C,5908,6/21/26 23:45,51.874,
Plot Title: 5S1C,5909,6/22/26 00:00,51.523,
Plot Title: 5S1C,5910,6/22/26 00:15,51.172,
Plot Title: 5S1C,5911,6/22/26 00:30,50.819,
Plot Title: 5S1C,5912,6/22/26 00:45,50.643,
Plot Title: 5S1C,5913,6/22/26 01:00,50.29,
Plot Title: 5S1C,5914,6/22/26 01:15,50.113,
Plot Title: 5S1C,5915,6/22/26 01:30,49.937,
Plot Title: 5S1C,5916,6/22/26 01:45,49.759,
Plot Title: 5S1C,5917,6/22/26 02:00,49.582,
Plot Title: 5S1C,5918,6/22/26 02:15,49.404,
Plot Title: 5S1C,5919,6/22/26 02:30,49.404,
Plot Title: 5S1C,5920,6/22/26 02:45,49.228,
Plot Title: 5S1C,5921,6/22/26 03:00,49.05,
Plot Title: 5S1C,5922,6/22/26 03:15,48.871,
Plot Title: 5S1C,5923,6/22/26 03:30,48.871,
Plot Title: 5S1C,5924,6/22/26 03:45,48.695,
Plot Title: 5S1C,5925,6/22/26 04:00,48.517,
Plot Title: 5S1C,5926,6/22/26 04:15,48.517,
Plot Title: 5S1C,5927,6/22/26 04:30,48.339,
Plot Title: 5S1C,5928,6/22/26 04:45,48.339,
Plot Title: 5S1C,5929,6/22/26 05:00,48.339,
Plot Title: 5S1C,5930,6/22/26 05:15,48.339,
Plot Title: 5S1C,5931,6/22/26 05:30,48.339,
Plot Title: 5S1C,5932,6/22/26 05:45,48.339,
Plot Title: 5S1C,5933,6/22/26 06:00,48.16,
Plot Title: 5S1C,5934,6/22/26 06:15,48.339,
Plot Title: 5S1C,5935,6/22/26 06:30,48.339,
Plot Title: 5S1C,5936,6/22/26 06:45,48.339,
Plot Title: 5S1C,5937,6/22/26 07:00,48.517,
Plot Title: 5S1C,5938,6/22/26 07:15,48.871,
Plot Title: 5S1C,5939,6/22/26 07:30,48.871,
Plot Title: 5S1C,5940,6/22/26 07:45,49.05,
Plot Title: 5S1C,5941,6/22/26 08:00,49.228,
Plot Title: 5S1C,5942,6/22/26 08:15,49.759,
Plot Title: 5S1C,5943,6/22/26 08:30,50.29,
Plot Title: 5S1C,5944,6/22/26 08:45,50.995,
Plot Title: 5S1C,5945,6/22/26 09:00,51.523,
Plot Title: 5S1C,5946,6/22/26 09:15,52.225,
Plot Title: 5S1C,5947,6/22/26 09:30,56.404,
Plot Title: 5S1C,5948,6/22/26 09:45,62.254,
Plot Title: 5S1C,5949,6/22/26 10:00,66.022,
Plot Title: 5S1C,5950,6/22/26 10:15,68.592,
Plot Title: 5S1C,5951,6/22/26 10:30,70.651,
Plot Title: 5S1C,5952,6/22/26 10:45,72.718,
Plot Title: 5S1C,5953,6/22/26 11:00,74.791,
Plot Title: 5S1C,5954,6/22/26 11:15,69.278,
Plot Title: 5S1C,5955,6/22/26 11:30,69.278,
Plot Title: 5S1C,5956,6/22/26 11:45,78.449,
Plot Title: 5S1C,5957,6/22/26 12:00,82.508,
Plot Title: 5S1C,5958,6/22/26 12:15,84.295,
Plot Title: 5S1C,5959,6/22/26 12:30,77.574,
Plot Title: 5S1C,5960,6/22/26 12:45,71.168,
Plot Title: 5S1C,5961,6/22/26 13:00,68.077,
Plot Title: 5S1C,5962,6/22/26 13:15,66.193,
Plot Title: 5S1C,5963,6/22/26 13:30,65.167,
Plot Title: 5S1C,5964,6/22/26 13:45,64.825,
Plot Title: 5S1C,5965,6/22/26 14:00,64.139,
Plot Title: 5S1C,5966,6/22/26 14:15,63.968,
Plot Title: 5S1C,5967,6/22/26 14:30,63.626,
Plot Title: 5S1C,5968,6/22/26 14:45,63.111,
Plot Title: 5S1C,5969,6/22/26 15:00,63.111,
Plot Title: 5S1C,5970,6/22/26 15:15,62.769,
Plot Title: 5S1C,5971,6/22/26 15:30,62.254,
Plot Title: 5S1C,5972,6/22/26 15:45,62.254,
Plot Title: 5S1C,5973,6/22/26 16:00,61.912,
Plot Title: 5S1C,5974,6/22/26 16:15,61.741,
Plot Title: 5S1C,5975,6/22/26 16:30,62.254,
Plot Title: 5S1C,5976,6/22/26 16:45,65.509,
Plot Title: 5S1C,5977,6/22/26 17:00,64.825,
Plot Title: 5S1C,5978,6/22/26 17:15,62.769,
Plot Title: 5S1C,5979,6/22/26 17:30,61.741,
Plot Title: 5S1C,5980,6/22/26 17:45,60.712,
Plot Title: 5S1C,5981,6/22/26 18:00,59.68,
Plot Title: 5S1C,5982,6/22/26 18:15,58.82,
Plot Title: 5S1C,5983,6/22/26 18:30,58.131,
Plot Title: 5S1C,5984,6/22/26 18:45,57.441,
Plot Title: 5S1C,5985,6/22/26 19:00,57.096,
Plot Title: 5S1C,5986,6/22/26 19:15,56.923,
Plot Title: 5S1C,5987,6/22/26 19:30,56.75,
Plot Title: 5S1C,5988,6/22/26 19:45,56.577,
Plot Title: 5S1C,5989,6/22/26 20:00,56.23,
Plot Title: 5S1C,5990,6/22/26 20:15,55.711,
Plot Title: 5S1C,5991,6/22/26 20:30,55.364,
Plot Title: 5S1C,5992,6/22/26 20:45,54.842,
Plot Title: 5S1C,5993,6/22/26 21:00,54.495,
Plot Title: 5S1C,5994,6/22/26 21:15,54.147,
Plot Title: 5S1C,5995,6/22/26 21:30,53.798,
Plot Title: 5S1C,5996,6/22/26 21:45,53.274,
Plot Title: 5S1C,5997,6/22/26 22:00,52.75,
Plot Title: 5S1C,5998,6/22/26 22:15,52.225,
Plot Title: 5S1C,5999,6/22/26 22:30,51.699,
Plot Title: 5S1C,6000,6/22/26 22:45,51.346,
Plot Title: 5S1C,6001,6/22/26 23:00,50.995,
Plot Title: 5S1C,6002,6/22/26 23:15,50.643,
Plot Title: 5S1C,6003,6/22/26 23:30,50.466,
Plot Title: 5S1C,6004,6/22/26 23:45,50.113,
Plot Title: 5S1C,6005,6/23/26 00:00,49.759,
Plot Title: 5S1C,6006,6/23/26 00:15,49.582,
Plot Title: 5S1C,6007,6/23/26 00:30,49.228,
Plot Title: 5S1C,6008,6/23/26 00:45,49.05,
Plot Title: 5S1C,6009,6/23/26 01:00,48.695,
Plot Title: 5S1C,6010,6/23/26 01:15,48.517,
Plot Title: 5S1C,6011,6/23/26 01:30,48.16,
Plot Title: 5S1C,6012,6/23/26 01:45,47.982,
Plot Title: 5S1C,6013,6/23/26 02:00,47.802,
Plot Title: 5S1C,6014,6/23/26 02:15,47.624,
Plot Title: 5S1C,6015,6/23/26 02:30,47.266,
Plot Title: 5S1C,6016,6/23/26 02:45,47.088,
Plot Title: 5S1C,6017,6/23/26 03:00,46.908,
Plot Title: 5S1C,6018,6/23/26 03:15,46.728,
Plot Title: 5S1C,6019,6/23/26 03:30,46.548,
Plot Title: 5S1C,6020,6/23/26 03:45,46.369,
Plot Title: 5S1C,6021,6/23/26 04:00,46.188,
Plot Title: 5S1C,6022,6/23/26 04:15,46.188,
Plot Title: 5S1C,6023,6/23/26 04:30,46.008,
Plot Title: 5S1C,6024,6/23/26 04:45,45.828,
Plot Title: 5S1C,6025,6/23/26 05:00,45.648,
Plot Title: 5S1C,6026,6/23/26 05:15,45.466,
Plot Title: 5S1C,6027,6/23/26 05:30,45.466,
Plot Title: 5S1C,6028,6/23/26 05:45,45.286,
Plot Title: 5S1C,6029,6/23/26 06:00,45.104,
Plot Title: 5S1C,6030,6/23/26 06:15,45.104,
Plot Title: 5S1C,6031,6/23/26 06:30,45.104,
Plot Title: 5S1C,6032,6/23/26 06:45,45.104,
Plot Title: 5S1C,6033,6/23/26 07:00,45.286,
Plot Title: 5S1C,6034,6/23/26 07:15,45.286,
Plot Title: 5S1C,6035,6/23/26 07:30,45.648,
Plot Title: 5S1C,6036,6/23/26 07:45,46.008,
Plot Title: 5S1C,6037,6/23/26 08:00,46.369,
Plot Title: 5S1C,6038,6/23/26 08:15,46.908,
Plot Title: 5S1C,6039,6/23/26 08:30,47.266,
Plot Title: 5S1C,6040,6/23/26 08:45,47.802,
Plot Title: 5S1C,6041,6/23/26 09:00,48.339,
Plot Title: 5S1C,6042,6/23/26 09:15,49.228,
Plot Title: 5S1C,6043,6/23/26 09:30,55.189,
Plot Title: 5S1C,6044,6/23/26 09:45,61.398,
Plot Title: 5S1C,6045,6/23/26 10:00,64.652,
Plot Title: 5S1C,6046,6/23/26 10:15,67.05,
Plot Title: 5S1C,6047,6/23/26 10:30,69.278,
Plot Title: 5S1C,6048,6/23/26 10:45,71.683,
Plot Title: 5S1C,6049,6/23/26 11:00,75.139,
Plot Title: 5S1C,6050,6/23/26 11:15,79.502,
Plot Title: 5S1C,6051,6/23/26 11:30,83.935,
Plot Title: 5S1C,6052,6/23/26 11:45,88.282,
Plot Title: 5S1C,6053,6/23/26 12:00,91.425,
Plot Title: 5S1C,6054,6/23/26 12:15,92.737,
Plot Title: 5S1C,6055,6/23/26 12:30,83.757,
Plot Title: 5S1C,6056,6/23/26 12:45,74.791,
Plot Title: 5S1C,6057,6/23/26 13:00,70.651,
Plot Title: 5S1C,6058,6/23/26 13:15,67.906,
Plot Title: 5S1C,6059,6/23/26 13:30,66.366,
Plot Title: 5S1C,6060,6/23/26 13:45,65.509,
Plot Title: 5S1C,6061,6/23/26 14:00,64.31,
Plot Title: 5S1C,6062,6/23/26 14:15,63.626,
Plot Title: 5S1C,6063,6/23/26 14:30,63.111,
Plot Title: 5S1C,6064,6/23/26 14:45,64.139,
Plot Title: 5S1C,6065,6/23/26 15:00,64.139,
Plot Title: 5S1C,6066,6/23/26 15:15,64.31,
Plot Title: 5S1C,6067,6/23/26 15:30,63.282,
Plot Title: 5S1C,6068,6/23/26 15:45,62.769,
Plot Title: 5S1C,6069,6/23/26 16:00,62.598,
Plot Title: 5S1C,6070,6/23/26 16:15,62.083,
Plot Title: 5S1C,6071,6/23/26 16:30,62.425,
Plot Title: 5S1C,6072,6/23/26 16:45,66.022,
Plot Title: 5S1C,6073,6/23/26 17:00,65.338,
Plot Title: 5S1C,6074,6/23/26 17:15,63.111,
Plot Title: 5S1C,6075,6/23/26 17:30,61.912,
Plot Title: 5S1C,6076,6/23/26 17:45,61.054,
Plot Title: 5S1C,6077,6/23/26 18:00,60.539,
Plot Title: 5S1C,6078,6/23/26 18:15,60.024,
Plot Title: 5S1C,6079,6/23/26 18:30,59.508,
Plot Title: 5S1C,6080,6/23/26 18:45,58.993,
Plot Title: 5S1C,6081,6/23/26 19:00,58.476,
Plot Title: 5S1C,6082,6/23/26 19:15,57.958,
Plot Title: 5S1C,6083,6/23/26 19:30,57.441,
Plot Title: 5S1C,6084,6/23/26 19:45,57.096,
Plot Title: 5S1C,6085,6/23/26 20:00,56.75,
Plot Title: 5S1C,6086,6/23/26 20:15,56.404,
Plot Title: 5S1C,6087,6/23/26 20:30,56.057,
Plot Title: 5S1C,6088,6/23/26 20:45,55.711,
Plot Title: 5S1C,6089,6/23/26 21:00,55.364,
Plot Title: 5S1C,6090,6/23/26 21:15,54.842,
Plot Title: 5S1C,6091,6/23/26 21:30,54.669,
Plot Title: 5S1C,6092,6/23/26 21:45,54.322,
Plot Title: 5S1C,6093,6/23/26 22:00,54.147,
Plot Title: 5S1C,6094,6/23/26 22:15,53.798,
Plot Title: 5S1C,6095,6/23/26 22:30,53.449,
Plot Title: 5S1C,6096,6/23/26 22:45,53.274,
Plot Title: 5S1C,6097,6/23/26 23:00,52.925,
Plot Title: 5S1C,6098,6/23/26 23:15,52.75,
Plot Title: 5S1C,6099,6/23/26 23:30,52.576,
Plot Title: 5S1C,6100,6/23/26 23:45,52.225,
Plot Title: 5S1C,6101,6/24/26 00:00,52.05,
Plot Title: 5S1C,6102,6/24/26 00:15,51.874,
Plot Title: 5S1C,6103,6/24/26 00:30,51.699,
Plot Title: 5S1C,6104,6/24/26 00:45,51.346,
Plot Title: 5S1C,6105,6/24/26 01:00,51.346,
Plot Title: 5S1C,6106,6/24/26 01:15,51.346,
Plot Title: 5S1C,6107,6/24/26 01:30,51.346,
Plot Title: 5S1C,6108,6/24/26 01:45,51.346,
Plot Title: 5S1C,6109,6/24/26 02:00,51.172,
Plot Title: 5S1C,6110,6/24/26 02:15,50.995,
Plot Title: 5S1C,6111,6/24/26 02:30,50.819,
Plot Title: 5S1C,6112,6/24/26 02:45,50.643,
Plot Title: 5S1C,6113,6/24/26 03:00,50.466,
Plot Title: 5S1C,6114,6/24/26 03:15,50.29,
Plot Title: 5S1C,6115,6/24/26 03:30,50.113,
Plot Title: 5S1C,6116,6/24/26 03:45,49.937,
Plot Title: 5S1C,6117,6/24/26 04:00,49.937,
Plot Title: 5S1C,6118,6/24/26 04:15,49.759,
Plot Title: 5S1C,6119,6/24/26 04:30,49.582,
Plot Title: 5S1C,6120,6/24/26 04:45,49.404,
Plot Title: 5S1C,6121,6/24/26 05:00,49.404,
Plot Title: 5S1C,6122,6/24/26 05:15,49.404,
Plot Title: 5S1C,6123,6/24/26 05:30,49.404,
Plot Title: 5S1C,6124,6/24/26 05:45,48.871,
Plot Title: 5S1C,6125,6/24/26 06:00,48.695,
Plot Title: 5S1C,6126,6/24/26 06:15,48.517,
Plot Title: 5S1C,6127,6/24/26 06:30,48.339,
Plot Title: 5S1C,6128,6/24/26 06:45,48.16,
Plot Title: 5S1C,6129,6/24/26 07:00,48.339,
Plot Title: 5S1C,6130,6/24/26 07:15,48.339,
Plot Title: 5S1C,6131,6/24/26 07:30,48.517,
Plot Title: 5S1C,6132,6/24/26 07:45,48.695,
Plot Title: 5S1C,6133,6/24/26 08:00,49.228,
Plot Title: 5S1C,6134,6/24/26 08:15,50.29,
Plot Title: 5S1C,6135,6/24/26 08:30,51.172,
Plot Title: 5S1C,6136,6/24/26 08:45,51.346,
Plot Title: 5S1C,6137,6/24/26 09:00,51.874,
Plot Title: 5S1C,6138,6/24/26 09:15,52.75,
Plot Title: 5S1C,6139,6/24/26 09:30,59.337,
Plot Title: 5S1C,6140,6/24/26 09:45,64.996,
Plot Title: 5S1C,6141,6/24/26 10:00,68.077,
Plot Title: 5S1C,6142,6/24/26 10:15,70.651,
Plot Title: 5S1C,6143,6/24/26 10:30,73.407,
Plot Title: 5S1C,6144,6/24/26 10:45,76.006,
Plot Title: 5S1C,6145,6/24/26 11:00,79.678,
Plot Title: 5S1C,6146,6/24/26 11:15,84.115,
Plot Title: 5S1C,6147,6/24/26 11:30,89.017,
Plot Title: 5S1C,6148,6/24/26 11:45,94.062,
Plot Title: 5S1C,6149,6/24/26 12:00,98.897,
Plot Title: 5S1C,6150,6/24/26 12:15,102.088,
Plot Title: 5S1C,6151,6/24/26 12:30,92.926,
Plot Title: 5S1C,6152,6/24/26 12:45,82.33,
Plot Title: 5S1C,6153,6/24/26 13:00,77.225,
Plot Title: 5S1C,6154,6/24/26 13:15,74.271,
Plot Title: 5S1C,6155,6/24/26 13:30,72.718,
Plot Title: 5S1C,6156,6/24/26 13:45,71.683,
Plot Title: 5S1C,6157,6/24/26 14:00,70.995,
Plot Title: 5S1C,6158,6/24/26 14:15,70.651,
Plot Title: 5S1C,6159,6/24/26 14:30,70.48,
Plot Title: 5S1C,6160,6/24/26 14:45,70.651,
Plot Title: 5S1C,6161,6/24/26 15:00,70.137,
Plot Title: 5S1C,6162,6/24/26 15:15,69.278,
Plot Title: 5S1C,6163,6/24/26 15:30,68.592,
Plot Title: 5S1C,6164,6/24/26 15:45,68.592,
Plot Title: 5S1C,6165,6/24/26 16:00,67.906,
Plot Title: 5S1C,6166,6/24/26 16:15,67.735,
Plot Title: 5S1C,6167,6/24/26 16:30,67.05,
Plot Title: 5S1C,6168,6/24/26 16:45,68.248,
Plot Title: 5S1C,6169,6/24/26 17:00,67.906,
Plot Title: 5S1C,6170,6/24/26 17:15,66.879,
Plot Title: 5S1C,6171,6/24/26 17:30,66.022,
Plot Title: 5S1C,6172,6/24/26 17:45,65.338,
Plot Title: 5S1C,6173,6/24/26 18:00,64.825,
Plot Title: 5S1C,6174,6/24/26 18:15,64.139,
Plot Title: 5S1C,6175,6/24/26 18:30,63.626,
Plot Title: 5S1C,6176,6/24/26 18:45,63.282,
Plot Title: 5S1C,6177,6/24/26 19:00,62.769,
Plot Title: 5S1C,6178,6/24/26 19:15,62.254,
Plot Title: 5S1C,6179,6/24/26 19:30,61.569,
Plot Title: 5S1C,6180,6/24/26 19:45,61.054,
Plot Title: 5S1C,6181,6/24/26 20:00,60.539,
Plot Title: 5S1C,6182,6/24/26 20:15,60.368,
Plot Title: 5S1C,6183,6/24/26 20:30,60.195,
Plot Title: 5S1C,6184,6/24/26 20:45,59.68,
Plot Title: 5S1C,6185,6/24/26 21:00,59.337,
Plot Title: 5S1C,6186,6/24/26 21:15,58.82,
Plot Title: 5S1C,6187,6/24/26 21:30,58.476,
Plot Title: 5S1C,6188,6/24/26 21:45,58.131,
Plot Title: 5S1C,6189,6/24/26 22:00,57.958,
Plot Title: 5S1C,6190,6/24/26 22:15,57.441,
Plot Title: 5S1C,6191,6/24/26 22:30,57.096,
Plot Title: 5S1C,6192,6/24/26 22:45,56.923,
Plot Title: 5S1C,6193,6/24/26 23:00,56.577,
Plot Title: 5S1C,6194,6/24/26 23:15,56.404,
Plot Title: 5S1C,6195,6/24/26 23:30,56.23,
Plot Title: 5S1C,6196,6/24/26 23:45,56.23,
Plot Title: 5S1C,6197,6/25/26 00:00,56.057,
Plot Title: 5S1C,6198,6/25/26 00:15,55.711,
Plot Title: 5S1C,6199,6/25/26 00:30,55.364,
Plot Title: 5S1C,6200,6/25/26 00:45,55.189,
Plot Title: 5S1C,6201,6/25/26 01:00,55.189,
Plot Title: 5S1C,6202,6/25/26 01:15,55.364,
Plot Title: 5S1C,6203,6/25/26 01:30,55.364,
Plot Title: 5S1C,6204,6/25/26 01:45,55.189,
Plot Title: 5S1C,6205,6/25/26 02:00,55.189,
Plot Title: 5S1C,6206,6/25/26 02:15,55.017,
Plot Title: 5S1C,6207,6/25/26 02:30,54.495,
Plot Title: 5S1C,6208,6/25/26 02:45,54.147,
Plot Title: 5S1C,6209,6/25/26 03:00,53.973,
Plot Title: 5S1C,6210,6/25/26 03:15,53.798,
Plot Title: 5S1C,6211,6/25/26 03:30,53.449,
Plot Title: 5S1C,6212,6/25/26 03:45,52.925,
Plot Title: 5S1C,6213,6/25/26 04:00,52.75,
Plot Title: 5S1C,6214,6/25/26 04:15,52.576,
Plot Title: 5S1C,6215,6/25/26 04:30,52.401,
Plot Title: 5S1C,6216,6/25/26 04:45,52.225,
Plot Title: 5S1C,6217,6/25/26 05:00,52.225,
Plot Title: 5S1C,6218,6/25/26 05:15,52.401,
Plot Title: 5S1C,6219,6/25/26 05:30,52.401,
Plot Title: 5S1C,6220,6/25/26 05:45,52.225,
Plot Title: 5S1C,6221,6/25/26 06:00,52.05,
Plot Title: 5S1C,6222,6/25/26 06:15,51.874,
Plot Title: 5S1C,6223,6/25/26 06:30,51.874,
Plot Title: 5S1C,6224,6/25/26 06:45,52.05,
Plot Title: 5S1C,6225,6/25/26 07:00,52.225,
Plot Title: 5S1C,6226,6/25/26 07:15,52.225,
Plot Title: 5S1C,6227,6/25/26 07:30,52.225,
Plot Title: 5S1C,6228,6/25/26 07:45,52.576,
Plot Title: 5S1C,6229,6/25/26 08:00,52.925,
Plot Title: 5S1C,6230,6/25/26 08:15,52.75,
Plot Title: 5S1C,6231,6/25/26 08:30,52.925,
Plot Title: 5S1C,6232,6/25/26 08:45,52.925,
Plot Title: 5S1C,6233,6/25/26 09:00,53.274,
Plot Title: 5S1C,6234,6/25/26 09:15,53.274,
Plot Title: 5S1C,6235,6/25/26 09:30,53.1,Logged