Plot Title: 5S2G,#,"Date Time, GMT-06:00","Temp, °F (LGR S/N: 10608563, SEN S/N: 10608563, LBL: 5S2G)",Good Battery (LGR S/N: 10608563),End Of File (LGR S/N: 10608563)
Plot Title: 5S2G,1,4/20/26 10:00,54.669,Logged,
Plot Title: 5S2G,2,4/20/26 10:15,57.614,,
Plot Title: 5S2G,3,4/20/26 10:30,58.993,,
Plot Title: 5S2G,4,4/20/26 10:45,78.098,,
Plot Title: 5S2G,5,4/20/26 11:00,88.099,,
Plot Title: 5S2G,6,4/20/26 11:15,94.253,,
Plot Title: 5S2G,7,4/20/26 11:30,81.797,,
Plot Title: 5S2G,8,4/20/26 11:45,74.619,,
Plot Title: 5S2G,9,4/20/26 12:00,72.028,,
Plot Title: 5S2G,10,4/20/26 12:15,69.964,,
Plot Title: 5S2G,11,4/20/26 12:30,69.793,,
Plot Title: 5S2G,12,4/20/26 12:45,70.137,,
Plot Title: 5S2G,13,4/20/26 13:00,54.495,,
Plot Title: 5S2G,14,4/20/26 13:15,47.982,,
Plot Title: 5S2G,15,4/20/26 13:30,46.908,,
Plot Title: 5S2G,16,4/20/26 13:45,46.548,,
Plot Title: 5S2G,17,4/20/26 14:00,46.188,,
Plot Title: 5S2G,18,4/20/26 14:15,46.008,,
Plot Title: 5S2G,19,4/20/26 14:30,45.828,,
Plot Title: 5S2G,20,4/20/26 14:45,45.828,,
Plot Title: 5S2G,21,4/20/26 15:00,45.648,,
Plot Title: 5S2G,22,4/20/26 15:15,45.648,,
Plot Title: 5S2G,23,4/20/26 15:30,45.466,,
Plot Title: 5S2G,24,4/20/26 15:45,45.286,,
Plot Title: 5S2G,25,4/20/26 16:00,45.648,,
Plot Title: 5S2G,26,4/20/26 16:15,45.648,,
Plot Title: 5S2G,27,4/20/26 16:30,45.648,,
Plot Title: 5S2G,28,4/20/26 16:45,45.466,,
Plot Title: 5S2G,29,4/20/26 17:00,45.466,,
Plot Title: 5S2G,30,4/20/26 17:15,45.466,,
Plot Title: 5S2G,31,4/20/26 17:30,45.828,,
Plot Title: 5S2G,32,4/20/26 17:45,46.008,,
Plot Title: 5S2G,33,4/20/26 18:00,45.828,,
Plot Title: 5S2G,34,4/20/26 18:15,45.466,,
Plot Title: 5S2G,35,4/20/26 18:30,45.286,,
Plot Title: 5S2G,36,4/20/26 18:45,45.104,,
Plot Title: 5S2G,37,4/20/26 19:00,44.922,,
Plot Title: 5S2G,38,4/20/26 19:15,44.742,,
Plot Title: 5S2G,39,4/20/26 19:30,44.56,,
Plot Title: 5S2G,40,4/20/26 19:45,44.195,,
Plot Title: 5S2G,41,4/20/26 20:00,44.013,,
Plot Title: 5S2G,42,4/20/26 20:15,43.648,,
Plot Title: 5S2G,43,4/20/26 20:30,43.282,,
Plot Title: 5S2G,44,4/20/26 20:45,43.099,,
Plot Title: 5S2G,45,4/20/26 21:00,42.732,,
Plot Title: 5S2G,46,4/20/26 21:15,42.548,,
Plot Title: 5S2G,47,4/20/26 21:30,42.179,,
Plot Title: 5S2G,48,4/20/26 21:45,41.994,,
Plot Title: 5S2G,49,4/20/26 22:00,41.81,,
Plot Title: 5S2G,50,4/20/26 22:15,41.439,,
Plot Title: 5S2G,51,4/20/26 22:30,41.254,,
Plot Title: 5S2G,52,4/20/26 22:45,41.067,,
Plot Title: 5S2G,53,4/20/26 23:00,41.067,,
Plot Title: 5S2G,54,4/20/26 23:15,40.881,,
Plot Title: 5S2G,55,4/20/26 23:30,40.696,,
Plot Title: 5S2G,56,4/20/26 23:45,40.696,,
Plot Title: 5S2G,57,4/21/26 00:00,40.509,,
Plot Title: 5S2G,58,4/21/26 00:15,40.321,,
Plot Title: 5S2G,59,4/21/26 00:30,40.134,,
Plot Title: 5S2G,60,4/21/26 00:45,39.947,,
Plot Title: 5S2G,61,4/21/26 01:00,39.76,,
Plot Title: 5S2G,62,4/21/26 01:15,39.573,,
Plot Title: 5S2G,63,4/21/26 01:30,39.573,,
Plot Title: 5S2G,64,4/21/26 01:45,39.384,,
Plot Title: 5S2G,65,4/21/26 02:00,39.196,,
Plot Title: 5S2G,66,4/21/26 02:15,39.196,,
Plot Title: 5S2G,67,4/21/26 02:30,39.007,,
Plot Title: 5S2G,68,4/21/26 02:45,38.818,,
Plot Title: 5S2G,69,4/21/26 03:00,38.629,,
Plot Title: 5S2G,70,4/21/26 03:15,38.44,,
Plot Title: 5S2G,71,4/21/26 03:30,38.44,,
Plot Title: 5S2G,72,4/21/26 03:45,38.25,,
Plot Title: 5S2G,73,4/21/26 04:00,38.061,,
Plot Title: 5S2G,74,4/21/26 04:15,37.87,,
Plot Title: 5S2G,75,4/21/26 04:30,37.679,,
Plot Title: 5S2G,76,4/21/26 04:45,37.679,,
Plot Title: 5S2G,77,4/21/26 05:00,37.488,,
Plot Title: 5S2G,78,4/21/26 05:15,37.297,,
Plot Title: 5S2G,79,4/21/26 05:30,37.107,,
Plot Title: 5S2G,80,4/21/26 05:45,37.107,,
Plot Title: 5S2G,81,4/21/26 06:00,36.914,,
Plot Title: 5S2G,82,4/21/26 06:15,36.914,,
Plot Title: 5S2G,83,4/21/26 06:30,36.723,,
Plot Title: 5S2G,84,4/21/26 06:45,36.723,,
Plot Title: 5S2G,85,4/21/26 07:00,36.723,,
Plot Title: 5S2G,86,4/21/26 07:15,36.723,,
Plot Title: 5S2G,87,4/21/26 07:30,36.914,,
Plot Title: 5S2G,88,4/21/26 07:45,36.914,,
Plot Title: 5S2G,89,4/21/26 08:00,37.488,,
Plot Title: 5S2G,90,4/21/26 08:15,38.061,,
Plot Title: 5S2G,91,4/21/26 08:30,40.696,,
Plot Title: 5S2G,92,4/21/26 08:45,42.548,,
Plot Title: 5S2G,93,4/21/26 09:00,44.013,,
Plot Title: 5S2G,94,4/21/26 09:15,45.466,,
Plot Title: 5S2G,95,4/21/26 09:30,46.188,,
Plot Title: 5S2G,96,4/21/26 09:45,45.648,,
Plot Title: 5S2G,97,4/21/26 10:00,45.286,,
Plot Title: 5S2G,98,4/21/26 10:15,45.104,,
Plot Title: 5S2G,99,4/21/26 10:30,45.104,,
Plot Title: 5S2G,100,4/21/26 10:45,45.466,,
Plot Title: 5S2G,101,4/21/26 11:00,46.008,,
Plot Title: 5S2G,102,4/21/26 11:15,46.188,,
Plot Title: 5S2G,103,4/21/26 11:30,47.088,,
Plot Title: 5S2G,104,4/21/26 11:45,50.995,,
Plot Title: 5S2G,105,4/21/26 12:00,51.523,,
Plot Title: 5S2G,106,4/21/26 12:15,50.643,,
Plot Title: 5S2G,107,4/21/26 12:30,50.113,,
Plot Title: 5S2G,108,4/21/26 12:45,50.29,,
Plot Title: 5S2G,109,4/21/26 13:00,50.643,,
Plot Title: 5S2G,110,4/21/26 13:15,50.29,,
Plot Title: 5S2G,111,4/21/26 13:30,50.643,,
Plot Title: 5S2G,112,4/21/26 13:45,50.643,,
Plot Title: 5S2G,113,4/21/26 14:00,50.466,,
Plot Title: 5S2G,114,4/21/26 14:15,50.29,,
Plot Title: 5S2G,115,4/21/26 14:30,50.29,,
Plot Title: 5S2G,116,4/21/26 14:45,50.466,,
Plot Title: 5S2G,117,4/21/26 15:00,50.466,,
Plot Title: 5S2G,118,4/21/26 15:15,50.29,,
Plot Title: 5S2G,119,4/21/26 15:30,50.29,,
Plot Title: 5S2G,120,4/21/26 15:45,50.29,,
Plot Title: 5S2G,121,4/21/26 16:00,50.29,,
Plot Title: 5S2G,122,4/21/26 16:15,49.937,,
Plot Title: 5S2G,123,4/21/26 16:30,49.759,,
Plot Title: 5S2G,124,4/21/26 16:45,49.582,,
Plot Title: 5S2G,125,4/21/26 17:00,49.228,,
Plot Title: 5S2G,126,4/21/26 17:15,49.228,,
Plot Title: 5S2G,127,4/21/26 17:30,49.05,,
Plot Title: 5S2G,128,4/21/26 17:45,49.05,,
Plot Title: 5S2G,129,4/21/26 18:00,48.871,,
Plot Title: 5S2G,130,4/21/26 18:15,48.695,,
Plot Title: 5S2G,131,4/21/26 18:30,48.695,,
Plot Title: 5S2G,132,4/21/26 18:45,48.517,,
Plot Title: 5S2G,133,4/21/26 19:00,48.339,,
Plot Title: 5S2G,134,4/21/26 19:15,48.16,,
Plot Title: 5S2G,135,4/21/26 19:30,48.16,,
Plot Title: 5S2G,136,4/21/26 19:45,47.802,,
Plot Title: 5S2G,137,4/21/26 20:00,47.446,,
Plot Title: 5S2G,138,4/21/26 20:15,46.908,,
Plot Title: 5S2G,139,4/21/26 20:30,46.548,,
Plot Title: 5S2G,140,4/21/26 20:45,46.188,,
Plot Title: 5S2G,141,4/21/26 21:00,45.828,,
Plot Title: 5S2G,142,4/21/26 21:15,45.466,,
Plot Title: 5S2G,143,4/21/26 21:30,45.286,,
Plot Title: 5S2G,144,4/21/26 21:45,44.922,,
Plot Title: 5S2G,145,4/21/26 22:00,44.56,,
Plot Title: 5S2G,146,4/21/26 22:15,44.379,,
Plot Title: 5S2G,147,4/21/26 22:30,44.013,,
Plot Title: 5S2G,148,4/21/26 22:45,43.831,,
Plot Title: 5S2G,149,4/21/26 23:00,43.648,,
Plot Title: 5S2G,150,4/21/26 23:15,43.466,,
Plot Title: 5S2G,151,4/21/26 23:30,43.466,,
Plot Title: 5S2G,152,4/21/26 23:45,43.466,,
Plot Title: 5S2G,153,4/22/26 00:00,43.466,,
Plot Title: 5S2G,154,4/22/26 00:15,43.466,,
Plot Title: 5S2G,155,4/22/26 00:30,43.466,,
Plot Title: 5S2G,156,4/22/26 00:45,43.466,,
Plot Title: 5S2G,157,4/22/26 01:00,43.466,,
Plot Title: 5S2G,158,4/22/26 01:15,43.466,,
Plot Title: 5S2G,159,4/22/26 01:30,43.466,,
Plot Title: 5S2G,160,4/22/26 01:45,43.466,,
Plot Title: 5S2G,161,4/22/26 02:00,43.282,,
Plot Title: 5S2G,162,4/22/26 02:15,43.282,,
Plot Title: 5S2G,163,4/22/26 02:30,43.099,,
Plot Title: 5S2G,164,4/22/26 02:45,42.915,,
Plot Title: 5S2G,165,4/22/26 03:00,42.732,,
Plot Title: 5S2G,166,4/22/26 03:15,42.548,,
Plot Title: 5S2G,167,4/22/26 03:30,42.363,,
Plot Title: 5S2G,168,4/22/26 03:45,42.179,,
Plot Title: 5S2G,169,4/22/26 04:00,41.994,,
Plot Title: 5S2G,170,4/22/26 04:15,41.81,,
Plot Title: 5S2G,171,4/22/26 04:30,41.81,,
Plot Title: 5S2G,172,4/22/26 04:45,41.625,,
Plot Title: 5S2G,173,4/22/26 05:00,41.439,,
Plot Title: 5S2G,174,4/22/26 05:15,41.254,,
Plot Title: 5S2G,175,4/22/26 05:30,41.067,,
Plot Title: 5S2G,176,4/22/26 05:45,41.067,,
Plot Title: 5S2G,177,4/22/26 06:00,40.881,,
Plot Title: 5S2G,178,4/22/26 06:15,40.696,,
Plot Title: 5S2G,179,4/22/26 06:30,40.696,,
Plot Title: 5S2G,180,4/22/26 06:45,40.696,,
Plot Title: 5S2G,181,4/22/26 07:00,40.696,,
Plot Title: 5S2G,182,4/22/26 07:15,40.696,,
Plot Title: 5S2G,183,4/22/26 07:30,41.067,,
Plot Title: 5S2G,184,4/22/26 07:45,41.625,,
Plot Title: 5S2G,185,4/22/26 08:00,41.994,,
Plot Title: 5S2G,186,4/22/26 08:15,43.282,,
Plot Title: 5S2G,187,4/22/26 08:30,47.088,,
Plot Title: 5S2G,188,4/22/26 08:45,50.466,,
Plot Title: 5S2G,189,4/22/26 09:00,52.925,,
Plot Title: 5S2G,190,4/22/26 09:15,54.842,,
Plot Title: 5S2G,191,4/22/26 09:30,54.495,,
Plot Title: 5S2G,192,4/22/26 09:45,51.874,,
Plot Title: 5S2G,193,4/22/26 10:00,49.937,,
Plot Title: 5S2G,194,4/22/26 10:15,48.871,,
Plot Title: 5S2G,195,4/22/26 10:30,48.339,,
Plot Title: 5S2G,196,4/22/26 10:45,47.982,,
Plot Title: 5S2G,197,4/22/26 11:00,47.982,,
Plot Title: 5S2G,198,4/22/26 11:15,47.266,,
Plot Title: 5S2G,199,4/22/26 11:30,47.624,,
Plot Title: 5S2G,200,4/22/26 11:45,51.346,,
Plot Title: 5S2G,201,4/22/26 12:00,51.874,,
Plot Title: 5S2G,202,4/22/26 12:15,50.819,,
Plot Title: 5S2G,203,4/22/26 12:30,50.819,,
Plot Title: 5S2G,204,4/22/26 12:45,50.29,,
Plot Title: 5S2G,205,4/22/26 13:00,49.228,,
Plot Title: 5S2G,206,4/22/26 13:15,48.339,,
Plot Title: 5S2G,207,4/22/26 13:30,48.695,,
Plot Title: 5S2G,208,4/22/26 13:45,48.695,,
Plot Title: 5S2G,209,4/22/26 14:00,48.517,,
Plot Title: 5S2G,210,4/22/26 14:15,47.624,,
Plot Title: 5S2G,211,4/22/26 14:30,46.908,,
Plot Title: 5S2G,212,4/22/26 14:45,46.369,,
Plot Title: 5S2G,213,4/22/26 15:00,45.828,,
Plot Title: 5S2G,214,4/22/26 15:15,45.466,,
Plot Title: 5S2G,215,4/22/26 15:30,45.466,,
Plot Title: 5S2G,216,4/22/26 15:45,44.922,,
Plot Title: 5S2G,217,4/22/26 16:00,44.56,,
Plot Title: 5S2G,218,4/22/26 16:15,44.56,,
Plot Title: 5S2G,219,4/22/26 16:30,45.104,,
Plot Title: 5S2G,220,4/22/26 16:45,45.648,,
Plot Title: 5S2G,221,4/22/26 17:00,45.648,,
Plot Title: 5S2G,222,4/22/26 17:15,45.648,,
Plot Title: 5S2G,223,4/22/26 17:30,45.104,,
Plot Title: 5S2G,224,4/22/26 17:45,44.742,,
Plot Title: 5S2G,225,4/22/26 18:00,44.56,,
Plot Title: 5S2G,226,4/22/26 18:15,44.56,,
Plot Title: 5S2G,227,4/22/26 18:30,44.379,,
Plot Title: 5S2G,228,4/22/26 18:45,44.379,,
Plot Title: 5S2G,229,4/22/26 19:00,43.831,,
Plot Title: 5S2G,230,4/22/26 19:15,43.466,,
Plot Title: 5S2G,231,4/22/26 19:30,43.099,,
Plot Title: 5S2G,232,4/22/26 19:45,42.732,,
Plot Title: 5S2G,233,4/22/26 20:00,42.548,,
Plot Title: 5S2G,234,4/22/26 20:15,42.548,,
Plot Title: 5S2G,235,4/22/26 20:30,42.179,,
Plot Title: 5S2G,236,4/22/26 20:45,42.179,,
Plot Title: 5S2G,237,4/22/26 21:00,41.994,,
Plot Title: 5S2G,238,4/22/26 21:15,41.994,,
Plot Title: 5S2G,239,4/22/26 21:30,41.625,,
Plot Title: 5S2G,240,4/22/26 21:45,41.439,,
Plot Title: 5S2G,241,4/22/26 22:00,41.254,,
Plot Title: 5S2G,242,4/22/26 22:15,41.254,,
Plot Title: 5S2G,243,4/22/26 22:30,41.067,,
Plot Title: 5S2G,244,4/22/26 22:45,40.881,,
Plot Title: 5S2G,245,4/22/26 23:00,40.881,,
Plot Title: 5S2G,246,4/22/26 23:15,40.696,,
Plot Title: 5S2G,247,4/22/26 23:30,40.696,,
Plot Title: 5S2G,248,4/22/26 23:45,40.509,,
Plot Title: 5S2G,249,4/23/26 00:00,40.509,,
Plot Title: 5S2G,250,4/23/26 00:15,40.321,,
Plot Title: 5S2G,251,4/23/26 00:30,40.134,,
Plot Title: 5S2G,252,4/23/26 00:45,39.947,,
Plot Title: 5S2G,253,4/23/26 01:00,39.76,,
Plot Title: 5S2G,254,4/23/26 01:15,39.76,,
Plot Title: 5S2G,255,4/23/26 01:30,39.573,,
Plot Title: 5S2G,256,4/23/26 01:45,39.573,,
Plot Title: 5S2G,257,4/23/26 02:00,39.573,,
Plot Title: 5S2G,258,4/23/26 02:15,39.384,,
Plot Title: 5S2G,259,4/23/26 02:30,39.384,,
Plot Title: 5S2G,260,4/23/26 02:45,39.196,,
Plot Title: 5S2G,261,4/23/26 03:00,39.007,,
Plot Title: 5S2G,262,4/23/26 03:15,38.818,,
Plot Title: 5S2G,263,4/23/26 03:30,38.25,,
Plot Title: 5S2G,264,4/23/26 03:45,37.488,,
Plot Title: 5S2G,265,4/23/26 04:00,37.297,,
Plot Title: 5S2G,266,4/23/26 04:15,37.488,,
Plot Title: 5S2G,267,4/23/26 04:30,37.679,,
Plot Title: 5S2G,268,4/23/26 04:45,37.87,,
Plot Title: 5S2G,269,4/23/26 05:00,37.87,,
Plot Title: 5S2G,270,4/23/26 05:15,37.679,,
Plot Title: 5S2G,271,4/23/26 05:30,37.488,,
Plot Title: 5S2G,272,4/23/26 05:45,37.488,,
Plot Title: 5S2G,273,4/23/26 06:00,37.679,,
Plot Title: 5S2G,274,4/23/26 06:15,37.679,,
Plot Title: 5S2G,275,4/23/26 06:30,37.679,,
Plot Title: 5S2G,276,4/23/26 06:45,37.488,,
Plot Title: 5S2G,277,4/23/26 07:00,37.488,,
Plot Title: 5S2G,278,4/23/26 07:15,37.679,,
Plot Title: 5S2G,279,4/23/26 07:30,37.87,,
Plot Title: 5S2G,280,4/23/26 07:45,37.87,,
Plot Title: 5S2G,281,4/23/26 08:00,38.061,,
Plot Title: 5S2G,282,4/23/26 08:15,39.196,,
Plot Title: 5S2G,283,4/23/26 08:30,42.915,,
Plot Title: 5S2G,284,4/23/26 08:45,45.828,,
Plot Title: 5S2G,285,4/23/26 09:00,47.982,,
Plot Title: 5S2G,286,4/23/26 09:15,48.695,,
Plot Title: 5S2G,287,4/23/26 09:30,46.728,,
Plot Title: 5S2G,288,4/23/26 09:45,45.286,,
Plot Title: 5S2G,289,4/23/26 10:00,44.922,,
Plot Title: 5S2G,290,4/23/26 10:15,44.742,,
Plot Title: 5S2G,291,4/23/26 10:30,44.56,,
Plot Title: 5S2G,292,4/23/26 10:45,44.379,,
Plot Title: 5S2G,293,4/23/26 11:00,43.648,,
Plot Title: 5S2G,294,4/23/26 11:15,43.099,,
Plot Title: 5S2G,295,4/23/26 11:30,43.282,,
Plot Title: 5S2G,296,4/23/26 11:45,43.099,,
Plot Title: 5S2G,297,4/23/26 12:00,41.994,,
Plot Title: 5S2G,298,4/23/26 12:15,40.134,,
Plot Title: 5S2G,299,4/23/26 12:30,39.384,,
Plot Title: 5S2G,300,4/23/26 12:45,39.007,,
Plot Title: 5S2G,301,4/23/26 13:00,38.061,,
Plot Title: 5S2G,302,4/23/26 13:15,37.679,,
Plot Title: 5S2G,303,4/23/26 13:30,37.488,,
Plot Title: 5S2G,304,4/23/26 13:45,37.679,,
Plot Title: 5S2G,305,4/23/26 14:00,37.488,,
Plot Title: 5S2G,306,4/23/26 14:15,37.488,,
Plot Title: 5S2G,307,4/23/26 14:30,37.488,,
Plot Title: 5S2G,308,4/23/26 14:45,37.488,,
Plot Title: 5S2G,309,4/23/26 15:00,37.297,,
Plot Title: 5S2G,310,4/23/26 15:15,37.297,,
Plot Title: 5S2G,311,4/23/26 15:30,37.297,,
Plot Title: 5S2G,312,4/23/26 15:45,37.297,,
Plot Title: 5S2G,313,4/23/26 16:00,37.107,,
Plot Title: 5S2G,314,4/23/26 16:15,37.107,,
Plot Title: 5S2G,315,4/23/26 16:30,37.107,,
Plot Title: 5S2G,316,4/23/26 16:45,37.107,,
Plot Title: 5S2G,317,4/23/26 17:00,37.107,,
Plot Title: 5S2G,318,4/23/26 17:15,37.107,,
Plot Title: 5S2G,319,4/23/26 17:30,36.914,,
Plot Title: 5S2G,320,4/23/26 17:45,36.723,,
Plot Title: 5S2G,321,4/23/26 18:00,36.531,,
Plot Title: 5S2G,322,4/23/26 18:15,36.531,,
Plot Title: 5S2G,323,4/23/26 18:30,36.531,,
Plot Title: 5S2G,324,4/23/26 18:45,36.531,,
Plot Title: 5S2G,325,4/23/26 19:00,36.531,,
Plot Title: 5S2G,326,4/23/26 19:15,36.531,,
Plot Title: 5S2G,327,4/23/26 19:30,36.531,,
Plot Title: 5S2G,328,4/23/26 19:45,36.531,,
Plot Title: 5S2G,329,4/23/26 20:00,36.531,,
Plot Title: 5S2G,330,4/23/26 20:15,36.531,,
Plot Title: 5S2G,331,4/23/26 20:30,36.531,,
Plot Title: 5S2G,332,4/23/26 20:45,36.531,,
Plot Title: 5S2G,333,4/23/26 21:00,36.531,,
Plot Title: 5S2G,334,4/23/26 21:15,36.531,,
Plot Title: 5S2G,335,4/23/26 21:30,36.531,,
Plot Title: 5S2G,336,4/23/26 21:45,36.338,,
Plot Title: 5S2G,337,4/23/26 22:00,36.338,,
Plot Title: 5S2G,338,4/23/26 22:15,36.338,,
Plot Title: 5S2G,339,4/23/26 22:30,36.338,,
Plot Title: 5S2G,340,4/23/26 22:45,36.338,,
Plot Title: 5S2G,341,4/23/26 23:00,36.338,,
Plot Title: 5S2G,342,4/23/26 23:15,36.145,,
Plot Title: 5S2G,343,4/23/26 23:30,36.145,,
Plot Title: 5S2G,344,4/23/26 23:45,36.145,,
Plot Title: 5S2G,345,4/24/26 00:00,36.145,,
Plot Title: 5S2G,346,4/24/26 00:15,35.951,,
Plot Title: 5S2G,347,4/24/26 00:30,35.951,,
Plot Title: 5S2G,348,4/24/26 00:45,35.951,,
Plot Title: 5S2G,349,4/24/26 01:00,35.951,,
Plot Title: 5S2G,350,4/24/26 01:15,35.951,,
Plot Title: 5S2G,351,4/24/26 01:30,35.758,,
Plot Title: 5S2G,352,4/24/26 01:45,35.758,,
Plot Title: 5S2G,353,4/24/26 02:00,35.758,,
Plot Title: 5S2G,354,4/24/26 02:15,35.758,,
Plot Title: 5S2G,355,4/24/26 02:30,35.758,,
Plot Title: 5S2G,356,4/24/26 02:45,35.758,,
Plot Title: 5S2G,357,4/24/26 03:00,35.758,,
Plot Title: 5S2G,358,4/24/26 03:15,35.758,,
Plot Title: 5S2G,359,4/24/26 03:30,35.564,,
Plot Title: 5S2G,360,4/24/26 03:45,35.564,,
Plot Title: 5S2G,361,4/24/26 04:00,35.37,,
Plot Title: 5S2G,362,4/24/26 04:15,35.564,,
Plot Title: 5S2G,363,4/24/26 04:30,35.37,,
Plot Title: 5S2G,364,4/24/26 04:45,35.37,,
Plot Title: 5S2G,365,4/24/26 05:00,35.37,,
Plot Title: 5S2G,366,4/24/26 05:15,35.37,,
Plot Title: 5S2G,367,4/24/26 05:30,35.37,,
Plot Title: 5S2G,368,4/24/26 05:45,35.37,,
Plot Title: 5S2G,369,4/24/26 06:00,35.37,,
Plot Title: 5S2G,370,4/24/26 06:15,35.37,,
Plot Title: 5S2G,371,4/24/26 06:30,35.175,,
Plot Title: 5S2G,372,4/24/26 06:45,35.175,,
Plot Title: 5S2G,373,4/24/26 07:00,35.175,,
Plot Title: 5S2G,374,4/24/26 07:15,35.175,,
Plot Title: 5S2G,375,4/24/26 07:30,35.175,,
Plot Title: 5S2G,376,4/24/26 07:45,35.175,,
Plot Title: 5S2G,377,4/24/26 08:00,35.175,,
Plot Title: 5S2G,378,4/24/26 08:15,35.175,,
Plot Title: 5S2G,379,4/24/26 08:30,35.175,,
Plot Title: 5S2G,380,4/24/26 08:45,35.175,,
Plot Title: 5S2G,381,4/24/26 09:00,35.175,,
Plot Title: 5S2G,382,4/24/26 09:15,35.37,,
Plot Title: 5S2G,383,4/24/26 09:30,35.175,,
Plot Title: 5S2G,384,4/24/26 09:45,35.37,,
Plot Title: 5S2G,385,4/24/26 10:00,35.37,,
Plot Title: 5S2G,386,4/24/26 10:15,35.175,,
Plot Title: 5S2G,387,4/24/26 10:30,35.175,,
Plot Title: 5S2G,388,4/24/26 10:45,35.175,,
Plot Title: 5S2G,389,4/24/26 11:00,35.37,,
Plot Title: 5S2G,390,4/24/26 11:15,35.175,,
Plot Title: 5S2G,391,4/24/26 11:30,35.175,,
Plot Title: 5S2G,392,4/24/26 11:45,35.175,,
Plot Title: 5S2G,393,4/24/26 12:00,35.175,,
Plot Title: 5S2G,394,4/24/26 12:15,35.175,,
Plot Title: 5S2G,395,4/24/26 12:30,35.175,,
Plot Title: 5S2G,396,4/24/26 12:45,35.175,,
Plot Title: 5S2G,397,4/24/26 13:00,35.175,,
Plot Title: 5S2G,398,4/24/26 13:15,35.175,,
Plot Title: 5S2G,399,4/24/26 13:30,35.175,,
Plot Title: 5S2G,400,4/24/26 13:45,35.175,,
Plot Title: 5S2G,401,4/24/26 14:00,35.175,,
Plot Title: 5S2G,402,4/24/26 14:15,35.175,,
Plot Title: 5S2G,403,4/24/26 14:30,35.175,,
Plot Title: 5S2G,404,4/24/26 14:45,35.175,,
Plot Title: 5S2G,405,4/24/26 15:00,35.175,,
Plot Title: 5S2G,406,4/24/26 15:15,35.175,,
Plot Title: 5S2G,407,4/24/26 15:30,35.175,,
Plot Title: 5S2G,408,4/24/26 15:45,35.175,,
Plot Title: 5S2G,409,4/24/26 16:00,35.175,,
Plot Title: 5S2G,410,4/24/26 16:15,35.175,,
Plot Title: 5S2G,411,4/24/26 16:30,35.175,,
Plot Title: 5S2G,412,4/24/26 16:45,35.175,,
Plot Title: 5S2G,413,4/24/26 17:00,35.175,,
Plot Title: 5S2G,414,4/24/26 17:15,35.175,,
Plot Title: 5S2G,415,4/24/26 17:30,35.175,,
Plot Title: 5S2G,416,4/24/26 17:45,34.981,,
Plot Title: 5S2G,417,4/24/26 18:00,34.981,,
Plot Title: 5S2G,418,4/24/26 18:15,34.981,,
Plot Title: 5S2G,419,4/24/26 18:30,34.981,,
Plot Title: 5S2G,420,4/24/26 18:45,34.981,,
Plot Title: 5S2G,421,4/24/26 19:00,34.981,,
Plot Title: 5S2G,422,4/24/26 19:15,34.981,,
Plot Title: 5S2G,423,4/24/26 19:30,34.981,,
Plot Title: 5S2G,424,4/24/26 19:45,34.981,,
Plot Title: 5S2G,425,4/24/26 20:00,34.981,,
Plot Title: 5S2G,426,4/24/26 20:15,34.981,,
Plot Title: 5S2G,427,4/24/26 20:30,34.981,,
Plot Title: 5S2G,428,4/24/26 20:45,34.981,,
Plot Title: 5S2G,429,4/24/26 21:00,34.981,,
Plot Title: 5S2G,430,4/24/26 21:15,34.981,,
Plot Title: 5S2G,431,4/24/26 21:30,34.786,,
Plot Title: 5S2G,432,4/24/26 21:45,34.786,,
Plot Title: 5S2G,433,4/24/26 22:00,34.786,,
Plot Title: 5S2G,434,4/24/26 22:15,34.786,,
Plot Title: 5S2G,435,4/24/26 22:30,34.786,,
Plot Title: 5S2G,436,4/24/26 22:45,34.786,,
Plot Title: 5S2G,437,4/24/26 23:00,34.786,,
Plot Title: 5S2G,438,4/24/26 23:15,34.786,,
Plot Title: 5S2G,439,4/24/26 23:30,34.786,,
Plot Title: 5S2G,440,4/24/26 23:45,34.786,,
Plot Title: 5S2G,441,4/25/26 00:00,34.786,,
Plot Title: 5S2G,442,4/25/26 00:15,34.786,,
Plot Title: 5S2G,443,4/25/26 00:30,34.786,,
Plot Title: 5S2G,444,4/25/26 00:45,34.786,,
Plot Title: 5S2G,445,4/25/26 01:00,34.786,,
Plot Title: 5S2G,446,4/25/26 01:15,34.786,,
Plot Title: 5S2G,447,4/25/26 01:30,34.786,,
Plot Title: 5S2G,448,4/25/26 01:45,34.786,,
Plot Title: 5S2G,449,4/25/26 02:00,34.786,,
Plot Title: 5S2G,450,4/25/26 02:15,34.786,,
Plot Title: 5S2G,451,4/25/26 02:30,34.786,,
Plot Title: 5S2G,452,4/25/26 02:45,34.786,,
Plot Title: 5S2G,453,4/25/26 03:00,34.786,,
Plot Title: 5S2G,454,4/25/26 03:15,34.786,,
Plot Title: 5S2G,455,4/25/26 03:30,34.786,,
Plot Title: 5S2G,456,4/25/26 03:45,34.786,,
Plot Title: 5S2G,457,4/25/26 04:00,34.786,,
Plot Title: 5S2G,458,4/25/26 04:15,34.786,,
Plot Title: 5S2G,459,4/25/26 04:30,34.786,,
Plot Title: 5S2G,460,4/25/26 04:45,34.786,,
Plot Title: 5S2G,461,4/25/26 05:00,34.786,,
Plot Title: 5S2G,462,4/25/26 05:15,34.786,,
Plot Title: 5S2G,463,4/25/26 05:30,34.59,,
Plot Title: 5S2G,464,4/25/26 05:45,34.59,,
Plot Title: 5S2G,465,4/25/26 06:00,34.59,,
Plot Title: 5S2G,466,4/25/26 06:15,34.59,,
Plot Title: 5S2G,467,4/25/26 06:30,34.59,,
Plot Title: 5S2G,468,4/25/26 06:45,34.59,,
Plot Title: 5S2G,469,4/25/26 07:00,34.59,,
Plot Title: 5S2G,470,4/25/26 07:15,34.59,,
Plot Title: 5S2G,471,4/25/26 07:30,34.59,,
Plot Title: 5S2G,472,4/25/26 07:45,34.59,,
Plot Title: 5S2G,473,4/25/26 08:00,34.59,,
Plot Title: 5S2G,474,4/25/26 08:15,34.59,,
Plot Title: 5S2G,475,4/25/26 08:30,34.59,,
Plot Title: 5S2G,476,4/25/26 08:45,34.59,,
Plot Title: 5S2G,477,4/25/26 09:00,34.59,,
Plot Title: 5S2G,478,4/25/26 09:15,34.786,,
Plot Title: 5S2G,479,4/25/26 09:30,34.786,,
Plot Title: 5S2G,480,4/25/26 09:45,34.786,,
Plot Title: 5S2G,481,4/25/26 10:00,34.786,,
Plot Title: 5S2G,482,4/25/26 10:15,34.786,,
Plot Title: 5S2G,483,4/25/26 10:30,34.786,,
Plot Title: 5S2G,484,4/25/26 10:45,34.786,,
Plot Title: 5S2G,485,4/25/26 11:00,34.786,,
Plot Title: 5S2G,486,4/25/26 11:15,34.786,,
Plot Title: 5S2G,487,4/25/26 11:30,34.786,,
Plot Title: 5S2G,488,4/25/26 11:45,35.175,,
Plot Title: 5S2G,489,4/25/26 12:00,35.37,,
Plot Title: 5S2G,490,4/25/26 12:15,35.37,,
Plot Title: 5S2G,491,4/25/26 12:30,35.37,,
Plot Title: 5S2G,492,4/25/26 12:45,35.37,,
Plot Title: 5S2G,493,4/25/26 13:00,35.37,,
Plot Title: 5S2G,494,4/25/26 13:15,35.37,,
Plot Title: 5S2G,495,4/25/26 13:30,35.37,,
Plot Title: 5S2G,496,4/25/26 13:45,35.37,,
Plot Title: 5S2G,497,4/25/26 14:00,35.564,,
Plot Title: 5S2G,498,4/25/26 14:15,35.564,,
Plot Title: 5S2G,499,4/25/26 14:30,35.758,,
Plot Title: 5S2G,500,4/25/26 14:45,35.758,,
Plot Title: 5S2G,501,4/25/26 15:00,35.951,,
Plot Title: 5S2G,502,4/25/26 15:15,36.145,,
Plot Title: 5S2G,503,4/25/26 15:30,36.338,,
Plot Title: 5S2G,504,4/25/26 15:45,36.531,,
Plot Title: 5S2G,505,4/25/26 16:00,36.531,,
Plot Title: 5S2G,506,4/25/26 16:15,36.531,,
Plot Title: 5S2G,507,4/25/26 16:30,36.145,,
Plot Title: 5S2G,508,4/25/26 16:45,36.338,,
Plot Title: 5S2G,509,4/25/26 17:00,36.145,,
Plot Title: 5S2G,510,4/25/26 17:15,35.37,,
Plot Title: 5S2G,511,4/25/26 17:30,35.37,,
Plot Title: 5S2G,512,4/25/26 17:45,35.37,,
Plot Title: 5S2G,513,4/25/26 18:00,35.37,,
Plot Title: 5S2G,514,4/25/26 18:15,35.37,,
Plot Title: 5S2G,515,4/25/26 18:30,35.37,,
Plot Title: 5S2G,516,4/25/26 18:45,35.37,,
Plot Title: 5S2G,517,4/25/26 19:00,35.37,,
Plot Title: 5S2G,518,4/25/26 19:15,35.37,,
Plot Title: 5S2G,519,4/25/26 19:30,35.175,,
Plot Title: 5S2G,520,4/25/26 19:45,34.981,,
Plot Title: 5S2G,521,4/25/26 20:00,34.981,,
Plot Title: 5S2G,522,4/25/26 20:15,34.786,,
Plot Title: 5S2G,523,4/25/26 20:30,34.786,,
Plot Title: 5S2G,524,4/25/26 20:45,34.59,,
Plot Title: 5S2G,525,4/25/26 21:00,34.59,,
Plot Title: 5S2G,526,4/25/26 21:15,34.59,,
Plot Title: 5S2G,527,4/25/26 21:30,34.394,,
Plot Title: 5S2G,528,4/25/26 21:45,34.198,,
Plot Title: 5S2G,529,4/25/26 22:00,34.198,,
Plot Title: 5S2G,530,4/25/26 22:15,34.002,,
Plot Title: 5S2G,531,4/25/26 22:30,34.002,,
Plot Title: 5S2G,532,4/25/26 22:45,34.002,,
Plot Title: 5S2G,533,4/25/26 23:00,33.805,,
Plot Title: 5S2G,534,4/25/26 23:15,33.805,,
Plot Title: 5S2G,535,4/25/26 23:30,33.805,,
Plot Title: 5S2G,536,4/25/26 23:45,33.805,,
Plot Title: 5S2G,537,4/26/26 00:00,33.805,,
Plot Title: 5S2G,538,4/26/26 00:15,33.805,,
Plot Title: 5S2G,539,4/26/26 00:30,33.607,,
Plot Title: 5S2G,540,4/26/26 00:45,33.607,,
Plot Title: 5S2G,541,4/26/26 01:00,33.607,,
Plot Title: 5S2G,542,4/26/26 01:15,33.607,,
Plot Title: 5S2G,543,4/26/26 01:30,33.607,,
Plot Title: 5S2G,544,4/26/26 01:45,33.607,,
Plot Title: 5S2G,545,4/26/26 02:00,33.607,,
Plot Title: 5S2G,546,4/26/26 02:15,33.607,,
Plot Title: 5S2G,547,4/26/26 02:30,33.411,,
Plot Title: 5S2G,548,4/26/26 02:45,33.411,,
Plot Title: 5S2G,549,4/26/26 03:00,33.411,,
Plot Title: 5S2G,550,4/26/26 03:15,33.411,,
Plot Title: 5S2G,551,4/26/26 03:30,33.411,,
Plot Title: 5S2G,552,4/26/26 03:45,33.411,,
Plot Title: 5S2G,553,4/26/26 04:00,33.411,,
Plot Title: 5S2G,554,4/26/26 04:15,33.213,,
Plot Title: 5S2G,555,4/26/26 04:30,33.213,,
Plot Title: 5S2G,556,4/26/26 04:45,33.213,,
Plot Title: 5S2G,557,4/26/26 05:00,33.213,,
Plot Title: 5S2G,558,4/26/26 05:15,33.213,,
Plot Title: 5S2G,559,4/26/26 05:30,33.213,,
Plot Title: 5S2G,560,4/26/26 05:45,33.013,,
Plot Title: 5S2G,561,4/26/26 06:00,33.013,,
Plot Title: 5S2G,562,4/26/26 06:15,33.013,,
Plot Title: 5S2G,563,4/26/26 06:30,33.013,,
Plot Title: 5S2G,564,4/26/26 06:45,33.013,,
Plot Title: 5S2G,565,4/26/26 07:00,32.815,,
Plot Title: 5S2G,566,4/26/26 07:15,32.815,,
Plot Title: 5S2G,567,4/26/26 07:30,32.815,,
Plot Title: 5S2G,568,4/26/26 07:45,32.815,,
Plot Title: 5S2G,569,4/26/26 08:00,32.815,,
Plot Title: 5S2G,570,4/26/26 08:15,32.815,,
Plot Title: 5S2G,571,4/26/26 08:30,33.013,,
Plot Title: 5S2G,572,4/26/26 08:45,33.013,,
Plot Title: 5S2G,573,4/26/26 09:00,33.013,,
Plot Title: 5S2G,574,4/26/26 09:15,33.013,,
Plot Title: 5S2G,575,4/26/26 09:30,33.013,,
Plot Title: 5S2G,576,4/26/26 09:45,33.013,,
Plot Title: 5S2G,577,4/26/26 10:00,33.013,,
Plot Title: 5S2G,578,4/26/26 10:15,33.013,,
Plot Title: 5S2G,579,4/26/26 10:30,33.213,,
Plot Title: 5S2G,580,4/26/26 10:45,33.213,,
Plot Title: 5S2G,581,4/26/26 11:00,33.213,,
Plot Title: 5S2G,582,4/26/26 11:15,33.213,,
Plot Title: 5S2G,583,4/26/26 11:30,33.213,,
Plot Title: 5S2G,584,4/26/26 11:45,33.213,,
Plot Title: 5S2G,585,4/26/26 12:00,33.213,,
Plot Title: 5S2G,586,4/26/26 12:15,33.213,,
Plot Title: 5S2G,587,4/26/26 12:30,33.411,,
Plot Title: 5S2G,588,4/26/26 12:45,33.411,,
Plot Title: 5S2G,589,4/26/26 13:00,33.411,,
Plot Title: 5S2G,590,4/26/26 13:15,33.607,,
Plot Title: 5S2G,591,4/26/26 13:30,34.002,,
Plot Title: 5S2G,592,4/26/26 13:45,34.198,,
Plot Title: 5S2G,593,4/26/26 14:00,34.394,,
Plot Title: 5S2G,594,4/26/26 14:15,34.59,,
Plot Title: 5S2G,595,4/26/26 14:30,34.981,,
Plot Title: 5S2G,596,4/26/26 14:45,35.37,,
Plot Title: 5S2G,597,4/26/26 15:00,35.564,,
Plot Title: 5S2G,598,4/26/26 15:15,35.758,,
Plot Title: 5S2G,599,4/26/26 15:30,35.564,,
Plot Title: 5S2G,600,4/26/26 15:45,35.758,,
Plot Title: 5S2G,601,4/26/26 16:00,35.951,,
Plot Title: 5S2G,602,4/26/26 16:15,35.951,,
Plot Title: 5S2G,603,4/26/26 16:30,35.951,,
Plot Title: 5S2G,604,4/26/26 16:45,36.145,,
Plot Title: 5S2G,605,4/26/26 17:00,36.145,,
Plot Title: 5S2G,606,4/26/26 17:15,35.951,,
Plot Title: 5S2G,607,4/26/26 17:30,35.758,,
Plot Title: 5S2G,608,4/26/26 17:45,35.758,,
Plot Title: 5S2G,609,4/26/26 18:00,35.758,,
Plot Title: 5S2G,610,4/26/26 18:15,35.564,,
Plot Title: 5S2G,611,4/26/26 18:30,35.37,,
Plot Title: 5S2G,612,4/26/26 18:45,35.175,,
Plot Title: 5S2G,613,4/26/26 19:00,34.981,,
Plot Title: 5S2G,614,4/26/26 19:15,34.786,,
Plot Title: 5S2G,615,4/26/26 19:30,34.59,,
Plot Title: 5S2G,616,4/26/26 19:45,34.59,,
Plot Title: 5S2G,617,4/26/26 20:00,34.394,,
Plot Title: 5S2G,618,4/26/26 20:15,34.198,,
Plot Title: 5S2G,619,4/26/26 20:30,34.002,,
Plot Title: 5S2G,620,4/26/26 20:45,33.805,,
Plot Title: 5S2G,621,4/26/26 21:00,33.805,,
Plot Title: 5S2G,622,4/26/26 21:15,33.805,,
Plot Title: 5S2G,623,4/26/26 21:30,33.805,,
Plot Title: 5S2G,624,4/26/26 21:45,33.607,,
Plot Title: 5S2G,625,4/26/26 22:00,33.607,,
Plot Title: 5S2G,626,4/26/26 22:15,33.607,,
Plot Title: 5S2G,627,4/26/26 22:30,33.607,,
Plot Title: 5S2G,628,4/26/26 22:45,33.607,,
Plot Title: 5S2G,629,4/26/26 23:00,33.411,,
Plot Title: 5S2G,630,4/26/26 23:15,33.411,,
Plot Title: 5S2G,631,4/26/26 23:30,33.411,,
Plot Title: 5S2G,632,4/26/26 23:45,33.411,,
Plot Title: 5S2G,633,4/27/26 00:00,33.411,,
Plot Title: 5S2G,634,4/27/26 00:15,33.411,,
Plot Title: 5S2G,635,4/27/26 00:30,33.411,,
Plot Title: 5S2G,636,4/27/26 00:45,33.411,,
Plot Title: 5S2G,637,4/27/26 01:00,33.411,,
Plot Title: 5S2G,638,4/27/26 01:15,33.411,,
Plot Title: 5S2G,639,4/27/26 01:30,33.411,,
Plot Title: 5S2G,640,4/27/26 01:45,33.213,,
Plot Title: 5S2G,641,4/27/26 02:00,33.213,,
Plot Title: 5S2G,642,4/27/26 02:15,33.213,,
Plot Title: 5S2G,643,4/27/26 02:30,33.213,,
Plot Title: 5S2G,644,4/27/26 02:45,33.213,,
Plot Title: 5S2G,645,4/27/26 03:00,33.213,,
Plot Title: 5S2G,646,4/27/26 03:15,33.213,,
Plot Title: 5S2G,647,4/27/26 03:30,33.213,,
Plot Title: 5S2G,648,4/27/26 03:45,33.013,,
Plot Title: 5S2G,649,4/27/26 04:00,33.013,,
Plot Title: 5S2G,650,4/27/26 04:15,33.013,,
Plot Title: 5S2G,651,4/27/26 04:30,33.013,,
Plot Title: 5S2G,652,4/27/26 04:45,33.013,,
Plot Title: 5S2G,653,4/27/26 05:00,33.013,,
Plot Title: 5S2G,654,4/27/26 05:15,33.013,,
Plot Title: 5S2G,655,4/27/26 05:30,33.013,,
Plot Title: 5S2G,656,4/27/26 05:45,32.815,,
Plot Title: 5S2G,657,4/27/26 06:00,32.815,,
Plot Title: 5S2G,658,4/27/26 06:15,32.815,,
Plot Title: 5S2G,659,4/27/26 06:30,32.815,,
Plot Title: 5S2G,660,4/27/26 06:45,32.815,,
Plot Title: 5S2G,661,4/27/26 07:00,32.815,,
Plot Title: 5S2G,662,4/27/26 07:15,32.815,,
Plot Title: 5S2G,663,4/27/26 07:30,32.815,,
Plot Title: 5S2G,664,4/27/26 07:45,32.815,,
Plot Title: 5S2G,665,4/27/26 08:00,32.815,,
Plot Title: 5S2G,666,4/27/26 08:15,32.815,,
Plot Title: 5S2G,667,4/27/26 08:30,32.815,,
Plot Title: 5S2G,668,4/27/26 08:45,33.013,,
Plot Title: 5S2G,669,4/27/26 09:00,33.013,,
Plot Title: 5S2G,670,4/27/26 09:15,33.013,,
Plot Title: 5S2G,671,4/27/26 09:30,33.013,,
Plot Title: 5S2G,672,4/27/26 09:45,33.013,,
Plot Title: 5S2G,673,4/27/26 10:00,33.013,,
Plot Title: 5S2G,674,4/27/26 10:15,33.013,,
Plot Title: 5S2G,675,4/27/26 10:30,33.013,,
Plot Title: 5S2G,676,4/27/26 10:45,33.213,,
Plot Title: 5S2G,677,4/27/26 11:00,33.213,,
Plot Title: 5S2G,678,4/27/26 11:15,33.411,,
Plot Title: 5S2G,679,4/27/26 11:30,33.607,,
Plot Title: 5S2G,680,4/27/26 11:45,34.002,,
Plot Title: 5S2G,681,4/27/26 12:00,34.981,,
Plot Title: 5S2G,682,4/27/26 12:15,36.914,,
Plot Title: 5S2G,683,4/27/26 12:30,37.87,,
Plot Title: 5S2G,684,4/27/26 12:45,37.87,,
Plot Title: 5S2G,685,4/27/26 13:00,37.87,,
Plot Title: 5S2G,686,4/27/26 13:15,38.061,,
Plot Title: 5S2G,687,4/27/26 13:30,38.25,,
Plot Title: 5S2G,688,4/27/26 13:45,38.25,,
Plot Title: 5S2G,689,4/27/26 14:00,38.061,,
Plot Title: 5S2G,690,4/27/26 14:15,38.061,,
Plot Title: 5S2G,691,4/27/26 14:30,38.25,,
Plot Title: 5S2G,692,4/27/26 14:45,38.25,,
Plot Title: 5S2G,693,4/27/26 15:00,38.44,,
Plot Title: 5S2G,694,4/27/26 15:15,38.44,,
Plot Title: 5S2G,695,4/27/26 15:30,38.061,,
Plot Title: 5S2G,696,4/27/26 15:45,38.061,,
Plot Title: 5S2G,697,4/27/26 16:00,37.87,,
Plot Title: 5S2G,698,4/27/26 16:15,37.297,,
Plot Title: 5S2G,699,4/27/26 16:30,37.107,,
Plot Title: 5S2G,700,4/27/26 16:45,36.338,,
Plot Title: 5S2G,701,4/27/26 17:00,36.145,,
Plot Title: 5S2G,702,4/27/26 17:15,35.758,,
Plot Title: 5S2G,703,4/27/26 17:30,35.564,,
Plot Title: 5S2G,704,4/27/26 17:45,35.37,,
Plot Title: 5S2G,705,4/27/26 18:00,35.175,,
Plot Title: 5S2G,706,4/27/26 18:15,35.175,,
Plot Title: 5S2G,707,4/27/26 18:30,34.981,,
Plot Title: 5S2G,708,4/27/26 18:45,34.981,,
Plot Title: 5S2G,709,4/27/26 19:00,34.981,,
Plot Title: 5S2G,710,4/27/26 19:15,34.981,,
Plot Title: 5S2G,711,4/27/26 19:30,34.786,,
Plot Title: 5S2G,712,4/27/26 19:45,34.59,,
Plot Title: 5S2G,713,4/27/26 20:00,34.394,,
Plot Title: 5S2G,714,4/27/26 20:15,34.198,,
Plot Title: 5S2G,715,4/27/26 20:30,34.198,,
Plot Title: 5S2G,716,4/27/26 20:45,34.198,,
Plot Title: 5S2G,717,4/27/26 21:00,34.002,,
Plot Title: 5S2G,718,4/27/26 21:15,33.805,,
Plot Title: 5S2G,719,4/27/26 21:30,33.805,,
Plot Title: 5S2G,720,4/27/26 21:45,33.607,,
Plot Title: 5S2G,721,4/27/26 22:00,33.607,,
Plot Title: 5S2G,722,4/27/26 22:15,33.607,,
Plot Title: 5S2G,723,4/27/26 22:30,33.411,,
Plot Title: 5S2G,724,4/27/26 22:45,33.607,,
Plot Title: 5S2G,725,4/27/26 23:00,33.411,,
Plot Title: 5S2G,726,4/27/26 23:15,33.411,,
Plot Title: 5S2G,727,4/27/26 23:30,33.411,,
Plot Title: 5S2G,728,4/27/26 23:45,33.411,,
Plot Title: 5S2G,729,4/28/26 00:00,33.411,,
Plot Title: 5S2G,730,4/28/26 00:15,33.411,,
Plot Title: 5S2G,731,4/28/26 00:30,33.411,,
Plot Title: 5S2G,732,4/28/26 00:45,33.411,,
Plot Title: 5S2G,733,4/28/26 01:00,33.411,,
Plot Title: 5S2G,734,4/28/26 01:15,33.411,,
Plot Title: 5S2G,735,4/28/26 01:30,33.213,,
Plot Title: 5S2G,736,4/28/26 01:45,33.213,,
Plot Title: 5S2G,737,4/28/26 02:00,33.213,,
Plot Title: 5S2G,738,4/28/26 02:15,33.213,,
Plot Title: 5S2G,739,4/28/26 02:30,33.213,,
Plot Title: 5S2G,740,4/28/26 02:45,33.213,,
Plot Title: 5S2G,741,4/28/26 03:00,33.213,,
Plot Title: 5S2G,742,4/28/26 03:15,33.213,,
Plot Title: 5S2G,743,4/28/26 03:30,33.213,,
Plot Title: 5S2G,744,4/28/26 03:45,33.013,,
Plot Title: 5S2G,745,4/28/26 04:00,33.013,,
Plot Title: 5S2G,746,4/28/26 04:15,33.013,,
Plot Title: 5S2G,747,4/28/26 04:30,33.013,,
Plot Title: 5S2G,748,4/28/26 04:45,33.013,,
Plot Title: 5S2G,749,4/28/26 05:00,33.013,,
Plot Title: 5S2G,750,4/28/26 05:15,33.013,,
Plot Title: 5S2G,751,4/28/26 05:30,33.013,,
Plot Title: 5S2G,752,4/28/26 05:45,32.815,,
Plot Title: 5S2G,753,4/28/26 06:00,32.815,,
Plot Title: 5S2G,754,4/28/26 06:15,32.815,,
Plot Title: 5S2G,755,4/28/26 06:30,32.815,,
Plot Title: 5S2G,756,4/28/26 06:45,32.815,,
Plot Title: 5S2G,757,4/28/26 07:00,32.815,,
Plot Title: 5S2G,758,4/28/26 07:15,32.815,,
Plot Title: 5S2G,759,4/28/26 07:30,32.815,,
Plot Title: 5S2G,760,4/28/26 07:45,32.815,,
Plot Title: 5S2G,761,4/28/26 08:00,32.815,,
Plot Title: 5S2G,762,4/28/26 08:15,32.815,,
Plot Title: 5S2G,763,4/28/26 08:30,33.013,,
Plot Title: 5S2G,764,4/28/26 08:45,33.607,,
Plot Title: 5S2G,765,4/28/26 09:00,36.914,,
Plot Title: 5S2G,766,4/28/26 09:15,41.439,,
Plot Title: 5S2G,767,4/28/26 09:30,43.831,,
Plot Title: 5S2G,768,4/28/26 09:45,42.915,,
Plot Title: 5S2G,769,4/28/26 10:00,42.732,,
Plot Title: 5S2G,770,4/28/26 10:15,42.179,,
Plot Title: 5S2G,771,4/28/26 10:30,42.179,,
Plot Title: 5S2G,772,4/28/26 10:45,41.81,,
Plot Title: 5S2G,773,4/28/26 11:00,41.439,,
Plot Title: 5S2G,774,4/28/26 11:15,41.625,,
Plot Title: 5S2G,775,4/28/26 11:30,41.994,,
Plot Title: 5S2G,776,4/28/26 11:45,41.625,,
Plot Title: 5S2G,777,4/28/26 12:00,41.439,,
Plot Title: 5S2G,778,4/28/26 12:15,43.099,,
Plot Title: 5S2G,779,4/28/26 12:30,42.363,,
Plot Title: 5S2G,780,4/28/26 12:45,41.439,,
Plot Title: 5S2G,781,4/28/26 13:00,41.625,,
Plot Title: 5S2G,782,4/28/26 13:15,41.625,,
Plot Title: 5S2G,783,4/28/26 13:30,41.067,,
Plot Title: 5S2G,784,4/28/26 13:45,41.067,,
Plot Title: 5S2G,785,4/28/26 14:00,41.067,,
Plot Title: 5S2G,786,4/28/26 14:15,40.321,,
Plot Title: 5S2G,787,4/28/26 14:30,40.509,,
Plot Title: 5S2G,788,4/28/26 14:45,39.947,,
Plot Title: 5S2G,789,4/28/26 15:00,40.134,,
Plot Title: 5S2G,790,4/28/26 15:15,40.696,,
Plot Title: 5S2G,791,4/28/26 15:30,40.881,,
Plot Title: 5S2G,792,4/28/26 15:45,40.696,,
Plot Title: 5S2G,793,4/28/26 16:00,40.321,,
Plot Title: 5S2G,794,4/28/26 16:15,40.134,,
Plot Title: 5S2G,795,4/28/26 16:30,40.134,,
Plot Title: 5S2G,796,4/28/26 16:45,40.134,,
Plot Title: 5S2G,797,4/28/26 17:00,39.947,,
Plot Title: 5S2G,798,4/28/26 17:15,40.134,,
Plot Title: 5S2G,799,4/28/26 17:30,39.76,,
Plot Title: 5S2G,800,4/28/26 17:45,39.196,,
Plot Title: 5S2G,801,4/28/26 18:00,39.196,,
Plot Title: 5S2G,802,4/28/26 18:15,39.573,,
Plot Title: 5S2G,803,4/28/26 18:30,39.196,,
Plot Title: 5S2G,804,4/28/26 18:45,38.818,,
Plot Title: 5S2G,805,4/28/26 19:00,38.629,,
Plot Title: 5S2G,806,4/28/26 19:15,38.44,,
Plot Title: 5S2G,807,4/28/26 19:30,38.061,,
Plot Title: 5S2G,808,4/28/26 19:45,38.061,,
Plot Title: 5S2G,809,4/28/26 20:00,37.679,,
Plot Title: 5S2G,810,4/28/26 20:15,37.297,,
Plot Title: 5S2G,811,4/28/26 20:30,37.107,,
Plot Title: 5S2G,812,4/28/26 20:45,36.723,,
Plot Title: 5S2G,813,4/28/26 21:00,36.723,,
Plot Title: 5S2G,814,4/28/26 21:15,36.531,,
Plot Title: 5S2G,815,4/28/26 21:30,36.531,,
Plot Title: 5S2G,816,4/28/26 21:45,36.531,,
Plot Title: 5S2G,817,4/28/26 22:00,36.338,,
Plot Title: 5S2G,818,4/28/26 22:15,36.338,,
Plot Title: 5S2G,819,4/28/26 22:30,36.145,,
Plot Title: 5S2G,820,4/28/26 22:45,36.145,,
Plot Title: 5S2G,821,4/28/26 23:00,35.951,,
Plot Title: 5S2G,822,4/28/26 23:15,35.951,,
Plot Title: 5S2G,823,4/28/26 23:30,35.951,,
Plot Title: 5S2G,824,4/28/26 23:45,35.564,,
Plot Title: 5S2G,825,4/29/26 00:00,35.564,,
Plot Title: 5S2G,826,4/29/26 00:15,35.37,,
Plot Title: 5S2G,827,4/29/26 00:30,35.175,,
Plot Title: 5S2G,828,4/29/26 00:45,34.981,,
Plot Title: 5S2G,829,4/29/26 01:00,34.981,,
Plot Title: 5S2G,830,4/29/26 01:15,34.786,,
Plot Title: 5S2G,831,4/29/26 01:30,34.786,,
Plot Title: 5S2G,832,4/29/26 01:45,34.786,,
Plot Title: 5S2G,833,4/29/26 02:00,34.786,,
Plot Title: 5S2G,834,4/29/26 02:15,34.59,,
Plot Title: 5S2G,835,4/29/26 02:30,34.394,,
Plot Title: 5S2G,836,4/29/26 02:45,34.394,,
Plot Title: 5S2G,837,4/29/26 03:00,34.394,,
Plot Title: 5S2G,838,4/29/26 03:15,34.198,,
Plot Title: 5S2G,839,4/29/26 03:30,34.198,,
Plot Title: 5S2G,840,4/29/26 03:45,34.002,,
Plot Title: 5S2G,841,4/29/26 04:00,34.002,,
Plot Title: 5S2G,842,4/29/26 04:15,34.002,,
Plot Title: 5S2G,843,4/29/26 04:30,34.002,,
Plot Title: 5S2G,844,4/29/26 04:45,34.002,,
Plot Title: 5S2G,845,4/29/26 05:00,34.002,,
Plot Title: 5S2G,846,4/29/26 05:15,33.805,,
Plot Title: 5S2G,847,4/29/26 05:30,33.805,,
Plot Title: 5S2G,848,4/29/26 05:45,33.805,,
Plot Title: 5S2G,849,4/29/26 06:00,33.805,,
Plot Title: 5S2G,850,4/29/26 06:15,34.002,,
Plot Title: 5S2G,851,4/29/26 06:30,34.002,,
Plot Title: 5S2G,852,4/29/26 06:45,34.198,,
Plot Title: 5S2G,853,4/29/26 07:00,34.198,,
Plot Title: 5S2G,854,4/29/26 07:15,34.198,,
Plot Title: 5S2G,855,4/29/26 07:30,34.394,,
Plot Title: 5S2G,856,4/29/26 07:45,34.59,,
Plot Title: 5S2G,857,4/29/26 08:00,34.786,,
Plot Title: 5S2G,858,4/29/26 08:15,35.175,,
Plot Title: 5S2G,859,4/29/26 08:30,35.758,,
Plot Title: 5S2G,860,4/29/26 08:45,35.951,,
Plot Title: 5S2G,861,4/29/26 09:00,36.338,,
Plot Title: 5S2G,862,4/29/26 09:15,36.914,,
Plot Title: 5S2G,863,4/29/26 09:30,37.488,,
Plot Title: 5S2G,864,4/29/26 09:45,37.679,,
Plot Title: 5S2G,865,4/29/26 10:00,37.679,,
Plot Title: 5S2G,866,4/29/26 10:15,37.87,,
Plot Title: 5S2G,867,4/29/26 10:30,37.87,,
Plot Title: 5S2G,868,4/29/26 10:45,38.061,,
Plot Title: 5S2G,869,4/29/26 11:00,39.196,,
Plot Title: 5S2G,870,4/29/26 11:15,40.321,,
Plot Title: 5S2G,871,4/29/26 11:30,41.439,,
Plot Title: 5S2G,872,4/29/26 11:45,44.195,,
Plot Title: 5S2G,873,4/29/26 12:00,48.695,,
Plot Title: 5S2G,874,4/29/26 12:15,48.517,,
Plot Title: 5S2G,875,4/29/26 12:30,46.008,,
Plot Title: 5S2G,876,4/29/26 12:45,45.104,,
Plot Title: 5S2G,877,4/29/26 13:00,44.195,,
Plot Title: 5S2G,878,4/29/26 13:15,43.466,,
Plot Title: 5S2G,879,4/29/26 13:30,42.915,,
Plot Title: 5S2G,880,4/29/26 13:45,42.548,,
Plot Title: 5S2G,881,4/29/26 14:00,41.994,,
Plot Title: 5S2G,882,4/29/26 14:15,41.625,,
Plot Title: 5S2G,883,4/29/26 14:30,41.625,,
Plot Title: 5S2G,884,4/29/26 14:45,41.994,,
Plot Title: 5S2G,885,4/29/26 15:00,41.439,,
Plot Title: 5S2G,886,4/29/26 15:15,40.881,,
Plot Title: 5S2G,887,4/29/26 15:30,41.067,,
Plot Title: 5S2G,888,4/29/26 15:45,41.254,,
Plot Title: 5S2G,889,4/29/26 16:00,41.625,,
Plot Title: 5S2G,890,4/29/26 16:15,41.625,,
Plot Title: 5S2G,891,4/29/26 16:30,41.254,,
Plot Title: 5S2G,892,4/29/26 16:45,40.881,,
Plot Title: 5S2G,893,4/29/26 17:00,40.321,,
Plot Title: 5S2G,894,4/29/26 17:15,39.947,,
Plot Title: 5S2G,895,4/29/26 17:30,39.947,,
Plot Title: 5S2G,896,4/29/26 17:45,39.947,,
Plot Title: 5S2G,897,4/29/26 18:00,39.76,,
Plot Title: 5S2G,898,4/29/26 18:15,39.196,,
Plot Title: 5S2G,899,4/29/26 18:30,38.818,,
Plot Title: 5S2G,900,4/29/26 18:45,38.818,,
Plot Title: 5S2G,901,4/29/26 19:00,39.007,,
Plot Title: 5S2G,902,4/29/26 19:15,39.007,,
Plot Title: 5S2G,903,4/29/26 19:30,39.007,,
Plot Title: 5S2G,904,4/29/26 19:45,38.629,,
Plot Title: 5S2G,905,4/29/26 20:00,38.44,,
Plot Title: 5S2G,906,4/29/26 20:15,38.25,,
Plot Title: 5S2G,907,4/29/26 20:30,37.87,,
Plot Title: 5S2G,908,4/29/26 20:45,37.488,,
Plot Title: 5S2G,909,4/29/26 21:00,37.107,,
Plot Title: 5S2G,910,4/29/26 21:15,36.914,,
Plot Title: 5S2G,911,4/29/26 21:30,36.723,,
Plot Title: 5S2G,912,4/29/26 21:45,36.531,,
Plot Title: 5S2G,913,4/29/26 22:00,36.338,,
Plot Title: 5S2G,914,4/29/26 22:15,35.951,,
Plot Title: 5S2G,915,4/29/26 22:30,35.758,,
Plot Title: 5S2G,916,4/29/26 22:45,35.758,,
Plot Title: 5S2G,917,4/29/26 23:00,35.564,,
Plot Title: 5S2G,918,4/29/26 23:15,35.37,,
Plot Title: 5S2G,919,4/29/26 23:30,35.175,,
Plot Title: 5S2G,920,4/29/26 23:45,34.981,,
Plot Title: 5S2G,921,4/30/26 00:00,34.786,,
Plot Title: 5S2G,922,4/30/26 00:15,34.786,,
Plot Title: 5S2G,923,4/30/26 00:30,34.59,,
Plot Title: 5S2G,924,4/30/26 00:45,34.394,,
Plot Title: 5S2G,925,4/30/26 01:00,34.394,,
Plot Title: 5S2G,926,4/30/26 01:15,34.198,,
Plot Title: 5S2G,927,4/30/26 01:30,34.198,,
Plot Title: 5S2G,928,4/30/26 01:45,34.002,,
Plot Title: 5S2G,929,4/30/26 02:00,34.002,,
Plot Title: 5S2G,930,4/30/26 02:15,33.805,,
Plot Title: 5S2G,931,4/30/26 02:30,33.805,,
Plot Title: 5S2G,932,4/30/26 02:45,33.805,,
Plot Title: 5S2G,933,4/30/26 03:00,33.607,,
Plot Title: 5S2G,934,4/30/26 03:15,33.607,,
Plot Title: 5S2G,935,4/30/26 03:30,33.607,,
Plot Title: 5S2G,936,4/30/26 03:45,33.805,,
Plot Title: 5S2G,937,4/30/26 04:00,33.805,,
Plot Title: 5S2G,938,4/30/26 04:15,33.805,,
Plot Title: 5S2G,939,4/30/26 04:30,33.805,,
Plot Title: 5S2G,940,4/30/26 04:45,33.805,,
Plot Title: 5S2G,941,4/30/26 05:00,33.805,,
Plot Title: 5S2G,942,4/30/26 05:15,33.805,,
Plot Title: 5S2G,943,4/30/26 05:30,33.805,,
Plot Title: 5S2G,944,4/30/26 05:45,33.805,,
Plot Title: 5S2G,945,4/30/26 06:00,33.607,,
Plot Title: 5S2G,946,4/30/26 06:15,33.607,,
Plot Title: 5S2G,947,4/30/26 06:30,33.607,,
Plot Title: 5S2G,948,4/30/26 06:45,33.607,,
Plot Title: 5S2G,949,4/30/26 07:00,33.805,,
Plot Title: 5S2G,950,4/30/26 07:15,33.805,,
Plot Title: 5S2G,951,4/30/26 07:30,33.805,,
Plot Title: 5S2G,952,4/30/26 07:45,33.805,,
Plot Title: 5S2G,953,4/30/26 08:00,34.002,,
Plot Title: 5S2G,954,4/30/26 08:15,34.394,,
Plot Title: 5S2G,955,4/30/26 08:30,35.37,,
Plot Title: 5S2G,956,4/30/26 08:45,39.573,,
Plot Title: 5S2G,957,4/30/26 09:00,43.466,,
Plot Title: 5S2G,958,4/30/26 09:15,45.828,,
Plot Title: 5S2G,959,4/30/26 09:30,47.982,,
Plot Title: 5S2G,960,4/30/26 09:45,47.266,,
Plot Title: 5S2G,961,4/30/26 10:00,45.286,,
Plot Title: 5S2G,962,4/30/26 10:15,44.195,,
Plot Title: 5S2G,963,4/30/26 10:30,43.831,,
Plot Title: 5S2G,964,4/30/26 10:45,43.282,,
Plot Title: 5S2G,965,4/30/26 11:00,42.915,,
Plot Title: 5S2G,966,4/30/26 11:15,43.099,,
Plot Title: 5S2G,967,4/30/26 11:30,43.648,,
Plot Title: 5S2G,968,4/30/26 11:45,43.466,,
Plot Title: 5S2G,969,4/30/26 12:00,47.982,,
Plot Title: 5S2G,970,4/30/26 12:15,49.05,,
Plot Title: 5S2G,971,4/30/26 12:30,47.624,,
Plot Title: 5S2G,972,4/30/26 12:45,45.648,,
Plot Title: 5S2G,973,4/30/26 13:00,44.742,,
Plot Title: 5S2G,974,4/30/26 13:15,44.56,,
Plot Title: 5S2G,975,4/30/26 13:30,44.379,,
Plot Title: 5S2G,976,4/30/26 13:45,43.648,,
Plot Title: 5S2G,977,4/30/26 14:00,43.831,,
Plot Title: 5S2G,978,4/30/26 14:15,43.282,,
Plot Title: 5S2G,979,4/30/26 14:30,42.732,,
Plot Title: 5S2G,980,4/30/26 14:45,42.363,,
Plot Title: 5S2G,981,4/30/26 15:00,42.732,,
Plot Title: 5S2G,982,4/30/26 15:15,42.732,,
Plot Title: 5S2G,983,4/30/26 15:30,42.363,,
Plot Title: 5S2G,984,4/30/26 15:45,42.179,,
Plot Title: 5S2G,985,4/30/26 16:00,42.548,,
Plot Title: 5S2G,986,4/30/26 16:15,42.548,,
Plot Title: 5S2G,987,4/30/26 16:30,41.994,,
Plot Title: 5S2G,988,4/30/26 16:45,41.81,,
Plot Title: 5S2G,989,4/30/26 17:00,41.625,,
Plot Title: 5S2G,990,4/30/26 17:15,41.067,,
Plot Title: 5S2G,991,4/30/26 17:30,41.439,,
Plot Title: 5S2G,992,4/30/26 17:45,41.254,,
Plot Title: 5S2G,993,4/30/26 18:00,40.881,,
Plot Title: 5S2G,994,4/30/26 18:15,40.509,,
Plot Title: 5S2G,995,4/30/26 18:30,40.321,,
Plot Title: 5S2G,996,4/30/26 18:45,39.947,,
Plot Title: 5S2G,997,4/30/26 19:00,39.76,,
Plot Title: 5S2G,998,4/30/26 19:15,39.76,,
Plot Title: 5S2G,999,4/30/26 19:30,39.573,,
Plot Title: 5S2G,1000,4/30/26 19:45,39.384,,
Plot Title: 5S2G,1001,4/30/26 20:00,39.196,,
Plot Title: 5S2G,1002,4/30/26 20:15,38.818,,
Plot Title: 5S2G,1003,4/30/26 20:30,38.629,,
Plot Title: 5S2G,1004,4/30/26 20:45,38.25,,
Plot Title: 5S2G,1005,4/30/26 21:00,38.061,,
Plot Title: 5S2G,1006,4/30/26 21:15,37.87,,
Plot Title: 5S2G,1007,4/30/26 21:30,37.679,,
Plot Title: 5S2G,1008,4/30/26 21:45,37.488,,
Plot Title: 5S2G,1009,4/30/26 22:00,37.297,,
Plot Title: 5S2G,1010,4/30/26 22:15,37.107,,
Plot Title: 5S2G,1011,4/30/26 22:30,36.723,,
Plot Title: 5S2G,1012,4/30/26 22:45,36.531,,
Plot Title: 5S2G,1013,4/30/26 23:00,36.338,,
Plot Title: 5S2G,1014,4/30/26 23:15,36.145,,
Plot Title: 5S2G,1015,4/30/26 23:30,35.951,,
Plot Title: 5S2G,1016,4/30/26 23:45,35.951,,
Plot Title: 5S2G,1017,5/1/26 00:00,35.758,,
Plot Title: 5S2G,1018,5/1/26 00:15,35.758,,
Plot Title: 5S2G,1019,5/1/26 00:30,35.564,,
Plot Title: 5S2G,1020,5/1/26 00:45,35.37,,
Plot Title: 5S2G,1021,5/1/26 01:00,35.37,,
Plot Title: 5S2G,1022,5/1/26 01:15,35.175,,
Plot Title: 5S2G,1023,5/1/26 01:30,35.175,,
Plot Title: 5S2G,1024,5/1/26 01:45,34.981,,
Plot Title: 5S2G,1025,5/1/26 02:00,34.786,,
Plot Title: 5S2G,1026,5/1/26 02:15,34.59,,
Plot Title: 5S2G,1027,5/1/26 02:30,34.59,,
Plot Title: 5S2G,1028,5/1/26 02:45,34.394,,
Plot Title: 5S2G,1029,5/1/26 03:00,34.198,,
Plot Title: 5S2G,1030,5/1/26 03:15,34.198,,
Plot Title: 5S2G,1031,5/1/26 03:30,34.002,,
Plot Title: 5S2G,1032,5/1/26 03:45,34.002,,
Plot Title: 5S2G,1033,5/1/26 04:00,34.002,,
Plot Title: 5S2G,1034,5/1/26 04:15,34.002,,
Plot Title: 5S2G,1035,5/1/26 04:30,33.805,,
Plot Title: 5S2G,1036,5/1/26 04:45,33.805,,
Plot Title: 5S2G,1037,5/1/26 05:00,33.607,,
Plot Title: 5S2G,1038,5/1/26 05:15,33.607,,
Plot Title: 5S2G,1039,5/1/26 05:30,33.411,,
Plot Title: 5S2G,1040,5/1/26 05:45,33.213,,
Plot Title: 5S2G,1041,5/1/26 06:00,33.213,,
Plot Title: 5S2G,1042,5/1/26 06:15,33.607,,
Plot Title: 5S2G,1043,5/1/26 06:30,33.607,,
Plot Title: 5S2G,1044,5/1/26 06:45,33.607,,
Plot Title: 5S2G,1045,5/1/26 07:00,33.607,,
Plot Title: 5S2G,1046,5/1/26 07:15,33.607,,
Plot Title: 5S2G,1047,5/1/26 07:30,33.805,,
Plot Title: 5S2G,1048,5/1/26 07:45,33.805,,
Plot Title: 5S2G,1049,5/1/26 08:00,34.002,,
Plot Title: 5S2G,1050,5/1/26 08:15,35.37,,
Plot Title: 5S2G,1051,5/1/26 08:30,39.196,,
Plot Title: 5S2G,1052,5/1/26 08:45,42.915,,
Plot Title: 5S2G,1053,5/1/26 09:00,46.008,,
Plot Title: 5S2G,1054,5/1/26 09:15,48.517,,
Plot Title: 5S2G,1055,5/1/26 09:30,50.466,,
Plot Title: 5S2G,1056,5/1/26 09:45,49.228,,
Plot Title: 5S2G,1057,5/1/26 10:00,46.908,,
Plot Title: 5S2G,1058,5/1/26 10:15,45.286,,
Plot Title: 5S2G,1059,5/1/26 10:30,44.379,,
Plot Title: 5S2G,1060,5/1/26 10:45,43.831,,
Plot Title: 5S2G,1061,5/1/26 11:00,46.188,,
Plot Title: 5S2G,1062,5/1/26 11:15,45.104,,
Plot Title: 5S2G,1063,5/1/26 11:30,47.624,,
Plot Title: 5S2G,1064,5/1/26 11:45,52.401,,
Plot Title: 5S2G,1065,5/1/26 12:00,54.669,,
Plot Title: 5S2G,1066,5/1/26 12:15,54.842,,
Plot Title: 5S2G,1067,5/1/26 12:30,53.449,,
Plot Title: 5S2G,1068,5/1/26 12:45,50.466,,
Plot Title: 5S2G,1069,5/1/26 13:00,48.339,,
Plot Title: 5S2G,1070,5/1/26 13:15,47.088,,
Plot Title: 5S2G,1071,5/1/26 13:30,46.369,,
Plot Title: 5S2G,1072,5/1/26 13:45,45.648,,
Plot Title: 5S2G,1073,5/1/26 14:00,45.104,,
Plot Title: 5S2G,1074,5/1/26 14:15,44.742,,
Plot Title: 5S2G,1075,5/1/26 14:30,44.56,,
Plot Title: 5S2G,1076,5/1/26 14:45,44.195,,
Plot Title: 5S2G,1077,5/1/26 15:00,44.195,,
Plot Title: 5S2G,1078,5/1/26 15:15,43.831,,
Plot Title: 5S2G,1079,5/1/26 15:30,43.831,,
Plot Title: 5S2G,1080,5/1/26 15:45,43.648,,
Plot Title: 5S2G,1081,5/1/26 16:00,43.648,,
Plot Title: 5S2G,1082,5/1/26 16:15,43.466,,
Plot Title: 5S2G,1083,5/1/26 16:30,43.282,,
Plot Title: 5S2G,1084,5/1/26 16:45,43.099,,
Plot Title: 5S2G,1085,5/1/26 17:00,43.099,,
Plot Title: 5S2G,1086,5/1/26 17:15,42.915,,
Plot Title: 5S2G,1087,5/1/26 17:30,42.915,,
Plot Title: 5S2G,1088,5/1/26 17:45,42.732,,
Plot Title: 5S2G,1089,5/1/26 18:00,42.548,,
Plot Title: 5S2G,1090,5/1/26 18:15,42.363,,
Plot Title: 5S2G,1091,5/1/26 18:30,42.363,,
Plot Title: 5S2G,1092,5/1/26 18:45,42.179,,
Plot Title: 5S2G,1093,5/1/26 19:00,41.994,,
Plot Title: 5S2G,1094,5/1/26 19:15,41.994,,
Plot Title: 5S2G,1095,5/1/26 19:30,41.81,,
Plot Title: 5S2G,1096,5/1/26 19:45,41.625,,
Plot Title: 5S2G,1097,5/1/26 20:00,41.439,,
Plot Title: 5S2G,1098,5/1/26 20:15,41.254,,
Plot Title: 5S2G,1099,5/1/26 20:30,41.067,,
Plot Title: 5S2G,1100,5/1/26 20:45,40.881,,
Plot Title: 5S2G,1101,5/1/26 21:00,40.509,,
Plot Title: 5S2G,1102,5/1/26 21:15,40.321,,
Plot Title: 5S2G,1103,5/1/26 21:30,40.134,,
Plot Title: 5S2G,1104,5/1/26 21:45,39.947,,
Plot Title: 5S2G,1105,5/1/26 22:00,39.76,,
Plot Title: 5S2G,1106,5/1/26 22:15,39.573,,
Plot Title: 5S2G,1107,5/1/26 22:30,39.384,,
Plot Title: 5S2G,1108,5/1/26 22:45,39.196,,
Plot Title: 5S2G,1109,5/1/26 23:00,39.007,,
Plot Title: 5S2G,1110,5/1/26 23:15,38.818,,
Plot Title: 5S2G,1111,5/1/26 23:30,38.629,,
Plot Title: 5S2G,1112,5/1/26 23:45,38.629,,
Plot Title: 5S2G,1113,5/2/26 00:00,38.44,,
Plot Title: 5S2G,1114,5/2/26 00:15,38.25,,
Plot Title: 5S2G,1115,5/2/26 00:30,38.061,,
Plot Title: 5S2G,1116,5/2/26 00:45,37.87,,
Plot Title: 5S2G,1117,5/2/26 01:00,37.87,,
Plot Title: 5S2G,1118,5/2/26 01:15,37.679,,
Plot Title: 5S2G,1119,5/2/26 01:30,37.488,,
Plot Title: 5S2G,1120,5/2/26 01:45,37.297,,
Plot Title: 5S2G,1121,5/2/26 02:00,37.107,,
Plot Title: 5S2G,1122,5/2/26 02:15,37.107,,
Plot Title: 5S2G,1123,5/2/26 02:30,36.914,,
Plot Title: 5S2G,1124,5/2/26 02:45,36.723,,
Plot Title: 5S2G,1125,5/2/26 03:00,36.531,,
Plot Title: 5S2G,1126,5/2/26 03:15,36.338,,
Plot Title: 5S2G,1127,5/2/26 03:30,36.338,,
Plot Title: 5S2G,1128,5/2/26 03:45,36.145,,
Plot Title: 5S2G,1129,5/2/26 04:00,36.145,,
Plot Title: 5S2G,1130,5/2/26 04:15,35.951,,
Plot Title: 5S2G,1131,5/2/26 04:30,35.758,,
Plot Title: 5S2G,1132,5/2/26 04:45,35.758,,
Plot Title: 5S2G,1133,5/2/26 05:00,35.564,,
Plot Title: 5S2G,1134,5/2/26 05:15,35.37,,
Plot Title: 5S2G,1135,5/2/26 05:30,35.37,,
Plot Title: 5S2G,1136,5/2/26 05:45,35.175,,
Plot Title: 5S2G,1137,5/2/26 06:00,35.175,,
Plot Title: 5S2G,1138,5/2/26 06:15,34.981,,
Plot Title: 5S2G,1139,5/2/26 06:30,34.981,,
Plot Title: 5S2G,1140,5/2/26 06:45,34.981,,
Plot Title: 5S2G,1141,5/2/26 07:00,34.981,,
Plot Title: 5S2G,1142,5/2/26 07:15,35.175,,
Plot Title: 5S2G,1143,5/2/26 07:30,35.37,,
Plot Title: 5S2G,1144,5/2/26 07:45,35.564,,
Plot Title: 5S2G,1145,5/2/26 08:00,36.338,,
Plot Title: 5S2G,1146,5/2/26 08:15,38.061,,
Plot Title: 5S2G,1147,5/2/26 08:30,40.509,,
Plot Title: 5S2G,1148,5/2/26 08:45,44.195,,
Plot Title: 5S2G,1149,5/2/26 09:00,47.624,,
Plot Title: 5S2G,1150,5/2/26 09:15,49.759,,
Plot Title: 5S2G,1151,5/2/26 09:30,51.874,,
Plot Title: 5S2G,1152,5/2/26 09:45,50.995,,
Plot Title: 5S2G,1153,5/2/26 10:00,48.871,,
Plot Title: 5S2G,1154,5/2/26 10:15,47.446,,
Plot Title: 5S2G,1155,5/2/26 10:30,46.908,,
Plot Title: 5S2G,1156,5/2/26 10:45,46.728,,
Plot Title: 5S2G,1157,5/2/26 11:00,49.404,,
Plot Title: 5S2G,1158,5/2/26 11:15,48.517,,
Plot Title: 5S2G,1159,5/2/26 11:30,51.346,,
Plot Title: 5S2G,1160,5/2/26 11:45,56.404,,
Plot Title: 5S2G,1161,5/2/26 12:00,57.958,,
Plot Title: 5S2G,1162,5/2/26 12:15,57.441,,
Plot Title: 5S2G,1163,5/2/26 12:30,56.057,,
Plot Title: 5S2G,1164,5/2/26 12:45,53.623,,
Plot Title: 5S2G,1165,5/2/26 13:00,52.401,,
Plot Title: 5S2G,1166,5/2/26 13:15,51.699,,
Plot Title: 5S2G,1167,5/2/26 13:30,51.346,,
Plot Title: 5S2G,1168,5/2/26 13:45,50.995,,
Plot Title: 5S2G,1169,5/2/26 14:00,50.995,,
Plot Title: 5S2G,1170,5/2/26 14:15,50.995,,
Plot Title: 5S2G,1171,5/2/26 14:30,50.643,,
Plot Title: 5S2G,1172,5/2/26 14:45,50.29,,
Plot Title: 5S2G,1173,5/2/26 15:00,49.937,,
Plot Title: 5S2G,1174,5/2/26 15:15,49.582,,
Plot Title: 5S2G,1175,5/2/26 15:30,49.582,,
Plot Title: 5S2G,1176,5/2/26 15:45,49.937,,
Plot Title: 5S2G,1177,5/2/26 16:00,49.937,,
Plot Title: 5S2G,1178,5/2/26 16:15,49.937,,
Plot Title: 5S2G,1179,5/2/26 16:30,49.759,,
Plot Title: 5S2G,1180,5/2/26 16:45,49.582,,
Plot Title: 5S2G,1181,5/2/26 17:00,49.228,,
Plot Title: 5S2G,1182,5/2/26 17:15,49.05,,
Plot Title: 5S2G,1183,5/2/26 17:30,48.871,,
Plot Title: 5S2G,1184,5/2/26 17:45,48.871,,
Plot Title: 5S2G,1185,5/2/26 18:00,48.517,,
Plot Title: 5S2G,1186,5/2/26 18:15,48.339,,
Plot Title: 5S2G,1187,5/2/26 18:30,47.802,,
Plot Title: 5S2G,1188,5/2/26 18:45,47.446,,
Plot Title: 5S2G,1189,5/2/26 19:00,47.446,,
Plot Title: 5S2G,1190,5/2/26 19:15,47.266,,
Plot Title: 5S2G,1191,5/2/26 19:30,47.088,,
Plot Title: 5S2G,1192,5/2/26 19:45,46.728,,
Plot Title: 5S2G,1193,5/2/26 20:00,46.369,,
Plot Title: 5S2G,1194,5/2/26 20:15,46.008,,
Plot Title: 5S2G,1195,5/2/26 20:30,45.648,,
Plot Title: 5S2G,1196,5/2/26 20:45,45.466,,
Plot Title: 5S2G,1197,5/2/26 21:00,45.104,,
Plot Title: 5S2G,1198,5/2/26 21:15,44.742,,
Plot Title: 5S2G,1199,5/2/26 21:30,44.379,,
Plot Title: 5S2G,1200,5/2/26 21:45,44.013,,
Plot Title: 5S2G,1201,5/2/26 22:00,43.831,,
Plot Title: 5S2G,1202,5/2/26 22:15,43.466,,
Plot Title: 5S2G,1203,5/2/26 22:30,43.282,,
Plot Title: 5S2G,1204,5/2/26 22:45,42.915,,
Plot Title: 5S2G,1205,5/2/26 23:00,42.732,,
Plot Title: 5S2G,1206,5/2/26 23:15,42.363,,
Plot Title: 5S2G,1207,5/2/26 23:30,42.179,,
Plot Title: 5S2G,1208,5/2/26 23:45,41.81,,
Plot Title: 5S2G,1209,5/3/26 00:00,41.625,,
Plot Title: 5S2G,1210,5/3/26 00:15,41.439,,
Plot Title: 5S2G,1211,5/3/26 00:30,41.254,,
Plot Title: 5S2G,1212,5/3/26 00:45,41.067,,
Plot Title: 5S2G,1213,5/3/26 01:00,40.881,,
Plot Title: 5S2G,1214,5/3/26 01:15,40.696,,
Plot Title: 5S2G,1215,5/3/26 01:30,40.509,,
Plot Title: 5S2G,1216,5/3/26 01:45,40.509,,
Plot Title: 5S2G,1217,5/3/26 02:00,40.321,,
Plot Title: 5S2G,1218,5/3/26 02:15,40.134,,
Plot Title: 5S2G,1219,5/3/26 02:30,40.134,,
Plot Title: 5S2G,1220,5/3/26 02:45,39.947,,
Plot Title: 5S2G,1221,5/3/26 03:00,39.76,,
Plot Title: 5S2G,1222,5/3/26 03:15,39.76,,
Plot Title: 5S2G,1223,5/3/26 03:30,39.573,,
Plot Title: 5S2G,1224,5/3/26 03:45,39.384,,
Plot Title: 5S2G,1225,5/3/26 04:00,39.196,,
Plot Title: 5S2G,1226,5/3/26 04:15,39.007,,
Plot Title: 5S2G,1227,5/3/26 04:30,38.818,,
Plot Title: 5S2G,1228,5/3/26 04:45,38.818,,
Plot Title: 5S2G,1229,5/3/26 05:00,38.629,,
Plot Title: 5S2G,1230,5/3/26 05:15,38.44,,
Plot Title: 5S2G,1231,5/3/26 05:30,38.25,,
Plot Title: 5S2G,1232,5/3/26 05:45,38.25,,
Plot Title: 5S2G,1233,5/3/26 06:00,38.061,,
Plot Title: 5S2G,1234,5/3/26 06:15,37.87,,
Plot Title: 5S2G,1235,5/3/26 06:30,37.87,,
Plot Title: 5S2G,1236,5/3/26 06:45,37.679,,
Plot Title: 5S2G,1237,5/3/26 07:00,37.679,,
Plot Title: 5S2G,1238,5/3/26 07:15,37.87,,
Plot Title: 5S2G,1239,5/3/26 07:30,38.061,,
Plot Title: 5S2G,1240,5/3/26 07:45,38.25,,
Plot Title: 5S2G,1241,5/3/26 08:00,38.629,,
Plot Title: 5S2G,1242,5/3/26 08:15,41.067,,
Plot Title: 5S2G,1243,5/3/26 08:30,42.548,,
Plot Title: 5S2G,1244,5/3/26 08:45,46.008,,
Plot Title: 5S2G,1245,5/3/26 09:00,49.404,,
Plot Title: 5S2G,1246,5/3/26 09:15,51.874,,
Plot Title: 5S2G,1247,5/3/26 09:30,54.147,,
Plot Title: 5S2G,1248,5/3/26 09:45,53.449,,
Plot Title: 5S2G,1249,5/3/26 10:00,51.172,,
Plot Title: 5S2G,1250,5/3/26 10:15,49.759,,
Plot Title: 5S2G,1251,5/3/26 10:30,48.871,,
Plot Title: 5S2G,1252,5/3/26 10:45,49.228,,
Plot Title: 5S2G,1253,5/3/26 11:00,52.225,,
Plot Title: 5S2G,1254,5/3/26 11:15,51.699,,
Plot Title: 5S2G,1255,5/3/26 11:30,55.364,,
Plot Title: 5S2G,1256,5/3/26 11:45,59.508,,
Plot Title: 5S2G,1257,5/3/26 12:00,60.712,,
Plot Title: 5S2G,1258,5/3/26 12:15,59.68,,
Plot Title: 5S2G,1259,5/3/26 12:30,58.82,,
Plot Title: 5S2G,1260,5/3/26 12:45,55.537,,
Plot Title: 5S2G,1261,5/3/26 13:00,53.449,,
Plot Title: 5S2G,1262,5/3/26 13:15,52.225,,
Plot Title: 5S2G,1263,5/3/26 13:30,51.523,,
Plot Title: 5S2G,1264,5/3/26 13:45,50.643,,
Plot Title: 5S2G,1265,5/3/26 14:00,49.937,,
Plot Title: 5S2G,1266,5/3/26 14:15,49.759,,
Plot Title: 5S2G,1267,5/3/26 14:30,49.228,,
Plot Title: 5S2G,1268,5/3/26 14:45,48.871,,
Plot Title: 5S2G,1269,5/3/26 15:00,48.695,,
Plot Title: 5S2G,1270,5/3/26 15:15,48.517,,
Plot Title: 5S2G,1271,5/3/26 15:30,48.517,,
Plot Title: 5S2G,1272,5/3/26 15:45,48.339,,
Plot Title: 5S2G,1273,5/3/26 16:00,48.16,,
Plot Title: 5S2G,1274,5/3/26 16:15,48.16,,
Plot Title: 5S2G,1275,5/3/26 16:30,47.982,,
Plot Title: 5S2G,1276,5/3/26 16:45,47.802,,
Plot Title: 5S2G,1277,5/3/26 17:00,47.624,,
Plot Title: 5S2G,1278,5/3/26 17:15,47.446,,
Plot Title: 5S2G,1279,5/3/26 17:30,47.446,,
Plot Title: 5S2G,1280,5/3/26 17:45,47.446,,
Plot Title: 5S2G,1281,5/3/26 18:00,47.266,,
Plot Title: 5S2G,1282,5/3/26 18:15,47.088,,
Plot Title: 5S2G,1283,5/3/26 18:30,46.908,,
Plot Title: 5S2G,1284,5/3/26 18:45,46.728,,
Plot Title: 5S2G,1285,5/3/26 19:00,46.369,,
Plot Title: 5S2G,1286,5/3/26 19:15,46.188,,
Plot Title: 5S2G,1287,5/3/26 19:30,46.188,,
Plot Title: 5S2G,1288,5/3/26 19:45,46.008,,
Plot Title: 5S2G,1289,5/3/26 20:00,45.828,,
Plot Title: 5S2G,1290,5/3/26 20:15,45.648,,
Plot Title: 5S2G,1291,5/3/26 20:30,45.466,,
Plot Title: 5S2G,1292,5/3/26 20:45,45.286,,
Plot Title: 5S2G,1293,5/3/26 21:00,45.104,,
Plot Title: 5S2G,1294,5/3/26 21:15,44.922,,
Plot Title: 5S2G,1295,5/3/26 21:30,44.56,,
Plot Title: 5S2G,1296,5/3/26 21:45,44.195,,
Plot Title: 5S2G,1297,5/3/26 22:00,44.013,,
Plot Title: 5S2G,1298,5/3/26 22:15,43.648,,
Plot Title: 5S2G,1299,5/3/26 22:30,43.466,,
Plot Title: 5S2G,1300,5/3/26 22:45,43.282,,
Plot Title: 5S2G,1301,5/3/26 23:00,43.099,,
Plot Title: 5S2G,1302,5/3/26 23:15,43.099,,
Plot Title: 5S2G,1303,5/3/26 23:30,43.099,,
Plot Title: 5S2G,1304,5/3/26 23:45,43.099,,
Plot Title: 5S2G,1305,5/4/26 00:00,42.915,,
Plot Title: 5S2G,1306,5/4/26 00:15,42.732,,
Plot Title: 5S2G,1307,5/4/26 00:30,42.363,,
Plot Title: 5S2G,1308,5/4/26 00:45,42.179,,
Plot Title: 5S2G,1309,5/4/26 01:00,41.994,,
Plot Title: 5S2G,1310,5/4/26 01:15,41.81,,
Plot Title: 5S2G,1311,5/4/26 01:30,41.625,,
Plot Title: 5S2G,1312,5/4/26 01:45,41.439,,
Plot Title: 5S2G,1313,5/4/26 02:00,41.254,,
Plot Title: 5S2G,1314,5/4/26 02:15,41.254,,
Plot Title: 5S2G,1315,5/4/26 02:30,41.067,,
Plot Title: 5S2G,1316,5/4/26 02:45,40.881,,
Plot Title: 5S2G,1317,5/4/26 03:00,40.696,,
Plot Title: 5S2G,1318,5/4/26 03:15,40.696,,
Plot Title: 5S2G,1319,5/4/26 03:30,40.509,,
Plot Title: 5S2G,1320,5/4/26 03:45,40.321,,
Plot Title: 5S2G,1321,5/4/26 04:00,40.321,,
Plot Title: 5S2G,1322,5/4/26 04:15,40.134,,
Plot Title: 5S2G,1323,5/4/26 04:30,40.134,,
Plot Title: 5S2G,1324,5/4/26 04:45,40.134,,
Plot Title: 5S2G,1325,5/4/26 05:00,40.134,,
Plot Title: 5S2G,1326,5/4/26 05:15,39.947,,
Plot Title: 5S2G,1327,5/4/26 05:30,39.76,,
Plot Title: 5S2G,1328,5/4/26 05:45,39.573,,
Plot Title: 5S2G,1329,5/4/26 06:00,39.573,,
Plot Title: 5S2G,1330,5/4/26 06:15,39.384,,
Plot Title: 5S2G,1331,5/4/26 06:30,39.384,,
Plot Title: 5S2G,1332,5/4/26 06:45,39.384,,
Plot Title: 5S2G,1333,5/4/26 07:00,39.384,,
Plot Title: 5S2G,1334,5/4/26 07:15,39.573,,
Plot Title: 5S2G,1335,5/4/26 07:30,39.76,,
Plot Title: 5S2G,1336,5/4/26 07:45,39.947,,
Plot Title: 5S2G,1337,5/4/26 08:00,40.509,,
Plot Title: 5S2G,1338,5/4/26 08:15,42.179,,
Plot Title: 5S2G,1339,5/4/26 08:30,43.282,,
Plot Title: 5S2G,1340,5/4/26 08:45,45.828,,
Plot Title: 5S2G,1341,5/4/26 09:00,48.695,,
Plot Title: 5S2G,1342,5/4/26 09:15,51.172,,
Plot Title: 5S2G,1343,5/4/26 09:30,53.1,,
Plot Title: 5S2G,1344,5/4/26 09:45,53.1,,
Plot Title: 5S2G,1345,5/4/26 10:00,51.346,,
Plot Title: 5S2G,1346,5/4/26 10:15,49.937,,
Plot Title: 5S2G,1347,5/4/26 10:30,49.228,,
Plot Title: 5S2G,1348,5/4/26 10:45,50.113,,
Plot Title: 5S2G,1349,5/4/26 11:00,52.576,,
Plot Title: 5S2G,1350,5/4/26 11:15,52.576,,
Plot Title: 5S2G,1351,5/4/26 11:30,56.23,,
Plot Title: 5S2G,1352,5/4/26 11:45,56.75,,
Plot Title: 5S2G,1353,5/4/26 12:00,58.303,,
Plot Title: 5S2G,1354,5/4/26 12:15,58.131,,
Plot Title: 5S2G,1355,5/4/26 12:30,56.404,,
Plot Title: 5S2G,1356,5/4/26 12:45,53.798,,
Plot Title: 5S2G,1357,5/4/26 13:00,52.401,,
Plot Title: 5S2G,1358,5/4/26 13:15,51.172,,
Plot Title: 5S2G,1359,5/4/26 13:30,50.819,,
Plot Title: 5S2G,1360,5/4/26 13:45,50.29,,
Plot Title: 5S2G,1361,5/4/26 14:00,49.759,,
Plot Title: 5S2G,1362,5/4/26 14:15,49.582,,
Plot Title: 5S2G,1363,5/4/26 14:30,49.937,,
Plot Title: 5S2G,1364,5/4/26 14:45,50.113,,
Plot Title: 5S2G,1365,5/4/26 15:00,49.937,,
Plot Title: 5S2G,1366,5/4/26 15:15,50.113,,
Plot Title: 5S2G,1367,5/4/26 15:30,49.759,,
Plot Title: 5S2G,1368,5/4/26 15:45,49.582,,
Plot Title: 5S2G,1369,5/4/26 16:00,49.228,,
Plot Title: 5S2G,1370,5/4/26 16:15,49.404,,
Plot Title: 5S2G,1371,5/4/26 16:30,48.339,,
Plot Title: 5S2G,1372,5/4/26 16:45,48.16,,
Plot Title: 5S2G,1373,5/4/26 17:00,48.339,,
Plot Title: 5S2G,1374,5/4/26 17:15,47.982,,
Plot Title: 5S2G,1375,5/4/26 17:30,47.624,,
Plot Title: 5S2G,1376,5/4/26 17:45,47.088,,
Plot Title: 5S2G,1377,5/4/26 18:00,46.548,,
Plot Title: 5S2G,1378,5/4/26 18:15,46.188,,
Plot Title: 5S2G,1379,5/4/26 18:30,45.828,,
Plot Title: 5S2G,1380,5/4/26 18:45,45.466,,
Plot Title: 5S2G,1381,5/4/26 19:00,45.286,,
Plot Title: 5S2G,1382,5/4/26 19:15,45.104,,
Plot Title: 5S2G,1383,5/4/26 19:30,44.742,,
Plot Title: 5S2G,1384,5/4/26 19:45,44.379,,
Plot Title: 5S2G,1385,5/4/26 20:00,44.013,,
Plot Title: 5S2G,1386,5/4/26 20:15,43.831,,
Plot Title: 5S2G,1387,5/4/26 20:30,43.648,,
Plot Title: 5S2G,1388,5/4/26 20:45,43.466,,
Plot Title: 5S2G,1389,5/4/26 21:00,43.282,,
Plot Title: 5S2G,1390,5/4/26 21:15,43.099,,
Plot Title: 5S2G,1391,5/4/26 21:30,42.915,,
Plot Title: 5S2G,1392,5/4/26 21:45,42.732,,
Plot Title: 5S2G,1393,5/4/26 22:00,42.548,,
Plot Title: 5S2G,1394,5/4/26 22:15,42.363,,
Plot Title: 5S2G,1395,5/4/26 22:30,42.179,,
Plot Title: 5S2G,1396,5/4/26 22:45,42.179,,
Plot Title: 5S2G,1397,5/4/26 23:00,41.994,,
Plot Title: 5S2G,1398,5/4/26 23:15,41.81,,
Plot Title: 5S2G,1399,5/4/26 23:30,41.81,,
Plot Title: 5S2G,1400,5/4/26 23:45,41.625,,
Plot Title: 5S2G,1401,5/5/26 00:00,41.439,,
Plot Title: 5S2G,1402,5/5/26 00:15,41.439,,
Plot Title: 5S2G,1403,5/5/26 00:30,41.254,,
Plot Title: 5S2G,1404,5/5/26 00:45,41.254,,
Plot Title: 5S2G,1405,5/5/26 01:00,41.067,,
Plot Title: 5S2G,1406,5/5/26 01:15,40.881,,
Plot Title: 5S2G,1407,5/5/26 01:30,40.881,,
Plot Title: 5S2G,1408,5/5/26 01:45,40.509,,
Plot Title: 5S2G,1409,5/5/26 02:00,39.947,,
Plot Title: 5S2G,1410,5/5/26 02:15,39.76,,
Plot Title: 5S2G,1411,5/5/26 02:30,39.384,,
Plot Title: 5S2G,1412,5/5/26 02:45,39.196,,
Plot Title: 5S2G,1413,5/5/26 03:00,39.007,,
Plot Title: 5S2G,1414,5/5/26 03:15,38.818,,
Plot Title: 5S2G,1415,5/5/26 03:30,38.44,,
Plot Title: 5S2G,1416,5/5/26 03:45,38.25,,
Plot Title: 5S2G,1417,5/5/26 04:00,38.061,,
Plot Title: 5S2G,1418,5/5/26 04:15,37.87,,
Plot Title: 5S2G,1419,5/5/26 04:30,37.679,,
Plot Title: 5S2G,1420,5/5/26 04:45,37.488,,
Plot Title: 5S2G,1421,5/5/26 05:00,37.297,,
Plot Title: 5S2G,1422,5/5/26 05:15,37.107,,
Plot Title: 5S2G,1423,5/5/26 05:30,36.914,,
Plot Title: 5S2G,1424,5/5/26 05:45,36.723,,
Plot Title: 5S2G,1425,5/5/26 06:00,36.723,,
Plot Title: 5S2G,1426,5/5/26 06:15,36.531,,
Plot Title: 5S2G,1427,5/5/26 06:30,36.723,,
Plot Title: 5S2G,1428,5/5/26 06:45,36.723,,
Plot Title: 5S2G,1429,5/5/26 07:00,36.914,,
Plot Title: 5S2G,1430,5/5/26 07:15,37.107,,
Plot Title: 5S2G,1431,5/5/26 07:30,37.107,,
Plot Title: 5S2G,1432,5/5/26 07:45,37.488,,
Plot Title: 5S2G,1433,5/5/26 08:00,37.87,,
Plot Title: 5S2G,1434,5/5/26 08:15,38.818,,
Plot Title: 5S2G,1435,5/5/26 08:30,39.947,,
Plot Title: 5S2G,1436,5/5/26 08:45,41.625,,
Plot Title: 5S2G,1437,5/5/26 09:00,44.922,,
Plot Title: 5S2G,1438,5/5/26 09:15,46.369,,
Plot Title: 5S2G,1439,5/5/26 09:30,48.517,,
Plot Title: 5S2G,1440,5/5/26 09:45,49.05,,
Plot Title: 5S2G,1441,5/5/26 10:00,47.624,,
Plot Title: 5S2G,1442,5/5/26 10:15,47.088,,
Plot Title: 5S2G,1443,5/5/26 10:30,46.728,,
Plot Title: 5S2G,1444,5/5/26 10:45,48.339,,
Plot Title: 5S2G,1445,5/5/26 11:00,49.404,,
Plot Title: 5S2G,1446,5/5/26 11:15,50.819,,
Plot Title: 5S2G,1447,5/5/26 11:30,51.172,,
Plot Title: 5S2G,1448,5/5/26 11:45,52.925,,
Plot Title: 5S2G,1449,5/5/26 12:00,51.346,,
Plot Title: 5S2G,1450,5/5/26 12:15,50.29,,
Plot Title: 5S2G,1451,5/5/26 12:30,49.937,,
Plot Title: 5S2G,1452,5/5/26 12:45,49.228,,
Plot Title: 5S2G,1453,5/5/26 13:00,48.871,,
Plot Title: 5S2G,1454,5/5/26 13:15,47.624,,
Plot Title: 5S2G,1455,5/5/26 13:30,47.088,,
Plot Title: 5S2G,1456,5/5/26 13:45,46.908,,
Plot Title: 5S2G,1457,5/5/26 14:00,46.728,,
Plot Title: 5S2G,1458,5/5/26 14:15,46.369,,
Plot Title: 5S2G,1459,5/5/26 14:30,46.369,,
Plot Title: 5S2G,1460,5/5/26 14:45,46.008,,
Plot Title: 5S2G,1461,5/5/26 15:00,45.828,,
Plot Title: 5S2G,1462,5/5/26 15:15,45.466,,
Plot Title: 5S2G,1463,5/5/26 15:30,45.286,,
Plot Title: 5S2G,1464,5/5/26 15:45,45.286,,
Plot Title: 5S2G,1465,5/5/26 16:00,45.104,,
Plot Title: 5S2G,1466,5/5/26 16:15,44.56,,
Plot Title: 5S2G,1467,5/5/26 16:30,43.831,,
Plot Title: 5S2G,1468,5/5/26 16:45,43.831,,
Plot Title: 5S2G,1469,5/5/26 17:00,43.648,,
Plot Title: 5S2G,1470,5/5/26 17:15,43.466,,
Plot Title: 5S2G,1471,5/5/26 17:30,43.099,,
Plot Title: 5S2G,1472,5/5/26 17:45,42.732,,
Plot Title: 5S2G,1473,5/5/26 18:00,42.179,,
Plot Title: 5S2G,1474,5/5/26 18:15,41.81,,
Plot Title: 5S2G,1475,5/5/26 18:30,41.439,,
Plot Title: 5S2G,1476,5/5/26 18:45,41.254,,
Plot Title: 5S2G,1477,5/5/26 19:00,40.881,,
Plot Title: 5S2G,1478,5/5/26 19:15,40.509,,
Plot Title: 5S2G,1479,5/5/26 19:30,40.321,,
Plot Title: 5S2G,1480,5/5/26 19:45,40.134,,
Plot Title: 5S2G,1481,5/5/26 20:00,39.76,,
Plot Title: 5S2G,1482,5/5/26 20:15,39.384,,
Plot Title: 5S2G,1483,5/5/26 20:30,39.196,,
Plot Title: 5S2G,1484,5/5/26 20:45,39.007,,
Plot Title: 5S2G,1485,5/5/26 21:00,38.629,,
Plot Title: 5S2G,1486,5/5/26 21:15,38.629,,
Plot Title: 5S2G,1487,5/5/26 21:30,38.25,,
Plot Title: 5S2G,1488,5/5/26 21:45,38.061,,
Plot Title: 5S2G,1489,5/5/26 22:00,37.87,,
Plot Title: 5S2G,1490,5/5/26 22:15,37.488,,
Plot Title: 5S2G,1491,5/5/26 22:30,37.488,,
Plot Title: 5S2G,1492,5/5/26 22:45,37.297,,
Plot Title: 5S2G,1493,5/5/26 23:00,37.107,,
Plot Title: 5S2G,1494,5/5/26 23:15,36.914,,
Plot Title: 5S2G,1495,5/5/26 23:30,36.531,,
Plot Title: 5S2G,1496,5/5/26 23:45,36.531,,
Plot Title: 5S2G,1497,5/6/26 00:00,36.338,,
Plot Title: 5S2G,1498,5/6/26 00:15,36.145,,
Plot Title: 5S2G,1499,5/6/26 00:30,35.951,,
Plot Title: 5S2G,1500,5/6/26 00:45,35.758,,
Plot Title: 5S2G,1501,5/6/26 01:00,35.758,,
Plot Title: 5S2G,1502,5/6/26 01:15,35.564,,
Plot Title: 5S2G,1503,5/6/26 01:30,35.37,,
Plot Title: 5S2G,1504,5/6/26 01:45,35.37,,
Plot Title: 5S2G,1505,5/6/26 02:00,35.175,,
Plot Title: 5S2G,1506,5/6/26 02:15,35.175,,
Plot Title: 5S2G,1507,5/6/26 02:30,34.981,,
Plot Title: 5S2G,1508,5/6/26 02:45,34.786,,
Plot Title: 5S2G,1509,5/6/26 03:00,34.786,,
Plot Title: 5S2G,1510,5/6/26 03:15,34.59,,
Plot Title: 5S2G,1511,5/6/26 03:30,34.59,,
Plot Title: 5S2G,1512,5/6/26 03:45,34.394,,
Plot Title: 5S2G,1513,5/6/26 04:00,34.394,,
Plot Title: 5S2G,1514,5/6/26 04:15,34.198,,
Plot Title: 5S2G,1515,5/6/26 04:30,34.198,,
Plot Title: 5S2G,1516,5/6/26 04:45,34.198,,
Plot Title: 5S2G,1517,5/6/26 05:00,34.002,,
Plot Title: 5S2G,1518,5/6/26 05:15,34.002,,
Plot Title: 5S2G,1519,5/6/26 05:30,34.002,,
Plot Title: 5S2G,1520,5/6/26 05:45,33.805,,
Plot Title: 5S2G,1521,5/6/26 06:00,33.805,,
Plot Title: 5S2G,1522,5/6/26 06:15,33.607,,
Plot Title: 5S2G,1523,5/6/26 06:30,33.607,,
Plot Title: 5S2G,1524,5/6/26 06:45,33.607,,
Plot Title: 5S2G,1525,5/6/26 07:00,33.607,,
Plot Title: 5S2G,1526,5/6/26 07:15,33.607,,
Plot Title: 5S2G,1527,5/6/26 07:30,33.607,,
Plot Title: 5S2G,1528,5/6/26 07:45,33.805,,
Plot Title: 5S2G,1529,5/6/26 08:00,34.002,,
Plot Title: 5S2G,1530,5/6/26 08:15,34.394,,
Plot Title: 5S2G,1531,5/6/26 08:30,35.175,,
Plot Title: 5S2G,1532,5/6/26 08:45,39.76,,
Plot Title: 5S2G,1533,5/6/26 09:00,43.831,,
Plot Title: 5S2G,1534,5/6/26 09:15,46.369,,
Plot Title: 5S2G,1535,5/6/26 09:30,48.695,,
Plot Title: 5S2G,1536,5/6/26 09:45,48.517,,
Plot Title: 5S2G,1537,5/6/26 10:00,46.728,,
Plot Title: 5S2G,1538,5/6/26 10:15,45.104,,
Plot Title: 5S2G,1539,5/6/26 10:30,43.831,,
Plot Title: 5S2G,1540,5/6/26 10:45,45.466,,
Plot Title: 5S2G,1541,5/6/26 11:00,48.695,,
Plot Title: 5S2G,1542,5/6/26 11:15,51.874,,
Plot Title: 5S2G,1543,5/6/26 11:30,55.537,,
Plot Title: 5S2G,1544,5/6/26 11:45,57.441,,
Plot Title: 5S2G,1545,5/6/26 12:00,57.614,,
Plot Title: 5S2G,1546,5/6/26 12:15,55.189,,
Plot Title: 5S2G,1547,5/6/26 12:30,55.189,,
Plot Title: 5S2G,1548,5/6/26 12:45,51.523,,
Plot Title: 5S2G,1549,5/6/26 13:00,49.582,,
Plot Title: 5S2G,1550,5/6/26 13:15,48.517,,
Plot Title: 5S2G,1551,5/6/26 13:30,47.982,,
Plot Title: 5S2G,1552,5/6/26 13:45,47.266,,
Plot Title: 5S2G,1553,5/6/26 14:00,46.728,,
Plot Title: 5S2G,1554,5/6/26 14:15,46.369,,
Plot Title: 5S2G,1555,5/6/26 14:30,46.008,,
Plot Title: 5S2G,1556,5/6/26 14:45,45.828,,
Plot Title: 5S2G,1557,5/6/26 15:00,45.648,,
Plot Title: 5S2G,1558,5/6/26 15:15,45.648,,
Plot Title: 5S2G,1559,5/6/26 15:30,45.828,,
Plot Title: 5S2G,1560,5/6/26 15:45,45.648,,
Plot Title: 5S2G,1561,5/6/26 16:00,45.828,,
Plot Title: 5S2G,1562,5/6/26 16:15,46.008,,
Plot Title: 5S2G,1563,5/6/26 16:30,46.188,,
Plot Title: 5S2G,1564,5/6/26 16:45,46.369,,
Plot Title: 5S2G,1565,5/6/26 17:00,46.728,,
Plot Title: 5S2G,1566,5/6/26 17:15,46.548,,
Plot Title: 5S2G,1567,5/6/26 17:30,46.548,,
Plot Title: 5S2G,1568,5/6/26 17:45,46.188,,
Plot Title: 5S2G,1569,5/6/26 18:00,46.008,,
Plot Title: 5S2G,1570,5/6/26 18:15,46.188,,
Plot Title: 5S2G,1571,5/6/26 18:30,46.008,,
Plot Title: 5S2G,1572,5/6/26 18:45,46.008,,
Plot Title: 5S2G,1573,5/6/26 19:00,46.008,,
Plot Title: 5S2G,1574,5/6/26 19:15,45.828,,
Plot Title: 5S2G,1575,5/6/26 19:30,45.648,,
Plot Title: 5S2G,1576,5/6/26 19:45,45.466,,
Plot Title: 5S2G,1577,5/6/26 20:00,45.286,,
Plot Title: 5S2G,1578,5/6/26 20:15,45.104,,
Plot Title: 5S2G,1579,5/6/26 20:30,44.922,,
Plot Title: 5S2G,1580,5/6/26 20:45,44.922,,
Plot Title: 5S2G,1581,5/6/26 21:00,44.742,,
Plot Title: 5S2G,1582,5/6/26 21:15,44.56,,
Plot Title: 5S2G,1583,5/6/26 21:30,44.379,,
Plot Title: 5S2G,1584,5/6/26 21:45,44.379,,
Plot Title: 5S2G,1585,5/6/26 22:00,44.379,,
Plot Title: 5S2G,1586,5/6/26 22:15,44.379,,
Plot Title: 5S2G,1587,5/6/26 22:30,44.195,,
Plot Title: 5S2G,1588,5/6/26 22:45,44.195,,
Plot Title: 5S2G,1589,5/6/26 23:00,44.013,,
Plot Title: 5S2G,1590,5/6/26 23:15,43.831,,
Plot Title: 5S2G,1591,5/6/26 23:30,43.648,,
Plot Title: 5S2G,1592,5/6/26 23:45,43.466,,
Plot Title: 5S2G,1593,5/7/26 00:00,43.282,,
Plot Title: 5S2G,1594,5/7/26 00:15,43.282,,
Plot Title: 5S2G,1595,5/7/26 00:30,43.099,,
Plot Title: 5S2G,1596,5/7/26 00:45,43.099,,
Plot Title: 5S2G,1597,5/7/26 01:00,43.099,,
Plot Title: 5S2G,1598,5/7/26 01:15,42.915,,
Plot Title: 5S2G,1599,5/7/26 01:30,42.732,,
Plot Title: 5S2G,1600,5/7/26 01:45,42.732,,
Plot Title: 5S2G,1601,5/7/26 02:00,42.548,,
Plot Title: 5S2G,1602,5/7/26 02:15,42.548,,
Plot Title: 5S2G,1603,5/7/26 02:30,42.363,,
Plot Title: 5S2G,1604,5/7/26 02:45,42.548,,
Plot Title: 5S2G,1605,5/7/26 03:00,42.548,,
Plot Title: 5S2G,1606,5/7/26 03:15,42.548,,
Plot Title: 5S2G,1607,5/7/26 03:30,42.179,,
Plot Title: 5S2G,1608,5/7/26 03:45,41.994,,
Plot Title: 5S2G,1609,5/7/26 04:00,41.81,,
Plot Title: 5S2G,1610,5/7/26 04:15,41.625,,
Plot Title: 5S2G,1611,5/7/26 04:30,41.439,,
Plot Title: 5S2G,1612,5/7/26 04:45,41.439,,
Plot Title: 5S2G,1613,5/7/26 05:00,41.254,,
Plot Title: 5S2G,1614,5/7/26 05:15,41.254,,
Plot Title: 5S2G,1615,5/7/26 05:30,41.067,,
Plot Title: 5S2G,1616,5/7/26 05:45,41.067,,
Plot Title: 5S2G,1617,5/7/26 06:00,41.067,,
Plot Title: 5S2G,1618,5/7/26 06:15,41.067,,
Plot Title: 5S2G,1619,5/7/26 06:30,41.067,,
Plot Title: 5S2G,1620,5/7/26 06:45,41.067,,
Plot Title: 5S2G,1621,5/7/26 07:00,41.067,,
Plot Title: 5S2G,1622,5/7/26 07:15,41.254,,
Plot Title: 5S2G,1623,5/7/26 07:30,41.625,,
Plot Title: 5S2G,1624,5/7/26 07:45,41.81,,
Plot Title: 5S2G,1625,5/7/26 08:00,42.363,,
Plot Title: 5S2G,1626,5/7/26 08:15,43.648,,
Plot Title: 5S2G,1627,5/7/26 08:30,44.922,,
Plot Title: 5S2G,1628,5/7/26 08:45,49.228,,
Plot Title: 5S2G,1629,5/7/26 09:00,52.75,,
Plot Title: 5S2G,1630,5/7/26 09:15,55.364,,
Plot Title: 5S2G,1631,5/7/26 09:30,56.75,,
Plot Title: 5S2G,1632,5/7/26 09:45,56.23,,
Plot Title: 5S2G,1633,5/7/26 10:00,55.711,,
Plot Title: 5S2G,1634,5/7/26 10:15,54.495,,
Plot Title: 5S2G,1635,5/7/26 10:30,53.623,,
Plot Title: 5S2G,1636,5/7/26 10:45,54.495,,
Plot Title: 5S2G,1637,5/7/26 11:00,55.017,,
Plot Title: 5S2G,1638,5/7/26 11:15,55.884,,
Plot Title: 5S2G,1639,5/7/26 11:30,54.842,,
Plot Title: 5S2G,1640,5/7/26 11:45,55.537,,
Plot Title: 5S2G,1641,5/7/26 12:00,54.495,,
Plot Title: 5S2G,1642,5/7/26 12:15,53.798,,
Plot Title: 5S2G,1643,5/7/26 12:30,55.017,,
Plot Title: 5S2G,1644,5/7/26 12:45,53.449,,
Plot Title: 5S2G,1645,5/7/26 13:00,52.401,,
Plot Title: 5S2G,1646,5/7/26 13:15,51.699,,
Plot Title: 5S2G,1647,5/7/26 13:30,51.523,,
Plot Title: 5S2G,1648,5/7/26 13:45,51.172,,
Plot Title: 5S2G,1649,5/7/26 14:00,50.819,,
Plot Title: 5S2G,1650,5/7/26 14:15,50.819,,
Plot Title: 5S2G,1651,5/7/26 14:30,50.643,,
Plot Title: 5S2G,1652,5/7/26 14:45,50.819,,
Plot Title: 5S2G,1653,5/7/26 15:00,50.466,,
Plot Title: 5S2G,1654,5/7/26 15:15,50.466,,
Plot Title: 5S2G,1655,5/7/26 15:30,50.643,,
Plot Title: 5S2G,1656,5/7/26 15:45,50.643,,
Plot Title: 5S2G,1657,5/7/26 16:00,50.29,,
Plot Title: 5S2G,1658,5/7/26 16:15,50.113,,
Plot Title: 5S2G,1659,5/7/26 16:30,49.759,,
Plot Title: 5S2G,1660,5/7/26 16:45,49.582,,
Plot Title: 5S2G,1661,5/7/26 17:00,49.404,,
Plot Title: 5S2G,1662,5/7/26 17:15,49.404,,
Plot Title: 5S2G,1663,5/7/26 17:30,49.228,,
Plot Title: 5S2G,1664,5/7/26 17:45,49.404,,
Plot Title: 5S2G,1665,5/7/26 18:00,49.404,,
Plot Title: 5S2G,1666,5/7/26 18:15,48.871,,
Plot Title: 5S2G,1667,5/7/26 18:30,48.695,,
Plot Title: 5S2G,1668,5/7/26 18:45,48.517,,
Plot Title: 5S2G,1669,5/7/26 19:00,48.339,,
Plot Title: 5S2G,1670,5/7/26 19:15,47.982,,
Plot Title: 5S2G,1671,5/7/26 19:30,47.802,,
Plot Title: 5S2G,1672,5/7/26 19:45,47.624,,
Plot Title: 5S2G,1673,5/7/26 20:00,47.446,,
Plot Title: 5S2G,1674,5/7/26 20:15,47.088,,
Plot Title: 5S2G,1675,5/7/26 20:30,46.908,,
Plot Title: 5S2G,1676,5/7/26 20:45,46.728,,
Plot Title: 5S2G,1677,5/7/26 21:00,46.188,,
Plot Title: 5S2G,1678,5/7/26 21:15,46.008,,
Plot Title: 5S2G,1679,5/7/26 21:30,45.648,,
Plot Title: 5S2G,1680,5/7/26 21:45,45.286,,
Plot Title: 5S2G,1681,5/7/26 22:00,44.922,,
Plot Title: 5S2G,1682,5/7/26 22:15,44.742,,
Plot Title: 5S2G,1683,5/7/26 22:30,44.56,,
Plot Title: 5S2G,1684,5/7/26 22:45,44.195,,
Plot Title: 5S2G,1685,5/7/26 23:00,44.013,,
Plot Title: 5S2G,1686,5/7/26 23:15,43.648,,
Plot Title: 5S2G,1687,5/7/26 23:30,43.466,,
Plot Title: 5S2G,1688,5/7/26 23:45,43.282,,
Plot Title: 5S2G,1689,5/8/26 00:00,43.099,,
Plot Title: 5S2G,1690,5/8/26 00:15,42.915,,
Plot Title: 5S2G,1691,5/8/26 00:30,42.732,,
Plot Title: 5S2G,1692,5/8/26 00:45,42.548,,
Plot Title: 5S2G,1693,5/8/26 01:00,42.363,,
Plot Title: 5S2G,1694,5/8/26 01:15,42.179,,
Plot Title: 5S2G,1695,5/8/26 01:30,42.179,,
Plot Title: 5S2G,1696,5/8/26 01:45,41.994,,
Plot Title: 5S2G,1697,5/8/26 02:00,41.81,,
Plot Title: 5S2G,1698,5/8/26 02:15,41.81,,
Plot Title: 5S2G,1699,5/8/26 02:30,41.625,,
Plot Title: 5S2G,1700,5/8/26 02:45,41.625,,
Plot Title: 5S2G,1701,5/8/26 03:00,41.439,,
Plot Title: 5S2G,1702,5/8/26 03:15,41.439,,
Plot Title: 5S2G,1703,5/8/26 03:30,41.254,,
Plot Title: 5S2G,1704,5/8/26 03:45,41.254,,
Plot Title: 5S2G,1705,5/8/26 04:00,41.067,,
Plot Title: 5S2G,1706,5/8/26 04:15,41.067,,
Plot Title: 5S2G,1707,5/8/26 04:30,40.881,,
Plot Title: 5S2G,1708,5/8/26 04:45,40.696,,
Plot Title: 5S2G,1709,5/8/26 05:00,40.509,,
Plot Title: 5S2G,1710,5/8/26 05:15,40.509,,
Plot Title: 5S2G,1711,5/8/26 05:30,40.321,,
Plot Title: 5S2G,1712,5/8/26 05:45,40.134,,
Plot Title: 5S2G,1713,5/8/26 06:00,40.134,,
Plot Title: 5S2G,1714,5/8/26 06:15,39.947,,
Plot Title: 5S2G,1715,5/8/26 06:30,39.947,,
Plot Title: 5S2G,1716,5/8/26 06:45,39.76,,
Plot Title: 5S2G,1717,5/8/26 07:00,39.947,,
Plot Title: 5S2G,1718,5/8/26 07:15,40.134,,
Plot Title: 5S2G,1719,5/8/26 07:30,40.134,,
Plot Title: 5S2G,1720,5/8/26 07:45,40.509,,
Plot Title: 5S2G,1721,5/8/26 08:00,41.439,,
Plot Title: 5S2G,1722,5/8/26 08:15,42.915,,
Plot Title: 5S2G,1723,5/8/26 08:30,44.013,,
Plot Title: 5S2G,1724,5/8/26 08:45,46.908,,
Plot Title: 5S2G,1725,5/8/26 09:00,50.113,,
Plot Title: 5S2G,1726,5/8/26 09:15,53.1,,
Plot Title: 5S2G,1727,5/8/26 09:30,55.537,,
Plot Title: 5S2G,1728,5/8/26 09:45,56.923,,
Plot Title: 5S2G,1729,5/8/26 10:00,56.577,,
Plot Title: 5S2G,1730,5/8/26 10:15,56.404,,
Plot Title: 5S2G,1731,5/8/26 10:30,54.147,,
Plot Title: 5S2G,1732,5/8/26 10:45,56.923,,
Plot Title: 5S2G,1733,5/8/26 11:00,60.539,,
Plot Title: 5S2G,1734,5/8/26 11:15,63.282,,
Plot Title: 5S2G,1735,5/8/26 11:30,64.481,,
Plot Title: 5S2G,1736,5/8/26 11:45,66.022,,
Plot Title: 5S2G,1737,5/8/26 12:00,64.31,,
Plot Title: 5S2G,1738,5/8/26 12:15,61.398,,
Plot Title: 5S2G,1739,5/8/26 12:30,60.024,,
Plot Title: 5S2G,1740,5/8/26 12:45,57.614,,
Plot Title: 5S2G,1741,5/8/26 13:00,56.057,,
Plot Title: 5S2G,1742,5/8/26 13:15,55.189,,
Plot Title: 5S2G,1743,5/8/26 13:30,54.669,,
Plot Title: 5S2G,1744,5/8/26 13:45,53.973,,
Plot Title: 5S2G,1745,5/8/26 14:00,53.798,,
Plot Title: 5S2G,1746,5/8/26 14:15,53.973,,
Plot Title: 5S2G,1747,5/8/26 14:30,53.973,,
Plot Title: 5S2G,1748,5/8/26 14:45,53.973,,
Plot Title: 5S2G,1749,5/8/26 15:00,53.449,,
Plot Title: 5S2G,1750,5/8/26 15:15,52.925,,
Plot Title: 5S2G,1751,5/8/26 15:30,52.925,,
Plot Title: 5S2G,1752,5/8/26 15:45,52.925,,
Plot Title: 5S2G,1753,5/8/26 16:00,52.75,,
Plot Title: 5S2G,1754,5/8/26 16:15,52.75,,
Plot Title: 5S2G,1755,5/8/26 16:30,52.925,,
Plot Title: 5S2G,1756,5/8/26 16:45,52.925,,
Plot Title: 5S2G,1757,5/8/26 17:00,52.925,,
Plot Title: 5S2G,1758,5/8/26 17:15,52.576,,
Plot Title: 5S2G,1759,5/8/26 17:30,52.576,,
Plot Title: 5S2G,1760,5/8/26 17:45,52.401,,
Plot Title: 5S2G,1761,5/8/26 18:00,52.225,,
Plot Title: 5S2G,1762,5/8/26 18:15,52.05,,
Plot Title: 5S2G,1763,5/8/26 18:30,51.523,,
Plot Title: 5S2G,1764,5/8/26 18:45,51.172,,
Plot Title: 5S2G,1765,5/8/26 19:00,50.643,,
Plot Title: 5S2G,1766,5/8/26 19:15,50.466,,
Plot Title: 5S2G,1767,5/8/26 19:30,50.113,,
Plot Title: 5S2G,1768,5/8/26 19:45,49.759,,
Plot Title: 5S2G,1769,5/8/26 20:00,49.582,,
Plot Title: 5S2G,1770,5/8/26 20:15,49.228,,
Plot Title: 5S2G,1771,5/8/26 20:30,49.05,,
Plot Title: 5S2G,1772,5/8/26 20:45,48.695,,
Plot Title: 5S2G,1773,5/8/26 21:00,48.517,,
Plot Title: 5S2G,1774,5/8/26 21:15,48.339,,
Plot Title: 5S2G,1775,5/8/26 21:30,48.16,,
Plot Title: 5S2G,1776,5/8/26 21:45,47.982,,
Plot Title: 5S2G,1777,5/8/26 22:00,47.802,,
Plot Title: 5S2G,1778,5/8/26 22:15,47.624,,
Plot Title: 5S2G,1779,5/8/26 22:30,47.446,,
Plot Title: 5S2G,1780,5/8/26 22:45,47.266,,
Plot Title: 5S2G,1781,5/8/26 23:00,47.088,,
Plot Title: 5S2G,1782,5/8/26 23:15,46.728,,
Plot Title: 5S2G,1783,5/8/26 23:30,46.369,,
Plot Title: 5S2G,1784,5/8/26 23:45,46.188,,
Plot Title: 5S2G,1785,5/9/26 00:00,46.008,,
Plot Title: 5S2G,1786,5/9/26 00:15,45.828,,
Plot Title: 5S2G,1787,5/9/26 00:30,45.648,,
Plot Title: 5S2G,1788,5/9/26 00:45,45.286,,
Plot Title: 5S2G,1789,5/9/26 01:00,45.104,,
Plot Title: 5S2G,1790,5/9/26 01:15,45.104,,
Plot Title: 5S2G,1791,5/9/26 01:30,44.922,,
Plot Title: 5S2G,1792,5/9/26 01:45,44.742,,
Plot Title: 5S2G,1793,5/9/26 02:00,44.56,,
Plot Title: 5S2G,1794,5/9/26 02:15,44.195,,
Plot Title: 5S2G,1795,5/9/26 02:30,44.195,,
Plot Title: 5S2G,1796,5/9/26 02:45,44.013,,
Plot Title: 5S2G,1797,5/9/26 03:00,43.831,,
Plot Title: 5S2G,1798,5/9/26 03:15,43.466,,
Plot Title: 5S2G,1799,5/9/26 03:30,43.099,,
Plot Title: 5S2G,1800,5/9/26 03:45,42.732,,
Plot Title: 5S2G,1801,5/9/26 04:00,42.548,,
Plot Title: 5S2G,1802,5/9/26 04:15,42.363,,
Plot Title: 5S2G,1803,5/9/26 04:30,42.179,,
Plot Title: 5S2G,1804,5/9/26 04:45,41.994,,
Plot Title: 5S2G,1805,5/9/26 05:00,41.625,,
Plot Title: 5S2G,1806,5/9/26 05:15,41.439,,
Plot Title: 5S2G,1807,5/9/26 05:30,41.254,,
Plot Title: 5S2G,1808,5/9/26 05:45,41.254,,
Plot Title: 5S2G,1809,5/9/26 06:00,41.067,,
Plot Title: 5S2G,1810,5/9/26 06:15,41.067,,
Plot Title: 5S2G,1811,5/9/26 06:30,41.067,,
Plot Title: 5S2G,1812,5/9/26 06:45,41.254,,
Plot Title: 5S2G,1813,5/9/26 07:00,41.625,,
Plot Title: 5S2G,1814,5/9/26 07:15,41.625,,
Plot Title: 5S2G,1815,5/9/26 07:30,42.179,,
Plot Title: 5S2G,1816,5/9/26 07:45,42.548,,
Plot Title: 5S2G,1817,5/9/26 08:00,43.282,,
Plot Title: 5S2G,1818,5/9/26 08:15,44.379,,
Plot Title: 5S2G,1819,5/9/26 08:30,44.922,,
Plot Title: 5S2G,1820,5/9/26 08:45,49.05,,
Plot Title: 5S2G,1821,5/9/26 09:00,52.925,,
Plot Title: 5S2G,1822,5/9/26 09:15,55.884,,
Plot Title: 5S2G,1823,5/9/26 09:30,55.364,,
Plot Title: 5S2G,1824,5/9/26 09:45,55.884,,
Plot Title: 5S2G,1825,5/9/26 10:00,56.923,,
Plot Title: 5S2G,1826,5/9/26 10:15,56.75,,
Plot Title: 5S2G,1827,5/9/26 10:30,54.842,,
Plot Title: 5S2G,1828,5/9/26 10:45,54.147,,
Plot Title: 5S2G,1829,5/9/26 11:00,60.024,,
Plot Title: 5S2G,1830,5/9/26 11:15,63.282,,
Plot Title: 5S2G,1831,5/9/26 11:30,64.996,,
Plot Title: 5S2G,1832,5/9/26 11:45,66.022,,
Plot Title: 5S2G,1833,5/9/26 12:00,64.31,,
Plot Title: 5S2G,1834,5/9/26 12:15,61.741,,
Plot Title: 5S2G,1835,5/9/26 12:30,59.851,,
Plot Title: 5S2G,1836,5/9/26 12:45,57.441,,
Plot Title: 5S2G,1837,5/9/26 13:00,55.537,,
Plot Title: 5S2G,1838,5/9/26 13:15,54.669,,
Plot Title: 5S2G,1839,5/9/26 13:30,54.495,,
Plot Title: 5S2G,1840,5/9/26 13:45,53.798,,
Plot Title: 5S2G,1841,5/9/26 14:00,53.1,,
Plot Title: 5S2G,1842,5/9/26 14:15,52.75,,
Plot Title: 5S2G,1843,5/9/26 14:30,52.05,,
Plot Title: 5S2G,1844,5/9/26 14:45,51.874,,
Plot Title: 5S2G,1845,5/9/26 15:00,51.523,,
Plot Title: 5S2G,1846,5/9/26 15:15,51.699,,
Plot Title: 5S2G,1847,5/9/26 15:30,51.874,,
Plot Title: 5S2G,1848,5/9/26 15:45,51.699,,
Plot Title: 5S2G,1849,5/9/26 16:00,51.699,,
Plot Title: 5S2G,1850,5/9/26 16:15,50.995,,
Plot Title: 5S2G,1851,5/9/26 16:30,50.643,,
Plot Title: 5S2G,1852,5/9/26 16:45,49.937,,
Plot Title: 5S2G,1853,5/9/26 17:00,49.404,,
Plot Title: 5S2G,1854,5/9/26 17:15,49.05,,
Plot Title: 5S2G,1855,5/9/26 17:30,48.871,,
Plot Title: 5S2G,1856,5/9/26 17:45,48.695,,
Plot Title: 5S2G,1857,5/9/26 18:00,48.517,,
Plot Title: 5S2G,1858,5/9/26 18:15,48.16,,
Plot Title: 5S2G,1859,5/9/26 18:30,48.16,,
Plot Title: 5S2G,1860,5/9/26 18:45,47.982,,
Plot Title: 5S2G,1861,5/9/26 19:00,47.982,,
Plot Title: 5S2G,1862,5/9/26 19:15,47.802,,
Plot Title: 5S2G,1863,5/9/26 19:30,47.446,,
Plot Title: 5S2G,1864,5/9/26 19:45,47.266,,
Plot Title: 5S2G,1865,5/9/26 20:00,46.908,,
Plot Title: 5S2G,1866,5/9/26 20:15,46.728,,
Plot Title: 5S2G,1867,5/9/26 20:30,46.369,,
Plot Title: 5S2G,1868,5/9/26 20:45,46.188,,
Plot Title: 5S2G,1869,5/9/26 21:00,45.828,,
Plot Title: 5S2G,1870,5/9/26 21:15,45.648,,
Plot Title: 5S2G,1871,5/9/26 21:30,45.286,,
Plot Title: 5S2G,1872,5/9/26 21:45,45.104,,
Plot Title: 5S2G,1873,5/9/26 22:00,44.922,,
Plot Title: 5S2G,1874,5/9/26 22:15,44.56,,
Plot Title: 5S2G,1875,5/9/26 22:30,44.379,,
Plot Title: 5S2G,1876,5/9/26 22:45,44.195,,
Plot Title: 5S2G,1877,5/9/26 23:00,44.013,,
Plot Title: 5S2G,1878,5/9/26 23:15,43.831,,
Plot Title: 5S2G,1879,5/9/26 23:30,43.648,,
Plot Title: 5S2G,1880,5/9/26 23:45,43.466,,
Plot Title: 5S2G,1881,5/10/26 00:00,43.282,,
Plot Title: 5S2G,1882,5/10/26 00:15,43.282,,
Plot Title: 5S2G,1883,5/10/26 00:30,43.099,,
Plot Title: 5S2G,1884,5/10/26 00:45,42.915,,
Plot Title: 5S2G,1885,5/10/26 01:00,42.915,,
Plot Title: 5S2G,1886,5/10/26 01:15,42.732,,
Plot Title: 5S2G,1887,5/10/26 01:30,42.548,,
Plot Title: 5S2G,1888,5/10/26 01:45,42.363,,
Plot Title: 5S2G,1889,5/10/26 02:00,42.179,,
Plot Title: 5S2G,1890,5/10/26 02:15,42.179,,
Plot Title: 5S2G,1891,5/10/26 02:30,41.994,,
Plot Title: 5S2G,1892,5/10/26 02:45,41.81,,
Plot Title: 5S2G,1893,5/10/26 03:00,41.625,,
Plot Title: 5S2G,1894,5/10/26 03:15,41.439,,
Plot Title: 5S2G,1895,5/10/26 03:30,41.254,,
Plot Title: 5S2G,1896,5/10/26 03:45,41.067,,
Plot Title: 5S2G,1897,5/10/26 04:00,40.881,,
Plot Title: 5S2G,1898,5/10/26 04:15,40.881,,
Plot Title: 5S2G,1899,5/10/26 04:30,40.696,,
Plot Title: 5S2G,1900,5/10/26 04:45,40.509,,
Plot Title: 5S2G,1901,5/10/26 05:00,40.321,,
Plot Title: 5S2G,1902,5/10/26 05:15,40.321,,
Plot Title: 5S2G,1903,5/10/26 05:30,40.134,,
Plot Title: 5S2G,1904,5/10/26 05:45,39.947,,
Plot Title: 5S2G,1905,5/10/26 06:00,39.947,,
Plot Title: 5S2G,1906,5/10/26 06:15,39.76,,
Plot Title: 5S2G,1907,5/10/26 06:30,39.76,,
Plot Title: 5S2G,1908,5/10/26 06:45,39.573,,
Plot Title: 5S2G,1909,5/10/26 07:00,39.76,,
Plot Title: 5S2G,1910,5/10/26 07:15,39.947,,
Plot Title: 5S2G,1911,5/10/26 07:30,40.321,,
Plot Title: 5S2G,1912,5/10/26 07:45,40.696,,
Plot Title: 5S2G,1913,5/10/26 08:00,41.439,,
Plot Title: 5S2G,1914,5/10/26 08:15,41.994,,
Plot Title: 5S2G,1915,5/10/26 08:30,45.104,,
Plot Title: 5S2G,1916,5/10/26 08:45,48.695,,
Plot Title: 5S2G,1917,5/10/26 09:00,51.874,,
Plot Title: 5S2G,1918,5/10/26 09:15,54.495,,
Plot Title: 5S2G,1919,5/10/26 09:30,56.577,,
Plot Title: 5S2G,1920,5/10/26 09:45,58.303,,
Plot Title: 5S2G,1921,5/10/26 10:00,56.923,,
Plot Title: 5S2G,1922,5/10/26 10:15,57.785,,
Plot Title: 5S2G,1923,5/10/26 10:30,55.537,,
Plot Title: 5S2G,1924,5/10/26 10:45,58.476,,
Plot Title: 5S2G,1925,5/10/26 11:00,63.111,,
Plot Title: 5S2G,1926,5/10/26 11:15,65.68,,
Plot Title: 5S2G,1927,5/10/26 11:30,68.077,,
Plot Title: 5S2G,1928,5/10/26 11:45,69.964,,
Plot Title: 5S2G,1929,5/10/26 12:00,68.248,,
Plot Title: 5S2G,1930,5/10/26 12:15,64.481,,
Plot Title: 5S2G,1931,5/10/26 12:30,62.769,,
Plot Title: 5S2G,1932,5/10/26 12:45,60.368,,
Plot Title: 5S2G,1933,5/10/26 13:00,58.131,,
Plot Title: 5S2G,1934,5/10/26 13:15,56.923,,
Plot Title: 5S2G,1935,5/10/26 13:30,55.884,,
Plot Title: 5S2G,1936,5/10/26 13:45,55.017,,
Plot Title: 5S2G,1937,5/10/26 14:00,54.495,,
Plot Title: 5S2G,1938,5/10/26 14:15,53.973,,
Plot Title: 5S2G,1939,5/10/26 14:30,53.623,,
Plot Title: 5S2G,1940,5/10/26 14:45,53.274,,
Plot Title: 5S2G,1941,5/10/26 15:00,53.274,,
Plot Title: 5S2G,1942,5/10/26 15:15,52.925,,
Plot Title: 5S2G,1943,5/10/26 15:30,52.75,,
Plot Title: 5S2G,1944,5/10/26 15:45,52.576,,
Plot Title: 5S2G,1945,5/10/26 16:00,52.401,,
Plot Title: 5S2G,1946,5/10/26 16:15,52.225,,
Plot Title: 5S2G,1947,5/10/26 16:30,52.05,,
Plot Title: 5S2G,1948,5/10/26 16:45,51.874,,
Plot Title: 5S2G,1949,5/10/26 17:00,51.699,,
Plot Title: 5S2G,1950,5/10/26 17:15,51.699,,
Plot Title: 5S2G,1951,5/10/26 17:30,51.523,,
Plot Title: 5S2G,1952,5/10/26 17:45,51.346,,
Plot Title: 5S2G,1953,5/10/26 18:00,51.172,,
Plot Title: 5S2G,1954,5/10/26 18:15,50.995,,
Plot Title: 5S2G,1955,5/10/26 18:30,50.819,,
Plot Title: 5S2G,1956,5/10/26 18:45,50.643,,
Plot Title: 5S2G,1957,5/10/26 19:00,50.466,,
Plot Title: 5S2G,1958,5/10/26 19:15,50.29,,
Plot Title: 5S2G,1959,5/10/26 19:30,50.113,,
Plot Title: 5S2G,1960,5/10/26 19:45,49.937,,
Plot Title: 5S2G,1961,5/10/26 20:00,49.759,,
Plot Title: 5S2G,1962,5/10/26 20:15,49.759,,
Plot Title: 5S2G,1963,5/10/26 20:30,49.582,,
Plot Title: 5S2G,1964,5/10/26 20:45,49.404,,
Plot Title: 5S2G,1965,5/10/26 21:00,49.228,,
Plot Title: 5S2G,1966,5/10/26 21:15,49.05,,
Plot Title: 5S2G,1967,5/10/26 21:30,48.871,,
Plot Title: 5S2G,1968,5/10/26 21:45,48.517,,
Plot Title: 5S2G,1969,5/10/26 22:00,48.339,,
Plot Title: 5S2G,1970,5/10/26 22:15,48.16,,
Plot Title: 5S2G,1971,5/10/26 22:30,47.982,,
Plot Title: 5S2G,1972,5/10/26 22:45,47.624,,
Plot Title: 5S2G,1973,5/10/26 23:00,47.446,,
Plot Title: 5S2G,1974,5/10/26 23:15,47.266,,
Plot Title: 5S2G,1975,5/10/26 23:30,47.266,,
Plot Title: 5S2G,1976,5/10/26 23:45,47.266,,
Plot Title: 5S2G,1977,5/11/26 00:00,47.266,,
Plot Title: 5S2G,1978,5/11/26 00:15,47.266,,
Plot Title: 5S2G,1979,5/11/26 00:30,47.088,,
Plot Title: 5S2G,1980,5/11/26 00:45,47.088,,
Plot Title: 5S2G,1981,5/11/26 01:00,47.088,,
Plot Title: 5S2G,1982,5/11/26 01:15,47.088,,
Plot Title: 5S2G,1983,5/11/26 01:30,46.908,,
Plot Title: 5S2G,1984,5/11/26 01:45,46.908,,
Plot Title: 5S2G,1985,5/11/26 02:00,46.908,,
Plot Title: 5S2G,1986,5/11/26 02:15,46.908,,
Plot Title: 5S2G,1987,5/11/26 02:30,46.728,,
Plot Title: 5S2G,1988,5/11/26 02:45,46.728,,
Plot Title: 5S2G,1989,5/11/26 03:00,46.548,,
Plot Title: 5S2G,1990,5/11/26 03:15,46.369,,
Plot Title: 5S2G,1991,5/11/26 03:30,46.188,,
Plot Title: 5S2G,1992,5/11/26 03:45,46.188,,
Plot Title: 5S2G,1993,5/11/26 04:00,46.008,,
Plot Title: 5S2G,1994,5/11/26 04:15,45.828,,
Plot Title: 5S2G,1995,5/11/26 04:30,45.828,,
Plot Title: 5S2G,1996,5/11/26 04:45,45.648,,
Plot Title: 5S2G,1997,5/11/26 05:00,45.648,,
Plot Title: 5S2G,1998,5/11/26 05:15,45.466,,
Plot Title: 5S2G,1999,5/11/26 05:30,45.466,,
Plot Title: 5S2G,2000,5/11/26 05:45,45.286,,
Plot Title: 5S2G,2001,5/11/26 06:00,45.286,,
Plot Title: 5S2G,2002,5/11/26 06:15,45.104,,
Plot Title: 5S2G,2003,5/11/26 06:30,45.104,,
Plot Title: 5S2G,2004,5/11/26 06:45,45.286,,
Plot Title: 5S2G,2005,5/11/26 07:00,45.466,,
Plot Title: 5S2G,2006,5/11/26 07:15,45.466,,
Plot Title: 5S2G,2007,5/11/26 07:30,45.648,,
Plot Title: 5S2G,2008,5/11/26 07:45,46.008,,
Plot Title: 5S2G,2009,5/11/26 08:00,46.548,,
Plot Title: 5S2G,2010,5/11/26 08:15,47.446,,
Plot Title: 5S2G,2011,5/11/26 08:30,49.759,,
Plot Title: 5S2G,2012,5/11/26 08:45,53.449,,
Plot Title: 5S2G,2013,5/11/26 09:00,56.577,,
Plot Title: 5S2G,2014,5/11/26 09:15,58.647,,
Plot Title: 5S2G,2015,5/11/26 09:30,61.054,,
Plot Title: 5S2G,2016,5/11/26 09:45,63.111,,
Plot Title: 5S2G,2017,5/11/26 10:00,64.652,,
Plot Title: 5S2G,2018,5/11/26 10:15,66.022,,
Plot Title: 5S2G,2019,5/11/26 10:30,63.111,,
Plot Title: 5S2G,2020,5/11/26 10:45,64.996,,
Plot Title: 5S2G,2021,5/11/26 11:00,68.077,,
Plot Title: 5S2G,2022,5/11/26 11:15,70.48,,
Plot Title: 5S2G,2023,5/11/26 11:30,71.856,,
Plot Title: 5S2G,2024,5/11/26 11:45,73.58,,
Plot Title: 5S2G,2025,5/11/26 12:00,72.718,,
Plot Title: 5S2G,2026,5/11/26 12:15,68.421,,
Plot Title: 5S2G,2027,5/11/26 12:30,66.022,,
Plot Title: 5S2G,2028,5/11/26 12:45,63.455,,
Plot Title: 5S2G,2029,5/11/26 13:00,61.054,,
Plot Title: 5S2G,2030,5/11/26 13:15,59.851,,
Plot Title: 5S2G,2031,5/11/26 13:30,58.82,,
Plot Title: 5S2G,2032,5/11/26 13:45,57.958,,
Plot Title: 5S2G,2033,5/11/26 14:00,57.441,,
Plot Title: 5S2G,2034,5/11/26 14:15,56.923,,
Plot Title: 5S2G,2035,5/11/26 14:30,56.577,,
Plot Title: 5S2G,2036,5/11/26 14:45,56.23,,
Plot Title: 5S2G,2037,5/11/26 15:00,55.884,,
Plot Title: 5S2G,2038,5/11/26 15:15,55.537,,
Plot Title: 5S2G,2039,5/11/26 15:30,55.364,,
Plot Title: 5S2G,2040,5/11/26 15:45,55.189,,
Plot Title: 5S2G,2041,5/11/26 16:00,55.189,,
Plot Title: 5S2G,2042,5/11/26 16:15,55.189,,
Plot Title: 5S2G,2043,5/11/26 16:30,54.669,,
Plot Title: 5S2G,2044,5/11/26 16:45,54.322,,
Plot Title: 5S2G,2045,5/11/26 17:00,53.973,,
Plot Title: 5S2G,2046,5/11/26 17:15,53.798,,
Plot Title: 5S2G,2047,5/11/26 17:30,53.449,,
Plot Title: 5S2G,2048,5/11/26 17:45,53.1,,
Plot Title: 5S2G,2049,5/11/26 18:00,52.925,,
Plot Title: 5S2G,2050,5/11/26 18:15,52.75,,
Plot Title: 5S2G,2051,5/11/26 18:30,52.401,,
Plot Title: 5S2G,2052,5/11/26 18:45,52.225,,
Plot Title: 5S2G,2053,5/11/26 19:00,52.05,,
Plot Title: 5S2G,2054,5/11/26 19:15,51.699,,
Plot Title: 5S2G,2055,5/11/26 19:30,51.523,,
Plot Title: 5S2G,2056,5/11/26 19:45,51.346,,
Plot Title: 5S2G,2057,5/11/26 20:00,50.995,,
Plot Title: 5S2G,2058,5/11/26 20:15,50.819,,
Plot Title: 5S2G,2059,5/11/26 20:30,50.466,,
Plot Title: 5S2G,2060,5/11/26 20:45,50.29,,
Plot Title: 5S2G,2061,5/11/26 21:00,50.113,,
Plot Title: 5S2G,2062,5/11/26 21:15,49.759,,
Plot Title: 5S2G,2063,5/11/26 21:30,49.582,,
Plot Title: 5S2G,2064,5/11/26 21:45,49.228,,
Plot Title: 5S2G,2065,5/11/26 22:00,49.05,,
Plot Title: 5S2G,2066,5/11/26 22:15,48.695,,
Plot Title: 5S2G,2067,5/11/26 22:30,48.517,,
Plot Title: 5S2G,2068,5/11/26 22:45,48.339,,
Plot Title: 5S2G,2069,5/11/26 23:00,47.982,,
Plot Title: 5S2G,2070,5/11/26 23:15,47.802,,
Plot Title: 5S2G,2071,5/11/26 23:30,47.624,,
Plot Title: 5S2G,2072,5/11/26 23:45,47.266,,
Plot Title: 5S2G,2073,5/12/26 00:00,47.088,,
Plot Title: 5S2G,2074,5/12/26 00:15,46.908,,
Plot Title: 5S2G,2075,5/12/26 00:30,46.728,,
Plot Title: 5S2G,2076,5/12/26 00:45,46.369,,
Plot Title: 5S2G,2077,5/12/26 01:00,46.188,,
Plot Title: 5S2G,2078,5/12/26 01:15,46.008,,
Plot Title: 5S2G,2079,5/12/26 01:30,45.828,,
Plot Title: 5S2G,2080,5/12/26 01:45,45.648,,
Plot Title: 5S2G,2081,5/12/26 02:00,45.466,,
Plot Title: 5S2G,2082,5/12/26 02:15,45.286,,
Plot Title: 5S2G,2083,5/12/26 02:30,45.104,,
Plot Title: 5S2G,2084,5/12/26 02:45,44.922,,
Plot Title: 5S2G,2085,5/12/26 03:00,44.922,,
Plot Title: 5S2G,2086,5/12/26 03:15,44.742,,
Plot Title: 5S2G,2087,5/12/26 03:30,44.56,,
Plot Title: 5S2G,2088,5/12/26 03:45,44.379,,
Plot Title: 5S2G,2089,5/12/26 04:00,44.195,,
Plot Title: 5S2G,2090,5/12/26 04:15,44.195,,
Plot Title: 5S2G,2091,5/12/26 04:30,44.013,,
Plot Title: 5S2G,2092,5/12/26 04:45,43.831,,
Plot Title: 5S2G,2093,5/12/26 05:00,43.648,,
Plot Title: 5S2G,2094,5/12/26 05:15,43.648,,
Plot Title: 5S2G,2095,5/12/26 05:30,43.466,,
Plot Title: 5S2G,2096,5/12/26 05:45,43.282,,
Plot Title: 5S2G,2097,5/12/26 06:00,43.099,,
Plot Title: 5S2G,2098,5/12/26 06:15,43.099,,
Plot Title: 5S2G,2099,5/12/26 06:30,42.915,,
Plot Title: 5S2G,2100,5/12/26 06:45,42.732,,
Plot Title: 5S2G,2101,5/12/26 07:00,42.915,,
Plot Title: 5S2G,2102,5/12/26 07:15,42.915,,
Plot Title: 5S2G,2103,5/12/26 07:30,43.099,,
Plot Title: 5S2G,2104,5/12/26 07:45,43.282,,
Plot Title: 5S2G,2105,5/12/26 08:00,43.648,,
Plot Title: 5S2G,2106,5/12/26 08:15,44.379,,
Plot Title: 5S2G,2107,5/12/26 08:30,46.369,,
Plot Title: 5S2G,2108,5/12/26 08:45,50.643,,
Plot Title: 5S2G,2109,5/12/26 09:00,54.322,,
Plot Title: 5S2G,2110,5/12/26 09:15,57.268,,
Plot Title: 5S2G,2111,5/12/26 09:30,59.508,,
Plot Title: 5S2G,2112,5/12/26 09:45,61.741,,
Plot Title: 5S2G,2113,5/12/26 10:00,63.455,,
Plot Title: 5S2G,2114,5/12/26 10:15,65.167,,
Plot Title: 5S2G,2115,5/12/26 10:30,63.111,,
Plot Title: 5S2G,2116,5/12/26 10:45,65.509,,
Plot Title: 5S2G,2117,5/12/26 11:00,67.735,,
Plot Title: 5S2G,2118,5/12/26 11:15,69.964,,
Plot Title: 5S2G,2119,5/12/26 11:30,71.168,,
Plot Title: 5S2G,2120,5/12/26 11:45,73.062,,
Plot Title: 5S2G,2121,5/12/26 12:00,72.718,,
Plot Title: 5S2G,2122,5/12/26 12:15,69.449,,
Plot Title: 5S2G,2123,5/12/26 12:30,66.537,,
Plot Title: 5S2G,2124,5/12/26 12:45,64.139,,
Plot Title: 5S2G,2125,5/12/26 13:00,61.912,,
Plot Title: 5S2G,2126,5/12/26 13:15,60.883,,
Plot Title: 5S2G,2127,5/12/26 13:30,59.68,,
Plot Title: 5S2G,2128,5/12/26 13:45,58.82,,
Plot Title: 5S2G,2129,5/12/26 14:00,58.303,,
Plot Title: 5S2G,2130,5/12/26 14:15,57.614,,
Plot Title: 5S2G,2131,5/12/26 14:30,57.268,,
Plot Title: 5S2G,2132,5/12/26 14:45,56.75,,
Plot Title: 5S2G,2133,5/12/26 15:00,56.404,,
Plot Title: 5S2G,2134,5/12/26 15:15,56.23,,
Plot Title: 5S2G,2135,5/12/26 15:30,56.057,,
Plot Title: 5S2G,2136,5/12/26 15:45,55.884,,
Plot Title: 5S2G,2137,5/12/26 16:00,55.537,,
Plot Title: 5S2G,2138,5/12/26 16:15,55.537,,
Plot Title: 5S2G,2139,5/12/26 16:30,55.189,,
Plot Title: 5S2G,2140,5/12/26 16:45,54.842,,
Plot Title: 5S2G,2141,5/12/26 17:00,54.669,,
Plot Title: 5S2G,2142,5/12/26 17:15,54.495,,
Plot Title: 5S2G,2143,5/12/26 17:30,54.322,,
Plot Title: 5S2G,2144,5/12/26 17:45,54.147,,
Plot Title: 5S2G,2145,5/12/26 18:00,53.973,,
Plot Title: 5S2G,2146,5/12/26 18:15,53.798,,
Plot Title: 5S2G,2147,5/12/26 18:30,53.623,,
Plot Title: 5S2G,2148,5/12/26 18:45,53.449,,
Plot Title: 5S2G,2149,5/12/26 19:00,53.449,,
Plot Title: 5S2G,2150,5/12/26 19:15,53.274,,
Plot Title: 5S2G,2151,5/12/26 19:30,53.1,,
Plot Title: 5S2G,2152,5/12/26 19:45,53.1,,
Plot Title: 5S2G,2153,5/12/26 20:00,52.925,,
Plot Title: 5S2G,2154,5/12/26 20:15,52.75,,
Plot Title: 5S2G,2155,5/12/26 20:30,52.401,,
Plot Title: 5S2G,2156,5/12/26 20:45,52.05,,
Plot Title: 5S2G,2157,5/12/26 21:00,51.699,,
Plot Title: 5S2G,2158,5/12/26 21:15,51.346,,
Plot Title: 5S2G,2159,5/12/26 21:30,51.172,,
Plot Title: 5S2G,2160,5/12/26 21:45,50.995,,
Plot Title: 5S2G,2161,5/12/26 22:00,50.643,,
Plot Title: 5S2G,2162,5/12/26 22:15,50.29,,
Plot Title: 5S2G,2163,5/12/26 22:30,50.113,,
Plot Title: 5S2G,2164,5/12/26 22:45,49.937,,
Plot Title: 5S2G,2165,5/12/26 23:00,49.937,,
Plot Title: 5S2G,2166,5/12/26 23:15,49.759,,
Plot Title: 5S2G,2167,5/12/26 23:30,49.582,,
Plot Title: 5S2G,2168,5/12/26 23:45,49.404,,
Plot Title: 5S2G,2169,5/13/26 00:00,49.228,,
Plot Title: 5S2G,2170,5/13/26 00:15,49.05,,
Plot Title: 5S2G,2171,5/13/26 00:30,48.871,,
Plot Title: 5S2G,2172,5/13/26 00:45,48.871,,
Plot Title: 5S2G,2173,5/13/26 01:00,48.695,,
Plot Title: 5S2G,2174,5/13/26 01:15,48.517,,
Plot Title: 5S2G,2175,5/13/26 01:30,48.339,,
Plot Title: 5S2G,2176,5/13/26 01:45,48.16,,
Plot Title: 5S2G,2177,5/13/26 02:00,48.16,,
Plot Title: 5S2G,2178,5/13/26 02:15,47.982,,
Plot Title: 5S2G,2179,5/13/26 02:30,47.802,,
Plot Title: 5S2G,2180,5/13/26 02:45,47.624,,
Plot Title: 5S2G,2181,5/13/26 03:00,47.446,,
Plot Title: 5S2G,2182,5/13/26 03:15,47.446,,
Plot Title: 5S2G,2183,5/13/26 03:30,47.446,,
Plot Title: 5S2G,2184,5/13/26 03:45,47.266,,
Plot Title: 5S2G,2185,5/13/26 04:00,47.088,,
Plot Title: 5S2G,2186,5/13/26 04:15,46.908,,
Plot Title: 5S2G,2187,5/13/26 04:30,46.908,,
Plot Title: 5S2G,2188,5/13/26 04:45,46.728,,
Plot Title: 5S2G,2189,5/13/26 05:00,46.548,,
Plot Title: 5S2G,2190,5/13/26 05:15,46.369,,
Plot Title: 5S2G,2191,5/13/26 05:30,46.188,,
Plot Title: 5S2G,2192,5/13/26 05:45,46.188,,
Plot Title: 5S2G,2193,5/13/26 06:00,46.008,,
Plot Title: 5S2G,2194,5/13/26 06:15,46.008,,
Plot Title: 5S2G,2195,5/13/26 06:30,46.008,,
Plot Title: 5S2G,2196,5/13/26 06:45,46.008,,
Plot Title: 5S2G,2197,5/13/26 07:00,46.008,,
Plot Title: 5S2G,2198,5/13/26 07:15,46.369,,
Plot Title: 5S2G,2199,5/13/26 07:30,46.728,,
Plot Title: 5S2G,2200,5/13/26 07:45,47.088,,
Plot Title: 5S2G,2201,5/13/26 08:00,47.446,,
Plot Title: 5S2G,2202,5/13/26 08:15,48.16,,
Plot Title: 5S2G,2203,5/13/26 08:30,50.29,,
Plot Title: 5S2G,2204,5/13/26 08:45,54.495,,
Plot Title: 5S2G,2205,5/13/26 09:00,57.785,,
Plot Title: 5S2G,2206,5/13/26 09:15,57.958,,
Plot Title: 5S2G,2207,5/13/26 09:30,60.195,,
Plot Title: 5S2G,2208,5/13/26 09:45,63.282,,
Plot Title: 5S2G,2209,5/13/26 10:00,65.509,,
Plot Title: 5S2G,2210,5/13/26 10:15,67.05,,
Plot Title: 5S2G,2211,5/13/26 10:30,65.851,,
Plot Title: 5S2G,2212,5/13/26 10:45,67.906,,
Plot Title: 5S2G,2213,5/13/26 11:00,70.137,,
Plot Title: 5S2G,2214,5/13/26 11:15,72.028,,
Plot Title: 5S2G,2215,5/13/26 11:30,73.234,,
Plot Title: 5S2G,2216,5/13/26 11:45,75.659,,
Plot Title: 5S2G,2217,5/13/26 12:00,76.181,,
Plot Title: 5S2G,2218,5/13/26 12:15,71.168,,
Plot Title: 5S2G,2219,5/13/26 12:30,68.248,,
Plot Title: 5S2G,2220,5/13/26 12:45,66.708,,
Plot Title: 5S2G,2221,5/13/26 13:00,64.825,,
Plot Title: 5S2G,2222,5/13/26 13:15,63.797,,
Plot Title: 5S2G,2223,5/13/26 13:30,62.769,,
Plot Title: 5S2G,2224,5/13/26 13:45,61.912,,
Plot Title: 5S2G,2225,5/13/26 14:00,61.398,,
Plot Title: 5S2G,2226,5/13/26 14:15,60.883,,
Plot Title: 5S2G,2227,5/13/26 14:30,60.712,,
Plot Title: 5S2G,2228,5/13/26 14:45,60.368,,
Plot Title: 5S2G,2229,5/13/26 15:00,60.195,,
Plot Title: 5S2G,2230,5/13/26 15:15,60.195,,
Plot Title: 5S2G,2231,5/13/26 15:30,60.024,,
Plot Title: 5S2G,2232,5/13/26 15:45,59.851,,
Plot Title: 5S2G,2233,5/13/26 16:00,60.024,,
Plot Title: 5S2G,2234,5/13/26 16:15,59.337,,
Plot Title: 5S2G,2235,5/13/26 16:30,58.993,,
Plot Title: 5S2G,2236,5/13/26 16:45,58.647,,
Plot Title: 5S2G,2237,5/13/26 17:00,58.131,,
Plot Title: 5S2G,2238,5/13/26 17:15,57.958,,
Plot Title: 5S2G,2239,5/13/26 17:30,57.441,,
Plot Title: 5S2G,2240,5/13/26 17:45,57.268,,
Plot Title: 5S2G,2241,5/13/26 18:00,57.096,,
Plot Title: 5S2G,2242,5/13/26 18:15,56.75,,
Plot Title: 5S2G,2243,5/13/26 18:30,56.923,,
Plot Title: 5S2G,2244,5/13/26 18:45,56.577,,
Plot Title: 5S2G,2245,5/13/26 19:00,55.884,,
Plot Title: 5S2G,2246,5/13/26 19:15,55.364,,
Plot Title: 5S2G,2247,5/13/26 19:30,55.189,,
Plot Title: 5S2G,2248,5/13/26 19:45,54.842,,
Plot Title: 5S2G,2249,5/13/26 20:00,54.669,,
Plot Title: 5S2G,2250,5/13/26 20:15,53.973,,
Plot Title: 5S2G,2251,5/13/26 20:30,53.274,,
Plot Title: 5S2G,2252,5/13/26 20:45,52.75,,
Plot Title: 5S2G,2253,5/13/26 21:00,52.05,,
Plot Title: 5S2G,2254,5/13/26 21:15,51.523,,
Plot Title: 5S2G,2255,5/13/26 21:30,50.995,,
Plot Title: 5S2G,2256,5/13/26 21:45,50.466,,
Plot Title: 5S2G,2257,5/13/26 22:00,49.937,,
Plot Title: 5S2G,2258,5/13/26 22:15,49.759,,
Plot Title: 5S2G,2259,5/13/26 22:30,49.582,,
Plot Title: 5S2G,2260,5/13/26 22:45,49.404,,
Plot Title: 5S2G,2261,5/13/26 23:00,49.05,,
Plot Title: 5S2G,2262,5/13/26 23:15,48.695,,
Plot Title: 5S2G,2263,5/13/26 23:30,48.339,,
Plot Title: 5S2G,2264,5/13/26 23:45,47.982,,
Plot Title: 5S2G,2265,5/14/26 00:00,47.624,,
Plot Title: 5S2G,2266,5/14/26 00:15,47.446,,
Plot Title: 5S2G,2267,5/14/26 00:30,47.088,,
Plot Title: 5S2G,2268,5/14/26 00:45,46.728,,
Plot Title: 5S2G,2269,5/14/26 01:00,46.548,,
Plot Title: 5S2G,2270,5/14/26 01:15,46.369,,
Plot Title: 5S2G,2271,5/14/26 01:30,46.008,,
Plot Title: 5S2G,2272,5/14/26 01:45,45.828,,
Plot Title: 5S2G,2273,5/14/26 02:00,45.648,,
Plot Title: 5S2G,2274,5/14/26 02:15,45.466,,
Plot Title: 5S2G,2275,5/14/26 02:30,45.286,,
Plot Title: 5S2G,2276,5/14/26 02:45,45.104,,
Plot Title: 5S2G,2277,5/14/26 03:00,44.922,,
Plot Title: 5S2G,2278,5/14/26 03:15,44.742,,
Plot Title: 5S2G,2279,5/14/26 03:30,44.56,,
Plot Title: 5S2G,2280,5/14/26 03:45,44.379,,
Plot Title: 5S2G,2281,5/14/26 04:00,44.195,,
Plot Title: 5S2G,2282,5/14/26 04:15,44.013,,
Plot Title: 5S2G,2283,5/14/26 04:30,43.831,,
Plot Title: 5S2G,2284,5/14/26 04:45,43.648,,
Plot Title: 5S2G,2285,5/14/26 05:00,43.466,,
Plot Title: 5S2G,2286,5/14/26 05:15,43.282,,
Plot Title: 5S2G,2287,5/14/26 05:30,43.099,,
Plot Title: 5S2G,2288,5/14/26 05:45,43.099,,
Plot Title: 5S2G,2289,5/14/26 06:00,42.915,,
Plot Title: 5S2G,2290,5/14/26 06:15,42.915,,
Plot Title: 5S2G,2291,5/14/26 06:30,42.915,,
Plot Title: 5S2G,2292,5/14/26 06:45,42.915,,
Plot Title: 5S2G,2293,5/14/26 07:00,42.915,,
Plot Title: 5S2G,2294,5/14/26 07:15,43.466,,
Plot Title: 5S2G,2295,5/14/26 07:30,43.648,,
Plot Title: 5S2G,2296,5/14/26 07:45,44.013,,
Plot Title: 5S2G,2297,5/14/26 08:00,44.56,,
Plot Title: 5S2G,2298,5/14/26 08:15,44.922,,
Plot Title: 5S2G,2299,5/14/26 08:30,47.266,,
Plot Title: 5S2G,2300,5/14/26 08:45,51.699,,
Plot Title: 5S2G,2301,5/14/26 09:00,55.189,,
Plot Title: 5S2G,2302,5/14/26 09:15,57.614,,
Plot Title: 5S2G,2303,5/14/26 09:30,59.337,,
Plot Title: 5S2G,2304,5/14/26 09:45,60.883,,
Plot Title: 5S2G,2305,5/14/26 10:00,60.712,,
Plot Title: 5S2G,2306,5/14/26 10:15,60.712,,
Plot Title: 5S2G,2307,5/14/26 10:30,61.569,,
Plot Title: 5S2G,2308,5/14/26 10:45,64.31,,
Plot Title: 5S2G,2309,5/14/26 11:00,66.537,,
Plot Title: 5S2G,2310,5/14/26 11:15,66.879,,
Plot Title: 5S2G,2311,5/14/26 11:30,67.05,,
Plot Title: 5S2G,2312,5/14/26 11:45,68.934,,
Plot Title: 5S2G,2313,5/14/26 12:00,68.592,,
Plot Title: 5S2G,2314,5/14/26 12:15,64.996,,
Plot Title: 5S2G,2315,5/14/26 12:30,61.569,,
Plot Title: 5S2G,2316,5/14/26 12:45,60.024,,
Plot Title: 5S2G,2317,5/14/26 13:00,57.785,,
Plot Title: 5S2G,2318,5/14/26 13:15,56.923,,
Plot Title: 5S2G,2319,5/14/26 13:30,55.884,,
Plot Title: 5S2G,2320,5/14/26 13:45,55.189,,
Plot Title: 5S2G,2321,5/14/26 14:00,54.842,,
Plot Title: 5S2G,2322,5/14/26 14:15,54.669,,
Plot Title: 5S2G,2323,5/14/26 14:30,54.842,,
Plot Title: 5S2G,2324,5/14/26 14:45,54.669,,
Plot Title: 5S2G,2325,5/14/26 15:00,54.842,,
Plot Title: 5S2G,2326,5/14/26 15:15,54.842,,
Plot Title: 5S2G,2327,5/14/26 15:30,54.495,,
Plot Title: 5S2G,2328,5/14/26 15:45,54.495,,
Plot Title: 5S2G,2329,5/14/26 16:00,54.495,,
Plot Title: 5S2G,2330,5/14/26 16:15,54.322,,
Plot Title: 5S2G,2331,5/14/26 16:30,53.973,,
Plot Title: 5S2G,2332,5/14/26 16:45,53.623,,
Plot Title: 5S2G,2333,5/14/26 17:00,53.449,,
Plot Title: 5S2G,2334,5/14/26 17:15,53.1,,
Plot Title: 5S2G,2335,5/14/26 17:30,52.925,,
Plot Title: 5S2G,2336,5/14/26 17:45,52.75,,
Plot Title: 5S2G,2337,5/14/26 18:00,52.401,,
Plot Title: 5S2G,2338,5/14/26 18:15,52.225,,
Plot Title: 5S2G,2339,5/14/26 18:30,52.05,,
Plot Title: 5S2G,2340,5/14/26 18:45,51.874,,
Plot Title: 5S2G,2341,5/14/26 19:00,51.523,,
Plot Title: 5S2G,2342,5/14/26 19:15,51.346,,
Plot Title: 5S2G,2343,5/14/26 19:30,51.172,,
Plot Title: 5S2G,2344,5/14/26 19:45,50.995,,
Plot Title: 5S2G,2345,5/14/26 20:00,50.643,,
Plot Title: 5S2G,2346,5/14/26 20:15,50.29,,
Plot Title: 5S2G,2347,5/14/26 20:30,50.113,,
Plot Title: 5S2G,2348,5/14/26 20:45,49.937,,
Plot Title: 5S2G,2349,5/14/26 21:00,49.582,,
Plot Title: 5S2G,2350,5/14/26 21:15,49.404,,
Plot Title: 5S2G,2351,5/14/26 21:30,49.228,,
Plot Title: 5S2G,2352,5/14/26 21:45,49.05,,
Plot Title: 5S2G,2353,5/14/26 22:00,48.871,,
Plot Title: 5S2G,2354,5/14/26 22:15,48.695,,
Plot Title: 5S2G,2355,5/14/26 22:30,48.695,,
Plot Title: 5S2G,2356,5/14/26 22:45,48.339,,
Plot Title: 5S2G,2357,5/14/26 23:00,48.339,,
Plot Title: 5S2G,2358,5/14/26 23:15,48.16,,
Plot Title: 5S2G,2359,5/14/26 23:30,47.982,,
Plot Title: 5S2G,2360,5/14/26 23:45,47.802,,
Plot Title: 5S2G,2361,5/15/26 00:00,47.624,,
Plot Title: 5S2G,2362,5/15/26 00:15,47.446,,
Plot Title: 5S2G,2363,5/15/26 00:30,47.266,,
Plot Title: 5S2G,2364,5/15/26 00:45,47.088,,
Plot Title: 5S2G,2365,5/15/26 01:00,46.908,,
Plot Title: 5S2G,2366,5/15/26 01:15,46.548,,
Plot Title: 5S2G,2367,5/15/26 01:30,46.188,,
Plot Title: 5S2G,2368,5/15/26 01:45,46.008,,
Plot Title: 5S2G,2369,5/15/26 02:00,45.648,,
Plot Title: 5S2G,2370,5/15/26 02:15,45.466,,
Plot Title: 5S2G,2371,5/15/26 02:30,45.104,,
Plot Title: 5S2G,2372,5/15/26 02:45,44.922,,
Plot Title: 5S2G,2373,5/15/26 03:00,44.742,,
Plot Title: 5S2G,2374,5/15/26 03:15,44.56,,
Plot Title: 5S2G,2375,5/15/26 03:30,44.195,,
Plot Title: 5S2G,2376,5/15/26 03:45,44.013,,
Plot Title: 5S2G,2377,5/15/26 04:00,43.831,,
Plot Title: 5S2G,2378,5/15/26 04:15,43.831,,
Plot Title: 5S2G,2379,5/15/26 04:30,43.648,,
Plot Title: 5S2G,2380,5/15/26 04:45,43.466,,
Plot Title: 5S2G,2381,5/15/26 05:00,43.466,,
Plot Title: 5S2G,2382,5/15/26 05:15,43.282,,
Plot Title: 5S2G,2383,5/15/26 05:30,43.099,,
Plot Title: 5S2G,2384,5/15/26 05:45,43.099,,
Plot Title: 5S2G,2385,5/15/26 06:00,42.915,,
Plot Title: 5S2G,2386,5/15/26 06:15,42.915,,
Plot Title: 5S2G,2387,5/15/26 06:30,42.915,,
Plot Title: 5S2G,2388,5/15/26 06:45,42.915,,
Plot Title: 5S2G,2389,5/15/26 07:00,42.915,,
Plot Title: 5S2G,2390,5/15/26 07:15,42.915,,
Plot Title: 5S2G,2391,5/15/26 07:30,42.915,,
Plot Title: 5S2G,2392,5/15/26 07:45,43.099,,
Plot Title: 5S2G,2393,5/15/26 08:00,43.648,,
Plot Title: 5S2G,2394,5/15/26 08:15,43.831,,
Plot Title: 5S2G,2395,5/15/26 08:30,45.828,,
Plot Title: 5S2G,2396,5/15/26 08:45,49.404,,
Plot Title: 5S2G,2397,5/15/26 09:00,53.274,,
Plot Title: 5S2G,2398,5/15/26 09:15,55.017,,
Plot Title: 5S2G,2399,5/15/26 09:30,56.057,,
Plot Title: 5S2G,2400,5/15/26 09:45,58.647,,
Plot Title: 5S2G,2401,5/15/26 10:00,60.368,,
Plot Title: 5S2G,2402,5/15/26 10:15,62.425,,
Plot Title: 5S2G,2403,5/15/26 10:30,63.968,,
Plot Title: 5S2G,2404,5/15/26 10:45,66.022,,
Plot Title: 5S2G,2405,5/15/26 11:00,68.763,,
Plot Title: 5S2G,2406,5/15/26 11:15,67.735,,
Plot Title: 5S2G,2407,5/15/26 11:30,66.537,,
Plot Title: 5S2G,2408,5/15/26 11:45,69.964,,
Plot Title: 5S2G,2409,5/15/26 12:00,70.137,,
Plot Title: 5S2G,2410,5/15/26 12:15,66.879,,
Plot Title: 5S2G,2411,5/15/26 12:30,62.598,,
Plot Title: 5S2G,2412,5/15/26 12:45,60.368,,
Plot Title: 5S2G,2413,5/15/26 13:00,58.303,,
Plot Title: 5S2G,2414,5/15/26 13:15,57.096,,
Plot Title: 5S2G,2415,5/15/26 13:30,56.404,,
Plot Title: 5S2G,2416,5/15/26 13:45,55.537,,
Plot Title: 5S2G,2417,5/15/26 14:00,55.017,,
Plot Title: 5S2G,2418,5/15/26 14:15,54.669,,
Plot Title: 5S2G,2419,5/15/26 14:30,54.669,,
Plot Title: 5S2G,2420,5/15/26 14:45,55.189,,
Plot Title: 5S2G,2421,5/15/26 15:00,54.842,,
Plot Title: 5S2G,2422,5/15/26 15:15,54.842,,
Plot Title: 5S2G,2423,5/15/26 15:30,54.842,,
Plot Title: 5S2G,2424,5/15/26 15:45,54.669,,
Plot Title: 5S2G,2425,5/15/26 16:00,54.322,,
Plot Title: 5S2G,2426,5/15/26 16:15,53.973,,
Plot Title: 5S2G,2427,5/15/26 16:30,53.623,,
Plot Title: 5S2G,2428,5/15/26 16:45,53.623,,
Plot Title: 5S2G,2429,5/15/26 17:00,53.449,,
Plot Title: 5S2G,2430,5/15/26 17:15,53.449,,
Plot Title: 5S2G,2431,5/15/26 17:30,53.449,,
Plot Title: 5S2G,2432,5/15/26 17:45,53.1,,
Plot Title: 5S2G,2433,5/15/26 18:00,52.925,,
Plot Title: 5S2G,2434,5/15/26 18:15,52.576,,
Plot Title: 5S2G,2435,5/15/26 18:30,52.05,,
Plot Title: 5S2G,2436,5/15/26 18:45,51.523,,
Plot Title: 5S2G,2437,5/15/26 19:00,51.346,,
Plot Title: 5S2G,2438,5/15/26 19:15,51.172,,
Plot Title: 5S2G,2439,5/15/26 19:30,50.819,,
Plot Title: 5S2G,2440,5/15/26 19:45,50.466,,
Plot Title: 5S2G,2441,5/15/26 20:00,50.113,,
Plot Title: 5S2G,2442,5/15/26 20:15,49.759,,
Plot Title: 5S2G,2443,5/15/26 20:30,49.404,,
Plot Title: 5S2G,2444,5/15/26 20:45,49.05,,
Plot Title: 5S2G,2445,5/15/26 21:00,48.871,,
Plot Title: 5S2G,2446,5/15/26 21:15,48.517,,
Plot Title: 5S2G,2447,5/15/26 21:30,48.517,,
Plot Title: 5S2G,2448,5/15/26 21:45,48.16,,
Plot Title: 5S2G,2449,5/15/26 22:00,47.982,,
Plot Title: 5S2G,2450,5/15/26 22:15,47.802,,
Plot Title: 5S2G,2451,5/15/26 22:30,47.624,,
Plot Title: 5S2G,2452,5/15/26 22:45,47.446,,
Plot Title: 5S2G,2453,5/15/26 23:00,47.266,,
Plot Title: 5S2G,2454,5/15/26 23:15,47.088,,
Plot Title: 5S2G,2455,5/15/26 23:30,46.908,,
Plot Title: 5S2G,2456,5/15/26 23:45,46.728,,
Plot Title: 5S2G,2457,5/16/26 00:00,46.548,,
Plot Title: 5S2G,2458,5/16/26 00:15,46.369,,
Plot Title: 5S2G,2459,5/16/26 00:30,46.188,,
Plot Title: 5S2G,2460,5/16/26 00:45,46.008,,
Plot Title: 5S2G,2461,5/16/26 01:00,45.828,,
Plot Title: 5S2G,2462,5/16/26 01:15,45.648,,
Plot Title: 5S2G,2463,5/16/26 01:30,45.648,,
Plot Title: 5S2G,2464,5/16/26 01:45,45.466,,
Plot Title: 5S2G,2465,5/16/26 02:00,45.286,,
Plot Title: 5S2G,2466,5/16/26 02:15,45.104,,
Plot Title: 5S2G,2467,5/16/26 02:30,44.922,,
Plot Title: 5S2G,2468,5/16/26 02:45,44.922,,
Plot Title: 5S2G,2469,5/16/26 03:00,44.742,,
Plot Title: 5S2G,2470,5/16/26 03:15,44.742,,
Plot Title: 5S2G,2471,5/16/26 03:30,44.56,,
Plot Title: 5S2G,2472,5/16/26 03:45,44.379,,
Plot Title: 5S2G,2473,5/16/26 04:00,44.195,,
Plot Title: 5S2G,2474,5/16/26 04:15,44.195,,
Plot Title: 5S2G,2475,5/16/26 04:30,44.195,,
Plot Title: 5S2G,2476,5/16/26 04:45,44.195,,
Plot Title: 5S2G,2477,5/16/26 05:00,44.195,,
Plot Title: 5S2G,2478,5/16/26 05:15,44.195,,
Plot Title: 5S2G,2479,5/16/26 05:30,44.013,,
Plot Title: 5S2G,2480,5/16/26 05:45,44.013,,
Plot Title: 5S2G,2481,5/16/26 06:00,44.013,,
Plot Title: 5S2G,2482,5/16/26 06:15,43.831,,
Plot Title: 5S2G,2483,5/16/26 06:30,44.013,,
Plot Title: 5S2G,2484,5/16/26 06:45,44.013,,
Plot Title: 5S2G,2485,5/16/26 07:00,44.013,,
Plot Title: 5S2G,2486,5/16/26 07:15,44.195,,
Plot Title: 5S2G,2487,5/16/26 07:30,44.195,,
Plot Title: 5S2G,2488,5/16/26 07:45,44.379,,
Plot Title: 5S2G,2489,5/16/26 08:00,44.56,,
Plot Title: 5S2G,2490,5/16/26 08:15,44.922,,
Plot Title: 5S2G,2491,5/16/26 08:30,45.466,,
Plot Title: 5S2G,2492,5/16/26 08:45,48.339,,
Plot Title: 5S2G,2493,5/16/26 09:00,52.05,,
Plot Title: 5S2G,2494,5/16/26 09:15,55.017,,
Plot Title: 5S2G,2495,5/16/26 09:30,55.017,,
Plot Title: 5S2G,2496,5/16/26 09:45,53.449,,
Plot Title: 5S2G,2497,5/16/26 10:00,53.1,,
Plot Title: 5S2G,2498,5/16/26 10:15,54.147,,
Plot Title: 5S2G,2499,5/16/26 10:30,54.842,,
Plot Title: 5S2G,2500,5/16/26 10:45,54.669,,
Plot Title: 5S2G,2501,5/16/26 11:00,54.842,,
Plot Title: 5S2G,2502,5/16/26 11:15,54.669,,
Plot Title: 5S2G,2503,5/16/26 11:30,53.798,,
Plot Title: 5S2G,2504,5/16/26 11:45,53.274,,
Plot Title: 5S2G,2505,5/16/26 12:00,52.576,,
Plot Title: 5S2G,2506,5/16/26 12:15,51.874,,
Plot Title: 5S2G,2507,5/16/26 12:30,51.874,,
Plot Title: 5S2G,2508,5/16/26 12:45,51.874,,
Plot Title: 5S2G,2509,5/16/26 13:00,51.699,,
Plot Title: 5S2G,2510,5/16/26 13:15,51.699,,
Plot Title: 5S2G,2511,5/16/26 13:30,51.346,,
Plot Title: 5S2G,2512,5/16/26 13:45,50.995,,
Plot Title: 5S2G,2513,5/16/26 14:00,51.172,,
Plot Title: 5S2G,2514,5/16/26 14:15,51.172,,
Plot Title: 5S2G,2515,5/16/26 14:30,50.819,,
Plot Title: 5S2G,2516,5/16/26 14:45,50.819,,
Plot Title: 5S2G,2517,5/16/26 15:00,50.29,,
Plot Title: 5S2G,2518,5/16/26 15:15,49.404,,
Plot Title: 5S2G,2519,5/16/26 15:30,48.695,,
Plot Title: 5S2G,2520,5/16/26 15:45,47.982,,
Plot Title: 5S2G,2521,5/16/26 16:00,47.446,,
Plot Title: 5S2G,2522,5/16/26 16:15,47.446,,
Plot Title: 5S2G,2523,5/16/26 16:30,47.088,,
Plot Title: 5S2G,2524,5/16/26 16:45,46.728,,
Plot Title: 5S2G,2525,5/16/26 17:00,46.369,,
Plot Title: 5S2G,2526,5/16/26 17:15,46.008,,
Plot Title: 5S2G,2527,5/16/26 17:30,45.648,,
Plot Title: 5S2G,2528,5/16/26 17:45,45.286,,
Plot Title: 5S2G,2529,5/16/26 18:00,44.742,,
Plot Title: 5S2G,2530,5/16/26 18:15,43.466,,
Plot Title: 5S2G,2531,5/16/26 18:30,42.363,,
Plot Title: 5S2G,2532,5/16/26 18:45,41.625,,
Plot Title: 5S2G,2533,5/16/26 19:00,41.254,,
Plot Title: 5S2G,2534,5/16/26 19:15,41.067,,
Plot Title: 5S2G,2535,5/16/26 19:30,41.067,,
Plot Title: 5S2G,2536,5/16/26 19:45,40.696,,
Plot Title: 5S2G,2537,5/16/26 20:00,40.321,,
Plot Title: 5S2G,2538,5/16/26 20:15,40.696,,
Plot Title: 5S2G,2539,5/16/26 20:30,40.696,,
Plot Title: 5S2G,2540,5/16/26 20:45,39.573,,
Plot Title: 5S2G,2541,5/16/26 21:00,39.196,,
Plot Title: 5S2G,2542,5/16/26 21:15,39.007,,
Plot Title: 5S2G,2543,5/16/26 21:30,39.007,,
Plot Title: 5S2G,2544,5/16/26 21:45,38.818,,
Plot Title: 5S2G,2545,5/16/26 22:00,38.818,,
Plot Title: 5S2G,2546,5/16/26 22:15,38.818,,
Plot Title: 5S2G,2547,5/16/26 22:30,38.818,,
Plot Title: 5S2G,2548,5/16/26 22:45,38.818,,
Plot Title: 5S2G,2549,5/16/26 23:00,39.007,,
Plot Title: 5S2G,2550,5/16/26 23:15,39.007,,
Plot Title: 5S2G,2551,5/16/26 23:30,39.196,,
Plot Title: 5S2G,2552,5/16/26 23:45,39.196,,
Plot Title: 5S2G,2553,5/17/26 00:00,39.196,,
Plot Title: 5S2G,2554,5/17/26 00:15,39.196,,
Plot Title: 5S2G,2555,5/17/26 00:30,39.196,,
Plot Title: 5S2G,2556,5/17/26 00:45,39.196,,
Plot Title: 5S2G,2557,5/17/26 01:00,39.196,,
Plot Title: 5S2G,2558,5/17/26 01:15,39.196,,
Plot Title: 5S2G,2559,5/17/26 01:30,39.196,,
Plot Title: 5S2G,2560,5/17/26 01:45,39.196,,
Plot Title: 5S2G,2561,5/17/26 02:00,39.007,,
Plot Title: 5S2G,2562,5/17/26 02:15,39.007,,
Plot Title: 5S2G,2563,5/17/26 02:30,39.007,,
Plot Title: 5S2G,2564,5/17/26 02:45,39.007,,
Plot Title: 5S2G,2565,5/17/26 03:00,39.007,,
Plot Title: 5S2G,2566,5/17/26 03:15,39.007,,
Plot Title: 5S2G,2567,5/17/26 03:30,39.007,,
Plot Title: 5S2G,2568,5/17/26 03:45,39.007,,
Plot Title: 5S2G,2569,5/17/26 04:00,38.818,,
Plot Title: 5S2G,2570,5/17/26 04:15,38.818,,
Plot Title: 5S2G,2571,5/17/26 04:30,38.629,,
Plot Title: 5S2G,2572,5/17/26 04:45,38.629,,
Plot Title: 5S2G,2573,5/17/26 05:00,38.629,,
Plot Title: 5S2G,2574,5/17/26 05:15,38.25,,
Plot Title: 5S2G,2575,5/17/26 05:30,38.44,,
Plot Title: 5S2G,2576,5/17/26 05:45,38.25,,
Plot Title: 5S2G,2577,5/17/26 06:00,38.25,,
Plot Title: 5S2G,2578,5/17/26 06:15,38.25,,
Plot Title: 5S2G,2579,5/17/26 06:30,38.25,,
Plot Title: 5S2G,2580,5/17/26 06:45,38.44,,
Plot Title: 5S2G,2581,5/17/26 07:00,38.44,,
Plot Title: 5S2G,2582,5/17/26 07:15,38.629,,
Plot Title: 5S2G,2583,5/17/26 07:30,38.818,,
Plot Title: 5S2G,2584,5/17/26 07:45,38.818,,
Plot Title: 5S2G,2585,5/17/26 08:00,39.196,,
Plot Title: 5S2G,2586,5/17/26 08:15,39.384,,
Plot Title: 5S2G,2587,5/17/26 08:30,39.947,,
Plot Title: 5S2G,2588,5/17/26 08:45,40.509,,
Plot Title: 5S2G,2589,5/17/26 09:00,40.696,,
Plot Title: 5S2G,2590,5/17/26 09:15,41.254,,
Plot Title: 5S2G,2591,5/17/26 09:30,41.067,,
Plot Title: 5S2G,2592,5/17/26 09:45,41.254,,
Plot Title: 5S2G,2593,5/17/26 10:00,41.067,,
Plot Title: 5S2G,2594,5/17/26 10:15,41.254,,
Plot Title: 5S2G,2595,5/17/26 10:30,41.625,,
Plot Title: 5S2G,2596,5/17/26 10:45,41.254,,
Plot Title: 5S2G,2597,5/17/26 11:00,41.81,,
Plot Title: 5S2G,2598,5/17/26 11:15,42.363,,
Plot Title: 5S2G,2599,5/17/26 11:30,42.179,,
Plot Title: 5S2G,2600,5/17/26 11:45,43.099,,
Plot Title: 5S2G,2601,5/17/26 12:00,43.099,,
Plot Title: 5S2G,2602,5/17/26 12:15,41.81,,
Plot Title: 5S2G,2603,5/17/26 12:30,40.509,,
Plot Title: 5S2G,2604,5/17/26 12:45,40.509,,
Plot Title: 5S2G,2605,5/17/26 13:00,39.947,,
Plot Title: 5S2G,2606,5/17/26 13:15,39.76,,
Plot Title: 5S2G,2607,5/17/26 13:30,39.384,,
Plot Title: 5S2G,2608,5/17/26 13:45,39.76,,
Plot Title: 5S2G,2609,5/17/26 14:00,40.134,,
Plot Title: 5S2G,2610,5/17/26 14:15,40.509,,
Plot Title: 5S2G,2611,5/17/26 14:30,40.509,,
Plot Title: 5S2G,2612,5/17/26 14:45,40.134,,
Plot Title: 5S2G,2613,5/17/26 15:00,40.134,,
Plot Title: 5S2G,2614,5/17/26 15:15,39.76,,
Plot Title: 5S2G,2615,5/17/26 15:30,38.818,,
Plot Title: 5S2G,2616,5/17/26 15:45,39.196,,
Plot Title: 5S2G,2617,5/17/26 16:00,40.509,,
Plot Title: 5S2G,2618,5/17/26 16:15,40.321,,
Plot Title: 5S2G,2619,5/17/26 16:30,39.196,,
Plot Title: 5S2G,2620,5/17/26 16:45,39.573,,
Plot Title: 5S2G,2621,5/17/26 17:00,39.947,,
Plot Title: 5S2G,2622,5/17/26 17:15,40.509,,
Plot Title: 5S2G,2623,5/17/26 17:30,40.696,,
Plot Title: 5S2G,2624,5/17/26 17:45,40.881,,
Plot Title: 5S2G,2625,5/17/26 18:00,40.881,,
Plot Title: 5S2G,2626,5/17/26 18:15,40.881,,
Plot Title: 5S2G,2627,5/17/26 18:30,40.696,,
Plot Title: 5S2G,2628,5/17/26 18:45,40.134,,
Plot Title: 5S2G,2629,5/17/26 19:00,39.76,,
Plot Title: 5S2G,2630,5/17/26 19:15,39.573,,
Plot Title: 5S2G,2631,5/17/26 19:30,39.573,,
Plot Title: 5S2G,2632,5/17/26 19:45,39.384,,
Plot Title: 5S2G,2633,5/17/26 20:00,39.384,,
Plot Title: 5S2G,2634,5/17/26 20:15,39.196,,
Plot Title: 5S2G,2635,5/17/26 20:30,39.007,,
Plot Title: 5S2G,2636,5/17/26 20:45,38.818,,
Plot Title: 5S2G,2637,5/17/26 21:00,38.629,,
Plot Title: 5S2G,2638,5/17/26 21:15,38.44,,
Plot Title: 5S2G,2639,5/17/26 21:30,38.25,,
Plot Title: 5S2G,2640,5/17/26 21:45,38.061,,
Plot Title: 5S2G,2641,5/17/26 22:00,37.87,,
Plot Title: 5S2G,2642,5/17/26 22:15,37.87,,
Plot Title: 5S2G,2643,5/17/26 22:30,37.87,,
Plot Title: 5S2G,2644,5/17/26 22:45,37.679,,
Plot Title: 5S2G,2645,5/17/26 23:00,37.679,,
Plot Title: 5S2G,2646,5/17/26 23:15,37.488,,
Plot Title: 5S2G,2647,5/17/26 23:30,37.488,,
Plot Title: 5S2G,2648,5/17/26 23:45,37.488,,
Plot Title: 5S2G,2649,5/18/26 00:00,37.297,,
Plot Title: 5S2G,2650,5/18/26 00:15,37.297,,
Plot Title: 5S2G,2651,5/18/26 00:30,37.297,,
Plot Title: 5S2G,2652,5/18/26 00:45,37.107,,
Plot Title: 5S2G,2653,5/18/26 01:00,36.914,,
Plot Title: 5S2G,2654,5/18/26 01:15,36.914,,
Plot Title: 5S2G,2655,5/18/26 01:30,36.914,,
Plot Title: 5S2G,2656,5/18/26 01:45,36.723,,
Plot Title: 5S2G,2657,5/18/26 02:00,36.723,,
Plot Title: 5S2G,2658,5/18/26 02:15,36.723,,
Plot Title: 5S2G,2659,5/18/26 02:30,36.531,,
Plot Title: 5S2G,2660,5/18/26 02:45,36.531,,
Plot Title: 5S2G,2661,5/18/26 03:00,36.531,,
Plot Title: 5S2G,2662,5/18/26 03:15,36.531,,
Plot Title: 5S2G,2663,5/18/26 03:30,36.338,,
Plot Title: 5S2G,2664,5/18/26 03:45,36.338,,
Plot Title: 5S2G,2665,5/18/26 04:00,36.338,,
Plot Title: 5S2G,2666,5/18/26 04:15,36.338,,
Plot Title: 5S2G,2667,5/18/26 04:30,36.145,,
Plot Title: 5S2G,2668,5/18/26 04:45,36.145,,
Plot Title: 5S2G,2669,5/18/26 05:00,36.145,,
Plot Title: 5S2G,2670,5/18/26 05:15,36.145,,
Plot Title: 5S2G,2671,5/18/26 05:30,36.145,,
Plot Title: 5S2G,2672,5/18/26 05:45,36.145,,
Plot Title: 5S2G,2673,5/18/26 06:00,35.951,,
Plot Title: 5S2G,2674,5/18/26 06:15,35.951,,
Plot Title: 5S2G,2675,5/18/26 06:30,35.951,,
Plot Title: 5S2G,2676,5/18/26 06:45,35.951,,
Plot Title: 5S2G,2677,5/18/26 07:00,35.951,,
Plot Title: 5S2G,2678,5/18/26 07:15,35.951,,
Plot Title: 5S2G,2679,5/18/26 07:30,35.951,,
Plot Title: 5S2G,2680,5/18/26 07:45,35.951,,
Plot Title: 5S2G,2681,5/18/26 08:00,35.951,,
Plot Title: 5S2G,2682,5/18/26 08:15,35.951,,
Plot Title: 5S2G,2683,5/18/26 08:30,35.951,,
Plot Title: 5S2G,2684,5/18/26 08:45,35.951,,
Plot Title: 5S2G,2685,5/18/26 09:00,35.951,,
Plot Title: 5S2G,2686,5/18/26 09:15,36.145,,
Plot Title: 5S2G,2687,5/18/26 09:30,36.338,,
Plot Title: 5S2G,2688,5/18/26 09:45,36.338,,
Plot Title: 5S2G,2689,5/18/26 10:00,36.531,,
Plot Title: 5S2G,2690,5/18/26 10:15,36.531,,
Plot Title: 5S2G,2691,5/18/26 10:30,36.531,,
Plot Title: 5S2G,2692,5/18/26 10:45,36.531,,
Plot Title: 5S2G,2693,5/18/26 11:00,37.297,,
Plot Title: 5S2G,2694,5/18/26 11:15,37.679,,
Plot Title: 5S2G,2695,5/18/26 11:30,37.87,,
Plot Title: 5S2G,2696,5/18/26 11:45,37.87,,
Plot Title: 5S2G,2697,5/18/26 12:00,38.25,,
Plot Title: 5S2G,2698,5/18/26 12:15,38.629,,
Plot Title: 5S2G,2699,5/18/26 12:30,39.384,,
Plot Title: 5S2G,2700,5/18/26 12:45,40.134,,
Plot Title: 5S2G,2701,5/18/26 13:00,39.947,,
Plot Title: 5S2G,2702,5/18/26 13:15,40.134,,
Plot Title: 5S2G,2703,5/18/26 13:30,40.881,,
Plot Title: 5S2G,2704,5/18/26 13:45,41.439,,
Plot Title: 5S2G,2705,5/18/26 14:00,41.81,,
Plot Title: 5S2G,2706,5/18/26 14:15,41.067,,
Plot Title: 5S2G,2707,5/18/26 14:30,41.254,,
Plot Title: 5S2G,2708,5/18/26 14:45,41.625,,
Plot Title: 5S2G,2709,5/18/26 15:00,41.625,,
Plot Title: 5S2G,2710,5/18/26 15:15,42.179,,
Plot Title: 5S2G,2711,5/18/26 15:30,42.363,,
Plot Title: 5S2G,2712,5/18/26 15:45,42.548,,
Plot Title: 5S2G,2713,5/18/26 16:00,42.363,,
Plot Title: 5S2G,2714,5/18/26 16:15,42.363,,
Plot Title: 5S2G,2715,5/18/26 16:30,42.179,,
Plot Title: 5S2G,2716,5/18/26 16:45,41.81,,
Plot Title: 5S2G,2717,5/18/26 17:00,41.439,,
Plot Title: 5S2G,2718,5/18/26 17:15,41.067,,
Plot Title: 5S2G,2719,5/18/26 17:30,40.881,,
Plot Title: 5S2G,2720,5/18/26 17:45,40.881,,
Plot Title: 5S2G,2721,5/18/26 18:00,41.254,,
Plot Title: 5S2G,2722,5/18/26 18:15,41.067,,
Plot Title: 5S2G,2723,5/18/26 18:30,40.696,,
Plot Title: 5S2G,2724,5/18/26 18:45,40.134,,
Plot Title: 5S2G,2725,5/18/26 19:00,39.76,,
Plot Title: 5S2G,2726,5/18/26 19:15,39.196,,
Plot Title: 5S2G,2727,5/18/26 19:30,38.818,,
Plot Title: 5S2G,2728,5/18/26 19:45,38.629,,
Plot Title: 5S2G,2729,5/18/26 20:00,38.25,,
Plot Title: 5S2G,2730,5/18/26 20:15,38.061,,
Plot Title: 5S2G,2731,5/18/26 20:30,37.87,,
Plot Title: 5S2G,2732,5/18/26 20:45,37.488,,
Plot Title: 5S2G,2733,5/18/26 21:00,37.297,,
Plot Title: 5S2G,2734,5/18/26 21:15,37.107,,
Plot Title: 5S2G,2735,5/18/26 21:30,36.914,,
Plot Title: 5S2G,2736,5/18/26 21:45,36.723,,
Plot Title: 5S2G,2737,5/18/26 22:00,36.531,,
Plot Title: 5S2G,2738,5/18/26 22:15,36.338,,
Plot Title: 5S2G,2739,5/18/26 22:30,36.338,,
Plot Title: 5S2G,2740,5/18/26 22:45,36.145,,
Plot Title: 5S2G,2741,5/18/26 23:00,35.951,,
Plot Title: 5S2G,2742,5/18/26 23:15,35.951,,
Plot Title: 5S2G,2743,5/18/26 23:30,35.758,,
Plot Title: 5S2G,2744,5/18/26 23:45,35.758,,
Plot Title: 5S2G,2745,5/19/26 00:00,35.564,,
Plot Title: 5S2G,2746,5/19/26 00:15,35.564,,
Plot Title: 5S2G,2747,5/19/26 00:30,35.37,,
Plot Title: 5S2G,2748,5/19/26 00:45,35.37,,
Plot Title: 5S2G,2749,5/19/26 01:00,35.175,,
Plot Title: 5S2G,2750,5/19/26 01:15,35.175,,
Plot Title: 5S2G,2751,5/19/26 01:30,35.175,,
Plot Title: 5S2G,2752,5/19/26 01:45,35.175,,
Plot Title: 5S2G,2753,5/19/26 02:00,34.981,,
Plot Title: 5S2G,2754,5/19/26 02:15,34.981,,
Plot Title: 5S2G,2755,5/19/26 02:30,34.981,,
Plot Title: 5S2G,2756,5/19/26 02:45,34.981,,
Plot Title: 5S2G,2757,5/19/26 03:00,34.786,,
Plot Title: 5S2G,2758,5/19/26 03:15,34.786,,
Plot Title: 5S2G,2759,5/19/26 03:30,34.786,,
Plot Title: 5S2G,2760,5/19/26 03:45,34.786,,
Plot Title: 5S2G,2761,5/19/26 04:00,34.786,,
Plot Title: 5S2G,2762,5/19/26 04:15,34.786,,
Plot Title: 5S2G,2763,5/19/26 04:30,34.59,,
Plot Title: 5S2G,2764,5/19/26 04:45,34.59,,
Plot Title: 5S2G,2765,5/19/26 05:00,34.59,,
Plot Title: 5S2G,2766,5/19/26 05:15,34.59,,
Plot Title: 5S2G,2767,5/19/26 05:30,34.59,,
Plot Title: 5S2G,2768,5/19/26 05:45,34.394,,
Plot Title: 5S2G,2769,5/19/26 06:00,34.394,,
Plot Title: 5S2G,2770,5/19/26 06:15,34.394,,
Plot Title: 5S2G,2771,5/19/26 06:30,34.394,,
Plot Title: 5S2G,2772,5/19/26 06:45,34.394,,
Plot Title: 5S2G,2773,5/19/26 07:00,34.394,,
Plot Title: 5S2G,2774,5/19/26 07:15,34.394,,
Plot Title: 5S2G,2775,5/19/26 07:30,34.394,,
Plot Title: 5S2G,2776,5/19/26 07:45,34.394,,
Plot Title: 5S2G,2777,5/19/26 08:00,34.394,,
Plot Title: 5S2G,2778,5/19/26 08:15,34.59,,
Plot Title: 5S2G,2779,5/19/26 08:30,34.786,,
Plot Title: 5S2G,2780,5/19/26 08:45,35.951,,
Plot Title: 5S2G,2781,5/19/26 09:00,40.134,,
Plot Title: 5S2G,2782,5/19/26 09:15,44.195,,
Plot Title: 5S2G,2783,5/19/26 09:30,46.908,,
Plot Title: 5S2G,2784,5/19/26 09:45,48.339,,
Plot Title: 5S2G,2785,5/19/26 10:00,51.172,,
Plot Title: 5S2G,2786,5/19/26 10:15,52.925,,
Plot Title: 5S2G,2787,5/19/26 10:30,55.017,,
Plot Title: 5S2G,2788,5/19/26 10:45,57.441,,
Plot Title: 5S2G,2789,5/19/26 11:00,59.851,,
Plot Title: 5S2G,2790,5/19/26 11:15,61.569,,
Plot Title: 5S2G,2791,5/19/26 11:30,56.923,,
Plot Title: 5S2G,2792,5/19/26 11:45,57.958,,
Plot Title: 5S2G,2793,5/19/26 12:00,57.096,,
Plot Title: 5S2G,2794,5/19/26 12:15,54.322,,
Plot Title: 5S2G,2795,5/19/26 12:30,52.576,,
Plot Title: 5S2G,2796,5/19/26 12:45,51.346,,
Plot Title: 5S2G,2797,5/19/26 13:00,50.819,,
Plot Title: 5S2G,2798,5/19/26 13:15,50.466,,
Plot Title: 5S2G,2799,5/19/26 13:30,49.937,,
Plot Title: 5S2G,2800,5/19/26 13:45,49.582,,
Plot Title: 5S2G,2801,5/19/26 14:00,49.05,,
Plot Title: 5S2G,2802,5/19/26 14:15,48.517,,
Plot Title: 5S2G,2803,5/19/26 14:30,48.339,,
Plot Title: 5S2G,2804,5/19/26 14:45,47.802,,
Plot Title: 5S2G,2805,5/19/26 15:00,48.16,,
Plot Title: 5S2G,2806,5/19/26 15:15,47.624,,
Plot Title: 5S2G,2807,5/19/26 15:30,47.446,,
Plot Title: 5S2G,2808,5/19/26 15:45,47.624,,
Plot Title: 5S2G,2809,5/19/26 16:00,47.266,,
Plot Title: 5S2G,2810,5/19/26 16:15,46.728,,
Plot Title: 5S2G,2811,5/19/26 16:30,46.908,,
Plot Title: 5S2G,2812,5/19/26 16:45,46.369,,
Plot Title: 5S2G,2813,5/19/26 17:00,45.648,,
Plot Title: 5S2G,2814,5/19/26 17:15,45.648,,
Plot Title: 5S2G,2815,5/19/26 17:30,45.828,,
Plot Title: 5S2G,2816,5/19/26 17:45,46.188,,
Plot Title: 5S2G,2817,5/19/26 18:00,46.008,,
Plot Title: 5S2G,2818,5/19/26 18:15,45.648,,
Plot Title: 5S2G,2819,5/19/26 18:30,45.466,,
Plot Title: 5S2G,2820,5/19/26 18:45,45.286,,
Plot Title: 5S2G,2821,5/19/26 19:00,45.286,,
Plot Title: 5S2G,2822,5/19/26 19:15,45.286,,
Plot Title: 5S2G,2823,5/19/26 19:30,45.104,,
Plot Title: 5S2G,2824,5/19/26 19:45,44.742,,
Plot Title: 5S2G,2825,5/19/26 20:00,44.379,,
Plot Title: 5S2G,2826,5/19/26 20:15,44.013,,
Plot Title: 5S2G,2827,5/19/26 20:30,43.831,,
Plot Title: 5S2G,2828,5/19/26 20:45,43.648,,
Plot Title: 5S2G,2829,5/19/26 21:00,43.282,,
Plot Title: 5S2G,2830,5/19/26 21:15,42.915,,
Plot Title: 5S2G,2831,5/19/26 21:30,42.548,,
Plot Title: 5S2G,2832,5/19/26 21:45,42.179,,
Plot Title: 5S2G,2833,5/19/26 22:00,41.81,,
Plot Title: 5S2G,2834,5/19/26 22:15,41.625,,
Plot Title: 5S2G,2835,5/19/26 22:30,41.254,,
Plot Title: 5S2G,2836,5/19/26 22:45,40.881,,
Plot Title: 5S2G,2837,5/19/26 23:00,40.696,,
Plot Title: 5S2G,2838,5/19/26 23:15,40.509,,
Plot Title: 5S2G,2839,5/19/26 23:30,40.321,,
Plot Title: 5S2G,2840,5/19/26 23:45,40.321,,
Plot Title: 5S2G,2841,5/20/26 00:00,40.134,,
Plot Title: 5S2G,2842,5/20/26 00:15,40.134,,
Plot Title: 5S2G,2843,5/20/26 00:30,39.947,,
Plot Title: 5S2G,2844,5/20/26 00:45,39.76,,
Plot Title: 5S2G,2845,5/20/26 01:00,39.384,,
Plot Title: 5S2G,2846,5/20/26 01:15,39.384,,
Plot Title: 5S2G,2847,5/20/26 01:30,39.384,,
Plot Title: 5S2G,2848,5/20/26 01:45,39.573,,
Plot Title: 5S2G,2849,5/20/26 02:00,39.384,,
Plot Title: 5S2G,2850,5/20/26 02:15,39.196,,
Plot Title: 5S2G,2851,5/20/26 02:30,39.007,,
Plot Title: 5S2G,2852,5/20/26 02:45,38.818,,
Plot Title: 5S2G,2853,5/20/26 03:00,38.629,,
Plot Title: 5S2G,2854,5/20/26 03:15,38.44,,
Plot Title: 5S2G,2855,5/20/26 03:30,38.44,,
Plot Title: 5S2G,2856,5/20/26 03:45,38.25,,
Plot Title: 5S2G,2857,5/20/26 04:00,38.061,,
Plot Title: 5S2G,2858,5/20/26 04:15,37.679,,
Plot Title: 5S2G,2859,5/20/26 04:30,37.679,,
Plot Title: 5S2G,2860,5/20/26 04:45,37.488,,
Plot Title: 5S2G,2861,5/20/26 05:00,37.488,,
Plot Title: 5S2G,2862,5/20/26 05:15,37.297,,
Plot Title: 5S2G,2863,5/20/26 05:30,37.297,,
Plot Title: 5S2G,2864,5/20/26 05:45,37.107,,
Plot Title: 5S2G,2865,5/20/26 06:00,37.107,,
Plot Title: 5S2G,2866,5/20/26 06:15,37.107,,
Plot Title: 5S2G,2867,5/20/26 06:30,37.107,,
Plot Title: 5S2G,2868,5/20/26 06:45,37.297,,
Plot Title: 5S2G,2869,5/20/26 07:00,37.297,,
Plot Title: 5S2G,2870,5/20/26 07:15,37.297,,
Plot Title: 5S2G,2871,5/20/26 07:30,37.679,,
Plot Title: 5S2G,2872,5/20/26 07:45,38.25,,
Plot Title: 5S2G,2873,5/20/26 08:00,38.818,,
Plot Title: 5S2G,2874,5/20/26 08:15,39.196,,
Plot Title: 5S2G,2875,5/20/26 08:30,39.76,,
Plot Title: 5S2G,2876,5/20/26 08:45,44.195,,
Plot Title: 5S2G,2877,5/20/26 09:00,47.088,,
Plot Title: 5S2G,2878,5/20/26 09:15,48.517,,
Plot Title: 5S2G,2879,5/20/26 09:30,50.466,,
Plot Title: 5S2G,2880,5/20/26 09:45,53.274,,
Plot Title: 5S2G,2881,5/20/26 10:00,53.1,,
Plot Title: 5S2G,2882,5/20/26 10:15,52.225,,
Plot Title: 5S2G,2883,5/20/26 10:30,50.466,,
Plot Title: 5S2G,2884,5/20/26 10:45,54.669,,
Plot Title: 5S2G,2885,5/20/26 11:00,55.364,,
Plot Title: 5S2G,2886,5/20/26 11:15,52.925,,
Plot Title: 5S2G,2887,5/20/26 11:30,51.699,,
Plot Title: 5S2G,2888,5/20/26 11:45,50.995,,
Plot Title: 5S2G,2889,5/20/26 12:00,52.576,,
Plot Title: 5S2G,2890,5/20/26 12:15,51.172,,
Plot Title: 5S2G,2891,5/20/26 12:30,50.643,,
Plot Title: 5S2G,2892,5/20/26 12:45,50.466,,
Plot Title: 5S2G,2893,5/20/26 13:00,50.29,,
Plot Title: 5S2G,2894,5/20/26 13:15,49.228,,
Plot Title: 5S2G,2895,5/20/26 13:30,49.05,,
Plot Title: 5S2G,2896,5/20/26 13:45,49.05,,
Plot Title: 5S2G,2897,5/20/26 14:00,49.228,,
Plot Title: 5S2G,2898,5/20/26 14:15,49.05,,
Plot Title: 5S2G,2899,5/20/26 14:30,48.871,,
Plot Title: 5S2G,2900,5/20/26 14:45,48.871,,
Plot Title: 5S2G,2901,5/20/26 15:00,48.871,,
Plot Title: 5S2G,2902,5/20/26 15:15,49.05,,
Plot Title: 5S2G,2903,5/20/26 15:30,49.05,,
Plot Title: 5S2G,2904,5/20/26 15:45,49.228,,
Plot Title: 5S2G,2905,5/20/26 16:00,49.228,,
Plot Title: 5S2G,2906,5/20/26 16:15,48.871,,
Plot Title: 5S2G,2907,5/20/26 16:30,49.05,,
Plot Title: 5S2G,2908,5/20/26 16:45,49.05,,
Plot Title: 5S2G,2909,5/20/26 17:00,48.695,,
Plot Title: 5S2G,2910,5/20/26 17:15,48.16,,
Plot Title: 5S2G,2911,5/20/26 17:30,48.16,,
Plot Title: 5S2G,2912,5/20/26 17:45,47.802,,
Plot Title: 5S2G,2913,5/20/26 18:00,47.624,,
Plot Title: 5S2G,2914,5/20/26 18:15,47.446,,
Plot Title: 5S2G,2915,5/20/26 18:30,47.446,,
Plot Title: 5S2G,2916,5/20/26 18:45,47.266,,
Plot Title: 5S2G,2917,5/20/26 19:00,47.088,,
Plot Title: 5S2G,2918,5/20/26 19:15,46.728,,
Plot Title: 5S2G,2919,5/20/26 19:30,46.188,,
Plot Title: 5S2G,2920,5/20/26 19:45,45.466,,
Plot Title: 5S2G,2921,5/20/26 20:00,44.922,,
Plot Title: 5S2G,2922,5/20/26 20:15,44.56,,
Plot Title: 5S2G,2923,5/20/26 20:30,44.195,,
Plot Title: 5S2G,2924,5/20/26 20:45,44.013,,
Plot Title: 5S2G,2925,5/20/26 21:00,43.831,,
Plot Title: 5S2G,2926,5/20/26 21:15,43.466,,
Plot Title: 5S2G,2927,5/20/26 21:30,43.282,,
Plot Title: 5S2G,2928,5/20/26 21:45,42.915,,
Plot Title: 5S2G,2929,5/20/26 22:00,42.732,,
Plot Title: 5S2G,2930,5/20/26 22:15,42.548,,
Plot Title: 5S2G,2931,5/20/26 22:30,42.363,,
Plot Title: 5S2G,2932,5/20/26 22:45,42.179,,
Plot Title: 5S2G,2933,5/20/26 23:00,41.994,,
Plot Title: 5S2G,2934,5/20/26 23:15,41.625,,
Plot Title: 5S2G,2935,5/20/26 23:30,41.439,,
Plot Title: 5S2G,2936,5/20/26 23:45,41.067,,
Plot Title: 5S2G,2937,5/21/26 00:00,40.696,,
Plot Title: 5S2G,2938,5/21/26 00:15,40.509,,
Plot Title: 5S2G,2939,5/21/26 00:30,40.509,,
Plot Title: 5S2G,2940,5/21/26 00:45,40.321,,
Plot Title: 5S2G,2941,5/21/26 01:00,40.134,,
Plot Title: 5S2G,2942,5/21/26 01:15,40.134,,
Plot Title: 5S2G,2943,5/21/26 01:30,39.947,,
Plot Title: 5S2G,2944,5/21/26 01:45,39.947,,
Plot Title: 5S2G,2945,5/21/26 02:00,39.76,,
Plot Title: 5S2G,2946,5/21/26 02:15,39.76,,
Plot Title: 5S2G,2947,5/21/26 02:30,39.76,,
Plot Title: 5S2G,2948,5/21/26 02:45,39.573,,
Plot Title: 5S2G,2949,5/21/26 03:00,39.573,,
Plot Title: 5S2G,2950,5/21/26 03:15,39.573,,
Plot Title: 5S2G,2951,5/21/26 03:30,39.573,,
Plot Title: 5S2G,2952,5/21/26 03:45,39.384,,
Plot Title: 5S2G,2953,5/21/26 04:00,39.384,,
Plot Title: 5S2G,2954,5/21/26 04:15,39.384,,
Plot Title: 5S2G,2955,5/21/26 04:30,39.384,,
Plot Title: 5S2G,2956,5/21/26 04:45,39.384,,
Plot Title: 5S2G,2957,5/21/26 05:00,39.196,,
Plot Title: 5S2G,2958,5/21/26 05:15,39.196,,
Plot Title: 5S2G,2959,5/21/26 05:30,39.196,,
Plot Title: 5S2G,2960,5/21/26 05:45,39.196,,
Plot Title: 5S2G,2961,5/21/26 06:00,39.007,,
Plot Title: 5S2G,2962,5/21/26 06:15,38.818,,
Plot Title: 5S2G,2963,5/21/26 06:30,38.818,,
Plot Title: 5S2G,2964,5/21/26 06:45,38.25,,
Plot Title: 5S2G,2965,5/21/26 07:00,37.679,,
Plot Title: 5S2G,2966,5/21/26 07:15,37.488,,
Plot Title: 5S2G,2967,5/21/26 07:30,37.488,,
Plot Title: 5S2G,2968,5/21/26 07:45,37.488,,
Plot Title: 5S2G,2969,5/21/26 08:00,37.679,,
Plot Title: 5S2G,2970,5/21/26 08:15,37.679,,
Plot Title: 5S2G,2971,5/21/26 08:30,37.679,,
Plot Title: 5S2G,2972,5/21/26 08:45,37.679,,
Plot Title: 5S2G,2973,5/21/26 09:00,37.488,,
Plot Title: 5S2G,2974,5/21/26 09:15,37.679,,
Plot Title: 5S2G,2975,5/21/26 09:30,37.679,,
Plot Title: 5S2G,2976,5/21/26 09:45,37.679,,
Plot Title: 5S2G,2977,5/21/26 10:00,37.87,,
Plot Title: 5S2G,2978,5/21/26 10:15,38.061,,
Plot Title: 5S2G,2979,5/21/26 10:30,38.25,,
Plot Title: 5S2G,2980,5/21/26 10:45,38.44,,
Plot Title: 5S2G,2981,5/21/26 11:00,38.44,,
Plot Title: 5S2G,2982,5/21/26 11:15,38.629,,
Plot Title: 5S2G,2983,5/21/26 11:30,39.007,,
Plot Title: 5S2G,2984,5/21/26 11:45,39.196,,
Plot Title: 5S2G,2985,5/21/26 12:00,38.44,,
Plot Title: 5S2G,2986,5/21/26 12:15,38.061,,
Plot Title: 5S2G,2987,5/21/26 12:30,38.061,,
Plot Title: 5S2G,2988,5/21/26 12:45,39.196,,
Plot Title: 5S2G,2989,5/21/26 13:00,39.384,,
Plot Title: 5S2G,2990,5/21/26 13:15,39.384,,
Plot Title: 5S2G,2991,5/21/26 13:30,39.947,,
Plot Title: 5S2G,2992,5/21/26 13:45,40.881,,
Plot Title: 5S2G,2993,5/21/26 14:00,40.881,,
Plot Title: 5S2G,2994,5/21/26 14:15,41.067,,
Plot Title: 5S2G,2995,5/21/26 14:30,41.625,,
Plot Title: 5S2G,2996,5/21/26 14:45,41.81,,
Plot Title: 5S2G,2997,5/21/26 15:00,41.625,,
Plot Title: 5S2G,2998,5/21/26 15:15,41.439,,
Plot Title: 5S2G,2999,5/21/26 15:30,41.439,,
Plot Title: 5S2G,3000,5/21/26 15:45,41.994,,
Plot Title: 5S2G,3001,5/21/26 16:00,42.363,,
Plot Title: 5S2G,3002,5/21/26 16:15,42.732,,
Plot Title: 5S2G,3003,5/21/26 16:30,42.548,,
Plot Title: 5S2G,3004,5/21/26 16:45,42.732,,
Plot Title: 5S2G,3005,5/21/26 17:00,43.099,,
Plot Title: 5S2G,3006,5/21/26 17:15,42.915,,
Plot Title: 5S2G,3007,5/21/26 17:30,43.099,,
Plot Title: 5S2G,3008,5/21/26 17:45,42.732,,
Plot Title: 5S2G,3009,5/21/26 18:00,42.179,,
Plot Title: 5S2G,3010,5/21/26 18:15,41.81,,
Plot Title: 5S2G,3011,5/21/26 18:30,41.81,,
Plot Title: 5S2G,3012,5/21/26 18:45,41.994,,
Plot Title: 5S2G,3013,5/21/26 19:00,41.81,,
Plot Title: 5S2G,3014,5/21/26 19:15,41.439,,
Plot Title: 5S2G,3015,5/21/26 19:30,41.254,,
Plot Title: 5S2G,3016,5/21/26 19:45,40.881,,
Plot Title: 5S2G,3017,5/21/26 20:00,40.509,,
Plot Title: 5S2G,3018,5/21/26 20:15,40.321,,
Plot Title: 5S2G,3019,5/21/26 20:30,40.134,,
Plot Title: 5S2G,3020,5/21/26 20:45,39.947,,
Plot Title: 5S2G,3021,5/21/26 21:00,39.573,,
Plot Title: 5S2G,3022,5/21/26 21:15,39.384,,
Plot Title: 5S2G,3023,5/21/26 21:30,39.196,,
Plot Title: 5S2G,3024,5/21/26 21:45,39.007,,
Plot Title: 5S2G,3025,5/21/26 22:00,38.818,,
Plot Title: 5S2G,3026,5/21/26 22:15,38.44,,
Plot Title: 5S2G,3027,5/21/26 22:30,38.25,,
Plot Title: 5S2G,3028,5/21/26 22:45,38.061,,
Plot Title: 5S2G,3029,5/21/26 23:00,37.87,,
Plot Title: 5S2G,3030,5/21/26 23:15,37.87,,
Plot Title: 5S2G,3031,5/21/26 23:30,37.679,,
Plot Title: 5S2G,3032,5/21/26 23:45,37.679,,
Plot Title: 5S2G,3033,5/22/26 00:00,37.488,,
Plot Title: 5S2G,3034,5/22/26 00:15,37.297,,
Plot Title: 5S2G,3035,5/22/26 00:30,37.297,,
Plot Title: 5S2G,3036,5/22/26 00:45,37.107,,
Plot Title: 5S2G,3037,5/22/26 01:00,37.107,,
Plot Title: 5S2G,3038,5/22/26 01:15,36.914,,
Plot Title: 5S2G,3039,5/22/26 01:30,36.723,,
Plot Title: 5S2G,3040,5/22/26 01:45,36.723,,
Plot Title: 5S2G,3041,5/22/26 02:00,36.531,,
Plot Title: 5S2G,3042,5/22/26 02:15,36.531,,
Plot Title: 5S2G,3043,5/22/26 02:30,36.338,,
Plot Title: 5S2G,3044,5/22/26 02:45,36.338,,
Plot Title: 5S2G,3045,5/22/26 03:00,36.338,,
Plot Title: 5S2G,3046,5/22/26 03:15,36.145,,
Plot Title: 5S2G,3047,5/22/26 03:30,36.145,,
Plot Title: 5S2G,3048,5/22/26 03:45,35.951,,
Plot Title: 5S2G,3049,5/22/26 04:00,35.951,,
Plot Title: 5S2G,3050,5/22/26 04:15,35.758,,
Plot Title: 5S2G,3051,5/22/26 04:30,35.758,,
Plot Title: 5S2G,3052,5/22/26 04:45,35.758,,
Plot Title: 5S2G,3053,5/22/26 05:00,35.564,,
Plot Title: 5S2G,3054,5/22/26 05:15,35.564,,
Plot Title: 5S2G,3055,5/22/26 05:30,35.564,,
Plot Title: 5S2G,3056,5/22/26 05:45,35.37,,
Plot Title: 5S2G,3057,5/22/26 06:00,35.37,,
Plot Title: 5S2G,3058,5/22/26 06:15,35.37,,
Plot Title: 5S2G,3059,5/22/26 06:30,35.37,,
Plot Title: 5S2G,3060,5/22/26 06:45,35.37,,
Plot Title: 5S2G,3061,5/22/26 07:00,35.37,,
Plot Title: 5S2G,3062,5/22/26 07:15,35.564,,
Plot Title: 5S2G,3063,5/22/26 07:30,36.338,,
Plot Title: 5S2G,3064,5/22/26 07:45,36.723,,
Plot Title: 5S2G,3065,5/22/26 08:00,37.107,,
Plot Title: 5S2G,3066,5/22/26 08:15,37.679,,
Plot Title: 5S2G,3067,5/22/26 08:30,38.629,,
Plot Title: 5S2G,3068,5/22/26 08:45,41.625,,
Plot Title: 5S2G,3069,5/22/26 09:00,44.013,,
Plot Title: 5S2G,3070,5/22/26 09:15,44.56,,
Plot Title: 5S2G,3071,5/22/26 09:30,47.446,,
Plot Title: 5S2G,3072,5/22/26 09:45,51.523,,
Plot Title: 5S2G,3073,5/22/26 10:00,51.523,,
Plot Title: 5S2G,3074,5/22/26 10:15,52.75,,
Plot Title: 5S2G,3075,5/22/26 10:30,56.23,,
Plot Title: 5S2G,3076,5/22/26 10:45,57.958,,
Plot Title: 5S2G,3077,5/22/26 11:00,60.368,,
Plot Title: 5S2G,3078,5/22/26 11:15,61.227,,
Plot Title: 5S2G,3079,5/22/26 11:30,57.785,,
Plot Title: 5S2G,3080,5/22/26 11:45,55.884,,
Plot Title: 5S2G,3081,5/22/26 12:00,55.017,,
Plot Title: 5S2G,3082,5/22/26 12:15,53.973,,
Plot Title: 5S2G,3083,5/22/26 12:30,52.05,,
Plot Title: 5S2G,3084,5/22/26 12:45,51.346,,
Plot Title: 5S2G,3085,5/22/26 13:00,50.466,,
Plot Title: 5S2G,3086,5/22/26 13:15,50.29,,
Plot Title: 5S2G,3087,5/22/26 13:30,49.404,,
Plot Title: 5S2G,3088,5/22/26 13:45,48.695,,
Plot Title: 5S2G,3089,5/22/26 14:00,48.16,,
Plot Title: 5S2G,3090,5/22/26 14:15,47.624,,
Plot Title: 5S2G,3091,5/22/26 14:30,47.446,,
Plot Title: 5S2G,3092,5/22/26 14:45,47.266,,
Plot Title: 5S2G,3093,5/22/26 15:00,47.802,,
Plot Title: 5S2G,3094,5/22/26 15:15,48.339,,
Plot Title: 5S2G,3095,5/22/26 15:30,48.871,,
Plot Title: 5S2G,3096,5/22/26 15:45,48.517,,
Plot Title: 5S2G,3097,5/22/26 16:00,48.339,,
Plot Title: 5S2G,3098,5/22/26 16:15,47.624,,
Plot Title: 5S2G,3099,5/22/26 16:30,47.088,,
Plot Title: 5S2G,3100,5/22/26 16:45,46.728,,
Plot Title: 5S2G,3101,5/22/26 17:00,46.728,,
Plot Title: 5S2G,3102,5/22/26 17:15,46.908,,
Plot Title: 5S2G,3103,5/22/26 17:30,47.266,,
Plot Title: 5S2G,3104,5/22/26 17:45,47.446,,
Plot Title: 5S2G,3105,5/22/26 18:00,47.446,,
Plot Title: 5S2G,3106,5/22/26 18:15,47.266,,
Plot Title: 5S2G,3107,5/22/26 18:30,46.908,,
Plot Title: 5S2G,3108,5/22/26 18:45,46.548,,
Plot Title: 5S2G,3109,5/22/26 19:00,46.008,,
Plot Title: 5S2G,3110,5/22/26 19:15,45.828,,
Plot Title: 5S2G,3111,5/22/26 19:30,45.648,,
Plot Title: 5S2G,3112,5/22/26 19:45,45.648,,
Plot Title: 5S2G,3113,5/22/26 20:00,45.466,,
Plot Title: 5S2G,3114,5/22/26 20:15,45.104,,
Plot Title: 5S2G,3115,5/22/26 20:30,44.742,,
Plot Title: 5S2G,3116,5/22/26 20:45,44.379,,
Plot Title: 5S2G,3117,5/22/26 21:00,44.195,,
Plot Title: 5S2G,3118,5/22/26 21:15,44.013,,
Plot Title: 5S2G,3119,5/22/26 21:30,43.648,,
Plot Title: 5S2G,3120,5/22/26 21:45,43.466,,
Plot Title: 5S2G,3121,5/22/26 22:00,43.282,,
Plot Title: 5S2G,3122,5/22/26 22:15,43.099,,
Plot Title: 5S2G,3123,5/22/26 22:30,42.915,,
Plot Title: 5S2G,3124,5/22/26 22:45,42.732,,
Plot Title: 5S2G,3125,5/22/26 23:00,42.732,,
Plot Title: 5S2G,3126,5/22/26 23:15,42.732,,
Plot Title: 5S2G,3127,5/22/26 23:30,42.732,,
Plot Title: 5S2G,3128,5/22/26 23:45,42.548,,
Plot Title: 5S2G,3129,5/23/26 00:00,42.548,,
Plot Title: 5S2G,3130,5/23/26 00:15,42.363,,
Plot Title: 5S2G,3131,5/23/26 00:30,42.179,,
Plot Title: 5S2G,3132,5/23/26 00:45,42.179,,
Plot Title: 5S2G,3133,5/23/26 01:00,42.179,,
Plot Title: 5S2G,3134,5/23/26 01:15,42.179,,
Plot Title: 5S2G,3135,5/23/26 01:30,42.179,,
Plot Title: 5S2G,3136,5/23/26 01:45,42.179,,
Plot Title: 5S2G,3137,5/23/26 02:00,42.179,,
Plot Title: 5S2G,3138,5/23/26 02:15,41.994,,
Plot Title: 5S2G,3139,5/23/26 02:30,41.994,,
Plot Title: 5S2G,3140,5/23/26 02:45,41.81,,
Plot Title: 5S2G,3141,5/23/26 03:00,41.81,,
Plot Title: 5S2G,3142,5/23/26 03:15,41.81,,
Plot Title: 5S2G,3143,5/23/26 03:30,41.439,,
Plot Title: 5S2G,3144,5/23/26 03:45,41.254,,
Plot Title: 5S2G,3145,5/23/26 04:00,41.067,,
Plot Title: 5S2G,3146,5/23/26 04:15,41.067,,
Plot Title: 5S2G,3147,5/23/26 04:30,40.881,,
Plot Title: 5S2G,3148,5/23/26 04:45,40.696,,
Plot Title: 5S2G,3149,5/23/26 05:00,40.509,,
Plot Title: 5S2G,3150,5/23/26 05:15,40.509,,
Plot Title: 5S2G,3151,5/23/26 05:30,40.321,,
Plot Title: 5S2G,3152,5/23/26 05:45,40.134,,
Plot Title: 5S2G,3153,5/23/26 06:00,40.134,,
Plot Title: 5S2G,3154,5/23/26 06:15,40.134,,
Plot Title: 5S2G,3155,5/23/26 06:30,40.134,,
Plot Title: 5S2G,3156,5/23/26 06:45,40.321,,
Plot Title: 5S2G,3157,5/23/26 07:00,40.509,,
Plot Title: 5S2G,3158,5/23/26 07:15,40.509,,
Plot Title: 5S2G,3159,5/23/26 07:30,41.625,,
Plot Title: 5S2G,3160,5/23/26 07:45,42.179,,
Plot Title: 5S2G,3161,5/23/26 08:00,42.548,,
Plot Title: 5S2G,3162,5/23/26 08:15,43.099,,
Plot Title: 5S2G,3163,5/23/26 08:30,43.466,,
Plot Title: 5S2G,3164,5/23/26 08:45,44.922,,
Plot Title: 5S2G,3165,5/23/26 09:00,49.05,,
Plot Title: 5S2G,3166,5/23/26 09:15,52.75,,
Plot Title: 5S2G,3167,5/23/26 09:30,55.711,,
Plot Title: 5S2G,3168,5/23/26 09:45,57.614,,
Plot Title: 5S2G,3169,5/23/26 10:00,56.75,,
Plot Title: 5S2G,3170,5/23/26 10:15,57.441,,
Plot Title: 5S2G,3171,5/23/26 10:30,60.712,,
Plot Title: 5S2G,3172,5/23/26 10:45,64.652,,
Plot Title: 5S2G,3173,5/23/26 11:00,67.05,,
Plot Title: 5S2G,3174,5/23/26 11:15,67.906,,
Plot Title: 5S2G,3175,5/23/26 11:30,62.769,,
Plot Title: 5S2G,3176,5/23/26 11:45,62.083,,
Plot Title: 5S2G,3177,5/23/26 12:00,61.054,,
Plot Title: 5S2G,3178,5/23/26 12:15,58.303,,
Plot Title: 5S2G,3179,5/23/26 12:30,56.577,,
Plot Title: 5S2G,3180,5/23/26 12:45,56.057,,
Plot Title: 5S2G,3181,5/23/26 13:00,55.537,,
Plot Title: 5S2G,3182,5/23/26 13:15,55.537,,
Plot Title: 5S2G,3183,5/23/26 13:30,55.364,,
Plot Title: 5S2G,3184,5/23/26 13:45,55.189,,
Plot Title: 5S2G,3185,5/23/26 14:00,54.842,,
Plot Title: 5S2G,3186,5/23/26 14:15,54.495,,
Plot Title: 5S2G,3187,5/23/26 14:30,54.322,,
Plot Title: 5S2G,3188,5/23/26 14:45,53.623,,
Plot Title: 5S2G,3189,5/23/26 15:00,53.274,,
Plot Title: 5S2G,3190,5/23/26 15:15,53.1,,
Plot Title: 5S2G,3191,5/23/26 15:30,52.75,,
Plot Title: 5S2G,3192,5/23/26 15:45,52.75,,
Plot Title: 5S2G,3193,5/23/26 16:00,52.75,,
Plot Title: 5S2G,3194,5/23/26 16:15,52.225,,
Plot Title: 5S2G,3195,5/23/26 16:30,52.05,,
Plot Title: 5S2G,3196,5/23/26 16:45,52.05,,
Plot Title: 5S2G,3197,5/23/26 17:00,52.05,,
Plot Title: 5S2G,3198,5/23/26 17:15,52.05,,
Plot Title: 5S2G,3199,5/23/26 17:30,51.699,,
Plot Title: 5S2G,3200,5/23/26 17:45,51.523,,
Plot Title: 5S2G,3201,5/23/26 18:00,51.699,,
Plot Title: 5S2G,3202,5/23/26 18:15,51.172,,
Plot Title: 5S2G,3203,5/23/26 18:30,51.346,,
Plot Title: 5S2G,3204,5/23/26 18:45,50.995,,
Plot Title: 5S2G,3205,5/23/26 19:00,50.643,,
Plot Title: 5S2G,3206,5/23/26 19:15,50.29,,
Plot Title: 5S2G,3207,5/23/26 19:30,49.937,,
Plot Title: 5S2G,3208,5/23/26 19:45,49.582,,
Plot Title: 5S2G,3209,5/23/26 20:00,49.228,,
Plot Title: 5S2G,3210,5/23/26 20:15,49.05,,
Plot Title: 5S2G,3211,5/23/26 20:30,48.695,,
Plot Title: 5S2G,3212,5/23/26 20:45,48.339,,
Plot Title: 5S2G,3213,5/23/26 21:00,47.982,,
Plot Title: 5S2G,3214,5/23/26 21:15,47.802,,
Plot Title: 5S2G,3215,5/23/26 21:30,47.446,,
Plot Title: 5S2G,3216,5/23/26 21:45,47.088,,
Plot Title: 5S2G,3217,5/23/26 22:00,46.908,,
Plot Title: 5S2G,3218,5/23/26 22:15,46.728,,
Plot Title: 5S2G,3219,5/23/26 22:30,46.548,,
Plot Title: 5S2G,3220,5/23/26 22:45,46.188,,
Plot Title: 5S2G,3221,5/23/26 23:00,46.008,,
Plot Title: 5S2G,3222,5/23/26 23:15,45.648,,
Plot Title: 5S2G,3223,5/23/26 23:30,45.466,,
Plot Title: 5S2G,3224,5/23/26 23:45,45.286,,
Plot Title: 5S2G,3225,5/24/26 00:00,45.104,,
Plot Title: 5S2G,3226,5/24/26 00:15,44.922,,
Plot Title: 5S2G,3227,5/24/26 00:30,44.742,,
Plot Title: 5S2G,3228,5/24/26 00:45,44.56,,
Plot Title: 5S2G,3229,5/24/26 01:00,44.379,,
Plot Title: 5S2G,3230,5/24/26 01:15,44.195,,
Plot Title: 5S2G,3231,5/24/26 01:30,44.195,,
Plot Title: 5S2G,3232,5/24/26 01:45,44.013,,
Plot Title: 5S2G,3233,5/24/26 02:00,43.831,,
Plot Title: 5S2G,3234,5/24/26 02:15,43.648,,
Plot Title: 5S2G,3235,5/24/26 02:30,43.466,,
Plot Title: 5S2G,3236,5/24/26 02:45,43.282,,
Plot Title: 5S2G,3237,5/24/26 03:00,43.099,,
Plot Title: 5S2G,3238,5/24/26 03:15,42.915,,
Plot Title: 5S2G,3239,5/24/26 03:30,42.915,,
Plot Title: 5S2G,3240,5/24/26 03:45,42.732,,
Plot Title: 5S2G,3241,5/24/26 04:00,42.548,,
Plot Title: 5S2G,3242,5/24/26 04:15,42.363,,
Plot Title: 5S2G,3243,5/24/26 04:30,42.179,,
Plot Title: 5S2G,3244,5/24/26 04:45,41.994,,
Plot Title: 5S2G,3245,5/24/26 05:00,41.81,,
Plot Title: 5S2G,3246,5/24/26 05:15,41.625,,
Plot Title: 5S2G,3247,5/24/26 05:30,41.625,,
Plot Title: 5S2G,3248,5/24/26 05:45,41.439,,
Plot Title: 5S2G,3249,5/24/26 06:00,41.439,,
Plot Title: 5S2G,3250,5/24/26 06:15,41.254,,
Plot Title: 5S2G,3251,5/24/26 06:30,41.254,,
Plot Title: 5S2G,3252,5/24/26 06:45,41.254,,
Plot Title: 5S2G,3253,5/24/26 07:00,41.439,,
Plot Title: 5S2G,3254,5/24/26 07:15,41.625,,
Plot Title: 5S2G,3255,5/24/26 07:30,42.179,,
Plot Title: 5S2G,3256,5/24/26 07:45,42.548,,
Plot Title: 5S2G,3257,5/24/26 08:00,42.915,,
Plot Title: 5S2G,3258,5/24/26 08:15,43.648,,
Plot Title: 5S2G,3259,5/24/26 08:30,44.379,,
Plot Title: 5S2G,3260,5/24/26 08:45,46.908,,
Plot Title: 5S2G,3261,5/24/26 09:00,50.995,,
Plot Title: 5S2G,3262,5/24/26 09:15,54.322,,
Plot Title: 5S2G,3263,5/24/26 09:30,56.923,,
Plot Title: 5S2G,3264,5/24/26 09:45,58.82,,
Plot Title: 5S2G,3265,5/24/26 10:00,60.368,,
Plot Title: 5S2G,3266,5/24/26 10:15,60.368,,
Plot Title: 5S2G,3267,5/24/26 10:30,60.368,,
Plot Title: 5S2G,3268,5/24/26 10:45,64.481,,
Plot Title: 5S2G,3269,5/24/26 11:00,68.077,,
Plot Title: 5S2G,3270,5/24/26 11:15,69.964,,
Plot Title: 5S2G,3271,5/24/26 11:30,64.825,,
Plot Title: 5S2G,3272,5/24/26 11:45,63.797,,
Plot Title: 5S2G,3273,5/24/26 12:00,65.509,,
Plot Title: 5S2G,3274,5/24/26 12:15,61.227,,
Plot Title: 5S2G,3275,5/24/26 12:30,59.337,,
Plot Title: 5S2G,3276,5/24/26 12:45,57.958,,
Plot Title: 5S2G,3277,5/24/26 13:00,57.614,,
Plot Title: 5S2G,3278,5/24/26 13:15,56.577,,
Plot Title: 5S2G,3279,5/24/26 13:30,56.057,,
Plot Title: 5S2G,3280,5/24/26 13:45,55.711,,
Plot Title: 5S2G,3281,5/24/26 14:00,55.364,,
Plot Title: 5S2G,3282,5/24/26 14:15,55.189,,
Plot Title: 5S2G,3283,5/24/26 14:30,55.189,,
Plot Title: 5S2G,3284,5/24/26 14:45,55.189,,
Plot Title: 5S2G,3285,5/24/26 15:00,55.364,,
Plot Title: 5S2G,3286,5/24/26 15:15,55.364,,
Plot Title: 5S2G,3287,5/24/26 15:30,55.017,,
Plot Title: 5S2G,3288,5/24/26 15:45,54.842,,
Plot Title: 5S2G,3289,5/24/26 16:00,55.017,,
Plot Title: 5S2G,3290,5/24/26 16:15,55.017,,
Plot Title: 5S2G,3291,5/24/26 16:30,55.017,,
Plot Title: 5S2G,3292,5/24/26 16:45,55.189,,
Plot Title: 5S2G,3293,5/24/26 17:00,55.017,,
Plot Title: 5S2G,3294,5/24/26 17:15,55.189,,
Plot Title: 5S2G,3295,5/24/26 17:30,54.842,,
Plot Title: 5S2G,3296,5/24/26 17:45,54.842,,
Plot Title: 5S2G,3297,5/24/26 18:00,54.842,,
Plot Title: 5S2G,3298,5/24/26 18:15,54.495,,
Plot Title: 5S2G,3299,5/24/26 18:30,54.147,,
Plot Title: 5S2G,3300,5/24/26 18:45,53.623,,
Plot Title: 5S2G,3301,5/24/26 19:00,53.449,,
Plot Title: 5S2G,3302,5/24/26 19:15,53.274,,
Plot Title: 5S2G,3303,5/24/26 19:30,53.274,,
Plot Title: 5S2G,3304,5/24/26 19:45,53.1,,
Plot Title: 5S2G,3305,5/24/26 20:00,52.75,,
Plot Title: 5S2G,3306,5/24/26 20:15,52.401,,
Plot Title: 5S2G,3307,5/24/26 20:30,52.05,,
Plot Title: 5S2G,3308,5/24/26 20:45,51.874,,
Plot Title: 5S2G,3309,5/24/26 21:00,51.523,,
Plot Title: 5S2G,3310,5/24/26 21:15,51.172,,
Plot Title: 5S2G,3311,5/24/26 21:30,50.819,,
Plot Title: 5S2G,3312,5/24/26 21:45,50.643,,
Plot Title: 5S2G,3313,5/24/26 22:00,50.29,,
Plot Title: 5S2G,3314,5/24/26 22:15,50.113,,
Plot Title: 5S2G,3315,5/24/26 22:30,49.759,,
Plot Title: 5S2G,3316,5/24/26 22:45,49.582,,
Plot Title: 5S2G,3317,5/24/26 23:00,49.404,,
Plot Title: 5S2G,3318,5/24/26 23:15,49.228,,
Plot Title: 5S2G,3319,5/24/26 23:30,49.05,,
Plot Title: 5S2G,3320,5/24/26 23:45,49.05,,
Plot Title: 5S2G,3321,5/25/26 00:00,48.871,,
Plot Title: 5S2G,3322,5/25/26 00:15,48.695,,
Plot Title: 5S2G,3323,5/25/26 00:30,48.517,,
Plot Title: 5S2G,3324,5/25/26 00:45,48.339,,
Plot Title: 5S2G,3325,5/25/26 01:00,48.16,,
Plot Title: 5S2G,3326,5/25/26 01:15,47.982,,
Plot Title: 5S2G,3327,5/25/26 01:30,47.802,,
Plot Title: 5S2G,3328,5/25/26 01:45,47.624,,
Plot Title: 5S2G,3329,5/25/26 02:00,47.446,,
Plot Title: 5S2G,3330,5/25/26 02:15,47.266,,
Plot Title: 5S2G,3331,5/25/26 02:30,47.266,,
Plot Title: 5S2G,3332,5/25/26 02:45,47.088,,
Plot Title: 5S2G,3333,5/25/26 03:00,46.908,,
Plot Title: 5S2G,3334,5/25/26 03:15,46.728,,
Plot Title: 5S2G,3335,5/25/26 03:30,46.728,,
Plot Title: 5S2G,3336,5/25/26 03:45,46.548,,
Plot Title: 5S2G,3337,5/25/26 04:00,46.369,,
Plot Title: 5S2G,3338,5/25/26 04:15,46.188,,
Plot Title: 5S2G,3339,5/25/26 04:30,46.188,,
Plot Title: 5S2G,3340,5/25/26 04:45,46.008,,
Plot Title: 5S2G,3341,5/25/26 05:00,45.828,,
Plot Title: 5S2G,3342,5/25/26 05:15,45.648,,
Plot Title: 5S2G,3343,5/25/26 05:30,45.648,,
Plot Title: 5S2G,3344,5/25/26 05:45,45.466,,
Plot Title: 5S2G,3345,5/25/26 06:00,45.286,,
Plot Title: 5S2G,3346,5/25/26 06:15,45.286,,
Plot Title: 5S2G,3347,5/25/26 06:30,45.286,,
Plot Title: 5S2G,3348,5/25/26 06:45,45.466,,
Plot Title: 5S2G,3349,5/25/26 07:00,45.466,,
Plot Title: 5S2G,3350,5/25/26 07:15,45.828,,
Plot Title: 5S2G,3351,5/25/26 07:30,46.369,,
Plot Title: 5S2G,3352,5/25/26 07:45,46.728,,
Plot Title: 5S2G,3353,5/25/26 08:00,47.088,,
Plot Title: 5S2G,3354,5/25/26 08:15,47.982,,
Plot Title: 5S2G,3355,5/25/26 08:30,48.339,,
Plot Title: 5S2G,3356,5/25/26 08:45,50.643,,
Plot Title: 5S2G,3357,5/25/26 09:00,55.189,,
Plot Title: 5S2G,3358,5/25/26 09:15,58.476,,
Plot Title: 5S2G,3359,5/25/26 09:30,61.227,,
Plot Title: 5S2G,3360,5/25/26 09:45,63.797,,
Plot Title: 5S2G,3361,5/25/26 10:00,66.366,,
Plot Title: 5S2G,3362,5/25/26 10:15,68.421,,
Plot Title: 5S2G,3363,5/25/26 10:30,70.48,,
Plot Title: 5S2G,3364,5/25/26 10:45,72.372,,
Plot Title: 5S2G,3365,5/25/26 11:00,74.619,,
Plot Title: 5S2G,3366,5/25/26 11:15,75.312,,
Plot Title: 5S2G,3367,5/25/26 11:30,70.137,,
Plot Title: 5S2G,3368,5/25/26 11:45,68.763,,
Plot Title: 5S2G,3369,5/25/26 12:00,71.339,,
Plot Title: 5S2G,3370,5/25/26 12:15,66.879,,
Plot Title: 5S2G,3371,5/25/26 12:30,64.139,,
Plot Title: 5S2G,3372,5/25/26 12:45,62.598,,
Plot Title: 5S2G,3373,5/25/26 13:00,61.569,,
Plot Title: 5S2G,3374,5/25/26 13:15,61.054,,
Plot Title: 5S2G,3375,5/25/26 13:30,60.883,,
Plot Title: 5S2G,3376,5/25/26 13:45,60.368,,
Plot Title: 5S2G,3377,5/25/26 14:00,59.851,,
Plot Title: 5S2G,3378,5/25/26 14:15,58.82,,
Plot Title: 5S2G,3379,5/25/26 14:30,57.785,,
Plot Title: 5S2G,3380,5/25/26 14:45,58.131,,
Plot Title: 5S2G,3381,5/25/26 15:00,57.785,,
Plot Title: 5S2G,3382,5/25/26 15:15,57.441,,
Plot Title: 5S2G,3383,5/25/26 15:30,57.614,,
Plot Title: 5S2G,3384,5/25/26 15:45,57.096,,
Plot Title: 5S2G,3385,5/25/26 16:00,56.577,,
Plot Title: 5S2G,3386,5/25/26 16:15,56.23,,
Plot Title: 5S2G,3387,5/25/26 16:30,55.884,,
Plot Title: 5S2G,3388,5/25/26 16:45,55.711,,
Plot Title: 5S2G,3389,5/25/26 17:00,55.537,,
Plot Title: 5S2G,3390,5/25/26 17:15,55.537,,
Plot Title: 5S2G,3391,5/25/26 17:30,56.057,,
Plot Title: 5S2G,3392,5/25/26 17:45,55.884,,
Plot Title: 5S2G,3393,5/25/26 18:00,55.884,,
Plot Title: 5S2G,3394,5/25/26 18:15,56.057,,
Plot Title: 5S2G,3395,5/25/26 18:30,56.057,,
Plot Title: 5S2G,3396,5/25/26 18:45,55.884,,
Plot Title: 5S2G,3397,5/25/26 19:00,55.537,,
Plot Title: 5S2G,3398,5/25/26 19:15,55.189,,
Plot Title: 5S2G,3399,5/25/26 19:30,55.017,,
Plot Title: 5S2G,3400,5/25/26 19:45,54.842,,
Plot Title: 5S2G,3401,5/25/26 20:00,54.669,,
Plot Title: 5S2G,3402,5/25/26 20:15,54.322,,
Plot Title: 5S2G,3403,5/25/26 20:30,53.973,,
Plot Title: 5S2G,3404,5/25/26 20:45,53.798,,
Plot Title: 5S2G,3405,5/25/26 21:00,53.449,,
Plot Title: 5S2G,3406,5/25/26 21:15,53.1,,
Plot Title: 5S2G,3407,5/25/26 21:30,52.75,,
Plot Title: 5S2G,3408,5/25/26 21:45,52.401,,
Plot Title: 5S2G,3409,5/25/26 22:00,52.05,,
Plot Title: 5S2G,3410,5/25/26 22:15,51.874,,
Plot Title: 5S2G,3411,5/25/26 22:30,51.523,,
Plot Title: 5S2G,3412,5/25/26 22:45,51.346,,
Plot Title: 5S2G,3413,5/25/26 23:00,50.995,,
Plot Title: 5S2G,3414,5/25/26 23:15,50.819,,
Plot Title: 5S2G,3415,5/25/26 23:30,50.466,,
Plot Title: 5S2G,3416,5/25/26 23:45,50.29,,
Plot Title: 5S2G,3417,5/26/26 00:00,50.113,,
Plot Title: 5S2G,3418,5/26/26 00:15,49.759,,
Plot Title: 5S2G,3419,5/26/26 00:30,49.582,,
Plot Title: 5S2G,3420,5/26/26 00:45,49.404,,
Plot Title: 5S2G,3421,5/26/26 01:00,49.228,,
Plot Title: 5S2G,3422,5/26/26 01:15,49.05,,
Plot Title: 5S2G,3423,5/26/26 01:30,49.05,,
Plot Title: 5S2G,3424,5/26/26 01:45,48.871,,
Plot Title: 5S2G,3425,5/26/26 02:00,48.695,,
Plot Title: 5S2G,3426,5/26/26 02:15,48.517,,
Plot Title: 5S2G,3427,5/26/26 02:30,48.339,,
Plot Title: 5S2G,3428,5/26/26 02:45,48.339,,
Plot Title: 5S2G,3429,5/26/26 03:00,48.16,,
Plot Title: 5S2G,3430,5/26/26 03:15,48.16,,
Plot Title: 5S2G,3431,5/26/26 03:30,47.802,,
Plot Title: 5S2G,3432,5/26/26 03:45,47.624,,
Plot Title: 5S2G,3433,5/26/26 04:00,47.446,,
Plot Title: 5S2G,3434,5/26/26 04:15,47.266,,
Plot Title: 5S2G,3435,5/26/26 04:30,47.088,,
Plot Title: 5S2G,3436,5/26/26 04:45,47.088,,
Plot Title: 5S2G,3437,5/26/26 05:00,46.908,,
Plot Title: 5S2G,3438,5/26/26 05:15,46.908,,
Plot Title: 5S2G,3439,5/26/26 05:30,46.728,,
Plot Title: 5S2G,3440,5/26/26 05:45,46.728,,
Plot Title: 5S2G,3441,5/26/26 06:00,46.548,,
Plot Title: 5S2G,3442,5/26/26 06:15,46.548,,
Plot Title: 5S2G,3443,5/26/26 06:30,46.548,,
Plot Title: 5S2G,3444,5/26/26 06:45,46.548,,
Plot Title: 5S2G,3445,5/26/26 07:00,46.728,,
Plot Title: 5S2G,3446,5/26/26 07:15,46.728,,
Plot Title: 5S2G,3447,5/26/26 07:30,47.266,,
Plot Title: 5S2G,3448,5/26/26 07:45,47.802,,
Plot Title: 5S2G,3449,5/26/26 08:00,47.982,,
Plot Title: 5S2G,3450,5/26/26 08:15,48.339,,
Plot Title: 5S2G,3451,5/26/26 08:30,49.228,,
Plot Title: 5S2G,3452,5/26/26 08:45,52.576,,
Plot Title: 5S2G,3453,5/26/26 09:00,57.096,,
Plot Title: 5S2G,3454,5/26/26 09:15,59.68,,
Plot Title: 5S2G,3455,5/26/26 09:30,58.82,,
Plot Title: 5S2G,3456,5/26/26 09:45,57.096,,
Plot Title: 5S2G,3457,5/26/26 10:00,56.577,,
Plot Title: 5S2G,3458,5/26/26 10:15,56.404,,
Plot Title: 5S2G,3459,5/26/26 10:30,56.577,,
Plot Title: 5S2G,3460,5/26/26 10:45,56.923,,
Plot Title: 5S2G,3461,5/26/26 11:00,56.75,,
Plot Title: 5S2G,3462,5/26/26 11:15,57.785,,
Plot Title: 5S2G,3463,5/26/26 11:30,59.337,,
Plot Title: 5S2G,3464,5/26/26 11:45,59.851,,
Plot Title: 5S2G,3465,5/26/26 12:00,59.508,,
Plot Title: 5S2G,3466,5/26/26 12:15,58.993,,
Plot Title: 5S2G,3467,5/26/26 12:30,58.993,,
Plot Title: 5S2G,3468,5/26/26 12:45,58.993,,
Plot Title: 5S2G,3469,5/26/26 13:00,58.82,,
Plot Title: 5S2G,3470,5/26/26 13:15,57.958,,
Plot Title: 5S2G,3471,5/26/26 13:30,57.614,,
Plot Title: 5S2G,3472,5/26/26 13:45,57.268,,
Plot Title: 5S2G,3473,5/26/26 14:00,57.096,,
Plot Title: 5S2G,3474,5/26/26 14:15,57.441,,
Plot Title: 5S2G,3475,5/26/26 14:30,57.268,,
Plot Title: 5S2G,3476,5/26/26 14:45,56.923,,
Plot Title: 5S2G,3477,5/26/26 15:00,57.785,,
Plot Title: 5S2G,3478,5/26/26 15:15,57.614,,
Plot Title: 5S2G,3479,5/26/26 15:30,57.441,,
Plot Title: 5S2G,3480,5/26/26 15:45,56.923,,
Plot Title: 5S2G,3481,5/26/26 16:00,56.577,,
Plot Title: 5S2G,3482,5/26/26 16:15,56.057,,
Plot Title: 5S2G,3483,5/26/26 16:30,55.711,,
Plot Title: 5S2G,3484,5/26/26 16:45,55.364,,
Plot Title: 5S2G,3485,5/26/26 17:00,55.189,,
Plot Title: 5S2G,3486,5/26/26 17:15,55.364,,
Plot Title: 5S2G,3487,5/26/26 17:30,55.189,,
Plot Title: 5S2G,3488,5/26/26 17:45,55.017,,
Plot Title: 5S2G,3489,5/26/26 18:00,54.842,,
Plot Title: 5S2G,3490,5/26/26 18:15,54.322,,
Plot Title: 5S2G,3491,5/26/26 18:30,53.973,,
Plot Title: 5S2G,3492,5/26/26 18:45,53.798,,
Plot Title: 5S2G,3493,5/26/26 19:00,53.798,,
Plot Title: 5S2G,3494,5/26/26 19:15,53.798,,
Plot Title: 5S2G,3495,5/26/26 19:30,53.623,,
Plot Title: 5S2G,3496,5/26/26 19:45,53.449,,
Plot Title: 5S2G,3497,5/26/26 20:00,53.274,,
Plot Title: 5S2G,3498,5/26/26 20:15,52.925,,
Plot Title: 5S2G,3499,5/26/26 20:30,52.75,,
Plot Title: 5S2G,3500,5/26/26 20:45,52.576,,
Plot Title: 5S2G,3501,5/26/26 21:00,52.401,,
Plot Title: 5S2G,3502,5/26/26 21:15,52.05,,
Plot Title: 5S2G,3503,5/26/26 21:30,51.874,,
Plot Title: 5S2G,3504,5/26/26 21:45,51.699,,
Plot Title: 5S2G,3505,5/26/26 22:00,51.523,,
Plot Title: 5S2G,3506,5/26/26 22:15,51.523,,
Plot Title: 5S2G,3507,5/26/26 22:30,51.523,,
Plot Title: 5S2G,3508,5/26/26 22:45,51.346,,
Plot Title: 5S2G,3509,5/26/26 23:00,51.172,,
Plot Title: 5S2G,3510,5/26/26 23:15,50.819,,
Plot Title: 5S2G,3511,5/26/26 23:30,50.819,,
Plot Title: 5S2G,3512,5/26/26 23:45,50.643,,
Plot Title: 5S2G,3513,5/27/26 00:00,50.643,,
Plot Title: 5S2G,3514,5/27/26 00:15,50.466,,
Plot Title: 5S2G,3515,5/27/26 00:30,50.466,,
Plot Title: 5S2G,3516,5/27/26 00:45,50.113,,
Plot Title: 5S2G,3517,5/27/26 01:00,50.113,,
Plot Title: 5S2G,3518,5/27/26 01:15,49.937,,
Plot Title: 5S2G,3519,5/27/26 01:30,49.937,,
Plot Title: 5S2G,3520,5/27/26 01:45,49.759,,
Plot Title: 5S2G,3521,5/27/26 02:00,49.582,,
Plot Title: 5S2G,3522,5/27/26 02:15,49.228,,
Plot Title: 5S2G,3523,5/27/26 02:30,49.05,,
Plot Title: 5S2G,3524,5/27/26 02:45,48.871,,
Plot Title: 5S2G,3525,5/27/26 03:00,48.695,,
Plot Title: 5S2G,3526,5/27/26 03:15,48.517,,
Plot Title: 5S2G,3527,5/27/26 03:30,48.339,,
Plot Title: 5S2G,3528,5/27/26 03:45,48.16,,
Plot Title: 5S2G,3529,5/27/26 04:00,47.982,,
Plot Title: 5S2G,3530,5/27/26 04:15,47.982,,
Plot Title: 5S2G,3531,5/27/26 04:30,47.802,,
Plot Title: 5S2G,3532,5/27/26 04:45,47.624,,
Plot Title: 5S2G,3533,5/27/26 05:00,47.446,,
Plot Title: 5S2G,3534,5/27/26 05:15,47.266,,
Plot Title: 5S2G,3535,5/27/26 05:30,47.088,,
Plot Title: 5S2G,3536,5/27/26 05:45,47.088,,
Plot Title: 5S2G,3537,5/27/26 06:00,46.908,,
Plot Title: 5S2G,3538,5/27/26 06:15,46.728,,
Plot Title: 5S2G,3539,5/27/26 06:30,46.728,,
Plot Title: 5S2G,3540,5/27/26 06:45,46.728,,
Plot Title: 5S2G,3541,5/27/26 07:00,46.728,,
Plot Title: 5S2G,3542,5/27/26 07:15,46.728,,
Plot Title: 5S2G,3543,5/27/26 07:30,47.088,,
Plot Title: 5S2G,3544,5/27/26 07:45,47.624,,
Plot Title: 5S2G,3545,5/27/26 08:00,47.982,,
Plot Title: 5S2G,3546,5/27/26 08:15,48.339,,
Plot Title: 5S2G,3547,5/27/26 08:30,48.871,,
Plot Title: 5S2G,3548,5/27/26 08:45,51.699,,
Plot Title: 5S2G,3549,5/27/26 09:00,56.057,,
Plot Title: 5S2G,3550,5/27/26 09:15,59.337,,
Plot Title: 5S2G,3551,5/27/26 09:30,61.912,,
Plot Title: 5S2G,3552,5/27/26 09:45,64.139,,
Plot Title: 5S2G,3553,5/27/26 10:00,66.708,,
Plot Title: 5S2G,3554,5/27/26 10:15,68.934,,
Plot Title: 5S2G,3555,5/27/26 10:30,71.339,,
Plot Title: 5S2G,3556,5/27/26 10:45,72.891,,
Plot Title: 5S2G,3557,5/27/26 11:00,75.312,,
Plot Title: 5S2G,3558,5/27/26 11:15,76.354,,
Plot Title: 5S2G,3559,5/27/26 11:30,72.199,,
Plot Title: 5S2G,3560,5/27/26 11:45,70.995,,
Plot Title: 5S2G,3561,5/27/26 12:00,72.718,,
Plot Title: 5S2G,3562,5/27/26 12:15,68.077,,
Plot Title: 5S2G,3563,5/27/26 12:30,65.509,,
Plot Title: 5S2G,3564,5/27/26 12:45,63.968,,
Plot Title: 5S2G,3565,5/27/26 13:00,63.111,,
Plot Title: 5S2G,3566,5/27/26 13:15,62.425,,
Plot Title: 5S2G,3567,5/27/26 13:30,61.741,,
Plot Title: 5S2G,3568,5/27/26 13:45,60.883,,
Plot Title: 5S2G,3569,5/27/26 14:00,60.539,,
Plot Title: 5S2G,3570,5/27/26 14:15,60.195,,
Plot Title: 5S2G,3571,5/27/26 14:30,60.195,,
Plot Title: 5S2G,3572,5/27/26 14:45,60.024,,
Plot Title: 5S2G,3573,5/27/26 15:00,59.68,,
Plot Title: 5S2G,3574,5/27/26 15:15,59.508,,
Plot Title: 5S2G,3575,5/27/26 15:30,59.508,,
Plot Title: 5S2G,3576,5/27/26 15:45,59.164,,
Plot Title: 5S2G,3577,5/27/26 16:00,59.508,,
Plot Title: 5S2G,3578,5/27/26 16:15,59.164,,
Plot Title: 5S2G,3579,5/27/26 16:30,58.647,,
Plot Title: 5S2G,3580,5/27/26 16:45,58.303,,
Plot Title: 5S2G,3581,5/27/26 17:00,58.476,,
Plot Title: 5S2G,3582,5/27/26 17:15,58.647,,
Plot Title: 5S2G,3583,5/27/26 17:30,58.476,,
Plot Title: 5S2G,3584,5/27/26 17:45,57.958,,
Plot Title: 5S2G,3585,5/27/26 18:00,57.614,,
Plot Title: 5S2G,3586,5/27/26 18:15,57.268,,
Plot Title: 5S2G,3587,5/27/26 18:30,57.441,,
Plot Title: 5S2G,3588,5/27/26 18:45,57.268,,
Plot Title: 5S2G,3589,5/27/26 19:00,57.096,,
Plot Title: 5S2G,3590,5/27/26 19:15,56.577,,
Plot Title: 5S2G,3591,5/27/26 19:30,56.23,,
Plot Title: 5S2G,3592,5/27/26 19:45,55.711,,
Plot Title: 5S2G,3593,5/27/26 20:00,55.537,,
Plot Title: 5S2G,3594,5/27/26 20:15,55.189,,
Plot Title: 5S2G,3595,5/27/26 20:30,54.842,,
Plot Title: 5S2G,3596,5/27/26 20:45,54.495,,
Plot Title: 5S2G,3597,5/27/26 21:00,54.322,,
Plot Title: 5S2G,3598,5/27/26 21:15,53.973,,
Plot Title: 5S2G,3599,5/27/26 21:30,53.798,,
Plot Title: 5S2G,3600,5/27/26 21:45,53.623,,
Plot Title: 5S2G,3601,5/27/26 22:00,53.449,,
Plot Title: 5S2G,3602,5/27/26 22:15,53.1,,
Plot Title: 5S2G,3603,5/27/26 22:30,52.925,,
Plot Title: 5S2G,3604,5/27/26 22:45,52.75,,
Plot Title: 5S2G,3605,5/27/26 23:00,52.576,,
Plot Title: 5S2G,3606,5/27/26 23:15,52.401,,
Plot Title: 5S2G,3607,5/27/26 23:30,52.225,,
Plot Title: 5S2G,3608,5/27/26 23:45,52.05,,
Plot Title: 5S2G,3609,5/28/26 00:00,51.874,,
Plot Title: 5S2G,3610,5/28/26 00:15,51.699,,
Plot Title: 5S2G,3611,5/28/26 00:30,51.699,,
Plot Title: 5S2G,3612,5/28/26 00:45,51.523,,
Plot Title: 5S2G,3613,5/28/26 01:00,51.346,,
Plot Title: 5S2G,3614,5/28/26 01:15,51.172,,
Plot Title: 5S2G,3615,5/28/26 01:30,50.995,,
Plot Title: 5S2G,3616,5/28/26 01:45,50.819,,
Plot Title: 5S2G,3617,5/28/26 02:00,50.643,,
Plot Title: 5S2G,3618,5/28/26 02:15,50.643,,
Plot Title: 5S2G,3619,5/28/26 02:30,50.466,,
Plot Title: 5S2G,3620,5/28/26 02:45,50.29,,
Plot Title: 5S2G,3621,5/28/26 03:00,50.113,,
Plot Title: 5S2G,3622,5/28/26 03:15,49.937,,
Plot Title: 5S2G,3623,5/28/26 03:30,49.759,,
Plot Title: 5S2G,3624,5/28/26 03:45,49.582,,
Plot Title: 5S2G,3625,5/28/26 04:00,49.404,,
Plot Title: 5S2G,3626,5/28/26 04:15,49.228,,
Plot Title: 5S2G,3627,5/28/26 04:30,49.05,,
Plot Title: 5S2G,3628,5/28/26 04:45,49.05,,
Plot Title: 5S2G,3629,5/28/26 05:00,48.871,,
Plot Title: 5S2G,3630,5/28/26 05:15,48.695,,
Plot Title: 5S2G,3631,5/28/26 05:30,48.517,,
Plot Title: 5S2G,3632,5/28/26 05:45,48.339,,
Plot Title: 5S2G,3633,5/28/26 06:00,48.339,,
Plot Title: 5S2G,3634,5/28/26 06:15,48.16,,
Plot Title: 5S2G,3635,5/28/26 06:30,48.16,,
Plot Title: 5S2G,3636,5/28/26 06:45,48.16,,
Plot Title: 5S2G,3637,5/28/26 07:00,48.339,,
Plot Title: 5S2G,3638,5/28/26 07:15,48.517,,
Plot Title: 5S2G,3639,5/28/26 07:30,49.05,,
Plot Title: 5S2G,3640,5/28/26 07:45,49.05,,
Plot Title: 5S2G,3641,5/28/26 08:00,49.582,,
Plot Title: 5S2G,3642,5/28/26 08:15,49.937,,
Plot Title: 5S2G,3643,5/28/26 08:30,50.643,,
Plot Title: 5S2G,3644,5/28/26 08:45,53.449,,
Plot Title: 5S2G,3645,5/28/26 09:00,58.131,,
Plot Title: 5S2G,3646,5/28/26 09:15,61.398,,
Plot Title: 5S2G,3647,5/28/26 09:30,64.139,,
Plot Title: 5S2G,3648,5/28/26 09:45,66.708,,
Plot Title: 5S2G,3649,5/28/26 10:00,69.107,,
Plot Title: 5S2G,3650,5/28/26 10:15,71.683,,
Plot Title: 5S2G,3651,5/28/26 10:30,73.926,,
Plot Title: 5S2G,3652,5/28/26 10:45,75.659,,
Plot Title: 5S2G,3653,5/28/26 11:00,78.098,,
Plot Title: 5S2G,3654,5/28/26 11:15,79.151,,
Plot Title: 5S2G,3655,5/28/26 11:30,75.312,,
Plot Title: 5S2G,3656,5/28/26 11:45,73.753,,
Plot Title: 5S2G,3657,5/28/26 12:00,75.484,,
Plot Title: 5S2G,3658,5/28/26 12:15,70.308,,
Plot Title: 5S2G,3659,5/28/26 12:30,67.735,,
Plot Title: 5S2G,3660,5/28/26 12:45,66.193,,
Plot Title: 5S2G,3661,5/28/26 13:00,65.167,,
Plot Title: 5S2G,3662,5/28/26 13:15,64.481,,
Plot Title: 5S2G,3663,5/28/26 13:30,63.968,,
Plot Title: 5S2G,3664,5/28/26 13:45,63.626,,
Plot Title: 5S2G,3665,5/28/26 14:00,63.455,,
Plot Title: 5S2G,3666,5/28/26 14:15,63.111,,
Plot Title: 5S2G,3667,5/28/26 14:30,62.425,,
Plot Title: 5S2G,3668,5/28/26 14:45,62.254,,
Plot Title: 5S2G,3669,5/28/26 15:00,61.912,,
Plot Title: 5S2G,3670,5/28/26 15:15,61.398,,
Plot Title: 5S2G,3671,5/28/26 15:30,61.569,,
Plot Title: 5S2G,3672,5/28/26 15:45,61.741,,
Plot Title: 5S2G,3673,5/28/26 16:00,61.569,,
Plot Title: 5S2G,3674,5/28/26 16:15,61.227,,
Plot Title: 5S2G,3675,5/28/26 16:30,60.883,,
Plot Title: 5S2G,3676,5/28/26 16:45,60.883,,
Plot Title: 5S2G,3677,5/28/26 17:00,60.539,,
Plot Title: 5S2G,3678,5/28/26 17:15,60.195,,
Plot Title: 5S2G,3679,5/28/26 17:30,60.539,,
Plot Title: 5S2G,3680,5/28/26 17:45,60.539,,
Plot Title: 5S2G,3681,5/28/26 18:00,60.024,,
Plot Title: 5S2G,3682,5/28/26 18:15,59.68,,
Plot Title: 5S2G,3683,5/28/26 18:30,59.337,,
Plot Title: 5S2G,3684,5/28/26 18:45,59.508,,
Plot Title: 5S2G,3685,5/28/26 19:00,59.164,,
Plot Title: 5S2G,3686,5/28/26 19:15,59.164,,
Plot Title: 5S2G,3687,5/28/26 19:30,59.164,,
Plot Title: 5S2G,3688,5/28/26 19:45,58.993,,
Plot Title: 5S2G,3689,5/28/26 20:00,58.476,,
Plot Title: 5S2G,3690,5/28/26 20:15,58.131,,
Plot Title: 5S2G,3691,5/28/26 20:30,57.785,,
Plot Title: 5S2G,3692,5/28/26 20:45,57.441,,
Plot Title: 5S2G,3693,5/28/26 21:00,56.923,,
Plot Title: 5S2G,3694,5/28/26 21:15,56.404,,
Plot Title: 5S2G,3695,5/28/26 21:30,56.23,,
Plot Title: 5S2G,3696,5/28/26 21:45,55.884,,
Plot Title: 5S2G,3697,5/28/26 22:00,55.537,,
Plot Title: 5S2G,3698,5/28/26 22:15,55.364,,
Plot Title: 5S2G,3699,5/28/26 22:30,55.017,,
Plot Title: 5S2G,3700,5/28/26 22:45,54.669,,
Plot Title: 5S2G,3701,5/28/26 23:00,54.495,,
Plot Title: 5S2G,3702,5/28/26 23:15,54.322,,
Plot Title: 5S2G,3703,5/28/26 23:30,53.973,,
Plot Title: 5S2G,3704,5/28/26 23:45,53.623,,
Plot Title: 5S2G,3705,5/29/26 00:00,53.449,,
Plot Title: 5S2G,3706,5/29/26 00:15,53.274,,
Plot Title: 5S2G,3707,5/29/26 00:30,52.925,,
Plot Title: 5S2G,3708,5/29/26 00:45,52.75,,
Plot Title: 5S2G,3709,5/29/26 01:00,52.576,,
Plot Title: 5S2G,3710,5/29/26 01:15,52.225,,
Plot Title: 5S2G,3711,5/29/26 01:30,52.05,,
Plot Title: 5S2G,3712,5/29/26 01:45,51.874,,
Plot Title: 5S2G,3713,5/29/26 02:00,51.699,,
Plot Title: 5S2G,3714,5/29/26 02:15,51.523,,
Plot Title: 5S2G,3715,5/29/26 02:30,51.172,,
Plot Title: 5S2G,3716,5/29/26 02:45,50.995,,
Plot Title: 5S2G,3717,5/29/26 03:00,50.819,,
Plot Title: 5S2G,3718,5/29/26 03:15,50.643,,
Plot Title: 5S2G,3719,5/29/26 03:30,50.466,,
Plot Title: 5S2G,3720,5/29/26 03:45,50.29,,
Plot Title: 5S2G,3721,5/29/26 04:00,50.113,,
Plot Title: 5S2G,3722,5/29/26 04:15,49.759,,
Plot Title: 5S2G,3723,5/29/26 04:30,49.759,,
Plot Title: 5S2G,3724,5/29/26 04:45,49.582,,
Plot Title: 5S2G,3725,5/29/26 05:00,49.404,,
Plot Title: 5S2G,3726,5/29/26 05:15,49.228,,
Plot Title: 5S2G,3727,5/29/26 05:30,49.05,,
Plot Title: 5S2G,3728,5/29/26 05:45,48.871,,
Plot Title: 5S2G,3729,5/29/26 06:00,48.871,,
Plot Title: 5S2G,3730,5/29/26 06:15,48.695,,
Plot Title: 5S2G,3731,5/29/26 06:30,48.517,,
Plot Title: 5S2G,3732,5/29/26 06:45,48.517,,
Plot Title: 5S2G,3733,5/29/26 07:00,48.695,,
Plot Title: 5S2G,3734,5/29/26 07:15,48.695,,
Plot Title: 5S2G,3735,5/29/26 07:30,49.228,,
Plot Title: 5S2G,3736,5/29/26 07:45,49.05,,
Plot Title: 5S2G,3737,5/29/26 08:00,49.404,,
Plot Title: 5S2G,3738,5/29/26 08:15,49.759,,
Plot Title: 5S2G,3739,5/29/26 08:30,50.29,,
Plot Title: 5S2G,3740,5/29/26 08:45,52.576,,
Plot Title: 5S2G,3741,5/29/26 09:00,57.441,,
Plot Title: 5S2G,3742,5/29/26 09:15,60.368,,
Plot Title: 5S2G,3743,5/29/26 09:30,63.111,,
Plot Title: 5S2G,3744,5/29/26 09:45,64.481,,
Plot Title: 5S2G,3745,5/29/26 10:00,67.05,,
Plot Title: 5S2G,3746,5/29/26 10:15,69.107,,
Plot Title: 5S2G,3747,5/29/26 10:30,71.339,,
Plot Title: 5S2G,3748,5/29/26 10:45,74.446,,
Plot Title: 5S2G,3749,5/29/26 11:00,76.528,,
Plot Title: 5S2G,3750,5/29/26 11:15,77.923,,
Plot Title: 5S2G,3751,5/29/26 11:30,74.446,,
Plot Title: 5S2G,3752,5/29/26 11:45,72.372,,
Plot Title: 5S2G,3753,5/29/26 12:00,73.58,,
Plot Title: 5S2G,3754,5/29/26 12:15,69.449,,
Plot Title: 5S2G,3755,5/29/26 12:30,67.05,,
Plot Title: 5S2G,3756,5/29/26 12:45,65.851,,
Plot Title: 5S2G,3757,5/29/26 13:00,64.481,,
Plot Title: 5S2G,3758,5/29/26 13:15,63.797,,
Plot Title: 5S2G,3759,5/29/26 13:30,63.111,,
Plot Title: 5S2G,3760,5/29/26 13:45,62.598,,
Plot Title: 5S2G,3761,5/29/26 14:00,62.254,,
Plot Title: 5S2G,3762,5/29/26 14:15,61.741,,
Plot Title: 5S2G,3763,5/29/26 14:30,61.912,,
Plot Title: 5S2G,3764,5/29/26 14:45,61.912,,
Plot Title: 5S2G,3765,5/29/26 15:00,61.912,,
Plot Title: 5S2G,3766,5/29/26 15:15,61.398,,
Plot Title: 5S2G,3767,5/29/26 15:30,61.398,,
Plot Title: 5S2G,3768,5/29/26 15:45,61.227,,
Plot Title: 5S2G,3769,5/29/26 16:00,60.539,,
Plot Title: 5S2G,3770,5/29/26 16:15,60.712,,
Plot Title: 5S2G,3771,5/29/26 16:30,60.539,,
Plot Title: 5S2G,3772,5/29/26 16:45,60.195,,
Plot Title: 5S2G,3773,5/29/26 17:00,60.195,,
Plot Title: 5S2G,3774,5/29/26 17:15,60.024,,
Plot Title: 5S2G,3775,5/29/26 17:30,59.851,,
Plot Title: 5S2G,3776,5/29/26 17:45,59.508,,
Plot Title: 5S2G,3777,5/29/26 18:00,59.508,,
Plot Title: 5S2G,3778,5/29/26 18:15,59.164,,
Plot Title: 5S2G,3779,5/29/26 18:30,58.82,,
Plot Title: 5S2G,3780,5/29/26 18:45,58.303,,
Plot Title: 5S2G,3781,5/29/26 19:00,58.131,,
Plot Title: 5S2G,3782,5/29/26 19:15,58.131,,
Plot Title: 5S2G,3783,5/29/26 19:30,57.785,,
Plot Title: 5S2G,3784,5/29/26 19:45,57.614,,
Plot Title: 5S2G,3785,5/29/26 20:00,57.441,,
Plot Title: 5S2G,3786,5/29/26 20:15,57.268,,
Plot Title: 5S2G,3787,5/29/26 20:30,57.096,,
Plot Title: 5S2G,3788,5/29/26 20:45,56.75,,
Plot Title: 5S2G,3789,5/29/26 21:00,56.577,,
Plot Title: 5S2G,3790,5/29/26 21:15,56.404,,
Plot Title: 5S2G,3791,5/29/26 21:30,56.23,,
Plot Title: 5S2G,3792,5/29/26 21:45,56.057,,
Plot Title: 5S2G,3793,5/29/26 22:00,55.884,,
Plot Title: 5S2G,3794,5/29/26 22:15,55.711,,
Plot Title: 5S2G,3795,5/29/26 22:30,55.537,,
Plot Title: 5S2G,3796,5/29/26 22:45,55.364,,
Plot Title: 5S2G,3797,5/29/26 23:00,55.364,,
Plot Title: 5S2G,3798,5/29/26 23:15,55.364,,
Plot Title: 5S2G,3799,5/29/26 23:30,55.189,,
Plot Title: 5S2G,3800,5/29/26 23:45,55.017,,
Plot Title: 5S2G,3801,5/30/26 00:00,54.842,,
Plot Title: 5S2G,3802,5/30/26 00:15,54.669,,
Plot Title: 5S2G,3803,5/30/26 00:30,54.495,,
Plot Title: 5S2G,3804,5/30/26 00:45,54.322,,
Plot Title: 5S2G,3805,5/30/26 01:00,54.147,,
Plot Title: 5S2G,3806,5/30/26 01:15,53.973,,
Plot Title: 5S2G,3807,5/30/26 01:30,53.973,,
Plot Title: 5S2G,3808,5/30/26 01:45,53.623,,
Plot Title: 5S2G,3809,5/30/26 02:00,53.449,,
Plot Title: 5S2G,3810,5/30/26 02:15,53.1,,
Plot Title: 5S2G,3811,5/30/26 02:30,52.75,,
Plot Title: 5S2G,3812,5/30/26 02:45,52.576,,
Plot Title: 5S2G,3813,5/30/26 03:00,52.401,,
Plot Title: 5S2G,3814,5/30/26 03:15,52.225,,
Plot Title: 5S2G,3815,5/30/26 03:30,52.05,,
Plot Title: 5S2G,3816,5/30/26 03:45,51.874,,
Plot Title: 5S2G,3817,5/30/26 04:00,51.699,,
Plot Title: 5S2G,3818,5/30/26 04:15,51.523,,
Plot Title: 5S2G,3819,5/30/26 04:30,51.523,,
Plot Title: 5S2G,3820,5/30/26 04:45,51.346,,
Plot Title: 5S2G,3821,5/30/26 05:00,51.346,,
Plot Title: 5S2G,3822,5/30/26 05:15,51.346,,
Plot Title: 5S2G,3823,5/30/26 05:30,51.346,,
Plot Title: 5S2G,3824,5/30/26 05:45,51.346,,
Plot Title: 5S2G,3825,5/30/26 06:00,51.346,,
Plot Title: 5S2G,3826,5/30/26 06:15,51.172,,
Plot Title: 5S2G,3827,5/30/26 06:30,51.172,,
Plot Title: 5S2G,3828,5/30/26 06:45,51.172,,
Plot Title: 5S2G,3829,5/30/26 07:00,51.346,,
Plot Title: 5S2G,3830,5/30/26 07:15,51.523,,
Plot Title: 5S2G,3831,5/30/26 07:30,51.523,,
Plot Title: 5S2G,3832,5/30/26 07:45,51.523,,
Plot Title: 5S2G,3833,5/30/26 08:00,51.523,,
Plot Title: 5S2G,3834,5/30/26 08:15,51.523,,
Plot Title: 5S2G,3835,5/30/26 08:30,51.523,,
Plot Title: 5S2G,3836,5/30/26 08:45,51.523,,
Plot Title: 5S2G,3837,5/30/26 09:00,51.523,,
Plot Title: 5S2G,3838,5/30/26 09:15,51.523,,
Plot Title: 5S2G,3839,5/30/26 09:30,51.699,,
Plot Title: 5S2G,3840,5/30/26 09:45,51.699,,
Plot Title: 5S2G,3841,5/30/26 10:00,51.699,,
Plot Title: 5S2G,3842,5/30/26 10:15,51.699,,
Plot Title: 5S2G,3843,5/30/26 10:30,51.699,,
Plot Title: 5S2G,3844,5/30/26 10:45,51.874,,
Plot Title: 5S2G,3845,5/30/26 11:00,51.874,,
Plot Title: 5S2G,3846,5/30/26 11:15,51.874,,
Plot Title: 5S2G,3847,5/30/26 11:30,51.874,,
Plot Title: 5S2G,3848,5/30/26 11:45,51.874,,
Plot Title: 5S2G,3849,5/30/26 12:00,51.874,,
Plot Title: 5S2G,3850,5/30/26 12:15,51.874,,
Plot Title: 5S2G,3851,5/30/26 12:30,51.874,,
Plot Title: 5S2G,3852,5/30/26 12:45,52.05,,
Plot Title: 5S2G,3853,5/30/26 13:00,52.05,,
Plot Title: 5S2G,3854,5/30/26 13:15,52.05,,
Plot Title: 5S2G,3855,5/30/26 13:30,52.05,,
Plot Title: 5S2G,3856,5/30/26 13:45,52.05,,
Plot Title: 5S2G,3857,5/30/26 14:00,52.225,,
Plot Title: 5S2G,3858,5/30/26 14:15,52.576,,
Plot Title: 5S2G,3859,5/30/26 14:30,52.576,,
Plot Title: 5S2G,3860,5/30/26 14:45,52.576,,
Plot Title: 5S2G,3861,5/30/26 15:00,52.576,,
Plot Title: 5S2G,3862,5/30/26 15:15,52.401,,
Plot Title: 5S2G,3863,5/30/26 15:30,52.401,,
Plot Title: 5S2G,3864,5/30/26 15:45,52.576,,
Plot Title: 5S2G,3865,5/30/26 16:00,52.75,,
Plot Title: 5S2G,3866,5/30/26 16:15,53.1,,
Plot Title: 5S2G,3867,5/30/26 16:30,53.623,,
Plot Title: 5S2G,3868,5/30/26 16:45,53.973,,
Plot Title: 5S2G,3869,5/30/26 17:00,53.798,,
Plot Title: 5S2G,3870,5/30/26 17:15,53.449,,
Plot Title: 5S2G,3871,5/30/26 17:30,53.274,,
Plot Title: 5S2G,3872,5/30/26 17:45,52.925,,
Plot Title: 5S2G,3873,5/30/26 18:00,52.576,,
Plot Title: 5S2G,3874,5/30/26 18:15,52.401,,
Plot Title: 5S2G,3875,5/30/26 18:30,52.225,,
Plot Title: 5S2G,3876,5/30/26 18:45,52.225,,
Plot Title: 5S2G,3877,5/30/26 19:00,52.05,,
Plot Title: 5S2G,3878,5/30/26 19:15,51.874,,
Plot Title: 5S2G,3879,5/30/26 19:30,51.699,,
Plot Title: 5S2G,3880,5/30/26 19:45,51.523,,
Plot Title: 5S2G,3881,5/30/26 20:00,51.346,,
Plot Title: 5S2G,3882,5/30/26 20:15,51.172,,
Plot Title: 5S2G,3883,5/30/26 20:30,50.995,,
Plot Title: 5S2G,3884,5/30/26 20:45,50.819,,
Plot Title: 5S2G,3885,5/30/26 21:00,50.643,,
Plot Title: 5S2G,3886,5/30/26 21:15,50.466,,
Plot Title: 5S2G,3887,5/30/26 21:30,50.29,,
Plot Title: 5S2G,3888,5/30/26 21:45,50.113,,
Plot Title: 5S2G,3889,5/30/26 22:00,49.937,,
Plot Title: 5S2G,3890,5/30/26 22:15,49.759,,
Plot Title: 5S2G,3891,5/30/26 22:30,49.582,,
Plot Title: 5S2G,3892,5/30/26 22:45,49.582,,
Plot Title: 5S2G,3893,5/30/26 23:00,49.228,,
Plot Title: 5S2G,3894,5/30/26 23:15,49.228,,
Plot Title: 5S2G,3895,5/30/26 23:30,49.05,,
Plot Title: 5S2G,3896,5/30/26 23:45,48.871,,
Plot Title: 5S2G,3897,5/31/26 00:00,48.695,,
Plot Title: 5S2G,3898,5/31/26 00:15,48.517,,
Plot Title: 5S2G,3899,5/31/26 00:30,48.517,,
Plot Title: 5S2G,3900,5/31/26 00:45,48.517,,
Plot Title: 5S2G,3901,5/31/26 01:00,48.339,,
Plot Title: 5S2G,3902,5/31/26 01:15,48.339,,
Plot Title: 5S2G,3903,5/31/26 01:30,48.339,,
Plot Title: 5S2G,3904,5/31/26 01:45,48.16,,
Plot Title: 5S2G,3905,5/31/26 02:00,48.16,,
Plot Title: 5S2G,3906,5/31/26 02:15,47.982,,
Plot Title: 5S2G,3907,5/31/26 02:30,47.982,,
Plot Title: 5S2G,3908,5/31/26 02:45,47.982,,
Plot Title: 5S2G,3909,5/31/26 03:00,47.982,,
Plot Title: 5S2G,3910,5/31/26 03:15,47.802,,
Plot Title: 5S2G,3911,5/31/26 03:30,47.802,,
Plot Title: 5S2G,3912,5/31/26 03:45,47.802,,
Plot Title: 5S2G,3913,5/31/26 04:00,47.802,,
Plot Title: 5S2G,3914,5/31/26 04:15,47.624,,
Plot Title: 5S2G,3915,5/31/26 04:30,47.624,,
Plot Title: 5S2G,3916,5/31/26 04:45,47.624,,
Plot Title: 5S2G,3917,5/31/26 05:00,47.624,,
Plot Title: 5S2G,3918,5/31/26 05:15,47.446,,
Plot Title: 5S2G,3919,5/31/26 05:30,47.446,,
Plot Title: 5S2G,3920,5/31/26 05:45,47.446,,
Plot Title: 5S2G,3921,5/31/26 06:00,47.446,,
Plot Title: 5S2G,3922,5/31/26 06:15,47.446,,
Plot Title: 5S2G,3923,5/31/26 06:30,47.266,,
Plot Title: 5S2G,3924,5/31/26 06:45,47.266,,
Plot Title: 5S2G,3925,5/31/26 07:00,47.266,,
Plot Title: 5S2G,3926,5/31/26 07:15,47.266,,
Plot Title: 5S2G,3927,5/31/26 07:30,47.266,,
Plot Title: 5S2G,3928,5/31/26 07:45,47.088,,
Plot Title: 5S2G,3929,5/31/26 08:00,47.088,,
Plot Title: 5S2G,3930,5/31/26 08:15,47.088,,
Plot Title: 5S2G,3931,5/31/26 08:30,47.088,,
Plot Title: 5S2G,3932,5/31/26 08:45,47.088,,
Plot Title: 5S2G,3933,5/31/26 09:00,47.266,,
Plot Title: 5S2G,3934,5/31/26 09:15,47.266,,
Plot Title: 5S2G,3935,5/31/26 09:30,47.446,,
Plot Title: 5S2G,3936,5/31/26 09:45,47.446,,
Plot Title: 5S2G,3937,5/31/26 10:00,47.624,,
Plot Title: 5S2G,3938,5/31/26 10:15,47.982,,
Plot Title: 5S2G,3939,5/31/26 10:30,48.339,,
Plot Title: 5S2G,3940,5/31/26 10:45,48.517,,
Plot Title: 5S2G,3941,5/31/26 11:00,49.05,,
Plot Title: 5S2G,3942,5/31/26 11:15,49.228,,
Plot Title: 5S2G,3943,5/31/26 11:30,49.228,,
Plot Title: 5S2G,3944,5/31/26 11:45,49.404,,
Plot Title: 5S2G,3945,5/31/26 12:00,49.582,,
Plot Title: 5S2G,3946,5/31/26 12:15,49.759,,
Plot Title: 5S2G,3947,5/31/26 12:30,50.113,,
Plot Title: 5S2G,3948,5/31/26 12:45,50.29,,
Plot Title: 5S2G,3949,5/31/26 13:00,50.113,,
Plot Title: 5S2G,3950,5/31/26 13:15,50.29,,
Plot Title: 5S2G,3951,5/31/26 13:30,50.643,,
Plot Title: 5S2G,3952,5/31/26 13:45,50.29,,
Plot Title: 5S2G,3953,5/31/26 14:00,50.466,,
Plot Title: 5S2G,3954,5/31/26 14:15,50.643,,
Plot Title: 5S2G,3955,5/31/26 14:30,50.643,,
Plot Title: 5S2G,3956,5/31/26 14:45,50.466,,
Plot Title: 5S2G,3957,5/31/26 15:00,50.29,,
Plot Title: 5S2G,3958,5/31/26 15:15,49.937,,
Plot Title: 5S2G,3959,5/31/26 15:30,49.582,,
Plot Title: 5S2G,3960,5/31/26 15:45,49.404,,
Plot Title: 5S2G,3961,5/31/26 16:00,49.404,,
Plot Title: 5S2G,3962,5/31/26 16:15,49.404,,
Plot Title: 5S2G,3963,5/31/26 16:30,49.582,,
Plot Title: 5S2G,3964,5/31/26 16:45,49.582,,
Plot Title: 5S2G,3965,5/31/26 17:00,49.582,,
Plot Title: 5S2G,3966,5/31/26 17:15,49.404,,
Plot Title: 5S2G,3967,5/31/26 17:30,49.582,,
Plot Title: 5S2G,3968,5/31/26 17:45,49.404,,
Plot Title: 5S2G,3969,5/31/26 18:00,49.404,,
Plot Title: 5S2G,3970,5/31/26 18:15,49.228,,
Plot Title: 5S2G,3971,5/31/26 18:30,49.05,,
Plot Title: 5S2G,3972,5/31/26 18:45,48.517,,
Plot Title: 5S2G,3973,5/31/26 19:00,48.16,,
Plot Title: 5S2G,3974,5/31/26 19:15,47.982,,
Plot Title: 5S2G,3975,5/31/26 19:30,47.624,,
Plot Title: 5S2G,3976,5/31/26 19:45,47.446,,
Plot Title: 5S2G,3977,5/31/26 20:00,47.266,,
Plot Title: 5S2G,3978,5/31/26 20:15,47.088,,
Plot Title: 5S2G,3979,5/31/26 20:30,46.908,,
Plot Title: 5S2G,3980,5/31/26 20:45,46.728,,
Plot Title: 5S2G,3981,5/31/26 21:00,46.548,,
Plot Title: 5S2G,3982,5/31/26 21:15,46.548,,
Plot Title: 5S2G,3983,5/31/26 21:30,46.369,,
Plot Title: 5S2G,3984,5/31/26 21:45,46.369,,
Plot Title: 5S2G,3985,5/31/26 22:00,46.188,,
Plot Title: 5S2G,3986,5/31/26 22:15,46.188,,
Plot Title: 5S2G,3987,5/31/26 22:30,46.008,,
Plot Title: 5S2G,3988,5/31/26 22:45,46.008,,
Plot Title: 5S2G,3989,5/31/26 23:00,46.008,,
Plot Title: 5S2G,3990,5/31/26 23:15,45.828,,
Plot Title: 5S2G,3991,5/31/26 23:30,45.828,,
Plot Title: 5S2G,3992,5/31/26 23:45,45.828,,
Plot Title: 5S2G,3993,6/1/26 00:00,45.648,,
Plot Title: 5S2G,3994,6/1/26 00:15,45.648,,
Plot Title: 5S2G,3995,6/1/26 00:30,45.648,,
Plot Title: 5S2G,3996,6/1/26 00:45,45.648,,
Plot Title: 5S2G,3997,6/1/26 01:00,45.466,,
Plot Title: 5S2G,3998,6/1/26 01:15,45.466,,
Plot Title: 5S2G,3999,6/1/26 01:30,45.286,,
Plot Title: 5S2G,4000,6/1/26 01:45,45.286,,
Plot Title: 5S2G,4001,6/1/26 02:00,45.286,,
Plot Title: 5S2G,4002,6/1/26 02:15,45.104,,
Plot Title: 5S2G,4003,6/1/26 02:30,45.104,,
Plot Title: 5S2G,4004,6/1/26 02:45,45.104,,
Plot Title: 5S2G,4005,6/1/26 03:00,45.104,,
Plot Title: 5S2G,4006,6/1/26 03:15,44.922,,
Plot Title: 5S2G,4007,6/1/26 03:30,44.742,,
Plot Title: 5S2G,4008,6/1/26 03:45,44.56,,
Plot Title: 5S2G,4009,6/1/26 04:00,44.379,,
Plot Title: 5S2G,4010,6/1/26 04:15,44.195,,
Plot Title: 5S2G,4011,6/1/26 04:30,44.195,,
Plot Title: 5S2G,4012,6/1/26 04:45,44.013,,
Plot Title: 5S2G,4013,6/1/26 05:00,43.831,,
Plot Title: 5S2G,4014,6/1/26 05:15,43.648,,
Plot Title: 5S2G,4015,6/1/26 05:30,43.648,,
Plot Title: 5S2G,4016,6/1/26 05:45,43.466,,
Plot Title: 5S2G,4017,6/1/26 06:00,43.466,,
Plot Title: 5S2G,4018,6/1/26 06:15,43.282,,
Plot Title: 5S2G,4019,6/1/26 06:30,43.282,,
Plot Title: 5S2G,4020,6/1/26 06:45,43.282,,
Plot Title: 5S2G,4021,6/1/26 07:00,43.466,,
Plot Title: 5S2G,4022,6/1/26 07:15,43.648,,
Plot Title: 5S2G,4023,6/1/26 07:30,44.195,,
Plot Title: 5S2G,4024,6/1/26 07:45,44.379,,
Plot Title: 5S2G,4025,6/1/26 08:00,44.56,,
Plot Title: 5S2G,4026,6/1/26 08:15,44.922,,
Plot Title: 5S2G,4027,6/1/26 08:30,45.466,,
Plot Title: 5S2G,4028,6/1/26 08:45,46.008,,
Plot Title: 5S2G,4029,6/1/26 09:00,51.172,,
Plot Title: 5S2G,4030,6/1/26 09:15,55.017,,
Plot Title: 5S2G,4031,6/1/26 09:30,57.785,,
Plot Title: 5S2G,4032,6/1/26 09:45,60.368,,
Plot Title: 5S2G,4033,6/1/26 10:00,62.254,,
Plot Title: 5S2G,4034,6/1/26 10:15,63.282,,
Plot Title: 5S2G,4035,6/1/26 10:30,65.167,,
Plot Title: 5S2G,4036,6/1/26 10:45,67.05,,
Plot Title: 5S2G,4037,6/1/26 11:00,68.592,,
Plot Title: 5S2G,4038,6/1/26 11:15,66.537,,
Plot Title: 5S2G,4039,6/1/26 11:30,63.626,,
Plot Title: 5S2G,4040,6/1/26 11:45,62.254,,
Plot Title: 5S2G,4041,6/1/26 12:00,61.227,,
Plot Title: 5S2G,4042,6/1/26 12:15,59.164,,
Plot Title: 5S2G,4043,6/1/26 12:30,57.785,,
Plot Title: 5S2G,4044,6/1/26 12:45,56.923,,
Plot Title: 5S2G,4045,6/1/26 13:00,56.23,,
Plot Title: 5S2G,4046,6/1/26 13:15,55.711,,
Plot Title: 5S2G,4047,6/1/26 13:30,55.364,,
Plot Title: 5S2G,4048,6/1/26 13:45,55.189,,
Plot Title: 5S2G,4049,6/1/26 14:00,54.669,,
Plot Title: 5S2G,4050,6/1/26 14:15,54.669,,
Plot Title: 5S2G,4051,6/1/26 14:30,54.322,,
Plot Title: 5S2G,4052,6/1/26 14:45,53.973,,
Plot Title: 5S2G,4053,6/1/26 15:00,54.322,,
Plot Title: 5S2G,4054,6/1/26 15:15,53.798,,
Plot Title: 5S2G,4055,6/1/26 15:30,53.798,,
Plot Title: 5S2G,4056,6/1/26 15:45,53.623,,
Plot Title: 5S2G,4057,6/1/26 16:00,53.798,,
Plot Title: 5S2G,4058,6/1/26 16:15,53.623,,
Plot Title: 5S2G,4059,6/1/26 16:30,53.274,,
Plot Title: 5S2G,4060,6/1/26 16:45,52.925,,
Plot Title: 5S2G,4061,6/1/26 17:00,52.576,,
Plot Title: 5S2G,4062,6/1/26 17:15,52.576,,
Plot Title: 5S2G,4063,6/1/26 17:30,52.225,,
Plot Title: 5S2G,4064,6/1/26 17:45,52.05,,
Plot Title: 5S2G,4065,6/1/26 18:00,51.874,,
Plot Title: 5S2G,4066,6/1/26 18:15,51.874,,
Plot Title: 5S2G,4067,6/1/26 18:30,51.523,,
Plot Title: 5S2G,4068,6/1/26 18:45,50.995,,
Plot Title: 5S2G,4069,6/1/26 19:00,49.05,,
Plot Title: 5S2G,4070,6/1/26 19:15,47.802,,
Plot Title: 5S2G,4071,6/1/26 19:30,47.802,,
Plot Title: 5S2G,4072,6/1/26 19:45,47.802,,
Plot Title: 5S2G,4073,6/1/26 20:00,47.624,,
Plot Title: 5S2G,4074,6/1/26 20:15,47.624,,
Plot Title: 5S2G,4075,6/1/26 20:30,47.446,,
Plot Title: 5S2G,4076,6/1/26 20:45,47.266,,
Plot Title: 5S2G,4077,6/1/26 21:00,46.908,,
Plot Title: 5S2G,4078,6/1/26 21:15,46.728,,
Plot Title: 5S2G,4079,6/1/26 21:30,46.728,,
Plot Title: 5S2G,4080,6/1/26 21:45,46.548,,
Plot Title: 5S2G,4081,6/1/26 22:00,46.548,,
Plot Title: 5S2G,4082,6/1/26 22:15,46.369,,
Plot Title: 5S2G,4083,6/1/26 22:30,46.369,,
Plot Title: 5S2G,4084,6/1/26 22:45,46.369,,
Plot Title: 5S2G,4085,6/1/26 23:00,46.188,,
Plot Title: 5S2G,4086,6/1/26 23:15,46.188,,
Plot Title: 5S2G,4087,6/1/26 23:30,46.188,,
Plot Title: 5S2G,4088,6/1/26 23:45,46.188,,
Plot Title: 5S2G,4089,6/2/26 00:00,46.008,,
Plot Title: 5S2G,4090,6/2/26 00:15,45.828,,
Plot Title: 5S2G,4091,6/2/26 00:30,45.828,,
Plot Title: 5S2G,4092,6/2/26 00:45,45.648,,
Plot Title: 5S2G,4093,6/2/26 01:00,45.466,,
Plot Title: 5S2G,4094,6/2/26 01:15,45.286,,
Plot Title: 5S2G,4095,6/2/26 01:30,45.104,,
Plot Title: 5S2G,4096,6/2/26 01:45,44.922,,
Plot Title: 5S2G,4097,6/2/26 02:00,44.922,,
Plot Title: 5S2G,4098,6/2/26 02:15,44.742,,
Plot Title: 5S2G,4099,6/2/26 02:30,44.56,,
Plot Title: 5S2G,4100,6/2/26 02:45,44.379,,
Plot Title: 5S2G,4101,6/2/26 03:00,44.379,,
Plot Title: 5S2G,4102,6/2/26 03:15,44.195,,
Plot Title: 5S2G,4103,6/2/26 03:30,44.195,,
Plot Title: 5S2G,4104,6/2/26 03:45,44.195,,
Plot Title: 5S2G,4105,6/2/26 04:00,44.195,,
Plot Title: 5S2G,4106,6/2/26 04:15,44.195,,
Plot Title: 5S2G,4107,6/2/26 04:30,44.195,,
Plot Title: 5S2G,4108,6/2/26 04:45,44.195,,
Plot Title: 5S2G,4109,6/2/26 05:00,44.195,,
Plot Title: 5S2G,4110,6/2/26 05:15,44.195,,
Plot Title: 5S2G,4111,6/2/26 05:30,44.013,,
Plot Title: 5S2G,4112,6/2/26 05:45,44.013,,
Plot Title: 5S2G,4113,6/2/26 06:00,44.013,,
Plot Title: 5S2G,4114,6/2/26 06:15,44.013,,
Plot Title: 5S2G,4115,6/2/26 06:30,43.831,,
Plot Title: 5S2G,4116,6/2/26 06:45,43.831,,
Plot Title: 5S2G,4117,6/2/26 07:00,43.831,,
Plot Title: 5S2G,4118,6/2/26 07:15,44.013,,
Plot Title: 5S2G,4119,6/2/26 07:30,44.56,,
Plot Title: 5S2G,4120,6/2/26 07:45,44.922,,
Plot Title: 5S2G,4121,6/2/26 08:00,44.922,,
Plot Title: 5S2G,4122,6/2/26 08:15,45.286,,
Plot Title: 5S2G,4123,6/2/26 08:30,46.369,,
Plot Title: 5S2G,4124,6/2/26 08:45,46.728,,
Plot Title: 5S2G,4125,6/2/26 09:00,47.624,,
Plot Title: 5S2G,4126,6/2/26 09:15,49.759,,
Plot Title: 5S2G,4127,6/2/26 09:30,52.925,,
Plot Title: 5S2G,4128,6/2/26 09:45,56.23,,
Plot Title: 5S2G,4129,6/2/26 10:00,58.993,,
Plot Title: 5S2G,4130,6/2/26 10:15,61.054,,
Plot Title: 5S2G,4131,6/2/26 10:30,63.282,,
Plot Title: 5S2G,4132,6/2/26 10:45,63.626,,
Plot Title: 5S2G,4133,6/2/26 11:00,64.481,,
Plot Title: 5S2G,4134,6/2/26 11:15,64.825,,
Plot Title: 5S2G,4135,6/2/26 11:30,62.083,,
Plot Title: 5S2G,4136,6/2/26 11:45,60.883,,
Plot Title: 5S2G,4137,6/2/26 12:00,61.227,,
Plot Title: 5S2G,4138,6/2/26 12:15,58.993,,
Plot Title: 5S2G,4139,6/2/26 12:30,57.785,,
Plot Title: 5S2G,4140,6/2/26 12:45,57.096,,
Plot Title: 5S2G,4141,6/2/26 13:00,56.404,,
Plot Title: 5S2G,4142,6/2/26 13:15,55.884,,
Plot Title: 5S2G,4143,6/2/26 13:30,55.537,,
Plot Title: 5S2G,4144,6/2/26 13:45,55.017,,
Plot Title: 5S2G,4145,6/2/26 14:00,54.842,,
Plot Title: 5S2G,4146,6/2/26 14:15,54.495,,
Plot Title: 5S2G,4147,6/2/26 14:30,54.495,,
Plot Title: 5S2G,4148,6/2/26 14:45,54.322,,
Plot Title: 5S2G,4149,6/2/26 15:00,54.322,,
Plot Title: 5S2G,4150,6/2/26 15:15,54.495,,
Plot Title: 5S2G,4151,6/2/26 15:30,54.322,,
Plot Title: 5S2G,4152,6/2/26 15:45,54.495,,
Plot Title: 5S2G,4153,6/2/26 16:00,54.495,,
Plot Title: 5S2G,4154,6/2/26 16:15,54.495,,
Plot Title: 5S2G,4155,6/2/26 16:30,54.669,,
Plot Title: 5S2G,4156,6/2/26 16:45,54.495,,
Plot Title: 5S2G,4157,6/2/26 17:00,54.495,,
Plot Title: 5S2G,4158,6/2/26 17:15,54.495,,
Plot Title: 5S2G,4159,6/2/26 17:30,54.322,,
Plot Title: 5S2G,4160,6/2/26 17:45,53.973,,
Plot Title: 5S2G,4161,6/2/26 18:00,53.623,,
Plot Title: 5S2G,4162,6/2/26 18:15,53.274,,
Plot Title: 5S2G,4163,6/2/26 18:30,52.925,,
Plot Title: 5S2G,4164,6/2/26 18:45,52.576,,
Plot Title: 5S2G,4165,6/2/26 19:00,52.401,,
Plot Title: 5S2G,4166,6/2/26 19:15,52.05,,
Plot Title: 5S2G,4167,6/2/26 19:30,52.05,,
Plot Title: 5S2G,4168,6/2/26 19:45,51.874,,
Plot Title: 5S2G,4169,6/2/26 20:00,51.699,,
Plot Title: 5S2G,4170,6/2/26 20:15,51.523,,
Plot Title: 5S2G,4171,6/2/26 20:30,50.995,,
Plot Title: 5S2G,4172,6/2/26 20:45,50.643,,
Plot Title: 5S2G,4173,6/2/26 21:00,50.466,,
Plot Title: 5S2G,4174,6/2/26 21:15,50.113,,
Plot Title: 5S2G,4175,6/2/26 21:30,49.759,,
Plot Title: 5S2G,4176,6/2/26 21:45,49.582,,
Plot Title: 5S2G,4177,6/2/26 22:00,49.228,,
Plot Title: 5S2G,4178,6/2/26 22:15,49.228,,
Plot Title: 5S2G,4179,6/2/26 22:30,49.05,,
Plot Title: 5S2G,4180,6/2/26 22:45,48.871,,
Plot Title: 5S2G,4181,6/2/26 23:00,48.871,,
Plot Title: 5S2G,4182,6/2/26 23:15,48.695,,
Plot Title: 5S2G,4183,6/2/26 23:30,48.339,,
Plot Title: 5S2G,4184,6/2/26 23:45,48.339,,
Plot Title: 5S2G,4185,6/3/26 00:00,48.16,,
Plot Title: 5S2G,4186,6/3/26 00:15,47.982,,
Plot Title: 5S2G,4187,6/3/26 00:30,47.802,,
Plot Title: 5S2G,4188,6/3/26 00:45,47.624,,
Plot Title: 5S2G,4189,6/3/26 01:00,47.446,,
Plot Title: 5S2G,4190,6/3/26 01:15,47.446,,
Plot Title: 5S2G,4191,6/3/26 01:30,47.266,,
Plot Title: 5S2G,4192,6/3/26 01:45,47.088,,
Plot Title: 5S2G,4193,6/3/26 02:00,47.088,,
Plot Title: 5S2G,4194,6/3/26 02:15,46.908,,
Plot Title: 5S2G,4195,6/3/26 02:30,46.728,,
Plot Title: 5S2G,4196,6/3/26 02:45,46.548,,
Plot Title: 5S2G,4197,6/3/26 03:00,46.369,,
Plot Title: 5S2G,4198,6/3/26 03:15,46.188,,
Plot Title: 5S2G,4199,6/3/26 03:30,46.188,,
Plot Title: 5S2G,4200,6/3/26 03:45,46.008,,
Plot Title: 5S2G,4201,6/3/26 04:00,45.828,,
Plot Title: 5S2G,4202,6/3/26 04:15,45.828,,
Plot Title: 5S2G,4203,6/3/26 04:30,45.648,,
Plot Title: 5S2G,4204,6/3/26 04:45,45.466,,
Plot Title: 5S2G,4205,6/3/26 05:00,45.466,,
Plot Title: 5S2G,4206,6/3/26 05:15,45.466,,
Plot Title: 5S2G,4207,6/3/26 05:30,45.286,,
Plot Title: 5S2G,4208,6/3/26 05:45,45.286,,
Plot Title: 5S2G,4209,6/3/26 06:00,45.104,,
Plot Title: 5S2G,4210,6/3/26 06:15,45.104,,
Plot Title: 5S2G,4211,6/3/26 06:30,45.104,,
Plot Title: 5S2G,4212,6/3/26 06:45,45.104,,
Plot Title: 5S2G,4213,6/3/26 07:00,45.286,,
Plot Title: 5S2G,4214,6/3/26 07:15,45.466,,
Plot Title: 5S2G,4215,6/3/26 07:30,46.008,,
Plot Title: 5S2G,4216,6/3/26 07:45,46.369,,
Plot Title: 5S2G,4217,6/3/26 08:00,46.548,,
Plot Title: 5S2G,4218,6/3/26 08:15,46.728,,
Plot Title: 5S2G,4219,6/3/26 08:30,47.088,,
Plot Title: 5S2G,4220,6/3/26 08:45,47.982,,
Plot Title: 5S2G,4221,6/3/26 09:00,52.925,,
Plot Title: 5S2G,4222,6/3/26 09:15,57.096,,
Plot Title: 5S2G,4223,6/3/26 09:30,60.195,,
Plot Title: 5S2G,4224,6/3/26 09:45,62.598,,
Plot Title: 5S2G,4225,6/3/26 10:00,65.338,,
Plot Title: 5S2G,4226,6/3/26 10:15,67.392,,
Plot Title: 5S2G,4227,6/3/26 10:30,69.449,,
Plot Title: 5S2G,4228,6/3/26 10:45,71.683,,
Plot Title: 5S2G,4229,6/3/26 11:00,73.926,,
Plot Title: 5S2G,4230,6/3/26 11:15,72.718,,
Plot Title: 5S2G,4231,6/3/26 11:30,67.906,,
Plot Title: 5S2G,4232,6/3/26 11:45,65.851,,
Plot Title: 5S2G,4233,6/3/26 12:00,64.996,,
Plot Title: 5S2G,4234,6/3/26 12:15,62.083,,
Plot Title: 5S2G,4235,6/3/26 12:30,60.539,,
Plot Title: 5S2G,4236,6/3/26 12:45,59.337,,
Plot Title: 5S2G,4237,6/3/26 13:00,58.647,,
Plot Title: 5S2G,4238,6/3/26 13:15,57.958,,
Plot Title: 5S2G,4239,6/3/26 13:30,57.441,,
Plot Title: 5S2G,4240,6/3/26 13:45,57.096,,
Plot Title: 5S2G,4241,6/3/26 14:00,56.75,,
Plot Title: 5S2G,4242,6/3/26 14:15,56.404,,
Plot Title: 5S2G,4243,6/3/26 14:30,56.057,,
Plot Title: 5S2G,4244,6/3/26 14:45,55.884,,
Plot Title: 5S2G,4245,6/3/26 15:00,55.711,,
Plot Title: 5S2G,4246,6/3/26 15:15,55.364,,
Plot Title: 5S2G,4247,6/3/26 15:30,55.189,,
Plot Title: 5S2G,4248,6/3/26 15:45,54.842,,
Plot Title: 5S2G,4249,6/3/26 16:00,54.669,,
Plot Title: 5S2G,4250,6/3/26 16:15,54.669,,
Plot Title: 5S2G,4251,6/3/26 16:30,54.669,,
Plot Title: 5S2G,4252,6/3/26 16:45,54.669,,
Plot Title: 5S2G,4253,6/3/26 17:00,54.842,,
Plot Title: 5S2G,4254,6/3/26 17:15,55.364,,
Plot Title: 5S2G,4255,6/3/26 17:30,55.537,,
Plot Title: 5S2G,4256,6/3/26 17:45,55.537,,
Plot Title: 5S2G,4257,6/3/26 18:00,55.537,,
Plot Title: 5S2G,4258,6/3/26 18:15,55.711,,
Plot Title: 5S2G,4259,6/3/26 18:30,55.711,,
Plot Title: 5S2G,4260,6/3/26 18:45,55.711,,
Plot Title: 5S2G,4261,6/3/26 19:00,55.711,,
Plot Title: 5S2G,4262,6/3/26 19:15,55.537,,
Plot Title: 5S2G,4263,6/3/26 19:30,55.364,,
Plot Title: 5S2G,4264,6/3/26 19:45,55.017,,
Plot Title: 5S2G,4265,6/3/26 20:00,54.669,,
Plot Title: 5S2G,4266,6/3/26 20:15,54.495,,
Plot Title: 5S2G,4267,6/3/26 20:30,54.147,,
Plot Title: 5S2G,4268,6/3/26 20:45,53.798,,
Plot Title: 5S2G,4269,6/3/26 21:00,53.449,,
Plot Title: 5S2G,4270,6/3/26 21:15,53.274,,
Plot Title: 5S2G,4271,6/3/26 21:30,53.1,,
Plot Title: 5S2G,4272,6/3/26 21:45,52.925,,
Plot Title: 5S2G,4273,6/3/26 22:00,52.925,,
Plot Title: 5S2G,4274,6/3/26 22:15,52.75,,
Plot Title: 5S2G,4275,6/3/26 22:30,52.576,,
Plot Title: 5S2G,4276,6/3/26 22:45,52.401,,
Plot Title: 5S2G,4277,6/3/26 23:00,52.225,,
Plot Title: 5S2G,4278,6/3/26 23:15,52.225,,
Plot Title: 5S2G,4279,6/3/26 23:30,51.874,,
Plot Title: 5S2G,4280,6/3/26 23:45,51.699,,
Plot Title: 5S2G,4281,6/4/26 00:00,51.523,,
Plot Title: 5S2G,4282,6/4/26 00:15,51.346,,
Plot Title: 5S2G,4283,6/4/26 00:30,51.172,,
Plot Title: 5S2G,4284,6/4/26 00:45,51.172,,
Plot Title: 5S2G,4285,6/4/26 01:00,50.819,,
Plot Title: 5S2G,4286,6/4/26 01:15,50.643,,
Plot Title: 5S2G,4287,6/4/26 01:30,50.643,,
Plot Title: 5S2G,4288,6/4/26 01:45,50.643,,
Plot Title: 5S2G,4289,6/4/26 02:00,50.643,,
Plot Title: 5S2G,4290,6/4/26 02:15,50.466,,
Plot Title: 5S2G,4291,6/4/26 02:30,50.29,,
Plot Title: 5S2G,4292,6/4/26 02:45,50.113,,
Plot Title: 5S2G,4293,6/4/26 03:00,50.113,,
Plot Title: 5S2G,4294,6/4/26 03:15,49.937,,
Plot Title: 5S2G,4295,6/4/26 03:30,49.937,,
Plot Title: 5S2G,4296,6/4/26 03:45,49.759,,
Plot Title: 5S2G,4297,6/4/26 04:00,49.582,,
Plot Title: 5S2G,4298,6/4/26 04:15,49.228,,
Plot Title: 5S2G,4299,6/4/26 04:30,49.05,,
Plot Title: 5S2G,4300,6/4/26 04:45,48.871,,
Plot Title: 5S2G,4301,6/4/26 05:00,48.695,,
Plot Title: 5S2G,4302,6/4/26 05:15,48.517,,
Plot Title: 5S2G,4303,6/4/26 05:30,48.517,,
Plot Title: 5S2G,4304,6/4/26 05:45,48.695,,
Plot Title: 5S2G,4305,6/4/26 06:00,48.871,,
Plot Title: 5S2G,4306,6/4/26 06:15,48.871,,
Plot Title: 5S2G,4307,6/4/26 06:30,49.05,,
Plot Title: 5S2G,4308,6/4/26 06:45,49.228,,
Plot Title: 5S2G,4309,6/4/26 07:00,49.404,,
Plot Title: 5S2G,4310,6/4/26 07:15,49.937,,
Plot Title: 5S2G,4311,6/4/26 07:30,50.466,,
Plot Title: 5S2G,4312,6/4/26 07:45,50.995,,
Plot Title: 5S2G,4313,6/4/26 08:00,51.346,,
Plot Title: 5S2G,4314,6/4/26 08:15,51.874,,
Plot Title: 5S2G,4315,6/4/26 08:30,52.225,,
Plot Title: 5S2G,4316,6/4/26 08:45,52.401,,
Plot Title: 5S2G,4317,6/4/26 09:00,54.147,,
Plot Title: 5S2G,4318,6/4/26 09:15,58.131,,
Plot Title: 5S2G,4319,6/4/26 09:30,60.883,,
Plot Title: 5S2G,4320,6/4/26 09:45,59.68,,
Plot Title: 5S2G,4321,6/4/26 10:00,60.539,,
Plot Title: 5S2G,4322,6/4/26 10:15,60.712,,
Plot Title: 5S2G,4323,6/4/26 10:30,63.455,,
Plot Title: 5S2G,4324,6/4/26 10:45,63.282,,
Plot Title: 5S2G,4325,6/4/26 11:00,62.083,,
Plot Title: 5S2G,4326,6/4/26 11:15,62.769,,
Plot Title: 5S2G,4327,6/4/26 11:30,61.398,,
Plot Title: 5S2G,4328,6/4/26 11:45,60.712,,
Plot Title: 5S2G,4329,6/4/26 12:00,60.539,,
Plot Title: 5S2G,4330,6/4/26 12:15,59.164,,
Plot Title: 5S2G,4331,6/4/26 12:30,58.476,,
Plot Title: 5S2G,4332,6/4/26 12:45,58.131,,
Plot Title: 5S2G,4333,6/4/26 13:00,57.958,,
Plot Title: 5S2G,4334,6/4/26 13:15,57.958,,
Plot Title: 5S2G,4335,6/4/26 13:30,57.958,,
Plot Title: 5S2G,4336,6/4/26 13:45,57.441,,
Plot Title: 5S2G,4337,6/4/26 14:00,57.441,,
Plot Title: 5S2G,4338,6/4/26 14:15,56.923,,
Plot Title: 5S2G,4339,6/4/26 14:30,57.096,,
Plot Title: 5S2G,4340,6/4/26 14:45,57.268,,
Plot Title: 5S2G,4341,6/4/26 15:00,57.268,,
Plot Title: 5S2G,4342,6/4/26 15:15,56.923,,
Plot Title: 5S2G,4343,6/4/26 15:30,56.75,,
Plot Title: 5S2G,4344,6/4/26 15:45,56.577,,
Plot Title: 5S2G,4345,6/4/26 16:00,56.577,,
Plot Title: 5S2G,4346,6/4/26 16:15,56.404,,
Plot Title: 5S2G,4347,6/4/26 16:30,56.404,,
Plot Title: 5S2G,4348,6/4/26 16:45,56.057,,
Plot Title: 5S2G,4349,6/4/26 17:00,55.884,,
Plot Title: 5S2G,4350,6/4/26 17:15,55.711,,
Plot Title: 5S2G,4351,6/4/26 17:30,55.537,,
Plot Title: 5S2G,4352,6/4/26 17:45,55.364,,
Plot Title: 5S2G,4353,6/4/26 18:00,55.189,,
Plot Title: 5S2G,4354,6/4/26 18:15,54.842,,
Plot Title: 5S2G,4355,6/4/26 18:30,54.669,,
Plot Title: 5S2G,4356,6/4/26 18:45,54.495,,
Plot Title: 5S2G,4357,6/4/26 19:00,54.322,,
Plot Title: 5S2G,4358,6/4/26 19:15,54.147,,
Plot Title: 5S2G,4359,6/4/26 19:30,53.798,,
Plot Title: 5S2G,4360,6/4/26 19:45,53.623,,
Plot Title: 5S2G,4361,6/4/26 20:00,53.449,,
Plot Title: 5S2G,4362,6/4/26 20:15,53.274,,
Plot Title: 5S2G,4363,6/4/26 20:30,53.1,,
Plot Title: 5S2G,4364,6/4/26 20:45,52.925,,
Plot Title: 5S2G,4365,6/4/26 21:00,52.75,,
Plot Title: 5S2G,4366,6/4/26 21:15,52.576,,
Plot Title: 5S2G,4367,6/4/26 21:30,52.225,,
Plot Title: 5S2G,4368,6/4/26 21:45,52.05,,
Plot Title: 5S2G,4369,6/4/26 22:00,51.874,,
Plot Title: 5S2G,4370,6/4/26 22:15,51.699,,
Plot Title: 5S2G,4371,6/4/26 22:30,51.346,,
Plot Title: 5S2G,4372,6/4/26 22:45,51.172,,
Plot Title: 5S2G,4373,6/4/26 23:00,50.995,,
Plot Title: 5S2G,4374,6/4/26 23:15,50.819,,
Plot Title: 5S2G,4375,6/4/26 23:30,50.643,,
Plot Title: 5S2G,4376,6/4/26 23:45,50.466,,
Plot Title: 5S2G,4377,6/5/26 00:00,50.29,,
Plot Title: 5S2G,4378,6/5/26 00:15,50.113,,
Plot Title: 5S2G,4379,6/5/26 00:30,49.937,,
Plot Title: 5S2G,4380,6/5/26 00:45,49.759,,
Plot Title: 5S2G,4381,6/5/26 01:00,49.582,,
Plot Title: 5S2G,4382,6/5/26 01:15,49.404,,
Plot Title: 5S2G,4383,6/5/26 01:30,49.05,,
Plot Title: 5S2G,4384,6/5/26 01:45,48.871,,
Plot Title: 5S2G,4385,6/5/26 02:00,48.695,,
Plot Title: 5S2G,4386,6/5/26 02:15,48.517,,
Plot Title: 5S2G,4387,6/5/26 02:30,48.517,,
Plot Title: 5S2G,4388,6/5/26 02:45,48.339,,
Plot Title: 5S2G,4389,6/5/26 03:00,48.16,,
Plot Title: 5S2G,4390,6/5/26 03:15,47.982,,
Plot Title: 5S2G,4391,6/5/26 03:30,47.982,,
Plot Title: 5S2G,4392,6/5/26 03:45,47.802,,
Plot Title: 5S2G,4393,6/5/26 04:00,47.624,,
Plot Title: 5S2G,4394,6/5/26 04:15,47.446,,
Plot Title: 5S2G,4395,6/5/26 04:30,47.446,,
Plot Title: 5S2G,4396,6/5/26 04:45,47.266,,
Plot Title: 5S2G,4397,6/5/26 05:00,47.088,,
Plot Title: 5S2G,4398,6/5/26 05:15,46.908,,
Plot Title: 5S2G,4399,6/5/26 05:30,46.908,,
Plot Title: 5S2G,4400,6/5/26 05:45,46.728,,
Plot Title: 5S2G,4401,6/5/26 06:00,46.548,,
Plot Title: 5S2G,4402,6/5/26 06:15,46.548,,
Plot Title: 5S2G,4403,6/5/26 06:30,46.369,,
Plot Title: 5S2G,4404,6/5/26 06:45,46.369,,
Plot Title: 5S2G,4405,6/5/26 07:00,46.369,,
Plot Title: 5S2G,4406,6/5/26 07:15,46.548,,
Plot Title: 5S2G,4407,6/5/26 07:30,47.088,,
Plot Title: 5S2G,4408,6/5/26 07:45,47.446,,
Plot Title: 5S2G,4409,6/5/26 08:00,47.624,,
Plot Title: 5S2G,4410,6/5/26 08:15,47.982,,
Plot Title: 5S2G,4411,6/5/26 08:30,48.517,,
Plot Title: 5S2G,4412,6/5/26 08:45,49.228,,
Plot Title: 5S2G,4413,6/5/26 09:00,54.495,,
Plot Title: 5S2G,4414,6/5/26 09:15,58.476,,
Plot Title: 5S2G,4415,6/5/26 09:30,61.398,,
Plot Title: 5S2G,4416,6/5/26 09:45,63.797,,
Plot Title: 5S2G,4417,6/5/26 10:00,66.022,,
Plot Title: 5S2G,4418,6/5/26 10:15,68.763,,
Plot Title: 5S2G,4419,6/5/26 10:30,69.793,,
Plot Title: 5S2G,4420,6/5/26 10:45,72.545,,
Plot Title: 5S2G,4421,6/5/26 11:00,74.619,,
Plot Title: 5S2G,4422,6/5/26 11:15,73.753,,
Plot Title: 5S2G,4423,6/5/26 11:30,69.449,,
Plot Title: 5S2G,4424,6/5/26 11:45,66.708,,
Plot Title: 5S2G,4425,6/5/26 12:00,65.68,,
Plot Title: 5S2G,4426,6/5/26 12:15,63.455,,
Plot Title: 5S2G,4427,6/5/26 12:30,62.083,,
Plot Title: 5S2G,4428,6/5/26 12:45,61.054,,
Plot Title: 5S2G,4429,6/5/26 13:00,60.368,,
Plot Title: 5S2G,4430,6/5/26 13:15,59.851,,
Plot Title: 5S2G,4431,6/5/26 13:30,59.337,,
Plot Title: 5S2G,4432,6/5/26 13:45,58.647,,
Plot Title: 5S2G,4433,6/5/26 14:00,58.303,,
Plot Title: 5S2G,4434,6/5/26 14:15,58.131,,
Plot Title: 5S2G,4435,6/5/26 14:30,57.785,,
Plot Title: 5S2G,4436,6/5/26 14:45,57.958,,
Plot Title: 5S2G,4437,6/5/26 15:00,57.958,,
Plot Title: 5S2G,4438,6/5/26 15:15,57.614,,
Plot Title: 5S2G,4439,6/5/26 15:30,57.614,,
Plot Title: 5S2G,4440,6/5/26 15:45,57.441,,
Plot Title: 5S2G,4441,6/5/26 16:00,57.268,,
Plot Title: 5S2G,4442,6/5/26 16:15,57.096,,
Plot Title: 5S2G,4443,6/5/26 16:30,56.923,,
Plot Title: 5S2G,4444,6/5/26 16:45,56.75,,
Plot Title: 5S2G,4445,6/5/26 17:00,56.75,,
Plot Title: 5S2G,4446,6/5/26 17:15,56.577,,
Plot Title: 5S2G,4447,6/5/26 17:30,56.404,,
Plot Title: 5S2G,4448,6/5/26 17:45,56.23,,
Plot Title: 5S2G,4449,6/5/26 18:00,56.057,,
Plot Title: 5S2G,4450,6/5/26 18:15,55.884,,
Plot Title: 5S2G,4451,6/5/26 18:30,55.711,,
Plot Title: 5S2G,4452,6/5/26 18:45,55.711,,
Plot Title: 5S2G,4453,6/5/26 19:00,55.537,,
Plot Title: 5S2G,4454,6/5/26 19:15,55.364,,
Plot Title: 5S2G,4455,6/5/26 19:30,55.364,,
Plot Title: 5S2G,4456,6/5/26 19:45,55.189,,
Plot Title: 5S2G,4457,6/5/26 20:00,55.017,,
Plot Title: 5S2G,4458,6/5/26 20:15,54.842,,
Plot Title: 5S2G,4459,6/5/26 20:30,54.842,,
Plot Title: 5S2G,4460,6/5/26 20:45,54.669,,
Plot Title: 5S2G,4461,6/5/26 21:00,54.495,,
Plot Title: 5S2G,4462,6/5/26 21:15,54.322,,
Plot Title: 5S2G,4463,6/5/26 21:30,54.322,,
Plot Title: 5S2G,4464,6/5/26 21:45,54.147,,
Plot Title: 5S2G,4465,6/5/26 22:00,53.798,,
Plot Title: 5S2G,4466,6/5/26 22:15,53.623,,
Plot Title: 5S2G,4467,6/5/26 22:30,53.449,,
Plot Title: 5S2G,4468,6/5/26 22:45,53.274,,
Plot Title: 5S2G,4469,6/5/26 23:00,53.1,,
Plot Title: 5S2G,4470,6/5/26 23:15,52.925,,
Plot Title: 5S2G,4471,6/5/26 23:30,52.75,,
Plot Title: 5S2G,4472,6/5/26 23:45,52.401,,
Plot Title: 5S2G,4473,6/6/26 00:00,52.401,,
Plot Title: 5S2G,4474,6/6/26 00:15,52.05,,
Plot Title: 5S2G,4475,6/6/26 00:30,51.874,,
Plot Title: 5S2G,4476,6/6/26 00:45,51.699,,
Plot Title: 5S2G,4477,6/6/26 01:00,51.346,,
Plot Title: 5S2G,4478,6/6/26 01:15,51.172,,
Plot Title: 5S2G,4479,6/6/26 01:30,50.995,,
Plot Title: 5S2G,4480,6/6/26 01:45,50.643,,
Plot Title: 5S2G,4481,6/6/26 02:00,50.466,,
Plot Title: 5S2G,4482,6/6/26 02:15,50.466,,
Plot Title: 5S2G,4483,6/6/26 02:30,50.29,,
Plot Title: 5S2G,4484,6/6/26 02:45,50.113,,
Plot Title: 5S2G,4485,6/6/26 03:00,49.759,,
Plot Title: 5S2G,4486,6/6/26 03:15,49.582,,
Plot Title: 5S2G,4487,6/6/26 03:30,49.582,,
Plot Title: 5S2G,4488,6/6/26 03:45,49.404,,
Plot Title: 5S2G,4489,6/6/26 04:00,49.228,,
Plot Title: 5S2G,4490,6/6/26 04:15,49.05,,
Plot Title: 5S2G,4491,6/6/26 04:30,48.871,,
Plot Title: 5S2G,4492,6/6/26 04:45,48.695,,
Plot Title: 5S2G,4493,6/6/26 05:00,48.695,,
Plot Title: 5S2G,4494,6/6/26 05:15,48.517,,
Plot Title: 5S2G,4495,6/6/26 05:30,48.339,,
Plot Title: 5S2G,4496,6/6/26 05:45,48.16,,
Plot Title: 5S2G,4497,6/6/26 06:00,47.982,,
Plot Title: 5S2G,4498,6/6/26 06:15,47.982,,
Plot Title: 5S2G,4499,6/6/26 06:30,47.982,,
Plot Title: 5S2G,4500,6/6/26 06:45,48.339,,
Plot Title: 5S2G,4501,6/6/26 07:00,48.517,,
Plot Title: 5S2G,4502,6/6/26 07:15,48.517,,
Plot Title: 5S2G,4503,6/6/26 07:30,48.695,,
Plot Title: 5S2G,4504,6/6/26 07:45,49.228,,
Plot Title: 5S2G,4505,6/6/26 08:00,49.582,,
Plot Title: 5S2G,4506,6/6/26 08:15,50.466,,
Plot Title: 5S2G,4507,6/6/26 08:30,51.523,,
Plot Title: 5S2G,4508,6/6/26 08:45,52.401,,
Plot Title: 5S2G,4509,6/6/26 09:00,52.401,,
Plot Title: 5S2G,4510,6/6/26 09:15,53.274,,
Plot Title: 5S2G,4511,6/6/26 09:30,53.449,,
Plot Title: 5S2G,4512,6/6/26 09:45,53.449,,
Plot Title: 5S2G,4513,6/6/26 10:00,53.623,,
Plot Title: 5S2G,4514,6/6/26 10:15,53.798,,
Plot Title: 5S2G,4515,6/6/26 10:30,53.449,,
Plot Title: 5S2G,4516,6/6/26 10:45,53.449,,
Plot Title: 5S2G,4517,6/6/26 11:00,54.495,,
Plot Title: 5S2G,4518,6/6/26 11:15,56.057,,
Plot Title: 5S2G,4519,6/6/26 11:30,57.958,,
Plot Title: 5S2G,4520,6/6/26 11:45,58.131,,
Plot Title: 5S2G,4521,6/6/26 12:00,58.131,,
Plot Title: 5S2G,4522,6/6/26 12:15,58.647,,
Plot Title: 5S2G,4523,6/6/26 12:30,58.476,,
Plot Title: 5S2G,4524,6/6/26 12:45,58.476,,
Plot Title: 5S2G,4525,6/6/26 13:00,58.82,,
Plot Title: 5S2G,4526,6/6/26 13:15,59.337,,
Plot Title: 5S2G,4527,6/6/26 13:30,59.164,,
Plot Title: 5S2G,4528,6/6/26 13:45,59.337,,
Plot Title: 5S2G,4529,6/6/26 14:00,59.337,,
Plot Title: 5S2G,4530,6/6/26 14:15,59.337,,
Plot Title: 5S2G,4531,6/6/26 14:30,59.337,,
Plot Title: 5S2G,4532,6/6/26 14:45,59.337,,
Plot Title: 5S2G,4533,6/6/26 15:00,58.993,,
Plot Title: 5S2G,4534,6/6/26 15:15,58.476,,
Plot Title: 5S2G,4535,6/6/26 15:30,58.131,,
Plot Title: 5S2G,4536,6/6/26 15:45,58.303,,
Plot Title: 5S2G,4537,6/6/26 16:00,58.303,,
Plot Title: 5S2G,4538,6/6/26 16:15,58.131,,
Plot Title: 5S2G,4539,6/6/26 16:30,57.785,,
Plot Title: 5S2G,4540,6/6/26 16:45,57.441,,
Plot Title: 5S2G,4541,6/6/26 17:00,57.441,,
Plot Title: 5S2G,4542,6/6/26 17:15,57.096,,
Plot Title: 5S2G,4543,6/6/26 17:30,56.577,,
Plot Title: 5S2G,4544,6/6/26 17:45,56.057,,
Plot Title: 5S2G,4545,6/6/26 18:00,55.711,,
Plot Title: 5S2G,4546,6/6/26 18:15,55.537,,
Plot Title: 5S2G,4547,6/6/26 18:30,55.364,,
Plot Title: 5S2G,4548,6/6/26 18:45,55.364,,
Plot Title: 5S2G,4549,6/6/26 19:00,55.189,,
Plot Title: 5S2G,4550,6/6/26 19:15,54.842,,
Plot Title: 5S2G,4551,6/6/26 19:30,54.495,,
Plot Title: 5S2G,4552,6/6/26 19:45,54.322,,
Plot Title: 5S2G,4553,6/6/26 20:00,53.973,,
Plot Title: 5S2G,4554,6/6/26 20:15,53.623,,
Plot Title: 5S2G,4555,6/6/26 20:30,53.449,,
Plot Title: 5S2G,4556,6/6/26 20:45,53.274,,
Plot Title: 5S2G,4557,6/6/26 21:00,53.1,,
Plot Title: 5S2G,4558,6/6/26 21:15,52.75,,
Plot Title: 5S2G,4559,6/6/26 21:30,52.401,,
Plot Title: 5S2G,4560,6/6/26 21:45,52.225,,
Plot Title: 5S2G,4561,6/6/26 22:00,51.874,,
Plot Title: 5S2G,4562,6/6/26 22:15,51.699,,
Plot Title: 5S2G,4563,6/6/26 22:30,51.523,,
Plot Title: 5S2G,4564,6/6/26 22:45,51.346,,
Plot Title: 5S2G,4565,6/6/26 23:00,51.172,,
Plot Title: 5S2G,4566,6/6/26 23:15,51.172,,
Plot Title: 5S2G,4567,6/6/26 23:30,50.995,,
Plot Title: 5S2G,4568,6/6/26 23:45,50.819,,
Plot Title: 5S2G,4569,6/7/26 00:00,50.819,,
Plot Title: 5S2G,4570,6/7/26 00:15,50.643,,
Plot Title: 5S2G,4571,6/7/26 00:30,50.466,,
Plot Title: 5S2G,4572,6/7/26 00:45,50.29,,
Plot Title: 5S2G,4573,6/7/26 01:00,50.113,,
Plot Title: 5S2G,4574,6/7/26 01:15,49.937,,
Plot Title: 5S2G,4575,6/7/26 01:30,49.937,,
Plot Title: 5S2G,4576,6/7/26 01:45,49.759,,
Plot Title: 5S2G,4577,6/7/26 02:00,49.582,,
Plot Title: 5S2G,4578,6/7/26 02:15,49.404,,
Plot Title: 5S2G,4579,6/7/26 02:30,49.228,,
Plot Title: 5S2G,4580,6/7/26 02:45,49.228,,
Plot Title: 5S2G,4581,6/7/26 03:00,49.228,,
Plot Title: 5S2G,4582,6/7/26 03:15,49.05,,
Plot Title: 5S2G,4583,6/7/26 03:30,49.05,,
Plot Title: 5S2G,4584,6/7/26 03:45,48.871,,
Plot Title: 5S2G,4585,6/7/26 04:00,48.695,,
Plot Title: 5S2G,4586,6/7/26 04:15,48.695,,
Plot Title: 5S2G,4587,6/7/26 04:30,48.517,,
Plot Title: 5S2G,4588,6/7/26 04:45,48.517,,
Plot Title: 5S2G,4589,6/7/26 05:00,48.517,,
Plot Title: 5S2G,4590,6/7/26 05:15,48.517,,
Plot Title: 5S2G,4591,6/7/26 05:30,48.339,,
Plot Title: 5S2G,4592,6/7/26 05:45,48.16,,
Plot Title: 5S2G,4593,6/7/26 06:00,47.982,,
Plot Title: 5S2G,4594,6/7/26 06:15,47.982,,
Plot Title: 5S2G,4595,6/7/26 06:30,47.982,,
Plot Title: 5S2G,4596,6/7/26 06:45,47.982,,
Plot Title: 5S2G,4597,6/7/26 07:00,47.982,,
Plot Title: 5S2G,4598,6/7/26 07:15,48.16,,
Plot Title: 5S2G,4599,6/7/26 07:30,48.339,,
Plot Title: 5S2G,4600,6/7/26 07:45,48.517,,
Plot Title: 5S2G,4601,6/7/26 08:00,48.695,,
Plot Title: 5S2G,4602,6/7/26 08:15,48.871,,
Plot Title: 5S2G,4603,6/7/26 08:30,49.228,,
Plot Title: 5S2G,4604,6/7/26 08:45,49.937,,
Plot Title: 5S2G,4605,6/7/26 09:00,52.75,,
Plot Title: 5S2G,4606,6/7/26 09:15,52.05,,
Plot Title: 5S2G,4607,6/7/26 09:30,52.225,,
Plot Title: 5S2G,4608,6/7/26 09:45,52.576,,
Plot Title: 5S2G,4609,6/7/26 10:00,53.449,,
Plot Title: 5S2G,4610,6/7/26 10:15,54.322,,
Plot Title: 5S2G,4611,6/7/26 10:30,55.189,,
Plot Title: 5S2G,4612,6/7/26 10:45,54.669,,
Plot Title: 5S2G,4613,6/7/26 11:00,57.441,,
Plot Title: 5S2G,4614,6/7/26 11:15,61.227,,
Plot Title: 5S2G,4615,6/7/26 11:30,58.82,,
Plot Title: 5S2G,4616,6/7/26 11:45,57.441,,
Plot Title: 5S2G,4617,6/7/26 12:00,57.958,,
Plot Title: 5S2G,4618,6/7/26 12:15,56.75,,
Plot Title: 5S2G,4619,6/7/26 12:30,55.711,,
Plot Title: 5S2G,4620,6/7/26 12:45,55.364,,
Plot Title: 5S2G,4621,6/7/26 13:00,55.017,,
Plot Title: 5S2G,4622,6/7/26 13:15,54.322,,
Plot Title: 5S2G,4623,6/7/26 13:30,53.623,,
Plot Title: 5S2G,4624,6/7/26 13:45,52.925,,
Plot Title: 5S2G,4625,6/7/26 14:00,52.401,,
Plot Title: 5S2G,4626,6/7/26 14:15,51.523,,
Plot Title: 5S2G,4627,6/7/26 14:30,50.466,,
Plot Title: 5S2G,4628,6/7/26 14:45,49.759,,
Plot Title: 5S2G,4629,6/7/26 15:00,49.228,,
Plot Title: 5S2G,4630,6/7/26 15:15,48.695,,
Plot Title: 5S2G,4631,6/7/26 15:30,48.517,,
Plot Title: 5S2G,4632,6/7/26 15:45,48.339,,
Plot Title: 5S2G,4633,6/7/26 16:00,48.339,,
Plot Title: 5S2G,4634,6/7/26 16:15,48.339,,
Plot Title: 5S2G,4635,6/7/26 16:30,48.695,,
Plot Title: 5S2G,4636,6/7/26 16:45,48.517,,
Plot Title: 5S2G,4637,6/7/26 17:00,48.695,,
Plot Title: 5S2G,4638,6/7/26 17:15,48.695,,
Plot Title: 5S2G,4639,6/7/26 17:30,48.517,,
Plot Title: 5S2G,4640,6/7/26 17:45,48.695,,
Plot Title: 5S2G,4641,6/7/26 18:00,48.339,,
Plot Title: 5S2G,4642,6/7/26 18:15,47.624,,
Plot Title: 5S2G,4643,6/7/26 18:30,47.624,,
Plot Title: 5S2G,4644,6/7/26 18:45,47.266,,
Plot Title: 5S2G,4645,6/7/26 19:00,47.088,,
Plot Title: 5S2G,4646,6/7/26 19:15,47.088,,
Plot Title: 5S2G,4647,6/7/26 19:30,47.088,,
Plot Title: 5S2G,4648,6/7/26 19:45,46.908,,
Plot Title: 5S2G,4649,6/7/26 20:00,46.728,,
Plot Title: 5S2G,4650,6/7/26 20:15,46.728,,
Plot Title: 5S2G,4651,6/7/26 20:30,46.728,,
Plot Title: 5S2G,4652,6/7/26 20:45,46.548,,
Plot Title: 5S2G,4653,6/7/26 21:00,46.548,,
Plot Title: 5S2G,4654,6/7/26 21:15,46.369,,
Plot Title: 5S2G,4655,6/7/26 21:30,46.188,,
Plot Title: 5S2G,4656,6/7/26 21:45,46.188,,
Plot Title: 5S2G,4657,6/7/26 22:00,46.008,,
Plot Title: 5S2G,4658,6/7/26 22:15,45.648,,
Plot Title: 5S2G,4659,6/7/26 22:30,45.286,,
Plot Title: 5S2G,4660,6/7/26 22:45,45.104,,
Plot Title: 5S2G,4661,6/7/26 23:00,44.742,,
Plot Title: 5S2G,4662,6/7/26 23:15,44.56,,
Plot Title: 5S2G,4663,6/7/26 23:30,44.379,,
Plot Title: 5S2G,4664,6/7/26 23:45,44.013,,
Plot Title: 5S2G,4665,6/8/26 00:00,43.831,,
Plot Title: 5S2G,4666,6/8/26 00:15,43.648,,
Plot Title: 5S2G,4667,6/8/26 00:30,43.282,,
Plot Title: 5S2G,4668,6/8/26 00:45,43.099,,
Plot Title: 5S2G,4669,6/8/26 01:00,42.915,,
Plot Title: 5S2G,4670,6/8/26 01:15,42.732,,
Plot Title: 5S2G,4671,6/8/26 01:30,42.548,,
Plot Title: 5S2G,4672,6/8/26 01:45,42.363,,
Plot Title: 5S2G,4673,6/8/26 02:00,41.994,,
Plot Title: 5S2G,4674,6/8/26 02:15,41.994,,
Plot Title: 5S2G,4675,6/8/26 02:30,41.81,,
Plot Title: 5S2G,4676,6/8/26 02:45,41.625,,
Plot Title: 5S2G,4677,6/8/26 03:00,41.439,,
Plot Title: 5S2G,4678,6/8/26 03:15,41.439,,
Plot Title: 5S2G,4679,6/8/26 03:30,41.439,,
Plot Title: 5S2G,4680,6/8/26 03:45,41.254,,
Plot Title: 5S2G,4681,6/8/26 04:00,41.254,,
Plot Title: 5S2G,4682,6/8/26 04:15,41.254,,
Plot Title: 5S2G,4683,6/8/26 04:30,41.067,,
Plot Title: 5S2G,4684,6/8/26 04:45,40.881,,
Plot Title: 5S2G,4685,6/8/26 05:00,40.881,,
Plot Title: 5S2G,4686,6/8/26 05:15,40.881,,
Plot Title: 5S2G,4687,6/8/26 05:30,40.881,,
Plot Title: 5S2G,4688,6/8/26 05:45,40.881,,
Plot Title: 5S2G,4689,6/8/26 06:00,40.881,,
Plot Title: 5S2G,4690,6/8/26 06:15,40.881,,
Plot Title: 5S2G,4691,6/8/26 06:30,40.881,,
Plot Title: 5S2G,4692,6/8/26 06:45,40.881,,
Plot Title: 5S2G,4693,6/8/26 07:00,41.254,,
Plot Title: 5S2G,4694,6/8/26 07:15,41.439,,
Plot Title: 5S2G,4695,6/8/26 07:30,41.625,,
Plot Title: 5S2G,4696,6/8/26 07:45,41.994,,
Plot Title: 5S2G,4697,6/8/26 08:00,41.994,,
Plot Title: 5S2G,4698,6/8/26 08:15,42.179,,
Plot Title: 5S2G,4699,6/8/26 08:30,42.915,,
Plot Title: 5S2G,4700,6/8/26 08:45,43.466,,
Plot Title: 5S2G,4701,6/8/26 09:00,48.517,,
Plot Title: 5S2G,4702,6/8/26 09:15,52.925,,
Plot Title: 5S2G,4703,6/8/26 09:30,56.057,,
Plot Title: 5S2G,4704,6/8/26 09:45,59.164,,
Plot Title: 5S2G,4705,6/8/26 10:00,61.912,,
Plot Title: 5S2G,4706,6/8/26 10:15,64.652,,
Plot Title: 5S2G,4707,6/8/26 10:30,67.392,,
Plot Title: 5S2G,4708,6/8/26 10:45,69.622,,
Plot Title: 5S2G,4709,6/8/26 11:00,72.718,,
Plot Title: 5S2G,4710,6/8/26 11:15,72.028,,
Plot Title: 5S2G,4711,6/8/26 11:30,66.022,,
Plot Title: 5S2G,4712,6/8/26 11:45,62.254,,
Plot Title: 5S2G,4713,6/8/26 12:00,61.227,,
Plot Title: 5S2G,4714,6/8/26 12:15,58.82,,
Plot Title: 5S2G,4715,6/8/26 12:30,57.441,,
Plot Title: 5S2G,4716,6/8/26 12:45,56.577,,
Plot Title: 5S2G,4717,6/8/26 13:00,55.711,,
Plot Title: 5S2G,4718,6/8/26 13:15,55.017,,
Plot Title: 5S2G,4719,6/8/26 13:30,54.495,,
Plot Title: 5S2G,4720,6/8/26 13:45,54.147,,
Plot Title: 5S2G,4721,6/8/26 14:00,53.798,,
Plot Title: 5S2G,4722,6/8/26 14:15,53.274,,
Plot Title: 5S2G,4723,6/8/26 14:30,53.1,,
Plot Title: 5S2G,4724,6/8/26 14:45,53.1,,
Plot Title: 5S2G,4725,6/8/26 15:00,53.1,,
Plot Title: 5S2G,4726,6/8/26 15:15,53.1,,
Plot Title: 5S2G,4727,6/8/26 15:30,53.274,,
Plot Title: 5S2G,4728,6/8/26 15:45,53.798,,
Plot Title: 5S2G,4729,6/8/26 16:00,54.147,,
Plot Title: 5S2G,4730,6/8/26 16:15,54.322,,
Plot Title: 5S2G,4731,6/8/26 16:30,54.322,,
Plot Title: 5S2G,4732,6/8/26 16:45,54.147,,
Plot Title: 5S2G,4733,6/8/26 17:00,54.147,,
Plot Title: 5S2G,4734,6/8/26 17:15,54.147,,
Plot Title: 5S2G,4735,6/8/26 17:30,53.973,,
Plot Title: 5S2G,4736,6/8/26 17:45,53.973,,
Plot Title: 5S2G,4737,6/8/26 18:00,53.798,,
Plot Title: 5S2G,4738,6/8/26 18:15,53.623,,
Plot Title: 5S2G,4739,6/8/26 18:30,53.449,,
Plot Title: 5S2G,4740,6/8/26 18:45,53.274,,
Plot Title: 5S2G,4741,6/8/26 19:00,53.1,,
Plot Title: 5S2G,4742,6/8/26 19:15,53.1,,
Plot Title: 5S2G,4743,6/8/26 19:30,52.925,,
Plot Title: 5S2G,4744,6/8/26 19:45,52.925,,
Plot Title: 5S2G,4745,6/8/26 20:00,52.576,,
Plot Title: 5S2G,4746,6/8/26 20:15,52.225,,
Plot Title: 5S2G,4747,6/8/26 20:30,51.874,,
Plot Title: 5S2G,4748,6/8/26 20:45,51.523,,
Plot Title: 5S2G,4749,6/8/26 21:00,51.523,,
Plot Title: 5S2G,4750,6/8/26 21:15,51.346,,
Plot Title: 5S2G,4751,6/8/26 21:30,51.346,,
Plot Title: 5S2G,4752,6/8/26 21:45,51.172,,
Plot Title: 5S2G,4753,6/8/26 22:00,51.172,,
Plot Title: 5S2G,4754,6/8/26 22:15,50.995,,
Plot Title: 5S2G,4755,6/8/26 22:30,50.995,,
Plot Title: 5S2G,4756,6/8/26 22:45,50.819,,
Plot Title: 5S2G,4757,6/8/26 23:00,50.819,,
Plot Title: 5S2G,4758,6/8/26 23:15,50.819,,
Plot Title: 5S2G,4759,6/8/26 23:30,50.819,,
Plot Title: 5S2G,4760,6/8/26 23:45,50.819,,
Plot Title: 5S2G,4761,6/9/26 00:00,50.819,,
Plot Title: 5S2G,4762,6/9/26 00:15,50.643,,
Plot Title: 5S2G,4763,6/9/26 00:30,50.643,,
Plot Title: 5S2G,4764,6/9/26 00:45,50.466,,
Plot Title: 5S2G,4765,6/9/26 01:00,50.29,,
Plot Title: 5S2G,4766,6/9/26 01:15,50.29,,
Plot Title: 5S2G,4767,6/9/26 01:30,50.29,,
Plot Title: 5S2G,4768,6/9/26 01:45,50.29,,
Plot Title: 5S2G,4769,6/9/26 02:00,50.29,,
Plot Title: 5S2G,4770,6/9/26 02:15,50.29,,
Plot Title: 5S2G,4771,6/9/26 02:30,50.113,,
Plot Title: 5S2G,4772,6/9/26 02:45,50.113,,
Plot Title: 5S2G,4773,6/9/26 03:00,50.113,,
Plot Title: 5S2G,4774,6/9/26 03:15,50.113,,
Plot Title: 5S2G,4775,6/9/26 03:30,50.29,,
Plot Title: 5S2G,4776,6/9/26 03:45,50.29,,
Plot Title: 5S2G,4777,6/9/26 04:00,50.29,,
Plot Title: 5S2G,4778,6/9/26 04:15,50.113,,
Plot Title: 5S2G,4779,6/9/26 04:30,50.113,,
Plot Title: 5S2G,4780,6/9/26 04:45,49.937,,
Plot Title: 5S2G,4781,6/9/26 05:00,49.937,,
Plot Title: 5S2G,4782,6/9/26 05:15,49.937,,
Plot Title: 5S2G,4783,6/9/26 05:30,49.937,,
Plot Title: 5S2G,4784,6/9/26 05:45,49.759,,
Plot Title: 5S2G,4785,6/9/26 06:00,49.759,,
Plot Title: 5S2G,4786,6/9/26 06:15,49.759,,
Plot Title: 5S2G,4787,6/9/26 06:30,49.582,,
Plot Title: 5S2G,4788,6/9/26 06:45,49.582,,
Plot Title: 5S2G,4789,6/9/26 07:00,49.404,,
Plot Title: 5S2G,4790,6/9/26 07:15,49.582,,
Plot Title: 5S2G,4791,6/9/26 07:30,49.759,,
Plot Title: 5S2G,4792,6/9/26 07:45,49.759,,
Plot Title: 5S2G,4793,6/9/26 08:00,49.937,,
Plot Title: 5S2G,4794,6/9/26 08:15,50.29,,
Plot Title: 5S2G,4795,6/9/26 08:30,50.995,,
Plot Title: 5S2G,4796,6/9/26 08:45,52.05,,
Plot Title: 5S2G,4797,6/9/26 09:00,55.017,,
Plot Title: 5S2G,4798,6/9/26 09:15,54.842,,
Plot Title: 5S2G,4799,6/9/26 09:30,53.973,,
Plot Title: 5S2G,4800,6/9/26 09:45,53.798,,
Plot Title: 5S2G,4801,6/9/26 10:00,54.842,,
Plot Title: 5S2G,4802,6/9/26 10:15,58.993,,
Plot Title: 5S2G,4803,6/9/26 10:30,61.054,,
Plot Title: 5S2G,4804,6/9/26 10:45,64.139,,
Plot Title: 5S2G,4805,6/9/26 11:00,64.996,,
Plot Title: 5S2G,4806,6/9/26 11:15,64.825,,
Plot Title: 5S2G,4807,6/9/26 11:30,62.425,,
Plot Title: 5S2G,4808,6/9/26 11:45,59.68,,
Plot Title: 5S2G,4809,6/9/26 12:00,57.785,,
Plot Title: 5S2G,4810,6/9/26 12:15,56.23,,
Plot Title: 5S2G,4811,6/9/26 12:30,55.711,,
Plot Title: 5S2G,4812,6/9/26 12:45,54.669,,
Plot Title: 5S2G,4813,6/9/26 13:00,53.973,,
Plot Title: 5S2G,4814,6/9/26 13:15,53.449,,
Plot Title: 5S2G,4815,6/9/26 13:30,52.75,,
Plot Title: 5S2G,4816,6/9/26 13:45,52.05,,
Plot Title: 5S2G,4817,6/9/26 14:00,51.523,,
Plot Title: 5S2G,4818,6/9/26 14:15,50.995,,
Plot Title: 5S2G,4819,6/9/26 14:30,50.643,,
Plot Title: 5S2G,4820,6/9/26 14:45,50.466,,
Plot Title: 5S2G,4821,6/9/26 15:00,50.113,,
Plot Title: 5S2G,4822,6/9/26 15:15,49.937,,
Plot Title: 5S2G,4823,6/9/26 15:30,49.759,,
Plot Title: 5S2G,4824,6/9/26 15:45,49.759,,
Plot Title: 5S2G,4825,6/9/26 16:00,49.759,,
Plot Title: 5S2G,4826,6/9/26 16:15,50.113,,
Plot Title: 5S2G,4827,6/9/26 16:30,50.29,,
Plot Title: 5S2G,4828,6/9/26 16:45,50.29,,
Plot Title: 5S2G,4829,6/9/26 17:00,50.643,,
Plot Title: 5S2G,4830,6/9/26 17:15,50.819,,
Plot Title: 5S2G,4831,6/9/26 17:30,50.995,,
Plot Title: 5S2G,4832,6/9/26 17:45,50.466,,
Plot Title: 5S2G,4833,6/9/26 18:00,49.759,,
Plot Title: 5S2G,4834,6/9/26 18:15,49.582,,
Plot Title: 5S2G,4835,6/9/26 18:30,49.228,,
Plot Title: 5S2G,4836,6/9/26 18:45,49.228,,
Plot Title: 5S2G,4837,6/9/26 19:00,49.404,,
Plot Title: 5S2G,4838,6/9/26 19:15,49.228,,
Plot Title: 5S2G,4839,6/9/26 19:30,49.05,,
Plot Title: 5S2G,4840,6/9/26 19:45,48.871,,
Plot Title: 5S2G,4841,6/9/26 20:00,48.695,,
Plot Title: 5S2G,4842,6/9/26 20:15,48.517,,
Plot Title: 5S2G,4843,6/9/26 20:30,48.339,,
Plot Title: 5S2G,4844,6/9/26 20:45,48.16,,
Plot Title: 5S2G,4845,6/9/26 21:00,47.982,,
Plot Title: 5S2G,4846,6/9/26 21:15,47.624,,
Plot Title: 5S2G,4847,6/9/26 21:30,47.446,,
Plot Title: 5S2G,4848,6/9/26 21:45,47.446,,
Plot Title: 5S2G,4849,6/9/26 22:00,47.266,,
Plot Title: 5S2G,4850,6/9/26 22:15,47.088,,
Plot Title: 5S2G,4851,6/9/26 22:30,47.088,,
Plot Title: 5S2G,4852,6/9/26 22:45,46.908,,
Plot Title: 5S2G,4853,6/9/26 23:00,46.908,,
Plot Title: 5S2G,4854,6/9/26 23:15,46.728,,
Plot Title: 5S2G,4855,6/9/26 23:30,46.548,,
Plot Title: 5S2G,4856,6/9/26 23:45,46.188,,
Plot Title: 5S2G,4857,6/10/26 00:00,46.008,,
Plot Title: 5S2G,4858,6/10/26 00:15,45.828,,
Plot Title: 5S2G,4859,6/10/26 00:30,45.648,,
Plot Title: 5S2G,4860,6/10/26 00:45,45.466,,
Plot Title: 5S2G,4861,6/10/26 01:00,45.286,,
Plot Title: 5S2G,4862,6/10/26 01:15,45.104,,
Plot Title: 5S2G,4863,6/10/26 01:30,45.104,,
Plot Title: 5S2G,4864,6/10/26 01:45,44.742,,
Plot Title: 5S2G,4865,6/10/26 02:00,44.742,,
Plot Title: 5S2G,4866,6/10/26 02:15,44.56,,
Plot Title: 5S2G,4867,6/10/26 02:30,44.379,,
Plot Title: 5S2G,4868,6/10/26 02:45,44.379,,
Plot Title: 5S2G,4869,6/10/26 03:00,44.379,,
Plot Title: 5S2G,4870,6/10/26 03:15,44.379,,
Plot Title: 5S2G,4871,6/10/26 03:30,44.195,,
Plot Title: 5S2G,4872,6/10/26 03:45,44.195,,
Plot Title: 5S2G,4873,6/10/26 04:00,44.195,,
Plot Title: 5S2G,4874,6/10/26 04:15,44.195,,
Plot Title: 5S2G,4875,6/10/26 04:30,44.013,,
Plot Title: 5S2G,4876,6/10/26 04:45,44.013,,
Plot Title: 5S2G,4877,6/10/26 05:00,43.831,,
Plot Title: 5S2G,4878,6/10/26 05:15,43.648,,
Plot Title: 5S2G,4879,6/10/26 05:30,43.648,,
Plot Title: 5S2G,4880,6/10/26 05:45,43.648,,
Plot Title: 5S2G,4881,6/10/26 06:00,43.648,,
Plot Title: 5S2G,4882,6/10/26 06:15,43.648,,
Plot Title: 5S2G,4883,6/10/26 06:30,43.648,,
Plot Title: 5S2G,4884,6/10/26 06:45,43.831,,
Plot Title: 5S2G,4885,6/10/26 07:00,44.013,,
Plot Title: 5S2G,4886,6/10/26 07:15,44.195,,
Plot Title: 5S2G,4887,6/10/26 07:30,44.379,,
Plot Title: 5S2G,4888,6/10/26 07:45,44.742,,
Plot Title: 5S2G,4889,6/10/26 08:00,45.466,,
Plot Title: 5S2G,4890,6/10/26 08:15,45.828,,
Plot Title: 5S2G,4891,6/10/26 08:30,46.008,,
Plot Title: 5S2G,4892,6/10/26 08:45,46.548,,
Plot Title: 5S2G,4893,6/10/26 09:00,46.548,,
Plot Title: 5S2G,4894,6/10/26 09:15,46.728,,
Plot Title: 5S2G,4895,6/10/26 09:30,48.517,,
Plot Title: 5S2G,4896,6/10/26 09:45,51.346,,
Plot Title: 5S2G,4897,6/10/26 10:00,52.576,,
Plot Title: 5S2G,4898,6/10/26 10:15,56.923,,
Plot Title: 5S2G,4899,6/10/26 10:30,56.23,,
Plot Title: 5S2G,4900,6/10/26 10:45,58.476,,
Plot Title: 5S2G,4901,6/10/26 11:00,60.195,,
Plot Title: 5S2G,4902,6/10/26 11:15,59.851,,
Plot Title: 5S2G,4903,6/10/26 11:30,57.785,,
Plot Title: 5S2G,4904,6/10/26 11:45,56.577,,
Plot Title: 5S2G,4905,6/10/26 12:00,55.017,,
Plot Title: 5S2G,4906,6/10/26 12:15,53.798,,
Plot Title: 5S2G,4907,6/10/26 12:30,53.623,,
Plot Title: 5S2G,4908,6/10/26 12:45,52.05,,
Plot Title: 5S2G,4909,6/10/26 13:00,50.995,,
Plot Title: 5S2G,4910,6/10/26 13:15,50.643,,
Plot Title: 5S2G,4911,6/10/26 13:30,50.466,,
Plot Title: 5S2G,4912,6/10/26 13:45,49.759,,
Plot Title: 5S2G,4913,6/10/26 14:00,49.05,,
Plot Title: 5S2G,4914,6/10/26 14:15,49.228,,
Plot Title: 5S2G,4915,6/10/26 14:30,49.404,,
Plot Title: 5S2G,4916,6/10/26 14:45,49.228,,
Plot Title: 5S2G,4917,6/10/26 15:00,48.695,,
Plot Title: 5S2G,4918,6/10/26 15:15,49.228,,
Plot Title: 5S2G,4919,6/10/26 15:30,48.871,,
Plot Title: 5S2G,4920,6/10/26 15:45,48.871,,
Plot Title: 5S2G,4921,6/10/26 16:00,48.695,,
Plot Title: 5S2G,4922,6/10/26 16:15,48.517,,
Plot Title: 5S2G,4923,6/10/26 16:30,48.339,,
Plot Title: 5S2G,4924,6/10/26 16:45,47.982,,
Plot Title: 5S2G,4925,6/10/26 17:00,46.548,,
Plot Title: 5S2G,4926,6/10/26 17:15,46.908,,
Plot Title: 5S2G,4927,6/10/26 17:30,47.088,,
Plot Title: 5S2G,4928,6/10/26 17:45,47.088,,
Plot Title: 5S2G,4929,6/10/26 18:00,46.728,,
Plot Title: 5S2G,4930,6/10/26 18:15,46.728,,
Plot Title: 5S2G,4931,6/10/26 18:30,46.908,,
Plot Title: 5S2G,4932,6/10/26 18:45,46.908,,
Plot Title: 5S2G,4933,6/10/26 19:00,46.548,,
Plot Title: 5S2G,4934,6/10/26 19:15,46.548,,
Plot Title: 5S2G,4935,6/10/26 19:30,46.188,,
Plot Title: 5S2G,4936,6/10/26 19:45,46.008,,
Plot Title: 5S2G,4937,6/10/26 20:00,45.828,,
Plot Title: 5S2G,4938,6/10/26 20:15,45.648,,
Plot Title: 5S2G,4939,6/10/26 20:30,45.466,,
Plot Title: 5S2G,4940,6/10/26 20:45,45.466,,
Plot Title: 5S2G,4941,6/10/26 21:00,45.286,,
Plot Title: 5S2G,4942,6/10/26 21:15,45.104,,
Plot Title: 5S2G,4943,6/10/26 21:30,44.922,,
Plot Title: 5S2G,4944,6/10/26 21:45,44.742,,
Plot Title: 5S2G,4945,6/10/26 22:00,44.56,,
Plot Title: 5S2G,4946,6/10/26 22:15,44.56,,
Plot Title: 5S2G,4947,6/10/26 22:30,44.379,,
Plot Title: 5S2G,4948,6/10/26 22:45,44.195,,
Plot Title: 5S2G,4949,6/10/26 23:00,44.195,,
Plot Title: 5S2G,4950,6/10/26 23:15,44.013,,
Plot Title: 5S2G,4951,6/10/26 23:30,44.013,,
Plot Title: 5S2G,4952,6/10/26 23:45,43.831,,
Plot Title: 5S2G,4953,6/11/26 00:00,43.831,,
Plot Title: 5S2G,4954,6/11/26 00:15,43.831,,
Plot Title: 5S2G,4955,6/11/26 00:30,43.648,,
Plot Title: 5S2G,4956,6/11/26 00:45,43.648,,
Plot Title: 5S2G,4957,6/11/26 01:00,43.466,,
Plot Title: 5S2G,4958,6/11/26 01:15,43.466,,
Plot Title: 5S2G,4959,6/11/26 01:30,43.282,,
Plot Title: 5S2G,4960,6/11/26 01:45,43.282,,
Plot Title: 5S2G,4961,6/11/26 02:00,43.282,,
Plot Title: 5S2G,4962,6/11/26 02:15,43.282,,
Plot Title: 5S2G,4963,6/11/26 02:30,43.099,,
Plot Title: 5S2G,4964,6/11/26 02:45,43.099,,
Plot Title: 5S2G,4965,6/11/26 03:00,43.099,,
Plot Title: 5S2G,4966,6/11/26 03:15,42.915,,
Plot Title: 5S2G,4967,6/11/26 03:30,43.099,,
Plot Title: 5S2G,4968,6/11/26 03:45,43.099,,
Plot Title: 5S2G,4969,6/11/26 04:00,42.915,,
Plot Title: 5S2G,4970,6/11/26 04:15,42.915,,
Plot Title: 5S2G,4971,6/11/26 04:30,42.915,,
Plot Title: 5S2G,4972,6/11/26 04:45,42.915,,
Plot Title: 5S2G,4973,6/11/26 05:00,42.915,,
Plot Title: 5S2G,4974,6/11/26 05:15,42.915,,
Plot Title: 5S2G,4975,6/11/26 05:30,42.915,,
Plot Title: 5S2G,4976,6/11/26 05:45,42.915,,
Plot Title: 5S2G,4977,6/11/26 06:00,42.915,,
Plot Title: 5S2G,4978,6/11/26 06:15,42.915,,
Plot Title: 5S2G,4979,6/11/26 06:30,42.915,,
Plot Title: 5S2G,4980,6/11/26 06:45,43.099,,
Plot Title: 5S2G,4981,6/11/26 07:00,43.282,,
Plot Title: 5S2G,4982,6/11/26 07:15,43.466,,
Plot Title: 5S2G,4983,6/11/26 07:30,43.831,,
Plot Title: 5S2G,4984,6/11/26 07:45,44.195,,
Plot Title: 5S2G,4985,6/11/26 08:00,44.56,,
Plot Title: 5S2G,4986,6/11/26 08:15,44.922,,
Plot Title: 5S2G,4987,6/11/26 08:30,45.648,,
Plot Title: 5S2G,4988,6/11/26 08:45,46.008,,
Plot Title: 5S2G,4989,6/11/26 09:00,47.088,,
Plot Title: 5S2G,4990,6/11/26 09:15,51.346,,
Plot Title: 5S2G,4991,6/11/26 09:30,53.274,,
Plot Title: 5S2G,4992,6/11/26 09:45,51.699,,
Plot Title: 5S2G,4993,6/11/26 10:00,51.172,,
Plot Title: 5S2G,4994,6/11/26 10:15,52.225,,
Plot Title: 5S2G,4995,6/11/26 10:30,51.346,,
Plot Title: 5S2G,4996,6/11/26 10:45,51.699,,
Plot Title: 5S2G,4997,6/11/26 11:00,52.05,,
Plot Title: 5S2G,4998,6/11/26 11:15,52.925,,
Plot Title: 5S2G,4999,6/11/26 11:30,53.798,,
Plot Title: 5S2G,5000,6/11/26 11:45,54.147,,
Plot Title: 5S2G,5001,6/11/26 12:00,54.322,,
Plot Title: 5S2G,5002,6/11/26 12:15,53.623,,
Plot Title: 5S2G,5003,6/11/26 12:30,52.401,,
Plot Title: 5S2G,5004,6/11/26 12:45,51.699,,
Plot Title: 5S2G,5005,6/11/26 13:00,51.346,,
Plot Title: 5S2G,5006,6/11/26 13:15,50.995,,
Plot Title: 5S2G,5007,6/11/26 13:30,50.643,,
Plot Title: 5S2G,5008,6/11/26 13:45,50.466,,
Plot Title: 5S2G,5009,6/11/26 14:00,50.29,,
Plot Title: 5S2G,5010,6/11/26 14:15,50.29,,
Plot Title: 5S2G,5011,6/11/26 14:30,50.113,,
Plot Title: 5S2G,5012,6/11/26 14:45,50.113,,
Plot Title: 5S2G,5013,6/11/26 15:00,50.113,,
Plot Title: 5S2G,5014,6/11/26 15:15,50.113,,
Plot Title: 5S2G,5015,6/11/26 15:30,49.937,,
Plot Title: 5S2G,5016,6/11/26 15:45,49.759,,
Plot Title: 5S2G,5017,6/11/26 16:00,49.937,,
Plot Title: 5S2G,5018,6/11/26 16:15,49.937,,
Plot Title: 5S2G,5019,6/11/26 16:30,49.759,,
Plot Title: 5S2G,5020,6/11/26 16:45,49.582,,
Plot Title: 5S2G,5021,6/11/26 17:00,49.582,,
Plot Title: 5S2G,5022,6/11/26 17:15,49.759,,
Plot Title: 5S2G,5023,6/11/26 17:30,49.582,,
Plot Title: 5S2G,5024,6/11/26 17:45,49.582,,
Plot Title: 5S2G,5025,6/11/26 18:00,49.759,,
Plot Title: 5S2G,5026,6/11/26 18:15,49.759,,
Plot Title: 5S2G,5027,6/11/26 18:30,49.582,,
Plot Title: 5S2G,5028,6/11/26 18:45,49.404,,
Plot Title: 5S2G,5029,6/11/26 19:00,49.228,,
Plot Title: 5S2G,5030,6/11/26 19:15,49.05,,
Plot Title: 5S2G,5031,6/11/26 19:30,49.05,,
Plot Title: 5S2G,5032,6/11/26 19:45,48.871,,
Plot Title: 5S2G,5033,6/11/26 20:00,48.871,,
Plot Title: 5S2G,5034,6/11/26 20:15,48.695,,
Plot Title: 5S2G,5035,6/11/26 20:30,48.517,,
Plot Title: 5S2G,5036,6/11/26 20:45,48.339,,
Plot Title: 5S2G,5037,6/11/26 21:00,48.16,,
Plot Title: 5S2G,5038,6/11/26 21:15,47.982,,
Plot Title: 5S2G,5039,6/11/26 21:30,47.802,,
Plot Title: 5S2G,5040,6/11/26 21:45,47.624,,
Plot Title: 5S2G,5041,6/11/26 22:00,47.446,,
Plot Title: 5S2G,5042,6/11/26 22:15,47.088,,
Plot Title: 5S2G,5043,6/11/26 22:30,47.088,,
Plot Title: 5S2G,5044,6/11/26 22:45,46.908,,
Plot Title: 5S2G,5045,6/11/26 23:00,46.728,,
Plot Title: 5S2G,5046,6/11/26 23:15,46.548,,
Plot Title: 5S2G,5047,6/11/26 23:30,46.369,,
Plot Title: 5S2G,5048,6/11/26 23:45,46.188,,
Plot Title: 5S2G,5049,6/12/26 00:00,46.008,,
Plot Title: 5S2G,5050,6/12/26 00:15,45.648,,
Plot Title: 5S2G,5051,6/12/26 00:30,45.466,,
Plot Title: 5S2G,5052,6/12/26 00:45,45.466,,
Plot Title: 5S2G,5053,6/12/26 01:00,45.286,,
Plot Title: 5S2G,5054,6/12/26 01:15,45.104,,
Plot Title: 5S2G,5055,6/12/26 01:30,44.922,,
Plot Title: 5S2G,5056,6/12/26 01:45,44.742,,
Plot Title: 5S2G,5057,6/12/26 02:00,44.56,,
Plot Title: 5S2G,5058,6/12/26 02:15,44.379,,
Plot Title: 5S2G,5059,6/12/26 02:30,44.195,,
Plot Title: 5S2G,5060,6/12/26 02:45,44.013,,
Plot Title: 5S2G,5061,6/12/26 03:00,44.013,,
Plot Title: 5S2G,5062,6/12/26 03:15,43.831,,
Plot Title: 5S2G,5063,6/12/26 03:30,43.831,,
Plot Title: 5S2G,5064,6/12/26 03:45,43.648,,
Plot Title: 5S2G,5065,6/12/26 04:00,43.648,,
Plot Title: 5S2G,5066,6/12/26 04:15,43.466,,
Plot Title: 5S2G,5067,6/12/26 04:30,43.466,,
Plot Title: 5S2G,5068,6/12/26 04:45,43.282,,
Plot Title: 5S2G,5069,6/12/26 05:00,43.282,,
Plot Title: 5S2G,5070,6/12/26 05:15,43.099,,
Plot Title: 5S2G,5071,6/12/26 05:30,42.915,,
Plot Title: 5S2G,5072,6/12/26 05:45,42.915,,
Plot Title: 5S2G,5073,6/12/26 06:00,42.732,,
Plot Title: 5S2G,5074,6/12/26 06:15,42.732,,
Plot Title: 5S2G,5075,6/12/26 06:30,42.548,,
Plot Title: 5S2G,5076,6/12/26 06:45,42.548,,
Plot Title: 5S2G,5077,6/12/26 07:00,42.732,,
Plot Title: 5S2G,5078,6/12/26 07:15,42.915,,
Plot Title: 5S2G,5079,6/12/26 07:30,43.099,,
Plot Title: 5S2G,5080,6/12/26 07:45,43.282,,
Plot Title: 5S2G,5081,6/12/26 08:00,43.648,,
Plot Title: 5S2G,5082,6/12/26 08:15,44.013,,
Plot Title: 5S2G,5083,6/12/26 08:30,44.56,,
Plot Title: 5S2G,5084,6/12/26 08:45,45.648,,
Plot Title: 5S2G,5085,6/12/26 09:00,50.113,,
Plot Title: 5S2G,5086,6/12/26 09:15,54.669,,
Plot Title: 5S2G,5087,6/12/26 09:30,57.958,,
Plot Title: 5S2G,5088,6/12/26 09:45,60.883,,
Plot Title: 5S2G,5089,6/12/26 10:00,63.626,,
Plot Title: 5S2G,5090,6/12/26 10:15,66.366,,
Plot Title: 5S2G,5091,6/12/26 10:30,68.934,,
Plot Title: 5S2G,5092,6/12/26 10:45,70.995,,
Plot Title: 5S2G,5093,6/12/26 11:00,72.891,,
Plot Title: 5S2G,5094,6/12/26 11:15,73.234,,
Plot Title: 5S2G,5095,6/12/26 11:30,67.392,,
Plot Title: 5S2G,5096,6/12/26 11:45,64.139,,
Plot Title: 5S2G,5097,6/12/26 12:00,63.111,,
Plot Title: 5S2G,5098,6/12/26 12:15,61.054,,
Plot Title: 5S2G,5099,6/12/26 12:30,59.851,,
Plot Title: 5S2G,5100,6/12/26 12:45,59.164,,
Plot Title: 5S2G,5101,6/12/26 13:00,58.476,,
Plot Title: 5S2G,5102,6/12/26 13:15,57.958,,
Plot Title: 5S2G,5103,6/12/26 13:30,57.268,,
Plot Title: 5S2G,5104,6/12/26 13:45,56.75,,
Plot Title: 5S2G,5105,6/12/26 14:00,56.23,,
Plot Title: 5S2G,5106,6/12/26 14:15,55.884,,
Plot Title: 5S2G,5107,6/12/26 14:30,56.057,,
Plot Title: 5S2G,5108,6/12/26 14:45,56.23,,
Plot Title: 5S2G,5109,6/12/26 15:00,55.884,,
Plot Title: 5S2G,5110,6/12/26 15:15,55.537,,
Plot Title: 5S2G,5111,6/12/26 15:30,55.711,,
Plot Title: 5S2G,5112,6/12/26 15:45,55.537,,
Plot Title: 5S2G,5113,6/12/26 16:00,55.364,,
Plot Title: 5S2G,5114,6/12/26 16:15,55.364,,
Plot Title: 5S2G,5115,6/12/26 16:30,55.537,,
Plot Title: 5S2G,5116,6/12/26 16:45,55.364,,
Plot Title: 5S2G,5117,6/12/26 17:00,55.017,,
Plot Title: 5S2G,5118,6/12/26 17:15,54.495,,
Plot Title: 5S2G,5119,6/12/26 17:30,53.973,,
Plot Title: 5S2G,5120,6/12/26 17:45,53.798,,
Plot Title: 5S2G,5121,6/12/26 18:00,53.274,,
Plot Title: 5S2G,5122,6/12/26 18:15,52.925,,
Plot Title: 5S2G,5123,6/12/26 18:30,52.576,,
Plot Title: 5S2G,5124,6/12/26 18:45,52.401,,
Plot Title: 5S2G,5125,6/12/26 19:00,52.576,,
Plot Title: 5S2G,5126,6/12/26 19:15,52.576,,
Plot Title: 5S2G,5127,6/12/26 19:30,52.401,,
Plot Title: 5S2G,5128,6/12/26 19:45,52.225,,
Plot Title: 5S2G,5129,6/12/26 20:00,52.05,,
Plot Title: 5S2G,5130,6/12/26 20:15,51.874,,
Plot Title: 5S2G,5131,6/12/26 20:30,51.523,,
Plot Title: 5S2G,5132,6/12/26 20:45,51.346,,
Plot Title: 5S2G,5133,6/12/26 21:00,51.172,,
Plot Title: 5S2G,5134,6/12/26 21:15,51.172,,
Plot Title: 5S2G,5135,6/12/26 21:30,50.995,,
Plot Title: 5S2G,5136,6/12/26 21:45,50.819,,
Plot Title: 5S2G,5137,6/12/26 22:00,50.643,,
Plot Title: 5S2G,5138,6/12/26 22:15,50.466,,
Plot Title: 5S2G,5139,6/12/26 22:30,50.29,,
Plot Title: 5S2G,5140,6/12/26 22:45,50.113,,
Plot Title: 5S2G,5141,6/12/26 23:00,49.759,,
Plot Title: 5S2G,5142,6/12/26 23:15,49.582,,
Plot Title: 5S2G,5143,6/12/26 23:30,49.404,,
Plot Title: 5S2G,5144,6/12/26 23:45,49.228,,
Plot Title: 5S2G,5145,6/13/26 00:00,48.871,,
Plot Title: 5S2G,5146,6/13/26 00:15,48.695,,
Plot Title: 5S2G,5147,6/13/26 00:30,48.517,,
Plot Title: 5S2G,5148,6/13/26 00:45,48.517,,
Plot Title: 5S2G,5149,6/13/26 01:00,48.339,,
Plot Title: 5S2G,5150,6/13/26 01:15,48.16,,
Plot Title: 5S2G,5151,6/13/26 01:30,48.16,,
Plot Title: 5S2G,5152,6/13/26 01:45,47.982,,
Plot Title: 5S2G,5153,6/13/26 02:00,47.802,,
Plot Title: 5S2G,5154,6/13/26 02:15,47.624,,
Plot Title: 5S2G,5155,6/13/26 02:30,47.624,,
Plot Title: 5S2G,5156,6/13/26 02:45,47.446,,
Plot Title: 5S2G,5157,6/13/26 03:00,47.446,,
Plot Title: 5S2G,5158,6/13/26 03:15,47.266,,
Plot Title: 5S2G,5159,6/13/26 03:30,47.088,,
Plot Title: 5S2G,5160,6/13/26 03:45,47.088,,
Plot Title: 5S2G,5161,6/13/26 04:00,46.908,,
Plot Title: 5S2G,5162,6/13/26 04:15,46.908,,
Plot Title: 5S2G,5163,6/13/26 04:30,46.728,,
Plot Title: 5S2G,5164,6/13/26 04:45,46.728,,
Plot Title: 5S2G,5165,6/13/26 05:00,46.548,,
Plot Title: 5S2G,5166,6/13/26 05:15,46.548,,
Plot Title: 5S2G,5167,6/13/26 05:30,46.369,,
Plot Title: 5S2G,5168,6/13/26 05:45,46.369,,
Plot Title: 5S2G,5169,6/13/26 06:00,46.369,,
Plot Title: 5S2G,5170,6/13/26 06:15,46.188,,
Plot Title: 5S2G,5171,6/13/26 06:30,46.188,,
Plot Title: 5S2G,5172,6/13/26 06:45,46.188,,
Plot Title: 5S2G,5173,6/13/26 07:00,46.188,,
Plot Title: 5S2G,5174,6/13/26 07:15,46.188,,
Plot Title: 5S2G,5175,6/13/26 07:30,46.188,,
Plot Title: 5S2G,5176,6/13/26 07:45,46.188,,
Plot Title: 5S2G,5177,6/13/26 08:00,46.188,,
Plot Title: 5S2G,5178,6/13/26 08:15,46.188,,
Plot Title: 5S2G,5179,6/13/26 08:30,46.369,,
Plot Title: 5S2G,5180,6/13/26 08:45,46.369,,
Plot Title: 5S2G,5181,6/13/26 09:00,46.369,,
Plot Title: 5S2G,5182,6/13/26 09:15,46.369,,
Plot Title: 5S2G,5183,6/13/26 09:30,46.548,,
Plot Title: 5S2G,5184,6/13/26 09:45,46.369,,
Plot Title: 5S2G,5185,6/13/26 10:00,46.369,,
Plot Title: 5S2G,5186,6/13/26 10:15,46.548,,
Plot Title: 5S2G,5187,6/13/26 10:30,46.548,,
Plot Title: 5S2G,5188,6/13/26 10:45,46.548,,
Plot Title: 5S2G,5189,6/13/26 11:00,47.266,,
Plot Title: 5S2G,5190,6/13/26 11:15,48.517,,
Plot Title: 5S2G,5191,6/13/26 11:30,49.759,,
Plot Title: 5S2G,5192,6/13/26 11:45,50.29,,
Plot Title: 5S2G,5193,6/13/26 12:00,50.466,,
Plot Title: 5S2G,5194,6/13/26 12:15,50.819,,
Plot Title: 5S2G,5195,6/13/26 12:30,51.523,,
Plot Title: 5S2G,5196,6/13/26 12:45,52.05,,
Plot Title: 5S2G,5197,6/13/26 13:00,52.05,,
Plot Title: 5S2G,5198,6/13/26 13:15,52.05,,
Plot Title: 5S2G,5199,6/13/26 13:30,52.05,,
Plot Title: 5S2G,5200,6/13/26 13:45,51.346,,
Plot Title: 5S2G,5201,6/13/26 14:00,51.523,,
Plot Title: 5S2G,5202,6/13/26 14:15,51.699,,
Plot Title: 5S2G,5203,6/13/26 14:30,52.05,,
Plot Title: 5S2G,5204,6/13/26 14:45,52.225,,
Plot Title: 5S2G,5205,6/13/26 15:00,52.401,,
Plot Title: 5S2G,5206,6/13/26 15:15,52.225,,
Plot Title: 5S2G,5207,6/13/26 15:30,52.225,,
Plot Title: 5S2G,5208,6/13/26 15:45,52.05,,
Plot Title: 5S2G,5209,6/13/26 16:00,52.05,,
Plot Title: 5S2G,5210,6/13/26 16:15,52.05,,
Plot Title: 5S2G,5211,6/13/26 16:30,51.874,,
Plot Title: 5S2G,5212,6/13/26 16:45,51.699,,
Plot Title: 5S2G,5213,6/13/26 17:00,51.699,,
Plot Title: 5S2G,5214,6/13/26 17:15,51.699,,
Plot Title: 5S2G,5215,6/13/26 17:30,51.523,,
Plot Title: 5S2G,5216,6/13/26 17:45,51.346,,
Plot Title: 5S2G,5217,6/13/26 18:00,51.346,,
Plot Title: 5S2G,5218,6/13/26 18:15,50.995,,
Plot Title: 5S2G,5219,6/13/26 18:30,50.466,,
Plot Title: 5S2G,5220,6/13/26 18:45,49.937,,
Plot Title: 5S2G,5221,6/13/26 19:00,49.582,,
Plot Title: 5S2G,5222,6/13/26 19:15,49.582,,
Plot Title: 5S2G,5223,6/13/26 19:30,49.05,,
Plot Title: 5S2G,5224,6/13/26 19:45,48.871,,
Plot Title: 5S2G,5225,6/13/26 20:00,48.695,,
Plot Title: 5S2G,5226,6/13/26 20:15,48.339,,
Plot Title: 5S2G,5227,6/13/26 20:30,48.16,,
Plot Title: 5S2G,5228,6/13/26 20:45,47.802,,
Plot Title: 5S2G,5229,6/13/26 21:00,47.446,,
Plot Title: 5S2G,5230,6/13/26 21:15,47.088,,
Plot Title: 5S2G,5231,6/13/26 21:30,46.908,,
Plot Title: 5S2G,5232,6/13/26 21:45,46.548,,
Plot Title: 5S2G,5233,6/13/26 22:00,46.369,,
Plot Title: 5S2G,5234,6/13/26 22:15,46.188,,
Plot Title: 5S2G,5235,6/13/26 22:30,45.828,,
Plot Title: 5S2G,5236,6/13/26 22:45,45.648,,
Plot Title: 5S2G,5237,6/13/26 23:00,45.466,,
Plot Title: 5S2G,5238,6/13/26 23:15,45.104,,
Plot Title: 5S2G,5239,6/13/26 23:30,44.922,,
Plot Title: 5S2G,5240,6/13/26 23:45,44.742,,
Plot Title: 5S2G,5241,6/14/26 00:00,44.56,,
Plot Title: 5S2G,5242,6/14/26 00:15,44.379,,
Plot Title: 5S2G,5243,6/14/26 00:30,44.195,,
Plot Title: 5S2G,5244,6/14/26 00:45,44.013,,
Plot Title: 5S2G,5245,6/14/26 01:00,43.831,,
Plot Title: 5S2G,5246,6/14/26 01:15,43.648,,
Plot Title: 5S2G,5247,6/14/26 01:30,43.466,,
Plot Title: 5S2G,5248,6/14/26 01:45,43.282,,
Plot Title: 5S2G,5249,6/14/26 02:00,43.099,,
Plot Title: 5S2G,5250,6/14/26 02:15,42.915,,
Plot Title: 5S2G,5251,6/14/26 02:30,42.732,,
Plot Title: 5S2G,5252,6/14/26 02:45,42.732,,
Plot Title: 5S2G,5253,6/14/26 03:00,42.548,,
Plot Title: 5S2G,5254,6/14/26 03:15,42.363,,
Plot Title: 5S2G,5255,6/14/26 03:30,42.363,,
Plot Title: 5S2G,5256,6/14/26 03:45,42.179,,
Plot Title: 5S2G,5257,6/14/26 04:00,42.179,,
Plot Title: 5S2G,5258,6/14/26 04:15,41.994,,
Plot Title: 5S2G,5259,6/14/26 04:30,41.994,,
Plot Title: 5S2G,5260,6/14/26 04:45,41.81,,
Plot Title: 5S2G,5261,6/14/26 05:00,41.81,,
Plot Title: 5S2G,5262,6/14/26 05:15,41.625,,
Plot Title: 5S2G,5263,6/14/26 05:30,41.439,,
Plot Title: 5S2G,5264,6/14/26 05:45,41.439,,
Plot Title: 5S2G,5265,6/14/26 06:00,41.254,,
Plot Title: 5S2G,5266,6/14/26 06:15,41.254,,
Plot Title: 5S2G,5267,6/14/26 06:30,41.254,,
Plot Title: 5S2G,5268,6/14/26 06:45,41.254,,
Plot Title: 5S2G,5269,6/14/26 07:00,41.254,,
Plot Title: 5S2G,5270,6/14/26 07:15,41.439,,
Plot Title: 5S2G,5271,6/14/26 07:30,41.625,,
Plot Title: 5S2G,5272,6/14/26 07:45,41.994,,
Plot Title: 5S2G,5273,6/14/26 08:00,42.363,,
Plot Title: 5S2G,5274,6/14/26 08:15,42.732,,
Plot Title: 5S2G,5275,6/14/26 08:30,43.282,,
Plot Title: 5S2G,5276,6/14/26 08:45,44.379,,
Plot Title: 5S2G,5277,6/14/26 09:00,47.802,,
Plot Title: 5S2G,5278,6/14/26 09:15,52.05,,
Plot Title: 5S2G,5279,6/14/26 09:30,54.842,,
Plot Title: 5S2G,5280,6/14/26 09:45,57.268,,
Plot Title: 5S2G,5281,6/14/26 10:00,60.712,,
Plot Title: 5S2G,5282,6/14/26 10:15,62.769,,
Plot Title: 5S2G,5283,6/14/26 10:30,65.509,,
Plot Title: 5S2G,5284,6/14/26 10:45,67.906,,
Plot Title: 5S2G,5285,6/14/26 11:00,70.137,,
Plot Title: 5S2G,5286,6/14/26 11:15,71.339,,
Plot Title: 5S2G,5287,6/14/26 11:30,65.68,,
Plot Title: 5S2G,5288,6/14/26 11:45,62.94,,
Plot Title: 5S2G,5289,6/14/26 12:00,61.227,,
Plot Title: 5S2G,5290,6/14/26 12:15,59.508,,
Plot Title: 5S2G,5291,6/14/26 12:30,58.303,,
Plot Title: 5S2G,5292,6/14/26 12:45,57.614,,
Plot Title: 5S2G,5293,6/14/26 13:00,56.923,,
Plot Title: 5S2G,5294,6/14/26 13:15,56.057,,
Plot Title: 5S2G,5295,6/14/26 13:30,55.364,,
Plot Title: 5S2G,5296,6/14/26 13:45,54.669,,
Plot Title: 5S2G,5297,6/14/26 14:00,54.322,,
Plot Title: 5S2G,5298,6/14/26 14:15,53.798,,
Plot Title: 5S2G,5299,6/14/26 14:30,53.449,,
Plot Title: 5S2G,5300,6/14/26 14:45,53.1,,
Plot Title: 5S2G,5301,6/14/26 15:00,52.925,,
Plot Title: 5S2G,5302,6/14/26 15:15,52.75,,
Plot Title: 5S2G,5303,6/14/26 15:30,52.576,,
Plot Title: 5S2G,5304,6/14/26 15:45,52.401,,
Plot Title: 5S2G,5305,6/14/26 16:00,52.225,,
Plot Title: 5S2G,5306,6/14/26 16:15,52.05,,
Plot Title: 5S2G,5307,6/14/26 16:30,51.874,,
Plot Title: 5S2G,5308,6/14/26 16:45,51.699,,
Plot Title: 5S2G,5309,6/14/26 17:00,51.699,,
Plot Title: 5S2G,5310,6/14/26 17:15,51.699,,
Plot Title: 5S2G,5311,6/14/26 17:30,51.699,,
Plot Title: 5S2G,5312,6/14/26 17:45,51.523,,
Plot Title: 5S2G,5313,6/14/26 18:00,51.346,,
Plot Title: 5S2G,5314,6/14/26 18:15,51.346,,
Plot Title: 5S2G,5315,6/14/26 18:30,51.523,,
Plot Title: 5S2G,5316,6/14/26 18:45,51.523,,
Plot Title: 5S2G,5317,6/14/26 19:00,51.172,,
Plot Title: 5S2G,5318,6/14/26 19:15,50.819,,
Plot Title: 5S2G,5319,6/14/26 19:30,50.643,,
Plot Title: 5S2G,5320,6/14/26 19:45,50.466,,
Plot Title: 5S2G,5321,6/14/26 20:00,50.113,,
Plot Title: 5S2G,5322,6/14/26 20:15,49.937,,
Plot Title: 5S2G,5323,6/14/26 20:30,49.759,,
Plot Title: 5S2G,5324,6/14/26 20:45,49.582,,
Plot Title: 5S2G,5325,6/14/26 21:00,49.404,,
Plot Title: 5S2G,5326,6/14/26 21:15,49.05,,
Plot Title: 5S2G,5327,6/14/26 21:30,48.871,,
Plot Title: 5S2G,5328,6/14/26 21:45,48.695,,
Plot Title: 5S2G,5329,6/14/26 22:00,48.339,,
Plot Title: 5S2G,5330,6/14/26 22:15,48.16,,
Plot Title: 5S2G,5331,6/14/26 22:30,47.982,,
Plot Title: 5S2G,5332,6/14/26 22:45,47.802,,
Plot Title: 5S2G,5333,6/14/26 23:00,47.446,,
Plot Title: 5S2G,5334,6/14/26 23:15,47.266,,
Plot Title: 5S2G,5335,6/14/26 23:30,46.908,,
Plot Title: 5S2G,5336,6/14/26 23:45,46.728,,
Plot Title: 5S2G,5337,6/15/26 00:00,46.548,,
Plot Title: 5S2G,5338,6/15/26 00:15,46.369,,
Plot Title: 5S2G,5339,6/15/26 00:30,46.188,,
Plot Title: 5S2G,5340,6/15/26 00:45,46.008,,
Plot Title: 5S2G,5341,6/15/26 01:00,45.828,,
Plot Title: 5S2G,5342,6/15/26 01:15,45.648,,
Plot Title: 5S2G,5343,6/15/26 01:30,45.466,,
Plot Title: 5S2G,5344,6/15/26 01:45,45.286,,
Plot Title: 5S2G,5345,6/15/26 02:00,45.286,,
Plot Title: 5S2G,5346,6/15/26 02:15,45.104,,
Plot Title: 5S2G,5347,6/15/26 02:30,44.922,,
Plot Title: 5S2G,5348,6/15/26 02:45,44.922,,
Plot Title: 5S2G,5349,6/15/26 03:00,44.742,,
Plot Title: 5S2G,5350,6/15/26 03:15,44.56,,
Plot Title: 5S2G,5351,6/15/26 03:30,44.379,,
Plot Title: 5S2G,5352,6/15/26 03:45,44.195,,
Plot Title: 5S2G,5353,6/15/26 04:00,44.195,,
Plot Title: 5S2G,5354,6/15/26 04:15,44.013,,
Plot Title: 5S2G,5355,6/15/26 04:30,43.831,,
Plot Title: 5S2G,5356,6/15/26 04:45,43.648,,
Plot Title: 5S2G,5357,6/15/26 05:00,43.466,,
Plot Title: 5S2G,5358,6/15/26 05:15,43.466,,
Plot Title: 5S2G,5359,6/15/26 05:30,43.282,,
Plot Title: 5S2G,5360,6/15/26 05:45,43.099,,
Plot Title: 5S2G,5361,6/15/26 06:00,43.099,,
Plot Title: 5S2G,5362,6/15/26 06:15,42.915,,
Plot Title: 5S2G,5363,6/15/26 06:30,42.915,,
Plot Title: 5S2G,5364,6/15/26 06:45,42.915,,
Plot Title: 5S2G,5365,6/15/26 07:00,43.099,,
Plot Title: 5S2G,5366,6/15/26 07:15,43.099,,
Plot Title: 5S2G,5367,6/15/26 07:30,43.466,,
Plot Title: 5S2G,5368,6/15/26 07:45,43.648,,
Plot Title: 5S2G,5369,6/15/26 08:00,44.013,,
Plot Title: 5S2G,5370,6/15/26 08:15,44.379,,
Plot Title: 5S2G,5371,6/15/26 08:30,44.922,,
Plot Title: 5S2G,5372,6/15/26 08:45,46.008,,
Plot Title: 5S2G,5373,6/15/26 09:00,50.113,,
Plot Title: 5S2G,5374,6/15/26 09:15,54.322,,
Plot Title: 5S2G,5375,6/15/26 09:30,57.441,,
Plot Title: 5S2G,5376,6/15/26 09:45,60.368,,
Plot Title: 5S2G,5377,6/15/26 10:00,63.282,,
Plot Title: 5S2G,5378,6/15/26 10:15,66.022,,
Plot Title: 5S2G,5379,6/15/26 10:30,68.934,,
Plot Title: 5S2G,5380,6/15/26 10:45,71.683,,
Plot Title: 5S2G,5381,6/15/26 11:00,73.58,,
Plot Title: 5S2G,5382,6/15/26 11:15,74.271,,
Plot Title: 5S2G,5383,6/15/26 11:30,68.763,,
Plot Title: 5S2G,5384,6/15/26 11:45,65.68,,
Plot Title: 5S2G,5385,6/15/26 12:00,63.797,,
Plot Title: 5S2G,5386,6/15/26 12:15,62.083,,
Plot Title: 5S2G,5387,6/15/26 12:30,60.712,,
Plot Title: 5S2G,5388,6/15/26 12:45,59.68,,
Plot Title: 5S2G,5389,6/15/26 13:00,58.82,,
Plot Title: 5S2G,5390,6/15/26 13:15,58.131,,
Plot Title: 5S2G,5391,6/15/26 13:30,57.614,,
Plot Title: 5S2G,5392,6/15/26 13:45,57.441,,
Plot Title: 5S2G,5393,6/15/26 14:00,57.096,,
Plot Title: 5S2G,5394,6/15/26 14:15,56.75,,
Plot Title: 5S2G,5395,6/15/26 14:30,56.923,,
Plot Title: 5S2G,5396,6/15/26 14:45,56.75,,
Plot Title: 5S2G,5397,6/15/26 15:00,56.577,,
Plot Title: 5S2G,5398,6/15/26 15:15,56.577,,
Plot Title: 5S2G,5399,6/15/26 15:30,56.404,,
Plot Title: 5S2G,5400,6/15/26 15:45,56.23,,
Plot Title: 5S2G,5401,6/15/26 16:00,55.884,,
Plot Title: 5S2G,5402,6/15/26 16:15,55.884,,
Plot Title: 5S2G,5403,6/15/26 16:30,56.23,,
Plot Title: 5S2G,5404,6/15/26 16:45,56.577,,
Plot Title: 5S2G,5405,6/15/26 17:00,56.577,,
Plot Title: 5S2G,5406,6/15/26 17:15,56.404,,
Plot Title: 5S2G,5407,6/15/26 17:30,56.577,,
Plot Title: 5S2G,5408,6/15/26 17:45,56.577,,
Plot Title: 5S2G,5409,6/15/26 18:00,56.23,,
Plot Title: 5S2G,5410,6/15/26 18:15,55.884,,
Plot Title: 5S2G,5411,6/15/26 18:30,55.537,,
Plot Title: 5S2G,5412,6/15/26 18:45,55.364,,
Plot Title: 5S2G,5413,6/15/26 19:00,55.189,,
Plot Title: 5S2G,5414,6/15/26 19:15,55.189,,
Plot Title: 5S2G,5415,6/15/26 19:30,54.842,,
Plot Title: 5S2G,5416,6/15/26 19:45,54.495,,
Plot Title: 5S2G,5417,6/15/26 20:00,54.322,,
Plot Title: 5S2G,5418,6/15/26 20:15,54.147,,
Plot Title: 5S2G,5419,6/15/26 20:30,53.973,,
Plot Title: 5S2G,5420,6/15/26 20:45,53.798,,
Plot Title: 5S2G,5421,6/15/26 21:00,53.449,,
Plot Title: 5S2G,5422,6/15/26 21:15,53.274,,
Plot Title: 5S2G,5423,6/15/26 21:30,53.1,,
Plot Title: 5S2G,5424,6/15/26 21:45,52.75,,
Plot Title: 5S2G,5425,6/15/26 22:00,52.401,,
Plot Title: 5S2G,5426,6/15/26 22:15,52.225,,
Plot Title: 5S2G,5427,6/15/26 22:30,52.05,,
Plot Title: 5S2G,5428,6/15/26 22:45,51.874,,
Plot Title: 5S2G,5429,6/15/26 23:00,51.874,,
Plot Title: 5S2G,5430,6/15/26 23:15,51.699,,
Plot Title: 5S2G,5431,6/15/26 23:30,51.523,,
Plot Title: 5S2G,5432,6/15/26 23:45,51.346,,
Plot Title: 5S2G,5433,6/16/26 00:00,51.346,,
Plot Title: 5S2G,5434,6/16/26 00:15,51.172,,
Plot Title: 5S2G,5435,6/16/26 00:30,50.995,,
Plot Title: 5S2G,5436,6/16/26 00:45,50.995,,
Plot Title: 5S2G,5437,6/16/26 01:00,50.819,,
Plot Title: 5S2G,5438,6/16/26 01:15,50.643,,
Plot Title: 5S2G,5439,6/16/26 01:30,50.466,,
Plot Title: 5S2G,5440,6/16/26 01:45,50.643,,
Plot Title: 5S2G,5441,6/16/26 02:00,50.643,,
Plot Title: 5S2G,5442,6/16/26 02:15,50.643,,
Plot Title: 5S2G,5443,6/16/26 02:30,50.643,,
Plot Title: 5S2G,5444,6/16/26 02:45,50.643,,
Plot Title: 5S2G,5445,6/16/26 03:00,50.466,,
Plot Title: 5S2G,5446,6/16/26 03:15,50.29,,
Plot Title: 5S2G,5447,6/16/26 03:30,50.113,,
Plot Title: 5S2G,5448,6/16/26 03:45,49.937,,
Plot Title: 5S2G,5449,6/16/26 04:00,49.759,,
Plot Title: 5S2G,5450,6/16/26 04:15,49.582,,
Plot Title: 5S2G,5451,6/16/26 04:30,49.404,,
Plot Title: 5S2G,5452,6/16/26 04:45,49.228,,
Plot Title: 5S2G,5453,6/16/26 05:00,49.228,,
Plot Title: 5S2G,5454,6/16/26 05:15,49.05,,
Plot Title: 5S2G,5455,6/16/26 05:30,49.05,,
Plot Title: 5S2G,5456,6/16/26 05:45,48.871,,
Plot Title: 5S2G,5457,6/16/26 06:00,48.871,,
Plot Title: 5S2G,5458,6/16/26 06:15,49.05,,
Plot Title: 5S2G,5459,6/16/26 06:30,49.05,,
Plot Title: 5S2G,5460,6/16/26 06:45,49.05,,
Plot Title: 5S2G,5461,6/16/26 07:00,49.05,,
Plot Title: 5S2G,5462,6/16/26 07:15,49.05,,
Plot Title: 5S2G,5463,6/16/26 07:30,49.228,,
Plot Title: 5S2G,5464,6/16/26 07:45,49.404,,
Plot Title: 5S2G,5465,6/16/26 08:00,49.759,,
Plot Title: 5S2G,5466,6/16/26 08:15,50.113,,
Plot Title: 5S2G,5467,6/16/26 08:30,50.466,,
Plot Title: 5S2G,5468,6/16/26 08:45,51.523,,
Plot Title: 5S2G,5469,6/16/26 09:00,55.364,,
Plot Title: 5S2G,5470,6/16/26 09:15,60.368,,
Plot Title: 5S2G,5471,6/16/26 09:30,63.968,,
Plot Title: 5S2G,5472,6/16/26 09:45,66.708,,
Plot Title: 5S2G,5473,6/16/26 10:00,68.763,,
Plot Title: 5S2G,5474,6/16/26 10:15,71.339,,
Plot Title: 5S2G,5475,6/16/26 10:30,74.098,,Logged