Plot Title: 5S3C,#,"Date Time, GMT-06:00",T,End Of File (LGR S/N: 10608553)
Plot Title: 5S3C,1,5/1/26 10:00,55.189,
Plot Title: 5S3C,2,5/1/26 10:15,58.647,
Plot Title: 5S3C,3,5/1/26 10:30,53.798,
Plot Title: 5S3C,4,5/1/26 10:45,52.401,
Plot Title: 5S3C,5,5/1/26 11:00,51.874,
Plot Title: 5S3C,6,5/1/26 11:15,56.577,
Plot Title: 5S3C,7,5/1/26 11:30,57.785,
Plot Title: 5S3C,8,5/1/26 11:45,66.879,
Plot Title: 5S3C,9,5/1/26 12:00,73.062,
Plot Title: 5S3C,10,5/1/26 12:15,73.58,
Plot Title: 5S3C,11,5/1/26 12:30,68.934,
Plot Title: 5S3C,12,5/1/26 12:45,73.58,
Plot Title: 5S3C,13,5/1/26 13:00,76.876,
Plot Title: 5S3C,14,5/1/26 13:15,77.05,
Plot Title: 5S3C,15,5/1/26 13:30,67.564,
Plot Title: 5S3C,16,5/1/26 13:45,58.476,
Plot Title: 5S3C,17,5/1/26 14:00,55.364,
Plot Title: 5S3C,18,5/1/26 14:15,53.274,
Plot Title: 5S3C,19,5/1/26 14:30,52.05,
Plot Title: 5S3C,20,5/1/26 14:45,51.523,
Plot Title: 5S3C,21,5/1/26 15:00,51.172,
Plot Title: 5S3C,22,5/1/26 15:15,50.995,
Plot Title: 5S3C,23,5/1/26 15:30,54.842,
Plot Title: 5S3C,24,5/1/26 15:45,60.368,
Plot Title: 5S3C,25,5/1/26 16:00,56.23,
Plot Title: 5S3C,26,5/1/26 16:15,52.925,
Plot Title: 5S3C,27,5/1/26 16:30,50.995,
Plot Title: 5S3C,28,5/1/26 16:45,49.937,
Plot Title: 5S3C,29,5/1/26 17:00,49.05,
Plot Title: 5S3C,30,5/1/26 17:15,48.339,
Plot Title: 5S3C,31,5/1/26 17:30,47.802,
Plot Title: 5S3C,32,5/1/26 17:45,47.266,
Plot Title: 5S3C,33,5/1/26 18:00,46.728,
Plot Title: 5S3C,34,5/1/26 18:15,46.188,
Plot Title: 5S3C,35,5/1/26 18:30,45.828,
Plot Title: 5S3C,36,5/1/26 18:45,45.466,
Plot Title: 5S3C,37,5/1/26 19:00,45.286,
Plot Title: 5S3C,38,5/1/26 19:15,44.922,
Plot Title: 5S3C,39,5/1/26 19:30,44.56,
Plot Title: 5S3C,40,5/1/26 19:45,44.379,
Plot Title: 5S3C,41,5/1/26 20:00,43.831,
Plot Title: 5S3C,42,5/1/26 20:15,43.466,
Plot Title: 5S3C,43,5/1/26 20:30,42.915,
Plot Title: 5S3C,44,5/1/26 20:45,42.548,
Plot Title: 5S3C,45,5/1/26 21:00,41.994,
Plot Title: 5S3C,46,5/1/26 21:15,41.81,
Plot Title: 5S3C,47,5/1/26 21:30,41.439,
Plot Title: 5S3C,48,5/1/26 21:45,41.067,
Plot Title: 5S3C,49,5/1/26 22:00,40.696,
Plot Title: 5S3C,50,5/1/26 22:15,40.509,
Plot Title: 5S3C,51,5/1/26 22:30,40.509,
Plot Title: 5S3C,52,5/1/26 22:45,40.321,
Plot Title: 5S3C,53,5/1/26 23:00,39.947,
Plot Title: 5S3C,54,5/1/26 23:15,39.76,
Plot Title: 5S3C,55,5/1/26 23:30,39.573,
Plot Title: 5S3C,56,5/1/26 23:45,39.384,
Plot Title: 5S3C,57,5/2/26 00:00,39.196,
Plot Title: 5S3C,58,5/2/26 00:15,39.007,
Plot Title: 5S3C,59,5/2/26 00:30,38.818,
Plot Title: 5S3C,60,5/2/26 00:45,38.629,
Plot Title: 5S3C,61,5/2/26 01:00,38.44,
Plot Title: 5S3C,62,5/2/26 01:15,38.25,
Plot Title: 5S3C,63,5/2/26 01:30,38.061,
Plot Title: 5S3C,64,5/2/26 01:45,37.87,
Plot Title: 5S3C,65,5/2/26 02:00,37.679,
Plot Title: 5S3C,66,5/2/26 02:15,37.488,
Plot Title: 5S3C,67,5/2/26 02:30,37.297,
Plot Title: 5S3C,68,5/2/26 02:45,37.297,
Plot Title: 5S3C,69,5/2/26 03:00,37.107,
Plot Title: 5S3C,70,5/2/26 03:15,36.914,
Plot Title: 5S3C,71,5/2/26 03:30,36.723,
Plot Title: 5S3C,72,5/2/26 03:45,36.723,
Plot Title: 5S3C,73,5/2/26 04:00,36.531,
Plot Title: 5S3C,74,5/2/26 04:15,36.338,
Plot Title: 5S3C,75,5/2/26 04:30,36.338,
Plot Title: 5S3C,76,5/2/26 04:45,36.145,
Plot Title: 5S3C,77,5/2/26 05:00,35.951,
Plot Title: 5S3C,78,5/2/26 05:15,35.758,
Plot Title: 5S3C,79,5/2/26 05:30,35.564,
Plot Title: 5S3C,80,5/2/26 05:45,35.37,
Plot Title: 5S3C,81,5/2/26 06:00,35.37,
Plot Title: 5S3C,82,5/2/26 06:15,35.37,
Plot Title: 5S3C,83,5/2/26 06:30,35.37,
Plot Title: 5S3C,84,5/2/26 06:45,35.37,
Plot Title: 5S3C,85,5/2/26 07:00,35.564,
Plot Title: 5S3C,86,5/2/26 07:15,36.914,
Plot Title: 5S3C,87,5/2/26 07:30,38.44,
Plot Title: 5S3C,88,5/2/26 07:45,40.509,
Plot Title: 5S3C,89,5/2/26 08:00,42.915,
Plot Title: 5S3C,90,5/2/26 08:15,45.466,
Plot Title: 5S3C,91,5/2/26 08:30,48.695,
Plot Title: 5S3C,92,5/2/26 08:45,52.576,
Plot Title: 5S3C,93,5/2/26 09:00,56.577,
Plot Title: 5S3C,94,5/2/26 09:15,59.337,
Plot Title: 5S3C,95,5/2/26 09:30,62.598,
Plot Title: 5S3C,96,5/2/26 09:45,66.193,
Plot Title: 5S3C,97,5/2/26 10:00,70.308,
Plot Title: 5S3C,98,5/2/26 10:15,73.753,
Plot Title: 5S3C,99,5/2/26 10:30,76.703,
Plot Title: 5S3C,100,5/2/26 10:45,80.206,
Plot Title: 5S3C,101,5/2/26 11:00,82.864,
Plot Title: 5S3C,102,5/2/26 11:15,85.374,
Plot Title: 5S3C,103,5/2/26 11:30,88.466,
Plot Title: 5S3C,104,5/2/26 11:45,91.053,
Plot Title: 5S3C,105,5/2/26 12:00,92.363,
Plot Title: 5S3C,106,5/2/26 12:15,90.68,
Plot Title: 5S3C,107,5/2/26 12:30,89.017,
Plot Title: 5S3C,108,5/2/26 12:45,83.935,
Plot Title: 5S3C,109,5/2/26 13:00,77.05,
Plot Title: 5S3C,110,5/2/26 13:15,73.234,
Plot Title: 5S3C,111,5/2/26 13:30,70.48,
Plot Title: 5S3C,112,5/2/26 13:45,68.421,
Plot Title: 5S3C,113,5/2/26 14:00,66.879,
Plot Title: 5S3C,114,5/2/26 14:15,66.022,
Plot Title: 5S3C,115,5/2/26 14:30,65.509,
Plot Title: 5S3C,116,5/2/26 14:45,64.996,
Plot Title: 5S3C,117,5/2/26 15:00,64.652,
Plot Title: 5S3C,118,5/2/26 15:15,63.626,
Plot Title: 5S3C,119,5/2/26 15:30,63.797,
Plot Title: 5S3C,120,5/2/26 15:45,63.282,
Plot Title: 5S3C,121,5/2/26 16:00,62.083,
Plot Title: 5S3C,122,5/2/26 16:15,61.398,
Plot Title: 5S3C,123,5/2/26 16:30,61.054,
Plot Title: 5S3C,124,5/2/26 16:45,60.539,
Plot Title: 5S3C,125,5/2/26 17:00,59.851,
Plot Title: 5S3C,126,5/2/26 17:15,58.993,
Plot Title: 5S3C,127,5/2/26 17:30,58.647,
Plot Title: 5S3C,128,5/2/26 17:45,58.303,
Plot Title: 5S3C,129,5/2/26 18:00,57.268,
Plot Title: 5S3C,130,5/2/26 18:15,56.404,
Plot Title: 5S3C,131,5/2/26 18:30,55.537,
Plot Title: 5S3C,132,5/2/26 18:45,54.495,
Plot Title: 5S3C,133,5/2/26 19:00,53.973,
Plot Title: 5S3C,134,5/2/26 19:15,53.449,
Plot Title: 5S3C,135,5/2/26 19:30,53.1,
Plot Title: 5S3C,136,5/2/26 19:45,52.401,
Plot Title: 5S3C,137,5/2/26 20:00,51.346,
Plot Title: 5S3C,138,5/2/26 20:15,50.466,
Plot Title: 5S3C,139,5/2/26 20:30,49.582,
Plot Title: 5S3C,140,5/2/26 20:45,49.05,
Plot Title: 5S3C,141,5/2/26 21:00,48.517,
Plot Title: 5S3C,142,5/2/26 21:15,47.802,
Plot Title: 5S3C,143,5/2/26 21:30,47.266,
Plot Title: 5S3C,144,5/2/26 21:45,46.548,
Plot Title: 5S3C,145,5/2/26 22:00,46.008,
Plot Title: 5S3C,146,5/2/26 22:15,45.648,
Plot Title: 5S3C,147,5/2/26 22:30,45.286,
Plot Title: 5S3C,148,5/2/26 22:45,44.922,
Plot Title: 5S3C,149,5/2/26 23:00,44.56,
Plot Title: 5S3C,150,5/2/26 23:15,44.195,
Plot Title: 5S3C,151,5/2/26 23:30,44.013,
Plot Title: 5S3C,152,5/2/26 23:45,43.648,
Plot Title: 5S3C,153,5/3/26 00:00,43.466,
Plot Title: 5S3C,154,5/3/26 00:15,43.282,
Plot Title: 5S3C,155,5/3/26 00:30,43.099,
Plot Title: 5S3C,156,5/3/26 00:45,42.732,
Plot Title: 5S3C,157,5/3/26 01:00,42.548,
Plot Title: 5S3C,158,5/3/26 01:15,42.363,
Plot Title: 5S3C,159,5/3/26 01:30,42.179,
Plot Title: 5S3C,160,5/3/26 01:45,41.81,
Plot Title: 5S3C,161,5/3/26 02:00,41.625,
Plot Title: 5S3C,162,5/3/26 02:15,41.439,
Plot Title: 5S3C,163,5/3/26 02:30,41.254,
Plot Title: 5S3C,164,5/3/26 02:45,41.067,
Plot Title: 5S3C,165,5/3/26 03:00,41.254,
Plot Title: 5S3C,166,5/3/26 03:15,41.254,
Plot Title: 5S3C,167,5/3/26 03:30,41.067,
Plot Title: 5S3C,168,5/3/26 03:45,40.696,
Plot Title: 5S3C,169,5/3/26 04:00,40.509,
Plot Title: 5S3C,170,5/3/26 04:15,40.134,
Plot Title: 5S3C,171,5/3/26 04:30,40.134,
Plot Title: 5S3C,172,5/3/26 04:45,39.947,
Plot Title: 5S3C,173,5/3/26 05:00,39.76,
Plot Title: 5S3C,174,5/3/26 05:15,39.76,
Plot Title: 5S3C,175,5/3/26 05:30,39.573,
Plot Title: 5S3C,176,5/3/26 05:45,39.384,
Plot Title: 5S3C,177,5/3/26 06:00,39.007,
Plot Title: 5S3C,178,5/3/26 06:15,39.007,
Plot Title: 5S3C,179,5/3/26 06:30,39.007,
Plot Title: 5S3C,180,5/3/26 06:45,38.818,
Plot Title: 5S3C,181,5/3/26 07:00,39.196,
Plot Title: 5S3C,182,5/3/26 07:15,40.509,
Plot Title: 5S3C,183,5/3/26 07:30,42.363,
Plot Title: 5S3C,184,5/3/26 07:45,44.56,
Plot Title: 5S3C,185,5/3/26 08:00,46.908,
Plot Title: 5S3C,186,5/3/26 08:15,49.228,
Plot Title: 5S3C,187,5/3/26 08:30,52.75,
Plot Title: 5S3C,188,5/3/26 08:45,56.057,
Plot Title: 5S3C,189,5/3/26 09:00,59.68,
Plot Title: 5S3C,190,5/3/26 09:15,63.626,
Plot Title: 5S3C,191,5/3/26 09:30,67.392,
Plot Title: 5S3C,192,5/3/26 09:45,71.168,
Plot Title: 5S3C,193,5/3/26 10:00,74.791,
Plot Title: 5S3C,194,5/3/26 10:15,78.624,
Plot Title: 5S3C,195,5/3/26 10:30,82.152,
Plot Title: 5S3C,196,5/3/26 10:45,85.915,
Plot Title: 5S3C,197,5/3/26 11:00,89.938,
Plot Title: 5S3C,198,5/3/26 11:15,93.493,
Plot Title: 5S3C,199,5/3/26 11:30,96.555,
Plot Title: 5S3C,200,5/3/26 11:45,96.555,
Plot Title: 5S3C,201,5/3/26 12:00,95.59,
Plot Title: 5S3C,202,5/3/26 12:15,91.24,
Plot Title: 5S3C,203,5/3/26 12:30,90.124,
Plot Title: 5S3C,204,5/3/26 12:45,87.368,
Plot Title: 5S3C,205,5/3/26 13:00,78.098,
Plot Title: 5S3C,206,5/3/26 13:15,71.856,
Plot Title: 5S3C,207,5/3/26 13:30,67.735,
Plot Title: 5S3C,208,5/3/26 13:45,65.509,
Plot Title: 5S3C,209,5/3/26 14:00,64.31,
Plot Title: 5S3C,210,5/3/26 14:15,62.598,
Plot Title: 5S3C,211,5/3/26 14:30,61.227,
Plot Title: 5S3C,212,5/3/26 14:45,60.368,
Plot Title: 5S3C,213,5/3/26 15:00,59.508,
Plot Title: 5S3C,214,5/3/26 15:15,59.337,
Plot Title: 5S3C,215,5/3/26 15:30,62.598,
Plot Title: 5S3C,216,5/3/26 15:45,63.968,
Plot Title: 5S3C,217,5/3/26 16:00,61.227,
Plot Title: 5S3C,218,5/3/26 16:15,58.993,
Plot Title: 5S3C,219,5/3/26 16:30,57.441,
Plot Title: 5S3C,220,5/3/26 16:45,56.75,
Plot Title: 5S3C,221,5/3/26 17:00,56.23,
Plot Title: 5S3C,222,5/3/26 17:15,56.23,
Plot Title: 5S3C,223,5/3/26 17:30,56.057,
Plot Title: 5S3C,224,5/3/26 17:45,55.537,
Plot Title: 5S3C,225,5/3/26 18:00,54.669,
Plot Title: 5S3C,226,5/3/26 18:15,54.322,
Plot Title: 5S3C,227,5/3/26 18:30,53.449,
Plot Title: 5S3C,228,5/3/26 18:45,52.75,
Plot Title: 5S3C,229,5/3/26 19:00,52.05,
Plot Title: 5S3C,230,5/3/26 19:15,51.523,
Plot Title: 5S3C,231,5/3/26 19:30,50.995,
Plot Title: 5S3C,232,5/3/26 19:45,50.643,
Plot Title: 5S3C,233,5/3/26 20:00,50.113,
Plot Title: 5S3C,234,5/3/26 20:15,49.404,
Plot Title: 5S3C,235,5/3/26 20:30,49.05,
Plot Title: 5S3C,236,5/3/26 20:45,48.695,
Plot Title: 5S3C,237,5/3/26 21:00,48.339,
Plot Title: 5S3C,238,5/3/26 21:15,47.802,
Plot Title: 5S3C,239,5/3/26 21:30,47.266,
Plot Title: 5S3C,240,5/3/26 21:45,46.548,
Plot Title: 5S3C,241,5/3/26 22:00,46.188,
Plot Title: 5S3C,242,5/3/26 22:15,45.828,
Plot Title: 5S3C,243,5/3/26 22:30,45.648,
Plot Title: 5S3C,244,5/3/26 22:45,45.286,
Plot Title: 5S3C,245,5/3/26 23:00,45.466,
Plot Title: 5S3C,246,5/3/26 23:15,45.828,
Plot Title: 5S3C,247,5/3/26 23:30,46.008,
Plot Title: 5S3C,248,5/3/26 23:45,46.188,
Plot Title: 5S3C,249,5/4/26 00:00,46.008,
Plot Title: 5S3C,250,5/4/26 00:15,45.466,
Plot Title: 5S3C,251,5/4/26 00:30,44.922,
Plot Title: 5S3C,252,5/4/26 00:45,44.379,
Plot Title: 5S3C,253,5/4/26 01:00,44.013,
Plot Title: 5S3C,254,5/4/26 01:15,43.648,
Plot Title: 5S3C,255,5/4/26 01:30,43.466,
Plot Title: 5S3C,256,5/4/26 01:45,43.282,
Plot Title: 5S3C,257,5/4/26 02:00,42.915,
Plot Title: 5S3C,258,5/4/26 02:15,42.732,
Plot Title: 5S3C,259,5/4/26 02:30,42.363,
Plot Title: 5S3C,260,5/4/26 02:45,42.179,
Plot Title: 5S3C,261,5/4/26 03:00,41.994,
Plot Title: 5S3C,262,5/4/26 03:15,41.81,
Plot Title: 5S3C,263,5/4/26 03:30,41.625,
Plot Title: 5S3C,264,5/4/26 03:45,41.625,
Plot Title: 5S3C,265,5/4/26 04:00,41.439,
Plot Title: 5S3C,266,5/4/26 04:15,41.439,
Plot Title: 5S3C,267,5/4/26 04:30,41.625,
Plot Title: 5S3C,268,5/4/26 04:45,41.81,
Plot Title: 5S3C,269,5/4/26 05:00,41.994,
Plot Title: 5S3C,270,5/4/26 05:15,41.439,
Plot Title: 5S3C,271,5/4/26 05:30,41.067,
Plot Title: 5S3C,272,5/4/26 05:45,40.509,
Plot Title: 5S3C,273,5/4/26 06:00,40.134,
Plot Title: 5S3C,274,5/4/26 06:15,39.76,
Plot Title: 5S3C,275,5/4/26 06:30,39.573,
Plot Title: 5S3C,276,5/4/26 06:45,39.76,
Plot Title: 5S3C,277,5/4/26 07:00,39.947,
Plot Title: 5S3C,278,5/4/26 07:15,41.81,
Plot Title: 5S3C,279,5/4/26 07:30,44.379,
Plot Title: 5S3C,280,5/4/26 07:45,46.728,
Plot Title: 5S3C,281,5/4/26 08:00,49.05,
Plot Title: 5S3C,282,5/4/26 08:15,51.699,
Plot Title: 5S3C,283,5/4/26 08:30,54.147,
Plot Title: 5S3C,284,5/4/26 08:45,56.923,
Plot Title: 5S3C,285,5/4/26 09:00,61.054,
Plot Title: 5S3C,286,5/4/26 09:15,65.68,
Plot Title: 5S3C,287,5/4/26 09:30,69.449,
Plot Title: 5S3C,288,5/4/26 09:45,73.062,
Plot Title: 5S3C,289,5/4/26 10:00,75.659,
Plot Title: 5S3C,290,5/4/26 10:15,79.326,
Plot Title: 5S3C,291,5/4/26 10:30,82.152,
Plot Title: 5S3C,292,5/4/26 10:45,84.834,
Plot Title: 5S3C,293,5/4/26 11:00,87.733,
Plot Title: 5S3C,294,5/4/26 11:15,89.017,
Plot Title: 5S3C,295,5/4/26 11:30,91.24,
Plot Title: 5S3C,296,5/4/26 11:45,92.363,
Plot Title: 5S3C,297,5/4/26 12:00,94.825,
Plot Title: 5S3C,298,5/4/26 12:15,94.444,
Plot Title: 5S3C,299,5/4/26 12:30,93.115,
Plot Title: 5S3C,300,5/4/26 12:45,87.915,
Plot Title: 5S3C,301,5/4/26 13:00,80.206,
Plot Title: 5S3C,302,5/4/26 13:15,74.791,
Plot Title: 5S3C,303,5/4/26 13:30,71.683,
Plot Title: 5S3C,304,5/4/26 13:45,69.622,
Plot Title: 5S3C,305,5/4/26 14:00,67.735,
Plot Title: 5S3C,306,5/4/26 14:15,65.68,
Plot Title: 5S3C,307,5/4/26 14:30,63.797,
Plot Title: 5S3C,308,5/4/26 14:45,63.797,
Plot Title: 5S3C,309,5/4/26 15:00,63.111,
Plot Title: 5S3C,310,5/4/26 15:15,62.94,
Plot Title: 5S3C,311,5/4/26 15:30,67.221,
Plot Title: 5S3C,312,5/4/26 15:45,64.996,
Plot Title: 5S3C,313,5/4/26 16:00,63.797,
Plot Title: 5S3C,314,5/4/26 16:15,63.282,
Plot Title: 5S3C,315,5/4/26 16:30,61.569,
Plot Title: 5S3C,316,5/4/26 16:45,59.68,
Plot Title: 5S3C,317,5/4/26 17:00,58.82,
Plot Title: 5S3C,318,5/4/26 17:15,58.647,
Plot Title: 5S3C,319,5/4/26 17:30,57.785,
Plot Title: 5S3C,320,5/4/26 17:45,55.884,
Plot Title: 5S3C,321,5/4/26 18:00,54.147,
Plot Title: 5S3C,322,5/4/26 18:15,53.1,
Plot Title: 5S3C,323,5/4/26 18:30,52.576,
Plot Title: 5S3C,324,5/4/26 18:45,51.523,
Plot Title: 5S3C,325,5/4/26 19:00,50.643,
Plot Title: 5S3C,326,5/4/26 19:15,49.937,
Plot Title: 5S3C,327,5/4/26 19:30,49.228,
Plot Title: 5S3C,328,5/4/26 19:45,48.339,
Plot Title: 5S3C,329,5/4/26 20:00,47.446,
Plot Title: 5S3C,330,5/4/26 20:15,46.908,
Plot Title: 5S3C,331,5/4/26 20:30,46.369,
Plot Title: 5S3C,332,5/4/26 20:45,46.008,
Plot Title: 5S3C,333,5/4/26 21:00,45.648,
Plot Title: 5S3C,334,5/4/26 21:15,45.286,
Plot Title: 5S3C,335,5/4/26 21:30,45.104,
Plot Title: 5S3C,336,5/4/26 21:45,44.742,
Plot Title: 5S3C,337,5/4/26 22:00,44.379,
Plot Title: 5S3C,338,5/4/26 22:15,44.195,
Plot Title: 5S3C,339,5/4/26 22:30,44.013,
Plot Title: 5S3C,340,5/4/26 22:45,43.648,
Plot Title: 5S3C,341,5/4/26 23:00,43.466,
Plot Title: 5S3C,342,5/4/26 23:15,43.282,
Plot Title: 5S3C,343,5/4/26 23:30,42.915,
Plot Title: 5S3C,344,5/4/26 23:45,42.732,
Plot Title: 5S3C,345,5/5/26 00:00,42.548,
Plot Title: 5S3C,346,5/5/26 00:15,42.363,
Plot Title: 5S3C,347,5/5/26 00:30,42.179,
Plot Title: 5S3C,348,5/5/26 00:45,41.994,
Plot Title: 5S3C,349,5/5/26 01:00,41.81,
Plot Title: 5S3C,350,5/5/26 01:15,41.625,
Plot Title: 5S3C,351,5/5/26 01:30,41.439,
Plot Title: 5S3C,352,5/5/26 01:45,40.881,
Plot Title: 5S3C,353,5/5/26 02:00,40.134,
Plot Title: 5S3C,354,5/5/26 02:15,39.384,
Plot Title: 5S3C,355,5/5/26 02:30,38.818,
Plot Title: 5S3C,356,5/5/26 02:45,38.25,
Plot Title: 5S3C,357,5/5/26 03:00,37.87,
Plot Title: 5S3C,358,5/5/26 03:15,37.488,
Plot Title: 5S3C,359,5/5/26 03:30,37.297,
Plot Title: 5S3C,360,5/5/26 03:45,37.107,
Plot Title: 5S3C,361,5/5/26 04:00,36.914,
Plot Title: 5S3C,362,5/5/26 04:15,36.723,
Plot Title: 5S3C,363,5/5/26 04:30,36.531,
Plot Title: 5S3C,364,5/5/26 04:45,36.338,
Plot Title: 5S3C,365,5/5/26 05:00,35.951,
Plot Title: 5S3C,366,5/5/26 05:15,35.758,
Plot Title: 5S3C,367,5/5/26 05:30,35.564,
Plot Title: 5S3C,368,5/5/26 05:45,35.37,
Plot Title: 5S3C,369,5/5/26 06:00,35.175,
Plot Title: 5S3C,370,5/5/26 06:15,34.981,
Plot Title: 5S3C,371,5/5/26 06:30,35.175,
Plot Title: 5S3C,372,5/5/26 06:45,35.758,
Plot Title: 5S3C,373,5/5/26 07:00,36.338,
Plot Title: 5S3C,374,5/5/26 07:15,38.44,
Plot Title: 5S3C,375,5/5/26 07:30,41.254,
Plot Title: 5S3C,376,5/5/26 07:45,44.013,
Plot Title: 5S3C,377,5/5/26 08:00,45.828,
Plot Title: 5S3C,378,5/5/26 08:15,45.466,
Plot Title: 5S3C,379,5/5/26 08:30,47.802,
Plot Title: 5S3C,380,5/5/26 08:45,51.523,
Plot Title: 5S3C,381,5/5/26 09:00,57.958,
Plot Title: 5S3C,382,5/5/26 09:15,62.254,
Plot Title: 5S3C,383,5/5/26 09:30,65.509,
Plot Title: 5S3C,384,5/5/26 09:45,69.964,
Plot Title: 5S3C,385,5/5/26 10:00,71.856,
Plot Title: 5S3C,386,5/5/26 10:15,74.098,
Plot Title: 5S3C,387,5/5/26 10:30,76.528,
Plot Title: 5S3C,388,5/5/26 10:45,79.151,
Plot Title: 5S3C,389,5/5/26 11:00,79.678,
Plot Title: 5S3C,390,5/5/26 11:15,83.757,
Plot Title: 5S3C,391,5/5/26 11:30,86.459,
Plot Title: 5S3C,392,5/5/26 11:45,87.368,
Plot Title: 5S3C,393,5/5/26 12:00,83.579,
Plot Title: 5S3C,394,5/5/26 12:15,80.735,
Plot Title: 5S3C,395,5/5/26 12:30,76.703,
Plot Title: 5S3C,396,5/5/26 12:45,73.407,
Plot Title: 5S3C,397,5/5/26 13:00,70.651,
Plot Title: 5S3C,398,5/5/26 13:15,64.996,
Plot Title: 5S3C,399,5/5/26 13:30,61.912,
Plot Title: 5S3C,400,5/5/26 13:45,61.741,
Plot Title: 5S3C,401,5/5/26 14:00,61.054,
Plot Title: 5S3C,402,5/5/26 14:15,60.195,
Plot Title: 5S3C,403,5/5/26 14:30,58.993,
Plot Title: 5S3C,404,5/5/26 14:45,59.164,
Plot Title: 5S3C,405,5/5/26 15:00,57.268,
Plot Title: 5S3C,406,5/5/26 15:15,57.785,
Plot Title: 5S3C,407,5/5/26 15:30,55.884,
Plot Title: 5S3C,408,5/5/26 15:45,55.711,
Plot Title: 5S3C,409,5/5/26 16:00,56.23,
Plot Title: 5S3C,410,5/5/26 16:15,56.057,
Plot Title: 5S3C,411,5/5/26 16:30,54.842,
Plot Title: 5S3C,412,5/5/26 16:45,53.798,
Plot Title: 5S3C,413,5/5/26 17:00,52.401,
Plot Title: 5S3C,414,5/5/26 17:15,51.874,
Plot Title: 5S3C,415,5/5/26 17:30,51.172,
Plot Title: 5S3C,416,5/5/26 17:45,49.937,
Plot Title: 5S3C,417,5/5/26 18:00,48.339,
Plot Title: 5S3C,418,5/5/26 18:15,46.369,
Plot Title: 5S3C,419,5/5/26 18:30,45.648,
Plot Title: 5S3C,420,5/5/26 18:45,44.922,
Plot Title: 5S3C,421,5/5/26 19:00,44.195,
Plot Title: 5S3C,422,5/5/26 19:15,43.831,
Plot Title: 5S3C,423,5/5/26 19:30,43.282,
Plot Title: 5S3C,424,5/5/26 19:45,42.915,
Plot Title: 5S3C,425,5/5/26 20:00,42.548,
Plot Title: 5S3C,426,5/5/26 20:15,42.179,
Plot Title: 5S3C,427,5/5/26 20:30,41.994,
Plot Title: 5S3C,428,5/5/26 20:45,41.625,
Plot Title: 5S3C,429,5/5/26 21:00,41.254,
Plot Title: 5S3C,430,5/5/26 21:15,40.881,
Plot Title: 5S3C,431,5/5/26 21:30,40.509,
Plot Title: 5S3C,432,5/5/26 21:45,39.76,
Plot Title: 5S3C,433,5/5/26 22:00,39.007,
Plot Title: 5S3C,434,5/5/26 22:15,38.44,
Plot Title: 5S3C,435,5/5/26 22:30,38.061,
Plot Title: 5S3C,436,5/5/26 22:45,37.488,
Plot Title: 5S3C,437,5/5/26 23:00,37.107,
Plot Title: 5S3C,438,5/5/26 23:15,36.723,
Plot Title: 5S3C,439,5/5/26 23:30,36.338,
Plot Title: 5S3C,440,5/5/26 23:45,36.145,
Plot Title: 5S3C,441,5/6/26 00:00,35.758,
Plot Title: 5S3C,442,5/6/26 00:15,35.37,
Plot Title: 5S3C,443,5/6/26 00:30,35.175,
Plot Title: 5S3C,444,5/6/26 00:45,34.981,
Plot Title: 5S3C,445,5/6/26 01:00,34.59,
Plot Title: 5S3C,446,5/6/26 01:15,34.394,
Plot Title: 5S3C,447,5/6/26 01:30,34.198,
Plot Title: 5S3C,448,5/6/26 01:45,34.198,
Plot Title: 5S3C,449,5/6/26 02:00,34.002,
Plot Title: 5S3C,450,5/6/26 02:15,33.805,
Plot Title: 5S3C,451,5/6/26 02:30,33.805,
Plot Title: 5S3C,452,5/6/26 02:45,33.607,
Plot Title: 5S3C,453,5/6/26 03:00,33.411,
Plot Title: 5S3C,454,5/6/26 03:15,33.213,
Plot Title: 5S3C,455,5/6/26 03:30,33.213,
Plot Title: 5S3C,456,5/6/26 03:45,33.013,
Plot Title: 5S3C,457,5/6/26 04:00,32.815,
Plot Title: 5S3C,458,5/6/26 04:15,32.815,
Plot Title: 5S3C,459,5/6/26 04:30,32.617,
Plot Title: 5S3C,460,5/6/26 04:45,32.418,
Plot Title: 5S3C,461,5/6/26 05:00,32.218,
Plot Title: 5S3C,462,5/6/26 05:15,32.018,
Plot Title: 5S3C,463,5/6/26 05:30,31.816,
Plot Title: 5S3C,464,5/6/26 05:45,31.816,
Plot Title: 5S3C,465,5/6/26 06:00,31.617,
Plot Title: 5S3C,466,5/6/26 06:15,31.415,
Plot Title: 5S3C,467,5/6/26 06:30,31.415,
Plot Title: 5S3C,468,5/6/26 06:45,31.617,
Plot Title: 5S3C,469,5/6/26 07:00,31.816,
Plot Title: 5S3C,470,5/6/26 07:15,32.815,
Plot Title: 5S3C,471,5/6/26 07:30,34.394,
Plot Title: 5S3C,472,5/6/26 07:45,35.758,
Plot Title: 5S3C,473,5/6/26 08:00,37.297,
Plot Title: 5S3C,474,5/6/26 08:15,39.573,
Plot Title: 5S3C,475,5/6/26 08:30,43.282,
Plot Title: 5S3C,476,5/6/26 08:45,46.728,
Plot Title: 5S3C,477,5/6/26 09:00,50.995,
Plot Title: 5S3C,478,5/6/26 09:15,53.623,
Plot Title: 5S3C,479,5/6/26 09:30,57.096,
Plot Title: 5S3C,480,5/6/26 09:45,60.368,
Plot Title: 5S3C,481,5/6/26 10:00,63.968,
Plot Title: 5S3C,482,5/6/26 10:15,67.564,
Plot Title: 5S3C,483,5/6/26 10:30,71.339,
Plot Title: 5S3C,484,5/6/26 10:45,74.619,
Plot Title: 5S3C,485,5/6/26 11:00,78.449,
Plot Title: 5S3C,486,5/6/26 11:15,82.686,
Plot Title: 5S3C,487,5/6/26 11:30,87.368,
Plot Title: 5S3C,488,5/6/26 11:45,91.987,
Plot Title: 5S3C,489,5/6/26 12:00,95.4,
Plot Title: 5S3C,490,5/6/26 12:15,97.72,
Plot Title: 5S3C,491,5/6/26 12:30,100.083,
Plot Title: 5S3C,492,5/6/26 12:45,93.873,
Plot Title: 5S3C,493,5/6/26 13:00,78.624,
Plot Title: 5S3C,494,5/6/26 13:15,69.622,
Plot Title: 5S3C,495,5/6/26 13:30,64.996,
Plot Title: 5S3C,496,5/6/26 13:45,62.254,
Plot Title: 5S3C,497,5/6/26 14:00,59.68,
Plot Title: 5S3C,498,5/6/26 14:15,57.958,
Plot Title: 5S3C,499,5/6/26 14:30,56.75,
Plot Title: 5S3C,500,5/6/26 14:45,56.23,
Plot Title: 5S3C,501,5/6/26 15:00,58.993,
Plot Title: 5S3C,502,5/6/26 15:15,62.425,
Plot Title: 5S3C,503,5/6/26 15:30,65.68,
Plot Title: 5S3C,504,5/6/26 15:45,67.221,
Plot Title: 5S3C,505,5/6/26 16:00,65.167,
Plot Title: 5S3C,506,5/6/26 16:15,61.054,
Plot Title: 5S3C,507,5/6/26 16:30,58.993,
Plot Title: 5S3C,508,5/6/26 16:45,58.303,
Plot Title: 5S3C,509,5/6/26 17:00,56.923,
Plot Title: 5S3C,510,5/6/26 17:15,55.711,
Plot Title: 5S3C,511,5/6/26 17:30,55.537,
Plot Title: 5S3C,512,5/6/26 17:45,54.669,
Plot Title: 5S3C,513,5/6/26 18:00,53.623,
Plot Title: 5S3C,514,5/6/26 18:15,53.623,
Plot Title: 5S3C,515,5/6/26 18:30,53.1,
Plot Title: 5S3C,516,5/6/26 18:45,52.75,
Plot Title: 5S3C,517,5/6/26 19:00,52.75,
Plot Title: 5S3C,518,5/6/26 19:15,51.874,
Plot Title: 5S3C,519,5/6/26 19:30,51.172,
Plot Title: 5S3C,520,5/6/26 19:45,50.643,
Plot Title: 5S3C,521,5/6/26 20:00,49.937,
Plot Title: 5S3C,522,5/6/26 20:15,49.582,
Plot Title: 5S3C,523,5/6/26 20:30,49.228,
Plot Title: 5S3C,524,5/6/26 20:45,49.05,
Plot Title: 5S3C,525,5/6/26 21:00,48.517,
Plot Title: 5S3C,526,5/6/26 21:15,48.339,
Plot Title: 5S3C,527,5/6/26 21:30,48.16,
Plot Title: 5S3C,528,5/6/26 21:45,48.16,
Plot Title: 5S3C,529,5/6/26 22:00,48.16,
Plot Title: 5S3C,530,5/6/26 22:15,47.982,
Plot Title: 5S3C,531,5/6/26 22:30,47.624,
Plot Title: 5S3C,532,5/6/26 22:45,47.446,
Plot Title: 5S3C,533,5/6/26 23:00,47.088,
Plot Title: 5S3C,534,5/6/26 23:15,46.728,
Plot Title: 5S3C,535,5/6/26 23:30,46.188,
Plot Title: 5S3C,536,5/6/26 23:45,45.828,
Plot Title: 5S3C,537,5/7/26 00:00,45.466,
Plot Title: 5S3C,538,5/7/26 00:15,45.286,
Plot Title: 5S3C,539,5/7/26 00:30,45.104,
Plot Title: 5S3C,540,5/7/26 00:45,44.922,
Plot Title: 5S3C,541,5/7/26 01:00,44.742,
Plot Title: 5S3C,542,5/7/26 01:15,44.56,
Plot Title: 5S3C,543,5/7/26 01:30,44.379,
Plot Title: 5S3C,544,5/7/26 01:45,44.195,
Plot Title: 5S3C,545,5/7/26 02:00,44.013,
Plot Title: 5S3C,546,5/7/26 02:15,44.195,
Plot Title: 5S3C,547,5/7/26 02:30,43.831,
Plot Title: 5S3C,548,5/7/26 02:45,43.831,
Plot Title: 5S3C,549,5/7/26 03:00,43.831,
Plot Title: 5S3C,550,5/7/26 03:15,44.013,
Plot Title: 5S3C,551,5/7/26 03:30,43.466,
Plot Title: 5S3C,552,5/7/26 03:45,42.915,
Plot Title: 5S3C,553,5/7/26 04:00,42.548,
Plot Title: 5S3C,554,5/7/26 04:15,42.179,
Plot Title: 5S3C,555,5/7/26 04:30,41.994,
Plot Title: 5S3C,556,5/7/26 04:45,41.625,
Plot Title: 5S3C,557,5/7/26 05:00,41.254,
Plot Title: 5S3C,558,5/7/26 05:15,41.439,
Plot Title: 5S3C,559,5/7/26 05:30,41.254,
Plot Title: 5S3C,560,5/7/26 05:45,41.254,
Plot Title: 5S3C,561,5/7/26 06:00,41.254,
Plot Title: 5S3C,562,5/7/26 06:15,41.81,
Plot Title: 5S3C,563,5/7/26 06:30,42.179,
Plot Title: 5S3C,564,5/7/26 06:45,42.179,
Plot Title: 5S3C,565,5/7/26 07:00,41.994,
Plot Title: 5S3C,566,5/7/26 07:15,43.099,
Plot Title: 5S3C,567,5/7/26 07:30,46.188,
Plot Title: 5S3C,568,5/7/26 07:45,48.871,
Plot Title: 5S3C,569,5/7/26 08:00,50.995,
Plot Title: 5S3C,570,5/7/26 08:15,53.1,
Plot Title: 5S3C,571,5/7/26 08:30,57.096,
Plot Title: 5S3C,572,5/7/26 08:45,61.054,
Plot Title: 5S3C,573,5/7/26 09:00,65.851,
Plot Title: 5S3C,574,5/7/26 09:15,69.964,
Plot Title: 5S3C,575,5/7/26 09:30,72.372,
Plot Title: 5S3C,576,5/7/26 09:45,75.484,
Plot Title: 5S3C,577,5/7/26 10:00,70.824,
Plot Title: 5S3C,578,5/7/26 10:15,70.48,
Plot Title: 5S3C,579,5/7/26 10:30,72.199,
Plot Title: 5S3C,580,5/7/26 10:45,73.58,
Plot Title: 5S3C,581,5/7/26 11:00,70.995,
Plot Title: 5S3C,582,5/7/26 11:15,69.278,
Plot Title: 5S3C,583,5/7/26 11:30,64.825,
Plot Title: 5S3C,584,5/7/26 11:45,61.741,
Plot Title: 5S3C,585,5/7/26 12:00,61.569,
Plot Title: 5S3C,586,5/7/26 12:15,62.254,
Plot Title: 5S3C,587,5/7/26 12:30,64.139,
Plot Title: 5S3C,588,5/7/26 12:45,62.94,
Plot Title: 5S3C,589,5/7/26 13:00,61.912,
Plot Title: 5S3C,590,5/7/26 13:15,60.712,
Plot Title: 5S3C,591,5/7/26 13:30,59.851,
Plot Title: 5S3C,592,5/7/26 13:45,58.131,
Plot Title: 5S3C,593,5/7/26 14:00,57.614,
Plot Title: 5S3C,594,5/7/26 14:15,58.303,
Plot Title: 5S3C,595,5/7/26 14:30,58.131,
Plot Title: 5S3C,596,5/7/26 14:45,57.268,
Plot Title: 5S3C,597,5/7/26 15:00,60.539,
Plot Title: 5S3C,598,5/7/26 15:15,62.083,
Plot Title: 5S3C,599,5/7/26 15:30,65.338,
Plot Title: 5S3C,600,5/7/26 15:45,64.652,
Plot Title: 5S3C,601,5/7/26 16:00,61.569,
Plot Title: 5S3C,602,5/7/26 16:15,59.68,
Plot Title: 5S3C,603,5/7/26 16:30,57.958,
Plot Title: 5S3C,604,5/7/26 16:45,57.785,
Plot Title: 5S3C,605,5/7/26 17:00,57.441,
Plot Title: 5S3C,606,5/7/26 17:15,56.23,
Plot Title: 5S3C,607,5/7/26 17:30,55.884,
Plot Title: 5S3C,608,5/7/26 17:45,55.711,
Plot Title: 5S3C,609,5/7/26 18:00,55.189,
Plot Title: 5S3C,610,5/7/26 18:15,54.669,
Plot Title: 5S3C,611,5/7/26 18:30,53.449,
Plot Title: 5S3C,612,5/7/26 18:45,53.274,
Plot Title: 5S3C,613,5/7/26 19:00,52.75,
Plot Title: 5S3C,614,5/7/26 19:15,51.874,
Plot Title: 5S3C,615,5/7/26 19:30,51.346,
Plot Title: 5S3C,616,5/7/26 19:45,50.819,
Plot Title: 5S3C,617,5/7/26 20:00,50.29,
Plot Title: 5S3C,618,5/7/26 20:15,49.404,
Plot Title: 5S3C,619,5/7/26 20:30,48.871,
Plot Title: 5S3C,620,5/7/26 20:45,48.695,
Plot Title: 5S3C,621,5/7/26 21:00,47.624,
Plot Title: 5S3C,622,5/7/26 21:15,46.908,
Plot Title: 5S3C,623,5/7/26 21:30,46.008,
Plot Title: 5S3C,624,5/7/26 21:45,45.286,
Plot Title: 5S3C,625,5/7/26 22:00,44.742,
Plot Title: 5S3C,626,5/7/26 22:15,44.56,
Plot Title: 5S3C,627,5/7/26 22:30,44.195,
Plot Title: 5S3C,628,5/7/26 22:45,43.831,
Plot Title: 5S3C,629,5/7/26 23:00,43.648,
Plot Title: 5S3C,630,5/7/26 23:15,43.466,
Plot Title: 5S3C,631,5/7/26 23:30,43.099,
Plot Title: 5S3C,632,5/7/26 23:45,43.099,
Plot Title: 5S3C,633,5/8/26 00:00,42.915,
Plot Title: 5S3C,634,5/8/26 00:15,42.732,
Plot Title: 5S3C,635,5/8/26 00:30,42.548,
Plot Title: 5S3C,636,5/8/26 00:45,42.363,
Plot Title: 5S3C,637,5/8/26 01:00,42.179,
Plot Title: 5S3C,638,5/8/26 01:15,41.994,
Plot Title: 5S3C,639,5/8/26 01:30,41.994,
Plot Title: 5S3C,640,5/8/26 01:45,41.81,
Plot Title: 5S3C,641,5/8/26 02:00,41.81,
Plot Title: 5S3C,642,5/8/26 02:15,41.625,
Plot Title: 5S3C,643,5/8/26 02:30,41.439,
Plot Title: 5S3C,644,5/8/26 02:45,41.439,
Plot Title: 5S3C,645,5/8/26 03:00,41.254,
Plot Title: 5S3C,646,5/8/26 03:15,41.067,
Plot Title: 5S3C,647,5/8/26 03:30,41.067,
Plot Title: 5S3C,648,5/8/26 03:45,40.881,
Plot Title: 5S3C,649,5/8/26 04:00,40.881,
Plot Title: 5S3C,650,5/8/26 04:15,40.696,
Plot Title: 5S3C,651,5/8/26 04:30,40.509,
Plot Title: 5S3C,652,5/8/26 04:45,40.134,
Plot Title: 5S3C,653,5/8/26 05:00,39.947,
Plot Title: 5S3C,654,5/8/26 05:15,39.76,
Plot Title: 5S3C,655,5/8/26 05:30,39.76,
Plot Title: 5S3C,656,5/8/26 05:45,39.573,
Plot Title: 5S3C,657,5/8/26 06:00,39.573,
Plot Title: 5S3C,658,5/8/26 06:15,39.384,
Plot Title: 5S3C,659,5/8/26 06:30,39.384,
Plot Title: 5S3C,660,5/8/26 06:45,39.76,
Plot Title: 5S3C,661,5/8/26 07:00,40.134,
Plot Title: 5S3C,662,5/8/26 07:15,40.696,
Plot Title: 5S3C,663,5/8/26 07:30,42.732,
Plot Title: 5S3C,664,5/8/26 07:45,45.648,
Plot Title: 5S3C,665,5/8/26 08:00,48.16,
Plot Title: 5S3C,666,5/8/26 08:15,49.937,
Plot Title: 5S3C,667,5/8/26 08:30,51.699,
Plot Title: 5S3C,668,5/8/26 08:45,54.495,
Plot Title: 5S3C,669,5/8/26 09:00,58.647,
Plot Title: 5S3C,670,5/8/26 09:15,62.425,
Plot Title: 5S3C,671,5/8/26 09:30,66.708,
Plot Title: 5S3C,672,5/8/26 09:45,69.622,
Plot Title: 5S3C,673,5/8/26 10:00,72.891,
Plot Title: 5S3C,674,5/8/26 10:15,76.703,
Plot Title: 5S3C,675,5/8/26 10:30,81.975,
Plot Title: 5S3C,676,5/8/26 10:45,86.641,
Plot Title: 5S3C,677,5/8/26 11:00,91.053,
Plot Title: 5S3C,678,5/8/26 11:15,94.062,
Plot Title: 5S3C,679,5/8/26 11:30,93.304,
Plot Title: 5S3C,680,5/8/26 11:45,95.59,
Plot Title: 5S3C,681,5/8/26 12:00,97.72,
Plot Title: 5S3C,682,5/8/26 12:15,96.168,
Plot Title: 5S3C,683,5/8/26 12:30,94.633,
Plot Title: 5S3C,684,5/8/26 12:45,92.363,
Plot Title: 5S3C,685,5/8/26 13:00,83.043,
Plot Title: 5S3C,686,5/8/26 13:15,77.749,
Plot Title: 5S3C,687,5/8/26 13:30,74.271,
Plot Title: 5S3C,688,5/8/26 13:45,71.856,
Plot Title: 5S3C,689,5/8/26 14:00,69.793,
Plot Title: 5S3C,690,5/8/26 14:15,68.421,
Plot Title: 5S3C,691,5/8/26 14:30,68.248,
Plot Title: 5S3C,692,5/8/26 14:45,67.906,
Plot Title: 5S3C,693,5/8/26 15:00,68.592,
Plot Title: 5S3C,694,5/8/26 15:15,68.763,
Plot Title: 5S3C,695,5/8/26 15:30,67.392,
Plot Title: 5S3C,696,5/8/26 15:45,66.879,
Plot Title: 5S3C,697,5/8/26 16:00,65.68,
Plot Title: 5S3C,698,5/8/26 16:15,64.481,
Plot Title: 5S3C,699,5/8/26 16:30,64.481,
Plot Title: 5S3C,700,5/8/26 16:45,64.31,
Plot Title: 5S3C,701,5/8/26 17:00,63.626,
Plot Title: 5S3C,702,5/8/26 17:15,62.94,
Plot Title: 5S3C,703,5/8/26 17:30,62.598,
Plot Title: 5S3C,704,5/8/26 17:45,61.912,
Plot Title: 5S3C,705,5/8/26 18:00,61.054,
Plot Title: 5S3C,706,5/8/26 18:15,60.195,
Plot Title: 5S3C,707,5/8/26 18:30,58.82,
Plot Title: 5S3C,708,5/8/26 18:45,57.614,
Plot Title: 5S3C,709,5/8/26 19:00,56.75,
Plot Title: 5S3C,710,5/8/26 19:15,55.711,
Plot Title: 5S3C,711,5/8/26 19:30,54.842,
Plot Title: 5S3C,712,5/8/26 19:45,54.147,
Plot Title: 5S3C,713,5/8/26 20:00,53.449,
Plot Title: 5S3C,714,5/8/26 20:15,52.925,
Plot Title: 5S3C,715,5/8/26 20:30,52.401,
Plot Title: 5S3C,716,5/8/26 20:45,51.699,
Plot Title: 5S3C,717,5/8/26 21:00,51.346,
Plot Title: 5S3C,718,5/8/26 21:15,50.819,
Plot Title: 5S3C,719,5/8/26 21:30,50.466,
Plot Title: 5S3C,720,5/8/26 21:45,50.29,
Plot Title: 5S3C,721,5/8/26 22:00,49.937,
Plot Title: 5S3C,722,5/8/26 22:15,49.404,
Plot Title: 5S3C,723,5/8/26 22:30,49.228,
Plot Title: 5S3C,724,5/8/26 22:45,48.695,
Plot Title: 5S3C,725,5/8/26 23:00,48.16,
Plot Title: 5S3C,726,5/8/26 23:15,47.624,
Plot Title: 5S3C,727,5/8/26 23:30,47.088,
Plot Title: 5S3C,728,5/8/26 23:45,46.548,
Plot Title: 5S3C,729,5/9/26 00:00,46.369,
Plot Title: 5S3C,730,5/9/26 00:15,46.188,
Plot Title: 5S3C,731,5/9/26 00:30,45.828,
Plot Title: 5S3C,732,5/9/26 00:45,45.648,
Plot Title: 5S3C,733,5/9/26 01:00,45.466,
Plot Title: 5S3C,734,5/9/26 01:15,45.466,
Plot Title: 5S3C,735,5/9/26 01:30,45.286,
Plot Title: 5S3C,736,5/9/26 01:45,44.742,
Plot Title: 5S3C,737,5/9/26 02:00,44.379,
Plot Title: 5S3C,738,5/9/26 02:15,43.831,
Plot Title: 5S3C,739,5/9/26 02:30,43.831,
Plot Title: 5S3C,740,5/9/26 02:45,43.831,
Plot Title: 5S3C,741,5/9/26 03:00,43.282,
Plot Title: 5S3C,742,5/9/26 03:15,42.732,
Plot Title: 5S3C,743,5/9/26 03:30,42.179,
Plot Title: 5S3C,744,5/9/26 03:45,41.625,
Plot Title: 5S3C,745,5/9/26 04:00,41.439,
Plot Title: 5S3C,746,5/9/26 04:15,41.067,
Plot Title: 5S3C,747,5/9/26 04:30,40.696,
Plot Title: 5S3C,748,5/9/26 04:45,40.696,
Plot Title: 5S3C,749,5/9/26 05:00,40.509,
Plot Title: 5S3C,750,5/9/26 05:15,40.696,
Plot Title: 5S3C,751,5/9/26 05:30,40.509,
Plot Title: 5S3C,752,5/9/26 05:45,40.509,
Plot Title: 5S3C,753,5/9/26 06:00,40.509,
Plot Title: 5S3C,754,5/9/26 06:15,40.509,
Plot Title: 5S3C,755,5/9/26 06:30,40.881,
Plot Title: 5S3C,756,5/9/26 06:45,41.439,
Plot Title: 5S3C,757,5/9/26 07:00,42.363,
Plot Title: 5S3C,758,5/9/26 07:15,43.466,
Plot Title: 5S3C,759,5/9/26 07:30,44.013,
Plot Title: 5S3C,760,5/9/26 07:45,44.742,
Plot Title: 5S3C,761,5/9/26 08:00,47.802,
Plot Title: 5S3C,762,5/9/26 08:15,52.225,
Plot Title: 5S3C,763,5/9/26 08:30,55.884,
Plot Title: 5S3C,764,5/9/26 08:45,60.539,
Plot Title: 5S3C,765,5/9/26 09:00,63.626,
Plot Title: 5S3C,766,5/9/26 09:15,66.708,
Plot Title: 5S3C,767,5/9/26 09:30,68.592,
Plot Title: 5S3C,768,5/9/26 09:45,66.537,
Plot Title: 5S3C,769,5/9/26 10:00,63.797,
Plot Title: 5S3C,770,5/9/26 10:15,68.934,
Plot Title: 5S3C,771,5/9/26 10:30,75.484,
Plot Title: 5S3C,772,5/9/26 10:45,70.48,
Plot Title: 5S3C,773,5/9/26 11:00,81.09,
Plot Title: 5S3C,774,5/9/26 11:15,78.274,
Plot Title: 5S3C,775,5/9/26 11:30,85.194,
Plot Title: 5S3C,776,5/9/26 11:45,83.221,
Plot Title: 5S3C,777,5/9/26 12:00,88.099,
Plot Title: 5S3C,778,5/9/26 12:15,90.495,
Plot Title: 5S3C,779,5/9/26 12:30,94.062,
Plot Title: 5S3C,780,5/9/26 12:45,92.55,
Plot Title: 5S3C,781,5/9/26 13:00,82.508,
Plot Title: 5S3C,782,5/9/26 13:15,76.354,
Plot Title: 5S3C,783,5/9/26 13:30,74.271,
Plot Title: 5S3C,784,5/9/26 13:45,71.856,
Plot Title: 5S3C,785,5/9/26 14:00,69.107,
Plot Title: 5S3C,786,5/9/26 14:15,66.708,
Plot Title: 5S3C,787,5/9/26 14:30,65.338,
Plot Title: 5S3C,788,5/9/26 14:45,64.996,
Plot Title: 5S3C,789,5/9/26 15:00,66.537,
Plot Title: 5S3C,790,5/9/26 15:15,69.107,
Plot Title: 5S3C,791,5/9/26 15:30,67.735,
Plot Title: 5S3C,792,5/9/26 15:45,68.763,
Plot Title: 5S3C,793,5/9/26 16:00,67.05,
Plot Title: 5S3C,794,5/9/26 16:15,64.139,
Plot Title: 5S3C,795,5/9/26 16:30,62.083,
Plot Title: 5S3C,796,5/9/26 16:45,60.195,
Plot Title: 5S3C,797,5/9/26 17:00,57.958,
Plot Title: 5S3C,798,5/9/26 17:15,56.577,
Plot Title: 5S3C,799,5/9/26 17:30,55.537,
Plot Title: 5S3C,800,5/9/26 17:45,54.669,
Plot Title: 5S3C,801,5/9/26 18:00,53.973,
Plot Title: 5S3C,802,5/9/26 18:15,53.1,
Plot Title: 5S3C,803,5/9/26 18:30,52.576,
Plot Title: 5S3C,804,5/9/26 18:45,52.225,
Plot Title: 5S3C,805,5/9/26 19:00,51.699,
Plot Title: 5S3C,806,5/9/26 19:15,51.172,
Plot Title: 5S3C,807,5/9/26 19:30,50.466,
Plot Title: 5S3C,808,5/9/26 19:45,49.759,
Plot Title: 5S3C,809,5/9/26 20:00,49.05,
Plot Title: 5S3C,810,5/9/26 20:15,48.517,
Plot Title: 5S3C,811,5/9/26 20:30,47.802,
Plot Title: 5S3C,812,5/9/26 20:45,47.088,
Plot Title: 5S3C,813,5/9/26 21:00,46.548,
Plot Title: 5S3C,814,5/9/26 21:15,46.188,
Plot Title: 5S3C,815,5/9/26 21:30,45.828,
Plot Title: 5S3C,816,5/9/26 21:45,45.466,
Plot Title: 5S3C,817,5/9/26 22:00,45.286,
Plot Title: 5S3C,818,5/9/26 22:15,44.922,
Plot Title: 5S3C,819,5/9/26 22:30,44.56,
Plot Title: 5S3C,820,5/9/26 22:45,44.379,
Plot Title: 5S3C,821,5/9/26 23:00,44.195,
Plot Title: 5S3C,822,5/9/26 23:15,44.013,
Plot Title: 5S3C,823,5/9/26 23:30,43.831,
Plot Title: 5S3C,824,5/9/26 23:45,43.648,
Plot Title: 5S3C,825,5/10/26 00:00,43.466,
Plot Title: 5S3C,826,5/10/26 00:15,43.282,
Plot Title: 5S3C,827,5/10/26 00:30,43.099,
Plot Title: 5S3C,828,5/10/26 00:45,42.915,
Plot Title: 5S3C,829,5/10/26 01:00,42.915,
Plot Title: 5S3C,830,5/10/26 01:15,42.732,
Plot Title: 5S3C,831,5/10/26 01:30,42.548,
Plot Title: 5S3C,832,5/10/26 01:45,42.363,
Plot Title: 5S3C,833,5/10/26 02:00,42.179,
Plot Title: 5S3C,834,5/10/26 02:15,41.81,
Plot Title: 5S3C,835,5/10/26 02:30,41.625,
Plot Title: 5S3C,836,5/10/26 02:45,41.254,
Plot Title: 5S3C,837,5/10/26 03:00,41.254,
Plot Title: 5S3C,838,5/10/26 03:15,40.881,
Plot Title: 5S3C,839,5/10/26 03:30,40.881,
Plot Title: 5S3C,840,5/10/26 03:45,40.509,
Plot Title: 5S3C,841,5/10/26 04:00,40.321,
Plot Title: 5S3C,842,5/10/26 04:15,40.134,
Plot Title: 5S3C,843,5/10/26 04:30,39.947,
Plot Title: 5S3C,844,5/10/26 04:45,39.76,
Plot Title: 5S3C,845,5/10/26 05:00,39.573,
Plot Title: 5S3C,846,5/10/26 05:15,39.384,
Plot Title: 5S3C,847,5/10/26 05:30,39.196,
Plot Title: 5S3C,848,5/10/26 05:45,39.196,
Plot Title: 5S3C,849,5/10/26 06:00,39.007,
Plot Title: 5S3C,850,5/10/26 06:15,38.818,
Plot Title: 5S3C,851,5/10/26 06:30,38.629,
Plot Title: 5S3C,852,5/10/26 06:45,38.818,
Plot Title: 5S3C,853,5/10/26 07:00,39.196,
Plot Title: 5S3C,854,5/10/26 07:15,40.134,
Plot Title: 5S3C,855,5/10/26 07:30,42.548,
Plot Title: 5S3C,856,5/10/26 07:45,44.56,
Plot Title: 5S3C,857,5/10/26 08:00,46.548,
Plot Title: 5S3C,858,5/10/26 08:15,49.05,
Plot Title: 5S3C,859,5/10/26 08:30,52.576,
Plot Title: 5S3C,860,5/10/26 08:45,55.537,
Plot Title: 5S3C,861,5/10/26 09:00,60.195,
Plot Title: 5S3C,862,5/10/26 09:15,64.825,
Plot Title: 5S3C,863,5/10/26 09:30,68.934,
Plot Title: 5S3C,864,5/10/26 09:45,73.062,
Plot Title: 5S3C,865,5/10/26 10:00,73.926,
Plot Title: 5S3C,866,5/10/26 10:15,79.853,
Plot Title: 5S3C,867,5/10/26 10:30,84.654,
Plot Title: 5S3C,868,5/10/26 10:45,89.384,
Plot Title: 5S3C,869,5/10/26 11:00,93.682,
Plot Title: 5S3C,870,5/10/26 11:15,98.11,
Plot Title: 5S3C,871,5/10/26 11:30,101.685,
Plot Title: 5S3C,872,5/10/26 11:45,104.54,
Plot Title: 5S3C,873,5/10/26 12:00,107.683,
Plot Title: 5S3C,874,5/10/26 12:15,109.396,
Plot Title: 5S3C,875,5/10/26 12:30,111.36,
Plot Title: 5S3C,876,5/10/26 12:45,110.264,
Plot Title: 5S3C,877,5/10/26 13:00,94.444,
Plot Title: 5S3C,878,5/10/26 13:15,82.686,
Plot Title: 5S3C,879,5/10/26 13:30,77.749,
Plot Title: 5S3C,880,5/10/26 13:45,73.926,
Plot Title: 5S3C,881,5/10/26 14:00,69.964,
Plot Title: 5S3C,882,5/10/26 14:15,67.05,
Plot Title: 5S3C,883,5/10/26 14:30,65.167,
Plot Title: 5S3C,884,5/10/26 14:45,64.481,
Plot Title: 5S3C,885,5/10/26 15:00,67.564,
Plot Title: 5S3C,886,5/10/26 15:15,74.619,
Plot Title: 5S3C,887,5/10/26 15:30,78.449,
Plot Title: 5S3C,888,5/10/26 15:45,83.757,
Plot Title: 5S3C,889,5/10/26 16:00,77.923,
Plot Title: 5S3C,890,5/10/26 16:15,71.339,
Plot Title: 5S3C,891,5/10/26 16:30,67.564,
Plot Title: 5S3C,892,5/10/26 16:45,64.139,
Plot Title: 5S3C,893,5/10/26 17:00,62.254,
Plot Title: 5S3C,894,5/10/26 17:15,61.227,
Plot Title: 5S3C,895,5/10/26 17:30,61.054,
Plot Title: 5S3C,896,5/10/26 17:45,60.024,
Plot Title: 5S3C,897,5/10/26 18:00,58.993,
Plot Title: 5S3C,898,5/10/26 18:15,58.131,
Plot Title: 5S3C,899,5/10/26 18:30,57.441,
Plot Title: 5S3C,900,5/10/26 18:45,56.75,
Plot Title: 5S3C,901,5/10/26 19:00,56.23,
Plot Title: 5S3C,902,5/10/26 19:15,55.711,
Plot Title: 5S3C,903,5/10/26 19:30,55.189,
Plot Title: 5S3C,904,5/10/26 19:45,54.842,
Plot Title: 5S3C,905,5/10/26 20:00,54.147,
Plot Title: 5S3C,906,5/10/26 20:15,53.623,
Plot Title: 5S3C,907,5/10/26 20:30,53.274,
Plot Title: 5S3C,908,5/10/26 20:45,52.75,
Plot Title: 5S3C,909,5/10/26 21:00,52.225,
Plot Title: 5S3C,910,5/10/26 21:15,51.699,
Plot Title: 5S3C,911,5/10/26 21:30,51.523,
Plot Title: 5S3C,912,5/10/26 21:45,51.172,
Plot Title: 5S3C,913,5/10/26 22:00,50.819,
Plot Title: 5S3C,914,5/10/26 22:15,50.643,
Plot Title: 5S3C,915,5/10/26 22:30,50.466,
Plot Title: 5S3C,916,5/10/26 22:45,50.29,
Plot Title: 5S3C,917,5/10/26 23:00,49.937,
Plot Title: 5S3C,918,5/10/26 23:15,49.759,
Plot Title: 5S3C,919,5/10/26 23:30,49.937,
Plot Title: 5S3C,920,5/10/26 23:45,50.113,
Plot Title: 5S3C,921,5/11/26 00:00,50.113,
Plot Title: 5S3C,922,5/11/26 00:15,49.937,
Plot Title: 5S3C,923,5/11/26 00:30,49.759,
Plot Title: 5S3C,924,5/11/26 00:45,49.759,
Plot Title: 5S3C,925,5/11/26 01:00,49.759,
Plot Title: 5S3C,926,5/11/26 01:15,49.582,
Plot Title: 5S3C,927,5/11/26 01:30,49.404,
Plot Title: 5S3C,928,5/11/26 01:45,49.582,
Plot Title: 5S3C,929,5/11/26 02:00,49.582,
Plot Title: 5S3C,930,5/11/26 02:15,49.759,
Plot Title: 5S3C,931,5/11/26 02:30,49.404,
Plot Title: 5S3C,932,5/11/26 02:45,49.05,
Plot Title: 5S3C,933,5/11/26 03:00,48.871,
Plot Title: 5S3C,934,5/11/26 03:15,48.517,
Plot Title: 5S3C,935,5/11/26 03:30,48.339,
Plot Title: 5S3C,936,5/11/26 03:45,48.16,
Plot Title: 5S3C,937,5/11/26 04:00,47.802,
Plot Title: 5S3C,938,5/11/26 04:15,47.624,
Plot Title: 5S3C,939,5/11/26 04:30,47.446,
Plot Title: 5S3C,940,5/11/26 04:45,47.446,
Plot Title: 5S3C,941,5/11/26 05:00,47.446,
Plot Title: 5S3C,942,5/11/26 05:15,47.088,
Plot Title: 5S3C,943,5/11/26 05:30,46.908,
Plot Title: 5S3C,944,5/11/26 05:45,46.908,
Plot Title: 5S3C,945,5/11/26 06:00,46.908,
Plot Title: 5S3C,946,5/11/26 06:15,46.908,
Plot Title: 5S3C,947,5/11/26 06:30,46.908,
Plot Title: 5S3C,948,5/11/26 06:45,47.266,
Plot Title: 5S3C,949,5/11/26 07:00,47.446,
Plot Title: 5S3C,950,5/11/26 07:15,47.802,
Plot Title: 5S3C,951,5/11/26 07:30,49.937,
Plot Title: 5S3C,952,5/11/26 07:45,52.576,
Plot Title: 5S3C,953,5/11/26 08:00,55.884,
Plot Title: 5S3C,954,5/11/26 08:15,60.024,
Plot Title: 5S3C,955,5/11/26 08:30,63.968,
Plot Title: 5S3C,956,5/11/26 08:45,68.077,
Plot Title: 5S3C,957,5/11/26 09:00,72.372,
Plot Title: 5S3C,958,5/11/26 09:15,77.4,
Plot Title: 5S3C,959,5/11/26 09:30,82.508,
Plot Title: 5S3C,960,5/11/26 09:45,87.733,
Plot Title: 5S3C,961,5/11/26 10:00,92.55,
Plot Title: 5S3C,962,5/11/26 10:15,96.942,
Plot Title: 5S3C,963,5/11/26 10:30,101.484,
Plot Title: 5S3C,964,5/11/26 10:45,105.786,
Plot Title: 5S3C,965,5/11/26 11:00,108.964,
Plot Title: 5S3C,966,5/11/26 11:15,111.801,
Plot Title: 5S3C,967,5/11/26 11:30,114.492,
Plot Title: 5S3C,968,5/11/26 11:45,116.796,
Plot Title: 5S3C,969,5/11/26 12:00,118.679,
Plot Title: 5S3C,970,5/11/26 12:15,119.878,
Plot Title: 5S3C,971,5/11/26 12:30,120.848,
Plot Title: 5S3C,972,5/11/26 12:45,120.362,
Plot Title: 5S3C,973,5/11/26 13:00,104.954,
Plot Title: 5S3C,974,5/11/26 13:15,90.68,
Plot Title: 5S3C,975,5/11/26 13:30,85.014,
Plot Title: 5S3C,976,5/11/26 13:45,79.853,
Plot Title: 5S3C,977,5/11/26 14:00,75.659,
Plot Title: 5S3C,978,5/11/26 14:15,72.199,
Plot Title: 5S3C,979,5/11/26 14:30,70.308,
Plot Title: 5S3C,980,5/11/26 14:45,69.622,
Plot Title: 5S3C,981,5/11/26 15:00,71.856,
Plot Title: 5S3C,982,5/11/26 15:15,77.923,
Plot Title: 5S3C,983,5/11/26 15:30,81.09,
Plot Title: 5S3C,984,5/11/26 15:45,83.757,
Plot Title: 5S3C,985,5/11/26 16:00,79.326,
Plot Title: 5S3C,986,5/11/26 16:15,73.58,
Plot Title: 5S3C,987,5/11/26 16:30,70.137,
Plot Title: 5S3C,988,5/11/26 16:45,67.221,
Plot Title: 5S3C,989,5/11/26 17:00,64.996,
Plot Title: 5S3C,990,5/11/26 17:15,63.455,
Plot Title: 5S3C,991,5/11/26 17:30,62.083,
Plot Title: 5S3C,992,5/11/26 17:45,61.054,
Plot Title: 5S3C,993,5/11/26 18:00,60.195,
Plot Title: 5S3C,994,5/11/26 18:15,59.508,
Plot Title: 5S3C,995,5/11/26 18:30,58.647,
Plot Title: 5S3C,996,5/11/26 18:45,57.958,
Plot Title: 5S3C,997,5/11/26 19:00,57.268,
Plot Title: 5S3C,998,5/11/26 19:15,56.75,
Plot Title: 5S3C,999,5/11/26 19:30,56.23,
Plot Title: 5S3C,1000,5/11/26 19:45,55.711,
Plot Title: 5S3C,1001,5/11/26 20:00,55.189,
Plot Title: 5S3C,1002,5/11/26 20:15,54.322,
Plot Title: 5S3C,1003,5/11/26 20:30,53.449,
Plot Title: 5S3C,1004,5/11/26 20:45,52.576,
Plot Title: 5S3C,1005,5/11/26 21:00,51.874,
Plot Title: 5S3C,1006,5/11/26 21:15,51.172,
Plot Title: 5S3C,1007,5/11/26 21:30,50.643,
Plot Title: 5S3C,1008,5/11/26 21:45,50.113,
Plot Title: 5S3C,1009,5/11/26 22:00,49.759,
Plot Title: 5S3C,1010,5/11/26 22:15,49.404,
Plot Title: 5S3C,1011,5/11/26 22:30,49.05,
Plot Title: 5S3C,1012,5/11/26 22:45,48.871,
Plot Title: 5S3C,1013,5/11/26 23:00,48.517,
Plot Title: 5S3C,1014,5/11/26 23:15,48.16,
Plot Title: 5S3C,1015,5/11/26 23:30,47.982,
Plot Title: 5S3C,1016,5/11/26 23:45,47.624,
Plot Title: 5S3C,1017,5/12/26 00:00,47.266,
Plot Title: 5S3C,1018,5/12/26 00:15,47.088,
Plot Title: 5S3C,1019,5/12/26 00:30,46.908,
Plot Title: 5S3C,1020,5/12/26 00:45,46.728,
Plot Title: 5S3C,1021,5/12/26 01:00,46.369,
Plot Title: 5S3C,1022,5/12/26 01:15,46.188,
Plot Title: 5S3C,1023,5/12/26 01:30,45.828,
Plot Title: 5S3C,1024,5/12/26 01:45,45.648,
Plot Title: 5S3C,1025,5/12/26 02:00,45.466,
Plot Title: 5S3C,1026,5/12/26 02:15,45.286,
Plot Title: 5S3C,1027,5/12/26 02:30,45.104,
Plot Title: 5S3C,1028,5/12/26 02:45,44.922,
Plot Title: 5S3C,1029,5/12/26 03:00,44.742,
Plot Title: 5S3C,1030,5/12/26 03:15,44.56,
Plot Title: 5S3C,1031,5/12/26 03:30,44.379,
Plot Title: 5S3C,1032,5/12/26 03:45,44.195,
Plot Title: 5S3C,1033,5/12/26 04:00,44.013,
Plot Title: 5S3C,1034,5/12/26 04:15,43.648,
Plot Title: 5S3C,1035,5/12/26 04:30,43.466,
Plot Title: 5S3C,1036,5/12/26 04:45,43.282,
Plot Title: 5S3C,1037,5/12/26 05:00,43.099,
Plot Title: 5S3C,1038,5/12/26 05:15,42.915,
Plot Title: 5S3C,1039,5/12/26 05:30,42.732,
Plot Title: 5S3C,1040,5/12/26 05:45,42.732,
Plot Title: 5S3C,1041,5/12/26 06:00,42.363,
Plot Title: 5S3C,1042,5/12/26 06:15,42.179,
Plot Title: 5S3C,1043,5/12/26 06:30,42.179,
Plot Title: 5S3C,1044,5/12/26 06:45,42.732,
Plot Title: 5S3C,1045,5/12/26 07:00,43.282,
Plot Title: 5S3C,1046,5/12/26 07:15,44.379,
Plot Title: 5S3C,1047,5/12/26 07:30,46.728,
Plot Title: 5S3C,1048,5/12/26 07:45,49.05,
Plot Title: 5S3C,1049,5/12/26 08:00,50.995,
Plot Title: 5S3C,1050,5/12/26 08:15,53.798,
Plot Title: 5S3C,1051,5/12/26 08:30,57.268,
Plot Title: 5S3C,1052,5/12/26 08:45,60.883,
Plot Title: 5S3C,1053,5/12/26 09:00,65.851,
Plot Title: 5S3C,1054,5/12/26 09:15,70.651,
Plot Title: 5S3C,1055,5/12/26 09:30,76.006,
Plot Title: 5S3C,1056,5/12/26 09:45,81.266,
Plot Title: 5S3C,1057,5/12/26 10:00,86.641,
Plot Title: 5S3C,1058,5/12/26 10:15,91.8,
Plot Title: 5S3C,1059,5/12/26 10:30,96.555,
Plot Title: 5S3C,1060,5/12/26 10:45,101.282,
Plot Title: 5S3C,1061,5/12/26 11:00,105.37,
Plot Title: 5S3C,1062,5/12/26 11:15,109.18,
Plot Title: 5S3C,1063,5/12/26 11:30,112.69,
Plot Title: 5S3C,1064,5/12/26 11:45,114.949,
Plot Title: 5S3C,1065,5/12/26 12:00,117.028,
Plot Title: 5S3C,1066,5/12/26 12:15,117.732,
Plot Title: 5S3C,1067,5/12/26 12:30,117.732,
Plot Title: 5S3C,1068,5/12/26 12:45,117.498,
Plot Title: 5S3C,1069,5/12/26 13:00,106.205,
Plot Title: 5S3C,1070,5/12/26 13:15,93.304,
Plot Title: 5S3C,1071,5/12/26 13:30,87.552,
Plot Title: 5S3C,1072,5/12/26 13:45,82.33,
Plot Title: 5S3C,1073,5/12/26 14:00,77.923,
Plot Title: 5S3C,1074,5/12/26 14:15,74.098,
Plot Title: 5S3C,1075,5/12/26 14:30,71.168,
Plot Title: 5S3C,1076,5/12/26 14:45,70.137,
Plot Title: 5S3C,1077,5/12/26 15:00,70.651,
Plot Title: 5S3C,1078,5/12/26 15:15,77.749,
Plot Title: 5S3C,1079,5/12/26 15:30,82.686,
Plot Title: 5S3C,1080,5/12/26 15:45,88.099,
Plot Title: 5S3C,1081,5/12/26 16:00,81.797,
Plot Title: 5S3C,1082,5/12/26 16:15,74.271,
Plot Title: 5S3C,1083,5/12/26 16:30,69.964,
Plot Title: 5S3C,1084,5/12/26 16:45,67.05,
Plot Title: 5S3C,1085,5/12/26 17:00,64.996,
Plot Title: 5S3C,1086,5/12/26 17:15,63.626,
Plot Title: 5S3C,1087,5/12/26 17:30,62.598,
Plot Title: 5S3C,1088,5/12/26 17:45,61.741,
Plot Title: 5S3C,1089,5/12/26 18:00,61.054,
Plot Title: 5S3C,1090,5/12/26 18:15,60.539,
Plot Title: 5S3C,1091,5/12/26 18:30,60.024,
Plot Title: 5S3C,1092,5/12/26 18:45,59.851,
Plot Title: 5S3C,1093,5/12/26 19:00,59.508,
Plot Title: 5S3C,1094,5/12/26 19:15,59.164,
Plot Title: 5S3C,1095,5/12/26 19:30,58.82,
Plot Title: 5S3C,1096,5/12/26 19:45,58.647,
Plot Title: 5S3C,1097,5/12/26 20:00,58.303,
Plot Title: 5S3C,1098,5/12/26 20:15,57.614,
Plot Title: 5S3C,1099,5/12/26 20:30,56.75,
Plot Title: 5S3C,1100,5/12/26 20:45,55.711,
Plot Title: 5S3C,1101,5/12/26 21:00,55.017,
Plot Title: 5S3C,1102,5/12/26 21:15,54.495,
Plot Title: 5S3C,1103,5/12/26 21:30,53.973,
Plot Title: 5S3C,1104,5/12/26 21:45,53.623,
Plot Title: 5S3C,1105,5/12/26 22:00,53.449,
Plot Title: 5S3C,1106,5/12/26 22:15,53.1,
Plot Title: 5S3C,1107,5/12/26 22:30,52.925,
Plot Title: 5S3C,1108,5/12/26 22:45,52.75,
Plot Title: 5S3C,1109,5/12/26 23:00,52.576,
Plot Title: 5S3C,1110,5/12/26 23:15,52.225,
Plot Title: 5S3C,1111,5/12/26 23:30,52.05,
Plot Title: 5S3C,1112,5/12/26 23:45,51.874,
Plot Title: 5S3C,1113,5/13/26 00:00,51.874,
Plot Title: 5S3C,1114,5/13/26 00:15,51.699,
Plot Title: 5S3C,1115,5/13/26 00:30,51.346,
Plot Title: 5S3C,1116,5/13/26 00:45,50.995,
Plot Title: 5S3C,1117,5/13/26 01:00,50.819,
Plot Title: 5S3C,1118,5/13/26 01:15,50.643,
Plot Title: 5S3C,1119,5/13/26 01:30,50.466,
Plot Title: 5S3C,1120,5/13/26 01:45,50.29,
Plot Title: 5S3C,1121,5/13/26 02:00,50.113,
Plot Title: 5S3C,1122,5/13/26 02:15,49.937,
Plot Title: 5S3C,1123,5/13/26 02:30,49.937,
Plot Title: 5S3C,1124,5/13/26 02:45,49.759,
Plot Title: 5S3C,1125,5/13/26 03:00,49.582,
Plot Title: 5S3C,1126,5/13/26 03:15,49.759,
Plot Title: 5S3C,1127,5/13/26 03:30,49.759,
Plot Title: 5S3C,1128,5/13/26 03:45,49.582,
Plot Title: 5S3C,1129,5/13/26 04:00,49.228,
Plot Title: 5S3C,1130,5/13/26 04:15,49.05,
Plot Title: 5S3C,1131,5/13/26 04:30,48.871,
Plot Title: 5S3C,1132,5/13/26 04:45,48.517,
Plot Title: 5S3C,1133,5/13/26 05:00,48.16,
Plot Title: 5S3C,1134,5/13/26 05:15,47.982,
Plot Title: 5S3C,1135,5/13/26 05:30,47.802,
Plot Title: 5S3C,1136,5/13/26 05:45,47.802,
Plot Title: 5S3C,1137,5/13/26 06:00,47.624,
Plot Title: 5S3C,1138,5/13/26 06:15,47.802,
Plot Title: 5S3C,1139,5/13/26 06:30,47.624,
Plot Title: 5S3C,1140,5/13/26 06:45,47.624,
Plot Title: 5S3C,1141,5/13/26 07:00,47.982,
Plot Title: 5S3C,1142,5/13/26 07:15,49.228,
Plot Title: 5S3C,1143,5/13/26 07:30,52.05,
Plot Title: 5S3C,1144,5/13/26 07:45,54.842,
Plot Title: 5S3C,1145,5/13/26 08:00,57.785,
Plot Title: 5S3C,1146,5/13/26 08:15,61.054,
Plot Title: 5S3C,1147,5/13/26 08:30,62.425,
Plot Title: 5S3C,1148,5/13/26 08:45,65.509,
Plot Title: 5S3C,1149,5/13/26 09:00,69.449,
Plot Title: 5S3C,1150,5/13/26 09:15,68.763,
Plot Title: 5S3C,1151,5/13/26 09:30,75.832,
Plot Title: 5S3C,1152,5/13/26 09:45,82.686,
Plot Title: 5S3C,1153,5/13/26 10:00,87.733,
Plot Title: 5S3C,1154,5/13/26 10:15,92.737,
Plot Title: 5S3C,1155,5/13/26 10:30,96.555,
Plot Title: 5S3C,1156,5/13/26 10:45,101.082,
Plot Title: 5S3C,1157,5/13/26 11:00,105.37,
Plot Title: 5S3C,1158,5/13/26 11:15,108.964,
Plot Title: 5S3C,1159,5/13/26 11:30,112.023,
Plot Title: 5S3C,1160,5/13/26 11:45,114.265,
Plot Title: 5S3C,1161,5/13/26 12:00,116.796,
Plot Title: 5S3C,1162,5/13/26 12:15,112.023,
Plot Title: 5S3C,1163,5/13/26 12:30,113.814,
Plot Title: 5S3C,1164,5/13/26 12:45,116.796,
Plot Title: 5S3C,1165,5/13/26 13:00,108.536,
Plot Title: 5S3C,1166,5/13/26 13:15,94.825,
Plot Title: 5S3C,1167,5/13/26 13:30,87.552,
Plot Title: 5S3C,1168,5/13/26 13:45,82.508,
Plot Title: 5S3C,1169,5/13/26 14:00,78.975,
Plot Title: 5S3C,1170,5/13/26 14:15,76.528,
Plot Title: 5S3C,1171,5/13/26 14:30,74.791,
Plot Title: 5S3C,1172,5/13/26 14:45,74.098,
Plot Title: 5S3C,1173,5/13/26 15:00,72.891,
Plot Title: 5S3C,1174,5/13/26 15:15,72.028,
Plot Title: 5S3C,1175,5/13/26 15:30,74.271,
Plot Title: 5S3C,1176,5/13/26 15:45,75.139,
Plot Title: 5S3C,1177,5/13/26 16:00,73.58,
Plot Title: 5S3C,1178,5/13/26 16:15,71.339,
Plot Title: 5S3C,1179,5/13/26 16:30,69.107,
Plot Title: 5S3C,1180,5/13/26 16:45,67.735,
Plot Title: 5S3C,1181,5/13/26 17:00,66.879,
Plot Title: 5S3C,1182,5/13/26 17:15,65.68,
Plot Title: 5S3C,1183,5/13/26 17:30,64.481,
Plot Title: 5S3C,1184,5/13/26 17:45,63.626,
Plot Title: 5S3C,1185,5/13/26 18:00,63.282,
Plot Title: 5S3C,1186,5/13/26 18:15,62.425,
Plot Title: 5S3C,1187,5/13/26 18:30,62.254,
Plot Title: 5S3C,1188,5/13/26 18:45,61.569,
Plot Title: 5S3C,1189,5/13/26 19:00,60.195,
Plot Title: 5S3C,1190,5/13/26 19:15,59.337,
Plot Title: 5S3C,1191,5/13/26 19:30,58.647,
Plot Title: 5S3C,1192,5/13/26 19:45,58.131,
Plot Title: 5S3C,1193,5/13/26 20:00,57.614,
Plot Title: 5S3C,1194,5/13/26 20:15,57.441,
Plot Title: 5S3C,1195,5/13/26 20:30,56.23,
Plot Title: 5S3C,1196,5/13/26 20:45,55.189,
Plot Title: 5S3C,1197,5/13/26 21:00,54.147,
Plot Title: 5S3C,1198,5/13/26 21:15,52.75,
Plot Title: 5S3C,1199,5/13/26 21:30,51.523,
Plot Title: 5S3C,1200,5/13/26 21:45,50.29,
Plot Title: 5S3C,1201,5/13/26 22:00,49.404,
Plot Title: 5S3C,1202,5/13/26 22:15,48.695,
Plot Title: 5S3C,1203,5/13/26 22:30,48.339,
Plot Title: 5S3C,1204,5/13/26 22:45,47.982,
Plot Title: 5S3C,1205,5/13/26 23:00,47.446,
Plot Title: 5S3C,1206,5/13/26 23:15,46.908,
Plot Title: 5S3C,1207,5/13/26 23:30,46.369,
Plot Title: 5S3C,1208,5/13/26 23:45,45.648,
Plot Title: 5S3C,1209,5/14/26 00:00,45.104,
Plot Title: 5S3C,1210,5/14/26 00:15,44.56,
Plot Title: 5S3C,1211,5/14/26 00:30,44.195,
Plot Title: 5S3C,1212,5/14/26 00:45,43.831,
Plot Title: 5S3C,1213,5/14/26 01:00,43.282,
Plot Title: 5S3C,1214,5/14/26 01:15,43.099,
Plot Title: 5S3C,1215,5/14/26 01:30,42.732,
Plot Title: 5S3C,1216,5/14/26 01:45,42.548,
Plot Title: 5S3C,1217,5/14/26 02:00,42.363,
Plot Title: 5S3C,1218,5/14/26 02:15,42.363,
Plot Title: 5S3C,1219,5/14/26 02:30,42.179,
Plot Title: 5S3C,1220,5/14/26 02:45,41.81,
Plot Title: 5S3C,1221,5/14/26 03:00,41.625,
Plot Title: 5S3C,1222,5/14/26 03:15,41.439,
Plot Title: 5S3C,1223,5/14/26 03:30,41.067,
Plot Title: 5S3C,1224,5/14/26 03:45,41.067,
Plot Title: 5S3C,1225,5/14/26 04:00,40.696,
Plot Title: 5S3C,1226,5/14/26 04:15,40.509,
Plot Title: 5S3C,1227,5/14/26 04:30,40.134,
Plot Title: 5S3C,1228,5/14/26 04:45,39.947,
Plot Title: 5S3C,1229,5/14/26 05:00,39.947,
Plot Title: 5S3C,1230,5/14/26 05:15,39.947,
Plot Title: 5S3C,1231,5/14/26 05:30,39.76,
Plot Title: 5S3C,1232,5/14/26 05:45,39.76,
Plot Title: 5S3C,1233,5/14/26 06:00,39.76,
Plot Title: 5S3C,1234,5/14/26 06:15,39.573,
Plot Title: 5S3C,1235,5/14/26 06:30,39.76,
Plot Title: 5S3C,1236,5/14/26 06:45,40.321,
Plot Title: 5S3C,1237,5/14/26 07:00,40.881,
Plot Title: 5S3C,1238,5/14/26 07:15,41.994,
Plot Title: 5S3C,1239,5/14/26 07:30,44.742,
Plot Title: 5S3C,1240,5/14/26 07:45,47.446,
Plot Title: 5S3C,1241,5/14/26 08:00,49.937,
Plot Title: 5S3C,1242,5/14/26 08:15,52.925,
Plot Title: 5S3C,1243,5/14/26 08:30,56.577,
Plot Title: 5S3C,1244,5/14/26 08:45,60.712,
Plot Title: 5S3C,1245,5/14/26 09:00,64.825,
Plot Title: 5S3C,1246,5/14/26 09:15,69.449,
Plot Title: 5S3C,1247,5/14/26 09:30,74.791,
Plot Title: 5S3C,1248,5/14/26 09:45,79.853,
Plot Title: 5S3C,1249,5/14/26 10:00,80.382,
Plot Title: 5S3C,1250,5/14/26 10:15,85.374,
Plot Title: 5S3C,1251,5/14/26 10:30,91.053,
Plot Title: 5S3C,1252,5/14/26 10:45,96.168,
Plot Title: 5S3C,1253,5/14/26 11:00,100.083,
Plot Title: 5S3C,1254,5/14/26 11:15,103.923,
Plot Title: 5S3C,1255,5/14/26 11:30,106.835,
Plot Title: 5S3C,1256,5/14/26 11:45,109.18,
Plot Title: 5S3C,1257,5/14/26 12:00,112.023,
Plot Title: 5S3C,1258,5/14/26 12:15,115.407,
Plot Title: 5S3C,1259,5/14/26 12:30,117.732,
Plot Title: 5S3C,1260,5/14/26 12:45,118.679,
Plot Title: 5S3C,1261,5/14/26 13:00,111.36,
Plot Title: 5S3C,1262,5/14/26 13:15,93.115,
Plot Title: 5S3C,1263,5/14/26 13:30,84.115,
Plot Title: 5S3C,1264,5/14/26 13:45,77.749,
Plot Title: 5S3C,1265,5/14/26 14:00,73.407,
Plot Title: 5S3C,1266,5/14/26 14:15,71.512,
Plot Title: 5S3C,1267,5/14/26 14:30,69.793,
Plot Title: 5S3C,1268,5/14/26 14:45,68.934,
Plot Title: 5S3C,1269,5/14/26 15:00,69.278,
Plot Title: 5S3C,1270,5/14/26 15:15,72.718,
Plot Title: 5S3C,1271,5/14/26 15:30,72.199,
Plot Title: 5S3C,1272,5/14/26 15:45,71.683,
Plot Title: 5S3C,1273,5/14/26 16:00,69.793,
Plot Title: 5S3C,1274,5/14/26 16:15,67.392,
Plot Title: 5S3C,1275,5/14/26 16:30,65.851,
Plot Title: 5S3C,1276,5/14/26 16:45,64.481,
Plot Title: 5S3C,1277,5/14/26 17:00,62.769,
Plot Title: 5S3C,1278,5/14/26 17:15,61.741,
Plot Title: 5S3C,1279,5/14/26 17:30,61.054,
Plot Title: 5S3C,1280,5/14/26 17:45,59.851,
Plot Title: 5S3C,1281,5/14/26 18:00,58.82,
Plot Title: 5S3C,1282,5/14/26 18:15,57.958,
Plot Title: 5S3C,1283,5/14/26 18:30,57.268,
Plot Title: 5S3C,1284,5/14/26 18:45,56.577,
Plot Title: 5S3C,1285,5/14/26 19:00,56.057,
Plot Title: 5S3C,1286,5/14/26 19:15,55.537,
Plot Title: 5S3C,1287,5/14/26 19:30,54.842,
Plot Title: 5S3C,1288,5/14/26 19:45,54.322,
Plot Title: 5S3C,1289,5/14/26 20:00,53.798,
Plot Title: 5S3C,1290,5/14/26 20:15,53.1,
Plot Title: 5S3C,1291,5/14/26 20:30,52.401,
Plot Title: 5S3C,1292,5/14/26 20:45,51.699,
Plot Title: 5S3C,1293,5/14/26 21:00,51.172,
Plot Title: 5S3C,1294,5/14/26 21:15,50.819,
Plot Title: 5S3C,1295,5/14/26 21:30,50.466,
Plot Title: 5S3C,1296,5/14/26 21:45,50.29,
Plot Title: 5S3C,1297,5/14/26 22:00,49.937,
Plot Title: 5S3C,1298,5/14/26 22:15,49.582,
Plot Title: 5S3C,1299,5/14/26 22:30,49.228,
Plot Title: 5S3C,1300,5/14/26 22:45,49.05,
Plot Title: 5S3C,1301,5/14/26 23:00,48.695,
Plot Title: 5S3C,1302,5/14/26 23:15,48.517,
Plot Title: 5S3C,1303,5/14/26 23:30,48.339,
Plot Title: 5S3C,1304,5/14/26 23:45,47.982,
Plot Title: 5S3C,1305,5/15/26 00:00,47.624,
Plot Title: 5S3C,1306,5/15/26 00:15,47.088,
Plot Title: 5S3C,1307,5/15/26 00:30,46.728,
Plot Title: 5S3C,1308,5/15/26 00:45,46.008,
Plot Title: 5S3C,1309,5/15/26 01:00,45.466,
Plot Title: 5S3C,1310,5/15/26 01:15,44.56,
Plot Title: 5S3C,1311,5/15/26 01:30,43.831,
Plot Title: 5S3C,1312,5/15/26 01:45,43.282,
Plot Title: 5S3C,1313,5/15/26 02:00,42.915,
Plot Title: 5S3C,1314,5/15/26 02:15,42.548,
Plot Title: 5S3C,1315,5/15/26 02:30,42.363,
Plot Title: 5S3C,1316,5/15/26 02:45,42.363,
Plot Title: 5S3C,1317,5/15/26 03:00,42.179,
Plot Title: 5S3C,1318,5/15/26 03:15,41.81,
Plot Title: 5S3C,1319,5/15/26 03:30,41.625,
Plot Title: 5S3C,1320,5/15/26 03:45,41.439,
Plot Title: 5S3C,1321,5/15/26 04:00,41.254,
Plot Title: 5S3C,1322,5/15/26 04:15,41.067,
Plot Title: 5S3C,1323,5/15/26 04:30,41.067,
Plot Title: 5S3C,1324,5/15/26 04:45,41.067,
Plot Title: 5S3C,1325,5/15/26 05:00,41.254,
Plot Title: 5S3C,1326,5/15/26 05:15,41.254,
Plot Title: 5S3C,1327,5/15/26 05:30,41.067,
Plot Title: 5S3C,1328,5/15/26 05:45,40.881,
Plot Title: 5S3C,1329,5/15/26 06:00,40.881,
Plot Title: 5S3C,1330,5/15/26 06:15,41.067,
Plot Title: 5S3C,1331,5/15/26 06:30,41.067,
Plot Title: 5S3C,1332,5/15/26 06:45,41.439,
Plot Title: 5S3C,1333,5/15/26 07:00,41.994,
Plot Title: 5S3C,1334,5/15/26 07:15,42.179,
Plot Title: 5S3C,1335,5/15/26 07:30,43.831,
Plot Title: 5S3C,1336,5/15/26 07:45,47.266,
Plot Title: 5S3C,1337,5/15/26 08:00,50.466,
Plot Title: 5S3C,1338,5/15/26 08:15,51.874,
Plot Title: 5S3C,1339,5/15/26 08:30,55.537,
Plot Title: 5S3C,1340,5/15/26 08:45,60.883,
Plot Title: 5S3C,1341,5/15/26 09:00,66.708,
Plot Title: 5S3C,1342,5/15/26 09:15,73.062,
Plot Title: 5S3C,1343,5/15/26 09:30,78.8,
Plot Title: 5S3C,1344,5/15/26 09:45,83.221,
Plot Title: 5S3C,1345,5/15/26 10:00,88.466,
Plot Title: 5S3C,1346,5/15/26 10:15,93.115,
Plot Title: 5S3C,1347,5/15/26 10:30,97.137,
Plot Title: 5S3C,1348,5/15/26 10:45,100.483,
Plot Title: 5S3C,1349,5/15/26 11:00,104.954,
Plot Title: 5S3C,1350,5/15/26 11:15,108.536,
Plot Title: 5S3C,1351,5/15/26 11:30,111.801,
Plot Title: 5S3C,1352,5/15/26 11:45,114.039,
Plot Title: 5S3C,1353,5/15/26 12:00,115.867,
Plot Title: 5S3C,1354,5/15/26 12:15,118.206,
Plot Title: 5S3C,1355,5/15/26 12:30,120.605,
Plot Title: 5S3C,1356,5/15/26 12:45,121.829,
Plot Title: 5S3C,1357,5/15/26 13:00,117.732,
Plot Title: 5S3C,1358,5/15/26 13:15,97.72,
Plot Title: 5S3C,1359,5/15/26 13:30,87.915,
Plot Title: 5S3C,1360,5/15/26 13:45,79.853,
Plot Title: 5S3C,1361,5/15/26 14:00,74.619,
Plot Title: 5S3C,1362,5/15/26 14:15,71.683,
Plot Title: 5S3C,1363,5/15/26 14:30,70.651,
Plot Title: 5S3C,1364,5/15/26 14:45,71.683,
Plot Title: 5S3C,1365,5/15/26 15:00,72.718,
Plot Title: 5S3C,1366,5/15/26 15:15,78.624,
Plot Title: 5S3C,1367,5/15/26 15:30,83.757,
Plot Title: 5S3C,1368,5/15/26 15:45,88.65,
Plot Title: 5S3C,1369,5/15/26 16:00,83.399,
Plot Title: 5S3C,1370,5/15/26 16:15,75.484,
Plot Title: 5S3C,1371,5/15/26 16:30,71.339,
Plot Title: 5S3C,1372,5/15/26 16:45,68.421,
Plot Title: 5S3C,1373,5/15/26 17:00,67.05,
Plot Title: 5S3C,1374,5/15/26 17:15,65.68,
Plot Title: 5S3C,1375,5/15/26 17:30,64.825,
Plot Title: 5S3C,1376,5/15/26 17:45,63.626,
Plot Title: 5S3C,1377,5/15/26 18:00,62.769,
Plot Title: 5S3C,1378,5/15/26 18:15,61.569,
Plot Title: 5S3C,1379,5/15/26 18:30,60.195,
Plot Title: 5S3C,1380,5/15/26 18:45,58.82,
Plot Title: 5S3C,1381,5/15/26 19:00,58.131,
Plot Title: 5S3C,1382,5/15/26 19:15,57.268,
Plot Title: 5S3C,1383,5/15/26 19:30,56.404,
Plot Title: 5S3C,1384,5/15/26 19:45,55.364,
Plot Title: 5S3C,1385,5/15/26 20:00,54.147,
Plot Title: 5S3C,1386,5/15/26 20:15,53.1,
Plot Title: 5S3C,1387,5/15/26 20:30,52.401,
Plot Title: 5S3C,1388,5/15/26 20:45,51.523,
Plot Title: 5S3C,1389,5/15/26 21:00,50.819,
Plot Title: 5S3C,1390,5/15/26 21:15,50.29,
Plot Title: 5S3C,1391,5/15/26 21:30,49.937,
Plot Title: 5S3C,1392,5/15/26 21:45,49.404,
Plot Title: 5S3C,1393,5/15/26 22:00,49.05,
Plot Title: 5S3C,1394,5/15/26 22:15,48.871,
Plot Title: 5S3C,1395,5/15/26 22:30,48.517,
Plot Title: 5S3C,1396,5/15/26 22:45,48.16,
Plot Title: 5S3C,1397,5/15/26 23:00,47.802,
Plot Title: 5S3C,1398,5/15/26 23:15,47.446,
Plot Title: 5S3C,1399,5/15/26 23:30,47.088,
Plot Title: 5S3C,1400,5/15/26 23:45,46.548,
Plot Title: 5S3C,1401,5/16/26 00:00,46.369,
Plot Title: 5S3C,1402,5/16/26 00:15,46.188,
Plot Title: 5S3C,1403,5/16/26 00:30,45.828,
Plot Title: 5S3C,1404,5/16/26 00:45,45.648,
Plot Title: 5S3C,1405,5/16/26 01:00,45.466,
Plot Title: 5S3C,1406,5/16/26 01:15,45.104,
Plot Title: 5S3C,1407,5/16/26 01:30,44.922,
Plot Title: 5S3C,1408,5/16/26 01:45,44.922,
Plot Title: 5S3C,1409,5/16/26 02:00,44.742,
Plot Title: 5S3C,1410,5/16/26 02:15,44.379,
Plot Title: 5S3C,1411,5/16/26 02:30,44.195,
Plot Title: 5S3C,1412,5/16/26 02:45,44.013,
Plot Title: 5S3C,1413,5/16/26 03:00,44.013,
Plot Title: 5S3C,1414,5/16/26 03:15,43.831,
Plot Title: 5S3C,1415,5/16/26 03:30,43.466,
Plot Title: 5S3C,1416,5/16/26 03:45,43.282,
Plot Title: 5S3C,1417,5/16/26 04:00,43.099,
Plot Title: 5S3C,1418,5/16/26 04:15,43.282,
Plot Title: 5S3C,1419,5/16/26 04:30,43.282,
Plot Title: 5S3C,1420,5/16/26 04:45,43.099,
Plot Title: 5S3C,1421,5/16/26 05:00,43.099,
Plot Title: 5S3C,1422,5/16/26 05:15,42.915,
Plot Title: 5S3C,1423,5/16/26 05:30,42.915,
Plot Title: 5S3C,1424,5/16/26 05:45,42.915,
Plot Title: 5S3C,1425,5/16/26 06:00,42.732,
Plot Title: 5S3C,1426,5/16/26 06:15,42.732,
Plot Title: 5S3C,1427,5/16/26 06:30,42.732,
Plot Title: 5S3C,1428,5/16/26 06:45,43.099,
Plot Title: 5S3C,1429,5/16/26 07:00,43.466,
Plot Title: 5S3C,1430,5/16/26 07:15,44.013,
Plot Title: 5S3C,1431,5/16/26 07:30,44.195,
Plot Title: 5S3C,1432,5/16/26 07:45,44.742,
Plot Title: 5S3C,1433,5/16/26 08:00,45.104,
Plot Title: 5S3C,1434,5/16/26 08:15,45.648,
Plot Title: 5S3C,1435,5/16/26 08:30,47.446,
Plot Title: 5S3C,1436,5/16/26 08:45,52.576,
Plot Title: 5S3C,1437,5/16/26 09:00,60.883,
Plot Title: 5S3C,1438,5/16/26 09:15,66.537,
Plot Title: 5S3C,1439,5/16/26 09:30,65.509,
Plot Title: 5S3C,1440,5/16/26 09:45,60.195,
Plot Title: 5S3C,1441,5/16/26 10:00,58.993,
Plot Title: 5S3C,1442,5/16/26 10:15,59.851,
Plot Title: 5S3C,1443,5/16/26 10:30,59.164,
Plot Title: 5S3C,1444,5/16/26 10:45,58.993,
Plot Title: 5S3C,1445,5/16/26 11:00,61.569,
Plot Title: 5S3C,1446,5/16/26 11:15,62.254,
Plot Title: 5S3C,1447,5/16/26 11:30,60.539,
Plot Title: 5S3C,1448,5/16/26 11:45,61.569,
Plot Title: 5S3C,1449,5/16/26 12:00,61.741,
Plot Title: 5S3C,1450,5/16/26 12:15,62.94,
Plot Title: 5S3C,1451,5/16/26 12:30,62.425,
Plot Title: 5S3C,1452,5/16/26 12:45,62.083,
Plot Title: 5S3C,1453,5/16/26 13:00,60.712,
Plot Title: 5S3C,1454,5/16/26 13:15,60.539,
Plot Title: 5S3C,1455,5/16/26 13:30,58.82,
Plot Title: 5S3C,1456,5/16/26 13:45,57.441,
Plot Title: 5S3C,1457,5/16/26 14:00,58.303,
Plot Title: 5S3C,1458,5/16/26 14:15,58.647,
Plot Title: 5S3C,1459,5/16/26 14:30,57.441,
Plot Title: 5S3C,1460,5/16/26 14:45,57.614,
Plot Title: 5S3C,1461,5/16/26 15:00,55.884,
Plot Title: 5S3C,1462,5/16/26 15:15,53.449,
Plot Title: 5S3C,1463,5/16/26 15:30,51.874,
Plot Title: 5S3C,1464,5/16/26 15:45,50.466,
Plot Title: 5S3C,1465,5/16/26 16:00,48.517,
Plot Title: 5S3C,1466,5/16/26 16:15,48.517,
Plot Title: 5S3C,1467,5/16/26 16:30,48.16,
Plot Title: 5S3C,1468,5/16/26 16:45,47.446,
Plot Title: 5S3C,1469,5/16/26 17:00,47.266,
Plot Title: 5S3C,1470,5/16/26 17:15,46.548,
Plot Title: 5S3C,1471,5/16/26 17:30,45.828,
Plot Title: 5S3C,1472,5/16/26 17:45,45.286,
Plot Title: 5S3C,1473,5/16/26 18:00,44.742,
Plot Title: 5S3C,1474,5/16/26 18:15,44.013,
Plot Title: 5S3C,1475,5/16/26 18:30,42.915,
Plot Title: 5S3C,1476,5/16/26 18:45,42.179,
Plot Title: 5S3C,1477,5/16/26 19:00,41.81,
Plot Title: 5S3C,1478,5/16/26 19:15,41.439,
Plot Title: 5S3C,1479,5/16/26 19:30,41.254,
Plot Title: 5S3C,1480,5/16/26 19:45,41.067,
Plot Title: 5S3C,1481,5/16/26 20:00,40.881,
Plot Title: 5S3C,1482,5/16/26 20:15,40.696,
Plot Title: 5S3C,1483,5/16/26 20:30,40.696,
Plot Title: 5S3C,1484,5/16/26 20:45,40.321,
Plot Title: 5S3C,1485,5/16/26 21:00,39.947,
Plot Title: 5S3C,1486,5/16/26 21:15,39.76,
Plot Title: 5S3C,1487,5/16/26 21:30,39.76,
Plot Title: 5S3C,1488,5/16/26 21:45,39.76,
Plot Title: 5S3C,1489,5/16/26 22:00,39.76,
Plot Title: 5S3C,1490,5/16/26 22:15,39.573,
Plot Title: 5S3C,1491,5/16/26 22:30,39.573,
Plot Title: 5S3C,1492,5/16/26 22:45,39.573,
Plot Title: 5S3C,1493,5/16/26 23:00,39.573,
Plot Title: 5S3C,1494,5/16/26 23:15,39.573,
Plot Title: 5S3C,1495,5/16/26 23:30,39.384,
Plot Title: 5S3C,1496,5/16/26 23:45,39.384,
Plot Title: 5S3C,1497,5/17/26 00:00,39.384,
Plot Title: 5S3C,1498,5/17/26 00:15,39.384,
Plot Title: 5S3C,1499,5/17/26 00:30,39.384,
Plot Title: 5S3C,1500,5/17/26 00:45,39.196,
Plot Title: 5S3C,1501,5/17/26 01:00,39.196,
Plot Title: 5S3C,1502,5/17/26 01:15,39.196,
Plot Title: 5S3C,1503,5/17/26 01:30,39.196,
Plot Title: 5S3C,1504,5/17/26 01:45,39.007,
Plot Title: 5S3C,1505,5/17/26 02:00,39.007,
Plot Title: 5S3C,1506,5/17/26 02:15,39.007,
Plot Title: 5S3C,1507,5/17/26 02:30,39.007,
Plot Title: 5S3C,1508,5/17/26 02:45,38.818,
Plot Title: 5S3C,1509,5/17/26 03:00,38.818,
Plot Title: 5S3C,1510,5/17/26 03:15,38.629,
Plot Title: 5S3C,1511,5/17/26 03:30,38.629,
Plot Title: 5S3C,1512,5/17/26 03:45,38.629,
Plot Title: 5S3C,1513,5/17/26 04:00,38.629,
Plot Title: 5S3C,1514,5/17/26 04:15,38.44,
Plot Title: 5S3C,1515,5/17/26 04:30,38.44,
Plot Title: 5S3C,1516,5/17/26 04:45,38.44,
Plot Title: 5S3C,1517,5/17/26 05:00,38.44,
Plot Title: 5S3C,1518,5/17/26 05:15,38.44,
Plot Title: 5S3C,1519,5/17/26 05:30,38.25,
Plot Title: 5S3C,1520,5/17/26 05:45,38.25,
Plot Title: 5S3C,1521,5/17/26 06:00,38.25,
Plot Title: 5S3C,1522,5/17/26 06:15,38.25,
Plot Title: 5S3C,1523,5/17/26 06:30,38.25,
Plot Title: 5S3C,1524,5/17/26 06:45,38.25,
Plot Title: 5S3C,1525,5/17/26 07:00,38.061,
Plot Title: 5S3C,1526,5/17/26 07:15,38.061,
Plot Title: 5S3C,1527,5/17/26 07:30,38.061,
Plot Title: 5S3C,1528,5/17/26 07:45,38.25,
Plot Title: 5S3C,1529,5/17/26 08:00,38.25,
Plot Title: 5S3C,1530,5/17/26 08:15,38.44,
Plot Title: 5S3C,1531,5/17/26 08:30,38.629,
Plot Title: 5S3C,1532,5/17/26 08:45,38.629,
Plot Title: 5S3C,1533,5/17/26 09:00,38.44,
Plot Title: 5S3C,1534,5/17/26 09:15,38.44,
Plot Title: 5S3C,1535,5/17/26 09:30,38.44,
Plot Title: 5S3C,1536,5/17/26 09:45,38.629,
Plot Title: 5S3C,1537,5/17/26 10:00,38.629,
Plot Title: 5S3C,1538,5/17/26 10:15,38.44,
Plot Title: 5S3C,1539,5/17/26 10:30,38.44,
Plot Title: 5S3C,1540,5/17/26 10:45,38.629,
Plot Title: 5S3C,1541,5/17/26 11:00,38.818,
Plot Title: 5S3C,1542,5/17/26 11:15,39.196,
Plot Title: 5S3C,1543,5/17/26 11:30,39.76,
Plot Title: 5S3C,1544,5/17/26 11:45,40.696,
Plot Title: 5S3C,1545,5/17/26 12:00,43.099,
Plot Title: 5S3C,1546,5/17/26 12:15,51.346,
Plot Title: 5S3C,1547,5/17/26 12:30,58.131,
Plot Title: 5S3C,1548,5/17/26 12:45,67.05,
Plot Title: 5S3C,1549,5/17/26 13:00,63.111,
Plot Title: 5S3C,1550,5/17/26 13:15,58.131,
Plot Title: 5S3C,1551,5/17/26 13:30,60.368,
Plot Title: 5S3C,1552,5/17/26 13:45,58.131,
Plot Title: 5S3C,1553,5/17/26 14:00,55.537,
Plot Title: 5S3C,1554,5/17/26 14:15,53.623,
Plot Title: 5S3C,1555,5/17/26 14:30,52.75,
Plot Title: 5S3C,1556,5/17/26 14:45,52.401,
Plot Title: 5S3C,1557,5/17/26 15:00,54.322,
Plot Title: 5S3C,1558,5/17/26 15:15,52.925,
Plot Title: 5S3C,1559,5/17/26 15:30,51.346,
Plot Title: 5S3C,1560,5/17/26 15:45,49.937,
Plot Title: 5S3C,1561,5/17/26 16:00,49.228,
Plot Title: 5S3C,1562,5/17/26 16:15,49.228,
Plot Title: 5S3C,1563,5/17/26 16:30,46.369,
Plot Title: 5S3C,1564,5/17/26 16:45,43.831,
Plot Title: 5S3C,1565,5/17/26 17:00,43.466,
Plot Title: 5S3C,1566,5/17/26 17:15,43.099,
Plot Title: 5S3C,1567,5/17/26 17:30,43.466,
Plot Title: 5S3C,1568,5/17/26 17:45,43.831,
Plot Title: 5S3C,1569,5/17/26 18:00,43.648,
Plot Title: 5S3C,1570,5/17/26 18:15,43.466,
Plot Title: 5S3C,1571,5/17/26 18:30,43.831,
Plot Title: 5S3C,1572,5/17/26 18:45,43.831,
Plot Title: 5S3C,1573,5/17/26 19:00,42.915,
Plot Title: 5S3C,1574,5/17/26 19:15,42.179,
Plot Title: 5S3C,1575,5/17/26 19:30,41.439,
Plot Title: 5S3C,1576,5/17/26 19:45,40.696,
Plot Title: 5S3C,1577,5/17/26 20:00,39.947,
Plot Title: 5S3C,1578,5/17/26 20:15,39.384,
Plot Title: 5S3C,1579,5/17/26 20:30,39.007,
Plot Title: 5S3C,1580,5/17/26 20:45,38.44,
Plot Title: 5S3C,1581,5/17/26 21:00,38.061,
Plot Title: 5S3C,1582,5/17/26 21:15,37.679,
Plot Title: 5S3C,1583,5/17/26 21:30,37.488,
Plot Title: 5S3C,1584,5/17/26 21:45,37.297,
Plot Title: 5S3C,1585,5/17/26 22:00,37.107,
Plot Title: 5S3C,1586,5/17/26 22:15,36.914,
Plot Title: 5S3C,1587,5/17/26 22:30,36.723,
Plot Title: 5S3C,1588,5/17/26 22:45,36.723,
Plot Title: 5S3C,1589,5/17/26 23:00,36.531,
Plot Title: 5S3C,1590,5/17/26 23:15,36.338,
Plot Title: 5S3C,1591,5/17/26 23:30,36.338,
Plot Title: 5S3C,1592,5/17/26 23:45,36.145,
Plot Title: 5S3C,1593,5/18/26 00:00,36.145,
Plot Title: 5S3C,1594,5/18/26 00:15,35.951,
Plot Title: 5S3C,1595,5/18/26 00:30,35.951,
Plot Title: 5S3C,1596,5/18/26 00:45,35.758,
Plot Title: 5S3C,1597,5/18/26 01:00,35.758,
Plot Title: 5S3C,1598,5/18/26 01:15,35.758,
Plot Title: 5S3C,1599,5/18/26 01:30,35.564,
Plot Title: 5S3C,1600,5/18/26 01:45,35.564,
Plot Title: 5S3C,1601,5/18/26 02:00,35.37,
Plot Title: 5S3C,1602,5/18/26 02:15,35.37,
Plot Title: 5S3C,1603,5/18/26 02:30,35.37,
Plot Title: 5S3C,1604,5/18/26 02:45,35.175,
Plot Title: 5S3C,1605,5/18/26 03:00,35.175,
Plot Title: 5S3C,1606,5/18/26 03:15,35.175,
Plot Title: 5S3C,1607,5/18/26 03:30,34.981,
Plot Title: 5S3C,1608,5/18/26 03:45,34.981,
Plot Title: 5S3C,1609,5/18/26 04:00,34.981,
Plot Title: 5S3C,1610,5/18/26 04:15,34.786,
Plot Title: 5S3C,1611,5/18/26 04:30,34.786,
Plot Title: 5S3C,1612,5/18/26 04:45,34.786,
Plot Title: 5S3C,1613,5/18/26 05:00,34.59,
Plot Title: 5S3C,1614,5/18/26 05:15,34.59,
Plot Title: 5S3C,1615,5/18/26 05:30,34.59,
Plot Title: 5S3C,1616,5/18/26 05:45,34.59,
Plot Title: 5S3C,1617,5/18/26 06:00,34.394,
Plot Title: 5S3C,1618,5/18/26 06:15,34.394,
Plot Title: 5S3C,1619,5/18/26 06:30,34.394,
Plot Title: 5S3C,1620,5/18/26 06:45,34.394,
Plot Title: 5S3C,1621,5/18/26 07:00,34.198,
Plot Title: 5S3C,1622,5/18/26 07:15,34.198,
Plot Title: 5S3C,1623,5/18/26 07:30,34.198,
Plot Title: 5S3C,1624,5/18/26 07:45,34.198,
Plot Title: 5S3C,1625,5/18/26 08:00,34.198,
Plot Title: 5S3C,1626,5/18/26 08:15,34.198,
Plot Title: 5S3C,1627,5/18/26 08:30,34.198,
Plot Title: 5S3C,1628,5/18/26 08:45,34.198,
Plot Title: 5S3C,1629,5/18/26 09:00,34.198,
Plot Title: 5S3C,1630,5/18/26 09:15,34.198,
Plot Title: 5S3C,1631,5/18/26 09:30,34.198,
Plot Title: 5S3C,1632,5/18/26 09:45,34.394,
Plot Title: 5S3C,1633,5/18/26 10:00,34.394,
Plot Title: 5S3C,1634,5/18/26 10:15,34.394,
Plot Title: 5S3C,1635,5/18/26 10:30,34.394,
Plot Title: 5S3C,1636,5/18/26 10:45,34.59,
Plot Title: 5S3C,1637,5/18/26 11:00,34.59,
Plot Title: 5S3C,1638,5/18/26 11:15,34.59,
Plot Title: 5S3C,1639,5/18/26 11:30,34.786,
Plot Title: 5S3C,1640,5/18/26 11:45,34.786,
Plot Title: 5S3C,1641,5/18/26 12:00,34.981,
Plot Title: 5S3C,1642,5/18/26 12:15,35.564,
Plot Title: 5S3C,1643,5/18/26 12:30,36.723,
Plot Title: 5S3C,1644,5/18/26 12:45,40.134,
Plot Title: 5S3C,1645,5/18/26 13:00,41.254,
Plot Title: 5S3C,1646,5/18/26 13:15,41.625,
Plot Title: 5S3C,1647,5/18/26 13:30,43.099,
Plot Title: 5S3C,1648,5/18/26 13:45,44.379,
Plot Title: 5S3C,1649,5/18/26 14:00,45.104,
Plot Title: 5S3C,1650,5/18/26 14:15,45.104,
Plot Title: 5S3C,1651,5/18/26 14:30,44.379,
Plot Title: 5S3C,1652,5/18/26 14:45,44.742,
Plot Title: 5S3C,1653,5/18/26 15:00,44.922,
Plot Title: 5S3C,1654,5/18/26 15:15,45.828,
Plot Title: 5S3C,1655,5/18/26 15:30,46.908,
Plot Title: 5S3C,1656,5/18/26 15:45,46.728,
Plot Title: 5S3C,1657,5/18/26 16:00,46.908,
Plot Title: 5S3C,1658,5/18/26 16:15,46.548,
Plot Title: 5S3C,1659,5/18/26 16:30,46.369,
Plot Title: 5S3C,1660,5/18/26 16:45,45.828,
Plot Title: 5S3C,1661,5/18/26 17:00,44.922,
Plot Title: 5S3C,1662,5/18/26 17:15,44.013,
Plot Title: 5S3C,1663,5/18/26 17:30,42.915,
Plot Title: 5S3C,1664,5/18/26 17:45,42.548,
Plot Title: 5S3C,1665,5/18/26 18:00,42.548,
Plot Title: 5S3C,1666,5/18/26 18:15,42.363,
Plot Title: 5S3C,1667,5/18/26 18:30,41.439,
Plot Title: 5S3C,1668,5/18/26 18:45,40.509,
Plot Title: 5S3C,1669,5/18/26 19:00,39.573,
Plot Title: 5S3C,1670,5/18/26 19:15,38.818,
Plot Title: 5S3C,1671,5/18/26 19:30,37.87,
Plot Title: 5S3C,1672,5/18/26 19:45,37.488,
Plot Title: 5S3C,1673,5/18/26 20:00,37.107,
Plot Title: 5S3C,1674,5/18/26 20:15,36.723,
Plot Title: 5S3C,1675,5/18/26 20:30,36.531,
Plot Title: 5S3C,1676,5/18/26 20:45,36.145,
Plot Title: 5S3C,1677,5/18/26 21:00,35.951,
Plot Title: 5S3C,1678,5/18/26 21:15,35.758,
Plot Title: 5S3C,1679,5/18/26 21:30,35.564,
Plot Title: 5S3C,1680,5/18/26 21:45,35.564,
Plot Title: 5S3C,1681,5/18/26 22:00,35.37,
Plot Title: 5S3C,1682,5/18/26 22:15,35.175,
Plot Title: 5S3C,1683,5/18/26 22:30,34.981,
Plot Title: 5S3C,1684,5/18/26 22:45,34.786,
Plot Title: 5S3C,1685,5/18/26 23:00,34.59,
Plot Title: 5S3C,1686,5/18/26 23:15,34.394,
Plot Title: 5S3C,1687,5/18/26 23:30,34.198,
Plot Title: 5S3C,1688,5/18/26 23:45,34.198,
Plot Title: 5S3C,1689,5/19/26 00:00,34.002,
Plot Title: 5S3C,1690,5/19/26 00:15,33.805,
Plot Title: 5S3C,1691,5/19/26 00:30,33.411,
Plot Title: 5S3C,1692,5/19/26 00:45,33.213,
Plot Title: 5S3C,1693,5/19/26 01:00,33.013,
Plot Title: 5S3C,1694,5/19/26 01:15,32.815,
Plot Title: 5S3C,1695,5/19/26 01:30,32.617,
Plot Title: 5S3C,1696,5/19/26 01:45,32.418,
Plot Title: 5S3C,1697,5/19/26 02:00,32.218,
Plot Title: 5S3C,1698,5/19/26 02:15,32.218,
Plot Title: 5S3C,1699,5/19/26 02:30,32.018,
Plot Title: 5S3C,1700,5/19/26 02:45,31.816,
Plot Title: 5S3C,1701,5/19/26 03:00,31.617,
Plot Title: 5S3C,1702,5/19/26 03:15,31.415,
Plot Title: 5S3C,1703,5/19/26 03:30,31.213,
Plot Title: 5S3C,1704,5/19/26 03:45,31.012,
Plot Title: 5S3C,1705,5/19/26 04:00,30.808,
Plot Title: 5S3C,1706,5/19/26 04:15,30.808,
Plot Title: 5S3C,1707,5/19/26 04:30,30.607,
Plot Title: 5S3C,1708,5/19/26 04:45,30.403,
Plot Title: 5S3C,1709,5/19/26 05:00,30.403,
Plot Title: 5S3C,1710,5/19/26 05:15,30.198,
Plot Title: 5S3C,1711,5/19/26 05:30,29.995,
Plot Title: 5S3C,1712,5/19/26 05:45,29.79,
Plot Title: 5S3C,1713,5/19/26 06:00,29.79,
Plot Title: 5S3C,1714,5/19/26 06:15,29.586,
Plot Title: 5S3C,1715,5/19/26 06:30,29.586,
Plot Title: 5S3C,1716,5/19/26 06:45,29.79,
Plot Title: 5S3C,1717,5/19/26 07:00,29.995,
Plot Title: 5S3C,1718,5/19/26 07:15,30.198,
Plot Title: 5S3C,1719,5/19/26 07:30,30.808,
Plot Title: 5S3C,1720,5/19/26 07:45,31.415,
Plot Title: 5S3C,1721,5/19/26 08:00,31.816,
Plot Title: 5S3C,1722,5/19/26 08:15,32.018,
Plot Title: 5S3C,1723,5/19/26 08:30,32.218,
Plot Title: 5S3C,1724,5/19/26 08:45,32.815,
Plot Title: 5S3C,1725,5/19/26 09:00,34.394,
Plot Title: 5S3C,1726,5/19/26 09:15,38.629,
Plot Title: 5S3C,1727,5/19/26 09:30,46.008,
Plot Title: 5S3C,1728,5/19/26 09:45,52.05,
Plot Title: 5S3C,1729,5/19/26 10:00,57.958,
Plot Title: 5S3C,1730,5/19/26 10:15,62.598,
Plot Title: 5S3C,1731,5/19/26 10:30,66.879,
Plot Title: 5S3C,1732,5/19/26 10:45,70.824,
Plot Title: 5S3C,1733,5/19/26 11:00,74.098,
Plot Title: 5S3C,1734,5/19/26 11:15,76.354,
Plot Title: 5S3C,1735,5/19/26 11:30,79.151,
Plot Title: 5S3C,1736,5/19/26 11:45,78.8,
Plot Title: 5S3C,1737,5/19/26 12:00,78.624,
Plot Title: 5S3C,1738,5/19/26 12:15,77.225,
Plot Title: 5S3C,1739,5/19/26 12:30,77.574,
Plot Title: 5S3C,1740,5/19/26 12:45,74.619,
Plot Title: 5S3C,1741,5/19/26 13:00,75.484,
Plot Title: 5S3C,1742,5/19/26 13:15,70.824,
Plot Title: 5S3C,1743,5/19/26 13:30,67.05,
Plot Title: 5S3C,1744,5/19/26 13:45,64.139,
Plot Title: 5S3C,1745,5/19/26 14:00,62.083,
Plot Title: 5S3C,1746,5/19/26 14:15,60.712,
Plot Title: 5S3C,1747,5/19/26 14:30,59.164,
Plot Title: 5S3C,1748,5/19/26 14:45,58.303,
Plot Title: 5S3C,1749,5/19/26 15:00,57.441,
Plot Title: 5S3C,1750,5/19/26 15:15,56.577,
Plot Title: 5S3C,1751,5/19/26 15:30,56.75,
Plot Title: 5S3C,1752,5/19/26 15:45,56.75,
Plot Title: 5S3C,1753,5/19/26 16:00,57.614,
Plot Title: 5S3C,1754,5/19/26 16:15,55.711,
Plot Title: 5S3C,1755,5/19/26 16:30,54.669,
Plot Title: 5S3C,1756,5/19/26 16:45,53.623,
Plot Title: 5S3C,1757,5/19/26 17:00,52.401,
Plot Title: 5S3C,1758,5/19/26 17:15,51.523,
Plot Title: 5S3C,1759,5/19/26 17:30,51.346,
Plot Title: 5S3C,1760,5/19/26 17:45,51.172,
Plot Title: 5S3C,1761,5/19/26 18:00,50.819,
Plot Title: 5S3C,1762,5/19/26 18:15,50.113,
Plot Title: 5S3C,1763,5/19/26 18:30,49.582,
Plot Title: 5S3C,1764,5/19/26 18:45,49.228,
Plot Title: 5S3C,1765,5/19/26 19:00,48.871,
Plot Title: 5S3C,1766,5/19/26 19:15,48.517,
Plot Title: 5S3C,1767,5/19/26 19:30,47.802,
Plot Title: 5S3C,1768,5/19/26 19:45,47.088,
Plot Title: 5S3C,1769,5/19/26 20:00,46.188,
Plot Title: 5S3C,1770,5/19/26 20:15,45.466,
Plot Title: 5S3C,1771,5/19/26 20:30,44.922,
Plot Title: 5S3C,1772,5/19/26 20:45,44.195,
Plot Title: 5S3C,1773,5/19/26 21:00,43.648,
Plot Title: 5S3C,1774,5/19/26 21:15,42.915,
Plot Title: 5S3C,1775,5/19/26 21:30,41.994,
Plot Title: 5S3C,1776,5/19/26 21:45,41.439,
Plot Title: 5S3C,1777,5/19/26 22:00,40.881,
Plot Title: 5S3C,1778,5/19/26 22:15,40.509,
Plot Title: 5S3C,1779,5/19/26 22:30,39.947,
Plot Title: 5S3C,1780,5/19/26 22:45,39.573,
Plot Title: 5S3C,1781,5/19/26 23:00,39.384,
Plot Title: 5S3C,1782,5/19/26 23:15,39.196,
Plot Title: 5S3C,1783,5/19/26 23:30,39.007,
Plot Title: 5S3C,1784,5/19/26 23:45,38.818,
Plot Title: 5S3C,1785,5/20/26 00:00,39.007,
Plot Title: 5S3C,1786,5/20/26 00:15,39.196,
Plot Title: 5S3C,1787,5/20/26 00:30,39.196,
Plot Title: 5S3C,1788,5/20/26 00:45,38.629,
Plot Title: 5S3C,1789,5/20/26 01:00,38.25,
Plot Title: 5S3C,1790,5/20/26 01:15,38.061,
Plot Title: 5S3C,1791,5/20/26 01:30,38.061,
Plot Title: 5S3C,1792,5/20/26 01:45,38.061,
Plot Title: 5S3C,1793,5/20/26 02:00,37.87,
Plot Title: 5S3C,1794,5/20/26 02:15,37.488,
Plot Title: 5S3C,1795,5/20/26 02:30,37.107,
Plot Title: 5S3C,1796,5/20/26 02:45,36.914,
Plot Title: 5S3C,1797,5/20/26 03:00,36.531,
Plot Title: 5S3C,1798,5/20/26 03:15,36.338,
Plot Title: 5S3C,1799,5/20/26 03:30,36.338,
Plot Title: 5S3C,1800,5/20/26 03:45,36.145,
Plot Title: 5S3C,1801,5/20/26 04:00,35.951,
Plot Title: 5S3C,1802,5/20/26 04:15,35.564,
Plot Title: 5S3C,1803,5/20/26 04:30,35.564,
Plot Title: 5S3C,1804,5/20/26 04:45,35.37,
Plot Title: 5S3C,1805,5/20/26 05:00,35.564,
Plot Title: 5S3C,1806,5/20/26 05:15,35.37,
Plot Title: 5S3C,1807,5/20/26 05:30,35.175,
Plot Title: 5S3C,1808,5/20/26 05:45,34.981,
Plot Title: 5S3C,1809,5/20/26 06:00,34.981,
Plot Title: 5S3C,1810,5/20/26 06:15,34.981,
Plot Title: 5S3C,1811,5/20/26 06:30,35.175,
Plot Title: 5S3C,1812,5/20/26 06:45,35.564,
Plot Title: 5S3C,1813,5/20/26 07:00,35.758,
Plot Title: 5S3C,1814,5/20/26 07:15,35.951,
Plot Title: 5S3C,1815,5/20/26 07:30,36.914,
Plot Title: 5S3C,1816,5/20/26 07:45,39.384,
Plot Title: 5S3C,1817,5/20/26 08:00,41.625,
Plot Title: 5S3C,1818,5/20/26 08:15,44.195,
Plot Title: 5S3C,1819,5/20/26 08:30,47.446,
Plot Title: 5S3C,1820,5/20/26 08:45,50.643,
Plot Title: 5S3C,1821,5/20/26 09:00,53.798,
Plot Title: 5S3C,1822,5/20/26 09:15,54.495,
Plot Title: 5S3C,1823,5/20/26 09:30,58.647,
Plot Title: 5S3C,1824,5/20/26 09:45,64.139,
Plot Title: 5S3C,1825,5/20/26 10:00,64.31,
Plot Title: 5S3C,1826,5/20/26 10:15,65.338,
Plot Title: 5S3C,1827,5/20/26 10:30,61.741,
Plot Title: 5S3C,1828,5/20/26 10:45,65.509,
Plot Title: 5S3C,1829,5/20/26 11:00,68.592,
Plot Title: 5S3C,1830,5/20/26 11:15,64.652,
Plot Title: 5S3C,1831,5/20/26 11:30,62.425,
Plot Title: 5S3C,1832,5/20/26 11:45,64.139,
Plot Title: 5S3C,1833,5/20/26 12:00,63.111,
Plot Title: 5S3C,1834,5/20/26 12:15,64.139,
Plot Title: 5S3C,1835,5/20/26 12:30,62.94,
Plot Title: 5S3C,1836,5/20/26 12:45,68.248,
Plot Title: 5S3C,1837,5/20/26 13:00,74.964,
Plot Title: 5S3C,1838,5/20/26 13:15,69.278,
Plot Title: 5S3C,1839,5/20/26 13:30,64.481,
Plot Title: 5S3C,1840,5/20/26 13:45,62.254,
Plot Title: 5S3C,1841,5/20/26 14:00,60.368,
Plot Title: 5S3C,1842,5/20/26 14:15,59.508,
Plot Title: 5S3C,1843,5/20/26 14:30,59.164,
Plot Title: 5S3C,1844,5/20/26 14:45,59.164,
Plot Title: 5S3C,1845,5/20/26 15:00,58.303,
Plot Title: 5S3C,1846,5/20/26 15:15,62.598,
Plot Title: 5S3C,1847,5/20/26 15:30,66.366,
Plot Title: 5S3C,1848,5/20/26 15:45,65.167,
Plot Title: 5S3C,1849,5/20/26 16:00,62.94,
Plot Title: 5S3C,1850,5/20/26 16:15,60.712,
Plot Title: 5S3C,1851,5/20/26 16:30,59.337,
Plot Title: 5S3C,1852,5/20/26 16:45,58.647,
Plot Title: 5S3C,1853,5/20/26 17:00,57.268,
Plot Title: 5S3C,1854,5/20/26 17:15,55.884,
Plot Title: 5S3C,1855,5/20/26 17:30,54.842,
Plot Title: 5S3C,1856,5/20/26 17:45,54.842,
Plot Title: 5S3C,1857,5/20/26 18:00,54.322,
Plot Title: 5S3C,1858,5/20/26 18:15,53.798,
Plot Title: 5S3C,1859,5/20/26 18:30,53.274,
Plot Title: 5S3C,1860,5/20/26 18:45,52.925,
Plot Title: 5S3C,1861,5/20/26 19:00,52.225,
Plot Title: 5S3C,1862,5/20/26 19:15,50.995,
Plot Title: 5S3C,1863,5/20/26 19:30,49.759,
Plot Title: 5S3C,1864,5/20/26 19:45,48.517,
Plot Title: 5S3C,1865,5/20/26 20:00,47.446,
Plot Title: 5S3C,1866,5/20/26 20:15,46.548,
Plot Title: 5S3C,1867,5/20/26 20:30,45.828,
Plot Title: 5S3C,1868,5/20/26 20:45,45.104,
Plot Title: 5S3C,1869,5/20/26 21:00,44.56,
Plot Title: 5S3C,1870,5/20/26 21:15,44.013,
Plot Title: 5S3C,1871,5/20/26 21:30,43.282,
Plot Title: 5S3C,1872,5/20/26 21:45,42.548,
Plot Title: 5S3C,1873,5/20/26 22:00,42.363,
Plot Title: 5S3C,1874,5/20/26 22:15,42.179,
Plot Title: 5S3C,1875,5/20/26 22:30,41.994,
Plot Title: 5S3C,1876,5/20/26 22:45,41.625,
Plot Title: 5S3C,1877,5/20/26 23:00,40.881,
Plot Title: 5S3C,1878,5/20/26 23:15,40.321,
Plot Title: 5S3C,1879,5/20/26 23:30,40.134,
Plot Title: 5S3C,1880,5/20/26 23:45,40.134,
Plot Title: 5S3C,1881,5/21/26 00:00,40.134,
Plot Title: 5S3C,1882,5/21/26 00:15,40.134,
Plot Title: 5S3C,1883,5/21/26 00:30,39.947,
Plot Title: 5S3C,1884,5/21/26 00:45,39.947,
Plot Title: 5S3C,1885,5/21/26 01:00,39.76,
Plot Title: 5S3C,1886,5/21/26 01:15,39.76,
Plot Title: 5S3C,1887,5/21/26 01:30,39.573,
Plot Title: 5S3C,1888,5/21/26 01:45,39.573,
Plot Title: 5S3C,1889,5/21/26 02:00,39.384,
Plot Title: 5S3C,1890,5/21/26 02:15,39.196,
Plot Title: 5S3C,1891,5/21/26 02:30,39.196,
Plot Title: 5S3C,1892,5/21/26 02:45,39.007,
Plot Title: 5S3C,1893,5/21/26 03:00,39.007,
Plot Title: 5S3C,1894,5/21/26 03:15,38.818,
Plot Title: 5S3C,1895,5/21/26 03:30,38.629,
Plot Title: 5S3C,1896,5/21/26 03:45,38.629,
Plot Title: 5S3C,1897,5/21/26 04:00,38.44,
Plot Title: 5S3C,1898,5/21/26 04:15,38.44,
Plot Title: 5S3C,1899,5/21/26 04:30,38.25,
Plot Title: 5S3C,1900,5/21/26 04:45,38.25,
Plot Title: 5S3C,1901,5/21/26 05:00,38.25,
Plot Title: 5S3C,1902,5/21/26 05:15,38.061,
Plot Title: 5S3C,1903,5/21/26 05:30,38.061,
Plot Title: 5S3C,1904,5/21/26 05:45,38.061,
Plot Title: 5S3C,1905,5/21/26 06:00,37.87,
Plot Title: 5S3C,1906,5/21/26 06:15,37.679,
Plot Title: 5S3C,1907,5/21/26 06:30,37.679,
Plot Title: 5S3C,1908,5/21/26 06:45,37.679,
Plot Title: 5S3C,1909,5/21/26 07:00,37.488,
Plot Title: 5S3C,1910,5/21/26 07:15,37.297,
Plot Title: 5S3C,1911,5/21/26 07:30,37.297,
Plot Title: 5S3C,1912,5/21/26 07:45,37.297,
Plot Title: 5S3C,1913,5/21/26 08:00,37.297,
Plot Title: 5S3C,1914,5/21/26 08:15,37.297,
Plot Title: 5S3C,1915,5/21/26 08:30,37.297,
Plot Title: 5S3C,1916,5/21/26 08:45,37.488,
Plot Title: 5S3C,1917,5/21/26 09:00,37.488,
Plot Title: 5S3C,1918,5/21/26 09:15,37.488,
Plot Title: 5S3C,1919,5/21/26 09:30,37.297,
Plot Title: 5S3C,1920,5/21/26 09:45,37.488,
Plot Title: 5S3C,1921,5/21/26 10:00,37.679,
Plot Title: 5S3C,1922,5/21/26 10:15,37.679,
Plot Title: 5S3C,1923,5/21/26 10:30,38.061,
Plot Title: 5S3C,1924,5/21/26 10:45,38.44,
Plot Title: 5S3C,1925,5/21/26 11:00,39.007,
Plot Title: 5S3C,1926,5/21/26 11:15,39.76,
Plot Title: 5S3C,1927,5/21/26 11:30,40.134,
Plot Title: 5S3C,1928,5/21/26 11:45,40.509,
Plot Title: 5S3C,1929,5/21/26 12:00,40.509,
Plot Title: 5S3C,1930,5/21/26 12:15,39.76,
Plot Title: 5S3C,1931,5/21/26 12:30,39.196,
Plot Title: 5S3C,1932,5/21/26 12:45,39.947,
Plot Title: 5S3C,1933,5/21/26 13:00,40.509,
Plot Title: 5S3C,1934,5/21/26 13:15,40.321,
Plot Title: 5S3C,1935,5/21/26 13:30,40.696,
Plot Title: 5S3C,1936,5/21/26 13:45,41.625,
Plot Title: 5S3C,1937,5/21/26 14:00,41.81,
Plot Title: 5S3C,1938,5/21/26 14:15,40.696,
Plot Title: 5S3C,1939,5/21/26 14:30,41.254,
Plot Title: 5S3C,1940,5/21/26 14:45,41.439,
Plot Title: 5S3C,1941,5/21/26 15:00,43.831,
Plot Title: 5S3C,1942,5/21/26 15:15,53.798,
Plot Title: 5S3C,1943,5/21/26 15:30,49.759,
Plot Title: 5S3C,1944,5/21/26 15:45,47.802,
Plot Title: 5S3C,1945,5/21/26 16:00,48.339,
Plot Title: 5S3C,1946,5/21/26 16:15,48.339,
Plot Title: 5S3C,1947,5/21/26 16:30,47.624,
Plot Title: 5S3C,1948,5/21/26 16:45,47.266,
Plot Title: 5S3C,1949,5/21/26 17:00,47.446,
Plot Title: 5S3C,1950,5/21/26 17:15,47.088,
Plot Title: 5S3C,1951,5/21/26 17:30,46.008,
Plot Title: 5S3C,1952,5/21/26 17:45,44.742,
Plot Title: 5S3C,1953,5/21/26 18:00,43.648,
Plot Title: 5S3C,1954,5/21/26 18:15,42.915,
Plot Title: 5S3C,1955,5/21/26 18:30,42.363,
Plot Title: 5S3C,1956,5/21/26 18:45,42.179,
Plot Title: 5S3C,1957,5/21/26 19:00,42.179,
Plot Title: 5S3C,1958,5/21/26 19:15,41.81,
Plot Title: 5S3C,1959,5/21/26 19:30,41.439,
Plot Title: 5S3C,1960,5/21/26 19:45,40.881,
Plot Title: 5S3C,1961,5/21/26 20:00,39.947,
Plot Title: 5S3C,1962,5/21/26 20:15,39.384,
Plot Title: 5S3C,1963,5/21/26 20:30,38.629,
Plot Title: 5S3C,1964,5/21/26 20:45,38.061,
Plot Title: 5S3C,1965,5/21/26 21:00,37.488,
Plot Title: 5S3C,1966,5/21/26 21:15,36.914,
Plot Title: 5S3C,1967,5/21/26 21:30,36.531,
Plot Title: 5S3C,1968,5/21/26 21:45,36.338,
Plot Title: 5S3C,1969,5/21/26 22:00,36.338,
Plot Title: 5S3C,1970,5/21/26 22:15,36.145,
Plot Title: 5S3C,1971,5/21/26 22:30,35.951,
Plot Title: 5S3C,1972,5/21/26 22:45,35.951,
Plot Title: 5S3C,1973,5/21/26 23:00,35.758,
Plot Title: 5S3C,1974,5/21/26 23:15,35.758,
Plot Title: 5S3C,1975,5/21/26 23:30,35.564,
Plot Title: 5S3C,1976,5/21/26 23:45,35.564,
Plot Title: 5S3C,1977,5/22/26 00:00,35.37,
Plot Title: 5S3C,1978,5/22/26 00:15,35.37,
Plot Title: 5S3C,1979,5/22/26 00:30,35.37,
Plot Title: 5S3C,1980,5/22/26 00:45,35.175,
Plot Title: 5S3C,1981,5/22/26 01:00,35.175,
Plot Title: 5S3C,1982,5/22/26 01:15,34.981,
Plot Title: 5S3C,1983,5/22/26 01:30,34.981,
Plot Title: 5S3C,1984,5/22/26 01:45,34.981,
Plot Title: 5S3C,1985,5/22/26 02:00,34.786,
Plot Title: 5S3C,1986,5/22/26 02:15,34.786,
Plot Title: 5S3C,1987,5/22/26 02:30,34.59,
Plot Title: 5S3C,1988,5/22/26 02:45,34.59,
Plot Title: 5S3C,1989,5/22/26 03:00,34.394,
Plot Title: 5S3C,1990,5/22/26 03:15,34.394,
Plot Title: 5S3C,1991,5/22/26 03:30,34.198,
Plot Title: 5S3C,1992,5/22/26 03:45,34.198,
Plot Title: 5S3C,1993,5/22/26 04:00,34.002,
Plot Title: 5S3C,1994,5/22/26 04:15,33.805,
Plot Title: 5S3C,1995,5/22/26 04:30,33.607,
Plot Title: 5S3C,1996,5/22/26 04:45,33.411,
Plot Title: 5S3C,1997,5/22/26 05:00,33.411,
Plot Title: 5S3C,1998,5/22/26 05:15,33.213,
Plot Title: 5S3C,1999,5/22/26 05:30,33.013,
Plot Title: 5S3C,2000,5/22/26 05:45,33.013,
Plot Title: 5S3C,2001,5/22/26 06:00,32.815,
Plot Title: 5S3C,2002,5/22/26 06:15,32.617,
Plot Title: 5S3C,2003,5/22/26 06:30,32.617,
Plot Title: 5S3C,2004,5/22/26 06:45,32.617,
Plot Title: 5S3C,2005,5/22/26 07:00,32.815,
Plot Title: 5S3C,2006,5/22/26 07:15,32.815,
Plot Title: 5S3C,2007,5/22/26 07:30,33.213,
Plot Title: 5S3C,2008,5/22/26 07:45,33.411,
Plot Title: 5S3C,2009,5/22/26 08:00,33.607,
Plot Title: 5S3C,2010,5/22/26 08:15,34.198,
Plot Title: 5S3C,2011,5/22/26 08:30,34.59,
Plot Title: 5S3C,2012,5/22/26 08:45,39.196,
Plot Title: 5S3C,2013,5/22/26 09:00,45.104,
Plot Title: 5S3C,2014,5/22/26 09:15,49.404,
Plot Title: 5S3C,2015,5/22/26 09:30,53.1,
Plot Title: 5S3C,2016,5/22/26 09:45,60.712,
Plot Title: 5S3C,2017,5/22/26 10:00,66.366,
Plot Title: 5S3C,2018,5/22/26 10:15,68.934,
Plot Title: 5S3C,2019,5/22/26 10:30,71.339,
Plot Title: 5S3C,2020,5/22/26 10:45,73.753,
Plot Title: 5S3C,2021,5/22/26 11:00,73.407,
Plot Title: 5S3C,2022,5/22/26 11:15,72.718,
Plot Title: 5S3C,2023,5/22/26 11:30,77.749,
Plot Title: 5S3C,2024,5/22/26 11:45,81.266,
Plot Title: 5S3C,2025,5/22/26 12:00,82.686,
Plot Title: 5S3C,2026,5/22/26 12:15,79.151,
Plot Title: 5S3C,2027,5/22/26 12:30,81.975,
Plot Title: 5S3C,2028,5/22/26 12:45,75.484,
Plot Title: 5S3C,2029,5/22/26 13:00,73.407,
Plot Title: 5S3C,2030,5/22/26 13:15,76.181,
Plot Title: 5S3C,2031,5/22/26 13:30,72.372,
Plot Title: 5S3C,2032,5/22/26 13:45,66.879,
Plot Title: 5S3C,2033,5/22/26 14:00,62.769,
Plot Title: 5S3C,2034,5/22/26 14:15,60.024,
Plot Title: 5S3C,2035,5/22/26 14:30,58.131,
Plot Title: 5S3C,2036,5/22/26 14:45,57.441,
Plot Title: 5S3C,2037,5/22/26 15:00,57.268,
Plot Title: 5S3C,2038,5/22/26 15:15,58.303,
Plot Title: 5S3C,2039,5/22/26 15:30,60.024,
Plot Title: 5S3C,2040,5/22/26 15:45,64.139,
Plot Title: 5S3C,2041,5/22/26 16:00,64.652,
Plot Title: 5S3C,2042,5/22/26 16:15,60.024,
Plot Title: 5S3C,2043,5/22/26 16:30,57.268,
Plot Title: 5S3C,2044,5/22/26 16:45,55.189,
Plot Title: 5S3C,2045,5/22/26 17:00,53.973,
Plot Title: 5S3C,2046,5/22/26 17:15,53.449,
Plot Title: 5S3C,2047,5/22/26 17:30,53.623,
Plot Title: 5S3C,2048,5/22/26 17:45,53.623,
Plot Title: 5S3C,2049,5/22/26 18:00,53.1,
Plot Title: 5S3C,2050,5/22/26 18:15,52.75,
Plot Title: 5S3C,2051,5/22/26 18:30,52.225,
Plot Title: 5S3C,2052,5/22/26 18:45,51.172,
Plot Title: 5S3C,2053,5/22/26 19:00,50.113,
Plot Title: 5S3C,2054,5/22/26 19:15,49.05,
Plot Title: 5S3C,2055,5/22/26 19:30,48.517,
Plot Title: 5S3C,2056,5/22/26 19:45,48.16,
Plot Title: 5S3C,2057,5/22/26 20:00,47.802,
Plot Title: 5S3C,2058,5/22/26 20:15,47.088,
Plot Title: 5S3C,2059,5/22/26 20:30,46.369,
Plot Title: 5S3C,2060,5/22/26 20:45,45.648,
Plot Title: 5S3C,2061,5/22/26 21:00,45.286,
Plot Title: 5S3C,2062,5/22/26 21:15,44.742,
Plot Title: 5S3C,2063,5/22/26 21:30,44.379,
Plot Title: 5S3C,2064,5/22/26 21:45,44.013,
Plot Title: 5S3C,2065,5/22/26 22:00,43.648,
Plot Title: 5S3C,2066,5/22/26 22:15,43.466,
Plot Title: 5S3C,2067,5/22/26 22:30,43.282,
Plot Title: 5S3C,2068,5/22/26 22:45,43.282,
Plot Title: 5S3C,2069,5/22/26 23:00,43.282,
Plot Title: 5S3C,2070,5/22/26 23:15,43.282,
Plot Title: 5S3C,2071,5/22/26 23:30,43.282,
Plot Title: 5S3C,2072,5/22/26 23:45,43.099,
Plot Title: 5S3C,2073,5/23/26 00:00,42.915,
Plot Title: 5S3C,2074,5/23/26 00:15,42.548,
Plot Title: 5S3C,2075,5/23/26 00:30,42.179,
Plot Title: 5S3C,2076,5/23/26 00:45,42.179,
Plot Title: 5S3C,2077,5/23/26 01:00,42.179,
Plot Title: 5S3C,2078,5/23/26 01:15,42.179,
Plot Title: 5S3C,2079,5/23/26 01:30,41.994,
Plot Title: 5S3C,2080,5/23/26 01:45,41.81,
Plot Title: 5S3C,2081,5/23/26 02:00,41.81,
Plot Title: 5S3C,2082,5/23/26 02:15,41.625,
Plot Title: 5S3C,2083,5/23/26 02:30,41.439,
Plot Title: 5S3C,2084,5/23/26 02:45,41.254,
Plot Title: 5S3C,2085,5/23/26 03:00,41.254,
Plot Title: 5S3C,2086,5/23/26 03:15,41.067,
Plot Title: 5S3C,2087,5/23/26 03:30,40.509,
Plot Title: 5S3C,2088,5/23/26 03:45,40.134,
Plot Title: 5S3C,2089,5/23/26 04:00,39.76,
Plot Title: 5S3C,2090,5/23/26 04:15,39.573,
Plot Title: 5S3C,2091,5/23/26 04:30,39.384,
Plot Title: 5S3C,2092,5/23/26 04:45,39.196,
Plot Title: 5S3C,2093,5/23/26 05:00,39.007,
Plot Title: 5S3C,2094,5/23/26 05:15,38.818,
Plot Title: 5S3C,2095,5/23/26 05:30,38.629,
Plot Title: 5S3C,2096,5/23/26 05:45,38.44,
Plot Title: 5S3C,2097,5/23/26 06:00,38.44,
Plot Title: 5S3C,2098,5/23/26 06:15,38.44,
Plot Title: 5S3C,2099,5/23/26 06:30,38.818,
Plot Title: 5S3C,2100,5/23/26 06:45,39.007,
Plot Title: 5S3C,2101,5/23/26 07:00,39.384,
Plot Title: 5S3C,2102,5/23/26 07:15,39.947,
Plot Title: 5S3C,2103,5/23/26 07:30,41.994,
Plot Title: 5S3C,2104,5/23/26 07:45,43.466,
Plot Title: 5S3C,2105,5/23/26 08:00,45.286,
Plot Title: 5S3C,2106,5/23/26 08:15,46.908,
Plot Title: 5S3C,2107,5/23/26 08:30,48.339,
Plot Title: 5S3C,2108,5/23/26 08:45,50.819,
Plot Title: 5S3C,2109,5/23/26 09:00,56.23,
Plot Title: 5S3C,2110,5/23/26 09:15,58.82,
Plot Title: 5S3C,2111,5/23/26 09:30,64.31,
Plot Title: 5S3C,2112,5/23/26 09:45,70.137,
Plot Title: 5S3C,2113,5/23/26 10:00,72.891,
Plot Title: 5S3C,2114,5/23/26 10:15,76.703,
Plot Title: 5S3C,2115,5/23/26 10:30,81.266,
Plot Title: 5S3C,2116,5/23/26 10:45,85.374,
Plot Title: 5S3C,2117,5/23/26 11:00,88.466,
Plot Title: 5S3C,2118,5/23/26 11:15,89.938,
Plot Title: 5S3C,2119,5/23/26 11:30,90.867,
Plot Title: 5S3C,2120,5/23/26 11:45,94.062,
Plot Title: 5S3C,2121,5/23/26 12:00,93.493,
Plot Title: 5S3C,2122,5/23/26 12:15,95.016,
Plot Title: 5S3C,2123,5/23/26 12:30,95.4,
Plot Title: 5S3C,2124,5/23/26 12:45,93.115,
Plot Title: 5S3C,2125,5/23/26 13:00,88.099,
Plot Title: 5S3C,2126,5/23/26 13:15,82.508,
Plot Title: 5S3C,2127,5/23/26 13:30,78.624,
Plot Title: 5S3C,2128,5/23/26 13:45,76.354,
Plot Title: 5S3C,2129,5/23/26 14:00,73.58,
Plot Title: 5S3C,2130,5/23/26 14:15,71.683,
Plot Title: 5S3C,2131,5/23/26 14:30,69.793,
Plot Title: 5S3C,2132,5/23/26 14:45,67.906,
Plot Title: 5S3C,2133,5/23/26 15:00,66.708,
Plot Title: 5S3C,2134,5/23/26 15:15,67.906,
Plot Title: 5S3C,2135,5/23/26 15:30,73.407,
Plot Title: 5S3C,2136,5/23/26 15:45,77.749,
Plot Title: 5S3C,2137,5/23/26 16:00,76.006,
Plot Title: 5S3C,2138,5/23/26 16:15,69.793,
Plot Title: 5S3C,2139,5/23/26 16:30,66.022,
Plot Title: 5S3C,2140,5/23/26 16:45,64.139,
Plot Title: 5S3C,2141,5/23/26 17:00,63.455,
Plot Title: 5S3C,2142,5/23/26 17:15,62.083,
Plot Title: 5S3C,2143,5/23/26 17:30,60.368,
Plot Title: 5S3C,2144,5/23/26 17:45,59.337,
Plot Title: 5S3C,2145,5/23/26 18:00,58.647,
Plot Title: 5S3C,2146,5/23/26 18:15,57.614,
Plot Title: 5S3C,2147,5/23/26 18:30,56.923,
Plot Title: 5S3C,2148,5/23/26 18:45,56.057,
Plot Title: 5S3C,2149,5/23/26 19:00,55.884,
Plot Title: 5S3C,2150,5/23/26 19:15,55.017,
Plot Title: 5S3C,2151,5/23/26 19:30,54.147,
Plot Title: 5S3C,2152,5/23/26 19:45,53.449,
Plot Title: 5S3C,2153,5/23/26 20:00,53.1,
Plot Title: 5S3C,2154,5/23/26 20:15,52.401,
Plot Title: 5S3C,2155,5/23/26 20:30,51.523,
Plot Title: 5S3C,2156,5/23/26 20:45,50.819,
Plot Title: 5S3C,2157,5/23/26 21:00,50.29,
Plot Title: 5S3C,2158,5/23/26 21:15,49.759,
Plot Title: 5S3C,2159,5/23/26 21:30,49.228,
Plot Title: 5S3C,2160,5/23/26 21:45,48.871,
Plot Title: 5S3C,2161,5/23/26 22:00,48.517,
Plot Title: 5S3C,2162,5/23/26 22:15,48.16,
Plot Title: 5S3C,2163,5/23/26 22:30,47.802,
Plot Title: 5S3C,2164,5/23/26 22:45,47.624,
Plot Title: 5S3C,2165,5/23/26 23:00,47.266,
Plot Title: 5S3C,2166,5/23/26 23:15,46.908,
Plot Title: 5S3C,2167,5/23/26 23:30,46.728,
Plot Title: 5S3C,2168,5/23/26 23:45,46.369,
Plot Title: 5S3C,2169,5/24/26 00:00,46.188,
Plot Title: 5S3C,2170,5/24/26 00:15,45.828,
Plot Title: 5S3C,2171,5/24/26 00:30,45.648,
Plot Title: 5S3C,2172,5/24/26 00:45,45.466,
Plot Title: 5S3C,2173,5/24/26 01:00,45.286,
Plot Title: 5S3C,2174,5/24/26 01:15,44.922,
Plot Title: 5S3C,2175,5/24/26 01:30,44.742,
Plot Title: 5S3C,2176,5/24/26 01:45,44.56,
Plot Title: 5S3C,2177,5/24/26 02:00,44.379,
Plot Title: 5S3C,2178,5/24/26 02:15,44.013,
Plot Title: 5S3C,2179,5/24/26 02:30,43.831,
Plot Title: 5S3C,2180,5/24/26 02:45,43.466,
Plot Title: 5S3C,2181,5/24/26 03:00,43.282,
Plot Title: 5S3C,2182,5/24/26 03:15,43.099,
Plot Title: 5S3C,2183,5/24/26 03:30,42.915,
Plot Title: 5S3C,2184,5/24/26 03:45,42.548,
Plot Title: 5S3C,2185,5/24/26 04:00,42.363,
Plot Title: 5S3C,2186,5/24/26 04:15,42.179,
Plot Title: 5S3C,2187,5/24/26 04:30,41.994,
Plot Title: 5S3C,2188,5/24/26 04:45,41.625,
Plot Title: 5S3C,2189,5/24/26 05:00,41.439,
Plot Title: 5S3C,2190,5/24/26 05:15,41.254,
Plot Title: 5S3C,2191,5/24/26 05:30,41.067,
Plot Title: 5S3C,2192,5/24/26 05:45,41.067,
Plot Title: 5S3C,2193,5/24/26 06:00,41.067,
Plot Title: 5S3C,2194,5/24/26 06:15,41.067,
Plot Title: 5S3C,2195,5/24/26 06:30,41.254,
Plot Title: 5S3C,2196,5/24/26 06:45,41.439,
Plot Title: 5S3C,2197,5/24/26 07:00,41.994,
Plot Title: 5S3C,2198,5/24/26 07:15,42.548,
Plot Title: 5S3C,2199,5/24/26 07:30,44.379,
Plot Title: 5S3C,2200,5/24/26 07:45,46.548,
Plot Title: 5S3C,2201,5/24/26 08:00,49.404,
Plot Title: 5S3C,2202,5/24/26 08:15,53.274,
Plot Title: 5S3C,2203,5/24/26 08:30,57.096,
Plot Title: 5S3C,2204,5/24/26 08:45,60.883,
Plot Title: 5S3C,2205,5/24/26 09:00,64.139,
Plot Title: 5S3C,2206,5/24/26 09:15,68.421,
Plot Title: 5S3C,2207,5/24/26 09:30,72.199,
Plot Title: 5S3C,2208,5/24/26 09:45,75.832,
Plot Title: 5S3C,2209,5/24/26 10:00,78.8,
Plot Title: 5S3C,2210,5/24/26 10:15,77.749,
Plot Title: 5S3C,2211,5/24/26 10:30,78.624,
Plot Title: 5S3C,2212,5/24/26 10:45,87.186,
Plot Title: 5S3C,2213,5/24/26 11:00,93.493,
Plot Title: 5S3C,2214,5/24/26 11:15,98.11,
Plot Title: 5S3C,2215,5/24/26 11:30,101.484,
Plot Title: 5S3C,2216,5/24/26 11:45,103.717,
Plot Title: 5S3C,2217,5/24/26 12:00,106.624,
Plot Title: 5S3C,2218,5/24/26 12:15,106.205,
Plot Title: 5S3C,2219,5/24/26 12:30,109.18,
Plot Title: 5S3C,2220,5/24/26 12:45,104.747,
Plot Title: 5S3C,2221,5/24/26 13:00,103.307,
Plot Title: 5S3C,2222,5/24/26 13:15,105.37,
Plot Title: 5S3C,2223,5/24/26 13:30,97.916,
Plot Title: 5S3C,2224,5/24/26 13:45,90.68,
Plot Title: 5S3C,2225,5/24/26 14:00,81.975,
Plot Title: 5S3C,2226,5/24/26 14:15,76.876,
Plot Title: 5S3C,2227,5/24/26 14:30,74.619,
Plot Title: 5S3C,2228,5/24/26 14:45,72.545,
Plot Title: 5S3C,2229,5/24/26 15:00,71.683,
Plot Title: 5S3C,2230,5/24/26 15:15,74.791,
Plot Title: 5S3C,2231,5/24/26 15:30,77.4,
Plot Title: 5S3C,2232,5/24/26 15:45,75.832,
Plot Title: 5S3C,2233,5/24/26 16:00,77.574,
Plot Title: 5S3C,2234,5/24/26 16:15,72.891,
Plot Title: 5S3C,2235,5/24/26 16:30,69.793,
Plot Title: 5S3C,2236,5/24/26 16:45,68.077,
Plot Title: 5S3C,2237,5/24/26 17:00,67.221,
Plot Title: 5S3C,2238,5/24/26 17:15,66.879,
Plot Title: 5S3C,2239,5/24/26 17:30,66.193,
Plot Title: 5S3C,2240,5/24/26 17:45,65.338,
Plot Title: 5S3C,2241,5/24/26 18:00,64.825,
Plot Title: 5S3C,2242,5/24/26 18:15,63.968,
Plot Title: 5S3C,2243,5/24/26 18:30,62.769,
Plot Title: 5S3C,2244,5/24/26 18:45,61.227,
Plot Title: 5S3C,2245,5/24/26 19:00,60.539,
Plot Title: 5S3C,2246,5/24/26 19:15,60.195,
Plot Title: 5S3C,2247,5/24/26 19:30,59.851,
Plot Title: 5S3C,2248,5/24/26 19:45,59.508,
Plot Title: 5S3C,2249,5/24/26 20:00,58.82,
Plot Title: 5S3C,2250,5/24/26 20:15,57.614,
Plot Title: 5S3C,2251,5/24/26 20:30,56.577,
Plot Title: 5S3C,2252,5/24/26 20:45,55.711,
Plot Title: 5S3C,2253,5/24/26 21:00,54.669,
Plot Title: 5S3C,2254,5/24/26 21:15,53.973,
Plot Title: 5S3C,2255,5/24/26 21:30,53.449,
Plot Title: 5S3C,2256,5/24/26 21:45,52.925,
Plot Title: 5S3C,2257,5/24/26 22:00,52.576,
Plot Title: 5S3C,2258,5/24/26 22:15,52.225,
Plot Title: 5S3C,2259,5/24/26 22:30,52.05,
Plot Title: 5S3C,2260,5/24/26 22:45,51.699,
Plot Title: 5S3C,2261,5/24/26 23:00,51.523,
Plot Title: 5S3C,2262,5/24/26 23:15,51.346,
Plot Title: 5S3C,2263,5/24/26 23:30,51.172,
Plot Title: 5S3C,2264,5/24/26 23:45,50.995,
Plot Title: 5S3C,2265,5/25/26 00:00,50.819,
Plot Title: 5S3C,2266,5/25/26 00:15,50.466,
Plot Title: 5S3C,2267,5/25/26 00:30,50.29,
Plot Title: 5S3C,2268,5/25/26 00:45,50.113,
Plot Title: 5S3C,2269,5/25/26 01:00,49.759,
Plot Title: 5S3C,2270,5/25/26 01:15,49.582,
Plot Title: 5S3C,2271,5/25/26 01:30,49.228,
Plot Title: 5S3C,2272,5/25/26 01:45,49.05,
Plot Title: 5S3C,2273,5/25/26 02:00,48.871,
Plot Title: 5S3C,2274,5/25/26 02:15,48.695,
Plot Title: 5S3C,2275,5/25/26 02:30,48.695,
Plot Title: 5S3C,2276,5/25/26 02:45,48.517,
Plot Title: 5S3C,2277,5/25/26 03:00,48.339,
Plot Title: 5S3C,2278,5/25/26 03:15,47.982,
Plot Title: 5S3C,2279,5/25/26 03:30,47.802,
Plot Title: 5S3C,2280,5/25/26 03:45,47.446,
Plot Title: 5S3C,2281,5/25/26 04:00,47.266,
Plot Title: 5S3C,2282,5/25/26 04:15,46.908,
Plot Title: 5S3C,2283,5/25/26 04:30,46.728,
Plot Title: 5S3C,2284,5/25/26 04:45,46.548,
Plot Title: 5S3C,2285,5/25/26 05:00,46.548,
Plot Title: 5S3C,2286,5/25/26 05:15,46.188,
Plot Title: 5S3C,2287,5/25/26 05:30,46.008,
Plot Title: 5S3C,2288,5/25/26 05:45,45.828,
Plot Title: 5S3C,2289,5/25/26 06:00,45.648,
Plot Title: 5S3C,2290,5/25/26 06:15,45.648,
Plot Title: 5S3C,2291,5/25/26 06:30,45.828,
Plot Title: 5S3C,2292,5/25/26 06:45,46.008,
Plot Title: 5S3C,2293,5/25/26 07:00,46.548,
Plot Title: 5S3C,2294,5/25/26 07:15,47.446,
Plot Title: 5S3C,2295,5/25/26 07:30,50.29,
Plot Title: 5S3C,2296,5/25/26 07:45,53.449,
Plot Title: 5S3C,2297,5/25/26 08:00,56.23,
Plot Title: 5S3C,2298,5/25/26 08:15,59.337,
Plot Title: 5S3C,2299,5/25/26 08:30,63.111,
Plot Title: 5S3C,2300,5/25/26 08:45,66.366,
Plot Title: 5S3C,2301,5/25/26 09:00,70.651,
Plot Title: 5S3C,2302,5/25/26 09:15,76.181,
Plot Title: 5S3C,2303,5/25/26 09:30,81.266,
Plot Title: 5S3C,2304,5/25/26 09:45,86.641,
Plot Title: 5S3C,2305,5/25/26 10:00,91.987,
Plot Title: 5S3C,2306,5/25/26 10:15,96.748,
Plot Title: 5S3C,2307,5/25/26 10:30,101.082,
Plot Title: 5S3C,2308,5/25/26 10:45,104.747,
Plot Title: 5S3C,2309,5/25/26 11:00,107.895,
Plot Title: 5S3C,2310,5/25/26 11:15,111.139,
Plot Title: 5S3C,2311,5/25/26 11:30,113.362,
Plot Title: 5S3C,2312,5/25/26 11:45,115.867,
Plot Title: 5S3C,2313,5/25/26 12:00,117.262,
Plot Title: 5S3C,2314,5/25/26 12:15,117.028,
Plot Title: 5S3C,2315,5/25/26 12:30,117.498,
Plot Title: 5S3C,2316,5/25/26 12:45,119.158,
Plot Title: 5S3C,2317,5/25/26 13:00,119.878,
Plot Title: 5S3C,2318,5/25/26 13:15,117.968,
Plot Title: 5S3C,2319,5/25/26 13:30,101.082,
Plot Title: 5S3C,2320,5/25/26 13:45,91.987,
Plot Title: 5S3C,2321,5/25/26 14:00,84.834,
Plot Title: 5S3C,2322,5/25/26 14:15,78.274,
Plot Title: 5S3C,2323,5/25/26 14:30,73.753,
Plot Title: 5S3C,2324,5/25/26 14:45,73.58,
Plot Title: 5S3C,2325,5/25/26 15:00,71.339,
Plot Title: 5S3C,2326,5/25/26 15:15,69.793,
Plot Title: 5S3C,2327,5/25/26 15:30,78.274,
Plot Title: 5S3C,2328,5/25/26 15:45,81.621,
Plot Title: 5S3C,2329,5/25/26 16:00,79.853,
Plot Title: 5S3C,2330,5/25/26 16:15,73.234,
Plot Title: 5S3C,2331,5/25/26 16:30,69.278,
Plot Title: 5S3C,2332,5/25/26 16:45,67.221,
Plot Title: 5S3C,2333,5/25/26 17:00,65.851,
Plot Title: 5S3C,2334,5/25/26 17:15,65.338,
Plot Title: 5S3C,2335,5/25/26 17:30,65.851,
Plot Title: 5S3C,2336,5/25/26 17:45,65.167,
Plot Title: 5S3C,2337,5/25/26 18:00,64.652,
Plot Title: 5S3C,2338,5/25/26 18:15,64.652,
Plot Title: 5S3C,2339,5/25/26 18:30,64.481,
Plot Title: 5S3C,2340,5/25/26 18:45,63.626,
Plot Title: 5S3C,2341,5/25/26 19:00,62.769,
Plot Title: 5S3C,2342,5/25/26 19:15,62.083,
Plot Title: 5S3C,2343,5/25/26 19:30,61.398,
Plot Title: 5S3C,2344,5/25/26 19:45,60.883,
Plot Title: 5S3C,2345,5/25/26 20:00,60.195,
Plot Title: 5S3C,2346,5/25/26 20:15,59.164,
Plot Title: 5S3C,2347,5/25/26 20:30,58.476,
Plot Title: 5S3C,2348,5/25/26 20:45,57.785,
Plot Title: 5S3C,2349,5/25/26 21:00,56.75,
Plot Title: 5S3C,2350,5/25/26 21:15,55.711,
Plot Title: 5S3C,2351,5/25/26 21:30,54.842,
Plot Title: 5S3C,2352,5/25/26 21:45,54.147,
Plot Title: 5S3C,2353,5/25/26 22:00,53.449,
Plot Title: 5S3C,2354,5/25/26 22:15,52.925,
Plot Title: 5S3C,2355,5/25/26 22:30,52.576,
Plot Title: 5S3C,2356,5/25/26 22:45,52.225,
Plot Title: 5S3C,2357,5/25/26 23:00,51.874,
Plot Title: 5S3C,2358,5/25/26 23:15,51.523,
Plot Title: 5S3C,2359,5/25/26 23:30,51.172,
Plot Title: 5S3C,2360,5/25/26 23:45,50.995,
Plot Title: 5S3C,2361,5/26/26 00:00,50.643,
Plot Title: 5S3C,2362,5/26/26 00:15,50.466,
Plot Title: 5S3C,2363,5/26/26 00:30,50.29,
Plot Title: 5S3C,2364,5/26/26 00:45,49.937,
Plot Title: 5S3C,2365,5/26/26 01:00,49.759,
Plot Title: 5S3C,2366,5/26/26 01:15,49.582,
Plot Title: 5S3C,2367,5/26/26 01:30,49.404,
Plot Title: 5S3C,2368,5/26/26 01:45,49.228,
Plot Title: 5S3C,2369,5/26/26 02:00,49.05,
Plot Title: 5S3C,2370,5/26/26 02:15,48.871,
Plot Title: 5S3C,2371,5/26/26 02:30,48.695,
Plot Title: 5S3C,2372,5/26/26 02:45,48.517,
Plot Title: 5S3C,2373,5/26/26 03:00,48.517,
Plot Title: 5S3C,2374,5/26/26 03:15,48.339,
Plot Title: 5S3C,2375,5/26/26 03:30,48.339,
Plot Title: 5S3C,2376,5/26/26 03:45,48.16,
Plot Title: 5S3C,2377,5/26/26 04:00,47.982,
Plot Title: 5S3C,2378,5/26/26 04:15,47.982,
Plot Title: 5S3C,2379,5/26/26 04:30,47.802,
Plot Title: 5S3C,2380,5/26/26 04:45,47.802,
Plot Title: 5S3C,2381,5/26/26 05:00,47.802,
Plot Title: 5S3C,2382,5/26/26 05:15,47.802,
Plot Title: 5S3C,2383,5/26/26 05:30,47.624,
Plot Title: 5S3C,2384,5/26/26 05:45,47.446,
Plot Title: 5S3C,2385,5/26/26 06:00,47.266,
Plot Title: 5S3C,2386,5/26/26 06:15,47.266,
Plot Title: 5S3C,2387,5/26/26 06:30,47.446,
Plot Title: 5S3C,2388,5/26/26 06:45,47.802,
Plot Title: 5S3C,2389,5/26/26 07:00,47.982,
Plot Title: 5S3C,2390,5/26/26 07:15,48.339,
Plot Title: 5S3C,2391,5/26/26 07:30,50.466,
Plot Title: 5S3C,2392,5/26/26 07:45,52.05,
Plot Title: 5S3C,2393,5/26/26 08:00,53.274,
Plot Title: 5S3C,2394,5/26/26 08:15,57.785,
Plot Title: 5S3C,2395,5/26/26 08:30,61.912,
Plot Title: 5S3C,2396,5/26/26 08:45,66.193,
Plot Title: 5S3C,2397,5/26/26 09:00,70.824,
Plot Title: 5S3C,2398,5/26/26 09:15,75.659,
Plot Title: 5S3C,2399,5/26/26 09:30,72.718,
Plot Title: 5S3C,2400,5/26/26 09:45,67.564,
Plot Title: 5S3C,2401,5/26/26 10:00,64.996,
Plot Title: 5S3C,2402,5/26/26 10:15,64.652,
Plot Title: 5S3C,2403,5/26/26 10:30,65.338,
Plot Title: 5S3C,2404,5/26/26 10:45,65.509,
Plot Title: 5S3C,2405,5/26/26 11:00,65.851,
Plot Title: 5S3C,2406,5/26/26 11:15,69.107,
Plot Title: 5S3C,2407,5/26/26 11:30,79.678,
Plot Title: 5S3C,2408,5/26/26 11:45,87.552,
Plot Title: 5S3C,2409,5/26/26 12:00,81.975,
Plot Title: 5S3C,2410,5/26/26 12:15,78.274,
Plot Title: 5S3C,2411,5/26/26 12:30,87.733,
Plot Title: 5S3C,2412,5/26/26 12:45,81.797,
Plot Title: 5S3C,2413,5/26/26 13:00,78.975,
Plot Title: 5S3C,2414,5/26/26 13:15,74.098,
Plot Title: 5S3C,2415,5/26/26 13:30,71.168,
Plot Title: 5S3C,2416,5/26/26 13:45,68.421,
Plot Title: 5S3C,2417,5/26/26 14:00,66.537,
Plot Title: 5S3C,2418,5/26/26 14:15,67.735,
Plot Title: 5S3C,2419,5/26/26 14:30,67.05,
Plot Title: 5S3C,2420,5/26/26 14:45,66.708,
Plot Title: 5S3C,2421,5/26/26 15:00,67.906,
Plot Title: 5S3C,2422,5/26/26 15:15,70.308,
Plot Title: 5S3C,2423,5/26/26 15:30,70.308,
Plot Title: 5S3C,2424,5/26/26 15:45,67.392,
Plot Title: 5S3C,2425,5/26/26 16:00,64.139,
Plot Title: 5S3C,2426,5/26/26 16:15,61.741,
Plot Title: 5S3C,2427,5/26/26 16:30,60.368,
Plot Title: 5S3C,2428,5/26/26 16:45,60.024,
Plot Title: 5S3C,2429,5/26/26 17:00,59.337,
Plot Title: 5S3C,2430,5/26/26 17:15,59.851,
Plot Title: 5S3C,2431,5/26/26 17:30,59.68,
Plot Title: 5S3C,2432,5/26/26 17:45,58.993,
Plot Title: 5S3C,2433,5/26/26 18:00,58.476,
Plot Title: 5S3C,2434,5/26/26 18:15,56.75,
Plot Title: 5S3C,2435,5/26/26 18:30,55.537,
Plot Title: 5S3C,2436,5/26/26 18:45,55.711,
Plot Title: 5S3C,2437,5/26/26 19:00,55.711,
Plot Title: 5S3C,2438,5/26/26 19:15,55.537,
Plot Title: 5S3C,2439,5/26/26 19:30,54.842,
Plot Title: 5S3C,2440,5/26/26 19:45,53.973,
Plot Title: 5S3C,2441,5/26/26 20:00,53.274,
Plot Title: 5S3C,2442,5/26/26 20:15,52.925,
Plot Title: 5S3C,2443,5/26/26 20:30,52.576,
Plot Title: 5S3C,2444,5/26/26 20:45,52.05,
Plot Title: 5S3C,2445,5/26/26 21:00,51.523,
Plot Title: 5S3C,2446,5/26/26 21:15,50.995,
Plot Title: 5S3C,2447,5/26/26 21:30,50.643,
Plot Title: 5S3C,2448,5/26/26 21:45,50.466,
Plot Title: 5S3C,2449,5/26/26 22:00,50.29,
Plot Title: 5S3C,2450,5/26/26 22:15,50.29,
Plot Title: 5S3C,2451,5/26/26 22:30,50.113,
Plot Title: 5S3C,2452,5/26/26 22:45,49.759,
Plot Title: 5S3C,2453,5/26/26 23:00,49.404,
Plot Title: 5S3C,2454,5/26/26 23:15,49.05,
Plot Title: 5S3C,2455,5/26/26 23:30,48.871,
Plot Title: 5S3C,2456,5/26/26 23:45,48.695,
Plot Title: 5S3C,2457,5/27/26 00:00,48.695,
Plot Title: 5S3C,2458,5/27/26 00:15,48.517,
Plot Title: 5S3C,2459,5/27/26 00:30,48.517,
Plot Title: 5S3C,2460,5/27/26 00:45,48.16,
Plot Title: 5S3C,2461,5/27/26 01:00,47.982,
Plot Title: 5S3C,2462,5/27/26 01:15,47.802,
Plot Title: 5S3C,2463,5/27/26 01:30,47.802,
Plot Title: 5S3C,2464,5/27/26 01:45,47.446,
Plot Title: 5S3C,2465,5/27/26 02:00,47.266,
Plot Title: 5S3C,2466,5/27/26 02:15,46.908,
Plot Title: 5S3C,2467,5/27/26 02:30,46.728,
Plot Title: 5S3C,2468,5/27/26 02:45,46.369,
Plot Title: 5S3C,2469,5/27/26 03:00,46.188,
Plot Title: 5S3C,2470,5/27/26 03:15,46.008,
Plot Title: 5S3C,2471,5/27/26 03:30,45.828,
Plot Title: 5S3C,2472,5/27/26 03:45,45.828,
Plot Title: 5S3C,2473,5/27/26 04:00,45.648,
Plot Title: 5S3C,2474,5/27/26 04:15,45.286,
Plot Title: 5S3C,2475,5/27/26 04:30,45.104,
Plot Title: 5S3C,2476,5/27/26 04:45,45.286,
Plot Title: 5S3C,2477,5/27/26 05:00,45.286,
Plot Title: 5S3C,2478,5/27/26 05:15,45.286,
Plot Title: 5S3C,2479,5/27/26 05:30,45.104,
Plot Title: 5S3C,2480,5/27/26 05:45,44.922,
Plot Title: 5S3C,2481,5/27/26 06:00,44.742,
Plot Title: 5S3C,2482,5/27/26 06:15,44.56,
Plot Title: 5S3C,2483,5/27/26 06:30,44.379,
Plot Title: 5S3C,2484,5/27/26 06:45,44.56,
Plot Title: 5S3C,2485,5/27/26 07:00,44.56,
Plot Title: 5S3C,2486,5/27/26 07:15,44.922,
Plot Title: 5S3C,2487,5/27/26 07:30,46.548,
Plot Title: 5S3C,2488,5/27/26 07:45,47.802,
Plot Title: 5S3C,2489,5/27/26 08:00,51.874,
Plot Title: 5S3C,2490,5/27/26 08:15,55.364,
Plot Title: 5S3C,2491,5/27/26 08:30,58.131,
Plot Title: 5S3C,2492,5/27/26 08:45,62.425,
Plot Title: 5S3C,2493,5/27/26 09:00,66.879,
Plot Title: 5S3C,2494,5/27/26 09:15,71.339,
Plot Title: 5S3C,2495,5/27/26 09:30,75.312,
Plot Title: 5S3C,2496,5/27/26 09:45,78.449,
Plot Title: 5S3C,2497,5/27/26 10:00,81.621,
Plot Title: 5S3C,2498,5/27/26 10:15,85.014,
Plot Title: 5S3C,2499,5/27/26 10:30,87.368,
Plot Title: 5S3C,2500,5/27/26 10:45,89.569,
Plot Title: 5S3C,2501,5/27/26 11:00,91.8,
Plot Title: 5S3C,2502,5/27/26 11:15,93.682,
Plot Title: 5S3C,2503,5/27/26 11:30,95.783,
Plot Title: 5S3C,2504,5/27/26 11:45,98.503,
Plot Title: 5S3C,2505,5/27/26 12:00,101.282,
Plot Title: 5S3C,2506,5/27/26 12:15,104.747,
Plot Title: 5S3C,2507,5/27/26 12:30,107.683,
Plot Title: 5S3C,2508,5/27/26 12:45,111.58,
Plot Title: 5S3C,2509,5/27/26 13:00,107.258,
Plot Title: 5S3C,2510,5/27/26 13:15,93.304,
Plot Title: 5S3C,2511,5/27/26 13:30,90.124,
Plot Title: 5S3C,2512,5/27/26 13:45,88.466,
Plot Title: 5S3C,2513,5/27/26 14:00,83.221,
Plot Title: 5S3C,2514,5/27/26 14:15,78.975,
Plot Title: 5S3C,2515,5/27/26 14:30,77.4,
Plot Title: 5S3C,2516,5/27/26 14:45,74.791,
Plot Title: 5S3C,2517,5/27/26 15:00,72.718,
Plot Title: 5S3C,2518,5/27/26 15:15,72.891,
Plot Title: 5S3C,2519,5/27/26 15:30,75.659,
Plot Title: 5S3C,2520,5/27/26 15:45,83.043,
Plot Title: 5S3C,2521,5/27/26 16:00,81.266,
Plot Title: 5S3C,2522,5/27/26 16:15,75.659,
Plot Title: 5S3C,2523,5/27/26 16:30,72.199,
Plot Title: 5S3C,2524,5/27/26 16:45,69.964,
Plot Title: 5S3C,2525,5/27/26 17:00,68.763,
Plot Title: 5S3C,2526,5/27/26 17:15,69.278,
Plot Title: 5S3C,2527,5/27/26 17:30,67.735,
Plot Title: 5S3C,2528,5/27/26 17:45,66.366,
Plot Title: 5S3C,2529,5/27/26 18:00,65.167,
Plot Title: 5S3C,2530,5/27/26 18:15,64.996,
Plot Title: 5S3C,2531,5/27/26 18:30,64.825,
Plot Title: 5S3C,2532,5/27/26 18:45,63.968,
Plot Title: 5S3C,2533,5/27/26 19:00,62.769,
Plot Title: 5S3C,2534,5/27/26 19:15,61.569,
Plot Title: 5S3C,2535,5/27/26 19:30,60.368,
Plot Title: 5S3C,2536,5/27/26 19:45,59.508,
Plot Title: 5S3C,2537,5/27/26 20:00,58.993,
Plot Title: 5S3C,2538,5/27/26 20:15,58.476,
Plot Title: 5S3C,2539,5/27/26 20:30,57.958,
Plot Title: 5S3C,2540,5/27/26 20:45,57.441,
Plot Title: 5S3C,2541,5/27/26 21:00,56.923,
Plot Title: 5S3C,2542,5/27/26 21:15,56.577,
Plot Title: 5S3C,2543,5/27/26 21:30,56.404,
Plot Title: 5S3C,2544,5/27/26 21:45,55.884,
Plot Title: 5S3C,2545,5/27/26 22:00,55.364,
Plot Title: 5S3C,2546,5/27/26 22:15,54.842,
Plot Title: 5S3C,2547,5/27/26 22:30,54.669,
Plot Title: 5S3C,2548,5/27/26 22:45,54.322,
Plot Title: 5S3C,2549,5/27/26 23:00,53.973,
Plot Title: 5S3C,2550,5/27/26 23:15,53.623,
Plot Title: 5S3C,2551,5/27/26 23:30,53.449,
Plot Title: 5S3C,2552,5/27/26 23:45,53.1,
Plot Title: 5S3C,2553,5/28/26 00:00,52.925,
Plot Title: 5S3C,2554,5/28/26 00:15,52.75,
Plot Title: 5S3C,2555,5/28/26 00:30,52.401,
Plot Title: 5S3C,2556,5/28/26 00:45,52.401,
Plot Title: 5S3C,2557,5/28/26 01:00,52.225,
Plot Title: 5S3C,2558,5/28/26 01:15,52.05,
Plot Title: 5S3C,2559,5/28/26 01:30,51.699,
Plot Title: 5S3C,2560,5/28/26 01:45,51.346,
Plot Title: 5S3C,2561,5/28/26 02:00,51.172,
Plot Title: 5S3C,2562,5/28/26 02:15,50.995,
Plot Title: 5S3C,2563,5/28/26 02:30,50.819,
Plot Title: 5S3C,2564,5/28/26 02:45,50.643,
Plot Title: 5S3C,2565,5/28/26 03:00,50.29,
Plot Title: 5S3C,2566,5/28/26 03:15,50.113,
Plot Title: 5S3C,2567,5/28/26 03:30,49.937,
Plot Title: 5S3C,2568,5/28/26 03:45,49.759,
Plot Title: 5S3C,2569,5/28/26 04:00,49.582,
Plot Title: 5S3C,2570,5/28/26 04:15,49.404,
Plot Title: 5S3C,2571,5/28/26 04:30,49.228,
Plot Title: 5S3C,2572,5/28/26 04:45,49.05,
Plot Title: 5S3C,2573,5/28/26 05:00,48.695,
Plot Title: 5S3C,2574,5/28/26 05:15,48.517,
Plot Title: 5S3C,2575,5/28/26 05:30,48.16,
Plot Title: 5S3C,2576,5/28/26 05:45,47.982,
Plot Title: 5S3C,2577,5/28/26 06:00,47.982,
Plot Title: 5S3C,2578,5/28/26 06:15,47.982,
Plot Title: 5S3C,2579,5/28/26 06:30,48.16,
Plot Title: 5S3C,2580,5/28/26 06:45,48.517,
Plot Title: 5S3C,2581,5/28/26 07:00,49.05,
Plot Title: 5S3C,2582,5/28/26 07:15,49.759,
Plot Title: 5S3C,2583,5/28/26 07:30,51.874,
Plot Title: 5S3C,2584,5/28/26 07:45,54.147,
Plot Title: 5S3C,2585,5/28/26 08:00,55.189,
Plot Title: 5S3C,2586,5/28/26 08:15,58.476,
Plot Title: 5S3C,2587,5/28/26 08:30,61.912,
Plot Title: 5S3C,2588,5/28/26 08:45,65.338,
Plot Title: 5S3C,2589,5/28/26 09:00,69.793,
Plot Title: 5S3C,2590,5/28/26 09:15,75.484,
Plot Title: 5S3C,2591,5/28/26 09:30,81.442,
Plot Title: 5S3C,2592,5/28/26 09:45,87.186,
Plot Title: 5S3C,2593,5/28/26 10:00,91.987,
Plot Title: 5S3C,2594,5/28/26 10:15,97.331,
Plot Title: 5S3C,2595,5/28/26 10:30,102.9,
Plot Title: 5S3C,2596,5/28/26 10:45,107.47,
Plot Title: 5S3C,2597,5/28/26 11:00,111.58,
Plot Title: 5S3C,2598,5/28/26 11:15,115.178,
Plot Title: 5S3C,2599,5/28/26 11:30,118.918,
Plot Title: 5S3C,2600,5/28/26 11:45,117.968,
Plot Title: 5S3C,2601,5/28/26 12:00,113.137,
Plot Title: 5S3C,2602,5/28/26 12:15,112.023,
Plot Title: 5S3C,2603,5/28/26 12:30,105.577,
Plot Title: 5S3C,2604,5/28/26 12:45,103.104,
Plot Title: 5S3C,2605,5/28/26 13:00,109.396,
Plot Title: 5S3C,2606,5/28/26 13:15,103.307,
Plot Title: 5S3C,2607,5/28/26 13:30,95.207,
Plot Title: 5S3C,2608,5/28/26 13:45,98.699,
Plot Title: 5S3C,2609,5/28/26 14:00,90.309,
Plot Title: 5S3C,2610,5/28/26 14:15,85.194,
Plot Title: 5S3C,2611,5/28/26 14:30,82.508,
Plot Title: 5S3C,2612,5/28/26 14:45,79.853,
Plot Title: 5S3C,2613,5/28/26 15:00,78.624,
Plot Title: 5S3C,2614,5/28/26 15:15,78.098,
Plot Title: 5S3C,2615,5/28/26 15:30,83.043,
Plot Title: 5S3C,2616,5/28/26 15:45,84.834,
Plot Title: 5S3C,2617,5/28/26 16:00,82.508,
Plot Title: 5S3C,2618,5/28/26 16:15,78.975,
Plot Title: 5S3C,2619,5/28/26 16:30,76.528,
Plot Title: 5S3C,2620,5/28/26 16:45,74.271,
Plot Title: 5S3C,2621,5/28/26 17:00,72.199,
Plot Title: 5S3C,2622,5/28/26 17:15,72.028,
Plot Title: 5S3C,2623,5/28/26 17:30,72.199,
Plot Title: 5S3C,2624,5/28/26 17:45,70.824,
Plot Title: 5S3C,2625,5/28/26 18:00,69.449,
Plot Title: 5S3C,2626,5/28/26 18:15,67.906,
Plot Title: 5S3C,2627,5/28/26 18:30,67.05,
Plot Title: 5S3C,2628,5/28/26 18:45,66.366,
Plot Title: 5S3C,2629,5/28/26 19:00,65.68,
Plot Title: 5S3C,2630,5/28/26 19:15,65.851,
Plot Title: 5S3C,2631,5/28/26 19:30,65.509,
Plot Title: 5S3C,2632,5/28/26 19:45,64.825,
Plot Title: 5S3C,2633,5/28/26 20:00,63.455,
Plot Title: 5S3C,2634,5/28/26 20:15,62.425,
Plot Title: 5S3C,2635,5/28/26 20:30,61.569,
Plot Title: 5S3C,2636,5/28/26 20:45,60.539,
Plot Title: 5S3C,2637,5/28/26 21:00,59.337,
Plot Title: 5S3C,2638,5/28/26 21:15,58.476,
Plot Title: 5S3C,2639,5/28/26 21:30,57.785,
Plot Title: 5S3C,2640,5/28/26 21:45,57.268,
Plot Title: 5S3C,2641,5/28/26 22:00,56.75,
Plot Title: 5S3C,2642,5/28/26 22:15,56.404,
Plot Title: 5S3C,2643,5/28/26 22:30,56.057,
Plot Title: 5S3C,2644,5/28/26 22:45,55.537,
Plot Title: 5S3C,2645,5/28/26 23:00,55.189,
Plot Title: 5S3C,2646,5/28/26 23:15,54.669,
Plot Title: 5S3C,2647,5/28/26 23:30,54.322,
Plot Title: 5S3C,2648,5/28/26 23:45,53.973,
Plot Title: 5S3C,2649,5/29/26 00:00,53.623,
Plot Title: 5S3C,2650,5/29/26 00:15,53.449,
Plot Title: 5S3C,2651,5/29/26 00:30,53.274,
Plot Title: 5S3C,2652,5/29/26 00:45,53.1,
Plot Title: 5S3C,2653,5/29/26 01:00,52.576,
Plot Title: 5S3C,2654,5/29/26 01:15,52.225,
Plot Title: 5S3C,2655,5/29/26 01:30,51.699,
Plot Title: 5S3C,2656,5/29/26 01:45,51.346,
Plot Title: 5S3C,2657,5/29/26 02:00,50.995,
Plot Title: 5S3C,2658,5/29/26 02:15,50.819,
Plot Title: 5S3C,2659,5/29/26 02:30,50.466,
Plot Title: 5S3C,2660,5/29/26 02:45,50.29,
Plot Title: 5S3C,2661,5/29/26 03:00,49.937,
Plot Title: 5S3C,2662,5/29/26 03:15,49.582,
Plot Title: 5S3C,2663,5/29/26 03:30,49.404,
Plot Title: 5S3C,2664,5/29/26 03:45,49.404,
Plot Title: 5S3C,2665,5/29/26 04:00,49.404,
Plot Title: 5S3C,2666,5/29/26 04:15,49.05,
Plot Title: 5S3C,2667,5/29/26 04:30,48.695,
Plot Title: 5S3C,2668,5/29/26 04:45,48.339,
Plot Title: 5S3C,2669,5/29/26 05:00,48.339,
Plot Title: 5S3C,2670,5/29/26 05:15,48.16,
Plot Title: 5S3C,2671,5/29/26 05:30,47.802,
Plot Title: 5S3C,2672,5/29/26 05:45,47.624,
Plot Title: 5S3C,2673,5/29/26 06:00,47.624,
Plot Title: 5S3C,2674,5/29/26 06:15,47.446,
Plot Title: 5S3C,2675,5/29/26 06:30,47.266,
Plot Title: 5S3C,2676,5/29/26 06:45,47.624,
Plot Title: 5S3C,2677,5/29/26 07:00,48.339,
Plot Title: 5S3C,2678,5/29/26 07:15,49.05,
Plot Title: 5S3C,2679,5/29/26 07:30,51.874,
Plot Title: 5S3C,2680,5/29/26 07:45,52.925,
Plot Title: 5S3C,2681,5/29/26 08:00,56.23,
Plot Title: 5S3C,2682,5/29/26 08:15,59.68,
Plot Title: 5S3C,2683,5/29/26 08:30,63.282,
Plot Title: 5S3C,2684,5/29/26 08:45,67.906,
Plot Title: 5S3C,2685,5/29/26 09:00,73.234,
Plot Title: 5S3C,2686,5/29/26 09:15,78.449,
Plot Title: 5S3C,2687,5/29/26 09:30,85.014,
Plot Title: 5S3C,2688,5/29/26 09:45,87.733,
Plot Title: 5S3C,2689,5/29/26 10:00,92.363,
Plot Title: 5S3C,2690,5/29/26 10:15,96.555,
Plot Title: 5S3C,2691,5/29/26 10:30,101.887,
Plot Title: 5S3C,2692,5/29/26 10:45,107.683,
Plot Title: 5S3C,2693,5/29/26 11:00,113.587,
Plot Title: 5S3C,2694,5/29/26 11:15,117.498,
Plot Title: 5S3C,2695,5/29/26 11:30,120.605,
Plot Title: 5S3C,2696,5/29/26 11:45,124.077,
Plot Title: 5S3C,2697,5/29/26 12:00,126.648,
Plot Title: 5S3C,2698,5/29/26 12:15,126.387,
Plot Title: 5S3C,2699,5/29/26 12:30,121.829,
Plot Title: 5S3C,2700,5/29/26 12:45,119.158,
Plot Title: 5S3C,2701,5/29/26 13:00,104.54,
Plot Title: 5S3C,2702,5/29/26 13:15,97.916,
Plot Title: 5S3C,2703,5/29/26 13:30,90.867,
Plot Title: 5S3C,2704,5/29/26 13:45,85.194,
Plot Title: 5S3C,2705,5/29/26 14:00,81.797,
Plot Title: 5S3C,2706,5/29/26 14:15,79.502,
Plot Title: 5S3C,2707,5/29/26 14:30,79.151,
Plot Title: 5S3C,2708,5/29/26 14:45,77.225,
Plot Title: 5S3C,2709,5/29/26 15:00,76.528,
Plot Title: 5S3C,2710,5/29/26 15:15,77.225,
Plot Title: 5S3C,2711,5/29/26 15:30,77.749,
Plot Title: 5S3C,2712,5/29/26 15:45,74.964,
Plot Title: 5S3C,2713,5/29/26 16:00,73.407,
Plot Title: 5S3C,2714,5/29/26 16:15,72.891,
Plot Title: 5S3C,2715,5/29/26 16:30,71.339,
Plot Title: 5S3C,2716,5/29/26 16:45,70.137,
Plot Title: 5S3C,2717,5/29/26 17:00,68.934,
Plot Title: 5S3C,2718,5/29/26 17:15,68.763,
Plot Title: 5S3C,2719,5/29/26 17:30,68.077,
Plot Title: 5S3C,2720,5/29/26 17:45,67.221,
Plot Title: 5S3C,2721,5/29/26 18:00,66.193,
Plot Title: 5S3C,2722,5/29/26 18:15,65.167,
Plot Title: 5S3C,2723,5/29/26 18:30,64.139,
Plot Title: 5S3C,2724,5/29/26 18:45,63.111,
Plot Title: 5S3C,2725,5/29/26 19:00,62.769,
Plot Title: 5S3C,2726,5/29/26 19:15,62.254,
Plot Title: 5S3C,2727,5/29/26 19:30,61.741,
Plot Title: 5S3C,2728,5/29/26 19:45,61.054,
Plot Title: 5S3C,2729,5/29/26 20:00,60.712,
Plot Title: 5S3C,2730,5/29/26 20:15,60.195,
Plot Title: 5S3C,2731,5/29/26 20:30,59.68,
Plot Title: 5S3C,2732,5/29/26 20:45,59.164,
Plot Title: 5S3C,2733,5/29/26 21:00,58.647,
Plot Title: 5S3C,2734,5/29/26 21:15,58.303,
Plot Title: 5S3C,2735,5/29/26 21:30,57.958,
Plot Title: 5S3C,2736,5/29/26 21:45,57.785,
Plot Title: 5S3C,2737,5/29/26 22:00,57.441,
Plot Title: 5S3C,2738,5/29/26 22:15,57.268,
Plot Title: 5S3C,2739,5/29/26 22:30,57.096,
Plot Title: 5S3C,2740,5/29/26 22:45,56.75,
Plot Title: 5S3C,2741,5/29/26 23:00,56.75,
Plot Title: 5S3C,2742,5/29/26 23:15,56.577,
Plot Title: 5S3C,2743,5/29/26 23:30,56.404,
Plot Title: 5S3C,2744,5/29/26 23:45,56.23,
Plot Title: 5S3C,2745,5/30/26 00:00,55.884,
Plot Title: 5S3C,2746,5/30/26 00:15,55.537,
Plot Title: 5S3C,2747,5/30/26 00:30,55.017,
Plot Title: 5S3C,2748,5/30/26 00:45,54.669,
Plot Title: 5S3C,2749,5/30/26 01:00,54.495,
Plot Title: 5S3C,2750,5/30/26 01:15,54.322,
Plot Title: 5S3C,2751,5/30/26 01:30,54.147,
Plot Title: 5S3C,2752,5/30/26 01:45,53.798,
Plot Title: 5S3C,2753,5/30/26 02:00,52.925,
Plot Title: 5S3C,2754,5/30/26 02:15,51.874,
Plot Title: 5S3C,2755,5/30/26 02:30,51.346,
Plot Title: 5S3C,2756,5/30/26 02:45,50.819,
Plot Title: 5S3C,2757,5/30/26 03:00,50.643,
Plot Title: 5S3C,2758,5/30/26 03:15,50.29,
Plot Title: 5S3C,2759,5/30/26 03:30,49.759,
Plot Title: 5S3C,2760,5/30/26 03:45,49.404,
Plot Title: 5S3C,2761,5/30/26 04:00,49.404,
Plot Title: 5S3C,2762,5/30/26 04:15,49.228,
Plot Title: 5S3C,2763,5/30/26 04:30,49.404,
Plot Title: 5S3C,2764,5/30/26 04:45,49.582,
Plot Title: 5S3C,2765,5/30/26 05:00,49.759,
Plot Title: 5S3C,2766,5/30/26 05:15,49.937,
Plot Title: 5S3C,2767,5/30/26 05:30,50.113,
Plot Title: 5S3C,2768,5/30/26 05:45,50.29,
Plot Title: 5S3C,2769,5/30/26 06:00,50.466,
Plot Title: 5S3C,2770,5/30/26 06:15,50.466,
Plot Title: 5S3C,2771,5/30/26 06:30,50.466,
Plot Title: 5S3C,2772,5/30/26 06:45,50.643,
Plot Title: 5S3C,2773,5/30/26 07:00,50.995,
Plot Title: 5S3C,2774,5/30/26 07:15,51.346,
Plot Title: 5S3C,2775,5/30/26 07:30,51.874,
Plot Title: 5S3C,2776,5/30/26 07:45,52.05,
Plot Title: 5S3C,2777,5/30/26 08:00,52.225,
Plot Title: 5S3C,2778,5/30/26 08:15,52.05,
Plot Title: 5S3C,2779,5/30/26 08:30,52.05,
Plot Title: 5S3C,2780,5/30/26 08:45,52.05,
Plot Title: 5S3C,2781,5/30/26 09:00,51.874,
Plot Title: 5S3C,2782,5/30/26 09:15,51.699,
Plot Title: 5S3C,2783,5/30/26 09:30,51.874,
Plot Title: 5S3C,2784,5/30/26 09:45,52.576,
Plot Title: 5S3C,2785,5/30/26 10:00,52.225,
Plot Title: 5S3C,2786,5/30/26 10:15,52.05,
Plot Title: 5S3C,2787,5/30/26 10:30,52.225,
Plot Title: 5S3C,2788,5/30/26 10:45,52.925,
Plot Title: 5S3C,2789,5/30/26 11:00,52.576,
Plot Title: 5S3C,2790,5/30/26 11:15,52.225,
Plot Title: 5S3C,2791,5/30/26 11:30,52.225,
Plot Title: 5S3C,2792,5/30/26 11:45,52.05,
Plot Title: 5S3C,2793,5/30/26 12:00,52.401,
Plot Title: 5S3C,2794,5/30/26 12:15,52.576,
Plot Title: 5S3C,2795,5/30/26 12:30,52.576,
Plot Title: 5S3C,2796,5/30/26 12:45,52.576,
Plot Title: 5S3C,2797,5/30/26 13:00,53.1,
Plot Title: 5S3C,2798,5/30/26 13:15,53.274,
Plot Title: 5S3C,2799,5/30/26 13:30,53.1,
Plot Title: 5S3C,2800,5/30/26 13:45,53.274,
Plot Title: 5S3C,2801,5/30/26 14:00,53.623,
Plot Title: 5S3C,2802,5/30/26 14:15,53.973,
Plot Title: 5S3C,2803,5/30/26 14:30,54.322,
Plot Title: 5S3C,2804,5/30/26 14:45,53.973,
Plot Title: 5S3C,2805,5/30/26 15:00,54.322,
Plot Title: 5S3C,2806,5/30/26 15:15,54.147,
Plot Title: 5S3C,2807,5/30/26 15:30,53.449,
Plot Title: 5S3C,2808,5/30/26 15:45,52.925,
Plot Title: 5S3C,2809,5/30/26 16:00,53.274,
Plot Title: 5S3C,2810,5/30/26 16:15,54.495,
Plot Title: 5S3C,2811,5/30/26 16:30,55.711,
Plot Title: 5S3C,2812,5/30/26 16:45,55.884,
Plot Title: 5S3C,2813,5/30/26 17:00,55.017,
Plot Title: 5S3C,2814,5/30/26 17:15,54.322,
Plot Title: 5S3C,2815,5/30/26 17:30,53.798,
Plot Title: 5S3C,2816,5/30/26 17:45,53.1,
Plot Title: 5S3C,2817,5/30/26 18:00,52.576,
Plot Title: 5S3C,2818,5/30/26 18:15,52.225,
Plot Title: 5S3C,2819,5/30/26 18:30,52.05,
Plot Title: 5S3C,2820,5/30/26 18:45,51.874,
Plot Title: 5S3C,2821,5/30/26 19:00,51.699,
Plot Title: 5S3C,2822,5/30/26 19:15,51.172,
Plot Title: 5S3C,2823,5/30/26 19:30,50.819,
Plot Title: 5S3C,2824,5/30/26 19:45,50.466,
Plot Title: 5S3C,2825,5/30/26 20:00,50.29,
Plot Title: 5S3C,2826,5/30/26 20:15,49.937,
Plot Title: 5S3C,2827,5/30/26 20:30,49.582,
Plot Title: 5S3C,2828,5/30/26 20:45,49.228,
Plot Title: 5S3C,2829,5/30/26 21:00,48.871,
Plot Title: 5S3C,2830,5/30/26 21:15,48.517,
Plot Title: 5S3C,2831,5/30/26 21:30,48.339,
Plot Title: 5S3C,2832,5/30/26 21:45,47.982,
Plot Title: 5S3C,2833,5/30/26 22:00,47.802,
Plot Title: 5S3C,2834,5/30/26 22:15,47.624,
Plot Title: 5S3C,2835,5/30/26 22:30,47.446,
Plot Title: 5S3C,2836,5/30/26 22:45,47.266,
Plot Title: 5S3C,2837,5/30/26 23:00,47.088,
Plot Title: 5S3C,2838,5/30/26 23:15,46.728,
Plot Title: 5S3C,2839,5/30/26 23:30,46.369,
Plot Title: 5S3C,2840,5/30/26 23:45,46.008,
Plot Title: 5S3C,2841,5/31/26 00:00,45.828,
Plot Title: 5S3C,2842,5/31/26 00:15,45.648,
Plot Title: 5S3C,2843,5/31/26 00:30,45.466,
Plot Title: 5S3C,2844,5/31/26 00:45,45.466,
Plot Title: 5S3C,2845,5/31/26 01:00,45.466,
Plot Title: 5S3C,2846,5/31/26 01:15,45.286,
Plot Title: 5S3C,2847,5/31/26 01:30,45.286,
Plot Title: 5S3C,2848,5/31/26 01:45,45.286,
Plot Title: 5S3C,2849,5/31/26 02:00,45.104,
Plot Title: 5S3C,2850,5/31/26 02:15,44.922,
Plot Title: 5S3C,2851,5/31/26 02:30,44.922,
Plot Title: 5S3C,2852,5/31/26 02:45,44.742,
Plot Title: 5S3C,2853,5/31/26 03:00,44.742,
Plot Title: 5S3C,2854,5/31/26 03:15,44.56,
Plot Title: 5S3C,2855,5/31/26 03:30,44.56,
Plot Title: 5S3C,2856,5/31/26 03:45,44.56,
Plot Title: 5S3C,2857,5/31/26 04:00,44.56,
Plot Title: 5S3C,2858,5/31/26 04:15,44.56,
Plot Title: 5S3C,2859,5/31/26 04:30,44.56,
Plot Title: 5S3C,2860,5/31/26 04:45,44.379,
Plot Title: 5S3C,2861,5/31/26 05:00,44.379,
Plot Title: 5S3C,2862,5/31/26 05:15,44.195,
Plot Title: 5S3C,2863,5/31/26 05:30,44.195,
Plot Title: 5S3C,2864,5/31/26 05:45,44.195,
Plot Title: 5S3C,2865,5/31/26 06:00,44.013,
Plot Title: 5S3C,2866,5/31/26 06:15,44.013,
Plot Title: 5S3C,2867,5/31/26 06:30,44.013,
Plot Title: 5S3C,2868,5/31/26 06:45,44.195,
Plot Title: 5S3C,2869,5/31/26 07:00,44.195,
Plot Title: 5S3C,2870,5/31/26 07:15,44.195,
Plot Title: 5S3C,2871,5/31/26 07:30,44.379,
Plot Title: 5S3C,2872,5/31/26 07:45,44.195,
Plot Title: 5S3C,2873,5/31/26 08:00,44.195,
Plot Title: 5S3C,2874,5/31/26 08:15,44.195,
Plot Title: 5S3C,2875,5/31/26 08:30,44.195,
Plot Title: 5S3C,2876,5/31/26 08:45,44.379,
Plot Title: 5S3C,2877,5/31/26 09:00,44.56,
Plot Title: 5S3C,2878,5/31/26 09:15,44.922,
Plot Title: 5S3C,2879,5/31/26 09:30,45.648,
Plot Title: 5S3C,2880,5/31/26 09:45,46.369,
Plot Title: 5S3C,2881,5/31/26 10:00,47.088,
Plot Title: 5S3C,2882,5/31/26 10:15,48.16,
Plot Title: 5S3C,2883,5/31/26 10:30,49.05,
Plot Title: 5S3C,2884,5/31/26 10:45,49.937,
Plot Title: 5S3C,2885,5/31/26 11:00,50.643,
Plot Title: 5S3C,2886,5/31/26 11:15,50.643,
Plot Title: 5S3C,2887,5/31/26 11:30,50.995,
Plot Title: 5S3C,2888,5/31/26 11:45,50.995,
Plot Title: 5S3C,2889,5/31/26 12:00,51.172,
Plot Title: 5S3C,2890,5/31/26 12:15,51.172,
Plot Title: 5S3C,2891,5/31/26 12:30,50.995,
Plot Title: 5S3C,2892,5/31/26 12:45,50.643,
Plot Title: 5S3C,2893,5/31/26 13:00,50.995,
Plot Title: 5S3C,2894,5/31/26 13:15,51.699,
Plot Title: 5S3C,2895,5/31/26 13:30,51.172,
Plot Title: 5S3C,2896,5/31/26 13:45,51.172,
Plot Title: 5S3C,2897,5/31/26 14:00,51.699,
Plot Title: 5S3C,2898,5/31/26 14:15,51.874,
Plot Title: 5S3C,2899,5/31/26 14:30,51.874,
Plot Title: 5S3C,2900,5/31/26 14:45,50.995,
Plot Title: 5S3C,2901,5/31/26 15:00,50.466,
Plot Title: 5S3C,2902,5/31/26 15:15,50.466,
Plot Title: 5S3C,2903,5/31/26 15:30,50.466,
Plot Title: 5S3C,2904,5/31/26 15:45,50.113,
Plot Title: 5S3C,2905,5/31/26 16:00,49.404,
Plot Title: 5S3C,2906,5/31/26 16:15,48.871,
Plot Title: 5S3C,2907,5/31/26 16:30,48.695,
Plot Title: 5S3C,2908,5/31/26 16:45,48.517,
Plot Title: 5S3C,2909,5/31/26 17:00,48.339,
Plot Title: 5S3C,2910,5/31/26 17:15,48.517,
Plot Title: 5S3C,2911,5/31/26 17:30,48.695,
Plot Title: 5S3C,2912,5/31/26 17:45,48.695,
Plot Title: 5S3C,2913,5/31/26 18:00,48.517,
Plot Title: 5S3C,2914,5/31/26 18:15,48.517,
Plot Title: 5S3C,2915,5/31/26 18:30,48.16,
Plot Title: 5S3C,2916,5/31/26 18:45,47.802,
Plot Title: 5S3C,2917,5/31/26 19:00,47.266,
Plot Title: 5S3C,2918,5/31/26 19:15,46.728,
Plot Title: 5S3C,2919,5/31/26 19:30,46.188,
Plot Title: 5S3C,2920,5/31/26 19:45,45.648,
Plot Title: 5S3C,2921,5/31/26 20:00,45.104,
Plot Title: 5S3C,2922,5/31/26 20:15,44.742,
Plot Title: 5S3C,2923,5/31/26 20:30,44.379,
Plot Title: 5S3C,2924,5/31/26 20:45,44.013,
Plot Title: 5S3C,2925,5/31/26 21:00,43.831,
Plot Title: 5S3C,2926,5/31/26 21:15,43.648,
Plot Title: 5S3C,2927,5/31/26 21:30,43.466,
Plot Title: 5S3C,2928,5/31/26 21:45,43.282,
Plot Title: 5S3C,2929,5/31/26 22:00,43.099,
Plot Title: 5S3C,2930,5/31/26 22:15,43.099,
Plot Title: 5S3C,2931,5/31/26 22:30,42.915,
Plot Title: 5S3C,2932,5/31/26 22:45,42.732,
Plot Title: 5S3C,2933,5/31/26 23:00,42.732,
Plot Title: 5S3C,2934,5/31/26 23:15,42.548,
Plot Title: 5S3C,2935,5/31/26 23:30,42.548,
Plot Title: 5S3C,2936,5/31/26 23:45,42.548,
Plot Title: 5S3C,2937,6/1/26 00:00,42.363,
Plot Title: 5S3C,2938,6/1/26 00:15,42.363,
Plot Title: 5S3C,2939,6/1/26 00:30,42.179,
Plot Title: 5S3C,2940,6/1/26 00:45,42.179,
Plot Title: 5S3C,2941,6/1/26 01:00,41.994,
Plot Title: 5S3C,2942,6/1/26 01:15,41.81,
Plot Title: 5S3C,2943,6/1/26 01:30,41.439,
Plot Title: 5S3C,2944,6/1/26 01:45,41.254,
Plot Title: 5S3C,2945,6/1/26 02:00,41.254,
Plot Title: 5S3C,2946,6/1/26 02:15,41.067,
Plot Title: 5S3C,2947,6/1/26 02:30,41.067,
Plot Title: 5S3C,2948,6/1/26 02:45,41.067,
Plot Title: 5S3C,2949,6/1/26 03:00,41.254,
Plot Title: 5S3C,2950,6/1/26 03:15,40.881,
Plot Title: 5S3C,2951,6/1/26 03:30,40.509,
Plot Title: 5S3C,2952,6/1/26 03:45,40.134,
Plot Title: 5S3C,2953,6/1/26 04:00,39.947,
Plot Title: 5S3C,2954,6/1/26 04:15,39.573,
Plot Title: 5S3C,2955,6/1/26 04:30,39.573,
Plot Title: 5S3C,2956,6/1/26 04:45,39.384,
Plot Title: 5S3C,2957,6/1/26 05:00,39.007,
Plot Title: 5S3C,2958,6/1/26 05:15,38.818,
Plot Title: 5S3C,2959,6/1/26 05:30,38.629,
Plot Title: 5S3C,2960,6/1/26 05:45,38.629,
Plot Title: 5S3C,2961,6/1/26 06:00,38.44,
Plot Title: 5S3C,2962,6/1/26 06:15,38.44,
Plot Title: 5S3C,2963,6/1/26 06:30,38.818,
Plot Title: 5S3C,2964,6/1/26 06:45,39.196,
Plot Title: 5S3C,2965,6/1/26 07:00,40.134,
Plot Title: 5S3C,2966,6/1/26 07:15,41.067,
Plot Title: 5S3C,2967,6/1/26 07:30,42.548,
Plot Title: 5S3C,2968,6/1/26 07:45,44.013,
Plot Title: 5S3C,2969,6/1/26 08:00,46.369,
Plot Title: 5S3C,2970,6/1/26 08:15,49.228,
Plot Title: 5S3C,2971,6/1/26 08:30,52.925,
Plot Title: 5S3C,2972,6/1/26 08:45,57.268,
Plot Title: 5S3C,2973,6/1/26 09:00,61.569,
Plot Title: 5S3C,2974,6/1/26 09:15,65.338,
Plot Title: 5S3C,2975,6/1/26 09:30,69.107,
Plot Title: 5S3C,2976,6/1/26 09:45,73.062,
Plot Title: 5S3C,2977,6/1/26 10:00,76.528,
Plot Title: 5S3C,2978,6/1/26 10:15,78.624,
Plot Title: 5S3C,2979,6/1/26 10:30,80.206,
Plot Title: 5S3C,2980,6/1/26 10:45,81.621,
Plot Title: 5S3C,2981,6/1/26 11:00,84.474,
Plot Title: 5S3C,2982,6/1/26 11:15,87.004,
Plot Title: 5S3C,2983,6/1/26 11:30,89.938,
Plot Title: 5S3C,2984,6/1/26 11:45,91.425,
Plot Title: 5S3C,2985,6/1/26 12:00,89.755,
Plot Title: 5S3C,2986,6/1/26 12:15,87.733,
Plot Title: 5S3C,2987,6/1/26 12:30,92.55,
Plot Title: 5S3C,2988,6/1/26 12:45,94.633,
Plot Title: 5S3C,2989,6/1/26 13:00,97.331,
Plot Title: 5S3C,2990,6/1/26 13:15,96.748,
Plot Title: 5S3C,2991,6/1/26 13:30,91.24,
Plot Title: 5S3C,2992,6/1/26 13:45,86.277,
Plot Title: 5S3C,2993,6/1/26 14:00,77.4,
Plot Title: 5S3C,2994,6/1/26 14:15,72.718,
Plot Title: 5S3C,2995,6/1/26 14:30,69.622,
Plot Title: 5S3C,2996,6/1/26 14:45,67.564,
Plot Title: 5S3C,2997,6/1/26 15:00,66.537,
Plot Title: 5S3C,2998,6/1/26 15:15,68.592,
Plot Title: 5S3C,2999,6/1/26 15:30,75.312,
Plot Title: 5S3C,3000,6/1/26 15:45,75.484,
Plot Title: 5S3C,3001,6/1/26 16:00,69.622,
Plot Title: 5S3C,3002,6/1/26 16:15,66.022,
Plot Title: 5S3C,3003,6/1/26 16:30,64.31,
Plot Title: 5S3C,3004,6/1/26 16:45,62.254,
Plot Title: 5S3C,3005,6/1/26 17:00,60.712,
Plot Title: 5S3C,3006,6/1/26 17:15,59.851,
Plot Title: 5S3C,3007,6/1/26 17:30,58.647,
Plot Title: 5S3C,3008,6/1/26 17:45,58.131,
Plot Title: 5S3C,3009,6/1/26 18:00,57.441,
Plot Title: 5S3C,3010,6/1/26 18:15,56.75,
Plot Title: 5S3C,3011,6/1/26 18:30,55.537,
Plot Title: 5S3C,3012,6/1/26 18:45,49.05,
Plot Title: 5S3C,3013,6/1/26 19:00,46.908,
Plot Title: 5S3C,3014,6/1/26 19:15,44.742,
Plot Title: 5S3C,3015,6/1/26 19:30,45.286,
Plot Title: 5S3C,3016,6/1/26 19:45,46.008,
Plot Title: 5S3C,3017,6/1/26 20:00,46.548,
Plot Title: 5S3C,3018,6/1/26 20:15,46.728,
Plot Title: 5S3C,3019,6/1/26 20:30,46.548,
Plot Title: 5S3C,3020,6/1/26 20:45,46.188,
Plot Title: 5S3C,3021,6/1/26 21:00,45.648,
Plot Title: 5S3C,3022,6/1/26 21:15,45.286,
Plot Title: 5S3C,3023,6/1/26 21:30,44.922,
Plot Title: 5S3C,3024,6/1/26 21:45,44.742,
Plot Title: 5S3C,3025,6/1/26 22:00,44.56,
Plot Title: 5S3C,3026,6/1/26 22:15,44.379,
Plot Title: 5S3C,3027,6/1/26 22:30,44.195,
Plot Title: 5S3C,3028,6/1/26 22:45,44.013,
Plot Title: 5S3C,3029,6/1/26 23:00,43.831,
Plot Title: 5S3C,3030,6/1/26 23:15,43.648,
Plot Title: 5S3C,3031,6/1/26 23:30,44.013,
Plot Title: 5S3C,3032,6/1/26 23:45,44.013,
Plot Title: 5S3C,3033,6/2/26 00:00,44.013,
Plot Title: 5S3C,3034,6/2/26 00:15,44.013,
Plot Title: 5S3C,3035,6/2/26 00:30,44.013,
Plot Title: 5S3C,3036,6/2/26 00:45,43.648,
Plot Title: 5S3C,3037,6/2/26 01:00,43.282,
Plot Title: 5S3C,3038,6/2/26 01:15,42.915,
Plot Title: 5S3C,3039,6/2/26 01:30,42.732,
Plot Title: 5S3C,3040,6/2/26 01:45,42.548,
Plot Title: 5S3C,3041,6/2/26 02:00,42.179,
Plot Title: 5S3C,3042,6/2/26 02:15,41.994,
Plot Title: 5S3C,3043,6/2/26 02:30,41.81,
Plot Title: 5S3C,3044,6/2/26 02:45,41.625,
Plot Title: 5S3C,3045,6/2/26 03:00,41.81,
Plot Title: 5S3C,3046,6/2/26 03:15,41.81,
Plot Title: 5S3C,3047,6/2/26 03:30,41.81,
Plot Title: 5S3C,3048,6/2/26 03:45,41.81,
Plot Title: 5S3C,3049,6/2/26 04:00,41.81,
Plot Title: 5S3C,3050,6/2/26 04:15,41.81,
Plot Title: 5S3C,3051,6/2/26 04:30,41.625,
Plot Title: 5S3C,3052,6/2/26 04:45,41.439,
Plot Title: 5S3C,3053,6/2/26 05:00,41.439,
Plot Title: 5S3C,3054,6/2/26 05:15,41.254,
Plot Title: 5S3C,3055,6/2/26 05:30,41.254,
Plot Title: 5S3C,3056,6/2/26 05:45,41.067,
Plot Title: 5S3C,3057,6/2/26 06:00,40.881,
Plot Title: 5S3C,3058,6/2/26 06:15,40.881,
Plot Title: 5S3C,3059,6/2/26 06:30,40.696,
Plot Title: 5S3C,3060,6/2/26 06:45,40.881,
Plot Title: 5S3C,3061,6/2/26 07:00,41.625,
Plot Title: 5S3C,3062,6/2/26 07:15,42.548,
Plot Title: 5S3C,3063,6/2/26 07:30,43.648,
Plot Title: 5S3C,3064,6/2/26 07:45,44.742,
Plot Title: 5S3C,3065,6/2/26 08:00,46.908,
Plot Title: 5S3C,3066,6/2/26 08:15,49.404,
Plot Title: 5S3C,3067,6/2/26 08:30,53.274,
Plot Title: 5S3C,3068,6/2/26 08:45,51.874,
Plot Title: 5S3C,3069,6/2/26 09:00,52.401,
Plot Title: 5S3C,3070,6/2/26 09:15,55.537,
Plot Title: 5S3C,3071,6/2/26 09:30,60.195,
Plot Title: 5S3C,3072,6/2/26 09:45,66.193,
Plot Title: 5S3C,3073,6/2/26 10:00,69.964,
Plot Title: 5S3C,3074,6/2/26 10:15,72.891,
Plot Title: 5S3C,3075,6/2/26 10:30,76.181,
Plot Title: 5S3C,3076,6/2/26 10:45,76.181,
Plot Title: 5S3C,3077,6/2/26 11:00,76.528,
Plot Title: 5S3C,3078,6/2/26 11:15,79.853,
Plot Title: 5S3C,3079,6/2/26 11:30,85.194,
Plot Title: 5S3C,3080,6/2/26 11:45,85.554,
Plot Title: 5S3C,3081,6/2/26 12:00,82.33,
Plot Title: 5S3C,3082,6/2/26 12:15,81.266,
Plot Title: 5S3C,3083,6/2/26 12:30,83.043,
Plot Title: 5S3C,3084,6/2/26 12:45,86.097,
Plot Title: 5S3C,3085,6/2/26 13:00,86.459,
Plot Title: 5S3C,3086,6/2/26 13:15,89.938,
Plot Title: 5S3C,3087,6/2/26 13:30,86.823,
Plot Title: 5S3C,3088,6/2/26 13:45,83.579,
Plot Title: 5S3C,3089,6/2/26 14:00,75.484,
Plot Title: 5S3C,3090,6/2/26 14:15,71.683,
Plot Title: 5S3C,3091,6/2/26 14:30,68.934,
Plot Title: 5S3C,3092,6/2/26 14:45,67.735,
Plot Title: 5S3C,3093,6/2/26 15:00,66.022,
Plot Title: 5S3C,3094,6/2/26 15:15,67.221,
Plot Title: 5S3C,3095,6/2/26 15:30,66.879,
Plot Title: 5S3C,3096,6/2/26 15:45,67.392,
Plot Title: 5S3C,3097,6/2/26 16:00,65.509,
Plot Title: 5S3C,3098,6/2/26 16:15,63.968,
Plot Title: 5S3C,3099,6/2/26 16:30,63.282,
Plot Title: 5S3C,3100,6/2/26 16:45,62.254,
Plot Title: 5S3C,3101,6/2/26 17:00,61.741,
Plot Title: 5S3C,3102,6/2/26 17:15,61.569,
Plot Title: 5S3C,3103,6/2/26 17:30,60.883,
Plot Title: 5S3C,3104,6/2/26 17:45,59.851,
Plot Title: 5S3C,3105,6/2/26 18:00,58.82,
Plot Title: 5S3C,3106,6/2/26 18:15,57.958,
Plot Title: 5S3C,3107,6/2/26 18:30,57.096,
Plot Title: 5S3C,3108,6/2/26 18:45,56.577,
Plot Title: 5S3C,3109,6/2/26 19:00,55.884,
Plot Title: 5S3C,3110,6/2/26 19:15,55.364,
Plot Title: 5S3C,3111,6/2/26 19:30,55.189,
Plot Title: 5S3C,3112,6/2/26 19:45,54.495,
Plot Title: 5S3C,3113,6/2/26 20:00,54.322,
Plot Title: 5S3C,3114,6/2/26 20:15,53.798,
Plot Title: 5S3C,3115,6/2/26 20:30,52.75,
Plot Title: 5S3C,3116,6/2/26 20:45,51.874,
Plot Title: 5S3C,3117,6/2/26 21:00,51.172,
Plot Title: 5S3C,3118,6/2/26 21:15,50.643,
Plot Title: 5S3C,3119,6/2/26 21:30,49.937,
Plot Title: 5S3C,3120,6/2/26 21:45,49.404,
Plot Title: 5S3C,3121,6/2/26 22:00,49.228,
Plot Title: 5S3C,3122,6/2/26 22:15,49.05,
Plot Title: 5S3C,3123,6/2/26 22:30,49.05,
Plot Title: 5S3C,3124,6/2/26 22:45,48.695,
Plot Title: 5S3C,3125,6/2/26 23:00,48.339,
Plot Title: 5S3C,3126,6/2/26 23:15,47.982,
Plot Title: 5S3C,3127,6/2/26 23:30,47.802,
Plot Title: 5S3C,3128,6/2/26 23:45,47.624,
Plot Title: 5S3C,3129,6/3/26 00:00,47.446,
Plot Title: 5S3C,3130,6/3/26 00:15,47.266,
Plot Title: 5S3C,3131,6/3/26 00:30,47.266,
Plot Title: 5S3C,3132,6/3/26 00:45,46.908,
Plot Title: 5S3C,3133,6/3/26 01:00,46.548,
Plot Title: 5S3C,3134,6/3/26 01:15,46.369,
Plot Title: 5S3C,3135,6/3/26 01:30,46.188,
Plot Title: 5S3C,3136,6/3/26 01:45,46.188,
Plot Title: 5S3C,3137,6/3/26 02:00,45.828,
Plot Title: 5S3C,3138,6/3/26 02:15,45.648,
Plot Title: 5S3C,3139,6/3/26 02:30,45.286,
Plot Title: 5S3C,3140,6/3/26 02:45,45.104,
Plot Title: 5S3C,3141,6/3/26 03:00,44.922,
Plot Title: 5S3C,3142,6/3/26 03:15,44.742,
Plot Title: 5S3C,3143,6/3/26 03:30,44.742,
Plot Title: 5S3C,3144,6/3/26 03:45,44.56,
Plot Title: 5S3C,3145,6/3/26 04:00,44.379,
Plot Title: 5S3C,3146,6/3/26 04:15,44.195,
Plot Title: 5S3C,3147,6/3/26 04:30,44.013,
Plot Title: 5S3C,3148,6/3/26 04:45,43.831,
Plot Title: 5S3C,3149,6/3/26 05:00,43.831,
Plot Title: 5S3C,3150,6/3/26 05:15,43.648,
Plot Title: 5S3C,3151,6/3/26 05:30,43.466,
Plot Title: 5S3C,3152,6/3/26 05:45,43.282,
Plot Title: 5S3C,3153,6/3/26 06:00,43.099,
Plot Title: 5S3C,3154,6/3/26 06:15,43.099,
Plot Title: 5S3C,3155,6/3/26 06:30,43.282,
Plot Title: 5S3C,3156,6/3/26 06:45,43.466,
Plot Title: 5S3C,3157,6/3/26 07:00,43.831,
Plot Title: 5S3C,3158,6/3/26 07:15,44.195,
Plot Title: 5S3C,3159,6/3/26 07:30,46.369,
Plot Title: 5S3C,3160,6/3/26 07:45,48.339,
Plot Title: 5S3C,3161,6/3/26 08:00,50.466,
Plot Title: 5S3C,3162,6/3/26 08:15,52.925,
Plot Title: 5S3C,3163,6/3/26 08:30,56.057,
Plot Title: 5S3C,3164,6/3/26 08:45,59.508,
Plot Title: 5S3C,3165,6/3/26 09:00,63.626,
Plot Title: 5S3C,3166,6/3/26 09:15,67.735,
Plot Title: 5S3C,3167,6/3/26 09:30,72.199,
Plot Title: 5S3C,3168,6/3/26 09:45,76.876,
Plot Title: 5S3C,3169,6/3/26 10:00,80.911,
Plot Title: 5S3C,3170,6/3/26 10:15,85.014,
Plot Title: 5S3C,3171,6/3/26 10:30,88.65,
Plot Title: 5S3C,3172,6/3/26 10:45,92.363,
Plot Title: 5S3C,3173,6/3/26 11:00,95.783,
Plot Title: 5S3C,3174,6/3/26 11:15,99.093,
Plot Title: 5S3C,3175,6/3/26 11:30,102.29,
Plot Title: 5S3C,3176,6/3/26 11:45,104.747,
Plot Title: 5S3C,3177,6/3/26 12:00,107.258,
Plot Title: 5S3C,3178,6/3/26 12:15,108.964,
Plot Title: 5S3C,3179,6/3/26 12:30,110.701,
Plot Title: 5S3C,3180,6/3/26 12:45,112.244,
Plot Title: 5S3C,3181,6/3/26 13:00,113.362,
Plot Title: 5S3C,3182,6/3/26 13:15,113.587,
Plot Title: 5S3C,3183,6/3/26 13:30,110.046,
Plot Title: 5S3C,3184,6/3/26 13:45,103.307,
Plot Title: 5S3C,3185,6/3/26 14:00,87.733,
Plot Title: 5S3C,3186,6/3/26 14:15,79.678,
Plot Title: 5S3C,3187,6/3/26 14:30,74.446,
Plot Title: 5S3C,3188,6/3/26 14:45,70.995,
Plot Title: 5S3C,3189,6/3/26 15:00,69.107,
Plot Title: 5S3C,3190,6/3/26 15:15,73.234,
Plot Title: 5S3C,3191,6/3/26 15:30,81.442,
Plot Title: 5S3C,3192,6/3/26 15:45,83.399,
Plot Title: 5S3C,3193,6/3/26 16:00,81.621,
Plot Title: 5S3C,3194,6/3/26 16:15,74.619,
Plot Title: 5S3C,3195,6/3/26 16:30,70.308,
Plot Title: 5S3C,3196,6/3/26 16:45,67.735,
Plot Title: 5S3C,3197,6/3/26 17:00,67.05,
Plot Title: 5S3C,3198,6/3/26 17:15,66.879,
Plot Title: 5S3C,3199,6/3/26 17:30,66.193,
Plot Title: 5S3C,3200,6/3/26 17:45,65.509,
Plot Title: 5S3C,3201,6/3/26 18:00,64.825,
Plot Title: 5S3C,3202,6/3/26 18:15,64.481,
Plot Title: 5S3C,3203,6/3/26 18:30,63.968,
Plot Title: 5S3C,3204,6/3/26 18:45,63.626,
Plot Title: 5S3C,3205,6/3/26 19:00,63.111,
Plot Title: 5S3C,3206,6/3/26 19:15,62.425,
Plot Title: 5S3C,3207,6/3/26 19:30,61.569,
Plot Title: 5S3C,3208,6/3/26 19:45,61.054,
Plot Title: 5S3C,3209,6/3/26 20:00,60.368,
Plot Title: 5S3C,3210,6/3/26 20:15,59.68,
Plot Title: 5S3C,3211,6/3/26 20:30,58.647,
Plot Title: 5S3C,3212,6/3/26 20:45,57.785,
Plot Title: 5S3C,3213,6/3/26 21:00,57.268,
Plot Title: 5S3C,3214,6/3/26 21:15,56.923,
Plot Title: 5S3C,3215,6/3/26 21:30,56.577,
Plot Title: 5S3C,3216,6/3/26 21:45,56.23,
Plot Title: 5S3C,3217,6/3/26 22:00,55.711,
Plot Title: 5S3C,3218,6/3/26 22:15,55.017,
Plot Title: 5S3C,3219,6/3/26 22:30,54.669,
Plot Title: 5S3C,3220,6/3/26 22:45,54.322,
Plot Title: 5S3C,3221,6/3/26 23:00,54.147,
Plot Title: 5S3C,3222,6/3/26 23:15,53.623,
Plot Title: 5S3C,3223,6/3/26 23:30,52.925,
Plot Title: 5S3C,3224,6/3/26 23:45,52.576,
Plot Title: 5S3C,3225,6/4/26 00:00,52.401,
Plot Title: 5S3C,3226,6/4/26 00:15,52.401,
Plot Title: 5S3C,3227,6/4/26 00:30,52.576,
Plot Title: 5S3C,3228,6/4/26 00:45,52.401,
Plot Title: 5S3C,3229,6/4/26 01:00,51.874,
Plot Title: 5S3C,3230,6/4/26 01:15,51.699,
Plot Title: 5S3C,3231,6/4/26 01:30,51.874,
Plot Title: 5S3C,3232,6/4/26 01:45,51.874,
Plot Title: 5S3C,3233,6/4/26 02:00,51.699,
Plot Title: 5S3C,3234,6/4/26 02:15,51.346,
Plot Title: 5S3C,3235,6/4/26 02:30,50.995,
Plot Title: 5S3C,3236,6/4/26 02:45,50.643,
Plot Title: 5S3C,3237,6/4/26 03:00,50.466,
Plot Title: 5S3C,3238,6/4/26 03:15,50.29,
Plot Title: 5S3C,3239,6/4/26 03:30,50.29,
Plot Title: 5S3C,3240,6/4/26 03:45,49.937,
Plot Title: 5S3C,3241,6/4/26 04:00,49.582,
Plot Title: 5S3C,3242,6/4/26 04:15,49.228,
Plot Title: 5S3C,3243,6/4/26 04:30,48.871,
Plot Title: 5S3C,3244,6/4/26 04:45,48.695,
Plot Title: 5S3C,3245,6/4/26 05:00,48.339,
Plot Title: 5S3C,3246,6/4/26 05:15,47.982,
Plot Title: 5S3C,3247,6/4/26 05:30,47.802,
Plot Title: 5S3C,3248,6/4/26 05:45,47.802,
Plot Title: 5S3C,3249,6/4/26 06:00,47.982,
Plot Title: 5S3C,3250,6/4/26 06:15,48.517,
Plot Title: 5S3C,3251,6/4/26 06:30,49.05,
Plot Title: 5S3C,3252,6/4/26 06:45,49.404,
Plot Title: 5S3C,3253,6/4/26 07:00,49.937,
Plot Title: 5S3C,3254,6/4/26 07:15,50.819,
Plot Title: 5S3C,3255,6/4/26 07:30,52.401,
Plot Title: 5S3C,3256,6/4/26 07:45,54.842,
Plot Title: 5S3C,3257,6/4/26 08:00,55.884,
Plot Title: 5S3C,3258,6/4/26 08:15,58.131,
Plot Title: 5S3C,3259,6/4/26 08:30,62.598,
Plot Title: 5S3C,3260,6/4/26 08:45,66.193,
Plot Title: 5S3C,3261,6/4/26 09:00,70.137,
Plot Title: 5S3C,3262,6/4/26 09:15,73.926,
Plot Title: 5S3C,3263,6/4/26 09:30,73.407,
Plot Title: 5S3C,3264,6/4/26 09:45,75.139,
Plot Title: 5S3C,3265,6/4/26 10:00,81.797,
Plot Title: 5S3C,3266,6/4/26 10:15,80.559,
Plot Title: 5S3C,3267,6/4/26 10:30,79.853,
Plot Title: 5S3C,3268,6/4/26 10:45,78.8,
Plot Title: 5S3C,3269,6/4/26 11:00,75.659,
Plot Title: 5S3C,3270,6/4/26 11:15,84.834,
Plot Title: 5S3C,3271,6/4/26 11:30,76.181,
Plot Title: 5S3C,3272,6/4/26 11:45,75.484,
Plot Title: 5S3C,3273,6/4/26 12:00,85.554,
Plot Title: 5S3C,3274,6/4/26 12:15,95.016,
Plot Title: 5S3C,3275,6/4/26 12:30,99.093,
Plot Title: 5S3C,3276,6/4/26 12:45,100.283,
Plot Title: 5S3C,3277,6/4/26 13:00,107.046,
Plot Title: 5S3C,3278,6/4/26 13:15,108.322,
Plot Title: 5S3C,3279,6/4/26 13:30,108.322,
Plot Title: 5S3C,3280,6/4/26 13:45,103.717,
Plot Title: 5S3C,3281,6/4/26 14:00,89.755,
Plot Title: 5S3C,3282,6/4/26 14:15,82.152,
Plot Title: 5S3C,3283,6/4/26 14:30,77.225,
Plot Title: 5S3C,3284,6/4/26 14:45,74.791,
Plot Title: 5S3C,3285,6/4/26 15:00,73.062,
Plot Title: 5S3C,3286,6/4/26 15:15,71.339,
Plot Title: 5S3C,3287,6/4/26 15:30,69.449,
Plot Title: 5S3C,3288,6/4/26 15:45,69.107,
Plot Title: 5S3C,3289,6/4/26 16:00,68.592,
Plot Title: 5S3C,3290,6/4/26 16:15,67.392,
Plot Title: 5S3C,3291,6/4/26 16:30,66.366,
Plot Title: 5S3C,3292,6/4/26 16:45,65.509,
Plot Title: 5S3C,3293,6/4/26 17:00,65.338,
Plot Title: 5S3C,3294,6/4/26 17:15,64.825,
Plot Title: 5S3C,3295,6/4/26 17:30,63.797,
Plot Title: 5S3C,3296,6/4/26 17:45,62.425,
Plot Title: 5S3C,3297,6/4/26 18:00,61.569,
Plot Title: 5S3C,3298,6/4/26 18:15,60.539,
Plot Title: 5S3C,3299,6/4/26 18:30,60.024,
Plot Title: 5S3C,3300,6/4/26 18:45,58.993,
Plot Title: 5S3C,3301,6/4/26 19:00,58.303,
Plot Title: 5S3C,3302,6/4/26 19:15,57.614,
Plot Title: 5S3C,3303,6/4/26 19:30,57.096,
Plot Title: 5S3C,3304,6/4/26 19:45,56.577,
Plot Title: 5S3C,3305,6/4/26 20:00,56.23,
Plot Title: 5S3C,3306,6/4/26 20:15,55.711,
Plot Title: 5S3C,3307,6/4/26 20:30,55.189,
Plot Title: 5S3C,3308,6/4/26 20:45,54.669,
Plot Title: 5S3C,3309,6/4/26 21:00,53.973,
Plot Title: 5S3C,3310,6/4/26 21:15,53.449,
Plot Title: 5S3C,3311,6/4/26 21:30,53.1,
Plot Title: 5S3C,3312,6/4/26 21:45,52.75,
Plot Title: 5S3C,3313,6/4/26 22:00,52.401,
Plot Title: 5S3C,3314,6/4/26 22:15,52.05,
Plot Title: 5S3C,3315,6/4/26 22:30,51.874,
Plot Title: 5S3C,3316,6/4/26 22:45,51.523,
Plot Title: 5S3C,3317,6/4/26 23:00,51.346,
Plot Title: 5S3C,3318,6/4/26 23:15,50.995,
Plot Title: 5S3C,3319,6/4/26 23:30,50.819,
Plot Title: 5S3C,3320,6/4/26 23:45,50.643,
Plot Title: 5S3C,3321,6/5/26 00:00,50.29,
Plot Title: 5S3C,3322,6/5/26 00:15,50.113,
Plot Title: 5S3C,3323,6/5/26 00:30,49.759,
Plot Title: 5S3C,3324,6/5/26 00:45,49.404,
Plot Title: 5S3C,3325,6/5/26 01:00,49.228,
Plot Title: 5S3C,3326,6/5/26 01:15,48.871,
Plot Title: 5S3C,3327,6/5/26 01:30,48.695,
Plot Title: 5S3C,3328,6/5/26 01:45,48.517,
Plot Title: 5S3C,3329,6/5/26 02:00,48.339,
Plot Title: 5S3C,3330,6/5/26 02:15,48.16,
Plot Title: 5S3C,3331,6/5/26 02:30,47.982,
Plot Title: 5S3C,3332,6/5/26 02:45,47.802,
Plot Title: 5S3C,3333,6/5/26 03:00,47.624,
Plot Title: 5S3C,3334,6/5/26 03:15,47.446,
Plot Title: 5S3C,3335,6/5/26 03:30,47.266,
Plot Title: 5S3C,3336,6/5/26 03:45,47.088,
Plot Title: 5S3C,3337,6/5/26 04:00,46.908,
Plot Title: 5S3C,3338,6/5/26 04:15,46.908,
Plot Title: 5S3C,3339,6/5/26 04:30,46.548,
Plot Title: 5S3C,3340,6/5/26 04:45,46.369,
Plot Title: 5S3C,3341,6/5/26 05:00,46.188,
Plot Title: 5S3C,3342,6/5/26 05:15,46.008,
Plot Title: 5S3C,3343,6/5/26 05:30,45.828,
Plot Title: 5S3C,3344,6/5/26 05:45,45.466,
Plot Title: 5S3C,3345,6/5/26 06:00,45.466,
Plot Title: 5S3C,3346,6/5/26 06:15,45.648,
Plot Title: 5S3C,3347,6/5/26 06:30,45.828,
Plot Title: 5S3C,3348,6/5/26 06:45,46.008,
Plot Title: 5S3C,3349,6/5/26 07:00,46.369,
Plot Title: 5S3C,3350,6/5/26 07:15,46.908,
Plot Title: 5S3C,3351,6/5/26 07:30,49.582,
Plot Title: 5S3C,3352,6/5/26 07:45,52.401,
Plot Title: 5S3C,3353,6/5/26 08:00,55.017,
Plot Title: 5S3C,3354,6/5/26 08:15,57.614,
Plot Title: 5S3C,3355,6/5/26 08:30,60.712,
Plot Title: 5S3C,3356,6/5/26 08:45,64.31,
Plot Title: 5S3C,3357,6/5/26 09:00,68.763,
Plot Title: 5S3C,3358,6/5/26 09:15,73.062,
Plot Title: 5S3C,3359,6/5/26 09:30,77.749,
Plot Title: 5S3C,3360,6/5/26 09:45,83.043,
Plot Title: 5S3C,3361,6/5/26 10:00,87.915,
Plot Title: 5S3C,3362,6/5/26 10:15,92.926,
Plot Title: 5S3C,3363,6/5/26 10:30,97.916,
Plot Title: 5S3C,3364,6/5/26 10:45,102.697,
Plot Title: 5S3C,3365,6/5/26 11:00,107.258,
Plot Title: 5S3C,3366,6/5/26 11:15,110.701,
Plot Title: 5S3C,3367,6/5/26 11:30,114.265,
Plot Title: 5S3C,3368,6/5/26 11:45,117.262,
Plot Title: 5S3C,3369,6/5/26 12:00,119.637,
Plot Title: 5S3C,3370,6/5/26 12:15,121.582,
Plot Title: 5S3C,3371,6/5/26 12:30,123.825,
Plot Title: 5S3C,3372,6/5/26 12:45,125.611,
Plot Title: 5S3C,3373,6/5/26 13:00,126.387,
Plot Title: 5S3C,3374,6/5/26 13:15,126.909,
Plot Title: 5S3C,3375,6/5/26 13:30,124.331,
Plot Title: 5S3C,3376,6/5/26 13:45,119.637,
Plot Title: 5S3C,3377,6/5/26 14:00,98.503,
Plot Title: 5S3C,3378,6/5/26 14:15,87.004,
Plot Title: 5S3C,3379,6/5/26 14:30,81.266,
Plot Title: 5S3C,3380,6/5/26 14:45,76.876,
Plot Title: 5S3C,3381,6/5/26 15:00,74.619,
Plot Title: 5S3C,3382,6/5/26 15:15,78.449,
Plot Title: 5S3C,3383,6/5/26 15:30,88.466,
Plot Title: 5S3C,3384,6/5/26 15:45,90.867,
Plot Title: 5S3C,3385,6/5/26 16:00,89.017,
Plot Title: 5S3C,3386,6/5/26 16:15,80.559,
Plot Title: 5S3C,3387,6/5/26 16:30,74.791,
Plot Title: 5S3C,3388,6/5/26 16:45,71.339,
Plot Title: 5S3C,3389,6/5/26 17:00,69.107,
Plot Title: 5S3C,3390,6/5/26 17:15,67.392,
Plot Title: 5S3C,3391,6/5/26 17:30,66.022,
Plot Title: 5S3C,3392,6/5/26 17:45,64.996,
Plot Title: 5S3C,3393,6/5/26 18:00,64.139,
Plot Title: 5S3C,3394,6/5/26 18:15,63.282,
Plot Title: 5S3C,3395,6/5/26 18:30,62.425,
Plot Title: 5S3C,3396,6/5/26 18:45,61.741,
Plot Title: 5S3C,3397,6/5/26 19:00,61.227,
Plot Title: 5S3C,3398,6/5/26 19:15,60.712,
Plot Title: 5S3C,3399,6/5/26 19:30,60.195,
Plot Title: 5S3C,3400,6/5/26 19:45,59.68,
Plot Title: 5S3C,3401,6/5/26 20:00,59.337,
Plot Title: 5S3C,3402,6/5/26 20:15,59.164,
Plot Title: 5S3C,3403,6/5/26 20:30,58.82,
Plot Title: 5S3C,3404,6/5/26 20:45,58.303,
Plot Title: 5S3C,3405,6/5/26 21:00,57.958,
Plot Title: 5S3C,3406,6/5/26 21:15,57.614,
Plot Title: 5S3C,3407,6/5/26 21:30,57.268,
Plot Title: 5S3C,3408,6/5/26 21:45,56.923,
Plot Title: 5S3C,3409,6/5/26 22:00,56.577,
Plot Title: 5S3C,3410,6/5/26 22:15,56.23,
Plot Title: 5S3C,3411,6/5/26 22:30,55.884,
Plot Title: 5S3C,3412,6/5/26 22:45,55.537,
Plot Title: 5S3C,3413,6/5/26 23:00,55.364,
Plot Title: 5S3C,3414,6/5/26 23:15,54.842,
Plot Title: 5S3C,3415,6/5/26 23:30,54.669,
Plot Title: 5S3C,3416,6/5/26 23:45,54.322,
Plot Title: 5S3C,3417,6/6/26 00:00,54.147,
Plot Title: 5S3C,3418,6/6/26 00:15,53.798,
Plot Title: 5S3C,3419,6/6/26 00:30,53.1,
Plot Title: 5S3C,3420,6/6/26 00:45,52.925,
Plot Title: 5S3C,3421,6/6/26 01:00,52.401,
Plot Title: 5S3C,3422,6/6/26 01:15,52.225,
Plot Title: 5S3C,3423,6/6/26 01:30,51.874,
Plot Title: 5S3C,3424,6/6/26 01:45,51.523,
Plot Title: 5S3C,3425,6/6/26 02:00,51.346,
Plot Title: 5S3C,3426,6/6/26 02:15,50.995,
Plot Title: 5S3C,3427,6/6/26 02:30,50.819,
Plot Title: 5S3C,3428,6/6/26 02:45,50.466,
Plot Title: 5S3C,3429,6/6/26 03:00,50.466,
Plot Title: 5S3C,3430,6/6/26 03:15,50.29,
Plot Title: 5S3C,3431,6/6/26 03:30,50.113,
Plot Title: 5S3C,3432,6/6/26 03:45,50.113,
Plot Title: 5S3C,3433,6/6/26 04:00,49.937,
Plot Title: 5S3C,3434,6/6/26 04:15,49.937,
Plot Title: 5S3C,3435,6/6/26 04:30,49.759,
Plot Title: 5S3C,3436,6/6/26 04:45,49.582,
Plot Title: 5S3C,3437,6/6/26 05:00,49.228,
Plot Title: 5S3C,3438,6/6/26 05:15,49.05,
Plot Title: 5S3C,3439,6/6/26 05:30,48.871,
Plot Title: 5S3C,3440,6/6/26 05:45,48.517,
Plot Title: 5S3C,3441,6/6/26 06:00,48.517,
Plot Title: 5S3C,3442,6/6/26 06:15,48.871,
Plot Title: 5S3C,3443,6/6/26 06:30,49.582,
Plot Title: 5S3C,3444,6/6/26 06:45,50.29,
Plot Title: 5S3C,3445,6/6/26 07:00,50.643,
Plot Title: 5S3C,3446,6/6/26 07:15,51.172,
Plot Title: 5S3C,3447,6/6/26 07:30,52.75,
Plot Title: 5S3C,3448,6/6/26 07:45,54.495,
Plot Title: 5S3C,3449,6/6/26 08:00,55.364,
Plot Title: 5S3C,3450,6/6/26 08:15,57.441,
Plot Title: 5S3C,3451,6/6/26 08:30,60.883,
Plot Title: 5S3C,3452,6/6/26 08:45,62.083,
Plot Title: 5S3C,3453,6/6/26 09:00,59.337,
Plot Title: 5S3C,3454,6/6/26 09:15,60.539,
Plot Title: 5S3C,3455,6/6/26 09:30,59.337,
Plot Title: 5S3C,3456,6/6/26 09:45,59.337,
Plot Title: 5S3C,3457,6/6/26 10:00,58.647,
Plot Title: 5S3C,3458,6/6/26 10:15,58.993,
Plot Title: 5S3C,3459,6/6/26 10:30,58.647,
Plot Title: 5S3C,3460,6/6/26 10:45,58.82,
Plot Title: 5S3C,3461,6/6/26 11:00,61.912,
Plot Title: 5S3C,3462,6/6/26 11:15,66.022,
Plot Title: 5S3C,3463,6/6/26 11:30,74.964,
Plot Title: 5S3C,3464,6/6/26 11:45,78.098,
Plot Title: 5S3C,3465,6/6/26 12:00,76.354,
Plot Title: 5S3C,3466,6/6/26 12:15,79.151,
Plot Title: 5S3C,3467,6/6/26 12:30,75.832,
Plot Title: 5S3C,3468,6/6/26 12:45,74.098,
Plot Title: 5S3C,3469,6/6/26 13:00,78.624,
Plot Title: 5S3C,3470,6/6/26 13:15,79.678,
Plot Title: 5S3C,3471,6/6/26 13:30,76.528,
Plot Title: 5S3C,3472,6/6/26 13:45,74.619,
Plot Title: 5S3C,3473,6/6/26 14:00,74.098,
Plot Title: 5S3C,3474,6/6/26 14:15,73.234,
Plot Title: 5S3C,3475,6/6/26 14:30,73.062,
Plot Title: 5S3C,3476,6/6/26 14:45,72.199,
Plot Title: 5S3C,3477,6/6/26 15:00,70.137,
Plot Title: 5S3C,3478,6/6/26 15:15,67.735,
Plot Title: 5S3C,3479,6/6/26 15:30,67.735,
Plot Title: 5S3C,3480,6/6/26 15:45,68.248,
Plot Title: 5S3C,3481,6/6/26 16:00,66.708,
Plot Title: 5S3C,3482,6/6/26 16:15,66.366,
Plot Title: 5S3C,3483,6/6/26 16:30,65.509,
Plot Title: 5S3C,3484,6/6/26 16:45,64.652,
Plot Title: 5S3C,3485,6/6/26 17:00,64.139,
Plot Title: 5S3C,3486,6/6/26 17:15,63.455,
Plot Title: 5S3C,3487,6/6/26 17:30,62.254,
Plot Title: 5S3C,3488,6/6/26 17:45,60.883,
Plot Title: 5S3C,3489,6/6/26 18:00,60.024,
Plot Title: 5S3C,3490,6/6/26 18:15,59.508,
Plot Title: 5S3C,3491,6/6/26 18:30,58.647,
Plot Title: 5S3C,3492,6/6/26 18:45,58.476,
Plot Title: 5S3C,3493,6/6/26 19:00,57.958,
Plot Title: 5S3C,3494,6/6/26 19:15,57.441,
Plot Title: 5S3C,3495,6/6/26 19:30,56.923,
Plot Title: 5S3C,3496,6/6/26 19:45,56.577,
Plot Title: 5S3C,3497,6/6/26 20:00,55.884,
Plot Title: 5S3C,3498,6/6/26 20:15,55.017,
Plot Title: 5S3C,3499,6/6/26 20:30,54.322,
Plot Title: 5S3C,3500,6/6/26 20:45,53.798,
Plot Title: 5S3C,3501,6/6/26 21:00,53.274,
Plot Title: 5S3C,3502,6/6/26 21:15,52.401,
Plot Title: 5S3C,3503,6/6/26 21:30,51.699,
Plot Title: 5S3C,3504,6/6/26 21:45,50.995,
Plot Title: 5S3C,3505,6/6/26 22:00,50.466,
Plot Title: 5S3C,3506,6/6/26 22:15,50.29,
Plot Title: 5S3C,3507,6/6/26 22:30,50.113,
Plot Title: 5S3C,3508,6/6/26 22:45,49.937,
Plot Title: 5S3C,3509,6/6/26 23:00,49.759,
Plot Title: 5S3C,3510,6/6/26 23:15,49.759,
Plot Title: 5S3C,3511,6/6/26 23:30,49.937,
Plot Title: 5S3C,3512,6/6/26 23:45,49.937,
Plot Title: 5S3C,3513,6/7/26 00:00,49.759,
Plot Title: 5S3C,3514,6/7/26 00:15,49.759,
Plot Title: 5S3C,3515,6/7/26 00:30,49.582,
Plot Title: 5S3C,3516,6/7/26 00:45,49.404,
Plot Title: 5S3C,3517,6/7/26 01:00,49.228,
Plot Title: 5S3C,3518,6/7/26 01:15,49.05,
Plot Title: 5S3C,3519,6/7/26 01:30,48.695,
Plot Title: 5S3C,3520,6/7/26 01:45,48.517,
Plot Title: 5S3C,3521,6/7/26 02:00,48.339,
Plot Title: 5S3C,3522,6/7/26 02:15,48.16,
Plot Title: 5S3C,3523,6/7/26 02:30,47.802,
Plot Title: 5S3C,3524,6/7/26 02:45,47.624,
Plot Title: 5S3C,3525,6/7/26 03:00,47.446,
Plot Title: 5S3C,3526,6/7/26 03:15,47.446,
Plot Title: 5S3C,3527,6/7/26 03:30,47.266,
Plot Title: 5S3C,3528,6/7/26 03:45,47.446,
Plot Title: 5S3C,3529,6/7/26 04:00,47.266,
Plot Title: 5S3C,3530,6/7/26 04:15,47.266,
Plot Title: 5S3C,3531,6/7/26 04:30,47.266,
Plot Title: 5S3C,3532,6/7/26 04:45,47.446,
Plot Title: 5S3C,3533,6/7/26 05:00,47.982,
Plot Title: 5S3C,3534,6/7/26 05:15,48.16,
Plot Title: 5S3C,3535,6/7/26 05:30,47.802,
Plot Title: 5S3C,3536,6/7/26 05:45,47.266,
Plot Title: 5S3C,3537,6/7/26 06:00,46.728,
Plot Title: 5S3C,3538,6/7/26 06:15,46.548,
Plot Title: 5S3C,3539,6/7/26 06:30,46.728,
Plot Title: 5S3C,3540,6/7/26 06:45,46.728,
Plot Title: 5S3C,3541,6/7/26 07:00,47.266,
Plot Title: 5S3C,3542,6/7/26 07:15,47.266,
Plot Title: 5S3C,3543,6/7/26 07:30,49.05,
Plot Title: 5S3C,3544,6/7/26 07:45,51.699,
Plot Title: 5S3C,3545,6/7/26 08:00,54.147,
Plot Title: 5S3C,3546,6/7/26 08:15,56.75,
Plot Title: 5S3C,3547,6/7/26 08:30,59.68,
Plot Title: 5S3C,3548,6/7/26 08:45,63.455,
Plot Title: 5S3C,3549,6/7/26 09:00,63.626,
Plot Title: 5S3C,3550,6/7/26 09:15,60.024,
Plot Title: 5S3C,3551,6/7/26 09:30,60.883,
Plot Title: 5S3C,3552,6/7/26 09:45,60.195,
Plot Title: 5S3C,3553,6/7/26 10:00,62.769,
Plot Title: 5S3C,3554,6/7/26 10:15,66.022,
Plot Title: 5S3C,3555,6/7/26 10:30,66.366,
Plot Title: 5S3C,3556,6/7/26 10:45,66.879,
Plot Title: 5S3C,3557,6/7/26 11:00,74.098,
Plot Title: 5S3C,3558,6/7/26 11:15,87.186,
Plot Title: 5S3C,3559,6/7/26 11:30,93.115,
Plot Title: 5S3C,3560,6/7/26 11:45,97.916,
Plot Title: 5S3C,3561,6/7/26 12:00,102.9,
Plot Title: 5S3C,3562,6/7/26 12:15,102.29,
Plot Title: 5S3C,3563,6/7/26 12:30,96.942,
Plot Title: 5S3C,3564,6/7/26 12:45,95.59,
Plot Title: 5S3C,3565,6/7/26 13:00,91.987,
Plot Title: 5S3C,3566,6/7/26 13:15,82.686,
Plot Title: 5S3C,3567,6/7/26 13:30,77.4,
Plot Title: 5S3C,3568,6/7/26 13:45,72.199,
Plot Title: 5S3C,3569,6/7/26 14:00,67.564,
Plot Title: 5S3C,3570,6/7/26 14:15,63.968,
Plot Title: 5S3C,3571,6/7/26 14:30,60.712,
Plot Title: 5S3C,3572,6/7/26 14:45,58.131,
Plot Title: 5S3C,3573,6/7/26 15:00,56.23,
Plot Title: 5S3C,3574,6/7/26 15:15,54.842,
Plot Title: 5S3C,3575,6/7/26 15:30,53.973,
Plot Title: 5S3C,3576,6/7/26 15:45,53.973,
Plot Title: 5S3C,3577,6/7/26 16:00,53.623,
Plot Title: 5S3C,3578,6/7/26 16:15,53.449,
Plot Title: 5S3C,3579,6/7/26 16:30,53.1,
Plot Title: 5S3C,3580,6/7/26 16:45,52.225,
Plot Title: 5S3C,3581,6/7/26 17:00,51.874,
Plot Title: 5S3C,3582,6/7/26 17:15,50.995,
Plot Title: 5S3C,3583,6/7/26 17:30,50.466,
Plot Title: 5S3C,3584,6/7/26 17:45,50.819,
Plot Title: 5S3C,3585,6/7/26 18:00,52.401,
Plot Title: 5S3C,3586,6/7/26 18:15,51.874,
Plot Title: 5S3C,3587,6/7/26 18:30,50.113,
Plot Title: 5S3C,3588,6/7/26 18:45,48.695,
Plot Title: 5S3C,3589,6/7/26 19:00,47.802,
Plot Title: 5S3C,3590,6/7/26 19:15,47.624,
Plot Title: 5S3C,3591,6/7/26 19:30,47.624,
Plot Title: 5S3C,3592,6/7/26 19:45,47.624,
Plot Title: 5S3C,3593,6/7/26 20:00,47.266,
Plot Title: 5S3C,3594,6/7/26 20:15,47.088,
Plot Title: 5S3C,3595,6/7/26 20:30,46.908,
Plot Title: 5S3C,3596,6/7/26 20:45,46.548,
Plot Title: 5S3C,3597,6/7/26 21:00,46.369,
Plot Title: 5S3C,3598,6/7/26 21:15,46.008,
Plot Title: 5S3C,3599,6/7/26 21:30,45.828,
Plot Title: 5S3C,3600,6/7/26 21:45,45.648,
Plot Title: 5S3C,3601,6/7/26 22:00,45.286,
Plot Title: 5S3C,3602,6/7/26 22:15,44.742,
Plot Title: 5S3C,3603,6/7/26 22:30,43.831,
Plot Title: 5S3C,3604,6/7/26 22:45,42.915,
Plot Title: 5S3C,3605,6/7/26 23:00,42.363,
Plot Title: 5S3C,3606,6/7/26 23:15,41.81,
Plot Title: 5S3C,3607,6/7/26 23:30,41.254,
Plot Title: 5S3C,3608,6/7/26 23:45,40.881,
Plot Title: 5S3C,3609,6/8/26 00:00,40.696,
Plot Title: 5S3C,3610,6/8/26 00:15,40.509,
Plot Title: 5S3C,3611,6/8/26 00:30,40.134,
Plot Title: 5S3C,3612,6/8/26 00:45,39.947,
Plot Title: 5S3C,3613,6/8/26 01:00,39.76,
Plot Title: 5S3C,3614,6/8/26 01:15,39.384,
Plot Title: 5S3C,3615,6/8/26 01:30,39.196,
Plot Title: 5S3C,3616,6/8/26 01:45,39.007,
Plot Title: 5S3C,3617,6/8/26 02:00,38.818,
Plot Title: 5S3C,3618,6/8/26 02:15,38.629,
Plot Title: 5S3C,3619,6/8/26 02:30,38.629,
Plot Title: 5S3C,3620,6/8/26 02:45,38.44,
Plot Title: 5S3C,3621,6/8/26 03:00,38.25,
Plot Title: 5S3C,3622,6/8/26 03:15,38.25,
Plot Title: 5S3C,3623,6/8/26 03:30,38.25,
Plot Title: 5S3C,3624,6/8/26 03:45,38.25,
Plot Title: 5S3C,3625,6/8/26 04:00,38.25,
Plot Title: 5S3C,3626,6/8/26 04:15,38.25,
Plot Title: 5S3C,3627,6/8/26 04:30,38.061,
Plot Title: 5S3C,3628,6/8/26 04:45,37.87,
Plot Title: 5S3C,3629,6/8/26 05:00,37.679,
Plot Title: 5S3C,3630,6/8/26 05:15,37.679,
Plot Title: 5S3C,3631,6/8/26 05:30,37.679,
Plot Title: 5S3C,3632,6/8/26 05:45,37.679,
Plot Title: 5S3C,3633,6/8/26 06:00,37.87,
Plot Title: 5S3C,3634,6/8/26 06:15,38.061,
Plot Title: 5S3C,3635,6/8/26 06:30,38.061,
Plot Title: 5S3C,3636,6/8/26 06:45,38.629,
Plot Title: 5S3C,3637,6/8/26 07:00,39.196,
Plot Title: 5S3C,3638,6/8/26 07:15,40.134,
Plot Title: 5S3C,3639,6/8/26 07:30,40.696,
Plot Title: 5S3C,3640,6/8/26 07:45,42.732,
Plot Title: 5S3C,3641,6/8/26 08:00,46.008,
Plot Title: 5S3C,3642,6/8/26 08:15,49.582,
Plot Title: 5S3C,3643,6/8/26 08:30,52.75,
Plot Title: 5S3C,3644,6/8/26 08:45,56.923,
Plot Title: 5S3C,3645,6/8/26 09:00,61.741,
Plot Title: 5S3C,3646,6/8/26 09:15,67.05,
Plot Title: 5S3C,3647,6/8/26 09:30,72.372,
Plot Title: 5S3C,3648,6/8/26 09:45,78.274,
Plot Title: 5S3C,3649,6/8/26 10:00,84.474,
Plot Title: 5S3C,3650,6/8/26 10:15,90.68,
Plot Title: 5S3C,3651,6/8/26 10:30,96.942,
Plot Title: 5S3C,3652,6/8/26 10:45,102.493,
Plot Title: 5S3C,3653,6/8/26 11:00,106.205,
Plot Title: 5S3C,3654,6/8/26 11:15,109.828,
Plot Title: 5S3C,3655,6/8/26 11:30,112.244,
Plot Title: 5S3C,3656,6/8/26 11:45,114.265,
Plot Title: 5S3C,3657,6/8/26 12:00,116.33,
Plot Title: 5S3C,3658,6/8/26 12:15,117.732,
Plot Title: 5S3C,3659,6/8/26 12:30,118.441,
Plot Title: 5S3C,3660,6/8/26 12:45,119.397,
Plot Title: 5S3C,3661,6/8/26 13:00,119.878,
Plot Title: 5S3C,3662,6/8/26 13:15,119.878,
Plot Title: 5S3C,3663,6/8/26 13:30,118.679,
Plot Title: 5S3C,3664,6/8/26 13:45,116.562,
Plot Title: 5S3C,3665,6/8/26 14:00,96.942,
Plot Title: 5S3C,3666,6/8/26 14:15,85.915,
Plot Title: 5S3C,3667,6/8/26 14:30,79.502,
Plot Title: 5S3C,3668,6/8/26 14:45,75.659,
Plot Title: 5S3C,3669,6/8/26 15:00,72.891,
Plot Title: 5S3C,3670,6/8/26 15:15,70.137,
Plot Title: 5S3C,3671,6/8/26 15:30,69.107,
Plot Title: 5S3C,3672,6/8/26 15:45,69.964,
Plot Title: 5S3C,3673,6/8/26 16:00,70.308,
Plot Title: 5S3C,3674,6/8/26 16:15,69.107,
Plot Title: 5S3C,3675,6/8/26 16:30,67.564,
Plot Title: 5S3C,3676,6/8/26 16:45,67.05,
Plot Title: 5S3C,3677,6/8/26 17:00,66.708,
Plot Title: 5S3C,3678,6/8/26 17:15,66.879,
Plot Title: 5S3C,3679,6/8/26 17:30,66.022,
Plot Title: 5S3C,3680,6/8/26 17:45,64.652,
Plot Title: 5S3C,3681,6/8/26 18:00,63.455,
Plot Title: 5S3C,3682,6/8/26 18:15,62.94,
Plot Title: 5S3C,3683,6/8/26 18:30,62.254,
Plot Title: 5S3C,3684,6/8/26 18:45,61.227,
Plot Title: 5S3C,3685,6/8/26 19:00,60.539,
Plot Title: 5S3C,3686,6/8/26 19:15,59.851,
Plot Title: 5S3C,3687,6/8/26 19:30,59.508,
Plot Title: 5S3C,3688,6/8/26 19:45,59.164,
Plot Title: 5S3C,3689,6/8/26 20:00,58.131,
Plot Title: 5S3C,3690,6/8/26 20:15,57.268,
Plot Title: 5S3C,3691,6/8/26 20:30,56.404,
Plot Title: 5S3C,3692,6/8/26 20:45,55.711,
Plot Title: 5S3C,3693,6/8/26 21:00,55.189,
Plot Title: 5S3C,3694,6/8/26 21:15,54.842,
Plot Title: 5S3C,3695,6/8/26 21:30,54.669,
Plot Title: 5S3C,3696,6/8/26 21:45,54.147,
Plot Title: 5S3C,3697,6/8/26 22:00,53.798,
Plot Title: 5S3C,3698,6/8/26 22:15,53.623,
Plot Title: 5S3C,3699,6/8/26 22:30,53.274,
Plot Title: 5S3C,3700,6/8/26 22:45,53.1,
Plot Title: 5S3C,3701,6/8/26 23:00,53.1,
Plot Title: 5S3C,3702,6/8/26 23:15,53.1,
Plot Title: 5S3C,3703,6/8/26 23:30,53.1,
Plot Title: 5S3C,3704,6/8/26 23:45,53.1,
Plot Title: 5S3C,3705,6/9/26 00:00,53.1,
Plot Title: 5S3C,3706,6/9/26 00:15,52.925,
Plot Title: 5S3C,3707,6/9/26 00:30,52.925,
Plot Title: 5S3C,3708,6/9/26 00:45,52.925,
Plot Title: 5S3C,3709,6/9/26 01:00,52.75,
Plot Title: 5S3C,3710,6/9/26 01:15,52.75,
Plot Title: 5S3C,3711,6/9/26 01:30,52.576,
Plot Title: 5S3C,3712,6/9/26 01:45,52.401,
Plot Title: 5S3C,3713,6/9/26 02:00,52.225,
Plot Title: 5S3C,3714,6/9/26 02:15,52.05,
Plot Title: 5S3C,3715,6/9/26 02:30,51.874,
Plot Title: 5S3C,3716,6/9/26 02:45,52.05,
Plot Title: 5S3C,3717,6/9/26 03:00,51.874,
Plot Title: 5S3C,3718,6/9/26 03:15,52.05,
Plot Title: 5S3C,3719,6/9/26 03:30,51.874,
Plot Title: 5S3C,3720,6/9/26 03:45,51.699,
Plot Title: 5S3C,3721,6/9/26 04:00,51.699,
Plot Title: 5S3C,3722,6/9/26 04:15,51.523,
Plot Title: 5S3C,3723,6/9/26 04:30,50.995,
Plot Title: 5S3C,3724,6/9/26 04:45,50.643,
Plot Title: 5S3C,3725,6/9/26 05:00,50.643,
Plot Title: 5S3C,3726,6/9/26 05:15,50.466,
Plot Title: 5S3C,3727,6/9/26 05:30,50.29,
Plot Title: 5S3C,3728,6/9/26 05:45,50.113,
Plot Title: 5S3C,3729,6/9/26 06:00,49.582,
Plot Title: 5S3C,3730,6/9/26 06:15,49.05,
Plot Title: 5S3C,3731,6/9/26 06:30,48.871,
Plot Title: 5S3C,3732,6/9/26 06:45,48.517,
Plot Title: 5S3C,3733,6/9/26 07:00,48.517,
Plot Title: 5S3C,3734,6/9/26 07:15,48.695,
Plot Title: 5S3C,3735,6/9/26 07:30,49.228,
Plot Title: 5S3C,3736,6/9/26 07:45,50.113,
Plot Title: 5S3C,3737,6/9/26 08:00,50.466,
Plot Title: 5S3C,3738,6/9/26 08:15,50.466,
Plot Title: 5S3C,3739,6/9/26 08:30,51.346,
Plot Title: 5S3C,3740,6/9/26 08:45,56.923,
Plot Title: 5S3C,3741,6/9/26 09:00,57.096,
Plot Title: 5S3C,3742,6/9/26 09:15,54.322,
Plot Title: 5S3C,3743,6/9/26 09:30,53.274,
Plot Title: 5S3C,3744,6/9/26 09:45,53.449,
Plot Title: 5S3C,3745,6/9/26 10:00,59.164,
Plot Title: 5S3C,3746,6/9/26 10:15,66.879,
Plot Title: 5S3C,3747,6/9/26 10:30,67.906,
Plot Title: 5S3C,3748,6/9/26 10:45,68.763,
Plot Title: 5S3C,3749,6/9/26 11:00,71.168,
Plot Title: 5S3C,3750,6/9/26 11:15,73.926,
Plot Title: 5S3C,3751,6/9/26 11:30,69.793,
Plot Title: 5S3C,3752,6/9/26 11:45,64.31,
Plot Title: 5S3C,3753,6/9/26 12:00,60.195,
Plot Title: 5S3C,3754,6/9/26 12:15,62.254,
Plot Title: 5S3C,3755,6/9/26 12:30,62.94,
Plot Title: 5S3C,3756,6/9/26 12:45,61.569,
Plot Title: 5S3C,3757,6/9/26 13:00,58.993,
Plot Title: 5S3C,3758,6/9/26 13:15,56.923,
Plot Title: 5S3C,3759,6/9/26 13:30,54.495,
Plot Title: 5S3C,3760,6/9/26 13:45,52.925,
Plot Title: 5S3C,3761,6/9/26 14:00,51.346,
Plot Title: 5S3C,3762,6/9/26 14:15,50.113,
Plot Title: 5S3C,3763,6/9/26 14:30,49.228,
Plot Title: 5S3C,3764,6/9/26 14:45,48.517,
Plot Title: 5S3C,3765,6/9/26 15:00,47.982,
Plot Title: 5S3C,3766,6/9/26 15:15,47.446,
Plot Title: 5S3C,3767,6/9/26 15:30,47.266,
Plot Title: 5S3C,3768,6/9/26 15:45,47.266,
Plot Title: 5S3C,3769,6/9/26 16:00,47.624,
Plot Title: 5S3C,3770,6/9/26 16:15,48.871,
Plot Title: 5S3C,3771,6/9/26 16:30,48.871,
Plot Title: 5S3C,3772,6/9/26 16:45,48.517,
Plot Title: 5S3C,3773,6/9/26 17:00,49.582,
Plot Title: 5S3C,3774,6/9/26 17:15,50.113,
Plot Title: 5S3C,3775,6/9/26 17:30,50.113,
Plot Title: 5S3C,3776,6/9/26 17:45,49.228,
Plot Title: 5S3C,3777,6/9/26 18:00,48.339,
Plot Title: 5S3C,3778,6/9/26 18:15,47.982,
Plot Title: 5S3C,3779,6/9/26 18:30,47.446,
Plot Title: 5S3C,3780,6/9/26 18:45,47.446,
Plot Title: 5S3C,3781,6/9/26 19:00,47.802,
Plot Title: 5S3C,3782,6/9/26 19:15,47.446,
Plot Title: 5S3C,3783,6/9/26 19:30,47.088,
Plot Title: 5S3C,3784,6/9/26 19:45,46.908,
Plot Title: 5S3C,3785,6/9/26 20:00,46.369,
Plot Title: 5S3C,3786,6/9/26 20:15,45.828,
Plot Title: 5S3C,3787,6/9/26 20:30,45.104,
Plot Title: 5S3C,3788,6/9/26 20:45,44.922,
Plot Title: 5S3C,3789,6/9/26 21:00,44.56,
Plot Title: 5S3C,3790,6/9/26 21:15,43.831,
Plot Title: 5S3C,3791,6/9/26 21:30,43.466,
Plot Title: 5S3C,3792,6/9/26 21:45,43.466,
Plot Title: 5S3C,3793,6/9/26 22:00,43.099,
Plot Title: 5S3C,3794,6/9/26 22:15,43.099,
Plot Title: 5S3C,3795,6/9/26 22:30,43.282,
Plot Title: 5S3C,3796,6/9/26 22:45,43.282,
Plot Title: 5S3C,3797,6/9/26 23:00,43.282,
Plot Title: 5S3C,3798,6/9/26 23:15,43.099,
Plot Title: 5S3C,3799,6/9/26 23:30,42.179,
Plot Title: 5S3C,3800,6/9/26 23:45,41.625,
Plot Title: 5S3C,3801,6/10/26 00:00,40.881,
Plot Title: 5S3C,3802,6/10/26 00:15,40.509,
Plot Title: 5S3C,3803,6/10/26 00:30,40.696,
Plot Title: 5S3C,3804,6/10/26 00:45,40.509,
Plot Title: 5S3C,3805,6/10/26 01:00,40.321,
Plot Title: 5S3C,3806,6/10/26 01:15,40.509,
Plot Title: 5S3C,3807,6/10/26 01:30,40.509,
Plot Title: 5S3C,3808,6/10/26 01:45,40.509,
Plot Title: 5S3C,3809,6/10/26 02:00,40.509,
Plot Title: 5S3C,3810,6/10/26 02:15,40.321,
Plot Title: 5S3C,3811,6/10/26 02:30,40.134,
Plot Title: 5S3C,3812,6/10/26 02:45,40.134,
Plot Title: 5S3C,3813,6/10/26 03:00,40.134,
Plot Title: 5S3C,3814,6/10/26 03:15,40.134,
Plot Title: 5S3C,3815,6/10/26 03:30,39.947,
Plot Title: 5S3C,3816,6/10/26 03:45,39.76,
Plot Title: 5S3C,3817,6/10/26 04:00,39.947,
Plot Title: 5S3C,3818,6/10/26 04:15,40.321,
Plot Title: 5S3C,3819,6/10/26 04:30,40.509,
Plot Title: 5S3C,3820,6/10/26 04:45,40.134,
Plot Title: 5S3C,3821,6/10/26 05:00,39.76,
Plot Title: 5S3C,3822,6/10/26 05:15,39.384,
Plot Title: 5S3C,3823,6/10/26 05:30,39.384,
Plot Title: 5S3C,3824,6/10/26 05:45,39.384,
Plot Title: 5S3C,3825,6/10/26 06:00,39.76,
Plot Title: 5S3C,3826,6/10/26 06:15,39.76,
Plot Title: 5S3C,3827,6/10/26 06:30,39.76,
Plot Title: 5S3C,3828,6/10/26 06:45,39.947,
Plot Title: 5S3C,3829,6/10/26 07:00,40.321,
Plot Title: 5S3C,3830,6/10/26 07:15,40.881,
Plot Title: 5S3C,3831,6/10/26 07:30,41.81,
Plot Title: 5S3C,3832,6/10/26 07:45,44.195,
Plot Title: 5S3C,3833,6/10/26 08:00,47.266,
Plot Title: 5S3C,3834,6/10/26 08:15,47.802,
Plot Title: 5S3C,3835,6/10/26 08:30,49.228,
Plot Title: 5S3C,3836,6/10/26 08:45,54.495,
Plot Title: 5S3C,3837,6/10/26 09:00,54.495,
Plot Title: 5S3C,3838,6/10/26 09:15,54.842,
Plot Title: 5S3C,3839,6/10/26 09:30,62.425,
Plot Title: 5S3C,3840,6/10/26 09:45,67.735,
Plot Title: 5S3C,3841,6/10/26 10:00,72.891,
Plot Title: 5S3C,3842,6/10/26 10:15,77.923,
Plot Title: 5S3C,3843,6/10/26 10:30,79.502,
Plot Title: 5S3C,3844,6/10/26 10:45,77.05,
Plot Title: 5S3C,3845,6/10/26 11:00,73.234,
Plot Title: 5S3C,3846,6/10/26 11:15,69.278,
Plot Title: 5S3C,3847,6/10/26 11:30,74.791,
Plot Title: 5S3C,3848,6/10/26 11:45,76.181,
Plot Title: 5S3C,3849,6/10/26 12:00,77.225,
Plot Title: 5S3C,3850,6/10/26 12:15,84.654,
Plot Title: 5S3C,3851,6/10/26 12:30,87.552,
Plot Title: 5S3C,3852,6/10/26 12:45,76.181,
Plot Title: 5S3C,3853,6/10/26 13:00,65.338,
Plot Title: 5S3C,3854,6/10/26 13:15,64.481,
Plot Title: 5S3C,3855,6/10/26 13:30,61.569,
Plot Title: 5S3C,3856,6/10/26 13:45,57.268,
Plot Title: 5S3C,3857,6/10/26 14:00,54.147,
Plot Title: 5S3C,3858,6/10/26 14:15,56.404,
Plot Title: 5S3C,3859,6/10/26 14:30,56.23,
Plot Title: 5S3C,3860,6/10/26 14:45,54.495,
Plot Title: 5S3C,3861,6/10/26 15:00,51.874,
Plot Title: 5S3C,3862,6/10/26 15:15,54.495,
Plot Title: 5S3C,3863,6/10/26 15:30,52.401,
Plot Title: 5S3C,3864,6/10/26 15:45,55.364,
Plot Title: 5S3C,3865,6/10/26 16:00,55.364,
Plot Title: 5S3C,3866,6/10/26 16:15,52.75,
Plot Title: 5S3C,3867,6/10/26 16:30,51.699,
Plot Title: 5S3C,3868,6/10/26 16:45,51.699,
Plot Title: 5S3C,3869,6/10/26 17:00,49.582,
Plot Title: 5S3C,3870,6/10/26 17:15,49.404,
Plot Title: 5S3C,3871,6/10/26 17:30,49.228,
Plot Title: 5S3C,3872,6/10/26 17:45,49.404,
Plot Title: 5S3C,3873,6/10/26 18:00,48.339,
Plot Title: 5S3C,3874,6/10/26 18:15,48.517,
Plot Title: 5S3C,3875,6/10/26 18:30,48.695,
Plot Title: 5S3C,3876,6/10/26 18:45,48.16,
Plot Title: 5S3C,3877,6/10/26 19:00,48.16,
Plot Title: 5S3C,3878,6/10/26 19:15,47.624,
Plot Title: 5S3C,3879,6/10/26 19:30,47.266,
Plot Title: 5S3C,3880,6/10/26 19:45,46.369,
Plot Title: 5S3C,3881,6/10/26 20:00,45.648,
Plot Title: 5S3C,3882,6/10/26 20:15,45.104,
Plot Title: 5S3C,3883,6/10/26 20:30,44.922,
Plot Title: 5S3C,3884,6/10/26 20:45,44.56,
Plot Title: 5S3C,3885,6/10/26 21:00,44.013,
Plot Title: 5S3C,3886,6/10/26 21:15,43.648,
Plot Title: 5S3C,3887,6/10/26 21:30,43.282,
Plot Title: 5S3C,3888,6/10/26 21:45,42.363,
Plot Title: 5S3C,3889,6/10/26 22:00,41.625,
Plot Title: 5S3C,3890,6/10/26 22:15,41.254,
Plot Title: 5S3C,3891,6/10/26 22:30,40.696,
Plot Title: 5S3C,3892,6/10/26 22:45,40.696,
Plot Title: 5S3C,3893,6/10/26 23:00,40.881,
Plot Title: 5S3C,3894,6/10/26 23:15,40.881,
Plot Title: 5S3C,3895,6/10/26 23:30,41.067,
Plot Title: 5S3C,3896,6/10/26 23:45,40.881,
Plot Title: 5S3C,3897,6/11/26 00:00,40.696,
Plot Title: 5S3C,3898,6/11/26 00:15,40.696,
Plot Title: 5S3C,3899,6/11/26 00:30,40.696,
Plot Title: 5S3C,3900,6/11/26 00:45,40.881,
Plot Title: 5S3C,3901,6/11/26 01:00,40.881,
Plot Title: 5S3C,3902,6/11/26 01:15,40.881,
Plot Title: 5S3C,3903,6/11/26 01:30,40.696,
Plot Title: 5S3C,3904,6/11/26 01:45,40.696,
Plot Title: 5S3C,3905,6/11/26 02:00,40.696,
Plot Title: 5S3C,3906,6/11/26 02:15,40.696,
Plot Title: 5S3C,3907,6/11/26 02:30,40.696,
Plot Title: 5S3C,3908,6/11/26 02:45,40.696,
Plot Title: 5S3C,3909,6/11/26 03:00,40.696,
Plot Title: 5S3C,3910,6/11/26 03:15,40.696,
Plot Title: 5S3C,3911,6/11/26 03:30,40.509,
Plot Title: 5S3C,3912,6/11/26 03:45,40.509,
Plot Title: 5S3C,3913,6/11/26 04:00,40.509,
Plot Title: 5S3C,3914,6/11/26 04:15,40.134,
Plot Title: 5S3C,3915,6/11/26 04:30,39.947,
Plot Title: 5S3C,3916,6/11/26 04:45,39.947,
Plot Title: 5S3C,3917,6/11/26 05:00,39.76,
Plot Title: 5S3C,3918,6/11/26 05:15,39.76,
Plot Title: 5S3C,3919,6/11/26 05:30,39.573,
Plot Title: 5S3C,3920,6/11/26 05:45,39.573,
Plot Title: 5S3C,3921,6/11/26 06:00,39.573,
Plot Title: 5S3C,3922,6/11/26 06:15,39.573,
Plot Title: 5S3C,3923,6/11/26 06:30,39.573,
Plot Title: 5S3C,3924,6/11/26 06:45,39.76,
Plot Title: 5S3C,3925,6/11/26 07:00,40.321,
Plot Title: 5S3C,3926,6/11/26 07:15,40.696,
Plot Title: 5S3C,3927,6/11/26 07:30,41.439,
Plot Title: 5S3C,3928,6/11/26 07:45,42.548,
Plot Title: 5S3C,3929,6/11/26 08:00,43.831,
Plot Title: 5S3C,3930,6/11/26 08:15,45.104,
Plot Title: 5S3C,3931,6/11/26 08:30,46.728,
Plot Title: 5S3C,3932,6/11/26 08:45,47.266,
Plot Title: 5S3C,3933,6/11/26 09:00,49.228,
Plot Title: 5S3C,3934,6/11/26 09:15,58.303,
Plot Title: 5S3C,3935,6/11/26 09:30,58.131,
Plot Title: 5S3C,3936,6/11/26 09:45,53.798,
Plot Title: 5S3C,3937,6/11/26 10:00,55.189,
Plot Title: 5S3C,3938,6/11/26 10:15,56.577,
Plot Title: 5S3C,3939,6/11/26 10:30,54.495,
Plot Title: 5S3C,3940,6/11/26 10:45,57.096,
Plot Title: 5S3C,3941,6/11/26 11:00,60.024,
Plot Title: 5S3C,3942,6/11/26 11:15,66.193,
Plot Title: 5S3C,3943,6/11/26 11:30,68.763,
Plot Title: 5S3C,3944,6/11/26 11:45,66.193,
Plot Title: 5S3C,3945,6/11/26 12:00,73.234,
Plot Title: 5S3C,3946,6/11/26 12:15,72.718,
Plot Title: 5S3C,3947,6/11/26 12:30,80.911,
Plot Title: 5S3C,3948,6/11/26 12:45,81.266,
Plot Title: 5S3C,3949,6/11/26 13:00,88.282,
Plot Title: 5S3C,3950,6/11/26 13:15,92.926,
Plot Title: 5S3C,3951,6/11/26 13:30,95.016,
Plot Title: 5S3C,3952,6/11/26 13:45,96.361,
Plot Title: 5S3C,3953,6/11/26 14:00,82.152,
Plot Title: 5S3C,3954,6/11/26 14:15,72.545,
Plot Title: 5S3C,3955,6/11/26 14:30,68.077,
Plot Title: 5S3C,3956,6/11/26 14:45,64.652,
Plot Title: 5S3C,3957,6/11/26 15:00,62.425,
Plot Title: 5S3C,3958,6/11/26 15:15,64.996,
Plot Title: 5S3C,3959,6/11/26 15:30,73.926,
Plot Title: 5S3C,3960,6/11/26 15:45,76.354,
Plot Title: 5S3C,3961,6/11/26 16:00,74.791,
Plot Title: 5S3C,3962,6/11/26 16:15,68.421,
Plot Title: 5S3C,3963,6/11/26 16:30,63.626,
Plot Title: 5S3C,3964,6/11/26 16:45,60.883,
Plot Title: 5S3C,3965,6/11/26 17:00,58.993,
Plot Title: 5S3C,3966,6/11/26 17:15,57.958,
Plot Title: 5S3C,3967,6/11/26 17:30,57.268,
Plot Title: 5S3C,3968,6/11/26 17:45,56.404,
Plot Title: 5S3C,3969,6/11/26 18:00,55.711,
Plot Title: 5S3C,3970,6/11/26 18:15,54.842,
Plot Title: 5S3C,3971,6/11/26 18:30,53.973,
Plot Title: 5S3C,3972,6/11/26 18:45,53.274,
Plot Title: 5S3C,3973,6/11/26 19:00,52.925,
Plot Title: 5S3C,3974,6/11/26 19:15,52.225,
Plot Title: 5S3C,3975,6/11/26 19:30,51.699,
Plot Title: 5S3C,3976,6/11/26 19:45,51.346,
Plot Title: 5S3C,3977,6/11/26 20:00,50.995,
Plot Title: 5S3C,3978,6/11/26 20:15,50.643,
Plot Title: 5S3C,3979,6/11/26 20:30,50.29,
Plot Title: 5S3C,3980,6/11/26 20:45,49.759,
Plot Title: 5S3C,3981,6/11/26 21:00,49.228,
Plot Title: 5S3C,3982,6/11/26 21:15,48.871,
Plot Title: 5S3C,3983,6/11/26 21:30,48.339,
Plot Title: 5S3C,3984,6/11/26 21:45,47.802,
Plot Title: 5S3C,3985,6/11/26 22:00,47.266,
Plot Title: 5S3C,3986,6/11/26 22:15,46.908,
Plot Title: 5S3C,3987,6/11/26 22:30,46.548,
Plot Title: 5S3C,3988,6/11/26 22:45,46.369,
Plot Title: 5S3C,3989,6/11/26 23:00,46.188,
Plot Title: 5S3C,3990,6/11/26 23:15,46.008,
Plot Title: 5S3C,3991,6/11/26 23:30,45.648,
Plot Title: 5S3C,3992,6/11/26 23:45,45.466,
Plot Title: 5S3C,3993,6/12/26 00:00,45.286,
Plot Title: 5S3C,3994,6/12/26 00:15,44.922,
Plot Title: 5S3C,3995,6/12/26 00:30,44.742,
Plot Title: 5S3C,3996,6/12/26 00:45,44.56,
Plot Title: 5S3C,3997,6/12/26 01:00,44.379,
Plot Title: 5S3C,3998,6/12/26 01:15,44.013,
Plot Title: 5S3C,3999,6/12/26 01:30,44.013,
Plot Title: 5S3C,4000,6/12/26 01:45,43.831,
Plot Title: 5S3C,4001,6/12/26 02:00,43.466,
Plot Title: 5S3C,4002,6/12/26 02:15,43.282,
Plot Title: 5S3C,4003,6/12/26 02:30,43.099,
Plot Title: 5S3C,4004,6/12/26 02:45,42.915,
Plot Title: 5S3C,4005,6/12/26 03:00,42.732,
Plot Title: 5S3C,4006,6/12/26 03:15,42.732,
Plot Title: 5S3C,4007,6/12/26 03:30,42.548,
Plot Title: 5S3C,4008,6/12/26 03:45,42.363,
Plot Title: 5S3C,4009,6/12/26 04:00,42.363,
Plot Title: 5S3C,4010,6/12/26 04:15,42.179,
Plot Title: 5S3C,4011,6/12/26 04:30,41.994,
Plot Title: 5S3C,4012,6/12/26 04:45,41.81,
Plot Title: 5S3C,4013,6/12/26 05:00,41.625,
Plot Title: 5S3C,4014,6/12/26 05:15,41.439,
Plot Title: 5S3C,4015,6/12/26 05:30,41.254,
Plot Title: 5S3C,4016,6/12/26 05:45,41.067,
Plot Title: 5S3C,4017,6/12/26 06:00,41.067,
Plot Title: 5S3C,4018,6/12/26 06:15,41.254,
Plot Title: 5S3C,4019,6/12/26 06:30,41.439,
Plot Title: 5S3C,4020,6/12/26 06:45,41.81,
Plot Title: 5S3C,4021,6/12/26 07:00,42.179,
Plot Title: 5S3C,4022,6/12/26 07:15,42.548,
Plot Title: 5S3C,4023,6/12/26 07:30,44.56,
Plot Title: 5S3C,4024,6/12/26 07:45,47.624,
Plot Title: 5S3C,4025,6/12/26 08:00,50.113,
Plot Title: 5S3C,4026,6/12/26 08:15,52.925,
Plot Title: 5S3C,4027,6/12/26 08:30,56.75,
Plot Title: 5S3C,4028,6/12/26 08:45,61.054,
Plot Title: 5S3C,4029,6/12/26 09:00,66.193,
Plot Title: 5S3C,4030,6/12/26 09:15,72.028,
Plot Title: 5S3C,4031,6/12/26 09:30,77.923,
Plot Title: 5S3C,4032,6/12/26 09:45,83.757,
Plot Title: 5S3C,4033,6/12/26 10:00,89.2,
Plot Title: 5S3C,4034,6/12/26 10:15,94.825,
Plot Title: 5S3C,4035,6/12/26 10:30,99.687,
Plot Title: 5S3C,4036,6/12/26 10:45,104.128,
Plot Title: 5S3C,4037,6/12/26 11:00,107.683,
Plot Title: 5S3C,4038,6/12/26 11:15,110.919,
Plot Title: 5S3C,4039,6/12/26 11:30,113.362,
Plot Title: 5S3C,4040,6/12/26 11:45,115.407,
Plot Title: 5S3C,4041,6/12/26 12:00,117.262,
Plot Title: 5S3C,4042,6/12/26 12:15,119.158,
Plot Title: 5S3C,4043,6/12/26 12:30,120.848,
Plot Title: 5S3C,4044,6/12/26 12:45,121.338,
Plot Title: 5S3C,4045,6/12/26 13:00,122.324,
Plot Title: 5S3C,4046,6/12/26 13:15,122.821,
Plot Title: 5S3C,4047,6/12/26 13:30,121.829,
Plot Title: 5S3C,4048,6/12/26 13:45,119.878,
Plot Title: 5S3C,4049,6/12/26 14:00,100.882,
Plot Title: 5S3C,4050,6/12/26 14:15,88.65,
Plot Title: 5S3C,4051,6/12/26 14:30,81.621,
Plot Title: 5S3C,4052,6/12/26 14:45,77.4,
Plot Title: 5S3C,4053,6/12/26 15:00,74.619,
Plot Title: 5S3C,4054,6/12/26 15:15,77.574,
Plot Title: 5S3C,4055,6/12/26 15:30,86.459,
Plot Title: 5S3C,4056,6/12/26 15:45,87.733,
Plot Title: 5S3C,4057,6/12/26 16:00,85.915,
Plot Title: 5S3C,4058,6/12/26 16:15,79.151,
Plot Title: 5S3C,4059,6/12/26 16:30,75.312,
Plot Title: 5S3C,4060,6/12/26 16:45,72.891,
Plot Title: 5S3C,4061,6/12/26 17:00,70.48,
Plot Title: 5S3C,4062,6/12/26 17:15,68.421,
Plot Title: 5S3C,4063,6/12/26 17:30,66.193,
Plot Title: 5S3C,4064,6/12/26 17:45,64.652,
Plot Title: 5S3C,4065,6/12/26 18:00,63.111,
Plot Title: 5S3C,4066,6/12/26 18:15,61.741,
Plot Title: 5S3C,4067,6/12/26 18:30,60.539,
Plot Title: 5S3C,4068,6/12/26 18:45,59.508,
Plot Title: 5S3C,4069,6/12/26 19:00,59.508,
Plot Title: 5S3C,4070,6/12/26 19:15,59.164,
Plot Title: 5S3C,4071,6/12/26 19:30,58.647,
Plot Title: 5S3C,4072,6/12/26 19:45,57.958,
Plot Title: 5S3C,4073,6/12/26 20:00,57.268,
Plot Title: 5S3C,4074,6/12/26 20:15,56.404,
Plot Title: 5S3C,4075,6/12/26 20:30,55.711,
Plot Title: 5S3C,4076,6/12/26 20:45,55.189,
Plot Title: 5S3C,4077,6/12/26 21:00,54.669,
Plot Title: 5S3C,4078,6/12/26 21:15,54.322,
Plot Title: 5S3C,4079,6/12/26 21:30,53.973,
Plot Title: 5S3C,4080,6/12/26 21:45,53.623,
Plot Title: 5S3C,4081,6/12/26 22:00,53.274,
Plot Title: 5S3C,4082,6/12/26 22:15,52.925,
Plot Title: 5S3C,4083,6/12/26 22:30,52.576,
Plot Title: 5S3C,4084,6/12/26 22:45,52.05,
Plot Title: 5S3C,4085,6/12/26 23:00,51.699,
Plot Title: 5S3C,4086,6/12/26 23:15,51.346,
Plot Title: 5S3C,4087,6/12/26 23:30,50.995,
Plot Title: 5S3C,4088,6/12/26 23:45,50.643,
Plot Title: 5S3C,4089,6/13/26 00:00,50.29,
Plot Title: 5S3C,4090,6/13/26 00:15,49.937,
Plot Title: 5S3C,4091,6/13/26 00:30,49.582,
Plot Title: 5S3C,4092,6/13/26 00:45,49.228,
Plot Title: 5S3C,4093,6/13/26 01:00,49.228,
Plot Title: 5S3C,4094,6/13/26 01:15,48.871,
Plot Title: 5S3C,4095,6/13/26 01:30,48.695,
Plot Title: 5S3C,4096,6/13/26 01:45,48.517,
Plot Title: 5S3C,4097,6/13/26 02:00,48.339,
Plot Title: 5S3C,4098,6/13/26 02:15,47.982,
Plot Title: 5S3C,4099,6/13/26 02:30,47.802,
Plot Title: 5S3C,4100,6/13/26 02:45,47.624,
Plot Title: 5S3C,4101,6/13/26 03:00,47.446,
Plot Title: 5S3C,4102,6/13/26 03:15,47.446,
Plot Title: 5S3C,4103,6/13/26 03:30,47.266,
Plot Title: 5S3C,4104,6/13/26 03:45,47.088,
Plot Title: 5S3C,4105,6/13/26 04:00,46.908,
Plot Title: 5S3C,4106,6/13/26 04:15,46.548,
Plot Title: 5S3C,4107,6/13/26 04:30,46.548,
Plot Title: 5S3C,4108,6/13/26 04:45,46.369,
Plot Title: 5S3C,4109,6/13/26 05:00,46.188,
Plot Title: 5S3C,4110,6/13/26 05:15,46.008,
Plot Title: 5S3C,4111,6/13/26 05:30,46.008,
Plot Title: 5S3C,4112,6/13/26 05:45,45.828,
Plot Title: 5S3C,4113,6/13/26 06:00,45.648,
Plot Title: 5S3C,4114,6/13/26 06:15,45.648,
Plot Title: 5S3C,4115,6/13/26 06:30,45.466,
Plot Title: 5S3C,4116,6/13/26 06:45,45.466,
Plot Title: 5S3C,4117,6/13/26 07:00,45.466,
Plot Title: 5S3C,4118,6/13/26 07:15,45.648,
Plot Title: 5S3C,4119,6/13/26 07:30,45.466,
Plot Title: 5S3C,4120,6/13/26 07:45,45.648,
Plot Title: 5S3C,4121,6/13/26 08:00,45.828,
Plot Title: 5S3C,4122,6/13/26 08:15,46.008,
Plot Title: 5S3C,4123,6/13/26 08:30,46.548,
Plot Title: 5S3C,4124,6/13/26 08:45,46.548,
Plot Title: 5S3C,4125,6/13/26 09:00,46.728,
Plot Title: 5S3C,4126,6/13/26 09:15,47.088,
Plot Title: 5S3C,4127,6/13/26 09:30,47.624,
Plot Title: 5S3C,4128,6/13/26 09:45,47.802,
Plot Title: 5S3C,4129,6/13/26 10:00,47.624,
Plot Title: 5S3C,4130,6/13/26 10:15,47.266,
Plot Title: 5S3C,4131,6/13/26 10:30,46.908,
Plot Title: 5S3C,4132,6/13/26 10:45,46.908,
Plot Title: 5S3C,4133,6/13/26 11:00,47.088,
Plot Title: 5S3C,4134,6/13/26 11:15,50.466,
Plot Title: 5S3C,4135,6/13/26 11:30,53.274,
Plot Title: 5S3C,4136,6/13/26 11:45,55.364,
Plot Title: 5S3C,4137,6/13/26 12:00,56.75,
Plot Title: 5S3C,4138,6/13/26 12:15,58.476,
Plot Title: 5S3C,4139,6/13/26 12:30,64.139,
Plot Title: 5S3C,4140,6/13/26 12:45,63.455,
Plot Title: 5S3C,4141,6/13/26 13:00,61.054,
Plot Title: 5S3C,4142,6/13/26 13:15,60.195,
Plot Title: 5S3C,4143,6/13/26 13:30,61.398,
Plot Title: 5S3C,4144,6/13/26 13:45,64.996,
Plot Title: 5S3C,4145,6/13/26 14:00,63.797,
Plot Title: 5S3C,4146,6/13/26 14:15,61.054,
Plot Title: 5S3C,4147,6/13/26 14:30,60.712,
Plot Title: 5S3C,4148,6/13/26 14:45,61.741,
Plot Title: 5S3C,4149,6/13/26 15:00,61.912,
Plot Title: 5S3C,4150,6/13/26 15:15,61.912,
Plot Title: 5S3C,4151,6/13/26 15:30,61.398,
Plot Title: 5S3C,4152,6/13/26 15:45,60.195,
Plot Title: 5S3C,4153,6/13/26 16:00,59.164,
Plot Title: 5S3C,4154,6/13/26 16:15,58.131,
Plot Title: 5S3C,4155,6/13/26 16:30,57.268,
Plot Title: 5S3C,4156,6/13/26 16:45,56.75,
Plot Title: 5S3C,4157,6/13/26 17:00,56.75,
Plot Title: 5S3C,4158,6/13/26 17:15,56.923,
Plot Title: 5S3C,4159,6/13/26 17:30,56.577,
Plot Title: 5S3C,4160,6/13/26 17:45,56.057,
Plot Title: 5S3C,4161,6/13/26 18:00,55.884,
Plot Title: 5S3C,4162,6/13/26 18:15,55.364,
Plot Title: 5S3C,4163,6/13/26 18:30,54.842,
Plot Title: 5S3C,4164,6/13/26 18:45,53.449,
Plot Title: 5S3C,4165,6/13/26 19:00,51.699,
Plot Title: 5S3C,4166,6/13/26 19:15,50.819,
Plot Title: 5S3C,4167,6/13/26 19:30,49.937,
Plot Title: 5S3C,4168,6/13/26 19:45,49.05,
Plot Title: 5S3C,4169,6/13/26 20:00,48.339,
Plot Title: 5S3C,4170,6/13/26 20:15,47.802,
Plot Title: 5S3C,4171,6/13/26 20:30,47.088,
Plot Title: 5S3C,4172,6/13/26 20:45,46.548,
Plot Title: 5S3C,4173,6/13/26 21:00,45.828,
Plot Title: 5S3C,4174,6/13/26 21:15,45.104,
Plot Title: 5S3C,4175,6/13/26 21:30,44.56,
Plot Title: 5S3C,4176,6/13/26 21:45,44.195,
Plot Title: 5S3C,4177,6/13/26 22:00,43.831,
Plot Title: 5S3C,4178,6/13/26 22:15,43.282,
Plot Title: 5S3C,4179,6/13/26 22:30,42.915,
Plot Title: 5S3C,4180,6/13/26 22:45,42.732,
Plot Title: 5S3C,4181,6/13/26 23:00,42.363,
Plot Title: 5S3C,4182,6/13/26 23:15,41.994,
Plot Title: 5S3C,4183,6/13/26 23:30,41.81,
Plot Title: 5S3C,4184,6/13/26 23:45,41.81,
Plot Title: 5S3C,4185,6/14/26 00:00,41.439,
Plot Title: 5S3C,4186,6/14/26 00:15,41.254,
Plot Title: 5S3C,4187,6/14/26 00:30,41.067,
Plot Title: 5S3C,4188,6/14/26 00:45,40.881,
Plot Title: 5S3C,4189,6/14/26 01:00,40.696,
Plot Title: 5S3C,4190,6/14/26 01:15,40.321,
Plot Title: 5S3C,4191,6/14/26 01:30,40.134,
Plot Title: 5S3C,4192,6/14/26 01:45,39.947,
Plot Title: 5S3C,4193,6/14/26 02:00,39.76,
Plot Title: 5S3C,4194,6/14/26 02:15,39.573,
Plot Title: 5S3C,4195,6/14/26 02:30,39.384,
Plot Title: 5S3C,4196,6/14/26 02:45,39.384,
Plot Title: 5S3C,4197,6/14/26 03:00,39.384,
Plot Title: 5S3C,4198,6/14/26 03:15,39.384,
Plot Title: 5S3C,4199,6/14/26 03:30,39.007,
Plot Title: 5S3C,4200,6/14/26 03:45,38.818,
Plot Title: 5S3C,4201,6/14/26 04:00,38.818,
Plot Title: 5S3C,4202,6/14/26 04:15,38.629,
Plot Title: 5S3C,4203,6/14/26 04:30,38.44,
Plot Title: 5S3C,4204,6/14/26 04:45,38.25,
Plot Title: 5S3C,4205,6/14/26 05:00,38.061,
Plot Title: 5S3C,4206,6/14/26 05:15,37.87,
Plot Title: 5S3C,4207,6/14/26 05:30,37.87,
Plot Title: 5S3C,4208,6/14/26 05:45,37.87,
Plot Title: 5S3C,4209,6/14/26 06:00,37.87,
Plot Title: 5S3C,4210,6/14/26 06:15,38.061,
Plot Title: 5S3C,4211,6/14/26 06:30,38.44,
Plot Title: 5S3C,4212,6/14/26 06:45,39.007,
Plot Title: 5S3C,4213,6/14/26 07:00,39.384,
Plot Title: 5S3C,4214,6/14/26 07:15,40.134,
Plot Title: 5S3C,4215,6/14/26 07:30,41.994,
Plot Title: 5S3C,4216,6/14/26 07:45,45.104,
Plot Title: 5S3C,4217,6/14/26 08:00,48.339,
Plot Title: 5S3C,4218,6/14/26 08:15,51.523,
Plot Title: 5S3C,4219,6/14/26 08:30,55.364,
Plot Title: 5S3C,4220,6/14/26 08:45,59.851,
Plot Title: 5S3C,4221,6/14/26 09:00,61.741,
Plot Title: 5S3C,4222,6/14/26 09:15,69.107,
Plot Title: 5S3C,4223,6/14/26 09:30,75.139,
Plot Title: 5S3C,4224,6/14/26 09:45,80.559,
Plot Title: 5S3C,4225,6/14/26 10:00,86.823,
Plot Title: 5S3C,4226,6/14/26 10:15,91.24,
Plot Title: 5S3C,4227,6/14/26 10:30,96.555,
Plot Title: 5S3C,4228,6/14/26 10:45,101.887,
Plot Title: 5S3C,4229,6/14/26 11:00,106.624,
Plot Title: 5S3C,4230,6/14/26 11:15,110.264,
Plot Title: 5S3C,4231,6/14/26 11:30,113.362,
Plot Title: 5S3C,4232,6/14/26 11:45,116.33,
Plot Title: 5S3C,4233,6/14/26 12:00,118.441,
Plot Title: 5S3C,4234,6/14/26 12:15,120.605,
Plot Title: 5S3C,4235,6/14/26 12:30,118.441,
Plot Title: 5S3C,4236,6/14/26 12:45,118.441,
Plot Title: 5S3C,4237,6/14/26 13:00,120.605,
Plot Title: 5S3C,4238,6/14/26 13:15,122.076,
Plot Title: 5S3C,4239,6/14/26 13:30,121.338,
Plot Title: 5S3C,4240,6/14/26 13:45,119.158,
Plot Title: 5S3C,4241,6/14/26 14:00,100.483,
Plot Title: 5S3C,4242,6/14/26 14:15,87.552,
Plot Title: 5S3C,4243,6/14/26 14:30,79.853,
Plot Title: 5S3C,4244,6/14/26 14:45,74.791,
Plot Title: 5S3C,4245,6/14/26 15:00,71.339,
Plot Title: 5S3C,4246,6/14/26 15:15,73.926,
Plot Title: 5S3C,4247,6/14/26 15:30,84.115,
Plot Title: 5S3C,4248,6/14/26 15:45,86.277,
Plot Title: 5S3C,4249,6/14/26 16:00,83.579,
Plot Title: 5S3C,4250,6/14/26 16:15,75.832,
Plot Title: 5S3C,4251,6/14/26 16:30,70.48,
Plot Title: 5S3C,4252,6/14/26 16:45,67.221,
Plot Title: 5S3C,4253,6/14/26 17:00,65.167,
Plot Title: 5S3C,4254,6/14/26 17:15,63.797,
Plot Title: 5S3C,4255,6/14/26 17:30,62.94,
Plot Title: 5S3C,4256,6/14/26 17:45,62.083,
Plot Title: 5S3C,4257,6/14/26 18:00,60.539,
Plot Title: 5S3C,4258,6/14/26 18:15,59.68,
Plot Title: 5S3C,4259,6/14/26 18:30,58.993,
Plot Title: 5S3C,4260,6/14/26 18:45,59.164,
Plot Title: 5S3C,4261,6/14/26 19:00,58.131,
Plot Title: 5S3C,4262,6/14/26 19:15,56.923,
Plot Title: 5S3C,4263,6/14/26 19:30,56.057,
Plot Title: 5S3C,4264,6/14/26 19:45,55.189,
Plot Title: 5S3C,4265,6/14/26 20:00,54.322,
Plot Title: 5S3C,4266,6/14/26 20:15,53.623,
Plot Title: 5S3C,4267,6/14/26 20:30,53.1,
Plot Title: 5S3C,4268,6/14/26 20:45,52.401,
Plot Title: 5S3C,4269,6/14/26 21:00,51.699,
Plot Title: 5S3C,4270,6/14/26 21:15,50.995,
Plot Title: 5S3C,4271,6/14/26 21:30,50.466,
Plot Title: 5S3C,4272,6/14/26 21:45,49.937,
Plot Title: 5S3C,4273,6/14/26 22:00,49.404,
Plot Title: 5S3C,4274,6/14/26 22:15,48.871,
Plot Title: 5S3C,4275,6/14/26 22:30,48.517,
Plot Title: 5S3C,4276,6/14/26 22:45,48.16,
Plot Title: 5S3C,4277,6/14/26 23:00,47.802,
Plot Title: 5S3C,4278,6/14/26 23:15,47.446,
Plot Title: 5S3C,4279,6/14/26 23:30,47.088,
Plot Title: 5S3C,4280,6/14/26 23:45,46.908,
Plot Title: 5S3C,4281,6/15/26 00:00,46.548,
Plot Title: 5S3C,4282,6/15/26 00:15,46.369,
Plot Title: 5S3C,4283,6/15/26 00:30,46.008,
Plot Title: 5S3C,4284,6/15/26 00:45,45.828,
Plot Title: 5S3C,4285,6/15/26 01:00,45.648,
Plot Title: 5S3C,4286,6/15/26 01:15,45.466,
Plot Title: 5S3C,4287,6/15/26 01:30,45.104,
Plot Title: 5S3C,4288,6/15/26 01:45,44.922,
Plot Title: 5S3C,4289,6/15/26 02:00,44.742,
Plot Title: 5S3C,4290,6/15/26 02:15,44.56,
Plot Title: 5S3C,4291,6/15/26 02:30,44.195,
Plot Title: 5S3C,4292,6/15/26 02:45,44.013,
Plot Title: 5S3C,4293,6/15/26 03:00,43.831,
Plot Title: 5S3C,4294,6/15/26 03:15,43.648,
Plot Title: 5S3C,4295,6/15/26 03:30,43.648,
Plot Title: 5S3C,4296,6/15/26 03:45,43.466,
Plot Title: 5S3C,4297,6/15/26 04:00,43.282,
Plot Title: 5S3C,4298,6/15/26 04:15,43.099,
Plot Title: 5S3C,4299,6/15/26 04:30,42.732,
Plot Title: 5S3C,4300,6/15/26 04:45,42.363,
Plot Title: 5S3C,4301,6/15/26 05:00,42.179,
Plot Title: 5S3C,4302,6/15/26 05:15,41.81,
Plot Title: 5S3C,4303,6/15/26 05:30,41.625,
Plot Title: 5S3C,4304,6/15/26 05:45,41.439,
Plot Title: 5S3C,4305,6/15/26 06:00,41.439,
Plot Title: 5S3C,4306,6/15/26 06:15,41.439,
Plot Title: 5S3C,4307,6/15/26 06:30,41.81,
Plot Title: 5S3C,4308,6/15/26 06:45,42.179,
Plot Title: 5S3C,4309,6/15/26 07:00,42.548,
Plot Title: 5S3C,4310,6/15/26 07:15,42.915,
Plot Title: 5S3C,4311,6/15/26 07:30,45.104,
Plot Title: 5S3C,4312,6/15/26 07:45,48.16,
Plot Title: 5S3C,4313,6/15/26 08:00,50.643,
Plot Title: 5S3C,4314,6/15/26 08:15,53.798,
Plot Title: 5S3C,4315,6/15/26 08:30,57.958,
Plot Title: 5S3C,4316,6/15/26 08:45,61.912,
Plot Title: 5S3C,4317,6/15/26 09:00,68.077,
Plot Title: 5S3C,4318,6/15/26 09:15,74.098,
Plot Title: 5S3C,4319,6/15/26 09:30,80.029,
Plot Title: 5S3C,4320,6/15/26 09:45,86.459,
Plot Title: 5S3C,4321,6/15/26 10:00,93.115,
Plot Title: 5S3C,4322,6/15/26 10:15,98.897,
Plot Title: 5S3C,4323,6/15/26 10:30,104.333,
Plot Title: 5S3C,4324,6/15/26 10:45,108.964,
Plot Title: 5S3C,4325,6/15/26 11:00,112.914,
Plot Title: 5S3C,4326,6/15/26 11:15,116.562,
Plot Title: 5S3C,4327,6/15/26 11:30,118.679,
Plot Title: 5S3C,4328,6/15/26 11:45,120.362,
Plot Title: 5S3C,4329,6/15/26 12:00,122.076,
Plot Title: 5S3C,4330,6/15/26 12:15,123.321,
Plot Title: 5S3C,4331,6/15/26 12:30,123.573,
Plot Title: 5S3C,4332,6/15/26 12:45,122.076,
Plot Title: 5S3C,4333,6/15/26 13:00,123.573,
Plot Title: 5S3C,4334,6/15/26 13:15,124.077,
Plot Title: 5S3C,4335,6/15/26 13:30,124.077,
Plot Title: 5S3C,4336,6/15/26 13:45,122.324,
Plot Title: 5S3C,4337,6/15/26 14:00,105.786,
Plot Title: 5S3C,4338,6/15/26 14:15,94.062,
Plot Title: 5S3C,4339,6/15/26 14:30,87.186,
Plot Title: 5S3C,4340,6/15/26 14:45,83.757,
Plot Title: 5S3C,4341,6/15/26 15:00,81.09,
Plot Title: 5S3C,4342,6/15/26 15:15,80.206,
Plot Title: 5S3C,4343,6/15/26 15:30,89.384,
Plot Title: 5S3C,4344,6/15/26 15:45,91.053,
Plot Title: 5S3C,4345,6/15/26 16:00,88.099,
Plot Title: 5S3C,4346,6/15/26 16:15,81.442,
Plot Title: 5S3C,4347,6/15/26 16:30,77.574,
Plot Title: 5S3C,4348,6/15/26 16:45,76.006,
Plot Title: 5S3C,4349,6/15/26 17:00,74.446,
Plot Title: 5S3C,4350,6/15/26 17:15,72.891,
Plot Title: 5S3C,4351,6/15/26 17:30,72.199,
Plot Title: 5S3C,4352,6/15/26 17:45,70.824,
Plot Title: 5S3C,4353,6/15/26 18:00,69.793,
Plot Title: 5S3C,4354,6/15/26 18:15,68.421,
Plot Title: 5S3C,4355,6/15/26 18:30,66.366,
Plot Title: 5S3C,4356,6/15/26 18:45,64.996,
Plot Title: 5S3C,4357,6/15/26 19:00,64.31,
Plot Title: 5S3C,4358,6/15/26 19:15,63.797,
Plot Title: 5S3C,4359,6/15/26 19:30,62.769,
Plot Title: 5S3C,4360,6/15/26 19:45,61.398,
Plot Title: 5S3C,4361,6/15/26 20:00,60.368,
Plot Title: 5S3C,4362,6/15/26 20:15,59.851,
Plot Title: 5S3C,4363,6/15/26 20:30,59.508,
Plot Title: 5S3C,4364,6/15/26 20:45,58.82,
Plot Title: 5S3C,4365,6/15/26 21:00,58.131,
Plot Title: 5S3C,4366,6/15/26 21:15,57.785,
Plot Title: 5S3C,4367,6/15/26 21:30,57.268,
Plot Title: 5S3C,4368,6/15/26 21:45,56.577,
Plot Title: 5S3C,4369,6/15/26 22:00,56.057,
Plot Title: 5S3C,4370,6/15/26 22:15,55.711,
Plot Title: 5S3C,4371,6/15/26 22:30,55.711,
Plot Title: 5S3C,4372,6/15/26 22:45,55.537,
Plot Title: 5S3C,4373,6/15/26 23:00,55.364,
Plot Title: 5S3C,4374,6/15/26 23:15,55.189,
Plot Title: 5S3C,4375,6/15/26 23:30,55.189,
Plot Title: 5S3C,4376,6/15/26 23:45,55.017,
Plot Title: 5S3C,4377,6/16/26 00:00,54.669,
Plot Title: 5S3C,4378,6/16/26 00:15,54.669,
Plot Title: 5S3C,4379,6/16/26 00:30,54.669,
Plot Title: 5S3C,4380,6/16/26 00:45,54.669,
Plot Title: 5S3C,4381,6/16/26 01:00,54.322,
Plot Title: 5S3C,4382,6/16/26 01:15,53.973,
Plot Title: 5S3C,4383,6/16/26 01:30,53.449,
Plot Title: 5S3C,4384,6/16/26 01:45,53.449,
Plot Title: 5S3C,4385,6/16/26 02:00,53.798,
Plot Title: 5S3C,4386,6/16/26 02:15,53.798,
Plot Title: 5S3C,4387,6/16/26 02:30,53.798,
Plot Title: 5S3C,4388,6/16/26 02:45,53.449,
Plot Title: 5S3C,4389,6/16/26 03:00,53.274,
Plot Title: 5S3C,4390,6/16/26 03:15,52.75,
Plot Title: 5S3C,4391,6/16/26 03:30,52.225,
Plot Title: 5S3C,4392,6/16/26 03:45,51.874,
Plot Title: 5S3C,4393,6/16/26 04:00,51.346,
Plot Title: 5S3C,4394,6/16/26 04:15,50.995,
Plot Title: 5S3C,4395,6/16/26 04:30,50.466,
Plot Title: 5S3C,4396,6/16/26 04:45,50.29,
Plot Title: 5S3C,4397,6/16/26 05:00,50.113,
Plot Title: 5S3C,4398,6/16/26 05:15,50.113,
Plot Title: 5S3C,4399,6/16/26 05:30,49.937,
Plot Title: 5S3C,4400,6/16/26 05:45,49.759,
Plot Title: 5S3C,4401,6/16/26 06:00,49.937,
Plot Title: 5S3C,4402,6/16/26 06:15,50.466,
Plot Title: 5S3C,4403,6/16/26 06:30,50.819,
Plot Title: 5S3C,4404,6/16/26 06:45,50.995,
Plot Title: 5S3C,4405,6/16/26 07:00,50.995,
Plot Title: 5S3C,4406,6/16/26 07:15,51.172,
Plot Title: 5S3C,4407,6/16/26 07:30,52.401,
Plot Title: 5S3C,4408,6/16/26 07:45,56.057,
Plot Title: 5S3C,4409,6/16/26 08:00,59.508,
Plot Title: 5S3C,4410,6/16/26 08:15,62.94,
Plot Title: 5S3C,4411,6/16/26 08:30,66.366,
Plot Title: 5S3C,4412,6/16/26 08:45,69.622,
Plot Title: 5S3C,4413,6/16/26 09:00,76.006,
Plot Title: 5S3C,4414,6/16/26 09:15,81.09,
Plot Title: 5S3C,4415,6/16/26 09:30,88.282,
Plot Title: 5S3C,4416,6/16/26 09:45,94.633,
Plot Title: 5S3C,4417,6/16/26 10:00,99.489,
Plot Title: 5S3C,4418,6/16/26 10:15,105.161,
Plot Title: 5S3C,4419,6/16/26 10:30,110.482,
Plot Title: 5S3C,4420,6/16/26 10:45,114.949,
Plot Title: 5S3C,4421,6/16/26 11:00,117.498,
Plot Title: 5S3C,4422,6/16/26 11:15,116.1,
Plot Title: 5S3C,4423,6/16/26 11:30,114.949,
Plot Title: 5S3C,4424,6/16/26 11:45,114.721,
Plot Title: 5S3C,4425,6/16/26 12:00,116.1,
Plot Title: 5S3C,4426,6/16/26 12:15,113.362,
Plot Title: 5S3C,4427,6/16/26 12:30,113.587,
Plot Title: 5S3C,4428,6/16/26 12:45,121.338,
Plot Title: 5S3C,4429,6/16/26 13:00,126.387,
Plot Title: 5S3C,4430,6/16/26 13:15,129.301,
Plot Title: 5S3C,4431,6/16/26 13:30,129.841,
Plot Title: 5S3C,4432,6/16/26 13:45,130.386,
Plot Title: 5S3C,4433,6/16/26 14:00,111.58,
Plot Title: 5S3C,4434,6/16/26 14:15,97.525,
Plot Title: 5S3C,4435,6/16/26 14:30,89.2,
Plot Title: 5S3C,4436,6/16/26 14:45,84.474,
Plot Title: 5S3C,4437,6/16/26 15:00,81.09,
Plot Title: 5S3C,4438,6/16/26 15:15,83.579,
Plot Title: 5S3C,4439,6/16/26 15:30,92.926,
Plot Title: 5S3C,4440,6/16/26 15:45,94.825,
Plot Title: 5S3C,4441,6/16/26 16:00,92.926,
Plot Title: 5S3C,4442,6/16/26 16:15,85.554,
Plot Title: 5S3C,4443,6/16/26 16:30,80.029,
Plot Title: 5S3C,4444,6/16/26 16:45,76.528,
Plot Title: 5S3C,4445,6/16/26 17:00,74.098,
Plot Title: 5S3C,4446,6/16/26 17:15,72.372,
Plot Title: 5S3C,4447,6/16/26 17:30,70.995,
Plot Title: 5S3C,4448,6/16/26 17:45,69.793,
Plot Title: 5S3C,4449,6/16/26 18:00,68.763,
Plot Title: 5S3C,4450,6/16/26 18:15,68.077,
Plot Title: 5S3C,4451,6/16/26 18:30,67.221,
Plot Title: 5S3C,4452,6/16/26 18:45,66.708,
Plot Title: 5S3C,4453,6/16/26 19:00,66.022,
Plot Title: 5S3C,4454,6/16/26 19:15,65.509,
Plot Title: 5S3C,4455,6/16/26 19:30,65.167,
Plot Title: 5S3C,4456,6/16/26 19:45,64.652,
Plot Title: 5S3C,4457,6/16/26 20:00,63.968,
Plot Title: 5S3C,4458,6/16/26 20:15,63.455,
Plot Title: 5S3C,4459,6/16/26 20:30,62.94,
Plot Title: 5S3C,4460,6/16/26 20:45,62.254,
Plot Title: 5S3C,4461,6/16/26 21:00,61.398,
Plot Title: 5S3C,4462,6/16/26 21:15,60.539,
Plot Title: 5S3C,4463,6/16/26 21:30,59.68,
Plot Title: 5S3C,4464,6/16/26 21:45,58.993,
Plot Title: 5S3C,4465,6/16/26 22:00,58.303,
Plot Title: 5S3C,4466,6/16/26 22:15,57.785,
Plot Title: 5S3C,4467,6/16/26 22:30,57.268,
Plot Title: 5S3C,4468,6/16/26 22:45,56.75,
Plot Title: 5S3C,4469,6/16/26 23:00,56.404,
Plot Title: 5S3C,4470,6/16/26 23:15,56.23,
Plot Title: 5S3C,4471,6/16/26 23:30,55.711,
Plot Title: 5S3C,4472,6/16/26 23:45,55.364,
Plot Title: 5S3C,4473,6/17/26 00:00,54.842,
Plot Title: 5S3C,4474,6/17/26 00:15,54.669,
Plot Title: 5S3C,4475,6/17/26 00:30,54.322,
Plot Title: 5S3C,4476,6/17/26 00:45,54.322,
Plot Title: 5S3C,4477,6/17/26 01:00,53.973,
Plot Title: 5S3C,4478,6/17/26 01:15,53.623,
Plot Title: 5S3C,4479,6/17/26 01:30,53.274,
Plot Title: 5S3C,4480,6/17/26 01:45,53.1,
Plot Title: 5S3C,4481,6/17/26 02:00,52.75,
Plot Title: 5S3C,4482,6/17/26 02:15,52.576,
Plot Title: 5S3C,4483,6/17/26 02:30,52.401,
Plot Title: 5S3C,4484,6/17/26 02:45,52.05,
Plot Title: 5S3C,4485,6/17/26 03:00,51.699,
Plot Title: 5S3C,4486,6/17/26 03:15,51.346,
Plot Title: 5S3C,4487,6/17/26 03:30,50.995,
Plot Title: 5S3C,4488,6/17/26 03:45,50.466,
Plot Title: 5S3C,4489,6/17/26 04:00,50.29,
Plot Title: 5S3C,4490,6/17/26 04:15,50.113,
Plot Title: 5S3C,4491,6/17/26 04:30,49.937,
Plot Title: 5S3C,4492,6/17/26 04:45,49.759,
Plot Title: 5S3C,4493,6/17/26 05:00,49.937,
Plot Title: 5S3C,4494,6/17/26 05:15,50.113,
Plot Title: 5S3C,4495,6/17/26 05:30,50.113,
Plot Title: 5S3C,4496,6/17/26 05:45,49.937,
Plot Title: 5S3C,4497,6/17/26 06:00,49.759,
Plot Title: 5S3C,4498,6/17/26 06:15,49.582,
Plot Title: 5S3C,4499,6/17/26 06:30,49.937,
Plot Title: 5S3C,4500,6/17/26 06:45,50.466,
Plot Title: 5S3C,4501,6/17/26 07:00,50.643,
Plot Title: 5S3C,4502,6/17/26 07:15,50.995,
Plot Title: 5S3C,4503,6/17/26 07:30,52.225,
Plot Title: 5S3C,4504,6/17/26 07:45,55.537,
Plot Title: 5S3C,4505,6/17/26 08:00,58.476,
Plot Title: 5S3C,4506,6/17/26 08:15,61.569,
Plot Title: 5S3C,4507,6/17/26 08:30,64.825,
Plot Title: 5S3C,4508,6/17/26 08:45,68.592,
Plot Title: 5S3C,4509,6/17/26 09:00,73.58,
Plot Title: 5S3C,4510,6/17/26 09:15,79.151,
Plot Title: 5S3C,4511,6/17/26 09:30,85.374,
Plot Title: 5S3C,4512,6/17/26 09:45,90.309,
Plot Title: 5S3C,4513,6/17/26 10:00,95.4,
Plot Title: 5S3C,4514,6/17/26 10:15,101.685,
Plot Title: 5S3C,4515,6/17/26 10:30,107.046,
Plot Title: 5S3C,4516,6/17/26 10:45,111.36,
Plot Title: 5S3C,4517,6/17/26 11:00,113.814,
Plot Title: 5S3C,4518,6/17/26 11:15,115.867,
Plot Title: 5S3C,4519,6/17/26 11:30,118.679,
Plot Title: 5S3C,4520,6/17/26 11:45,121.338,
Plot Title: 5S3C,4521,6/17/26 12:00,108.108,
Plot Title: 5S3C,4522,6/17/26 12:15,105.161,
Plot Title: 5S3C,4523,6/17/26 12:30,109.396,
Plot Title: 5S3C,4524,6/17/26 12:45,99.291,
Plot Title: 5S3C,4525,6/17/26 13:00,89.2,
Plot Title: 5S3C,4526,6/17/26 13:15,86.097,
Plot Title: 5S3C,4527,6/17/26 13:30,85.915,
Plot Title: 5S3C,4528,6/17/26 13:45,86.097,
Plot Title: 5S3C,4529,6/17/26 14:00,82.686,
Plot Title: 5S3C,4530,6/17/26 14:15,78.274,
Plot Title: 5S3C,4531,6/17/26 14:30,74.791,
Plot Title: 5S3C,4532,6/17/26 14:45,73.753,
Plot Title: 5S3C,4533,6/17/26 15:00,73.753,
Plot Title: 5S3C,4534,6/17/26 15:15,70.995,
Plot Title: 5S3C,4535,6/17/26 15:30,68.934,
Plot Title: 5S3C,4536,6/17/26 15:45,68.077,
Plot Title: 5S3C,4537,6/17/26 16:00,68.592,
Plot Title: 5S3C,4538,6/17/26 16:15,68.248,
Plot Title: 5S3C,4539,6/17/26 16:30,67.564,
Plot Title: 5S3C,4540,6/17/26 16:45,66.708,
Plot Title: 5S3C,4541,6/17/26 17:00,65.68,
Plot Title: 5S3C,4542,6/17/26 17:15,64.481,
Plot Title: 5S3C,4543,6/17/26 17:30,64.139,
Plot Title: 5S3C,4544,6/17/26 17:45,63.455,
Plot Title: 5S3C,4545,6/17/26 18:00,63.455,
Plot Title: 5S3C,4546,6/17/26 18:15,63.455,
Plot Title: 5S3C,4547,6/17/26 18:30,63.111,
Plot Title: 5S3C,4548,6/17/26 18:45,62.254,
Plot Title: 5S3C,4549,6/17/26 19:00,61.741,
Plot Title: 5S3C,4550,6/17/26 19:15,61.398,
Plot Title: 5S3C,4551,6/17/26 19:30,60.712,
Plot Title: 5S3C,4552,6/17/26 19:45,59.508,
Plot Title: 5S3C,4553,6/17/26 20:00,58.647,
Plot Title: 5S3C,4554,6/17/26 20:15,57.785,
Plot Title: 5S3C,4555,6/17/26 20:30,57.096,
Plot Title: 5S3C,4556,6/17/26 20:45,56.057,
Plot Title: 5S3C,4557,6/17/26 21:00,55.364,
Plot Title: 5S3C,4558,6/17/26 21:15,54.669,
Plot Title: 5S3C,4559,6/17/26 21:30,53.798,
Plot Title: 5S3C,4560,6/17/26 21:45,53.274,
Plot Title: 5S3C,4561,6/17/26 22:00,52.925,
Plot Title: 5S3C,4562,6/17/26 22:15,52.05,
Plot Title: 5S3C,4563,6/17/26 22:30,51.346,
Plot Title: 5S3C,4564,6/17/26 22:45,50.819,
Plot Title: 5S3C,4565,6/17/26 23:00,50.29,
Plot Title: 5S3C,4566,6/17/26 23:15,49.759,
Plot Title: 5S3C,4567,6/17/26 23:30,49.404,
Plot Title: 5S3C,4568,6/17/26 23:45,49.05,
Plot Title: 5S3C,4569,6/18/26 00:00,48.695,
Plot Title: 5S3C,4570,6/18/26 00:15,48.339,
Plot Title: 5S3C,4571,6/18/26 00:30,48.16,
Plot Title: 5S3C,4572,6/18/26 00:45,47.802,
Plot Title: 5S3C,4573,6/18/26 01:00,47.624,
Plot Title: 5S3C,4574,6/18/26 01:15,47.266,
Plot Title: 5S3C,4575,6/18/26 01:30,47.088,
Plot Title: 5S3C,4576,6/18/26 01:45,46.908,
Plot Title: 5S3C,4577,6/18/26 02:00,46.548,
Plot Title: 5S3C,4578,6/18/26 02:15,46.369,
Plot Title: 5S3C,4579,6/18/26 02:30,46.188,
Plot Title: 5S3C,4580,6/18/26 02:45,46.008,
Plot Title: 5S3C,4581,6/18/26 03:00,45.828,
Plot Title: 5S3C,4582,6/18/26 03:15,45.648,
Plot Title: 5S3C,4583,6/18/26 03:30,45.648,
Plot Title: 5S3C,4584,6/18/26 03:45,45.466,
Plot Title: 5S3C,4585,6/18/26 04:00,45.104,
Plot Title: 5S3C,4586,6/18/26 04:15,44.922,
Plot Title: 5S3C,4587,6/18/26 04:30,44.742,
Plot Title: 5S3C,4588,6/18/26 04:45,44.742,
Plot Title: 5S3C,4589,6/18/26 05:00,44.56,
Plot Title: 5S3C,4590,6/18/26 05:15,44.56,
Plot Title: 5S3C,4591,6/18/26 05:30,44.56,
Plot Title: 5S3C,4592,6/18/26 05:45,44.56,
Plot Title: 5S3C,4593,6/18/26 06:00,44.379,
Plot Title: 5S3C,4594,6/18/26 06:15,44.195,
Plot Title: 5S3C,4595,6/18/26 06:30,44.195,
Plot Title: 5S3C,4596,6/18/26 06:45,44.742,
Plot Title: 5S3C,4597,6/18/26 07:00,45.648,
Plot Title: 5S3C,4598,6/18/26 07:15,47.266,
Plot Title: 5S3C,4599,6/18/26 07:30,49.759,
Plot Title: 5S3C,4600,6/18/26 07:45,53.449,
Plot Title: 5S3C,4601,6/18/26 08:00,53.973,
Plot Title: 5S3C,4602,6/18/26 08:15,52.925,
Plot Title: 5S3C,4603,6/18/26 08:30,53.1,
Plot Title: 5S3C,4604,6/18/26 08:45,61.054,
Plot Title: 5S3C,4605,6/18/26 09:00,70.651,
Plot Title: 5S3C,4606,6/18/26 09:15,74.964,
Plot Title: 5S3C,4607,6/18/26 09:30,77.225,
Plot Title: 5S3C,4608,6/18/26 09:45,80.911,
Plot Title: 5S3C,4609,6/18/26 10:00,82.152,
Plot Title: 5S3C,4610,6/18/26 10:15,82.152,
Plot Title: 5S3C,4611,6/18/26 10:30,83.935,
Plot Title: 5S3C,4612,6/18/26 10:45,95.976,
Plot Title: 5S3C,4613,6/18/26 11:00,105.161,
Plot Title: 5S3C,4614,6/18/26 11:15,93.873,
Plot Title: 5S3C,4615,6/18/26 11:30,101.685,
Plot Title: 5S3C,4616,6/18/26 11:45,107.47,
Plot Title: 5S3C,4617,6/18/26 12:00,110.701,
Plot Title: 5S3C,4618,6/18/26 12:15,105.577,
Plot Title: 5S3C,4619,6/18/26 12:30,111.58,
Plot Title: 5S3C,4620,6/18/26 12:45,116.33,
Plot Title: 5S3C,4621,6/18/26 13:00,121.338,
Plot Title: 5S3C,4622,6/18/26 13:15,124.077,
Plot Title: 5S3C,4623,6/18/26 13:30,124.077,
Plot Title: 5S3C,4624,6/18/26 13:45,124.84,
Plot Title: 5S3C,4625,6/18/26 14:00,108.322,
Plot Title: 5S3C,4626,6/18/26 14:15,93.873,
Plot Title: 5S3C,4627,6/18/26 14:30,85.554,
Plot Title: 5S3C,4628,6/18/26 14:45,80.382,
Plot Title: 5S3C,4629,6/18/26 15:00,76.354,
Plot Title: 5S3C,4630,6/18/26 15:15,75.312,
Plot Title: 5S3C,4631,6/18/26 15:30,83.579,
Plot Title: 5S3C,4632,6/18/26 15:45,87.915,
Plot Title: 5S3C,4633,6/18/26 16:00,87.368,
Plot Title: 5S3C,4634,6/18/26 16:15,80.206,
Plot Title: 5S3C,4635,6/18/26 16:30,74.791,
Plot Title: 5S3C,4636,6/18/26 16:45,70.995,
Plot Title: 5S3C,4637,6/18/26 17:00,68.421,
Plot Title: 5S3C,4638,6/18/26 17:15,66.537,
Plot Title: 5S3C,4639,6/18/26 17:30,65.338,
Plot Title: 5S3C,4640,6/18/26 17:45,64.31,
Plot Title: 5S3C,4641,6/18/26 18:00,63.282,
Plot Title: 5S3C,4642,6/18/26 18:15,62.425,
Plot Title: 5S3C,4643,6/18/26 18:30,61.569,
Plot Title: 5S3C,4644,6/18/26 18:45,60.883,
Plot Title: 5S3C,4645,6/18/26 19:00,60.195,
Plot Title: 5S3C,4646,6/18/26 19:15,59.508,
Plot Title: 5S3C,4647,6/18/26 19:30,58.82,
Plot Title: 5S3C,4648,6/18/26 19:45,58.303,
Plot Title: 5S3C,4649,6/18/26 20:00,57.785,
Plot Title: 5S3C,4650,6/18/26 20:15,57.441,
Plot Title: 5S3C,4651,6/18/26 20:30,56.923,
Plot Title: 5S3C,4652,6/18/26 20:45,56.23,
Plot Title: 5S3C,4653,6/18/26 21:00,55.711,
Plot Title: 5S3C,4654,6/18/26 21:15,55.189,
Plot Title: 5S3C,4655,6/18/26 21:30,54.322,
Plot Title: 5S3C,4656,6/18/26 21:45,53.623,
Plot Title: 5S3C,4657,6/18/26 22:00,53.1,
Plot Title: 5S3C,4658,6/18/26 22:15,52.576,
Plot Title: 5S3C,4659,6/18/26 22:30,51.874,
Plot Title: 5S3C,4660,6/18/26 22:45,51.346,
Plot Title: 5S3C,4661,6/18/26 23:00,50.819,
Plot Title: 5S3C,4662,6/18/26 23:15,50.466,
Plot Title: 5S3C,4663,6/18/26 23:30,50.113,
Plot Title: 5S3C,4664,6/18/26 23:45,49.759,
Plot Title: 5S3C,4665,6/19/26 00:00,49.582,
Plot Title: 5S3C,4666,6/19/26 00:15,49.404,
Plot Title: 5S3C,4667,6/19/26 00:30,49.228,
Plot Title: 5S3C,4668,6/19/26 00:45,49.05,
Plot Title: 5S3C,4669,6/19/26 01:00,48.695,
Plot Title: 5S3C,4670,6/19/26 01:15,48.695,
Plot Title: 5S3C,4671,6/19/26 01:30,48.517,
Plot Title: 5S3C,4672,6/19/26 01:45,48.16,
Plot Title: 5S3C,4673,6/19/26 02:00,47.802,
Plot Title: 5S3C,4674,6/19/26 02:15,47.624,
Plot Title: 5S3C,4675,6/19/26 02:30,47.266,
Plot Title: 5S3C,4676,6/19/26 02:45,46.908,
Plot Title: 5S3C,4677,6/19/26 03:00,46.728,
Plot Title: 5S3C,4678,6/19/26 03:15,46.548,
Plot Title: 5S3C,4679,6/19/26 03:30,46.369,
Plot Title: 5S3C,4680,6/19/26 03:45,45.828,
Plot Title: 5S3C,4681,6/19/26 04:00,45.648,
Plot Title: 5S3C,4682,6/19/26 04:15,45.286,
Plot Title: 5S3C,4683,6/19/26 04:30,45.104,
Plot Title: 5S3C,4684,6/19/26 04:45,44.742,
Plot Title: 5S3C,4685,6/19/26 05:00,44.56,
Plot Title: 5S3C,4686,6/19/26 05:15,44.56,
Plot Title: 5S3C,4687,6/19/26 05:30,44.379,
Plot Title: 5S3C,4688,6/19/26 05:45,44.195,
Plot Title: 5S3C,4689,6/19/26 06:00,44.195,
Plot Title: 5S3C,4690,6/19/26 06:15,44.379,
Plot Title: 5S3C,4691,6/19/26 06:30,44.922,
Plot Title: 5S3C,4692,6/19/26 06:45,45.466,
Plot Title: 5S3C,4693,6/19/26 07:00,46.008,
Plot Title: 5S3C,4694,6/19/26 07:15,46.548,
Plot Title: 5S3C,4695,6/19/26 07:30,48.695,
Plot Title: 5S3C,4696,6/19/26 07:45,52.576,
Plot Title: 5S3C,4697,6/19/26 08:00,55.884,
Plot Title: 5S3C,4698,6/19/26 08:15,57.614,
Plot Title: 5S3C,4699,6/19/26 08:30,60.195,
Plot Title: 5S3C,4700,6/19/26 08:45,59.508,
Plot Title: 5S3C,4701,6/19/26 09:00,59.68,
Plot Title: 5S3C,4702,6/19/26 09:15,61.912,
Plot Title: 5S3C,4703,6/19/26 09:30,67.221,
Plot Title: 5S3C,4704,6/19/26 09:45,70.824,
Plot Title: 5S3C,4705,6/19/26 10:00,74.098,
Plot Title: 5S3C,4706,6/19/26 10:15,72.891,
Plot Title: 5S3C,4707,6/19/26 10:30,78.449,
Plot Title: 5S3C,4708,6/19/26 10:45,84.115,
Plot Title: 5S3C,4709,6/19/26 11:00,81.09,
Plot Title: 5S3C,4710,6/19/26 11:15,80.735,
Plot Title: 5S3C,4711,6/19/26 11:30,85.554,
Plot Title: 5S3C,4712,6/19/26 11:45,90.867,
Plot Title: 5S3C,4713,6/19/26 12:00,97.72,
Plot Title: 5S3C,4714,6/19/26 12:15,93.682,
Plot Title: 5S3C,4715,6/19/26 12:30,87.733,
Plot Title: 5S3C,4716,6/19/26 12:45,80.735,
Plot Title: 5S3C,4717,6/19/26 13:00,80.559,
Plot Title: 5S3C,4718,6/19/26 13:15,86.459,
Plot Title: 5S3C,4719,6/19/26 13:30,90.124,
Plot Title: 5S3C,4720,6/19/26 13:45,89.569,
Plot Title: 5S3C,4721,6/19/26 14:00,85.735,
Plot Title: 5S3C,4722,6/19/26 14:15,81.266,
Plot Title: 5S3C,4723,6/19/26 14:30,79.326,
Plot Title: 5S3C,4724,6/19/26 14:45,77.4,
Plot Title: 5S3C,4725,6/19/26 15:00,76.181,
Plot Title: 5S3C,4726,6/19/26 15:15,75.484,
Plot Title: 5S3C,4727,6/19/26 15:30,78.975,
Plot Title: 5S3C,4728,6/19/26 15:45,79.151,
Plot Title: 5S3C,4729,6/19/26 16:00,76.181,
Plot Title: 5S3C,4730,6/19/26 16:15,74.098,
Plot Title: 5S3C,4731,6/19/26 16:30,73.58,
Plot Title: 5S3C,4732,6/19/26 16:45,71.683,
Plot Title: 5S3C,4733,6/19/26 17:00,70.308,
Plot Title: 5S3C,4734,6/19/26 17:15,70.308,
Plot Title: 5S3C,4735,6/19/26 17:30,69.107,
Plot Title: 5S3C,4736,6/19/26 17:45,66.879,
Plot Title: 5S3C,4737,6/19/26 18:00,65.167,
Plot Title: 5S3C,4738,6/19/26 18:15,64.31,
Plot Title: 5S3C,4739,6/19/26 18:30,64.996,
Plot Title: 5S3C,4740,6/19/26 18:45,64.652,
Plot Title: 5S3C,4741,6/19/26 19:00,63.797,
Plot Title: 5S3C,4742,6/19/26 19:15,62.94,
Plot Title: 5S3C,4743,6/19/26 19:30,61.569,
Plot Title: 5S3C,4744,6/19/26 19:45,60.368,
Plot Title: 5S3C,4745,6/19/26 20:00,59.508,
Plot Title: 5S3C,4746,6/19/26 20:15,58.647,
Plot Title: 5S3C,4747,6/19/26 20:30,58.131,
Plot Title: 5S3C,4748,6/19/26 20:45,57.614,
Plot Title: 5S3C,4749,6/19/26 21:00,57.096,
Plot Title: 5S3C,4750,6/19/26 21:15,56.577,
Plot Title: 5S3C,4751,6/19/26 21:30,56.404,
Plot Title: 5S3C,4752,6/19/26 21:45,55.884,
Plot Title: 5S3C,4753,6/19/26 22:00,55.189,
Plot Title: 5S3C,4754,6/19/26 22:15,54.842,
Plot Title: 5S3C,4755,6/19/26 22:30,55.017,
Plot Title: 5S3C,4756,6/19/26 22:45,55.017,
Plot Title: 5S3C,4757,6/19/26 23:00,54.842,
Plot Title: 5S3C,4758,6/19/26 23:15,55.017,
Plot Title: 5S3C,4759,6/19/26 23:30,55.189,
Plot Title: 5S3C,4760,6/19/26 23:45,55.189,
Plot Title: 5S3C,4761,6/20/26 00:00,55.017,
Plot Title: 5S3C,4762,6/20/26 00:15,55.017,
Plot Title: 5S3C,4763,6/20/26 00:30,54.842,
Plot Title: 5S3C,4764,6/20/26 00:45,54.495,
Plot Title: 5S3C,4765,6/20/26 01:00,54.322,
Plot Title: 5S3C,4766,6/20/26 01:15,54.495,
Plot Title: 5S3C,4767,6/20/26 01:30,54.495,
Plot Title: 5S3C,4768,6/20/26 01:45,54.495,
Plot Title: 5S3C,4769,6/20/26 02:00,54.322,
Plot Title: 5S3C,4770,6/20/26 02:15,54.147,
Plot Title: 5S3C,4771,6/20/26 02:30,54.147,
Plot Title: 5S3C,4772,6/20/26 02:45,53.973,
Plot Title: 5S3C,4773,6/20/26 03:00,53.973,
Plot Title: 5S3C,4774,6/20/26 03:15,53.798,
Plot Title: 5S3C,4775,6/20/26 03:30,53.798,
Plot Title: 5S3C,4776,6/20/26 03:45,53.623,
Plot Title: 5S3C,4777,6/20/26 04:00,53.623,
Plot Title: 5S3C,4778,6/20/26 04:15,53.449,
Plot Title: 5S3C,4779,6/20/26 04:30,53.274,
Plot Title: 5S3C,4780,6/20/26 04:45,52.75,
Plot Title: 5S3C,4781,6/20/26 05:00,52.401,
Plot Title: 5S3C,4782,6/20/26 05:15,52.576,
Plot Title: 5S3C,4783,6/20/26 05:30,52.401,
Plot Title: 5S3C,4784,6/20/26 05:45,52.401,
Plot Title: 5S3C,4785,6/20/26 06:00,52.401,
Plot Title: 5S3C,4786,6/20/26 06:15,52.576,
Plot Title: 5S3C,4787,6/20/26 06:30,52.75,
Plot Title: 5S3C,4788,6/20/26 06:45,53.1,
Plot Title: 5S3C,4789,6/20/26 07:00,53.623,
Plot Title: 5S3C,4790,6/20/26 07:15,53.449,
Plot Title: 5S3C,4791,6/20/26 07:30,53.274,
Plot Title: 5S3C,4792,6/20/26 07:45,53.1,
Plot Title: 5S3C,4793,6/20/26 08:00,53.449,
Plot Title: 5S3C,4794,6/20/26 08:15,54.147,
Plot Title: 5S3C,4795,6/20/26 08:30,54.322,
Plot Title: 5S3C,4796,6/20/26 08:45,54.147,
Plot Title: 5S3C,4797,6/20/26 09:00,53.973,
Plot Title: 5S3C,4798,6/20/26 09:15,54.147,
Plot Title: 5S3C,4799,6/20/26 09:30,54.322,
Plot Title: 5S3C,4800,6/20/26 09:45,54.495,
Plot Title: 5S3C,4801,6/20/26 10:00,55.364,
Plot Title: 5S3C,4802,6/20/26 10:15,56.577,
Plot Title: 5S3C,4803,6/20/26 10:30,56.057,
Plot Title: 5S3C,4804,6/20/26 10:45,55.189,
Plot Title: 5S3C,4805,6/20/26 11:00,55.189,
Plot Title: 5S3C,4806,6/20/26 11:15,56.577,
Plot Title: 5S3C,4807,6/20/26 11:30,56.923,
Plot Title: 5S3C,4808,6/20/26 11:45,55.711,
Plot Title: 5S3C,4809,6/20/26 12:00,55.017,
Plot Title: 5S3C,4810,6/20/26 12:15,55.189,
Plot Title: 5S3C,4811,6/20/26 12:30,56.404,
Plot Title: 5S3C,4812,6/20/26 12:45,56.23,
Plot Title: 5S3C,4813,6/20/26 13:00,56.577,
Plot Title: 5S3C,4814,6/20/26 13:15,58.303,
Plot Title: 5S3C,4815,6/20/26 13:30,60.712,
Plot Title: 5S3C,4816,6/20/26 13:45,62.425,
Plot Title: 5S3C,4817,6/20/26 14:00,64.139,
Plot Title: 5S3C,4818,6/20/26 14:15,62.94,
Plot Title: 5S3C,4819,6/20/26 14:30,63.626,
Plot Title: 5S3C,4820,6/20/26 14:45,63.455,
Plot Title: 5S3C,4821,6/20/26 15:00,61.398,
Plot Title: 5S3C,4822,6/20/26 15:15,58.993,
Plot Title: 5S3C,4823,6/20/26 15:30,56.577,
Plot Title: 5S3C,4824,6/20/26 15:45,54.842,
Plot Title: 5S3C,4825,6/20/26 16:00,53.274,
Plot Title: 5S3C,4826,6/20/26 16:15,52.401,
Plot Title: 5S3C,4827,6/20/26 16:30,52.225,
Plot Title: 5S3C,4828,6/20/26 16:45,51.523,
Plot Title: 5S3C,4829,6/20/26 17:00,51.172,
Plot Title: 5S3C,4830,6/20/26 17:15,50.643,
Plot Title: 5S3C,4831,6/20/26 17:30,50.466,
Plot Title: 5S3C,4832,6/20/26 17:45,50.466,
Plot Title: 5S3C,4833,6/20/26 18:00,50.29,
Plot Title: 5S3C,4834,6/20/26 18:15,50.29,
Plot Title: 5S3C,4835,6/20/26 18:30,50.29,
Plot Title: 5S3C,4836,6/20/26 18:45,50.113,
Plot Title: 5S3C,4837,6/20/26 19:00,50.113,
Plot Title: 5S3C,4838,6/20/26 19:15,49.937,
Plot Title: 5S3C,4839,6/20/26 19:30,49.937,
Plot Title: 5S3C,4840,6/20/26 19:45,49.759,
Plot Title: 5S3C,4841,6/20/26 20:00,49.759,
Plot Title: 5S3C,4842,6/20/26 20:15,49.759,
Plot Title: 5S3C,4843,6/20/26 20:30,49.582,
Plot Title: 5S3C,4844,6/20/26 20:45,49.404,
Plot Title: 5S3C,4845,6/20/26 21:00,49.404,
Plot Title: 5S3C,4846,6/20/26 21:15,49.404,
Plot Title: 5S3C,4847,6/20/26 21:30,49.228,
Plot Title: 5S3C,4848,6/20/26 21:45,49.228,
Plot Title: 5S3C,4849,6/20/26 22:00,49.05,
Plot Title: 5S3C,4850,6/20/26 22:15,49.05,
Plot Title: 5S3C,4851,6/20/26 22:30,49.05,
Plot Title: 5S3C,4852,6/20/26 22:45,48.871,
Plot Title: 5S3C,4853,6/20/26 23:00,49.05,
Plot Title: 5S3C,4854,6/20/26 23:15,49.05,
Plot Title: 5S3C,4855,6/20/26 23:30,48.695,
Plot Title: 5S3C,4856,6/20/26 23:45,48.517,
Plot Title: 5S3C,4857,6/21/26 00:00,48.517,
Plot Title: 5S3C,4858,6/21/26 00:15,48.517,
Plot Title: 5S3C,4859,6/21/26 00:30,48.517,
Plot Title: 5S3C,4860,6/21/26 00:45,48.517,
Plot Title: 5S3C,4861,6/21/26 01:00,48.517,
Plot Title: 5S3C,4862,6/21/26 01:15,48.517,
Plot Title: 5S3C,4863,6/21/26 01:30,48.517,
Plot Title: 5S3C,4864,6/21/26 01:45,48.517,
Plot Title: 5S3C,4865,6/21/26 02:00,48.517,
Plot Title: 5S3C,4866,6/21/26 02:15,48.339,
Plot Title: 5S3C,4867,6/21/26 02:30,48.16,
Plot Title: 5S3C,4868,6/21/26 02:45,48.16,
Plot Title: 5S3C,4869,6/21/26 03:00,47.982,
Plot Title: 5S3C,4870,6/21/26 03:15,47.982,
Plot Title: 5S3C,4871,6/21/26 03:30,47.982,
Plot Title: 5S3C,4872,6/21/26 03:45,47.802,
Plot Title: 5S3C,4873,6/21/26 04:00,47.802,
Plot Title: 5S3C,4874,6/21/26 04:15,47.982,
Plot Title: 5S3C,4875,6/21/26 04:30,47.982,
Plot Title: 5S3C,4876,6/21/26 04:45,47.802,
Plot Title: 5S3C,4877,6/21/26 05:00,47.802,
Plot Title: 5S3C,4878,6/21/26 05:15,47.802,
Plot Title: 5S3C,4879,6/21/26 05:30,47.624,
Plot Title: 5S3C,4880,6/21/26 05:45,47.624,
Plot Title: 5S3C,4881,6/21/26 06:00,47.624,
Plot Title: 5S3C,4882,6/21/26 06:15,47.802,
Plot Title: 5S3C,4883,6/21/26 06:30,48.339,
Plot Title: 5S3C,4884,6/21/26 06:45,48.871,
Plot Title: 5S3C,4885,6/21/26 07:00,49.228,
Plot Title: 5S3C,4886,6/21/26 07:15,49.582,
Plot Title: 5S3C,4887,6/21/26 07:30,49.759,
Plot Title: 5S3C,4888,6/21/26 07:45,49.937,
Plot Title: 5S3C,4889,6/21/26 08:00,50.113,
Plot Title: 5S3C,4890,6/21/26 08:15,50.643,
Plot Title: 5S3C,4891,6/21/26 08:30,53.274,
Plot Title: 5S3C,4892,6/21/26 08:45,57.268,
Plot Title: 5S3C,4893,6/21/26 09:00,63.282,
Plot Title: 5S3C,4894,6/21/26 09:15,70.308,
Plot Title: 5S3C,4895,6/21/26 09:30,71.683,
Plot Title: 5S3C,4896,6/21/26 09:45,71.168,
Plot Title: 5S3C,4897,6/21/26 10:00,77.923,
Plot Title: 5S3C,4898,6/21/26 10:15,82.152,
Plot Title: 5S3C,4899,6/21/26 10:30,82.33,
Plot Title: 5S3C,4900,6/21/26 10:45,86.641,
Plot Title: 5S3C,4901,6/21/26 11:00,82.33,
Plot Title: 5S3C,4902,6/21/26 11:15,87.004,
Plot Title: 5S3C,4903,6/21/26 11:30,77.574,
Plot Title: 5S3C,4904,6/21/26 11:45,72.718,
Plot Title: 5S3C,4905,6/21/26 12:00,81.797,
Plot Title: 5S3C,4906,6/21/26 12:15,89.017,
Plot Title: 5S3C,4907,6/21/26 12:30,83.757,
Plot Title: 5S3C,4908,6/21/26 12:45,91.8,
Plot Title: 5S3C,4909,6/21/26 13:00,95.016,
Plot Title: 5S3C,4910,6/21/26 13:15,95.783,
Plot Title: 5S3C,4911,6/21/26 13:30,89.938,
Plot Title: 5S3C,4912,6/21/26 13:45,89.569,
Plot Title: 5S3C,4913,6/21/26 14:00,80.735,
Plot Title: 5S3C,4914,6/21/26 14:15,75.659,
Plot Title: 5S3C,4915,6/21/26 14:30,72.545,
Plot Title: 5S3C,4916,6/21/26 14:45,70.824,
Plot Title: 5S3C,4917,6/21/26 15:00,68.934,
Plot Title: 5S3C,4918,6/21/26 15:15,68.763,
Plot Title: 5S3C,4919,6/21/26 15:30,71.339,
Plot Title: 5S3C,4920,6/21/26 15:45,74.619,
Plot Title: 5S3C,4921,6/21/26 16:00,74.619,
Plot Title: 5S3C,4922,6/21/26 16:15,70.995,
Plot Title: 5S3C,4923,6/21/26 16:30,68.763,
Plot Title: 5S3C,4924,6/21/26 16:45,66.879,
Plot Title: 5S3C,4925,6/21/26 17:00,65.338,
Plot Title: 5S3C,4926,6/21/26 17:15,63.968,
Plot Title: 5S3C,4927,6/21/26 17:30,63.282,
Plot Title: 5S3C,4928,6/21/26 17:45,62.769,
Plot Title: 5S3C,4929,6/21/26 18:00,62.425,
Plot Title: 5S3C,4930,6/21/26 18:15,61.912,
Plot Title: 5S3C,4931,6/21/26 18:30,61.569,
Plot Title: 5S3C,4932,6/21/26 18:45,60.368,
Plot Title: 5S3C,4933,6/21/26 19:00,59.68,
Plot Title: 5S3C,4934,6/21/26 19:15,59.508,
Plot Title: 5S3C,4935,6/21/26 19:30,60.024,
Plot Title: 5S3C,4936,6/21/26 19:45,60.024,
Plot Title: 5S3C,4937,6/21/26 20:00,60.024,
Plot Title: 5S3C,4938,6/21/26 20:15,60.024,
Plot Title: 5S3C,4939,6/21/26 20:30,59.164,
Plot Title: 5S3C,4940,6/21/26 20:45,58.131,
Plot Title: 5S3C,4941,6/21/26 21:00,57.614,
Plot Title: 5S3C,4942,6/21/26 21:15,57.096,
Plot Title: 5S3C,4943,6/21/26 21:30,56.75,
Plot Title: 5S3C,4944,6/21/26 21:45,56.23,
Plot Title: 5S3C,4945,6/21/26 22:00,55.537,
Plot Title: 5S3C,4946,6/21/26 22:15,54.495,
Plot Title: 5S3C,4947,6/21/26 22:30,53.623,
Plot Title: 5S3C,4948,6/21/26 22:45,52.925,
Plot Title: 5S3C,4949,6/21/26 23:00,52.225,
Plot Title: 5S3C,4950,6/21/26 23:15,51.699,
Plot Title: 5S3C,4951,6/21/26 23:30,51.346,
Plot Title: 5S3C,4952,6/21/26 23:45,50.995,
Plot Title: 5S3C,4953,6/22/26 00:00,50.466,
Plot Title: 5S3C,4954,6/22/26 00:15,50.29,
Plot Title: 5S3C,4955,6/22/26 00:30,49.937,
Plot Title: 5S3C,4956,6/22/26 00:45,49.582,
Plot Title: 5S3C,4957,6/22/26 01:00,49.228,
Plot Title: 5S3C,4958,6/22/26 01:15,49.05,
Plot Title: 5S3C,4959,6/22/26 01:30,48.871,
Plot Title: 5S3C,4960,6/22/26 01:45,48.695,
Plot Title: 5S3C,4961,6/22/26 02:00,48.517,
Plot Title: 5S3C,4962,6/22/26 02:15,48.339,
Plot Title: 5S3C,4963,6/22/26 02:30,48.339,
Plot Title: 5S3C,4964,6/22/26 02:45,48.16,
Plot Title: 5S3C,4965,6/22/26 03:00,47.802,
Plot Title: 5S3C,4966,6/22/26 03:15,47.624,
Plot Title: 5S3C,4967,6/22/26 03:30,47.446,
Plot Title: 5S3C,4968,6/22/26 03:45,47.088,
Plot Title: 5S3C,4969,6/22/26 04:00,46.908,
Plot Title: 5S3C,4970,6/22/26 04:15,46.728,
Plot Title: 5S3C,4971,6/22/26 04:30,46.728,
Plot Title: 5S3C,4972,6/22/26 04:45,46.728,
Plot Title: 5S3C,4973,6/22/26 05:00,46.728,
Plot Title: 5S3C,4974,6/22/26 05:15,46.728,
Plot Title: 5S3C,4975,6/22/26 05:30,46.908,
Plot Title: 5S3C,4976,6/22/26 05:45,46.908,
Plot Title: 5S3C,4977,6/22/26 06:00,46.908,
Plot Title: 5S3C,4978,6/22/26 06:15,46.908,
Plot Title: 5S3C,4979,6/22/26 06:30,47.088,
Plot Title: 5S3C,4980,6/22/26 06:45,47.446,
Plot Title: 5S3C,4981,6/22/26 07:00,47.802,
Plot Title: 5S3C,4982,6/22/26 07:15,47.982,
Plot Title: 5S3C,4983,6/22/26 07:30,49.228,
Plot Title: 5S3C,4984,6/22/26 07:45,52.225,
Plot Title: 5S3C,4985,6/22/26 08:00,54.842,
Plot Title: 5S3C,4986,6/22/26 08:15,57.614,
Plot Title: 5S3C,4987,6/22/26 08:30,60.883,
Plot Title: 5S3C,4988,6/22/26 08:45,63.111,
Plot Title: 5S3C,4989,6/22/26 09:00,67.564,
Plot Title: 5S3C,4990,6/22/26 09:15,70.824,
Plot Title: 5S3C,4991,6/22/26 09:30,76.181,
Plot Title: 5S3C,4992,6/22/26 09:45,81.09,
Plot Title: 5S3C,4993,6/22/26 10:00,85.735,
Plot Title: 5S3C,4994,6/22/26 10:15,91.24,
Plot Title: 5S3C,4995,6/22/26 10:30,96.555,
Plot Title: 5S3C,4996,6/22/26 10:45,101.484,
Plot Title: 5S3C,4997,6/22/26 11:00,105.786,
Plot Title: 5S3C,4998,6/22/26 11:15,108.964,
Plot Title: 5S3C,4999,6/22/26 11:30,112.69,
Plot Title: 5S3C,5000,6/22/26 11:45,115.867,
Plot Title: 5S3C,5001,6/22/26 12:00,116.562,
Plot Title: 5S3C,5002,6/22/26 12:15,119.878,
Plot Title: 5S3C,5003,6/22/26 12:30,116.796,
Plot Title: 5S3C,5004,6/22/26 12:45,113.362,
Plot Title: 5S3C,5005,6/22/26 13:00,112.69,
Plot Title: 5S3C,5006,6/22/26 13:15,115.637,
Plot Title: 5S3C,5007,6/22/26 13:30,111.58,
Plot Title: 5S3C,5008,6/22/26 13:45,110.701,
Plot Title: 5S3C,5009,6/22/26 14:00,99.687,
Plot Title: 5S3C,5010,6/22/26 14:15,90.867,
Plot Title: 5S3C,5011,6/22/26 14:30,85.374,
Plot Title: 5S3C,5012,6/22/26 14:45,81.797,
Plot Title: 5S3C,5013,6/22/26 15:00,79.502,
Plot Title: 5S3C,5014,6/22/26 15:15,76.876,
Plot Title: 5S3C,5015,6/22/26 15:30,77.05,
Plot Title: 5S3C,5016,6/22/26 15:45,77.05,
Plot Title: 5S3C,5017,6/22/26 16:00,76.876,
Plot Title: 5S3C,5018,6/22/26 16:15,75.139,
Plot Title: 5S3C,5019,6/22/26 16:30,73.062,
Plot Title: 5S3C,5020,6/22/26 16:45,71.512,
Plot Title: 5S3C,5021,6/22/26 17:00,69.964,
Plot Title: 5S3C,5022,6/22/26 17:15,68.934,
Plot Title: 5S3C,5023,6/22/26 17:30,67.906,
Plot Title: 5S3C,5024,6/22/26 17:45,66.879,
Plot Title: 5S3C,5025,6/22/26 18:00,65.851,
Plot Title: 5S3C,5026,6/22/26 18:15,65.509,
Plot Title: 5S3C,5027,6/22/26 18:30,64.652,
Plot Title: 5S3C,5028,6/22/26 18:45,63.626,
Plot Title: 5S3C,5029,6/22/26 19:00,62.598,
Plot Title: 5S3C,5030,6/22/26 19:15,61.741,
Plot Title: 5S3C,5031,6/22/26 19:30,60.883,
Plot Title: 5S3C,5032,6/22/26 19:45,60.195,
Plot Title: 5S3C,5033,6/22/26 20:00,59.68,
Plot Title: 5S3C,5034,6/22/26 20:15,58.993,
Plot Title: 5S3C,5035,6/22/26 20:30,58.303,
Plot Title: 5S3C,5036,6/22/26 20:45,57.441,
Plot Title: 5S3C,5037,6/22/26 21:00,56.577,
Plot Title: 5S3C,5038,6/22/26 21:15,56.057,
Plot Title: 5S3C,5039,6/22/26 21:30,55.364,
Plot Title: 5S3C,5040,6/22/26 21:45,54.495,
Plot Title: 5S3C,5041,6/22/26 22:00,53.623,
Plot Title: 5S3C,5042,6/22/26 22:15,52.925,
Plot Title: 5S3C,5043,6/22/26 22:30,52.225,
Plot Title: 5S3C,5044,6/22/26 22:45,51.699,
Plot Title: 5S3C,5045,6/22/26 23:00,51.346,
Plot Title: 5S3C,5046,6/22/26 23:15,50.995,
Plot Title: 5S3C,5047,6/22/26 23:30,50.643,
Plot Title: 5S3C,5048,6/22/26 23:45,50.29,
Plot Title: 5S3C,5049,6/23/26 00:00,49.759,
Plot Title: 5S3C,5050,6/23/26 00:15,49.404,
Plot Title: 5S3C,5051,6/23/26 00:30,49.228,
Plot Title: 5S3C,5052,6/23/26 00:45,49.05,
Plot Title: 5S3C,5053,6/23/26 01:00,48.695,
Plot Title: 5S3C,5054,6/23/26 01:15,48.517,
Plot Title: 5S3C,5055,6/23/26 01:30,48.339,
Plot Title: 5S3C,5056,6/23/26 01:45,48.16,
Plot Title: 5S3C,5057,6/23/26 02:00,47.982,
Plot Title: 5S3C,5058,6/23/26 02:15,47.624,
Plot Title: 5S3C,5059,6/23/26 02:30,47.266,
Plot Title: 5S3C,5060,6/23/26 02:45,47.088,
Plot Title: 5S3C,5061,6/23/26 03:00,46.728,
Plot Title: 5S3C,5062,6/23/26 03:15,46.369,
Plot Title: 5S3C,5063,6/23/26 03:30,46.008,
Plot Title: 5S3C,5064,6/23/26 03:45,45.648,
Plot Title: 5S3C,5065,6/23/26 04:00,45.648,
Plot Title: 5S3C,5066,6/23/26 04:15,45.466,
Plot Title: 5S3C,5067,6/23/26 04:30,45.286,
Plot Title: 5S3C,5068,6/23/26 04:45,45.104,
Plot Title: 5S3C,5069,6/23/26 05:00,44.742,
Plot Title: 5S3C,5070,6/23/26 05:15,44.56,
Plot Title: 5S3C,5071,6/23/26 05:30,44.56,
Plot Title: 5S3C,5072,6/23/26 05:45,44.379,
Plot Title: 5S3C,5073,6/23/26 06:00,44.379,
Plot Title: 5S3C,5074,6/23/26 06:15,44.56,
Plot Title: 5S3C,5075,6/23/26 06:30,44.922,
Plot Title: 5S3C,5076,6/23/26 06:45,45.286,
Plot Title: 5S3C,5077,6/23/26 07:00,45.648,
Plot Title: 5S3C,5078,6/23/26 07:15,46.188,
Plot Title: 5S3C,5079,6/23/26 07:30,47.624,
Plot Title: 5S3C,5080,6/23/26 07:45,51.523,
Plot Title: 5S3C,5081,6/23/26 08:00,55.364,
Plot Title: 5S3C,5082,6/23/26 08:15,58.647,
Plot Title: 5S3C,5083,6/23/26 08:30,62.254,
Plot Title: 5S3C,5084,6/23/26 08:45,66.537,
Plot Title: 5S3C,5085,6/23/26 09:00,70.48,
Plot Title: 5S3C,5086,6/23/26 09:15,75.139,
Plot Title: 5S3C,5087,6/23/26 09:30,79.853,
Plot Title: 5S3C,5088,6/23/26 09:45,84.474,
Plot Title: 5S3C,5089,6/23/26 10:00,89.2,
Plot Title: 5S3C,5090,6/23/26 10:15,93.873,
Plot Title: 5S3C,5091,6/23/26 10:30,98.897,
Plot Title: 5S3C,5092,6/23/26 10:45,103.717,
Plot Title: 5S3C,5093,6/23/26 11:00,108.322,
Plot Title: 5S3C,5094,6/23/26 11:15,112.467,
Plot Title: 5S3C,5095,6/23/26 11:30,116.33,
Plot Title: 5S3C,5096,6/23/26 11:45,118.918,
Plot Title: 5S3C,5097,6/23/26 12:00,121.338,
Plot Title: 5S3C,5098,6/23/26 12:15,123.321,
Plot Title: 5S3C,5099,6/23/26 12:30,124.331,
Plot Title: 5S3C,5100,6/23/26 12:45,125.868,
Plot Title: 5S3C,5101,6/23/26 13:00,126.648,
Plot Title: 5S3C,5102,6/23/26 13:15,127.434,
Plot Title: 5S3C,5103,6/23/26 13:30,126.387,
Plot Title: 5S3C,5104,6/23/26 13:45,125.868,
Plot Title: 5S3C,5105,6/23/26 14:00,108.536,
Plot Title: 5S3C,5106,6/23/26 14:15,94.062,
Plot Title: 5S3C,5107,6/23/26 14:30,85.554,
Plot Title: 5S3C,5108,6/23/26 14:45,80.559,
Plot Title: 5S3C,5109,6/23/26 15:00,76.876,
Plot Title: 5S3C,5110,6/23/26 15:15,76.876,
Plot Title: 5S3C,5111,6/23/26 15:30,84.474,
Plot Title: 5S3C,5112,6/23/26 15:45,88.282,
Plot Title: 5S3C,5113,6/23/26 16:00,88.099,
Plot Title: 5S3C,5114,6/23/26 16:15,81.442,
Plot Title: 5S3C,5115,6/23/26 16:30,76.006,
Plot Title: 5S3C,5116,6/23/26 16:45,72.372,
Plot Title: 5S3C,5117,6/23/26 17:00,69.964,
Plot Title: 5S3C,5118,6/23/26 17:15,68.248,
Plot Title: 5S3C,5119,6/23/26 17:30,66.708,
Plot Title: 5S3C,5120,6/23/26 17:45,65.68,
Plot Title: 5S3C,5121,6/23/26 18:00,64.652,
Plot Title: 5S3C,5122,6/23/26 18:15,63.968,
Plot Title: 5S3C,5123,6/23/26 18:30,63.111,
Plot Title: 5S3C,5124,6/23/26 18:45,62.425,
Plot Title: 5S3C,5125,6/23/26 19:00,61.741,
Plot Title: 5S3C,5126,6/23/26 19:15,61.227,
Plot Title: 5S3C,5127,6/23/26 19:30,60.712,
Plot Title: 5S3C,5128,6/23/26 19:45,60.368,
Plot Title: 5S3C,5129,6/23/26 20:00,59.851,
Plot Title: 5S3C,5130,6/23/26 20:15,59.508,
Plot Title: 5S3C,5131,6/23/26 20:30,58.993,
Plot Title: 5S3C,5132,6/23/26 20:45,58.131,
Plot Title: 5S3C,5133,6/23/26 21:00,57.614,
Plot Title: 5S3C,5134,6/23/26 21:15,57.096,
Plot Title: 5S3C,5135,6/23/26 21:30,56.577,
Plot Title: 5S3C,5136,6/23/26 21:45,56.23,
Plot Title: 5S3C,5137,6/23/26 22:00,55.884,
Plot Title: 5S3C,5138,6/23/26 22:15,55.537,
Plot Title: 5S3C,5139,6/23/26 22:30,55.189,
Plot Title: 5S3C,5140,6/23/26 22:45,54.669,
Plot Title: 5S3C,5141,6/23/26 23:00,54.322,
Plot Title: 5S3C,5142,6/23/26 23:15,54.147,
Plot Title: 5S3C,5143,6/23/26 23:30,53.798,
Plot Title: 5S3C,5144,6/23/26 23:45,53.449,
Plot Title: 5S3C,5145,6/24/26 00:00,53.1,
Plot Title: 5S3C,5146,6/24/26 00:15,53.1,
Plot Title: 5S3C,5147,6/24/26 00:30,52.576,
Plot Title: 5S3C,5148,6/24/26 00:45,51.699,
Plot Title: 5S3C,5149,6/24/26 01:00,51.523,
Plot Title: 5S3C,5150,6/24/26 01:15,51.699,
Plot Title: 5S3C,5151,6/24/26 01:30,51.874,
Plot Title: 5S3C,5152,6/24/26 01:45,51.699,
Plot Title: 5S3C,5153,6/24/26 02:00,51.346,
Plot Title: 5S3C,5154,6/24/26 02:15,51.172,
Plot Title: 5S3C,5155,6/24/26 02:30,50.995,
Plot Title: 5S3C,5156,6/24/26 02:45,50.643,
Plot Title: 5S3C,5157,6/24/26 03:00,50.29,
Plot Title: 5S3C,5158,6/24/26 03:15,49.937,
Plot Title: 5S3C,5159,6/24/26 03:30,49.937,
Plot Title: 5S3C,5160,6/24/26 03:45,49.582,
Plot Title: 5S3C,5161,6/24/26 04:00,49.404,
Plot Title: 5S3C,5162,6/24/26 04:15,49.05,
Plot Title: 5S3C,5163,6/24/26 04:30,48.871,
Plot Title: 5S3C,5164,6/24/26 04:45,48.695,
Plot Title: 5S3C,5165,6/24/26 05:00,48.695,
Plot Title: 5S3C,5166,6/24/26 05:15,49.05,
Plot Title: 5S3C,5167,6/24/26 05:30,48.517,
Plot Title: 5S3C,5168,6/24/26 05:45,47.802,
Plot Title: 5S3C,5169,6/24/26 06:00,47.624,
Plot Title: 5S3C,5170,6/24/26 06:15,47.624,
Plot Title: 5S3C,5171,6/24/26 06:30,47.982,
Plot Title: 5S3C,5172,6/24/26 06:45,48.339,
Plot Title: 5S3C,5173,6/24/26 07:00,49.05,
Plot Title: 5S3C,5174,6/24/26 07:15,49.937,
Plot Title: 5S3C,5175,6/24/26 07:30,50.995,
Plot Title: 5S3C,5176,6/24/26 07:45,53.798,
Plot Title: 5S3C,5177,6/24/26 08:00,57.614,
Plot Title: 5S3C,5178,6/24/26 08:15,58.993,
Plot Title: 5S3C,5179,6/24/26 08:30,61.569,
Plot Title: 5S3C,5180,6/24/26 08:45,67.392,
Plot Title: 5S3C,5181,6/24/26 09:00,73.234,
Plot Title: 5S3C,5182,6/24/26 09:15,78.624,
Plot Title: 5S3C,5183,6/24/26 09:30,83.935,
Plot Title: 5S3C,5184,6/24/26 09:45,89.938,
Plot Title: 5S3C,5185,6/24/26 10:00,95.783,
Plot Title: 5S3C,5186,6/24/26 10:15,102.29,
Plot Title: 5S3C,5187,6/24/26 10:30,108.108,
Plot Title: 5S3C,5188,6/24/26 10:45,114.039,
Plot Title: 5S3C,5189,6/24/26 11:00,120.362,
Plot Title: 5S3C,5190,6/24/26 11:15,125.868,
Plot Title: 5S3C,5191,6/24/26 11:30,130.386,
Plot Title: 5S3C,5192,6/24/26 11:45,132.885,
Plot Title: 5S3C,5193,6/24/26 12:00,135.757,
Plot Title: 5S3C,5194,6/24/26 12:15,137.235,
Plot Title: 5S3C,5195,6/24/26 12:30,137.835,
Plot Title: 5S3C,5196,6/24/26 12:45,138.439,
Plot Title: 5S3C,5197,6/24/26 13:00,138.742,
Plot Title: 5S3C,5198,6/24/26 13:15,139.354,
Plot Title: 5S3C,5199,6/24/26 13:30,138.135,
Plot Title: 5S3C,5200,6/24/26 13:45,133.736,
Plot Title: 5S3C,5201,6/24/26 14:00,116.33,
Plot Title: 5S3C,5202,6/24/26 14:15,102.9,
Plot Title: 5S3C,5203,6/24/26 14:30,95.4,
Plot Title: 5S3C,5204,6/24/26 14:45,90.68,
Plot Title: 5S3C,5205,6/24/26 15:00,87.552,
Plot Title: 5S3C,5206,6/24/26 15:15,84.834,
Plot Title: 5S3C,5207,6/24/26 15:30,85.374,
Plot Title: 5S3C,5208,6/24/26 15:45,86.641,
Plot Title: 5S3C,5209,6/24/26 16:00,85.915,
Plot Title: 5S3C,5210,6/24/26 16:15,83.221,
Plot Title: 5S3C,5211,6/24/26 16:30,80.206,
Plot Title: 5S3C,5212,6/24/26 16:45,78.274,
Plot Title: 5S3C,5213,6/24/26 17:00,76.354,
Plot Title: 5S3C,5214,6/24/26 17:15,74.619,
Plot Title: 5S3C,5215,6/24/26 17:30,73.58,
Plot Title: 5S3C,5216,6/24/26 17:45,72.199,
Plot Title: 5S3C,5217,6/24/26 18:00,70.137,
Plot Title: 5S3C,5218,6/24/26 18:15,68.421,
Plot Title: 5S3C,5219,6/24/26 18:30,67.392,
Plot Title: 5S3C,5220,6/24/26 18:45,67.05,
Plot Title: 5S3C,5221,6/24/26 19:00,66.366,
Plot Title: 5S3C,5222,6/24/26 19:15,65.68,
Plot Title: 5S3C,5223,6/24/26 19:30,64.825,
Plot Title: 5S3C,5224,6/24/26 19:45,63.797,
Plot Title: 5S3C,5225,6/24/26 20:00,63.111,
Plot Title: 5S3C,5226,6/24/26 20:15,63.111,
Plot Title: 5S3C,5227,6/24/26 20:30,62.769,
Plot Title: 5S3C,5228,6/24/26 20:45,62.083,
Plot Title: 5S3C,5229,6/24/26 21:00,61.398,
Plot Title: 5S3C,5230,6/24/26 21:15,60.539,
Plot Title: 5S3C,5231,6/24/26 21:30,60.024,
Plot Title: 5S3C,5232,6/24/26 21:45,59.68,
Plot Title: 5S3C,5233,6/24/26 22:00,59.164,
Plot Title: 5S3C,5234,6/24/26 22:15,58.647,
Plot Title: 5S3C,5235,6/24/26 22:30,58.131,
Plot Title: 5S3C,5236,6/24/26 22:45,57.785,
Plot Title: 5S3C,5237,6/24/26 23:00,57.614,
Plot Title: 5S3C,5238,6/24/26 23:15,57.441,
Plot Title: 5S3C,5239,6/24/26 23:30,57.096,
Plot Title: 5S3C,5240,6/24/26 23:45,56.75,
Plot Title: 5S3C,5241,6/25/26 00:00,56.404,
Plot Title: 5S3C,5242,6/25/26 00:15,56.057,
Plot Title: 5S3C,5243,6/25/26 00:30,55.711,
Plot Title: 5S3C,5244,6/25/26 00:45,55.711,
Plot Title: 5S3C,5245,6/25/26 01:00,55.884,
Plot Title: 5S3C,5246,6/25/26 01:15,55.884,
Plot Title: 5S3C,5247,6/25/26 01:30,55.884,
Plot Title: 5S3C,5248,6/25/26 01:45,55.884,
Plot Title: 5S3C,5249,6/25/26 02:00,56.057,
Plot Title: 5S3C,5250,6/25/26 02:15,55.189,
Plot Title: 5S3C,5251,6/25/26 02:30,54.322,
Plot Title: 5S3C,5252,6/25/26 02:45,53.623,
Plot Title: 5S3C,5253,6/25/26 03:00,53.274,
Plot Title: 5S3C,5254,6/25/26 03:15,52.75,
Plot Title: 5S3C,5255,6/25/26 03:30,52.225,
Plot Title: 5S3C,5256,6/25/26 03:45,51.874,
Plot Title: 5S3C,5257,6/25/26 04:00,51.874,
Plot Title: 5S3C,5258,6/25/26 04:15,51.699,
Plot Title: 5S3C,5259,6/25/26 04:30,51.523,
Plot Title: 5S3C,5260,6/25/26 04:45,51.523,
Plot Title: 5S3C,5261,6/25/26 05:00,51.874,
Plot Title: 5S3C,5262,6/25/26 05:15,52.05,
Plot Title: 5S3C,5263,6/25/26 05:30,51.523,
Plot Title: 5S3C,5264,6/25/26 05:45,51.346,
Plot Title: 5S3C,5265,6/25/26 06:00,50.995,
Plot Title: 5S3C,5266,6/25/26 06:15,50.995,
Plot Title: 5S3C,5267,6/25/26 06:30,50.819,
Plot Title: 5S3C,5268,6/25/26 06:45,51.346,
Plot Title: 5S3C,5269,6/25/26 07:00,52.225,
Plot Title: 5S3C,5270,6/25/26 07:15,52.225,
Plot Title: 5S3C,5271,6/25/26 07:30,52.576,
Plot Title: 5S3C,5272,6/25/26 07:45,53.1,
Plot Title: 5S3C,5273,6/25/26 08:00,52.925,
Plot Title: 5S3C,5274,6/25/26 08:15,53.1,
Plot Title: 5S3C,5275,6/25/26 08:30,52.75,
Plot Title: 5S3C,5276,6/25/26 08:45,53.1,
Plot Title: 5S3C,5277,6/25/26 09:00,54.495,
Plot Title: 5S3C,5278,6/25/26 09:15,53.798,
Plot Title: 5S3C,5279,6/25/26 09:30,52.925,
Plot Title: 5S3C,5280,6/25/26 09:45,52.75,
Plot Title: 5S3C,5281,6/25/26 10:00,54.147,
Plot Title: 5S3C,5282,6/25/26 10:15,57.441,
Plot Title: 5S3C,5283,6/25/26 10:30,61.912,
Plot Title: 5S3C,5284,6/25/26 10:45,62.598,
Plot Title: 5S3C,5285,6/25/26 11:00,65.167,
Plot Title: 5S3C,5286,6/25/26 11:15,64.31,
Plot Title: 5S3C,5287,6/25/26 11:30,66.537,
Plot Title: 5S3C,5288,6/25/26 11:45,83.043,
Plot Title: 5S3C,5289,6/25/26 12:00,91.053,
Plot Title: 5S3C,5290,6/25/26 12:15,95.783,
Plot Title: 5S3C,5291,6/25/26 12:30,89.569,
Plot Title: 5S3C,5292,6/25/26 12:45,89.569,
Plot Title: 5S3C,5293,6/25/26 13:00,85.735,
Plot Title: 5S3C,5294,6/25/26 13:15,84.474,
Plot Title: 5S3C,5295,6/25/26 13:30,83.399,
Plot Title: 5S3C,5296,6/25/26 13:45,95.207,
Plot Title: 5S3C,5297,6/25/26 14:00,88.466,
Plot Title: 5S3C,5298,6/25/26 14:15,80.911,
Plot Title: 5S3C,5299,6/25/26 14:30,76.703,
Plot Title: 5S3C,5300,6/25/26 14:45,74.619,
Plot Title: 5S3C,5301,6/25/26 15:00,73.58,
Plot Title: 5S3C,5302,6/25/26 15:15,73.58,
Plot Title: 5S3C,5303,6/25/26 15:30,77.749,
Plot Title: 5S3C,5304,6/25/26 15:45,78.624,
Plot Title: 5S3C,5305,6/25/26 16:00,79.151,
Plot Title: 5S3C,5306,6/25/26 16:15,76.181,
Plot Title: 5S3C,5307,6/25/26 16:30,71.339,
Plot Title: 5S3C,5308,6/25/26 16:45,69.964,
Plot Title: 5S3C,5309,6/25/26 17:00,68.763,
Plot Title: 5S3C,5310,6/25/26 17:15,67.735,
Plot Title: 5S3C,5311,6/25/26 17:30,66.537,
Plot Title: 5S3C,5312,6/25/26 17:45,65.851,
Plot Title: 5S3C,5313,6/25/26 18:00,64.996,
Plot Title: 5S3C,5314,6/25/26 18:15,64.825,
Plot Title: 5S3C,5315,6/25/26 18:30,64.31,
Plot Title: 5S3C,5316,6/25/26 18:45,63.797,
Plot Title: 5S3C,5317,6/25/26 19:00,63.282,
Plot Title: 5S3C,5318,6/25/26 19:15,62.425,
Plot Title: 5S3C,5319,6/25/26 19:30,62.083,
Plot Title: 5S3C,5320,6/25/26 19:45,61.569,
Plot Title: 5S3C,5321,6/25/26 20:00,60.024,
Plot Title: 5S3C,5322,6/25/26 20:15,58.993,
Plot Title: 5S3C,5323,6/25/26 20:30,58.303,
Plot Title: 5S3C,5324,6/25/26 20:45,58.476,
Plot Title: 5S3C,5325,6/25/26 21:00,57.441,
Plot Title: 5S3C,5326,6/25/26 21:15,56.577,
Plot Title: 5S3C,5327,6/25/26 21:30,55.711,
Plot Title: 5S3C,5328,6/25/26 21:45,55.711,
Plot Title: 5S3C,5329,6/25/26 22:00,56.057,
Plot Title: 5S3C,5330,6/25/26 22:15,55.711,
Plot Title: 5S3C,5331,6/25/26 22:30,55.364,
Plot Title: 5S3C,5332,6/25/26 22:45,55.364,
Plot Title: 5S3C,5333,6/25/26 23:00,54.669,
Plot Title: 5S3C,5334,6/25/26 23:15,54.669,
Plot Title: 5S3C,5335,6/25/26 23:30,54.322,
Plot Title: 5S3C,5336,6/25/26 23:45,53.973,
Plot Title: 5S3C,5337,6/26/26 00:00,54.147,
Plot Title: 5S3C,5338,6/26/26 00:15,54.322,
Plot Title: 5S3C,5339,6/26/26 00:30,54.495,
Plot Title: 5S3C,5340,6/26/26 00:45,53.973,
Plot Title: 5S3C,5341,6/26/26 01:00,53.449,
Plot Title: 5S3C,5342,6/26/26 01:15,52.75,
Plot Title: 5S3C,5343,6/26/26 01:30,52.401,
Plot Title: 5S3C,5344,6/26/26 01:45,52.401,
Plot Title: 5S3C,5345,6/26/26 02:00,52.401,
Plot Title: 5S3C,5346,6/26/26 02:15,52.576,
Plot Title: 5S3C,5347,6/26/26 02:30,52.576,
Plot Title: 5S3C,5348,6/26/26 02:45,52.401,
Plot Title: 5S3C,5349,6/26/26 03:00,52.401,
Plot Title: 5S3C,5350,6/26/26 03:15,52.225,
Plot Title: 5S3C,5351,6/26/26 03:30,52.225,
Plot Title: 5S3C,5352,6/26/26 03:45,52.225,
Plot Title: 5S3C,5353,6/26/26 04:00,52.05,
Plot Title: 5S3C,5354,6/26/26 04:15,51.874,
Plot Title: 5S3C,5355,6/26/26 04:30,51.699,
Plot Title: 5S3C,5356,6/26/26 04:45,51.346,
Plot Title: 5S3C,5357,6/26/26 05:00,51.172,
Plot Title: 5S3C,5358,6/26/26 05:15,51.346,
Plot Title: 5S3C,5359,6/26/26 05:30,51.346,
Plot Title: 5S3C,5360,6/26/26 05:45,51.172,
Plot Title: 5S3C,5361,6/26/26 06:00,51.172,
Plot Title: 5S3C,5362,6/26/26 06:15,51.172,
Plot Title: 5S3C,5363,6/26/26 06:30,51.346,
Plot Title: 5S3C,5364,6/26/26 06:45,51.523,
Plot Title: 5S3C,5365,6/26/26 07:00,51.874,
Plot Title: 5S3C,5366,6/26/26 07:15,52.05,
Plot Title: 5S3C,5367,6/26/26 07:30,52.225,
Plot Title: 5S3C,5368,6/26/26 07:45,52.75,
Plot Title: 5S3C,5369,6/26/26 08:00,53.973,
Plot Title: 5S3C,5370,6/26/26 08:15,55.537,
Plot Title: 5S3C,5371,6/26/26 08:30,56.404,
Plot Title: 5S3C,5372,6/26/26 08:45,56.577,
Plot Title: 5S3C,5373,6/26/26 09:00,56.23,
Plot Title: 5S3C,5374,6/26/26 09:15,56.404,
Plot Title: 5S3C,5375,6/26/26 09:30,58.993,
Plot Title: 5S3C,5376,6/26/26 09:45,60.539,
Plot Title: 5S3C,5377,6/26/26 10:00,62.083,
Plot Title: 5S3C,5378,6/26/26 10:15,64.996,
Plot Title: 5S3C,5379,6/26/26 10:30,63.626,
Plot Title: 5S3C,5380,6/26/26 10:45,68.934,
Plot Title: 5S3C,5381,6/26/26 11:00,71.339,
Plot Title: 5S3C,5382,6/26/26 11:15,77.4,
Plot Title: 5S3C,5383,6/26/26 11:30,76.006,
Plot Title: 5S3C,5384,6/26/26 11:45,75.484,
Plot Title: 5S3C,5385,6/26/26 12:00,75.312,
Plot Title: 5S3C,5386,6/26/26 12:15,77.225,
Plot Title: 5S3C,5387,6/26/26 12:30,78.624,
Plot Title: 5S3C,5388,6/26/26 12:45,79.151,
Plot Title: 5S3C,5389,6/26/26 13:00,76.876,
Plot Title: 5S3C,5390,6/26/26 13:15,81.266,
Plot Title: 5S3C,5391,6/26/26 13:30,85.735,
Plot Title: 5S3C,5392,6/26/26 13:45,81.621,
Plot Title: 5S3C,5393,6/26/26 14:00,77.749,
Plot Title: 5S3C,5394,6/26/26 14:15,74.619,
Plot Title: 5S3C,5395,6/26/26 14:30,69.964,
Plot Title: 5S3C,5396,6/26/26 14:45,67.735,
Plot Title: 5S3C,5397,6/26/26 15:00,66.537,
Plot Title: 5S3C,5398,6/26/26 15:15,62.598,
Plot Title: 5S3C,5399,6/26/26 15:30,67.05,
Plot Title: 5S3C,5400,6/26/26 15:45,68.248,
Plot Title: 5S3C,5401,6/26/26 16:00,69.278,
Plot Title: 5S3C,5402,6/26/26 16:15,68.248,
Plot Title: 5S3C,5403,6/26/26 16:30,67.735,
Plot Title: 5S3C,5404,6/26/26 16:45,67.05,
Plot Title: 5S3C,5405,6/26/26 17:00,65.167,
Plot Title: 5S3C,5406,6/26/26 17:15,64.481,
Plot Title: 5S3C,5407,6/26/26 17:30,63.626,
Plot Title: 5S3C,5408,6/26/26 17:45,63.111,
Plot Title: 5S3C,5409,6/26/26 18:00,62.769,
Plot Title: 5S3C,5410,6/26/26 18:15,62.94,
Plot Title: 5S3C,5411,6/26/26 18:30,62.083,
Plot Title: 5S3C,5412,6/26/26 18:45,62.083,
Plot Title: 5S3C,5413,6/26/26 19:00,61.398,
Plot Title: 5S3C,5414,6/26/26 19:15,61.398,
Plot Title: 5S3C,5415,6/26/26 19:30,60.712,
Plot Title: 5S3C,5416,6/26/26 19:45,59.68,
Plot Title: 5S3C,5417,6/26/26 20:00,58.647,
Plot Title: 5S3C,5418,6/26/26 20:15,57.614,
Plot Title: 5S3C,5419,6/26/26 20:30,57.096,
Plot Title: 5S3C,5420,6/26/26 20:45,56.23,
Plot Title: 5S3C,5421,6/26/26 21:00,55.537,
Plot Title: 5S3C,5422,6/26/26 21:15,55.537,
Plot Title: 5S3C,5423,6/26/26 21:30,55.364,
Plot Title: 5S3C,5424,6/26/26 21:45,54.669,
Plot Title: 5S3C,5425,6/26/26 22:00,54.147,
Plot Title: 5S3C,5426,6/26/26 22:15,53.449,
Plot Title: 5S3C,5427,6/26/26 22:30,52.925,
Plot Title: 5S3C,5428,6/26/26 22:45,52.401,
Plot Title: 5S3C,5429,6/26/26 23:00,52.225,
Plot Title: 5S3C,5430,6/26/26 23:15,52.225,
Plot Title: 5S3C,5431,6/26/26 23:30,51.874,
Plot Title: 5S3C,5432,6/26/26 23:45,51.874,
Plot Title: 5S3C,5433,6/27/26 00:00,51.699,
Plot Title: 5S3C,5434,6/27/26 00:15,51.874,
Plot Title: 5S3C,5435,6/27/26 00:30,52.05,
Plot Title: 5S3C,5436,6/27/26 00:45,51.874,
Plot Title: 5S3C,5437,6/27/26 01:00,51.874,
Plot Title: 5S3C,5438,6/27/26 01:15,51.874,
Plot Title: 5S3C,5439,6/27/26 01:30,51.874,
Plot Title: 5S3C,5440,6/27/26 01:45,51.874,
Plot Title: 5S3C,5441,6/27/26 02:00,51.874,
Plot Title: 5S3C,5442,6/27/26 02:15,51.699,
Plot Title: 5S3C,5443,6/27/26 02:30,51.523,
Plot Title: 5S3C,5444,6/27/26 02:45,51.346,
Plot Title: 5S3C,5445,6/27/26 03:00,51.346,
Plot Title: 5S3C,5446,6/27/26 03:15,51.172,
Plot Title: 5S3C,5447,6/27/26 03:30,50.995,
Plot Title: 5S3C,5448,6/27/26 03:45,50.643,
Plot Title: 5S3C,5449,6/27/26 04:00,49.759,
Plot Title: 5S3C,5450,6/27/26 04:15,49.05,
Plot Title: 5S3C,5451,6/27/26 04:30,48.695,
Plot Title: 5S3C,5452,6/27/26 04:45,48.695,
Plot Title: 5S3C,5453,6/27/26 05:00,49.05,
Plot Title: 5S3C,5454,6/27/26 05:15,49.228,
Plot Title: 5S3C,5455,6/27/26 05:30,49.228,
Plot Title: 5S3C,5456,6/27/26 05:45,49.404,
Plot Title: 5S3C,5457,6/27/26 06:00,49.404,
Plot Title: 5S3C,5458,6/27/26 06:15,49.404,
Plot Title: 5S3C,5459,6/27/26 06:30,49.404,
Plot Title: 5S3C,5460,6/27/26 06:45,49.759,
Plot Title: 5S3C,5461,6/27/26 07:00,49.937,
Plot Title: 5S3C,5462,6/27/26 07:15,50.466,
Plot Title: 5S3C,5463,6/27/26 07:30,52.05,
Plot Title: 5S3C,5464,6/27/26 07:45,53.623,
Plot Title: 5S3C,5465,6/27/26 08:00,55.711,
Plot Title: 5S3C,5466,6/27/26 08:15,54.147,
Plot Title: 5S3C,5467,6/27/26 08:30,52.925,
Plot Title: 5S3C,5468,6/27/26 08:45,54.147,
Plot Title: 5S3C,5469,6/27/26 09:00,56.577,
Plot Title: 5S3C,5470,6/27/26 09:15,55.537,
Plot Title: 5S3C,5471,6/27/26 09:30,55.364,
Plot Title: 5S3C,5472,6/27/26 09:45,57.614,
Plot Title: 5S3C,5473,6/27/26 10:00,58.476,
Plot Title: 5S3C,5474,6/27/26 10:15,61.569,
Plot Title: 5S3C,5475,6/27/26 10:30,58.647,
Plot Title: 5S3C,5476,6/27/26 10:45,62.598,
Plot Title: 5S3C,5477,6/27/26 11:00,62.254,
Plot Title: 5S3C,5478,6/27/26 11:15,61.398,
Plot Title: 5S3C,5479,6/27/26 11:30,63.282,
Plot Title: 5S3C,5480,6/27/26 11:45,66.708,
Plot Title: 5S3C,5481,6/27/26 12:00,63.111,
Plot Title: 5S3C,5482,6/27/26 12:15,59.68,
Plot Title: 5S3C,5483,6/27/26 12:30,58.993,
Plot Title: 5S3C,5484,6/27/26 12:45,58.82,
Plot Title: 5S3C,5485,6/27/26 13:00,57.785,
Plot Title: 5S3C,5486,6/27/26 13:15,57.441,
Plot Title: 5S3C,5487,6/27/26 13:30,58.476,
Plot Title: 5S3C,5488,6/27/26 13:45,62.254,
Plot Title: 5S3C,5489,6/27/26 14:00,58.647,
Plot Title: 5S3C,5490,6/27/26 14:15,56.577,
Plot Title: 5S3C,5491,6/27/26 14:30,57.958,
Plot Title: 5S3C,5492,6/27/26 14:45,57.441,
Plot Title: 5S3C,5493,6/27/26 15:00,56.057,
Plot Title: 5S3C,5494,6/27/26 15:15,56.23,
Plot Title: 5S3C,5495,6/27/26 15:30,56.057,
Plot Title: 5S3C,5496,6/27/26 15:45,56.577,
Plot Title: 5S3C,5497,6/27/26 16:00,56.057,
Plot Title: 5S3C,5498,6/27/26 16:15,55.364,
Plot Title: 5S3C,5499,6/27/26 16:30,55.537,
Plot Title: 5S3C,5500,6/27/26 16:45,54.842,
Plot Title: 5S3C,5501,6/27/26 17:00,55.537,
Plot Title: 5S3C,5502,6/27/26 17:15,54.669,
Plot Title: 5S3C,5503,6/27/26 17:30,54.147,
Plot Title: 5S3C,5504,6/27/26 17:45,53.798,
Plot Title: 5S3C,5505,6/27/26 18:00,52.75,
Plot Title: 5S3C,5506,6/27/26 18:15,51.874,
Plot Title: 5S3C,5507,6/27/26 18:30,51.874,
Plot Title: 5S3C,5508,6/27/26 18:45,52.05,
Plot Title: 5S3C,5509,6/27/26 19:00,51.874,
Plot Title: 5S3C,5510,6/27/26 19:15,51.346,
Plot Title: 5S3C,5511,6/27/26 19:30,50.819,
Plot Title: 5S3C,5512,6/27/26 19:45,50.643,
Plot Title: 5S3C,5513,6/27/26 20:00,50.113,
Plot Title: 5S3C,5514,6/27/26 20:15,49.582,
Plot Title: 5S3C,5515,6/27/26 20:30,49.404,
Plot Title: 5S3C,5516,6/27/26 20:45,49.05,
Plot Title: 5S3C,5517,6/27/26 21:00,48.871,
Plot Title: 5S3C,5518,6/27/26 21:15,48.517,
Plot Title: 5S3C,5519,6/27/26 21:30,48.339,
Plot Title: 5S3C,5520,6/27/26 21:45,47.982,
Plot Title: 5S3C,5521,6/27/26 22:00,47.446,
Plot Title: 5S3C,5522,6/27/26 22:15,46.908,
Plot Title: 5S3C,5523,6/27/26 22:30,46.188,
Plot Title: 5S3C,5524,6/27/26 22:45,45.648,
Plot Title: 5S3C,5525,6/27/26 23:00,45.286,
Plot Title: 5S3C,5526,6/27/26 23:15,45.104,
Plot Title: 5S3C,5527,6/27/26 23:30,45.104,
Plot Title: 5S3C,5528,6/27/26 23:45,45.104,
Plot Title: 5S3C,5529,6/28/26 00:00,45.104,
Plot Title: 5S3C,5530,6/28/26 00:15,44.922,
Plot Title: 5S3C,5531,6/28/26 00:30,44.742,
Plot Title: 5S3C,5532,6/28/26 00:45,44.379,
Plot Title: 5S3C,5533,6/28/26 01:00,44.195,
Plot Title: 5S3C,5534,6/28/26 01:15,44.013,
Plot Title: 5S3C,5535,6/28/26 01:30,43.831,
Plot Title: 5S3C,5536,6/28/26 01:45,43.466,
Plot Title: 5S3C,5537,6/28/26 02:00,43.466,
Plot Title: 5S3C,5538,6/28/26 02:15,43.282,
Plot Title: 5S3C,5539,6/28/26 02:30,43.282,
Plot Title: 5S3C,5540,6/28/26 02:45,43.099,
Plot Title: 5S3C,5541,6/28/26 03:00,42.915,
Plot Title: 5S3C,5542,6/28/26 03:15,43.099,
Plot Title: 5S3C,5543,6/28/26 03:30,43.099,
Plot Title: 5S3C,5544,6/28/26 03:45,43.099,
Plot Title: 5S3C,5545,6/28/26 04:00,43.099,
Plot Title: 5S3C,5546,6/28/26 04:15,43.099,
Plot Title: 5S3C,5547,6/28/26 04:30,42.915,
Plot Title: 5S3C,5548,6/28/26 04:45,42.915,
Plot Title: 5S3C,5549,6/28/26 05:00,42.915,
Plot Title: 5S3C,5550,6/28/26 05:15,42.915,
Plot Title: 5S3C,5551,6/28/26 05:30,43.099,
Plot Title: 5S3C,5552,6/28/26 05:45,43.282,
Plot Title: 5S3C,5553,6/28/26 06:00,43.282,
Plot Title: 5S3C,5554,6/28/26 06:15,43.466,
Plot Title: 5S3C,5555,6/28/26 06:30,43.648,
Plot Title: 5S3C,5556,6/28/26 06:45,43.648,
Plot Title: 5S3C,5557,6/28/26 07:00,43.831,
Plot Title: 5S3C,5558,6/28/26 07:15,44.013,
Plot Title: 5S3C,5559,6/28/26 07:30,44.195,
Plot Title: 5S3C,5560,6/28/26 07:45,44.379,
Plot Title: 5S3C,5561,6/28/26 08:00,44.56,
Plot Title: 5S3C,5562,6/28/26 08:15,44.56,
Plot Title: 5S3C,5563,6/28/26 08:30,44.742,
Plot Title: 5S3C,5564,6/28/26 08:45,44.922,
Plot Title: 5S3C,5565,6/28/26 09:00,45.286,
Plot Title: 5S3C,5566,6/28/26 09:15,45.466,
Plot Title: 5S3C,5567,6/28/26 09:30,45.648,
Plot Title: 5S3C,5568,6/28/26 09:45,46.188,
Plot Title: 5S3C,5569,6/28/26 10:00,46.188,
Plot Title: 5S3C,5570,6/28/26 10:15,45.648,
Plot Title: 5S3C,5571,6/28/26 10:30,45.104,
Plot Title: 5S3C,5572,6/28/26 10:45,44.56,
Plot Title: 5S3C,5573,6/28/26 11:00,44.013,
Plot Title: 5S3C,5574,6/28/26 11:15,43.648,
Plot Title: 5S3C,5575,6/28/26 11:30,44.195,
Plot Title: 5S3C,5576,6/28/26 11:45,44.56,
Plot Title: 5S3C,5577,6/28/26 12:00,45.104,
Plot Title: 5S3C,5578,6/28/26 12:15,45.286,
Plot Title: 5S3C,5579,6/28/26 12:30,44.922,
Plot Title: 5S3C,5580,6/28/26 12:45,45.104,
Plot Title: 5S3C,5581,6/28/26 13:00,45.286,
Plot Title: 5S3C,5582,6/28/26 13:15,45.286,
Plot Title: 5S3C,5583,6/28/26 13:30,45.466,
Plot Title: 5S3C,5584,6/28/26 13:45,45.828,
Plot Title: 5S3C,5585,6/28/26 14:00,46.369,
Plot Title: 5S3C,5586,6/28/26 14:15,47.088,
Plot Title: 5S3C,5587,6/28/26 14:30,47.624,
Plot Title: 5S3C,5588,6/28/26 14:45,47.982,
Plot Title: 5S3C,5589,6/28/26 15:00,48.16,
Plot Title: 5S3C,5590,6/28/26 15:15,48.339,
Plot Title: 5S3C,5591,6/28/26 15:30,48.695,
Plot Title: 5S3C,5592,6/28/26 15:45,48.339,
Plot Title: 5S3C,5593,6/28/26 16:00,47.802,
Plot Title: 5S3C,5594,6/28/26 16:15,47.624,
Plot Title: 5S3C,5595,6/28/26 16:30,47.624,
Plot Title: 5S3C,5596,6/28/26 16:45,47.088,
Plot Title: 5S3C,5597,6/28/26 17:00,46.728,
Plot Title: 5S3C,5598,6/28/26 17:15,46.728,
Plot Title: 5S3C,5599,6/28/26 17:30,46.908,
Plot Title: 5S3C,5600,6/28/26 17:45,46.908,
Plot Title: 5S3C,5601,6/28/26 18:00,46.548,
Plot Title: 5S3C,5602,6/28/26 18:15,46.008,
Plot Title: 5S3C,5603,6/28/26 18:30,45.286,
Plot Title: 5S3C,5604,6/28/26 18:45,44.742,
Plot Title: 5S3C,5605,6/28/26 19:00,44.195,
Plot Title: 5S3C,5606,6/28/26 19:15,44.013,
Plot Title: 5S3C,5607,6/28/26 19:30,43.831,
Plot Title: 5S3C,5608,6/28/26 19:45,43.282,
Plot Title: 5S3C,5609,6/28/26 20:00,42.915,
Plot Title: 5S3C,5610,6/28/26 20:15,42.915,
Plot Title: 5S3C,5611,6/28/26 20:30,42.548,
Plot Title: 5S3C,5612,6/28/26 20:45,42.179,
Plot Title: 5S3C,5613,6/28/26 21:00,41.994,
Plot Title: 5S3C,5614,6/28/26 21:15,41.625,
Plot Title: 5S3C,5615,6/28/26 21:30,41.439,
Plot Title: 5S3C,5616,6/28/26 21:45,41.254,
Plot Title: 5S3C,5617,6/28/26 22:00,41.067,
Plot Title: 5S3C,5618,6/28/26 22:15,41.067,
Plot Title: 5S3C,5619,6/28/26 22:30,40.696,
Plot Title: 5S3C,5620,6/28/26 22:45,40.509,
Plot Title: 5S3C,5621,6/28/26 23:00,40.509,
Plot Title: 5S3C,5622,6/28/26 23:15,40.321,
Plot Title: 5S3C,5623,6/28/26 23:30,39.947,
Plot Title: 5S3C,5624,6/28/26 23:45,39.947,
Plot Title: 5S3C,5625,6/29/26 00:00,39.76,
Plot Title: 5S3C,5626,6/29/26 00:15,39.947,
Plot Title: 5S3C,5627,6/29/26 00:30,39.947,
Plot Title: 5S3C,5628,6/29/26 00:45,40.134,
Plot Title: 5S3C,5629,6/29/26 01:00,39.947,
Plot Title: 5S3C,5630,6/29/26 01:15,39.76,
Plot Title: 5S3C,5631,6/29/26 01:30,39.76,
Plot Title: 5S3C,5632,6/29/26 01:45,39.76,
Plot Title: 5S3C,5633,6/29/26 02:00,39.573,
Plot Title: 5S3C,5634,6/29/26 02:15,39.573,
Plot Title: 5S3C,5635,6/29/26 02:30,39.384,
Plot Title: 5S3C,5636,6/29/26 02:45,39.196,
Plot Title: 5S3C,5637,6/29/26 03:00,39.196,
Plot Title: 5S3C,5638,6/29/26 03:15,38.818,
Plot Title: 5S3C,5639,6/29/26 03:30,38.629,
Plot Title: 5S3C,5640,6/29/26 03:45,38.818,
Plot Title: 5S3C,5641,6/29/26 04:00,39.196,
Plot Title: 5S3C,5642,6/29/26 04:15,39.196,
Plot Title: 5S3C,5643,6/29/26 04:30,39.384,
Plot Title: 5S3C,5644,6/29/26 04:45,39.384,
Plot Title: 5S3C,5645,6/29/26 05:00,39.384,
Plot Title: 5S3C,5646,6/29/26 05:15,39.196,
Plot Title: 5S3C,5647,6/29/26 05:30,39.196,
Plot Title: 5S3C,5648,6/29/26 05:45,39.196,
Plot Title: 5S3C,5649,6/29/26 06:00,39.196,
Plot Title: 5S3C,5650,6/29/26 06:15,39.196,
Plot Title: 5S3C,5651,6/29/26 06:30,39.196,
Plot Title: 5S3C,5652,6/29/26 06:45,39.384,
Plot Title: 5S3C,5653,6/29/26 07:00,39.573,
Plot Title: 5S3C,5654,6/29/26 07:15,39.76,
Plot Title: 5S3C,5655,6/29/26 07:30,40.134,
Plot Title: 5S3C,5656,6/29/26 07:45,40.134,
Plot Title: 5S3C,5657,6/29/26 08:00,39.76,
Plot Title: 5S3C,5658,6/29/26 08:15,38.818,
Plot Title: 5S3C,5659,6/29/26 08:30,38.818,
Plot Title: 5S3C,5660,6/29/26 08:45,39.196,
Plot Title: 5S3C,5661,6/29/26 09:00,38.818,
Plot Title: 5S3C,5662,6/29/26 09:15,38.061,
Plot Title: 5S3C,5663,6/29/26 09:30,38.061,
Plot Title: 5S3C,5664,6/29/26 09:45,38.629,
Plot Title: 5S3C,5665,6/29/26 10:00,38.44,
Plot Title: 5S3C,5666,6/29/26 10:15,37.87,
Plot Title: 5S3C,5667,6/29/26 10:30,37.679,
Plot Title: 5S3C,5668,6/29/26 10:45,37.488,
Plot Title: 5S3C,5669,6/29/26 11:00,36.914,
Plot Title: 5S3C,5670,6/29/26 11:15,36.338,
Plot Title: 5S3C,5671,6/29/26 11:30,35.951,
Plot Title: 5S3C,5672,6/29/26 11:45,35.564,
Plot Title: 5S3C,5673,6/29/26 12:00,35.175,
Plot Title: 5S3C,5674,6/29/26 12:15,34.786,
Plot Title: 5S3C,5675,6/29/26 12:30,34.59,
Plot Title: 5S3C,5676,6/29/26 12:45,34.59,
Plot Title: 5S3C,5677,6/29/26 13:00,34.59,
Plot Title: 5S3C,5678,6/29/26 13:15,34.59,
Plot Title: 5S3C,5679,6/29/26 13:30,34.981,
Plot Title: 5S3C,5680,6/29/26 13:45,35.758,
Plot Title: 5S3C,5681,6/29/26 14:00,37.297,
Plot Title: 5S3C,5682,6/29/26 14:15,39.007,
Plot Title: 5S3C,5683,6/29/26 14:30,40.509,
Plot Title: 5S3C,5684,6/29/26 14:45,41.254,
Plot Title: 5S3C,5685,6/29/26 15:00,42.363,
Plot Title: 5S3C,5686,6/29/26 15:15,43.099,
Plot Title: 5S3C,5687,6/29/26 15:30,43.282,
Plot Title: 5S3C,5688,6/29/26 15:45,43.466,
Plot Title: 5S3C,5689,6/29/26 16:00,43.466,
Plot Title: 5S3C,5690,6/29/26 16:15,44.013,
Plot Title: 5S3C,5691,6/29/26 16:30,44.56,
Plot Title: 5S3C,5692,6/29/26 16:45,45.104,
Plot Title: 5S3C,5693,6/29/26 17:00,45.104,
Plot Title: 5S3C,5694,6/29/26 17:15,45.466,
Plot Title: 5S3C,5695,6/29/26 17:30,46.188,
Plot Title: 5S3C,5696,6/29/26 17:45,46.369,
Plot Title: 5S3C,5697,6/29/26 18:00,46.008,
Plot Title: 5S3C,5698,6/29/26 18:15,45.466,
Plot Title: 5S3C,5699,6/29/26 18:30,45.466,
Plot Title: 5S3C,5700,6/29/26 18:45,45.286,
Plot Title: 5S3C,5701,6/29/26 19:00,45.104,
Plot Title: 5S3C,5702,6/29/26 19:15,44.922,
Plot Title: 5S3C,5703,6/29/26 19:30,44.742,
Plot Title: 5S3C,5704,6/29/26 19:45,44.922,
Plot Title: 5S3C,5705,6/29/26 20:00,44.56,
Plot Title: 5S3C,5706,6/29/26 20:15,44.013,
Plot Title: 5S3C,5707,6/29/26 20:30,43.466,
Plot Title: 5S3C,5708,6/29/26 20:45,43.099,
Plot Title: 5S3C,5709,6/29/26 21:00,42.915,
Plot Title: 5S3C,5710,6/29/26 21:15,42.732,
Plot Title: 5S3C,5711,6/29/26 21:30,42.548,
Plot Title: 5S3C,5712,6/29/26 21:45,42.363,
Plot Title: 5S3C,5713,6/29/26 22:00,42.363,
Plot Title: 5S3C,5714,6/29/26 22:15,42.179,
Plot Title: 5S3C,5715,6/29/26 22:30,42.179,
Plot Title: 5S3C,5716,6/29/26 22:45,41.994,
Plot Title: 5S3C,5717,6/29/26 23:00,41.994,
Plot Title: 5S3C,5718,6/29/26 23:15,41.994,
Plot Title: 5S3C,5719,6/29/26 23:30,41.994,
Plot Title: 5S3C,5720,6/29/26 23:45,41.81,
Plot Title: 5S3C,5721,6/30/26 00:00,41.81,
Plot Title: 5S3C,5722,6/30/26 00:15,41.81,
Plot Title: 5S3C,5723,6/30/26 00:30,41.81,
Plot Title: 5S3C,5724,6/30/26 00:45,41.81,
Plot Title: 5S3C,5725,6/30/26 01:00,41.81,
Plot Title: 5S3C,5726,6/30/26 01:15,41.994,
Plot Title: 5S3C,5727,6/30/26 01:30,41.81,
Plot Title: 5S3C,5728,6/30/26 01:45,41.81,
Plot Title: 5S3C,5729,6/30/26 02:00,41.81,
Plot Title: 5S3C,5730,6/30/26 02:15,41.81,
Plot Title: 5S3C,5731,6/30/26 02:30,41.994,
Plot Title: 5S3C,5732,6/30/26 02:45,41.994,
Plot Title: 5S3C,5733,6/30/26 03:00,42.179,
Plot Title: 5S3C,5734,6/30/26 03:15,42.179,
Plot Title: 5S3C,5735,6/30/26 03:30,41.994,
Plot Title: 5S3C,5736,6/30/26 03:45,42.179,
Plot Title: 5S3C,5737,6/30/26 04:00,42.179,
Plot Title: 5S3C,5738,6/30/26 04:15,42.179,
Plot Title: 5S3C,5739,6/30/26 04:30,42.179,
Plot Title: 5S3C,5740,6/30/26 04:45,42.179,
Plot Title: 5S3C,5741,6/30/26 05:00,42.179,
Plot Title: 5S3C,5742,6/30/26 05:15,41.994,
Plot Title: 5S3C,5743,6/30/26 05:30,41.994,
Plot Title: 5S3C,5744,6/30/26 05:45,41.994,
Plot Title: 5S3C,5745,6/30/26 06:00,41.994,
Plot Title: 5S3C,5746,6/30/26 06:15,41.994,
Plot Title: 5S3C,5747,6/30/26 06:30,42.179,
Plot Title: 5S3C,5748,6/30/26 06:45,42.179,
Plot Title: 5S3C,5749,6/30/26 07:00,42.179,
Plot Title: 5S3C,5750,6/30/26 07:15,42.363,
Plot Title: 5S3C,5751,6/30/26 07:30,42.363,
Plot Title: 5S3C,5752,6/30/26 07:45,42.548,
Plot Title: 5S3C,5753,6/30/26 08:00,43.466,
Plot Title: 5S3C,5754,6/30/26 08:15,45.104,
Plot Title: 5S3C,5755,6/30/26 08:30,47.446,
Plot Title: 5S3C,5756,6/30/26 08:45,50.29,
Plot Title: 5S3C,5757,6/30/26 09:00,49.759,
Plot Title: 5S3C,5758,6/30/26 09:15,50.819,
Plot Title: 5S3C,5759,6/30/26 09:30,52.05,
Plot Title: 5S3C,5760,6/30/26 09:45,53.623,
Plot Title: 5S3C,5761,6/30/26 10:00,60.024,
Plot Title: 5S3C,5762,6/30/26 10:15,68.077,
Plot Title: 5S3C,5763,6/30/26 10:30,72.372,
Plot Title: 5S3C,5764,6/30/26 10:45,68.421,
Plot Title: 5S3C,5765,6/30/26 11:00,67.906,
Plot Title: 5S3C,5766,6/30/26 11:15,67.392,
Plot Title: 5S3C,5767,6/30/26 11:30,70.308,
Plot Title: 5S3C,5768,6/30/26 11:45,65.68,
Plot Title: 5S3C,5769,6/30/26 12:00,73.58,
Plot Title: 5S3C,5770,6/30/26 12:15,77.4,
Plot Title: 5S3C,5771,6/30/26 12:30,71.512,
Plot Title: 5S3C,5772,6/30/26 12:45,70.651,
Plot Title: 5S3C,5773,6/30/26 13:00,67.05,
Plot Title: 5S3C,5774,6/30/26 13:15,68.934,
Plot Title: 5S3C,5775,6/30/26 13:30,65.509,
Plot Title: 5S3C,5776,6/30/26 13:45,67.564,
Plot Title: 5S3C,5777,6/30/26 14:00,65.338,
Plot Title: 5S3C,5778,6/30/26 14:15,64.31,
Plot Title: 5S3C,5779,6/30/26 14:30,63.111,
Plot Title: 5S3C,5780,6/30/26 14:45,63.111,
Plot Title: 5S3C,5781,6/30/26 15:00,62.769,
Plot Title: 5S3C,5782,6/30/26 15:15,62.769,
Plot Title: 5S3C,5783,6/30/26 15:30,62.598,
Plot Title: 5S3C,5784,6/30/26 15:45,61.912,
Plot Title: 5S3C,5785,6/30/26 16:00,61.398,
Plot Title: 5S3C,5786,6/30/26 16:15,60.024,
Plot Title: 5S3C,5787,6/30/26 16:30,59.164,
Plot Title: 5S3C,5788,6/30/26 16:45,58.476,
Plot Title: 5S3C,5789,6/30/26 17:00,58.131,
Plot Title: 5S3C,5790,6/30/26 17:15,57.958,
Plot Title: 5S3C,5791,6/30/26 17:30,57.785,
Plot Title: 5S3C,5792,6/30/26 17:45,56.75,
Plot Title: 5S3C,5793,6/30/26 18:00,55.884,
Plot Title: 5S3C,5794,6/30/26 18:15,54.495,
Plot Title: 5S3C,5795,6/30/26 18:30,53.623,
Plot Title: 5S3C,5796,6/30/26 18:45,53.623,
Plot Title: 5S3C,5797,6/30/26 19:00,53.1,
Plot Title: 5S3C,5798,6/30/26 19:15,53.274,
Plot Title: 5S3C,5799,6/30/26 19:30,52.401,
Plot Title: 5S3C,5800,6/30/26 19:45,51.874,
Plot Title: 5S3C,5801,6/30/26 20:00,51.699,
Plot Title: 5S3C,5802,6/30/26 20:15,51.346,
Plot Title: 5S3C,5803,6/30/26 20:30,50.643,
Plot Title: 5S3C,5804,6/30/26 20:45,49.759,
Plot Title: 5S3C,5805,6/30/26 21:00,49.05,
Plot Title: 5S3C,5806,6/30/26 21:15,48.517,
Plot Title: 5S3C,5807,6/30/26 21:30,47.982,
Plot Title: 5S3C,5808,6/30/26 21:45,47.446,
Plot Title: 5S3C,5809,6/30/26 22:00,47.088,
Plot Title: 5S3C,5810,6/30/26 22:15,46.908,
Plot Title: 5S3C,5811,6/30/26 22:30,46.728,
Plot Title: 5S3C,5812,6/30/26 22:45,46.548,
Plot Title: 5S3C,5813,6/30/26 23:00,46.188,
Plot Title: 5S3C,5814,6/30/26 23:15,46.008,
Plot Title: 5S3C,5815,6/30/26 23:30,45.648,
Plot Title: 5S3C,5816,6/30/26 23:45,45.286,
Plot Title: 5S3C,5817,7/1/26 00:00,45.104,
Plot Title: 5S3C,5818,7/1/26 00:15,45.104,
Plot Title: 5S3C,5819,7/1/26 00:30,44.922,
Plot Title: 5S3C,5820,7/1/26 00:45,44.742,
Plot Title: 5S3C,5821,7/1/26 01:00,44.56,
Plot Title: 5S3C,5822,7/1/26 01:15,44.379,
Plot Title: 5S3C,5823,7/1/26 01:30,44.013,
Plot Title: 5S3C,5824,7/1/26 01:45,43.831,
Plot Title: 5S3C,5825,7/1/26 02:00,43.831,
Plot Title: 5S3C,5826,7/1/26 02:15,43.831,
Plot Title: 5S3C,5827,7/1/26 02:30,43.648,
Plot Title: 5S3C,5828,7/1/26 02:45,43.648,
Plot Title: 5S3C,5829,7/1/26 03:00,43.282,
Plot Title: 5S3C,5830,7/1/26 03:15,43.099,
Plot Title: 5S3C,5831,7/1/26 03:30,42.915,
Plot Title: 5S3C,5832,7/1/26 03:45,42.732,
Plot Title: 5S3C,5833,7/1/26 04:00,42.548,
Plot Title: 5S3C,5834,7/1/26 04:15,42.548,
Plot Title: 5S3C,5835,7/1/26 04:30,42.363,
Plot Title: 5S3C,5836,7/1/26 04:45,42.179,
Plot Title: 5S3C,5837,7/1/26 05:00,41.994,
Plot Title: 5S3C,5838,7/1/26 05:15,41.994,
Plot Title: 5S3C,5839,7/1/26 05:30,41.81,
Plot Title: 5S3C,5840,7/1/26 05:45,41.81,
Plot Title: 5S3C,5841,7/1/26 06:00,41.625,
Plot Title: 5S3C,5842,7/1/26 06:15,41.81,
Plot Title: 5S3C,5843,7/1/26 06:30,42.179,
Plot Title: 5S3C,5844,7/1/26 06:45,42.548,
Plot Title: 5S3C,5845,7/1/26 07:00,42.915,
Plot Title: 5S3C,5846,7/1/26 07:15,43.466,
Plot Title: 5S3C,5847,7/1/26 07:30,45.104,
Plot Title: 5S3C,5848,7/1/26 07:45,48.695,
Plot Title: 5S3C,5849,7/1/26 08:00,52.05,
Plot Title: 5S3C,5850,7/1/26 08:15,55.189,
Plot Title: 5S3C,5851,7/1/26 08:30,59.68,
Plot Title: 5S3C,5852,7/1/26 08:45,63.282,
Plot Title: 5S3C,5853,7/1/26 09:00,66.879,
Plot Title: 5S3C,5854,7/1/26 09:15,70.137,
Plot Title: 5S3C,5855,7/1/26 09:30,73.58,
Plot Title: 5S3C,5856,7/1/26 09:45,76.703,
Plot Title: 5S3C,5857,7/1/26 10:00,81.266,
Plot Title: 5S3C,5858,7/1/26 10:15,74.619,
Plot Title: 5S3C,5859,7/1/26 10:30,71.168,
Plot Title: 5S3C,5860,7/1/26 10:45,84.295,
Plot Title: 5S3C,5861,7/1/26 11:00,90.68,
Plot Title: 5S3C,5862,7/1/26 11:15,97.72,
Plot Title: 5S3C,5863,7/1/26 11:30,96.168,
Plot Title: 5S3C,5864,7/1/26 11:45,99.093,
Plot Title: 5S3C,5865,7/1/26 12:00,99.291,
Plot Title: 5S3C,5866,7/1/26 12:15,99.291,
Plot Title: 5S3C,5867,7/1/26 12:30,99.885,
Plot Title: 5S3C,5868,7/1/26 12:45,85.915,
Plot Title: 5S3C,5869,7/1/26 13:00,75.139,
Plot Title: 5S3C,5870,7/1/26 13:15,68.421,
Plot Title: 5S3C,5871,7/1/26 13:30,68.934,
Plot Title: 5S3C,5872,7/1/26 13:45,87.733,
Plot Title: 5S3C,5873,7/1/26 14:00,78.624,
Plot Title: 5S3C,5874,7/1/26 14:15,70.824,
Plot Title: 5S3C,5875,7/1/26 14:30,68.248,
Plot Title: 5S3C,5876,7/1/26 14:45,66.708,
Plot Title: 5S3C,5877,7/1/26 15:00,65.338,
Plot Title: 5S3C,5878,7/1/26 15:15,62.425,
Plot Title: 5S3C,5879,7/1/26 15:30,64.825,
Plot Title: 5S3C,5880,7/1/26 15:45,70.824,
Plot Title: 5S3C,5881,7/1/26 16:00,76.703,
Plot Title: 5S3C,5882,7/1/26 16:15,70.48,
Plot Title: 5S3C,5883,7/1/26 16:30,65.68,
Plot Title: 5S3C,5884,7/1/26 16:45,63.797,
Plot Title: 5S3C,5885,7/1/26 17:00,62.598,
Plot Title: 5S3C,5886,7/1/26 17:15,61.398,
Plot Title: 5S3C,5887,7/1/26 17:30,61.227,
Plot Title: 5S3C,5888,7/1/26 17:45,60.539,
Plot Title: 5S3C,5889,7/1/26 18:00,58.993,
Plot Title: 5S3C,5890,7/1/26 18:15,56.923,
Plot Title: 5S3C,5891,7/1/26 18:30,54.842,
Plot Title: 5S3C,5892,7/1/26 18:45,53.623,
Plot Title: 5S3C,5893,7/1/26 19:00,53.623,
Plot Title: 5S3C,5894,7/1/26 19:15,53.623,
Plot Title: 5S3C,5895,7/1/26 19:30,53.1,
Plot Title: 5S3C,5896,7/1/26 19:45,52.576,
Plot Title: 5S3C,5897,7/1/26 20:00,52.05,
Plot Title: 5S3C,5898,7/1/26 20:15,51.874,
Plot Title: 5S3C,5899,7/1/26 20:30,51.699,
Plot Title: 5S3C,5900,7/1/26 20:45,51.172,
Plot Title: 5S3C,5901,7/1/26 21:00,50.819,
Plot Title: 5S3C,5902,7/1/26 21:15,50.643,
Plot Title: 5S3C,5903,7/1/26 21:30,50.29,
Plot Title: 5S3C,5904,7/1/26 21:45,50.113,
Plot Title: 5S3C,5905,7/1/26 22:00,50.113,
Plot Title: 5S3C,5906,7/1/26 22:15,49.759,
Plot Title: 5S3C,5907,7/1/26 22:30,49.582,
Plot Title: 5S3C,5908,7/1/26 22:45,49.582,
Plot Title: 5S3C,5909,7/1/26 23:00,49.404,
Plot Title: 5S3C,5910,7/1/26 23:15,49.404,
Plot Title: 5S3C,5911,7/1/26 23:30,49.404,
Plot Title: 5S3C,5912,7/1/26 23:45,48.871,
Plot Title: 5S3C,5913,7/2/26 00:00,48.339,
Plot Title: 5S3C,5914,7/2/26 00:15,48.16,
Plot Title: 5S3C,5915,7/2/26 00:30,48.339,
Plot Title: 5S3C,5916,7/2/26 00:45,48.517,
Plot Title: 5S3C,5917,7/2/26 01:00,48.339,
Plot Title: 5S3C,5918,7/2/26 01:15,48.16,
Plot Title: 5S3C,5919,7/2/26 01:30,47.982,
Plot Title: 5S3C,5920,7/2/26 01:45,47.802,
Plot Title: 5S3C,5921,7/2/26 02:00,47.624,
Plot Title: 5S3C,5922,7/2/26 02:15,47.446,
Plot Title: 5S3C,5923,7/2/26 02:30,47.266,
Plot Title: 5S3C,5924,7/2/26 02:45,47.088,
Plot Title: 5S3C,5925,7/2/26 03:00,46.548,
Plot Title: 5S3C,5926,7/2/26 03:15,46.008,
Plot Title: 5S3C,5927,7/2/26 03:30,45.828,
Plot Title: 5S3C,5928,7/2/26 03:45,45.648,
Plot Title: 5S3C,5929,7/2/26 04:00,45.648,
Plot Title: 5S3C,5930,7/2/26 04:15,45.466,
Plot Title: 5S3C,5931,7/2/26 04:30,45.286,
Plot Title: 5S3C,5932,7/2/26 04:45,45.104,
Plot Title: 5S3C,5933,7/2/26 05:00,44.922,
Plot Title: 5S3C,5934,7/2/26 05:15,44.742,
Plot Title: 5S3C,5935,7/2/26 05:30,44.56,
Plot Title: 5S3C,5936,7/2/26 05:45,44.379,
Plot Title: 5S3C,5937,7/2/26 06:00,44.379,
Plot Title: 5S3C,5938,7/2/26 06:15,44.379,
Plot Title: 5S3C,5939,7/2/26 06:30,44.742,
Plot Title: 5S3C,5940,7/2/26 06:45,45.104,
Plot Title: 5S3C,5941,7/2/26 07:00,45.466,
Plot Title: 5S3C,5942,7/2/26 07:15,46.008,
Plot Title: 5S3C,5943,7/2/26 07:30,47.624,
Plot Title: 5S3C,5944,7/2/26 07:45,51.523,
Plot Title: 5S3C,5945,7/2/26 08:00,54.495,
Plot Title: 5S3C,5946,7/2/26 08:15,56.923,
Plot Title: 5S3C,5947,7/2/26 08:30,60.883,
Plot Title: 5S3C,5948,7/2/26 08:45,64.825,
Plot Title: 5S3C,5949,7/2/26 09:00,68.592,
Plot Title: 5S3C,5950,7/2/26 09:15,72.199,
Plot Title: 5S3C,5951,7/2/26 09:30,75.312,
Plot Title: 5S3C,5952,7/2/26 09:45,79.326,
Plot Title: 5S3C,5953,7/2/26 10:00,83.757,
Plot Title: 5S3C,5954,7/2/26 10:15,88.466,
Plot Title: 5S3C,5955,7/2/26 10:30,93.115,
Plot Title: 5S3C,5956,7/2/26 10:45,97.916,
Plot Title: 5S3C,5957,7/2/26 11:00,102.9,
Plot Title: 5S3C,5958,7/2/26 11:15,105.161,
Plot Title: 5S3C,5959,7/2/26 11:30,110.482,
Plot Title: 5S3C,5960,7/2/26 11:45,115.637,
Plot Title: 5S3C,5961,7/2/26 12:00,120.605,
Plot Title: 5S3C,5962,7/2/26 12:15,125.096,
Plot Title: 5S3C,5963,7/2/26 12:30,126.127,
Plot Title: 5S3C,5964,7/2/26 12:45,128.496,
Plot Title: 5S3C,5965,7/2/26 13:00,130.113,
Plot Title: 5S3C,5966,7/2/26 13:15,121.338,
Plot Title: 5S3C,5967,7/2/26 13:30,117.028,
Plot Title: 5S3C,5968,7/2/26 13:45,103.104,
Plot Title: 5S3C,5969,7/2/26 14:00,89.755,
Plot Title: 5S3C,5970,7/2/26 14:15,82.508,
Plot Title: 5S3C,5971,7/2/26 14:30,79.151,
Plot Title: 5S3C,5972,7/2/26 14:45,75.659,
Plot Title: 5S3C,5973,7/2/26 15:00,73.753,
Plot Title: 5S3C,5974,7/2/26 15:15,72.028,
Plot Title: 5S3C,5975,7/2/26 15:30,74.619,
Plot Title: 5S3C,5976,7/2/26 15:45,80.559,
Plot Title: 5S3C,5977,7/2/26 16:00,81.266,
Plot Title: 5S3C,5978,7/2/26 16:15,77.574,
Plot Title: 5S3C,5979,7/2/26 16:30,73.062,
Plot Title: 5S3C,5980,7/2/26 16:45,69.964,
Plot Title: 5S3C,5981,7/2/26 17:00,68.592,
Plot Title: 5S3C,5982,7/2/26 17:15,66.366,
Plot Title: 5S3C,5983,7/2/26 17:30,65.338,
Plot Title: 5S3C,5984,7/2/26 17:45,64.996,
Plot Title: 5S3C,5985,7/2/26 18:00,64.996,
Plot Title: 5S3C,5986,7/2/26 18:15,64.652,
Plot Title: 5S3C,5987,7/2/26 18:30,64.139,
Plot Title: 5S3C,5988,7/2/26 18:45,63.797,
Plot Title: 5S3C,5989,7/2/26 19:00,63.111,
Plot Title: 5S3C,5990,7/2/26 19:15,61.569,
Plot Title: 5S3C,5991,7/2/26 19:30,60.368,
Plot Title: 5S3C,5992,7/2/26 19:45,59.508,
Plot Title: 5S3C,5993,7/2/26 20:00,58.993,
Plot Title: 5S3C,5994,7/2/26 20:15,58.993,
Plot Title: 5S3C,5995,7/2/26 20:30,58.82,
Plot Title: 5S3C,5996,7/2/26 20:45,58.303,
Plot Title: 5S3C,5997,7/2/26 21:00,57.096,
Plot Title: 5S3C,5998,7/2/26 21:15,56.057,
Plot Title: 5S3C,5999,7/2/26 21:30,55.537,
Plot Title: 5S3C,6000,7/2/26 21:45,55.189,
Plot Title: 5S3C,6001,7/2/26 22:00,54.669,
Plot Title: 5S3C,6002,7/2/26 22:15,54.147,
Plot Title: 5S3C,6003,7/2/26 22:30,53.623,
Plot Title: 5S3C,6004,7/2/26 22:45,53.449,
Plot Title: 5S3C,6005,7/2/26 23:00,53.1,
Plot Title: 5S3C,6006,7/2/26 23:15,52.75,
Plot Title: 5S3C,6007,7/2/26 23:30,52.401,
Plot Title: 5S3C,6008,7/2/26 23:45,52.401,
Plot Title: 5S3C,6009,7/3/26 00:00,52.576,
Plot Title: 5S3C,6010,7/3/26 00:15,52.225,
Plot Title: 5S3C,6011,7/3/26 00:30,51.874,
Plot Title: 5S3C,6012,7/3/26 00:45,51.523,
Plot Title: 5S3C,6013,7/3/26 01:00,51.172,
Plot Title: 5S3C,6014,7/3/26 01:15,50.819,
Plot Title: 5S3C,6015,7/3/26 01:30,50.466,
Plot Title: 5S3C,6016,7/3/26 01:45,50.113,
Plot Title: 5S3C,6017,7/3/26 02:00,49.937,
Plot Title: 5S3C,6018,7/3/26 02:15,49.759,
Plot Title: 5S3C,6019,7/3/26 02:30,49.582,
Plot Title: 5S3C,6020,7/3/26 02:45,49.404,
Plot Title: 5S3C,6021,7/3/26 03:00,49.05,
Plot Title: 5S3C,6022,7/3/26 03:15,48.871,
Plot Title: 5S3C,6023,7/3/26 03:30,48.517,
Plot Title: 5S3C,6024,7/3/26 03:45,48.339,
Plot Title: 5S3C,6025,7/3/26 04:00,48.16,
Plot Title: 5S3C,6026,7/3/26 04:15,47.982,
Plot Title: 5S3C,6027,7/3/26 04:30,47.802,
Plot Title: 5S3C,6028,7/3/26 04:45,47.802,
Plot Title: 5S3C,6029,7/3/26 05:00,47.624,
Plot Title: 5S3C,6030,7/3/26 05:15,47.446,
Plot Title: 5S3C,6031,7/3/26 05:30,47.266,
Plot Title: 5S3C,6032,7/3/26 05:45,47.088,
Plot Title: 5S3C,6033,7/3/26 06:00,46.908,
Plot Title: 5S3C,6034,7/3/26 06:15,46.908,
Plot Title: 5S3C,6035,7/3/26 06:30,47.266,
Plot Title: 5S3C,6036,7/3/26 06:45,47.624,
Plot Title: 5S3C,6037,7/3/26 07:00,48.16,
Plot Title: 5S3C,6038,7/3/26 07:15,48.695,
Plot Title: 5S3C,6039,7/3/26 07:30,50.643,
Plot Title: 5S3C,6040,7/3/26 07:45,52.401,
Plot Title: 5S3C,6041,7/3/26 08:00,53.798,
Plot Title: 5S3C,6042,7/3/26 08:15,58.647,
Plot Title: 5S3C,6043,7/3/26 08:30,63.626,
Plot Title: 5S3C,6044,7/3/26 08:45,68.248,
Plot Title: 5S3C,6045,7/3/26 09:00,73.407,
Plot Title: 5S3C,6046,7/3/26 09:15,78.449,
Plot Title: 5S3C,6047,7/3/26 09:30,83.043,
Plot Title: 5S3C,6048,7/3/26 09:45,87.186,
Plot Title: 5S3C,6049,7/3/26 10:00,89.938,
Plot Title: 5S3C,6050,7/3/26 10:15,94.444,
Plot Title: 5S3C,6051,7/3/26 10:30,96.748,
Plot Title: 5S3C,6052,7/3/26 10:45,97.331,
Plot Title: 5S3C,6053,7/3/26 11:00,98.503,
Plot Title: 5S3C,6054,7/3/26 11:15,98.307,
Plot Title: 5S3C,6055,7/3/26 11:30,93.493,
Plot Title: 5S3C,6056,7/3/26 11:45,90.495,
Plot Title: 5S3C,6057,7/3/26 12:00,95.4,
Plot Title: 5S3C,6058,7/3/26 12:15,111.139,
Plot Title: 5S3C,6059,7/3/26 12:30,111.801,
Plot Title: 5S3C,6060,7/3/26 12:45,112.023,
Plot Title: 5S3C,6061,7/3/26 13:00,104.128,
Plot Title: 5S3C,6062,7/3/26 13:15,104.128,
Plot Title: 5S3C,6063,7/3/26 13:30,105.161,
Plot Title: 5S3C,6064,7/3/26 13:45,109.18,
Plot Title: 5S3C,6065,7/3/26 14:00,97.331,
Plot Title: 5S3C,6066,7/3/26 14:15,87.552,
Plot Title: 5S3C,6067,7/3/26 14:30,82.152,
Plot Title: 5S3C,6068,7/3/26 14:45,78.8,
Plot Title: 5S3C,6069,7/3/26 15:00,76.528,
Plot Title: 5S3C,6070,7/3/26 15:15,75.139,
Plot Title: 5S3C,6071,7/3/26 15:30,86.097,
Plot Title: 5S3C,6072,7/3/26 15:45,90.124,
Plot Title: 5S3C,6073,7/3/26 16:00,93.873,
Plot Title: 5S3C,6074,7/3/26 16:15,85.014,
Plot Title: 5S3C,6075,7/3/26 16:30,77.574,
Plot Title: 5S3C,6076,7/3/26 16:45,73.062,
Plot Title: 5S3C,6077,7/3/26 17:00,69.793,
Plot Title: 5S3C,6078,7/3/26 17:15,67.906,
Plot Title: 5S3C,6079,7/3/26 17:30,67.735,
Plot Title: 5S3C,6080,7/3/26 17:45,67.221,
Plot Title: 5S3C,6081,7/3/26 18:00,66.537,
Plot Title: 5S3C,6082,7/3/26 18:15,64.996,
Plot Title: 5S3C,6083,7/3/26 18:30,64.825,
Plot Title: 5S3C,6084,7/3/26 18:45,64.996,
Plot Title: 5S3C,6085,7/3/26 19:00,64.31,
Plot Title: 5S3C,6086,7/3/26 19:15,63.111,
Plot Title: 5S3C,6087,7/3/26 19:30,62.425,
Plot Title: 5S3C,6088,7/3/26 19:45,62.425,
Plot Title: 5S3C,6089,7/3/26 20:00,62.598,
Plot Title: 5S3C,6090,7/3/26 20:15,62.083,
Plot Title: 5S3C,6091,7/3/26 20:30,60.883,
Plot Title: 5S3C,6092,7/3/26 20:45,60.024,
Plot Title: 5S3C,6093,7/3/26 21:00,59.337,
Plot Title: 5S3C,6094,7/3/26 21:15,58.647,
Plot Title: 5S3C,6095,7/3/26 21:30,57.614,
Plot Title: 5S3C,6096,7/3/26 21:45,56.75,
Plot Title: 5S3C,6097,7/3/26 22:00,56.057,
Plot Title: 5S3C,6098,7/3/26 22:15,55.537,
Plot Title: 5S3C,6099,7/3/26 22:30,55.017,
Plot Title: 5S3C,6100,7/3/26 22:45,54.669,
Plot Title: 5S3C,6101,7/3/26 23:00,54.495,
Plot Title: 5S3C,6102,7/3/26 23:15,54.322,
Plot Title: 5S3C,6103,7/3/26 23:30,53.798,
Plot Title: 5S3C,6104,7/3/26 23:45,53.449,
Plot Title: 5S3C,6105,7/4/26 00:00,53.274,
Plot Title: 5S3C,6106,7/4/26 00:15,53.1,
Plot Title: 5S3C,6107,7/4/26 00:30,52.75,
Plot Title: 5S3C,6108,7/4/26 00:45,52.401,
Plot Title: 5S3C,6109,7/4/26 01:00,52.225,
Plot Title: 5S3C,6110,7/4/26 01:15,52.05,
Plot Title: 5S3C,6111,7/4/26 01:30,51.699,
Plot Title: 5S3C,6112,7/4/26 01:45,51.346,
Plot Title: 5S3C,6113,7/4/26 02:00,51.172,
Plot Title: 5S3C,6114,7/4/26 02:15,50.819,
Plot Title: 5S3C,6115,7/4/26 02:30,50.819,
Plot Title: 5S3C,6116,7/4/26 02:45,50.643,
Plot Title: 5S3C,6117,7/4/26 03:00,50.29,
Plot Title: 5S3C,6118,7/4/26 03:15,50.113,
Plot Title: 5S3C,6119,7/4/26 03:30,49.937,
Plot Title: 5S3C,6120,7/4/26 03:45,49.759,
Plot Title: 5S3C,6121,7/4/26 04:00,49.404,
Plot Title: 5S3C,6122,7/4/26 04:15,49.404,
Plot Title: 5S3C,6123,7/4/26 04:30,49.228,
Plot Title: 5S3C,6124,7/4/26 04:45,49.05,
Plot Title: 5S3C,6125,7/4/26 05:00,48.871,
Plot Title: 5S3C,6126,7/4/26 05:15,48.871,
Plot Title: 5S3C,6127,7/4/26 05:30,48.517,
Plot Title: 5S3C,6128,7/4/26 05:45,47.982,
Plot Title: 5S3C,6129,7/4/26 06:00,47.802,
Plot Title: 5S3C,6130,7/4/26 06:15,47.802,
Plot Title: 5S3C,6131,7/4/26 06:30,47.982,
Plot Title: 5S3C,6132,7/4/26 06:45,48.339,
Plot Title: 5S3C,6133,7/4/26 07:00,48.695,
Plot Title: 5S3C,6134,7/4/26 07:15,49.404,
Plot Title: 5S3C,6135,7/4/26 07:30,51.346,
Plot Title: 5S3C,6136,7/4/26 07:45,55.017,
Plot Title: 5S3C,6137,7/4/26 08:00,58.131,
Plot Title: 5S3C,6138,7/4/26 08:15,61.054,
Plot Title: 5S3C,6139,7/4/26 08:30,64.825,
Plot Title: 5S3C,6140,7/4/26 08:45,69.793,
Plot Title: 5S3C,6141,7/4/26 09:00,74.271,
Plot Title: 5S3C,6142,7/4/26 09:15,79.326,
Plot Title: 5S3C,6143,7/4/26 09:30,83.935,
Plot Title: 5S3C,6144,7/4/26 09:45,89.2,
Plot Title: 5S3C,6145,7/4/26 10:00,94.633,
Plot Title: 5S3C,6146,7/4/26 10:15,99.687,
Plot Title: 5S3C,6147,7/4/26 10:30,104.747,
Plot Title: 5S3C,6148,7/4/26 10:45,109.828,
Plot Title: 5S3C,6149,7/4/26 11:00,114.949,
Plot Title: 5S3C,6150,7/4/26 11:15,119.637,
Plot Title: 5S3C,6151,7/4/26 11:30,125.096,
Plot Title: 5S3C,6152,7/4/26 11:45,129.841,
Plot Title: 5S3C,6153,7/4/26 12:00,133.736,
Plot Title: 5S3C,6154,7/4/26 12:15,136.051,
Plot Title: 5S3C,6155,7/4/26 12:30,138.135,
Plot Title: 5S3C,6156,7/4/26 12:45,139.048,
Plot Title: 5S3C,6157,7/4/26 13:00,139.354,
Plot Title: 5S3C,6158,7/4/26 13:15,139.354,
Plot Title: 5S3C,6159,7/4/26 13:30,134.596,
Plot Title: 5S3C,6160,7/4/26 13:45,134.308,
Plot Title: 5S3C,6161,7/4/26 14:00,111.36,
Plot Title: 5S3C,6162,7/4/26 14:15,95.207,
Plot Title: 5S3C,6163,7/4/26 14:30,86.641,
Plot Title: 5S3C,6164,7/4/26 14:45,81.797,
Plot Title: 5S3C,6165,7/4/26 15:00,79.151,
Plot Title: 5S3C,6166,7/4/26 15:15,78.624,
Plot Title: 5S3C,6167,7/4/26 15:30,90.867,
Plot Title: 5S3C,6168,7/4/26 15:45,100.283,
Plot Title: 5S3C,6169,7/4/26 16:00,102.29,
Plot Title: 5S3C,6170,7/4/26 16:15,91.612,
Plot Title: 5S3C,6171,7/4/26 16:30,82.152,
Plot Title: 5S3C,6172,7/4/26 16:45,76.876,
Plot Title: 5S3C,6173,7/4/26 17:00,73.58,
Plot Title: 5S3C,6174,7/4/26 17:15,71.339,
Plot Title: 5S3C,6175,7/4/26 17:30,69.964,
Plot Title: 5S3C,6176,7/4/26 17:45,68.763,
Plot Title: 5S3C,6177,7/4/26 18:00,67.906,
Plot Title: 5S3C,6178,7/4/26 18:15,67.05,
Plot Title: 5S3C,6179,7/4/26 18:30,66.366,
Plot Title: 5S3C,6180,7/4/26 18:45,65.851,
Plot Title: 5S3C,6181,7/4/26 19:00,65.68,
Plot Title: 5S3C,6182,7/4/26 19:15,65.338,
Plot Title: 5S3C,6183,7/4/26 19:30,64.825,
Plot Title: 5S3C,6184,7/4/26 19:45,64.139,
Plot Title: 5S3C,6185,7/4/26 20:00,63.797,
Plot Title: 5S3C,6186,7/4/26 20:15,63.282,
Plot Title: 5S3C,6187,7/4/26 20:30,62.769,
Plot Title: 5S3C,6188,7/4/26 20:45,62.254,
Plot Title: 5S3C,6189,7/4/26 21:00,61.741,
Plot Title: 5S3C,6190,7/4/26 21:15,61.227,
Plot Title: 5S3C,6191,7/4/26 21:30,60.712,
Plot Title: 5S3C,6192,7/4/26 21:45,60.368,
Plot Title: 5S3C,6193,7/4/26 22:00,60.024,
Plot Title: 5S3C,6194,7/4/26 22:15,59.851,
Plot Title: 5S3C,6195,7/4/26 22:30,59.508,
Plot Title: 5S3C,6196,7/4/26 22:45,59.164,
Plot Title: 5S3C,6197,7/4/26 23:00,58.82,
Plot Title: 5S3C,6198,7/4/26 23:15,58.476,
Plot Title: 5S3C,6199,7/4/26 23:30,58.131,
Plot Title: 5S3C,6200,7/4/26 23:45,57.958,
Plot Title: 5S3C,6201,7/5/26 00:00,57.614,
Plot Title: 5S3C,6202,7/5/26 00:15,57.441,
Plot Title: 5S3C,6203,7/5/26 00:30,57.096,
Plot Title: 5S3C,6204,7/5/26 00:45,56.923,
Plot Title: 5S3C,6205,7/5/26 01:00,56.75,
Plot Title: 5S3C,6206,7/5/26 01:15,56.577,
Plot Title: 5S3C,6207,7/5/26 01:30,56.23,
Plot Title: 5S3C,6208,7/5/26 01:45,56.23,
Plot Title: 5S3C,6209,7/5/26 02:00,55.711,
Plot Title: 5S3C,6210,7/5/26 02:15,55.537,
Plot Title: 5S3C,6211,7/5/26 02:30,55.364,
Plot Title: 5S3C,6212,7/5/26 02:45,55.017,
Plot Title: 5S3C,6213,7/5/26 03:00,54.669,
Plot Title: 5S3C,6214,7/5/26 03:15,54.495,
Plot Title: 5S3C,6215,7/5/26 03:30,54.322,
Plot Title: 5S3C,6216,7/5/26 03:45,54.147,
Plot Title: 5S3C,6217,7/5/26 04:00,53.973,
Plot Title: 5S3C,6218,7/5/26 04:15,53.623,
Plot Title: 5S3C,6219,7/5/26 04:30,53.274,
Plot Title: 5S3C,6220,7/5/26 04:45,52.925,
Plot Title: 5S3C,6221,7/5/26 05:00,52.576,
Plot Title: 5S3C,6222,7/5/26 05:15,52.401,
Plot Title: 5S3C,6223,7/5/26 05:30,52.401,
Plot Title: 5S3C,6224,7/5/26 05:45,52.225,
Plot Title: 5S3C,6225,7/5/26 06:00,52.05,
Plot Title: 5S3C,6226,7/5/26 06:15,51.874,
Plot Title: 5S3C,6227,7/5/26 06:30,52.05,
Plot Title: 5S3C,6228,7/5/26 06:45,52.401,
Plot Title: 5S3C,6229,7/5/26 07:00,52.75,
Plot Title: 5S3C,6230,7/5/26 07:15,53.274,
Plot Title: 5S3C,6231,7/5/26 07:30,55.537,
Plot Title: 5S3C,6232,7/5/26 07:45,59.337,
Plot Title: 5S3C,6233,7/5/26 08:00,62.769,
Plot Title: 5S3C,6234,7/5/26 08:15,65.338,
Plot Title: 5S3C,6235,7/5/26 08:30,68.934,Logged