Plot Title: 5S4C,#,"Date Time, GMT-06:00","Temp, °F (LGR S/N: 10608555, SEN S/N: 10608555, LBL: 5S4C)",End Of File (LGR S/N: 10608555)
Plot Title: 5S4C,1,6/11/26 12:00,54.147,
Plot Title: 5S4C,2,6/11/26 12:15,57.441,
Plot Title: 5S4C,3,6/11/26 12:30,60.195,
Plot Title: 5S4C,4,6/11/26 12:45,58.82,
Plot Title: 5S4C,5,6/11/26 13:00,60.883,
Plot Title: 5S4C,6,6/11/26 13:15,66.879,
Plot Title: 5S4C,7,6/11/26 13:30,69.793,
Plot Title: 5S4C,8,6/11/26 13:45,69.107,
Plot Title: 5S4C,9,6/11/26 14:00,63.282,
Plot Title: 5S4C,10,6/11/26 14:15,62.083,
Plot Title: 5S4C,11,6/11/26 14:30,59.68,
Plot Title: 5S4C,12,6/11/26 14:45,56.923,
Plot Title: 5S4C,13,6/11/26 15:00,53.973,
Plot Title: 5S4C,14,6/11/26 15:15,51.874,
Plot Title: 5S4C,15,6/11/26 15:30,50.466,
Plot Title: 5S4C,16,6/11/26 15:45,49.228,
Plot Title: 5S4C,17,6/11/26 16:00,48.517,
Plot Title: 5S4C,18,6/11/26 16:15,47.624,
Plot Title: 5S4C,19,6/11/26 16:30,47.624,
Plot Title: 5S4C,20,6/11/26 16:45,47.088,
Plot Title: 5S4C,21,6/11/26 17:00,47.088,
Plot Title: 5S4C,22,6/11/26 17:15,46.548,
Plot Title: 5S4C,23,6/11/26 17:30,45.828,
Plot Title: 5S4C,24,6/11/26 17:45,45.286,
Plot Title: 5S4C,25,6/11/26 18:00,44.379,
Plot Title: 5S4C,26,6/11/26 18:15,43.648,
Plot Title: 5S4C,27,6/11/26 18:30,42.915,
Plot Title: 5S4C,28,6/11/26 18:45,42.363,
Plot Title: 5S4C,29,6/11/26 19:00,41.994,
Plot Title: 5S4C,30,6/11/26 19:15,41.439,
Plot Title: 5S4C,31,6/11/26 19:30,40.881,
Plot Title: 5S4C,32,6/11/26 19:45,40.321,
Plot Title: 5S4C,33,6/11/26 20:00,39.76,
Plot Title: 5S4C,34,6/11/26 20:15,39.384,
Plot Title: 5S4C,35,6/11/26 20:30,39.007,
Plot Title: 5S4C,36,6/11/26 20:45,38.818,
Plot Title: 5S4C,37,6/11/26 21:00,38.44,
Plot Title: 5S4C,38,6/11/26 21:15,38.061,
Plot Title: 5S4C,39,6/11/26 21:30,37.679,
Plot Title: 5S4C,40,6/11/26 21:45,37.297,
Plot Title: 5S4C,41,6/11/26 22:00,36.914,
Plot Title: 5S4C,42,6/11/26 22:15,36.723,
Plot Title: 5S4C,43,6/11/26 22:30,36.338,
Plot Title: 5S4C,44,6/11/26 22:45,35.951,
Plot Title: 5S4C,45,6/11/26 23:00,35.758,
Plot Title: 5S4C,46,6/11/26 23:15,35.564,
Plot Title: 5S4C,47,6/11/26 23:30,35.37,
Plot Title: 5S4C,48,6/11/26 23:45,34.981,
Plot Title: 5S4C,49,6/12/26 00:00,34.786,
Plot Title: 5S4C,50,6/12/26 00:15,34.59,
Plot Title: 5S4C,51,6/12/26 00:30,34.198,
Plot Title: 5S4C,52,6/12/26 00:45,34.002,
Plot Title: 5S4C,53,6/12/26 01:00,33.805,
Plot Title: 5S4C,54,6/12/26 01:15,34.198,
Plot Title: 5S4C,55,6/12/26 01:30,34.198,
Plot Title: 5S4C,56,6/12/26 01:45,34.198,
Plot Title: 5S4C,57,6/12/26 02:00,34.198,
Plot Title: 5S4C,58,6/12/26 02:15,34.198,
Plot Title: 5S4C,59,6/12/26 02:30,34.198,
Plot Title: 5S4C,60,6/12/26 02:45,34.198,
Plot Title: 5S4C,61,6/12/26 03:00,34.002,
Plot Title: 5S4C,62,6/12/26 03:15,34.002,
Plot Title: 5S4C,63,6/12/26 03:30,34.002,
Plot Title: 5S4C,64,6/12/26 03:45,34.002,
Plot Title: 5S4C,65,6/12/26 04:00,34.002,
Plot Title: 5S4C,66,6/12/26 04:15,34.002,
Plot Title: 5S4C,67,6/12/26 04:30,33.805,
Plot Title: 5S4C,68,6/12/26 04:45,33.805,
Plot Title: 5S4C,69,6/12/26 05:00,33.805,
Plot Title: 5S4C,70,6/12/26 05:15,33.805,
Plot Title: 5S4C,71,6/12/26 05:30,33.805,
Plot Title: 5S4C,72,6/12/26 05:45,33.805,
Plot Title: 5S4C,73,6/12/26 06:00,33.607,
Plot Title: 5S4C,74,6/12/26 06:15,33.607,
Plot Title: 5S4C,75,6/12/26 06:30,33.607,
Plot Title: 5S4C,76,6/12/26 06:45,33.607,
Plot Title: 5S4C,77,6/12/26 07:00,33.607,
Plot Title: 5S4C,78,6/12/26 07:15,33.607,
Plot Title: 5S4C,79,6/12/26 07:30,33.805,
Plot Title: 5S4C,80,6/12/26 07:45,33.805,
Plot Title: 5S4C,81,6/12/26 08:00,34.002,
Plot Title: 5S4C,82,6/12/26 08:15,34.002,
Plot Title: 5S4C,83,6/12/26 08:30,34.198,
Plot Title: 5S4C,84,6/12/26 08:45,34.59,
Plot Title: 5S4C,85,6/12/26 09:00,39.384,
Plot Title: 5S4C,86,6/12/26 09:15,45.104,
Plot Title: 5S4C,87,6/12/26 09:30,49.228,
Plot Title: 5S4C,88,6/12/26 09:45,52.75,
Plot Title: 5S4C,89,6/12/26 10:00,56.057,
Plot Title: 5S4C,90,6/12/26 10:15,58.993,
Plot Title: 5S4C,91,6/12/26 10:30,61.398,
Plot Title: 5S4C,92,6/12/26 10:45,64.139,
Plot Title: 5S4C,93,6/12/26 11:00,66.193,
Plot Title: 5S4C,94,6/12/26 11:15,68.592,
Plot Title: 5S4C,95,6/12/26 11:30,70.824,
Plot Title: 5S4C,96,6/12/26 11:45,72.718,
Plot Title: 5S4C,97,6/12/26 12:00,74.446,
Plot Title: 5S4C,98,6/12/26 12:15,75.659,
Plot Title: 5S4C,99,6/12/26 12:30,76.876,
Plot Title: 5S4C,100,6/12/26 12:45,78.274,
Plot Title: 5S4C,101,6/12/26 13:00,78.975,
Plot Title: 5S4C,102,6/12/26 13:15,80.029,
Plot Title: 5S4C,103,6/12/26 13:30,80.382,
Plot Title: 5S4C,104,6/12/26 13:45,79.151,
Plot Title: 5S4C,105,6/12/26 14:00,72.718,
Plot Title: 5S4C,106,6/12/26 14:15,70.651,
Plot Title: 5S4C,107,6/12/26 14:30,67.392,
Plot Title: 5S4C,108,6/12/26 14:45,64.139,
Plot Title: 5S4C,109,6/12/26 15:00,61.054,
Plot Title: 5S4C,110,6/12/26 15:15,59.508,
Plot Title: 5S4C,111,6/12/26 15:30,58.303,
Plot Title: 5S4C,112,6/12/26 15:45,56.923,
Plot Title: 5S4C,113,6/12/26 16:00,56.577,
Plot Title: 5S4C,114,6/12/26 16:15,56.577,
Plot Title: 5S4C,115,6/12/26 16:30,56.577,
Plot Title: 5S4C,116,6/12/26 16:45,56.057,
Plot Title: 5S4C,117,6/12/26 17:00,55.537,
Plot Title: 5S4C,118,6/12/26 17:15,55.017,
Plot Title: 5S4C,119,6/12/26 17:30,54.322,
Plot Title: 5S4C,120,6/12/26 17:45,53.798,
Plot Title: 5S4C,121,6/12/26 18:00,53.1,
Plot Title: 5S4C,122,6/12/26 18:15,52.925,
Plot Title: 5S4C,123,6/12/26 18:30,52.05,
Plot Title: 5S4C,124,6/12/26 18:45,51.523,
Plot Title: 5S4C,125,6/12/26 19:00,50.995,
Plot Title: 5S4C,126,6/12/26 19:15,50.29,
Plot Title: 5S4C,127,6/12/26 19:30,49.582,
Plot Title: 5S4C,128,6/12/26 19:45,49.05,
Plot Title: 5S4C,129,6/12/26 20:00,48.16,
Plot Title: 5S4C,130,6/12/26 20:15,47.446,
Plot Title: 5S4C,131,6/12/26 20:30,46.908,
Plot Title: 5S4C,132,6/12/26 20:45,46.369,
Plot Title: 5S4C,133,6/12/26 21:00,45.828,
Plot Title: 5S4C,134,6/12/26 21:15,45.104,
Plot Title: 5S4C,135,6/12/26 21:30,44.742,
Plot Title: 5S4C,136,6/12/26 21:45,44.379,
Plot Title: 5S4C,137,6/12/26 22:00,44.013,
Plot Title: 5S4C,138,6/12/26 22:15,43.831,
Plot Title: 5S4C,139,6/12/26 22:30,43.282,
Plot Title: 5S4C,140,6/12/26 22:45,42.915,
Plot Title: 5S4C,141,6/12/26 23:00,42.363,
Plot Title: 5S4C,142,6/12/26 23:15,41.81,
Plot Title: 5S4C,143,6/12/26 23:30,40.881,
Plot Title: 5S4C,144,6/12/26 23:45,40.321,
Plot Title: 5S4C,145,6/13/26 00:00,39.573,
Plot Title: 5S4C,146,6/13/26 00:15,38.629,
Plot Title: 5S4C,147,6/13/26 00:30,38.629,
Plot Title: 5S4C,148,6/13/26 00:45,38.818,
Plot Title: 5S4C,149,6/13/26 01:00,39.007,
Plot Title: 5S4C,150,6/13/26 01:15,39.007,
Plot Title: 5S4C,151,6/13/26 01:30,39.007,
Plot Title: 5S4C,152,6/13/26 01:45,37.87,
Plot Title: 5S4C,153,6/13/26 02:00,37.107,
Plot Title: 5S4C,154,6/13/26 02:15,36.723,
Plot Title: 5S4C,155,6/13/26 02:30,36.531,
Plot Title: 5S4C,156,6/13/26 02:45,36.531,
Plot Title: 5S4C,157,6/13/26 03:00,36.531,
Plot Title: 5S4C,158,6/13/26 03:15,36.338,
Plot Title: 5S4C,159,6/13/26 03:30,36.338,
Plot Title: 5S4C,160,6/13/26 03:45,36.338,
Plot Title: 5S4C,161,6/13/26 04:00,36.145,
Plot Title: 5S4C,162,6/13/26 04:15,36.145,
Plot Title: 5S4C,163,6/13/26 04:30,36.145,
Plot Title: 5S4C,164,6/13/26 04:45,36.145,
Plot Title: 5S4C,165,6/13/26 05:00,36.145,
Plot Title: 5S4C,166,6/13/26 05:15,36.145,
Plot Title: 5S4C,167,6/13/26 05:30,35.951,
Plot Title: 5S4C,168,6/13/26 05:45,35.951,
Plot Title: 5S4C,169,6/13/26 06:00,35.951,
Plot Title: 5S4C,170,6/13/26 06:15,36.145,
Plot Title: 5S4C,171,6/13/26 06:30,36.145,
Plot Title: 5S4C,172,6/13/26 06:45,36.338,
Plot Title: 5S4C,173,6/13/26 07:00,36.338,
Plot Title: 5S4C,174,6/13/26 07:15,36.531,
Plot Title: 5S4C,175,6/13/26 07:30,36.723,
Plot Title: 5S4C,176,6/13/26 07:45,36.723,
Plot Title: 5S4C,177,6/13/26 08:00,36.914,
Plot Title: 5S4C,178,6/13/26 08:15,37.107,
Plot Title: 5S4C,179,6/13/26 08:30,37.297,
Plot Title: 5S4C,180,6/13/26 08:45,37.679,
Plot Title: 5S4C,181,6/13/26 09:00,38.25,
Plot Title: 5S4C,182,6/13/26 09:15,38.629,
Plot Title: 5S4C,183,6/13/26 09:30,38.818,
Plot Title: 5S4C,184,6/13/26 09:45,39.573,
Plot Title: 5S4C,185,6/13/26 10:00,39.947,
Plot Title: 5S4C,186,6/13/26 10:15,40.134,
Plot Title: 5S4C,187,6/13/26 10:30,39.947,
Plot Title: 5S4C,188,6/13/26 10:45,39.76,
Plot Title: 5S4C,189,6/13/26 11:00,39.947,
Plot Title: 5S4C,190,6/13/26 11:15,41.254,
Plot Title: 5S4C,191,6/13/26 11:30,41.625,
Plot Title: 5S4C,192,6/13/26 11:45,40.696,
Plot Title: 5S4C,193,6/13/26 12:00,41.439,
Plot Title: 5S4C,194,6/13/26 12:15,41.81,
Plot Title: 5S4C,195,6/13/26 12:30,43.099,
Plot Title: 5S4C,196,6/13/26 12:45,44.742,
Plot Title: 5S4C,197,6/13/26 13:00,44.56,
Plot Title: 5S4C,198,6/13/26 13:15,43.831,
Plot Title: 5S4C,199,6/13/26 13:30,45.466,
Plot Title: 5S4C,200,6/13/26 13:45,48.871,
Plot Title: 5S4C,201,6/13/26 14:00,47.802,
Plot Title: 5S4C,202,6/13/26 14:15,47.624,
Plot Title: 5S4C,203,6/13/26 14:30,46.908,
Plot Title: 5S4C,204,6/13/26 14:45,47.088,
Plot Title: 5S4C,205,6/13/26 15:00,46.728,
Plot Title: 5S4C,206,6/13/26 15:15,46.188,
Plot Title: 5S4C,207,6/13/26 15:30,45.286,
Plot Title: 5S4C,208,6/13/26 15:45,44.922,
Plot Title: 5S4C,209,6/13/26 16:00,45.286,
Plot Title: 5S4C,210,6/13/26 16:15,46.188,
Plot Title: 5S4C,211,6/13/26 16:30,44.922,
Plot Title: 5S4C,212,6/13/26 16:45,44.56,
Plot Title: 5S4C,213,6/13/26 17:00,44.379,
Plot Title: 5S4C,214,6/13/26 17:15,44.195,
Plot Title: 5S4C,215,6/13/26 17:30,43.831,
Plot Title: 5S4C,216,6/13/26 17:45,44.379,
Plot Title: 5S4C,217,6/13/26 18:00,44.742,
Plot Title: 5S4C,218,6/13/26 18:15,44.922,
Plot Title: 5S4C,219,6/13/26 18:30,44.742,
Plot Title: 5S4C,220,6/13/26 18:45,44.379,
Plot Title: 5S4C,221,6/13/26 19:00,43.831,
Plot Title: 5S4C,222,6/13/26 19:15,43.466,
Plot Title: 5S4C,223,6/13/26 19:30,42.363,
Plot Title: 5S4C,224,6/13/26 19:45,41.625,
Plot Title: 5S4C,225,6/13/26 20:00,40.881,
Plot Title: 5S4C,226,6/13/26 20:15,39.947,
Plot Title: 5S4C,227,6/13/26 20:30,39.196,
Plot Title: 5S4C,228,6/13/26 20:45,38.44,
Plot Title: 5S4C,229,6/13/26 21:00,37.87,
Plot Title: 5S4C,230,6/13/26 21:15,37.297,
Plot Title: 5S4C,231,6/13/26 21:30,36.723,
Plot Title: 5S4C,232,6/13/26 21:45,36.145,
Plot Title: 5S4C,233,6/13/26 22:00,35.951,
Plot Title: 5S4C,234,6/13/26 22:15,35.758,
Plot Title: 5S4C,235,6/13/26 22:30,35.564,
Plot Title: 5S4C,236,6/13/26 22:45,35.37,
Plot Title: 5S4C,237,6/13/26 23:00,35.175,
Plot Title: 5S4C,238,6/13/26 23:15,34.981,
Plot Title: 5S4C,239,6/13/26 23:30,34.981,
Plot Title: 5S4C,240,6/13/26 23:45,34.786,
Plot Title: 5S4C,241,6/14/26 00:00,34.786,
Plot Title: 5S4C,242,6/14/26 00:15,34.59,
Plot Title: 5S4C,243,6/14/26 00:30,34.59,
Plot Title: 5S4C,244,6/14/26 00:45,34.394,
Plot Title: 5S4C,245,6/14/26 01:00,34.394,
Plot Title: 5S4C,246,6/14/26 01:15,34.198,
Plot Title: 5S4C,247,6/14/26 01:30,34.198,
Plot Title: 5S4C,248,6/14/26 01:45,34.198,
Plot Title: 5S4C,249,6/14/26 02:00,34.002,
Plot Title: 5S4C,250,6/14/26 02:15,34.002,
Plot Title: 5S4C,251,6/14/26 02:30,34.002,
Plot Title: 5S4C,252,6/14/26 02:45,34.002,
Plot Title: 5S4C,253,6/14/26 03:00,33.805,
Plot Title: 5S4C,254,6/14/26 03:15,33.805,
Plot Title: 5S4C,255,6/14/26 03:30,33.805,
Plot Title: 5S4C,256,6/14/26 03:45,33.805,
Plot Title: 5S4C,257,6/14/26 04:00,33.607,
Plot Title: 5S4C,258,6/14/26 04:15,33.607,
Plot Title: 5S4C,259,6/14/26 04:30,33.607,
Plot Title: 5S4C,260,6/14/26 04:45,33.607,
Plot Title: 5S4C,261,6/14/26 05:00,33.607,
Plot Title: 5S4C,262,6/14/26 05:15,33.411,
Plot Title: 5S4C,263,6/14/26 05:30,33.411,
Plot Title: 5S4C,264,6/14/26 05:45,33.411,
Plot Title: 5S4C,265,6/14/26 06:00,33.411,
Plot Title: 5S4C,266,6/14/26 06:15,33.411,
Plot Title: 5S4C,267,6/14/26 06:30,33.411,
Plot Title: 5S4C,268,6/14/26 06:45,33.411,
Plot Title: 5S4C,269,6/14/26 07:00,33.411,
Plot Title: 5S4C,270,6/14/26 07:15,33.411,
Plot Title: 5S4C,271,6/14/26 07:30,33.411,
Plot Title: 5S4C,272,6/14/26 07:45,33.411,
Plot Title: 5S4C,273,6/14/26 08:00,33.411,
Plot Title: 5S4C,274,6/14/26 08:15,33.411,
Plot Title: 5S4C,275,6/14/26 08:30,33.411,
Plot Title: 5S4C,276,6/14/26 08:45,33.411,
Plot Title: 5S4C,277,6/14/26 09:00,33.411,
Plot Title: 5S4C,278,6/14/26 09:15,34.002,
Plot Title: 5S4C,279,6/14/26 09:30,36.338,
Plot Title: 5S4C,280,6/14/26 09:45,41.067,
Plot Title: 5S4C,281,6/14/26 10:00,47.088,
Plot Title: 5S4C,282,6/14/26 10:15,52.576,
Plot Title: 5S4C,283,6/14/26 10:30,56.923,
Plot Title: 5S4C,284,6/14/26 10:45,60.883,
Plot Title: 5S4C,285,6/14/26 11:00,59.851,
Plot Title: 5S4C,286,6/14/26 11:15,58.476,
Plot Title: 5S4C,287,6/14/26 11:30,57.441,
Plot Title: 5S4C,288,6/14/26 11:45,55.711,
Plot Title: 5S4C,289,6/14/26 12:00,54.147,
Plot Title: 5S4C,290,6/14/26 12:15,55.537,
Plot Title: 5S4C,291,6/14/26 12:30,54.842,
Plot Title: 5S4C,292,6/14/26 12:45,55.189,
Plot Title: 5S4C,293,6/14/26 13:00,61.054,
Plot Title: 5S4C,294,6/14/26 13:15,67.05,
Plot Title: 5S4C,295,6/14/26 13:30,65.509,
Plot Title: 5S4C,296,6/14/26 13:45,66.879,
Plot Title: 5S4C,297,6/14/26 14:00,65.167,
Plot Title: 5S4C,298,6/14/26 14:15,64.139,
Plot Title: 5S4C,299,6/14/26 14:30,62.769,
Plot Title: 5S4C,300,6/14/26 14:45,61.569,
Plot Title: 5S4C,301,6/14/26 15:00,58.993,
Plot Title: 5S4C,302,6/14/26 15:15,56.923,
Plot Title: 5S4C,303,6/14/26 15:30,56.057,
Plot Title: 5S4C,304,6/14/26 15:45,54.495,
Plot Title: 5S4C,305,6/14/26 16:00,53.449,
Plot Title: 5S4C,306,6/14/26 16:15,52.401,
Plot Title: 5S4C,307,6/14/26 16:30,52.401,
Plot Title: 5S4C,308,6/14/26 16:45,51.699,
Plot Title: 5S4C,309,6/14/26 17:00,51.523,
Plot Title: 5S4C,310,6/14/26 17:15,50.995,
Plot Title: 5S4C,311,6/14/26 17:30,50.466,
Plot Title: 5S4C,312,6/14/26 17:45,49.937,
Plot Title: 5S4C,313,6/14/26 18:00,49.05,
Plot Title: 5S4C,314,6/14/26 18:15,48.339,
Plot Title: 5S4C,315,6/14/26 18:30,47.446,
Plot Title: 5S4C,316,6/14/26 18:45,47.446,
Plot Title: 5S4C,317,6/14/26 19:00,46.728,
Plot Title: 5S4C,318,6/14/26 19:15,45.828,
Plot Title: 5S4C,319,6/14/26 19:30,45.286,
Plot Title: 5S4C,320,6/14/26 19:45,44.379,
Plot Title: 5S4C,321,6/14/26 20:00,43.831,
Plot Title: 5S4C,322,6/14/26 20:15,43.099,
Plot Title: 5S4C,323,6/14/26 20:30,42.363,
Plot Title: 5S4C,324,6/14/26 20:45,41.625,
Plot Title: 5S4C,325,6/14/26 21:00,41.067,
Plot Title: 5S4C,326,6/14/26 21:15,40.321,
Plot Title: 5S4C,327,6/14/26 21:30,39.76,
Plot Title: 5S4C,328,6/14/26 21:45,39.007,
Plot Title: 5S4C,329,6/14/26 22:00,38.25,
Plot Title: 5S4C,330,6/14/26 22:15,37.488,
Plot Title: 5S4C,331,6/14/26 22:30,36.914,
Plot Title: 5S4C,332,6/14/26 22:45,36.531,
Plot Title: 5S4C,333,6/14/26 23:00,36.531,
Plot Title: 5S4C,334,6/14/26 23:15,36.531,
Plot Title: 5S4C,335,6/14/26 23:30,36.338,
Plot Title: 5S4C,336,6/14/26 23:45,36.145,
Plot Title: 5S4C,337,6/15/26 00:00,36.145,
Plot Title: 5S4C,338,6/15/26 00:15,35.951,
Plot Title: 5S4C,339,6/15/26 00:30,35.758,
Plot Title: 5S4C,340,6/15/26 00:45,35.564,
Plot Title: 5S4C,341,6/15/26 01:00,35.37,
Plot Title: 5S4C,342,6/15/26 01:15,35.37,
Plot Title: 5S4C,343,6/15/26 01:30,35.175,
Plot Title: 5S4C,344,6/15/26 01:45,35.175,
Plot Title: 5S4C,345,6/15/26 02:00,34.981,
Plot Title: 5S4C,346,6/15/26 02:15,34.981,
Plot Title: 5S4C,347,6/15/26 02:30,34.786,
Plot Title: 5S4C,348,6/15/26 02:45,34.786,
Plot Title: 5S4C,349,6/15/26 03:00,34.786,
Plot Title: 5S4C,350,6/15/26 03:15,34.59,
Plot Title: 5S4C,351,6/15/26 03:30,34.59,
Plot Title: 5S4C,352,6/15/26 03:45,34.59,
Plot Title: 5S4C,353,6/15/26 04:00,34.394,
Plot Title: 5S4C,354,6/15/26 04:15,34.394,
Plot Title: 5S4C,355,6/15/26 04:30,34.394,
Plot Title: 5S4C,356,6/15/26 04:45,34.198,
Plot Title: 5S4C,357,6/15/26 05:00,34.198,
Plot Title: 5S4C,358,6/15/26 05:15,34.198,
Plot Title: 5S4C,359,6/15/26 05:30,34.198,
Plot Title: 5S4C,360,6/15/26 05:45,34.002,
Plot Title: 5S4C,361,6/15/26 06:00,34.002,
Plot Title: 5S4C,362,6/15/26 06:15,34.002,
Plot Title: 5S4C,363,6/15/26 06:30,34.002,
Plot Title: 5S4C,364,6/15/26 06:45,34.002,
Plot Title: 5S4C,365,6/15/26 07:00,34.002,
Plot Title: 5S4C,366,6/15/26 07:15,34.002,
Plot Title: 5S4C,367,6/15/26 07:30,34.002,
Plot Title: 5S4C,368,6/15/26 07:45,34.002,
Plot Title: 5S4C,369,6/15/26 08:00,34.002,
Plot Title: 5S4C,370,6/15/26 08:15,34.198,
Plot Title: 5S4C,371,6/15/26 08:30,34.59,
Plot Title: 5S4C,372,6/15/26 08:45,35.175,
Plot Title: 5S4C,373,6/15/26 09:00,38.818,
Plot Title: 5S4C,374,6/15/26 09:15,45.104,
Plot Title: 5S4C,375,6/15/26 09:30,49.228,
Plot Title: 5S4C,376,6/15/26 09:45,52.576,
Plot Title: 5S4C,377,6/15/26 10:00,56.23,
Plot Title: 5S4C,378,6/15/26 10:15,59.68,
Plot Title: 5S4C,379,6/15/26 10:30,62.769,
Plot Title: 5S4C,380,6/15/26 10:45,65.167,
Plot Title: 5S4C,381,6/15/26 11:00,67.564,
Plot Title: 5S4C,382,6/15/26 11:15,70.137,
Plot Title: 5S4C,383,6/15/26 11:30,72.199,
Plot Title: 5S4C,384,6/15/26 11:45,74.271,
Plot Title: 5S4C,385,6/15/26 12:00,76.354,
Plot Title: 5S4C,386,6/15/26 12:15,77.4,
Plot Title: 5S4C,387,6/15/26 12:30,78.274,
Plot Title: 5S4C,388,6/15/26 12:45,78.975,
Plot Title: 5S4C,389,6/15/26 13:00,80.559,
Plot Title: 5S4C,390,6/15/26 13:15,81.975,
Plot Title: 5S4C,391,6/15/26 13:30,82.864,
Plot Title: 5S4C,392,6/15/26 13:45,80.382,
Plot Title: 5S4C,393,6/15/26 14:00,75.832,
Plot Title: 5S4C,394,6/15/26 14:15,73.753,
Plot Title: 5S4C,395,6/15/26 14:30,71.856,
Plot Title: 5S4C,396,6/15/26 14:45,70.48,
Plot Title: 5S4C,397,6/15/26 15:00,68.077,
Plot Title: 5S4C,398,6/15/26 15:15,66.193,
Plot Title: 5S4C,399,6/15/26 15:30,63.797,
Plot Title: 5S4C,400,6/15/26 15:45,62.083,
Plot Title: 5S4C,401,6/15/26 16:00,61.227,
Plot Title: 5S4C,402,6/15/26 16:15,60.368,
Plot Title: 5S4C,403,6/15/26 16:30,60.195,
Plot Title: 5S4C,404,6/15/26 16:45,60.024,
Plot Title: 5S4C,405,6/15/26 17:00,59.68,
Plot Title: 5S4C,406,6/15/26 17:15,59.164,
Plot Title: 5S4C,407,6/15/26 17:30,58.993,
Plot Title: 5S4C,408,6/15/26 17:45,58.476,
Plot Title: 5S4C,409,6/15/26 18:00,57.785,
Plot Title: 5S4C,410,6/15/26 18:15,57.096,
Plot Title: 5S4C,411,6/15/26 18:30,56.057,
Plot Title: 5S4C,412,6/15/26 18:45,54.669,
Plot Title: 5S4C,413,6/15/26 19:00,53.798,
Plot Title: 5S4C,414,6/15/26 19:15,52.75,
Plot Title: 5S4C,415,6/15/26 19:30,51.699,
Plot Title: 5S4C,416,6/15/26 19:45,50.995,
Plot Title: 5S4C,417,6/15/26 20:00,50.643,
Plot Title: 5S4C,418,6/15/26 20:15,50.113,
Plot Title: 5S4C,419,6/15/26 20:30,49.582,
Plot Title: 5S4C,420,6/15/26 20:45,48.871,
Plot Title: 5S4C,421,6/15/26 21:00,48.339,
Plot Title: 5S4C,422,6/15/26 21:15,47.982,
Plot Title: 5S4C,423,6/15/26 21:30,47.266,
Plot Title: 5S4C,424,6/15/26 21:45,46.728,
Plot Title: 5S4C,425,6/15/26 22:00,46.188,
Plot Title: 5S4C,426,6/15/26 22:15,46.008,
Plot Title: 5S4C,427,6/15/26 22:30,45.828,
Plot Title: 5S4C,428,6/15/26 22:45,45.466,
Plot Title: 5S4C,429,6/15/26 23:00,45.286,
Plot Title: 5S4C,430,6/15/26 23:15,45.286,
Plot Title: 5S4C,431,6/15/26 23:30,45.104,
Plot Title: 5S4C,432,6/15/26 23:45,44.922,
Plot Title: 5S4C,433,6/16/26 00:00,44.742,
Plot Title: 5S4C,434,6/16/26 00:15,44.742,
Plot Title: 5S4C,435,6/16/26 00:30,44.742,
Plot Title: 5S4C,436,6/16/26 00:45,44.56,
Plot Title: 5S4C,437,6/16/26 01:00,44.379,
Plot Title: 5S4C,438,6/16/26 01:15,43.831,
Plot Title: 5S4C,439,6/16/26 01:30,43.831,
Plot Title: 5S4C,440,6/16/26 01:45,43.831,
Plot Title: 5S4C,441,6/16/26 02:00,43.831,
Plot Title: 5S4C,442,6/16/26 02:15,43.831,
Plot Title: 5S4C,443,6/16/26 02:30,43.831,
Plot Title: 5S4C,444,6/16/26 02:45,43.648,
Plot Title: 5S4C,445,6/16/26 03:00,43.648,
Plot Title: 5S4C,446,6/16/26 03:15,43.282,
Plot Title: 5S4C,447,6/16/26 03:30,43.099,
Plot Title: 5S4C,448,6/16/26 03:45,42.548,
Plot Title: 5S4C,449,6/16/26 04:00,42.179,
Plot Title: 5S4C,450,6/16/26 04:15,41.625,
Plot Title: 5S4C,451,6/16/26 04:30,41.439,
Plot Title: 5S4C,452,6/16/26 04:45,41.067,
Plot Title: 5S4C,453,6/16/26 05:00,40.881,
Plot Title: 5S4C,454,6/16/26 05:15,40.509,
Plot Title: 5S4C,455,6/16/26 05:30,40.509,
Plot Title: 5S4C,456,6/16/26 05:45,40.509,
Plot Title: 5S4C,457,6/16/26 06:00,40.696,
Plot Title: 5S4C,458,6/16/26 06:15,40.881,
Plot Title: 5S4C,459,6/16/26 06:30,41.254,
Plot Title: 5S4C,460,6/16/26 06:45,41.625,
Plot Title: 5S4C,461,6/16/26 07:00,41.625,
Plot Title: 5S4C,462,6/16/26 07:15,41.81,
Plot Title: 5S4C,463,6/16/26 07:30,42.363,
Plot Title: 5S4C,464,6/16/26 07:45,44.013,
Plot Title: 5S4C,465,6/16/26 08:00,45.104,
Plot Title: 5S4C,466,6/16/26 08:15,44.742,
Plot Title: 5S4C,467,6/16/26 08:30,45.104,
Plot Title: 5S4C,468,6/16/26 08:45,45.104,
Plot Title: 5S4C,469,6/16/26 09:00,49.228,
Plot Title: 5S4C,470,6/16/26 09:15,53.274,
Plot Title: 5S4C,471,6/16/26 09:30,56.75,
Plot Title: 5S4C,472,6/16/26 09:45,60.195,
Plot Title: 5S4C,473,6/16/26 10:00,62.769,
Plot Title: 5S4C,474,6/16/26 10:15,64.996,
Plot Title: 5S4C,475,6/16/26 10:30,67.221,
Plot Title: 5S4C,476,6/16/26 10:45,69.107,
Plot Title: 5S4C,477,6/16/26 11:00,69.622,
Plot Title: 5S4C,478,6/16/26 11:15,70.651,
Plot Title: 5S4C,479,6/16/26 11:30,70.995,
Plot Title: 5S4C,480,6/16/26 11:45,71.683,
Plot Title: 5S4C,481,6/16/26 12:00,73.062,
Plot Title: 5S4C,482,6/16/26 12:15,72.545,
Plot Title: 5S4C,483,6/16/26 12:30,74.098,
Plot Title: 5S4C,484,6/16/26 12:45,77.574,
Plot Title: 5S4C,485,6/16/26 13:00,80.206,
Plot Title: 5S4C,486,6/16/26 13:15,81.975,
Plot Title: 5S4C,487,6/16/26 13:30,83.399,
Plot Title: 5S4C,488,6/16/26 13:45,82.864,
Plot Title: 5S4C,489,6/16/26 14:00,77.225,
Plot Title: 5S4C,490,6/16/26 14:15,74.964,
Plot Title: 5S4C,491,6/16/26 14:30,72.199,
Plot Title: 5S4C,492,6/16/26 14:45,68.763,
Plot Title: 5S4C,493,6/16/26 15:00,66.022,
Plot Title: 5S4C,494,6/16/26 15:15,64.31,
Plot Title: 5S4C,495,6/16/26 15:30,62.769,
Plot Title: 5S4C,496,6/16/26 15:45,61.569,
Plot Title: 5S4C,497,6/16/26 16:00,60.712,
Plot Title: 5S4C,498,6/16/26 16:15,59.851,
Plot Title: 5S4C,499,6/16/26 16:30,59.68,
Plot Title: 5S4C,500,6/16/26 16:45,58.993,
Plot Title: 5S4C,501,6/16/26 17:00,58.476,
Plot Title: 5S4C,502,6/16/26 17:15,57.958,
Plot Title: 5S4C,503,6/16/26 17:30,56.923,
Plot Title: 5S4C,504,6/16/26 17:45,56.23,
Plot Title: 5S4C,505,6/16/26 18:00,55.537,
Plot Title: 5S4C,506,6/16/26 18:15,54.842,
Plot Title: 5S4C,507,6/16/26 18:30,54.322,
Plot Title: 5S4C,508,6/16/26 18:45,53.973,
Plot Title: 5S4C,509,6/16/26 19:00,53.449,
Plot Title: 5S4C,510,6/16/26 19:15,53.1,
Plot Title: 5S4C,511,6/16/26 19:30,52.576,
Plot Title: 5S4C,512,6/16/26 19:45,52.05,
Plot Title: 5S4C,513,6/16/26 20:00,51.699,
Plot Title: 5S4C,514,6/16/26 20:15,51.346,
Plot Title: 5S4C,515,6/16/26 20:30,50.995,
Plot Title: 5S4C,516,6/16/26 20:45,50.466,
Plot Title: 5S4C,517,6/16/26 21:00,49.937,
Plot Title: 5S4C,518,6/16/26 21:15,49.582,
Plot Title: 5S4C,519,6/16/26 21:30,49.05,
Plot Title: 5S4C,520,6/16/26 21:45,48.517,
Plot Title: 5S4C,521,6/16/26 22:00,48.16,
Plot Title: 5S4C,522,6/16/26 22:15,47.802,
Plot Title: 5S4C,523,6/16/26 22:30,47.446,
Plot Title: 5S4C,524,6/16/26 22:45,47.088,
Plot Title: 5S4C,525,6/16/26 23:00,46.728,
Plot Title: 5S4C,526,6/16/26 23:15,46.369,
Plot Title: 5S4C,527,6/16/26 23:30,46.008,
Plot Title: 5S4C,528,6/16/26 23:45,45.828,
Plot Title: 5S4C,529,6/17/26 00:00,45.466,
Plot Title: 5S4C,530,6/17/26 00:15,45.104,
Plot Title: 5S4C,531,6/17/26 00:30,44.922,
Plot Title: 5S4C,532,6/17/26 00:45,44.742,
Plot Title: 5S4C,533,6/17/26 01:00,44.195,
Plot Title: 5S4C,534,6/17/26 01:15,43.831,
Plot Title: 5S4C,535,6/17/26 01:30,43.648,
Plot Title: 5S4C,536,6/17/26 01:45,43.282,
Plot Title: 5S4C,537,6/17/26 02:00,42.915,
Plot Title: 5S4C,538,6/17/26 02:15,43.099,
Plot Title: 5S4C,539,6/17/26 02:30,42.915,
Plot Title: 5S4C,540,6/17/26 02:45,42.548,
Plot Title: 5S4C,541,6/17/26 03:00,42.179,
Plot Title: 5S4C,542,6/17/26 03:15,41.81,
Plot Title: 5S4C,543,6/17/26 03:30,41.439,
Plot Title: 5S4C,544,6/17/26 03:45,41.067,
Plot Title: 5S4C,545,6/17/26 04:00,40.696,
Plot Title: 5S4C,546,6/17/26 04:15,40.509,
Plot Title: 5S4C,547,6/17/26 04:30,40.696,
Plot Title: 5S4C,548,6/17/26 04:45,41.067,
Plot Title: 5S4C,549,6/17/26 05:00,41.254,
Plot Title: 5S4C,550,6/17/26 05:15,41.439,
Plot Title: 5S4C,551,6/17/26 05:30,41.439,
Plot Title: 5S4C,552,6/17/26 05:45,41.254,
Plot Title: 5S4C,553,6/17/26 06:00,40.696,
Plot Title: 5S4C,554,6/17/26 06:15,40.696,
Plot Title: 5S4C,555,6/17/26 06:30,41.067,
Plot Title: 5S4C,556,6/17/26 06:45,41.254,
Plot Title: 5S4C,557,6/17/26 07:00,41.81,
Plot Title: 5S4C,558,6/17/26 07:15,42.363,
Plot Title: 5S4C,559,6/17/26 07:30,42.548,
Plot Title: 5S4C,560,6/17/26 07:45,44.013,
Plot Title: 5S4C,561,6/17/26 08:00,45.286,
Plot Title: 5S4C,562,6/17/26 08:15,44.742,
Plot Title: 5S4C,563,6/17/26 08:30,44.922,
Plot Title: 5S4C,564,6/17/26 08:45,44.742,
Plot Title: 5S4C,565,6/17/26 09:00,49.05,
Plot Title: 5S4C,566,6/17/26 09:15,53.623,
Plot Title: 5S4C,567,6/17/26 09:30,57.268,
Plot Title: 5S4C,568,6/17/26 09:45,60.539,
Plot Title: 5S4C,569,6/17/26 10:00,63.797,
Plot Title: 5S4C,570,6/17/26 10:15,67.05,
Plot Title: 5S4C,571,6/17/26 10:30,69.793,
Plot Title: 5S4C,572,6/17/26 10:45,72.199,
Plot Title: 5S4C,573,6/17/26 11:00,68.248,
Plot Title: 5S4C,574,6/17/26 11:15,72.028,
Plot Title: 5S4C,575,6/17/26 11:30,75.484,
Plot Title: 5S4C,576,6/17/26 11:45,77.749,
Plot Title: 5S4C,577,6/17/26 12:00,77.923,
Plot Title: 5S4C,578,6/17/26 12:15,78.098,
Plot Title: 5S4C,579,6/17/26 12:30,73.926,
Plot Title: 5S4C,580,6/17/26 12:45,68.763,
Plot Title: 5S4C,581,6/17/26 13:00,67.564,
Plot Title: 5S4C,582,6/17/26 13:15,65.851,
Plot Title: 5S4C,583,6/17/26 13:30,65.509,
Plot Title: 5S4C,584,6/17/26 13:45,64.31,
Plot Title: 5S4C,585,6/17/26 14:00,61.912,
Plot Title: 5S4C,586,6/17/26 14:15,60.539,
Plot Title: 5S4C,587,6/17/26 14:30,61.912,
Plot Title: 5S4C,588,6/17/26 14:45,61.398,
Plot Title: 5S4C,589,6/17/26 15:00,60.024,
Plot Title: 5S4C,590,6/17/26 15:15,58.303,
Plot Title: 5S4C,591,6/17/26 15:30,56.923,
Plot Title: 5S4C,592,6/17/26 15:45,56.404,
Plot Title: 5S4C,593,6/17/26 16:00,56.577,
Plot Title: 5S4C,594,6/17/26 16:15,57.096,
Plot Title: 5S4C,595,6/17/26 16:30,57.441,
Plot Title: 5S4C,596,6/17/26 16:45,56.404,
Plot Title: 5S4C,597,6/17/26 17:00,55.884,
Plot Title: 5S4C,598,6/17/26 17:15,55.017,
Plot Title: 5S4C,599,6/17/26 17:30,54.322,
Plot Title: 5S4C,600,6/17/26 17:45,53.798,
Plot Title: 5S4C,601,6/17/26 18:00,53.449,
Plot Title: 5S4C,602,6/17/26 18:15,52.925,
Plot Title: 5S4C,603,6/17/26 18:30,52.401,
Plot Title: 5S4C,604,6/17/26 18:45,52.05,
Plot Title: 5S4C,605,6/17/26 19:00,51.699,
Plot Title: 5S4C,606,6/17/26 19:15,51.346,
Plot Title: 5S4C,607,6/17/26 19:30,50.643,
Plot Title: 5S4C,608,6/17/26 19:45,50.113,
Plot Title: 5S4C,609,6/17/26 20:00,49.759,
Plot Title: 5S4C,610,6/17/26 20:15,49.228,
Plot Title: 5S4C,611,6/17/26 20:30,48.695,
Plot Title: 5S4C,612,6/17/26 20:45,48.339,
Plot Title: 5S4C,613,6/17/26 21:00,47.446,
Plot Title: 5S4C,614,6/17/26 21:15,46.908,
Plot Title: 5S4C,615,6/17/26 21:30,46.369,
Plot Title: 5S4C,616,6/17/26 21:45,45.648,
Plot Title: 5S4C,617,6/17/26 22:00,44.742,
Plot Title: 5S4C,618,6/17/26 22:15,44.013,
Plot Title: 5S4C,619,6/17/26 22:30,43.282,
Plot Title: 5S4C,620,6/17/26 22:45,42.732,
Plot Title: 5S4C,621,6/17/26 23:00,42.179,
Plot Title: 5S4C,622,6/17/26 23:15,41.625,
Plot Title: 5S4C,623,6/17/26 23:30,41.254,
Plot Title: 5S4C,624,6/17/26 23:45,40.696,
Plot Title: 5S4C,625,6/18/26 00:00,40.321,
Plot Title: 5S4C,626,6/18/26 00:15,39.947,
Plot Title: 5S4C,627,6/18/26 00:30,39.573,
Plot Title: 5S4C,628,6/18/26 00:45,39.196,
Plot Title: 5S4C,629,6/18/26 01:00,39.007,
Plot Title: 5S4C,630,6/18/26 01:15,38.629,
Plot Title: 5S4C,631,6/18/26 01:30,38.25,
Plot Title: 5S4C,632,6/18/26 01:45,37.87,
Plot Title: 5S4C,633,6/18/26 02:00,37.679,
Plot Title: 5S4C,634,6/18/26 02:15,37.488,
Plot Title: 5S4C,635,6/18/26 02:30,37.297,
Plot Title: 5S4C,636,6/18/26 02:45,37.107,
Plot Title: 5S4C,637,6/18/26 03:00,36.914,
Plot Title: 5S4C,638,6/18/26 03:15,36.914,
Plot Title: 5S4C,639,6/18/26 03:30,37.297,
Plot Title: 5S4C,640,6/18/26 03:45,37.297,
Plot Title: 5S4C,641,6/18/26 04:00,36.914,
Plot Title: 5S4C,642,6/18/26 04:15,37.297,
Plot Title: 5S4C,643,6/18/26 04:30,37.297,
Plot Title: 5S4C,644,6/18/26 04:45,37.297,
Plot Title: 5S4C,645,6/18/26 05:00,37.107,
Plot Title: 5S4C,646,6/18/26 05:15,36.914,
Plot Title: 5S4C,647,6/18/26 05:30,36.914,
Plot Title: 5S4C,648,6/18/26 05:45,36.723,
Plot Title: 5S4C,649,6/18/26 06:00,36.338,
Plot Title: 5S4C,650,6/18/26 06:15,36.145,
Plot Title: 5S4C,651,6/18/26 06:30,36.531,
Plot Title: 5S4C,652,6/18/26 06:45,37.297,
Plot Title: 5S4C,653,6/18/26 07:00,38.061,
Plot Title: 5S4C,654,6/18/26 07:15,39.007,
Plot Title: 5S4C,655,6/18/26 07:30,39.947,
Plot Title: 5S4C,656,6/18/26 07:45,41.439,
Plot Title: 5S4C,657,6/18/26 08:00,42.179,
Plot Title: 5S4C,658,6/18/26 08:15,42.179,
Plot Title: 5S4C,659,6/18/26 08:30,43.831,
Plot Title: 5S4C,660,6/18/26 08:45,45.104,
Plot Title: 5S4C,661,6/18/26 09:00,48.695,
Plot Title: 5S4C,662,6/18/26 09:15,51.874,
Plot Title: 5S4C,663,6/18/26 09:30,55.364,
Plot Title: 5S4C,664,6/18/26 09:45,59.508,
Plot Title: 5S4C,665,6/18/26 10:00,63.282,
Plot Title: 5S4C,666,6/18/26 10:15,64.31,
Plot Title: 5S4C,667,6/18/26 10:30,66.879,
Plot Title: 5S4C,668,6/18/26 10:45,64.31,
Plot Title: 5S4C,669,6/18/26 11:00,63.282,
Plot Title: 5S4C,670,6/18/26 11:15,69.622,
Plot Title: 5S4C,671,6/18/26 11:30,73.753,
Plot Title: 5S4C,672,6/18/26 11:45,69.622,
Plot Title: 5S4C,673,6/18/26 12:00,69.964,
Plot Title: 5S4C,674,6/18/26 12:15,76.181,
Plot Title: 5S4C,675,6/18/26 12:30,74.446,
Plot Title: 5S4C,676,6/18/26 12:45,79.678,
Plot Title: 5S4C,677,6/18/26 13:00,83.579,
Plot Title: 5S4C,678,6/18/26 13:15,78.975,
Plot Title: 5S4C,679,6/18/26 13:30,82.864,
Plot Title: 5S4C,680,6/18/26 13:45,78.449,
Plot Title: 5S4C,681,6/18/26 14:00,76.006,
Plot Title: 5S4C,682,6/18/26 14:15,74.619,
Plot Title: 5S4C,683,6/18/26 14:30,73.407,
Plot Title: 5S4C,684,6/18/26 14:45,70.995,
Plot Title: 5S4C,685,6/18/26 15:00,67.221,
Plot Title: 5S4C,686,6/18/26 15:15,64.31,
Plot Title: 5S4C,687,6/18/26 15:30,62.425,
Plot Title: 5S4C,688,6/18/26 15:45,60.883,
Plot Title: 5S4C,689,6/18/26 16:00,59.851,
Plot Title: 5S4C,690,6/18/26 16:15,58.82,
Plot Title: 5S4C,691,6/18/26 16:30,58.476,
Plot Title: 5S4C,692,6/18/26 16:45,57.785,
Plot Title: 5S4C,693,6/18/26 17:00,57.268,
Plot Title: 5S4C,694,6/18/26 17:15,56.75,
Plot Title: 5S4C,695,6/18/26 17:30,55.711,
Plot Title: 5S4C,696,6/18/26 17:45,54.842,
Plot Title: 5S4C,697,6/18/26 18:00,54.147,
Plot Title: 5S4C,698,6/18/26 18:15,53.449,
Plot Title: 5S4C,699,6/18/26 18:30,52.75,
Plot Title: 5S4C,700,6/18/26 18:45,52.225,
Plot Title: 5S4C,701,6/18/26 19:00,51.699,
Plot Title: 5S4C,702,6/18/26 19:15,50.995,
Plot Title: 5S4C,703,6/18/26 19:30,50.466,
Plot Title: 5S4C,704,6/18/26 19:45,49.937,
Plot Title: 5S4C,705,6/18/26 20:00,49.404,
Plot Title: 5S4C,706,6/18/26 20:15,48.871,
Plot Title: 5S4C,707,6/18/26 20:30,48.16,
Plot Title: 5S4C,708,6/18/26 20:45,47.624,
Plot Title: 5S4C,709,6/18/26 21:00,47.088,
Plot Title: 5S4C,710,6/18/26 21:15,46.548,
Plot Title: 5S4C,711,6/18/26 21:30,46.008,
Plot Title: 5S4C,712,6/18/26 21:45,45.466,
Plot Title: 5S4C,713,6/18/26 22:00,44.922,
Plot Title: 5S4C,714,6/18/26 22:15,44.56,
Plot Title: 5S4C,715,6/18/26 22:30,44.013,
Plot Title: 5S4C,716,6/18/26 22:45,43.648,
Plot Title: 5S4C,717,6/18/26 23:00,43.282,
Plot Title: 5S4C,718,6/18/26 23:15,42.915,
Plot Title: 5S4C,719,6/18/26 23:30,42.548,
Plot Title: 5S4C,720,6/18/26 23:45,42.363,
Plot Title: 5S4C,721,6/19/26 00:00,41.994,
Plot Title: 5S4C,722,6/19/26 00:15,41.625,
Plot Title: 5S4C,723,6/19/26 00:30,41.439,
Plot Title: 5S4C,724,6/19/26 00:45,41.067,
Plot Title: 5S4C,725,6/19/26 01:00,40.881,
Plot Title: 5S4C,726,6/19/26 01:15,40.509,
Plot Title: 5S4C,727,6/19/26 01:30,40.134,
Plot Title: 5S4C,728,6/19/26 01:45,39.76,
Plot Title: 5S4C,729,6/19/26 02:00,39.384,
Plot Title: 5S4C,730,6/19/26 02:15,39.007,
Plot Title: 5S4C,731,6/19/26 02:30,38.818,
Plot Title: 5S4C,732,6/19/26 02:45,38.44,
Plot Title: 5S4C,733,6/19/26 03:00,38.25,
Plot Title: 5S4C,734,6/19/26 03:15,37.87,
Plot Title: 5S4C,735,6/19/26 03:30,37.679,
Plot Title: 5S4C,736,6/19/26 03:45,37.488,
Plot Title: 5S4C,737,6/19/26 04:00,37.297,
Plot Title: 5S4C,738,6/19/26 04:15,37.297,
Plot Title: 5S4C,739,6/19/26 04:30,37.107,
Plot Title: 5S4C,740,6/19/26 04:45,36.914,
Plot Title: 5S4C,741,6/19/26 05:00,36.723,
Plot Title: 5S4C,742,6/19/26 05:15,36.531,
Plot Title: 5S4C,743,6/19/26 05:30,36.338,
Plot Title: 5S4C,744,6/19/26 05:45,36.338,
Plot Title: 5S4C,745,6/19/26 06:00,36.338,
Plot Title: 5S4C,746,6/19/26 06:15,36.531,
Plot Title: 5S4C,747,6/19/26 06:30,36.723,
Plot Title: 5S4C,748,6/19/26 06:45,36.914,
Plot Title: 5S4C,749,6/19/26 07:00,37.297,
Plot Title: 5S4C,750,6/19/26 07:15,37.87,
Plot Title: 5S4C,751,6/19/26 07:30,39.007,
Plot Title: 5S4C,752,6/19/26 07:45,41.254,
Plot Title: 5S4C,753,6/19/26 08:00,44.013,
Plot Title: 5S4C,754,6/19/26 08:15,44.56,
Plot Title: 5S4C,755,6/19/26 08:30,45.286,
Plot Title: 5S4C,756,6/19/26 08:45,45.648,
Plot Title: 5S4C,757,6/19/26 09:00,46.369,
Plot Title: 5S4C,758,6/19/26 09:15,48.871,
Plot Title: 5S4C,759,6/19/26 09:30,52.75,
Plot Title: 5S4C,760,6/19/26 09:45,54.322,
Plot Title: 5S4C,761,6/19/26 10:00,56.23,
Plot Title: 5S4C,762,6/19/26 10:15,56.577,
Plot Title: 5S4C,763,6/19/26 10:30,61.741,
Plot Title: 5S4C,764,6/19/26 10:45,67.05,
Plot Title: 5S4C,765,6/19/26 11:00,67.221,
Plot Title: 5S4C,766,6/19/26 11:15,67.564,
Plot Title: 5S4C,767,6/19/26 11:30,70.48,
Plot Title: 5S4C,768,6/19/26 11:45,74.271,
Plot Title: 5S4C,769,6/19/26 12:00,75.312,
Plot Title: 5S4C,770,6/19/26 12:15,74.964,
Plot Title: 5S4C,771,6/19/26 12:30,72.372,
Plot Title: 5S4C,772,6/19/26 12:45,69.449,
Plot Title: 5S4C,773,6/19/26 13:00,72.718,
Plot Title: 5S4C,774,6/19/26 13:15,77.4,
Plot Title: 5S4C,775,6/19/26 13:30,75.139,
Plot Title: 5S4C,776,6/19/26 13:45,76.876,
Plot Title: 5S4C,777,6/19/26 14:00,74.446,
Plot Title: 5S4C,778,6/19/26 14:15,71.339,
Plot Title: 5S4C,779,6/19/26 14:30,70.995,
Plot Title: 5S4C,780,6/19/26 14:45,69.793,
Plot Title: 5S4C,781,6/19/26 15:00,69.449,
Plot Title: 5S4C,782,6/19/26 15:15,68.763,
Plot Title: 5S4C,783,6/19/26 15:30,68.592,
Plot Title: 5S4C,784,6/19/26 15:45,67.392,
Plot Title: 5S4C,785,6/19/26 16:00,65.68,
Plot Title: 5S4C,786,6/19/26 16:15,65.68,
Plot Title: 5S4C,787,6/19/26 16:30,64.825,
Plot Title: 5S4C,788,6/19/26 16:45,64.139,
Plot Title: 5S4C,789,6/19/26 17:00,63.797,
Plot Title: 5S4C,790,6/19/26 17:15,63.626,
Plot Title: 5S4C,791,6/19/26 17:30,63.111,
Plot Title: 5S4C,792,6/19/26 17:45,61.741,
Plot Title: 5S4C,793,6/19/26 18:00,60.712,
Plot Title: 5S4C,794,6/19/26 18:15,60.195,
Plot Title: 5S4C,795,6/19/26 18:30,59.68,
Plot Title: 5S4C,796,6/19/26 18:45,58.82,
Plot Title: 5S4C,797,6/19/26 19:00,57.785,
Plot Title: 5S4C,798,6/19/26 19:15,56.75,
Plot Title: 5S4C,799,6/19/26 19:30,55.537,
Plot Title: 5S4C,800,6/19/26 19:45,54.495,
Plot Title: 5S4C,801,6/19/26 20:00,53.623,
Plot Title: 5S4C,802,6/19/26 20:15,52.925,
Plot Title: 5S4C,803,6/19/26 20:30,52.401,
Plot Title: 5S4C,804,6/19/26 20:45,52.05,
Plot Title: 5S4C,805,6/19/26 21:00,51.699,
Plot Title: 5S4C,806,6/19/26 21:15,51.523,
Plot Title: 5S4C,807,6/19/26 21:30,50.995,
Plot Title: 5S4C,808,6/19/26 21:45,50.643,
Plot Title: 5S4C,809,6/19/26 22:00,50.113,
Plot Title: 5S4C,810,6/19/26 22:15,49.937,
Plot Title: 5S4C,811,6/19/26 22:30,49.937,
Plot Title: 5S4C,812,6/19/26 22:45,49.759,
Plot Title: 5S4C,813,6/19/26 23:00,49.582,
Plot Title: 5S4C,814,6/19/26 23:15,49.404,
Plot Title: 5S4C,815,6/19/26 23:30,49.404,
Plot Title: 5S4C,816,6/19/26 23:45,49.228,
Plot Title: 5S4C,817,6/20/26 00:00,49.228,
Plot Title: 5S4C,818,6/20/26 00:15,49.05,
Plot Title: 5S4C,819,6/20/26 00:30,48.871,
Plot Title: 5S4C,820,6/20/26 00:45,48.339,
Plot Title: 5S4C,821,6/20/26 01:00,48.16,
Plot Title: 5S4C,822,6/20/26 01:15,47.982,
Plot Title: 5S4C,823,6/20/26 01:30,47.802,
Plot Title: 5S4C,824,6/20/26 01:45,47.802,
Plot Title: 5S4C,825,6/20/26 02:00,47.802,
Plot Title: 5S4C,826,6/20/26 02:15,47.802,
Plot Title: 5S4C,827,6/20/26 02:30,47.802,
Plot Title: 5S4C,828,6/20/26 02:45,47.624,
Plot Title: 5S4C,829,6/20/26 03:00,47.624,
Plot Title: 5S4C,830,6/20/26 03:15,47.446,
Plot Title: 5S4C,831,6/20/26 03:30,47.446,
Plot Title: 5S4C,832,6/20/26 03:45,47.446,
Plot Title: 5S4C,833,6/20/26 04:00,47.446,
Plot Title: 5S4C,834,6/20/26 04:15,47.446,
Plot Title: 5S4C,835,6/20/26 04:30,47.088,
Plot Title: 5S4C,836,6/20/26 04:45,46.728,
Plot Title: 5S4C,837,6/20/26 05:00,46.548,
Plot Title: 5S4C,838,6/20/26 05:15,46.369,
Plot Title: 5S4C,839,6/20/26 05:30,46.369,
Plot Title: 5S4C,840,6/20/26 05:45,46.188,
Plot Title: 5S4C,841,6/20/26 06:00,46.369,
Plot Title: 5S4C,842,6/20/26 06:15,46.369,
Plot Title: 5S4C,843,6/20/26 06:30,46.548,
Plot Title: 5S4C,844,6/20/26 06:45,46.728,
Plot Title: 5S4C,845,6/20/26 07:00,47.266,
Plot Title: 5S4C,846,6/20/26 07:15,47.266,
Plot Title: 5S4C,847,6/20/26 07:30,47.446,
Plot Title: 5S4C,848,6/20/26 07:45,47.446,
Plot Title: 5S4C,849,6/20/26 08:00,47.624,
Plot Title: 5S4C,850,6/20/26 08:15,47.624,
Plot Title: 5S4C,851,6/20/26 08:30,47.446,
Plot Title: 5S4C,852,6/20/26 08:45,47.266,
Plot Title: 5S4C,853,6/20/26 09:00,47.266,
Plot Title: 5S4C,854,6/20/26 09:15,47.266,
Plot Title: 5S4C,855,6/20/26 09:30,47.982,
Plot Title: 5S4C,856,6/20/26 09:45,49.228,
Plot Title: 5S4C,857,6/20/26 10:00,50.29,
Plot Title: 5S4C,858,6/20/26 10:15,50.113,
Plot Title: 5S4C,859,6/20/26 10:30,49.228,
Plot Title: 5S4C,860,6/20/26 10:45,49.404,
Plot Title: 5S4C,861,6/20/26 11:00,49.582,
Plot Title: 5S4C,862,6/20/26 11:15,50.113,
Plot Title: 5S4C,863,6/20/26 11:30,50.819,
Plot Title: 5S4C,864,6/20/26 11:45,50.113,
Plot Title: 5S4C,865,6/20/26 12:00,49.404,
Plot Title: 5S4C,866,6/20/26 12:15,50.819,
Plot Title: 5S4C,867,6/20/26 12:30,51.699,
Plot Title: 5S4C,868,6/20/26 12:45,52.576,
Plot Title: 5S4C,869,6/20/26 13:00,53.274,
Plot Title: 5S4C,870,6/20/26 13:15,54.322,
Plot Title: 5S4C,871,6/20/26 13:30,56.057,
Plot Title: 5S4C,872,6/20/26 13:45,56.923,
Plot Title: 5S4C,873,6/20/26 14:00,56.23,
Plot Title: 5S4C,874,6/20/26 14:15,56.057,
Plot Title: 5S4C,875,6/20/26 14:30,56.577,
Plot Title: 5S4C,876,6/20/26 14:45,55.017,
Plot Title: 5S4C,877,6/20/26 15:00,52.05,
Plot Title: 5S4C,878,6/20/26 15:15,49.937,
Plot Title: 5S4C,879,6/20/26 15:30,48.517,
Plot Title: 5S4C,880,6/20/26 15:45,47.802,
Plot Title: 5S4C,881,6/20/26 16:00,47.446,
Plot Title: 5S4C,882,6/20/26 16:15,47.624,
Plot Title: 5S4C,883,6/20/26 16:30,47.088,
Plot Title: 5S4C,884,6/20/26 16:45,46.728,
Plot Title: 5S4C,885,6/20/26 17:00,46.188,
Plot Title: 5S4C,886,6/20/26 17:15,45.828,
Plot Title: 5S4C,887,6/20/26 17:30,45.648,
Plot Title: 5S4C,888,6/20/26 17:45,45.648,
Plot Title: 5S4C,889,6/20/26 18:00,45.648,
Plot Title: 5S4C,890,6/20/26 18:15,45.648,
Plot Title: 5S4C,891,6/20/26 18:30,45.466,
Plot Title: 5S4C,892,6/20/26 18:45,45.104,
Plot Title: 5S4C,893,6/20/26 19:00,44.922,
Plot Title: 5S4C,894,6/20/26 19:15,44.742,
Plot Title: 5S4C,895,6/20/26 19:30,44.56,
Plot Title: 5S4C,896,6/20/26 19:45,44.56,
Plot Title: 5S4C,897,6/20/26 20:00,44.379,
Plot Title: 5S4C,898,6/20/26 20:15,44.379,
Plot Title: 5S4C,899,6/20/26 20:30,44.379,
Plot Title: 5S4C,900,6/20/26 20:45,44.379,
Plot Title: 5S4C,901,6/20/26 21:00,44.379,
Plot Title: 5S4C,902,6/20/26 21:15,44.195,
Plot Title: 5S4C,903,6/20/26 21:30,43.831,
Plot Title: 5S4C,904,6/20/26 21:45,43.648,
Plot Title: 5S4C,905,6/20/26 22:00,43.466,
Plot Title: 5S4C,906,6/20/26 22:15,43.282,
Plot Title: 5S4C,907,6/20/26 22:30,43.099,
Plot Title: 5S4C,908,6/20/26 22:45,42.915,
Plot Title: 5S4C,909,6/20/26 23:00,42.732,
Plot Title: 5S4C,910,6/20/26 23:15,42.363,
Plot Title: 5S4C,911,6/20/26 23:30,41.994,
Plot Title: 5S4C,912,6/20/26 23:45,41.81,
Plot Title: 5S4C,913,6/21/26 00:00,41.81,
Plot Title: 5S4C,914,6/21/26 00:15,41.81,
Plot Title: 5S4C,915,6/21/26 00:30,41.81,
Plot Title: 5S4C,916,6/21/26 00:45,41.994,
Plot Title: 5S4C,917,6/21/26 01:00,41.994,
Plot Title: 5S4C,918,6/21/26 01:15,41.994,
Plot Title: 5S4C,919,6/21/26 01:30,42.179,
Plot Title: 5S4C,920,6/21/26 01:45,42.179,
Plot Title: 5S4C,921,6/21/26 02:00,42.179,
Plot Title: 5S4C,922,6/21/26 02:15,41.994,
Plot Title: 5S4C,923,6/21/26 02:30,41.81,
Plot Title: 5S4C,924,6/21/26 02:45,41.625,
Plot Title: 5S4C,925,6/21/26 03:00,41.625,
Plot Title: 5S4C,926,6/21/26 03:15,41.81,
Plot Title: 5S4C,927,6/21/26 03:30,41.81,
Plot Title: 5S4C,928,6/21/26 03:45,41.625,
Plot Title: 5S4C,929,6/21/26 04:00,41.81,
Plot Title: 5S4C,930,6/21/26 04:15,41.81,
Plot Title: 5S4C,931,6/21/26 04:30,41.81,
Plot Title: 5S4C,932,6/21/26 04:45,41.625,
Plot Title: 5S4C,933,6/21/26 05:00,41.625,
Plot Title: 5S4C,934,6/21/26 05:15,41.439,
Plot Title: 5S4C,935,6/21/26 05:30,41.254,
Plot Title: 5S4C,936,6/21/26 05:45,41.067,
Plot Title: 5S4C,937,6/21/26 06:00,41.254,
Plot Title: 5S4C,938,6/21/26 06:15,41.439,
Plot Title: 5S4C,939,6/21/26 06:30,41.625,
Plot Title: 5S4C,940,6/21/26 06:45,41.81,
Plot Title: 5S4C,941,6/21/26 07:00,42.915,
Plot Title: 5S4C,942,6/21/26 07:15,43.099,
Plot Title: 5S4C,943,6/21/26 07:30,43.282,
Plot Title: 5S4C,944,6/21/26 07:45,44.195,
Plot Title: 5S4C,945,6/21/26 08:00,44.379,
Plot Title: 5S4C,946,6/21/26 08:15,44.56,
Plot Title: 5S4C,947,6/21/26 08:30,44.922,
Plot Title: 5S4C,948,6/21/26 08:45,45.648,
Plot Title: 5S4C,949,6/21/26 09:00,46.008,
Plot Title: 5S4C,950,6/21/26 09:15,46.369,
Plot Title: 5S4C,951,6/21/26 09:30,46.908,
Plot Title: 5S4C,952,6/21/26 09:45,53.449,
Plot Title: 5S4C,953,6/21/26 10:00,53.449,
Plot Title: 5S4C,954,6/21/26 10:15,50.995,
Plot Title: 5S4C,955,6/21/26 10:30,55.711,
Plot Title: 5S4C,956,6/21/26 10:45,59.164,
Plot Title: 5S4C,957,6/21/26 11:00,59.851,
Plot Title: 5S4C,958,6/21/26 11:15,56.75,
Plot Title: 5S4C,959,6/21/26 11:30,55.364,
Plot Title: 5S4C,960,6/21/26 11:45,62.083,
Plot Title: 5S4C,961,6/21/26 12:00,68.592,
Plot Title: 5S4C,962,6/21/26 12:15,69.622,
Plot Title: 5S4C,963,6/21/26 12:30,69.449,
Plot Title: 5S4C,964,6/21/26 12:45,75.139,
Plot Title: 5S4C,965,6/21/26 13:00,77.923,
Plot Title: 5S4C,966,6/21/26 13:15,76.354,
Plot Title: 5S4C,967,6/21/26 13:30,77.4,
Plot Title: 5S4C,968,6/21/26 13:45,75.484,
Plot Title: 5S4C,969,6/21/26 14:00,72.372,
Plot Title: 5S4C,970,6/21/26 14:15,70.308,
Plot Title: 5S4C,971,6/21/26 14:30,67.906,
Plot Title: 5S4C,972,6/21/26 14:45,66.193,
Plot Title: 5S4C,973,6/21/26 15:00,63.282,
Plot Title: 5S4C,974,6/21/26 15:15,61.569,
Plot Title: 5S4C,975,6/21/26 15:30,60.024,
Plot Title: 5S4C,976,6/21/26 15:45,58.303,
Plot Title: 5S4C,977,6/21/26 16:00,57.958,
Plot Title: 5S4C,978,6/21/26 16:15,57.614,
Plot Title: 5S4C,979,6/21/26 16:30,57.958,
Plot Title: 5S4C,980,6/21/26 16:45,57.096,
Plot Title: 5S4C,981,6/21/26 17:00,56.75,
Plot Title: 5S4C,982,6/21/26 17:15,56.404,
Plot Title: 5S4C,983,6/21/26 17:30,55.537,
Plot Title: 5S4C,984,6/21/26 17:45,54.669,
Plot Title: 5S4C,985,6/21/26 18:00,53.973,
Plot Title: 5S4C,986,6/21/26 18:15,53.623,
Plot Title: 5S4C,987,6/21/26 18:30,52.401,
Plot Title: 5S4C,988,6/21/26 18:45,51.523,
Plot Title: 5S4C,989,6/21/26 19:00,50.819,
Plot Title: 5S4C,990,6/21/26 19:15,50.819,
Plot Title: 5S4C,991,6/21/26 19:30,50.995,
Plot Title: 5S4C,992,6/21/26 19:45,50.995,
Plot Title: 5S4C,993,6/21/26 20:00,50.995,
Plot Title: 5S4C,994,6/21/26 20:15,50.819,
Plot Title: 5S4C,995,6/21/26 20:30,50.113,
Plot Title: 5S4C,996,6/21/26 20:45,49.404,
Plot Title: 5S4C,997,6/21/26 21:00,49.05,
Plot Title: 5S4C,998,6/21/26 21:15,48.695,
Plot Title: 5S4C,999,6/21/26 21:30,47.802,
Plot Title: 5S4C,1000,6/21/26 21:45,47.088,
Plot Title: 5S4C,1001,6/21/26 22:00,46.728,
Plot Title: 5S4C,1002,6/21/26 22:15,46.008,
Plot Title: 5S4C,1003,6/21/26 22:30,45.466,
Plot Title: 5S4C,1004,6/21/26 22:45,44.742,
Plot Title: 5S4C,1005,6/21/26 23:00,44.195,
Plot Title: 5S4C,1006,6/21/26 23:15,43.648,
Plot Title: 5S4C,1007,6/21/26 23:30,43.282,
Plot Title: 5S4C,1008,6/21/26 23:45,42.732,
Plot Title: 5S4C,1009,6/22/26 00:00,42.363,
Plot Title: 5S4C,1010,6/22/26 00:15,42.179,
Plot Title: 5S4C,1011,6/22/26 00:30,41.994,
Plot Title: 5S4C,1012,6/22/26 00:45,41.625,
Plot Title: 5S4C,1013,6/22/26 01:00,41.254,
Plot Title: 5S4C,1014,6/22/26 01:15,41.067,
Plot Title: 5S4C,1015,6/22/26 01:30,40.881,
Plot Title: 5S4C,1016,6/22/26 01:45,40.696,
Plot Title: 5S4C,1017,6/22/26 02:00,40.509,
Plot Title: 5S4C,1018,6/22/26 02:15,40.696,
Plot Title: 5S4C,1019,6/22/26 02:30,40.696,
Plot Title: 5S4C,1020,6/22/26 02:45,40.321,
Plot Title: 5S4C,1021,6/22/26 03:00,39.947,
Plot Title: 5S4C,1022,6/22/26 03:15,39.76,
Plot Title: 5S4C,1023,6/22/26 03:30,39.573,
Plot Title: 5S4C,1024,6/22/26 03:45,39.384,
Plot Title: 5S4C,1025,6/22/26 04:00,39.384,
Plot Title: 5S4C,1026,6/22/26 04:15,39.196,
Plot Title: 5S4C,1027,6/22/26 04:30,39.007,
Plot Title: 5S4C,1028,6/22/26 04:45,38.818,
Plot Title: 5S4C,1029,6/22/26 05:00,38.629,
Plot Title: 5S4C,1030,6/22/26 05:15,38.44,
Plot Title: 5S4C,1031,6/22/26 05:30,38.818,
Plot Title: 5S4C,1032,6/22/26 05:45,38.818,
Plot Title: 5S4C,1033,6/22/26 06:00,39.007,
Plot Title: 5S4C,1034,6/22/26 06:15,39.196,
Plot Title: 5S4C,1035,6/22/26 06:30,39.384,
Plot Title: 5S4C,1036,6/22/26 06:45,39.573,
Plot Title: 5S4C,1037,6/22/26 07:00,39.947,
Plot Title: 5S4C,1038,6/22/26 07:15,40.321,
Plot Title: 5S4C,1039,6/22/26 07:30,40.881,
Plot Title: 5S4C,1040,6/22/26 07:45,43.282,
Plot Title: 5S4C,1041,6/22/26 08:00,45.104,
Plot Title: 5S4C,1042,6/22/26 08:15,44.922,
Plot Title: 5S4C,1043,6/22/26 08:30,45.828,
Plot Title: 5S4C,1044,6/22/26 08:45,46.008,
Plot Title: 5S4C,1045,6/22/26 09:00,49.759,
Plot Title: 5S4C,1046,6/22/26 09:15,55.537,
Plot Title: 5S4C,1047,6/22/26 09:30,60.024,
Plot Title: 5S4C,1048,6/22/26 09:45,63.455,
Plot Title: 5S4C,1049,6/22/26 10:00,63.968,
Plot Title: 5S4C,1050,6/22/26 10:15,65.509,
Plot Title: 5S4C,1051,6/22/26 10:30,65.338,
Plot Title: 5S4C,1052,6/22/26 10:45,66.193,
Plot Title: 5S4C,1053,6/22/26 11:00,66.366,
Plot Title: 5S4C,1054,6/22/26 11:15,65.68,
Plot Title: 5S4C,1055,6/22/26 11:30,66.022,
Plot Title: 5S4C,1056,6/22/26 11:45,62.94,
Plot Title: 5S4C,1057,6/22/26 12:00,63.455,
Plot Title: 5S4C,1058,6/22/26 12:15,67.05,
Plot Title: 5S4C,1059,6/22/26 12:30,66.193,
Plot Title: 5S4C,1060,6/22/26 12:45,64.139,
Plot Title: 5S4C,1061,6/22/26 13:00,67.564,
Plot Title: 5S4C,1062,6/22/26 13:15,67.735,
Plot Title: 5S4C,1063,6/22/26 13:30,73.234,
Plot Title: 5S4C,1064,6/22/26 13:45,73.234,
Plot Title: 5S4C,1065,6/22/26 14:00,69.793,
Plot Title: 5S4C,1066,6/22/26 14:15,67.564,
Plot Title: 5S4C,1067,6/22/26 14:30,67.05,
Plot Title: 5S4C,1068,6/22/26 14:45,64.825,
Plot Title: 5S4C,1069,6/22/26 15:00,63.282,
Plot Title: 5S4C,1070,6/22/26 15:15,63.111,
Plot Title: 5S4C,1071,6/22/26 15:30,61.912,
Plot Title: 5S4C,1072,6/22/26 15:45,61.227,
Plot Title: 5S4C,1073,6/22/26 16:00,60.883,
Plot Title: 5S4C,1074,6/22/26 16:15,60.539,
Plot Title: 5S4C,1075,6/22/26 16:30,60.195,
Plot Title: 5S4C,1076,6/22/26 16:45,58.82,
Plot Title: 5S4C,1077,6/22/26 17:00,57.614,
Plot Title: 5S4C,1078,6/22/26 17:15,57.614,
Plot Title: 5S4C,1079,6/22/26 17:30,57.268,
Plot Title: 5S4C,1080,6/22/26 17:45,56.75,
Plot Title: 5S4C,1081,6/22/26 18:00,56.057,
Plot Title: 5S4C,1082,6/22/26 18:15,55.189,
Plot Title: 5S4C,1083,6/22/26 18:30,54.147,
Plot Title: 5S4C,1084,6/22/26 18:45,53.1,
Plot Title: 5S4C,1085,6/22/26 19:00,52.225,
Plot Title: 5S4C,1086,6/22/26 19:15,51.346,
Plot Title: 5S4C,1087,6/22/26 19:30,50.466,
Plot Title: 5S4C,1088,6/22/26 19:45,50.113,
Plot Title: 5S4C,1089,6/22/26 20:00,49.582,
Plot Title: 5S4C,1090,6/22/26 20:15,48.871,
Plot Title: 5S4C,1091,6/22/26 20:30,48.339,
Plot Title: 5S4C,1092,6/22/26 20:45,47.982,
Plot Title: 5S4C,1093,6/22/26 21:00,47.266,
Plot Title: 5S4C,1094,6/22/26 21:15,46.548,
Plot Title: 5S4C,1095,6/22/26 21:30,45.828,
Plot Title: 5S4C,1096,6/22/26 21:45,44.742,
Plot Title: 5S4C,1097,6/22/26 22:00,43.831,
Plot Title: 5S4C,1098,6/22/26 22:15,43.099,
Plot Title: 5S4C,1099,6/22/26 22:30,42.548,
Plot Title: 5S4C,1100,6/22/26 22:45,41.994,
Plot Title: 5S4C,1101,6/22/26 23:00,41.439,
Plot Title: 5S4C,1102,6/22/26 23:15,41.067,
Plot Title: 5S4C,1103,6/22/26 23:30,40.696,
Plot Title: 5S4C,1104,6/22/26 23:45,40.134,
Plot Title: 5S4C,1105,6/23/26 00:00,39.76,
Plot Title: 5S4C,1106,6/23/26 00:15,39.384,
Plot Title: 5S4C,1107,6/23/26 00:30,39.007,
Plot Title: 5S4C,1108,6/23/26 00:45,38.629,
Plot Title: 5S4C,1109,6/23/26 01:00,38.25,
Plot Title: 5S4C,1110,6/23/26 01:15,37.87,
Plot Title: 5S4C,1111,6/23/26 01:30,37.488,
Plot Title: 5S4C,1112,6/23/26 01:45,37.297,
Plot Title: 5S4C,1113,6/23/26 02:00,37.107,
Plot Title: 5S4C,1114,6/23/26 02:15,36.914,
Plot Title: 5S4C,1115,6/23/26 02:30,36.723,
Plot Title: 5S4C,1116,6/23/26 02:45,36.531,
Plot Title: 5S4C,1117,6/23/26 03:00,36.338,
Plot Title: 5S4C,1118,6/23/26 03:15,36.145,
Plot Title: 5S4C,1119,6/23/26 03:30,35.951,
Plot Title: 5S4C,1120,6/23/26 03:45,35.758,
Plot Title: 5S4C,1121,6/23/26 04:00,35.564,
Plot Title: 5S4C,1122,6/23/26 04:15,35.564,
Plot Title: 5S4C,1123,6/23/26 04:30,35.564,
Plot Title: 5S4C,1124,6/23/26 04:45,35.37,
Plot Title: 5S4C,1125,6/23/26 05:00,35.37,
Plot Title: 5S4C,1126,6/23/26 05:15,35.175,
Plot Title: 5S4C,1127,6/23/26 05:30,35.175,
Plot Title: 5S4C,1128,6/23/26 05:45,35.175,
Plot Title: 5S4C,1129,6/23/26 06:00,34.981,
Plot Title: 5S4C,1130,6/23/26 06:15,34.981,
Plot Title: 5S4C,1131,6/23/26 06:30,34.981,
Plot Title: 5S4C,1132,6/23/26 06:45,34.981,
Plot Title: 5S4C,1133,6/23/26 07:00,34.981,
Plot Title: 5S4C,1134,6/23/26 07:15,35.175,
Plot Title: 5S4C,1135,6/23/26 07:30,35.758,
Plot Title: 5S4C,1136,6/23/26 07:45,38.629,
Plot Title: 5S4C,1137,6/23/26 08:00,40.881,
Plot Title: 5S4C,1138,6/23/26 08:15,40.881,
Plot Title: 5S4C,1139,6/23/26 08:30,41.81,
Plot Title: 5S4C,1140,6/23/26 08:45,41.81,
Plot Title: 5S4C,1141,6/23/26 09:00,47.266,
Plot Title: 5S4C,1142,6/23/26 09:15,52.75,
Plot Title: 5S4C,1143,6/23/26 09:30,56.923,
Plot Title: 5S4C,1144,6/23/26 09:45,60.195,
Plot Title: 5S4C,1145,6/23/26 10:00,63.455,
Plot Title: 5S4C,1146,6/23/26 10:15,66.366,
Plot Title: 5S4C,1147,6/23/26 10:30,69.278,
Plot Title: 5S4C,1148,6/23/26 10:45,72.372,
Plot Title: 5S4C,1149,6/23/26 11:00,75.139,
Plot Title: 5S4C,1150,6/23/26 11:15,77.923,
Plot Title: 5S4C,1151,6/23/26 11:30,80.206,
Plot Title: 5S4C,1152,6/23/26 11:45,82.686,
Plot Title: 5S4C,1153,6/23/26 12:00,83.935,
Plot Title: 5S4C,1154,6/23/26 12:15,86.277,
Plot Title: 5S4C,1155,6/23/26 12:30,88.099,
Plot Title: 5S4C,1156,6/23/26 12:45,89.569,
Plot Title: 5S4C,1157,6/23/26 13:00,90.867,
Plot Title: 5S4C,1158,6/23/26 13:15,91.987,
Plot Title: 5S4C,1159,6/23/26 13:30,93.115,
Plot Title: 5S4C,1160,6/23/26 13:45,90.68,
Plot Title: 5S4C,1161,6/23/26 14:00,83.579,
Plot Title: 5S4C,1162,6/23/26 14:15,80.735,
Plot Title: 5S4C,1163,6/23/26 14:30,78.098,
Plot Title: 5S4C,1164,6/23/26 14:45,74.791,
Plot Title: 5S4C,1165,6/23/26 15:00,70.48,
Plot Title: 5S4C,1166,6/23/26 15:15,67.392,
Plot Title: 5S4C,1167,6/23/26 15:30,65.167,
Plot Title: 5S4C,1168,6/23/26 15:45,63.626,
Plot Title: 5S4C,1169,6/23/26 16:00,62.425,
Plot Title: 5S4C,1170,6/23/26 16:15,61.398,
Plot Title: 5S4C,1171,6/23/26 16:30,60.883,
Plot Title: 5S4C,1172,6/23/26 16:45,60.195,
Plot Title: 5S4C,1173,6/23/26 17:00,59.508,
Plot Title: 5S4C,1174,6/23/26 17:15,58.993,
Plot Title: 5S4C,1175,6/23/26 17:30,58.131,
Plot Title: 5S4C,1176,6/23/26 17:45,57.268,
Plot Title: 5S4C,1177,6/23/26 18:00,56.404,
Plot Title: 5S4C,1178,6/23/26 18:15,55.711,
Plot Title: 5S4C,1179,6/23/26 18:30,54.842,
Plot Title: 5S4C,1180,6/23/26 18:45,53.973,
Plot Title: 5S4C,1181,6/23/26 19:00,53.449,
Plot Title: 5S4C,1182,6/23/26 19:15,52.75,
Plot Title: 5S4C,1183,6/23/26 19:30,52.05,
Plot Title: 5S4C,1184,6/23/26 19:45,51.523,
Plot Title: 5S4C,1185,6/23/26 20:00,50.995,
Plot Title: 5S4C,1186,6/23/26 20:15,50.466,
Plot Title: 5S4C,1187,6/23/26 20:30,49.759,
Plot Title: 5S4C,1188,6/23/26 20:45,49.228,
Plot Title: 5S4C,1189,6/23/26 21:00,48.695,
Plot Title: 5S4C,1190,6/23/26 21:15,48.16,
Plot Title: 5S4C,1191,6/23/26 21:30,47.624,
Plot Title: 5S4C,1192,6/23/26 21:45,47.088,
Plot Title: 5S4C,1193,6/23/26 22:00,46.728,
Plot Title: 5S4C,1194,6/23/26 22:15,46.188,
Plot Title: 5S4C,1195,6/23/26 22:30,45.828,
Plot Title: 5S4C,1196,6/23/26 22:45,45.466,
Plot Title: 5S4C,1197,6/23/26 23:00,45.286,
Plot Title: 5S4C,1198,6/23/26 23:15,45.104,
Plot Title: 5S4C,1199,6/23/26 23:30,44.742,
Plot Title: 5S4C,1200,6/23/26 23:45,44.379,
Plot Title: 5S4C,1201,6/24/26 00:00,44.195,
Plot Title: 5S4C,1202,6/24/26 00:15,43.831,
Plot Title: 5S4C,1203,6/24/26 00:30,43.466,
Plot Title: 5S4C,1204,6/24/26 00:45,43.466,
Plot Title: 5S4C,1205,6/24/26 01:00,43.466,
Plot Title: 5S4C,1206,6/24/26 01:15,43.466,
Plot Title: 5S4C,1207,6/24/26 01:30,43.648,
Plot Title: 5S4C,1208,6/24/26 01:45,43.466,
Plot Title: 5S4C,1209,6/24/26 02:00,43.466,
Plot Title: 5S4C,1210,6/24/26 02:15,43.466,
Plot Title: 5S4C,1211,6/24/26 02:30,43.466,
Plot Title: 5S4C,1212,6/24/26 02:45,42.732,
Plot Title: 5S4C,1213,6/24/26 03:00,42.363,
Plot Title: 5S4C,1214,6/24/26 03:15,41.994,
Plot Title: 5S4C,1215,6/24/26 03:30,41.81,
Plot Title: 5S4C,1216,6/24/26 03:45,41.625,
Plot Title: 5S4C,1217,6/24/26 04:00,41.439,
Plot Title: 5S4C,1218,6/24/26 04:15,41.067,
Plot Title: 5S4C,1219,6/24/26 04:30,41.067,
Plot Title: 5S4C,1220,6/24/26 04:45,41.067,
Plot Title: 5S4C,1221,6/24/26 05:00,41.254,
Plot Title: 5S4C,1222,6/24/26 05:15,41.625,
Plot Title: 5S4C,1223,6/24/26 05:30,41.067,
Plot Title: 5S4C,1224,6/24/26 05:45,40.881,
Plot Title: 5S4C,1225,6/24/26 06:00,40.509,
Plot Title: 5S4C,1226,6/24/26 06:15,40.321,
Plot Title: 5S4C,1227,6/24/26 06:30,40.134,
Plot Title: 5S4C,1228,6/24/26 06:45,40.321,
Plot Title: 5S4C,1229,6/24/26 07:00,40.696,
Plot Title: 5S4C,1230,6/24/26 07:15,40.881,
Plot Title: 5S4C,1231,6/24/26 07:30,41.625,
Plot Title: 5S4C,1232,6/24/26 07:45,44.013,
Plot Title: 5S4C,1233,6/24/26 08:00,45.466,
Plot Title: 5S4C,1234,6/24/26 08:15,46.008,
Plot Title: 5S4C,1235,6/24/26 08:30,46.548,
Plot Title: 5S4C,1236,6/24/26 08:45,46.728,
Plot Title: 5S4C,1237,6/24/26 09:00,51.346,
Plot Title: 5S4C,1238,6/24/26 09:15,57.096,
Plot Title: 5S4C,1239,6/24/26 09:30,61.227,
Plot Title: 5S4C,1240,6/24/26 09:45,64.996,
Plot Title: 5S4C,1241,6/24/26 10:00,68.248,
Plot Title: 5S4C,1242,6/24/26 10:15,71.339,
Plot Title: 5S4C,1243,6/24/26 10:30,74.446,
Plot Title: 5S4C,1244,6/24/26 10:45,77.4,
Plot Title: 5S4C,1245,6/24/26 11:00,80.382,
Plot Title: 5S4C,1246,6/24/26 11:15,82.864,
Plot Title: 5S4C,1247,6/24/26 11:30,85.194,
Plot Title: 5S4C,1248,6/24/26 11:45,84.115,
Plot Title: 5S4C,1249,6/24/26 12:00,86.823,
Plot Title: 5S4C,1250,6/24/26 12:15,90.124,
Plot Title: 5S4C,1251,6/24/26 12:30,92.363,
Plot Title: 5S4C,1252,6/24/26 12:45,94.444,
Plot Title: 5S4C,1253,6/24/26 13:00,95.976,
Plot Title: 5S4C,1254,6/24/26 13:15,97.916,
Plot Title: 5S4C,1255,6/24/26 13:30,99.093,
Plot Title: 5S4C,1256,6/24/26 13:45,96.555,
Plot Title: 5S4C,1257,6/24/26 14:00,89.938,
Plot Title: 5S4C,1258,6/24/26 14:15,87.368,
Plot Title: 5S4C,1259,6/24/26 14:30,84.295,
Plot Title: 5S4C,1260,6/24/26 14:45,81.442,
Plot Title: 5S4C,1261,6/24/26 15:00,78.624,
Plot Title: 5S4C,1262,6/24/26 15:15,76.703,
Plot Title: 5S4C,1263,6/24/26 15:30,75.659,
Plot Title: 5S4C,1264,6/24/26 15:45,74.271,
Plot Title: 5S4C,1265,6/24/26 16:00,73.407,
Plot Title: 5S4C,1266,6/24/26 16:15,72.028,
Plot Title: 5S4C,1267,6/24/26 16:30,70.824,
Plot Title: 5S4C,1268,6/24/26 16:45,69.793,
Plot Title: 5S4C,1269,6/24/26 17:00,68.934,
Plot Title: 5S4C,1270,6/24/26 17:15,67.564,
Plot Title: 5S4C,1271,6/24/26 17:30,66.537,
Plot Title: 5S4C,1272,6/24/26 17:45,65.167,
Plot Title: 5S4C,1273,6/24/26 18:00,63.626,
Plot Title: 5S4C,1274,6/24/26 18:15,62.254,
Plot Title: 5S4C,1275,6/24/26 18:30,61.912,
Plot Title: 5S4C,1276,6/24/26 18:45,61.398,
Plot Title: 5S4C,1277,6/24/26 19:00,60.539,
Plot Title: 5S4C,1278,6/24/26 19:15,59.68,
Plot Title: 5S4C,1279,6/24/26 19:30,58.647,
Plot Title: 5S4C,1280,6/24/26 19:45,57.785,
Plot Title: 5S4C,1281,6/24/26 20:00,57.096,
Plot Title: 5S4C,1282,6/24/26 20:15,56.75,
Plot Title: 5S4C,1283,6/24/26 20:30,56.23,
Plot Title: 5S4C,1284,6/24/26 20:45,55.711,
Plot Title: 5S4C,1285,6/24/26 21:00,54.842,
Plot Title: 5S4C,1286,6/24/26 21:15,53.973,
Plot Title: 5S4C,1287,6/24/26 21:30,53.623,
Plot Title: 5S4C,1288,6/24/26 21:45,53.1,
Plot Title: 5S4C,1289,6/24/26 22:00,52.576,
Plot Title: 5S4C,1290,6/24/26 22:15,51.874,
Plot Title: 5S4C,1291,6/24/26 22:30,51.523,
Plot Title: 5S4C,1292,6/24/26 22:45,51.172,
Plot Title: 5S4C,1293,6/24/26 23:00,50.819,
Plot Title: 5S4C,1294,6/24/26 23:15,50.643,
Plot Title: 5S4C,1295,6/24/26 23:30,50.29,
Plot Title: 5S4C,1296,6/24/26 23:45,49.937,
Plot Title: 5S4C,1297,6/25/26 00:00,49.582,
Plot Title: 5S4C,1298,6/25/26 00:15,49.05,
Plot Title: 5S4C,1299,6/25/26 00:30,48.871,
Plot Title: 5S4C,1300,6/25/26 00:45,48.871,
Plot Title: 5S4C,1301,6/25/26 01:00,49.05,
Plot Title: 5S4C,1302,6/25/26 01:15,49.05,
Plot Title: 5S4C,1303,6/25/26 01:30,48.871,
Plot Title: 5S4C,1304,6/25/26 01:45,48.695,
Plot Title: 5S4C,1305,6/25/26 02:00,48.339,
Plot Title: 5S4C,1306,6/25/26 02:15,47.266,
Plot Title: 5S4C,1307,6/25/26 02:30,46.728,
Plot Title: 5S4C,1308,6/25/26 02:45,46.548,
Plot Title: 5S4C,1309,6/25/26 03:00,46.008,
Plot Title: 5S4C,1310,6/25/26 03:15,45.466,
Plot Title: 5S4C,1311,6/25/26 03:30,45.104,
Plot Title: 5S4C,1312,6/25/26 03:45,44.56,
Plot Title: 5S4C,1313,6/25/26 04:00,44.379,
Plot Title: 5S4C,1314,6/25/26 04:15,44.195,
Plot Title: 5S4C,1315,6/25/26 04:30,44.195,
Plot Title: 5S4C,1316,6/25/26 04:45,44.379,
Plot Title: 5S4C,1317,6/25/26 05:00,44.013,
Plot Title: 5S4C,1318,6/25/26 05:15,44.195,
Plot Title: 5S4C,1319,6/25/26 05:30,43.831,
Plot Title: 5S4C,1320,6/25/26 05:45,43.648,
Plot Title: 5S4C,1321,6/25/26 06:00,43.466,
Plot Title: 5S4C,1322,6/25/26 06:15,43.282,
Plot Title: 5S4C,1323,6/25/26 06:30,43.099,
Plot Title: 5S4C,1324,6/25/26 06:45,43.831,
Plot Title: 5S4C,1325,6/25/26 07:00,44.379,
Plot Title: 5S4C,1326,6/25/26 07:15,44.013,
Plot Title: 5S4C,1327,6/25/26 07:30,44.742,
Plot Title: 5S4C,1328,6/25/26 07:45,45.104,
Plot Title: 5S4C,1329,6/25/26 08:00,44.742,
Plot Title: 5S4C,1330,6/25/26 08:15,45.286,
Plot Title: 5S4C,1331,6/25/26 08:30,42.363,
Plot Title: 5S4C,1332,6/25/26 08:45,44.56,
Plot Title: 5S4C,1333,6/25/26 09:00,45.104,
Plot Title: 5S4C,1334,6/25/26 09:15,44.742,
Plot Title: 5S4C,1335,6/25/26 09:30,45.104,
Plot Title: 5S4C,1336,6/25/26 09:45,46.548,
Plot Title: 5S4C,1337,6/25/26 10:00,47.982,
Plot Title: 5S4C,1338,6/25/26 10:15,52.05,
Plot Title: 5S4C,1339,6/25/26 10:30,53.798,
Plot Title: 5S4C,1340,6/25/26 10:45,55.017,
Plot Title: 5S4C,1341,6/25/26 11:00,54.669,
Plot Title: 5S4C,1342,6/25/26 11:15,54.842,
Plot Title: 5S4C,1343,6/25/26 11:30,55.017,
Plot Title: 5S4C,1344,6/25/26 11:45,58.476,
Plot Title: 5S4C,1345,6/25/26 12:00,65.68,
Plot Title: 5S4C,1346,6/25/26 12:15,62.425,
Plot Title: 5S4C,1347,6/25/26 12:30,62.769,
Plot Title: 5S4C,1348,6/25/26 12:45,69.964,
Plot Title: 5S4C,1349,6/25/26 13:00,75.139,
Plot Title: 5S4C,1350,6/25/26 13:15,75.659,
Plot Title: 5S4C,1351,6/25/26 13:30,79.326,
Plot Title: 5S4C,1352,6/25/26 13:45,74.446,
Plot Title: 5S4C,1353,6/25/26 14:00,70.651,
Plot Title: 5S4C,1354,6/25/26 14:15,68.248,
Plot Title: 5S4C,1355,6/25/26 14:30,65.851,
Plot Title: 5S4C,1356,6/25/26 14:45,65.167,
Plot Title: 5S4C,1357,6/25/26 15:00,64.652,
Plot Title: 5S4C,1358,6/25/26 15:15,63.797,
Plot Title: 5S4C,1359,6/25/26 15:30,63.626,
Plot Title: 5S4C,1360,6/25/26 15:45,63.282,
Plot Title: 5S4C,1361,6/25/26 16:00,63.282,
Plot Title: 5S4C,1362,6/25/26 16:15,60.883,
Plot Title: 5S4C,1363,6/25/26 16:30,60.024,
Plot Title: 5S4C,1364,6/25/26 16:45,60.539,
Plot Title: 5S4C,1365,6/25/26 17:00,60.539,
Plot Title: 5S4C,1366,6/25/26 17:15,60.195,
Plot Title: 5S4C,1367,6/25/26 17:30,59.508,
Plot Title: 5S4C,1368,6/25/26 17:45,59.508,
Plot Title: 5S4C,1369,6/25/26 18:00,58.82,
Plot Title: 5S4C,1370,6/25/26 18:15,58.303,
Plot Title: 5S4C,1371,6/25/26 18:30,57.268,
Plot Title: 5S4C,1372,6/25/26 18:45,56.577,
Plot Title: 5S4C,1373,6/25/26 19:00,56.057,
Plot Title: 5S4C,1374,6/25/26 19:15,55.189,
Plot Title: 5S4C,1375,6/25/26 19:30,54.495,
Plot Title: 5S4C,1376,6/25/26 19:45,53.623,
Plot Title: 5S4C,1377,6/25/26 20:00,52.576,
Plot Title: 5S4C,1378,6/25/26 20:15,51.874,
Plot Title: 5S4C,1379,6/25/26 20:30,51.699,
Plot Title: 5S4C,1380,6/25/26 20:45,51.346,
Plot Title: 5S4C,1381,6/25/26 21:00,50.29,
Plot Title: 5S4C,1382,6/25/26 21:15,49.404,
Plot Title: 5S4C,1383,6/25/26 21:30,48.871,
Plot Title: 5S4C,1384,6/25/26 21:45,49.05,
Plot Title: 5S4C,1385,6/25/26 22:00,48.517,
Plot Title: 5S4C,1386,6/25/26 22:15,48.16,
Plot Title: 5S4C,1387,6/25/26 22:30,47.982,
Plot Title: 5S4C,1388,6/25/26 22:45,47.266,
Plot Title: 5S4C,1389,6/25/26 23:00,47.088,
Plot Title: 5S4C,1390,6/25/26 23:15,46.908,
Plot Title: 5S4C,1391,6/25/26 23:30,46.369,
Plot Title: 5S4C,1392,6/25/26 23:45,46.188,
Plot Title: 5S4C,1393,6/26/26 00:00,46.188,
Plot Title: 5S4C,1394,6/26/26 00:15,46.369,
Plot Title: 5S4C,1395,6/26/26 00:30,46.548,
Plot Title: 5S4C,1396,6/26/26 00:45,46.188,
Plot Title: 5S4C,1397,6/26/26 01:00,45.828,
Plot Title: 5S4C,1398,6/26/26 01:15,45.104,
Plot Title: 5S4C,1399,6/26/26 01:30,44.742,
Plot Title: 5S4C,1400,6/26/26 01:45,44.742,
Plot Title: 5S4C,1401,6/26/26 02:00,44.742,
Plot Title: 5S4C,1402,6/26/26 02:15,44.742,
Plot Title: 5S4C,1403,6/26/26 02:30,44.742,
Plot Title: 5S4C,1404,6/26/26 02:45,44.742,
Plot Title: 5S4C,1405,6/26/26 03:00,44.742,
Plot Title: 5S4C,1406,6/26/26 03:15,44.56,
Plot Title: 5S4C,1407,6/26/26 03:30,44.56,
Plot Title: 5S4C,1408,6/26/26 03:45,44.379,
Plot Title: 5S4C,1409,6/26/26 04:00,44.379,
Plot Title: 5S4C,1410,6/26/26 04:15,44.379,
Plot Title: 5S4C,1411,6/26/26 04:30,44.195,
Plot Title: 5S4C,1412,6/26/26 04:45,43.831,
Plot Title: 5S4C,1413,6/26/26 05:00,43.466,
Plot Title: 5S4C,1414,6/26/26 05:15,43.466,
Plot Title: 5S4C,1415,6/26/26 05:30,43.282,
Plot Title: 5S4C,1416,6/26/26 05:45,43.282,
Plot Title: 5S4C,1417,6/26/26 06:00,43.282,
Plot Title: 5S4C,1418,6/26/26 06:15,43.466,
Plot Title: 5S4C,1419,6/26/26 06:30,43.648,
Plot Title: 5S4C,1420,6/26/26 06:45,43.831,
Plot Title: 5S4C,1421,6/26/26 07:00,44.195,
Plot Title: 5S4C,1422,6/26/26 07:15,44.742,
Plot Title: 5S4C,1423,6/26/26 07:30,45.104,
Plot Title: 5S4C,1424,6/26/26 07:45,45.286,
Plot Title: 5S4C,1425,6/26/26 08:00,45.648,
Plot Title: 5S4C,1426,6/26/26 08:15,46.369,
Plot Title: 5S4C,1427,6/26/26 08:30,48.16,
Plot Title: 5S4C,1428,6/26/26 08:45,48.871,
Plot Title: 5S4C,1429,6/26/26 09:00,48.16,
Plot Title: 5S4C,1430,6/26/26 09:15,48.517,
Plot Title: 5S4C,1431,6/26/26 09:30,49.582,
Plot Title: 5S4C,1432,6/26/26 09:45,50.643,
Plot Title: 5S4C,1433,6/26/26 10:00,51.523,
Plot Title: 5S4C,1434,6/26/26 10:15,51.346,
Plot Title: 5S4C,1435,6/26/26 10:30,51.523,
Plot Title: 5S4C,1436,6/26/26 10:45,57.268,
Plot Title: 5S4C,1437,6/26/26 11:00,60.195,
Plot Title: 5S4C,1438,6/26/26 11:15,63.626,
Plot Title: 5S4C,1439,6/26/26 11:30,63.968,
Plot Title: 5S4C,1440,6/26/26 11:45,63.968,
Plot Title: 5S4C,1441,6/26/26 12:00,62.94,
Plot Title: 5S4C,1442,6/26/26 12:15,64.481,
Plot Title: 5S4C,1443,6/26/26 12:30,62.425,
Plot Title: 5S4C,1444,6/26/26 12:45,63.282,
Plot Title: 5S4C,1445,6/26/26 13:00,63.797,
Plot Title: 5S4C,1446,6/26/26 13:15,65.851,
Plot Title: 5S4C,1447,6/26/26 13:30,68.248,
Plot Title: 5S4C,1448,6/26/26 13:45,64.825,
Plot Title: 5S4C,1449,6/26/26 14:00,60.883,
Plot Title: 5S4C,1450,6/26/26 14:15,58.131,
Plot Title: 5S4C,1451,6/26/26 14:30,55.537,
Plot Title: 5S4C,1452,6/26/26 14:45,56.75,
Plot Title: 5S4C,1453,6/26/26 15:00,57.614,
Plot Title: 5S4C,1454,6/26/26 15:15,57.268,
Plot Title: 5S4C,1455,6/26/26 15:30,57.958,
Plot Title: 5S4C,1456,6/26/26 15:45,57.785,
Plot Title: 5S4C,1457,6/26/26 16:00,57.958,
Plot Title: 5S4C,1458,6/26/26 16:15,58.131,
Plot Title: 5S4C,1459,6/26/26 16:30,57.958,
Plot Title: 5S4C,1460,6/26/26 16:45,57.268,
Plot Title: 5S4C,1461,6/26/26 17:00,56.23,
Plot Title: 5S4C,1462,6/26/26 17:15,55.189,
Plot Title: 5S4C,1463,6/26/26 17:30,55.189,
Plot Title: 5S4C,1464,6/26/26 17:45,55.364,
Plot Title: 5S4C,1465,6/26/26 18:00,54.669,
Plot Title: 5S4C,1466,6/26/26 18:15,53.623,
Plot Title: 5S4C,1467,6/26/26 18:30,52.225,
Plot Title: 5S4C,1468,6/26/26 18:45,51.874,
Plot Title: 5S4C,1469,6/26/26 19:00,51.172,
Plot Title: 5S4C,1470,6/26/26 19:15,51.172,
Plot Title: 5S4C,1471,6/26/26 19:30,50.643,
Plot Title: 5S4C,1472,6/26/26 19:45,50.113,
Plot Title: 5S4C,1473,6/26/26 20:00,49.228,
Plot Title: 5S4C,1474,6/26/26 20:15,48.517,
Plot Title: 5S4C,1475,6/26/26 20:30,47.982,
Plot Title: 5S4C,1476,6/26/26 20:45,47.266,
Plot Title: 5S4C,1477,6/26/26 21:00,46.728,
Plot Title: 5S4C,1478,6/26/26 21:15,46.548,
Plot Title: 5S4C,1479,6/26/26 21:30,46.188,
Plot Title: 5S4C,1480,6/26/26 21:45,45.648,
Plot Title: 5S4C,1481,6/26/26 22:00,45.286,
Plot Title: 5S4C,1482,6/26/26 22:15,44.742,
Plot Title: 5S4C,1483,6/26/26 22:30,44.195,
Plot Title: 5S4C,1484,6/26/26 22:45,43.831,
Plot Title: 5S4C,1485,6/26/26 23:00,43.466,
Plot Title: 5S4C,1486,6/26/26 23:15,43.282,
Plot Title: 5S4C,1487,6/26/26 23:30,42.915,
Plot Title: 5S4C,1488,6/26/26 23:45,42.732,
Plot Title: 5S4C,1489,6/27/26 00:00,42.363,
Plot Title: 5S4C,1490,6/27/26 00:15,42.548,
Plot Title: 5S4C,1491,6/27/26 00:30,42.915,
Plot Title: 5S4C,1492,6/27/26 00:45,43.282,
Plot Title: 5S4C,1493,6/27/26 01:00,43.466,
Plot Title: 5S4C,1494,6/27/26 01:15,43.466,
Plot Title: 5S4C,1495,6/27/26 01:30,43.466,
Plot Title: 5S4C,1496,6/27/26 01:45,43.466,
Plot Title: 5S4C,1497,6/27/26 02:00,43.466,
Plot Title: 5S4C,1498,6/27/26 02:15,43.282,
Plot Title: 5S4C,1499,6/27/26 02:30,43.282,
Plot Title: 5S4C,1500,6/27/26 02:45,43.099,
Plot Title: 5S4C,1501,6/27/26 03:00,42.915,
Plot Title: 5S4C,1502,6/27/26 03:15,42.732,
Plot Title: 5S4C,1503,6/27/26 03:30,42.548,
Plot Title: 5S4C,1504,6/27/26 03:45,42.363,
Plot Title: 5S4C,1505,6/27/26 04:00,41.81,
Plot Title: 5S4C,1506,6/27/26 04:15,41.81,
Plot Title: 5S4C,1507,6/27/26 04:30,41.81,
Plot Title: 5S4C,1508,6/27/26 04:45,41.81,
Plot Title: 5S4C,1509,6/27/26 05:00,41.81,
Plot Title: 5S4C,1510,6/27/26 05:15,41.994,
Plot Title: 5S4C,1511,6/27/26 05:30,41.994,
Plot Title: 5S4C,1512,6/27/26 05:45,41.81,
Plot Title: 5S4C,1513,6/27/26 06:00,41.81,
Plot Title: 5S4C,1514,6/27/26 06:15,41.81,
Plot Title: 5S4C,1515,6/27/26 06:30,41.81,
Plot Title: 5S4C,1516,6/27/26 06:45,41.994,
Plot Title: 5S4C,1517,6/27/26 07:00,41.994,
Plot Title: 5S4C,1518,6/27/26 07:15,41.81,
Plot Title: 5S4C,1519,6/27/26 07:30,41.994,
Plot Title: 5S4C,1520,6/27/26 07:45,42.179,
Plot Title: 5S4C,1521,6/27/26 08:00,42.179,
Plot Title: 5S4C,1522,6/27/26 08:15,42.363,
Plot Title: 5S4C,1523,6/27/26 08:30,42.179,
Plot Title: 5S4C,1524,6/27/26 08:45,42.179,
Plot Title: 5S4C,1525,6/27/26 09:00,42.179,
Plot Title: 5S4C,1526,6/27/26 09:15,42.548,
Plot Title: 5S4C,1527,6/27/26 09:30,45.466,
Plot Title: 5S4C,1528,6/27/26 09:45,50.819,
Plot Title: 5S4C,1529,6/27/26 10:00,51.874,
Plot Title: 5S4C,1530,6/27/26 10:15,49.05,
Plot Title: 5S4C,1531,6/27/26 10:30,50.819,
Plot Title: 5S4C,1532,6/27/26 10:45,54.147,
Plot Title: 5S4C,1533,6/27/26 11:00,53.623,
Plot Title: 5S4C,1534,6/27/26 11:15,53.623,
Plot Title: 5S4C,1535,6/27/26 11:30,54.669,
Plot Title: 5S4C,1536,6/27/26 11:45,60.024,
Plot Title: 5S4C,1537,6/27/26 12:00,56.404,
Plot Title: 5S4C,1538,6/27/26 12:15,55.884,
Plot Title: 5S4C,1539,6/27/26 12:30,54.842,
Plot Title: 5S4C,1540,6/27/26 12:45,54.322,
Plot Title: 5S4C,1541,6/27/26 13:00,53.1,
Plot Title: 5S4C,1542,6/27/26 13:15,51.172,
Plot Title: 5S4C,1543,6/27/26 13:30,54.669,
Plot Title: 5S4C,1544,6/27/26 13:45,51.523,
Plot Title: 5S4C,1545,6/27/26 14:00,49.582,
Plot Title: 5S4C,1546,6/27/26 14:15,50.995,
Plot Title: 5S4C,1547,6/27/26 14:30,51.699,
Plot Title: 5S4C,1548,6/27/26 14:45,52.401,
Plot Title: 5S4C,1549,6/27/26 15:00,52.225,
Plot Title: 5S4C,1550,6/27/26 15:15,52.05,
Plot Title: 5S4C,1551,6/27/26 15:30,52.05,
Plot Title: 5S4C,1552,6/27/26 15:45,52.925,
Plot Title: 5S4C,1553,6/27/26 16:00,51.874,
Plot Title: 5S4C,1554,6/27/26 16:15,50.995,
Plot Title: 5S4C,1555,6/27/26 16:30,51.172,
Plot Title: 5S4C,1556,6/27/26 16:45,51.172,
Plot Title: 5S4C,1557,6/27/26 17:00,50.995,
Plot Title: 5S4C,1558,6/27/26 17:15,50.113,
Plot Title: 5S4C,1559,6/27/26 17:30,49.404,
Plot Title: 5S4C,1560,6/27/26 17:45,49.228,
Plot Title: 5S4C,1561,6/27/26 18:00,48.339,
Plot Title: 5S4C,1562,6/27/26 18:15,47.802,
Plot Title: 5S4C,1563,6/27/26 18:30,48.339,
Plot Title: 5S4C,1564,6/27/26 18:45,47.982,
Plot Title: 5S4C,1565,6/27/26 19:00,47.624,
Plot Title: 5S4C,1566,6/27/26 19:15,46.908,
Plot Title: 5S4C,1567,6/27/26 19:30,46.369,
Plot Title: 5S4C,1568,6/27/26 19:45,45.828,
Plot Title: 5S4C,1569,6/27/26 20:00,45.286,
Plot Title: 5S4C,1570,6/27/26 20:15,44.922,
Plot Title: 5S4C,1571,6/27/26 20:30,44.742,
Plot Title: 5S4C,1572,6/27/26 20:45,44.56,
Plot Title: 5S4C,1573,6/27/26 21:00,44.013,
Plot Title: 5S4C,1574,6/27/26 21:15,40.509,
Plot Title: 5S4C,1575,6/27/26 21:30,39.196,
Plot Title: 5S4C,1576,6/27/26 21:45,39.573,
Plot Title: 5S4C,1577,6/27/26 22:00,39.76,
Plot Title: 5S4C,1578,6/27/26 22:15,39.573,
Plot Title: 5S4C,1579,6/27/26 22:30,38.25,
Plot Title: 5S4C,1580,6/27/26 22:45,37.297,
Plot Title: 5S4C,1581,6/27/26 23:00,36.723,
Plot Title: 5S4C,1582,6/27/26 23:15,36.531,
Plot Title: 5S4C,1583,6/27/26 23:30,36.338,
Plot Title: 5S4C,1584,6/27/26 23:45,36.145,
Plot Title: 5S4C,1585,6/28/26 00:00,36.145,
Plot Title: 5S4C,1586,6/28/26 00:15,36.145,
Plot Title: 5S4C,1587,6/28/26 00:30,36.145,
Plot Title: 5S4C,1588,6/28/26 00:45,35.951,
Plot Title: 5S4C,1589,6/28/26 01:00,35.951,
Plot Title: 5S4C,1590,6/28/26 01:15,36.145,
Plot Title: 5S4C,1591,6/28/26 01:30,36.145,
Plot Title: 5S4C,1592,6/28/26 01:45,36.145,
Plot Title: 5S4C,1593,6/28/26 02:00,36.338,
Plot Title: 5S4C,1594,6/28/26 02:15,36.531,
Plot Title: 5S4C,1595,6/28/26 02:30,36.531,
Plot Title: 5S4C,1596,6/28/26 02:45,36.338,
Plot Title: 5S4C,1597,6/28/26 03:00,36.338,
Plot Title: 5S4C,1598,6/28/26 03:15,36.145,
Plot Title: 5S4C,1599,6/28/26 03:30,36.338,
Plot Title: 5S4C,1600,6/28/26 03:45,36.531,
Plot Title: 5S4C,1601,6/28/26 04:00,36.723,
Plot Title: 5S4C,1602,6/28/26 04:15,36.723,
Plot Title: 5S4C,1603,6/28/26 04:30,36.723,
Plot Title: 5S4C,1604,6/28/26 04:45,36.531,
Plot Title: 5S4C,1605,6/28/26 05:00,36.531,
Plot Title: 5S4C,1606,6/28/26 05:15,36.531,
Plot Title: 5S4C,1607,6/28/26 05:30,36.338,
Plot Title: 5S4C,1608,6/28/26 05:45,36.145,
Plot Title: 5S4C,1609,6/28/26 06:00,36.338,
Plot Title: 5S4C,1610,6/28/26 06:15,36.338,
Plot Title: 5S4C,1611,6/28/26 06:30,36.531,
Plot Title: 5S4C,1612,6/28/26 06:45,36.531,
Plot Title: 5S4C,1613,6/28/26 07:00,36.531,
Plot Title: 5S4C,1614,6/28/26 07:15,36.723,
Plot Title: 5S4C,1615,6/28/26 07:30,36.531,
Plot Title: 5S4C,1616,6/28/26 07:45,35.564,
Plot Title: 5S4C,1617,6/28/26 08:00,35.37,
Plot Title: 5S4C,1618,6/28/26 08:15,34.981,
Plot Title: 5S4C,1619,6/28/26 08:30,34.786,
Plot Title: 5S4C,1620,6/28/26 08:45,34.786,
Plot Title: 5S4C,1621,6/28/26 09:00,34.981,
Plot Title: 5S4C,1622,6/28/26 09:15,35.175,
Plot Title: 5S4C,1623,6/28/26 09:30,35.758,
Plot Title: 5S4C,1624,6/28/26 09:45,36.338,
Plot Title: 5S4C,1625,6/28/26 10:00,35.758,
Plot Title: 5S4C,1626,6/28/26 10:15,35.175,
Plot Title: 5S4C,1627,6/28/26 10:30,34.981,
Plot Title: 5S4C,1628,6/28/26 10:45,34.981,
Plot Title: 5S4C,1629,6/28/26 11:00,34.981,
Plot Title: 5S4C,1630,6/28/26 11:15,34.981,
Plot Title: 5S4C,1631,6/28/26 11:30,34.981,
Plot Title: 5S4C,1632,6/28/26 11:45,34.981,
Plot Title: 5S4C,1633,6/28/26 12:00,35.175,
Plot Title: 5S4C,1634,6/28/26 12:15,35.175,
Plot Title: 5S4C,1635,6/28/26 12:30,34.981,
Plot Title: 5S4C,1636,6/28/26 12:45,34.981,
Plot Title: 5S4C,1637,6/28/26 13:00,34.981,
Plot Title: 5S4C,1638,6/28/26 13:15,35.175,
Plot Title: 5S4C,1639,6/28/26 13:30,35.175,
Plot Title: 5S4C,1640,6/28/26 13:45,35.175,
Plot Title: 5S4C,1641,6/28/26 14:00,35.37,
Plot Title: 5S4C,1642,6/28/26 14:15,35.564,
Plot Title: 5S4C,1643,6/28/26 14:30,35.758,
Plot Title: 5S4C,1644,6/28/26 14:45,35.951,
Plot Title: 5S4C,1645,6/28/26 15:00,36.145,
Plot Title: 5S4C,1646,6/28/26 15:15,36.531,
Plot Title: 5S4C,1647,6/28/26 15:30,36.531,
Plot Title: 5S4C,1648,6/28/26 15:45,36.723,
Plot Title: 5S4C,1649,6/28/26 16:00,37.297,
Plot Title: 5S4C,1650,6/28/26 16:15,37.679,
Plot Title: 5S4C,1651,6/28/26 16:30,37.87,
Plot Title: 5S4C,1652,6/28/26 16:45,37.87,
Plot Title: 5S4C,1653,6/28/26 17:00,37.87,
Plot Title: 5S4C,1654,6/28/26 17:15,38.061,
Plot Title: 5S4C,1655,6/28/26 17:30,38.25,
Plot Title: 5S4C,1656,6/28/26 17:45,38.061,
Plot Title: 5S4C,1657,6/28/26 18:00,38.061,
Plot Title: 5S4C,1658,6/28/26 18:15,37.87,
Plot Title: 5S4C,1659,6/28/26 18:30,37.679,
Plot Title: 5S4C,1660,6/28/26 18:45,37.107,
Plot Title: 5S4C,1661,6/28/26 19:00,36.723,
Plot Title: 5S4C,1662,6/28/26 19:15,36.723,
Plot Title: 5S4C,1663,6/28/26 19:30,36.914,
Plot Title: 5S4C,1664,6/28/26 19:45,36.723,
Plot Title: 5S4C,1665,6/28/26 20:00,36.723,
Plot Title: 5S4C,1666,6/28/26 20:15,36.531,
Plot Title: 5S4C,1667,6/28/26 20:30,36.145,
Plot Title: 5S4C,1668,6/28/26 20:45,35.758,
Plot Title: 5S4C,1669,6/28/26 21:00,35.564,
Plot Title: 5S4C,1670,6/28/26 21:15,35.37,
Plot Title: 5S4C,1671,6/28/26 21:30,35.175,
Plot Title: 5S4C,1672,6/28/26 21:45,35.175,
Plot Title: 5S4C,1673,6/28/26 22:00,34.981,
Plot Title: 5S4C,1674,6/28/26 22:15,34.981,
Plot Title: 5S4C,1675,6/28/26 22:30,34.786,
Plot Title: 5S4C,1676,6/28/26 22:45,34.786,
Plot Title: 5S4C,1677,6/28/26 23:00,34.786,
Plot Title: 5S4C,1678,6/28/26 23:15,34.981,
Plot Title: 5S4C,1679,6/28/26 23:30,34.981,
Plot Title: 5S4C,1680,6/28/26 23:45,34.981,
Plot Title: 5S4C,1681,6/29/26 00:00,34.981,
Plot Title: 5S4C,1682,6/29/26 00:15,34.981,
Plot Title: 5S4C,1683,6/29/26 00:30,34.59,
Plot Title: 5S4C,1684,6/29/26 00:45,34.394,
Plot Title: 5S4C,1685,6/29/26 01:00,34.59,
Plot Title: 5S4C,1686,6/29/26 01:15,34.59,
Plot Title: 5S4C,1687,6/29/26 01:30,34.59,
Plot Title: 5S4C,1688,6/29/26 01:45,34.59,
Plot Title: 5S4C,1689,6/29/26 02:00,34.59,
Plot Title: 5S4C,1690,6/29/26 02:15,34.59,
Plot Title: 5S4C,1691,6/29/26 02:30,34.59,
Plot Title: 5S4C,1692,6/29/26 02:45,34.394,
Plot Title: 5S4C,1693,6/29/26 03:00,34.394,
Plot Title: 5S4C,1694,6/29/26 03:15,34.198,
Plot Title: 5S4C,1695,6/29/26 03:30,34.002,
Plot Title: 5S4C,1696,6/29/26 03:45,34.002,
Plot Title: 5S4C,1697,6/29/26 04:00,34.002,
Plot Title: 5S4C,1698,6/29/26 04:15,34.002,
Plot Title: 5S4C,1699,6/29/26 04:30,34.002,
Plot Title: 5S4C,1700,6/29/26 04:45,34.002,
Plot Title: 5S4C,1701,6/29/26 05:00,34.002,
Plot Title: 5S4C,1702,6/29/26 05:15,34.002,
Plot Title: 5S4C,1703,6/29/26 05:30,34.002,
Plot Title: 5S4C,1704,6/29/26 05:45,34.002,
Plot Title: 5S4C,1705,6/29/26 06:00,34.198,
Plot Title: 5S4C,1706,6/29/26 06:15,34.198,
Plot Title: 5S4C,1707,6/29/26 06:30,34.198,
Plot Title: 5S4C,1708,6/29/26 06:45,34.198,
Plot Title: 5S4C,1709,6/29/26 07:00,34.198,
Plot Title: 5S4C,1710,6/29/26 07:15,34.394,
Plot Title: 5S4C,1711,6/29/26 07:30,34.394,
Plot Title: 5S4C,1712,6/29/26 07:45,34.394,
Plot Title: 5S4C,1713,6/29/26 08:00,34.394,
Plot Title: 5S4C,1714,6/29/26 08:15,34.198,
Plot Title: 5S4C,1715,6/29/26 08:30,34.198,
Plot Title: 5S4C,1716,6/29/26 08:45,34.198,
Plot Title: 5S4C,1717,6/29/26 09:00,34.198,
Plot Title: 5S4C,1718,6/29/26 09:15,34.198,
Plot Title: 5S4C,1719,6/29/26 09:30,34.198,
Plot Title: 5S4C,1720,6/29/26 09:45,34.198,
Plot Title: 5S4C,1721,6/29/26 10:00,34.002,
Plot Title: 5S4C,1722,6/29/26 10:15,34.198,
Plot Title: 5S4C,1723,6/29/26 10:30,34.002,
Plot Title: 5S4C,1724,6/29/26 10:45,34.002,
Plot Title: 5S4C,1725,6/29/26 11:00,34.002,
Plot Title: 5S4C,1726,6/29/26 11:15,34.198,
Plot Title: 5S4C,1727,6/29/26 11:30,34.002,
Plot Title: 5S4C,1728,6/29/26 11:45,34.002,
Plot Title: 5S4C,1729,6/29/26 12:00,34.198,
Plot Title: 5S4C,1730,6/29/26 12:15,34.198,
Plot Title: 5S4C,1731,6/29/26 12:30,34.198,
Plot Title: 5S4C,1732,6/29/26 12:45,34.198,
Plot Title: 5S4C,1733,6/29/26 13:00,34.198,
Plot Title: 5S4C,1734,6/29/26 13:15,34.002,
Plot Title: 5S4C,1735,6/29/26 13:30,34.002,
Plot Title: 5S4C,1736,6/29/26 13:45,34.002,
Plot Title: 5S4C,1737,6/29/26 14:00,34.002,
Plot Title: 5S4C,1738,6/29/26 14:15,34.002,
Plot Title: 5S4C,1739,6/29/26 14:30,34.002,
Plot Title: 5S4C,1740,6/29/26 14:45,34.002,
Plot Title: 5S4C,1741,6/29/26 15:00,34.002,
Plot Title: 5S4C,1742,6/29/26 15:15,34.002,
Plot Title: 5S4C,1743,6/29/26 15:30,34.002,
Plot Title: 5S4C,1744,6/29/26 15:45,34.002,
Plot Title: 5S4C,1745,6/29/26 16:00,34.002,
Plot Title: 5S4C,1746,6/29/26 16:15,34.002,
Plot Title: 5S4C,1747,6/29/26 16:30,34.002,
Plot Title: 5S4C,1748,6/29/26 16:45,34.002,
Plot Title: 5S4C,1749,6/29/26 17:00,34.198,
Plot Title: 5S4C,1750,6/29/26 17:15,34.198,
Plot Title: 5S4C,1751,6/29/26 17:30,34.198,
Plot Title: 5S4C,1752,6/29/26 17:45,34.198,
Plot Title: 5S4C,1753,6/29/26 18:00,34.198,
Plot Title: 5S4C,1754,6/29/26 18:15,34.198,
Plot Title: 5S4C,1755,6/29/26 18:30,34.198,
Plot Title: 5S4C,1756,6/29/26 18:45,34.198,
Plot Title: 5S4C,1757,6/29/26 19:00,34.198,
Plot Title: 5S4C,1758,6/29/26 19:15,34.198,
Plot Title: 5S4C,1759,6/29/26 19:30,34.198,
Plot Title: 5S4C,1760,6/29/26 19:45,34.198,
Plot Title: 5S4C,1761,6/29/26 20:00,34.198,
Plot Title: 5S4C,1762,6/29/26 20:15,34.198,
Plot Title: 5S4C,1763,6/29/26 20:30,34.198,
Plot Title: 5S4C,1764,6/29/26 20:45,34.198,
Plot Title: 5S4C,1765,6/29/26 21:00,34.198,
Plot Title: 5S4C,1766,6/29/26 21:15,34.198,
Plot Title: 5S4C,1767,6/29/26 21:30,34.198,
Plot Title: 5S4C,1768,6/29/26 21:45,34.198,
Plot Title: 5S4C,1769,6/29/26 22:00,34.198,
Plot Title: 5S4C,1770,6/29/26 22:15,34.198,
Plot Title: 5S4C,1771,6/29/26 22:30,34.198,
Plot Title: 5S4C,1772,6/29/26 22:45,34.198,
Plot Title: 5S4C,1773,6/29/26 23:00,34.198,
Plot Title: 5S4C,1774,6/29/26 23:15,34.198,
Plot Title: 5S4C,1775,6/29/26 23:30,34.198,
Plot Title: 5S4C,1776,6/29/26 23:45,34.198,
Plot Title: 5S4C,1777,6/30/26 00:00,34.198,
Plot Title: 5S4C,1778,6/30/26 00:15,34.198,
Plot Title: 5S4C,1779,6/30/26 00:30,34.198,
Plot Title: 5S4C,1780,6/30/26 00:45,34.198,
Plot Title: 5S4C,1781,6/30/26 01:00,34.198,
Plot Title: 5S4C,1782,6/30/26 01:15,34.198,
Plot Title: 5S4C,1783,6/30/26 01:30,34.198,
Plot Title: 5S4C,1784,6/30/26 01:45,34.198,
Plot Title: 5S4C,1785,6/30/26 02:00,34.198,
Plot Title: 5S4C,1786,6/30/26 02:15,34.198,
Plot Title: 5S4C,1787,6/30/26 02:30,34.198,
Plot Title: 5S4C,1788,6/30/26 02:45,34.198,
Plot Title: 5S4C,1789,6/30/26 03:00,34.198,
Plot Title: 5S4C,1790,6/30/26 03:15,34.198,
Plot Title: 5S4C,1791,6/30/26 03:30,34.198,
Plot Title: 5S4C,1792,6/30/26 03:45,34.198,
Plot Title: 5S4C,1793,6/30/26 04:00,34.198,
Plot Title: 5S4C,1794,6/30/26 04:15,34.198,
Plot Title: 5S4C,1795,6/30/26 04:30,34.198,
Plot Title: 5S4C,1796,6/30/26 04:45,34.198,
Plot Title: 5S4C,1797,6/30/26 05:00,34.198,
Plot Title: 5S4C,1798,6/30/26 05:15,34.198,
Plot Title: 5S4C,1799,6/30/26 05:30,34.198,
Plot Title: 5S4C,1800,6/30/26 05:45,34.198,
Plot Title: 5S4C,1801,6/30/26 06:00,34.198,
Plot Title: 5S4C,1802,6/30/26 06:15,34.198,
Plot Title: 5S4C,1803,6/30/26 06:30,34.198,
Plot Title: 5S4C,1804,6/30/26 06:45,34.198,
Plot Title: 5S4C,1805,6/30/26 07:00,34.198,
Plot Title: 5S4C,1806,6/30/26 07:15,34.198,
Plot Title: 5S4C,1807,6/30/26 07:30,34.198,
Plot Title: 5S4C,1808,6/30/26 07:45,34.002,
Plot Title: 5S4C,1809,6/30/26 08:00,34.002,
Plot Title: 5S4C,1810,6/30/26 08:15,34.002,
Plot Title: 5S4C,1811,6/30/26 08:30,34.002,
Plot Title: 5S4C,1812,6/30/26 08:45,34.002,
Plot Title: 5S4C,1813,6/30/26 09:00,34.002,
Plot Title: 5S4C,1814,6/30/26 09:15,34.002,
Plot Title: 5S4C,1815,6/30/26 09:30,34.002,
Plot Title: 5S4C,1816,6/30/26 09:45,34.002,
Plot Title: 5S4C,1817,6/30/26 10:00,34.002,
Plot Title: 5S4C,1818,6/30/26 10:15,34.002,
Plot Title: 5S4C,1819,6/30/26 10:30,33.805,
Plot Title: 5S4C,1820,6/30/26 10:45,33.805,
Plot Title: 5S4C,1821,6/30/26 11:00,33.805,
Plot Title: 5S4C,1822,6/30/26 11:15,33.805,
Plot Title: 5S4C,1823,6/30/26 11:30,33.805,
Plot Title: 5S4C,1824,6/30/26 11:45,33.805,
Plot Title: 5S4C,1825,6/30/26 12:00,33.805,
Plot Title: 5S4C,1826,6/30/26 12:15,34.002,
Plot Title: 5S4C,1827,6/30/26 12:30,34.002,
Plot Title: 5S4C,1828,6/30/26 12:45,34.002,
Plot Title: 5S4C,1829,6/30/26 13:00,33.805,
Plot Title: 5S4C,1830,6/30/26 13:15,33.805,
Plot Title: 5S4C,1831,6/30/26 13:30,33.805,
Plot Title: 5S4C,1832,6/30/26 13:45,33.607,
Plot Title: 5S4C,1833,6/30/26 14:00,33.607,
Plot Title: 5S4C,1834,6/30/26 14:15,33.607,
Plot Title: 5S4C,1835,6/30/26 14:30,33.607,
Plot Title: 5S4C,1836,6/30/26 14:45,33.607,
Plot Title: 5S4C,1837,6/30/26 15:00,33.607,
Plot Title: 5S4C,1838,6/30/26 15:15,33.607,
Plot Title: 5S4C,1839,6/30/26 15:30,33.607,
Plot Title: 5S4C,1840,6/30/26 15:45,33.411,
Plot Title: 5S4C,1841,6/30/26 16:00,33.411,
Plot Title: 5S4C,1842,6/30/26 16:15,33.411,
Plot Title: 5S4C,1843,6/30/26 16:30,33.607,
Plot Title: 5S4C,1844,6/30/26 16:45,33.607,
Plot Title: 5S4C,1845,6/30/26 17:00,33.607,
Plot Title: 5S4C,1846,6/30/26 17:15,33.805,
Plot Title: 5S4C,1847,6/30/26 17:30,33.805,
Plot Title: 5S4C,1848,6/30/26 17:45,33.805,
Plot Title: 5S4C,1849,6/30/26 18:00,33.805,
Plot Title: 5S4C,1850,6/30/26 18:15,33.805,
Plot Title: 5S4C,1851,6/30/26 18:30,33.805,
Plot Title: 5S4C,1852,6/30/26 18:45,34.002,
Plot Title: 5S4C,1853,6/30/26 19:00,34.002,
Plot Title: 5S4C,1854,6/30/26 19:15,33.805,
Plot Title: 5S4C,1855,6/30/26 19:30,33.805,
Plot Title: 5S4C,1856,6/30/26 19:45,33.805,
Plot Title: 5S4C,1857,6/30/26 20:00,34.002,
Plot Title: 5S4C,1858,6/30/26 20:15,34.002,
Plot Title: 5S4C,1859,6/30/26 20:30,34.002,
Plot Title: 5S4C,1860,6/30/26 20:45,33.805,
Plot Title: 5S4C,1861,6/30/26 21:00,33.805,
Plot Title: 5S4C,1862,6/30/26 21:15,33.805,
Plot Title: 5S4C,1863,6/30/26 21:30,33.805,
Plot Title: 5S4C,1864,6/30/26 21:45,33.805,
Plot Title: 5S4C,1865,6/30/26 22:00,33.805,
Plot Title: 5S4C,1866,6/30/26 22:15,33.805,
Plot Title: 5S4C,1867,6/30/26 22:30,33.805,
Plot Title: 5S4C,1868,6/30/26 22:45,33.805,
Plot Title: 5S4C,1869,6/30/26 23:00,33.607,
Plot Title: 5S4C,1870,6/30/26 23:15,33.607,
Plot Title: 5S4C,1871,6/30/26 23:30,33.607,
Plot Title: 5S4C,1872,6/30/26 23:45,33.607,
Plot Title: 5S4C,1873,7/1/26 00:00,33.607,
Plot Title: 5S4C,1874,7/1/26 00:15,33.607,
Plot Title: 5S4C,1875,7/1/26 00:30,33.607,
Plot Title: 5S4C,1876,7/1/26 00:45,33.607,
Plot Title: 5S4C,1877,7/1/26 01:00,33.607,
Plot Title: 5S4C,1878,7/1/26 01:15,33.607,
Plot Title: 5S4C,1879,7/1/26 01:30,33.607,
Plot Title: 5S4C,1880,7/1/26 01:45,33.607,
Plot Title: 5S4C,1881,7/1/26 02:00,33.607,
Plot Title: 5S4C,1882,7/1/26 02:15,33.607,
Plot Title: 5S4C,1883,7/1/26 02:30,33.607,
Plot Title: 5S4C,1884,7/1/26 02:45,33.607,
Plot Title: 5S4C,1885,7/1/26 03:00,33.607,
Plot Title: 5S4C,1886,7/1/26 03:15,33.607,
Plot Title: 5S4C,1887,7/1/26 03:30,33.805,
Plot Title: 5S4C,1888,7/1/26 03:45,33.805,
Plot Title: 5S4C,1889,7/1/26 04:00,33.805,
Plot Title: 5S4C,1890,7/1/26 04:15,33.805,
Plot Title: 5S4C,1891,7/1/26 04:30,33.805,
Plot Title: 5S4C,1892,7/1/26 04:45,33.805,
Plot Title: 5S4C,1893,7/1/26 05:00,33.607,
Plot Title: 5S4C,1894,7/1/26 05:15,33.607,
Plot Title: 5S4C,1895,7/1/26 05:30,33.607,
Plot Title: 5S4C,1896,7/1/26 05:45,33.607,
Plot Title: 5S4C,1897,7/1/26 06:00,33.607,
Plot Title: 5S4C,1898,7/1/26 06:15,33.805,
Plot Title: 5S4C,1899,7/1/26 06:30,33.805,
Plot Title: 5S4C,1900,7/1/26 06:45,33.805,
Plot Title: 5S4C,1901,7/1/26 07:00,34.002,
Plot Title: 5S4C,1902,7/1/26 07:15,34.002,
Plot Title: 5S4C,1903,7/1/26 07:30,34.394,
Plot Title: 5S4C,1904,7/1/26 07:45,36.145,
Plot Title: 5S4C,1905,7/1/26 08:00,36.723,
Plot Title: 5S4C,1906,7/1/26 08:15,36.338,
Plot Title: 5S4C,1907,7/1/26 08:30,36.338,
Plot Title: 5S4C,1908,7/1/26 08:45,36.338,
Plot Title: 5S4C,1909,7/1/26 09:00,39.196,
Plot Title: 5S4C,1910,7/1/26 09:15,41.81,
Plot Title: 5S4C,1911,7/1/26 09:30,43.648,
Plot Title: 5S4C,1912,7/1/26 09:45,47.446,
Plot Title: 5S4C,1913,7/1/26 10:00,47.446,
Plot Title: 5S4C,1914,7/1/26 10:15,46.369,
Plot Title: 5S4C,1915,7/1/26 10:30,52.225,
Plot Title: 5S4C,1916,7/1/26 10:45,57.441,
Plot Title: 5S4C,1917,7/1/26 11:00,59.508,
Plot Title: 5S4C,1918,7/1/26 11:15,61.398,
Plot Title: 5S4C,1919,7/1/26 11:30,64.996,
Plot Title: 5S4C,1920,7/1/26 11:45,68.421,
Plot Title: 5S4C,1921,7/1/26 12:00,70.824,
Plot Title: 5S4C,1922,7/1/26 12:15,72.891,
Plot Title: 5S4C,1923,7/1/26 12:30,74.791,
Plot Title: 5S4C,1924,7/1/26 12:45,63.626,
Plot Title: 5S4C,1925,7/1/26 13:00,56.923,
Plot Title: 5S4C,1926,7/1/26 13:15,54.495,
Plot Title: 5S4C,1927,7/1/26 13:30,62.598,
Plot Title: 5S4C,1928,7/1/26 13:45,68.248,
Plot Title: 5S4C,1929,7/1/26 14:00,64.31,
Plot Title: 5S4C,1930,7/1/26 14:15,63.797,
Plot Title: 5S4C,1931,7/1/26 14:30,63.282,
Plot Title: 5S4C,1932,7/1/26 14:45,61.912,
Plot Title: 5S4C,1933,7/1/26 15:00,60.539,
Plot Title: 5S4C,1934,7/1/26 15:15,57.614,
Plot Title: 5S4C,1935,7/1/26 15:30,55.364,
Plot Title: 5S4C,1936,7/1/26 15:45,54.322,
Plot Title: 5S4C,1937,7/1/26 16:00,53.623,
Plot Title: 5S4C,1938,7/1/26 16:15,53.274,
Plot Title: 5S4C,1939,7/1/26 16:30,53.1,
Plot Title: 5S4C,1940,7/1/26 16:45,53.798,
Plot Title: 5S4C,1941,7/1/26 17:00,53.449,
Plot Title: 5S4C,1942,7/1/26 17:15,53.449,
Plot Title: 5S4C,1943,7/1/26 17:30,53.1,
Plot Title: 5S4C,1944,7/1/26 17:45,51.523,
Plot Title: 5S4C,1945,7/1/26 18:00,49.582,
Plot Title: 5S4C,1946,7/1/26 18:15,47.802,
Plot Title: 5S4C,1947,7/1/26 18:30,47.266,
Plot Title: 5S4C,1948,7/1/26 18:45,46.908,
Plot Title: 5S4C,1949,7/1/26 19:00,47.088,
Plot Title: 5S4C,1950,7/1/26 19:15,46.908,
Plot Title: 5S4C,1951,7/1/26 19:30,46.188,
Plot Title: 5S4C,1952,7/1/26 19:45,45.828,
Plot Title: 5S4C,1953,7/1/26 20:00,45.104,
Plot Title: 5S4C,1954,7/1/26 20:15,44.922,
Plot Title: 5S4C,1955,7/1/26 20:30,44.922,
Plot Title: 5S4C,1956,7/1/26 20:45,44.56,
Plot Title: 5S4C,1957,7/1/26 21:00,44.013,
Plot Title: 5S4C,1958,7/1/26 21:15,43.648,
Plot Title: 5S4C,1959,7/1/26 21:30,43.282,
Plot Title: 5S4C,1960,7/1/26 21:45,43.099,
Plot Title: 5S4C,1961,7/1/26 22:00,42.915,
Plot Title: 5S4C,1962,7/1/26 22:15,42.548,
Plot Title: 5S4C,1963,7/1/26 22:30,42.179,
Plot Title: 5S4C,1964,7/1/26 22:45,41.81,
Plot Title: 5S4C,1965,7/1/26 23:00,41.625,
Plot Title: 5S4C,1966,7/1/26 23:15,41.439,
Plot Title: 5S4C,1967,7/1/26 23:30,41.254,
Plot Title: 5S4C,1968,7/1/26 23:45,40.881,
Plot Title: 5S4C,1969,7/2/26 00:00,40.509,
Plot Title: 5S4C,1970,7/2/26 00:15,40.509,
Plot Title: 5S4C,1971,7/2/26 00:30,40.696,
Plot Title: 5S4C,1972,7/2/26 00:45,40.696,
Plot Title: 5S4C,1973,7/2/26 01:00,40.696,
Plot Title: 5S4C,1974,7/2/26 01:15,40.696,
Plot Title: 5S4C,1975,7/2/26 01:30,40.696,
Plot Title: 5S4C,1976,7/2/26 01:45,40.696,
Plot Title: 5S4C,1977,7/2/26 02:00,40.509,
Plot Title: 5S4C,1978,7/2/26 02:15,40.134,
Plot Title: 5S4C,1979,7/2/26 02:30,40.134,
Plot Title: 5S4C,1980,7/2/26 02:45,39.573,
Plot Title: 5S4C,1981,7/2/26 03:00,39.196,
Plot Title: 5S4C,1982,7/2/26 03:15,38.818,
Plot Title: 5S4C,1983,7/2/26 03:30,38.44,
Plot Title: 5S4C,1984,7/2/26 03:45,38.25,
Plot Title: 5S4C,1985,7/2/26 04:00,38.061,
Plot Title: 5S4C,1986,7/2/26 04:15,38.061,
Plot Title: 5S4C,1987,7/2/26 04:30,37.87,
Plot Title: 5S4C,1988,7/2/26 04:45,37.87,
Plot Title: 5S4C,1989,7/2/26 05:00,37.87,
Plot Title: 5S4C,1990,7/2/26 05:15,37.87,
Plot Title: 5S4C,1991,7/2/26 05:30,37.679,
Plot Title: 5S4C,1992,7/2/26 05:45,37.488,
Plot Title: 5S4C,1993,7/2/26 06:00,37.488,
Plot Title: 5S4C,1994,7/2/26 06:15,37.488,
Plot Title: 5S4C,1995,7/2/26 06:30,37.679,
Plot Title: 5S4C,1996,7/2/26 06:45,37.679,
Plot Title: 5S4C,1997,7/2/26 07:00,37.87,
Plot Title: 5S4C,1998,7/2/26 07:15,38.25,
Plot Title: 5S4C,1999,7/2/26 07:30,38.629,
Plot Title: 5S4C,2000,7/2/26 07:45,40.509,
Plot Title: 5S4C,2001,7/2/26 08:00,42.179,
Plot Title: 5S4C,2002,7/2/26 08:15,42.363,
Plot Title: 5S4C,2003,7/2/26 08:30,42.732,
Plot Title: 5S4C,2004,7/2/26 08:45,42.915,
Plot Title: 5S4C,2005,7/2/26 09:00,47.088,
Plot Title: 5S4C,2006,7/2/26 09:15,50.643,
Plot Title: 5S4C,2007,7/2/26 09:30,54.842,
Plot Title: 5S4C,2008,7/2/26 09:45,58.131,
Plot Title: 5S4C,2009,7/2/26 10:00,60.195,
Plot Title: 5S4C,2010,7/2/26 10:15,61.054,
Plot Title: 5S4C,2011,7/2/26 10:30,62.769,
Plot Title: 5S4C,2012,7/2/26 10:45,64.825,
Plot Title: 5S4C,2013,7/2/26 11:00,66.366,
Plot Title: 5S4C,2014,7/2/26 11:15,69.964,
Plot Title: 5S4C,2015,7/2/26 11:30,71.339,
Plot Title: 5S4C,2016,7/2/26 11:45,73.062,
Plot Title: 5S4C,2017,7/2/26 12:00,74.964,
Plot Title: 5S4C,2018,7/2/26 12:15,76.354,
Plot Title: 5S4C,2019,7/2/26 12:30,76.354,
Plot Title: 5S4C,2020,7/2/26 12:45,78.975,
Plot Title: 5S4C,2021,7/2/26 13:00,78.975,
Plot Title: 5S4C,2022,7/2/26 13:15,80.911,
Plot Title: 5S4C,2023,7/2/26 13:30,79.502,
Plot Title: 5S4C,2024,7/2/26 13:45,70.995,
Plot Title: 5S4C,2025,7/2/26 14:00,68.077,
Plot Title: 5S4C,2026,7/2/26 14:15,67.735,
Plot Title: 5S4C,2027,7/2/26 14:30,67.735,
Plot Title: 5S4C,2028,7/2/26 14:45,67.05,
Plot Title: 5S4C,2029,7/2/26 15:00,64.996,
Plot Title: 5S4C,2030,7/2/26 15:15,63.797,
Plot Title: 5S4C,2031,7/2/26 15:30,63.626,
Plot Title: 5S4C,2032,7/2/26 15:45,63.111,
Plot Title: 5S4C,2033,7/2/26 16:00,62.254,
Plot Title: 5S4C,2034,7/2/26 16:15,61.398,
Plot Title: 5S4C,2035,7/2/26 16:30,61.054,
Plot Title: 5S4C,2036,7/2/26 16:45,60.539,
Plot Title: 5S4C,2037,7/2/26 17:00,59.337,
Plot Title: 5S4C,2038,7/2/26 17:15,58.476,
Plot Title: 5S4C,2039,7/2/26 17:30,57.785,
Plot Title: 5S4C,2040,7/2/26 17:45,57.268,
Plot Title: 5S4C,2041,7/2/26 18:00,57.096,
Plot Title: 5S4C,2042,7/2/26 18:15,56.577,
Plot Title: 5S4C,2043,7/2/26 18:30,56.23,
Plot Title: 5S4C,2044,7/2/26 18:45,55.537,
Plot Title: 5S4C,2045,7/2/26 19:00,54.669,
Plot Title: 5S4C,2046,7/2/26 19:15,53.274,
Plot Title: 5S4C,2047,7/2/26 19:30,51.874,
Plot Title: 5S4C,2048,7/2/26 19:45,50.995,
Plot Title: 5S4C,2049,7/2/26 20:00,50.643,
Plot Title: 5S4C,2050,7/2/26 20:15,50.29,
Plot Title: 5S4C,2051,7/2/26 20:30,49.582,
Plot Title: 5S4C,2052,7/2/26 20:45,48.695,
Plot Title: 5S4C,2053,7/2/26 21:00,48.16,
Plot Title: 5S4C,2054,7/2/26 21:15,47.446,
Plot Title: 5S4C,2055,7/2/26 21:30,46.908,
Plot Title: 5S4C,2056,7/2/26 21:45,46.548,
Plot Title: 5S4C,2057,7/2/26 22:00,46.008,
Plot Title: 5S4C,2058,7/2/26 22:15,45.466,
Plot Title: 5S4C,2059,7/2/26 22:30,44.922,
Plot Title: 5S4C,2060,7/2/26 22:45,44.56,
Plot Title: 5S4C,2061,7/2/26 23:00,44.379,
Plot Title: 5S4C,2062,7/2/26 23:15,44.013,
Plot Title: 5S4C,2063,7/2/26 23:30,43.831,
Plot Title: 5S4C,2064,7/2/26 23:45,43.648,
Plot Title: 5S4C,2065,7/3/26 00:00,43.648,
Plot Title: 5S4C,2066,7/3/26 00:15,43.282,
Plot Title: 5S4C,2067,7/3/26 00:30,43.099,
Plot Title: 5S4C,2068,7/3/26 00:45,42.732,
Plot Title: 5S4C,2069,7/3/26 01:00,42.548,
Plot Title: 5S4C,2070,7/3/26 01:15,42.548,
Plot Title: 5S4C,2071,7/3/26 01:30,42.363,
Plot Title: 5S4C,2072,7/3/26 01:45,42.179,
Plot Title: 5S4C,2073,7/3/26 02:00,41.994,
Plot Title: 5S4C,2074,7/3/26 02:15,41.625,
Plot Title: 5S4C,2075,7/3/26 02:30,41.625,
Plot Title: 5S4C,2076,7/3/26 02:45,41.439,
Plot Title: 5S4C,2077,7/3/26 03:00,41.254,
Plot Title: 5S4C,2078,7/3/26 03:15,41.067,
Plot Title: 5S4C,2079,7/3/26 03:30,40.881,
Plot Title: 5S4C,2080,7/3/26 03:45,40.696,
Plot Title: 5S4C,2081,7/3/26 04:00,40.321,
Plot Title: 5S4C,2082,7/3/26 04:15,40.134,
Plot Title: 5S4C,2083,7/3/26 04:30,39.76,
Plot Title: 5S4C,2084,7/3/26 04:45,39.573,
Plot Title: 5S4C,2085,7/3/26 05:00,39.384,
Plot Title: 5S4C,2086,7/3/26 05:15,39.196,
Plot Title: 5S4C,2087,7/3/26 05:30,39.007,
Plot Title: 5S4C,2088,7/3/26 05:45,39.007,
Plot Title: 5S4C,2089,7/3/26 06:00,38.818,
Plot Title: 5S4C,2090,7/3/26 06:15,38.818,
Plot Title: 5S4C,2091,7/3/26 06:30,39.007,
Plot Title: 5S4C,2092,7/3/26 06:45,39.196,
Plot Title: 5S4C,2093,7/3/26 07:00,39.573,
Plot Title: 5S4C,2094,7/3/26 07:15,39.76,
Plot Title: 5S4C,2095,7/3/26 07:30,40.696,
Plot Title: 5S4C,2096,7/3/26 07:45,42.363,
Plot Title: 5S4C,2097,7/3/26 08:00,43.831,
Plot Title: 5S4C,2098,7/3/26 08:15,44.013,
Plot Title: 5S4C,2099,7/3/26 08:30,44.742,
Plot Title: 5S4C,2100,7/3/26 08:45,45.104,
Plot Title: 5S4C,2101,7/3/26 09:00,49.228,
Plot Title: 5S4C,2102,7/3/26 09:15,54.495,
Plot Title: 5S4C,2103,7/3/26 09:30,58.131,
Plot Title: 5S4C,2104,7/3/26 09:45,61.227,
Plot Title: 5S4C,2105,7/3/26 10:00,63.455,
Plot Title: 5S4C,2106,7/3/26 10:15,66.022,
Plot Title: 5S4C,2107,7/3/26 10:30,66.708,
Plot Title: 5S4C,2108,7/3/26 10:45,67.564,
Plot Title: 5S4C,2109,7/3/26 11:00,67.564,
Plot Title: 5S4C,2110,7/3/26 11:15,64.996,
Plot Title: 5S4C,2111,7/3/26 11:30,64.31,
Plot Title: 5S4C,2112,7/3/26 11:45,62.769,
Plot Title: 5S4C,2113,7/3/26 12:00,63.968,
Plot Title: 5S4C,2114,7/3/26 12:15,67.735,
Plot Title: 5S4C,2115,7/3/26 12:30,68.763,
Plot Title: 5S4C,2116,7/3/26 12:45,68.077,
Plot Title: 5S4C,2117,7/3/26 13:00,69.622,
Plot Title: 5S4C,2118,7/3/26 13:15,70.995,
Plot Title: 5S4C,2119,7/3/26 13:30,74.446,
Plot Title: 5S4C,2120,7/3/26 13:45,74.446,
Plot Title: 5S4C,2121,7/3/26 14:00,71.512,
Plot Title: 5S4C,2122,7/3/26 14:15,70.824,
Plot Title: 5S4C,2123,7/3/26 14:30,67.906,
Plot Title: 5S4C,2124,7/3/26 14:45,65.68,
Plot Title: 5S4C,2125,7/3/26 15:00,63.111,
Plot Title: 5S4C,2126,7/3/26 15:15,61.054,
Plot Title: 5S4C,2127,7/3/26 15:30,59.164,
Plot Title: 5S4C,2128,7/3/26 15:45,58.131,
Plot Title: 5S4C,2129,7/3/26 16:00,57.441,
Plot Title: 5S4C,2130,7/3/26 16:15,56.923,
Plot Title: 5S4C,2131,7/3/26 16:30,56.923,
Plot Title: 5S4C,2132,7/3/26 16:45,56.75,
Plot Title: 5S4C,2133,7/3/26 17:00,56.404,
Plot Title: 5S4C,2134,7/3/26 17:15,55.884,
Plot Title: 5S4C,2135,7/3/26 17:30,55.189,
Plot Title: 5S4C,2136,7/3/26 17:45,54.842,
Plot Title: 5S4C,2137,7/3/26 18:00,54.147,
Plot Title: 5S4C,2138,7/3/26 18:15,53.798,
Plot Title: 5S4C,2139,7/3/26 18:30,53.623,
Plot Title: 5S4C,2140,7/3/26 18:45,52.576,
Plot Title: 5S4C,2141,7/3/26 19:00,51.699,
Plot Title: 5S4C,2142,7/3/26 19:15,51.172,
Plot Title: 5S4C,2143,7/3/26 19:30,50.995,
Plot Title: 5S4C,2144,7/3/26 19:45,50.819,
Plot Title: 5S4C,2145,7/3/26 20:00,50.819,
Plot Title: 5S4C,2146,7/3/26 20:15,50.819,
Plot Title: 5S4C,2147,7/3/26 20:30,50.29,
Plot Title: 5S4C,2148,7/3/26 20:45,49.937,
Plot Title: 5S4C,2149,7/3/26 21:00,49.759,
Plot Title: 5S4C,2150,7/3/26 21:15,49.228,
Plot Title: 5S4C,2151,7/3/26 21:30,48.339,
Plot Title: 5S4C,2152,7/3/26 21:45,47.624,
Plot Title: 5S4C,2153,7/3/26 22:00,46.908,
Plot Title: 5S4C,2154,7/3/26 22:15,46.188,
Plot Title: 5S4C,2155,7/3/26 22:30,45.648,
Plot Title: 5S4C,2156,7/3/26 22:45,45.286,
Plot Title: 5S4C,2157,7/3/26 23:00,44.922,
Plot Title: 5S4C,2158,7/3/26 23:15,44.742,
Plot Title: 5S4C,2159,7/3/26 23:30,44.195,
Plot Title: 5S4C,2160,7/3/26 23:45,43.831,
Plot Title: 5S4C,2161,7/4/26 00:00,43.466,
Plot Title: 5S4C,2162,7/4/26 00:15,43.099,
Plot Title: 5S4C,2163,7/4/26 00:30,42.732,
Plot Title: 5S4C,2164,7/4/26 00:45,42.548,
Plot Title: 5S4C,2165,7/4/26 01:00,42.363,
Plot Title: 5S4C,2166,7/4/26 01:15,42.179,
Plot Title: 5S4C,2167,7/4/26 01:30,41.81,
Plot Title: 5S4C,2168,7/4/26 01:45,41.625,
Plot Title: 5S4C,2169,7/4/26 02:00,41.254,
Plot Title: 5S4C,2170,7/4/26 02:15,41.067,
Plot Title: 5S4C,2171,7/4/26 02:30,40.881,
Plot Title: 5S4C,2172,7/4/26 02:45,40.696,
Plot Title: 5S4C,2173,7/4/26 03:00,40.509,
Plot Title: 5S4C,2174,7/4/26 03:15,40.321,
Plot Title: 5S4C,2175,7/4/26 03:30,40.134,
Plot Title: 5S4C,2176,7/4/26 03:45,39.947,
Plot Title: 5S4C,2177,7/4/26 04:00,39.947,
Plot Title: 5S4C,2178,7/4/26 04:15,39.76,
Plot Title: 5S4C,2179,7/4/26 04:30,39.76,
Plot Title: 5S4C,2180,7/4/26 04:45,39.573,
Plot Title: 5S4C,2181,7/4/26 05:00,39.384,
Plot Title: 5S4C,2182,7/4/26 05:15,39.384,
Plot Title: 5S4C,2183,7/4/26 05:30,39.384,
Plot Title: 5S4C,2184,7/4/26 05:45,39.384,
Plot Title: 5S4C,2185,7/4/26 06:00,39.573,
Plot Title: 5S4C,2186,7/4/26 06:15,39.573,
Plot Title: 5S4C,2187,7/4/26 06:30,39.76,
Plot Title: 5S4C,2188,7/4/26 06:45,39.947,
Plot Title: 5S4C,2189,7/4/26 07:00,40.321,
Plot Title: 5S4C,2190,7/4/26 07:15,40.696,
Plot Title: 5S4C,2191,7/4/26 07:30,41.254,
Plot Title: 5S4C,2192,7/4/26 07:45,43.282,
Plot Title: 5S4C,2193,7/4/26 08:00,45.286,
Plot Title: 5S4C,2194,7/4/26 08:15,45.466,
Plot Title: 5S4C,2195,7/4/26 08:30,45.828,
Plot Title: 5S4C,2196,7/4/26 08:45,45.828,
Plot Title: 5S4C,2197,7/4/26 09:00,50.643,
Plot Title: 5S4C,2198,7/4/26 09:15,56.23,
Plot Title: 5S4C,2199,7/4/26 09:30,60.024,
Plot Title: 5S4C,2200,7/4/26 09:45,62.94,
Plot Title: 5S4C,2201,7/4/26 10:00,65.851,
Plot Title: 5S4C,2202,7/4/26 10:15,68.421,
Plot Title: 5S4C,2203,7/4/26 10:30,70.137,
Plot Title: 5S4C,2204,7/4/26 10:45,72.372,
Plot Title: 5S4C,2205,7/4/26 11:00,74.446,
Plot Title: 5S4C,2206,7/4/26 11:15,76.181,
Plot Title: 5S4C,2207,7/4/26 11:30,78.098,
Plot Title: 5S4C,2208,7/4/26 11:45,80.029,
Plot Title: 5S4C,2209,7/4/26 12:00,81.975,
Plot Title: 5S4C,2210,7/4/26 12:15,84.115,
Plot Title: 5S4C,2211,7/4/26 12:30,86.459,
Plot Title: 5S4C,2212,7/4/26 12:45,88.099,
Plot Title: 5S4C,2213,7/4/26 13:00,89.755,
Plot Title: 5S4C,2214,7/4/26 13:15,91.612,
Plot Title: 5S4C,2215,7/4/26 13:30,92.55,
Plot Title: 5S4C,2216,7/4/26 13:45,92.926,
Plot Title: 5S4C,2217,7/4/26 14:00,85.554,
Plot Title: 5S4C,2218,7/4/26 14:15,82.152,
Plot Title: 5S4C,2219,7/4/26 14:30,79.853,
Plot Title: 5S4C,2220,7/4/26 14:45,75.832,
Plot Title: 5S4C,2221,7/4/26 15:00,72.199,
Plot Title: 5S4C,2222,7/4/26 15:15,69.278,
Plot Title: 5S4C,2223,7/4/26 15:30,67.392,
Plot Title: 5S4C,2224,7/4/26 15:45,65.509,
Plot Title: 5S4C,2225,7/4/26 16:00,64.652,
Plot Title: 5S4C,2226,7/4/26 16:15,63.626,
Plot Title: 5S4C,2227,7/4/26 16:30,62.769,
Plot Title: 5S4C,2228,7/4/26 16:45,62.254,
Plot Title: 5S4C,2229,7/4/26 17:00,61.569,
Plot Title: 5S4C,2230,7/4/26 17:15,61.227,
Plot Title: 5S4C,2231,7/4/26 17:30,60.195,
Plot Title: 5S4C,2232,7/4/26 17:45,59.337,
Plot Title: 5S4C,2233,7/4/26 18:00,58.476,
Plot Title: 5S4C,2234,7/4/26 18:15,57.785,
Plot Title: 5S4C,2235,7/4/26 18:30,57.268,
Plot Title: 5S4C,2236,7/4/26 18:45,56.75,
Plot Title: 5S4C,2237,7/4/26 19:00,56.404,
Plot Title: 5S4C,2238,7/4/26 19:15,55.884,
Plot Title: 5S4C,2239,7/4/26 19:30,55.017,
Plot Title: 5S4C,2240,7/4/26 19:45,54.495,
Plot Title: 5S4C,2241,7/4/26 20:00,53.973,
Plot Title: 5S4C,2242,7/4/26 20:15,53.449,
Plot Title: 5S4C,2243,7/4/26 20:30,52.925,
Plot Title: 5S4C,2244,7/4/26 20:45,52.576,
Plot Title: 5S4C,2245,7/4/26 21:00,52.05,
Plot Title: 5S4C,2246,7/4/26 21:15,51.699,
Plot Title: 5S4C,2247,7/4/26 21:30,51.172,
Plot Title: 5S4C,2248,7/4/26 21:45,50.819,
Plot Title: 5S4C,2249,7/4/26 22:00,50.29,
Plot Title: 5S4C,2250,7/4/26 22:15,50.113,
Plot Title: 5S4C,2251,7/4/26 22:30,49.759,
Plot Title: 5S4C,2252,7/4/26 22:45,49.404,
Plot Title: 5S4C,2253,7/4/26 23:00,49.05,
Plot Title: 5S4C,2254,7/4/26 23:15,48.871,
Plot Title: 5S4C,2255,7/4/26 23:30,48.695,
Plot Title: 5S4C,2256,7/4/26 23:45,48.695,
Plot Title: 5S4C,2257,7/5/26 00:00,48.517,
Plot Title: 5S4C,2258,7/5/26 00:15,48.517,
Plot Title: 5S4C,2259,7/5/26 00:30,48.339,
Plot Title: 5S4C,2260,7/5/26 00:45,48.339,
Plot Title: 5S4C,2261,7/5/26 01:00,48.16,
Plot Title: 5S4C,2262,7/5/26 01:15,47.982,
Plot Title: 5S4C,2263,7/5/26 01:30,47.802,
Plot Title: 5S4C,2264,7/5/26 01:45,47.624,
Plot Title: 5S4C,2265,7/5/26 02:00,47.624,
Plot Title: 5S4C,2266,7/5/26 02:15,47.446,
Plot Title: 5S4C,2267,7/5/26 02:30,47.266,
Plot Title: 5S4C,2268,7/5/26 02:45,47.088,
Plot Title: 5S4C,2269,7/5/26 03:00,46.728,
Plot Title: 5S4C,2270,7/5/26 03:15,46.548,
Plot Title: 5S4C,2271,7/5/26 03:30,46.369,
Plot Title: 5S4C,2272,7/5/26 03:45,46.188,
Plot Title: 5S4C,2273,7/5/26 04:00,46.008,
Plot Title: 5S4C,2274,7/5/26 04:15,45.828,
Plot Title: 5S4C,2275,7/5/26 04:30,45.648,
Plot Title: 5S4C,2276,7/5/26 04:45,45.286,
Plot Title: 5S4C,2277,7/5/26 05:00,45.104,
Plot Title: 5S4C,2278,7/5/26 05:15,44.922,
Plot Title: 5S4C,2279,7/5/26 05:30,44.922,
Plot Title: 5S4C,2280,7/5/26 05:45,44.922,
Plot Title: 5S4C,2281,7/5/26 06:00,44.742,
Plot Title: 5S4C,2282,7/5/26 06:15,44.742,
Plot Title: 5S4C,2283,7/5/26 06:30,44.742,
Plot Title: 5S4C,2284,7/5/26 06:45,44.742,
Plot Title: 5S4C,2285,7/5/26 07:00,44.922,
Plot Title: 5S4C,2286,7/5/26 07:15,45.104,
Plot Title: 5S4C,2287,7/5/26 07:30,45.648,
Plot Title: 5S4C,2288,7/5/26 07:45,47.446,
Plot Title: 5S4C,2289,7/5/26 08:00,49.05,
Plot Title: 5S4C,2290,7/5/26 08:15,49.228,
Plot Title: 5S4C,2291,7/5/26 08:30,49.759,
Plot Title: 5S4C,2292,7/5/26 08:45,49.759,
Plot Title: 5S4C,2293,7/5/26 09:00,54.495,
Plot Title: 5S4C,2294,7/5/26 09:15,59.851,
Plot Title: 5S4C,2295,7/5/26 09:30,63.968,
Plot Title: 5S4C,2296,7/5/26 09:45,67.564,
Plot Title: 5S4C,2297,7/5/26 10:00,70.48,
Plot Title: 5S4C,2298,7/5/26 10:15,73.407,
Plot Title: 5S4C,2299,7/5/26 10:30,76.181,
Plot Title: 5S4C,2300,7/5/26 10:45,79.151,
Plot Title: 5S4C,2301,7/5/26 11:00,81.442,
Plot Title: 5S4C,2302,7/5/26 11:15,83.935,
Plot Title: 5S4C,2303,7/5/26 11:30,86.097,
Plot Title: 5S4C,2304,7/5/26 11:45,88.282,
Plot Title: 5S4C,2305,7/5/26 12:00,90.495,
Plot Title: 5S4C,2306,7/5/26 12:15,92.363,
Plot Title: 5S4C,2307,7/5/26 12:30,93.682,
Plot Title: 5S4C,2308,7/5/26 12:45,95.783,
Plot Title: 5S4C,2309,7/5/26 13:00,96.748,
Plot Title: 5S4C,2310,7/5/26 13:15,98.11,
Plot Title: 5S4C,2311,7/5/26 13:30,99.489,
Plot Title: 5S4C,2312,7/5/26 13:45,97.137,
Plot Title: 5S4C,2313,7/5/26 14:00,90.495,
Plot Title: 5S4C,2314,7/5/26 14:15,83.579,
Plot Title: 5S4C,2315,7/5/26 14:30,78.098,
Plot Title: 5S4C,2316,7/5/26 14:45,73.234,
Plot Title: 5S4C,2317,7/5/26 15:00,68.763,
Plot Title: 5S4C,2318,7/5/26 15:15,65.338,
Plot Title: 5S4C,2319,7/5/26 15:30,63.111,
Plot Title: 5S4C,2320,7/5/26 15:45,61.569,
Plot Title: 5S4C,2321,7/5/26 16:00,59.508,
Plot Title: 5S4C,2322,7/5/26 16:15,57.785,
Plot Title: 5S4C,2323,7/5/26 16:30,57.785,
Plot Title: 5S4C,2324,7/5/26 16:45,57.268,
Plot Title: 5S4C,2325,7/5/26 17:00,56.23,
Plot Title: 5S4C,2326,7/5/26 17:15,56.057,
Plot Title: 5S4C,2327,7/5/26 17:30,56.923,
Plot Title: 5S4C,2328,7/5/26 17:45,57.614,
Plot Title: 5S4C,2329,7/5/26 18:00,58.131,
Plot Title: 5S4C,2330,7/5/26 18:15,57.096,
Plot Title: 5S4C,2331,7/5/26 18:30,56.577,
Plot Title: 5S4C,2332,7/5/26 18:45,55.884,
Plot Title: 5S4C,2333,7/5/26 19:00,55.189,
Plot Title: 5S4C,2334,7/5/26 19:15,54.147,
Plot Title: 5S4C,2335,7/5/26 19:30,53.973,
Plot Title: 5S4C,2336,7/5/26 19:45,53.798,
Plot Title: 5S4C,2337,7/5/26 20:00,53.274,
Plot Title: 5S4C,2338,7/5/26 20:15,52.75,
Plot Title: 5S4C,2339,7/5/26 20:30,52.401,
Plot Title: 5S4C,2340,7/5/26 20:45,51.874,
Plot Title: 5S4C,2341,7/5/26 21:00,51.699,
Plot Title: 5S4C,2342,7/5/26 21:15,51.523,
Plot Title: 5S4C,2343,7/5/26 21:30,51.523,
Plot Title: 5S4C,2344,7/5/26 21:45,51.523,
Plot Title: 5S4C,2345,7/5/26 22:00,51.172,
Plot Title: 5S4C,2346,7/5/26 22:15,51.172,
Plot Title: 5S4C,2347,7/5/26 22:30,50.643,
Plot Title: 5S4C,2348,7/5/26 22:45,50.113,
Plot Title: 5S4C,2349,7/5/26 23:00,49.759,
Plot Title: 5S4C,2350,7/5/26 23:15,49.404,
Plot Title: 5S4C,2351,7/5/26 23:30,49.228,
Plot Title: 5S4C,2352,7/5/26 23:45,48.871,
Plot Title: 5S4C,2353,7/6/26 00:00,48.695,
Plot Title: 5S4C,2354,7/6/26 00:15,48.339,
Plot Title: 5S4C,2355,7/6/26 00:30,47.802,
Plot Title: 5S4C,2356,7/6/26 00:45,47.624,
Plot Title: 5S4C,2357,7/6/26 01:00,47.446,
Plot Title: 5S4C,2358,7/6/26 01:15,47.266,
Plot Title: 5S4C,2359,7/6/26 01:30,47.266,
Plot Title: 5S4C,2360,7/6/26 01:45,47.088,
Plot Title: 5S4C,2361,7/6/26 02:00,46.908,
Plot Title: 5S4C,2362,7/6/26 02:15,46.548,
Plot Title: 5S4C,2363,7/6/26 02:30,46.548,
Plot Title: 5S4C,2364,7/6/26 02:45,46.728,
Plot Title: 5S4C,2365,7/6/26 03:00,46.369,
Plot Title: 5S4C,2366,7/6/26 03:15,46.008,
Plot Title: 5S4C,2367,7/6/26 03:30,45.648,
Plot Title: 5S4C,2368,7/6/26 03:45,45.286,
Plot Title: 5S4C,2369,7/6/26 04:00,44.742,
Plot Title: 5S4C,2370,7/6/26 04:15,44.56,
Plot Title: 5S4C,2371,7/6/26 04:30,44.56,
Plot Title: 5S4C,2372,7/6/26 04:45,44.379,
Plot Title: 5S4C,2373,7/6/26 05:00,44.379,
Plot Title: 5S4C,2374,7/6/26 05:15,44.195,
Plot Title: 5S4C,2375,7/6/26 05:30,44.195,
Plot Title: 5S4C,2376,7/6/26 05:45,44.195,
Plot Title: 5S4C,2377,7/6/26 06:00,44.195,
Plot Title: 5S4C,2378,7/6/26 06:15,44.56,
Plot Title: 5S4C,2379,7/6/26 06:30,45.104,
Plot Title: 5S4C,2380,7/6/26 06:45,45.648,
Plot Title: 5S4C,2381,7/6/26 07:00,46.008,
Plot Title: 5S4C,2382,7/6/26 07:15,46.908,
Plot Title: 5S4C,2383,7/6/26 07:30,47.624,
Plot Title: 5S4C,2384,7/6/26 07:45,48.16,
Plot Title: 5S4C,2385,7/6/26 08:00,48.871,
Plot Title: 5S4C,2386,7/6/26 08:15,49.582,
Plot Title: 5S4C,2387,7/6/26 08:30,50.819,
Plot Title: 5S4C,2388,7/6/26 08:45,51.523,
Plot Title: 5S4C,2389,7/6/26 09:00,52.576,
Plot Title: 5S4C,2390,7/6/26 09:15,54.147,
Plot Title: 5S4C,2391,7/6/26 09:30,54.147,
Plot Title: 5S4C,2392,7/6/26 09:45,54.147,
Plot Title: 5S4C,2393,7/6/26 10:00,54.147,
Plot Title: 5S4C,2394,7/6/26 10:15,54.842,
Plot Title: 5S4C,2395,7/6/26 10:30,55.537,
Plot Title: 5S4C,2396,7/6/26 10:45,57.096,
Plot Title: 5S4C,2397,7/6/26 11:00,59.68,
Plot Title: 5S4C,2398,7/6/26 11:15,60.712,
Plot Title: 5S4C,2399,7/6/26 11:30,62.254,
Plot Title: 5S4C,2400,7/6/26 11:45,68.077,
Plot Title: 5S4C,2401,7/6/26 12:00,69.964,
Plot Title: 5S4C,2402,7/6/26 12:15,69.793,
Plot Title: 5S4C,2403,7/6/26 12:30,67.221,
Plot Title: 5S4C,2404,7/6/26 12:45,66.022,
Plot Title: 5S4C,2405,7/6/26 13:00,63.282,
Plot Title: 5S4C,2406,7/6/26 13:15,61.569,
Plot Title: 5S4C,2407,7/6/26 13:30,62.94,
Plot Title: 5S4C,2408,7/6/26 13:45,64.652,
Plot Title: 5S4C,2409,7/6/26 14:00,68.248,
Plot Title: 5S4C,2410,7/6/26 14:15,71.512,
Plot Title: 5S4C,2411,7/6/26 14:30,72.028,
Plot Title: 5S4C,2412,7/6/26 14:45,70.651,
Plot Title: 5S4C,2413,7/6/26 15:00,70.308,
Plot Title: 5S4C,2414,7/6/26 15:15,69.278,
Plot Title: 5S4C,2415,7/6/26 15:30,69.278,
Plot Title: 5S4C,2416,7/6/26 15:45,69.449,
Plot Title: 5S4C,2417,7/6/26 16:00,68.934,
Plot Title: 5S4C,2418,7/6/26 16:15,67.564,
Plot Title: 5S4C,2419,7/6/26 16:30,65.68,
Plot Title: 5S4C,2420,7/6/26 16:45,64.825,
Plot Title: 5S4C,2421,7/6/26 17:00,64.825,
Plot Title: 5S4C,2422,7/6/26 17:15,63.968,
Plot Title: 5S4C,2423,7/6/26 17:30,62.425,
Plot Title: 5S4C,2424,7/6/26 17:45,61.912,
Plot Title: 5S4C,2425,7/6/26 18:00,61.741,
Plot Title: 5S4C,2426,7/6/26 18:15,60.195,
Plot Title: 5S4C,2427,7/6/26 18:30,58.82,
Plot Title: 5S4C,2428,7/6/26 18:45,57.441,
Plot Title: 5S4C,2429,7/6/26 19:00,56.577,
Plot Title: 5S4C,2430,7/6/26 19:15,56.577,
Plot Title: 5S4C,2431,7/6/26 19:30,56.057,
Plot Title: 5S4C,2432,7/6/26 19:45,55.189,
Plot Title: 5S4C,2433,7/6/26 20:00,54.147,
Plot Title: 5S4C,2434,7/6/26 20:15,53.274,
Plot Title: 5S4C,2435,7/6/26 20:30,52.576,
Plot Title: 5S4C,2436,7/6/26 20:45,52.05,
Plot Title: 5S4C,2437,7/6/26 21:00,51.346,
Plot Title: 5S4C,2438,7/6/26 21:15,50.819,
Plot Title: 5S4C,2439,7/6/26 21:30,50.29,
Plot Title: 5S4C,2440,7/6/26 21:45,49.937,
Plot Title: 5S4C,2441,7/6/26 22:00,49.404,
Plot Title: 5S4C,2442,7/6/26 22:15,49.228,
Plot Title: 5S4C,2443,7/6/26 22:30,48.871,
Plot Title: 5S4C,2444,7/6/26 22:45,49.05,
Plot Title: 5S4C,2445,7/6/26 23:00,48.871,
Plot Title: 5S4C,2446,7/6/26 23:15,48.517,
Plot Title: 5S4C,2447,7/6/26 23:30,48.695,
Plot Title: 5S4C,2448,7/6/26 23:45,48.517,
Plot Title: 5S4C,2449,7/7/26 00:00,48.695,
Plot Title: 5S4C,2450,7/7/26 00:15,48.871,
Plot Title: 5S4C,2451,7/7/26 00:30,48.871,
Plot Title: 5S4C,2452,7/7/26 00:45,48.695,
Plot Title: 5S4C,2453,7/7/26 01:00,48.339,
Plot Title: 5S4C,2454,7/7/26 01:15,47.982,
Plot Title: 5S4C,2455,7/7/26 01:30,47.624,
Plot Title: 5S4C,2456,7/7/26 01:45,47.446,
Plot Title: 5S4C,2457,7/7/26 02:00,47.088,
Plot Title: 5S4C,2458,7/7/26 02:15,46.548,
Plot Title: 5S4C,2459,7/7/26 02:30,46.188,
Plot Title: 5S4C,2460,7/7/26 02:45,46.008,
Plot Title: 5S4C,2461,7/7/26 03:00,45.828,
Plot Title: 5S4C,2462,7/7/26 03:15,45.648,
Plot Title: 5S4C,2463,7/7/26 03:30,45.648,
Plot Title: 5S4C,2464,7/7/26 03:45,45.466,
Plot Title: 5S4C,2465,7/7/26 04:00,45.104,
Plot Title: 5S4C,2466,7/7/26 04:15,44.922,
Plot Title: 5S4C,2467,7/7/26 04:30,44.922,
Plot Title: 5S4C,2468,7/7/26 04:45,44.742,
Plot Title: 5S4C,2469,7/7/26 05:00,44.742,
Plot Title: 5S4C,2470,7/7/26 05:15,44.742,
Plot Title: 5S4C,2471,7/7/26 05:30,44.742,
Plot Title: 5S4C,2472,7/7/26 05:45,44.742,
Plot Title: 5S4C,2473,7/7/26 06:00,44.742,
Plot Title: 5S4C,2474,7/7/26 06:15,44.742,
Plot Title: 5S4C,2475,7/7/26 06:30,44.922,
Plot Title: 5S4C,2476,7/7/26 06:45,45.104,
Plot Title: 5S4C,2477,7/7/26 07:00,45.286,
Plot Title: 5S4C,2478,7/7/26 07:15,45.648,
Plot Title: 5S4C,2479,7/7/26 07:30,46.188,
Plot Title: 5S4C,2480,7/7/26 07:45,47.624,
Plot Title: 5S4C,2481,7/7/26 08:00,49.05,
Plot Title: 5S4C,2482,7/7/26 08:15,49.582,
Plot Title: 5S4C,2483,7/7/26 08:30,49.937,
Plot Title: 5S4C,2484,7/7/26 08:45,50.29,
Plot Title: 5S4C,2485,7/7/26 09:00,54.669,
Plot Title: 5S4C,2486,7/7/26 09:15,60.024,
Plot Title: 5S4C,2487,7/7/26 09:30,60.539,
Plot Title: 5S4C,2488,7/7/26 09:45,60.883,
Plot Title: 5S4C,2489,7/7/26 10:00,63.455,
Plot Title: 5S4C,2490,7/7/26 10:15,66.022,
Plot Title: 5S4C,2491,7/7/26 10:30,68.934,
Plot Title: 5S4C,2492,7/7/26 10:45,71.856,
Plot Title: 5S4C,2493,7/7/26 11:00,73.407,
Plot Title: 5S4C,2494,7/7/26 11:15,76.703,
Plot Title: 5S4C,2495,7/7/26 11:30,79.151,
Plot Title: 5S4C,2496,7/7/26 11:45,83.399,
Plot Title: 5S4C,2497,7/7/26 12:00,86.823,
Plot Title: 5S4C,2498,7/7/26 12:15,89.384,
Plot Title: 5S4C,2499,7/7/26 12:30,92.363,
Plot Title: 5S4C,2500,7/7/26 12:45,95.016,
Plot Title: 5S4C,2501,7/7/26 13:00,96.942,
Plot Title: 5S4C,2502,7/7/26 13:15,98.897,
Plot Title: 5S4C,2503,7/7/26 13:30,100.882,
Plot Title: 5S4C,2504,7/7/26 13:45,101.685,
Plot Title: 5S4C,2505,7/7/26 14:00,94.633,
Plot Title: 5S4C,2506,7/7/26 14:15,89.569,
Plot Title: 5S4C,2507,7/7/26 14:30,86.641,
Plot Title: 5S4C,2508,7/7/26 14:45,81.09,
Plot Title: 5S4C,2509,7/7/26 15:00,76.876,
Plot Title: 5S4C,2510,7/7/26 15:15,74.098,
Plot Title: 5S4C,2511,7/7/26 15:30,72.199,
Plot Title: 5S4C,2512,7/7/26 15:45,71.168,
Plot Title: 5S4C,2513,7/7/26 16:00,70.137,
Plot Title: 5S4C,2514,7/7/26 16:15,69.449,
Plot Title: 5S4C,2515,7/7/26 16:30,68.592,
Plot Title: 5S4C,2516,7/7/26 16:45,68.421,
Plot Title: 5S4C,2517,7/7/26 17:00,67.906,
Plot Title: 5S4C,2518,7/7/26 17:15,67.735,
Plot Title: 5S4C,2519,7/7/26 17:30,67.05,
Plot Title: 5S4C,2520,7/7/26 17:45,66.879,
Plot Title: 5S4C,2521,7/7/26 18:00,67.05,
Plot Title: 5S4C,2522,7/7/26 18:15,65.68,
Plot Title: 5S4C,2523,7/7/26 18:30,64.31,
Plot Title: 5S4C,2524,7/7/26 18:45,63.455,
Plot Title: 5S4C,2525,7/7/26 19:00,63.282,
Plot Title: 5S4C,2526,7/7/26 19:15,62.769,
Plot Title: 5S4C,2527,7/7/26 19:30,61.912,
Plot Title: 5S4C,2528,7/7/26 19:45,61.569,
Plot Title: 5S4C,2529,7/7/26 20:00,60.539,
Plot Title: 5S4C,2530,7/7/26 20:15,59.508,
Plot Title: 5S4C,2531,7/7/26 20:30,58.647,
Plot Title: 5S4C,2532,7/7/26 20:45,57.614,
Plot Title: 5S4C,2533,7/7/26 21:00,56.75,
Plot Title: 5S4C,2534,7/7/26 21:15,55.711,
Plot Title: 5S4C,2535,7/7/26 21:30,55.017,
Plot Title: 5S4C,2536,7/7/26 21:45,54.322,
Plot Title: 5S4C,2537,7/7/26 22:00,53.623,
Plot Title: 5S4C,2538,7/7/26 22:15,52.925,
Plot Title: 5S4C,2539,7/7/26 22:30,52.576,
Plot Title: 5S4C,2540,7/7/26 22:45,52.05,
Plot Title: 5S4C,2541,7/7/26 23:00,51.699,
Plot Title: 5S4C,2542,7/7/26 23:15,51.346,
Plot Title: 5S4C,2543,7/7/26 23:30,50.995,
Plot Title: 5S4C,2544,7/7/26 23:45,50.643,
Plot Title: 5S4C,2545,7/8/26 00:00,50.466,
Plot Title: 5S4C,2546,7/8/26 00:15,50.29,
Plot Title: 5S4C,2547,7/8/26 00:30,50.113,
Plot Title: 5S4C,2548,7/8/26 00:45,49.759,
Plot Title: 5S4C,2549,7/8/26 01:00,49.228,
Plot Title: 5S4C,2550,7/8/26 01:15,49.05,
Plot Title: 5S4C,2551,7/8/26 01:30,48.695,
Plot Title: 5S4C,2552,7/8/26 01:45,48.517,
Plot Title: 5S4C,2553,7/8/26 02:00,48.339,
Plot Title: 5S4C,2554,7/8/26 02:15,48.16,
Plot Title: 5S4C,2555,7/8/26 02:30,47.802,
Plot Title: 5S4C,2556,7/8/26 02:45,47.624,
Plot Title: 5S4C,2557,7/8/26 03:00,47.624,
Plot Title: 5S4C,2558,7/8/26 03:15,47.802,
Plot Title: 5S4C,2559,7/8/26 03:30,47.802,
Plot Title: 5S4C,2560,7/8/26 03:45,47.802,
Plot Title: 5S4C,2561,7/8/26 04:00,47.802,
Plot Title: 5S4C,2562,7/8/26 04:15,47.982,
Plot Title: 5S4C,2563,7/8/26 04:30,47.982,
Plot Title: 5S4C,2564,7/8/26 04:45,47.446,
Plot Title: 5S4C,2565,7/8/26 05:00,47.088,
Plot Title: 5S4C,2566,7/8/26 05:15,46.728,
Plot Title: 5S4C,2567,7/8/26 05:30,46.548,
Plot Title: 5S4C,2568,7/8/26 05:45,46.369,
Plot Title: 5S4C,2569,7/8/26 06:00,46.188,
Plot Title: 5S4C,2570,7/8/26 06:15,46.008,
Plot Title: 5S4C,2571,7/8/26 06:30,46.188,
Plot Title: 5S4C,2572,7/8/26 06:45,46.188,
Plot Title: 5S4C,2573,7/8/26 07:00,46.548,
Plot Title: 5S4C,2574,7/8/26 07:15,46.908,
Plot Title: 5S4C,2575,7/8/26 07:30,47.802,
Plot Title: 5S4C,2576,7/8/26 07:45,49.404,
Plot Title: 5S4C,2577,7/8/26 08:00,50.819,
Plot Title: 5S4C,2578,7/8/26 08:15,51.172,
Plot Title: 5S4C,2579,7/8/26 08:30,51.346,
Plot Title: 5S4C,2580,7/8/26 08:45,51.523,
Plot Title: 5S4C,2581,7/8/26 09:00,56.057,
Plot Title: 5S4C,2582,7/8/26 09:15,61.741,
Plot Title: 5S4C,2583,7/8/26 09:30,66.366,
Plot Title: 5S4C,2584,7/8/26 09:45,70.137,
Plot Title: 5S4C,2585,7/8/26 10:00,74.271,
Plot Title: 5S4C,2586,7/8/26 10:15,78.274,
Plot Title: 5S4C,2587,7/8/26 10:30,81.797,
Plot Title: 5S4C,2588,7/8/26 10:45,85.374,
Plot Title: 5S4C,2589,7/8/26 11:00,87.915,
Plot Title: 5S4C,2590,7/8/26 11:15,88.65,
Plot Title: 5S4C,2591,7/8/26 11:30,81.975,
Plot Title: 5S4C,2592,7/8/26 11:45,79.853,
Plot Title: 5S4C,2593,7/8/26 12:00,83.579,
Plot Title: 5S4C,2594,7/8/26 12:15,89.384,
Plot Title: 5S4C,2595,7/8/26 12:30,83.221,
Plot Title: 5S4C,2596,7/8/26 12:45,78.274,
Plot Title: 5S4C,2597,7/8/26 13:00,81.797,
Plot Title: 5S4C,2598,7/8/26 13:15,79.151,
Plot Title: 5S4C,2599,7/8/26 13:30,80.029,
Plot Title: 5S4C,2600,7/8/26 13:45,87.004,
Plot Title: 5S4C,2601,7/8/26 14:00,84.654,
Plot Title: 5S4C,2602,7/8/26 14:15,84.654,
Plot Title: 5S4C,2603,7/8/26 14:30,83.579,
Plot Title: 5S4C,2604,7/8/26 14:45,79.853,
Plot Title: 5S4C,2605,7/8/26 15:00,77.4,
Plot Title: 5S4C,2606,7/8/26 15:15,76.006,
Plot Title: 5S4C,2607,7/8/26 15:30,75.484,
Plot Title: 5S4C,2608,7/8/26 15:45,74.446,
Plot Title: 5S4C,2609,7/8/26 16:00,74.098,
Plot Title: 5S4C,2610,7/8/26 16:15,72.372,
Plot Title: 5S4C,2611,7/8/26 16:30,70.137,
Plot Title: 5S4C,2612,7/8/26 16:45,68.592,
Plot Title: 5S4C,2613,7/8/26 17:00,67.564,
Plot Title: 5S4C,2614,7/8/26 17:15,67.221,
Plot Title: 5S4C,2615,7/8/26 17:30,67.05,
Plot Title: 5S4C,2616,7/8/26 17:45,66.193,
Plot Title: 5S4C,2617,7/8/26 18:00,66.193,
Plot Title: 5S4C,2618,7/8/26 18:15,65.68,
Plot Title: 5S4C,2619,7/8/26 18:30,64.652,
Plot Title: 5S4C,2620,7/8/26 18:45,64.31,
Plot Title: 5S4C,2621,7/8/26 19:00,63.455,
Plot Title: 5S4C,2622,7/8/26 19:15,62.94,
Plot Title: 5S4C,2623,7/8/26 19:30,62.083,
Plot Title: 5S4C,2624,7/8/26 19:45,61.569,
Plot Title: 5S4C,2625,7/8/26 20:00,61.227,
Plot Title: 5S4C,2626,7/8/26 20:15,60.195,
Plot Title: 5S4C,2627,7/8/26 20:30,59.337,
Plot Title: 5S4C,2628,7/8/26 20:45,58.303,
Plot Title: 5S4C,2629,7/8/26 21:00,57.785,
Plot Title: 5S4C,2630,7/8/26 21:15,57.268,
Plot Title: 5S4C,2631,7/8/26 21:30,56.057,
Plot Title: 5S4C,2632,7/8/26 21:45,55.189,
Plot Title: 5S4C,2633,7/8/26 22:00,54.495,
Plot Title: 5S4C,2634,7/8/26 22:15,53.973,
Plot Title: 5S4C,2635,7/8/26 22:30,52.225,
Plot Title: 5S4C,2636,7/8/26 22:45,51.346,
Plot Title: 5S4C,2637,7/8/26 23:00,50.643,
Plot Title: 5S4C,2638,7/8/26 23:15,50.29,
Plot Title: 5S4C,2639,7/8/26 23:30,49.937,
Plot Title: 5S4C,2640,7/8/26 23:45,49.582,
Plot Title: 5S4C,2641,7/9/26 00:00,49.228,
Plot Title: 5S4C,2642,7/9/26 00:15,48.695,
Plot Title: 5S4C,2643,7/9/26 00:30,48.517,
Plot Title: 5S4C,2644,7/9/26 00:45,48.517,
Plot Title: 5S4C,2645,7/9/26 01:00,48.517,
Plot Title: 5S4C,2646,7/9/26 01:15,48.517,
Plot Title: 5S4C,2647,7/9/26 01:30,48.339,
Plot Title: 5S4C,2648,7/9/26 01:45,48.339,
Plot Title: 5S4C,2649,7/9/26 02:00,48.16,
Plot Title: 5S4C,2650,7/9/26 02:15,47.982,
Plot Title: 5S4C,2651,7/9/26 02:30,47.802,
Plot Title: 5S4C,2652,7/9/26 02:45,47.624,
Plot Title: 5S4C,2653,7/9/26 03:00,47.446,
Plot Title: 5S4C,2654,7/9/26 03:15,47.266,
Plot Title: 5S4C,2655,7/9/26 03:30,47.266,
Plot Title: 5S4C,2656,7/9/26 03:45,47.088,
Plot Title: 5S4C,2657,7/9/26 04:00,46.908,
Plot Title: 5S4C,2658,7/9/26 04:15,46.548,
Plot Title: 5S4C,2659,7/9/26 04:30,46.369,
Plot Title: 5S4C,2660,7/9/26 04:45,46.008,
Plot Title: 5S4C,2661,7/9/26 05:00,45.648,
Plot Title: 5S4C,2662,7/9/26 05:15,45.466,
Plot Title: 5S4C,2663,7/9/26 05:30,45.286,
Plot Title: 5S4C,2664,7/9/26 05:45,44.922,
Plot Title: 5S4C,2665,7/9/26 06:00,44.922,
Plot Title: 5S4C,2666,7/9/26 06:15,44.742,
Plot Title: 5S4C,2667,7/9/26 06:30,44.742,
Plot Title: 5S4C,2668,7/9/26 06:45,44.922,
Plot Title: 5S4C,2669,7/9/26 07:00,44.922,
Plot Title: 5S4C,2670,7/9/26 07:15,45.286,
Plot Title: 5S4C,2671,7/9/26 07:30,45.828,
Plot Title: 5S4C,2672,7/9/26 07:45,47.802,
Plot Title: 5S4C,2673,7/9/26 08:00,49.228,
Plot Title: 5S4C,2674,7/9/26 08:15,49.404,
Plot Title: 5S4C,2675,7/9/26 08:30,49.228,
Plot Title: 5S4C,2676,7/9/26 08:45,49.582,
Plot Title: 5S4C,2677,7/9/26 09:00,54.147,
Plot Title: 5S4C,2678,7/9/26 09:15,58.993,
Plot Title: 5S4C,2679,7/9/26 09:30,62.598,
Plot Title: 5S4C,2680,7/9/26 09:45,65.68,
Plot Title: 5S4C,2681,7/9/26 10:00,67.735,
Plot Title: 5S4C,2682,7/9/26 10:15,70.48,
Plot Title: 5S4C,2683,7/9/26 10:30,73.58,
Plot Title: 5S4C,2684,7/9/26 10:45,75.484,
Plot Title: 5S4C,2685,7/9/26 11:00,77.4,
Plot Title: 5S4C,2686,7/9/26 11:15,80.382,
Plot Title: 5S4C,2687,7/9/26 11:30,81.266,
Plot Title: 5S4C,2688,7/9/26 11:45,81.442,
Plot Title: 5S4C,2689,7/9/26 12:00,83.757,
Plot Title: 5S4C,2690,7/9/26 12:15,85.735,
Plot Title: 5S4C,2691,7/9/26 12:30,88.282,
Plot Title: 5S4C,2692,7/9/26 12:45,89.755,
Plot Title: 5S4C,2693,7/9/26 13:00,91.24,
Plot Title: 5S4C,2694,7/9/26 13:15,92.737,
Plot Title: 5S4C,2695,7/9/26 13:30,93.873,
Plot Title: 5S4C,2696,7/9/26 13:45,93.115,
Plot Title: 5S4C,2697,7/9/26 14:00,87.368,
Plot Title: 5S4C,2698,7/9/26 14:15,85.014,
Plot Title: 5S4C,2699,7/9/26 14:30,82.864,
Plot Title: 5S4C,2700,7/9/26 14:45,79.151,
Plot Title: 5S4C,2701,7/9/26 15:00,75.832,
Plot Title: 5S4C,2702,7/9/26 15:15,72.891,
Plot Title: 5S4C,2703,7/9/26 15:30,70.48,
Plot Title: 5S4C,2704,7/9/26 15:45,68.763,
Plot Title: 5S4C,2705,7/9/26 16:00,67.735,
Plot Title: 5S4C,2706,7/9/26 16:15,67.221,
Plot Title: 5S4C,2707,7/9/26 16:30,66.022,
Plot Title: 5S4C,2708,7/9/26 16:45,65.167,
Plot Title: 5S4C,2709,7/9/26 17:00,64.31,
Plot Title: 5S4C,2710,7/9/26 17:15,63.968,
Plot Title: 5S4C,2711,7/9/26 17:30,63.282,
Plot Title: 5S4C,2712,7/9/26 17:45,62.425,
Plot Title: 5S4C,2713,7/9/26 18:00,61.569,
Plot Title: 5S4C,2714,7/9/26 18:15,60.539,
Plot Title: 5S4C,2715,7/9/26 18:30,59.68,
Plot Title: 5S4C,2716,7/9/26 18:45,58.82,
Plot Title: 5S4C,2717,7/9/26 19:00,58.131,
Plot Title: 5S4C,2718,7/9/26 19:15,57.441,
Plot Title: 5S4C,2719,7/9/26 19:30,56.923,
Plot Title: 5S4C,2720,7/9/26 19:45,56.23,
Plot Title: 5S4C,2721,7/9/26 20:00,55.711,
Plot Title: 5S4C,2722,7/9/26 20:15,55.189,
Plot Title: 5S4C,2723,7/9/26 20:30,54.669,
Plot Title: 5S4C,2724,7/9/26 20:45,54.147,
Plot Title: 5S4C,2725,7/9/26 21:00,53.798,
Plot Title: 5S4C,2726,7/9/26 21:15,53.274,
Plot Title: 5S4C,2727,7/9/26 21:30,52.75,
Plot Title: 5S4C,2728,7/9/26 21:45,52.225,
Plot Title: 5S4C,2729,7/9/26 22:00,51.874,
Plot Title: 5S4C,2730,7/9/26 22:15,51.523,
Plot Title: 5S4C,2731,7/9/26 22:30,50.995,
Plot Title: 5S4C,2732,7/9/26 22:45,50.643,
Plot Title: 5S4C,2733,7/9/26 23:00,50.29,
Plot Title: 5S4C,2734,7/9/26 23:15,49.937,
Plot Title: 5S4C,2735,7/9/26 23:30,49.582,
Plot Title: 5S4C,2736,7/9/26 23:45,49.228,
Plot Title: 5S4C,2737,7/10/26 00:00,49.05,
Plot Title: 5S4C,2738,7/10/26 00:15,48.695,
Plot Title: 5S4C,2739,7/10/26 00:30,48.339,
Plot Title: 5S4C,2740,7/10/26 00:45,48.16,
Plot Title: 5S4C,2741,7/10/26 01:00,47.802,
Plot Title: 5S4C,2742,7/10/26 01:15,47.624,
Plot Title: 5S4C,2743,7/10/26 01:30,47.446,
Plot Title: 5S4C,2744,7/10/26 01:45,47.088,
Plot Title: 5S4C,2745,7/10/26 02:00,46.908,
Plot Title: 5S4C,2746,7/10/26 02:15,46.728,
Plot Title: 5S4C,2747,7/10/26 02:30,46.728,
Plot Title: 5S4C,2748,7/10/26 02:45,46.728,
Plot Title: 5S4C,2749,7/10/26 03:00,46.548,
Plot Title: 5S4C,2750,7/10/26 03:15,46.548,
Plot Title: 5S4C,2751,7/10/26 03:30,46.548,
Plot Title: 5S4C,2752,7/10/26 03:45,46.369,
Plot Title: 5S4C,2753,7/10/26 04:00,46.369,
Plot Title: 5S4C,2754,7/10/26 04:15,46.008,
Plot Title: 5S4C,2755,7/10/26 04:30,45.828,
Plot Title: 5S4C,2756,7/10/26 04:45,45.648,
Plot Title: 5S4C,2757,7/10/26 05:00,45.466,
Plot Title: 5S4C,2758,7/10/26 05:15,45.104,
Plot Title: 5S4C,2759,7/10/26 05:30,45.104,
Plot Title: 5S4C,2760,7/10/26 05:45,44.922,
Plot Title: 5S4C,2761,7/10/26 06:00,44.742,
Plot Title: 5S4C,2762,7/10/26 06:15,44.742,
Plot Title: 5S4C,2763,7/10/26 06:30,44.922,
Plot Title: 5S4C,2764,7/10/26 06:45,45.104,
Plot Title: 5S4C,2765,7/10/26 07:00,45.466,
Plot Title: 5S4C,2766,7/10/26 07:15,46.008,
Plot Title: 5S4C,2767,7/10/26 07:30,46.728,
Plot Title: 5S4C,2768,7/10/26 07:45,49.05,
Plot Title: 5S4C,2769,7/10/26 08:00,50.29,
Plot Title: 5S4C,2770,7/10/26 08:15,50.643,
Plot Title: 5S4C,2771,7/10/26 08:30,50.466,
Plot Title: 5S4C,2772,7/10/26 08:45,51.346,
Plot Title: 5S4C,2773,7/10/26 09:00,56.577,
Plot Title: 5S4C,2774,7/10/26 09:15,61.741,
Plot Title: 5S4C,2775,7/10/26 09:30,65.68,
Plot Title: 5S4C,2776,7/10/26 09:45,68.934,
Plot Title: 5S4C,2777,7/10/26 10:00,72.372,
Plot Title: 5S4C,2778,7/10/26 10:15,75.484,
Plot Title: 5S4C,2779,7/10/26 10:30,78.624,
Plot Title: 5S4C,2780,7/10/26 10:45,81.442,
Plot Title: 5S4C,2781,7/10/26 11:00,84.295,
Plot Title: 5S4C,2782,7/10/26 11:15,86.823,
Plot Title: 5S4C,2783,7/10/26 11:30,89.384,
Plot Title: 5S4C,2784,7/10/26 11:45,91.987,
Plot Title: 5S4C,2785,7/10/26 12:00,94.633,
Plot Title: 5S4C,2786,7/10/26 12:15,96.361,
Plot Title: 5S4C,2787,7/10/26 12:30,98.897,
Plot Title: 5S4C,2788,7/10/26 12:45,100.882,
Plot Title: 5S4C,2789,7/10/26 13:00,102.697,
Plot Title: 5S4C,2790,7/10/26 13:15,104.128,
Plot Title: 5S4C,2791,7/10/26 13:30,104.954,
Plot Title: 5S4C,2792,7/10/26 13:45,106.205,
Plot Title: 5S4C,2793,7/10/26 14:00,100.283,
Plot Title: 5S4C,2794,7/10/26 14:15,95.016,
Plot Title: 5S4C,2795,7/10/26 14:30,93.682,
Plot Title: 5S4C,2796,7/10/26 14:45,87.004,
Plot Title: 5S4C,2797,7/10/26 15:00,81.797,
Plot Title: 5S4C,2798,7/10/26 15:15,78.8,
Plot Title: 5S4C,2799,7/10/26 15:30,76.354,
Plot Title: 5S4C,2800,7/10/26 15:45,74.619,
Plot Title: 5S4C,2801,7/10/26 16:00,73.58,
Plot Title: 5S4C,2802,7/10/26 16:15,73.58,
Plot Title: 5S4C,2803,7/10/26 16:30,72.545,
Plot Title: 5S4C,2804,7/10/26 16:45,72.028,
Plot Title: 5S4C,2805,7/10/26 17:00,72.028,
Plot Title: 5S4C,2806,7/10/26 17:15,71.856,
Plot Title: 5S4C,2807,7/10/26 17:30,70.824,
Plot Title: 5S4C,2808,7/10/26 17:45,68.934,
Plot Title: 5S4C,2809,7/10/26 18:00,67.564,
Plot Title: 5S4C,2810,7/10/26 18:15,66.537,
Plot Title: 5S4C,2811,7/10/26 18:30,65.509,
Plot Title: 5S4C,2812,7/10/26 18:45,64.825,
Plot Title: 5S4C,2813,7/10/26 19:00,63.626,
Plot Title: 5S4C,2814,7/10/26 19:15,62.769,
Plot Title: 5S4C,2815,7/10/26 19:30,62.425,
Plot Title: 5S4C,2816,7/10/26 19:45,61.227,
Plot Title: 5S4C,2817,7/10/26 20:00,60.368,
Plot Title: 5S4C,2818,7/10/26 20:15,60.024,
Plot Title: 5S4C,2819,7/10/26 20:30,60.195,
Plot Title: 5S4C,2820,7/10/26 20:45,59.68,
Plot Title: 5S4C,2821,7/10/26 21:00,58.647,
Plot Title: 5S4C,2822,7/10/26 21:15,57.785,
Plot Title: 5S4C,2823,7/10/26 21:30,57.096,
Plot Title: 5S4C,2824,7/10/26 21:45,56.577,
Plot Title: 5S4C,2825,7/10/26 22:00,56.057,
Plot Title: 5S4C,2826,7/10/26 22:15,55.711,
Plot Title: 5S4C,2827,7/10/26 22:30,55.364,
Plot Title: 5S4C,2828,7/10/26 22:45,54.842,
Plot Title: 5S4C,2829,7/10/26 23:00,54.322,
Plot Title: 5S4C,2830,7/10/26 23:15,53.973,
Plot Title: 5S4C,2831,7/10/26 23:30,53.798,
Plot Title: 5S4C,2832,7/10/26 23:45,53.449,
Plot Title: 5S4C,2833,7/11/26 00:00,53.274,
Plot Title: 5S4C,2834,7/11/26 00:15,52.925,
Plot Title: 5S4C,2835,7/11/26 00:30,52.75,
Plot Title: 5S4C,2836,7/11/26 00:45,52.576,
Plot Title: 5S4C,2837,7/11/26 01:00,52.225,
Plot Title: 5S4C,2838,7/11/26 01:15,52.225,
Plot Title: 5S4C,2839,7/11/26 01:30,52.05,
Plot Title: 5S4C,2840,7/11/26 01:45,51.874,
Plot Title: 5S4C,2841,7/11/26 02:00,51.874,
Plot Title: 5S4C,2842,7/11/26 02:15,51.523,
Plot Title: 5S4C,2843,7/11/26 02:30,51.346,
Plot Title: 5S4C,2844,7/11/26 02:45,51.172,
Plot Title: 5S4C,2845,7/11/26 03:00,50.995,
Plot Title: 5S4C,2846,7/11/26 03:15,50.643,
Plot Title: 5S4C,2847,7/11/26 03:30,50.466,
Plot Title: 5S4C,2848,7/11/26 03:45,50.29,
Plot Title: 5S4C,2849,7/11/26 04:00,50.466,
Plot Title: 5S4C,2850,7/11/26 04:15,50.466,
Plot Title: 5S4C,2851,7/11/26 04:30,50.29,
Plot Title: 5S4C,2852,7/11/26 04:45,50.29,
Plot Title: 5S4C,2853,7/11/26 05:00,50.113,
Plot Title: 5S4C,2854,7/11/26 05:15,50.113,
Plot Title: 5S4C,2855,7/11/26 05:30,50.29,
Plot Title: 5S4C,2856,7/11/26 05:45,50.29,
Plot Title: 5S4C,2857,7/11/26 06:00,50.466,
Plot Title: 5S4C,2858,7/11/26 06:15,50.466,
Plot Title: 5S4C,2859,7/11/26 06:30,50.643,
Plot Title: 5S4C,2860,7/11/26 06:45,50.643,
Plot Title: 5S4C,2861,7/11/26 07:00,50.819,
Plot Title: 5S4C,2862,7/11/26 07:15,51.172,
Plot Title: 5S4C,2863,7/11/26 07:30,51.874,
Plot Title: 5S4C,2864,7/11/26 07:45,53.798,
Plot Title: 5S4C,2865,7/11/26 08:00,54.842,
Plot Title: 5S4C,2866,7/11/26 08:15,55.189,
Plot Title: 5S4C,2867,7/11/26 08:30,55.189,
Plot Title: 5S4C,2868,7/11/26 08:45,55.884,
Plot Title: 5S4C,2869,7/11/26 09:00,60.539,
Plot Title: 5S4C,2870,7/11/26 09:15,65.338,
Plot Title: 5S4C,2871,7/11/26 09:30,69.278,
Plot Title: 5S4C,2872,7/11/26 09:45,73.062,
Plot Title: 5S4C,2873,7/11/26 10:00,76.703,
Plot Title: 5S4C,2874,7/11/26 10:15,80.206,
Plot Title: 5S4C,2875,7/11/26 10:30,83.399,
Plot Title: 5S4C,2876,7/11/26 10:45,86.823,
Plot Title: 5S4C,2877,7/11/26 11:00,90.124,
Plot Title: 5S4C,2878,7/11/26 11:15,93.115,
Plot Title: 5S4C,2879,7/11/26 11:30,95.976,
Plot Title: 5S4C,2880,7/11/26 11:45,98.11,
Plot Title: 5S4C,2881,7/11/26 12:00,100.083,
Plot Title: 5S4C,2882,7/11/26 12:15,102.9,
Plot Title: 5S4C,2883,7/11/26 12:30,104.333,
Plot Title: 5S4C,2884,7/11/26 12:45,105.994,
Plot Title: 5S4C,2885,7/11/26 13:00,108.322,
Plot Title: 5S4C,2886,7/11/26 13:15,110.264,
Plot Title: 5S4C,2887,7/11/26 13:30,111.36,
Plot Title: 5S4C,2888,7/11/26 13:45,111.58,
Plot Title: 5S4C,2889,7/11/26 14:00,107.895,
Plot Title: 5S4C,2890,7/11/26 14:15,102.9,
Plot Title: 5S4C,2891,7/11/26 14:30,99.885,
Plot Title: 5S4C,2892,7/11/26 14:45,92.174,
Plot Title: 5S4C,2893,7/11/26 15:00,86.277,
Plot Title: 5S4C,2894,7/11/26 15:15,82.33,
Plot Title: 5S4C,2895,7/11/26 15:30,79.502,
Plot Title: 5S4C,2896,7/11/26 15:45,77.225,
Plot Title: 5S4C,2897,7/11/26 16:00,75.832,
Plot Title: 5S4C,2898,7/11/26 16:15,75.139,
Plot Title: 5S4C,2899,7/11/26 16:30,73.58,
Plot Title: 5S4C,2900,7/11/26 16:45,72.545,
Plot Title: 5S4C,2901,7/11/26 17:00,71.512,
Plot Title: 5S4C,2902,7/11/26 17:15,71.168,
Plot Title: 5S4C,2903,7/11/26 17:30,70.137,
Plot Title: 5S4C,2904,7/11/26 17:45,68.934,
Plot Title: 5S4C,2905,7/11/26 18:00,67.906,
Plot Title: 5S4C,2906,7/11/26 18:15,67.221,
Plot Title: 5S4C,2907,7/11/26 18:30,66.193,
Plot Title: 5S4C,2908,7/11/26 18:45,65.509,
Plot Title: 5S4C,2909,7/11/26 19:00,64.825,
Plot Title: 5S4C,2910,7/11/26 19:15,64.139,
Plot Title: 5S4C,2911,7/11/26 19:30,63.626,
Plot Title: 5S4C,2912,7/11/26 19:45,62.94,
Plot Title: 5S4C,2913,7/11/26 20:00,62.425,
Plot Title: 5S4C,2914,7/11/26 20:15,61.912,
Plot Title: 5S4C,2915,7/11/26 20:30,61.569,
Plot Title: 5S4C,2916,7/11/26 20:45,61.227,
Plot Title: 5S4C,2917,7/11/26 21:00,60.712,
Plot Title: 5S4C,2918,7/11/26 21:15,60.368,
Plot Title: 5S4C,2919,7/11/26 21:30,59.68,
Plot Title: 5S4C,2920,7/11/26 21:45,59.164,
Plot Title: 5S4C,2921,7/11/26 22:00,58.647,
Plot Title: 5S4C,2922,7/11/26 22:15,58.131,
Plot Title: 5S4C,2923,7/11/26 22:30,57.614,
Plot Title: 5S4C,2924,7/11/26 22:45,57.268,
Plot Title: 5S4C,2925,7/11/26 23:00,56.923,
Plot Title: 5S4C,2926,7/11/26 23:15,56.577,
Plot Title: 5S4C,2927,7/11/26 23:30,56.23,
Plot Title: 5S4C,2928,7/11/26 23:45,55.884,
Plot Title: 5S4C,2929,7/12/26 00:00,55.537,
Plot Title: 5S4C,2930,7/12/26 00:15,55.711,
Plot Title: 5S4C,2931,7/12/26 00:30,55.711,
Plot Title: 5S4C,2932,7/12/26 00:45,55.884,
Plot Title: 5S4C,2933,7/12/26 01:00,55.884,
Plot Title: 5S4C,2934,7/12/26 01:15,55.884,
Plot Title: 5S4C,2935,7/12/26 01:30,55.537,
Plot Title: 5S4C,2936,7/12/26 01:45,55.364,
Plot Title: 5S4C,2937,7/12/26 02:00,55.189,
Plot Title: 5S4C,2938,7/12/26 02:15,55.364,
Plot Title: 5S4C,2939,7/12/26 02:30,55.537,
Plot Title: 5S4C,2940,7/12/26 02:45,55.189,
Plot Title: 5S4C,2941,7/12/26 03:00,54.495,
Plot Title: 5S4C,2942,7/12/26 03:15,54.322,
Plot Title: 5S4C,2943,7/12/26 03:30,54.322,
Plot Title: 5S4C,2944,7/12/26 03:45,54.322,
Plot Title: 5S4C,2945,7/12/26 04:00,54.147,
Plot Title: 5S4C,2946,7/12/26 04:15,54.147,
Plot Title: 5S4C,2947,7/12/26 04:30,54.147,
Plot Title: 5S4C,2948,7/12/26 04:45,53.973,
Plot Title: 5S4C,2949,7/12/26 05:00,53.798,
Plot Title: 5S4C,2950,7/12/26 05:15,53.623,
Plot Title: 5S4C,2951,7/12/26 05:30,53.449,
Plot Title: 5S4C,2952,7/12/26 05:45,53.449,
Plot Title: 5S4C,2953,7/12/26 06:00,53.449,
Plot Title: 5S4C,2954,7/12/26 06:15,53.798,
Plot Title: 5S4C,2955,7/12/26 06:30,53.798,
Plot Title: 5S4C,2956,7/12/26 06:45,53.973,
Plot Title: 5S4C,2957,7/12/26 07:00,53.973,
Plot Title: 5S4C,2958,7/12/26 07:15,54.147,
Plot Title: 5S4C,2959,7/12/26 07:30,54.669,
Plot Title: 5S4C,2960,7/12/26 07:45,56.577,
Plot Title: 5S4C,2961,7/12/26 08:00,57.096,
Plot Title: 5S4C,2962,7/12/26 08:15,57.441,
Plot Title: 5S4C,2963,7/12/26 08:30,57.958,
Plot Title: 5S4C,2964,7/12/26 08:45,58.82,
Plot Title: 5S4C,2965,7/12/26 09:00,62.598,
Plot Title: 5S4C,2966,7/12/26 09:15,67.392,
Plot Title: 5S4C,2967,7/12/26 09:30,72.028,
Plot Title: 5S4C,2968,7/12/26 09:45,74.791,
Plot Title: 5S4C,2969,7/12/26 10:00,76.876,
Plot Title: 5S4C,2970,7/12/26 10:15,78.975,
Plot Title: 5S4C,2971,7/12/26 10:30,84.834,
Plot Title: 5S4C,2972,7/12/26 10:45,89.017,
Plot Title: 5S4C,2973,7/12/26 11:00,93.115,
Plot Title: 5S4C,2974,7/12/26 11:15,97.331,
Plot Title: 5S4C,2975,7/12/26 11:30,100.283,
Plot Title: 5S4C,2976,7/12/26 11:45,100.683,
Plot Title: 5S4C,2977,7/12/26 12:00,99.687,
Plot Title: 5S4C,2978,7/12/26 12:15,100.283,
Plot Title: 5S4C,2979,7/12/26 12:30,99.093,
Plot Title: 5S4C,2980,7/12/26 12:45,96.361,
Plot Title: 5S4C,2981,7/12/26 13:00,97.525,
Plot Title: 5S4C,2982,7/12/26 13:15,99.687,
Plot Title: 5S4C,2983,7/12/26 13:30,105.161,
Plot Title: 5S4C,2984,7/12/26 13:45,106.835,
Plot Title: 5S4C,2985,7/12/26 14:00,107.046,
Plot Title: 5S4C,2986,7/12/26 14:15,105.37,
Plot Title: 5S4C,2987,7/12/26 14:30,102.088,
Plot Title: 5S4C,2988,7/12/26 14:45,95.4,
Plot Title: 5S4C,2989,7/12/26 15:00,88.282,
Plot Title: 5S4C,2990,7/12/26 15:15,85.014,
Plot Title: 5S4C,2991,7/12/26 15:30,82.686,
Plot Title: 5S4C,2992,7/12/26 15:45,80.029,
Plot Title: 5S4C,2993,7/12/26 16:00,78.274,
Plot Title: 5S4C,2994,7/12/26 16:15,77.749,
Plot Title: 5S4C,2995,7/12/26 16:30,77.05,
Plot Title: 5S4C,2996,7/12/26 16:45,76.006,
Plot Title: 5S4C,2997,7/12/26 17:00,74.791,
Plot Title: 5S4C,2998,7/12/26 17:15,74.791,
Plot Title: 5S4C,2999,7/12/26 17:30,73.926,
Plot Title: 5S4C,3000,7/12/26 17:45,73.062,
Plot Title: 5S4C,3001,7/12/26 18:00,72.372,
Plot Title: 5S4C,3002,7/12/26 18:15,71.512,
Plot Title: 5S4C,3003,7/12/26 18:30,70.308,
Plot Title: 5S4C,3004,7/12/26 18:45,69.622,
Plot Title: 5S4C,3005,7/12/26 19:00,68.592,
Plot Title: 5S4C,3006,7/12/26 19:15,67.906,
Plot Title: 5S4C,3007,7/12/26 19:30,67.221,
Plot Title: 5S4C,3008,7/12/26 19:45,66.708,
Plot Title: 5S4C,3009,7/12/26 20:00,65.851,
Plot Title: 5S4C,3010,7/12/26 20:15,65.167,
Plot Title: 5S4C,3011,7/12/26 20:30,64.825,
Plot Title: 5S4C,3012,7/12/26 20:45,64.139,
Plot Title: 5S4C,3013,7/12/26 21:00,63.282,
Plot Title: 5S4C,3014,7/12/26 21:15,62.254,
Plot Title: 5S4C,3015,7/12/26 21:30,61.398,
Plot Title: 5S4C,3016,7/12/26 21:45,60.539,
Plot Title: 5S4C,3017,7/12/26 22:00,59.851,
Plot Title: 5S4C,3018,7/12/26 22:15,59.164,
Plot Title: 5S4C,3019,7/12/26 22:30,58.476,
Plot Title: 5S4C,3020,7/12/26 22:45,57.785,
Plot Title: 5S4C,3021,7/12/26 23:00,57.268,
Plot Title: 5S4C,3022,7/12/26 23:15,56.75,
Plot Title: 5S4C,3023,7/12/26 23:30,56.23,
Plot Title: 5S4C,3024,7/12/26 23:45,55.711,
Plot Title: 5S4C,3025,7/13/26 00:00,55.364,
Plot Title: 5S4C,3026,7/13/26 00:15,54.842,
Plot Title: 5S4C,3027,7/13/26 00:30,54.669,
Plot Title: 5S4C,3028,7/13/26 00:45,54.322,
Plot Title: 5S4C,3029,7/13/26 01:00,53.973,
Plot Title: 5S4C,3030,7/13/26 01:15,53.623,
Plot Title: 5S4C,3031,7/13/26 01:30,53.274,
Plot Title: 5S4C,3032,7/13/26 01:45,52.925,
Plot Title: 5S4C,3033,7/13/26 02:00,52.75,
Plot Title: 5S4C,3034,7/13/26 02:15,52.401,
Plot Title: 5S4C,3035,7/13/26 02:30,52.05,
Plot Title: 5S4C,3036,7/13/26 02:45,51.874,
Plot Title: 5S4C,3037,7/13/26 03:00,51.523,
Plot Title: 5S4C,3038,7/13/26 03:15,51.172,
Plot Title: 5S4C,3039,7/13/26 03:30,50.819,
Plot Title: 5S4C,3040,7/13/26 03:45,50.466,
Plot Title: 5S4C,3041,7/13/26 04:00,50.29,
Plot Title: 5S4C,3042,7/13/26 04:15,50.113,
Plot Title: 5S4C,3043,7/13/26 04:30,49.937,
Plot Title: 5S4C,3044,7/13/26 04:45,49.759,
Plot Title: 5S4C,3045,7/13/26 05:00,49.759,
Plot Title: 5S4C,3046,7/13/26 05:15,49.759,
Plot Title: 5S4C,3047,7/13/26 05:30,49.582,
Plot Title: 5S4C,3048,7/13/26 05:45,49.404,
Plot Title: 5S4C,3049,7/13/26 06:00,49.404,
Plot Title: 5S4C,3050,7/13/26 06:15,49.404,
Plot Title: 5S4C,3051,7/13/26 06:30,49.582,
Plot Title: 5S4C,3052,7/13/26 06:45,49.937,
Plot Title: 5S4C,3053,7/13/26 07:00,50.29,
Plot Title: 5S4C,3054,7/13/26 07:15,50.643,
Plot Title: 5S4C,3055,7/13/26 07:30,51.172,
Plot Title: 5S4C,3056,7/13/26 07:45,53.274,
Plot Title: 5S4C,3057,7/13/26 08:00,54.322,
Plot Title: 5S4C,3058,7/13/26 08:15,55.017,
Plot Title: 5S4C,3059,7/13/26 08:30,55.364,
Plot Title: 5S4C,3060,7/13/26 08:45,56.23,
Plot Title: 5S4C,3061,7/13/26 09:00,61.741,
Plot Title: 5S4C,3062,7/13/26 09:15,67.392,
Plot Title: 5S4C,3063,7/13/26 09:30,72.028,
Plot Title: 5S4C,3064,7/13/26 09:45,76.354,
Plot Title: 5S4C,3065,7/13/26 10:00,80.382,
Plot Title: 5S4C,3066,7/13/26 10:15,84.295,
Plot Title: 5S4C,3067,7/13/26 10:30,87.915,
Plot Title: 5S4C,3068,7/13/26 10:45,91.24,
Plot Title: 5S4C,3069,7/13/26 11:00,95.016,
Plot Title: 5S4C,3070,7/13/26 11:15,98.307,
Plot Title: 5S4C,3071,7/13/26 11:30,101.282,
Plot Title: 5S4C,3072,7/13/26 11:45,104.128,
Plot Title: 5S4C,3073,7/13/26 12:00,106.414,
Plot Title: 5S4C,3074,7/13/26 12:15,108.964,
Plot Title: 5S4C,3075,7/13/26 12:30,110.919,
Plot Title: 5S4C,3076,7/13/26 12:45,113.137,
Plot Title: 5S4C,3077,7/13/26 13:00,114.949,
Plot Title: 5S4C,3078,7/13/26 13:15,116.33,
Plot Title: 5S4C,3079,7/13/26 13:30,117.262,
Plot Title: 5S4C,3080,7/13/26 13:45,118.441,
Plot Title: 5S4C,3081,7/13/26 14:00,114.492,
Plot Title: 5S4C,3082,7/13/26 14:15,108.536,
Plot Title: 5S4C,3083,7/13/26 14:30,105.37,
Plot Title: 5S4C,3084,7/13/26 14:45,98.503,
Plot Title: 5S4C,3085,7/13/26 15:00,92.55,
Plot Title: 5S4C,3086,7/13/26 15:15,88.466,
Plot Title: 5S4C,3087,7/13/26 15:30,85.915,
Plot Title: 5S4C,3088,7/13/26 15:45,83.757,
Plot Title: 5S4C,3089,7/13/26 16:00,81.797,
Plot Title: 5S4C,3090,7/13/26 16:15,80.559,
Plot Title: 5S4C,3091,7/13/26 16:30,80.382,
Plot Title: 5S4C,3092,7/13/26 16:45,79.853,
Plot Title: 5S4C,3093,7/13/26 17:00,78.274,
Plot Title: 5S4C,3094,7/13/26 17:15,77.05,
Plot Title: 5S4C,3095,7/13/26 17:30,76.006,
Plot Title: 5S4C,3096,7/13/26 17:45,75.312,
Plot Title: 5S4C,3097,7/13/26 18:00,74.098,
Plot Title: 5S4C,3098,7/13/26 18:15,72.199,
Plot Title: 5S4C,3099,7/13/26 18:30,70.48,
Plot Title: 5S4C,3100,7/13/26 18:45,69.278,
Plot Title: 5S4C,3101,7/13/26 19:00,68.077,
Plot Title: 5S4C,3102,7/13/26 19:15,67.05,
Plot Title: 5S4C,3103,7/13/26 19:30,66.022,
Plot Title: 5S4C,3104,7/13/26 19:45,65.167,
Plot Title: 5S4C,3105,7/13/26 20:00,64.31,
Plot Title: 5S4C,3106,7/13/26 20:15,63.455,
Plot Title: 5S4C,3107,7/13/26 20:30,62.598,
Plot Title: 5S4C,3108,7/13/26 20:45,61.912,
Plot Title: 5S4C,3109,7/13/26 21:00,61.054,
Plot Title: 5S4C,3110,7/13/26 21:15,60.539,
Plot Title: 5S4C,3111,7/13/26 21:30,60.024,
Plot Title: 5S4C,3112,7/13/26 21:45,59.851,
Plot Title: 5S4C,3113,7/13/26 22:00,60.024,
Plot Title: 5S4C,3114,7/13/26 22:15,56.923,
Plot Title: 5S4C,3115,7/13/26 22:30,55.884,
Plot Title: 5S4C,3116,7/13/26 22:45,55.364,
Plot Title: 5S4C,3117,7/13/26 23:00,54.842,
Plot Title: 5S4C,3118,7/13/26 23:15,54.669,
Plot Title: 5S4C,3119,7/13/26 23:30,54.322,
Plot Title: 5S4C,3120,7/13/26 23:45,54.147,
Plot Title: 5S4C,3121,7/14/26 00:00,53.798,
Plot Title: 5S4C,3122,7/14/26 00:15,53.449,
Plot Title: 5S4C,3123,7/14/26 00:30,53.274,
Plot Title: 5S4C,3124,7/14/26 00:45,52.925,
Plot Title: 5S4C,3125,7/14/26 01:00,52.576,
Plot Title: 5S4C,3126,7/14/26 01:15,52.401,
Plot Title: 5S4C,3127,7/14/26 01:30,52.225,
Plot Title: 5S4C,3128,7/14/26 01:45,52.05,
Plot Title: 5S4C,3129,7/14/26 02:00,51.874,
Plot Title: 5S4C,3130,7/14/26 02:15,51.699,
Plot Title: 5S4C,3131,7/14/26 02:30,51.523,
Plot Title: 5S4C,3132,7/14/26 02:45,51.523,
Plot Title: 5S4C,3133,7/14/26 03:00,51.172,
Plot Title: 5S4C,3134,7/14/26 03:15,51.172,
Plot Title: 5S4C,3135,7/14/26 03:30,51.172,
Plot Title: 5S4C,3136,7/14/26 03:45,50.995,
Plot Title: 5S4C,3137,7/14/26 04:00,50.995,
Plot Title: 5S4C,3138,7/14/26 04:15,50.819,
Plot Title: 5S4C,3139,7/14/26 04:30,50.819,
Plot Title: 5S4C,3140,7/14/26 04:45,50.643,
Plot Title: 5S4C,3141,7/14/26 05:00,50.643,
Plot Title: 5S4C,3142,7/14/26 05:15,50.466,
Plot Title: 5S4C,3143,7/14/26 05:30,50.29,
Plot Title: 5S4C,3144,7/14/26 05:45,50.29,
Plot Title: 5S4C,3145,7/14/26 06:00,50.643,
Plot Title: 5S4C,3146,7/14/26 06:15,51.172,
Plot Title: 5S4C,3147,7/14/26 06:30,51.699,
Plot Title: 5S4C,3148,7/14/26 06:45,52.05,
Plot Title: 5S4C,3149,7/14/26 07:00,52.225,
Plot Title: 5S4C,3150,7/14/26 07:15,53.1,
Plot Title: 5S4C,3151,7/14/26 07:30,53.973,
Plot Title: 5S4C,3152,7/14/26 07:45,55.537,
Plot Title: 5S4C,3153,7/14/26 08:00,56.923,
Plot Title: 5S4C,3154,7/14/26 08:15,57.614,
Plot Title: 5S4C,3155,7/14/26 08:30,57.441,
Plot Title: 5S4C,3156,7/14/26 08:45,58.303,
Plot Title: 5S4C,3157,7/14/26 09:00,62.254,
Plot Title: 5S4C,3158,7/14/26 09:15,65.851,
Plot Title: 5S4C,3159,7/14/26 09:30,69.449,
Plot Title: 5S4C,3160,7/14/26 09:45,72.199,
Plot Title: 5S4C,3161,7/14/26 10:00,75.484,
Plot Title: 5S4C,3162,7/14/26 10:15,78.274,
Plot Title: 5S4C,3163,7/14/26 10:30,82.508,
Plot Title: 5S4C,3164,7/14/26 10:45,85.554,
Plot Title: 5S4C,3165,7/14/26 11:00,87.368,
Plot Title: 5S4C,3166,7/14/26 11:15,87.552,
Plot Title: 5S4C,3167,7/14/26 11:30,86.823,
Plot Title: 5S4C,3168,7/14/26 11:45,89.938,
Plot Title: 5S4C,3169,7/14/26 12:00,94.633,
Plot Title: 5S4C,3170,7/14/26 12:15,99.687,
Plot Title: 5S4C,3171,7/14/26 12:30,102.697,
Plot Title: 5S4C,3172,7/14/26 12:45,104.954,
Plot Title: 5S4C,3173,7/14/26 13:00,101.484,
Plot Title: 5S4C,3174,7/14/26 13:15,99.489,
Plot Title: 5S4C,3175,7/14/26 13:30,107.258,
Plot Title: 5S4C,3176,7/14/26 13:45,111.139,
Plot Title: 5S4C,3177,7/14/26 14:00,109.18,
Plot Title: 5S4C,3178,7/14/26 14:15,103.104,
Plot Title: 5S4C,3179,7/14/26 14:30,97.916,
Plot Title: 5S4C,3180,7/14/26 14:45,95.016,
Plot Title: 5S4C,3181,7/14/26 15:00,90.68,
Plot Title: 5S4C,3182,7/14/26 15:15,87.004,
Plot Title: 5S4C,3183,7/14/26 15:30,84.115,
Plot Title: 5S4C,3184,7/14/26 15:45,82.33,
Plot Title: 5S4C,3185,7/14/26 16:00,80.735,
Plot Title: 5S4C,3186,7/14/26 16:15,79.502,
Plot Title: 5S4C,3187,7/14/26 16:30,79.326,
Plot Title: 5S4C,3188,7/14/26 16:45,78.8,
Plot Title: 5S4C,3189,7/14/26 17:00,77.749,
Plot Title: 5S4C,3190,7/14/26 17:15,76.876,
Plot Title: 5S4C,3191,7/14/26 17:30,75.312,
Plot Title: 5S4C,3192,7/14/26 17:45,73.926,
Plot Title: 5S4C,3193,7/14/26 18:00,73.926,
Plot Title: 5S4C,3194,7/14/26 18:15,73.926,
Plot Title: 5S4C,3195,7/14/26 18:30,72.718,
Plot Title: 5S4C,3196,7/14/26 18:45,70.995,
Plot Title: 5S4C,3197,7/14/26 19:00,69.449,
Plot Title: 5S4C,3198,7/14/26 19:15,68.077,
Plot Title: 5S4C,3199,7/14/26 19:30,67.221,
Plot Title: 5S4C,3200,7/14/26 19:45,66.193,
Plot Title: 5S4C,3201,7/14/26 20:00,65.167,
Plot Title: 5S4C,3202,7/14/26 20:15,64.481,
Plot Title: 5S4C,3203,7/14/26 20:30,63.797,
Plot Title: 5S4C,3204,7/14/26 20:45,63.455,
Plot Title: 5S4C,3205,7/14/26 21:00,62.769,
Plot Title: 5S4C,3206,7/14/26 21:15,61.741,
Plot Title: 5S4C,3207,7/14/26 21:30,60.883,
Plot Title: 5S4C,3208,7/14/26 21:45,60.195,
Plot Title: 5S4C,3209,7/14/26 22:00,59.508,
Plot Title: 5S4C,3210,7/14/26 22:15,58.647,
Plot Title: 5S4C,3211,7/14/26 22:30,57.958,
Plot Title: 5S4C,3212,7/14/26 22:45,57.441,
Plot Title: 5S4C,3213,7/14/26 23:00,57.096,
Plot Title: 5S4C,3214,7/14/26 23:15,57.268,
Plot Title: 5S4C,3215,7/14/26 23:30,57.441,
Plot Title: 5S4C,3216,7/14/26 23:45,57.268,
Plot Title: 5S4C,3217,7/15/26 00:00,57.268,
Plot Title: 5S4C,3218,7/15/26 00:15,57.096,
Plot Title: 5S4C,3219,7/15/26 00:30,56.577,
Plot Title: 5S4C,3220,7/15/26 00:45,55.884,
Plot Title: 5S4C,3221,7/15/26 01:00,55.537,
Plot Title: 5S4C,3222,7/15/26 01:15,55.364,
Plot Title: 5S4C,3223,7/15/26 01:30,55.537,
Plot Title: 5S4C,3224,7/15/26 01:45,55.537,
Plot Title: 5S4C,3225,7/15/26 02:00,55.711,
Plot Title: 5S4C,3226,7/15/26 02:15,55.537,
Plot Title: 5S4C,3227,7/15/26 02:30,55.189,
Plot Title: 5S4C,3228,7/15/26 02:45,55.364,
Plot Title: 5S4C,3229,7/15/26 03:00,55.537,
Plot Title: 5S4C,3230,7/15/26 03:15,55.537,
Plot Title: 5S4C,3231,7/15/26 03:30,55.537,
Plot Title: 5S4C,3232,7/15/26 03:45,55.537,
Plot Title: 5S4C,3233,7/15/26 04:00,55.364,
Plot Title: 5S4C,3234,7/15/26 04:15,55.017,
Plot Title: 5S4C,3235,7/15/26 04:30,54.842,
Plot Title: 5S4C,3236,7/15/26 04:45,54.322,
Plot Title: 5S4C,3237,7/15/26 05:00,53.798,
Plot Title: 5S4C,3238,7/15/26 05:15,53.623,
Plot Title: 5S4C,3239,7/15/26 05:30,53.449,
Plot Title: 5S4C,3240,7/15/26 05:45,53.1,
Plot Title: 5S4C,3241,7/15/26 06:00,53.1,
Plot Title: 5S4C,3242,7/15/26 06:15,52.925,
Plot Title: 5S4C,3243,7/15/26 06:30,53.274,
Plot Title: 5S4C,3244,7/15/26 06:45,53.798,
Plot Title: 5S4C,3245,7/15/26 07:00,54.495,
Plot Title: 5S4C,3246,7/15/26 07:15,54.669,
Plot Title: 5S4C,3247,7/15/26 07:30,54.842,
Plot Title: 5S4C,3248,7/15/26 07:45,55.364,
Plot Title: 5S4C,3249,7/15/26 08:00,55.884,
Plot Title: 5S4C,3250,7/15/26 08:15,56.577,
Plot Title: 5S4C,3251,7/15/26 08:30,57.268,
Plot Title: 5S4C,3252,7/15/26 08:45,57.441,
Plot Title: 5S4C,3253,7/15/26 09:00,57.785,
Plot Title: 5S4C,3254,7/15/26 09:15,58.476,
Plot Title: 5S4C,3255,7/15/26 09:30,58.993,
Plot Title: 5S4C,3256,7/15/26 09:45,59.68,
Plot Title: 5S4C,3257,7/15/26 10:00,60.024,
Plot Title: 5S4C,3258,7/15/26 10:15,60.539,
Plot Title: 5S4C,3259,7/15/26 10:30,61.741,
Plot Title: 5S4C,3260,7/15/26 10:45,63.968,
Plot Title: 5S4C,3261,7/15/26 11:00,62.769,
Plot Title: 5S4C,3262,7/15/26 11:15,61.741,
Plot Title: 5S4C,3263,7/15/26 11:30,60.883,
Plot Title: 5S4C,3264,7/15/26 11:45,59.68,
Plot Title: 5S4C,3265,7/15/26 12:00,58.647,
Plot Title: 5S4C,3266,7/15/26 12:15,57.614,
Plot Title: 5S4C,3267,7/15/26 12:30,57.096,
Plot Title: 5S4C,3268,7/15/26 12:45,56.404,
Plot Title: 5S4C,3269,7/15/26 13:00,55.711,
Plot Title: 5S4C,3270,7/15/26 13:15,55.189,
Plot Title: 5S4C,3271,7/15/26 13:30,55.189,
Plot Title: 5S4C,3272,7/15/26 13:45,55.537,
Plot Title: 5S4C,3273,7/15/26 14:00,57.268,
Plot Title: 5S4C,3274,7/15/26 14:15,60.539,
Plot Title: 5S4C,3275,7/15/26 14:30,64.652,
Plot Title: 5S4C,3276,7/15/26 14:45,64.996,
Plot Title: 5S4C,3277,7/15/26 15:00,63.455,
Plot Title: 5S4C,3278,7/15/26 15:15,62.94,
Plot Title: 5S4C,3279,7/15/26 15:30,62.254,
Plot Title: 5S4C,3280,7/15/26 15:45,61.569,
Plot Title: 5S4C,3281,7/15/26 16:00,61.569,
Plot Title: 5S4C,3282,7/15/26 16:15,61.398,
Plot Title: 5S4C,3283,7/15/26 16:30,61.912,
Plot Title: 5S4C,3284,7/15/26 16:45,61.741,
Plot Title: 5S4C,3285,7/15/26 17:00,62.425,
Plot Title: 5S4C,3286,7/15/26 17:15,63.111,
Plot Title: 5S4C,3287,7/15/26 17:30,63.282,
Plot Title: 5S4C,3288,7/15/26 17:45,62.769,
Plot Title: 5S4C,3289,7/15/26 18:00,61.741,
Plot Title: 5S4C,3290,7/15/26 18:15,61.227,
Plot Title: 5S4C,3291,7/15/26 18:30,61.054,
Plot Title: 5S4C,3292,7/15/26 18:45,60.368,
Plot Title: 5S4C,3293,7/15/26 19:00,59.68,
Plot Title: 5S4C,3294,7/15/26 19:15,59.164,
Plot Title: 5S4C,3295,7/15/26 19:30,58.993,
Plot Title: 5S4C,3296,7/15/26 19:45,58.476,
Plot Title: 5S4C,3297,7/15/26 20:00,58.303,
Plot Title: 5S4C,3298,7/15/26 20:15,57.614,
Plot Title: 5S4C,3299,7/15/26 20:30,56.75,
Plot Title: 5S4C,3300,7/15/26 20:45,55.711,
Plot Title: 5S4C,3301,7/15/26 21:00,54.842,
Plot Title: 5S4C,3302,7/15/26 21:15,54.322,
Plot Title: 5S4C,3303,7/15/26 21:30,53.798,
Plot Title: 5S4C,3304,7/15/26 21:45,53.274,
Plot Title: 5S4C,3305,7/15/26 22:00,53.1,
Plot Title: 5S4C,3306,7/15/26 22:15,52.75,
Plot Title: 5S4C,3307,7/15/26 22:30,52.75,
Plot Title: 5S4C,3308,7/15/26 22:45,52.576,
Plot Title: 5S4C,3309,7/15/26 23:00,52.401,
Plot Title: 5S4C,3310,7/15/26 23:15,52.225,
Plot Title: 5S4C,3311,7/15/26 23:30,52.225,
Plot Title: 5S4C,3312,7/15/26 23:45,52.05,
Plot Title: 5S4C,3313,7/16/26 00:00,52.05,
Plot Title: 5S4C,3314,7/16/26 00:15,51.874,
Plot Title: 5S4C,3315,7/16/26 00:30,51.699,
Plot Title: 5S4C,3316,7/16/26 00:45,51.523,
Plot Title: 5S4C,3317,7/16/26 01:00,51.346,
Plot Title: 5S4C,3318,7/16/26 01:15,51.172,
Plot Title: 5S4C,3319,7/16/26 01:30,50.819,
Plot Title: 5S4C,3320,7/16/26 01:45,50.466,
Plot Title: 5S4C,3321,7/16/26 02:00,50.113,
Plot Title: 5S4C,3322,7/16/26 02:15,50.113,
Plot Title: 5S4C,3323,7/16/26 02:30,49.937,
Plot Title: 5S4C,3324,7/16/26 02:45,49.759,
Plot Title: 5S4C,3325,7/16/26 03:00,49.582,
Plot Title: 5S4C,3326,7/16/26 03:15,49.404,
Plot Title: 5S4C,3327,7/16/26 03:30,49.404,
Plot Title: 5S4C,3328,7/16/26 03:45,49.228,
Plot Title: 5S4C,3329,7/16/26 04:00,49.05,
Plot Title: 5S4C,3330,7/16/26 04:15,49.05,
Plot Title: 5S4C,3331,7/16/26 04:30,49.228,
Plot Title: 5S4C,3332,7/16/26 04:45,49.228,
Plot Title: 5S4C,3333,7/16/26 05:00,49.05,
Plot Title: 5S4C,3334,7/16/26 05:15,49.05,
Plot Title: 5S4C,3335,7/16/26 05:30,49.05,
Plot Title: 5S4C,3336,7/16/26 05:45,48.871,
Plot Title: 5S4C,3337,7/16/26 06:00,48.871,
Plot Title: 5S4C,3338,7/16/26 06:15,48.871,
Plot Title: 5S4C,3339,7/16/26 06:30,48.871,
Plot Title: 5S4C,3340,7/16/26 06:45,49.05,
Plot Title: 5S4C,3341,7/16/26 07:00,49.228,
Plot Title: 5S4C,3342,7/16/26 07:15,49.759,
Plot Title: 5S4C,3343,7/16/26 07:30,50.29,
Plot Title: 5S4C,3344,7/16/26 07:45,52.576,
Plot Title: 5S4C,3345,7/16/26 08:00,53.274,
Plot Title: 5S4C,3346,7/16/26 08:15,53.973,
Plot Title: 5S4C,3347,7/16/26 08:30,54.147,
Plot Title: 5S4C,3348,7/16/26 08:45,55.189,
Plot Title: 5S4C,3349,7/16/26 09:00,60.712,
Plot Title: 5S4C,3350,7/16/26 09:15,65.509,
Plot Title: 5S4C,3351,7/16/26 09:30,69.278,
Plot Title: 5S4C,3352,7/16/26 09:45,72.372,
Plot Title: 5S4C,3353,7/16/26 10:00,75.659,
Plot Title: 5S4C,3354,7/16/26 10:15,78.624,
Plot Title: 5S4C,3355,7/16/26 10:30,81.442,
Plot Title: 5S4C,3356,7/16/26 10:45,84.834,
Plot Title: 5S4C,3357,7/16/26 11:00,87.552,
Plot Title: 5S4C,3358,7/16/26 11:15,83.935,
Plot Title: 5S4C,3359,7/16/26 11:30,84.474,
Plot Title: 5S4C,3360,7/16/26 11:45,78.274,
Plot Title: 5S4C,3361,7/16/26 12:00,80.559,
Plot Title: 5S4C,3362,7/16/26 12:15,76.703,
Plot Title: 5S4C,3363,7/16/26 12:30,78.8,
Plot Title: 5S4C,3364,7/16/26 12:45,88.65,
Plot Title: 5S4C,3365,7/16/26 13:00,81.797,
Plot Title: 5S4C,3366,7/16/26 13:15,83.043,
Plot Title: 5S4C,3367,7/16/26 13:30,85.194,
Plot Title: 5S4C,3368,7/16/26 13:45,85.374,
Plot Title: 5S4C,3369,7/16/26 14:00,80.029,
Plot Title: 5S4C,3370,7/16/26 14:15,76.354,
Plot Title: 5S4C,3371,7/16/26 14:30,73.58,
Plot Title: 5S4C,3372,7/16/26 14:45,74.619,
Plot Title: 5S4C,3373,7/16/26 15:00,73.753,
Plot Title: 5S4C,3374,7/16/26 15:15,73.407,
Plot Title: 5S4C,3375,7/16/26 15:30,72.028,
Plot Title: 5S4C,3376,7/16/26 15:45,71.683,
Plot Title: 5S4C,3377,7/16/26 16:00,70.995,
Plot Title: 5S4C,3378,7/16/26 16:15,70.137,
Plot Title: 5S4C,3379,7/16/26 16:30,69.278,
Plot Title: 5S4C,3380,7/16/26 16:45,69.449,
Plot Title: 5S4C,3381,7/16/26 17:00,69.622,
Plot Title: 5S4C,3382,7/16/26 17:15,69.793,
Plot Title: 5S4C,3383,7/16/26 17:30,69.964,
Plot Title: 5S4C,3384,7/16/26 17:45,68.934,
Plot Title: 5S4C,3385,7/16/26 18:00,68.421,
Plot Title: 5S4C,3386,7/16/26 18:15,67.05,
Plot Title: 5S4C,3387,7/16/26 18:30,65.509,
Plot Title: 5S4C,3388,7/16/26 18:45,64.31,
Plot Title: 5S4C,3389,7/16/26 19:00,63.282,
Plot Title: 5S4C,3390,7/16/26 19:15,62.425,
Plot Title: 5S4C,3391,7/16/26 19:30,61.741,
Plot Title: 5S4C,3392,7/16/26 19:45,61.054,
Plot Title: 5S4C,3393,7/16/26 20:00,60.539,
Plot Title: 5S4C,3394,7/16/26 20:15,60.024,
Plot Title: 5S4C,3395,7/16/26 20:30,59.508,
Plot Title: 5S4C,3396,7/16/26 20:45,58.993,
Plot Title: 5S4C,3397,7/16/26 21:00,58.303,
Plot Title: 5S4C,3398,7/16/26 21:15,57.785,
Plot Title: 5S4C,3399,7/16/26 21:30,57.268,
Plot Title: 5S4C,3400,7/16/26 21:45,56.75,
Plot Title: 5S4C,3401,7/16/26 22:00,56.404,
Plot Title: 5S4C,3402,7/16/26 22:15,56.057,
Plot Title: 5S4C,3403,7/16/26 22:30,56.057,
Plot Title: 5S4C,3404,7/16/26 22:45,56.23,
Plot Title: 5S4C,3405,7/16/26 23:00,56.057,
Plot Title: 5S4C,3406,7/16/26 23:15,56.057,
Plot Title: 5S4C,3407,7/16/26 23:30,56.057,
Plot Title: 5S4C,3408,7/16/26 23:45,55.884,
Plot Title: 5S4C,3409,7/17/26 00:00,55.537,
Plot Title: 5S4C,3410,7/17/26 00:15,55.364,
Plot Title: 5S4C,3411,7/17/26 00:30,55.017,
Plot Title: 5S4C,3412,7/17/26 00:45,54.495,
Plot Title: 5S4C,3413,7/17/26 01:00,54.147,
Plot Title: 5S4C,3414,7/17/26 01:15,53.449,
Plot Title: 5S4C,3415,7/17/26 01:30,53.1,
Plot Title: 5S4C,3416,7/17/26 01:45,52.75,
Plot Title: 5S4C,3417,7/17/26 02:00,52.576,
Plot Title: 5S4C,3418,7/17/26 02:15,52.225,
Plot Title: 5S4C,3419,7/17/26 02:30,51.874,
Plot Title: 5S4C,3420,7/17/26 02:45,51.523,
Plot Title: 5S4C,3421,7/17/26 03:00,51.172,
Plot Title: 5S4C,3422,7/17/26 03:15,50.995,
Plot Title: 5S4C,3423,7/17/26 03:30,50.643,
Plot Title: 5S4C,3424,7/17/26 03:45,50.466,
Plot Title: 5S4C,3425,7/17/26 04:00,50.29,
Plot Title: 5S4C,3426,7/17/26 04:15,50.29,
Plot Title: 5S4C,3427,7/17/26 04:30,50.29,
Plot Title: 5S4C,3428,7/17/26 04:45,50.29,
Plot Title: 5S4C,3429,7/17/26 05:00,50.29,
Plot Title: 5S4C,3430,7/17/26 05:15,50.113,
Plot Title: 5S4C,3431,7/17/26 05:30,50.29,
Plot Title: 5S4C,3432,7/17/26 05:45,50.29,
Plot Title: 5S4C,3433,7/17/26 06:00,50.29,
Plot Title: 5S4C,3434,7/17/26 06:15,50.29,
Plot Title: 5S4C,3435,7/17/26 06:30,50.29,
Plot Title: 5S4C,3436,7/17/26 06:45,50.466,
Plot Title: 5S4C,3437,7/17/26 07:00,50.466,
Plot Title: 5S4C,3438,7/17/26 07:15,50.819,
Plot Title: 5S4C,3439,7/17/26 07:30,51.172,
Plot Title: 5S4C,3440,7/17/26 07:45,51.699,
Plot Title: 5S4C,3441,7/17/26 08:00,52.576,
Plot Title: 5S4C,3442,7/17/26 08:15,53.1,
Plot Title: 5S4C,3443,7/17/26 08:30,53.798,
Plot Title: 5S4C,3444,7/17/26 08:45,54.842,
Plot Title: 5S4C,3445,7/17/26 09:00,56.75,
Plot Title: 5S4C,3446,7/17/26 09:15,57.785,
Plot Title: 5S4C,3447,7/17/26 09:30,57.614,
Plot Title: 5S4C,3448,7/17/26 09:45,57.441,
Plot Title: 5S4C,3449,7/17/26 10:00,57.958,
Plot Title: 5S4C,3450,7/17/26 10:15,59.68,
Plot Title: 5S4C,3451,7/17/26 10:30,61.912,
Plot Title: 5S4C,3452,7/17/26 10:45,65.851,
Plot Title: 5S4C,3453,7/17/26 11:00,69.449,
Plot Title: 5S4C,3454,7/17/26 11:15,73.58,
Plot Title: 5S4C,3455,7/17/26 11:30,77.749,
Plot Title: 5S4C,3456,7/17/26 11:45,81.621,
Plot Title: 5S4C,3457,7/17/26 12:00,85.194,
Plot Title: 5S4C,3458,7/17/26 12:15,87.004,
Plot Title: 5S4C,3459,7/17/26 12:30,86.641,
Plot Title: 5S4C,3460,7/17/26 12:45,87.552,
Plot Title: 5S4C,3461,7/17/26 13:00,84.654,
Plot Title: 5S4C,3462,7/17/26 13:15,79.502,
Plot Title: 5S4C,3463,7/17/26 13:30,86.277,
Plot Title: 5S4C,3464,7/17/26 13:45,91.24,
Plot Title: 5S4C,3465,7/17/26 14:00,83.757,
Plot Title: 5S4C,3466,7/17/26 14:15,79.326,
Plot Title: 5S4C,3467,7/17/26 14:30,77.225,
Plot Title: 5S4C,3468,7/17/26 14:45,76.181,
Plot Title: 5S4C,3469,7/17/26 15:00,75.659,
Plot Title: 5S4C,3470,7/17/26 15:15,73.58,
Plot Title: 5S4C,3471,7/17/26 15:30,72.545,
Plot Title: 5S4C,3472,7/17/26 15:45,72.028,
Plot Title: 5S4C,3473,7/17/26 16:00,71.339,
Plot Title: 5S4C,3474,7/17/26 16:15,70.651,
Plot Title: 5S4C,3475,7/17/26 16:30,69.964,
Plot Title: 5S4C,3476,7/17/26 16:45,68.763,
Plot Title: 5S4C,3477,7/17/26 17:00,67.735,
Plot Title: 5S4C,3478,7/17/26 17:15,66.366,
Plot Title: 5S4C,3479,7/17/26 17:30,65.851,
Plot Title: 5S4C,3480,7/17/26 17:45,64.481,
Plot Title: 5S4C,3481,7/17/26 18:00,63.111,
Plot Title: 5S4C,3482,7/17/26 18:15,61.741,
Plot Title: 5S4C,3483,7/17/26 18:30,60.883,
Plot Title: 5S4C,3484,7/17/26 18:45,60.195,
Plot Title: 5S4C,3485,7/17/26 19:00,60.024,
Plot Title: 5S4C,3486,7/17/26 19:15,60.539,
Plot Title: 5S4C,3487,7/17/26 19:30,60.883,
Plot Title: 5S4C,3488,7/17/26 19:45,60.539,
Plot Title: 5S4C,3489,7/17/26 20:00,60.024,
Plot Title: 5S4C,3490,7/17/26 20:15,59.337,
Plot Title: 5S4C,3491,7/17/26 20:30,58.82,
Plot Title: 5S4C,3492,7/17/26 20:45,58.131,
Plot Title: 5S4C,3493,7/17/26 21:00,57.614,
Plot Title: 5S4C,3494,7/17/26 21:15,57.096,
Plot Title: 5S4C,3495,7/17/26 21:30,56.75,
Plot Title: 5S4C,3496,7/17/26 21:45,56.577,
Plot Title: 5S4C,3497,7/17/26 22:00,56.577,
Plot Title: 5S4C,3498,7/17/26 22:15,56.404,
Plot Title: 5S4C,3499,7/17/26 22:30,55.364,
Plot Title: 5S4C,3500,7/17/26 22:45,54.322,
Plot Title: 5S4C,3501,7/17/26 23:00,53.798,
Plot Title: 5S4C,3502,7/17/26 23:15,53.449,
Plot Title: 5S4C,3503,7/17/26 23:30,53.449,
Plot Title: 5S4C,3504,7/17/26 23:45,53.449,
Plot Title: 5S4C,3505,7/18/26 00:00,53.449,
Plot Title: 5S4C,3506,7/18/26 00:15,53.449,
Plot Title: 5S4C,3507,7/18/26 00:30,53.274,
Plot Title: 5S4C,3508,7/18/26 00:45,53.274,
Plot Title: 5S4C,3509,7/18/26 01:00,53.1,
Plot Title: 5S4C,3510,7/18/26 01:15,52.925,
Plot Title: 5S4C,3511,7/18/26 01:30,52.75,
Plot Title: 5S4C,3512,7/18/26 01:45,52.576,
Plot Title: 5S4C,3513,7/18/26 02:00,52.401,
Plot Title: 5S4C,3514,7/18/26 02:15,52.05,
Plot Title: 5S4C,3515,7/18/26 02:30,51.874,
Plot Title: 5S4C,3516,7/18/26 02:45,51.874,
Plot Title: 5S4C,3517,7/18/26 03:00,51.874,
Plot Title: 5S4C,3518,7/18/26 03:15,51.874,
Plot Title: 5S4C,3519,7/18/26 03:30,51.874,
Plot Title: 5S4C,3520,7/18/26 03:45,52.05,
Plot Title: 5S4C,3521,7/18/26 04:00,52.05,
Plot Title: 5S4C,3522,7/18/26 04:15,51.874,
Plot Title: 5S4C,3523,7/18/26 04:30,51.346,
Plot Title: 5S4C,3524,7/18/26 04:45,51.172,
Plot Title: 5S4C,3525,7/18/26 05:00,50.819,
Plot Title: 5S4C,3526,7/18/26 05:15,50.643,
Plot Title: 5S4C,3527,7/18/26 05:30,50.466,
Plot Title: 5S4C,3528,7/18/26 05:45,50.29,
Plot Title: 5S4C,3529,7/18/26 06:00,50.113,
Plot Title: 5S4C,3530,7/18/26 06:15,49.937,
Plot Title: 5S4C,3531,7/18/26 06:30,49.759,
Plot Title: 5S4C,3532,7/18/26 06:45,49.937,
Plot Title: 5S4C,3533,7/18/26 07:00,49.937,
Plot Title: 5S4C,3534,7/18/26 07:15,50.113,
Plot Title: 5S4C,3535,7/18/26 07:30,50.466,
Plot Title: 5S4C,3536,7/18/26 07:45,52.05,
Plot Title: 5S4C,3537,7/18/26 08:00,52.576,
Plot Title: 5S4C,3538,7/18/26 08:15,52.576,
Plot Title: 5S4C,3539,7/18/26 08:30,52.75,
Plot Title: 5S4C,3540,7/18/26 08:45,54.147,
Plot Title: 5S4C,3541,7/18/26 09:00,59.68,
Plot Title: 5S4C,3542,7/18/26 09:15,63.797,
Plot Title: 5S4C,3543,7/18/26 09:30,66.879,
Plot Title: 5S4C,3544,7/18/26 09:45,69.964,
Plot Title: 5S4C,3545,7/18/26 10:00,72.718,
Plot Title: 5S4C,3546,7/18/26 10:15,75.832,
Plot Title: 5S4C,3547,7/18/26 10:30,77.923,
Plot Title: 5S4C,3548,7/18/26 10:45,79.678,
Plot Title: 5S4C,3549,7/18/26 11:00,81.09,
Plot Title: 5S4C,3550,7/18/26 11:15,79.151,
Plot Title: 5S4C,3551,7/18/26 11:30,83.043,
Plot Title: 5S4C,3552,7/18/26 11:45,84.834,
Plot Title: 5S4C,3553,7/18/26 12:00,87.733,
Plot Title: 5S4C,3554,7/18/26 12:15,89.755,
Plot Title: 5S4C,3555,7/18/26 12:30,90.124,
Plot Title: 5S4C,3556,7/18/26 12:45,91.053,
Plot Title: 5S4C,3557,7/18/26 13:00,92.174,
Plot Title: 5S4C,3558,7/18/26 13:15,92.55,
Plot Title: 5S4C,3559,7/18/26 13:30,92.55,
Plot Title: 5S4C,3560,7/18/26 13:45,92.174,
Plot Title: 5S4C,3561,7/18/26 14:00,90.124,
Plot Title: 5S4C,3562,7/18/26 14:15,86.097,
Plot Title: 5S4C,3563,7/18/26 14:30,82.152,
Plot Title: 5S4C,3564,7/18/26 14:45,78.274,
Plot Title: 5S4C,3565,7/18/26 15:00,75.312,
Plot Title: 5S4C,3566,7/18/26 15:15,73.58,
Plot Title: 5S4C,3567,7/18/26 15:30,72.718,
Plot Title: 5S4C,3568,7/18/26 15:45,72.199,
Plot Title: 5S4C,3569,7/18/26 16:00,71.339,
Plot Title: 5S4C,3570,7/18/26 16:15,70.651,
Plot Title: 5S4C,3571,7/18/26 16:30,70.137,
Plot Title: 5S4C,3572,7/18/26 16:45,69.964,
Plot Title: 5S4C,3573,7/18/26 17:00,69.107,
Plot Title: 5S4C,3574,7/18/26 17:15,69.107,
Plot Title: 5S4C,3575,7/18/26 17:30,68.763,
Plot Title: 5S4C,3576,7/18/26 17:45,68.248,
Plot Title: 5S4C,3577,7/18/26 18:00,67.392,
Plot Title: 5S4C,3578,7/18/26 18:15,66.537,
Plot Title: 5S4C,3579,7/18/26 18:30,65.68,
Plot Title: 5S4C,3580,7/18/26 18:45,64.652,
Plot Title: 5S4C,3581,7/18/26 19:00,62.598,
Plot Title: 5S4C,3582,7/18/26 19:15,60.883,
Plot Title: 5S4C,3583,7/18/26 19:30,59.508,
Plot Title: 5S4C,3584,7/18/26 19:45,58.476,
Plot Title: 5S4C,3585,7/18/26 20:00,57.614,
Plot Title: 5S4C,3586,7/18/26 20:15,56.75,
Plot Title: 5S4C,3587,7/18/26 20:30,56.057,
Plot Title: 5S4C,3588,7/18/26 20:45,55.884,
Plot Title: 5S4C,3589,7/18/26 21:00,55.711,
Plot Title: 5S4C,3590,7/18/26 21:15,55.364,
Plot Title: 5S4C,3591,7/18/26 21:30,54.495,
Plot Title: 5S4C,3592,7/18/26 21:45,54.147,
Plot Title: 5S4C,3593,7/18/26 22:00,53.623,
Plot Title: 5S4C,3594,7/18/26 22:15,53.623,
Plot Title: 5S4C,3595,7/18/26 22:30,53.449,
Plot Title: 5S4C,3596,7/18/26 22:45,53.449,
Plot Title: 5S4C,3597,7/18/26 23:00,53.449,
Plot Title: 5S4C,3598,7/18/26 23:15,53.623,
Plot Title: 5S4C,3599,7/18/26 23:30,53.623,
Plot Title: 5S4C,3600,7/18/26 23:45,53.623,
Plot Title: 5S4C,3601,7/19/26 00:00,53.449,
Plot Title: 5S4C,3602,7/19/26 00:15,53.1,
Plot Title: 5S4C,3603,7/19/26 00:30,52.75,
Plot Title: 5S4C,3604,7/19/26 00:45,52.401,
Plot Title: 5S4C,3605,7/19/26 01:00,52.225,
Plot Title: 5S4C,3606,7/19/26 01:15,52.05,
Plot Title: 5S4C,3607,7/19/26 01:30,51.874,
Plot Title: 5S4C,3608,7/19/26 01:45,51.699,
Plot Title: 5S4C,3609,7/19/26 02:00,51.523,
Plot Title: 5S4C,3610,7/19/26 02:15,51.172,
Plot Title: 5S4C,3611,7/19/26 02:30,50.819,
Plot Title: 5S4C,3612,7/19/26 02:45,50.466,
Plot Title: 5S4C,3613,7/19/26 03:00,50.29,
Plot Title: 5S4C,3614,7/19/26 03:15,50.113,
Plot Title: 5S4C,3615,7/19/26 03:30,49.937,
Plot Title: 5S4C,3616,7/19/26 03:45,49.937,
Plot Title: 5S4C,3617,7/19/26 04:00,50.113,
Plot Title: 5S4C,3618,7/19/26 04:15,50.113,
Plot Title: 5S4C,3619,7/19/26 04:30,49.937,
Plot Title: 5S4C,3620,7/19/26 04:45,49.937,
Plot Title: 5S4C,3621,7/19/26 05:00,49.937,
Plot Title: 5S4C,3622,7/19/26 05:15,49.759,
Plot Title: 5S4C,3623,7/19/26 05:30,49.759,
Plot Title: 5S4C,3624,7/19/26 05:45,49.759,
Plot Title: 5S4C,3625,7/19/26 06:00,49.582,
Plot Title: 5S4C,3626,7/19/26 06:15,49.582,
Plot Title: 5S4C,3627,7/19/26 06:30,49.759,
Plot Title: 5S4C,3628,7/19/26 06:45,49.759,
Plot Title: 5S4C,3629,7/19/26 07:00,50.113,
Plot Title: 5S4C,3630,7/19/26 07:15,50.29,
Plot Title: 5S4C,3631,7/19/26 07:30,50.819,
Plot Title: 5S4C,3632,7/19/26 07:45,52.401,
Plot Title: 5S4C,3633,7/19/26 08:00,52.401,
Plot Title: 5S4C,3634,7/19/26 08:15,52.75,
Plot Title: 5S4C,3635,7/19/26 08:30,53.1,
Plot Title: 5S4C,3636,7/19/26 08:45,55.189,
Plot Title: 5S4C,3637,7/19/26 09:00,59.851,
Plot Title: 5S4C,3638,7/19/26 09:15,63.282,
Plot Title: 5S4C,3639,7/19/26 09:30,66.193,
Plot Title: 5S4C,3640,7/19/26 09:45,68.763,
Plot Title: 5S4C,3641,7/19/26 10:00,71.683,
Plot Title: 5S4C,3642,7/19/26 10:15,74.098,
Plot Title: 5S4C,3643,7/19/26 10:30,76.703,
Plot Title: 5S4C,3644,7/19/26 10:45,78.975,
Plot Title: 5S4C,3645,7/19/26 11:00,81.09,
Plot Title: 5S4C,3646,7/19/26 11:15,83.579,
Plot Title: 5S4C,3647,7/19/26 11:30,86.459,
Plot Title: 5S4C,3648,7/19/26 11:45,89.2,
Plot Title: 5S4C,3649,7/19/26 12:00,90.867,
Plot Title: 5S4C,3650,7/19/26 12:15,92.926,
Plot Title: 5S4C,3651,7/19/26 12:30,94.825,
Plot Title: 5S4C,3652,7/19/26 12:45,95.59,
Plot Title: 5S4C,3653,7/19/26 13:00,97.916,
Plot Title: 5S4C,3654,7/19/26 13:15,99.489,
Plot Title: 5S4C,3655,7/19/26 13:30,103.104,
Plot Title: 5S4C,3656,7/19/26 13:45,104.128,
Plot Title: 5S4C,3657,7/19/26 14:00,103.923,
Plot Title: 5S4C,3658,7/19/26 14:15,101.685,
Plot Title: 5S4C,3659,7/19/26 14:30,97.137,
Plot Title: 5S4C,3660,7/19/26 14:45,89.569,
Plot Title: 5S4C,3661,7/19/26 15:00,83.221,
Plot Title: 5S4C,3662,7/19/26 15:15,79.502,
Plot Title: 5S4C,3663,7/19/26 15:30,76.876,
Plot Title: 5S4C,3664,7/19/26 15:45,75.139,
Plot Title: 5S4C,3665,7/19/26 16:00,73.58,
Plot Title: 5S4C,3666,7/19/26 16:15,72.718,
Plot Title: 5S4C,3667,7/19/26 16:30,71.856,
Plot Title: 5S4C,3668,7/19/26 16:45,70.995,
Plot Title: 5S4C,3669,7/19/26 17:00,70.48,
Plot Title: 5S4C,3670,7/19/26 17:15,69.964,
Plot Title: 5S4C,3671,7/19/26 17:30,68.763,
Plot Title: 5S4C,3672,7/19/26 17:45,67.564,
Plot Title: 5S4C,3673,7/19/26 18:00,67.221,
Plot Title: 5S4C,3674,7/19/26 18:15,66.537,
Plot Title: 5S4C,3675,7/19/26 18:30,66.193,
Plot Title: 5S4C,3676,7/19/26 18:45,65.851,
Plot Title: 5S4C,3677,7/19/26 19:00,66.022,
Plot Title: 5S4C,3678,7/19/26 19:15,65.509,
Plot Title: 5S4C,3679,7/19/26 19:30,64.996,
Plot Title: 5S4C,3680,7/19/26 19:45,64.139,
Plot Title: 5S4C,3681,7/19/26 20:00,63.111,
Plot Title: 5S4C,3682,7/19/26 20:15,62.254,
Plot Title: 5S4C,3683,7/19/26 20:30,61.227,
Plot Title: 5S4C,3684,7/19/26 20:45,60.712,
Plot Title: 5S4C,3685,7/19/26 21:00,60.195,
Plot Title: 5S4C,3686,7/19/26 21:15,59.68,
Plot Title: 5S4C,3687,7/19/26 21:30,59.68,
Plot Title: 5S4C,3688,7/19/26 21:45,58.647,
Plot Title: 5S4C,3689,7/19/26 22:00,57.958,
Plot Title: 5S4C,3690,7/19/26 22:15,57.268,
Plot Title: 5S4C,3691,7/19/26 22:30,56.75,
Plot Title: 5S4C,3692,7/19/26 22:45,56.23,
Plot Title: 5S4C,3693,7/19/26 23:00,55.711,
Plot Title: 5S4C,3694,7/19/26 23:15,55.189,
Plot Title: 5S4C,3695,7/19/26 23:30,54.669,
Plot Title: 5S4C,3696,7/19/26 23:45,54.147,
Plot Title: 5S4C,3697,7/20/26 00:00,53.623,
Plot Title: 5S4C,3698,7/20/26 00:15,53.274,
Plot Title: 5S4C,3699,7/20/26 00:30,52.75,
Plot Title: 5S4C,3700,7/20/26 00:45,52.401,
Plot Title: 5S4C,3701,7/20/26 01:00,52.05,
Plot Title: 5S4C,3702,7/20/26 01:15,51.874,
Plot Title: 5S4C,3703,7/20/26 01:30,51.523,
Plot Title: 5S4C,3704,7/20/26 01:45,51.346,
Plot Title: 5S4C,3705,7/20/26 02:00,50.995,
Plot Title: 5S4C,3706,7/20/26 02:15,50.643,
Plot Title: 5S4C,3707,7/20/26 02:30,50.466,
Plot Title: 5S4C,3708,7/20/26 02:45,50.113,
Plot Title: 5S4C,3709,7/20/26 03:00,49.937,
Plot Title: 5S4C,3710,7/20/26 03:15,49.759,
Plot Title: 5S4C,3711,7/20/26 03:30,49.404,
Plot Title: 5S4C,3712,7/20/26 03:45,49.228,
Plot Title: 5S4C,3713,7/20/26 04:00,49.05,
Plot Title: 5S4C,3714,7/20/26 04:15,48.871,
Plot Title: 5S4C,3715,7/20/26 04:30,48.695,
Plot Title: 5S4C,3716,7/20/26 04:45,48.695,
Plot Title: 5S4C,3717,7/20/26 05:00,48.517,
Plot Title: 5S4C,3718,7/20/26 05:15,48.339,
Plot Title: 5S4C,3719,7/20/26 05:30,48.16,
Plot Title: 5S4C,3720,7/20/26 05:45,47.982,
Plot Title: 5S4C,3721,7/20/26 06:00,47.982,
Plot Title: 5S4C,3722,7/20/26 06:15,47.982,
Plot Title: 5S4C,3723,7/20/26 06:30,48.517,
Plot Title: 5S4C,3724,7/20/26 06:45,49.228,
Plot Title: 5S4C,3725,7/20/26 07:00,49.404,
Plot Title: 5S4C,3726,7/20/26 07:15,49.759,
Plot Title: 5S4C,3727,7/20/26 07:30,50.466,
Plot Title: 5S4C,3728,7/20/26 07:45,52.401,
Plot Title: 5S4C,3729,7/20/26 08:00,51.699,
Plot Title: 5S4C,3730,7/20/26 08:15,52.401,
Plot Title: 5S4C,3731,7/20/26 08:30,53.1,
Plot Title: 5S4C,3732,7/20/26 08:45,55.364,
Plot Title: 5S4C,3733,7/20/26 09:00,58.131,
Plot Title: 5S4C,3734,7/20/26 09:15,64.481,
Plot Title: 5S4C,3735,7/20/26 09:30,65.509,
Plot Title: 5S4C,3736,7/20/26 09:45,66.708,
Plot Title: 5S4C,3737,7/20/26 10:00,69.107,
Plot Title: 5S4C,3738,7/20/26 10:15,67.05,
Plot Title: 5S4C,3739,7/20/26 10:30,66.193,
Plot Title: 5S4C,3740,7/20/26 10:45,66.537,
Plot Title: 5S4C,3741,7/20/26 11:00,70.137,
Plot Title: 5S4C,3742,7/20/26 11:15,69.793,
Plot Title: 5S4C,3743,7/20/26 11:30,66.879,
Plot Title: 5S4C,3744,7/20/26 11:45,67.05,
Plot Title: 5S4C,3745,7/20/26 12:00,68.248,
Plot Title: 5S4C,3746,7/20/26 12:15,68.077,
Plot Title: 5S4C,3747,7/20/26 12:30,75.312,
Plot Title: 5S4C,3748,7/20/26 12:45,74.098,
Plot Title: 5S4C,3749,7/20/26 13:00,74.619,
Plot Title: 5S4C,3750,7/20/26 13:15,83.935,
Plot Title: 5S4C,3751,7/20/26 13:30,88.282,
Plot Title: 5S4C,3752,7/20/26 13:45,94.062,
Plot Title: 5S4C,3753,7/20/26 14:00,95.207,
Plot Title: 5S4C,3754,7/20/26 14:15,91.24,
Plot Title: 5S4C,3755,7/20/26 14:30,87.368,
Plot Title: 5S4C,3756,7/20/26 14:45,83.221,
Plot Title: 5S4C,3757,7/20/26 15:00,80.382,
Plot Title: 5S4C,3758,7/20/26 15:15,78.975,
Plot Title: 5S4C,3759,7/20/26 15:30,76.876,
Plot Title: 5S4C,3760,7/20/26 15:45,74.098,
Plot Title: 5S4C,3761,7/20/26 16:00,72.199,
Plot Title: 5S4C,3762,7/20/26 16:15,71.168,
Plot Title: 5S4C,3763,7/20/26 16:30,70.137,
Plot Title: 5S4C,3764,7/20/26 16:45,69.278,
Plot Title: 5S4C,3765,7/20/26 17:00,68.763,
Plot Title: 5S4C,3766,7/20/26 17:15,69.107,
Plot Title: 5S4C,3767,7/20/26 17:30,68.421,
Plot Title: 5S4C,3768,7/20/26 17:45,68.077,
Plot Title: 5S4C,3769,7/20/26 18:00,67.564,
Plot Title: 5S4C,3770,7/20/26 18:15,66.366,
Plot Title: 5S4C,3771,7/20/26 18:30,64.996,
Plot Title: 5S4C,3772,7/20/26 18:45,64.139,
Plot Title: 5S4C,3773,7/20/26 19:00,63.797,
Plot Title: 5S4C,3774,7/20/26 19:15,63.797,
Plot Title: 5S4C,3775,7/20/26 19:30,63.455,
Plot Title: 5S4C,3776,7/20/26 19:45,62.254,
Plot Title: 5S4C,3777,7/20/26 20:00,61.569,
Plot Title: 5S4C,3778,7/20/26 20:15,60.883,
Plot Title: 5S4C,3779,7/20/26 20:30,60.368,
Plot Title: 5S4C,3780,7/20/26 20:45,59.337,
Plot Title: 5S4C,3781,7/20/26 21:00,58.82,
Plot Title: 5S4C,3782,7/20/26 21:15,58.131,
Plot Title: 5S4C,3783,7/20/26 21:30,57.441,
Plot Title: 5S4C,3784,7/20/26 21:45,57.441,
Plot Title: 5S4C,3785,7/20/26 22:00,56.923,
Plot Title: 5S4C,3786,7/20/26 22:15,56.057,
Plot Title: 5S4C,3787,7/20/26 22:30,55.364,
Plot Title: 5S4C,3788,7/20/26 22:45,55.017,
Plot Title: 5S4C,3789,7/20/26 23:00,54.669,
Plot Title: 5S4C,3790,7/20/26 23:15,53.798,
Plot Title: 5S4C,3791,7/20/26 23:30,53.449,
Plot Title: 5S4C,3792,7/20/26 23:45,53.1,
Plot Title: 5S4C,3793,7/21/26 00:00,52.75,
Plot Title: 5S4C,3794,7/21/26 00:15,52.576,
Plot Title: 5S4C,3795,7/21/26 00:30,52.401,
Plot Title: 5S4C,3796,7/21/26 00:45,52.225,
Plot Title: 5S4C,3797,7/21/26 01:00,52.05,
Plot Title: 5S4C,3798,7/21/26 01:15,51.874,
Plot Title: 5S4C,3799,7/21/26 01:30,51.874,
Plot Title: 5S4C,3800,7/21/26 01:45,51.699,
Plot Title: 5S4C,3801,7/21/26 02:00,51.523,
Plot Title: 5S4C,3802,7/21/26 02:15,51.346,
Plot Title: 5S4C,3803,7/21/26 02:30,51.172,
Plot Title: 5S4C,3804,7/21/26 02:45,50.819,
Plot Title: 5S4C,3805,7/21/26 03:00,50.643,
Plot Title: 5S4C,3806,7/21/26 03:15,50.466,
Plot Title: 5S4C,3807,7/21/26 03:30,50.819,
Plot Title: 5S4C,3808,7/21/26 03:45,50.995,
Plot Title: 5S4C,3809,7/21/26 04:00,50.819,
Plot Title: 5S4C,3810,7/21/26 04:15,50.819,
Plot Title: 5S4C,3811,7/21/26 04:30,51.346,
Plot Title: 5S4C,3812,7/21/26 04:45,51.523,
Plot Title: 5S4C,3813,7/21/26 05:00,51.699,
Plot Title: 5S4C,3814,7/21/26 05:15,51.874,
Plot Title: 5S4C,3815,7/21/26 05:30,51.874,
Plot Title: 5S4C,3816,7/21/26 05:45,52.05,
Plot Title: 5S4C,3817,7/21/26 06:00,52.05,
Plot Title: 5S4C,3818,7/21/26 06:15,52.225,
Plot Title: 5S4C,3819,7/21/26 06:30,52.225,
Plot Title: 5S4C,3820,7/21/26 06:45,52.401,
Plot Title: 5S4C,3821,7/21/26 07:00,52.401,
Plot Title: 5S4C,3822,7/21/26 07:15,52.75,
Plot Title: 5S4C,3823,7/21/26 07:30,53.1,
Plot Title: 5S4C,3824,7/21/26 07:45,53.798,
Plot Title: 5S4C,3825,7/21/26 08:00,54.322,
Plot Title: 5S4C,3826,7/21/26 08:15,54.842,
Plot Title: 5S4C,3827,7/21/26 08:30,55.537,
Plot Title: 5S4C,3828,7/21/26 08:45,59.508,
Plot Title: 5S4C,3829,7/21/26 09:00,61.569,
Plot Title: 5S4C,3830,7/21/26 09:15,60.712,
Plot Title: 5S4C,3831,7/21/26 09:30,60.539,
Plot Title: 5S4C,3832,7/21/26 09:45,61.741,
Plot Title: 5S4C,3833,7/21/26 10:00,60.712,
Plot Title: 5S4C,3834,7/21/26 10:15,60.195,
Plot Title: 5S4C,3835,7/21/26 10:30,61.912,
Plot Title: 5S4C,3836,7/21/26 10:45,61.054,
Plot Title: 5S4C,3837,7/21/26 11:00,59.851,
Plot Title: 5S4C,3838,7/21/26 11:15,58.82,
Plot Title: 5S4C,3839,7/21/26 11:30,58.131,
Plot Title: 5S4C,3840,7/21/26 11:45,58.647,
Plot Title: 5S4C,3841,7/21/26 12:00,58.647,
Plot Title: 5S4C,3842,7/21/26 12:15,58.647,
Plot Title: 5S4C,3843,7/21/26 12:30,59.508,
Plot Title: 5S4C,3844,7/21/26 12:45,59.337,
Plot Title: 5S4C,3845,7/21/26 13:00,58.476,
Plot Title: 5S4C,3846,7/21/26 13:15,58.131,
Plot Title: 5S4C,3847,7/21/26 13:30,57.441,
Plot Title: 5S4C,3848,7/21/26 13:45,57.096,
Plot Title: 5S4C,3849,7/21/26 14:00,56.75,
Plot Title: 5S4C,3850,7/21/26 14:15,56.577,
Plot Title: 5S4C,3851,7/21/26 14:30,57.096,
Plot Title: 5S4C,3852,7/21/26 14:45,57.785,
Plot Title: 5S4C,3853,7/21/26 15:00,60.368,
Plot Title: 5S4C,3854,7/21/26 15:15,62.769,
Plot Title: 5S4C,3855,7/21/26 15:30,61.912,
Plot Title: 5S4C,3856,7/21/26 15:45,60.712,
Plot Title: 5S4C,3857,7/21/26 16:00,60.195,
Plot Title: 5S4C,3858,7/21/26 16:15,60.024,
Plot Title: 5S4C,3859,7/21/26 16:30,60.024,
Plot Title: 5S4C,3860,7/21/26 16:45,60.024,
Plot Title: 5S4C,3861,7/21/26 17:00,60.368,
Plot Title: 5S4C,3862,7/21/26 17:15,60.712,
Plot Title: 5S4C,3863,7/21/26 17:30,60.539,
Plot Title: 5S4C,3864,7/21/26 17:45,60.368,
Plot Title: 5S4C,3865,7/21/26 18:00,59.851,
Plot Title: 5S4C,3866,7/21/26 18:15,59.851,
Plot Title: 5S4C,3867,7/21/26 18:30,59.851,
Plot Title: 5S4C,3868,7/21/26 18:45,59.851,
Plot Title: 5S4C,3869,7/21/26 19:00,60.195,
Plot Title: 5S4C,3870,7/21/26 19:15,59.68,
Plot Title: 5S4C,3871,7/21/26 19:30,58.82,
Plot Title: 5S4C,3872,7/21/26 19:45,58.131,
Plot Title: 5S4C,3873,7/21/26 20:00,57.785,
Plot Title: 5S4C,3874,7/21/26 20:15,57.614,
Plot Title: 5S4C,3875,7/21/26 20:30,57.268,
Plot Title: 5S4C,3876,7/21/26 20:45,56.75,
Plot Title: 5S4C,3877,7/21/26 21:00,56.404,
Plot Title: 5S4C,3878,7/21/26 21:15,56.057,
Plot Title: 5S4C,3879,7/21/26 21:30,55.711,
Plot Title: 5S4C,3880,7/21/26 21:45,55.364,
Plot Title: 5S4C,3881,7/21/26 22:00,55.189,
Plot Title: 5S4C,3882,7/21/26 22:15,55.189,
Plot Title: 5S4C,3883,7/21/26 22:30,55.189,
Plot Title: 5S4C,3884,7/21/26 22:45,55.017,
Plot Title: 5S4C,3885,7/21/26 23:00,54.669,
Plot Title: 5S4C,3886,7/21/26 23:15,54.669,
Plot Title: 5S4C,3887,7/21/26 23:30,54.322,
Plot Title: 5S4C,3888,7/21/26 23:45,53.973,
Plot Title: 5S4C,3889,7/22/26 00:00,53.798,
Plot Title: 5S4C,3890,7/22/26 00:15,53.449,
Plot Title: 5S4C,3891,7/22/26 00:30,53.623,
Plot Title: 5S4C,3892,7/22/26 00:45,53.449,
Plot Title: 5S4C,3893,7/22/26 01:00,53.274,
Plot Title: 5S4C,3894,7/22/26 01:15,53.1,
Plot Title: 5S4C,3895,7/22/26 01:30,52.925,
Plot Title: 5S4C,3896,7/22/26 01:45,52.576,
Plot Title: 5S4C,3897,7/22/26 02:00,52.401,
Plot Title: 5S4C,3898,7/22/26 02:15,52.05,
Plot Title: 5S4C,3899,7/22/26 02:30,51.699,
Plot Title: 5S4C,3900,7/22/26 02:45,51.346,
Plot Title: 5S4C,3901,7/22/26 03:00,50.995,
Plot Title: 5S4C,3902,7/22/26 03:15,50.995,
Plot Title: 5S4C,3903,7/22/26 03:30,50.819,
Plot Title: 5S4C,3904,7/22/26 03:45,50.643,
Plot Title: 5S4C,3905,7/22/26 04:00,50.995,
Plot Title: 5S4C,3906,7/22/26 04:15,51.346,
Plot Title: 5S4C,3907,7/22/26 04:30,51.523,
Plot Title: 5S4C,3908,7/22/26 04:45,51.874,
Plot Title: 5S4C,3909,7/22/26 05:00,51.874,
Plot Title: 5S4C,3910,7/22/26 05:15,51.699,
Plot Title: 5S4C,3911,7/22/26 05:30,51.172,
Plot Title: 5S4C,3912,7/22/26 05:45,50.819,
Plot Title: 5S4C,3913,7/22/26 06:00,50.466,
Plot Title: 5S4C,3914,7/22/26 06:15,50.113,
Plot Title: 5S4C,3915,7/22/26 06:30,49.937,
Plot Title: 5S4C,3916,7/22/26 06:45,49.937,
Plot Title: 5S4C,3917,7/22/26 07:00,50.29,
Plot Title: 5S4C,3918,7/22/26 07:15,50.643,
Plot Title: 5S4C,3919,7/22/26 07:30,51.874,
Plot Title: 5S4C,3920,7/22/26 07:45,53.973,
Plot Title: 5S4C,3921,7/22/26 08:00,55.189,
Plot Title: 5S4C,3922,7/22/26 08:15,55.711,
Plot Title: 5S4C,3923,7/22/26 08:30,56.577,
Plot Title: 5S4C,3924,7/22/26 08:45,58.647,
Plot Title: 5S4C,3925,7/22/26 09:00,63.455,
Plot Title: 5S4C,3926,7/22/26 09:15,67.906,
Plot Title: 5S4C,3927,7/22/26 09:30,66.022,
Plot Title: 5S4C,3928,7/22/26 09:45,69.622,
Plot Title: 5S4C,3929,7/22/26 10:00,68.248,
Plot Title: 5S4C,3930,7/22/26 10:15,72.718,
Plot Title: 5S4C,3931,7/22/26 10:30,78.975,
Plot Title: 5S4C,3932,7/22/26 10:45,84.474,
Plot Title: 5S4C,3933,7/22/26 11:00,85.014,
Plot Title: 5S4C,3934,7/22/26 11:15,88.65,
Plot Title: 5S4C,3935,7/22/26 11:30,93.873,
Plot Title: 5S4C,3936,7/22/26 11:45,93.873,
Plot Title: 5S4C,3937,7/22/26 12:00,87.186,
Plot Title: 5S4C,3938,7/22/26 12:15,82.686,
Plot Title: 5S4C,3939,7/22/26 12:30,90.124,
Plot Title: 5S4C,3940,7/22/26 12:45,92.55,
Plot Title: 5S4C,3941,7/22/26 13:00,83.757,
Plot Title: 5S4C,3942,7/22/26 13:15,88.833,
Plot Title: 5S4C,3943,7/22/26 13:30,86.277,
Plot Title: 5S4C,3944,7/22/26 13:45,80.559,
Plot Title: 5S4C,3945,7/22/26 14:00,78.098,
Plot Title: 5S4C,3946,7/22/26 14:15,84.834,
Plot Title: 5S4C,3947,7/22/26 14:30,85.735,
Plot Title: 5S4C,3948,7/22/26 14:45,84.115,
Plot Title: 5S4C,3949,7/22/26 15:00,78.8,
Plot Title: 5S4C,3950,7/22/26 15:15,71.168,
Plot Title: 5S4C,3951,7/22/26 15:30,64.481,
Plot Title: 5S4C,3952,7/22/26 15:45,62.425,
Plot Title: 5S4C,3953,7/22/26 16:00,61.912,
Plot Title: 5S4C,3954,7/22/26 16:15,62.254,
Plot Title: 5S4C,3955,7/22/26 16:30,62.769,
Plot Title: 5S4C,3956,7/22/26 16:45,62.598,
Plot Title: 5S4C,3957,7/22/26 17:00,62.425,
Plot Title: 5S4C,3958,7/22/26 17:15,62.254,
Plot Title: 5S4C,3959,7/22/26 17:30,61.741,
Plot Title: 5S4C,3960,7/22/26 17:45,61.227,
Plot Title: 5S4C,3961,7/22/26 18:00,60.712,
Plot Title: 5S4C,3962,7/22/26 18:15,60.195,
Plot Title: 5S4C,3963,7/22/26 18:30,59.68,
Plot Title: 5S4C,3964,7/22/26 18:45,58.993,
Plot Title: 5S4C,3965,7/22/26 19:00,58.131,
Plot Title: 5S4C,3966,7/22/26 19:15,57.614,
Plot Title: 5S4C,3967,7/22/26 19:30,56.923,
Plot Title: 5S4C,3968,7/22/26 19:45,56.75,
Plot Title: 5S4C,3969,7/22/26 20:00,56.404,
Plot Title: 5S4C,3970,7/22/26 20:15,55.884,
Plot Title: 5S4C,3971,7/22/26 20:30,55.711,
Plot Title: 5S4C,3972,7/22/26 20:45,55.364,
Plot Title: 5S4C,3973,7/22/26 21:00,55.017,
Plot Title: 5S4C,3974,7/22/26 21:15,54.669,
Plot Title: 5S4C,3975,7/22/26 21:30,54.495,
Plot Title: 5S4C,3976,7/22/26 21:45,54.322,
Plot Title: 5S4C,3977,7/22/26 22:00,54.147,
Plot Title: 5S4C,3978,7/22/26 22:15,53.973,
Plot Title: 5S4C,3979,7/22/26 22:30,53.798,
Plot Title: 5S4C,3980,7/22/26 22:45,53.623,
Plot Title: 5S4C,3981,7/22/26 23:00,53.274,
Plot Title: 5S4C,3982,7/22/26 23:15,52.925,
Plot Title: 5S4C,3983,7/22/26 23:30,52.75,
Plot Title: 5S4C,3984,7/22/26 23:45,52.401,
Plot Title: 5S4C,3985,7/23/26 00:00,52.225,
Plot Title: 5S4C,3986,7/23/26 00:15,52.05,
Plot Title: 5S4C,3987,7/23/26 00:30,51.874,
Plot Title: 5S4C,3988,7/23/26 00:45,51.699,
Plot Title: 5S4C,3989,7/23/26 01:00,51.346,
Plot Title: 5S4C,3990,7/23/26 01:15,51.172,
Plot Title: 5S4C,3991,7/23/26 01:30,50.995,
Plot Title: 5S4C,3992,7/23/26 01:45,50.995,
Plot Title: 5S4C,3993,7/23/26 02:00,50.819,
Plot Title: 5S4C,3994,7/23/26 02:15,50.643,
Plot Title: 5S4C,3995,7/23/26 02:30,50.643,
Plot Title: 5S4C,3996,7/23/26 02:45,50.819,
Plot Title: 5S4C,3997,7/23/26 03:00,50.819,
Plot Title: 5S4C,3998,7/23/26 03:15,50.643,
Plot Title: 5S4C,3999,7/23/26 03:30,50.643,
Plot Title: 5S4C,4000,7/23/26 03:45,50.819,
Plot Title: 5S4C,4001,7/23/26 04:00,50.819,
Plot Title: 5S4C,4002,7/23/26 04:15,50.466,
Plot Title: 5S4C,4003,7/23/26 04:30,50.29,
Plot Title: 5S4C,4004,7/23/26 04:45,50.29,
Plot Title: 5S4C,4005,7/23/26 05:00,50.466,
Plot Title: 5S4C,4006,7/23/26 05:15,50.466,
Plot Title: 5S4C,4007,7/23/26 05:30,50.466,
Plot Title: 5S4C,4008,7/23/26 05:45,50.29,
Plot Title: 5S4C,4009,7/23/26 06:00,50.29,
Plot Title: 5S4C,4010,7/23/26 06:15,50.113,
Plot Title: 5S4C,4011,7/23/26 06:30,49.937,
Plot Title: 5S4C,4012,7/23/26 06:45,49.759,
Plot Title: 5S4C,4013,7/23/26 07:00,50.113,
Plot Title: 5S4C,4014,7/23/26 07:15,50.819,
Plot Title: 5S4C,4015,7/23/26 07:30,51.346,
Plot Title: 5S4C,4016,7/23/26 07:45,52.05,
Plot Title: 5S4C,4017,7/23/26 08:00,52.576,
Plot Title: 5S4C,4018,7/23/26 08:15,53.274,
Plot Title: 5S4C,4019,7/23/26 08:30,53.623,
Plot Title: 5S4C,4020,7/23/26 08:45,55.537,
Plot Title: 5S4C,4021,7/23/26 09:00,60.539,
Plot Title: 5S4C,4022,7/23/26 09:15,62.425,
Plot Title: 5S4C,4023,7/23/26 09:30,60.712,
Plot Title: 5S4C,4024,7/23/26 09:45,60.024,
Plot Title: 5S4C,4025,7/23/26 10:00,63.626,
Plot Title: 5S4C,4026,7/23/26 10:15,62.425,
Plot Title: 5S4C,4027,7/23/26 10:30,61.227,
Plot Title: 5S4C,4028,7/23/26 10:45,63.968,
Plot Title: 5S4C,4029,7/23/26 11:00,72.718,
Plot Title: 5S4C,4030,7/23/26 11:15,69.793,
Plot Title: 5S4C,4031,7/23/26 11:30,68.421,
Plot Title: 5S4C,4032,7/23/26 11:45,67.221,
Plot Title: 5S4C,4033,7/23/26 12:00,65.509,
Plot Title: 5S4C,4034,7/23/26 12:15,66.366,
Plot Title: 5S4C,4035,7/23/26 12:30,76.181,
Plot Title: 5S4C,4036,7/23/26 12:45,74.271,
Plot Title: 5S4C,4037,7/23/26 13:00,70.651,
Plot Title: 5S4C,4038,7/23/26 13:15,78.449,
Plot Title: 5S4C,4039,7/23/26 13:30,79.502,
Plot Title: 5S4C,4040,7/23/26 13:45,81.797,
Plot Title: 5S4C,4041,7/23/26 14:00,76.528,
Plot Title: 5S4C,4042,7/23/26 14:15,75.659,
Plot Title: 5S4C,4043,7/23/26 14:30,76.181,
Plot Title: 5S4C,4044,7/23/26 14:45,74.271,
Plot Title: 5S4C,4045,7/23/26 15:00,73.062,
Plot Title: 5S4C,4046,7/23/26 15:15,71.856,
Plot Title: 5S4C,4047,7/23/26 15:30,71.168,
Plot Title: 5S4C,4048,7/23/26 15:45,69.964,
Plot Title: 5S4C,4049,7/23/26 16:00,69.107,
Plot Title: 5S4C,4050,7/23/26 16:15,67.564,
Plot Title: 5S4C,4051,7/23/26 16:30,66.879,
Plot Title: 5S4C,4052,7/23/26 16:45,66.537,
Plot Title: 5S4C,4053,7/23/26 17:00,65.851,
Plot Title: 5S4C,4054,7/23/26 17:15,65.68,
Plot Title: 5S4C,4055,7/23/26 17:30,64.996,
Plot Title: 5S4C,4056,7/23/26 17:45,64.31,
Plot Title: 5S4C,4057,7/23/26 18:00,63.282,
Plot Title: 5S4C,4058,7/23/26 18:15,62.083,
Plot Title: 5S4C,4059,7/23/26 18:30,61.227,
Plot Title: 5S4C,4060,7/23/26 18:45,60.195,
Plot Title: 5S4C,4061,7/23/26 19:00,59.508,
Plot Title: 5S4C,4062,7/23/26 19:15,58.993,
Plot Title: 5S4C,4063,7/23/26 19:30,58.476,
Plot Title: 5S4C,4064,7/23/26 19:45,57.785,
Plot Title: 5S4C,4065,7/23/26 20:00,57.096,
Plot Title: 5S4C,4066,7/23/26 20:15,56.577,
Plot Title: 5S4C,4067,7/23/26 20:30,56.057,
Plot Title: 5S4C,4068,7/23/26 20:45,55.537,
Plot Title: 5S4C,4069,7/23/26 21:00,55.017,
Plot Title: 5S4C,4070,7/23/26 21:15,54.495,
Plot Title: 5S4C,4071,7/23/26 21:30,54.322,
Plot Title: 5S4C,4072,7/23/26 21:45,53.973,
Plot Title: 5S4C,4073,7/23/26 22:00,53.623,
Plot Title: 5S4C,4074,7/23/26 22:15,53.449,
Plot Title: 5S4C,4075,7/23/26 22:30,53.274,
Plot Title: 5S4C,4076,7/23/26 22:45,52.925,
Plot Title: 5S4C,4077,7/23/26 23:00,52.75,
Plot Title: 5S4C,4078,7/23/26 23:15,52.576,
Plot Title: 5S4C,4079,7/23/26 23:30,52.401,
Plot Title: 5S4C,4080,7/23/26 23:45,52.401,
Plot Title: 5S4C,4081,7/24/26 00:00,52.05,
Plot Title: 5S4C,4082,7/24/26 00:15,51.874,
Plot Title: 5S4C,4083,7/24/26 00:30,51.874,
Plot Title: 5S4C,4084,7/24/26 00:45,51.874,
Plot Title: 5S4C,4085,7/24/26 01:00,51.874,
Plot Title: 5S4C,4086,7/24/26 01:15,51.874,
Plot Title: 5S4C,4087,7/24/26 01:30,52.05,
Plot Title: 5S4C,4088,7/24/26 01:45,52.05,
Plot Title: 5S4C,4089,7/24/26 02:00,52.05,
Plot Title: 5S4C,4090,7/24/26 02:15,52.05,
Plot Title: 5S4C,4091,7/24/26 02:30,51.874,
Plot Title: 5S4C,4092,7/24/26 02:45,51.699,
Plot Title: 5S4C,4093,7/24/26 03:00,51.699,
Plot Title: 5S4C,4094,7/24/26 03:15,51.523,
Plot Title: 5S4C,4095,7/24/26 03:30,51.523,
Plot Title: 5S4C,4096,7/24/26 03:45,51.346,
Plot Title: 5S4C,4097,7/24/26 04:00,51.172,
Plot Title: 5S4C,4098,7/24/26 04:15,50.995,
Plot Title: 5S4C,4099,7/24/26 04:30,50.819,
Plot Title: 5S4C,4100,7/24/26 04:45,50.819,
Plot Title: 5S4C,4101,7/24/26 05:00,50.643,
Plot Title: 5S4C,4102,7/24/26 05:15,50.466,
Plot Title: 5S4C,4103,7/24/26 05:30,50.29,
Plot Title: 5S4C,4104,7/24/26 05:45,50.29,
Plot Title: 5S4C,4105,7/24/26 06:00,50.113,
Plot Title: 5S4C,4106,7/24/26 06:15,49.937,
Plot Title: 5S4C,4107,7/24/26 06:30,49.937,
Plot Title: 5S4C,4108,7/24/26 06:45,49.937,
Plot Title: 5S4C,4109,7/24/26 07:00,49.937,
Plot Title: 5S4C,4110,7/24/26 07:15,50.113,
Plot Title: 5S4C,4111,7/24/26 07:30,50.995,
Plot Title: 5S4C,4112,7/24/26 07:45,52.225,
Plot Title: 5S4C,4113,7/24/26 08:00,52.05,
Plot Title: 5S4C,4114,7/24/26 08:15,52.05,
Plot Title: 5S4C,4115,7/24/26 08:30,52.401,
Plot Title: 5S4C,4116,7/24/26 08:45,55.189,
Plot Title: 5S4C,4117,7/24/26 09:00,61.054,
Plot Title: 5S4C,4118,7/24/26 09:15,64.31,
Plot Title: 5S4C,4119,7/24/26 09:30,66.537,
Plot Title: 5S4C,4120,7/24/26 09:45,69.107,
Plot Title: 5S4C,4121,7/24/26 10:00,71.856,
Plot Title: 5S4C,4122,7/24/26 10:15,73.926,
Plot Title: 5S4C,4123,7/24/26 10:30,75.659,
Plot Title: 5S4C,4124,7/24/26 10:45,77.749,
Plot Title: 5S4C,4125,7/24/26 11:00,79.678,
Plot Title: 5S4C,4126,7/24/26 11:15,81.09,
Plot Title: 5S4C,4127,7/24/26 11:30,82.508,
Plot Title: 5S4C,4128,7/24/26 11:45,85.374,
Plot Title: 5S4C,4129,7/24/26 12:00,87.915,
Plot Title: 5S4C,4130,7/24/26 12:15,90.309,
Plot Title: 5S4C,4131,7/24/26 12:30,91.425,
Plot Title: 5S4C,4132,7/24/26 12:45,94.253,
Plot Title: 5S4C,4133,7/24/26 13:00,96.748,
Plot Title: 5S4C,4134,7/24/26 13:15,98.11,
Plot Title: 5S4C,4135,7/24/26 13:30,100.283,
Plot Title: 5S4C,4136,7/24/26 13:45,102.29,
Plot Title: 5S4C,4137,7/24/26 14:00,102.697,
Plot Title: 5S4C,4138,7/24/26 14:15,101.887,
Plot Title: 5S4C,4139,7/24/26 14:30,100.683,
Plot Title: 5S4C,4140,7/24/26 14:45,91.987,
Plot Title: 5S4C,4141,7/24/26 15:00,85.374,
Plot Title: 5S4C,4142,7/24/26 15:15,80.911,
Plot Title: 5S4C,4143,7/24/26 15:30,78.098,
Plot Title: 5S4C,4144,7/24/26 15:45,76.181,
Plot Title: 5S4C,4145,7/24/26 16:00,74.619,
Plot Title: 5S4C,4146,7/24/26 16:15,73.58,
Plot Title: 5S4C,4147,7/24/26 16:30,72.545,
Plot Title: 5S4C,4148,7/24/26 16:45,72.028,
Plot Title: 5S4C,4149,7/24/26 17:00,70.995,
Plot Title: 5S4C,4150,7/24/26 17:15,70.308,
Plot Title: 5S4C,4151,7/24/26 17:30,69.793,
Plot Title: 5S4C,4152,7/24/26 17:45,69.278,
Plot Title: 5S4C,4153,7/24/26 18:00,69.278,
Plot Title: 5S4C,4154,7/24/26 18:15,69.278,
Plot Title: 5S4C,4155,7/24/26 18:30,68.592,
Plot Title: 5S4C,4156,7/24/26 18:45,67.564,
Plot Title: 5S4C,4157,7/24/26 19:00,66.193,
Plot Title: 5S4C,4158,7/24/26 19:15,64.825,
Plot Title: 5S4C,4159,7/24/26 19:30,63.626,
Plot Title: 5S4C,4160,7/24/26 19:45,62.769,
Plot Title: 5S4C,4161,7/24/26 20:00,62.425,
Plot Title: 5S4C,4162,7/24/26 20:15,61.912,
Plot Title: 5S4C,4163,7/24/26 20:30,61.398,
Plot Title: 5S4C,4164,7/24/26 20:45,61.054,
Plot Title: 5S4C,4165,7/24/26 21:00,60.539,
Plot Title: 5S4C,4166,7/24/26 21:15,60.024,
Plot Title: 5S4C,4167,7/24/26 21:30,59.68,
Plot Title: 5S4C,4168,7/24/26 21:45,59.337,
Plot Title: 5S4C,4169,7/24/26 22:00,58.82,
Plot Title: 5S4C,4170,7/24/26 22:15,58.303,
Plot Title: 5S4C,4171,7/24/26 22:30,58.131,
Plot Title: 5S4C,4172,7/24/26 22:45,58.131,
Plot Title: 5S4C,4173,7/24/26 23:00,58.476,
Plot Title: 5S4C,4174,7/24/26 23:15,58.476,
Plot Title: 5S4C,4175,7/24/26 23:30,58.303,
Plot Title: 5S4C,4176,7/24/26 23:45,58.131,
Plot Title: 5S4C,4177,7/25/26 00:00,57.614,
Plot Title: 5S4C,4178,7/25/26 00:15,57.268,
Plot Title: 5S4C,4179,7/25/26 00:30,57.096,
Plot Title: 5S4C,4180,7/25/26 00:45,57.096,
Plot Title: 5S4C,4181,7/25/26 01:00,57.096,
Plot Title: 5S4C,4182,7/25/26 01:15,56.923,
Plot Title: 5S4C,4183,7/25/26 01:30,56.923,
Plot Title: 5S4C,4184,7/25/26 01:45,56.923,
Plot Title: 5S4C,4185,7/25/26 02:00,56.75,
Plot Title: 5S4C,4186,7/25/26 02:15,56.577,
Plot Title: 5S4C,4187,7/25/26 02:30,56.404,
Plot Title: 5S4C,4188,7/25/26 02:45,56.23,
Plot Title: 5S4C,4189,7/25/26 03:00,56.057,
Plot Title: 5S4C,4190,7/25/26 03:15,56.057,
Plot Title: 5S4C,4191,7/25/26 03:30,55.884,
Plot Title: 5S4C,4192,7/25/26 03:45,55.711,
Plot Title: 5S4C,4193,7/25/26 04:00,55.711,
Plot Title: 5S4C,4194,7/25/26 04:15,55.711,
Plot Title: 5S4C,4195,7/25/26 04:30,55.537,
Plot Title: 5S4C,4196,7/25/26 04:45,55.364,
Plot Title: 5S4C,4197,7/25/26 05:00,55.364,
Plot Title: 5S4C,4198,7/25/26 05:15,55.189,
Plot Title: 5S4C,4199,7/25/26 05:30,55.017,
Plot Title: 5S4C,4200,7/25/26 05:45,54.842,
Plot Title: 5S4C,4201,7/25/26 06:00,54.842,
Plot Title: 5S4C,4202,7/25/26 06:15,54.842,
Plot Title: 5S4C,4203,7/25/26 06:30,54.842,
Plot Title: 5S4C,4204,7/25/26 06:45,54.842,
Plot Title: 5S4C,4205,7/25/26 07:00,55.017,
Plot Title: 5S4C,4206,7/25/26 07:15,55.189,
Plot Title: 5S4C,4207,7/25/26 07:30,56.404,
Plot Title: 5S4C,4208,7/25/26 07:45,56.75,
Plot Title: 5S4C,4209,7/25/26 08:00,57.268,
Plot Title: 5S4C,4210,7/25/26 08:15,57.268,
Plot Title: 5S4C,4211,7/25/26 08:30,58.303,
Plot Title: 5S4C,4212,7/25/26 08:45,59.337,
Plot Title: 5S4C,4213,7/25/26 09:00,63.455,
Plot Title: 5S4C,4214,7/25/26 09:15,63.282,
Plot Title: 5S4C,4215,7/25/26 09:30,62.598,
Plot Title: 5S4C,4216,7/25/26 09:45,62.598,
Plot Title: 5S4C,4217,7/25/26 10:00,63.455,
Plot Title: 5S4C,4218,7/25/26 10:15,68.248,
Plot Title: 5S4C,4219,7/25/26 10:30,75.312,
Plot Title: 5S4C,4220,7/25/26 10:45,79.502,
Plot Title: 5S4C,4221,7/25/26 11:00,77.574,
Plot Title: 5S4C,4222,7/25/26 11:15,75.484,
Plot Title: 5S4C,4223,7/25/26 11:30,79.502,
Plot Title: 5S4C,4224,7/25/26 11:45,85.915,
Plot Title: 5S4C,4225,7/25/26 12:00,90.68,
Plot Title: 5S4C,4226,7/25/26 12:15,94.062,
Plot Title: 5S4C,4227,7/25/26 12:30,99.687,
Plot Title: 5S4C,4228,7/25/26 12:45,99.291,
Plot Title: 5S4C,4229,7/25/26 13:00,96.361,
Plot Title: 5S4C,4230,7/25/26 13:15,87.368,
Plot Title: 5S4C,4231,7/25/26 13:30,84.654,
Plot Title: 5S4C,4232,7/25/26 13:45,83.399,
Plot Title: 5S4C,4233,7/25/26 14:00,81.442,
Plot Title: 5S4C,4234,7/25/26 14:15,86.097,
Plot Title: 5S4C,4235,7/25/26 14:30,91.8,
Plot Title: 5S4C,4236,7/25/26 14:45,86.641,
Plot Title: 5S4C,4237,7/25/26 15:00,81.266,
Plot Title: 5S4C,4238,7/25/26 15:15,77.923,
Plot Title: 5S4C,4239,7/25/26 15:30,76.006,
Plot Title: 5S4C,4240,7/25/26 15:45,74.271,
Plot Title: 5S4C,4241,7/25/26 16:00,73.234,
Plot Title: 5S4C,4242,7/25/26 16:15,72.199,
Plot Title: 5S4C,4243,7/25/26 16:30,71.168,
Plot Title: 5S4C,4244,7/25/26 16:45,71.683,
Plot Title: 5S4C,4245,7/25/26 17:00,71.168,
Plot Title: 5S4C,4246,7/25/26 17:15,69.793,
Plot Title: 5S4C,4247,7/25/26 17:30,67.906,
Plot Title: 5S4C,4248,7/25/26 17:45,66.537,
Plot Title: 5S4C,4249,7/25/26 18:00,64.139,
Plot Title: 5S4C,4250,7/25/26 18:15,62.083,
Plot Title: 5S4C,4251,7/25/26 18:30,61.398,
Plot Title: 5S4C,4252,7/25/26 18:45,61.227,
Plot Title: 5S4C,4253,7/25/26 19:00,60.712,
Plot Title: 5S4C,4254,7/25/26 19:15,61.227,
Plot Title: 5S4C,4255,7/25/26 19:30,60.712,
Plot Title: 5S4C,4256,7/25/26 19:45,60.539,
Plot Title: 5S4C,4257,7/25/26 20:00,60.024,
Plot Title: 5S4C,4258,7/25/26 20:15,59.68,
Plot Title: 5S4C,4259,7/25/26 20:30,58.993,
Plot Title: 5S4C,4260,7/25/26 20:45,58.476,
Plot Title: 5S4C,4261,7/25/26 21:00,57.614,
Plot Title: 5S4C,4262,7/25/26 21:15,57.096,
Plot Title: 5S4C,4263,7/25/26 21:30,56.923,
Plot Title: 5S4C,4264,7/25/26 21:45,56.404,
Plot Title: 5S4C,4265,7/25/26 22:00,56.23,
Plot Title: 5S4C,4266,7/25/26 22:15,55.711,
Plot Title: 5S4C,4267,7/25/26 22:30,55.364,
Plot Title: 5S4C,4268,7/25/26 22:45,55.189,
Plot Title: 5S4C,4269,7/25/26 23:00,54.842,
Plot Title: 5S4C,4270,7/25/26 23:15,54.669,
Plot Title: 5S4C,4271,7/25/26 23:30,54.495,
Plot Title: 5S4C,4272,7/25/26 23:45,54.495,
Plot Title: 5S4C,4273,7/26/26 00:00,54.669,
Plot Title: 5S4C,4274,7/26/26 00:15,54.842,
Plot Title: 5S4C,4275,7/26/26 00:30,54.669,
Plot Title: 5S4C,4276,7/26/26 00:45,54.322,
Plot Title: 5S4C,4277,7/26/26 01:00,53.973,
Plot Title: 5S4C,4278,7/26/26 01:15,53.798,
Plot Title: 5S4C,4279,7/26/26 01:30,53.623,
Plot Title: 5S4C,4280,7/26/26 01:45,53.274,
Plot Title: 5S4C,4281,7/26/26 02:00,53.1,
Plot Title: 5S4C,4282,7/26/26 02:15,52.75,
Plot Title: 5S4C,4283,7/26/26 02:30,52.576,
Plot Title: 5S4C,4284,7/26/26 02:45,52.401,
Plot Title: 5S4C,4285,7/26/26 03:00,52.225,
Plot Title: 5S4C,4286,7/26/26 03:15,52.05,
Plot Title: 5S4C,4287,7/26/26 03:30,51.874,
Plot Title: 5S4C,4288,7/26/26 03:45,51.699,
Plot Title: 5S4C,4289,7/26/26 04:00,51.699,
Plot Title: 5S4C,4290,7/26/26 04:15,51.346,
Plot Title: 5S4C,4291,7/26/26 04:30,51.346,
Plot Title: 5S4C,4292,7/26/26 04:45,51.172,
Plot Title: 5S4C,4293,7/26/26 05:00,50.995,
Plot Title: 5S4C,4294,7/26/26 05:15,50.819,
Plot Title: 5S4C,4295,7/26/26 05:30,50.643,
Plot Title: 5S4C,4296,7/26/26 05:45,50.643,
Plot Title: 5S4C,4297,7/26/26 06:00,50.29,
Plot Title: 5S4C,4298,7/26/26 06:15,50.29,
Plot Title: 5S4C,4299,7/26/26 06:30,50.29,
Plot Title: 5S4C,4300,7/26/26 06:45,50.29,
Plot Title: 5S4C,4301,7/26/26 07:00,50.466,
Plot Title: 5S4C,4302,7/26/26 07:15,50.819,
Plot Title: 5S4C,4303,7/26/26 07:30,52.05,
Plot Title: 5S4C,4304,7/26/26 07:45,53.274,
Plot Title: 5S4C,4305,7/26/26 08:00,53.623,
Plot Title: 5S4C,4306,7/26/26 08:15,53.798,
Plot Title: 5S4C,4307,7/26/26 08:30,54.322,
Plot Title: 5S4C,4308,7/26/26 08:45,57.958,
Plot Title: 5S4C,4309,7/26/26 09:00,63.282,
Plot Title: 5S4C,4310,7/26/26 09:15,65.68,
Plot Title: 5S4C,4311,7/26/26 09:30,65.167,
Plot Title: 5S4C,4312,7/26/26 09:45,63.455,
Plot Title: 5S4C,4313,7/26/26 10:00,66.193,
Plot Title: 5S4C,4314,7/26/26 10:15,63.797,
Plot Title: 5S4C,4315,7/26/26 10:30,63.626,
Plot Title: 5S4C,4316,7/26/26 10:45,69.793,
Plot Title: 5S4C,4317,7/26/26 11:00,75.139,
Plot Title: 5S4C,4318,7/26/26 11:15,80.029,
Plot Title: 5S4C,4319,7/26/26 11:30,84.474,
Plot Title: 5S4C,4320,7/26/26 11:45,89.384,
Plot Title: 5S4C,4321,7/26/26 12:00,91.425,
Plot Title: 5S4C,4322,7/26/26 12:15,88.833,
Plot Title: 5S4C,4323,7/26/26 12:30,95.016,
Plot Title: 5S4C,4324,7/26/26 12:45,99.489,
Plot Title: 5S4C,4325,7/26/26 13:00,102.697,
Plot Title: 5S4C,4326,7/26/26 13:15,102.29,
Plot Title: 5S4C,4327,7/26/26 13:30,93.682,
Plot Title: 5S4C,4328,7/26/26 13:45,85.194,
Plot Title: 5S4C,4329,7/26/26 14:00,81.442,
Plot Title: 5S4C,4330,7/26/26 14:15,85.915,
Plot Title: 5S4C,4331,7/26/26 14:30,92.55,
Plot Title: 5S4C,4332,7/26/26 14:45,86.097,
Plot Title: 5S4C,4333,7/26/26 15:00,80.029,
Plot Title: 5S4C,4334,7/26/26 15:15,75.312,
Plot Title: 5S4C,4335,7/26/26 15:30,73.926,
Plot Title: 5S4C,4336,7/26/26 15:45,73.062,
Plot Title: 5S4C,4337,7/26/26 16:00,71.856,
Plot Title: 5S4C,4338,7/26/26 16:15,71.856,
Plot Title: 5S4C,4339,7/26/26 16:30,70.824,
Plot Title: 5S4C,4340,7/26/26 16:45,68.763,
Plot Title: 5S4C,4341,7/26/26 17:00,65.509,
Plot Title: 5S4C,4342,7/26/26 17:15,63.626,
Plot Title: 5S4C,4343,7/26/26 17:30,63.626,
Plot Title: 5S4C,4344,7/26/26 17:45,63.282,
Plot Title: 5S4C,4345,7/26/26 18:00,62.598,
Plot Title: 5S4C,4346,7/26/26 18:15,61.398,
Plot Title: 5S4C,4347,7/26/26 18:30,60.368,
Plot Title: 5S4C,4348,7/26/26 18:45,60.368,
Plot Title: 5S4C,4349,7/26/26 19:00,59.508,
Plot Title: 5S4C,4350,7/26/26 19:15,58.993,
Plot Title: 5S4C,4351,7/26/26 19:30,58.476,
Plot Title: 5S4C,4352,7/26/26 19:45,57.958,
Plot Title: 5S4C,4353,7/26/26 20:00,58.131,
Plot Title: 5S4C,4354,7/26/26 20:15,58.131,
Plot Title: 5S4C,4355,7/26/26 20:30,57.958,
Plot Title: 5S4C,4356,7/26/26 20:45,57.614,
Plot Title: 5S4C,4357,7/26/26 21:00,56.75,
Plot Title: 5S4C,4358,7/26/26 21:15,56.577,
Plot Title: 5S4C,4359,7/26/26 21:30,56.057,
Plot Title: 5S4C,4360,7/26/26 21:45,55.884,
Plot Title: 5S4C,4361,7/26/26 22:00,55.711,
Plot Title: 5S4C,4362,7/26/26 22:15,55.711,
Plot Title: 5S4C,4363,7/26/26 22:30,55.537,
Plot Title: 5S4C,4364,7/26/26 22:45,55.537,
Plot Title: 5S4C,4365,7/26/26 23:00,55.189,
Plot Title: 5S4C,4366,7/26/26 23:15,55.189,
Plot Title: 5S4C,4367,7/26/26 23:30,55.189,
Plot Title: 5S4C,4368,7/26/26 23:45,55.017,
Plot Title: 5S4C,4369,7/27/26 00:00,55.017,
Plot Title: 5S4C,4370,7/27/26 00:15,54.842,
Plot Title: 5S4C,4371,7/27/26 00:30,54.669,
Plot Title: 5S4C,4372,7/27/26 00:45,54.669,
Plot Title: 5S4C,4373,7/27/26 01:00,54.669,
Plot Title: 5S4C,4374,7/27/26 01:15,54.495,
Plot Title: 5S4C,4375,7/27/26 01:30,54.322,
Plot Title: 5S4C,4376,7/27/26 01:45,53.973,
Plot Title: 5S4C,4377,7/27/26 02:00,53.623,
Plot Title: 5S4C,4378,7/27/26 02:15,53.274,
Plot Title: 5S4C,4379,7/27/26 02:30,53.1,
Plot Title: 5S4C,4380,7/27/26 02:45,52.75,
Plot Title: 5S4C,4381,7/27/26 03:00,52.576,
Plot Title: 5S4C,4382,7/27/26 03:15,52.401,
Plot Title: 5S4C,4383,7/27/26 03:30,52.05,
Plot Title: 5S4C,4384,7/27/26 03:45,52.05,
Plot Title: 5S4C,4385,7/27/26 04:00,51.699,
Plot Title: 5S4C,4386,7/27/26 04:15,51.523,
Plot Title: 5S4C,4387,7/27/26 04:30,51.346,
Plot Title: 5S4C,4388,7/27/26 04:45,50.995,
Plot Title: 5S4C,4389,7/27/26 05:00,50.643,
Plot Title: 5S4C,4390,7/27/26 05:15,50.643,
Plot Title: 5S4C,4391,7/27/26 05:30,50.643,
Plot Title: 5S4C,4392,7/27/26 05:45,50.643,
Plot Title: 5S4C,4393,7/27/26 06:00,50.819,
Plot Title: 5S4C,4394,7/27/26 06:15,50.819,
Plot Title: 5S4C,4395,7/27/26 06:30,51.346,
Plot Title: 5S4C,4396,7/27/26 06:45,51.699,
Plot Title: 5S4C,4397,7/27/26 07:00,52.05,
Plot Title: 5S4C,4398,7/27/26 07:15,52.401,
Plot Title: 5S4C,4399,7/27/26 07:30,52.576,
Plot Title: 5S4C,4400,7/27/26 07:45,53.798,
Plot Title: 5S4C,4401,7/27/26 08:00,54.669,
Plot Title: 5S4C,4402,7/27/26 08:15,55.364,
Plot Title: 5S4C,4403,7/27/26 08:30,56.057,
Plot Title: 5S4C,4404,7/27/26 08:45,57.958,
Plot Title: 5S4C,4405,7/27/26 09:00,62.083,
Plot Title: 5S4C,4406,7/27/26 09:15,64.139,
Plot Title: 5S4C,4407,7/27/26 09:30,61.569,
Plot Title: 5S4C,4408,7/27/26 09:45,64.139,
Plot Title: 5S4C,4409,7/27/26 10:00,71.168,
Plot Title: 5S4C,4410,7/27/26 10:15,73.062,
Plot Title: 5S4C,4411,7/27/26 10:30,79.326,
Plot Title: 5S4C,4412,7/27/26 10:45,83.399,
Plot Title: 5S4C,4413,7/27/26 11:00,83.579,
Plot Title: 5S4C,4414,7/27/26 11:15,86.641,
Plot Title: 5S4C,4415,7/27/26 11:30,92.926,
Plot Title: 5S4C,4416,7/27/26 11:45,95.59,
Plot Title: 5S4C,4417,7/27/26 12:00,100.483,
Plot Title: 5S4C,4418,7/27/26 12:15,104.128,
Plot Title: 5S4C,4419,7/27/26 12:30,103.717,
Plot Title: 5S4C,4420,7/27/26 12:45,101.282,
Plot Title: 5S4C,4421,7/27/26 13:00,104.54,
Plot Title: 5S4C,4422,7/27/26 13:15,104.128,
Plot Title: 5S4C,4423,7/27/26 13:30,103.307,
Plot Title: 5S4C,4424,7/27/26 13:45,103.717,
Plot Title: 5S4C,4425,7/27/26 14:00,104.128,
Plot Title: 5S4C,4426,7/27/26 14:15,106.624,
Plot Title: 5S4C,4427,7/27/26 14:30,107.258,
Plot Title: 5S4C,4428,7/27/26 14:45,96.942,
Plot Title: 5S4C,4429,7/27/26 15:00,89.569,
Plot Title: 5S4C,4430,7/27/26 15:15,85.915,
Plot Title: 5S4C,4431,7/27/26 15:30,83.043,
Plot Title: 5S4C,4432,7/27/26 15:45,82.508,
Plot Title: 5S4C,4433,7/27/26 16:00,81.266,
Plot Title: 5S4C,4434,7/27/26 16:15,80.029,
Plot Title: 5S4C,4435,7/27/26 16:30,79.151,
Plot Title: 5S4C,4436,7/27/26 16:45,76.354,
Plot Title: 5S4C,4437,7/27/26 17:00,73.926,
Plot Title: 5S4C,4438,7/27/26 17:15,70.824,
Plot Title: 5S4C,4439,7/27/26 17:30,69.622,
Plot Title: 5S4C,4440,7/27/26 17:45,69.449,
Plot Title: 5S4C,4441,7/27/26 18:00,68.934,
Plot Title: 5S4C,4442,7/27/26 18:15,68.421,
Plot Title: 5S4C,4443,7/27/26 18:30,67.05,
Plot Title: 5S4C,4444,7/27/26 18:45,66.366,
Plot Title: 5S4C,4445,7/27/26 19:00,65.338,
Plot Title: 5S4C,4446,7/27/26 19:15,63.282,
Plot Title: 5S4C,4447,7/27/26 19:30,61.398,
Plot Title: 5S4C,4448,7/27/26 19:45,59.851,
Plot Title: 5S4C,4449,7/27/26 20:00,59.164,
Plot Title: 5S4C,4450,7/27/26 20:15,58.476,
Plot Title: 5S4C,4451,7/27/26 20:30,58.131,
Plot Title: 5S4C,4452,7/27/26 20:45,57.614,
Plot Title: 5S4C,4453,7/27/26 21:00,57.268,
Plot Title: 5S4C,4454,7/27/26 21:15,56.75,
Plot Title: 5S4C,4455,7/27/26 21:30,56.577,
Plot Title: 5S4C,4456,7/27/26 21:45,56.057,
Plot Title: 5S4C,4457,7/27/26 22:00,55.537,
Plot Title: 5S4C,4458,7/27/26 22:15,55.017,
Plot Title: 5S4C,4459,7/27/26 22:30,54.669,
Plot Title: 5S4C,4460,7/27/26 22:45,54.322,
Plot Title: 5S4C,4461,7/27/26 23:00,54.147,
Plot Title: 5S4C,4462,7/27/26 23:15,53.623,
Plot Title: 5S4C,4463,7/27/26 23:30,53.274,
Plot Title: 5S4C,4464,7/27/26 23:45,53.1,
Plot Title: 5S4C,4465,7/28/26 00:00,52.75,
Plot Title: 5S4C,4466,7/28/26 00:15,52.225,
Plot Title: 5S4C,4467,7/28/26 00:30,51.874,
Plot Title: 5S4C,4468,7/28/26 00:45,51.699,
Plot Title: 5S4C,4469,7/28/26 01:00,52.05,
Plot Title: 5S4C,4470,7/28/26 01:15,51.699,
Plot Title: 5S4C,4471,7/28/26 01:30,51.346,
Plot Title: 5S4C,4472,7/28/26 01:45,51.172,
Plot Title: 5S4C,4473,7/28/26 02:00,50.995,
Plot Title: 5S4C,4474,7/28/26 02:15,50.819,
Plot Title: 5S4C,4475,7/28/26 02:30,50.643,
Plot Title: 5S4C,4476,7/28/26 02:45,50.29,
Plot Title: 5S4C,4477,7/28/26 03:00,50.113,
Plot Title: 5S4C,4478,7/28/26 03:15,49.937,
Plot Title: 5S4C,4479,7/28/26 03:30,49.582,
Plot Title: 5S4C,4480,7/28/26 03:45,49.404,
Plot Title: 5S4C,4481,7/28/26 04:00,49.228,
Plot Title: 5S4C,4482,7/28/26 04:15,49.05,
Plot Title: 5S4C,4483,7/28/26 04:30,49.05,
Plot Title: 5S4C,4484,7/28/26 04:45,49.05,
Plot Title: 5S4C,4485,7/28/26 05:00,48.871,
Plot Title: 5S4C,4486,7/28/26 05:15,48.871,
Plot Title: 5S4C,4487,7/28/26 05:30,48.517,
Plot Title: 5S4C,4488,7/28/26 05:45,48.339,
Plot Title: 5S4C,4489,7/28/26 06:00,48.16,
Plot Title: 5S4C,4490,7/28/26 06:15,48.16,
Plot Title: 5S4C,4491,7/28/26 06:30,48.16,
Plot Title: 5S4C,4492,7/28/26 06:45,48.339,
Plot Title: 5S4C,4493,7/28/26 07:00,48.695,
Plot Title: 5S4C,4494,7/28/26 07:15,49.05,
Plot Title: 5S4C,4495,7/28/26 07:30,49.937,
Plot Title: 5S4C,4496,7/28/26 07:45,51.346,
Plot Title: 5S4C,4497,7/28/26 08:00,52.05,
Plot Title: 5S4C,4498,7/28/26 08:15,52.75,
Plot Title: 5S4C,4499,7/28/26 08:30,53.449,
Plot Title: 5S4C,4500,7/28/26 08:45,56.404,
Plot Title: 5S4C,4501,7/28/26 09:00,60.712,
Plot Title: 5S4C,4502,7/28/26 09:15,63.968,
Plot Title: 5S4C,4503,7/28/26 09:30,67.564,
Plot Title: 5S4C,4504,7/28/26 09:45,71.168,
Plot Title: 5S4C,4505,7/28/26 10:00,74.446,
Plot Title: 5S4C,4506,7/28/26 10:15,77.4,
Plot Title: 5S4C,4507,7/28/26 10:30,80.206,
Plot Title: 5S4C,4508,7/28/26 10:45,83.399,
Plot Title: 5S4C,4509,7/28/26 11:00,86.097,
Plot Title: 5S4C,4510,7/28/26 11:15,88.833,
Plot Title: 5S4C,4511,7/28/26 11:30,91.425,
Plot Title: 5S4C,4512,7/28/26 11:45,94.444,
Plot Title: 5S4C,4513,7/28/26 12:00,97.137,
Plot Title: 5S4C,4514,7/28/26 12:15,100.683,
Plot Title: 5S4C,4515,7/28/26 12:30,104.333,
Plot Title: 5S4C,4516,7/28/26 12:45,107.47,
Plot Title: 5S4C,4517,7/28/26 13:00,109.612,
Plot Title: 5S4C,4518,7/28/26 13:15,111.139,
Plot Title: 5S4C,4519,7/28/26 13:30,108.75,
Plot Title: 5S4C,4520,7/28/26 13:45,104.128,
Plot Title: 5S4C,4521,7/28/26 14:00,102.697,
Plot Title: 5S4C,4522,7/28/26 14:15,105.577,
Plot Title: 5S4C,4523,7/28/26 14:30,104.747,
Plot Title: 5S4C,4524,7/28/26 14:45,95.59,
Plot Title: 5S4C,4525,7/28/26 15:00,89.2,
Plot Title: 5S4C,4526,7/28/26 15:15,85.915,
Plot Title: 5S4C,4527,7/28/26 15:30,82.686,
Plot Title: 5S4C,4528,7/28/26 15:45,79.678,
Plot Title: 5S4C,4529,7/28/26 16:00,78.624,
Plot Title: 5S4C,4530,7/28/26 16:15,77.749,
Plot Title: 5S4C,4531,7/28/26 16:30,77.4,
Plot Title: 5S4C,4532,7/28/26 16:45,76.181,
Plot Title: 5S4C,4533,7/28/26 17:00,75.312,
Plot Title: 5S4C,4534,7/28/26 17:15,74.446,
Plot Title: 5S4C,4535,7/28/26 17:30,72.891,
Plot Title: 5S4C,4536,7/28/26 17:45,70.651,
Plot Title: 5S4C,4537,7/28/26 18:00,68.934,
Plot Title: 5S4C,4538,7/28/26 18:15,67.221,
Plot Title: 5S4C,4539,7/28/26 18:30,64.825,
Plot Title: 5S4C,4540,7/28/26 18:45,63.111,
Plot Title: 5S4C,4541,7/28/26 19:00,61.398,
Plot Title: 5S4C,4542,7/28/26 19:15,61.054,
Plot Title: 5S4C,4543,7/28/26 19:30,61.227,
Plot Title: 5S4C,4544,7/28/26 19:45,60.368,
Plot Title: 5S4C,4545,7/28/26 20:00,59.337,
Plot Title: 5S4C,4546,7/28/26 20:15,58.82,
Plot Title: 5S4C,4547,7/28/26 20:30,59.164,
Plot Title: 5S4C,4548,7/28/26 20:45,59.337,
Plot Title: 5S4C,4549,7/28/26 21:00,58.82,
Plot Title: 5S4C,4550,7/28/26 21:15,58.303,
Plot Title: 5S4C,4551,7/28/26 21:30,57.958,
Plot Title: 5S4C,4552,7/28/26 21:45,58.131,
Plot Title: 5S4C,4553,7/28/26 22:00,58.131,
Plot Title: 5S4C,4554,7/28/26 22:15,57.785,
Plot Title: 5S4C,4555,7/28/26 22:30,57.614,
Plot Title: 5S4C,4556,7/28/26 22:45,57.441,
Plot Title: 5S4C,4557,7/28/26 23:00,57.268,
Plot Title: 5S4C,4558,7/28/26 23:15,57.096,
Plot Title: 5S4C,4559,7/28/26 23:30,56.75,
Plot Title: 5S4C,4560,7/28/26 23:45,56.404,
Plot Title: 5S4C,4561,7/29/26 00:00,56.057,
Plot Title: 5S4C,4562,7/29/26 00:15,55.711,
Plot Title: 5S4C,4563,7/29/26 00:30,55.189,
Plot Title: 5S4C,4564,7/29/26 00:45,55.017,
Plot Title: 5S4C,4565,7/29/26 01:00,54.842,
Plot Title: 5S4C,4566,7/29/26 01:15,54.669,
Plot Title: 5S4C,4567,7/29/26 01:30,54.669,
Plot Title: 5S4C,4568,7/29/26 01:45,54.495,
Plot Title: 5S4C,4569,7/29/26 02:00,54.147,
Plot Title: 5S4C,4570,7/29/26 02:15,53.973,
Plot Title: 5S4C,4571,7/29/26 02:30,53.973,
Plot Title: 5S4C,4572,7/29/26 02:45,53.798,
Plot Title: 5S4C,4573,7/29/26 03:00,53.623,
Plot Title: 5S4C,4574,7/29/26 03:15,53.623,
Plot Title: 5S4C,4575,7/29/26 03:30,53.449,
Plot Title: 5S4C,4576,7/29/26 03:45,52.925,
Plot Title: 5S4C,4577,7/29/26 04:00,52.401,
Plot Title: 5S4C,4578,7/29/26 04:15,51.874,
Plot Title: 5S4C,4579,7/29/26 04:30,51.523,
Plot Title: 5S4C,4580,7/29/26 04:45,51.172,
Plot Title: 5S4C,4581,7/29/26 05:00,50.819,
Plot Title: 5S4C,4582,7/29/26 05:15,50.466,
Plot Title: 5S4C,4583,7/29/26 05:30,50.29,
Plot Title: 5S4C,4584,7/29/26 05:45,50.29,
Plot Title: 5S4C,4585,7/29/26 06:00,49.937,
Plot Title: 5S4C,4586,7/29/26 06:15,49.582,
Plot Title: 5S4C,4587,7/29/26 06:30,49.582,
Plot Title: 5S4C,4588,7/29/26 06:45,49.937,
Plot Title: 5S4C,4589,7/29/26 07:00,50.113,
Plot Title: 5S4C,4590,7/29/26 07:15,50.643,
Plot Title: 5S4C,4591,7/29/26 07:30,51.523,
Plot Title: 5S4C,4592,7/29/26 07:45,52.75,
Plot Title: 5S4C,4593,7/29/26 08:00,53.449,
Plot Title: 5S4C,4594,7/29/26 08:15,53.973,
Plot Title: 5S4C,4595,7/29/26 08:30,54.669,
Plot Title: 5S4C,4596,7/29/26 08:45,57.268,
Plot Title: 5S4C,4597,7/29/26 09:00,63.282,
Plot Title: 5S4C,4598,7/29/26 09:15,67.735,
Plot Title: 5S4C,4599,7/29/26 09:30,72.199,
Plot Title: 5S4C,4600,7/29/26 09:45,76.354,
Plot Title: 5S4C,4601,7/29/26 10:00,79.853,
Plot Title: 5S4C,4602,7/29/26 10:15,83.935,
Plot Title: 5S4C,4603,7/29/26 10:30,87.733,
Plot Title: 5S4C,4604,7/29/26 10:45,91.053,
Plot Title: 5S4C,4605,7/29/26 11:00,95.016,
Plot Title: 5S4C,4606,7/29/26 11:15,98.503,
Plot Title: 5S4C,4607,7/29/26 11:30,101.685,
Plot Title: 5S4C,4608,7/29/26 11:45,105.37,
Plot Title: 5S4C,4609,7/29/26 12:00,108.322,
Plot Title: 5S4C,4610,7/29/26 12:15,109.828,
Plot Title: 5S4C,4611,7/29/26 12:30,111.139,
Plot Title: 5S4C,4612,7/29/26 12:45,113.814,
Plot Title: 5S4C,4613,7/29/26 13:00,112.244,
Plot Title: 5S4C,4614,7/29/26 13:15,113.814,
Plot Title: 5S4C,4615,7/29/26 13:30,111.801,
Plot Title: 5S4C,4616,7/29/26 13:45,97.916,
Plot Title: 5S4C,4617,7/29/26 14:00,96.168,
Plot Title: 5S4C,4618,7/29/26 14:15,93.115,
Plot Title: 5S4C,4619,7/29/26 14:30,89.017,
Plot Title: 5S4C,4620,7/29/26 14:45,86.641,
Plot Title: 5S4C,4621,7/29/26 15:00,84.474,
Plot Title: 5S4C,4622,7/29/26 15:15,82.508,
Plot Title: 5S4C,4623,7/29/26 15:30,81.797,
Plot Title: 5S4C,4624,7/29/26 15:45,81.09,
Plot Title: 5S4C,4625,7/29/26 16:00,79.151,
Plot Title: 5S4C,4626,7/29/26 16:15,77.574,
Plot Title: 5S4C,4627,7/29/26 16:30,75.139,
Plot Title: 5S4C,4628,7/29/26 16:45,75.312,
Plot Title: 5S4C,4629,7/29/26 17:00,74.791,
Plot Title: 5S4C,4630,7/29/26 17:15,73.926,
Plot Title: 5S4C,4631,7/29/26 17:30,72.372,
Plot Title: 5S4C,4632,7/29/26 17:45,70.48,
Plot Title: 5S4C,4633,7/29/26 18:00,67.564,
Plot Title: 5S4C,4634,7/29/26 18:15,62.94,
Plot Title: 5S4C,4635,7/29/26 18:30,60.195,
Plot Title: 5S4C,4636,7/29/26 18:45,58.82,
Plot Title: 5S4C,4637,7/29/26 19:00,58.647,
Plot Title: 5S4C,4638,7/29/26 19:15,58.476,
Plot Title: 5S4C,4639,7/29/26 19:30,58.131,
Plot Title: 5S4C,4640,7/29/26 19:45,57.958,
Plot Title: 5S4C,4641,7/29/26 20:00,57.785,
Plot Title: 5S4C,4642,7/29/26 20:15,56.923,
Plot Title: 5S4C,4643,7/29/26 20:30,56.057,
Plot Title: 5S4C,4644,7/29/26 20:45,55.537,
Plot Title: 5S4C,4645,7/29/26 21:00,54.842,
Plot Title: 5S4C,4646,7/29/26 21:15,54.322,
Plot Title: 5S4C,4647,7/29/26 21:30,53.973,
Plot Title: 5S4C,4648,7/29/26 21:45,53.798,
Plot Title: 5S4C,4649,7/29/26 22:00,53.623,
Plot Title: 5S4C,4650,7/29/26 22:15,53.274,
Plot Title: 5S4C,4651,7/29/26 22:30,53.1,
Plot Title: 5S4C,4652,7/29/26 22:45,52.925,
Plot Title: 5S4C,4653,7/29/26 23:00,52.925,
Plot Title: 5S4C,4654,7/29/26 23:15,52.576,
Plot Title: 5S4C,4655,7/29/26 23:30,52.401,
Plot Title: 5S4C,4656,7/29/26 23:45,52.401,
Plot Title: 5S4C,4657,7/30/26 00:00,52.225,
Plot Title: 5S4C,4658,7/30/26 00:15,52.225,
Plot Title: 5S4C,4659,7/30/26 00:30,52.05,
Plot Title: 5S4C,4660,7/30/26 00:45,52.225,
Plot Title: 5S4C,4661,7/30/26 01:00,52.401,
Plot Title: 5S4C,4662,7/30/26 01:15,52.225,
Plot Title: 5S4C,4663,7/30/26 01:30,52.05,
Plot Title: 5S4C,4664,7/30/26 01:45,51.874,
Plot Title: 5S4C,4665,7/30/26 02:00,51.699,
Plot Title: 5S4C,4666,7/30/26 02:15,51.523,
Plot Title: 5S4C,4667,7/30/26 02:30,51.346,
Plot Title: 5S4C,4668,7/30/26 02:45,51.172,
Plot Title: 5S4C,4669,7/30/26 03:00,50.643,
Plot Title: 5S4C,4670,7/30/26 03:15,50.29,
Plot Title: 5S4C,4671,7/30/26 03:30,49.937,
Plot Title: 5S4C,4672,7/30/26 03:45,49.759,
Plot Title: 5S4C,4673,7/30/26 04:00,49.404,
Plot Title: 5S4C,4674,7/30/26 04:15,49.228,
Plot Title: 5S4C,4675,7/30/26 04:30,49.05,
Plot Title: 5S4C,4676,7/30/26 04:45,48.695,
Plot Title: 5S4C,4677,7/30/26 05:00,48.517,
Plot Title: 5S4C,4678,7/30/26 05:15,48.339,
Plot Title: 5S4C,4679,7/30/26 05:30,47.982,
Plot Title: 5S4C,4680,7/30/26 05:45,47.982,
Plot Title: 5S4C,4681,7/30/26 06:00,47.802,
Plot Title: 5S4C,4682,7/30/26 06:15,47.446,
Plot Title: 5S4C,4683,7/30/26 06:30,47.446,
Plot Title: 5S4C,4684,7/30/26 06:45,47.624,
Plot Title: 5S4C,4685,7/30/26 07:00,47.982,
Plot Title: 5S4C,4686,7/30/26 07:15,48.517,
Plot Title: 5S4C,4687,7/30/26 07:30,49.582,
Plot Title: 5S4C,4688,7/30/26 07:45,50.643,
Plot Title: 5S4C,4689,7/30/26 08:00,51.346,
Plot Title: 5S4C,4690,7/30/26 08:15,52.05,
Plot Title: 5S4C,4691,7/30/26 08:30,52.75,
Plot Title: 5S4C,4692,7/30/26 08:45,55.189,
Plot Title: 5S4C,4693,7/30/26 09:00,61.741,
Plot Title: 5S4C,4694,7/30/26 09:15,66.022,
Plot Title: 5S4C,4695,7/30/26 09:30,70.308,
Plot Title: 5S4C,4696,7/30/26 09:45,73.753,
Plot Title: 5S4C,4697,7/30/26 10:00,77.574,
Plot Title: 5S4C,4698,7/30/26 10:15,80.735,
Plot Title: 5S4C,4699,7/30/26 10:30,83.757,
Plot Title: 5S4C,4700,7/30/26 10:45,87.368,
Plot Title: 5S4C,4701,7/30/26 11:00,91.053,
Plot Title: 5S4C,4702,7/30/26 11:15,95.4,
Plot Title: 5S4C,4703,7/30/26 11:30,98.699,
Plot Title: 5S4C,4704,7/30/26 11:45,101.887,
Plot Title: 5S4C,4705,7/30/26 12:00,105.786,
Plot Title: 5S4C,4706,7/30/26 12:15,109.828,
Plot Title: 5S4C,4707,7/30/26 12:30,112.914,
Plot Title: 5S4C,4708,7/30/26 12:45,114.949,
Plot Title: 5S4C,4709,7/30/26 13:00,112.69,
Plot Title: 5S4C,4710,7/30/26 13:15,112.023,
Plot Title: 5S4C,4711,7/30/26 13:30,107.47,
Plot Title: 5S4C,4712,7/30/26 13:45,107.258,
Plot Title: 5S4C,4713,7/30/26 14:00,100.283,
Plot Title: 5S4C,4714,7/30/26 14:15,101.887,
Plot Title: 5S4C,4715,7/30/26 14:30,95.207,
Plot Title: 5S4C,4716,7/30/26 14:45,92.363,
Plot Title: 5S4C,4717,7/30/26 15:00,86.823,
Plot Title: 5S4C,4718,7/30/26 15:15,84.115,
Plot Title: 5S4C,4719,7/30/26 15:30,81.621,
Plot Title: 5S4C,4720,7/30/26 15:45,79.326,
Plot Title: 5S4C,4721,7/30/26 16:00,77.225,
Plot Title: 5S4C,4722,7/30/26 16:15,76.006,
Plot Title: 5S4C,4723,7/30/26 16:30,74.791,
Plot Title: 5S4C,4724,7/30/26 16:45,73.58,
Plot Title: 5S4C,4725,7/30/26 17:00,72.718,
Plot Title: 5S4C,4726,7/30/26 17:15,71.683,
Plot Title: 5S4C,4727,7/30/26 17:30,71.339,
Plot Title: 5S4C,4728,7/30/26 17:45,70.137,
Plot Title: 5S4C,4729,7/30/26 18:00,69.107,
Plot Title: 5S4C,4730,7/30/26 18:15,68.592,
Plot Title: 5S4C,4731,7/30/26 18:30,68.421,
Plot Title: 5S4C,4732,7/30/26 18:45,66.879,
Plot Title: 5S4C,4733,7/30/26 19:00,65.68,
Plot Title: 5S4C,4734,7/30/26 19:15,64.825,
Plot Title: 5S4C,4735,7/30/26 19:30,64.652,
Plot Title: 5S4C,4736,7/30/26 19:45,63.968,
Plot Title: 5S4C,4737,7/30/26 20:00,63.282,
Plot Title: 5S4C,4738,7/30/26 20:15,62.598,
Plot Title: 5S4C,4739,7/30/26 20:30,62.254,
Plot Title: 5S4C,4740,7/30/26 20:45,61.912,
Plot Title: 5S4C,4741,7/30/26 21:00,61.054,
Plot Title: 5S4C,4742,7/30/26 21:15,60.195,
Plot Title: 5S4C,4743,7/30/26 21:30,59.508,
Plot Title: 5S4C,4744,7/30/26 21:45,59.337,
Plot Title: 5S4C,4745,7/30/26 22:00,59.337,
Plot Title: 5S4C,4746,7/30/26 22:15,59.164,
Plot Title: 5S4C,4747,7/30/26 22:30,59.164,
Plot Title: 5S4C,4748,7/30/26 22:45,58.82,
Plot Title: 5S4C,4749,7/30/26 23:00,58.303,
Plot Title: 5S4C,4750,7/30/26 23:15,57.614,
Plot Title: 5S4C,4751,7/30/26 23:30,57.096,
Plot Title: 5S4C,4752,7/30/26 23:45,56.404,
Plot Title: 5S4C,4753,7/31/26 00:00,55.537,
Plot Title: 5S4C,4754,7/31/26 00:15,54.842,
Plot Title: 5S4C,4755,7/31/26 00:30,54.669,
Plot Title: 5S4C,4756,7/31/26 00:45,54.669,
Plot Title: 5S4C,4757,7/31/26 01:00,54.669,
Plot Title: 5S4C,4758,7/31/26 01:15,54.147,
Plot Title: 5S4C,4759,7/31/26 01:30,53.623,
Plot Title: 5S4C,4760,7/31/26 01:45,53.1,
Plot Title: 5S4C,4761,7/31/26 02:00,52.75,
Plot Title: 5S4C,4762,7/31/26 02:15,52.576,
Plot Title: 5S4C,4763,7/31/26 02:30,52.225,
Plot Title: 5S4C,4764,7/31/26 02:45,51.874,
Plot Title: 5S4C,4765,7/31/26 03:00,51.699,
Plot Title: 5S4C,4766,7/31/26 03:15,51.523,
Plot Title: 5S4C,4767,7/31/26 03:30,51.346,
Plot Title: 5S4C,4768,7/31/26 03:45,51.172,
Plot Title: 5S4C,4769,7/31/26 04:00,51.346,
Plot Title: 5S4C,4770,7/31/26 04:15,51.346,
Plot Title: 5S4C,4771,7/31/26 04:30,50.995,
Plot Title: 5S4C,4772,7/31/26 04:45,50.466,
Plot Title: 5S4C,4773,7/31/26 05:00,50.113,
Plot Title: 5S4C,4774,7/31/26 05:15,49.937,
Plot Title: 5S4C,4775,7/31/26 05:30,49.582,
Plot Title: 5S4C,4776,7/31/26 05:45,49.404,
Plot Title: 5S4C,4777,7/31/26 06:00,49.228,
Plot Title: 5S4C,4778,7/31/26 06:15,49.228,
Plot Title: 5S4C,4779,7/31/26 06:30,49.228,
Plot Title: 5S4C,4780,7/31/26 06:45,49.582,
Plot Title: 5S4C,4781,7/31/26 07:00,50.113,
Plot Title: 5S4C,4782,7/31/26 07:15,50.466,
Plot Title: 5S4C,4783,7/31/26 07:30,51.699,
Plot Title: 5S4C,4784,7/31/26 07:45,52.576,
Plot Title: 5S4C,4785,7/31/26 08:00,53.1,
Plot Title: 5S4C,4786,7/31/26 08:15,53.798,
Plot Title: 5S4C,4787,7/31/26 08:30,54.495,
Plot Title: 5S4C,4788,7/31/26 08:45,56.404,
Plot Title: 5S4C,4789,7/31/26 09:00,64.31,
Plot Title: 5S4C,4790,7/31/26 09:15,70.308,
Plot Title: 5S4C,4791,7/31/26 09:30,75.484,
Plot Title: 5S4C,4792,7/31/26 09:45,80.206,
Plot Title: 5S4C,4793,7/31/26 10:00,84.654,
Plot Title: 5S4C,4794,7/31/26 10:15,89.017,
Plot Title: 5S4C,4795,7/31/26 10:30,93.115,
Plot Title: 5S4C,4796,7/31/26 10:45,96.748,
Plot Title: 5S4C,4797,7/31/26 11:00,100.683,
Plot Title: 5S4C,4798,7/31/26 11:15,103.717,
Plot Title: 5S4C,4799,7/31/26 11:30,107.046,
Plot Title: 5S4C,4800,7/31/26 11:45,110.046,
Plot Title: 5S4C,4801,7/31/26 12:00,112.914,
Plot Title: 5S4C,4802,7/31/26 12:15,115.867,
Plot Title: 5S4C,4803,7/31/26 12:30,118.206,
Plot Title: 5S4C,4804,7/31/26 12:45,119.878,
Plot Title: 5S4C,4805,7/31/26 13:00,121.829,
Plot Title: 5S4C,4806,7/31/26 13:15,123.071,
Plot Title: 5S4C,4807,7/31/26 13:30,123.071,
Plot Title: 5S4C,4808,7/31/26 13:45,122.076,
Plot Title: 5S4C,4809,7/31/26 14:00,118.679,
Plot Title: 5S4C,4810,7/31/26 14:15,119.397,
Plot Title: 5S4C,4811,7/31/26 14:30,119.158,
Plot Title: 5S4C,4812,7/31/26 14:45,108.964,
Plot Title: 5S4C,4813,7/31/26 15:00,97.72,
Plot Title: 5S4C,4814,7/31/26 15:15,91.053,
Plot Title: 5S4C,4815,7/31/26 15:30,86.277,
Plot Title: 5S4C,4816,7/31/26 15:45,83.221,
Plot Title: 5S4C,4817,7/31/26 16:00,80.382,
Plot Title: 5S4C,4818,7/31/26 16:15,78.624,
Plot Title: 5S4C,4819,7/31/26 16:30,76.703,
Plot Title: 5S4C,4820,7/31/26 16:45,75.659,
Plot Title: 5S4C,4821,7/31/26 17:00,74.619,
Plot Title: 5S4C,4822,7/31/26 17:15,73.58,
Plot Title: 5S4C,4823,7/31/26 17:30,72.718,
Plot Title: 5S4C,4824,7/31/26 17:45,71.512,
Plot Title: 5S4C,4825,7/31/26 18:00,70.48,
Plot Title: 5S4C,4826,7/31/26 18:15,69.449,
Plot Title: 5S4C,4827,7/31/26 18:30,68.421,
Plot Title: 5S4C,4828,7/31/26 18:45,67.564,
Plot Title: 5S4C,4829,7/31/26 19:00,66.537,
Plot Title: 5S4C,4830,7/31/26 19:15,65.509,
Plot Title: 5S4C,4831,7/31/26 19:30,64.652,
Plot Title: 5S4C,4832,7/31/26 19:45,63.626,
Plot Title: 5S4C,4833,7/31/26 20:00,62.769,
Plot Title: 5S4C,4834,7/31/26 20:15,62.083,
Plot Title: 5S4C,4835,7/31/26 20:30,61.398,
Plot Title: 5S4C,4836,7/31/26 20:45,60.883,
Plot Title: 5S4C,4837,7/31/26 21:00,60.368,
Plot Title: 5S4C,4838,7/31/26 21:15,59.68,
Plot Title: 5S4C,4839,7/31/26 21:30,58.993,
Plot Title: 5S4C,4840,7/31/26 21:45,58.476,
Plot Title: 5S4C,4841,7/31/26 22:00,58.131,
Plot Title: 5S4C,4842,7/31/26 22:15,57.958,
Plot Title: 5S4C,4843,7/31/26 22:30,57.614,
Plot Title: 5S4C,4844,7/31/26 22:45,57.441,
Plot Title: 5S4C,4845,7/31/26 23:00,57.096,
Plot Title: 5S4C,4846,7/31/26 23:15,56.75,
Plot Title: 5S4C,4847,7/31/26 23:30,56.404,
Plot Title: 5S4C,4848,7/31/26 23:45,56.23,
Plot Title: 5S4C,4849,8/1/26 00:00,55.884,
Plot Title: 5S4C,4850,8/1/26 00:15,55.537,
Plot Title: 5S4C,4851,8/1/26 00:30,55.364,
Plot Title: 5S4C,4852,8/1/26 00:45,55.364,
Plot Title: 5S4C,4853,8/1/26 01:00,55.189,
Plot Title: 5S4C,4854,8/1/26 01:15,55.189,
Plot Title: 5S4C,4855,8/1/26 01:30,55.189,
Plot Title: 5S4C,4856,8/1/26 01:45,55.189,
Plot Title: 5S4C,4857,8/1/26 02:00,55.017,
Plot Title: 5S4C,4858,8/1/26 02:15,54.842,
Plot Title: 5S4C,4859,8/1/26 02:30,54.842,
Plot Title: 5S4C,4860,8/1/26 02:45,54.669,
Plot Title: 5S4C,4861,8/1/26 03:00,54.669,
Plot Title: 5S4C,4862,8/1/26 03:15,54.669,
Plot Title: 5S4C,4863,8/1/26 03:30,54.669,
Plot Title: 5S4C,4864,8/1/26 03:45,54.669,
Plot Title: 5S4C,4865,8/1/26 04:00,54.842,
Plot Title: 5S4C,4866,8/1/26 04:15,54.842,
Plot Title: 5S4C,4867,8/1/26 04:30,54.669,
Plot Title: 5S4C,4868,8/1/26 04:45,54.669,
Plot Title: 5S4C,4869,8/1/26 05:00,54.495,
Plot Title: 5S4C,4870,8/1/26 05:15,54.322,
Plot Title: 5S4C,4871,8/1/26 05:30,54.147,
Plot Title: 5S4C,4872,8/1/26 05:45,53.973,
Plot Title: 5S4C,4873,8/1/26 06:00,53.798,
Plot Title: 5S4C,4874,8/1/26 06:15,53.798,
Plot Title: 5S4C,4875,8/1/26 06:30,53.798,
Plot Title: 5S4C,4876,8/1/26 06:45,53.973,
Plot Title: 5S4C,4877,8/1/26 07:00,54.322,
Plot Title: 5S4C,4878,8/1/26 07:15,54.669,
Plot Title: 5S4C,4879,8/1/26 07:30,55.711,
Plot Title: 5S4C,4880,8/1/26 07:45,56.23,
Plot Title: 5S4C,4881,8/1/26 08:00,56.577,
Plot Title: 5S4C,4882,8/1/26 08:15,57.096,
Plot Title: 5S4C,4883,8/1/26 08:30,58.131,
Plot Title: 5S4C,4884,8/1/26 08:45,60.539,
Plot Title: 5S4C,4885,8/1/26 09:00,68.248,
Plot Title: 5S4C,4886,8/1/26 09:15,74.271,
Plot Title: 5S4C,4887,8/1/26 09:30,79.151,
Plot Title: 5S4C,4888,8/1/26 09:45,83.757,
Plot Title: 5S4C,4889,8/1/26 10:00,87.733,
Plot Title: 5S4C,4890,8/1/26 10:15,91.8,
Plot Title: 5S4C,4891,8/1/26 10:30,95.59,
Plot Title: 5S4C,4892,8/1/26 10:45,99.093,
Plot Title: 5S4C,4893,8/1/26 11:00,102.697,
Plot Title: 5S4C,4894,8/1/26 11:15,106.414,
Plot Title: 5S4C,4895,8/1/26 11:30,109.18,
Plot Title: 5S4C,4896,8/1/26 11:45,112.467,
Plot Title: 5S4C,4897,8/1/26 12:00,114.949,
Plot Title: 5S4C,4898,8/1/26 12:15,118.441,
Plot Title: 5S4C,4899,8/1/26 12:30,121.093,
Plot Title: 5S4C,4900,8/1/26 12:45,123.573,
Plot Title: 5S4C,4901,8/1/26 13:00,125.096,
Plot Title: 5S4C,4902,8/1/26 13:15,125.353,
Plot Title: 5S4C,4903,8/1/26 13:30,126.387,
Plot Title: 5S4C,4904,8/1/26 13:45,125.611,
Plot Title: 5S4C,4905,8/1/26 14:00,124.585,
Plot Title: 5S4C,4906,8/1/26 14:15,123.573,
Plot Title: 5S4C,4907,8/1/26 14:30,121.582,
Plot Title: 5S4C,4908,8/1/26 14:45,114.949,
Plot Title: 5S4C,4909,8/1/26 15:00,103.717,
Plot Title: 5S4C,4910,8/1/26 15:15,96.942,
Plot Title: 5S4C,4911,8/1/26 15:30,92.174,
Plot Title: 5S4C,4912,8/1/26 15:45,89.017,
Plot Title: 5S4C,4913,8/1/26 16:00,85.554,
Plot Title: 5S4C,4914,8/1/26 16:15,83.399,
Plot Title: 5S4C,4915,8/1/26 16:30,81.975,
Plot Title: 5S4C,4916,8/1/26 16:45,79.853,
Plot Title: 5S4C,4917,8/1/26 17:00,78.624,
Plot Title: 5S4C,4918,8/1/26 17:15,77.4,
Plot Title: 5S4C,4919,8/1/26 17:30,76.528,
Plot Title: 5S4C,4920,8/1/26 17:45,75.139,
Plot Title: 5S4C,4921,8/1/26 18:00,73.753,
Plot Title: 5S4C,4922,8/1/26 18:15,72.545,
Plot Title: 5S4C,4923,8/1/26 18:30,71.856,
Plot Title: 5S4C,4924,8/1/26 18:45,70.48,
Plot Title: 5S4C,4925,8/1/26 19:00,69.449,
Plot Title: 5S4C,4926,8/1/26 19:15,68.421,
Plot Title: 5S4C,4927,8/1/26 19:30,67.392,
Plot Title: 5S4C,4928,8/1/26 19:45,66.708,
Plot Title: 5S4C,4929,8/1/26 20:00,66.022,
Plot Title: 5S4C,4930,8/1/26 20:15,65.338,
Plot Title: 5S4C,4931,8/1/26 20:30,64.652,
Plot Title: 5S4C,4932,8/1/26 20:45,63.968,
Plot Title: 5S4C,4933,8/1/26 21:00,63.282,
Plot Title: 5S4C,4934,8/1/26 21:15,62.769,
Plot Title: 5S4C,4935,8/1/26 21:30,62.598,
Plot Title: 5S4C,4936,8/1/26 21:45,62.254,
Plot Title: 5S4C,4937,8/1/26 22:00,62.083,
Plot Title: 5S4C,4938,8/1/26 22:15,61.912,
Plot Title: 5S4C,4939,8/1/26 22:30,61.227,
Plot Title: 5S4C,4940,8/1/26 22:45,60.712,
Plot Title: 5S4C,4941,8/1/26 23:00,60.195,
Plot Title: 5S4C,4942,8/1/26 23:15,59.68,
Plot Title: 5S4C,4943,8/1/26 23:30,58.993,
Plot Title: 5S4C,4944,8/1/26 23:45,58.303,
Plot Title: 5S4C,4945,8/2/26 00:00,57.441,
Plot Title: 5S4C,4946,8/2/26 00:15,56.923,
Plot Title: 5S4C,4947,8/2/26 00:30,56.75,
Plot Title: 5S4C,4948,8/2/26 00:45,56.404,
Plot Title: 5S4C,4949,8/2/26 01:00,56.057,
Plot Title: 5S4C,4950,8/2/26 01:15,55.711,
Plot Title: 5S4C,4951,8/2/26 01:30,55.364,
Plot Title: 5S4C,4952,8/2/26 01:45,55.189,
Plot Title: 5S4C,4953,8/2/26 02:00,55.017,
Plot Title: 5S4C,4954,8/2/26 02:15,54.842,
Plot Title: 5S4C,4955,8/2/26 02:30,54.669,
Plot Title: 5S4C,4956,8/2/26 02:45,54.669,
Plot Title: 5S4C,4957,8/2/26 03:00,54.322,
Plot Title: 5S4C,4958,8/2/26 03:15,54.147,
Plot Title: 5S4C,4959,8/2/26 03:30,53.798,
Plot Title: 5S4C,4960,8/2/26 03:45,53.449,
Plot Title: 5S4C,4961,8/2/26 04:00,53.274,
Plot Title: 5S4C,4962,8/2/26 04:15,53.1,
Plot Title: 5S4C,4963,8/2/26 04:30,52.925,
Plot Title: 5S4C,4964,8/2/26 04:45,52.75,
Plot Title: 5S4C,4965,8/2/26 05:00,52.401,
Plot Title: 5S4C,4966,8/2/26 05:15,52.401,
Plot Title: 5S4C,4967,8/2/26 05:30,52.225,
Plot Title: 5S4C,4968,8/2/26 05:45,52.225,
Plot Title: 5S4C,4969,8/2/26 06:00,52.225,
Plot Title: 5S4C,4970,8/2/26 06:15,52.05,
Plot Title: 5S4C,4971,8/2/26 06:30,52.05,
Plot Title: 5S4C,4972,8/2/26 06:45,52.225,
Plot Title: 5S4C,4973,8/2/26 07:00,52.225,
Plot Title: 5S4C,4974,8/2/26 07:15,52.576,
Plot Title: 5S4C,4975,8/2/26 07:30,53.449,
Plot Title: 5S4C,4976,8/2/26 07:45,53.973,
Plot Title: 5S4C,4977,8/2/26 08:00,54.495,
Plot Title: 5S4C,4978,8/2/26 08:15,55.189,
Plot Title: 5S4C,4979,8/2/26 08:30,56.23,
Plot Title: 5S4C,4980,8/2/26 08:45,59.337,
Plot Title: 5S4C,4981,8/2/26 09:00,65.68,
Plot Title: 5S4C,4982,8/2/26 09:15,70.824,
Plot Title: 5S4C,4983,8/2/26 09:30,75.832,
Plot Title: 5S4C,4984,8/2/26 09:45,81.09,
Plot Title: 5S4C,4985,8/2/26 10:00,85.374,
Plot Title: 5S4C,4986,8/2/26 10:15,89.938,
Plot Title: 5S4C,4987,8/2/26 10:30,93.682,
Plot Title: 5S4C,4988,8/2/26 10:45,97.525,
Plot Title: 5S4C,4989,8/2/26 11:00,101.082,
Plot Title: 5S4C,4990,8/2/26 11:15,103.307,
Plot Title: 5S4C,4991,8/2/26 11:30,104.333,
Plot Title: 5S4C,4992,8/2/26 11:45,108.536,
Plot Title: 5S4C,4993,8/2/26 12:00,112.467,
Plot Title: 5S4C,4994,8/2/26 12:15,114.949,
Plot Title: 5S4C,4995,8/2/26 12:30,117.732,
Plot Title: 5S4C,4996,8/2/26 12:45,120.362,
Plot Title: 5S4C,4997,8/2/26 13:00,122.324,
Plot Title: 5S4C,4998,8/2/26 13:15,123.321,
Plot Title: 5S4C,4999,8/2/26 13:30,124.077,
Plot Title: 5S4C,5000,8/2/26 13:45,123.321,
Plot Title: 5S4C,5001,8/2/26 14:00,123.071,
Plot Title: 5S4C,5002,8/2/26 14:15,122.324,
Plot Title: 5S4C,5003,8/2/26 14:30,121.093,
Plot Title: 5S4C,5004,8/2/26 14:45,113.362,
Plot Title: 5S4C,5005,8/2/26 15:00,101.484,
Plot Title: 5S4C,5006,8/2/26 15:15,93.873,
Plot Title: 5S4C,5007,8/2/26 15:30,89.2,
Plot Title: 5S4C,5008,8/2/26 15:45,85.554,
Plot Title: 5S4C,5009,8/2/26 16:00,82.864,
Plot Title: 5S4C,5010,8/2/26 16:15,80.735,
Plot Title: 5S4C,5011,8/2/26 16:30,78.975,
Plot Title: 5S4C,5012,8/2/26 16:45,77.749,
Plot Title: 5S4C,5013,8/2/26 17:00,76.528,
Plot Title: 5S4C,5014,8/2/26 17:15,75.312,
Plot Title: 5S4C,5015,8/2/26 17:30,74.098,
Plot Title: 5S4C,5016,8/2/26 17:45,72.718,
Plot Title: 5S4C,5017,8/2/26 18:00,71.856,
Plot Title: 5S4C,5018,8/2/26 18:15,70.824,
Plot Title: 5S4C,5019,8/2/26 18:30,69.449,
Plot Title: 5S4C,5020,8/2/26 18:45,68.248,
Plot Title: 5S4C,5021,8/2/26 19:00,68.421,
Plot Title: 5S4C,5022,8/2/26 19:15,67.735,
Plot Title: 5S4C,5023,8/2/26 19:30,66.366,
Plot Title: 5S4C,5024,8/2/26 19:45,65.167,
Plot Title: 5S4C,5025,8/2/26 20:00,64.481,
Plot Title: 5S4C,5026,8/2/26 20:15,63.111,
Plot Title: 5S4C,5027,8/2/26 20:30,61.741,
Plot Title: 5S4C,5028,8/2/26 20:45,60.195,
Plot Title: 5S4C,5029,8/2/26 21:00,58.993,
Plot Title: 5S4C,5030,8/2/26 21:15,57.785,
Plot Title: 5S4C,5031,8/2/26 21:30,56.923,
Plot Title: 5S4C,5032,8/2/26 21:45,56.057,
Plot Title: 5S4C,5033,8/2/26 22:00,55.364,
Plot Title: 5S4C,5034,8/2/26 22:15,54.495,
Plot Title: 5S4C,5035,8/2/26 22:30,53.623,
Plot Title: 5S4C,5036,8/2/26 22:45,53.1,
Plot Title: 5S4C,5037,8/2/26 23:00,52.401,
Plot Title: 5S4C,5038,8/2/26 23:15,51.874,
Plot Title: 5S4C,5039,8/2/26 23:30,51.346,
Plot Title: 5S4C,5040,8/2/26 23:45,50.819,
Plot Title: 5S4C,5041,8/3/26 00:00,50.29,
Plot Title: 5S4C,5042,8/3/26 00:15,49.759,
Plot Title: 5S4C,5043,8/3/26 00:30,49.404,
Plot Title: 5S4C,5044,8/3/26 00:45,48.871,
Plot Title: 5S4C,5045,8/3/26 01:00,48.339,
Plot Title: 5S4C,5046,8/3/26 01:15,47.982,
Plot Title: 5S4C,5047,8/3/26 01:30,47.446,
Plot Title: 5S4C,5048,8/3/26 01:45,47.088,
Plot Title: 5S4C,5049,8/3/26 02:00,46.728,
Plot Title: 5S4C,5050,8/3/26 02:15,46.369,
Plot Title: 5S4C,5051,8/3/26 02:30,46.008,
Plot Title: 5S4C,5052,8/3/26 02:45,45.648,
Plot Title: 5S4C,5053,8/3/26 03:00,45.466,
Plot Title: 5S4C,5054,8/3/26 03:15,44.922,
Plot Title: 5S4C,5055,8/3/26 03:30,44.56,
Plot Title: 5S4C,5056,8/3/26 03:45,44.195,
Plot Title: 5S4C,5057,8/3/26 04:00,43.831,
Plot Title: 5S4C,5058,8/3/26 04:15,43.648,
Plot Title: 5S4C,5059,8/3/26 04:30,43.282,
Plot Title: 5S4C,5060,8/3/26 04:45,42.915,
Plot Title: 5S4C,5061,8/3/26 05:00,42.732,
Plot Title: 5S4C,5062,8/3/26 05:15,42.363,
Plot Title: 5S4C,5063,8/3/26 05:30,41.994,
Plot Title: 5S4C,5064,8/3/26 05:45,41.625,
Plot Title: 5S4C,5065,8/3/26 06:00,41.254,
Plot Title: 5S4C,5066,8/3/26 06:15,41.067,
Plot Title: 5S4C,5067,8/3/26 06:30,40.881,
Plot Title: 5S4C,5068,8/3/26 06:45,40.881,
Plot Title: 5S4C,5069,8/3/26 07:00,41.067,
Plot Title: 5S4C,5070,8/3/26 07:15,41.439,
Plot Title: 5S4C,5071,8/3/26 07:30,42.363,
Plot Title: 5S4C,5072,8/3/26 07:45,42.915,
Plot Title: 5S4C,5073,8/3/26 08:00,43.466,
Plot Title: 5S4C,5074,8/3/26 08:15,44.195,
Plot Title: 5S4C,5075,8/3/26 08:30,45.648,
Plot Title: 5S4C,5076,8/3/26 08:45,49.228,
Plot Title: 5S4C,5077,8/3/26 09:00,55.189,
Plot Title: 5S4C,5078,8/3/26 09:15,60.195,
Plot Title: 5S4C,5079,8/3/26 09:30,64.481,
Plot Title: 5S4C,5080,8/3/26 09:45,69.107,
Plot Title: 5S4C,5081,8/3/26 10:00,73.407,
Plot Title: 5S4C,5082,8/3/26 10:15,77.225,
Plot Title: 5S4C,5083,8/3/26 10:30,81.266,
Plot Title: 5S4C,5084,8/3/26 10:45,85.014,
Plot Title: 5S4C,5085,8/3/26 11:00,88.65,
Plot Title: 5S4C,5086,8/3/26 11:15,91.053,
Plot Title: 5S4C,5087,8/3/26 11:30,81.975,
Plot Title: 5S4C,5088,8/3/26 11:45,88.099,
Plot Title: 5S4C,5089,8/3/26 12:00,84.834,
Plot Title: 5S4C,5090,8/3/26 12:15,81.442,
Plot Title: 5S4C,5091,8/3/26 12:30,86.097,
Plot Title: 5S4C,5092,8/3/26 12:45,90.495,
Plot Title: 5S4C,5093,8/3/26 13:00,84.654,
Plot Title: 5S4C,5094,8/3/26 13:15,86.823,
Plot Title: 5S4C,5095,8/3/26 13:30,91.425,
Plot Title: 5S4C,5096,8/3/26 13:45,96.748,
Plot Title: 5S4C,5097,8/3/26 14:00,101.082,
Plot Title: 5S4C,5098,8/3/26 14:15,101.484,
Plot Title: 5S4C,5099,8/3/26 14:30,104.333,
Plot Title: 5S4C,5100,8/3/26 14:45,99.489,
Plot Title: 5S4C,5101,8/3/26 15:00,88.65,
Plot Title: 5S4C,5102,8/3/26 15:15,81.621,
Plot Title: 5S4C,5103,8/3/26 15:30,77.225,
Plot Title: 5S4C,5104,8/3/26 15:45,74.446,
Plot Title: 5S4C,5105,8/3/26 16:00,72.199,
Plot Title: 5S4C,5106,8/3/26 16:15,69.793,
Plot Title: 5S4C,5107,8/3/26 16:30,67.735,
Plot Title: 5S4C,5108,8/3/26 16:45,66.366,
Plot Title: 5S4C,5109,8/3/26 17:00,65.338,
Plot Title: 5S4C,5110,8/3/26 17:15,64.31,
Plot Title: 5S4C,5111,8/3/26 17:30,63.111,
Plot Title: 5S4C,5112,8/3/26 17:45,61.569,
Plot Title: 5S4C,5113,8/3/26 18:00,60.195,
Plot Title: 5S4C,5114,8/3/26 18:15,58.993,
Plot Title: 5S4C,5115,8/3/26 18:30,57.785,
Plot Title: 5S4C,5116,8/3/26 18:45,56.75,
Plot Title: 5S4C,5117,8/3/26 19:00,55.537,
Plot Title: 5S4C,5118,8/3/26 19:15,54.495,
Plot Title: 5S4C,5119,8/3/26 19:30,53.449,
Plot Title: 5S4C,5120,8/3/26 19:45,52.576,
Plot Title: 5S4C,5121,8/3/26 20:00,51.699,
Plot Title: 5S4C,5122,8/3/26 20:15,50.819,
Plot Title: 5S4C,5123,8/3/26 20:30,49.759,
Plot Title: 5S4C,5124,8/3/26 20:45,48.871,
Plot Title: 5S4C,5125,8/3/26 21:00,47.982,
Plot Title: 5S4C,5126,8/3/26 21:15,47.088,
Plot Title: 5S4C,5127,8/3/26 21:30,46.548,
Plot Title: 5S4C,5128,8/3/26 21:45,46.008,
Plot Title: 5S4C,5129,8/3/26 22:00,45.466,
Plot Title: 5S4C,5130,8/3/26 22:15,44.742,
Plot Title: 5S4C,5131,8/3/26 22:30,44.195,
Plot Title: 5S4C,5132,8/3/26 22:45,43.831,
Plot Title: 5S4C,5133,8/3/26 23:00,43.282,
Plot Title: 5S4C,5134,8/3/26 23:15,42.915,
Plot Title: 5S4C,5135,8/3/26 23:30,42.548,
Plot Title: 5S4C,5136,8/3/26 23:45,42.363,
Plot Title: 5S4C,5137,8/4/26 00:00,41.994,
Plot Title: 5S4C,5138,8/4/26 00:15,41.81,
Plot Title: 5S4C,5139,8/4/26 00:30,41.625,
Plot Title: 5S4C,5140,8/4/26 00:45,41.254,
Plot Title: 5S4C,5141,8/4/26 01:00,41.254,
Plot Title: 5S4C,5142,8/4/26 01:15,41.067,
Plot Title: 5S4C,5143,8/4/26 01:30,40.696,
Plot Title: 5S4C,5144,8/4/26 01:45,40.509,
Plot Title: 5S4C,5145,8/4/26 02:00,40.134,
Plot Title: 5S4C,5146,8/4/26 02:15,39.947,
Plot Title: 5S4C,5147,8/4/26 02:30,39.76,
Plot Title: 5S4C,5148,8/4/26 02:45,39.573,
Plot Title: 5S4C,5149,8/4/26 03:00,39.384,
Plot Title: 5S4C,5150,8/4/26 03:15,39.196,
Plot Title: 5S4C,5151,8/4/26 03:30,39.007,
Plot Title: 5S4C,5152,8/4/26 03:45,38.818,
Plot Title: 5S4C,5153,8/4/26 04:00,38.44,
Plot Title: 5S4C,5154,8/4/26 04:15,38.25,
Plot Title: 5S4C,5155,8/4/26 04:30,38.061,
Plot Title: 5S4C,5156,8/4/26 04:45,37.679,
Plot Title: 5S4C,5157,8/4/26 05:00,37.488,
Plot Title: 5S4C,5158,8/4/26 05:15,37.488,
Plot Title: 5S4C,5159,8/4/26 05:30,37.297,
Plot Title: 5S4C,5160,8/4/26 05:45,36.914,
Plot Title: 5S4C,5161,8/4/26 06:00,36.914,
Plot Title: 5S4C,5162,8/4/26 06:15,36.723,
Plot Title: 5S4C,5163,8/4/26 06:30,36.723,
Plot Title: 5S4C,5164,8/4/26 06:45,36.914,
Plot Title: 5S4C,5165,8/4/26 07:00,37.488,
Plot Title: 5S4C,5166,8/4/26 07:15,38.061,
Plot Title: 5S4C,5167,8/4/26 07:30,39.384,
Plot Title: 5S4C,5168,8/4/26 07:45,40.321,
Plot Title: 5S4C,5169,8/4/26 08:00,41.254,
Plot Title: 5S4C,5170,8/4/26 08:15,42.363,
Plot Title: 5S4C,5171,8/4/26 08:30,44.195,
Plot Title: 5S4C,5172,8/4/26 08:45,48.339,
Plot Title: 5S4C,5173,8/4/26 09:00,51.523,
Plot Title: 5S4C,5174,8/4/26 09:15,54.669,
Plot Title: 5S4C,5175,8/4/26 09:30,60.195,
Plot Title: 5S4C,5176,8/4/26 09:45,67.221,
Plot Title: 5S4C,5177,8/4/26 10:00,72.891,
Plot Title: 5S4C,5178,8/4/26 10:15,78.098,
Plot Title: 5S4C,5179,8/4/26 10:30,83.221,
Plot Title: 5S4C,5180,8/4/26 10:45,87.552,
Plot Title: 5S4C,5181,8/4/26 11:00,91.612,
Plot Title: 5S4C,5182,8/4/26 11:15,95.976,
Plot Title: 5S4C,5183,8/4/26 11:30,99.489,
Plot Title: 5S4C,5184,8/4/26 11:45,102.697,
Plot Title: 5S4C,5185,8/4/26 12:00,105.786,
Plot Title: 5S4C,5186,8/4/26 12:15,108.75,
Plot Title: 5S4C,5187,8/4/26 12:30,111.139,
Plot Title: 5S4C,5188,8/4/26 12:45,114.039,
Plot Title: 5S4C,5189,8/4/26 13:00,116.1,
Plot Title: 5S4C,5190,8/4/26 13:15,117.028,
Plot Title: 5S4C,5191,8/4/26 13:30,117.262,
Plot Title: 5S4C,5192,8/4/26 13:45,116.796,
Plot Title: 5S4C,5193,8/4/26 14:00,116.33,
Plot Title: 5S4C,5194,8/4/26 14:15,115.637,
Plot Title: 5S4C,5195,8/4/26 14:30,115.637,
Plot Title: 5S4C,5196,8/4/26 14:45,110.919,
Plot Title: 5S4C,5197,8/4/26 15:00,97.525,
Plot Title: 5S4C,5198,8/4/26 15:15,88.099,
Plot Title: 5S4C,5199,8/4/26 15:30,82.508,
Plot Title: 5S4C,5200,8/4/26 15:45,78.8,
Plot Title: 5S4C,5201,8/4/26 16:00,75.312,
Plot Title: 5S4C,5202,8/4/26 16:15,73.062,
Plot Title: 5S4C,5203,8/4/26 16:30,70.995,
Plot Title: 5S4C,5204,8/4/26 16:45,69.793,
Plot Title: 5S4C,5205,8/4/26 17:00,68.248,
Plot Title: 5S4C,5206,8/4/26 17:15,66.708,
Plot Title: 5S4C,5207,8/4/26 17:30,65.509,
Plot Title: 5S4C,5208,8/4/26 17:45,64.139,
Plot Title: 5S4C,5209,8/4/26 18:00,62.769,
Plot Title: 5S4C,5210,8/4/26 18:15,61.398,
Plot Title: 5S4C,5211,8/4/26 18:30,60.368,
Plot Title: 5S4C,5212,8/4/26 18:45,59.337,
Plot Title: 5S4C,5213,8/4/26 19:00,58.476,
Plot Title: 5S4C,5214,8/4/26 19:15,57.614,
Plot Title: 5S4C,5215,8/4/26 19:30,56.75,
Plot Title: 5S4C,5216,8/4/26 19:45,55.884,
Plot Title: 5S4C,5217,8/4/26 20:00,54.842,
Plot Title: 5S4C,5218,8/4/26 20:15,53.798,
Plot Title: 5S4C,5219,8/4/26 20:30,53.1,
Plot Title: 5S4C,5220,8/4/26 20:45,52.05,
Plot Title: 5S4C,5221,8/4/26 21:00,51.172,
Plot Title: 5S4C,5222,8/4/26 21:15,50.113,
Plot Title: 5S4C,5223,8/4/26 21:30,49.582,
Plot Title: 5S4C,5224,8/4/26 21:45,49.05,
Plot Title: 5S4C,5225,8/4/26 22:00,48.517,
Plot Title: 5S4C,5226,8/4/26 22:15,47.982,
Plot Title: 5S4C,5227,8/4/26 22:30,47.446,
Plot Title: 5S4C,5228,8/4/26 22:45,47.088,
Plot Title: 5S4C,5229,8/4/26 23:00,46.548,
Plot Title: 5S4C,5230,8/4/26 23:15,46.188,
Plot Title: 5S4C,5231,8/4/26 23:30,45.828,
Plot Title: 5S4C,5232,8/4/26 23:45,45.466,
Plot Title: 5S4C,5233,8/5/26 00:00,45.104,
Plot Title: 5S4C,5234,8/5/26 00:15,44.742,
Plot Title: 5S4C,5235,8/5/26 00:30,44.379,
Plot Title: 5S4C,5236,8/5/26 00:45,44.013,
Plot Title: 5S4C,5237,8/5/26 01:00,43.648,
Plot Title: 5S4C,5238,8/5/26 01:15,43.466,
Plot Title: 5S4C,5239,8/5/26 01:30,43.282,
Plot Title: 5S4C,5240,8/5/26 01:45,43.282,
Plot Title: 5S4C,5241,8/5/26 02:00,43.099,
Plot Title: 5S4C,5242,8/5/26 02:15,42.915,
Plot Title: 5S4C,5243,8/5/26 02:30,42.732,
Plot Title: 5S4C,5244,8/5/26 02:45,42.548,
Plot Title: 5S4C,5245,8/5/26 03:00,42.363,
Plot Title: 5S4C,5246,8/5/26 03:15,42.363,
Plot Title: 5S4C,5247,8/5/26 03:30,42.179,
Plot Title: 5S4C,5248,8/5/26 03:45,42.179,
Plot Title: 5S4C,5249,8/5/26 04:00,42.363,
Plot Title: 5S4C,5250,8/5/26 04:15,42.363,
Plot Title: 5S4C,5251,8/5/26 04:30,42.363,
Plot Title: 5S4C,5252,8/5/26 04:45,42.179,
Plot Title: 5S4C,5253,8/5/26 05:00,42.179,
Plot Title: 5S4C,5254,8/5/26 05:15,42.179,
Plot Title: 5S4C,5255,8/5/26 05:30,41.994,
Plot Title: 5S4C,5256,8/5/26 05:45,41.625,
Plot Title: 5S4C,5257,8/5/26 06:00,41.439,
Plot Title: 5S4C,5258,8/5/26 06:15,41.067,
Plot Title: 5S4C,5259,8/5/26 06:30,40.881,
Plot Title: 5S4C,5260,8/5/26 06:45,41.067,
Plot Title: 5S4C,5261,8/5/26 07:00,41.439,
Plot Title: 5S4C,5262,8/5/26 07:15,41.81,
Plot Title: 5S4C,5263,8/5/26 07:30,43.099,
Plot Title: 5S4C,5264,8/5/26 07:45,43.648,
Plot Title: 5S4C,5265,8/5/26 08:00,44.379,
Plot Title: 5S4C,5266,8/5/26 08:15,45.104,
Plot Title: 5S4C,5267,8/5/26 08:30,47.088,
Plot Title: 5S4C,5268,8/5/26 08:45,52.401,
Plot Title: 5S4C,5269,8/5/26 09:00,59.164,
Plot Title: 5S4C,5270,8/5/26 09:15,64.481,
Plot Title: 5S4C,5271,8/5/26 09:30,69.449,
Plot Title: 5S4C,5272,8/5/26 09:45,74.619,
Plot Title: 5S4C,5273,8/5/26 10:00,79.502,
Plot Title: 5S4C,5274,8/5/26 10:15,83.757,
Plot Title: 5S4C,5275,8/5/26 10:30,88.282,
Plot Title: 5S4C,5276,8/5/26 10:45,92.363,
Plot Title: 5S4C,5277,8/5/26 11:00,95.976,
Plot Title: 5S4C,5278,8/5/26 11:15,98.897,
Plot Title: 5S4C,5279,8/5/26 11:30,101.887,
Plot Title: 5S4C,5280,8/5/26 11:45,105.37,
Plot Title: 5S4C,5281,8/5/26 12:00,107.895,
Plot Title: 5S4C,5282,8/5/26 12:15,109.828,
Plot Title: 5S4C,5283,8/5/26 12:30,111.139,
Plot Title: 5S4C,5284,8/5/26 12:45,112.914,
Plot Title: 5S4C,5285,8/5/26 13:00,114.949,
Plot Title: 5S4C,5286,8/5/26 13:15,117.262,
Plot Title: 5S4C,5287,8/5/26 13:30,118.206,
Plot Title: 5S4C,5288,8/5/26 13:45,118.679,
Plot Title: 5S4C,5289,8/5/26 14:00,119.397,
Plot Title: 5S4C,5290,8/5/26 14:15,119.397,
Plot Title: 5S4C,5291,8/5/26 14:30,118.918,
Plot Title: 5S4C,5292,8/5/26 14:45,116.33,
Plot Title: 5S4C,5293,8/5/26 15:00,101.082,
Plot Title: 5S4C,5294,8/5/26 15:15,91.425,
Plot Title: 5S4C,5295,8/5/26 15:30,85.374,
Plot Title: 5S4C,5296,8/5/26 15:45,81.09,
Plot Title: 5S4C,5297,8/5/26 16:00,77.574,
Plot Title: 5S4C,5298,8/5/26 16:15,75.139,
Plot Title: 5S4C,5299,8/5/26 16:30,73.234,
Plot Title: 5S4C,5300,8/5/26 16:45,72.372,
Plot Title: 5S4C,5301,8/5/26 17:00,70.995,
Plot Title: 5S4C,5302,8/5/26 17:15,69.278,
Plot Title: 5S4C,5303,8/5/26 17:30,68.077,
Plot Title: 5S4C,5304,8/5/26 17:45,66.537,
Plot Title: 5S4C,5305,8/5/26 18:00,65.338,
Plot Title: 5S4C,5306,8/5/26 18:15,63.968,
Plot Title: 5S4C,5307,8/5/26 18:30,62.769,
Plot Title: 5S4C,5308,8/5/26 18:45,61.741,
Plot Title: 5S4C,5309,8/5/26 19:00,60.883,
Plot Title: 5S4C,5310,8/5/26 19:15,60.024,
Plot Title: 5S4C,5311,8/5/26 19:30,59.337,
Plot Title: 5S4C,5312,8/5/26 19:45,58.476,
Plot Title: 5S4C,5313,8/5/26 20:00,57.785,
Plot Title: 5S4C,5314,8/5/26 20:15,56.923,
Plot Title: 5S4C,5315,8/5/26 20:30,55.884,
Plot Title: 5S4C,5316,8/5/26 20:45,55.189,
Plot Title: 5S4C,5317,8/5/26 21:00,54.322,
Plot Title: 5S4C,5318,8/5/26 21:15,53.798,
Plot Title: 5S4C,5319,8/5/26 21:30,53.274,
Plot Title: 5S4C,5320,8/5/26 21:45,52.925,
Plot Title: 5S4C,5321,8/5/26 22:00,52.75,
Plot Title: 5S4C,5322,8/5/26 22:15,52.576,
Plot Title: 5S4C,5323,8/5/26 22:30,52.401,
Plot Title: 5S4C,5324,8/5/26 22:45,52.05,
Plot Title: 5S4C,5325,8/5/26 23:00,51.699,
Plot Title: 5S4C,5326,8/5/26 23:15,51.346,
Plot Title: 5S4C,5327,8/5/26 23:30,50.995,
Plot Title: 5S4C,5328,8/5/26 23:45,50.643,
Plot Title: 5S4C,5329,8/6/26 00:00,50.29,
Plot Title: 5S4C,5330,8/6/26 00:15,49.937,
Plot Title: 5S4C,5331,8/6/26 00:30,49.582,
Plot Title: 5S4C,5332,8/6/26 00:45,49.228,
Plot Title: 5S4C,5333,8/6/26 01:00,49.05,
Plot Title: 5S4C,5334,8/6/26 01:15,48.695,
Plot Title: 5S4C,5335,8/6/26 01:30,48.695,
Plot Title: 5S4C,5336,8/6/26 01:45,48.695,
Plot Title: 5S4C,5337,8/6/26 02:00,48.871,
Plot Title: 5S4C,5338,8/6/26 02:15,48.871,
Plot Title: 5S4C,5339,8/6/26 02:30,48.695,
Plot Title: 5S4C,5340,8/6/26 02:45,48.517,
Plot Title: 5S4C,5341,8/6/26 03:00,48.339,
Plot Title: 5S4C,5342,8/6/26 03:15,47.982,
Plot Title: 5S4C,5343,8/6/26 03:30,47.982,
Plot Title: 5S4C,5344,8/6/26 03:45,47.982,
Plot Title: 5S4C,5345,8/6/26 04:00,47.802,
Plot Title: 5S4C,5346,8/6/26 04:15,47.802,
Plot Title: 5S4C,5347,8/6/26 04:30,47.802,
Plot Title: 5S4C,5348,8/6/26 04:45,47.802,
Plot Title: 5S4C,5349,8/6/26 05:00,47.624,
Plot Title: 5S4C,5350,8/6/26 05:15,47.624,
Plot Title: 5S4C,5351,8/6/26 05:30,47.446,
Plot Title: 5S4C,5352,8/6/26 05:45,47.446,
Plot Title: 5S4C,5353,8/6/26 06:00,47.446,
Plot Title: 5S4C,5354,8/6/26 06:15,47.446,
Plot Title: 5S4C,5355,8/6/26 06:30,47.266,
Plot Title: 5S4C,5356,8/6/26 06:45,47.446,
Plot Title: 5S4C,5357,8/6/26 07:00,47.802,
Plot Title: 5S4C,5358,8/6/26 07:15,48.16,
Plot Title: 5S4C,5359,8/6/26 07:30,49.05,
Plot Title: 5S4C,5360,8/6/26 07:45,49.582,
Plot Title: 5S4C,5361,8/6/26 08:00,50.113,
Plot Title: 5S4C,5362,8/6/26 08:15,51.172,
Plot Title: 5S4C,5363,8/6/26 08:30,52.576,
Plot Title: 5S4C,5364,8/6/26 08:45,57.096,
Plot Title: 5S4C,5365,8/6/26 09:00,63.282,
Plot Title: 5S4C,5366,8/6/26 09:15,68.077,
Plot Title: 5S4C,5367,8/6/26 09:30,72.545,
Plot Title: 5S4C,5368,8/6/26 09:45,76.354,
Plot Title: 5S4C,5369,8/6/26 10:00,80.206,
Plot Title: 5S4C,5370,8/6/26 10:15,83.221,
Plot Title: 5S4C,5371,8/6/26 10:30,86.097,
Plot Title: 5S4C,5372,8/6/26 10:45,89.017,
Plot Title: 5S4C,5373,8/6/26 11:00,91.987,
Plot Title: 5S4C,5374,8/6/26 11:15,95.4,
Plot Title: 5S4C,5375,8/6/26 11:30,99.291,
Plot Title: 5S4C,5376,8/6/26 11:45,102.697,
Plot Title: 5S4C,5377,8/6/26 12:00,105.994,
Plot Title: 5S4C,5378,8/6/26 12:15,109.18,
Plot Title: 5S4C,5379,8/6/26 12:30,111.36,
Plot Title: 5S4C,5380,8/6/26 12:45,112.244,
Plot Title: 5S4C,5381,8/6/26 13:00,112.467,
Plot Title: 5S4C,5382,8/6/26 13:15,114.721,
Plot Title: 5S4C,5383,8/6/26 13:30,113.587,
Plot Title: 5S4C,5384,8/6/26 13:45,111.58,
Plot Title: 5S4C,5385,8/6/26 14:00,112.023,
Plot Title: 5S4C,5386,8/6/26 14:15,113.137,
Plot Title: 5S4C,5387,8/6/26 14:30,112.914,
Plot Title: 5S4C,5388,8/6/26 14:45,111.36,
Plot Title: 5S4C,5389,8/6/26 15:00,99.885,
Plot Title: 5S4C,5390,8/6/26 15:15,92.926,
Plot Title: 5S4C,5391,8/6/26 15:30,87.915,
Plot Title: 5S4C,5392,8/6/26 15:45,84.474,
Plot Title: 5S4C,5393,8/6/26 16:00,81.797,
Plot Title: 5S4C,5394,8/6/26 16:15,79.678,
Plot Title: 5S4C,5395,8/6/26 16:30,77.923,
Plot Title: 5S4C,5396,8/6/26 16:45,76.703,
Plot Title: 5S4C,5397,8/6/26 17:00,75.312,
Plot Title: 5S4C,5398,8/6/26 17:15,73.926,
Plot Title: 5S4C,5399,8/6/26 17:30,72.372,
Plot Title: 5S4C,5400,8/6/26 17:45,71.168,
Plot Title: 5S4C,5401,8/6/26 18:00,69.793,
Plot Title: 5S4C,5402,8/6/26 18:15,68.592,
Plot Title: 5S4C,5403,8/6/26 18:30,67.392,
Plot Title: 5S4C,5404,8/6/26 18:45,66.193,
Plot Title: 5S4C,5405,8/6/26 19:00,65.167,
Plot Title: 5S4C,5406,8/6/26 19:15,64.139,
Plot Title: 5S4C,5407,8/6/26 19:30,63.111,
Plot Title: 5S4C,5408,8/6/26 19:45,62.083,
Plot Title: 5S4C,5409,8/6/26 20:00,61.227,
Plot Title: 5S4C,5410,8/6/26 20:15,60.024,
Plot Title: 5S4C,5411,8/6/26 20:30,58.993,
Plot Title: 5S4C,5412,8/6/26 20:45,57.785,
Plot Title: 5S4C,5413,8/6/26 21:00,56.923,
Plot Title: 5S4C,5414,8/6/26 21:15,56.057,
Plot Title: 5S4C,5415,8/6/26 21:30,55.364,
Plot Title: 5S4C,5416,8/6/26 21:45,54.842,
Plot Title: 5S4C,5417,8/6/26 22:00,54.322,
Plot Title: 5S4C,5418,8/6/26 22:15,53.973,
Plot Title: 5S4C,5419,8/6/26 22:30,53.449,
Plot Title: 5S4C,5420,8/6/26 22:45,52.925,
Plot Title: 5S4C,5421,8/6/26 23:00,52.401,
Plot Title: 5S4C,5422,8/6/26 23:15,52.05,
Plot Title: 5S4C,5423,8/6/26 23:30,51.699,
Plot Title: 5S4C,5424,8/6/26 23:45,51.523,
Plot Title: 5S4C,5425,8/7/26 00:00,51.172,
Plot Title: 5S4C,5426,8/7/26 00:15,50.643,
Plot Title: 5S4C,5427,8/7/26 00:30,50.29,
Plot Title: 5S4C,5428,8/7/26 00:45,49.937,
Plot Title: 5S4C,5429,8/7/26 01:00,49.759,
Plot Title: 5S4C,5430,8/7/26 01:15,49.582,
Plot Title: 5S4C,5431,8/7/26 01:30,49.228,
Plot Title: 5S4C,5432,8/7/26 01:45,49.05,
Plot Title: 5S4C,5433,8/7/26 02:00,48.871,
Plot Title: 5S4C,5434,8/7/26 02:15,48.695,
Plot Title: 5S4C,5435,8/7/26 02:30,48.695,
Plot Title: 5S4C,5436,8/7/26 02:45,48.517,
Plot Title: 5S4C,5437,8/7/26 03:00,48.339,
Plot Title: 5S4C,5438,8/7/26 03:15,48.339,
Plot Title: 5S4C,5439,8/7/26 03:30,48.16,
Plot Title: 5S4C,5440,8/7/26 03:45,48.16,
Plot Title: 5S4C,5441,8/7/26 04:00,48.16,
Plot Title: 5S4C,5442,8/7/26 04:15,48.16,
Plot Title: 5S4C,5443,8/7/26 04:30,47.802,
Plot Title: 5S4C,5444,8/7/26 04:45,47.624,
Plot Title: 5S4C,5445,8/7/26 05:00,47.446,
Plot Title: 5S4C,5446,8/7/26 05:15,47.266,
Plot Title: 5S4C,5447,8/7/26 05:30,46.908,
Plot Title: 5S4C,5448,8/7/26 05:45,46.908,
Plot Title: 5S4C,5449,8/7/26 06:00,46.728,
Plot Title: 5S4C,5450,8/7/26 06:15,46.548,
Plot Title: 5S4C,5451,8/7/26 06:30,46.728,
Plot Title: 5S4C,5452,8/7/26 06:45,46.728,
Plot Title: 5S4C,5453,8/7/26 07:00,47.088,
Plot Title: 5S4C,5454,8/7/26 07:15,47.624,
Plot Title: 5S4C,5455,8/7/26 07:30,48.695,
Plot Title: 5S4C,5456,8/7/26 07:45,49.582,
Plot Title: 5S4C,5457,8/7/26 08:00,50.643,
Plot Title: 5S4C,5458,8/7/26 08:15,51.523,
Plot Title: 5S4C,5459,8/7/26 08:30,52.75,
Plot Title: 5S4C,5460,8/7/26 08:45,57.096,
Plot Title: 5S4C,5461,8/7/26 09:00,63.797,
Plot Title: 5S4C,5462,8/7/26 09:15,69.278,
Plot Title: 5S4C,5463,8/7/26 09:30,73.926,
Plot Title: 5S4C,5464,8/7/26 09:45,78.098,
Plot Title: 5S4C,5465,8/7/26 10:00,81.975,
Plot Title: 5S4C,5466,8/7/26 10:15,85.735,
Plot Title: 5S4C,5467,8/7/26 10:30,88.099,
Plot Title: 5S4C,5468,8/7/26 10:45,90.867,
Plot Title: 5S4C,5469,8/7/26 11:00,94.253,
Plot Title: 5S4C,5470,8/7/26 11:15,96.748,
Plot Title: 5S4C,5471,8/7/26 11:30,100.483,
Plot Title: 5S4C,5472,8/7/26 11:45,103.717,
Plot Title: 5S4C,5473,8/7/26 12:00,106.205,
Plot Title: 5S4C,5474,8/7/26 12:15,107.47,
Plot Title: 5S4C,5475,8/7/26 12:30,109.396,
Plot Title: 5S4C,5476,8/7/26 12:45,110.046,
Plot Title: 5S4C,5477,8/7/26 13:00,110.046,
Plot Title: 5S4C,5478,8/7/26 13:15,111.139,
Plot Title: 5S4C,5479,8/7/26 13:30,112.023,
Plot Title: 5S4C,5480,8/7/26 13:45,112.467,
Plot Title: 5S4C,5481,8/7/26 14:00,112.244,
Plot Title: 5S4C,5482,8/7/26 14:15,113.137,
Plot Title: 5S4C,5483,8/7/26 14:30,112.467,
Plot Title: 5S4C,5484,8/7/26 14:45,109.396,
Plot Title: 5S4C,5485,8/7/26 15:00,100.483,
Plot Title: 5S4C,5486,8/7/26 15:15,95.016,
Plot Title: 5S4C,5487,8/7/26 15:30,90.68,
Plot Title: 5S4C,5488,8/7/26 15:45,87.552,
Plot Title: 5S4C,5489,8/7/26 16:00,84.654,
Plot Title: 5S4C,5490,8/7/26 16:15,82.508,
Plot Title: 5S4C,5491,8/7/26 16:30,80.559,
Plot Title: 5S4C,5492,8/7/26 16:45,79.151,
Plot Title: 5S4C,5493,8/7/26 17:00,77.749,
Plot Title: 5S4C,5494,8/7/26 17:15,76.181,
Plot Title: 5S4C,5495,8/7/26 17:30,74.964,
Plot Title: 5S4C,5496,8/7/26 17:45,73.58,
Plot Title: 5S4C,5497,8/7/26 18:00,72.199,
Plot Title: 5S4C,5498,8/7/26 18:15,70.824,
Plot Title: 5S4C,5499,8/7/26 18:30,69.793,
Plot Title: 5S4C,5500,8/7/26 18:45,68.763,
Plot Title: 5S4C,5501,8/7/26 19:00,67.906,
Plot Title: 5S4C,5502,8/7/26 19:15,66.708,
Plot Title: 5S4C,5503,8/7/26 19:30,65.68,
Plot Title: 5S4C,5504,8/7/26 19:45,64.481,
Plot Title: 5S4C,5505,8/7/26 20:00,63.282,
Plot Title: 5S4C,5506,8/7/26 20:15,62.083,
Plot Title: 5S4C,5507,8/7/26 20:30,60.883,
Plot Title: 5S4C,5508,8/7/26 20:45,59.851,
Plot Title: 5S4C,5509,8/7/26 21:00,58.993,
Plot Title: 5S4C,5510,8/7/26 21:15,58.303,
Plot Title: 5S4C,5511,8/7/26 21:30,57.785,
Plot Title: 5S4C,5512,8/7/26 21:45,57.268,
Plot Title: 5S4C,5513,8/7/26 22:00,57.096,
Plot Title: 5S4C,5514,8/7/26 22:15,56.75,
Plot Title: 5S4C,5515,8/7/26 22:30,56.404,
Plot Title: 5S4C,5516,8/7/26 22:45,55.884,
Plot Title: 5S4C,5517,8/7/26 23:00,55.364,
Plot Title: 5S4C,5518,8/7/26 23:15,54.842,
Plot Title: 5S4C,5519,8/7/26 23:30,54.495,
Plot Title: 5S4C,5520,8/7/26 23:45,53.973,
Plot Title: 5S4C,5521,8/8/26 00:00,53.973,
Plot Title: 5S4C,5522,8/8/26 00:15,53.449,
Plot Title: 5S4C,5523,8/8/26 00:30,53.1,
Plot Title: 5S4C,5524,8/8/26 00:45,52.925,
Plot Title: 5S4C,5525,8/8/26 01:00,52.75,
Plot Title: 5S4C,5526,8/8/26 01:15,52.576,
Plot Title: 5S4C,5527,8/8/26 01:30,52.225,
Plot Title: 5S4C,5528,8/8/26 01:45,52.225,
Plot Title: 5S4C,5529,8/8/26 02:00,52.05,
Plot Title: 5S4C,5530,8/8/26 02:15,52.05,
Plot Title: 5S4C,5531,8/8/26 02:30,52.05,
Plot Title: 5S4C,5532,8/8/26 02:45,51.874,
Plot Title: 5S4C,5533,8/8/26 03:00,51.523,
Plot Title: 5S4C,5534,8/8/26 03:15,51.172,
Plot Title: 5S4C,5535,8/8/26 03:30,50.643,
Plot Title: 5S4C,5536,8/8/26 03:45,50.113,
Plot Title: 5S4C,5537,8/8/26 04:00,49.759,
Plot Title: 5S4C,5538,8/8/26 04:15,49.404,
Plot Title: 5S4C,5539,8/8/26 04:30,49.228,
Plot Title: 5S4C,5540,8/8/26 04:45,49.05,
Plot Title: 5S4C,5541,8/8/26 05:00,48.695,
Plot Title: 5S4C,5542,8/8/26 05:15,48.695,
Plot Title: 5S4C,5543,8/8/26 05:30,48.517,
Plot Title: 5S4C,5544,8/8/26 05:45,48.517,
Plot Title: 5S4C,5545,8/8/26 06:00,48.339,
Plot Title: 5S4C,5546,8/8/26 06:15,48.339,
Plot Title: 5S4C,5547,8/8/26 06:30,48.16,
Plot Title: 5S4C,5548,8/8/26 06:45,48.339,
Plot Title: 5S4C,5549,8/8/26 07:00,48.695,
Plot Title: 5S4C,5550,8/8/26 07:15,49.404,
Plot Title: 5S4C,5551,8/8/26 07:30,50.466,
Plot Title: 5S4C,5552,8/8/26 07:45,51.172,
Plot Title: 5S4C,5553,8/8/26 08:00,52.05,
Plot Title: 5S4C,5554,8/8/26 08:15,53.1,
Plot Title: 5S4C,5555,8/8/26 08:30,54.669,
Plot Title: 5S4C,5556,8/8/26 08:45,58.647,
Plot Title: 5S4C,5557,8/8/26 09:00,63.111,
Plot Title: 5S4C,5558,8/8/26 09:15,66.879,
Plot Title: 5S4C,5559,8/8/26 09:30,70.651,
Plot Title: 5S4C,5560,8/8/26 09:45,74.619,
Plot Title: 5S4C,5561,8/8/26 10:00,79.151,
Plot Title: 5S4C,5562,8/8/26 10:15,83.579,
Plot Title: 5S4C,5563,8/8/26 10:30,87.733,
Plot Title: 5S4C,5564,8/8/26 10:45,91.8,
Plot Title: 5S4C,5565,8/8/26 11:00,95.59,
Plot Title: 5S4C,5566,8/8/26 11:15,99.093,
Plot Title: 5S4C,5567,8/8/26 11:30,102.493,
Plot Title: 5S4C,5568,8/8/26 11:45,105.37,
Plot Title: 5S4C,5569,8/8/26 12:00,108.75,
Plot Title: 5S4C,5570,8/8/26 12:15,112.023,
Plot Title: 5S4C,5571,8/8/26 12:30,114.492,
Plot Title: 5S4C,5572,8/8/26 12:45,117.262,
Plot Title: 5S4C,5573,8/8/26 13:00,119.397,
Plot Title: 5S4C,5574,8/8/26 13:15,120.848,
Plot Title: 5S4C,5575,8/8/26 13:30,121.338,
Plot Title: 5S4C,5576,8/8/26 13:45,120.848,
Plot Title: 5S4C,5577,8/8/26 14:00,120.119,
Plot Title: 5S4C,5578,8/8/26 14:15,118.206,
Plot Title: 5S4C,5579,8/8/26 14:30,114.949,
Plot Title: 5S4C,5580,8/8/26 14:45,111.139,
Plot Title: 5S4C,5581,8/8/26 15:00,102.9,
Plot Title: 5S4C,5582,8/8/26 15:15,96.942,
Plot Title: 5S4C,5583,8/8/26 15:30,92.363,
Plot Title: 5S4C,5584,8/8/26 15:45,89.017,
Plot Title: 5S4C,5585,8/8/26 16:00,86.641,
Plot Title: 5S4C,5586,8/8/26 16:15,84.474,
Plot Title: 5S4C,5587,8/8/26 16:30,82.508,
Plot Title: 5S4C,5588,8/8/26 16:45,81.09,
Plot Title: 5S4C,5589,8/8/26 17:00,79.678,
Plot Title: 5S4C,5590,8/8/26 17:15,78.098,
Plot Title: 5S4C,5591,8/8/26 17:30,76.181,
Plot Title: 5S4C,5592,8/8/26 17:45,74.964,
Plot Title: 5S4C,5593,8/8/26 18:00,74.098,
Plot Title: 5S4C,5594,8/8/26 18:15,72.891,
Plot Title: 5S4C,5595,8/8/26 18:30,71.512,
Plot Title: 5S4C,5596,8/8/26 18:45,70.308,
Plot Title: 5S4C,5597,8/8/26 19:00,69.449,
Plot Title: 5S4C,5598,8/8/26 19:15,68.421,
Plot Title: 5S4C,5599,8/8/26 19:30,67.221,
Plot Title: 5S4C,5600,8/8/26 19:45,66.366,
Plot Title: 5S4C,5601,8/8/26 20:00,65.167,
Plot Title: 5S4C,5602,8/8/26 20:15,64.481,
Plot Title: 5S4C,5603,8/8/26 20:30,63.968,
Plot Title: 5S4C,5604,8/8/26 20:45,63.111,
Plot Title: 5S4C,5605,8/8/26 21:00,62.254,
Plot Title: 5S4C,5606,8/8/26 21:15,61.569,
Plot Title: 5S4C,5607,8/8/26 21:30,60.883,
Plot Title: 5S4C,5608,8/8/26 21:45,60.024,
Plot Title: 5S4C,5609,8/8/26 22:00,59.508,
Plot Title: 5S4C,5610,8/8/26 22:15,59.164,
Plot Title: 5S4C,5611,8/8/26 22:30,58.993,
Plot Title: 5S4C,5612,8/8/26 22:45,58.647,
Plot Title: 5S4C,5613,8/8/26 23:00,58.303,
Plot Title: 5S4C,5614,8/8/26 23:15,57.958,
Plot Title: 5S4C,5615,8/8/26 23:30,57.441,
Plot Title: 5S4C,5616,8/8/26 23:45,56.577,
Plot Title: 5S4C,5617,8/9/26 00:00,56.057,
Plot Title: 5S4C,5618,8/9/26 00:15,55.364,
Plot Title: 5S4C,5619,8/9/26 00:30,54.842,
Plot Title: 5S4C,5620,8/9/26 00:45,54.322,
Plot Title: 5S4C,5621,8/9/26 01:00,53.973,
Plot Title: 5S4C,5622,8/9/26 01:15,53.623,
Plot Title: 5S4C,5623,8/9/26 01:30,53.1,
Plot Title: 5S4C,5624,8/9/26 01:45,52.75,
Plot Title: 5S4C,5625,8/9/26 02:00,52.225,
Plot Title: 5S4C,5626,8/9/26 02:15,51.874,
Plot Title: 5S4C,5627,8/9/26 02:30,51.523,
Plot Title: 5S4C,5628,8/9/26 02:45,50.995,
Plot Title: 5S4C,5629,8/9/26 03:00,50.819,
Plot Title: 5S4C,5630,8/9/26 03:15,50.466,
Plot Title: 5S4C,5631,8/9/26 03:30,50.29,
Plot Title: 5S4C,5632,8/9/26 03:45,49.937,
Plot Title: 5S4C,5633,8/9/26 04:00,49.759,
Plot Title: 5S4C,5634,8/9/26 04:15,49.404,
Plot Title: 5S4C,5635,8/9/26 04:30,49.05,
Plot Title: 5S4C,5636,8/9/26 04:45,48.871,
Plot Title: 5S4C,5637,8/9/26 05:00,48.517,
Plot Title: 5S4C,5638,8/9/26 05:15,48.16,
Plot Title: 5S4C,5639,8/9/26 05:30,47.982,
Plot Title: 5S4C,5640,8/9/26 05:45,47.624,
Plot Title: 5S4C,5641,8/9/26 06:00,47.446,
Plot Title: 5S4C,5642,8/9/26 06:15,47.266,
Plot Title: 5S4C,5643,8/9/26 06:30,47.266,
Plot Title: 5S4C,5644,8/9/26 06:45,47.266,
Plot Title: 5S4C,5645,8/9/26 07:00,47.266,
Plot Title: 5S4C,5646,8/9/26 07:15,47.624,
Plot Title: 5S4C,5647,8/9/26 07:30,48.695,
Plot Title: 5S4C,5648,8/9/26 07:45,49.404,
Plot Title: 5S4C,5649,8/9/26 08:00,50.466,
Plot Title: 5S4C,5650,8/9/26 08:15,51.523,
Plot Title: 5S4C,5651,8/9/26 08:30,53.1,
Plot Title: 5S4C,5652,8/9/26 08:45,57.785,
Plot Title: 5S4C,5653,8/9/26 09:00,62.94,
Plot Title: 5S4C,5654,8/9/26 09:15,67.221,
Plot Title: 5S4C,5655,8/9/26 09:30,72.028,
Plot Title: 5S4C,5656,8/9/26 09:45,76.354,
Plot Title: 5S4C,5657,8/9/26 10:00,80.735,
Plot Title: 5S4C,5658,8/9/26 10:15,84.834,
Plot Title: 5S4C,5659,8/9/26 10:30,88.833,
Plot Title: 5S4C,5660,8/9/26 10:45,92.926,
Plot Title: 5S4C,5661,8/9/26 11:00,96.942,
Plot Title: 5S4C,5662,8/9/26 11:15,100.483,
Plot Title: 5S4C,5663,8/9/26 11:30,103.923,
Plot Title: 5S4C,5664,8/9/26 11:45,107.47,
Plot Title: 5S4C,5665,8/9/26 12:00,111.139,
Plot Title: 5S4C,5666,8/9/26 12:15,114.265,
Plot Title: 5S4C,5667,8/9/26 12:30,116.1,
Plot Title: 5S4C,5668,8/9/26 12:45,118.441,
Plot Title: 5S4C,5669,8/9/26 13:00,120.362,
Plot Title: 5S4C,5670,8/9/26 13:15,121.338,
Plot Title: 5S4C,5671,8/9/26 13:30,122.324,
Plot Title: 5S4C,5672,8/9/26 13:45,122.324,
Plot Title: 5S4C,5673,8/9/26 14:00,122.324,
Plot Title: 5S4C,5674,8/9/26 14:15,122.076,
Plot Title: 5S4C,5675,8/9/26 14:30,120.848,
Plot Title: 5S4C,5676,8/9/26 14:45,118.918,
Plot Title: 5S4C,5677,8/9/26 15:00,109.18,
Plot Title: 5S4C,5678,8/9/26 15:15,99.885,
Plot Title: 5S4C,5679,8/9/26 15:30,94.062,
Plot Title: 5S4C,5680,8/9/26 15:45,90.124,
Plot Title: 5S4C,5681,8/9/26 16:00,87.186,
Plot Title: 5S4C,5682,8/9/26 16:15,85.014,
Plot Title: 5S4C,5683,8/9/26 16:30,82.864,
Plot Title: 5S4C,5684,8/9/26 16:45,81.09,
Plot Title: 5S4C,5685,8/9/26 17:00,79.502,
Plot Title: 5S4C,5686,8/9/26 17:15,77.923,
Plot Title: 5S4C,5687,8/9/26 17:30,76.181,
Plot Title: 5S4C,5688,8/9/26 17:45,74.791,
Plot Title: 5S4C,5689,8/9/26 18:00,73.407,
Plot Title: 5S4C,5690,8/9/26 18:15,72.028,
Plot Title: 5S4C,5691,8/9/26 18:30,70.824,
Plot Title: 5S4C,5692,8/9/26 18:45,69.449,
Plot Title: 5S4C,5693,8/9/26 19:00,67.906,
Plot Title: 5S4C,5694,8/9/26 19:15,66.708,
Plot Title: 5S4C,5695,8/9/26 19:30,65.851,
Plot Title: 5S4C,5696,8/9/26 19:45,64.652,
Plot Title: 5S4C,5697,8/9/26 20:00,63.455,
Plot Title: 5S4C,5698,8/9/26 20:15,62.254,
Plot Title: 5S4C,5699,8/9/26 20:30,61.227,
Plot Title: 5S4C,5700,8/9/26 20:45,60.195,
Plot Title: 5S4C,5701,8/9/26 21:00,58.993,
Plot Title: 5S4C,5702,8/9/26 21:15,58.131,
Plot Title: 5S4C,5703,8/9/26 21:30,57.441,
Plot Title: 5S4C,5704,8/9/26 21:45,56.75,
Plot Title: 5S4C,5705,8/9/26 22:00,56.23,
Plot Title: 5S4C,5706,8/9/26 22:15,55.711,
Plot Title: 5S4C,5707,8/9/26 22:30,55.537,
Plot Title: 5S4C,5708,8/9/26 22:45,55.364,
Plot Title: 5S4C,5709,8/9/26 23:00,55.364,
Plot Title: 5S4C,5710,8/9/26 23:15,55.189,
Plot Title: 5S4C,5711,8/9/26 23:30,54.669,
Plot Title: 5S4C,5712,8/9/26 23:45,54.495,
Plot Title: 5S4C,5713,8/10/26 00:00,54.147,
Plot Title: 5S4C,5714,8/10/26 00:15,53.798,
Plot Title: 5S4C,5715,8/10/26 00:30,53.623,
Plot Title: 5S4C,5716,8/10/26 00:45,53.274,
Plot Title: 5S4C,5717,8/10/26 01:00,52.75,
Plot Title: 5S4C,5718,8/10/26 01:15,52.401,
Plot Title: 5S4C,5719,8/10/26 01:30,52.05,
Plot Title: 5S4C,5720,8/10/26 01:45,51.699,
Plot Title: 5S4C,5721,8/10/26 02:00,51.346,
Plot Title: 5S4C,5722,8/10/26 02:15,50.995,
Plot Title: 5S4C,5723,8/10/26 02:30,50.819,
Plot Title: 5S4C,5724,8/10/26 02:45,50.466,
Plot Title: 5S4C,5725,8/10/26 03:00,50.29,
Plot Title: 5S4C,5726,8/10/26 03:15,49.937,
Plot Title: 5S4C,5727,8/10/26 03:30,49.759,
Plot Title: 5S4C,5728,8/10/26 03:45,49.582,
Plot Title: 5S4C,5729,8/10/26 04:00,49.404,
Plot Title: 5S4C,5730,8/10/26 04:15,49.05,
Plot Title: 5S4C,5731,8/10/26 04:30,48.871,
Plot Title: 5S4C,5732,8/10/26 04:45,48.695,
Plot Title: 5S4C,5733,8/10/26 05:00,48.339,
Plot Title: 5S4C,5734,8/10/26 05:15,48.16,
Plot Title: 5S4C,5735,8/10/26 05:30,48.16,
Plot Title: 5S4C,5736,8/10/26 05:45,47.982,
Plot Title: 5S4C,5737,8/10/26 06:00,47.982,
Plot Title: 5S4C,5738,8/10/26 06:15,47.982,
Plot Title: 5S4C,5739,8/10/26 06:30,47.982,
Plot Title: 5S4C,5740,8/10/26 06:45,48.517,
Plot Title: 5S4C,5741,8/10/26 07:00,48.695,
Plot Title: 5S4C,5742,8/10/26 07:15,49.228,
Plot Title: 5S4C,5743,8/10/26 07:30,50.113,
Plot Title: 5S4C,5744,8/10/26 07:45,50.643,
Plot Title: 5S4C,5745,8/10/26 08:00,51.346,
Plot Title: 5S4C,5746,8/10/26 08:15,52.225,
Plot Title: 5S4C,5747,8/10/26 08:30,53.973,
Plot Title: 5S4C,5748,8/10/26 08:45,59.68,
Plot Title: 5S4C,5749,8/10/26 09:00,65.167,
Plot Title: 5S4C,5750,8/10/26 09:15,69.964,
Plot Title: 5S4C,5751,8/10/26 09:30,74.619,
Plot Title: 5S4C,5752,8/10/26 09:45,78.975,
Plot Title: 5S4C,5753,8/10/26 10:00,83.579,
Plot Title: 5S4C,5754,8/10/26 10:15,87.552,
Plot Title: 5S4C,5755,8/10/26 10:30,91.425,
Plot Title: 5S4C,5756,8/10/26 10:45,95.4,
Plot Title: 5S4C,5757,8/10/26 11:00,99.291,
Plot Title: 5S4C,5758,8/10/26 11:15,102.493,
Plot Title: 5S4C,5759,8/10/26 11:30,105.577,
Plot Title: 5S4C,5760,8/10/26 11:45,108.536,
Plot Title: 5S4C,5761,8/10/26 12:00,110.919,
Plot Title: 5S4C,5762,8/10/26 12:15,113.362,
Plot Title: 5S4C,5763,8/10/26 12:30,115.407,
Plot Title: 5S4C,5764,8/10/26 12:45,117.262,
Plot Title: 5S4C,5765,8/10/26 13:00,118.441,
Plot Title: 5S4C,5766,8/10/26 13:15,118.679,
Plot Title: 5S4C,5767,8/10/26 13:30,117.968,
Plot Title: 5S4C,5768,8/10/26 13:45,118.679,
Plot Title: 5S4C,5769,8/10/26 14:00,119.397,
Plot Title: 5S4C,5770,8/10/26 14:15,118.441,
Plot Title: 5S4C,5771,8/10/26 14:30,117.968,
Plot Title: 5S4C,5772,8/10/26 14:45,116.796,
Plot Title: 5S4C,5773,8/10/26 15:00,109.396,
Plot Title: 5S4C,5774,8/10/26 15:15,100.083,
Plot Title: 5S4C,5775,8/10/26 15:30,93.682,
Plot Title: 5S4C,5776,8/10/26 15:45,89.2,
Plot Title: 5S4C,5777,8/10/26 16:00,86.097,
Plot Title: 5S4C,5778,8/10/26 16:15,83.757,
Plot Title: 5S4C,5779,8/10/26 16:30,81.797,
Plot Title: 5S4C,5780,8/10/26 16:45,80.559,
Plot Title: 5S4C,5781,8/10/26 17:00,79.678,
Plot Title: 5S4C,5782,8/10/26 17:15,77.923,
Plot Title: 5S4C,5783,8/10/26 17:30,76.354,
Plot Title: 5S4C,5784,8/10/26 17:45,74.964,
Plot Title: 5S4C,5785,8/10/26 18:00,73.58,
Plot Title: 5S4C,5786,8/10/26 18:15,72.199,
Plot Title: 5S4C,5787,8/10/26 18:30,70.995,
Plot Title: 5S4C,5788,8/10/26 18:45,69.622,
Plot Title: 5S4C,5789,8/10/26 19:00,68.421,
Plot Title: 5S4C,5790,8/10/26 19:15,67.221,
Plot Title: 5S4C,5791,8/10/26 19:30,66.022,
Plot Title: 5S4C,5792,8/10/26 19:45,64.996,
Plot Title: 5S4C,5793,8/10/26 20:00,63.797,
Plot Title: 5S4C,5794,8/10/26 20:15,62.598,
Plot Title: 5S4C,5795,8/10/26 20:30,61.569,
Plot Title: 5S4C,5796,8/10/26 20:45,60.539,
Plot Title: 5S4C,5797,8/10/26 21:00,59.68,
Plot Title: 5S4C,5798,8/10/26 21:15,58.993,
Plot Title: 5S4C,5799,8/10/26 21:30,58.476,
Plot Title: 5S4C,5800,8/10/26 21:45,57.958,
Plot Title: 5S4C,5801,8/10/26 22:00,57.441,
Plot Title: 5S4C,5802,8/10/26 22:15,56.923,
Plot Title: 5S4C,5803,8/10/26 22:30,56.577,
Plot Title: 5S4C,5804,8/10/26 22:45,56.23,
Plot Title: 5S4C,5805,8/10/26 23:00,55.711,
Plot Title: 5S4C,5806,8/10/26 23:15,55.189,
Plot Title: 5S4C,5807,8/10/26 23:30,54.669,
Plot Title: 5S4C,5808,8/10/26 23:45,54.322,
Plot Title: 5S4C,5809,8/11/26 00:00,53.798,
Plot Title: 5S4C,5810,8/11/26 00:15,53.449,
Plot Title: 5S4C,5811,8/11/26 00:30,53.1,
Plot Title: 5S4C,5812,8/11/26 00:45,52.75,
Plot Title: 5S4C,5813,8/11/26 01:00,52.225,
Plot Title: 5S4C,5814,8/11/26 01:15,51.874,
Plot Title: 5S4C,5815,8/11/26 01:30,51.523,
Plot Title: 5S4C,5816,8/11/26 01:45,51.172,
Plot Title: 5S4C,5817,8/11/26 02:00,50.819,
Plot Title: 5S4C,5818,8/11/26 02:15,50.643,
Plot Title: 5S4C,5819,8/11/26 02:30,50.29,
Plot Title: 5S4C,5820,8/11/26 02:45,49.937,
Plot Title: 5S4C,5821,8/11/26 03:00,49.582,
Plot Title: 5S4C,5822,8/11/26 03:15,49.404,
Plot Title: 5S4C,5823,8/11/26 03:30,49.05,
Plot Title: 5S4C,5824,8/11/26 03:45,48.695,
Plot Title: 5S4C,5825,8/11/26 04:00,48.339,
Plot Title: 5S4C,5826,8/11/26 04:15,47.982,
Plot Title: 5S4C,5827,8/11/26 04:30,47.624,
Plot Title: 5S4C,5828,8/11/26 04:45,47.266,
Plot Title: 5S4C,5829,8/11/26 05:00,46.908,
Plot Title: 5S4C,5830,8/11/26 05:15,46.728,
Plot Title: 5S4C,5831,8/11/26 05:30,46.369,
Plot Title: 5S4C,5832,8/11/26 05:45,46.008,
Plot Title: 5S4C,5833,8/11/26 06:00,45.648,
Plot Title: 5S4C,5834,8/11/26 06:15,45.466,
Plot Title: 5S4C,5835,8/11/26 06:30,45.466,
Plot Title: 5S4C,5836,8/11/26 06:45,45.466,
Plot Title: 5S4C,5837,8/11/26 07:00,45.648,
Plot Title: 5S4C,5838,8/11/26 07:15,46.188,
Plot Title: 5S4C,5839,8/11/26 07:30,47.266,
Plot Title: 5S4C,5840,8/11/26 07:45,48.16,
Plot Title: 5S4C,5841,8/11/26 08:00,49.05,
Plot Title: 5S4C,5842,8/11/26 08:15,50.29,
Plot Title: 5S4C,5843,8/11/26 08:30,52.225,
Plot Title: 5S4C,5844,8/11/26 08:45,57.785,
Plot Title: 5S4C,5845,8/11/26 09:00,62.94,
Plot Title: 5S4C,5846,8/11/26 09:15,68.077,
Plot Title: 5S4C,5847,8/11/26 09:30,72.718,
Plot Title: 5S4C,5848,8/11/26 09:45,77.225,
Plot Title: 5S4C,5849,8/11/26 10:00,81.797,
Plot Title: 5S4C,5850,8/11/26 10:15,86.641,
Plot Title: 5S4C,5851,8/11/26 10:30,91.24,
Plot Title: 5S4C,5852,8/11/26 10:45,95.207,
Plot Title: 5S4C,5853,8/11/26 11:00,98.503,
Plot Title: 5S4C,5854,8/11/26 11:15,102.493,
Plot Title: 5S4C,5855,8/11/26 11:30,107.046,
Plot Title: 5S4C,5856,8/11/26 11:45,110.264,
Plot Title: 5S4C,5857,8/11/26 12:00,114.039,
Plot Title: 5S4C,5858,8/11/26 12:15,117.028,
Plot Title: 5S4C,5859,8/11/26 12:30,118.679,
Plot Title: 5S4C,5860,8/11/26 12:45,120.848,
Plot Title: 5S4C,5861,8/11/26 13:00,122.572,
Plot Title: 5S4C,5862,8/11/26 13:15,124.077,
Plot Title: 5S4C,5863,8/11/26 13:30,125.611,
Plot Title: 5S4C,5864,8/11/26 13:45,125.868,
Plot Title: 5S4C,5865,8/11/26 14:00,126.387,
Plot Title: 5S4C,5866,8/11/26 14:15,125.868,
Plot Title: 5S4C,5867,8/11/26 14:30,124.84,
Plot Title: 5S4C,5868,8/11/26 14:45,122.324,
Plot Title: 5S4C,5869,8/11/26 15:00,115.867,
Plot Title: 5S4C,5870,8/11/26 15:15,103.717,
Plot Title: 5S4C,5871,8/11/26 15:30,95.783,
Plot Title: 5S4C,5872,8/11/26 15:45,89.755,
Plot Title: 5S4C,5873,8/11/26 16:00,86.277,
Plot Title: 5S4C,5874,8/11/26 16:15,83.399,
Plot Title: 5S4C,5875,8/11/26 16:30,81.266,
Plot Title: 5S4C,5876,8/11/26 16:45,79.853,
Plot Title: 5S4C,5877,8/11/26 17:00,79.151,
Plot Title: 5S4C,5878,8/11/26 17:15,77.225,
Plot Title: 5S4C,5879,8/11/26 17:30,75.832,
Plot Title: 5S4C,5880,8/11/26 17:45,74.446,
Plot Title: 5S4C,5881,8/11/26 18:00,72.891,
Plot Title: 5S4C,5882,8/11/26 18:15,71.512,
Plot Title: 5S4C,5883,8/11/26 18:30,70.308,
Plot Title: 5S4C,5884,8/11/26 18:45,69.107,
Plot Title: 5S4C,5885,8/11/26 19:00,67.906,
Plot Title: 5S4C,5886,8/11/26 19:15,66.879,
Plot Title: 5S4C,5887,8/11/26 19:30,65.68,
Plot Title: 5S4C,5888,8/11/26 19:45,64.825,
Plot Title: 5S4C,5889,8/11/26 20:00,63.968,
Plot Title: 5S4C,5890,8/11/26 20:15,62.94,
Plot Title: 5S4C,5891,8/11/26 20:30,61.912,
Plot Title: 5S4C,5892,8/11/26 20:45,61.054,
Plot Title: 5S4C,5893,8/11/26 21:00,60.368,
Plot Title: 5S4C,5894,8/11/26 21:15,59.851,
Plot Title: 5S4C,5895,8/11/26 21:30,59.337,
Plot Title: 5S4C,5896,8/11/26 21:45,58.993,
Plot Title: 5S4C,5897,8/11/26 22:00,58.993,
Plot Title: 5S4C,5898,8/11/26 22:15,58.647,
Plot Title: 5S4C,5899,8/11/26 22:30,58.476,
Plot Title: 5S4C,5900,8/11/26 22:45,58.303,
Plot Title: 5S4C,5901,8/11/26 23:00,57.785,
Plot Title: 5S4C,5902,8/11/26 23:15,57.441,
Plot Title: 5S4C,5903,8/11/26 23:30,56.75,
Plot Title: 5S4C,5904,8/11/26 23:45,55.884,
Plot Title: 5S4C,5905,8/12/26 00:00,55.364,
Plot Title: 5S4C,5906,8/12/26 00:15,54.842,
Plot Title: 5S4C,5907,8/12/26 00:30,54.322,
Plot Title: 5S4C,5908,8/12/26 00:45,54.147,
Plot Title: 5S4C,5909,8/12/26 01:00,53.798,
Plot Title: 5S4C,5910,8/12/26 01:15,53.449,
Plot Title: 5S4C,5911,8/12/26 01:30,52.925,
Plot Title: 5S4C,5912,8/12/26 01:45,52.576,
Plot Title: 5S4C,5913,8/12/26 02:00,52.225,
Plot Title: 5S4C,5914,8/12/26 02:15,51.874,
Plot Title: 5S4C,5915,8/12/26 02:30,51.523,
Plot Title: 5S4C,5916,8/12/26 02:45,51.346,
Plot Title: 5S4C,5917,8/12/26 03:00,51.172,
Plot Title: 5S4C,5918,8/12/26 03:15,50.995,
Plot Title: 5S4C,5919,8/12/26 03:30,50.819,
Plot Title: 5S4C,5920,8/12/26 03:45,50.643,
Plot Title: 5S4C,5921,8/12/26 04:00,50.466,
Plot Title: 5S4C,5922,8/12/26 04:15,50.29,
Plot Title: 5S4C,5923,8/12/26 04:30,50.113,
Plot Title: 5S4C,5924,8/12/26 04:45,49.759,
Plot Title: 5S4C,5925,8/12/26 05:00,49.582,
Plot Title: 5S4C,5926,8/12/26 05:15,49.404,
Plot Title: 5S4C,5927,8/12/26 05:30,49.228,
Plot Title: 5S4C,5928,8/12/26 05:45,49.05,
Plot Title: 5S4C,5929,8/12/26 06:00,48.871,
Plot Title: 5S4C,5930,8/12/26 06:15,48.695,
Plot Title: 5S4C,5931,8/12/26 06:30,48.695,
Plot Title: 5S4C,5932,8/12/26 06:45,48.871,
Plot Title: 5S4C,5933,8/12/26 07:00,49.228,
Plot Title: 5S4C,5934,8/12/26 07:15,49.759,
Plot Title: 5S4C,5935,8/12/26 07:30,50.466,
Plot Title: 5S4C,5936,8/12/26 07:45,51.172,
Plot Title: 5S4C,5937,8/12/26 08:00,52.225,
Plot Title: 5S4C,5938,8/12/26 08:15,53.1,
Plot Title: 5S4C,5939,8/12/26 08:30,53.623,
Plot Title: 5S4C,5940,8/12/26 08:45,55.364,
Plot Title: 5S4C,5941,8/12/26 09:00,57.096,
Plot Title: 5S4C,5942,8/12/26 09:15,58.82,
Plot Title: 5S4C,5943,8/12/26 09:30,63.626,
Plot Title: 5S4C,5944,8/12/26 09:45,65.167,
Plot Title: 5S4C,5945,8/12/26 10:00,63.282,
Plot Title: 5S4C,5946,8/12/26 10:15,62.598,
Plot Title: 5S4C,5947,8/12/26 10:30,64.139,
Plot Title: 5S4C,5948,8/12/26 10:45,65.338,
Plot Title: 5S4C,5949,8/12/26 11:00,65.851,
Plot Title: 5S4C,5950,8/12/26 11:15,75.139,
Plot Title: 5S4C,5951,8/12/26 11:30,84.474,
Plot Title: 5S4C,5952,8/12/26 11:45,92.737,
Plot Title: 5S4C,5953,8/12/26 12:00,96.748,
Plot Title: 5S4C,5954,8/12/26 12:15,98.897,
Plot Title: 5S4C,5955,8/12/26 12:30,104.954,
Plot Title: 5S4C,5956,8/12/26 12:45,107.895,
Plot Title: 5S4C,5957,8/12/26 13:00,108.536,
Plot Title: 5S4C,5958,8/12/26 13:15,100.083,
Plot Title: 5S4C,5959,8/12/26 13:30,107.895,
Plot Title: 5S4C,5960,8/12/26 13:45,112.023,
Plot Title: 5S4C,5961,8/12/26 14:00,114.492,
Plot Title: 5S4C,5962,8/12/26 14:15,115.178,
Plot Title: 5S4C,5963,8/12/26 14:30,115.637,
Plot Title: 5S4C,5964,8/12/26 14:45,114.492,
Plot Title: 5S4C,5965,8/12/26 15:00,110.046,
Plot Title: 5S4C,5966,8/12/26 15:15,99.885,
Plot Title: 5S4C,5967,8/12/26 15:30,92.174,
Plot Title: 5S4C,5968,8/12/26 15:45,86.277,
Plot Title: 5S4C,5969,8/12/26 16:00,81.442,
Plot Title: 5S4C,5970,8/12/26 16:15,77.749,
Plot Title: 5S4C,5971,8/12/26 16:30,75.139,
Plot Title: 5S4C,5972,8/12/26 16:45,72.372,
Plot Title: 5S4C,5973,8/12/26 17:00,70.137,
Plot Title: 5S4C,5974,8/12/26 17:15,68.421,
Plot Title: 5S4C,5975,8/12/26 17:30,67.05,
Plot Title: 5S4C,5976,8/12/26 17:45,65.851,
Plot Title: 5S4C,5977,8/12/26 18:00,64.825,
Plot Title: 5S4C,5978,8/12/26 18:15,63.968,
Plot Title: 5S4C,5979,8/12/26 18:30,63.455,
Plot Title: 5S4C,5980,8/12/26 18:45,63.626,
Plot Title: 5S4C,5981,8/12/26 19:00,63.282,
Plot Title: 5S4C,5982,8/12/26 19:15,62.254,
Plot Title: 5S4C,5983,8/12/26 19:30,61.054,
Plot Title: 5S4C,5984,8/12/26 19:45,60.024,
Plot Title: 5S4C,5985,8/12/26 20:00,58.82,
Plot Title: 5S4C,5986,8/12/26 20:15,57.958,
Plot Title: 5S4C,5987,8/12/26 20:30,56.923,
Plot Title: 5S4C,5988,8/12/26 20:45,56.057,
Plot Title: 5S4C,5989,8/12/26 21:00,55.017,
Plot Title: 5S4C,5990,8/12/26 21:15,54.147,
Plot Title: 5S4C,5991,8/12/26 21:30,53.449,
Plot Title: 5S4C,5992,8/12/26 21:45,52.925,
Plot Title: 5S4C,5993,8/12/26 22:00,52.576,
Plot Title: 5S4C,5994,8/12/26 22:15,52.75,
Plot Title: 5S4C,5995,8/12/26 22:30,52.925,
Plot Title: 5S4C,5996,8/12/26 22:45,53.1,
Plot Title: 5S4C,5997,8/12/26 23:00,52.925,
Plot Title: 5S4C,5998,8/12/26 23:15,52.576,
Plot Title: 5S4C,5999,8/12/26 23:30,52.401,
Plot Title: 5S4C,6000,8/12/26 23:45,52.401,
Plot Title: 5S4C,6001,8/13/26 00:00,52.401,
Plot Title: 5S4C,6002,8/13/26 00:15,51.874,
Plot Title: 5S4C,6003,8/13/26 00:30,50.819,
Plot Title: 5S4C,6004,8/13/26 00:45,50.113,
Plot Title: 5S4C,6005,8/13/26 01:00,49.582,
Plot Title: 5S4C,6006,8/13/26 01:15,49.582,
Plot Title: 5S4C,6007,8/13/26 01:30,49.759,
Plot Title: 5S4C,6008,8/13/26 01:45,49.582,
Plot Title: 5S4C,6009,8/13/26 02:00,49.582,
Plot Title: 5S4C,6010,8/13/26 02:15,49.05,
Plot Title: 5S4C,6011,8/13/26 02:30,48.695,
Plot Title: 5S4C,6012,8/13/26 02:45,48.339,
Plot Title: 5S4C,6013,8/13/26 03:00,48.16,
Plot Title: 5S4C,6014,8/13/26 03:15,47.982,
Plot Title: 5S4C,6015,8/13/26 03:30,47.982,
Plot Title: 5S4C,6016,8/13/26 03:45,47.802,
Plot Title: 5S4C,6017,8/13/26 04:00,47.802,
Plot Title: 5S4C,6018,8/13/26 04:15,47.624,
Plot Title: 5S4C,6019,8/13/26 04:30,47.446,
Plot Title: 5S4C,6020,8/13/26 04:45,47.266,
Plot Title: 5S4C,6021,8/13/26 05:00,47.266,
Plot Title: 5S4C,6022,8/13/26 05:15,47.088,
Plot Title: 5S4C,6023,8/13/26 05:30,46.908,
Plot Title: 5S4C,6024,8/13/26 05:45,46.908,
Plot Title: 5S4C,6025,8/13/26 06:00,46.728,
Plot Title: 5S4C,6026,8/13/26 06:15,46.548,
Plot Title: 5S4C,6027,8/13/26 06:30,46.369,
Plot Title: 5S4C,6028,8/13/26 06:45,46.369,
Plot Title: 5S4C,6029,8/13/26 07:00,46.728,
Plot Title: 5S4C,6030,8/13/26 07:15,47.446,
Plot Title: 5S4C,6031,8/13/26 07:30,47.802,
Plot Title: 5S4C,6032,8/13/26 07:45,48.695,
Plot Title: 5S4C,6033,8/13/26 08:00,49.759,
Plot Title: 5S4C,6034,8/13/26 08:15,51.523,
Plot Title: 5S4C,6035,8/13/26 08:30,55.017,
Plot Title: 5S4C,6036,8/13/26 08:45,58.647,
Plot Title: 5S4C,6037,8/13/26 09:00,62.769,
Plot Title: 5S4C,6038,8/13/26 09:15,65.68,
Plot Title: 5S4C,6039,8/13/26 09:30,70.995,
Plot Title: 5S4C,6040,8/13/26 09:45,75.312,
Plot Title: 5S4C,6041,8/13/26 10:00,80.382,
Plot Title: 5S4C,6042,8/13/26 10:15,81.09,
Plot Title: 5S4C,6043,8/13/26 10:30,74.619,
Plot Title: 5S4C,6044,8/13/26 10:45,69.449,
Plot Title: 5S4C,6045,8/13/26 11:00,66.708,
Plot Title: 5S4C,6046,8/13/26 11:15,65.851,
Plot Title: 5S4C,6047,8/13/26 11:30,66.879,
Plot Title: 5S4C,6048,8/13/26 11:45,67.564,
Plot Title: 5S4C,6049,8/13/26 12:00,67.392,
Plot Title: 5S4C,6050,8/13/26 12:15,67.221,
Plot Title: 5S4C,6051,8/13/26 12:30,67.05,
Plot Title: 5S4C,6052,8/13/26 12:45,66.366,
Plot Title: 5S4C,6053,8/13/26 13:00,64.31,
Plot Title: 5S4C,6054,8/13/26 13:15,62.94,
Plot Title: 5S4C,6055,8/13/26 13:30,62.083,
Plot Title: 5S4C,6056,8/13/26 13:45,61.569,
Plot Title: 5S4C,6057,8/13/26 14:00,61.398,
Plot Title: 5S4C,6058,8/13/26 14:15,60.539,
Plot Title: 5S4C,6059,8/13/26 14:30,60.368,
Plot Title: 5S4C,6060,8/13/26 14:45,60.883,
Plot Title: 5S4C,6061,8/13/26 15:00,61.227,
Plot Title: 5S4C,6062,8/13/26 15:15,62.769,
Plot Title: 5S4C,6063,8/13/26 15:30,63.626,
Plot Title: 5S4C,6064,8/13/26 15:45,64.825,
Plot Title: 5S4C,6065,8/13/26 16:00,66.366,
Plot Title: 5S4C,6066,8/13/26 16:15,66.537,
Plot Title: 5S4C,6067,8/13/26 16:30,66.708,
Plot Title: 5S4C,6068,8/13/26 16:45,66.193,
Plot Title: 5S4C,6069,8/13/26 17:00,64.31,
Plot Title: 5S4C,6070,8/13/26 17:15,62.598,
Plot Title: 5S4C,6071,8/13/26 17:30,60.712,
Plot Title: 5S4C,6072,8/13/26 17:45,58.993,
Plot Title: 5S4C,6073,8/13/26 18:00,57.785,
Plot Title: 5S4C,6074,8/13/26 18:15,56.923,
Plot Title: 5S4C,6075,8/13/26 18:30,55.884,
Plot Title: 5S4C,6076,8/13/26 18:45,55.364,
Plot Title: 5S4C,6077,8/13/26 19:00,55.364,
Plot Title: 5S4C,6078,8/13/26 19:15,55.017,
Plot Title: 5S4C,6079,8/13/26 19:30,54.495,
Plot Title: 5S4C,6080,8/13/26 19:45,53.973,
Plot Title: 5S4C,6081,8/13/26 20:00,53.449,
Plot Title: 5S4C,6082,8/13/26 20:15,53.1,
Plot Title: 5S4C,6083,8/13/26 20:30,52.75,
Plot Title: 5S4C,6084,8/13/26 20:45,52.576,
Plot Title: 5S4C,6085,8/13/26 21:00,52.401,
Plot Title: 5S4C,6086,8/13/26 21:15,51.523,
Plot Title: 5S4C,6087,8/13/26 21:30,50.819,
Plot Title: 5S4C,6088,8/13/26 21:45,50.819,
Plot Title: 5S4C,6089,8/13/26 22:00,50.113,
Plot Title: 5S4C,6090,8/13/26 22:15,49.404,
Plot Title: 5S4C,6091,8/13/26 22:30,48.517,
Plot Title: 5S4C,6092,8/13/26 22:45,48.16,
Plot Title: 5S4C,6093,8/13/26 23:00,47.982,
Plot Title: 5S4C,6094,8/13/26 23:15,47.802,
Plot Title: 5S4C,6095,8/13/26 23:30,47.802,
Plot Title: 5S4C,6096,8/13/26 23:45,47.802,
Plot Title: 5S4C,6097,8/14/26 00:00,47.982,
Plot Title: 5S4C,6098,8/14/26 00:15,47.982,
Plot Title: 5S4C,6099,8/14/26 00:30,47.982,
Plot Title: 5S4C,6100,8/14/26 00:45,48.16,
Plot Title: 5S4C,6101,8/14/26 01:00,47.982,
Plot Title: 5S4C,6102,8/14/26 01:15,47.982,
Plot Title: 5S4C,6103,8/14/26 01:30,47.802,
Plot Title: 5S4C,6104,8/14/26 01:45,47.802,
Plot Title: 5S4C,6105,8/14/26 02:00,47.802,
Plot Title: 5S4C,6106,8/14/26 02:15,47.624,
Plot Title: 5S4C,6107,8/14/26 02:30,47.624,
Plot Title: 5S4C,6108,8/14/26 02:45,47.624,
Plot Title: 5S4C,6109,8/14/26 03:00,47.624,
Plot Title: 5S4C,6110,8/14/26 03:15,47.446,
Plot Title: 5S4C,6111,8/14/26 03:30,47.446,
Plot Title: 5S4C,6112,8/14/26 03:45,47.266,
Plot Title: 5S4C,6113,8/14/26 04:00,47.088,
Plot Title: 5S4C,6114,8/14/26 04:15,47.088,
Plot Title: 5S4C,6115,8/14/26 04:30,46.908,
Plot Title: 5S4C,6116,8/14/26 04:45,46.908,
Plot Title: 5S4C,6117,8/14/26 05:00,46.548,
Plot Title: 5S4C,6118,8/14/26 05:15,46.548,
Plot Title: 5S4C,6119,8/14/26 05:30,46.369,
Plot Title: 5S4C,6120,8/14/26 05:45,46.369,
Plot Title: 5S4C,6121,8/14/26 06:00,46.369,
Plot Title: 5S4C,6122,8/14/26 06:15,46.369,
Plot Title: 5S4C,6123,8/14/26 06:30,46.369,
Plot Title: 5S4C,6124,8/14/26 06:45,46.548,
Plot Title: 5S4C,6125,8/14/26 07:00,46.548,
Plot Title: 5S4C,6126,8/14/26 07:15,46.728,
Plot Title: 5S4C,6127,8/14/26 07:30,47.266,
Plot Title: 5S4C,6128,8/14/26 07:45,47.446,
Plot Title: 5S4C,6129,8/14/26 08:00,47.802,
Plot Title: 5S4C,6130,8/14/26 08:15,48.517,
Plot Title: 5S4C,6131,8/14/26 08:30,48.695,
Plot Title: 5S4C,6132,8/14/26 08:45,48.695,
Plot Title: 5S4C,6133,8/14/26 09:00,48.695,
Plot Title: 5S4C,6134,8/14/26 09:15,49.228,
Plot Title: 5S4C,6135,8/14/26 09:30,49.404,
Plot Title: 5S4C,6136,8/14/26 09:45,50.466,
Plot Title: 5S4C,6137,8/14/26 10:00,53.798,
Plot Title: 5S4C,6138,8/14/26 10:15,54.322,
Plot Title: 5S4C,6139,8/14/26 10:30,55.884,
Plot Title: 5S4C,6140,8/14/26 10:45,61.398,
Plot Title: 5S4C,6141,8/14/26 11:00,64.481,
Plot Title: 5S4C,6142,8/14/26 11:15,64.825,
Plot Title: 5S4C,6143,8/14/26 11:30,63.111,
Plot Title: 5S4C,6144,8/14/26 11:45,61.912,
Plot Title: 5S4C,6145,8/14/26 12:00,61.227,
Plot Title: 5S4C,6146,8/14/26 12:15,59.508,
Plot Title: 5S4C,6147,8/14/26 12:30,58.476,
Plot Title: 5S4C,6148,8/14/26 12:45,62.425,
Plot Title: 5S4C,6149,8/14/26 13:00,63.797,
Plot Title: 5S4C,6150,8/14/26 13:15,65.509,
Plot Title: 5S4C,6151,8/14/26 13:30,68.934,
Plot Title: 5S4C,6152,8/14/26 13:45,64.996,
Plot Title: 5S4C,6153,8/14/26 14:00,64.996,
Plot Title: 5S4C,6154,8/14/26 14:15,63.455,
Plot Title: 5S4C,6155,8/14/26 14:30,61.227,
Plot Title: 5S4C,6156,8/14/26 14:45,59.851,
Plot Title: 5S4C,6157,8/14/26 15:00,58.303,
Plot Title: 5S4C,6158,8/14/26 15:15,57.614,
Plot Title: 5S4C,6159,8/14/26 15:30,57.268,
Plot Title: 5S4C,6160,8/14/26 15:45,57.958,
Plot Title: 5S4C,6161,8/14/26 16:00,57.441,
Plot Title: 5S4C,6162,8/14/26 16:15,56.923,
Plot Title: 5S4C,6163,8/14/26 16:30,55.537,
Plot Title: 5S4C,6164,8/14/26 16:45,54.842,
Plot Title: 5S4C,6165,8/14/26 17:00,54.495,
Plot Title: 5S4C,6166,8/14/26 17:15,54.147,
Plot Title: 5S4C,6167,8/14/26 17:30,54.147,
Plot Title: 5S4C,6168,8/14/26 17:45,53.973,
Plot Title: 5S4C,6169,8/14/26 18:00,53.798,
Plot Title: 5S4C,6170,8/14/26 18:15,53.274,
Plot Title: 5S4C,6171,8/14/26 18:30,53.1,
Plot Title: 5S4C,6172,8/14/26 18:45,53.274,
Plot Title: 5S4C,6173,8/14/26 19:00,53.623,
Plot Title: 5S4C,6174,8/14/26 19:15,53.274,
Plot Title: 5S4C,6175,8/14/26 19:30,52.225,
Plot Title: 5S4C,6176,8/14/26 19:45,51.346,
Plot Title: 5S4C,6177,8/14/26 20:00,50.29,
Plot Title: 5S4C,6178,8/14/26 20:15,49.582,
Plot Title: 5S4C,6179,8/14/26 20:30,48.871,
Plot Title: 5S4C,6180,8/14/26 20:45,48.517,
Plot Title: 5S4C,6181,8/14/26 21:00,48.339,
Plot Title: 5S4C,6182,8/14/26 21:15,48.16,
Plot Title: 5S4C,6183,8/14/26 21:30,47.982,
Plot Title: 5S4C,6184,8/14/26 21:45,47.802,
Plot Title: 5S4C,6185,8/14/26 22:00,47.446,
Plot Title: 5S4C,6186,8/14/26 22:15,46.728,
Plot Title: 5S4C,6187,8/14/26 22:30,46.188,
Plot Title: 5S4C,6188,8/14/26 22:45,45.648,
Plot Title: 5S4C,6189,8/14/26 23:00,45.286,
Plot Title: 5S4C,6190,8/14/26 23:15,44.922,
Plot Title: 5S4C,6191,8/14/26 23:30,44.56,
Plot Title: 5S4C,6192,8/14/26 23:45,44.195,
Plot Title: 5S4C,6193,8/15/26 00:00,44.013,
Plot Title: 5S4C,6194,8/15/26 00:15,44.013,
Plot Title: 5S4C,6195,8/15/26 00:30,44.013,
Plot Title: 5S4C,6196,8/15/26 00:45,43.648,
Plot Title: 5S4C,6197,8/15/26 01:00,43.282,
Plot Title: 5S4C,6198,8/15/26 01:15,43.099,
Plot Title: 5S4C,6199,8/15/26 01:30,42.915,
Plot Title: 5S4C,6200,8/15/26 01:45,42.915,
Plot Title: 5S4C,6201,8/15/26 02:00,42.732,
Plot Title: 5S4C,6202,8/15/26 02:15,42.732,
Plot Title: 5S4C,6203,8/15/26 02:30,42.548,
Plot Title: 5S4C,6204,8/15/26 02:45,42.548,
Plot Title: 5S4C,6205,8/15/26 03:00,42.363,
Plot Title: 5S4C,6206,8/15/26 03:15,42.179,
Plot Title: 5S4C,6207,8/15/26 03:30,41.994,
Plot Title: 5S4C,6208,8/15/26 03:45,41.625,
Plot Title: 5S4C,6209,8/15/26 04:00,41.439,
Plot Title: 5S4C,6210,8/15/26 04:15,41.439,
Plot Title: 5S4C,6211,8/15/26 04:30,41.254,
Plot Title: 5S4C,6212,8/15/26 04:45,41.254,
Plot Title: 5S4C,6213,8/15/26 05:00,41.067,
Plot Title: 5S4C,6214,8/15/26 05:15,40.881,
Plot Title: 5S4C,6215,8/15/26 05:30,40.696,
Plot Title: 5S4C,6216,8/15/26 05:45,40.509,
Plot Title: 5S4C,6217,8/15/26 06:00,40.509,
Plot Title: 5S4C,6218,8/15/26 06:15,40.509,
Plot Title: 5S4C,6219,8/15/26 06:30,40.881,
Plot Title: 5S4C,6220,8/15/26 06:45,41.067,
Plot Title: 5S4C,6221,8/15/26 07:00,41.254,
Plot Title: 5S4C,6222,8/15/26 07:15,41.439,
Plot Title: 5S4C,6223,8/15/26 07:30,41.994,
Plot Title: 5S4C,6224,8/15/26 07:45,43.099,
Plot Title: 5S4C,6225,8/15/26 08:00,44.56,
Plot Title: 5S4C,6226,8/15/26 08:15,45.104,
Plot Title: 5S4C,6227,8/15/26 08:30,48.517,
Plot Title: 5S4C,6228,8/15/26 08:45,49.759,
Plot Title: 5S4C,6229,8/15/26 09:00,51.874,
Plot Title: 5S4C,6230,8/15/26 09:15,52.225,
Plot Title: 5S4C,6231,8/15/26 09:30,56.23,
Plot Title: 5S4C,6232,8/15/26 09:45,58.82,
Plot Title: 5S4C,6233,8/15/26 10:00,61.054,
Plot Title: 5S4C,6234,8/15/26 10:15,66.193,
Plot Title: 5S4C,6235,8/15/26 10:30,70.137,Logged