Plot Title: T03,#,"Date Time, GMT-06:00","Temp, °F (LGR S/N: 21120055, SEN S/N: 21120055, LBL: T03)",End Of File (LGR S/N: 21120055)
Plot Title: T04,1,5/6/26 11:00,63.111,
Plot Title: T05,2,5/6/26 11:15,57.785,
Plot Title: T06,3,5/6/26 11:30,59.508,
Plot Title: T07,4,5/6/26 11:45,65.68,
Plot Title: T08,5,5/6/26 12:00,71.856,
Plot Title: T09,6,5/6/26 12:15,80.735,
Plot Title: T10,7,5/6/26 12:30,79.853,
Plot Title: T11,8,5/6/26 12:45,68.763,
Plot Title: T12,9,5/6/26 13:00,67.392,
Plot Title: T13,10,5/6/26 13:15,66.708,
Plot Title: T14,11,5/6/26 13:30,65.338,
Plot Title: T15,12,5/6/26 13:45,64.481,
Plot Title: T16,13,5/6/26 14:00,69.793,
Plot Title: T17,14,5/6/26 14:15,79.502,
Plot Title: T18,15,5/6/26 14:30,82.864,
Plot Title: T19,16,5/6/26 14:45,78.098,
Plot Title: T20,17,5/6/26 15:00,73.407,
Plot Title: T21,18,5/6/26 15:15,69.622,
Plot Title: T22,19,5/6/26 15:30,68.763,
Plot Title: T23,20,5/6/26 15:45,70.651,
Plot Title: T24,21,5/6/26 16:00,72.891,
Plot Title: T25,22,5/6/26 16:15,73.407,
Plot Title: T26,23,5/6/26 16:30,73.753,
Plot Title: T27,24,5/6/26 16:45,73.234,
Plot Title: T28,25,5/6/26 17:00,73.58,
Plot Title: T29,26,5/6/26 17:15,75.484,
Plot Title: T30,27,5/6/26 17:30,78.274,
Plot Title: T31,28,5/6/26 17:45,80.735,
Plot Title: T32,29,5/6/26 18:00,82.152,
Plot Title: T33,30,5/6/26 18:15,83.221,
Plot Title: T34,31,5/6/26 18:30,83.757,
Plot Title: T35,32,5/6/26 18:45,84.115,
Plot Title: T36,33,5/6/26 19:00,83.935,
Plot Title: T37,34,5/6/26 19:15,83.757,
Plot Title: T38,35,5/6/26 19:30,83.221,
Plot Title: T39,36,5/6/26 19:45,82.508,
Plot Title: T40,37,5/6/26 20:00,81.621,
Plot Title: T41,38,5/6/26 20:15,80.735,
Plot Title: T42,39,5/6/26 20:30,79.853,
Plot Title: T43,40,5/6/26 20:45,78.8,
Plot Title: T44,41,5/6/26 21:00,77.923,
Plot Title: T45,42,5/6/26 21:15,76.876,
Plot Title: T46,43,5/6/26 21:30,75.832,
Plot Title: T47,44,5/6/26 21:45,74.964,
Plot Title: T48,45,5/6/26 22:00,73.926,
Plot Title: T49,46,5/6/26 22:15,73.062,
Plot Title: T50,47,5/6/26 22:30,72.199,
Plot Title: T51,48,5/6/26 22:45,71.512,
Plot Title: T52,49,5/6/26 23:00,70.651,
Plot Title: T53,50,5/6/26 23:15,69.964,
Plot Title: T54,51,5/6/26 23:30,69.278,
Plot Title: T55,52,5/6/26 23:45,68.592,
Plot Title: T56,53,5/7/26 00:00,67.906,
Plot Title: T57,54,5/7/26 00:15,67.221,
Plot Title: T58,55,5/7/26 00:30,66.537,
Plot Title: T59,56,5/7/26 00:45,65.851,
Plot Title: T60,57,5/7/26 01:00,65.338,
Plot Title: T61,58,5/7/26 01:15,64.652,
Plot Title: T62,59,5/7/26 01:30,63.968,
Plot Title: T63,60,5/7/26 01:45,63.282,
Plot Title: T64,61,5/7/26 02:00,62.769,
Plot Title: T65,62,5/7/26 02:15,61.912,
Plot Title: T66,63,5/7/26 02:30,61.398,
Plot Title: T67,64,5/7/26 02:45,60.712,
Plot Title: T68,65,5/7/26 03:00,60.024,
Plot Title: T69,66,5/7/26 03:15,59.337,
Plot Title: T70,67,5/7/26 03:30,58.82,
Plot Title: T71,68,5/7/26 03:45,58.131,
Plot Title: T72,69,5/7/26 04:00,57.614,
Plot Title: T73,70,5/7/26 04:15,56.923,
Plot Title: T74,71,5/7/26 04:30,56.404,
Plot Title: T75,72,5/7/26 04:45,55.884,
Plot Title: T76,73,5/7/26 05:00,55.189,
Plot Title: T77,74,5/7/26 05:15,54.669,
Plot Title: T78,75,5/7/26 05:30,54.322,
Plot Title: T79,76,5/7/26 05:45,53.973,
Plot Title: T80,77,5/7/26 06:00,53.623,
Plot Title: T81,78,5/7/26 06:15,53.274,
Plot Title: T82,79,5/7/26 06:30,52.925,
Plot Title: T83,80,5/7/26 06:45,52.401,
Plot Title: T84,81,5/7/26 07:00,52.05,
Plot Title: T85,82,5/7/26 07:15,51.874,
Plot Title: T86,83,5/7/26 07:30,51.523,
Plot Title: T87,84,5/7/26 07:45,51.346,
Plot Title: T88,85,5/7/26 08:00,51.172,
Plot Title: T89,86,5/7/26 08:15,51.172,
Plot Title: T90,87,5/7/26 08:30,51.346,
Plot Title: T91,88,5/7/26 08:45,51.346,
Plot Title: T92,89,5/7/26 09:00,51.699,
Plot Title: T93,90,5/7/26 09:15,52.05,
Plot Title: T94,91,5/7/26 09:30,52.401,
Plot Title: T95,92,5/7/26 09:45,53.1,
Plot Title: T96,93,5/7/26 10:00,55.189,
Plot Title: T97,94,5/7/26 10:15,56.75,
Plot Title: T98,95,5/7/26 10:30,58.82,
Plot Title: T99,96,5/7/26 10:45,61.054,
Plot Title: T100,97,5/7/26 11:00,63.111,
Plot Title: T101,98,5/7/26 11:15,64.825,
Plot Title: T102,99,5/7/26 11:30,64.481,
Plot Title: T103,100,5/7/26 11:45,65.167,
Plot Title: T104,101,5/7/26 12:00,68.934,
Plot Title: T105,102,5/7/26 12:15,73.062,
Plot Title: T106,103,5/7/26 12:30,80.911,
Plot Title: T107,104,5/7/26 12:45,83.399,
Plot Title: T108,105,5/7/26 13:00,77.05,
Plot Title: T109,106,5/7/26 13:15,73.753,
Plot Title: T110,107,5/7/26 13:30,71.512,
Plot Title: T111,108,5/7/26 13:45,68.592,
Plot Title: T112,109,5/7/26 14:00,68.077,
Plot Title: T113,110,5/7/26 14:15,73.58,
Plot Title: T114,111,5/7/26 14:30,72.199,
Plot Title: T115,112,5/7/26 14:45,70.995,
Plot Title: T116,113,5/7/26 15:00,71.512,
Plot Title: T117,114,5/7/26 15:15,72.545,
Plot Title: T118,115,5/7/26 15:30,72.372,
Plot Title: T119,116,5/7/26 15:45,74.098,
Plot Title: T120,117,5/7/26 16:00,75.832,
Plot Title: T121,118,5/7/26 16:15,85.014,
Plot Title: T122,119,5/7/26 16:30,82.686,
Plot Title: T123,120,5/7/26 16:45,78.975,
Plot Title: T124,121,5/7/26 17:00,75.139,
Plot Title: T125,122,5/7/26 17:15,73.58,
Plot Title: T126,123,5/7/26 17:30,72.028,
Plot Title: T127,124,5/7/26 17:45,70.824,
Plot Title: T128,125,5/7/26 18:00,70.651,
Plot Title: T129,126,5/7/26 18:15,71.168,
Plot Title: T130,127,5/7/26 18:30,71.168,
Plot Title: T131,128,5/7/26 18:45,70.995,
Plot Title: T132,129,5/7/26 19:00,70.824,
Plot Title: T133,130,5/7/26 19:15,70.651,
Plot Title: T134,131,5/7/26 19:30,70.48,
Plot Title: T135,132,5/7/26 19:45,70.308,
Plot Title: T136,133,5/7/26 20:00,69.964,
Plot Title: T137,134,5/7/26 20:15,69.622,
Plot Title: T138,135,5/7/26 20:30,69.278,
Plot Title: T139,136,5/7/26 20:45,68.763,
Plot Title: T140,137,5/7/26 21:00,68.077,
Plot Title: T141,138,5/7/26 21:15,67.564,
Plot Title: T142,139,5/7/26 21:30,66.879,
Plot Title: T143,140,5/7/26 21:45,66.193,
Plot Title: T144,141,5/7/26 22:00,65.509,
Plot Title: T145,142,5/7/26 22:15,64.996,
Plot Title: T146,143,5/7/26 22:30,64.481,
Plot Title: T147,144,5/7/26 22:45,63.968,
Plot Title: T148,145,5/7/26 23:00,63.455,
Plot Title: T149,146,5/7/26 23:15,62.94,
Plot Title: T150,147,5/7/26 23:30,62.425,
Plot Title: T151,148,5/7/26 23:45,61.741,
Plot Title: T152,149,5/8/26 00:00,61.054,
Plot Title: T153,150,5/8/26 00:15,60.368,
Plot Title: T154,151,5/8/26 00:30,59.851,
Plot Title: T155,152,5/8/26 00:45,59.164,
Plot Title: T156,153,5/8/26 01:00,58.647,
Plot Title: T157,154,5/8/26 01:15,58.131,
Plot Title: T158,155,5/8/26 01:30,57.441,
Plot Title: T159,156,5/8/26 01:45,56.923,
Plot Title: T160,157,5/8/26 02:00,56.404,
Plot Title: T161,158,5/8/26 02:15,55.884,
Plot Title: T162,159,5/8/26 02:30,55.364,
Plot Title: T163,160,5/8/26 02:45,54.842,
Plot Title: T164,161,5/8/26 03:00,54.322,
Plot Title: T165,162,5/8/26 03:15,53.798,
Plot Title: T166,163,5/8/26 03:30,53.449,
Plot Title: T167,164,5/8/26 03:45,52.925,
Plot Title: T168,165,5/8/26 04:00,52.401,
Plot Title: T169,166,5/8/26 04:15,51.874,
Plot Title: T170,167,5/8/26 04:30,51.346,
Plot Title: T171,168,5/8/26 04:45,50.995,
Plot Title: T172,169,5/8/26 05:00,50.466,
Plot Title: T173,170,5/8/26 05:15,49.937,
Plot Title: T174,171,5/8/26 05:30,49.582,
Plot Title: T175,172,5/8/26 05:45,49.228,
Plot Title: T176,173,5/8/26 06:00,48.695,
Plot Title: T177,174,5/8/26 06:15,48.339,
Plot Title: T178,175,5/8/26 06:30,47.982,
Plot Title: T179,176,5/8/26 06:45,47.624,
Plot Title: T180,177,5/8/26 07:00,47.446,
Plot Title: T181,178,5/8/26 07:15,47.266,
Plot Title: T182,179,5/8/26 07:30,47.088,
Plot Title: T183,180,5/8/26 07:45,47.088,
Plot Title: T184,181,5/8/26 08:00,47.266,
Plot Title: T185,182,5/8/26 08:15,47.446,
Plot Title: T186,183,5/8/26 08:30,48.695,
Plot Title: T187,184,5/8/26 08:45,50.643,
Plot Title: T188,185,5/8/26 09:00,52.925,
Plot Title: T189,186,5/8/26 09:15,55.364,
Plot Title: T190,187,5/8/26 09:30,57.441,
Plot Title: T191,188,5/8/26 09:45,56.923,
Plot Title: T192,189,5/8/26 10:00,57.785,
Plot Title: T193,190,5/8/26 10:15,58.476,
Plot Title: T194,191,5/8/26 10:30,59.851,
Plot Title: T195,192,5/8/26 10:45,60.883,
Plot Title: T196,193,5/8/26 11:00,62.254,
Plot Title: T197,194,5/8/26 11:15,64.31,
Plot Title: T198,195,5/8/26 11:30,65.851,
Plot Title: T199,196,5/8/26 11:45,70.995,
Plot Title: T200,197,5/8/26 12:00,71.856,
Plot Title: T201,198,5/8/26 12:15,70.651,
Plot Title: T202,199,5/8/26 12:30,70.651,
Plot Title: T203,200,5/8/26 12:45,70.137,
Plot Title: T204,201,5/8/26 13:00,69.622,
Plot Title: T205,202,5/8/26 13:15,69.278,
Plot Title: T206,203,5/8/26 13:30,66.879,
Plot Title: T207,204,5/8/26 13:45,68.421,
Plot Title: T208,205,5/8/26 14:00,75.139,
Plot Title: T209,206,5/8/26 14:15,76.006,
Plot Title: T210,207,5/8/26 14:30,74.446,
Plot Title: T211,208,5/8/26 14:45,72.372,
Plot Title: T212,209,5/8/26 15:00,60.539,
Plot Title: T213,210,5/8/26 15:15,52.05,
Plot Title: T214,211,5/8/26 15:30,51.523,
Plot Title: T215,212,5/8/26 15:45,51.699,
Plot Title: T216,213,5/8/26 16:00,51.346,
Plot Title: T217,214,5/8/26 16:15,50.995,
Plot Title: T218,215,5/8/26 16:30,51.523,
Plot Title: T219,216,5/8/26 16:45,51.172,
Plot Title: T220,217,5/8/26 17:00,50.995,
Plot Title: T221,218,5/8/26 17:15,50.819,
Plot Title: T222,219,5/8/26 17:30,50.643,
Plot Title: T223,220,5/8/26 17:45,50.29,
Plot Title: T224,221,5/8/26 18:00,49.582,
Plot Title: T225,222,5/8/26 18:15,49.05,
Plot Title: T226,223,5/8/26 18:30,48.16,
Plot Title: T227,224,5/8/26 18:45,47.446,
Plot Title: T228,225,5/8/26 19:00,46.728,
Plot Title: T229,226,5/8/26 19:15,46.008,
Plot Title: T230,227,5/8/26 19:30,45.286,
Plot Title: T231,228,5/8/26 19:45,44.742,
Plot Title: T232,229,5/8/26 20:00,44.195,
Plot Title: T233,230,5/8/26 20:15,43.648,
Plot Title: T234,231,5/8/26 20:30,43.282,
Plot Title: T235,232,5/8/26 20:45,42.732,
Plot Title: T236,233,5/8/26 21:00,42.363,
Plot Title: T237,234,5/8/26 21:15,41.994,
Plot Title: T238,235,5/8/26 21:30,41.81,
Plot Title: T239,236,5/8/26 21:45,41.439,
Plot Title: T240,237,5/8/26 22:00,41.067,
Plot Title: T241,238,5/8/26 22:15,40.881,
Plot Title: T242,239,5/8/26 22:30,40.509,
Plot Title: T243,240,5/8/26 22:45,40.321,
Plot Title: T244,241,5/8/26 23:00,39.76,
Plot Title: T245,242,5/8/26 23:15,39.384,
Plot Title: T246,243,5/8/26 23:30,39.007,
Plot Title: T247,244,5/8/26 23:45,38.629,
Plot Title: T248,245,5/9/26 00:00,38.44,
Plot Title: T249,246,5/9/26 00:15,38.44,
Plot Title: T250,247,5/9/26 00:30,38.25,
Plot Title: T251,248,5/9/26 00:45,38.061,
Plot Title: T252,249,5/9/26 01:00,37.679,
Plot Title: T253,250,5/9/26 01:15,37.679,
Plot Title: T254,251,5/9/26 01:30,37.488,
Plot Title: T255,252,5/9/26 01:45,37.107,
Plot Title: T256,253,5/9/26 02:00,36.723,
Plot Title: T257,254,5/9/26 02:15,36.338,
Plot Title: T258,255,5/9/26 02:30,36.531,
Plot Title: T259,256,5/9/26 02:45,36.338,
Plot Title: T260,257,5/9/26 03:00,35.951,
Plot Title: T261,258,5/9/26 03:15,35.37,
Plot Title: T262,259,5/9/26 03:30,34.981,
Plot Title: T263,260,5/9/26 03:45,34.59,
Plot Title: T264,261,5/9/26 04:00,34.394,
Plot Title: T265,262,5/9/26 04:15,34.002,
Plot Title: T266,263,5/9/26 04:30,33.805,
Plot Title: T267,264,5/9/26 04:45,33.607,
Plot Title: T268,265,5/9/26 05:00,33.607,
Plot Title: T269,266,5/9/26 05:15,33.607,
Plot Title: T270,267,5/9/26 05:30,34.002,
Plot Title: T271,268,5/9/26 05:45,34.002,
Plot Title: T272,269,5/9/26 06:00,34.002,
Plot Title: T273,270,5/9/26 06:15,33.805,
Plot Title: T274,271,5/9/26 06:30,33.805,
Plot Title: T275,272,5/9/26 06:45,34.002,
Plot Title: T276,273,5/9/26 07:00,34.198,
Plot Title: T277,274,5/9/26 07:15,35.758,
Plot Title: T278,275,5/9/26 07:30,36.338,
Plot Title: T279,276,5/9/26 07:45,36.723,
Plot Title: T280,277,5/9/26 08:00,36.914,
Plot Title: T281,278,5/9/26 08:15,36.723,
Plot Title: T282,279,5/9/26 08:30,37.679,
Plot Title: T283,280,5/9/26 08:45,37.488,
Plot Title: T284,281,5/9/26 09:00,38.25,
Plot Title: T285,282,5/9/26 09:15,39.007,
Plot Title: T286,283,5/9/26 09:30,39.573,
Plot Title: T287,284,5/9/26 09:45,40.134,
Plot Title: T288,285,5/9/26 10:00,40.321,
Plot Title: T289,286,5/9/26 10:15,40.881,
Plot Title: T290,287,5/9/26 10:30,41.067,
Plot Title: T291,288,5/9/26 10:45,41.254,
Plot Title: T292,289,5/9/26 11:00,40.696,
Plot Title: T293,290,5/9/26 11:15,41.439,
Plot Title: T294,291,5/9/26 11:30,41.81,
Plot Title: T295,292,5/9/26 11:45,43.648,
Plot Title: T296,293,5/9/26 12:00,48.871,
Plot Title: T297,294,5/9/26 12:15,50.995,
Plot Title: T298,295,5/9/26 12:30,56.057,
Plot Title: T299,296,5/9/26 12:45,59.68,
Plot Title: T300,297,5/9/26 13:00,55.189,
Plot Title: T301,298,5/9/26 13:15,52.225,
Plot Title: T302,299,5/9/26 13:30,50.466,
Plot Title: T303,300,5/9/26 13:45,49.404,
Plot Title: T304,301,5/9/26 14:00,48.871,
Plot Title: T305,302,5/9/26 14:15,48.517,
Plot Title: T306,303,5/9/26 14:30,47.088,
Plot Title: T307,304,5/9/26 14:45,47.088,
Plot Title: T308,305,5/9/26 15:00,47.982,
Plot Title: T309,306,5/9/26 15:15,48.16,
Plot Title: T310,307,5/9/26 15:30,48.339,
Plot Title: T311,308,5/9/26 15:45,49.05,
Plot Title: T312,309,5/9/26 16:00,48.695,
Plot Title: T313,310,5/9/26 16:15,47.982,
Plot Title: T314,311,5/9/26 16:30,47.446,
Plot Title: T315,312,5/9/26 16:45,46.369,
Plot Title: T316,313,5/9/26 17:00,45.648,
Plot Title: T317,314,5/9/26 17:15,45.648,
Plot Title: T318,315,5/9/26 17:30,45.828,
Plot Title: T319,316,5/9/26 17:45,45.104,
Plot Title: T320,317,5/9/26 18:00,44.195,
Plot Title: T321,318,5/9/26 18:15,43.282,
Plot Title: T322,319,5/9/26 18:30,42.732,
Plot Title: T323,320,5/9/26 18:45,42.179,
Plot Title: T324,321,5/9/26 19:00,41.625,
Plot Title: T325,322,5/9/26 19:15,41.067,
Plot Title: T326,323,5/9/26 19:30,40.509,
Plot Title: T327,324,5/9/26 19:45,40.134,
Plot Title: T328,325,5/9/26 20:00,39.76,
Plot Title: T329,326,5/9/26 20:15,39.196,
Plot Title: T330,327,5/9/26 20:30,38.818,
Plot Title: T331,328,5/9/26 20:45,38.44,
Plot Title: T332,329,5/9/26 21:00,38.061,
Plot Title: T333,330,5/9/26 21:15,38.061,
Plot Title: T334,331,5/9/26 21:30,37.488,
Plot Title: T335,332,5/9/26 21:45,37.107,
Plot Title: T336,333,5/9/26 22:00,36.914,
Plot Title: T337,334,5/9/26 22:15,36.531,
Plot Title: T338,335,5/9/26 22:30,36.338,
Plot Title: T339,336,5/9/26 22:45,36.145,
Plot Title: T340,337,5/9/26 23:00,35.951,
Plot Title: T341,338,5/9/26 23:15,35.951,
Plot Title: T342,339,5/9/26 23:30,35.758,
Plot Title: T343,340,5/9/26 23:45,35.564,
Plot Title: T344,341,5/10/26 00:00,35.564,
Plot Title: T345,342,5/10/26 00:15,35.37,
Plot Title: T346,343,5/10/26 00:30,35.37,
Plot Title: T347,344,5/10/26 00:45,35.175,
Plot Title: T348,345,5/10/26 01:00,35.175,
Plot Title: T349,346,5/10/26 01:15,35.175,
Plot Title: T350,347,5/10/26 01:30,34.981,
Plot Title: T351,348,5/10/26 01:45,34.981,
Plot Title: T352,349,5/10/26 02:00,34.786,
Plot Title: T353,350,5/10/26 02:15,34.59,
Plot Title: T354,351,5/10/26 02:30,34.59,
Plot Title: T355,352,5/10/26 02:45,34.394,
Plot Title: T356,353,5/10/26 03:00,34.198,
Plot Title: T357,354,5/10/26 03:15,34.198,
Plot Title: T358,355,5/10/26 03:30,34.002,
Plot Title: T359,356,5/10/26 03:45,34.002,
Plot Title: T360,357,5/10/26 04:00,34.002,
Plot Title: T361,358,5/10/26 04:15,33.805,
Plot Title: T362,359,5/10/26 04:30,33.805,
Plot Title: T363,360,5/10/26 04:45,33.805,
Plot Title: T364,361,5/10/26 05:00,33.607,
Plot Title: T365,362,5/10/26 05:15,33.607,
Plot Title: T366,363,5/10/26 05:30,33.607,
Plot Title: T367,364,5/10/26 05:45,33.607,
Plot Title: T368,365,5/10/26 06:00,33.411,
Plot Title: T369,366,5/10/26 06:15,33.607,
Plot Title: T370,367,5/10/26 06:30,33.805,
Plot Title: T371,368,5/10/26 06:45,34.59,
Plot Title: T372,369,5/10/26 07:00,37.87,
Plot Title: T373,370,5/10/26 07:15,41.254,
Plot Title: T374,371,5/10/26 07:30,42.548,
Plot Title: T375,372,5/10/26 07:45,41.439,
Plot Title: T376,373,5/10/26 08:00,40.696,
Plot Title: T377,374,5/10/26 08:15,40.321,
Plot Title: T378,375,5/10/26 08:30,40.509,
Plot Title: T379,376,5/10/26 08:45,40.321,
Plot Title: T380,377,5/10/26 09:00,40.134,
Plot Title: T381,378,5/10/26 09:15,40.509,
Plot Title: T382,379,5/10/26 09:30,40.509,
Plot Title: T383,380,5/10/26 09:45,40.509,
Plot Title: T384,381,5/10/26 10:00,40.509,
Plot Title: T385,382,5/10/26 10:15,41.067,
Plot Title: T386,383,5/10/26 10:30,41.625,
Plot Title: T387,384,5/10/26 10:45,41.625,
Plot Title: T388,385,5/10/26 11:00,41.625,
Plot Title: T389,386,5/10/26 11:15,41.625,
Plot Title: T390,387,5/10/26 11:30,41.81,
Plot Title: T391,388,5/10/26 11:45,43.466,
Plot Title: T392,389,5/10/26 12:00,55.537,
Plot Title: T393,390,5/10/26 12:15,61.741,
Plot Title: T394,391,5/10/26 12:30,65.851,
Plot Title: T395,392,5/10/26 12:45,66.879,
Plot Title: T396,393,5/10/26 13:00,59.851,
Plot Title: T397,394,5/10/26 13:15,55.189,
Plot Title: T398,395,5/10/26 13:30,52.576,
Plot Title: T399,396,5/10/26 13:45,50.819,
Plot Title: T400,397,5/10/26 14:00,49.759,
Plot Title: T401,398,5/10/26 14:15,48.871,
Plot Title: T402,399,5/10/26 14:30,48.339,
Plot Title: T403,400,5/10/26 14:45,47.982,
Plot Title: T404,401,5/10/26 15:00,47.802,
Plot Title: T405,402,5/10/26 15:15,47.802,
Plot Title: T406,403,5/10/26 15:30,47.982,
Plot Title: T407,404,5/10/26 15:45,52.576,
Plot Title: T408,405,5/10/26 16:00,50.466,
Plot Title: T409,406,5/10/26 16:15,49.228,
Plot Title: T410,407,5/10/26 16:30,47.802,
Plot Title: T411,408,5/10/26 16:45,46.908,
Plot Title: T412,409,5/10/26 17:00,46.548,
Plot Title: T413,410,5/10/26 17:15,46.369,
Plot Title: T414,411,5/10/26 17:30,46.188,
Plot Title: T415,412,5/10/26 17:45,45.648,
Plot Title: T416,413,5/10/26 18:00,45.286,
Plot Title: T417,414,5/10/26 18:15,44.742,
Plot Title: T418,415,5/10/26 18:30,44.379,
Plot Title: T419,416,5/10/26 18:45,44.195,
Plot Title: T420,417,5/10/26 19:00,43.831,
Plot Title: T421,418,5/10/26 19:15,43.648,
Plot Title: T422,419,5/10/26 19:30,43.282,
Plot Title: T423,420,5/10/26 19:45,43.099,
Plot Title: T424,421,5/10/26 20:00,42.732,
Plot Title: T425,422,5/10/26 20:15,42.548,
Plot Title: T426,423,5/10/26 20:30,42.548,
Plot Title: T427,424,5/10/26 20:45,42.179,
Plot Title: T428,425,5/10/26 21:00,41.81,
Plot Title: T429,426,5/10/26 21:15,41.625,
Plot Title: T430,427,5/10/26 21:30,41.439,
Plot Title: T431,428,5/10/26 21:45,40.881,
Plot Title: T432,429,5/10/26 22:00,40.696,
Plot Title: T433,430,5/10/26 22:15,40.696,
Plot Title: T434,431,5/10/26 22:30,40.509,
Plot Title: T435,432,5/10/26 22:45,40.321,
Plot Title: T436,433,5/10/26 23:00,40.134,
Plot Title: T437,434,5/10/26 23:15,40.134,
Plot Title: T438,435,5/10/26 23:30,40.321,
Plot Title: T439,436,5/10/26 23:45,40.509,
Plot Title: T440,437,5/11/26 00:00,40.509,
Plot Title: T441,438,5/11/26 00:15,40.509,
Plot Title: T442,439,5/11/26 00:30,40.321,
Plot Title: T443,440,5/11/26 00:45,40.321,
Plot Title: T444,441,5/11/26 01:00,40.321,
Plot Title: T445,442,5/11/26 01:15,40.134,
Plot Title: T446,443,5/11/26 01:30,40.134,
Plot Title: T447,444,5/11/26 01:45,39.947,
Plot Title: T448,445,5/11/26 02:00,40.134,
Plot Title: T449,446,5/11/26 02:15,39.947,
Plot Title: T450,447,5/11/26 02:30,39.76,
Plot Title: T451,448,5/11/26 02:45,39.76,
Plot Title: T452,449,5/11/26 03:00,39.76,
Plot Title: T453,450,5/11/26 03:15,39.76,
Plot Title: T454,451,5/11/26 03:30,39.573,
Plot Title: T455,452,5/11/26 03:45,39.573,
Plot Title: T456,453,5/11/26 04:00,39.384,
Plot Title: T457,454,5/11/26 04:15,39.384,
Plot Title: T458,455,5/11/26 04:30,39.384,
Plot Title: T459,456,5/11/26 04:45,39.384,
Plot Title: T460,457,5/11/26 05:00,39.384,
Plot Title: T461,458,5/11/26 05:15,39.196,
Plot Title: T462,459,5/11/26 05:30,39.196,
Plot Title: T463,460,5/11/26 05:45,39.196,
Plot Title: T464,461,5/11/26 06:00,39.196,
Plot Title: T465,462,5/11/26 06:15,39.196,
Plot Title: T466,463,5/11/26 06:30,39.384,
Plot Title: T467,464,5/11/26 06:45,39.76,
Plot Title: T468,465,5/11/26 07:00,40.881,
Plot Title: T469,466,5/11/26 07:15,41.625,
Plot Title: T470,467,5/11/26 07:30,42.732,
Plot Title: T471,468,5/11/26 07:45,42.732,
Plot Title: T472,469,5/11/26 08:00,42.732,
Plot Title: T473,470,5/11/26 08:15,43.282,
Plot Title: T474,471,5/11/26 08:30,43.282,
Plot Title: T475,472,5/11/26 08:45,43.648,
Plot Title: T476,473,5/11/26 09:00,43.648,
Plot Title: T477,474,5/11/26 09:15,44.379,
Plot Title: T478,475,5/11/26 09:30,44.013,
Plot Title: T479,476,5/11/26 09:45,43.648,
Plot Title: T480,477,5/11/26 10:00,43.648,
Plot Title: T481,478,5/11/26 10:15,43.831,
Plot Title: T482,479,5/11/26 10:30,44.742,
Plot Title: T483,480,5/11/26 10:45,44.56,
Plot Title: T484,481,5/11/26 11:00,44.56,
Plot Title: T485,482,5/11/26 11:15,44.56,
Plot Title: T486,483,5/11/26 11:30,44.742,
Plot Title: T487,484,5/11/26 11:45,46.369,
Plot Title: T488,485,5/11/26 12:00,59.508,
Plot Title: T489,486,5/11/26 12:15,65.851,
Plot Title: T490,487,5/11/26 12:30,68.934,
Plot Title: T491,488,5/11/26 12:45,70.308,
Plot Title: T492,489,5/11/26 13:00,62.769,
Plot Title: T493,490,5/11/26 13:15,57.614,
Plot Title: T494,491,5/11/26 13:30,55.364,
Plot Title: T495,492,5/11/26 13:45,53.623,
Plot Title: T496,493,5/11/26 14:00,52.401,
Plot Title: T497,494,5/11/26 14:15,51.523,
Plot Title: T498,495,5/11/26 14:30,50.995,
Plot Title: T499,496,5/11/26 14:45,50.466,
Plot Title: T500,497,5/11/26 15:00,50.29,
Plot Title: T501,498,5/11/26 15:15,50.113,
Plot Title: T502,499,5/11/26 15:30,50.466,
Plot Title: T503,500,5/11/26 15:45,53.623,
Plot Title: T504,501,5/11/26 16:00,52.576,
Plot Title: T505,502,5/11/26 16:15,51.346,
Plot Title: T506,503,5/11/26 16:30,50.29,
Plot Title: T507,504,5/11/26 16:45,49.582,
Plot Title: T508,505,5/11/26 17:00,48.871,
Plot Title: T509,506,5/11/26 17:15,48.16,
Plot Title: T510,507,5/11/26 17:30,47.446,
Plot Title: T511,508,5/11/26 17:45,46.908,
Plot Title: T512,509,5/11/26 18:00,46.548,
Plot Title: T513,510,5/11/26 18:15,46.188,
Plot Title: T514,511,5/11/26 18:30,45.828,
Plot Title: T515,512,5/11/26 18:45,45.466,
Plot Title: T516,513,5/11/26 19:00,45.104,
Plot Title: T517,514,5/11/26 19:15,44.742,
Plot Title: T518,515,5/11/26 19:30,44.379,
Plot Title: T519,516,5/11/26 19:45,44.013,
Plot Title: T520,517,5/11/26 20:00,43.648,
Plot Title: T521,518,5/11/26 20:15,43.282,
Plot Title: T522,519,5/11/26 20:30,42.915,
Plot Title: T523,520,5/11/26 20:45,42.363,
Plot Title: T524,521,5/11/26 21:00,41.994,
Plot Title: T525,522,5/11/26 21:15,41.625,
Plot Title: T526,523,5/11/26 21:30,41.254,
Plot Title: T527,524,5/11/26 21:45,40.881,
Plot Title: T528,525,5/11/26 22:00,40.509,
Plot Title: T529,526,5/11/26 22:15,40.321,
Plot Title: T530,527,5/11/26 22:30,40.134,
Plot Title: T531,528,5/11/26 22:45,39.76,
Plot Title: T532,529,5/11/26 23:00,39.573,
Plot Title: T533,530,5/11/26 23:15,39.384,
Plot Title: T534,531,5/11/26 23:30,39.196,
Plot Title: T535,532,5/11/26 23:45,39.007,
Plot Title: T536,533,5/12/26 00:00,38.818,
Plot Title: T537,534,5/12/26 00:15,38.629,
Plot Title: T538,535,5/12/26 00:30,38.44,
Plot Title: T539,536,5/12/26 00:45,38.25,
Plot Title: T540,537,5/12/26 01:00,38.061,
Plot Title: T541,538,5/12/26 01:15,37.87,
Plot Title: T542,539,5/12/26 01:30,37.87,
Plot Title: T543,540,5/12/26 01:45,37.679,
Plot Title: T544,541,5/12/26 02:00,37.488,
Plot Title: T545,542,5/12/26 02:15,37.297,
Plot Title: T546,543,5/12/26 02:30,37.107,
Plot Title: T547,544,5/12/26 02:45,37.107,
Plot Title: T548,545,5/12/26 03:00,36.914,
Plot Title: T549,546,5/12/26 03:15,36.723,
Plot Title: T550,547,5/12/26 03:30,36.723,
Plot Title: T551,548,5/12/26 03:45,36.531,
Plot Title: T552,549,5/12/26 04:00,36.531,
Plot Title: T553,550,5/12/26 04:15,36.338,
Plot Title: T554,551,5/12/26 04:30,36.338,
Plot Title: T555,552,5/12/26 04:45,36.338,
Plot Title: T556,553,5/12/26 05:00,36.145,
Plot Title: T557,554,5/12/26 05:15,35.951,
Plot Title: T558,555,5/12/26 05:30,35.951,
Plot Title: T559,556,5/12/26 05:45,35.951,
Plot Title: T560,557,5/12/26 06:00,35.758,
Plot Title: T561,558,5/12/26 06:15,35.951,
Plot Title: T562,559,5/12/26 06:30,36.723,
Plot Title: T563,560,5/12/26 06:45,38.061,
Plot Title: T564,561,5/12/26 07:00,42.732,
Plot Title: T565,562,5/12/26 07:15,46.369,
Plot Title: T566,563,5/12/26 07:30,46.548,
Plot Title: T567,564,5/12/26 07:45,44.56,
Plot Title: T568,565,5/12/26 08:00,43.282,
Plot Title: T569,566,5/12/26 08:15,43.099,
Plot Title: T570,567,5/12/26 08:30,42.732,
Plot Title: T571,568,5/12/26 08:45,42.548,
Plot Title: T572,569,5/12/26 09:00,43.282,
Plot Title: T573,570,5/12/26 09:15,43.282,
Plot Title: T574,571,5/12/26 09:30,42.915,
Plot Title: T575,572,5/12/26 09:45,42.915,
Plot Title: T576,573,5/12/26 10:00,42.915,
Plot Title: T577,574,5/12/26 10:15,42.915,
Plot Title: T578,575,5/12/26 10:30,43.466,
Plot Title: T579,576,5/12/26 10:45,43.466,
Plot Title: T580,577,5/12/26 11:00,43.282,
Plot Title: T581,578,5/12/26 11:15,43.282,
Plot Title: T582,579,5/12/26 11:30,43.466,
Plot Title: T583,580,5/12/26 11:45,44.922,
Plot Title: T584,581,5/12/26 12:00,57.268,
Plot Title: T585,582,5/12/26 12:15,62.769,
Plot Title: T586,583,5/12/26 12:30,66.708,
Plot Title: T587,584,5/12/26 12:45,68.077,
Plot Title: T588,585,5/12/26 13:00,61.569,
Plot Title: T589,586,5/12/26 13:15,57.785,
Plot Title: T590,587,5/12/26 13:30,55.884,
Plot Title: T591,588,5/12/26 13:45,54.322,
Plot Title: T592,589,5/12/26 14:00,53.1,
Plot Title: T593,590,5/12/26 14:15,52.225,
Plot Title: T594,591,5/12/26 14:30,51.523,
Plot Title: T595,592,5/12/26 14:45,50.819,
Plot Title: T596,593,5/12/26 15:00,50.29,
Plot Title: T597,594,5/12/26 15:15,50.466,
Plot Title: T598,595,5/12/26 15:30,50.995,
Plot Title: T599,596,5/12/26 15:45,55.884,
Plot Title: T600,597,5/12/26 16:00,53.798,
Plot Title: T601,598,5/12/26 16:15,51.874,
Plot Title: T602,599,5/12/26 16:30,50.466,
Plot Title: T603,600,5/12/26 16:45,49.582,
Plot Title: T604,601,5/12/26 17:00,49.05,
Plot Title: T605,602,5/12/26 17:15,48.517,
Plot Title: T606,603,5/12/26 17:30,48.16,
Plot Title: T607,604,5/12/26 17:45,47.802,
Plot Title: T608,605,5/12/26 18:00,47.624,
Plot Title: T609,606,5/12/26 18:15,47.266,
Plot Title: T610,607,5/12/26 18:30,47.088,
Plot Title: T611,608,5/12/26 18:45,47.088,
Plot Title: T612,609,5/12/26 19:00,46.908,
Plot Title: T613,610,5/12/26 19:15,46.728,
Plot Title: T614,611,5/12/26 19:30,46.548,
Plot Title: T615,612,5/12/26 19:45,46.548,
Plot Title: T616,613,5/12/26 20:00,46.188,
Plot Title: T617,614,5/12/26 20:15,46.008,
Plot Title: T618,615,5/12/26 20:30,45.466,
Plot Title: T619,616,5/12/26 20:45,44.922,
Plot Title: T620,617,5/12/26 21:00,44.56,
Plot Title: T621,618,5/12/26 21:15,44.379,
Plot Title: T622,619,5/12/26 21:30,44.195,
Plot Title: T623,620,5/12/26 21:45,43.831,
Plot Title: T624,621,5/12/26 22:00,43.648,
Plot Title: T625,622,5/12/26 22:15,43.466,
Plot Title: T626,623,5/12/26 22:30,43.282,
Plot Title: T627,624,5/12/26 22:45,43.099,
Plot Title: T628,625,5/12/26 23:00,43.099,
Plot Title: T629,626,5/12/26 23:15,42.915,
Plot Title: T630,627,5/12/26 23:30,42.915,
Plot Title: T631,628,5/12/26 23:45,42.732,
Plot Title: T632,629,5/13/26 00:00,42.732,
Plot Title: T633,630,5/13/26 00:15,42.732,
Plot Title: T634,631,5/13/26 00:30,42.548,
Plot Title: T635,632,5/13/26 00:45,42.548,
Plot Title: T636,633,5/13/26 01:00,42.548,
Plot Title: T637,634,5/13/26 01:15,42.548,
Plot Title: T638,635,5/13/26 01:30,42.548,
Plot Title: T639,636,5/13/26 01:45,42.363,
Plot Title: T640,637,5/13/26 02:00,42.548,
Plot Title: T641,638,5/13/26 02:15,42.732,
Plot Title: T642,639,5/13/26 02:30,42.732,
Plot Title: T643,640,5/13/26 02:45,42.915,
Plot Title: T644,641,5/13/26 03:00,42.732,
Plot Title: T645,642,5/13/26 03:15,43.282,
Plot Title: T646,643,5/13/26 03:30,43.466,
Plot Title: T647,644,5/13/26 03:45,43.282,
Plot Title: T648,645,5/13/26 04:00,43.282,
Plot Title: T649,646,5/13/26 04:15,43.099,
Plot Title: T650,647,5/13/26 04:30,42.915,
Plot Title: T651,648,5/13/26 04:45,42.915,
Plot Title: T652,649,5/13/26 05:00,42.915,
Plot Title: T653,650,5/13/26 05:15,42.915,
Plot Title: T654,651,5/13/26 05:30,42.915,
Plot Title: T655,652,5/13/26 05:45,43.099,
Plot Title: T656,653,5/13/26 06:00,43.099,
Plot Title: T657,654,5/13/26 06:15,43.282,
Plot Title: T658,655,5/13/26 06:30,43.282,
Plot Title: T659,656,5/13/26 06:45,43.282,
Plot Title: T660,657,5/13/26 07:00,46.369,
Plot Title: T661,658,5/13/26 07:15,48.871,
Plot Title: T662,659,5/13/26 07:30,48.871,
Plot Title: T663,660,5/13/26 07:45,47.982,
Plot Title: T664,661,5/13/26 08:00,47.266,
Plot Title: T665,662,5/13/26 08:15,47.446,
Plot Title: T666,663,5/13/26 08:30,47.446,
Plot Title: T667,664,5/13/26 08:45,47.266,
Plot Title: T668,665,5/13/26 09:00,48.695,
Plot Title: T669,666,5/13/26 09:15,48.16,
Plot Title: T670,667,5/13/26 09:30,47.802,
Plot Title: T671,668,5/13/26 09:45,47.802,
Plot Title: T672,669,5/13/26 10:00,47.982,
Plot Title: T673,670,5/13/26 10:15,48.16,
Plot Title: T674,671,5/13/26 10:30,48.517,
Plot Title: T675,672,5/13/26 10:45,48.695,
Plot Title: T676,673,5/13/26 11:00,48.871,
Plot Title: T677,674,5/13/26 11:15,49.228,
Plot Title: T678,675,5/13/26 11:30,49.404,
Plot Title: T679,676,5/13/26 11:45,51.699,
Plot Title: T680,677,5/13/26 12:00,62.94,
Plot Title: T681,678,5/13/26 12:15,64.652,
Plot Title: T682,679,5/13/26 12:30,67.564,
Plot Title: T683,680,5/13/26 12:45,69.793,
Plot Title: T684,681,5/13/26 13:00,65.167,
Plot Title: T685,682,5/13/26 13:15,60.539,
Plot Title: T686,683,5/13/26 13:30,58.82,
Plot Title: T687,684,5/13/26 13:45,57.785,
Plot Title: T688,685,5/13/26 14:00,56.75,
Plot Title: T689,686,5/13/26 14:15,56.23,
Plot Title: T690,687,5/13/26 14:30,56.23,
Plot Title: T691,688,5/13/26 14:45,56.23,
Plot Title: T692,689,5/13/26 15:00,56.23,
Plot Title: T693,690,5/13/26 15:15,56.23,
Plot Title: T694,691,5/13/26 15:30,56.23,
Plot Title: T695,692,5/13/26 15:45,56.577,
Plot Title: T696,693,5/13/26 16:00,56.75,
Plot Title: T697,694,5/13/26 16:15,56.057,
Plot Title: T698,695,5/13/26 16:30,55.189,
Plot Title: T699,696,5/13/26 16:45,54.669,
Plot Title: T700,697,5/13/26 17:00,53.973,
Plot Title: T701,698,5/13/26 17:15,53.274,
Plot Title: T702,699,5/13/26 17:30,52.925,
Plot Title: T703,700,5/13/26 17:45,52.576,
Plot Title: T704,701,5/13/26 18:00,52.925,
Plot Title: T705,702,5/13/26 18:15,52.225,
Plot Title: T706,703,5/13/26 18:30,52.225,
Plot Title: T707,704,5/13/26 18:45,51.346,
Plot Title: T708,705,5/13/26 19:00,50.29,
Plot Title: T709,706,5/13/26 19:15,49.937,
Plot Title: T710,707,5/13/26 19:30,49.582,
Plot Title: T711,708,5/13/26 19:45,49.05,
Plot Title: T712,709,5/13/26 20:00,48.871,
Plot Title: T713,710,5/13/26 20:15,48.517,
Plot Title: T714,711,5/13/26 20:30,45.104,
Plot Title: T715,712,5/13/26 20:45,45.286,
Plot Title: T716,713,5/13/26 21:00,44.922,
Plot Title: T717,714,5/13/26 21:15,44.195,
Plot Title: T718,715,5/13/26 21:30,43.466,
Plot Title: T719,716,5/13/26 21:45,42.732,
Plot Title: T720,717,5/13/26 22:00,41.994,
Plot Title: T721,718,5/13/26 22:15,41.625,
Plot Title: T722,719,5/13/26 22:30,41.067,
Plot Title: T723,720,5/13/26 22:45,40.696,
Plot Title: T724,721,5/13/26 23:00,40.321,
Plot Title: T725,722,5/13/26 23:15,39.947,
Plot Title: T726,723,5/13/26 23:30,39.384,
Plot Title: T727,724,5/13/26 23:45,38.818,
Plot Title: T728,725,5/14/26 00:00,38.25,
Plot Title: T729,726,5/14/26 00:15,37.87,
Plot Title: T730,727,5/14/26 00:30,37.488,
Plot Title: T731,728,5/14/26 00:45,37.297,
Plot Title: T732,729,5/14/26 01:00,36.914,
Plot Title: T733,730,5/14/26 01:15,36.531,
Plot Title: T734,731,5/14/26 01:30,36.338,
Plot Title: T735,732,5/14/26 01:45,36.338,
Plot Title: T736,733,5/14/26 02:00,36.338,
Plot Title: T737,734,5/14/26 02:15,36.145,
Plot Title: T738,735,5/14/26 02:30,36.145,
Plot Title: T739,736,5/14/26 02:45,35.951,
Plot Title: T740,737,5/14/26 03:00,35.758,
Plot Title: T741,738,5/14/26 03:15,35.758,
Plot Title: T742,739,5/14/26 03:30,35.564,
Plot Title: T743,740,5/14/26 03:45,35.37,
Plot Title: T744,741,5/14/26 04:00,35.175,
Plot Title: T745,742,5/14/26 04:15,35.175,
Plot Title: T746,743,5/14/26 04:30,34.981,
Plot Title: T747,744,5/14/26 04:45,34.981,
Plot Title: T748,745,5/14/26 05:00,34.786,
Plot Title: T749,746,5/14/26 05:15,34.786,
Plot Title: T750,747,5/14/26 05:30,34.59,
Plot Title: T751,748,5/14/26 05:45,34.394,
Plot Title: T752,749,5/14/26 06:00,34.394,
Plot Title: T753,750,5/14/26 06:15,34.394,
Plot Title: T754,751,5/14/26 06:30,34.198,
Plot Title: T755,752,5/14/26 06:45,34.198,
Plot Title: T756,753,5/14/26 07:00,34.394,
Plot Title: T757,754,5/14/26 07:15,35.564,
Plot Title: T758,755,5/14/26 07:30,37.488,
Plot Title: T759,756,5/14/26 07:45,38.25,
Plot Title: T760,757,5/14/26 08:00,38.061,
Plot Title: T761,758,5/14/26 08:15,38.629,
Plot Title: T762,759,5/14/26 08:30,38.629,
Plot Title: T763,760,5/14/26 08:45,38.25,
Plot Title: T764,761,5/14/26 09:00,39.196,
Plot Title: T765,762,5/14/26 09:15,39.007,
Plot Title: T766,763,5/14/26 09:30,38.629,
Plot Title: T767,764,5/14/26 09:45,39.007,
Plot Title: T768,765,5/14/26 10:00,39.76,
Plot Title: T769,766,5/14/26 10:15,39.573,
Plot Title: T770,767,5/14/26 10:30,39.573,
Plot Title: T771,768,5/14/26 10:45,39.573,
Plot Title: T772,769,5/14/26 11:00,39.573,
Plot Title: T773,770,5/14/26 11:15,39.384,
Plot Title: T774,771,5/14/26 11:30,39.196,
Plot Title: T775,772,5/14/26 11:45,42.179,
Plot Title: T776,773,5/14/26 12:00,55.017,
Plot Title: T777,774,5/14/26 12:15,61.398,
Plot Title: T778,775,5/14/26 12:30,64.652,
Plot Title: T779,776,5/14/26 12:45,64.139,
Plot Title: T780,777,5/14/26 13:00,56.057,
Plot Title: T781,778,5/14/26 13:15,51.523,
Plot Title: T782,779,5/14/26 13:30,49.228,
Plot Title: T783,780,5/14/26 13:45,48.339,
Plot Title: T784,781,5/14/26 14:00,47.982,
Plot Title: T785,782,5/14/26 14:15,47.802,
Plot Title: T786,783,5/14/26 14:30,47.088,
Plot Title: T787,784,5/14/26 14:45,46.548,
Plot Title: T788,785,5/14/26 15:00,46.908,
Plot Title: T789,786,5/14/26 15:15,48.16,
Plot Title: T790,787,5/14/26 15:30,48.871,
Plot Title: T791,788,5/14/26 15:45,49.937,
Plot Title: T792,789,5/14/26 16:00,49.404,
Plot Title: T793,790,5/14/26 16:15,48.695,
Plot Title: T794,791,5/14/26 16:30,48.695,
Plot Title: T795,792,5/14/26 16:45,48.339,
Plot Title: T796,793,5/14/26 17:00,47.446,
Plot Title: T797,794,5/14/26 17:15,47.088,
Plot Title: T798,795,5/14/26 17:30,46.908,
Plot Title: T799,796,5/14/26 17:45,46.369,
Plot Title: T800,797,5/14/26 18:00,46.008,
Plot Title: T801,798,5/14/26 18:15,45.466,
Plot Title: T802,799,5/14/26 18:30,45.104,
Plot Title: T803,800,5/14/26 18:45,44.922,
Plot Title: T804,801,5/14/26 19:00,44.56,
Plot Title: T805,802,5/14/26 19:15,44.195,
Plot Title: T806,803,5/14/26 19:30,44.013,
Plot Title: T807,804,5/14/26 19:45,43.648,
Plot Title: T808,805,5/14/26 20:00,43.282,
Plot Title: T809,806,5/14/26 20:15,42.732,
Plot Title: T810,807,5/14/26 20:30,42.363,
Plot Title: T811,808,5/14/26 20:45,41.994,
Plot Title: T812,809,5/14/26 21:00,41.625,
Plot Title: T813,810,5/14/26 21:15,41.254,
Plot Title: T814,811,5/14/26 21:30,41.067,
Plot Title: T815,812,5/14/26 21:45,40.881,
Plot Title: T816,813,5/14/26 22:00,40.696,
Plot Title: T817,814,5/14/26 22:15,40.509,
Plot Title: T818,815,5/14/26 22:30,40.509,
Plot Title: T819,816,5/14/26 22:45,40.321,
Plot Title: T820,817,5/14/26 23:00,40.134,
Plot Title: T821,818,5/14/26 23:15,39.947,
Plot Title: T822,819,5/14/26 23:30,39.76,
Plot Title: T823,820,5/14/26 23:45,39.573,
Plot Title: T824,821,5/15/26 00:00,39.196,
Plot Title: T825,822,5/15/26 00:15,38.818,
Plot Title: T826,823,5/15/26 00:30,38.629,
Plot Title: T827,824,5/15/26 00:45,38.061,
Plot Title: T828,825,5/15/26 01:00,37.488,
Plot Title: T829,826,5/15/26 01:15,36.914,
Plot Title: T830,827,5/15/26 01:30,36.531,
Plot Title: T831,828,5/15/26 01:45,36.145,
Plot Title: T832,829,5/15/26 02:00,35.758,
Plot Title: T833,830,5/15/26 02:15,35.564,
Plot Title: T834,831,5/15/26 02:30,35.37,
Plot Title: T835,832,5/15/26 02:45,35.175,
Plot Title: T836,833,5/15/26 03:00,34.981,
Plot Title: T837,834,5/15/26 03:15,34.786,
Plot Title: T838,835,5/15/26 03:30,34.59,
Plot Title: T839,836,5/15/26 03:45,34.59,
Plot Title: T840,837,5/15/26 04:00,34.394,
Plot Title: T841,838,5/15/26 04:15,34.394,
Plot Title: T842,839,5/15/26 04:30,34.394,
Plot Title: T843,840,5/15/26 04:45,34.394,
Plot Title: T844,841,5/15/26 05:00,34.394,
Plot Title: T845,842,5/15/26 05:15,34.394,
Plot Title: T846,843,5/15/26 05:30,34.394,
Plot Title: T847,844,5/15/26 05:45,34.198,
Plot Title: T848,845,5/15/26 06:00,34.198,
Plot Title: T849,846,5/15/26 06:15,34.198,
Plot Title: T850,847,5/15/26 06:30,34.394,
Plot Title: T851,848,5/15/26 06:45,34.59,
Plot Title: T852,849,5/15/26 07:00,34.786,
Plot Title: T853,850,5/15/26 07:15,36.914,
Plot Title: T854,851,5/15/26 07:30,39.384,
Plot Title: T855,852,5/15/26 07:45,38.818,
Plot Title: T856,853,5/15/26 08:00,38.44,
Plot Title: T857,854,5/15/26 08:15,39.196,
Plot Title: T858,855,5/15/26 08:30,39.384,
Plot Title: T859,856,5/15/26 08:45,38.818,
Plot Title: T860,857,5/15/26 09:00,39.76,
Plot Title: T861,858,5/15/26 09:15,39.947,
Plot Title: T862,859,5/15/26 09:30,39.573,
Plot Title: T863,860,5/15/26 09:45,39.384,
Plot Title: T864,861,5/15/26 10:00,39.196,
Plot Title: T865,862,5/15/26 10:15,39.007,
Plot Title: T866,863,5/15/26 10:30,39.384,
Plot Title: T867,864,5/15/26 10:45,39.76,
Plot Title: T868,865,5/15/26 11:00,39.384,
Plot Title: T869,866,5/15/26 11:15,39.196,
Plot Title: T870,867,5/15/26 11:30,39.384,
Plot Title: T871,868,5/15/26 11:45,44.922,
Plot Title: T872,869,5/15/26 12:00,57.096,
Plot Title: T873,870,5/15/26 12:15,62.254,
Plot Title: T874,871,5/15/26 12:30,66.022,
Plot Title: T875,872,5/15/26 12:45,64.825,
Plot Title: T876,873,5/15/26 13:00,56.577,
Plot Title: T877,874,5/15/26 13:15,52.225,
Plot Title: T878,875,5/15/26 13:30,50.113,
Plot Title: T879,876,5/15/26 13:45,48.517,
Plot Title: T880,877,5/15/26 14:00,48.16,
Plot Title: T881,878,5/15/26 14:15,48.517,
Plot Title: T882,879,5/15/26 14:30,48.871,
Plot Title: T883,880,5/15/26 14:45,48.695,
Plot Title: T884,881,5/15/26 15:00,48.339,
Plot Title: T885,882,5/15/26 15:15,47.982,
Plot Title: T886,883,5/15/26 15:30,50.113,
Plot Title: T887,884,5/15/26 15:45,54.322,
Plot Title: T888,885,5/15/26 16:00,52.225,
Plot Title: T889,886,5/15/26 16:15,50.113,
Plot Title: T890,887,5/15/26 16:30,48.517,
Plot Title: T891,888,5/15/26 16:45,48.339,
Plot Title: T892,889,5/15/26 17:00,48.339,
Plot Title: T893,890,5/15/26 17:15,48.16,
Plot Title: T894,891,5/15/26 17:30,48.16,
Plot Title: T895,892,5/15/26 17:45,47.982,
Plot Title: T896,893,5/15/26 18:00,47.624,
Plot Title: T897,894,5/15/26 18:15,47.088,
Plot Title: T898,895,5/15/26 18:30,46.369,
Plot Title: T899,896,5/15/26 18:45,45.648,
Plot Title: T900,897,5/15/26 19:00,45.286,
Plot Title: T901,898,5/15/26 19:15,44.922,
Plot Title: T902,899,5/15/26 19:30,44.56,
Plot Title: T903,900,5/15/26 19:45,43.831,
Plot Title: T904,901,5/15/26 20:00,43.282,
Plot Title: T905,902,5/15/26 20:15,42.548,
Plot Title: T906,903,5/15/26 20:30,42.179,
Plot Title: T907,904,5/15/26 20:45,41.625,
Plot Title: T908,905,5/15/26 21:00,41.067,
Plot Title: T909,906,5/15/26 21:15,40.881,
Plot Title: T910,907,5/15/26 21:30,40.509,
Plot Title: T911,908,5/15/26 21:45,40.134,
Plot Title: T912,909,5/15/26 22:00,39.947,
Plot Title: T913,910,5/15/26 22:15,39.76,
Plot Title: T914,911,5/15/26 22:30,39.384,
Plot Title: T915,912,5/15/26 22:45,39.384,
Plot Title: T916,913,5/15/26 23:00,39.007,
Plot Title: T917,914,5/15/26 23:15,38.818,
Plot Title: T918,915,5/15/26 23:30,38.629,
Plot Title: T919,916,5/15/26 23:45,38.25,
Plot Title: T920,917,5/16/26 00:00,38.061,
Plot Title: T921,918,5/16/26 00:15,37.87,
Plot Title: T922,919,5/16/26 00:30,37.679,
Plot Title: T923,920,5/16/26 00:45,37.488,
Plot Title: T924,921,5/16/26 01:00,37.297,
Plot Title: T925,922,5/16/26 01:15,37.107,
Plot Title: T926,923,5/16/26 01:30,37.107,
Plot Title: T927,924,5/16/26 01:45,36.914,
Plot Title: T928,925,5/16/26 02:00,36.914,
Plot Title: T929,926,5/16/26 02:15,36.723,
Plot Title: T930,927,5/16/26 02:30,36.531,
Plot Title: T931,928,5/16/26 02:45,36.338,
Plot Title: T932,929,5/16/26 03:00,36.338,
Plot Title: T933,930,5/16/26 03:15,36.145,
Plot Title: T934,931,5/16/26 03:30,35.951,
Plot Title: T935,932,5/16/26 03:45,35.758,
Plot Title: T936,933,5/16/26 04:00,35.758,
Plot Title: T937,934,5/16/26 04:15,35.758,
Plot Title: T938,935,5/16/26 04:30,35.951,
Plot Title: T939,936,5/16/26 04:45,35.951,
Plot Title: T940,937,5/16/26 05:00,35.951,
Plot Title: T941,938,5/16/26 05:15,35.951,
Plot Title: T942,939,5/16/26 05:30,36.145,
Plot Title: T943,940,5/16/26 05:45,35.951,
Plot Title: T944,941,5/16/26 06:00,35.951,
Plot Title: T945,942,5/16/26 06:15,35.951,
Plot Title: T946,943,5/16/26 06:30,35.951,
Plot Title: T947,944,5/16/26 06:45,36.145,
Plot Title: T948,945,5/16/26 07:00,36.338,
Plot Title: T949,946,5/16/26 07:15,36.723,
Plot Title: T950,947,5/16/26 07:30,36.914,
Plot Title: T951,948,5/16/26 07:45,37.297,
Plot Title: T952,949,5/16/26 08:00,37.679,
Plot Title: T953,950,5/16/26 08:15,37.87,
Plot Title: T954,951,5/16/26 08:30,38.629,
Plot Title: T955,952,5/16/26 08:45,38.818,
Plot Title: T956,953,5/16/26 09:00,40.321,
Plot Title: T957,954,5/16/26 09:15,41.254,
Plot Title: T958,955,5/16/26 09:30,41.81,
Plot Title: T959,956,5/16/26 09:45,41.254,
Plot Title: T960,957,5/16/26 10:00,42.179,
Plot Title: T961,958,5/16/26 10:15,42.363,
Plot Title: T962,959,5/16/26 10:30,42.548,
Plot Title: T963,960,5/16/26 10:45,43.282,
Plot Title: T964,961,5/16/26 11:00,44.195,
Plot Title: T965,962,5/16/26 11:15,44.922,
Plot Title: T966,963,5/16/26 11:30,45.648,
Plot Title: T967,964,5/16/26 11:45,48.871,
Plot Title: T968,965,5/16/26 12:00,49.582,
Plot Title: T969,966,5/16/26 12:15,50.995,
Plot Title: T970,967,5/16/26 12:30,50.29,
Plot Title: T971,968,5/16/26 12:45,49.582,
Plot Title: T972,969,5/16/26 13:00,48.695,
Plot Title: T973,970,5/16/26 13:15,48.339,
Plot Title: T974,971,5/16/26 13:30,47.088,
Plot Title: T975,972,5/16/26 13:45,46.548,
Plot Title: T976,973,5/16/26 14:00,47.088,
Plot Title: T977,974,5/16/26 14:15,47.088,
Plot Title: T978,975,5/16/26 14:30,46.188,
Plot Title: T979,976,5/16/26 14:45,46.188,
Plot Title: T980,977,5/16/26 15:00,44.742,
Plot Title: T981,978,5/16/26 15:15,41.994,
Plot Title: T982,979,5/16/26 15:30,40.509,
Plot Title: T983,980,5/16/26 15:45,39.573,
Plot Title: T984,981,5/16/26 16:00,39.007,
Plot Title: T985,982,5/16/26 16:15,38.818,
Plot Title: T986,983,5/16/26 16:30,38.629,
Plot Title: T987,984,5/16/26 16:45,38.44,
Plot Title: T988,985,5/16/26 17:00,38.061,
Plot Title: T989,986,5/16/26 17:15,37.87,
Plot Title: T990,987,5/16/26 17:30,37.87,
Plot Title: T991,988,5/16/26 17:45,37.488,
Plot Title: T992,989,5/16/26 18:00,37.107,
Plot Title: T993,990,5/16/26 18:15,36.914,
Plot Title: T994,991,5/16/26 18:30,36.531,
Plot Title: T995,992,5/16/26 18:45,36.531,
Plot Title: T996,993,5/16/26 19:00,36.531,
Plot Title: T997,994,5/16/26 19:15,36.338,
Plot Title: T998,995,5/16/26 19:30,36.338,
Plot Title: T999,996,5/16/26 19:45,36.338,
Plot Title: T1000,997,5/16/26 20:00,36.145,
Plot Title: T1001,998,5/16/26 20:15,36.145,
Plot Title: T1002,999,5/16/26 20:30,36.145,
Plot Title: T1003,1000,5/16/26 20:45,35.951,
Plot Title: T1004,1001,5/16/26 21:00,35.951,
Plot Title: T1005,1002,5/16/26 21:15,35.951,
Plot Title: T1006,1003,5/16/26 21:30,35.951,
Plot Title: T1007,1004,5/16/26 21:45,35.758,
Plot Title: T1008,1005,5/16/26 22:00,35.758,
Plot Title: T1009,1006,5/16/26 22:15,35.758,
Plot Title: T1010,1007,5/16/26 22:30,35.758,
Plot Title: T1011,1008,5/16/26 22:45,35.758,
Plot Title: T1012,1009,5/16/26 23:00,35.758,
Plot Title: T1013,1010,5/16/26 23:15,35.758,
Plot Title: T1014,1011,5/16/26 23:30,35.564,
Plot Title: T1015,1012,5/16/26 23:45,35.564,
Plot Title: T1016,1013,5/17/26 00:00,35.564,
Plot Title: T1017,1014,5/17/26 00:15,35.564,
Plot Title: T1018,1015,5/17/26 00:30,35.564,
Plot Title: T1019,1016,5/17/26 00:45,35.564,
Plot Title: T1020,1017,5/17/26 01:00,35.564,
Plot Title: T1021,1018,5/17/26 01:15,35.564,
Plot Title: T1022,1019,5/17/26 01:30,35.37,
Plot Title: T1023,1020,5/17/26 01:45,35.37,
Plot Title: T1024,1021,5/17/26 02:00,35.37,
Plot Title: T1025,1022,5/17/26 02:15,35.37,
Plot Title: T1026,1023,5/17/26 02:30,35.37,
Plot Title: T1027,1024,5/17/26 02:45,35.37,
Plot Title: T1028,1025,5/17/26 03:00,35.37,
Plot Title: T1029,1026,5/17/26 03:15,35.37,
Plot Title: T1030,1027,5/17/26 03:30,35.37,
Plot Title: T1031,1028,5/17/26 03:45,35.37,
Plot Title: T1032,1029,5/17/26 04:00,35.175,
Plot Title: T1033,1030,5/17/26 04:15,35.175,
Plot Title: T1034,1031,5/17/26 04:30,35.175,
Plot Title: T1035,1032,5/17/26 04:45,35.175,
Plot Title: T1036,1033,5/17/26 05:00,35.175,
Plot Title: T1037,1034,5/17/26 05:15,35.175,
Plot Title: T1038,1035,5/17/26 05:30,35.175,
Plot Title: T1039,1036,5/17/26 05:45,35.175,
Plot Title: T1040,1037,5/17/26 06:00,35.175,
Plot Title: T1041,1038,5/17/26 06:15,35.175,
Plot Title: T1042,1039,5/17/26 06:30,34.981,
Plot Title: T1043,1040,5/17/26 06:45,34.981,
Plot Title: T1044,1041,5/17/26 07:00,34.981,
Plot Title: T1045,1042,5/17/26 07:15,34.981,
Plot Title: T1046,1043,5/17/26 07:30,34.981,
Plot Title: T1047,1044,5/17/26 07:45,34.981,
Plot Title: T1048,1045,5/17/26 08:00,34.981,
Plot Title: T1049,1046,5/17/26 08:15,34.981,
Plot Title: T1050,1047,5/17/26 08:30,34.981,
Plot Title: T1051,1048,5/17/26 08:45,34.981,
Plot Title: T1052,1049,5/17/26 09:00,34.981,
Plot Title: T1053,1050,5/17/26 09:15,34.981,
Plot Title: T1054,1051,5/17/26 09:30,34.981,
Plot Title: T1055,1052,5/17/26 09:45,34.981,
Plot Title: T1056,1053,5/17/26 10:00,34.981,
Plot Title: T1057,1054,5/17/26 10:15,34.981,
Plot Title: T1058,1055,5/17/26 10:30,34.981,
Plot Title: T1059,1056,5/17/26 10:45,34.981,
Plot Title: T1060,1057,5/17/26 11:00,34.981,
Plot Title: T1061,1058,5/17/26 11:15,34.981,
Plot Title: T1062,1059,5/17/26 11:30,34.981,
Plot Title: T1063,1060,5/17/26 11:45,34.981,
Plot Title: T1064,1061,5/17/26 12:00,34.981,
Plot Title: T1065,1062,5/17/26 12:15,34.981,
Plot Title: T1066,1063,5/17/26 12:30,34.981,
Plot Title: T1067,1064,5/17/26 12:45,34.981,
Plot Title: T1068,1065,5/17/26 13:00,34.786,
Plot Title: T1069,1066,5/17/26 13:15,34.786,
Plot Title: T1070,1067,5/17/26 13:30,34.786,
Plot Title: T1071,1068,5/17/26 13:45,34.786,
Plot Title: T1072,1069,5/17/26 14:00,34.59,
Plot Title: T1073,1070,5/17/26 14:15,34.59,
Plot Title: T1074,1071,5/17/26 14:30,34.59,
Plot Title: T1075,1072,5/17/26 14:45,34.59,
Plot Title: T1076,1073,5/17/26 15:00,34.59,
Plot Title: T1077,1074,5/17/26 15:15,34.59,
Plot Title: T1078,1075,5/17/26 15:30,34.59,
Plot Title: T1079,1076,5/17/26 15:45,34.59,
Plot Title: T1080,1077,5/17/26 16:00,34.59,
Plot Title: T1081,1078,5/17/26 16:15,34.59,
Plot Title: T1082,1079,5/17/26 16:30,34.59,
Plot Title: T1083,1080,5/17/26 16:45,34.59,
Plot Title: T1084,1081,5/17/26 17:00,34.59,
Plot Title: T1085,1082,5/17/26 17:15,34.59,
Plot Title: T1086,1083,5/17/26 17:30,34.59,
Plot Title: T1087,1084,5/17/26 17:45,34.59,
Plot Title: T1088,1085,5/17/26 18:00,34.59,
Plot Title: T1089,1086,5/17/26 18:15,34.59,
Plot Title: T1090,1087,5/17/26 18:30,34.59,
Plot Title: T1091,1088,5/17/26 18:45,34.59,
Plot Title: T1092,1089,5/17/26 19:00,34.59,
Plot Title: T1093,1090,5/17/26 19:15,34.59,
Plot Title: T1094,1091,5/17/26 19:30,34.59,
Plot Title: T1095,1092,5/17/26 19:45,34.59,
Plot Title: T1096,1093,5/17/26 20:00,34.59,
Plot Title: T1097,1094,5/17/26 20:15,34.59,
Plot Title: T1098,1095,5/17/26 20:30,34.59,
Plot Title: T1099,1096,5/17/26 20:45,34.59,
Plot Title: T1100,1097,5/17/26 21:00,34.59,
Plot Title: T1101,1098,5/17/26 21:15,34.59,
Plot Title: T1102,1099,5/17/26 21:30,34.59,
Plot Title: T1103,1100,5/17/26 21:45,34.59,
Plot Title: T1104,1101,5/17/26 22:00,34.59,
Plot Title: T1105,1102,5/17/26 22:15,34.59,
Plot Title: T1106,1103,5/17/26 22:30,34.59,
Plot Title: T1107,1104,5/17/26 22:45,34.59,
Plot Title: T1108,1105,5/17/26 23:00,34.394,
Plot Title: T1109,1106,5/17/26 23:15,34.59,
Plot Title: T1110,1107,5/17/26 23:30,34.394,
Plot Title: T1111,1108,5/17/26 23:45,34.394,
Plot Title: T1112,1109,5/18/26 00:00,34.59,
Plot Title: T1113,1110,5/18/26 00:15,34.394,
Plot Title: T1114,1111,5/18/26 00:30,34.59,
Plot Title: T1115,1112,5/18/26 00:45,34.394,
Plot Title: T1116,1113,5/18/26 01:00,34.394,
Plot Title: T1117,1114,5/18/26 01:15,34.394,
Plot Title: T1118,1115,5/18/26 01:30,34.394,
Plot Title: T1119,1116,5/18/26 01:45,34.394,
Plot Title: T1120,1117,5/18/26 02:00,34.394,
Plot Title: T1121,1118,5/18/26 02:15,34.394,
Plot Title: T1122,1119,5/18/26 02:30,34.394,
Plot Title: T1123,1120,5/18/26 02:45,34.394,
Plot Title: T1124,1121,5/18/26 03:00,34.394,
Plot Title: T1125,1122,5/18/26 03:15,34.394,
Plot Title: T1126,1123,5/18/26 03:30,34.394,
Plot Title: T1127,1124,5/18/26 03:45,34.394,
Plot Title: T1128,1125,5/18/26 04:00,34.394,
Plot Title: T1129,1126,5/18/26 04:15,34.394,
Plot Title: T1130,1127,5/18/26 04:30,34.394,
Plot Title: T1131,1128,5/18/26 04:45,34.394,
Plot Title: T1132,1129,5/18/26 05:00,34.394,
Plot Title: T1133,1130,5/18/26 05:15,34.394,
Plot Title: T1134,1131,5/18/26 05:30,34.394,
Plot Title: T1135,1132,5/18/26 05:45,34.198,
Plot Title: T1136,1133,5/18/26 06:00,34.198,
Plot Title: T1137,1134,5/18/26 06:15,34.198,
Plot Title: T1138,1135,5/18/26 06:30,34.198,
Plot Title: T1139,1136,5/18/26 06:45,34.198,
Plot Title: T1140,1137,5/18/26 07:00,34.198,
Plot Title: T1141,1138,5/18/26 07:15,34.198,
Plot Title: T1142,1139,5/18/26 07:30,34.198,
Plot Title: T1143,1140,5/18/26 07:45,34.198,
Plot Title: T1144,1141,5/18/26 08:00,34.198,
Plot Title: T1145,1142,5/18/26 08:15,34.198,
Plot Title: T1146,1143,5/18/26 08:30,34.198,
Plot Title: T1147,1144,5/18/26 08:45,34.198,
Plot Title: T1148,1145,5/18/26 09:00,34.198,
Plot Title: T1149,1146,5/18/26 09:15,34.198,
Plot Title: T1150,1147,5/18/26 09:30,34.198,
Plot Title: T1151,1148,5/18/26 09:45,34.198,
Plot Title: T1152,1149,5/18/26 10:00,34.198,
Plot Title: T1153,1150,5/18/26 10:15,34.198,
Plot Title: T1154,1151,5/18/26 10:30,34.198,
Plot Title: T1155,1152,5/18/26 10:45,34.198,
Plot Title: T1156,1153,5/18/26 11:00,34.198,
Plot Title: T1157,1154,5/18/26 11:15,34.198,
Plot Title: T1158,1155,5/18/26 11:30,34.198,
Plot Title: T1159,1156,5/18/26 11:45,34.198,
Plot Title: T1160,1157,5/18/26 12:00,34.198,
Plot Title: T1161,1158,5/18/26 12:15,34.198,
Plot Title: T1162,1159,5/18/26 12:30,34.394,
Plot Title: T1163,1160,5/18/26 12:45,34.394,
Plot Title: T1164,1161,5/18/26 13:00,34.394,
Plot Title: T1165,1162,5/18/26 13:15,34.198,
Plot Title: T1166,1163,5/18/26 13:30,34.394,
Plot Title: T1167,1164,5/18/26 13:45,34.394,
Plot Title: T1168,1165,5/18/26 14:00,34.394,
Plot Title: T1169,1166,5/18/26 14:15,34.394,
Plot Title: T1170,1167,5/18/26 14:30,34.394,
Plot Title: T1171,1168,5/18/26 14:45,34.394,
Plot Title: T1172,1169,5/18/26 15:00,34.394,
Plot Title: T1173,1170,5/18/26 15:15,34.394,
Plot Title: T1174,1171,5/18/26 15:30,34.394,
Plot Title: T1175,1172,5/18/26 15:45,34.394,
Plot Title: T1176,1173,5/18/26 16:00,34.394,
Plot Title: T1177,1174,5/18/26 16:15,34.198,
Plot Title: T1178,1175,5/18/26 16:30,34.198,
Plot Title: T1179,1176,5/18/26 16:45,34.198,
Plot Title: T1180,1177,5/18/26 17:00,34.198,
Plot Title: T1181,1178,5/18/26 17:15,34.198,
Plot Title: T1182,1179,5/18/26 17:30,34.198,
Plot Title: T1183,1180,5/18/26 17:45,34.198,
Plot Title: T1184,1181,5/18/26 18:00,34.198,
Plot Title: T1185,1182,5/18/26 18:15,34.198,
Plot Title: T1186,1183,5/18/26 18:30,34.002,
Plot Title: T1187,1184,5/18/26 18:45,34.002,
Plot Title: T1188,1185,5/18/26 19:00,34.002,
Plot Title: T1189,1186,5/18/26 19:15,34.002,
Plot Title: T1190,1187,5/18/26 19:30,34.002,
Plot Title: T1191,1188,5/18/26 19:45,34.002,
Plot Title: T1192,1189,5/18/26 20:00,34.002,
Plot Title: T1193,1190,5/18/26 20:15,34.002,
Plot Title: T1194,1191,5/18/26 20:30,34.002,
Plot Title: T1195,1192,5/18/26 20:45,34.002,
Plot Title: T1196,1193,5/18/26 21:00,33.805,
Plot Title: T1197,1194,5/18/26 21:15,33.805,
Plot Title: T1198,1195,5/18/26 21:30,33.805,
Plot Title: T1199,1196,5/18/26 21:45,33.805,
Plot Title: T1200,1197,5/18/26 22:00,33.805,
Plot Title: T1201,1198,5/18/26 22:15,33.805,
Plot Title: T1202,1199,5/18/26 22:30,33.607,
Plot Title: T1203,1200,5/18/26 22:45,33.607,
Plot Title: T1204,1201,5/18/26 23:00,33.607,
Plot Title: T1205,1202,5/18/26 23:15,33.607,
Plot Title: T1206,1203,5/18/26 23:30,33.411,
Plot Title: T1207,1204,5/18/26 23:45,33.411,
Plot Title: T1208,1205,5/19/26 00:00,33.411,
Plot Title: T1209,1206,5/19/26 00:15,33.411,
Plot Title: T1210,1207,5/19/26 00:30,33.411,
Plot Title: T1211,1208,5/19/26 00:45,33.411,
Plot Title: T1212,1209,5/19/26 01:00,33.411,
Plot Title: T1213,1210,5/19/26 01:15,33.411,
Plot Title: T1214,1211,5/19/26 01:30,33.213,
Plot Title: T1215,1212,5/19/26 01:45,33.213,
Plot Title: T1216,1213,5/19/26 02:00,33.213,
Plot Title: T1217,1214,5/19/26 02:15,33.213,
Plot Title: T1218,1215,5/19/26 02:30,33.213,
Plot Title: T1219,1216,5/19/26 02:45,33.213,
Plot Title: T1220,1217,5/19/26 03:00,33.213,
Plot Title: T1221,1218,5/19/26 03:15,33.213,
Plot Title: T1222,1219,5/19/26 03:30,33.213,
Plot Title: T1223,1220,5/19/26 03:45,33.213,
Plot Title: T1224,1221,5/19/26 04:00,33.213,
Plot Title: T1225,1222,5/19/26 04:15,33.013,
Plot Title: T1226,1223,5/19/26 04:30,33.013,
Plot Title: T1227,1224,5/19/26 04:45,33.013,
Plot Title: T1228,1225,5/19/26 05:00,33.013,
Plot Title: T1229,1226,5/19/26 05:15,33.013,
Plot Title: T1230,1227,5/19/26 05:30,33.013,
Plot Title: T1231,1228,5/19/26 05:45,33.013,
Plot Title: T1232,1229,5/19/26 06:00,33.013,
Plot Title: T1233,1230,5/19/26 06:15,33.013,
Plot Title: T1234,1231,5/19/26 06:30,33.013,
Plot Title: T1235,1232,5/19/26 06:45,33.013,
Plot Title: T1236,1233,5/19/26 07:00,33.013,
Plot Title: T1237,1234,5/19/26 07:15,33.013,
Plot Title: T1238,1235,5/19/26 07:30,33.013,
Plot Title: T1239,1236,5/19/26 07:45,33.013,
Plot Title: T1240,1237,5/19/26 08:00,33.013,
Plot Title: T1241,1238,5/19/26 08:15,33.013,
Plot Title: T1242,1239,5/19/26 08:30,33.013,
Plot Title: T1243,1240,5/19/26 08:45,33.013,
Plot Title: T1244,1241,5/19/26 09:00,33.013,
Plot Title: T1245,1242,5/19/26 09:15,33.013,
Plot Title: T1246,1243,5/19/26 09:30,33.013,
Plot Title: T1247,1244,5/19/26 09:45,33.013,
Plot Title: T1248,1245,5/19/26 10:00,33.013,
Plot Title: T1249,1246,5/19/26 10:15,33.013,
Plot Title: T1250,1247,5/19/26 10:30,33.013,
Plot Title: T1251,1248,5/19/26 10:45,33.013,
Plot Title: T1252,1249,5/19/26 11:00,33.013,
Plot Title: T1253,1250,5/19/26 11:15,33.013,
Plot Title: T1254,1251,5/19/26 11:30,33.013,
Plot Title: T1255,1252,5/19/26 11:45,33.213,
Plot Title: T1256,1253,5/19/26 12:00,33.213,
Plot Title: T1257,1254,5/19/26 12:15,33.411,
Plot Title: T1258,1255,5/19/26 12:30,33.411,
Plot Title: T1259,1256,5/19/26 12:45,33.607,
Plot Title: T1260,1257,5/19/26 13:00,33.607,
Plot Title: T1261,1258,5/19/26 13:15,33.607,
Plot Title: T1262,1259,5/19/26 13:30,33.607,
Plot Title: T1263,1260,5/19/26 13:45,33.607,
Plot Title: T1264,1261,5/19/26 14:00,33.607,
Plot Title: T1265,1262,5/19/26 14:15,33.607,
Plot Title: T1266,1263,5/19/26 14:30,33.607,
Plot Title: T1267,1264,5/19/26 14:45,33.607,
Plot Title: T1268,1265,5/19/26 15:00,33.607,
Plot Title: T1269,1266,5/19/26 15:15,33.607,
Plot Title: T1270,1267,5/19/26 15:30,33.607,
Plot Title: T1271,1268,5/19/26 15:45,33.607,
Plot Title: T1272,1269,5/19/26 16:00,33.805,
Plot Title: T1273,1270,5/19/26 16:15,33.805,
Plot Title: T1274,1271,5/19/26 16:30,33.805,
Plot Title: T1275,1272,5/19/26 16:45,33.805,
Plot Title: T1276,1273,5/19/26 17:00,33.805,
Plot Title: T1277,1274,5/19/26 17:15,33.805,
Plot Title: T1278,1275,5/19/26 17:30,33.805,
Plot Title: T1279,1276,5/19/26 17:45,33.805,
Plot Title: T1280,1277,5/19/26 18:00,33.805,
Plot Title: T1281,1278,5/19/26 18:15,33.805,
Plot Title: T1282,1279,5/19/26 18:30,33.805,
Plot Title: T1283,1280,5/19/26 18:45,33.805,
Plot Title: T1284,1281,5/19/26 19:00,33.805,
Plot Title: T1285,1282,5/19/26 19:15,33.805,
Plot Title: T1286,1283,5/19/26 19:30,33.805,
Plot Title: T1287,1284,5/19/26 19:45,33.805,
Plot Title: T1288,1285,5/19/26 20:00,33.805,
Plot Title: T1289,1286,5/19/26 20:15,33.805,
Plot Title: T1290,1287,5/19/26 20:30,33.805,
Plot Title: T1291,1288,5/19/26 20:45,33.607,
Plot Title: T1292,1289,5/19/26 21:00,33.607,
Plot Title: T1293,1290,5/19/26 21:15,33.607,
Plot Title: T1294,1291,5/19/26 21:30,33.607,
Plot Title: T1295,1292,5/19/26 21:45,33.607,
Plot Title: T1296,1293,5/19/26 22:00,33.607,
Plot Title: T1297,1294,5/19/26 22:15,33.607,
Plot Title: T1298,1295,5/19/26 22:30,33.607,
Plot Title: T1299,1296,5/19/26 22:45,33.607,
Plot Title: T1300,1297,5/19/26 23:00,33.607,
Plot Title: T1301,1298,5/19/26 23:15,33.607,
Plot Title: T1302,1299,5/19/26 23:30,33.607,
Plot Title: T1303,1300,5/19/26 23:45,33.411,
Plot Title: T1304,1301,5/20/26 00:00,33.411,
Plot Title: T1305,1302,5/20/26 00:15,33.411,
Plot Title: T1306,1303,5/20/26 00:30,33.411,
Plot Title: T1307,1304,5/20/26 00:45,33.411,
Plot Title: T1308,1305,5/20/26 01:00,33.411,
Plot Title: T1309,1306,5/20/26 01:15,33.411,
Plot Title: T1310,1307,5/20/26 01:30,33.213,
Plot Title: T1311,1308,5/20/26 01:45,33.213,
Plot Title: T1312,1309,5/20/26 02:00,33.213,
Plot Title: T1313,1310,5/20/26 02:15,33.213,
Plot Title: T1314,1311,5/20/26 02:30,33.213,
Plot Title: T1315,1312,5/20/26 02:45,33.213,
Plot Title: T1316,1313,5/20/26 03:00,33.213,
Plot Title: T1317,1314,5/20/26 03:15,33.013,
Plot Title: T1318,1315,5/20/26 03:30,33.013,
Plot Title: T1319,1316,5/20/26 03:45,33.013,
Plot Title: T1320,1317,5/20/26 04:00,33.013,
Plot Title: T1321,1318,5/20/26 04:15,33.013,
Plot Title: T1322,1319,5/20/26 04:30,33.013,
Plot Title: T1323,1320,5/20/26 04:45,33.013,
Plot Title: T1324,1321,5/20/26 05:00,33.013,
Plot Title: T1325,1322,5/20/26 05:15,33.013,
Plot Title: T1326,1323,5/20/26 05:30,33.013,
Plot Title: T1327,1324,5/20/26 05:45,32.815,
Plot Title: T1328,1325,5/20/26 06:00,33.013,
Plot Title: T1329,1326,5/20/26 06:15,32.815,
Plot Title: T1330,1327,5/20/26 06:30,32.815,
Plot Title: T1331,1328,5/20/26 06:45,32.815,
Plot Title: T1332,1329,5/20/26 07:00,32.815,
Plot Title: T1333,1330,5/20/26 07:15,32.815,
Plot Title: T1334,1331,5/20/26 07:30,32.815,
Plot Title: T1335,1332,5/20/26 07:45,32.815,
Plot Title: T1336,1333,5/20/26 08:00,32.815,
Plot Title: T1337,1334,5/20/26 08:15,32.815,
Plot Title: T1338,1335,5/20/26 08:30,32.815,
Plot Title: T1339,1336,5/20/26 08:45,32.815,
Plot Title: T1340,1337,5/20/26 09:00,33.013,
Plot Title: T1341,1338,5/20/26 09:15,33.013,
Plot Title: T1342,1339,5/20/26 09:30,33.013,
Plot Title: T1343,1340,5/20/26 09:45,33.013,
Plot Title: T1344,1341,5/20/26 10:00,33.013,
Plot Title: T1345,1342,5/20/26 10:15,33.013,
Plot Title: T1346,1343,5/20/26 10:30,33.213,
Plot Title: T1347,1344,5/20/26 10:45,33.213,
Plot Title: T1348,1345,5/20/26 11:00,33.411,
Plot Title: T1349,1346,5/20/26 11:15,33.607,
Plot Title: T1350,1347,5/20/26 11:30,33.805,
Plot Title: T1351,1348,5/20/26 11:45,34.002,
Plot Title: T1352,1349,5/20/26 12:00,34.394,
Plot Title: T1353,1350,5/20/26 12:15,36.145,
Plot Title: T1354,1351,5/20/26 12:30,36.914,
Plot Title: T1355,1352,5/20/26 12:45,38.44,
Plot Title: T1356,1353,5/20/26 13:00,40.134,
Plot Title: T1357,1354,5/20/26 13:15,40.696,
Plot Title: T1358,1355,5/20/26 13:30,40.696,
Plot Title: T1359,1356,5/20/26 13:45,40.696,
Plot Title: T1360,1357,5/20/26 14:00,42.179,
Plot Title: T1361,1358,5/20/26 14:15,42.732,
Plot Title: T1362,1359,5/20/26 14:30,43.831,
Plot Title: T1363,1360,5/20/26 14:45,43.648,
Plot Title: T1364,1361,5/20/26 15:00,44.379,
Plot Title: T1365,1362,5/20/26 15:15,44.922,
Plot Title: T1366,1363,5/20/26 15:30,46.008,
Plot Title: T1367,1364,5/20/26 15:45,47.446,
Plot Title: T1368,1365,5/20/26 16:00,47.266,
Plot Title: T1369,1366,5/20/26 16:15,46.548,
Plot Title: T1370,1367,5/20/26 16:30,46.008,
Plot Title: T1371,1368,5/20/26 16:45,46.369,
Plot Title: T1372,1369,5/20/26 17:00,45.648,
Plot Title: T1373,1370,5/20/26 17:15,45.286,
Plot Title: T1374,1371,5/20/26 17:30,45.104,
Plot Title: T1375,1372,5/20/26 17:45,45.648,
Plot Title: T1376,1373,5/20/26 18:00,44.922,
Plot Title: T1377,1374,5/20/26 18:15,44.742,
Plot Title: T1378,1375,5/20/26 18:30,44.56,
Plot Title: T1379,1376,5/20/26 18:45,44.379,
Plot Title: T1380,1377,5/20/26 19:00,43.831,
Plot Title: T1381,1378,5/20/26 19:15,42.732,
Plot Title: T1382,1379,5/20/26 19:30,41.81,
Plot Title: T1383,1380,5/20/26 19:45,40.696,
Plot Title: T1384,1381,5/20/26 20:00,39.007,
Plot Title: T1385,1382,5/20/26 20:15,37.87,
Plot Title: T1386,1383,5/20/26 20:30,37.297,
Plot Title: T1387,1384,5/20/26 20:45,36.914,
Plot Title: T1388,1385,5/20/26 21:00,36.338,
Plot Title: T1389,1386,5/20/26 21:15,36.145,
Plot Title: T1390,1387,5/20/26 21:30,35.951,
Plot Title: T1391,1388,5/20/26 21:45,35.951,
Plot Title: T1392,1389,5/20/26 22:00,35.951,
Plot Title: T1393,1390,5/20/26 22:15,35.758,
Plot Title: T1394,1391,5/20/26 22:30,35.758,
Plot Title: T1395,1392,5/20/26 22:45,35.564,
Plot Title: T1396,1393,5/20/26 23:00,35.564,
Plot Title: T1397,1394,5/20/26 23:15,35.37,
Plot Title: T1398,1395,5/20/26 23:30,35.37,
Plot Title: T1399,1396,5/20/26 23:45,35.37,
Plot Title: T1400,1397,5/21/26 00:00,35.175,
Plot Title: T1401,1398,5/21/26 00:15,35.175,
Plot Title: T1402,1399,5/21/26 00:30,34.981,
Plot Title: T1403,1400,5/21/26 00:45,34.981,
Plot Title: T1404,1401,5/21/26 01:00,34.981,
Plot Title: T1405,1402,5/21/26 01:15,34.981,
Plot Title: T1406,1403,5/21/26 01:30,34.786,
Plot Title: T1407,1404,5/21/26 01:45,34.786,
Plot Title: T1408,1405,5/21/26 02:00,34.786,
Plot Title: T1409,1406,5/21/26 02:15,34.786,
Plot Title: T1410,1407,5/21/26 02:30,34.786,
Plot Title: T1411,1408,5/21/26 02:45,34.59,
Plot Title: T1412,1409,5/21/26 03:00,34.59,
Plot Title: T1413,1410,5/21/26 03:15,34.59,
Plot Title: T1414,1411,5/21/26 03:30,34.59,
Plot Title: T1415,1412,5/21/26 03:45,34.59,
Plot Title: T1416,1413,5/21/26 04:00,34.59,
Plot Title: T1417,1414,5/21/26 04:15,34.59,
Plot Title: T1418,1415,5/21/26 04:30,34.394,
Plot Title: T1419,1416,5/21/26 04:45,34.394,
Plot Title: T1420,1417,5/21/26 05:00,34.394,
Plot Title: T1421,1418,5/21/26 05:15,34.394,
Plot Title: T1422,1419,5/21/26 05:30,34.394,
Plot Title: T1423,1420,5/21/26 05:45,34.394,
Plot Title: T1424,1421,5/21/26 06:00,34.394,
Plot Title: T1425,1422,5/21/26 06:15,34.394,
Plot Title: T1426,1423,5/21/26 06:30,34.394,
Plot Title: T1427,1424,5/21/26 06:45,34.198,
Plot Title: T1428,1425,5/21/26 07:00,34.198,
Plot Title: T1429,1426,5/21/26 07:15,34.198,
Plot Title: T1430,1427,5/21/26 07:30,34.198,
Plot Title: T1431,1428,5/21/26 07:45,34.198,
Plot Title: T1432,1429,5/21/26 08:00,34.198,
Plot Title: T1433,1430,5/21/26 08:15,34.198,
Plot Title: T1434,1431,5/21/26 08:30,34.198,
Plot Title: T1435,1432,5/21/26 08:45,34.198,
Plot Title: T1436,1433,5/21/26 09:00,34.198,
Plot Title: T1437,1434,5/21/26 09:15,34.198,
Plot Title: T1438,1435,5/21/26 09:30,34.198,
Plot Title: T1439,1436,5/21/26 09:45,34.002,
Plot Title: T1440,1437,5/21/26 10:00,34.002,
Plot Title: T1441,1438,5/21/26 10:15,34.002,
Plot Title: T1442,1439,5/21/26 10:30,34.002,
Plot Title: T1443,1440,5/21/26 10:45,34.002,
Plot Title: T1444,1441,5/21/26 11:00,34.002,
Plot Title: T1445,1442,5/21/26 11:15,34.002,
Plot Title: T1446,1443,5/21/26 11:30,34.002,
Plot Title: T1447,1444,5/21/26 11:45,34.002,
Plot Title: T1448,1445,5/21/26 12:00,34.002,
Plot Title: T1449,1446,5/21/26 12:15,34.002,
Plot Title: T1450,1447,5/21/26 12:30,34.002,
Plot Title: T1451,1448,5/21/26 12:45,34.002,
Plot Title: T1452,1449,5/21/26 13:00,34.002,
Plot Title: T1453,1450,5/21/26 13:15,34.002,
Plot Title: T1454,1451,5/21/26 13:30,34.002,
Plot Title: T1455,1452,5/21/26 13:45,34.002,
Plot Title: T1456,1453,5/21/26 14:00,34.002,
Plot Title: T1457,1454,5/21/26 14:15,34.002,
Plot Title: T1458,1455,5/21/26 14:30,33.805,
Plot Title: T1459,1456,5/21/26 14:45,33.805,
Plot Title: T1460,1457,5/21/26 15:00,33.805,
Plot Title: T1461,1458,5/21/26 15:15,33.805,
Plot Title: T1462,1459,5/21/26 15:30,33.805,
Plot Title: T1463,1460,5/21/26 15:45,34.002,
Plot Title: T1464,1461,5/21/26 16:00,33.805,
Plot Title: T1465,1462,5/21/26 16:15,33.805,
Plot Title: T1466,1463,5/21/26 16:30,33.805,
Plot Title: T1467,1464,5/21/26 16:45,33.805,
Plot Title: T1468,1465,5/21/26 17:00,33.805,
Plot Title: T1469,1466,5/21/26 17:15,33.805,
Plot Title: T1470,1467,5/21/26 17:30,33.805,
Plot Title: T1471,1468,5/21/26 17:45,33.805,
Plot Title: T1472,1469,5/21/26 18:00,33.805,
Plot Title: T1473,1470,5/21/26 18:15,33.805,
Plot Title: T1474,1471,5/21/26 18:30,33.805,
Plot Title: T1475,1472,5/21/26 18:45,33.805,
Plot Title: T1476,1473,5/21/26 19:00,33.607,
Plot Title: T1477,1474,5/21/26 19:15,33.805,
Plot Title: T1478,1475,5/21/26 19:30,33.607,
Plot Title: T1479,1476,5/21/26 19:45,33.607,
Plot Title: T1480,1477,5/21/26 20:00,33.607,
Plot Title: T1481,1478,5/21/26 20:15,33.607,
Plot Title: T1482,1479,5/21/26 20:30,33.607,
Plot Title: T1483,1480,5/21/26 20:45,33.607,
Plot Title: T1484,1481,5/21/26 21:00,33.607,
Plot Title: T1485,1482,5/21/26 21:15,33.607,
Plot Title: T1486,1483,5/21/26 21:30,33.607,
Plot Title: T1487,1484,5/21/26 21:45,33.607,
Plot Title: T1488,1485,5/21/26 22:00,33.607,
Plot Title: T1489,1486,5/21/26 22:15,33.607,
Plot Title: T1490,1487,5/21/26 22:30,33.607,
Plot Title: T1491,1488,5/21/26 22:45,33.607,
Plot Title: T1492,1489,5/21/26 23:00,33.607,
Plot Title: T1493,1490,5/21/26 23:15,33.607,
Plot Title: T1494,1491,5/21/26 23:30,33.607,
Plot Title: T1495,1492,5/21/26 23:45,33.607,
Plot Title: T1496,1493,5/22/26 00:00,33.607,
Plot Title: T1497,1494,5/22/26 00:15,33.607,
Plot Title: T1498,1495,5/22/26 00:30,33.607,
Plot Title: T1499,1496,5/22/26 00:45,33.607,
Plot Title: T1500,1497,5/22/26 01:00,33.607,
Plot Title: T1501,1498,5/22/26 01:15,33.607,
Plot Title: T1502,1499,5/22/26 01:30,33.607,
Plot Title: T1503,1500,5/22/26 01:45,33.607,
Plot Title: T1504,1501,5/22/26 02:00,33.607,
Plot Title: T1505,1502,5/22/26 02:15,33.607,
Plot Title: T1506,1503,5/22/26 02:30,33.607,
Plot Title: T1507,1504,5/22/26 02:45,33.607,
Plot Title: T1508,1505,5/22/26 03:00,33.607,
Plot Title: T1509,1506,5/22/26 03:15,33.607,
Plot Title: T1510,1507,5/22/26 03:30,33.607,
Plot Title: T1511,1508,5/22/26 03:45,33.607,
Plot Title: T1512,1509,5/22/26 04:00,33.411,
Plot Title: T1513,1510,5/22/26 04:15,33.411,
Plot Title: T1514,1511,5/22/26 04:30,33.411,
Plot Title: T1515,1512,5/22/26 04:45,33.411,
Plot Title: T1516,1513,5/22/26 05:00,33.411,
Plot Title: T1517,1514,5/22/26 05:15,33.411,
Plot Title: T1518,1515,5/22/26 05:30,33.411,
Plot Title: T1519,1516,5/22/26 05:45,33.411,
Plot Title: T1520,1517,5/22/26 06:00,33.411,
Plot Title: T1521,1518,5/22/26 06:15,33.411,
Plot Title: T1522,1519,5/22/26 06:30,33.411,
Plot Title: T1523,1520,5/22/26 06:45,33.411,
Plot Title: T1524,1521,5/22/26 07:00,33.411,
Plot Title: T1525,1522,5/22/26 07:15,33.607,
Plot Title: T1526,1523,5/22/26 07:30,33.607,
Plot Title: T1527,1524,5/22/26 07:45,33.607,
Plot Title: T1528,1525,5/22/26 08:00,33.411,
Plot Title: T1529,1526,5/22/26 08:15,33.411,
Plot Title: T1530,1527,5/22/26 08:30,33.607,
Plot Title: T1531,1528,5/22/26 08:45,33.411,
Plot Title: T1532,1529,5/22/26 09:00,33.607,
Plot Title: T1533,1530,5/22/26 09:15,33.607,
Plot Title: T1534,1531,5/22/26 09:30,33.607,
Plot Title: T1535,1532,5/22/26 09:45,33.607,
Plot Title: T1536,1533,5/22/26 10:00,33.607,
Plot Title: T1537,1534,5/22/26 10:15,33.607,
Plot Title: T1538,1535,5/22/26 10:30,33.607,
Plot Title: T1539,1536,5/22/26 10:45,33.607,
Plot Title: T1540,1537,5/22/26 11:00,33.607,
Plot Title: T1541,1538,5/22/26 11:15,33.607,
Plot Title: T1542,1539,5/22/26 11:30,33.607,
Plot Title: T1543,1540,5/22/26 11:45,33.607,
Plot Title: T1544,1541,5/22/26 12:00,33.805,
Plot Title: T1545,1542,5/22/26 12:15,33.805,
Plot Title: T1546,1543,5/22/26 12:30,33.805,
Plot Title: T1547,1544,5/22/26 12:45,33.805,
Plot Title: T1548,1545,5/22/26 13:00,33.805,
Plot Title: T1549,1546,5/22/26 13:15,33.607,
Plot Title: T1550,1547,5/22/26 13:30,33.607,
Plot Title: T1551,1548,5/22/26 13:45,33.607,
Plot Title: T1552,1549,5/22/26 14:00,33.607,
Plot Title: T1553,1550,5/22/26 14:15,33.607,
Plot Title: T1554,1551,5/22/26 14:30,33.607,
Plot Title: T1555,1552,5/22/26 14:45,33.607,
Plot Title: T1556,1553,5/22/26 15:00,33.607,
Plot Title: T1557,1554,5/22/26 15:15,33.607,
Plot Title: T1558,1555,5/22/26 15:30,33.607,
Plot Title: T1559,1556,5/22/26 15:45,33.805,
Plot Title: T1560,1557,5/22/26 16:00,33.805,
Plot Title: T1561,1558,5/22/26 16:15,33.805,
Plot Title: T1562,1559,5/22/26 16:30,33.607,
Plot Title: T1563,1560,5/22/26 16:45,33.607,
Plot Title: T1564,1561,5/22/26 17:00,33.607,
Plot Title: T1565,1562,5/22/26 17:15,33.607,
Plot Title: T1566,1563,5/22/26 17:30,33.805,
Plot Title: T1567,1564,5/22/26 17:45,33.805,
Plot Title: T1568,1565,5/22/26 18:00,33.805,
Plot Title: T1569,1566,5/22/26 18:15,33.607,
Plot Title: T1570,1567,5/22/26 18:30,33.805,
Plot Title: T1571,1568,5/22/26 18:45,33.607,
Plot Title: T1572,1569,5/22/26 19:00,33.607,
Plot Title: T1573,1570,5/22/26 19:15,33.607,
Plot Title: T1574,1571,5/22/26 19:30,33.607,
Plot Title: T1575,1572,5/22/26 19:45,33.607,
Plot Title: T1576,1573,5/22/26 20:00,33.607,
Plot Title: T1577,1574,5/22/26 20:15,33.607,
Plot Title: T1578,1575,5/22/26 20:30,33.607,
Plot Title: T1579,1576,5/22/26 20:45,33.607,
Plot Title: T1580,1577,5/22/26 21:00,33.607,
Plot Title: T1581,1578,5/22/26 21:15,33.607,
Plot Title: T1582,1579,5/22/26 21:30,33.607,
Plot Title: T1583,1580,5/22/26 21:45,33.607,
Plot Title: T1584,1581,5/22/26 22:00,33.607,
Plot Title: T1585,1582,5/22/26 22:15,33.607,
Plot Title: T1586,1583,5/22/26 22:30,33.607,
Plot Title: T1587,1584,5/22/26 22:45,33.607,
Plot Title: T1588,1585,5/22/26 23:00,33.607,
Plot Title: T1589,1586,5/22/26 23:15,33.607,
Plot Title: T1590,1587,5/22/26 23:30,33.607,
Plot Title: T1591,1588,5/22/26 23:45,33.607,
Plot Title: T1592,1589,5/23/26 00:00,33.607,
Plot Title: T1593,1590,5/23/26 00:15,33.607,
Plot Title: T1594,1591,5/23/26 00:30,33.607,
Plot Title: T1595,1592,5/23/26 00:45,33.607,
Plot Title: T1596,1593,5/23/26 01:00,33.607,
Plot Title: T1597,1594,5/23/26 01:15,33.607,
Plot Title: T1598,1595,5/23/26 01:30,33.607,
Plot Title: T1599,1596,5/23/26 01:45,33.607,
Plot Title: T1600,1597,5/23/26 02:00,33.607,
Plot Title: T1601,1598,5/23/26 02:15,33.607,
Plot Title: T1602,1599,5/23/26 02:30,33.607,
Plot Title: T1603,1600,5/23/26 02:45,33.607,
Plot Title: T1604,1601,5/23/26 03:00,33.607,
Plot Title: T1605,1602,5/23/26 03:15,33.607,
Plot Title: T1606,1603,5/23/26 03:30,33.607,
Plot Title: T1607,1604,5/23/26 03:45,33.411,
Plot Title: T1608,1605,5/23/26 04:00,33.607,
Plot Title: T1609,1606,5/23/26 04:15,33.411,
Plot Title: T1610,1607,5/23/26 04:30,33.411,
Plot Title: T1611,1608,5/23/26 04:45,33.411,
Plot Title: T1612,1609,5/23/26 05:00,33.411,
Plot Title: T1613,1610,5/23/26 05:15,33.411,
Plot Title: T1614,1611,5/23/26 05:30,33.411,
Plot Title: T1615,1612,5/23/26 05:45,33.411,
Plot Title: T1616,1613,5/23/26 06:00,33.411,
Plot Title: T1617,1614,5/23/26 06:15,33.607,
Plot Title: T1618,1615,5/23/26 06:30,33.805,
Plot Title: T1619,1616,5/23/26 06:45,34.198,
Plot Title: T1620,1617,5/23/26 07:00,34.59,
Plot Title: T1621,1618,5/23/26 07:15,35.175,
Plot Title: T1622,1619,5/23/26 07:30,35.175,
Plot Title: T1623,1620,5/23/26 07:45,35.175,
Plot Title: T1624,1621,5/23/26 08:00,35.175,
Plot Title: T1625,1622,5/23/26 08:15,35.564,
Plot Title: T1626,1623,5/23/26 08:30,35.758,
Plot Title: T1627,1624,5/23/26 08:45,35.758,
Plot Title: T1628,1625,5/23/26 09:00,35.758,
Plot Title: T1629,1626,5/23/26 09:15,35.951,
Plot Title: T1630,1627,5/23/26 09:30,35.951,
Plot Title: T1631,1628,5/23/26 09:45,36.145,
Plot Title: T1632,1629,5/23/26 10:00,36.723,
Plot Title: T1633,1630,5/23/26 10:15,37.488,
Plot Title: T1634,1631,5/23/26 10:30,37.87,
Plot Title: T1635,1632,5/23/26 10:45,39.007,
Plot Title: T1636,1633,5/23/26 11:00,40.509,
Plot Title: T1637,1634,5/23/26 11:15,40.696,
Plot Title: T1638,1635,5/23/26 11:30,41.254,
Plot Title: T1639,1636,5/23/26 11:45,45.466,
Plot Title: T1640,1637,5/23/26 12:00,55.884,
Plot Title: T1641,1638,5/23/26 12:15,57.785,
Plot Title: T1642,1639,5/23/26 12:30,61.398,
Plot Title: T1643,1640,5/23/26 12:45,61.227,
Plot Title: T1644,1641,5/23/26 13:00,57.785,
Plot Title: T1645,1642,5/23/26 13:15,55.884,
Plot Title: T1646,1643,5/23/26 13:30,55.189,
Plot Title: T1647,1644,5/23/26 13:45,54.842,
Plot Title: T1648,1645,5/23/26 14:00,54.322,
Plot Title: T1649,1646,5/23/26 14:15,53.973,
Plot Title: T1650,1647,5/23/26 14:30,52.75,
Plot Title: T1651,1648,5/23/26 14:45,52.225,
Plot Title: T1652,1649,5/23/26 15:00,51.523,
Plot Title: T1653,1650,5/23/26 15:15,51.523,
Plot Title: T1654,1651,5/23/26 15:30,53.623,
Plot Title: T1655,1652,5/23/26 15:45,57.268,
Plot Title: T1656,1653,5/23/26 16:00,56.23,
Plot Title: T1657,1654,5/23/26 16:15,53.1,
Plot Title: T1658,1655,5/23/26 16:30,51.346,
Plot Title: T1659,1656,5/23/26 16:45,50.643,
Plot Title: T1660,1657,5/23/26 17:00,50.819,
Plot Title: T1661,1658,5/23/26 17:15,49.582,
Plot Title: T1662,1659,5/23/26 17:30,48.517,
Plot Title: T1663,1660,5/23/26 17:45,47.982,
Plot Title: T1664,1661,5/23/26 18:00,47.624,
Plot Title: T1665,1662,5/23/26 18:15,46.548,
Plot Title: T1666,1663,5/23/26 18:30,45.828,
Plot Title: T1667,1664,5/23/26 18:45,45.286,
Plot Title: T1668,1665,5/23/26 19:00,45.104,
Plot Title: T1669,1666,5/23/26 19:15,44.379,
Plot Title: T1670,1667,5/23/26 19:30,43.831,
Plot Title: T1671,1668,5/23/26 19:45,43.466,
Plot Title: T1672,1669,5/23/26 20:00,43.099,
Plot Title: T1673,1670,5/23/26 20:15,42.548,
Plot Title: T1674,1671,5/23/26 20:30,42.179,
Plot Title: T1675,1672,5/23/26 20:45,41.625,
Plot Title: T1676,1673,5/23/26 21:00,41.254,
Plot Title: T1677,1674,5/23/26 21:15,40.881,
Plot Title: T1678,1675,5/23/26 21:30,40.509,
Plot Title: T1679,1676,5/23/26 21:45,40.134,
Plot Title: T1680,1677,5/23/26 22:00,39.76,
Plot Title: T1681,1678,5/23/26 22:15,39.573,
Plot Title: T1682,1679,5/23/26 22:30,39.384,
Plot Title: T1683,1680,5/23/26 22:45,39.007,
Plot Title: T1684,1681,5/23/26 23:00,38.818,
Plot Title: T1685,1682,5/23/26 23:15,38.629,
Plot Title: T1686,1683,5/23/26 23:30,38.44,
Plot Title: T1687,1684,5/23/26 23:45,38.25,
Plot Title: T1688,1685,5/24/26 00:00,38.061,
Plot Title: T1689,1686,5/24/26 00:15,38.061,
Plot Title: T1690,1687,5/24/26 00:30,37.87,
Plot Title: T1691,1688,5/24/26 00:45,37.87,
Plot Title: T1692,1689,5/24/26 01:00,37.679,
Plot Title: T1693,1690,5/24/26 01:15,37.488,
Plot Title: T1694,1691,5/24/26 01:30,37.488,
Plot Title: T1695,1692,5/24/26 01:45,37.297,
Plot Title: T1696,1693,5/24/26 02:00,37.297,
Plot Title: T1697,1694,5/24/26 02:15,37.297,
Plot Title: T1698,1695,5/24/26 02:30,37.107,
Plot Title: T1699,1696,5/24/26 02:45,37.107,
Plot Title: T1700,1697,5/24/26 03:00,37.107,
Plot Title: T1701,1698,5/24/26 03:15,36.914,
Plot Title: T1702,1699,5/24/26 03:30,36.914,
Plot Title: T1703,1700,5/24/26 03:45,36.914,
Plot Title: T1704,1701,5/24/26 04:00,36.723,
Plot Title: T1705,1702,5/24/26 04:15,36.723,
Plot Title: T1706,1703,5/24/26 04:30,36.723,
Plot Title: T1707,1704,5/24/26 04:45,36.531,
Plot Title: T1708,1705,5/24/26 05:00,36.531,
Plot Title: T1709,1706,5/24/26 05:15,36.531,
Plot Title: T1710,1707,5/24/26 05:30,36.338,
Plot Title: T1711,1708,5/24/26 05:45,36.338,
Plot Title: T1712,1709,5/24/26 06:00,36.338,
Plot Title: T1713,1710,5/24/26 06:15,37.297,
Plot Title: T1714,1711,5/24/26 06:30,38.629,
Plot Title: T1715,1712,5/24/26 06:45,41.439,
Plot Title: T1716,1713,5/24/26 07:00,44.56,
Plot Title: T1717,1714,5/24/26 07:15,46.008,
Plot Title: T1718,1715,5/24/26 07:30,44.922,
Plot Title: T1719,1716,5/24/26 07:45,44.922,
Plot Title: T1720,1717,5/24/26 08:00,44.195,
Plot Title: T1721,1718,5/24/26 08:15,45.828,
Plot Title: T1722,1719,5/24/26 08:30,44.922,
Plot Title: T1723,1720,5/24/26 08:45,44.742,
Plot Title: T1724,1721,5/24/26 09:00,44.922,
Plot Title: T1725,1722,5/24/26 09:15,44.922,
Plot Title: T1726,1723,5/24/26 09:30,44.742,
Plot Title: T1727,1724,5/24/26 09:45,44.742,
Plot Title: T1728,1725,5/24/26 10:00,45.286,
Plot Title: T1729,1726,5/24/26 10:15,45.828,
Plot Title: T1730,1727,5/24/26 10:30,46.188,
Plot Title: T1731,1728,5/24/26 10:45,46.728,
Plot Title: T1732,1729,5/24/26 11:00,47.802,
Plot Title: T1733,1730,5/24/26 11:15,47.088,
Plot Title: T1734,1731,5/24/26 11:30,46.548,
Plot Title: T1735,1732,5/24/26 11:45,51.523,
Plot Title: T1736,1733,5/24/26 12:00,61.569,
Plot Title: T1737,1734,5/24/26 12:15,67.05,
Plot Title: T1738,1735,5/24/26 12:30,69.449,
Plot Title: T1739,1736,5/24/26 12:45,68.248,
Plot Title: T1740,1737,5/24/26 13:00,61.912,
Plot Title: T1741,1738,5/24/26 13:15,57.958,
Plot Title: T1742,1739,5/24/26 13:30,55.364,
Plot Title: T1743,1740,5/24/26 13:45,53.623,
Plot Title: T1744,1741,5/24/26 14:00,52.925,
Plot Title: T1745,1742,5/24/26 14:15,53.1,
Plot Title: T1746,1743,5/24/26 14:30,53.449,
Plot Title: T1747,1744,5/24/26 14:45,52.75,
Plot Title: T1748,1745,5/24/26 15:00,52.576,
Plot Title: T1749,1746,5/24/26 15:15,53.274,
Plot Title: T1750,1747,5/24/26 15:30,53.973,
Plot Title: T1751,1748,5/24/26 15:45,56.75,
Plot Title: T1752,1749,5/24/26 16:00,57.441,
Plot Title: T1753,1750,5/24/26 16:15,54.495,
Plot Title: T1754,1751,5/24/26 16:30,53.449,
Plot Title: T1755,1752,5/24/26 16:45,53.449,
Plot Title: T1756,1753,5/24/26 17:00,53.1,
Plot Title: T1757,1754,5/24/26 17:15,53.274,
Plot Title: T1758,1755,5/24/26 17:30,53.274,
Plot Title: T1759,1756,5/24/26 17:45,52.925,
Plot Title: T1760,1757,5/24/26 18:00,52.75,
Plot Title: T1761,1758,5/24/26 18:15,51.874,
Plot Title: T1762,1759,5/24/26 18:30,50.819,
Plot Title: T1763,1760,5/24/26 18:45,49.759,
Plot Title: T1764,1761,5/24/26 19:00,49.228,
Plot Title: T1765,1762,5/24/26 19:15,49.05,
Plot Title: T1766,1763,5/24/26 19:30,49.05,
Plot Title: T1767,1764,5/24/26 19:45,48.871,
Plot Title: T1768,1765,5/24/26 20:00,48.339,
Plot Title: T1769,1766,5/24/26 20:15,47.624,
Plot Title: T1770,1767,5/24/26 20:30,47.088,
Plot Title: T1771,1768,5/24/26 20:45,46.369,
Plot Title: T1772,1769,5/24/26 21:00,45.828,
Plot Title: T1773,1770,5/24/26 21:15,45.286,
Plot Title: T1774,1771,5/24/26 21:30,44.922,
Plot Title: T1775,1772,5/24/26 21:45,44.56,
Plot Title: T1776,1773,5/24/26 22:00,44.195,
Plot Title: T1777,1774,5/24/26 22:15,44.013,
Plot Title: T1778,1775,5/24/26 22:30,43.648,
Plot Title: T1779,1776,5/24/26 22:45,43.466,
Plot Title: T1780,1777,5/24/26 23:00,43.282,
Plot Title: T1781,1778,5/24/26 23:15,43.099,
Plot Title: T1782,1779,5/24/26 23:30,42.915,
Plot Title: T1783,1780,5/24/26 23:45,42.732,
Plot Title: T1784,1781,5/25/26 00:00,42.732,
Plot Title: T1785,1782,5/25/26 00:15,42.548,
Plot Title: T1786,1783,5/25/26 00:30,42.363,
Plot Title: T1787,1784,5/25/26 00:45,42.179,
Plot Title: T1788,1785,5/25/26 01:00,41.994,
Plot Title: T1789,1786,5/25/26 01:15,41.81,
Plot Title: T1790,1787,5/25/26 01:30,41.625,
Plot Title: T1791,1788,5/25/26 01:45,41.439,
Plot Title: T1792,1789,5/25/26 02:00,41.439,
Plot Title: T1793,1790,5/25/26 02:15,41.254,
Plot Title: T1794,1791,5/25/26 02:30,41.067,
Plot Title: T1795,1792,5/25/26 02:45,40.881,
Plot Title: T1796,1793,5/25/26 03:00,40.881,
Plot Title: T1797,1794,5/25/26 03:15,40.881,
Plot Title: T1798,1795,5/25/26 03:30,40.881,
Plot Title: T1799,1796,5/25/26 03:45,40.881,
Plot Title: T1800,1797,5/25/26 04:00,40.696,
Plot Title: T1801,1798,5/25/26 04:15,40.509,
Plot Title: T1802,1799,5/25/26 04:30,40.509,
Plot Title: T1803,1800,5/25/26 04:45,40.321,
Plot Title: T1804,1801,5/25/26 05:00,40.321,
Plot Title: T1805,1802,5/25/26 05:15,40.134,
Plot Title: T1806,1803,5/25/26 05:30,40.134,
Plot Title: T1807,1804,5/25/26 05:45,40.134,
Plot Title: T1808,1805,5/25/26 06:00,40.134,
Plot Title: T1809,1806,5/25/26 06:15,41.067,
Plot Title: T1810,1807,5/25/26 06:30,42.548,
Plot Title: T1811,1808,5/25/26 06:45,45.466,
Plot Title: T1812,1809,5/25/26 07:00,48.339,
Plot Title: T1813,1810,5/25/26 07:15,49.582,
Plot Title: T1814,1811,5/25/26 07:30,48.16,
Plot Title: T1815,1812,5/25/26 07:45,47.982,
Plot Title: T1816,1813,5/25/26 08:00,47.266,
Plot Title: T1817,1814,5/25/26 08:15,48.517,
Plot Title: T1818,1815,5/25/26 08:30,47.624,
Plot Title: T1819,1816,5/25/26 08:45,47.088,
Plot Title: T1820,1817,5/25/26 09:00,47.624,
Plot Title: T1821,1818,5/25/26 09:15,47.446,
Plot Title: T1822,1819,5/25/26 09:30,47.088,
Plot Title: T1823,1820,5/25/26 09:45,46.728,
Plot Title: T1824,1821,5/25/26 10:00,46.728,
Plot Title: T1825,1822,5/25/26 10:15,46.908,
Plot Title: T1826,1823,5/25/26 10:30,47.088,
Plot Title: T1827,1824,5/25/26 10:45,48.695,
Plot Title: T1828,1825,5/25/26 11:00,49.582,
Plot Title: T1829,1826,5/25/26 11:15,49.05,
Plot Title: T1830,1827,5/25/26 11:30,48.339,
Plot Title: T1831,1828,5/25/26 11:45,53.449,
Plot Title: T1832,1829,5/25/26 12:00,63.797,
Plot Title: T1833,1830,5/25/26 12:15,66.708,
Plot Title: T1834,1831,5/25/26 12:30,71.339,
Plot Title: T1835,1832,5/25/26 12:45,69.107,
Plot Title: T1836,1833,5/25/26 13:00,62.94,
Plot Title: T1837,1834,5/25/26 13:15,60.024,
Plot Title: T1838,1835,5/25/26 13:30,59.68,
Plot Title: T1839,1836,5/25/26 13:45,59.337,
Plot Title: T1840,1837,5/25/26 14:00,57.958,
Plot Title: T1841,1838,5/25/26 14:15,55.017,
Plot Title: T1842,1839,5/25/26 14:30,54.322,
Plot Title: T1843,1840,5/25/26 14:45,55.884,
Plot Title: T1844,1841,5/25/26 15:00,55.711,
Plot Title: T1845,1842,5/25/26 15:15,54.842,
Plot Title: T1846,1843,5/25/26 15:30,57.268,
Plot Title: T1847,1844,5/25/26 15:45,60.883,
Plot Title: T1848,1845,5/25/26 16:00,59.337,
Plot Title: T1849,1846,5/25/26 16:15,55.711,
Plot Title: T1850,1847,5/25/26 16:30,53.798,
Plot Title: T1851,1848,5/25/26 16:45,52.75,
Plot Title: T1852,1849,5/25/26 17:00,52.401,
Plot Title: T1853,1850,5/25/26 17:15,52.225,
Plot Title: T1854,1851,5/25/26 17:30,52.925,
Plot Title: T1855,1852,5/25/26 17:45,52.05,
Plot Title: T1856,1853,5/25/26 18:00,52.05,
Plot Title: T1857,1854,5/25/26 18:15,52.225,
Plot Title: T1858,1855,5/25/26 18:30,52.05,
Plot Title: T1859,1856,5/25/26 18:45,51.874,
Plot Title: T1860,1857,5/25/26 19:00,51.346,
Plot Title: T1861,1858,5/25/26 19:15,50.995,
Plot Title: T1862,1859,5/25/26 19:30,50.819,
Plot Title: T1863,1860,5/25/26 19:45,50.643,
Plot Title: T1864,1861,5/25/26 20:00,50.113,
Plot Title: T1865,1862,5/25/26 20:15,49.582,
Plot Title: T1866,1863,5/25/26 20:30,49.228,
Plot Title: T1867,1864,5/25/26 20:45,48.871,
Plot Title: T1868,1865,5/25/26 21:00,48.16,
Plot Title: T1869,1866,5/25/26 21:15,47.446,
Plot Title: T1870,1867,5/25/26 21:30,46.908,
Plot Title: T1871,1868,5/25/26 21:45,46.369,
Plot Title: T1872,1869,5/25/26 22:00,46.008,
Plot Title: T1873,1870,5/25/26 22:15,45.648,
Plot Title: T1874,1871,5/25/26 22:30,45.286,
Plot Title: T1875,1872,5/25/26 22:45,45.104,
Plot Title: T1876,1873,5/25/26 23:00,44.742,
Plot Title: T1877,1874,5/25/26 23:15,44.56,
Plot Title: T1878,1875,5/25/26 23:30,44.379,
Plot Title: T1879,1876,5/25/26 23:45,44.013,
Plot Title: T1880,1877,5/26/26 00:00,44.013,
Plot Title: T1881,1878,5/26/26 00:15,44.013,
Plot Title: T1882,1879,5/26/26 00:30,43.831,
Plot Title: T1883,1880,5/26/26 00:45,43.831,
Plot Title: T1884,1881,5/26/26 01:00,43.648,
Plot Title: T1885,1882,5/26/26 01:15,43.648,
Plot Title: T1886,1883,5/26/26 01:30,43.466,
Plot Title: T1887,1884,5/26/26 01:45,43.282,
Plot Title: T1888,1885,5/26/26 02:00,43.282,
Plot Title: T1889,1886,5/26/26 02:15,43.099,
Plot Title: T1890,1887,5/26/26 02:30,43.099,
Plot Title: T1891,1888,5/26/26 02:45,43.099,
Plot Title: T1892,1889,5/26/26 03:00,43.099,
Plot Title: T1893,1890,5/26/26 03:15,43.099,
Plot Title: T1894,1891,5/26/26 03:30,42.915,
Plot Title: T1895,1892,5/26/26 03:45,42.732,
Plot Title: T1896,1893,5/26/26 04:00,42.548,
Plot Title: T1897,1894,5/26/26 04:15,42.363,
Plot Title: T1898,1895,5/26/26 04:30,42.363,
Plot Title: T1899,1896,5/26/26 04:45,42.363,
Plot Title: T1900,1897,5/26/26 05:00,42.548,
Plot Title: T1901,1898,5/26/26 05:15,42.548,
Plot Title: T1902,1899,5/26/26 05:30,42.548,
Plot Title: T1903,1900,5/26/26 05:45,42.548,
Plot Title: T1904,1901,5/26/26 06:00,42.548,
Plot Title: T1905,1902,5/26/26 06:15,42.732,
Plot Title: T1906,1903,5/26/26 06:30,42.732,
Plot Title: T1907,1904,5/26/26 06:45,43.099,
Plot Title: T1908,1905,5/26/26 07:00,43.282,
Plot Title: T1909,1906,5/26/26 07:15,43.648,
Plot Title: T1910,1907,5/26/26 07:30,44.195,
Plot Title: T1911,1908,5/26/26 07:45,45.104,
Plot Title: T1912,1909,5/26/26 08:00,45.286,
Plot Title: T1913,1910,5/26/26 08:15,47.088,
Plot Title: T1914,1911,5/26/26 08:30,47.446,
Plot Title: T1915,1912,5/26/26 08:45,47.982,
Plot Title: T1916,1913,5/26/26 09:00,48.871,
Plot Title: T1917,1914,5/26/26 09:15,48.871,
Plot Title: T1918,1915,5/26/26 09:30,49.759,
Plot Title: T1919,1916,5/26/26 09:45,50.113,
Plot Title: T1920,1917,5/26/26 10:00,50.819,
Plot Title: T1921,1918,5/26/26 10:15,51.346,
Plot Title: T1922,1919,5/26/26 10:30,52.05,
Plot Title: T1923,1920,5/26/26 10:45,52.75,
Plot Title: T1924,1921,5/26/26 11:00,53.1,
Plot Title: T1925,1922,5/26/26 11:15,53.973,
Plot Title: T1926,1923,5/26/26 11:30,54.322,
Plot Title: T1927,1924,5/26/26 11:45,55.189,
Plot Title: T1928,1925,5/26/26 12:00,55.364,
Plot Title: T1929,1926,5/26/26 12:15,56.057,
Plot Title: T1930,1927,5/26/26 12:30,62.083,
Plot Title: T1931,1928,5/26/26 12:45,59.337,
Plot Title: T1932,1929,5/26/26 13:00,58.476,
Plot Title: T1933,1930,5/26/26 13:15,56.577,
Plot Title: T1934,1931,5/26/26 13:30,55.537,
Plot Title: T1935,1932,5/26/26 13:45,54.495,
Plot Title: T1936,1933,5/26/26 14:00,54.147,
Plot Title: T1937,1934,5/26/26 14:15,55.189,
Plot Title: T1938,1935,5/26/26 14:30,55.364,
Plot Title: T1939,1936,5/26/26 14:45,55.189,
Plot Title: T1940,1937,5/26/26 15:00,55.711,
Plot Title: T1941,1938,5/26/26 15:15,55.364,
Plot Title: T1942,1939,5/26/26 15:30,55.884,
Plot Title: T1943,1940,5/26/26 15:45,54.495,
Plot Title: T1944,1941,5/26/26 16:00,53.1,
Plot Title: T1945,1942,5/26/26 16:15,52.05,
Plot Title: T1946,1943,5/26/26 16:30,51.346,
Plot Title: T1947,1944,5/26/26 16:45,51.172,
Plot Title: T1948,1945,5/26/26 17:00,50.995,
Plot Title: T1949,1946,5/26/26 17:15,51.523,
Plot Title: T1950,1947,5/26/26 17:30,51.346,
Plot Title: T1951,1948,5/26/26 17:45,51.172,
Plot Title: T1952,1949,5/26/26 18:00,50.819,
Plot Title: T1953,1950,5/26/26 18:15,49.759,
Plot Title: T1954,1951,5/26/26 18:30,49.228,
Plot Title: T1955,1952,5/26/26 18:45,49.759,
Plot Title: T1956,1953,5/26/26 19:00,50.113,
Plot Title: T1957,1954,5/26/26 19:15,49.759,
Plot Title: T1958,1955,5/26/26 19:30,49.582,
Plot Title: T1959,1956,5/26/26 19:45,49.228,
Plot Title: T1960,1957,5/26/26 20:00,48.517,
Plot Title: T1961,1958,5/26/26 20:15,48.16,
Plot Title: T1962,1959,5/26/26 20:30,47.802,
Plot Title: T1963,1960,5/26/26 20:45,47.446,
Plot Title: T1964,1961,5/26/26 21:00,47.088,
Plot Title: T1965,1962,5/26/26 21:15,46.728,
Plot Title: T1966,1963,5/26/26 21:30,46.188,
Plot Title: T1967,1964,5/26/26 21:45,46.188,
Plot Title: T1968,1965,5/26/26 22:00,46.008,
Plot Title: T1969,1966,5/26/26 22:15,46.008,
Plot Title: T1970,1967,5/26/26 22:30,45.828,
Plot Title: T1971,1968,5/26/26 22:45,45.466,
Plot Title: T1972,1969,5/26/26 23:00,45.286,
Plot Title: T1973,1970,5/26/26 23:15,44.922,
Plot Title: T1974,1971,5/26/26 23:30,44.742,
Plot Title: T1975,1972,5/26/26 23:45,44.742,
Plot Title: T1976,1973,5/27/26 00:00,44.56,
Plot Title: T1977,1974,5/27/26 00:15,44.56,
Plot Title: T1978,1975,5/27/26 00:30,44.379,
Plot Title: T1979,1976,5/27/26 00:45,44.013,
Plot Title: T1980,1977,5/27/26 01:00,43.831,
Plot Title: T1981,1978,5/27/26 01:15,43.648,
Plot Title: T1982,1979,5/27/26 01:30,43.648,
Plot Title: T1983,1980,5/27/26 01:45,43.466,
Plot Title: T1984,1981,5/27/26 02:00,43.282,
Plot Title: T1985,1982,5/27/26 02:15,43.099,
Plot Title: T1986,1983,5/27/26 02:30,42.915,
Plot Title: T1987,1984,5/27/26 02:45,42.732,
Plot Title: T1988,1985,5/27/26 03:00,42.548,
Plot Title: T1989,1986,5/27/26 03:15,42.363,
Plot Title: T1990,1987,5/27/26 03:30,42.179,
Plot Title: T1991,1988,5/27/26 03:45,42.179,
Plot Title: T1992,1989,5/27/26 04:00,41.994,
Plot Title: T1993,1990,5/27/26 04:15,41.81,
Plot Title: T1994,1991,5/27/26 04:30,41.81,
Plot Title: T1995,1992,5/27/26 04:45,41.81,
Plot Title: T1996,1993,5/27/26 05:00,41.81,
Plot Title: T1997,1994,5/27/26 05:15,41.81,
Plot Title: T1998,1995,5/27/26 05:30,41.81,
Plot Title: T1999,1996,5/27/26 05:45,41.625,
Plot Title: T2000,1997,5/27/26 06:00,41.625,
Plot Title: T2001,1998,5/27/26 06:15,41.625,
Plot Title: T2002,1999,5/27/26 06:30,41.625,
Plot Title: T2003,2000,5/27/26 06:45,42.548,
Plot Title: T2004,2001,5/27/26 07:00,42.548,
Plot Title: T2005,2002,5/27/26 07:15,43.466,
Plot Title: T2006,2003,5/27/26 07:30,44.195,
Plot Title: T2007,2004,5/27/26 07:45,44.56,
Plot Title: T2008,2005,5/27/26 08:00,45.104,
Plot Title: T2009,2006,5/27/26 08:15,46.188,
Plot Title: T2010,2007,5/27/26 08:30,46.188,
Plot Title: T2011,2008,5/27/26 08:45,46.188,
Plot Title: T2012,2009,5/27/26 09:00,46.908,
Plot Title: T2013,2010,5/27/26 09:15,46.908,
Plot Title: T2014,2011,5/27/26 09:30,46.908,
Plot Title: T2015,2012,5/27/26 09:45,46.908,
Plot Title: T2016,2013,5/27/26 10:00,46.908,
Plot Title: T2017,2014,5/27/26 10:15,47.446,
Plot Title: T2018,2015,5/27/26 10:30,47.446,
Plot Title: T2019,2016,5/27/26 10:45,49.937,
Plot Title: T2020,2017,5/27/26 11:00,50.819,
Plot Title: T2021,2018,5/27/26 11:15,50.466,
Plot Title: T2022,2019,5/27/26 11:30,49.759,
Plot Title: T2023,2020,5/27/26 11:45,54.842,
Plot Title: T2024,2021,5/27/26 12:00,64.825,
Plot Title: T2025,2022,5/27/26 12:15,69.793,
Plot Title: T2026,2023,5/27/26 12:30,73.062,
Plot Title: T2027,2024,5/27/26 12:45,72.028,
Plot Title: T2028,2025,5/27/26 13:00,65.68,
Plot Title: T2029,2026,5/27/26 13:15,62.598,
Plot Title: T2030,2027,5/27/26 13:30,61.398,
Plot Title: T2031,2028,5/27/26 13:45,60.539,
Plot Title: T2032,2029,5/27/26 14:00,59.68,
Plot Title: T2033,2030,5/27/26 14:15,58.476,
Plot Title: T2034,2031,5/27/26 14:30,58.647,
Plot Title: T2035,2032,5/27/26 14:45,58.303,
Plot Title: T2036,2033,5/27/26 15:00,57.785,
Plot Title: T2037,2034,5/27/26 15:15,57.785,
Plot Title: T2038,2035,5/27/26 15:30,58.993,
Plot Title: T2039,2036,5/27/26 15:45,63.282,
Plot Title: T2040,2037,5/27/26 16:00,61.569,
Plot Title: T2041,2038,5/27/26 16:15,59.164,
Plot Title: T2042,2039,5/27/26 16:30,57.785,
Plot Title: T2043,2040,5/27/26 16:45,56.23,
Plot Title: T2044,2041,5/27/26 17:00,55.711,
Plot Title: T2045,2042,5/27/26 17:15,56.923,
Plot Title: T2046,2043,5/27/26 17:30,56.23,
Plot Title: T2047,2044,5/27/26 17:45,55.884,
Plot Title: T2048,2045,5/27/26 18:00,55.189,
Plot Title: T2049,2046,5/27/26 18:15,55.017,
Plot Title: T2050,2047,5/27/26 18:30,55.017,
Plot Title: T2051,2048,5/27/26 18:45,54.322,
Plot Title: T2052,2049,5/27/26 19:00,53.274,
Plot Title: T2053,2050,5/27/26 19:15,52.576,
Plot Title: T2054,2051,5/27/26 19:30,51.699,
Plot Title: T2055,2052,5/27/26 19:45,51.172,
Plot Title: T2056,2053,5/27/26 20:00,50.819,
Plot Title: T2057,2054,5/27/26 20:15,50.466,
Plot Title: T2058,2055,5/27/26 20:30,50.113,
Plot Title: T2059,2056,5/27/26 20:45,49.759,
Plot Title: T2060,2057,5/27/26 21:00,49.404,
Plot Title: T2061,2058,5/27/26 21:15,49.05,
Plot Title: T2062,2059,5/27/26 21:30,48.695,
Plot Title: T2063,2060,5/27/26 21:45,48.517,
Plot Title: T2064,2061,5/27/26 22:00,48.16,
Plot Title: T2065,2062,5/27/26 22:15,47.982,
Plot Title: T2066,2063,5/27/26 22:30,47.802,
Plot Title: T2067,2064,5/27/26 22:45,47.624,
Plot Title: T2068,2065,5/27/26 23:00,47.446,
Plot Title: T2069,2066,5/27/26 23:15,47.266,
Plot Title: T2070,2067,5/27/26 23:30,47.088,
Plot Title: T2071,2068,5/27/26 23:45,46.908,
Plot Title: T2072,2069,5/28/26 00:00,46.728,
Plot Title: T2073,2070,5/28/26 00:15,46.728,
Plot Title: T2074,2071,5/28/26 00:30,46.369,
Plot Title: T2075,2072,5/28/26 00:45,46.188,
Plot Title: T2076,2073,5/28/26 01:00,46.188,
Plot Title: T2077,2074,5/28/26 01:15,46.008,
Plot Title: T2078,2075,5/28/26 01:30,46.008,
Plot Title: T2079,2076,5/28/26 01:45,45.828,
Plot Title: T2080,2077,5/28/26 02:00,45.828,
Plot Title: T2081,2078,5/28/26 02:15,45.648,
Plot Title: T2082,2079,5/28/26 02:30,45.648,
Plot Title: T2083,2080,5/28/26 02:45,45.648,
Plot Title: T2084,2081,5/28/26 03:00,45.648,
Plot Title: T2085,2082,5/28/26 03:15,45.648,
Plot Title: T2086,2083,5/28/26 03:30,45.466,
Plot Title: T2087,2084,5/28/26 03:45,45.286,
Plot Title: T2088,2085,5/28/26 04:00,45.104,
Plot Title: T2089,2086,5/28/26 04:15,44.922,
Plot Title: T2090,2087,5/28/26 04:30,44.56,
Plot Title: T2091,2088,5/28/26 04:45,44.56,
Plot Title: T2092,2089,5/28/26 05:00,44.379,
Plot Title: T2093,2090,5/28/26 05:15,44.195,
Plot Title: T2094,2091,5/28/26 05:30,44.013,
Plot Title: T2095,2092,5/28/26 05:45,43.831,
Plot Title: T2096,2093,5/28/26 06:00,44.013,
Plot Title: T2097,2094,5/28/26 06:15,45.104,
Plot Title: T2098,2095,5/28/26 06:30,46.188,
Plot Title: T2099,2096,5/28/26 06:45,48.871,
Plot Title: T2100,2097,5/28/26 07:00,51.346,
Plot Title: T2101,2098,5/28/26 07:15,52.925,
Plot Title: T2102,2099,5/28/26 07:30,52.05,
Plot Title: T2103,2100,5/28/26 07:45,51.523,
Plot Title: T2104,2101,5/28/26 08:00,50.819,
Plot Title: T2105,2102,5/28/26 08:15,50.643,
Plot Title: T2106,2103,5/28/26 08:30,50.29,
Plot Title: T2107,2104,5/28/26 08:45,50.113,
Plot Title: T2108,2105,5/28/26 09:00,50.643,
Plot Title: T2109,2106,5/28/26 09:15,50.466,
Plot Title: T2110,2107,5/28/26 09:30,50.29,
Plot Title: T2111,2108,5/28/26 09:45,50.113,
Plot Title: T2112,2109,5/28/26 10:00,49.937,
Plot Title: T2113,2110,5/28/26 10:15,50.466,
Plot Title: T2114,2111,5/28/26 10:30,50.29,
Plot Title: T2115,2112,5/28/26 10:45,52.576,
Plot Title: T2116,2113,5/28/26 11:00,53.274,
Plot Title: T2117,2114,5/28/26 11:15,53.274,
Plot Title: T2118,2115,5/28/26 11:30,52.401,
Plot Title: T2119,2116,5/28/26 11:45,56.923,
Plot Title: T2120,2117,5/28/26 12:00,61.912,
Plot Title: T2121,2118,5/28/26 12:15,68.248,
Plot Title: T2122,2119,5/28/26 12:30,65.338,
Plot Title: T2123,2120,5/28/26 12:45,67.735,
Plot Title: T2124,2121,5/28/26 13:00,64.481,
Plot Title: T2125,2122,5/28/26 13:15,62.254,
Plot Title: T2126,2123,5/28/26 13:30,61.398,
Plot Title: T2127,2124,5/28/26 13:45,60.883,
Plot Title: T2128,2125,5/28/26 14:00,60.024,
Plot Title: T2129,2126,5/28/26 14:15,60.024,
Plot Title: T2130,2127,5/28/26 14:30,60.024,
Plot Title: T2131,2128,5/28/26 14:45,59.337,
Plot Title: T2132,2129,5/28/26 15:00,59.164,
Plot Title: T2133,2130,5/28/26 15:15,58.82,
Plot Title: T2134,2131,5/28/26 15:30,60.024,
Plot Title: T2135,2132,5/28/26 15:45,61.569,
Plot Title: T2136,2133,5/28/26 16:00,61.741,
Plot Title: T2137,2134,5/28/26 16:15,60.195,
Plot Title: T2138,2135,5/28/26 16:30,59.68,
Plot Title: T2139,2136,5/28/26 16:45,58.82,
Plot Title: T2140,2137,5/28/26 17:00,57.958,
Plot Title: T2141,2138,5/28/26 17:15,57.958,
Plot Title: T2142,2139,5/28/26 17:30,58.647,
Plot Title: T2143,2140,5/28/26 17:45,57.958,
Plot Title: T2144,2141,5/28/26 18:00,57.096,
Plot Title: T2145,2142,5/28/26 18:15,56.404,
Plot Title: T2146,2143,5/28/26 18:30,55.884,
Plot Title: T2147,2144,5/28/26 18:45,55.537,
Plot Title: T2148,2145,5/28/26 19:00,54.669,
Plot Title: T2149,2146,5/28/26 19:15,54.842,
Plot Title: T2150,2147,5/28/26 19:30,54.842,
Plot Title: T2151,2148,5/28/26 19:45,54.669,
Plot Title: T2152,2149,5/28/26 20:00,53.973,
Plot Title: T2153,2150,5/28/26 20:15,53.274,
Plot Title: T2154,2151,5/28/26 20:30,52.75,
Plot Title: T2155,2152,5/28/26 20:45,52.05,
Plot Title: T2156,2153,5/28/26 21:00,51.346,
Plot Title: T2157,2154,5/28/26 21:15,50.819,
Plot Title: T2158,2155,5/28/26 21:30,50.29,
Plot Title: T2159,2156,5/28/26 21:45,49.759,
Plot Title: T2160,2157,5/28/26 22:00,49.404,
Plot Title: T2161,2158,5/28/26 22:15,49.05,
Plot Title: T2162,2159,5/28/26 22:30,48.871,
Plot Title: T2163,2160,5/28/26 22:45,48.517,
Plot Title: T2164,2161,5/28/26 23:00,48.16,
Plot Title: T2165,2162,5/28/26 23:15,47.982,
Plot Title: T2166,2163,5/28/26 23:30,47.624,
Plot Title: T2167,2164,5/28/26 23:45,47.446,
Plot Title: T2168,2165,5/29/26 00:00,47.088,
Plot Title: T2169,2166,5/29/26 00:15,46.908,
Plot Title: T2170,2167,5/29/26 00:30,46.728,
Plot Title: T2171,2168,5/29/26 00:45,46.548,
Plot Title: T2172,2169,5/29/26 01:00,46.369,
Plot Title: T2173,2170,5/29/26 01:15,46.188,
Plot Title: T2174,2171,5/29/26 01:30,46.008,
Plot Title: T2175,2172,5/29/26 01:45,45.828,
Plot Title: T2176,2173,5/29/26 02:00,45.648,
Plot Title: T2177,2174,5/29/26 02:15,45.466,
Plot Title: T2178,2175,5/29/26 02:30,45.466,
Plot Title: T2179,2176,5/29/26 02:45,45.286,
Plot Title: T2180,2177,5/29/26 03:00,45.104,
Plot Title: T2181,2178,5/29/26 03:15,44.922,
Plot Title: T2182,2179,5/29/26 03:30,44.742,
Plot Title: T2183,2180,5/29/26 03:45,44.742,
Plot Title: T2184,2181,5/29/26 04:00,44.56,
Plot Title: T2185,2182,5/29/26 04:15,44.379,
Plot Title: T2186,2183,5/29/26 04:30,44.195,
Plot Title: T2187,2184,5/29/26 04:45,44.013,
Plot Title: T2188,2185,5/29/26 05:00,44.195,
Plot Title: T2189,2186,5/29/26 05:15,44.013,
Plot Title: T2190,2187,5/29/26 05:30,43.831,
Plot Title: T2191,2188,5/29/26 05:45,43.831,
Plot Title: T2192,2189,5/29/26 06:00,43.831,
Plot Title: T2193,2190,5/29/26 06:15,44.195,
Plot Title: T2194,2191,5/29/26 06:30,44.56,
Plot Title: T2195,2192,5/29/26 06:45,46.188,
Plot Title: T2196,2193,5/29/26 07:00,49.228,
Plot Title: T2197,2194,5/29/26 07:15,51.346,
Plot Title: T2198,2195,5/29/26 07:30,50.995,
Plot Title: T2199,2196,5/29/26 07:45,50.466,
Plot Title: T2200,2197,5/29/26 08:00,49.759,
Plot Title: T2201,2198,5/29/26 08:15,49.759,
Plot Title: T2202,2199,5/29/26 08:30,49.582,
Plot Title: T2203,2200,5/29/26 08:45,49.404,
Plot Title: T2204,2201,5/29/26 09:00,50.113,
Plot Title: T2205,2202,5/29/26 09:15,50.113,
Plot Title: T2206,2203,5/29/26 09:30,50.113,
Plot Title: T2207,2204,5/29/26 09:45,50.113,
Plot Title: T2208,2205,5/29/26 10:00,50.29,
Plot Title: T2209,2206,5/29/26 10:15,50.466,
Plot Title: T2210,2207,5/29/26 10:30,50.29,
Plot Title: T2211,2208,5/29/26 10:45,52.225,
Plot Title: T2212,2209,5/29/26 11:00,52.576,
Plot Title: T2213,2210,5/29/26 11:15,52.576,
Plot Title: T2214,2211,5/29/26 11:30,51.874,
Plot Title: T2215,2212,5/29/26 11:45,56.404,
Plot Title: T2216,2213,5/29/26 12:00,65.509,
Plot Title: T2217,2214,5/29/26 12:15,69.278,
Plot Title: T2218,2215,5/29/26 12:30,69.622,
Plot Title: T2219,2216,5/29/26 12:45,70.308,
Plot Title: T2220,2217,5/29/26 13:00,65.509,
Plot Title: T2221,2218,5/29/26 13:15,63.626,
Plot Title: T2222,2219,5/29/26 13:30,62.598,
Plot Title: T2223,2220,5/29/26 13:45,61.569,
Plot Title: T2224,2221,5/29/26 14:00,60.712,
Plot Title: T2225,2222,5/29/26 14:15,60.195,
Plot Title: T2226,2223,5/29/26 14:30,60.368,
Plot Title: T2227,2224,5/29/26 14:45,59.851,
Plot Title: T2228,2225,5/29/26 15:00,60.024,
Plot Title: T2229,2226,5/29/26 15:15,60.024,
Plot Title: T2230,2227,5/29/26 15:30,60.195,
Plot Title: T2231,2228,5/29/26 15:45,59.508,
Plot Title: T2232,2229,5/29/26 16:00,59.337,
Plot Title: T2233,2230,5/29/26 16:15,58.82,
Plot Title: T2234,2231,5/29/26 16:30,58.131,
Plot Title: T2235,2232,5/29/26 16:45,56.923,
Plot Title: T2236,2233,5/29/26 17:00,56.23,
Plot Title: T2237,2234,5/29/26 17:15,56.577,
Plot Title: T2238,2235,5/29/26 17:30,56.404,
Plot Title: T2239,2236,5/29/26 17:45,56.057,
Plot Title: T2240,2237,5/29/26 18:00,55.884,
Plot Title: T2241,2238,5/29/26 18:15,55.189,
Plot Title: T2242,2239,5/29/26 18:30,54.495,
Plot Title: T2243,2240,5/29/26 18:45,53.973,
Plot Title: T2244,2241,5/29/26 19:00,53.973,
Plot Title: T2245,2242,5/29/26 19:15,53.623,
Plot Title: T2246,2243,5/29/26 19:30,53.1,
Plot Title: T2247,2244,5/29/26 19:45,52.75,
Plot Title: T2248,2245,5/29/26 20:00,52.401,
Plot Title: T2249,2246,5/29/26 20:15,51.874,
Plot Title: T2250,2247,5/29/26 20:30,51.699,
Plot Title: T2251,2248,5/29/26 20:45,51.172,
Plot Title: T2252,2249,5/29/26 21:00,50.643,
Plot Title: T2253,2250,5/29/26 21:15,50.29,
Plot Title: T2254,2251,5/29/26 21:30,50.113,
Plot Title: T2255,2252,5/29/26 21:45,49.937,
Plot Title: T2256,2253,5/29/26 22:00,49.582,
Plot Title: T2257,2254,5/29/26 22:15,49.404,
Plot Title: T2258,2255,5/29/26 22:30,49.404,
Plot Title: T2259,2256,5/29/26 22:45,49.05,
Plot Title: T2260,2257,5/29/26 23:00,49.05,
Plot Title: T2261,2258,5/29/26 23:15,48.871,
Plot Title: T2262,2259,5/29/26 23:30,48.871,
Plot Title: T2263,2260,5/29/26 23:45,48.695,
Plot Title: T2264,2261,5/30/26 00:00,48.517,
Plot Title: T2265,2262,5/30/26 00:15,48.339,
Plot Title: T2266,2263,5/30/26 00:30,48.16,
Plot Title: T2267,2264,5/30/26 00:45,47.982,
Plot Title: T2268,2265,5/30/26 01:00,47.802,
Plot Title: T2269,2266,5/30/26 01:15,47.624,
Plot Title: T2270,2267,5/30/26 01:30,47.624,
Plot Title: T2271,2268,5/30/26 01:45,47.266,
Plot Title: T2272,2269,5/30/26 02:00,46.908,
Plot Title: T2273,2270,5/30/26 02:15,46.369,
Plot Title: T2274,2271,5/30/26 02:30,45.828,
Plot Title: T2275,2272,5/30/26 02:45,45.648,
Plot Title: T2276,2273,5/30/26 03:00,45.466,
Plot Title: T2277,2274,5/30/26 03:15,45.286,
Plot Title: T2278,2275,5/30/26 03:30,44.922,
Plot Title: T2279,2276,5/30/26 03:45,44.742,
Plot Title: T2280,2277,5/30/26 04:00,44.56,
Plot Title: T2281,2278,5/30/26 04:15,44.379,
Plot Title: T2282,2279,5/30/26 04:30,44.379,
Plot Title: T2283,2280,5/30/26 04:45,44.379,
Plot Title: T2284,2281,5/30/26 05:00,44.56,
Plot Title: T2285,2282,5/30/26 05:15,44.742,
Plot Title: T2286,2283,5/30/26 05:30,44.742,
Plot Title: T2287,2284,5/30/26 05:45,44.922,
Plot Title: T2288,2285,5/30/26 06:00,44.922,
Plot Title: T2289,2286,5/30/26 06:15,44.922,
Plot Title: T2290,2287,5/30/26 06:30,44.922,
Plot Title: T2291,2288,5/30/26 06:45,45.104,
Plot Title: T2292,2289,5/30/26 07:00,45.466,
Plot Title: T2293,2290,5/30/26 07:15,45.828,
Plot Title: T2294,2291,5/30/26 07:30,46.369,
Plot Title: T2295,2292,5/30/26 07:45,46.548,
Plot Title: T2296,2293,5/30/26 08:00,46.728,
Plot Title: T2297,2294,5/30/26 08:15,46.728,
Plot Title: T2298,2295,5/30/26 08:30,46.728,
Plot Title: T2299,2296,5/30/26 08:45,46.728,
Plot Title: T2300,2297,5/30/26 09:00,46.728,
Plot Title: T2301,2298,5/30/26 09:15,46.548,
Plot Title: T2302,2299,5/30/26 09:30,46.548,
Plot Title: T2303,2300,5/30/26 09:45,46.908,
Plot Title: T2304,2301,5/30/26 10:00,46.728,
Plot Title: T2305,2302,5/30/26 10:15,46.548,
Plot Title: T2306,2303,5/30/26 10:30,46.728,
Plot Title: T2307,2304,5/30/26 10:45,46.908,
Plot Title: T2308,2305,5/30/26 11:00,46.908,
Plot Title: T2309,2306,5/30/26 11:15,46.908,
Plot Title: T2310,2307,5/30/26 11:30,46.908,
Plot Title: T2311,2308,5/30/26 11:45,46.908,
Plot Title: T2312,2309,5/30/26 12:00,47.088,
Plot Title: T2313,2310,5/30/26 12:15,47.088,
Plot Title: T2314,2311,5/30/26 12:30,47.266,
Plot Title: T2315,2312,5/30/26 12:45,47.266,
Plot Title: T2316,2313,5/30/26 13:00,47.624,
Plot Title: T2317,2314,5/30/26 13:15,47.802,
Plot Title: T2318,2315,5/30/26 13:30,47.802,
Plot Title: T2319,2316,5/30/26 13:45,47.982,
Plot Title: T2320,2317,5/30/26 14:00,48.16,
Plot Title: T2321,2318,5/30/26 14:15,48.339,
Plot Title: T2322,2319,5/30/26 14:30,48.339,
Plot Title: T2323,2320,5/30/26 14:45,48.16,
Plot Title: T2324,2321,5/30/26 15:00,48.517,
Plot Title: T2325,2322,5/30/26 15:15,48.517,
Plot Title: T2326,2323,5/30/26 15:30,48.339,
Plot Title: T2327,2324,5/30/26 15:45,48.16,
Plot Title: T2328,2325,5/30/26 16:00,48.16,
Plot Title: T2329,2326,5/30/26 16:15,49.05,
Plot Title: T2330,2327,5/30/26 16:30,49.937,
Plot Title: T2331,2328,5/30/26 16:45,49.582,
Plot Title: T2332,2329,5/30/26 17:00,49.05,
Plot Title: T2333,2330,5/30/26 17:15,49.05,
Plot Title: T2334,2331,5/30/26 17:30,49.05,
Plot Title: T2335,2332,5/30/26 17:45,48.871,
Plot Title: T2336,2333,5/30/26 18:00,48.871,
Plot Title: T2337,2334,5/30/26 18:15,48.695,
Plot Title: T2338,2335,5/30/26 18:30,48.695,
Plot Title: T2339,2336,5/30/26 18:45,48.517,
Plot Title: T2340,2337,5/30/26 19:00,48.16,
Plot Title: T2341,2338,5/30/26 19:15,47.802,
Plot Title: T2342,2339,5/30/26 19:30,47.624,
Plot Title: T2343,2340,5/30/26 19:45,47.446,
Plot Title: T2344,2341,5/30/26 20:00,47.088,
Plot Title: T2345,2342,5/30/26 20:15,46.908,
Plot Title: T2346,2343,5/30/26 20:30,46.548,
Plot Title: T2347,2344,5/30/26 20:45,46.369,
Plot Title: T2348,2345,5/30/26 21:00,46.188,
Plot Title: T2349,2346,5/30/26 21:15,46.008,
Plot Title: T2350,2347,5/30/26 21:30,45.828,
Plot Title: T2351,2348,5/30/26 21:45,45.648,
Plot Title: T2352,2349,5/30/26 22:00,45.466,
Plot Title: T2353,2350,5/30/26 22:15,45.286,
Plot Title: T2354,2351,5/30/26 22:30,45.104,
Plot Title: T2355,2352,5/30/26 22:45,44.922,
Plot Title: T2356,2353,5/30/26 23:00,44.742,
Plot Title: T2357,2354,5/30/26 23:15,44.56,
Plot Title: T2358,2355,5/30/26 23:30,44.195,
Plot Title: T2359,2356,5/30/26 23:45,44.013,
Plot Title: T2360,2357,5/31/26 00:00,44.013,
Plot Title: T2361,2358,5/31/26 00:15,43.831,
Plot Title: T2362,2359,5/31/26 00:30,43.831,
Plot Title: T2363,2360,5/31/26 00:45,43.648,
Plot Title: T2364,2361,5/31/26 01:00,43.466,
Plot Title: T2365,2362,5/31/26 01:15,43.466,
Plot Title: T2366,2363,5/31/26 01:30,43.282,
Plot Title: T2367,2364,5/31/26 01:45,43.282,
Plot Title: T2368,2365,5/31/26 02:00,43.099,
Plot Title: T2369,2366,5/31/26 02:15,42.915,
Plot Title: T2370,2367,5/31/26 02:30,42.915,
Plot Title: T2371,2368,5/31/26 02:45,42.732,
Plot Title: T2372,2369,5/31/26 03:00,42.732,
Plot Title: T2373,2370,5/31/26 03:15,42.548,
Plot Title: T2374,2371,5/31/26 03:30,42.548,
Plot Title: T2375,2372,5/31/26 03:45,42.363,
Plot Title: T2376,2373,5/31/26 04:00,42.363,
Plot Title: T2377,2374,5/31/26 04:15,42.363,
Plot Title: T2378,2375,5/31/26 04:30,42.179,
Plot Title: T2379,2376,5/31/26 04:45,42.179,
Plot Title: T2380,2377,5/31/26 05:00,41.994,
Plot Title: T2381,2378,5/31/26 05:15,41.81,
Plot Title: T2382,2379,5/31/26 05:30,41.625,
Plot Title: T2383,2380,5/31/26 05:45,41.625,
Plot Title: T2384,2381,5/31/26 06:00,41.625,
Plot Title: T2385,2382,5/31/26 06:15,41.625,
Plot Title: T2386,2383,5/31/26 06:30,41.625,
Plot Title: T2387,2384,5/31/26 06:45,41.625,
Plot Title: T2388,2385,5/31/26 07:00,41.625,
Plot Title: T2389,2386,5/31/26 07:15,41.625,
Plot Title: T2390,2387,5/31/26 07:30,41.625,
Plot Title: T2391,2388,5/31/26 07:45,41.439,
Plot Title: T2392,2389,5/31/26 08:00,41.067,
Plot Title: T2393,2390,5/31/26 08:15,40.881,
Plot Title: T2394,2391,5/31/26 08:30,40.881,
Plot Title: T2395,2392,5/31/26 08:45,41.067,
Plot Title: T2396,2393,5/31/26 09:00,41.439,
Plot Title: T2397,2394,5/31/26 09:15,41.81,
Plot Title: T2398,2395,5/31/26 09:30,42.179,
Plot Title: T2399,2396,5/31/26 09:45,42.548,
Plot Title: T2400,2397,5/31/26 10:00,42.915,
Plot Title: T2401,2398,5/31/26 10:15,43.282,
Plot Title: T2402,2399,5/31/26 10:30,43.648,
Plot Title: T2403,2400,5/31/26 10:45,43.831,
Plot Title: T2404,2401,5/31/26 11:00,44.195,
Plot Title: T2405,2402,5/31/26 11:15,44.379,
Plot Title: T2406,2403,5/31/26 11:30,44.379,
Plot Title: T2407,2404,5/31/26 11:45,44.195,
Plot Title: T2408,2405,5/31/26 12:00,44.379,
Plot Title: T2409,2406,5/31/26 12:15,44.56,
Plot Title: T2410,2407,5/31/26 12:30,44.742,
Plot Title: T2411,2408,5/31/26 12:45,44.379,
Plot Title: T2412,2409,5/31/26 13:00,44.013,
Plot Title: T2413,2410,5/31/26 13:15,44.742,
Plot Title: T2414,2411,5/31/26 13:30,45.648,
Plot Title: T2415,2412,5/31/26 13:45,46.548,
Plot Title: T2416,2413,5/31/26 14:00,46.369,
Plot Title: T2417,2414,5/31/26 14:15,46.548,
Plot Title: T2418,2415,5/31/26 14:30,46.728,
Plot Title: T2419,2416,5/31/26 14:45,46.188,
Plot Title: T2420,2417,5/31/26 15:00,46.188,
Plot Title: T2421,2418,5/31/26 15:15,46.369,
Plot Title: T2422,2419,5/31/26 15:30,46.188,
Plot Title: T2423,2420,5/31/26 15:45,45.648,
Plot Title: T2424,2421,5/31/26 16:00,45.104,
Plot Title: T2425,2422,5/31/26 16:15,44.922,
Plot Title: T2426,2423,5/31/26 16:30,44.742,
Plot Title: T2427,2424,5/31/26 16:45,44.922,
Plot Title: T2428,2425,5/31/26 17:00,44.922,
Plot Title: T2429,2426,5/31/26 17:15,45.104,
Plot Title: T2430,2427,5/31/26 17:30,45.286,
Plot Title: T2431,2428,5/31/26 17:45,45.466,
Plot Title: T2432,2429,5/31/26 18:00,45.286,
Plot Title: T2433,2430,5/31/26 18:15,45.104,
Plot Title: T2434,2431,5/31/26 18:30,44.56,
Plot Title: T2435,2432,5/31/26 18:45,44.195,
Plot Title: T2436,2433,5/31/26 19:00,43.831,
Plot Title: T2437,2434,5/31/26 19:15,43.648,
Plot Title: T2438,2435,5/31/26 19:30,43.466,
Plot Title: T2439,2436,5/31/26 19:45,43.099,
Plot Title: T2440,2437,5/31/26 20:00,42.915,
Plot Title: T2441,2438,5/31/26 20:15,42.732,
Plot Title: T2442,2439,5/31/26 20:30,42.363,
Plot Title: T2443,2440,5/31/26 20:45,42.179,
Plot Title: T2444,2441,5/31/26 21:00,41.81,
Plot Title: T2445,2442,5/31/26 21:15,41.439,
Plot Title: T2446,2443,5/31/26 21:30,41.254,
Plot Title: T2447,2444,5/31/26 21:45,41.067,
Plot Title: T2448,2445,5/31/26 22:00,40.696,
Plot Title: T2449,2446,5/31/26 22:15,40.321,
Plot Title: T2450,2447,5/31/26 22:30,40.134,
Plot Title: T2451,2448,5/31/26 22:45,40.134,
Plot Title: T2452,2449,5/31/26 23:00,40.134,
Plot Title: T2453,2450,5/31/26 23:15,40.134,
Plot Title: T2454,2451,5/31/26 23:30,39.947,
Plot Title: T2455,2452,5/31/26 23:45,39.76,
Plot Title: T2456,2453,6/1/26 00:00,39.384,
Plot Title: T2457,2454,6/1/26 00:15,39.196,
Plot Title: T2458,2455,6/1/26 00:30,39.196,
Plot Title: T2459,2456,6/1/26 00:45,39.196,
Plot Title: T2460,2457,6/1/26 01:00,39.007,
Plot Title: T2461,2458,6/1/26 01:15,39.007,
Plot Title: T2462,2459,6/1/26 01:30,39.007,
Plot Title: T2463,2460,6/1/26 01:45,38.818,
Plot Title: T2464,2461,6/1/26 02:00,38.818,
Plot Title: T2465,2462,6/1/26 02:15,38.629,
Plot Title: T2466,2463,6/1/26 02:30,38.629,
Plot Title: T2467,2464,6/1/26 02:45,38.44,
Plot Title: T2468,2465,6/1/26 03:00,38.44,
Plot Title: T2469,2466,6/1/26 03:15,38.25,
Plot Title: T2470,2467,6/1/26 03:30,37.87,
Plot Title: T2471,2468,6/1/26 03:45,37.488,
Plot Title: T2472,2469,6/1/26 04:00,37.297,
Plot Title: T2473,2470,6/1/26 04:15,37.107,
Plot Title: T2474,2471,6/1/26 04:30,37.107,
Plot Title: T2475,2472,6/1/26 04:45,36.914,
Plot Title: T2476,2473,6/1/26 05:00,36.723,
Plot Title: T2477,2474,6/1/26 05:15,36.531,
Plot Title: T2478,2475,6/1/26 05:30,36.531,
Plot Title: T2479,2476,6/1/26 05:45,36.338,
Plot Title: T2480,2477,6/1/26 06:00,36.338,
Plot Title: T2481,2478,6/1/26 06:15,36.723,
Plot Title: T2482,2479,6/1/26 06:30,37.488,
Plot Title: T2483,2480,6/1/26 06:45,38.44,
Plot Title: T2484,2481,6/1/26 07:00,40.321,
Plot Title: T2485,2482,6/1/26 07:15,41.994,
Plot Title: T2486,2483,6/1/26 07:30,42.179,
Plot Title: T2487,2484,6/1/26 07:45,42.179,
Plot Title: T2488,2485,6/1/26 08:00,41.81,
Plot Title: T2489,2486,6/1/26 08:15,41.994,
Plot Title: T2490,2487,6/1/26 08:30,42.732,
Plot Title: T2491,2488,6/1/26 08:45,43.648,
Plot Title: T2492,2489,6/1/26 09:00,44.56,
Plot Title: T2493,2490,6/1/26 09:15,44.742,
Plot Title: T2494,2491,6/1/26 09:30,44.013,
Plot Title: T2495,2492,6/1/26 09:45,44.379,
Plot Title: T2496,2493,6/1/26 10:00,44.379,
Plot Title: T2497,2494,6/1/26 10:15,44.56,
Plot Title: T2498,2495,6/1/26 10:30,44.56,
Plot Title: T2499,2496,6/1/26 10:45,45.466,
Plot Title: T2500,2497,6/1/26 11:00,45.828,
Plot Title: T2501,2498,6/1/26 11:15,47.446,
Plot Title: T2502,2499,6/1/26 11:30,46.369,
Plot Title: T2503,2500,6/1/26 11:45,49.759,
Plot Title: T2504,2501,6/1/26 12:00,57.785,
Plot Title: T2505,2502,6/1/26 12:15,62.425,
Plot Title: T2506,2503,6/1/26 12:30,65.68,
Plot Title: T2507,2504,6/1/26 12:45,67.564,
Plot Title: T2508,2505,6/1/26 13:00,61.054,
Plot Title: T2509,2506,6/1/26 13:15,57.441,
Plot Title: T2510,2507,6/1/26 13:30,54.842,
Plot Title: T2511,2508,6/1/26 13:45,54.147,
Plot Title: T2512,2509,6/1/26 14:00,52.75,
Plot Title: T2513,2510,6/1/26 14:15,52.401,
Plot Title: T2514,2511,6/1/26 14:30,51.874,
Plot Title: T2515,2512,6/1/26 14:45,52.225,
Plot Title: T2516,2513,6/1/26 15:00,52.75,
Plot Title: T2517,2514,6/1/26 15:15,51.523,
Plot Title: T2518,2515,6/1/26 15:30,53.1,
Plot Title: T2519,2516,6/1/26 15:45,55.537,
Plot Title: T2520,2517,6/1/26 16:00,54.495,
Plot Title: T2521,2518,6/1/26 16:15,52.925,
Plot Title: T2522,2519,6/1/26 16:30,52.75,
Plot Title: T2523,2520,6/1/26 16:45,52.05,
Plot Title: T2524,2521,6/1/26 17:00,51.346,
Plot Title: T2525,2522,6/1/26 17:15,50.819,
Plot Title: T2526,2523,6/1/26 17:30,50.643,
Plot Title: T2527,2524,6/1/26 17:45,50.466,
Plot Title: T2528,2525,6/1/26 18:00,49.759,
Plot Title: T2529,2526,6/1/26 18:15,49.404,
Plot Title: T2530,2527,6/1/26 18:30,47.624,
Plot Title: T2531,2528,6/1/26 18:45,44.013,
Plot Title: T2532,2529,6/1/26 19:00,42.363,
Plot Title: T2533,2530,6/1/26 19:15,41.439,
Plot Title: T2534,2531,6/1/26 19:30,41.067,
Plot Title: T2535,2532,6/1/26 19:45,40.881,
Plot Title: T2536,2533,6/1/26 20:00,40.696,
Plot Title: T2537,2534,6/1/26 20:15,40.696,
Plot Title: T2538,2535,6/1/26 20:30,40.509,
Plot Title: T2539,2536,6/1/26 20:45,40.321,
Plot Title: T2540,2537,6/1/26 21:00,40.134,
Plot Title: T2541,2538,6/1/26 21:15,40.134,
Plot Title: T2542,2539,6/1/26 21:30,39.947,
Plot Title: T2543,2540,6/1/26 21:45,39.76,
Plot Title: T2544,2541,6/1/26 22:00,39.76,
Plot Title: T2545,2542,6/1/26 22:15,39.573,
Plot Title: T2546,2543,6/1/26 22:30,39.384,
Plot Title: T2547,2544,6/1/26 22:45,39.384,
Plot Title: T2548,2545,6/1/26 23:00,39.196,
Plot Title: T2549,2546,6/1/26 23:15,39.196,
Plot Title: T2550,2547,6/1/26 23:30,39.007,
Plot Title: T2551,2548,6/1/26 23:45,39.196,
Plot Title: T2552,2549,6/2/26 00:00,39.196,
Plot Title: T2553,2550,6/2/26 00:15,39.196,
Plot Title: T2554,2551,6/2/26 00:30,39.196,
Plot Title: T2555,2552,6/2/26 00:45,39.007,
Plot Title: T2556,2553,6/2/26 01:00,38.818,
Plot Title: T2557,2554,6/2/26 01:15,38.629,
Plot Title: T2558,2555,6/2/26 01:30,38.629,
Plot Title: T2559,2556,6/2/26 01:45,38.44,
Plot Title: T2560,2557,6/2/26 02:00,38.25,
Plot Title: T2561,2558,6/2/26 02:15,38.061,
Plot Title: T2562,2559,6/2/26 02:30,38.061,
Plot Title: T2563,2560,6/2/26 02:45,37.87,
Plot Title: T2564,2561,6/2/26 03:00,37.87,
Plot Title: T2565,2562,6/2/26 03:15,37.679,
Plot Title: T2566,2563,6/2/26 03:30,37.679,
Plot Title: T2567,2564,6/2/26 03:45,37.488,
Plot Title: T2568,2565,6/2/26 04:00,37.679,
Plot Title: T2569,2566,6/2/26 04:15,37.87,
Plot Title: T2570,2567,6/2/26 04:30,37.87,
Plot Title: T2571,2568,6/2/26 04:45,38.061,
Plot Title: T2572,2569,6/2/26 05:00,38.25,
Plot Title: T2573,2570,6/2/26 05:15,38.25,
Plot Title: T2574,2571,6/2/26 05:30,38.25,
Plot Title: T2575,2572,6/2/26 05:45,38.25,
Plot Title: T2576,2573,6/2/26 06:00,38.25,
Plot Title: T2577,2574,6/2/26 06:15,38.44,
Plot Title: T2578,2575,6/2/26 06:30,38.44,
Plot Title: T2579,2576,6/2/26 06:45,38.44,
Plot Title: T2580,2577,6/2/26 07:00,41.439,
Plot Title: T2581,2578,6/2/26 07:15,44.379,
Plot Title: T2582,2579,6/2/26 07:30,44.56,
Plot Title: T2583,2580,6/2/26 07:45,45.286,
Plot Title: T2584,2581,6/2/26 08:00,44.922,
Plot Title: T2585,2582,6/2/26 08:15,44.379,
Plot Title: T2586,2583,6/2/26 08:30,46.008,
Plot Title: T2587,2584,6/2/26 08:45,46.188,
Plot Title: T2588,2585,6/2/26 09:00,46.548,
Plot Title: T2589,2586,6/2/26 09:15,46.548,
Plot Title: T2590,2587,6/2/26 09:30,46.188,
Plot Title: T2591,2588,6/2/26 09:45,46.008,
Plot Title: T2592,2589,6/2/26 10:00,46.369,
Plot Title: T2593,2590,6/2/26 10:15,46.908,
Plot Title: T2594,2591,6/2/26 10:30,47.446,
Plot Title: T2595,2592,6/2/26 10:45,48.695,
Plot Title: T2596,2593,6/2/26 11:00,49.404,
Plot Title: T2597,2594,6/2/26 11:15,50.29,
Plot Title: T2598,2595,6/2/26 11:30,48.517,
Plot Title: T2599,2596,6/2/26 11:45,52.75,
Plot Title: T2600,2597,6/2/26 12:00,58.993,
Plot Title: T2601,2598,6/2/26 12:15,67.564,
Plot Title: T2602,2599,6/2/26 12:30,71.856,
Plot Title: T2603,2600,6/2/26 12:45,72.028,
Plot Title: T2604,2601,6/2/26 13:00,64.825,
Plot Title: T2605,2602,6/2/26 13:15,60.195,
Plot Title: T2606,2603,6/2/26 13:30,57.785,
Plot Title: T2607,2604,6/2/26 13:45,56.404,
Plot Title: T2608,2605,6/2/26 14:00,55.711,
Plot Title: T2609,2606,6/2/26 14:15,54.842,
Plot Title: T2610,2607,6/2/26 14:30,54.495,
Plot Title: T2611,2608,6/2/26 14:45,55.189,
Plot Title: T2612,2609,6/2/26 15:00,55.884,
Plot Title: T2613,2610,6/2/26 15:15,55.711,
Plot Title: T2614,2611,6/2/26 15:30,56.577,
Plot Title: T2615,2612,6/2/26 15:45,58.476,
Plot Title: T2616,2613,6/2/26 16:00,56.923,
Plot Title: T2617,2614,6/2/26 16:15,56.404,
Plot Title: T2618,2615,6/2/26 16:30,56.404,
Plot Title: T2619,2616,6/2/26 16:45,55.711,
Plot Title: T2620,2617,6/2/26 17:00,55.364,
Plot Title: T2621,2618,6/2/26 17:15,55.189,
Plot Title: T2622,2619,6/2/26 17:30,54.322,
Plot Title: T2623,2620,6/2/26 17:45,53.449,
Plot Title: T2624,2621,6/2/26 18:00,52.75,
Plot Title: T2625,2622,6/2/26 18:15,52.05,
Plot Title: T2626,2623,6/2/26 18:30,51.172,
Plot Title: T2627,2624,6/2/26 18:45,50.643,
Plot Title: T2628,2625,6/2/26 19:00,49.937,
Plot Title: T2629,2626,6/2/26 19:15,49.582,
Plot Title: T2630,2627,6/2/26 19:30,49.404,
Plot Title: T2631,2628,6/2/26 19:45,49.05,
Plot Title: T2632,2629,6/2/26 20:00,49.228,
Plot Title: T2633,2630,6/2/26 20:15,48.517,
Plot Title: T2634,2631,6/2/26 20:30,47.266,
Plot Title: T2635,2632,6/2/26 20:45,46.369,
Plot Title: T2636,2633,6/2/26 21:00,46.008,
Plot Title: T2637,2634,6/2/26 21:15,45.286,
Plot Title: T2638,2635,6/2/26 21:30,44.742,
Plot Title: T2639,2636,6/2/26 21:45,44.379,
Plot Title: T2640,2637,6/2/26 22:00,44.013,
Plot Title: T2641,2638,6/2/26 22:15,44.013,
Plot Title: T2642,2639,6/2/26 22:30,43.831,
Plot Title: T2643,2640,6/2/26 22:45,43.648,
Plot Title: T2644,2641,6/2/26 23:00,43.282,
Plot Title: T2645,2642,6/2/26 23:15,42.732,
Plot Title: T2646,2643,6/2/26 23:30,42.363,
Plot Title: T2647,2644,6/2/26 23:45,42.179,
Plot Title: T2648,2645,6/3/26 00:00,41.994,
Plot Title: T2649,2646,6/3/26 00:15,41.81,
Plot Title: T2650,2647,6/3/26 00:30,41.81,
Plot Title: T2651,2648,6/3/26 00:45,41.625,
Plot Title: T2652,2649,6/3/26 01:00,41.439,
Plot Title: T2653,2650,6/3/26 01:15,41.254,
Plot Title: T2654,2651,6/3/26 01:30,41.067,
Plot Title: T2655,2652,6/3/26 01:45,41.067,
Plot Title: T2656,2653,6/3/26 02:00,40.881,
Plot Title: T2657,2654,6/3/26 02:15,40.696,
Plot Title: T2658,2655,6/3/26 02:30,40.321,
Plot Title: T2659,2656,6/3/26 02:45,40.321,
Plot Title: T2660,2657,6/3/26 03:00,40.134,
Plot Title: T2661,2658,6/3/26 03:15,39.947,
Plot Title: T2662,2659,6/3/26 03:30,39.76,
Plot Title: T2663,2660,6/3/26 03:45,39.76,
Plot Title: T2664,2661,6/3/26 04:00,39.76,
Plot Title: T2665,2662,6/3/26 04:15,39.573,
Plot Title: T2666,2663,6/3/26 04:30,39.384,
Plot Title: T2667,2664,6/3/26 04:45,39.384,
Plot Title: T2668,2665,6/3/26 05:00,39.196,
Plot Title: T2669,2666,6/3/26 05:15,39.007,
Plot Title: T2670,2667,6/3/26 05:30,39.007,
Plot Title: T2671,2668,6/3/26 05:45,38.818,
Plot Title: T2672,2669,6/3/26 06:00,39.007,
Plot Title: T2673,2670,6/3/26 06:15,40.881,
Plot Title: T2674,2671,6/3/26 06:30,43.099,
Plot Title: T2675,2672,6/3/26 06:45,46.188,
Plot Title: T2676,2673,6/3/26 07:00,49.937,
Plot Title: T2677,2674,6/3/26 07:15,51.874,
Plot Title: T2678,2675,6/3/26 07:30,50.113,
Plot Title: T2679,2676,6/3/26 07:45,49.759,
Plot Title: T2680,2677,6/3/26 08:00,48.339,
Plot Title: T2681,2678,6/3/26 08:15,47.446,
Plot Title: T2682,2679,6/3/26 08:30,47.266,
Plot Title: T2683,2680,6/3/26 08:45,46.728,
Plot Title: T2684,2681,6/3/26 09:00,46.728,
Plot Title: T2685,2682,6/3/26 09:15,46.369,
Plot Title: T2686,2683,6/3/26 09:30,46.008,
Plot Title: T2687,2684,6/3/26 09:45,45.828,
Plot Title: T2688,2685,6/3/26 10:00,45.828,
Plot Title: T2689,2686,6/3/26 10:15,45.828,
Plot Title: T2690,2687,6/3/26 10:30,46.188,
Plot Title: T2691,2688,6/3/26 10:45,49.228,
Plot Title: T2692,2689,6/3/26 11:00,49.05,
Plot Title: T2693,2690,6/3/26 11:15,51.346,
Plot Title: T2694,2691,6/3/26 11:30,49.228,
Plot Title: T2695,2692,6/3/26 11:45,53.623,
Plot Title: T2696,2693,6/3/26 12:00,65.68,
Plot Title: T2697,2694,6/3/26 12:15,71.168,
Plot Title: T2698,2695,6/3/26 12:30,73.926,
Plot Title: T2699,2696,6/3/26 12:45,73.926,
Plot Title: T2700,2697,6/3/26 13:00,65.68,
Plot Title: T2701,2698,6/3/26 13:15,60.368,
Plot Title: T2702,2699,6/3/26 13:30,57.614,
Plot Title: T2703,2700,6/3/26 13:45,55.884,
Plot Title: T2704,2701,6/3/26 14:00,54.495,
Plot Title: T2705,2702,6/3/26 14:15,53.449,
Plot Title: T2706,2703,6/3/26 14:30,52.576,
Plot Title: T2707,2704,6/3/26 14:45,52.75,
Plot Title: T2708,2705,6/3/26 15:00,54.322,
Plot Title: T2709,2706,6/3/26 15:15,53.973,
Plot Title: T2710,2707,6/3/26 15:30,56.23,
Plot Title: T2711,2708,6/3/26 15:45,60.712,
Plot Title: T2712,2709,6/3/26 16:00,58.476,
Plot Title: T2713,2710,6/3/26 16:15,54.842,
Plot Title: T2714,2711,6/3/26 16:30,53.449,
Plot Title: T2715,2712,6/3/26 16:45,52.925,
Plot Title: T2716,2713,6/3/26 17:00,53.623,
Plot Title: T2717,2714,6/3/26 17:15,54.495,
Plot Title: T2718,2715,6/3/26 17:30,54.322,
Plot Title: T2719,2716,6/3/26 17:45,54.147,
Plot Title: T2720,2717,6/3/26 18:00,53.973,
Plot Title: T2721,2718,6/3/26 18:15,54.147,
Plot Title: T2722,2719,6/3/26 18:30,53.798,
Plot Title: T2723,2720,6/3/26 18:45,53.623,
Plot Title: T2724,2721,6/3/26 19:00,53.274,
Plot Title: T2725,2722,6/3/26 19:15,52.75,
Plot Title: T2726,2723,6/3/26 19:30,52.401,
Plot Title: T2727,2724,6/3/26 19:45,51.699,
Plot Title: T2728,2725,6/3/26 20:00,51.346,
Plot Title: T2729,2726,6/3/26 20:15,50.643,
Plot Title: T2730,2727,6/3/26 20:30,49.937,
Plot Title: T2731,2728,6/3/26 20:45,49.228,
Plot Title: T2732,2729,6/3/26 21:00,48.871,
Plot Title: T2733,2730,6/3/26 21:15,48.695,
Plot Title: T2734,2731,6/3/26 21:30,48.339,
Plot Title: T2735,2732,6/3/26 21:45,48.16,
Plot Title: T2736,2733,6/3/26 22:00,47.802,
Plot Title: T2737,2734,6/3/26 22:15,47.266,
Plot Title: T2738,2735,6/3/26 22:30,47.088,
Plot Title: T2739,2736,6/3/26 22:45,46.908,
Plot Title: T2740,2737,6/3/26 23:00,46.728,
Plot Title: T2741,2738,6/3/26 23:15,46.369,
Plot Title: T2742,2739,6/3/26 23:30,45.648,
Plot Title: T2743,2740,6/3/26 23:45,45.286,
Plot Title: T2744,2741,6/4/26 00:00,45.104,
Plot Title: T2745,2742,6/4/26 00:15,45.104,
Plot Title: T2746,2743,6/4/26 00:30,45.286,
Plot Title: T2747,2744,6/4/26 00:45,45.104,
Plot Title: T2748,2745,6/4/26 01:00,44.742,
Plot Title: T2749,2746,6/4/26 01:15,44.742,
Plot Title: T2750,2747,6/4/26 01:30,44.922,
Plot Title: T2751,2748,6/4/26 01:45,45.104,
Plot Title: T2752,2749,6/4/26 02:00,45.104,
Plot Title: T2753,2750,6/4/26 02:15,45.104,
Plot Title: T2754,2751,6/4/26 02:30,44.742,
Plot Title: T2755,2752,6/4/26 02:45,44.379,
Plot Title: T2756,2753,6/4/26 03:00,44.379,
Plot Title: T2757,2754,6/4/26 03:15,44.195,
Plot Title: T2758,2755,6/4/26 03:30,44.195,
Plot Title: T2759,2756,6/4/26 03:45,43.831,
Plot Title: T2760,2757,6/4/26 04:00,43.648,
Plot Title: T2761,2758,6/4/26 04:15,43.099,
Plot Title: T2762,2759,6/4/26 04:30,42.732,
Plot Title: T2763,2760,6/4/26 04:45,42.548,
Plot Title: T2764,2761,6/4/26 05:00,42.363,
Plot Title: T2765,2762,6/4/26 05:15,42.179,
Plot Title: T2766,2763,6/4/26 05:30,41.994,
Plot Title: T2767,2764,6/4/26 05:45,41.994,
Plot Title: T2768,2765,6/4/26 06:00,42.363,
Plot Title: T2769,2766,6/4/26 06:15,42.915,
Plot Title: T2770,2767,6/4/26 06:30,43.466,
Plot Title: T2771,2768,6/4/26 06:45,43.648,
Plot Title: T2772,2769,6/4/26 07:00,44.195,
Plot Title: T2773,2770,6/4/26 07:15,44.922,
Plot Title: T2774,2771,6/4/26 07:30,46.008,
Plot Title: T2775,2772,6/4/26 07:45,46.548,
Plot Title: T2776,2773,6/4/26 08:00,46.908,
Plot Title: T2777,2774,6/4/26 08:15,47.088,
Plot Title: T2778,2775,6/4/26 08:30,47.446,
Plot Title: T2779,2776,6/4/26 08:45,47.266,
Plot Title: T2780,2777,6/4/26 09:00,47.802,
Plot Title: T2781,2778,6/4/26 09:15,48.16,
Plot Title: T2782,2779,6/4/26 09:30,49.05,
Plot Title: T2783,2780,6/4/26 09:45,49.404,
Plot Title: T2784,2781,6/4/26 10:00,50.29,
Plot Title: T2785,2782,6/4/26 10:15,50.819,
Plot Title: T2786,2783,6/4/26 10:30,50.643,
Plot Title: T2787,2784,6/4/26 10:45,51.699,
Plot Title: T2788,2785,6/4/26 11:00,51.346,
Plot Title: T2789,2786,6/4/26 11:15,54.322,
Plot Title: T2790,2787,6/4/26 11:30,52.576,
Plot Title: T2791,2788,6/4/26 11:45,54.669,
Plot Title: T2792,2789,6/4/26 12:00,62.425,
Plot Title: T2793,2790,6/4/26 12:15,61.398,
Plot Title: T2794,2791,6/4/26 12:30,64.139,
Plot Title: T2795,2792,6/4/26 12:45,66.537,
Plot Title: T2796,2793,6/4/26 13:00,62.083,
Plot Title: T2797,2794,6/4/26 13:15,60.024,
Plot Title: T2798,2795,6/4/26 13:30,57.441,
Plot Title: T2799,2796,6/4/26 13:45,56.75,
Plot Title: T2800,2797,6/4/26 14:00,56.23,
Plot Title: T2801,2798,6/4/26 14:15,56.577,
Plot Title: T2802,2799,6/4/26 14:30,56.577,
Plot Title: T2803,2800,6/4/26 14:45,57.785,
Plot Title: T2804,2801,6/4/26 15:00,59.851,
Plot Title: T2805,2802,6/4/26 15:15,58.993,
Plot Title: T2806,2803,6/4/26 15:30,59.164,
Plot Title: T2807,2804,6/4/26 15:45,60.195,
Plot Title: T2808,2805,6/4/26 16:00,59.508,
Plot Title: T2809,2806,6/4/26 16:15,57.958,
Plot Title: T2810,2807,6/4/26 16:30,57.096,
Plot Title: T2811,2808,6/4/26 16:45,56.23,
Plot Title: T2812,2809,6/4/26 17:00,55.711,
Plot Title: T2813,2810,6/4/26 17:15,55.189,
Plot Title: T2814,2811,6/4/26 17:30,54.322,
Plot Title: T2815,2812,6/4/26 17:45,53.449,
Plot Title: T2816,2813,6/4/26 18:00,52.75,
Plot Title: T2817,2814,6/4/26 18:15,52.225,
Plot Title: T2818,2815,6/4/26 18:30,51.699,
Plot Title: T2819,2816,6/4/26 18:45,50.819,
Plot Title: T2820,2817,6/4/26 19:00,50.113,
Plot Title: T2821,2818,6/4/26 19:15,49.404,
Plot Title: T2822,2819,6/4/26 19:30,49.05,
Plot Title: T2823,2820,6/4/26 19:45,48.517,
Plot Title: T2824,2821,6/4/26 20:00,48.16,
Plot Title: T2825,2822,6/4/26 20:15,47.802,
Plot Title: T2826,2823,6/4/26 20:30,47.446,
Plot Title: T2827,2824,6/4/26 20:45,47.088,
Plot Title: T2828,2825,6/4/26 21:00,46.728,
Plot Title: T2829,2826,6/4/26 21:15,46.369,
Plot Title: T2830,2827,6/4/26 21:30,46.008,
Plot Title: T2831,2828,6/4/26 21:45,45.648,
Plot Title: T2832,2829,6/4/26 22:00,45.286,
Plot Title: T2833,2830,6/4/26 22:15,45.104,
Plot Title: T2834,2831,6/4/26 22:30,44.742,
Plot Title: T2835,2832,6/4/26 22:45,44.56,
Plot Title: T2836,2833,6/4/26 23:00,44.379,
Plot Title: T2837,2834,6/4/26 23:15,44.195,
Plot Title: T2838,2835,6/4/26 23:30,44.013,
Plot Title: T2839,2836,6/4/26 23:45,43.831,
Plot Title: T2840,2837,6/5/26 00:00,43.831,
Plot Title: T2841,2838,6/5/26 00:15,43.648,
Plot Title: T2842,2839,6/5/26 00:30,43.466,
Plot Title: T2843,2840,6/5/26 00:45,43.466,
Plot Title: T2844,2841,6/5/26 01:00,43.282,
Plot Title: T2845,2842,6/5/26 01:15,43.099,
Plot Title: T2846,2843,6/5/26 01:30,42.915,
Plot Title: T2847,2844,6/5/26 01:45,42.732,
Plot Title: T2848,2845,6/5/26 02:00,42.363,
Plot Title: T2849,2846,6/5/26 02:15,42.179,
Plot Title: T2850,2847,6/5/26 02:30,41.994,
Plot Title: T2851,2848,6/5/26 02:45,41.81,
Plot Title: T2852,2849,6/5/26 03:00,41.625,
Plot Title: T2853,2850,6/5/26 03:15,41.439,
Plot Title: T2854,2851,6/5/26 03:30,41.254,
Plot Title: T2855,2852,6/5/26 03:45,41.067,
Plot Title: T2856,2853,6/5/26 04:00,41.067,
Plot Title: T2857,2854,6/5/26 04:15,40.881,
Plot Title: T2858,2855,6/5/26 04:30,40.881,
Plot Title: T2859,2856,6/5/26 04:45,40.696,
Plot Title: T2860,2857,6/5/26 05:00,40.696,
Plot Title: T2861,2858,6/5/26 05:15,40.509,
Plot Title: T2862,2859,6/5/26 05:30,40.321,
Plot Title: T2863,2860,6/5/26 05:45,40.321,
Plot Title: T2864,2861,6/5/26 06:00,40.509,
Plot Title: T2865,2862,6/5/26 06:15,42.179,
Plot Title: T2866,2863,6/5/26 06:30,44.922,
Plot Title: T2867,2864,6/5/26 06:45,48.16,
Plot Title: T2868,2865,6/5/26 07:00,50.995,
Plot Title: T2869,2866,6/5/26 07:15,52.225,
Plot Title: T2870,2867,6/5/26 07:30,50.995,
Plot Title: T2871,2868,6/5/26 07:45,51.172,
Plot Title: T2872,2869,6/5/26 08:00,49.937,
Plot Title: T2873,2870,6/5/26 08:15,48.871,
Plot Title: T2874,2871,6/5/26 08:30,48.695,
Plot Title: T2875,2872,6/5/26 08:45,47.982,
Plot Title: T2876,2873,6/5/26 09:00,47.982,
Plot Title: T2877,2874,6/5/26 09:15,47.802,
Plot Title: T2878,2875,6/5/26 09:30,47.624,
Plot Title: T2879,2876,6/5/26 09:45,47.446,
Plot Title: T2880,2877,6/5/26 10:00,47.446,
Plot Title: T2881,2878,6/5/26 10:15,47.446,
Plot Title: T2882,2879,6/5/26 10:30,47.802,
Plot Title: T2883,2880,6/5/26 10:45,51.523,
Plot Title: T2884,2881,6/5/26 11:00,51.523,
Plot Title: T2885,2882,6/5/26 11:15,53.798,
Plot Title: T2886,2883,6/5/26 11:30,51.346,
Plot Title: T2887,2884,6/5/26 11:45,56.404,
Plot Title: T2888,2885,6/5/26 12:00,67.735,
Plot Title: T2889,2886,6/5/26 12:15,72.718,
Plot Title: T2890,2887,6/5/26 12:30,76.006,
Plot Title: T2891,2888,6/5/26 12:45,77.225,
Plot Title: T2892,2889,6/5/26 13:00,67.735,
Plot Title: T2893,2890,6/5/26 13:15,62.425,
Plot Title: T2894,2891,6/5/26 13:30,59.337,
Plot Title: T2895,2892,6/5/26 13:45,57.268,
Plot Title: T2896,2893,6/5/26 14:00,56.057,
Plot Title: T2897,2894,6/5/26 14:15,55.189,
Plot Title: T2898,2895,6/5/26 14:30,54.495,
Plot Title: T2899,2896,6/5/26 14:45,55.884,
Plot Title: T2900,2897,6/5/26 15:00,58.993,
Plot Title: T2901,2898,6/5/26 15:15,58.476,
Plot Title: T2902,2899,6/5/26 15:30,59.164,
Plot Title: T2903,2900,6/5/26 15:45,63.282,
Plot Title: T2904,2901,6/5/26 16:00,60.883,
Plot Title: T2905,2902,6/5/26 16:15,56.75,
Plot Title: T2906,2903,6/5/26 16:30,54.842,
Plot Title: T2907,2904,6/5/26 16:45,53.798,
Plot Title: T2908,2905,6/5/26 17:00,53.1,
Plot Title: T2909,2906,6/5/26 17:15,52.75,
Plot Title: T2910,2907,6/5/26 17:30,52.225,
Plot Title: T2911,2908,6/5/26 17:45,51.699,
Plot Title: T2912,2909,6/5/26 18:00,51.172,
Plot Title: T2913,2910,6/5/26 18:15,50.819,
Plot Title: T2914,2911,6/5/26 18:30,50.29,
Plot Title: T2915,2912,6/5/26 18:45,49.937,
Plot Title: T2916,2913,6/5/26 19:00,49.759,
Plot Title: T2917,2914,6/5/26 19:15,49.404,
Plot Title: T2918,2915,6/5/26 19:30,49.05,
Plot Title: T2919,2916,6/5/26 19:45,48.871,
Plot Title: T2920,2917,6/5/26 20:00,48.695,
Plot Title: T2921,2918,6/5/26 20:15,48.517,
Plot Title: T2922,2919,6/5/26 20:30,48.339,
Plot Title: T2923,2920,6/5/26 20:45,48.16,
Plot Title: T2924,2921,6/5/26 21:00,47.802,
Plot Title: T2925,2922,6/5/26 21:15,47.446,
Plot Title: T2926,2923,6/5/26 21:30,47.266,
Plot Title: T2927,2924,6/5/26 21:45,46.908,
Plot Title: T2928,2925,6/5/26 22:00,46.728,
Plot Title: T2929,2926,6/5/26 22:15,46.548,
Plot Title: T2930,2927,6/5/26 22:30,46.369,
Plot Title: T2931,2928,6/5/26 22:45,46.008,
Plot Title: T2932,2929,6/5/26 23:00,45.648,
Plot Title: T2933,2930,6/5/26 23:15,45.466,
Plot Title: T2934,2931,6/5/26 23:30,45.466,
Plot Title: T2935,2932,6/5/26 23:45,45.286,
Plot Title: T2936,2933,6/6/26 00:00,45.104,
Plot Title: T2937,2934,6/6/26 00:15,44.922,
Plot Title: T2938,2935,6/6/26 00:30,44.742,
Plot Title: T2939,2936,6/6/26 00:45,44.56,
Plot Title: T2940,2937,6/6/26 01:00,44.195,
Plot Title: T2941,2938,6/6/26 01:15,44.013,
Plot Title: T2942,2939,6/6/26 01:30,43.831,
Plot Title: T2943,2940,6/6/26 01:45,43.648,
Plot Title: T2944,2941,6/6/26 02:00,43.466,
Plot Title: T2945,2942,6/6/26 02:15,43.282,
Plot Title: T2946,2943,6/6/26 02:30,43.282,
Plot Title: T2947,2944,6/6/26 02:45,43.099,
Plot Title: T2948,2945,6/6/26 03:00,43.099,
Plot Title: T2949,2946,6/6/26 03:15,42.915,
Plot Title: T2950,2947,6/6/26 03:30,42.915,
Plot Title: T2951,2948,6/6/26 03:45,42.732,
Plot Title: T2952,2949,6/6/26 04:00,42.732,
Plot Title: T2953,2950,6/6/26 04:15,42.732,
Plot Title: T2954,2951,6/6/26 04:30,42.732,
Plot Title: T2955,2952,6/6/26 04:45,42.732,
Plot Title: T2956,2953,6/6/26 05:00,42.732,
Plot Title: T2957,2954,6/6/26 05:15,42.732,
Plot Title: T2958,2955,6/6/26 05:30,42.732,
Plot Title: T2959,2956,6/6/26 05:45,42.732,
Plot Title: T2960,2957,6/6/26 06:00,43.099,
Plot Title: T2961,2958,6/6/26 06:15,44.922,
Plot Title: T2962,2959,6/6/26 06:30,46.369,
Plot Title: T2963,2960,6/6/26 06:45,46.548,
Plot Title: T2964,2961,6/6/26 07:00,46.548,
Plot Title: T2965,2962,6/6/26 07:15,46.728,
Plot Title: T2966,2963,6/6/26 07:30,47.266,
Plot Title: T2967,2964,6/6/26 07:45,47.982,
Plot Title: T2968,2965,6/6/26 08:00,48.339,
Plot Title: T2969,2966,6/6/26 08:15,49.582,
Plot Title: T2970,2967,6/6/26 08:30,51.172,
Plot Title: T2971,2968,6/6/26 08:45,51.699,
Plot Title: T2972,2969,6/6/26 09:00,51.172,
Plot Title: T2973,2970,6/6/26 09:15,51.699,
Plot Title: T2974,2971,6/6/26 09:30,50.995,
Plot Title: T2975,2972,6/6/26 09:45,50.819,
Plot Title: T2976,2973,6/6/26 10:00,50.466,
Plot Title: T2977,2974,6/6/26 10:15,50.643,
Plot Title: T2978,2975,6/6/26 10:30,50.643,
Plot Title: T2979,2976,6/6/26 10:45,50.643,
Plot Title: T2980,2977,6/6/26 11:00,52.05,
Plot Title: T2981,2978,6/6/26 11:15,54.322,
Plot Title: T2982,2979,6/6/26 11:30,55.711,
Plot Title: T2983,2980,6/6/26 11:45,56.577,
Plot Title: T2984,2981,6/6/26 12:00,58.303,
Plot Title: T2985,2982,6/6/26 12:15,60.712,
Plot Title: T2986,2983,6/6/26 12:30,59.337,
Plot Title: T2987,2984,6/6/26 12:45,59.68,
Plot Title: T2988,2985,6/6/26 13:00,60.539,
Plot Title: T2989,2986,6/6/26 13:15,60.712,
Plot Title: T2990,2987,6/6/26 13:30,60.024,
Plot Title: T2991,2988,6/6/26 13:45,60.024,
Plot Title: T2992,2989,6/6/26 14:00,60.368,
Plot Title: T2993,2990,6/6/26 14:15,59.851,
Plot Title: T2994,2991,6/6/26 14:30,60.024,
Plot Title: T2995,2992,6/6/26 14:45,60.195,
Plot Title: T2996,2993,6/6/26 15:00,59.508,
Plot Title: T2997,2994,6/6/26 15:15,58.131,
Plot Title: T2998,2995,6/6/26 15:30,57.785,
Plot Title: T2999,2996,6/6/26 15:45,57.614,
Plot Title: T3000,2997,6/6/26 16:00,56.75,
Plot Title: T3001,2998,6/6/26 16:15,56.577,
Plot Title: T3002,2999,6/6/26 16:30,56.057,
Plot Title: T3003,3000,6/6/26 16:45,55.364,
Plot Title: T3004,3001,6/6/26 17:00,55.017,
Plot Title: T3005,3002,6/6/26 17:15,54.669,
Plot Title: T3006,3003,6/6/26 17:30,53.798,
Plot Title: T3007,3004,6/6/26 17:45,52.75,
Plot Title: T3008,3005,6/6/26 18:00,52.05,
Plot Title: T3009,3006,6/6/26 18:15,51.874,
Plot Title: T3010,3007,6/6/26 18:30,51.172,
Plot Title: T3011,3008,6/6/26 18:45,50.819,
Plot Title: T3012,3009,6/6/26 19:00,50.643,
Plot Title: T3013,3010,6/6/26 19:15,50.29,
Plot Title: T3014,3011,6/6/26 19:30,50.113,
Plot Title: T3015,3012,6/6/26 19:45,49.759,
Plot Title: T3016,3013,6/6/26 20:00,49.05,
Plot Title: T3017,3014,6/6/26 20:15,48.695,
Plot Title: T3018,3015,6/6/26 20:30,48.16,
Plot Title: T3019,3016,6/6/26 20:45,47.982,
Plot Title: T3020,3017,6/6/26 21:00,47.446,
Plot Title: T3021,3018,6/6/26 21:15,46.728,
Plot Title: T3022,3019,6/6/26 21:30,46.188,
Plot Title: T3023,3020,6/6/26 21:45,45.828,
Plot Title: T3024,3021,6/6/26 22:00,45.466,
Plot Title: T3025,3022,6/6/26 22:15,45.104,
Plot Title: T3026,3023,6/6/26 22:30,45.104,
Plot Title: T3027,3024,6/6/26 22:45,44.922,
Plot Title: T3028,3025,6/6/26 23:00,45.104,
Plot Title: T3029,3026,6/6/26 23:15,45.286,
Plot Title: T3030,3027,6/6/26 23:30,45.286,
Plot Title: T3031,3028,6/6/26 23:45,45.104,
Plot Title: T3032,3029,6/7/26 00:00,44.922,
Plot Title: T3033,3030,6/7/26 00:15,44.922,
Plot Title: T3034,3031,6/7/26 00:30,44.742,
Plot Title: T3035,3032,6/7/26 00:45,44.379,
Plot Title: T3036,3033,6/7/26 01:00,44.195,
Plot Title: T3037,3034,6/7/26 01:15,44.013,
Plot Title: T3038,3035,6/7/26 01:30,43.831,
Plot Title: T3039,3036,6/7/26 01:45,43.648,
Plot Title: T3040,3037,6/7/26 02:00,43.282,
Plot Title: T3041,3038,6/7/26 02:15,43.282,
Plot Title: T3042,3039,6/7/26 02:30,43.282,
Plot Title: T3043,3040,6/7/26 02:45,43.099,
Plot Title: T3044,3041,6/7/26 03:00,43.282,
Plot Title: T3045,3042,6/7/26 03:15,43.282,
Plot Title: T3046,3043,6/7/26 03:30,43.282,
Plot Title: T3047,3044,6/7/26 03:45,43.466,
Plot Title: T3048,3045,6/7/26 04:00,43.466,
Plot Title: T3049,3046,6/7/26 04:15,43.282,
Plot Title: T3050,3047,6/7/26 04:30,43.282,
Plot Title: T3051,3048,6/7/26 04:45,43.466,
Plot Title: T3052,3049,6/7/26 05:00,43.648,
Plot Title: T3053,3050,6/7/26 05:15,43.466,
Plot Title: T3054,3051,6/7/26 05:30,43.099,
Plot Title: T3055,3052,6/7/26 05:45,42.732,
Plot Title: T3056,3053,6/7/26 06:00,42.732,
Plot Title: T3057,3054,6/7/26 06:15,42.915,
Plot Title: T3058,3055,6/7/26 06:30,43.099,
Plot Title: T3059,3056,6/7/26 06:45,44.013,
Plot Title: T3060,3057,6/7/26 07:00,46.728,
Plot Title: T3061,3058,6/7/26 07:15,47.088,
Plot Title: T3062,3059,6/7/26 07:30,47.446,
Plot Title: T3063,3060,6/7/26 07:45,48.517,
Plot Title: T3064,3061,6/7/26 08:00,47.446,
Plot Title: T3065,3062,6/7/26 08:15,46.728,
Plot Title: T3066,3063,6/7/26 08:30,46.728,
Plot Title: T3067,3064,6/7/26 08:45,46.369,
Plot Title: T3068,3065,6/7/26 09:00,46.548,
Plot Title: T3069,3066,6/7/26 09:15,45.828,
Plot Title: T3070,3067,6/7/26 09:30,45.466,
Plot Title: T3071,3068,6/7/26 09:45,45.466,
Plot Title: T3072,3069,6/7/26 10:00,45.466,
Plot Title: T3073,3070,6/7/26 10:15,45.648,
Plot Title: T3074,3071,6/7/26 10:30,45.466,
Plot Title: T3075,3072,6/7/26 10:45,46.728,
Plot Title: T3076,3073,6/7/26 11:00,47.446,
Plot Title: T3077,3074,6/7/26 11:15,51.523,
Plot Title: T3078,3075,6/7/26 11:30,50.466,
Plot Title: T3079,3076,6/7/26 11:45,52.925,
Plot Title: T3080,3077,6/7/26 12:00,59.337,
Plot Title: T3081,3078,6/7/26 12:15,59.337,
Plot Title: T3082,3079,6/7/26 12:30,59.508,
Plot Title: T3083,3080,6/7/26 12:45,59.337,
Plot Title: T3084,3081,6/7/26 13:00,56.577,
Plot Title: T3085,3082,6/7/26 13:15,54.147,
Plot Title: T3086,3083,6/7/26 13:30,54.495,
Plot Title: T3087,3084,6/7/26 13:45,52.925,
Plot Title: T3088,3085,6/7/26 14:00,51.523,
Plot Title: T3089,3086,6/7/26 14:15,50.466,
Plot Title: T3090,3087,6/7/26 14:30,49.05,
Plot Title: T3091,3088,6/7/26 14:45,47.982,
Plot Title: T3092,3089,6/7/26 15:00,47.266,
Plot Title: T3093,3090,6/7/26 15:15,46.548,
Plot Title: T3094,3091,6/7/26 15:30,46.188,
Plot Title: T3095,3092,6/7/26 15:45,46.548,
Plot Title: T3096,3093,6/7/26 16:00,46.188,
Plot Title: T3097,3094,6/7/26 16:15,45.466,
Plot Title: T3098,3095,6/7/26 16:30,45.286,
Plot Title: T3099,3096,6/7/26 16:45,45.286,
Plot Title: T3100,3097,6/7/26 17:00,45.286,
Plot Title: T3101,3098,6/7/26 17:15,44.742,
Plot Title: T3102,3099,6/7/26 17:30,44.56,
Plot Title: T3103,3100,6/7/26 17:45,44.742,
Plot Title: T3104,3101,6/7/26 18:00,46.008,
Plot Title: T3105,3102,6/7/26 18:15,46.369,
Plot Title: T3106,3103,6/7/26 18:30,45.648,
Plot Title: T3107,3104,6/7/26 18:45,44.013,
Plot Title: T3108,3105,6/7/26 19:00,43.099,
Plot Title: T3109,3106,6/7/26 19:15,42.363,
Plot Title: T3110,3107,6/7/26 19:30,42.179,
Plot Title: T3111,3108,6/7/26 19:45,42.179,
Plot Title: T3112,3109,6/7/26 20:00,41.81,
Plot Title: T3113,3110,6/7/26 20:15,41.439,
Plot Title: T3114,3111,6/7/26 20:30,41.067,
Plot Title: T3115,3112,6/7/26 20:45,40.696,
Plot Title: T3116,3113,6/7/26 21:00,40.509,
Plot Title: T3117,3114,6/7/26 21:15,40.321,
Plot Title: T3118,3115,6/7/26 21:30,39.947,
Plot Title: T3119,3116,6/7/26 21:45,39.76,
Plot Title: T3120,3117,6/7/26 22:00,39.384,
Plot Title: T3121,3118,6/7/26 22:15,39.007,
Plot Title: T3122,3119,6/7/26 22:30,38.061,
Plot Title: T3123,3120,6/7/26 22:45,37.297,
Plot Title: T3124,3121,6/7/26 23:00,36.723,
Plot Title: T3125,3122,6/7/26 23:15,36.338,
Plot Title: T3126,3123,6/7/26 23:30,35.951,
Plot Title: T3127,3124,6/7/26 23:45,35.758,
Plot Title: T3128,3125,6/8/26 00:00,35.37,
Plot Title: T3129,3126,6/8/26 00:15,35.175,
Plot Title: T3130,3127,6/8/26 00:30,34.786,
Plot Title: T3131,3128,6/8/26 00:45,34.59,
Plot Title: T3132,3129,6/8/26 01:00,34.394,
Plot Title: T3133,3130,6/8/26 01:15,34.198,
Plot Title: T3134,3131,6/8/26 01:30,34.002,
Plot Title: T3135,3132,6/8/26 01:45,33.805,
Plot Title: T3136,3133,6/8/26 02:00,33.805,
Plot Title: T3137,3134,6/8/26 02:15,33.607,
Plot Title: T3138,3135,6/8/26 02:30,33.607,
Plot Title: T3139,3136,6/8/26 02:45,33.411,
Plot Title: T3140,3137,6/8/26 03:00,33.213,
Plot Title: T3141,3138,6/8/26 03:15,33.213,
Plot Title: T3142,3139,6/8/26 03:30,33.213,
Plot Title: T3143,3140,6/8/26 03:45,33.213,
Plot Title: T3144,3141,6/8/26 04:00,33.213,
Plot Title: T3145,3142,6/8/26 04:15,33.213,
Plot Title: T3146,3143,6/8/26 04:30,33.213,
Plot Title: T3147,3144,6/8/26 04:45,33.213,
Plot Title: T3148,3145,6/8/26 05:00,33.213,
Plot Title: T3149,3146,6/8/26 05:15,33.213,
Plot Title: T3150,3147,6/8/26 05:30,33.411,
Plot Title: T3151,3148,6/8/26 05:45,33.411,
Plot Title: T3152,3149,6/8/26 06:00,33.411,
Plot Title: T3153,3150,6/8/26 06:15,33.607,
Plot Title: T3154,3151,6/8/26 06:30,33.607,
Plot Title: T3155,3152,6/8/26 06:45,34.002,
Plot Title: T3156,3153,6/8/26 07:00,34.786,
Plot Title: T3157,3154,6/8/26 07:15,36.145,
Plot Title: T3158,3155,6/8/26 07:30,36.531,
Plot Title: T3159,3156,6/8/26 07:45,38.061,
Plot Title: T3160,3157,6/8/26 08:00,38.061,
Plot Title: T3161,3158,6/8/26 08:15,37.87,
Plot Title: T3162,3159,6/8/26 08:30,38.44,
Plot Title: T3163,3160,6/8/26 08:45,38.25,
Plot Title: T3164,3161,6/8/26 09:00,38.44,
Plot Title: T3165,3162,6/8/26 09:15,38.629,
Plot Title: T3166,3163,6/8/26 09:30,38.629,
Plot Title: T3167,3164,6/8/26 09:45,38.629,
Plot Title: T3168,3165,6/8/26 10:00,38.818,
Plot Title: T3169,3166,6/8/26 10:15,39.007,
Plot Title: T3170,3167,6/8/26 10:30,39.947,
Plot Title: T3171,3168,6/8/26 10:45,43.466,
Plot Title: T3172,3169,6/8/26 11:00,44.195,
Plot Title: T3173,3170,6/8/26 11:15,47.624,
Plot Title: T3174,3171,6/8/26 11:30,44.379,
Plot Title: T3175,3172,6/8/26 11:45,49.937,
Plot Title: T3176,3173,6/8/26 12:00,61.912,
Plot Title: T3177,3174,6/8/26 12:15,68.077,
Plot Title: T3178,3175,6/8/26 12:30,71.856,
Plot Title: T3179,3176,6/8/26 12:45,73.753,
Plot Title: T3180,3177,6/8/26 13:00,63.797,
Plot Title: T3181,3178,6/8/26 13:15,57.785,
Plot Title: T3182,3179,6/8/26 13:30,54.669,
Plot Title: T3183,3180,6/8/26 13:45,52.75,
Plot Title: T3184,3181,6/8/26 14:00,51.874,
Plot Title: T3185,3182,6/8/26 14:15,52.401,
Plot Title: T3186,3183,6/8/26 14:30,51.523,
Plot Title: T3187,3184,6/8/26 14:45,52.75,
Plot Title: T3188,3185,6/8/26 15:00,52.576,
Plot Title: T3189,3186,6/8/26 15:15,52.75,
Plot Title: T3190,3187,6/8/26 15:30,54.147,
Plot Title: T3191,3188,6/8/26 15:45,55.189,
Plot Title: T3192,3189,6/8/26 16:00,55.364,
Plot Title: T3193,3190,6/8/26 16:15,54.495,
Plot Title: T3194,3191,6/8/26 16:30,53.973,
Plot Title: T3195,3192,6/8/26 16:45,54.322,
Plot Title: T3196,3193,6/8/26 17:00,54.322,
Plot Title: T3197,3194,6/8/26 17:15,54.147,
Plot Title: T3198,3195,6/8/26 17:30,53.449,
Plot Title: T3199,3196,6/8/26 17:45,52.75,
Plot Title: T3200,3197,6/8/26 18:00,52.225,
Plot Title: T3201,3198,6/8/26 18:15,51.699,
Plot Title: T3202,3199,6/8/26 18:30,51.346,
Plot Title: T3203,3200,6/8/26 18:45,50.819,
Plot Title: T3204,3201,6/8/26 19:00,50.466,
Plot Title: T3205,3202,6/8/26 19:15,50.29,
Plot Title: T3206,3203,6/8/26 19:30,50.29,
Plot Title: T3207,3204,6/8/26 19:45,49.759,
Plot Title: T3208,3205,6/8/26 20:00,48.871,
Plot Title: T3209,3206,6/8/26 20:15,48.339,
Plot Title: T3210,3207,6/8/26 20:30,47.624,
Plot Title: T3211,3208,6/8/26 20:45,47.266,
Plot Title: T3212,3209,6/8/26 21:00,46.908,
Plot Title: T3213,3210,6/8/26 21:15,46.728,
Plot Title: T3214,3211,6/8/26 21:30,46.369,
Plot Title: T3215,3212,6/8/26 21:45,46.188,
Plot Title: T3216,3213,6/8/26 22:00,46.008,
Plot Title: T3217,3214,6/8/26 22:15,45.828,
Plot Title: T3218,3215,6/8/26 22:30,45.648,
Plot Title: T3219,3216,6/8/26 22:45,45.466,
Plot Title: T3220,3217,6/8/26 23:00,45.286,
Plot Title: T3221,3218,6/8/26 23:15,45.286,
Plot Title: T3222,3219,6/8/26 23:30,45.286,
Plot Title: T3223,3220,6/8/26 23:45,45.286,
Plot Title: T3224,3221,6/9/26 00:00,45.104,
Plot Title: T3225,3222,6/9/26 00:15,45.104,
Plot Title: T3226,3223,6/9/26 00:30,45.104,
Plot Title: T3227,3224,6/9/26 00:45,45.104,
Plot Title: T3228,3225,6/9/26 01:00,45.104,
Plot Title: T3229,3226,6/9/26 01:15,45.104,
Plot Title: T3230,3227,6/9/26 01:30,44.922,
Plot Title: T3231,3228,6/9/26 01:45,44.742,
Plot Title: T3232,3229,6/9/26 02:00,44.56,
Plot Title: T3233,3230,6/9/26 02:15,44.56,
Plot Title: T3234,3231,6/9/26 02:30,44.56,
Plot Title: T3235,3232,6/9/26 02:45,44.56,
Plot Title: T3236,3233,6/9/26 03:00,44.56,
Plot Title: T3237,3234,6/9/26 03:15,44.56,
Plot Title: T3238,3235,6/9/26 03:30,44.56,
Plot Title: T3239,3236,6/9/26 03:45,44.56,
Plot Title: T3240,3237,6/9/26 04:00,44.56,
Plot Title: T3241,3238,6/9/26 04:15,44.379,
Plot Title: T3242,3239,6/9/26 04:30,44.013,
Plot Title: T3243,3240,6/9/26 04:45,43.831,
Plot Title: T3244,3241,6/9/26 05:00,43.831,
Plot Title: T3245,3242,6/9/26 05:15,43.648,
Plot Title: T3246,3243,6/9/26 05:30,43.648,
Plot Title: T3247,3244,6/9/26 05:45,43.466,
Plot Title: T3248,3245,6/9/26 06:00,43.282,
Plot Title: T3249,3246,6/9/26 06:15,43.282,
Plot Title: T3250,3247,6/9/26 06:30,43.099,
Plot Title: T3251,3248,6/9/26 06:45,43.099,
Plot Title: T3252,3249,6/9/26 07:00,42.915,
Plot Title: T3253,3250,6/9/26 07:15,43.282,
Plot Title: T3254,3251,6/9/26 07:30,43.831,
Plot Title: T3255,3252,6/9/26 07:45,44.013,
Plot Title: T3256,3253,6/9/26 08:00,44.379,
Plot Title: T3257,3254,6/9/26 08:15,44.56,
Plot Title: T3258,3255,6/9/26 08:30,45.466,
Plot Title: T3259,3256,6/9/26 08:45,46.548,
Plot Title: T3260,3257,6/9/26 09:00,46.548,
Plot Title: T3261,3258,6/9/26 09:15,46.188,
Plot Title: T3262,3259,6/9/26 09:30,46.728,
Plot Title: T3263,3260,6/9/26 09:45,46.908,
Plot Title: T3264,3261,6/9/26 10:00,47.982,
Plot Title: T3265,3262,6/9/26 10:15,49.404,
Plot Title: T3266,3263,6/9/26 10:30,50.29,
Plot Title: T3267,3264,6/9/26 10:45,50.995,
Plot Title: T3268,3265,6/9/26 11:00,52.401,
Plot Title: T3269,3266,6/9/26 11:15,54.322,
Plot Title: T3270,3267,6/9/26 11:30,53.274,
Plot Title: T3271,3268,6/9/26 11:45,52.401,
Plot Title: T3272,3269,6/9/26 12:00,49.937,
Plot Title: T3273,3270,6/9/26 12:15,51.523,
Plot Title: T3274,3271,6/9/26 12:30,53.274,
Plot Title: T3275,3272,6/9/26 12:45,53.623,
Plot Title: T3276,3273,6/9/26 13:00,51.699,
Plot Title: T3277,3274,6/9/26 13:15,50.466,
Plot Title: T3278,3275,6/9/26 13:30,48.339,
Plot Title: T3279,3276,6/9/26 13:45,47.088,
Plot Title: T3280,3277,6/9/26 14:00,45.828,
Plot Title: T3281,3278,6/9/26 14:15,44.56,
Plot Title: T3282,3279,6/9/26 14:30,44.379,
Plot Title: T3283,3280,6/9/26 14:45,44.379,
Plot Title: T3284,3281,6/9/26 15:00,44.195,
Plot Title: T3285,3282,6/9/26 15:15,44.195,
Plot Title: T3286,3283,6/9/26 15:30,44.013,
Plot Title: T3287,3284,6/9/26 15:45,44.195,
Plot Title: T3288,3285,6/9/26 16:00,44.56,
Plot Title: T3289,3286,6/9/26 16:15,46.008,
Plot Title: T3290,3287,6/9/26 16:30,46.369,
Plot Title: T3291,3288,6/9/26 16:45,46.188,
Plot Title: T3292,3289,6/9/26 17:00,47.446,
Plot Title: T3293,3290,6/9/26 17:15,47.802,
Plot Title: T3294,3291,6/9/26 17:30,47.624,
Plot Title: T3295,3292,6/9/26 17:45,46.008,
Plot Title: T3296,3293,6/9/26 18:00,44.56,
Plot Title: T3297,3294,6/9/26 18:15,44.195,
Plot Title: T3298,3295,6/9/26 18:30,43.282,
Plot Title: T3299,3296,6/9/26 18:45,41.994,
Plot Title: T3300,3297,6/9/26 19:00,42.732,
Plot Title: T3301,3298,6/9/26 19:15,42.732,
Plot Title: T3302,3299,6/9/26 19:30,42.548,
Plot Title: T3303,3300,6/9/26 19:45,42.732,
Plot Title: T3304,3301,6/9/26 20:00,42.732,
Plot Title: T3305,3302,6/9/26 20:15,42.363,
Plot Title: T3306,3303,6/9/26 20:30,42.179,
Plot Title: T3307,3304,6/9/26 20:45,42.179,
Plot Title: T3308,3305,6/9/26 21:00,41.254,
Plot Title: T3309,3306,6/9/26 21:15,40.321,
Plot Title: T3310,3307,6/9/26 21:30,39.76,
Plot Title: T3311,3308,6/9/26 21:45,39.573,
Plot Title: T3312,3309,6/9/26 22:00,39.196,
Plot Title: T3313,3310,6/9/26 22:15,39.384,
Plot Title: T3314,3311,6/9/26 22:30,39.384,
Plot Title: T3315,3312,6/9/26 22:45,39.384,
Plot Title: T3316,3313,6/9/26 23:00,39.007,
Plot Title: T3317,3314,6/9/26 23:15,38.818,
Plot Title: T3318,3315,6/9/26 23:30,38.061,
Plot Title: T3319,3316,6/9/26 23:45,37.488,
Plot Title: T3320,3317,6/10/26 00:00,36.914,
Plot Title: T3321,3318,6/10/26 00:15,36.531,
Plot Title: T3322,3319,6/10/26 00:30,36.531,
Plot Title: T3323,3320,6/10/26 00:45,36.145,
Plot Title: T3324,3321,6/10/26 01:00,35.951,
Plot Title: T3325,3322,6/10/26 01:15,36.145,
Plot Title: T3326,3323,6/10/26 01:30,36.145,
Plot Title: T3327,3324,6/10/26 01:45,36.145,
Plot Title: T3328,3325,6/10/26 02:00,35.951,
Plot Title: T3329,3326,6/10/26 02:15,35.758,
Plot Title: T3330,3327,6/10/26 02:30,35.564,
Plot Title: T3331,3328,6/10/26 02:45,35.175,
Plot Title: T3332,3329,6/10/26 03:00,35.37,
Plot Title: T3333,3330,6/10/26 03:15,35.37,
Plot Title: T3334,3331,6/10/26 03:30,35.175,
Plot Title: T3335,3332,6/10/26 03:45,35.175,
Plot Title: T3336,3333,6/10/26 04:00,35.37,
Plot Title: T3337,3334,6/10/26 04:15,35.37,
Plot Title: T3338,3335,6/10/26 04:30,35.37,
Plot Title: T3339,3336,6/10/26 04:45,35.175,
Plot Title: T3340,3337,6/10/26 05:00,35.175,
Plot Title: T3341,3338,6/10/26 05:15,34.981,
Plot Title: T3342,3339,6/10/26 05:30,34.981,
Plot Title: T3343,3340,6/10/26 05:45,34.981,
Plot Title: T3344,3341,6/10/26 06:00,34.981,
Plot Title: T3345,3342,6/10/26 06:15,34.981,
Plot Title: T3346,3343,6/10/26 06:30,34.981,
Plot Title: T3347,3344,6/10/26 06:45,35.175,
Plot Title: T3348,3345,6/10/26 07:00,35.37,
Plot Title: T3349,3346,6/10/26 07:15,35.758,
Plot Title: T3350,3347,6/10/26 07:30,36.338,
Plot Title: T3351,3348,6/10/26 07:45,37.679,
Plot Title: T3352,3349,6/10/26 08:00,38.061,
Plot Title: T3353,3350,6/10/26 08:15,39.007,
Plot Title: T3354,3351,6/10/26 08:30,39.947,
Plot Title: T3355,3352,6/10/26 08:45,40.696,
Plot Title: T3356,3353,6/10/26 09:00,40.881,
Plot Title: T3357,3354,6/10/26 09:15,40.696,
Plot Title: T3358,3355,6/10/26 09:30,40.321,
Plot Title: T3359,3356,6/10/26 09:45,40.321,
Plot Title: T3360,3357,6/10/26 10:00,40.509,
Plot Title: T3361,3358,6/10/26 10:15,40.321,
Plot Title: T3362,3359,6/10/26 10:30,41.439,
Plot Title: T3363,3360,6/10/26 10:45,43.282,
Plot Title: T3364,3361,6/10/26 11:00,43.831,
Plot Title: T3365,3362,6/10/26 11:15,44.742,
Plot Title: T3366,3363,6/10/26 11:30,46.369,
Plot Title: T3367,3364,6/10/26 11:45,51.172,
Plot Title: T3368,3365,6/10/26 12:00,56.23,
Plot Title: T3369,3366,6/10/26 12:15,58.476,
Plot Title: T3370,3367,6/10/26 12:30,66.537,
Plot Title: T3371,3368,6/10/26 12:45,59.508,
Plot Title: T3372,3369,6/10/26 13:00,51.172,
Plot Title: T3373,3370,6/10/26 13:15,46.008,
Plot Title: T3374,3371,6/10/26 13:30,44.56,
Plot Title: T3375,3372,6/10/26 13:45,43.466,
Plot Title: T3376,3373,6/10/26 14:00,43.099,
Plot Title: T3377,3374,6/10/26 14:15,44.922,
Plot Title: T3378,3375,6/10/26 14:30,45.104,
Plot Title: T3379,3376,6/10/26 14:45,44.56,
Plot Title: T3380,3377,6/10/26 15:00,42.179,
Plot Title: T3381,3378,6/10/26 15:15,43.831,
Plot Title: T3382,3379,6/10/26 15:30,43.099,
Plot Title: T3383,3380,6/10/26 15:45,41.254,
Plot Title: T3384,3381,6/10/26 16:00,41.067,
Plot Title: T3385,3382,6/10/26 16:15,40.696,
Plot Title: T3386,3383,6/10/26 16:30,41.439,
Plot Title: T3387,3384,6/10/26 16:45,42.732,
Plot Title: T3388,3385,6/10/26 17:00,41.067,
Plot Title: T3389,3386,6/10/26 17:15,41.067,
Plot Title: T3390,3387,6/10/26 17:30,41.067,
Plot Title: T3391,3388,6/10/26 17:45,41.439,
Plot Title: T3392,3389,6/10/26 18:00,41.439,
Plot Title: T3393,3390,6/10/26 18:15,41.81,
Plot Title: T3394,3391,6/10/26 18:30,41.81,
Plot Title: T3395,3392,6/10/26 18:45,41.439,
Plot Title: T3396,3393,6/10/26 19:00,41.439,
Plot Title: T3397,3394,6/10/26 19:15,41.067,
Plot Title: T3398,3395,6/10/26 19:30,40.696,
Plot Title: T3399,3396,6/10/26 19:45,39.947,
Plot Title: T3400,3397,6/10/26 20:00,39.573,
Plot Title: T3401,3398,6/10/26 20:15,39.196,
Plot Title: T3402,3399,6/10/26 20:30,39.007,
Plot Title: T3403,3400,6/10/26 20:45,38.629,
Plot Title: T3404,3401,6/10/26 21:00,37.87,
Plot Title: T3405,3402,6/10/26 21:15,37.297,
Plot Title: T3406,3403,6/10/26 21:30,36.723,
Plot Title: T3407,3404,6/10/26 21:45,36.531,
Plot Title: T3408,3405,6/10/26 22:00,36.531,
Plot Title: T3409,3406,6/10/26 22:15,36.531,
Plot Title: T3410,3407,6/10/26 22:30,36.531,
Plot Title: T3411,3408,6/10/26 22:45,36.338,
Plot Title: T3412,3409,6/10/26 23:00,36.338,
Plot Title: T3413,3410,6/10/26 23:15,36.338,
Plot Title: T3414,3411,6/10/26 23:30,36.338,
Plot Title: T3415,3412,6/10/26 23:45,36.338,
Plot Title: T3416,3413,6/11/26 00:00,36.145,
Plot Title: T3417,3414,6/11/26 00:15,36.145,
Plot Title: T3418,3415,6/11/26 00:30,36.145,
Plot Title: T3419,3416,6/11/26 00:45,36.145,
Plot Title: T3420,3417,6/11/26 01:00,36.145,
Plot Title: T3421,3418,6/11/26 01:15,36.145,
Plot Title: T3422,3419,6/11/26 01:30,35.951,
Plot Title: T3423,3420,6/11/26 01:45,35.951,
Plot Title: T3424,3421,6/11/26 02:00,35.951,
Plot Title: T3425,3422,6/11/26 02:15,35.951,
Plot Title: T3426,3423,6/11/26 02:30,35.951,
Plot Title: T3427,3424,6/11/26 02:45,35.951,
Plot Title: T3428,3425,6/11/26 03:00,35.951,
Plot Title: T3429,3426,6/11/26 03:15,35.758,
Plot Title: T3430,3427,6/11/26 03:30,35.758,
Plot Title: T3431,3428,6/11/26 03:45,35.758,
Plot Title: T3432,3429,6/11/26 04:00,35.758,
Plot Title: T3433,3430,6/11/26 04:15,35.758,
Plot Title: T3434,3431,6/11/26 04:30,35.758,
Plot Title: T3435,3432,6/11/26 04:45,35.564,
Plot Title: T3436,3433,6/11/26 05:00,35.564,
Plot Title: T3437,3434,6/11/26 05:15,35.564,
Plot Title: T3438,3435,6/11/26 05:30,35.564,
Plot Title: T3439,3436,6/11/26 05:45,35.564,
Plot Title: T3440,3437,6/11/26 06:00,35.564,
Plot Title: T3441,3438,6/11/26 06:15,35.564,
Plot Title: T3442,3439,6/11/26 06:30,35.564,
Plot Title: T3443,3440,6/11/26 06:45,35.758,
Plot Title: T3444,3441,6/11/26 07:00,35.951,
Plot Title: T3445,3442,6/11/26 07:15,36.145,
Plot Title: T3446,3443,6/11/26 07:30,36.723,
Plot Title: T3447,3444,6/11/26 07:45,37.297,
Plot Title: T3448,3445,6/11/26 08:00,37.87,
Plot Title: T3449,3446,6/11/26 08:15,38.629,
Plot Title: T3450,3447,6/11/26 08:30,40.134,
Plot Title: T3451,3448,6/11/26 08:45,41.067,
Plot Title: T3452,3449,6/11/26 09:00,42.179,
Plot Title: T3453,3450,6/11/26 09:15,43.282,
Plot Title: T3454,3451,6/11/26 09:30,43.831,
Plot Title: T3455,3452,6/11/26 09:45,44.013,
Plot Title: T3456,3453,6/11/26 10:00,45.104,
Plot Title: T3457,3454,6/11/26 10:15,45.466,
Plot Title: T3458,3455,6/11/26 10:30,45.648,
Plot Title: T3459,3456,6/11/26 10:45,46.908,
Plot Title: T3460,3457,6/11/26 11:00,47.982,
Plot Title: T3461,3458,6/11/26 11:15,49.937,
Plot Title: T3462,3459,6/11/26 11:30,48.695,
Plot Title: T3463,3460,6/11/26 11:45,49.759,
Plot Title: T3464,3461,6/11/26 12:00,50.113,
Plot Title: T3465,3462,6/11/26 12:15,52.401,
Plot Title: T3466,3463,6/11/26 12:30,60.024,
Plot Title: T3467,3464,6/11/26 12:45,59.164,
Plot Title: T3468,3465,6/11/26 13:00,54.669,
Plot Title: T3469,3466,6/11/26 13:15,51.346,
Plot Title: T3470,3467,6/11/26 13:30,49.228,
Plot Title: T3471,3468,6/11/26 13:45,47.982,
Plot Title: T3472,3469,6/11/26 14:00,47.088,
Plot Title: T3473,3470,6/11/26 14:15,46.548,
Plot Title: T3474,3471,6/11/26 14:30,46.008,
Plot Title: T3475,3472,6/11/26 14:45,46.548,
Plot Title: T3476,3473,6/11/26 15:00,52.225,
Plot Title: T3477,3474,6/11/26 15:15,52.576,
Plot Title: T3478,3475,6/11/26 15:30,53.449,
Plot Title: T3479,3476,6/11/26 15:45,57.268,
Plot Title: T3480,3477,6/11/26 16:00,55.364,
Plot Title: T3481,3478,6/11/26 16:15,50.995,
Plot Title: T3482,3479,6/11/26 16:30,48.517,
Plot Title: T3483,3480,6/11/26 16:45,47.266,
Plot Title: T3484,3481,6/11/26 17:00,46.728,
Plot Title: T3485,3482,6/11/26 17:15,46.369,
Plot Title: T3486,3483,6/11/26 17:30,46.188,
Plot Title: T3487,3484,6/11/26 17:45,45.828,
Plot Title: T3488,3485,6/11/26 18:00,45.286,
Plot Title: T3489,3486,6/11/26 18:15,44.742,
Plot Title: T3490,3487,6/11/26 18:30,44.195,
Plot Title: T3491,3488,6/11/26 18:45,43.648,
Plot Title: T3492,3489,6/11/26 19:00,43.282,
Plot Title: T3493,3490,6/11/26 19:15,42.915,
Plot Title: T3494,3491,6/11/26 19:30,42.548,
Plot Title: T3495,3492,6/11/26 19:45,42.179,
Plot Title: T3496,3493,6/11/26 20:00,41.994,
Plot Title: T3497,3494,6/11/26 20:15,41.81,
Plot Title: T3498,3495,6/11/26 20:30,41.439,
Plot Title: T3499,3496,6/11/26 20:45,41.254,
Plot Title: T3500,3497,6/11/26 21:00,41.067,
Plot Title: T3501,3498,6/11/26 21:15,40.696,
Plot Title: T3502,3499,6/11/26 21:30,40.321,
Plot Title: T3503,3500,6/11/26 21:45,40.134,
Plot Title: T3504,3501,6/11/26 22:00,39.76,
Plot Title: T3505,3502,6/11/26 22:15,39.573,
Plot Title: T3506,3503,6/11/26 22:30,39.384,
Plot Title: T3507,3504,6/11/26 22:45,39.007,
Plot Title: T3508,3505,6/11/26 23:00,38.818,
Plot Title: T3509,3506,6/11/26 23:15,38.629,
Plot Title: T3510,3507,6/11/26 23:30,38.44,
Plot Title: T3511,3508,6/11/26 23:45,38.25,
Plot Title: T3512,3509,6/12/26 00:00,38.25,
Plot Title: T3513,3510,6/12/26 00:15,38.061,
Plot Title: T3514,3511,6/12/26 00:30,37.87,
Plot Title: T3515,3512,6/12/26 00:45,37.679,
Plot Title: T3516,3513,6/12/26 01:00,37.488,
Plot Title: T3517,3514,6/12/26 01:15,37.297,
Plot Title: T3518,3515,6/12/26 01:30,37.297,
Plot Title: T3519,3516,6/12/26 01:45,37.107,
Plot Title: T3520,3517,6/12/26 02:00,37.107,
Plot Title: T3521,3518,6/12/26 02:15,37.107,
Plot Title: T3522,3519,6/12/26 02:30,37.107,
Plot Title: T3523,3520,6/12/26 02:45,37.107,
Plot Title: T3524,3521,6/12/26 03:00,36.914,
Plot Title: T3525,3522,6/12/26 03:15,36.914,
Plot Title: T3526,3523,6/12/26 03:30,36.723,
Plot Title: T3527,3524,6/12/26 03:45,36.723,
Plot Title: T3528,3525,6/12/26 04:00,36.531,
Plot Title: T3529,3526,6/12/26 04:15,36.531,
Plot Title: T3530,3527,6/12/26 04:30,36.338,
Plot Title: T3531,3528,6/12/26 04:45,36.338,
Plot Title: T3532,3529,6/12/26 05:00,36.145,
Plot Title: T3533,3530,6/12/26 05:15,36.145,
Plot Title: T3534,3531,6/12/26 05:30,35.951,
Plot Title: T3535,3532,6/12/26 05:45,35.951,
Plot Title: T3536,3533,6/12/26 06:00,36.914,
Plot Title: T3537,3534,6/12/26 06:15,39.76,
Plot Title: T3538,3535,6/12/26 06:30,43.282,
Plot Title: T3539,3536,6/12/26 06:45,46.728,
Plot Title: T3540,3537,6/12/26 07:00,49.05,
Plot Title: T3541,3538,6/12/26 07:15,49.582,
Plot Title: T3542,3539,6/12/26 07:30,48.339,
Plot Title: T3543,3540,6/12/26 07:45,49.228,
Plot Title: T3544,3541,6/12/26 08:00,47.266,
Plot Title: T3545,3542,6/12/26 08:15,45.648,
Plot Title: T3546,3543,6/12/26 08:30,45.466,
Plot Title: T3547,3544,6/12/26 08:45,44.742,
Plot Title: T3548,3545,6/12/26 09:00,44.379,
Plot Title: T3549,3546,6/12/26 09:15,44.195,
Plot Title: T3550,3547,6/12/26 09:30,43.831,
Plot Title: T3551,3548,6/12/26 09:45,43.648,
Plot Title: T3552,3549,6/12/26 10:00,43.648,
Plot Title: T3553,3550,6/12/26 10:15,43.466,
Plot Title: T3554,3551,6/12/26 10:30,43.648,
Plot Title: T3555,3552,6/12/26 10:45,46.188,
Plot Title: T3556,3553,6/12/26 11:00,47.266,
Plot Title: T3557,3554,6/12/26 11:15,50.466,
Plot Title: T3558,3555,6/12/26 11:30,47.802,
Plot Title: T3559,3556,6/12/26 11:45,52.225,
Plot Title: T3560,3557,6/12/26 12:00,63.968,
Plot Title: T3561,3558,6/12/26 12:15,69.793,
Plot Title: T3562,3559,6/12/26 12:30,73.407,
Plot Title: T3563,3560,6/12/26 12:45,74.271,
Plot Title: T3564,3561,6/12/26 13:00,63.968,
Plot Title: T3565,3562,6/12/26 13:15,58.303,
Plot Title: T3566,3563,6/12/26 13:30,55.711,
Plot Title: T3567,3564,6/12/26 13:45,53.973,
Plot Title: T3568,3565,6/12/26 14:00,53.623,
Plot Title: T3569,3566,6/12/26 14:15,52.401,
Plot Title: T3570,3567,6/12/26 14:30,52.225,
Plot Title: T3571,3568,6/12/26 14:45,52.925,
Plot Title: T3572,3569,6/12/26 15:00,57.441,
Plot Title: T3573,3570,6/12/26 15:15,57.441,
Plot Title: T3574,3571,6/12/26 15:30,57.785,
Plot Title: T3575,3572,6/12/26 15:45,61.912,
Plot Title: T3576,3573,6/12/26 16:00,59.508,
Plot Title: T3577,3574,6/12/26 16:15,56.577,
Plot Title: T3578,3575,6/12/26 16:30,55.711,
Plot Title: T3579,3576,6/12/26 16:45,55.017,
Plot Title: T3580,3577,6/12/26 17:00,53.798,
Plot Title: T3581,3578,6/12/26 17:15,52.576,
Plot Title: T3582,3579,6/12/26 17:30,51.346,
Plot Title: T3583,3580,6/12/26 17:45,50.819,
Plot Title: T3584,3581,6/12/26 18:00,49.937,
Plot Title: T3585,3582,6/12/26 18:15,49.582,
Plot Title: T3586,3583,6/12/26 18:30,48.871,
Plot Title: T3587,3584,6/12/26 18:45,48.695,
Plot Title: T3588,3585,6/12/26 19:00,48.871,
Plot Title: T3589,3586,6/12/26 19:15,48.871,
Plot Title: T3590,3587,6/12/26 19:30,48.339,
Plot Title: T3591,3588,6/12/26 19:45,47.982,
Plot Title: T3592,3589,6/12/26 20:00,47.446,
Plot Title: T3593,3590,6/12/26 20:15,46.908,
Plot Title: T3594,3591,6/12/26 20:30,46.548,
Plot Title: T3595,3592,6/12/26 20:45,46.188,
Plot Title: T3596,3593,6/12/26 21:00,45.828,
Plot Title: T3597,3594,6/12/26 21:15,45.466,
Plot Title: T3598,3595,6/12/26 21:30,45.286,
Plot Title: T3599,3596,6/12/26 21:45,45.104,
Plot Title: T3600,3597,6/12/26 22:00,44.922,
Plot Title: T3601,3598,6/12/26 22:15,44.56,
Plot Title: T3602,3599,6/12/26 22:30,44.379,
Plot Title: T3603,3600,6/12/26 22:45,44.195,
Plot Title: T3604,3601,6/12/26 23:00,44.013,
Plot Title: T3605,3602,6/12/26 23:15,43.831,
Plot Title: T3606,3603,6/12/26 23:30,43.648,
Plot Title: T3607,3604,6/12/26 23:45,43.466,
Plot Title: T3608,3605,6/13/26 00:00,43.282,
Plot Title: T3609,3606,6/13/26 00:15,43.099,
Plot Title: T3610,3607,6/13/26 00:30,42.915,
Plot Title: T3611,3608,6/13/26 00:45,42.732,
Plot Title: T3612,3609,6/13/26 01:00,42.732,
Plot Title: T3613,3610,6/13/26 01:15,42.732,
Plot Title: T3614,3611,6/13/26 01:30,42.548,
Plot Title: T3615,3612,6/13/26 01:45,42.179,
Plot Title: T3616,3613,6/13/26 02:00,41.625,
Plot Title: T3617,3614,6/13/26 02:15,41.439,
Plot Title: T3618,3615,6/13/26 02:30,41.439,
Plot Title: T3619,3616,6/13/26 02:45,41.439,
Plot Title: T3620,3617,6/13/26 03:00,41.439,
Plot Title: T3621,3618,6/13/26 03:15,41.439,
Plot Title: T3622,3619,6/13/26 03:30,41.254,
Plot Title: T3623,3620,6/13/26 03:45,41.254,
Plot Title: T3624,3621,6/13/26 04:00,41.067,
Plot Title: T3625,3622,6/13/26 04:15,40.881,
Plot Title: T3626,3623,6/13/26 04:30,40.696,
Plot Title: T3627,3624,6/13/26 04:45,40.696,
Plot Title: T3628,3625,6/13/26 05:00,40.696,
Plot Title: T3629,3626,6/13/26 05:15,40.509,
Plot Title: T3630,3627,6/13/26 05:30,40.509,
Plot Title: T3631,3628,6/13/26 05:45,40.321,
Plot Title: T3632,3629,6/13/26 06:00,40.321,
Plot Title: T3633,3630,6/13/26 06:15,40.134,
Plot Title: T3634,3631,6/13/26 06:30,40.134,
Plot Title: T3635,3632,6/13/26 06:45,40.134,
Plot Title: T3636,3633,6/13/26 07:00,40.134,
Plot Title: T3637,3634,6/13/26 07:15,40.321,
Plot Title: T3638,3635,6/13/26 07:30,40.321,
Plot Title: T3639,3636,6/13/26 07:45,40.321,
Plot Title: T3640,3637,6/13/26 08:00,40.509,
Plot Title: T3641,3638,6/13/26 08:15,40.696,
Plot Title: T3642,3639,6/13/26 08:30,41.067,
Plot Title: T3643,3640,6/13/26 08:45,41.439,
Plot Title: T3644,3641,6/13/26 09:00,41.625,
Plot Title: T3645,3642,6/13/26 09:15,41.994,
Plot Title: T3646,3643,6/13/26 09:30,42.548,
Plot Title: T3647,3644,6/13/26 09:45,42.915,
Plot Title: T3648,3645,6/13/26 10:00,42.732,
Plot Title: T3649,3646,6/13/26 10:15,42.732,
Plot Title: T3650,3647,6/13/26 10:30,42.363,
Plot Title: T3651,3648,6/13/26 10:45,42.179,
Plot Title: T3652,3649,6/13/26 11:00,41.439,
Plot Title: T3653,3650,6/13/26 11:15,42.179,
Plot Title: T3654,3651,6/13/26 11:30,43.099,
Plot Title: T3655,3652,6/13/26 11:45,45.104,
Plot Title: T3656,3653,6/13/26 12:00,46.908,
Plot Title: T3657,3654,6/13/26 12:15,49.228,
Plot Title: T3658,3655,6/13/26 12:30,50.113,
Plot Title: T3659,3656,6/13/26 12:45,50.819,
Plot Title: T3660,3657,6/13/26 13:00,48.517,
Plot Title: T3661,3658,6/13/26 13:15,47.446,
Plot Title: T3662,3659,6/13/26 13:30,49.404,
Plot Title: T3663,3660,6/13/26 13:45,51.699,
Plot Title: T3664,3661,6/13/26 14:00,52.05,
Plot Title: T3665,3662,6/13/26 14:15,50.29,
Plot Title: T3666,3663,6/13/26 14:30,49.937,
Plot Title: T3667,3664,6/13/26 14:45,50.643,
Plot Title: T3668,3665,6/13/26 15:00,50.995,
Plot Title: T3669,3666,6/13/26 15:15,51.523,
Plot Title: T3670,3667,6/13/26 15:30,51.874,
Plot Title: T3671,3668,6/13/26 15:45,50.995,
Plot Title: T3672,3669,6/13/26 16:00,50.29,
Plot Title: T3673,3670,6/13/26 16:15,49.228,
Plot Title: T3674,3671,6/13/26 16:30,48.695,
Plot Title: T3675,3672,6/13/26 16:45,48.517,
Plot Title: T3676,3673,6/13/26 17:00,48.695,
Plot Title: T3677,3674,6/13/26 17:15,49.05,
Plot Title: T3678,3675,6/13/26 17:30,48.871,
Plot Title: T3679,3676,6/13/26 17:45,48.871,
Plot Title: T3680,3677,6/13/26 18:00,49.05,
Plot Title: T3681,3678,6/13/26 18:15,48.517,
Plot Title: T3682,3679,6/13/26 18:30,47.802,
Plot Title: T3683,3680,6/13/26 18:45,46.728,
Plot Title: T3684,3681,6/13/26 19:00,45.466,
Plot Title: T3685,3682,6/13/26 19:15,45.286,
Plot Title: T3686,3683,6/13/26 19:30,44.195,
Plot Title: T3687,3684,6/13/26 19:45,43.099,
Plot Title: T3688,3685,6/13/26 20:00,42.363,
Plot Title: T3689,3686,6/13/26 20:15,41.625,
Plot Title: T3690,3687,6/13/26 20:30,41.067,
Plot Title: T3691,3688,6/13/26 20:45,40.696,
Plot Title: T3692,3689,6/13/26 21:00,40.134,
Plot Title: T3693,3690,6/13/26 21:15,39.76,
Plot Title: T3694,3691,6/13/26 21:30,39.196,
Plot Title: T3695,3692,6/13/26 21:45,38.818,
Plot Title: T3696,3693,6/13/26 22:00,38.25,
Plot Title: T3697,3694,6/13/26 22:15,38.061,
Plot Title: T3698,3695,6/13/26 22:30,37.679,
Plot Title: T3699,3696,6/13/26 22:45,37.488,
Plot Title: T3700,3697,6/13/26 23:00,37.107,
Plot Title: T3701,3698,6/13/26 23:15,36.914,
Plot Title: T3702,3699,6/13/26 23:30,36.723,
Plot Title: T3703,3700,6/13/26 23:45,36.531,
Plot Title: T3704,3701,6/14/26 00:00,36.338,
Plot Title: T3705,3702,6/14/26 00:15,36.145,
Plot Title: T3706,3703,6/14/26 00:30,35.951,
Plot Title: T3707,3704,6/14/26 00:45,35.758,
Plot Title: T3708,3705,6/14/26 01:00,35.564,
Plot Title: T3709,3706,6/14/26 01:15,35.564,
Plot Title: T3710,3707,6/14/26 01:30,35.37,
Plot Title: T3711,3708,6/14/26 01:45,35.175,
Plot Title: T3712,3709,6/14/26 02:00,34.981,
Plot Title: T3713,3710,6/14/26 02:15,34.981,
Plot Title: T3714,3711,6/14/26 02:30,34.786,
Plot Title: T3715,3712,6/14/26 02:45,34.59,
Plot Title: T3716,3713,6/14/26 03:00,34.59,
Plot Title: T3717,3714,6/14/26 03:15,34.59,
Plot Title: T3718,3715,6/14/26 03:30,34.394,
Plot Title: T3719,3716,6/14/26 03:45,34.198,
Plot Title: T3720,3717,6/14/26 04:00,34.002,
Plot Title: T3721,3718,6/14/26 04:15,34.002,
Plot Title: T3722,3719,6/14/26 04:30,33.805,
Plot Title: T3723,3720,6/14/26 04:45,33.805,
Plot Title: T3724,3721,6/14/26 05:00,34.198,
Plot Title: T3725,3722,6/14/26 05:15,34.394,
Plot Title: T3726,3723,6/14/26 05:30,34.394,
Plot Title: T3727,3724,6/14/26 05:45,34.394,
Plot Title: T3728,3725,6/14/26 06:00,34.394,
Plot Title: T3729,3726,6/14/26 06:15,34.59,
Plot Title: T3730,3727,6/14/26 06:30,37.488,
Plot Title: T3731,3728,6/14/26 06:45,41.81,
Plot Title: T3732,3729,6/14/26 07:00,44.013,
Plot Title: T3733,3730,6/14/26 07:15,44.922,
Plot Title: T3734,3731,6/14/26 07:30,44.742,
Plot Title: T3735,3732,6/14/26 07:45,45.648,
Plot Title: T3736,3733,6/14/26 08:00,44.013,
Plot Title: T3737,3734,6/14/26 08:15,43.099,
Plot Title: T3738,3735,6/14/26 08:30,42.732,
Plot Title: T3739,3736,6/14/26 08:45,42.363,
Plot Title: T3740,3737,6/14/26 09:00,42.179,
Plot Title: T3741,3738,6/14/26 09:15,41.994,
Plot Title: T3742,3739,6/14/26 09:30,41.81,
Plot Title: T3743,3740,6/14/26 09:45,41.625,
Plot Title: T3744,3741,6/14/26 10:00,41.625,
Plot Title: T3745,3742,6/14/26 10:15,41.625,
Plot Title: T3746,3743,6/14/26 10:30,41.625,
Plot Title: T3747,3744,6/14/26 10:45,43.466,
Plot Title: T3748,3745,6/14/26 11:00,45.286,
Plot Title: T3749,3746,6/14/26 11:15,48.16,
Plot Title: T3750,3747,6/14/26 11:30,46.728,
Plot Title: T3751,3748,6/14/26 11:45,51.172,
Plot Title: T3752,3749,6/14/26 12:00,61.569,
Plot Title: T3753,3750,6/14/26 12:15,68.592,
Plot Title: T3754,3751,6/14/26 12:30,63.968,
Plot Title: T3755,3752,6/14/26 12:45,70.308,
Plot Title: T3756,3753,6/14/26 13:00,62.769,
Plot Title: T3757,3754,6/14/26 13:15,58.303,
Plot Title: T3758,3755,6/14/26 13:30,55.884,
Plot Title: T3759,3756,6/14/26 13:45,53.623,
Plot Title: T3760,3757,6/14/26 14:00,52.05,
Plot Title: T3761,3758,6/14/26 14:15,50.995,
Plot Title: T3762,3759,6/14/26 14:30,49.582,
Plot Title: T3763,3760,6/14/26 14:45,49.582,
Plot Title: T3764,3761,6/14/26 15:00,55.017,
Plot Title: T3765,3762,6/14/26 15:15,55.711,
Plot Title: T3766,3763,6/14/26 15:30,56.75,
Plot Title: T3767,3764,6/14/26 15:45,59.68,
Plot Title: T3768,3765,6/14/26 16:00,57.096,
Plot Title: T3769,3766,6/14/26 16:15,52.75,
Plot Title: T3770,3767,6/14/26 16:30,50.819,
Plot Title: T3771,3768,6/14/26 16:45,49.759,
Plot Title: T3772,3769,6/14/26 17:00,49.404,
Plot Title: T3773,3770,6/14/26 17:15,48.871,
Plot Title: T3774,3771,6/14/26 17:30,48.871,
Plot Title: T3775,3772,6/14/26 17:45,47.982,
Plot Title: T3776,3773,6/14/26 18:00,47.266,
Plot Title: T3777,3774,6/14/26 18:15,47.088,
Plot Title: T3778,3775,6/14/26 18:30,47.088,
Plot Title: T3779,3776,6/14/26 18:45,47.088,
Plot Title: T3780,3777,6/14/26 19:00,46.188,
Plot Title: T3781,3778,6/14/26 19:15,45.466,
Plot Title: T3782,3779,6/14/26 19:30,44.922,
Plot Title: T3783,3780,6/14/26 19:45,44.56,
Plot Title: T3784,3781,6/14/26 20:00,44.013,
Plot Title: T3785,3782,6/14/26 20:15,43.466,
Plot Title: T3786,3783,6/14/26 20:30,43.099,
Plot Title: T3787,3784,6/14/26 20:45,42.732,
Plot Title: T3788,3785,6/14/26 21:00,42.179,
Plot Title: T3789,3786,6/14/26 21:15,41.81,
Plot Title: T3790,3787,6/14/26 21:30,41.439,
Plot Title: T3791,3788,6/14/26 21:45,40.881,
Plot Title: T3792,3789,6/14/26 22:00,40.509,
Plot Title: T3793,3790,6/14/26 22:15,40.134,
Plot Title: T3794,3791,6/14/26 22:30,39.947,
Plot Title: T3795,3792,6/14/26 22:45,39.573,
Plot Title: T3796,3793,6/14/26 23:00,39.384,
Plot Title: T3797,3794,6/14/26 23:15,39.196,
Plot Title: T3798,3795,6/14/26 23:30,39.007,
Plot Title: T3799,3796,6/14/26 23:45,38.818,
Plot Title: T3800,3797,6/15/26 00:00,38.629,
Plot Title: T3801,3798,6/15/26 00:15,38.629,
Plot Title: T3802,3799,6/15/26 00:30,38.44,
Plot Title: T3803,3800,6/15/26 00:45,38.061,
Plot Title: T3804,3801,6/15/26 01:00,37.87,
Plot Title: T3805,3802,6/15/26 01:15,37.488,
Plot Title: T3806,3803,6/15/26 01:30,37.297,
Plot Title: T3807,3804,6/15/26 01:45,37.297,
Plot Title: T3808,3805,6/15/26 02:00,37.107,
Plot Title: T3809,3806,6/15/26 02:15,36.914,
Plot Title: T3810,3807,6/15/26 02:30,36.914,
Plot Title: T3811,3808,6/15/26 02:45,36.914,
Plot Title: T3812,3809,6/15/26 03:00,36.914,
Plot Title: T3813,3810,6/15/26 03:15,36.914,
Plot Title: T3814,3811,6/15/26 03:30,36.723,
Plot Title: T3815,3812,6/15/26 03:45,36.531,
Plot Title: T3816,3813,6/15/26 04:00,36.531,
Plot Title: T3817,3814,6/15/26 04:15,36.338,
Plot Title: T3818,3815,6/15/26 04:30,36.338,
Plot Title: T3819,3816,6/15/26 04:45,36.145,
Plot Title: T3820,3817,6/15/26 05:00,36.145,
Plot Title: T3821,3818,6/15/26 05:15,35.951,
Plot Title: T3822,3819,6/15/26 05:30,35.951,
Plot Title: T3823,3820,6/15/26 05:45,36.145,
Plot Title: T3824,3821,6/15/26 06:00,36.723,
Plot Title: T3825,3822,6/15/26 06:15,38.818,
Plot Title: T3826,3823,6/15/26 06:30,41.81,
Plot Title: T3827,3824,6/15/26 06:45,45.104,
Plot Title: T3828,3825,6/15/26 07:00,47.624,
Plot Title: T3829,3826,6/15/26 07:15,48.517,
Plot Title: T3830,3827,6/15/26 07:30,47.982,
Plot Title: T3831,3828,6/15/26 07:45,49.404,
Plot Title: T3832,3829,6/15/26 08:00,47.802,
Plot Title: T3833,3830,6/15/26 08:15,46.728,
Plot Title: T3834,3831,6/15/26 08:30,46.548,
Plot Title: T3835,3832,6/15/26 08:45,46.188,
Plot Title: T3836,3833,6/15/26 09:00,46.008,
Plot Title: T3837,3834,6/15/26 09:15,45.828,
Plot Title: T3838,3835,6/15/26 09:30,45.648,
Plot Title: T3839,3836,6/15/26 09:45,45.466,
Plot Title: T3840,3837,6/15/26 10:00,45.286,
Plot Title: T3841,3838,6/15/26 10:15,45.286,
Plot Title: T3842,3839,6/15/26 10:30,45.286,
Plot Title: T3843,3840,6/15/26 10:45,46.908,
Plot Title: T3844,3841,6/15/26 11:00,49.05,
Plot Title: T3845,3842,6/15/26 11:15,51.172,
Plot Title: T3846,3843,6/15/26 11:30,48.871,
Plot Title: T3847,3844,6/15/26 11:45,52.576,
Plot Title: T3848,3845,6/15/26 12:00,65.509,
Plot Title: T3849,3846,6/15/26 12:15,70.995,
Plot Title: T3850,3847,6/15/26 12:30,73.58,
Plot Title: T3851,3848,6/15/26 12:45,74.098,
Plot Title: T3852,3849,6/15/26 13:00,65.851,
Plot Title: T3853,3850,6/15/26 13:15,60.539,
Plot Title: T3854,3851,6/15/26 13:30,57.958,
Plot Title: T3855,3852,6/15/26 13:45,56.75,
Plot Title: T3856,3853,6/15/26 14:00,55.711,
Plot Title: T3857,3854,6/15/26 14:15,56.057,
Plot Title: T3858,3855,6/15/26 14:30,56.923,
Plot Title: T3859,3856,6/15/26 14:45,57.614,
Plot Title: T3860,3857,6/15/26 15:00,60.024,
Plot Title: T3861,3858,6/15/26 15:15,60.024,
Plot Title: T3862,3859,6/15/26 15:30,60.883,
Plot Title: T3863,3860,6/15/26 15:45,63.797,
Plot Title: T3864,3861,6/15/26 16:00,61.569,
Plot Title: T3865,3862,6/15/26 16:15,58.647,
Plot Title: T3866,3863,6/15/26 16:30,58.131,
Plot Title: T3867,3864,6/15/26 16:45,58.303,
Plot Title: T3868,3865,6/15/26 17:00,57.614,
Plot Title: T3869,3866,6/15/26 17:15,56.923,
Plot Title: T3870,3867,6/15/26 17:30,57.441,
Plot Title: T3871,3868,6/15/26 17:45,57.096,
Plot Title: T3872,3869,6/15/26 18:00,56.75,
Plot Title: T3873,3870,6/15/26 18:15,55.884,
Plot Title: T3874,3871,6/15/26 18:30,54.669,
Plot Title: T3875,3872,6/15/26 18:45,53.973,
Plot Title: T3876,3873,6/15/26 19:00,53.973,
Plot Title: T3877,3874,6/15/26 19:15,53.1,
Plot Title: T3878,3875,6/15/26 19:30,52.05,
Plot Title: T3879,3876,6/15/26 19:45,50.995,
Plot Title: T3880,3877,6/15/26 20:00,50.466,
Plot Title: T3881,3878,6/15/26 20:15,50.113,
Plot Title: T3882,3879,6/15/26 20:30,49.582,
Plot Title: T3883,3880,6/15/26 20:45,49.05,
Plot Title: T3884,3881,6/15/26 21:00,48.517,
Plot Title: T3885,3882,6/15/26 21:15,48.339,
Plot Title: T3886,3883,6/15/26 21:30,47.802,
Plot Title: T3887,3884,6/15/26 21:45,47.266,
Plot Title: T3888,3885,6/15/26 22:00,46.908,
Plot Title: T3889,3886,6/15/26 22:15,46.728,
Plot Title: T3890,3887,6/15/26 22:30,46.908,
Plot Title: T3891,3888,6/15/26 22:45,46.728,
Plot Title: T3892,3889,6/15/26 23:00,46.728,
Plot Title: T3893,3890,6/15/26 23:15,46.728,
Plot Title: T3894,3891,6/15/26 23:30,46.728,
Plot Title: T3895,3892,6/15/26 23:45,46.548,
Plot Title: T3896,3893,6/16/26 00:00,46.369,
Plot Title: T3897,3894,6/16/26 00:15,46.369,
Plot Title: T3898,3895,6/16/26 00:30,46.548,
Plot Title: T3899,3896,6/16/26 00:45,46.548,
Plot Title: T3900,3897,6/16/26 01:00,46.188,
Plot Title: T3901,3898,6/16/26 01:15,45.828,
Plot Title: T3902,3899,6/16/26 01:30,45.466,
Plot Title: T3903,3900,6/16/26 01:45,45.828,
Plot Title: T3904,3901,6/16/26 02:00,46.008,
Plot Title: T3905,3902,6/16/26 02:15,46.008,
Plot Title: T3906,3903,6/16/26 02:30,46.188,
Plot Title: T3907,3904,6/16/26 02:45,46.008,
Plot Title: T3908,3905,6/16/26 03:00,45.828,
Plot Title: T3909,3906,6/16/26 03:15,45.466,
Plot Title: T3910,3907,6/16/26 03:30,45.104,
Plot Title: T3911,3908,6/16/26 03:45,44.742,
Plot Title: T3912,3909,6/16/26 04:00,44.56,
Plot Title: T3913,3910,6/16/26 04:15,44.013,
Plot Title: T3914,3911,6/16/26 04:30,43.831,
Plot Title: T3915,3912,6/16/26 04:45,43.648,
Plot Title: T3916,3913,6/16/26 05:00,43.282,
Plot Title: T3917,3914,6/16/26 05:15,43.282,
Plot Title: T3918,3915,6/16/26 05:30,43.282,
Plot Title: T3919,3916,6/16/26 05:45,43.282,
Plot Title: T3920,3917,6/16/26 06:00,43.831,
Plot Title: T3921,3918,6/16/26 06:15,45.466,
Plot Title: T3922,3919,6/16/26 06:30,45.648,
Plot Title: T3923,3920,6/16/26 06:45,48.16,
Plot Title: T3924,3921,6/16/26 07:00,48.517,
Plot Title: T3925,3922,6/16/26 07:15,49.05,
Plot Title: T3926,3923,6/16/26 07:30,49.937,
Plot Title: T3927,3924,6/16/26 07:45,53.1,
Plot Title: T3928,3925,6/16/26 08:00,51.172,
Plot Title: T3929,3926,6/16/26 08:15,50.113,
Plot Title: T3930,3927,6/16/26 08:30,50.113,
Plot Title: T3931,3928,6/16/26 08:45,49.937,
Plot Title: T3932,3929,6/16/26 09:00,50.113,
Plot Title: T3933,3930,6/16/26 09:15,50.113,
Plot Title: T3934,3931,6/16/26 09:30,49.937,
Plot Title: T3935,3932,6/16/26 09:45,49.937,
Plot Title: T3936,3933,6/16/26 10:00,49.937,
Plot Title: T3937,3934,6/16/26 10:15,49.759,
Plot Title: T3938,3935,6/16/26 10:30,49.759,
Plot Title: T3939,3936,6/16/26 10:45,52.401,
Plot Title: T3940,3937,6/16/26 11:00,54.842,
Plot Title: T3941,3938,6/16/26 11:15,57.096,
Plot Title: T3942,3939,6/16/26 11:30,55.884,
Plot Title: T3943,3940,6/16/26 11:45,58.82,
Plot Title: T3944,3941,6/16/26 12:00,67.735,
Plot Title: T3945,3942,6/16/26 12:15,69.278,
Plot Title: T3946,3943,6/16/26 12:30,71.512,
Plot Title: T3947,3944,6/16/26 12:45,77.749,
Plot Title: T3948,3945,6/16/26 13:00,69.449,
Plot Title: T3949,3946,6/16/26 13:15,63.797,
Plot Title: T3950,3947,6/16/26 13:30,61.054,
Plot Title: T3951,3948,6/16/26 13:45,59.508,
Plot Title: T3952,3949,6/16/26 14:00,58.647,
Plot Title: T3953,3950,6/16/26 14:15,57.614,
Plot Title: T3954,3951,6/16/26 14:30,56.923,
Plot Title: T3955,3952,6/16/26 14:45,57.441,
Plot Title: T3956,3953,6/16/26 15:00,62.769,
Plot Title: T3957,3954,6/16/26 15:15,63.626,
Plot Title: T3958,3955,6/16/26 15:30,64.996,
Plot Title: T3959,3956,6/16/26 15:45,67.735,
Plot Title: T3960,3957,6/16/26 16:00,65.167,
Plot Title: T3961,3958,6/16/26 16:15,61.054,
Plot Title: T3962,3959,6/16/26 16:30,59.164,
Plot Title: T3963,3960,6/16/26 16:45,57.785,
Plot Title: T3964,3961,6/16/26 17:00,57.096,
Plot Title: T3965,3962,6/16/26 17:15,56.404,
Plot Title: T3966,3963,6/16/26 17:30,55.884,
Plot Title: T3967,3964,6/16/26 17:45,55.364,
Plot Title: T3968,3965,6/16/26 18:00,54.669,
Plot Title: T3969,3966,6/16/26 18:15,54.147,
Plot Title: T3970,3967,6/16/26 18:30,53.798,
Plot Title: T3971,3968,6/16/26 18:45,53.449,
Plot Title: T3972,3969,6/16/26 19:00,53.274,
Plot Title: T3973,3970,6/16/26 19:15,52.925,
Plot Title: T3974,3971,6/16/26 19:30,52.75,
Plot Title: T3975,3972,6/16/26 19:45,52.576,
Plot Title: T3976,3973,6/16/26 20:00,52.05,
Plot Title: T3977,3974,6/16/26 20:15,51.874,
Plot Title: T3978,3975,6/16/26 20:30,51.523,
Plot Title: T3979,3976,6/16/26 20:45,51.172,
Plot Title: T3980,3977,6/16/26 21:00,50.819,
Plot Title: T3981,3978,6/16/26 21:15,50.29,
Plot Title: T3982,3979,6/16/26 21:30,49.759,
Plot Title: T3983,3980,6/16/26 21:45,49.404,
Plot Title: T3984,3981,6/16/26 22:00,49.05,
Plot Title: T3985,3982,6/16/26 22:15,48.695,
Plot Title: T3986,3983,6/16/26 22:30,48.339,
Plot Title: T3987,3984,6/16/26 22:45,48.16,
Plot Title: T3988,3985,6/16/26 23:00,47.982,
Plot Title: T3989,3986,6/16/26 23:15,47.624,
Plot Title: T3990,3987,6/16/26 23:30,47.446,
Plot Title: T3991,3988,6/16/26 23:45,47.088,
Plot Title: T3992,3989,6/17/26 00:00,46.908,
Plot Title: T3993,3990,6/17/26 00:15,46.548,
Plot Title: T3994,3991,6/17/26 00:30,46.369,
Plot Title: T3995,3992,6/17/26 00:45,46.369,
Plot Title: T3996,3993,6/17/26 01:00,46.008,
Plot Title: T3997,3994,6/17/26 01:15,45.828,
Plot Title: T3998,3995,6/17/26 01:30,45.466,
Plot Title: T3999,3996,6/17/26 01:45,45.286,
Plot Title: T4000,3997,6/17/26 02:00,44.922,
Plot Title: T4001,3998,6/17/26 02:15,44.742,
Plot Title: T4002,3999,6/17/26 02:30,44.56,
Plot Title: T4003,4000,6/17/26 02:45,44.379,
Plot Title: T4004,4001,6/17/26 03:00,44.013,
Plot Title: T4005,4002,6/17/26 03:15,43.831,
Plot Title: T4006,4003,6/17/26 03:30,43.648,
Plot Title: T4007,4004,6/17/26 03:45,43.282,
Plot Title: T4008,4005,6/17/26 04:00,43.099,
Plot Title: T4009,4006,6/17/26 04:15,43.099,
Plot Title: T4010,4007,6/17/26 04:30,43.099,
Plot Title: T4011,4008,6/17/26 04:45,43.099,
Plot Title: T4012,4009,6/17/26 05:00,43.282,
Plot Title: T4013,4010,6/17/26 05:15,43.282,
Plot Title: T4014,4011,6/17/26 05:30,43.099,
Plot Title: T4015,4012,6/17/26 05:45,43.099,
Plot Title: T4016,4013,6/17/26 06:00,43.466,
Plot Title: T4017,4014,6/17/26 06:15,44.742,
Plot Title: T4018,4015,6/17/26 06:30,45.286,
Plot Title: T4019,4016,6/17/26 06:45,48.339,
Plot Title: T4020,4017,6/17/26 07:00,51.172,
Plot Title: T4021,4018,6/17/26 07:15,51.874,
Plot Title: T4022,4019,6/17/26 07:30,52.05,
Plot Title: T4023,4020,6/17/26 07:45,54.322,
Plot Title: T4024,4021,6/17/26 08:00,51.699,
Plot Title: T4025,4022,6/17/26 08:15,50.466,
Plot Title: T4026,4023,6/17/26 08:30,50.29,
Plot Title: T4027,4024,6/17/26 08:45,49.582,
Plot Title: T4028,4025,6/17/26 09:00,49.404,
Plot Title: T4029,4026,6/17/26 09:15,49.05,
Plot Title: T4030,4027,6/17/26 09:30,48.517,
Plot Title: T4031,4028,6/17/26 09:45,48.517,
Plot Title: T4032,4029,6/17/26 10:00,48.517,
Plot Title: T4033,4030,6/17/26 10:15,48.16,
Plot Title: T4034,4031,6/17/26 10:30,48.16,
Plot Title: T4035,4032,6/17/26 10:45,49.404,
Plot Title: T4036,4033,6/17/26 11:00,50.819,
Plot Title: T4037,4034,6/17/26 11:15,52.225,
Plot Title: T4038,4035,6/17/26 11:30,50.643,
Plot Title: T4039,4036,6/17/26 11:45,53.623,
Plot Title: T4040,4037,6/17/26 12:00,61.912,
Plot Title: T4041,4038,6/17/26 12:15,61.912,
Plot Title: T4042,4039,6/17/26 12:30,60.712,
Plot Title: T4043,4040,6/17/26 12:45,57.268,
Plot Title: T4044,4041,6/17/26 13:00,56.577,
Plot Title: T4045,4042,6/17/26 13:15,57.958,
Plot Title: T4046,4043,6/17/26 13:30,57.096,
Plot Title: T4047,4044,6/17/26 13:45,58.303,
Plot Title: T4048,4045,6/17/26 14:00,57.441,
Plot Title: T4049,4046,6/17/26 14:15,56.75,
Plot Title: T4050,4047,6/17/26 14:30,56.577,
Plot Title: T4051,4048,6/17/26 14:45,58.131,
Plot Title: T4052,4049,6/17/26 15:00,58.82,
Plot Title: T4053,4050,6/17/26 15:15,56.23,
Plot Title: T4054,4051,6/17/26 15:30,54.842,
Plot Title: T4055,4052,6/17/26 15:45,55.364,
Plot Title: T4056,4053,6/17/26 16:00,56.23,
Plot Title: T4057,4054,6/17/26 16:15,56.404,
Plot Title: T4058,4055,6/17/26 16:30,56.577,
Plot Title: T4059,4056,6/17/26 16:45,55.537,
Plot Title: T4060,4057,6/17/26 17:00,55.189,
Plot Title: T4061,4058,6/17/26 17:15,54.322,
Plot Title: T4062,4059,6/17/26 17:30,53.973,
Plot Title: T4063,4060,6/17/26 17:45,53.623,
Plot Title: T4064,4061,6/17/26 18:00,53.798,
Plot Title: T4065,4062,6/17/26 18:15,53.973,
Plot Title: T4066,4063,6/17/26 18:30,53.449,
Plot Title: T4067,4064,6/17/26 18:45,52.75,
Plot Title: T4068,4065,6/17/26 19:00,52.401,
Plot Title: T4069,4066,6/17/26 19:15,52.225,
Plot Title: T4070,4067,6/17/26 19:30,51.874,
Plot Title: T4071,4068,6/17/26 19:45,50.995,
Plot Title: T4072,4069,6/17/26 20:00,50.29,
Plot Title: T4073,4070,6/17/26 20:15,49.582,
Plot Title: T4074,4071,6/17/26 20:30,48.871,
Plot Title: T4075,4072,6/17/26 20:45,48.339,
Plot Title: T4076,4073,6/17/26 21:00,47.802,
Plot Title: T4077,4074,6/17/26 21:15,47.446,
Plot Title: T4078,4075,6/17/26 21:30,46.728,
Plot Title: T4079,4076,6/17/26 21:45,46.008,
Plot Title: T4080,4077,6/17/26 22:00,45.466,
Plot Title: T4081,4078,6/17/26 22:15,44.922,
Plot Title: T4082,4079,6/17/26 22:30,44.379,
Plot Title: T4083,4080,6/17/26 22:45,43.831,
Plot Title: T4084,4081,6/17/26 23:00,43.466,
Plot Title: T4085,4082,6/17/26 23:15,43.099,
Plot Title: T4086,4083,6/17/26 23:30,42.732,
Plot Title: T4087,4084,6/17/26 23:45,42.363,
Plot Title: T4088,4085,6/18/26 00:00,42.179,
Plot Title: T4089,4086,6/18/26 00:15,41.81,
Plot Title: T4090,4087,6/18/26 00:30,41.625,
Plot Title: T4091,4088,6/18/26 00:45,41.439,
Plot Title: T4092,4089,6/18/26 01:00,41.254,
Plot Title: T4093,4090,6/18/26 01:15,41.067,
Plot Title: T4094,4091,6/18/26 01:30,40.881,
Plot Title: T4095,4092,6/18/26 01:45,40.509,
Plot Title: T4096,4093,6/18/26 02:00,40.509,
Plot Title: T4097,4094,6/18/26 02:15,40.134,
Plot Title: T4098,4095,6/18/26 02:30,40.134,
Plot Title: T4099,4096,6/18/26 02:45,39.947,
Plot Title: T4100,4097,6/18/26 03:00,39.76,
Plot Title: T4101,4098,6/18/26 03:15,39.76,
Plot Title: T4102,4099,6/18/26 03:30,39.76,
Plot Title: T4103,4100,6/18/26 03:45,39.76,
Plot Title: T4104,4101,6/18/26 04:00,39.573,
Plot Title: T4105,4102,6/18/26 04:15,39.573,
Plot Title: T4106,4103,6/18/26 04:30,39.573,
Plot Title: T4107,4104,6/18/26 04:45,39.573,
Plot Title: T4108,4105,6/18/26 05:00,39.573,
Plot Title: T4109,4106,6/18/26 05:15,39.573,
Plot Title: T4110,4107,6/18/26 05:30,39.573,
Plot Title: T4111,4108,6/18/26 05:45,39.573,
Plot Title: T4112,4109,6/18/26 06:00,39.384,
Plot Title: T4113,4110,6/18/26 06:15,39.384,
Plot Title: T4114,4111,6/18/26 06:30,42.363,
Plot Title: T4115,4112,6/18/26 06:45,46.908,
Plot Title: T4116,4113,6/18/26 07:00,50.643,
Plot Title: T4117,4114,6/18/26 07:15,52.225,
Plot Title: T4118,4115,6/18/26 07:30,51.523,
Plot Title: T4119,4116,6/18/26 07:45,49.582,
Plot Title: T4120,4117,6/18/26 08:00,49.05,
Plot Title: T4121,4118,6/18/26 08:15,48.339,
Plot Title: T4122,4119,6/18/26 08:30,48.16,
Plot Title: T4123,4120,6/18/26 08:45,47.982,
Plot Title: T4124,4121,6/18/26 09:00,48.16,
Plot Title: T4125,4122,6/18/26 09:15,48.339,
Plot Title: T4126,4123,6/18/26 09:30,49.582,
Plot Title: T4127,4124,6/18/26 09:45,50.113,
Plot Title: T4128,4125,6/18/26 10:00,50.819,
Plot Title: T4129,4126,6/18/26 10:15,50.995,
Plot Title: T4130,4127,6/18/26 10:30,50.819,
Plot Title: T4131,4128,6/18/26 10:45,51.699,
Plot Title: T4132,4129,6/18/26 11:00,52.576,
Plot Title: T4133,4130,6/18/26 11:15,52.925,
Plot Title: T4134,4131,6/18/26 11:30,53.1,
Plot Title: T4135,4132,6/18/26 11:45,56.404,
Plot Title: T4136,4133,6/18/26 12:00,61.398,
Plot Title: T4137,4134,6/18/26 12:15,66.366,
Plot Title: T4138,4135,6/18/26 12:30,70.651,
Plot Title: T4139,4136,6/18/26 12:45,73.926,
Plot Title: T4140,4137,6/18/26 13:00,67.906,
Plot Title: T4141,4138,6/18/26 13:15,62.083,
Plot Title: T4142,4139,6/18/26 13:30,59.508,
Plot Title: T4143,4140,6/18/26 13:45,57.441,
Plot Title: T4144,4141,6/18/26 14:00,56.23,
Plot Title: T4145,4142,6/18/26 14:15,55.537,
Plot Title: T4146,4143,6/18/26 14:30,54.669,
Plot Title: T4147,4144,6/18/26 14:45,54.669,
Plot Title: T4148,4145,6/18/26 15:00,60.539,
Plot Title: T4149,4146,6/18/26 15:15,60.024,
Plot Title: T4150,4147,6/18/26 15:30,62.425,
Plot Title: T4151,4148,6/18/26 15:45,64.31,
Plot Title: T4152,4149,6/18/26 16:00,62.425,
Plot Title: T4153,4150,6/18/26 16:15,58.647,
Plot Title: T4154,4151,6/18/26 16:30,56.404,
Plot Title: T4155,4152,6/18/26 16:45,54.669,
Plot Title: T4156,4153,6/18/26 17:00,53.623,
Plot Title: T4157,4154,6/18/26 17:15,52.925,
Plot Title: T4158,4155,6/18/26 17:30,52.225,
Plot Title: T4159,4156,6/18/26 17:45,51.699,
Plot Title: T4160,4157,6/18/26 18:00,51.172,
Plot Title: T4161,4158,6/18/26 18:15,50.466,
Plot Title: T4162,4159,6/18/26 18:30,50.113,
Plot Title: T4163,4160,6/18/26 18:45,49.582,
Plot Title: T4164,4161,6/18/26 19:00,49.228,
Plot Title: T4165,4162,6/18/26 19:15,48.695,
Plot Title: T4166,4163,6/18/26 19:30,48.339,
Plot Title: T4167,4164,6/18/26 19:45,47.982,
Plot Title: T4168,4165,6/18/26 20:00,47.802,
Plot Title: T4169,4166,6/18/26 20:15,47.446,
Plot Title: T4170,4167,6/18/26 20:30,47.088,
Plot Title: T4171,4168,6/18/26 20:45,46.728,
Plot Title: T4172,4169,6/18/26 21:00,46.369,
Plot Title: T4173,4170,6/18/26 21:15,46.008,
Plot Title: T4174,4171,6/18/26 21:30,45.466,
Plot Title: T4175,4172,6/18/26 21:45,45.104,
Plot Title: T4176,4173,6/18/26 22:00,44.742,
Plot Title: T4177,4174,6/18/26 22:15,44.379,
Plot Title: T4178,4175,6/18/26 22:30,44.195,
Plot Title: T4179,4176,6/18/26 22:45,43.831,
Plot Title: T4180,4177,6/18/26 23:00,43.466,
Plot Title: T4181,4178,6/18/26 23:15,43.282,
Plot Title: T4182,4179,6/18/26 23:30,43.099,
Plot Title: T4183,4180,6/18/26 23:45,42.732,
Plot Title: T4184,4181,6/19/26 00:00,42.548,
Plot Title: T4185,4182,6/19/26 00:15,42.363,
Plot Title: T4186,4183,6/19/26 00:30,42.179,
Plot Title: T4187,4184,6/19/26 00:45,41.994,
Plot Title: T4188,4185,6/19/26 01:00,41.994,
Plot Title: T4189,4186,6/19/26 01:15,41.81,
Plot Title: T4190,4187,6/19/26 01:30,41.439,
Plot Title: T4191,4188,6/19/26 01:45,41.439,
Plot Title: T4192,4189,6/19/26 02:00,41.254,
Plot Title: T4193,4190,6/19/26 02:15,41.067,
Plot Title: T4194,4191,6/19/26 02:30,40.881,
Plot Title: T4195,4192,6/19/26 02:45,40.881,
Plot Title: T4196,4193,6/19/26 03:00,40.696,
Plot Title: T4197,4194,6/19/26 03:15,40.509,
Plot Title: T4198,4195,6/19/26 03:30,40.509,
Plot Title: T4199,4196,6/19/26 03:45,40.509,
Plot Title: T4200,4197,6/19/26 04:00,40.321,
Plot Title: T4201,4198,6/19/26 04:15,40.321,
Plot Title: T4202,4199,6/19/26 04:30,40.134,
Plot Title: T4203,4200,6/19/26 04:45,40.134,
Plot Title: T4204,4201,6/19/26 05:00,39.947,
Plot Title: T4205,4202,6/19/26 05:15,39.76,
Plot Title: T4206,4203,6/19/26 05:30,39.573,
Plot Title: T4207,4204,6/19/26 05:45,39.384,
Plot Title: T4208,4205,6/19/26 06:00,40.321,
Plot Title: T4209,4206,6/19/26 06:15,43.099,
Plot Title: T4210,4207,6/19/26 06:30,46.369,
Plot Title: T4211,4208,6/19/26 06:45,49.937,
Plot Title: T4212,4209,6/19/26 07:00,52.576,
Plot Title: T4213,4210,6/19/26 07:15,53.1,
Plot Title: T4214,4211,6/19/26 07:30,52.576,
Plot Title: T4215,4212,6/19/26 07:45,54.842,
Plot Title: T4216,4213,6/19/26 08:00,52.225,
Plot Title: T4217,4214,6/19/26 08:15,51.874,
Plot Title: T4218,4215,6/19/26 08:30,51.874,
Plot Title: T4219,4216,6/19/26 08:45,51.523,
Plot Title: T4220,4217,6/19/26 09:00,51.523,
Plot Title: T4221,4218,6/19/26 09:15,52.05,
Plot Title: T4222,4219,6/19/26 09:30,52.05,
Plot Title: T4223,4220,6/19/26 09:45,52.576,
Plot Title: T4224,4221,6/19/26 10:00,52.925,
Plot Title: T4225,4222,6/19/26 10:15,53.623,
Plot Title: T4226,4223,6/19/26 10:30,53.623,
Plot Title: T4227,4224,6/19/26 10:45,55.711,
Plot Title: T4228,4225,6/19/26 11:00,56.75,
Plot Title: T4229,4226,6/19/26 11:15,57.785,
Plot Title: T4230,4227,6/19/26 11:30,57.614,
Plot Title: T4231,4228,6/19/26 11:45,60.712,
Plot Title: T4232,4229,6/19/26 12:00,64.652,
Plot Title: T4233,4230,6/19/26 12:15,67.392,
Plot Title: T4234,4231,6/19/26 12:30,66.022,
Plot Title: T4235,4232,6/19/26 12:45,62.94,
Plot Title: T4236,4233,6/19/26 13:00,63.455,
Plot Title: T4237,4234,6/19/26 13:15,64.31,
Plot Title: T4238,4235,6/19/26 13:30,64.139,
Plot Title: T4239,4236,6/19/26 13:45,64.652,
Plot Title: T4240,4237,6/19/26 14:00,64.481,
Plot Title: T4241,4238,6/19/26 14:15,63.797,
Plot Title: T4242,4239,6/19/26 14:30,64.652,
Plot Title: T4243,4240,6/19/26 14:45,64.31,
Plot Title: T4244,4241,6/19/26 15:00,63.968,
Plot Title: T4245,4242,6/19/26 15:15,64.652,
Plot Title: T4246,4243,6/19/26 15:30,64.825,
Plot Title: T4247,4244,6/19/26 15:45,63.968,
Plot Title: T4248,4245,6/19/26 16:00,63.455,
Plot Title: T4249,4246,6/19/26 16:15,63.455,
Plot Title: T4250,4247,6/19/26 16:30,63.111,
Plot Title: T4251,4248,6/19/26 16:45,61.569,
Plot Title: T4252,4249,6/19/26 17:00,61.741,
Plot Title: T4253,4250,6/19/26 17:15,62.083,
Plot Title: T4254,4251,6/19/26 17:30,60.883,
Plot Title: T4255,4252,6/19/26 17:45,58.993,
Plot Title: T4256,4253,6/19/26 18:00,57.614,
Plot Title: T4257,4254,6/19/26 18:15,57.096,
Plot Title: T4258,4255,6/19/26 18:30,57.785,
Plot Title: T4259,4256,6/19/26 18:45,57.614,
Plot Title: T4260,4257,6/19/26 19:00,56.923,
Plot Title: T4261,4258,6/19/26 19:15,55.884,
Plot Title: T4262,4259,6/19/26 19:30,54.495,
Plot Title: T4263,4260,6/19/26 19:45,53.449,
Plot Title: T4264,4261,6/19/26 20:00,52.75,
Plot Title: T4265,4262,6/19/26 20:15,52.225,
Plot Title: T4266,4263,6/19/26 20:30,51.874,
Plot Title: T4267,4264,6/19/26 20:45,51.699,
Plot Title: T4268,4265,6/19/26 21:00,51.346,
Plot Title: T4269,4266,6/19/26 21:15,50.995,
Plot Title: T4270,4267,6/19/26 21:30,50.819,
Plot Title: T4271,4268,6/19/26 21:45,50.29,
Plot Title: T4272,4269,6/19/26 22:00,49.937,
Plot Title: T4273,4270,6/19/26 22:15,49.759,
Plot Title: T4274,4271,6/19/26 22:30,49.759,
Plot Title: T4275,4272,6/19/26 22:45,49.759,
Plot Title: T4276,4273,6/19/26 23:00,49.582,
Plot Title: T4277,4274,6/19/26 23:15,49.582,
Plot Title: T4278,4275,6/19/26 23:30,49.759,
Plot Title: T4279,4276,6/19/26 23:45,49.582,
Plot Title: T4280,4277,6/20/26 00:00,49.759,
Plot Title: T4281,4278,6/20/26 00:15,49.759,
Plot Title: T4282,4279,6/20/26 00:30,49.582,
Plot Title: T4283,4280,6/20/26 00:45,49.228,
Plot Title: T4284,4281,6/20/26 01:00,49.05,
Plot Title: T4285,4282,6/20/26 01:15,49.05,
Plot Title: T4286,4283,6/20/26 01:30,49.05,
Plot Title: T4287,4284,6/20/26 01:45,49.05,
Plot Title: T4288,4285,6/20/26 02:00,49.05,
Plot Title: T4289,4286,6/20/26 02:15,49.05,
Plot Title: T4290,4287,6/20/26 02:30,49.05,
Plot Title: T4291,4288,6/20/26 02:45,48.871,
Plot Title: T4292,4289,6/20/26 03:00,48.871,
Plot Title: T4293,4290,6/20/26 03:15,48.871,
Plot Title: T4294,4291,6/20/26 03:30,48.871,
Plot Title: T4295,4292,6/20/26 03:45,48.871,
Plot Title: T4296,4293,6/20/26 04:00,48.871,
Plot Title: T4297,4294,6/20/26 04:15,48.871,
Plot Title: T4298,4295,6/20/26 04:30,48.517,
Plot Title: T4299,4296,6/20/26 04:45,48.16,
Plot Title: T4300,4297,6/20/26 05:00,47.802,
Plot Title: T4301,4298,6/20/26 05:15,47.802,
Plot Title: T4302,4299,6/20/26 05:30,47.802,
Plot Title: T4303,4300,6/20/26 05:45,47.802,
Plot Title: T4304,4301,6/20/26 06:00,47.982,
Plot Title: T4305,4302,6/20/26 06:15,48.16,
Plot Title: T4306,4303,6/20/26 06:30,48.16,
Plot Title: T4307,4304,6/20/26 06:45,48.695,
Plot Title: T4308,4305,6/20/26 07:00,49.582,
Plot Title: T4309,4306,6/20/26 07:15,49.582,
Plot Title: T4310,4307,6/20/26 07:30,49.582,
Plot Title: T4311,4308,6/20/26 07:45,49.582,
Plot Title: T4312,4309,6/20/26 08:00,50.113,
Plot Title: T4313,4310,6/20/26 08:15,50.466,
Plot Title: T4314,4311,6/20/26 08:30,50.466,
Plot Title: T4315,4312,6/20/26 08:45,50.113,
Plot Title: T4316,4313,6/20/26 09:00,50.113,
Plot Title: T4317,4314,6/20/26 09:15,49.937,
Plot Title: T4318,4315,6/20/26 09:30,50.113,
Plot Title: T4319,4316,6/20/26 09:45,50.29,
Plot Title: T4320,4317,6/20/26 10:00,51.699,
Plot Title: T4321,4318,6/20/26 10:15,53.449,
Plot Title: T4322,4319,6/20/26 10:30,53.274,
Plot Title: T4323,4320,6/20/26 10:45,53.274,
Plot Title: T4324,4321,6/20/26 11:00,54.147,
Plot Title: T4325,4322,6/20/26 11:15,55.189,
Plot Title: T4326,4323,6/20/26 11:30,55.364,
Plot Title: T4327,4324,6/20/26 11:45,54.495,
Plot Title: T4328,4325,6/20/26 12:00,53.274,
Plot Title: T4329,4326,6/20/26 12:15,53.449,
Plot Title: T4330,4327,6/20/26 12:30,55.189,
Plot Title: T4331,4328,6/20/26 12:45,55.537,
Plot Title: T4332,4329,6/20/26 13:00,56.23,
Plot Title: T4333,4330,6/20/26 13:15,58.131,
Plot Title: T4334,4331,6/20/26 13:30,59.337,
Plot Title: T4335,4332,6/20/26 13:45,60.712,
Plot Title: T4336,4333,6/20/26 14:00,61.054,
Plot Title: T4337,4334,6/20/26 14:15,59.68,
Plot Title: T4338,4335,6/20/26 14:30,60.712,
Plot Title: T4339,4336,6/20/26 14:45,59.68,
Plot Title: T4340,4337,6/20/26 15:00,57.096,
Plot Title: T4341,4338,6/20/26 15:15,54.495,
Plot Title: T4342,4339,6/20/26 15:30,52.401,
Plot Title: T4343,4340,6/20/26 15:45,50.995,
Plot Title: T4344,4341,6/20/26 16:00,50.29,
Plot Title: T4345,4342,6/20/26 16:15,50.29,
Plot Title: T4346,4343,6/20/26 16:30,50.29,
Plot Title: T4347,4344,6/20/26 16:45,49.759,
Plot Title: T4348,4345,6/20/26 17:00,49.228,
Plot Title: T4349,4346,6/20/26 17:15,48.871,
Plot Title: T4350,4347,6/20/26 17:30,48.695,
Plot Title: T4351,4348,6/20/26 17:45,48.695,
Plot Title: T4352,4349,6/20/26 18:00,48.695,
Plot Title: T4353,4350,6/20/26 18:15,48.871,
Plot Title: T4354,4351,6/20/26 18:30,48.871,
Plot Title: T4355,4352,6/20/26 18:45,48.695,
Plot Title: T4356,4353,6/20/26 19:00,48.517,
Plot Title: T4357,4354,6/20/26 19:15,48.339,
Plot Title: T4358,4355,6/20/26 19:30,48.16,
Plot Title: T4359,4356,6/20/26 19:45,48.16,
Plot Title: T4360,4357,6/20/26 20:00,48.16,
Plot Title: T4361,4358,6/20/26 20:15,48.16,
Plot Title: T4362,4359,6/20/26 20:30,47.982,
Plot Title: T4363,4360,6/20/26 20:45,47.802,
Plot Title: T4364,4361,6/20/26 21:00,47.624,
Plot Title: T4365,4362,6/20/26 21:15,47.446,
Plot Title: T4366,4363,6/20/26 21:30,47.266,
Plot Title: T4367,4364,6/20/26 21:45,46.908,
Plot Title: T4368,4365,6/20/26 22:00,46.908,
Plot Title: T4369,4366,6/20/26 22:15,46.728,
Plot Title: T4370,4367,6/20/26 22:30,46.548,
Plot Title: T4371,4368,6/20/26 22:45,46.369,
Plot Title: T4372,4369,6/20/26 23:00,46.008,
Plot Title: T4373,4370,6/20/26 23:15,45.648,
Plot Title: T4374,4371,6/20/26 23:30,45.466,
Plot Title: T4375,4372,6/20/26 23:45,45.104,
Plot Title: T4376,4373,6/21/26 00:00,44.922,
Plot Title: T4377,4374,6/21/26 00:15,44.922,
Plot Title: T4378,4375,6/21/26 00:30,45.286,
Plot Title: T4379,4376,6/21/26 00:45,45.466,
Plot Title: T4380,4377,6/21/26 01:00,45.466,
Plot Title: T4381,4378,6/21/26 01:15,45.466,
Plot Title: T4382,4379,6/21/26 01:30,45.648,
Plot Title: T4383,4380,6/21/26 01:45,45.648,
Plot Title: T4384,4381,6/21/26 02:00,45.466,
Plot Title: T4385,4382,6/21/26 02:15,44.922,
Plot Title: T4386,4383,6/21/26 02:30,44.56,
Plot Title: T4387,4384,6/21/26 02:45,44.56,
Plot Title: T4388,4385,6/21/26 03:00,44.742,
Plot Title: T4389,4386,6/21/26 03:15,44.922,
Plot Title: T4390,4387,6/21/26 03:30,44.922,
Plot Title: T4391,4388,6/21/26 03:45,44.742,
Plot Title: T4392,4389,6/21/26 04:00,44.922,
Plot Title: T4393,4390,6/21/26 04:15,45.104,
Plot Title: T4394,4391,6/21/26 04:30,45.104,
Plot Title: T4395,4392,6/21/26 04:45,44.922,
Plot Title: T4396,4393,6/21/26 05:00,44.922,
Plot Title: T4397,4394,6/21/26 05:15,44.922,
Plot Title: T4398,4395,6/21/26 05:30,44.922,
Plot Title: T4399,4396,6/21/26 05:45,44.742,
Plot Title: T4400,4397,6/21/26 06:00,44.742,
Plot Title: T4401,4398,6/21/26 06:15,45.828,
Plot Title: T4402,4399,6/21/26 06:30,48.871,
Plot Title: T4403,4400,6/21/26 06:45,49.404,
Plot Title: T4404,4401,6/21/26 07:00,48.871,
Plot Title: T4405,4402,6/21/26 07:15,49.228,
Plot Title: T4406,4403,6/21/26 07:30,49.05,
Plot Title: T4407,4404,6/21/26 07:45,48.871,
Plot Title: T4408,4405,6/21/26 08:00,49.05,
Plot Title: T4409,4406,6/21/26 08:15,49.759,
Plot Title: T4410,4407,6/21/26 08:30,49.582,
Plot Title: T4411,4408,6/21/26 08:45,49.228,
Plot Title: T4412,4409,6/21/26 09:00,49.582,
Plot Title: T4413,4410,6/21/26 09:15,51.172,
Plot Title: T4414,4411,6/21/26 09:30,51.874,
Plot Title: T4415,4412,6/21/26 09:45,51.874,
Plot Title: T4416,4413,6/21/26 10:00,51.346,
Plot Title: T4417,4414,6/21/26 10:15,52.05,
Plot Title: T4418,4415,6/21/26 10:30,52.05,
Plot Title: T4419,4416,6/21/26 10:45,53.1,
Plot Title: T4420,4417,6/21/26 11:00,55.189,
Plot Title: T4421,4418,6/21/26 11:15,57.614,
Plot Title: T4422,4419,6/21/26 11:30,56.577,
Plot Title: T4423,4420,6/21/26 11:45,56.404,
Plot Title: T4424,4421,6/21/26 12:00,69.107,
Plot Title: T4425,4422,6/21/26 12:15,68.934,
Plot Title: T4426,4423,6/21/26 12:30,76.528,
Plot Title: T4427,4424,6/21/26 12:45,69.793,
Plot Title: T4428,4425,6/21/26 13:00,66.366,
Plot Title: T4429,4426,6/21/26 13:15,62.94,
Plot Title: T4430,4427,6/21/26 13:30,61.741,
Plot Title: T4431,4428,6/21/26 13:45,60.195,
Plot Title: T4432,4429,6/21/26 14:00,60.195,
Plot Title: T4433,4430,6/21/26 14:15,60.195,
Plot Title: T4434,4431,6/21/26 14:30,58.993,
Plot Title: T4435,4432,6/21/26 14:45,58.82,
Plot Title: T4436,4433,6/21/26 15:00,62.769,
Plot Title: T4437,4434,6/21/26 15:15,61.227,
Plot Title: T4438,4435,6/21/26 15:30,63.282,
Plot Title: T4439,4436,6/21/26 15:45,66.193,
Plot Title: T4440,4437,6/21/26 16:00,63.626,
Plot Title: T4441,4438,6/21/26 16:15,60.539,
Plot Title: T4442,4439,6/21/26 16:30,58.647,
Plot Title: T4443,4440,6/21/26 16:45,57.958,
Plot Title: T4444,4441,6/21/26 17:00,57.268,
Plot Title: T4445,4442,6/21/26 17:15,56.577,
Plot Title: T4446,4443,6/21/26 17:30,56.23,
Plot Title: T4447,4444,6/21/26 17:45,55.364,
Plot Title: T4448,4445,6/21/26 18:00,55.017,
Plot Title: T4449,4446,6/21/26 18:15,55.189,
Plot Title: T4450,4447,6/21/26 18:30,54.322,
Plot Title: T4451,4448,6/21/26 18:45,53.274,
Plot Title: T4452,4449,6/21/26 19:00,52.401,
Plot Title: T4453,4450,6/21/26 19:15,52.576,
Plot Title: T4454,4451,6/21/26 19:30,53.1,
Plot Title: T4455,4452,6/21/26 19:45,53.1,
Plot Title: T4456,4453,6/21/26 20:00,53.274,
Plot Title: T4457,4454,6/21/26 20:15,52.925,
Plot Title: T4458,4455,6/21/26 20:30,52.05,
Plot Title: T4459,4456,6/21/26 20:45,51.172,
Plot Title: T4460,4457,6/21/26 21:00,50.819,
Plot Title: T4461,4458,6/21/26 21:15,50.643,
Plot Title: T4462,4459,6/21/26 21:30,50.113,
Plot Title: T4463,4460,6/21/26 21:45,49.759,
Plot Title: T4464,4461,6/21/26 22:00,49.404,
Plot Title: T4465,4462,6/21/26 22:15,48.695,
Plot Title: T4466,4463,6/21/26 22:30,48.16,
Plot Title: T4467,4464,6/21/26 22:45,47.624,
Plot Title: T4468,4465,6/21/26 23:00,47.088,
Plot Title: T4469,4466,6/21/26 23:15,46.728,
Plot Title: T4470,4467,6/21/26 23:30,46.369,
Plot Title: T4471,4468,6/21/26 23:45,46.008,
Plot Title: T4472,4469,6/22/26 00:00,45.648,
Plot Title: T4473,4470,6/22/26 00:15,45.286,
Plot Title: T4474,4471,6/22/26 00:30,45.104,
Plot Title: T4475,4472,6/22/26 00:45,44.922,
Plot Title: T4476,4473,6/22/26 01:00,44.742,
Plot Title: T4477,4474,6/22/26 01:15,44.56,
Plot Title: T4478,4475,6/22/26 01:30,44.379,
Plot Title: T4479,4476,6/22/26 01:45,44.195,
Plot Title: T4480,4477,6/22/26 02:00,44.013,
Plot Title: T4481,4478,6/22/26 02:15,44.379,
Plot Title: T4482,4479,6/22/26 02:30,44.379,
Plot Title: T4483,4480,6/22/26 02:45,44.195,
Plot Title: T4484,4481,6/22/26 03:00,43.831,
Plot Title: T4485,4482,6/22/26 03:15,43.648,
Plot Title: T4486,4483,6/22/26 03:30,43.466,
Plot Title: T4487,4484,6/22/26 03:45,43.282,
Plot Title: T4488,4485,6/22/26 04:00,43.099,
Plot Title: T4489,4486,6/22/26 04:15,43.099,
Plot Title: T4490,4487,6/22/26 04:30,42.915,
Plot Title: T4491,4488,6/22/26 04:45,42.732,
Plot Title: T4492,4489,6/22/26 05:00,42.732,
Plot Title: T4493,4490,6/22/26 05:15,42.732,
Plot Title: T4494,4491,6/22/26 05:30,42.915,
Plot Title: T4495,4492,6/22/26 05:45,42.915,
Plot Title: T4496,4493,6/22/26 06:00,42.915,
Plot Title: T4497,4494,6/22/26 06:15,43.099,
Plot Title: T4498,4495,6/22/26 06:30,43.466,
Plot Title: T4499,4496,6/22/26 06:45,44.922,
Plot Title: T4500,4497,6/22/26 07:00,47.266,
Plot Title: T4501,4498,6/22/26 07:15,49.937,
Plot Title: T4502,4499,6/22/26 07:30,51.172,
Plot Title: T4503,4500,6/22/26 07:45,53.798,
Plot Title: T4504,4501,6/22/26 08:00,51.523,
Plot Title: T4505,4502,6/22/26 08:15,50.29,
Plot Title: T4506,4503,6/22/26 08:30,50.819,
Plot Title: T4507,4504,6/22/26 08:45,50.643,
Plot Title: T4508,4505,6/22/26 09:00,50.113,
Plot Title: T4509,4506,6/22/26 09:15,49.937,
Plot Title: T4510,4507,6/22/26 09:30,49.228,
Plot Title: T4511,4508,6/22/26 09:45,49.228,
Plot Title: T4512,4509,6/22/26 10:00,49.404,
Plot Title: T4513,4510,6/22/26 10:15,49.759,
Plot Title: T4514,4511,6/22/26 10:30,49.937,
Plot Title: T4515,4512,6/22/26 10:45,51.346,
Plot Title: T4516,4513,6/22/26 11:00,53.274,
Plot Title: T4517,4514,6/22/26 11:15,55.884,
Plot Title: T4518,4515,6/22/26 11:30,55.189,
Plot Title: T4519,4516,6/22/26 11:45,56.057,
Plot Title: T4520,4517,6/22/26 12:00,60.712,
Plot Title: T4521,4518,6/22/26 12:15,58.82,
Plot Title: T4522,4519,6/22/26 12:30,58.476,
Plot Title: T4523,4520,6/22/26 12:45,59.337,
Plot Title: T4524,4521,6/22/26 13:00,58.993,
Plot Title: T4525,4522,6/22/26 13:15,57.268,
Plot Title: T4526,4523,6/22/26 13:30,57.958,
Plot Title: T4527,4524,6/22/26 13:45,57.614,
Plot Title: T4528,4525,6/22/26 14:00,57.785,
Plot Title: T4529,4526,6/22/26 14:15,57.268,
Plot Title: T4530,4527,6/22/26 14:30,57.441,
Plot Title: T4531,4528,6/22/26 14:45,58.647,
Plot Title: T4532,4529,6/22/26 15:00,62.94,
Plot Title: T4533,4530,6/22/26 15:15,61.741,
Plot Title: T4534,4531,6/22/26 15:30,61.569,
Plot Title: T4535,4532,6/22/26 15:45,59.68,
Plot Title: T4536,4533,6/22/26 16:00,58.647,
Plot Title: T4537,4534,6/22/26 16:15,57.614,
Plot Title: T4538,4535,6/22/26 16:30,56.577,
Plot Title: T4539,4536,6/22/26 16:45,55.711,
Plot Title: T4540,4537,6/22/26 17:00,55.364,
Plot Title: T4541,4538,6/22/26 17:15,55.364,
Plot Title: T4542,4539,6/22/26 17:30,54.669,
Plot Title: T4543,4540,6/22/26 17:45,55.017,
Plot Title: T4544,4541,6/22/26 18:00,54.669,
Plot Title: T4545,4542,6/22/26 18:15,54.322,
Plot Title: T4546,4543,6/22/26 18:30,54.147,
Plot Title: T4547,4544,6/22/26 18:45,53.274,
Plot Title: T4548,4545,6/22/26 19:00,52.925,
Plot Title: T4549,4546,6/22/26 19:15,52.75,
Plot Title: T4550,4547,6/22/26 19:30,51.699,
Plot Title: T4551,4548,6/22/26 19:45,51.172,
Plot Title: T4552,4549,6/22/26 20:00,50.995,
Plot Title: T4553,4550,6/22/26 20:15,50.466,
Plot Title: T4554,4551,6/22/26 20:30,49.759,
Plot Title: T4555,4552,6/22/26 20:45,48.695,
Plot Title: T4556,4553,6/22/26 21:00,48.339,
Plot Title: T4557,4554,6/22/26 21:15,47.982,
Plot Title: T4558,4555,6/22/26 21:30,47.624,
Plot Title: T4559,4556,6/22/26 21:45,46.728,
Plot Title: T4560,4557,6/22/26 22:00,46.008,
Plot Title: T4561,4558,6/22/26 22:15,45.286,
Plot Title: T4562,4559,6/22/26 22:30,44.922,
Plot Title: T4563,4560,6/22/26 22:45,44.56,
Plot Title: T4564,4561,6/22/26 23:00,44.195,
Plot Title: T4565,4562,6/22/26 23:15,44.013,
Plot Title: T4566,4563,6/22/26 23:30,43.648,
Plot Title: T4567,4564,6/22/26 23:45,43.282,
Plot Title: T4568,4565,6/23/26 00:00,42.915,
Plot Title: T4569,4566,6/23/26 00:15,42.732,
Plot Title: T4570,4567,6/23/26 00:30,42.363,
Plot Title: T4571,4568,6/23/26 00:45,42.179,
Plot Title: T4572,4569,6/23/26 01:00,41.994,
Plot Title: T4573,4570,6/23/26 01:15,41.81,
Plot Title: T4574,4571,6/23/26 01:30,41.625,
Plot Title: T4575,4572,6/23/26 01:45,41.254,
Plot Title: T4576,4573,6/23/26 02:00,41.067,
Plot Title: T4577,4574,6/23/26 02:15,40.881,
Plot Title: T4578,4575,6/23/26 02:30,40.696,
Plot Title: T4579,4576,6/23/26 02:45,40.509,
Plot Title: T4580,4577,6/23/26 03:00,40.321,
Plot Title: T4581,4578,6/23/26 03:15,40.134,
Plot Title: T4582,4579,6/23/26 03:30,39.947,
Plot Title: T4583,4580,6/23/26 03:45,39.947,
Plot Title: T4584,4581,6/23/26 04:00,39.76,
Plot Title: T4585,4582,6/23/26 04:15,39.573,
Plot Title: T4586,4583,6/23/26 04:30,39.384,
Plot Title: T4587,4584,6/23/26 04:45,39.196,
Plot Title: T4588,4585,6/23/26 05:00,39.007,
Plot Title: T4589,4586,6/23/26 05:15,39.007,
Plot Title: T4590,4587,6/23/26 05:30,38.818,
Plot Title: T4591,4588,6/23/26 05:45,38.818,
Plot Title: T4592,4589,6/23/26 06:00,39.76,
Plot Title: T4593,4590,6/23/26 06:15,43.099,
Plot Title: T4594,4591,6/23/26 06:30,46.369,
Plot Title: T4595,4592,6/23/26 06:45,49.582,
Plot Title: T4596,4593,6/23/26 07:00,52.05,
Plot Title: T4597,4594,6/23/26 07:15,52.05,
Plot Title: T4598,4595,6/23/26 07:30,51.346,
Plot Title: T4599,4596,6/23/26 07:45,53.623,
Plot Title: T4600,4597,6/23/26 08:00,50.466,
Plot Title: T4601,4598,6/23/26 08:15,48.695,
Plot Title: T4602,4599,6/23/26 08:30,48.517,
Plot Title: T4603,4600,6/23/26 08:45,47.982,
Plot Title: T4604,4601,6/23/26 09:00,47.802,
Plot Title: T4605,4602,6/23/26 09:15,47.446,
Plot Title: T4606,4603,6/23/26 09:30,47.088,
Plot Title: T4607,4604,6/23/26 09:45,46.908,
Plot Title: T4608,4605,6/23/26 10:00,46.728,
Plot Title: T4609,4606,6/23/26 10:15,46.728,
Plot Title: T4610,4607,6/23/26 10:30,46.908,
Plot Title: T4611,4608,6/23/26 10:45,48.339,
Plot Title: T4612,4609,6/23/26 11:00,49.759,
Plot Title: T4613,4610,6/23/26 11:15,52.75,
Plot Title: T4614,4611,6/23/26 11:30,50.643,
Plot Title: T4615,4612,6/23/26 11:45,52.75,
Plot Title: T4616,4613,6/23/26 12:00,66.193,
Plot Title: T4617,4614,6/23/26 12:15,71.856,
Plot Title: T4618,4615,6/23/26 12:30,75.312,
Plot Title: T4619,4616,6/23/26 12:45,78.274,
Plot Title: T4620,4617,6/23/26 13:00,68.763,
Plot Title: T4621,4618,6/23/26 13:15,61.912,
Plot Title: T4622,4619,6/23/26 13:30,58.82,
Plot Title: T4623,4620,6/23/26 13:45,56.577,
Plot Title: T4624,4621,6/23/26 14:00,55.017,
Plot Title: T4625,4622,6/23/26 14:15,53.973,
Plot Title: T4626,4623,6/23/26 14:30,53.274,
Plot Title: T4627,4624,6/23/26 14:45,53.623,
Plot Title: T4628,4625,6/23/26 15:00,60.195,
Plot Title: T4629,4626,6/23/26 15:15,60.195,
Plot Title: T4630,4627,6/23/26 15:30,61.912,
Plot Title: T4631,4628,6/23/26 15:45,64.481,
Plot Title: T4632,4629,6/23/26 16:00,62.425,
Plot Title: T4633,4630,6/23/26 16:15,57.441,
Plot Title: T4634,4631,6/23/26 16:30,55.017,
Plot Title: T4635,4632,6/23/26 16:45,53.623,
Plot Title: T4636,4633,6/23/26 17:00,52.925,
Plot Title: T4637,4634,6/23/26 17:15,52.401,
Plot Title: T4638,4635,6/23/26 17:30,51.874,
Plot Title: T4639,4636,6/23/26 17:45,51.346,
Plot Title: T4640,4637,6/23/26 18:00,50.819,
Plot Title: T4641,4638,6/23/26 18:15,50.29,
Plot Title: T4642,4639,6/23/26 18:30,49.937,
Plot Title: T4643,4640,6/23/26 18:45,49.582,
Plot Title: T4644,4641,6/23/26 19:00,49.228,
Plot Title: T4645,4642,6/23/26 19:15,48.871,
Plot Title: T4646,4643,6/23/26 19:30,48.695,
Plot Title: T4647,4644,6/23/26 19:45,48.339,
Plot Title: T4648,4645,6/23/26 20:00,47.982,
Plot Title: T4649,4646,6/23/26 20:15,47.802,
Plot Title: T4650,4647,6/23/26 20:30,47.446,
Plot Title: T4651,4648,6/23/26 20:45,47.088,
Plot Title: T4652,4649,6/23/26 21:00,46.728,
Plot Title: T4653,4650,6/23/26 21:15,46.548,
Plot Title: T4654,4651,6/23/26 21:30,46.188,
Plot Title: T4655,4652,6/23/26 21:45,46.008,
Plot Title: T4656,4653,6/23/26 22:00,46.008,
Plot Title: T4657,4654,6/23/26 22:15,45.828,
Plot Title: T4658,4655,6/23/26 22:30,45.648,
Plot Title: T4659,4656,6/23/26 22:45,45.466,
Plot Title: T4660,4657,6/23/26 23:00,45.466,
Plot Title: T4661,4658,6/23/26 23:15,45.286,
Plot Title: T4662,4659,6/23/26 23:30,45.286,
Plot Title: T4663,4660,6/23/26 23:45,45.104,
Plot Title: T4664,4661,6/24/26 00:00,44.922,
Plot Title: T4665,4662,6/24/26 00:15,44.742,
Plot Title: T4666,4663,6/24/26 00:30,44.56,
Plot Title: T4667,4664,6/24/26 00:45,44.379,
Plot Title: T4668,4665,6/24/26 01:00,44.56,
Plot Title: T4669,4666,6/24/26 01:15,44.56,
Plot Title: T4670,4667,6/24/26 01:30,44.922,
Plot Title: T4671,4668,6/24/26 01:45,44.742,
Plot Title: T4672,4669,6/24/26 02:00,44.742,
Plot Title: T4673,4670,6/24/26 02:15,44.742,
Plot Title: T4674,4671,6/24/26 02:30,44.56,
Plot Title: T4675,4672,6/24/26 02:45,44.195,
Plot Title: T4676,4673,6/24/26 03:00,44.013,
Plot Title: T4677,4674,6/24/26 03:15,43.648,
Plot Title: T4678,4675,6/24/26 03:30,43.648,
Plot Title: T4679,4676,6/24/26 03:45,43.466,
Plot Title: T4680,4677,6/24/26 04:00,43.282,
Plot Title: T4681,4678,6/24/26 04:15,43.099,
Plot Title: T4682,4679,6/24/26 04:30,43.099,
Plot Title: T4683,4680,6/24/26 04:45,43.099,
Plot Title: T4684,4681,6/24/26 05:00,43.282,
Plot Title: T4685,4682,6/24/26 05:15,43.466,
Plot Title: T4686,4683,6/24/26 05:30,42.915,
Plot Title: T4687,4684,6/24/26 05:45,42.548,
Plot Title: T4688,4685,6/24/26 06:00,42.179,
Plot Title: T4689,4686,6/24/26 06:15,43.648,
Plot Title: T4690,4687,6/24/26 06:30,46.908,
Plot Title: T4691,4688,6/24/26 06:45,50.29,
Plot Title: T4692,4689,6/24/26 07:00,50.995,
Plot Title: T4693,4690,6/24/26 07:15,50.819,
Plot Title: T4694,4691,6/24/26 07:30,51.172,
Plot Title: T4695,4692,6/24/26 07:45,52.925,
Plot Title: T4696,4693,6/24/26 08:00,51.346,
Plot Title: T4697,4694,6/24/26 08:15,50.643,
Plot Title: T4698,4695,6/24/26 08:30,50.466,
Plot Title: T4699,4696,6/24/26 08:45,50.113,
Plot Title: T4700,4697,6/24/26 09:00,49.937,
Plot Title: T4701,4698,6/24/26 09:15,49.404,
Plot Title: T4702,4699,6/24/26 09:30,49.05,
Plot Title: T4703,4700,6/24/26 09:45,48.871,
Plot Title: T4704,4701,6/24/26 10:00,48.871,
Plot Title: T4705,4702,6/24/26 10:15,48.871,
Plot Title: T4706,4703,6/24/26 10:30,48.871,
Plot Title: T4707,4704,6/24/26 10:45,50.466,
Plot Title: T4708,4705,6/24/26 11:00,51.699,
Plot Title: T4709,4706,6/24/26 11:15,54.842,
Plot Title: T4710,4707,6/24/26 11:30,52.75,
Plot Title: T4711,4708,6/24/26 11:45,54.842,
Plot Title: T4712,4709,6/24/26 12:00,68.248,
Plot Title: T4713,4710,6/24/26 12:15,75.139,
Plot Title: T4714,4711,6/24/26 12:30,78.8,
Plot Title: T4715,4712,6/24/26 12:45,80.735,
Plot Title: T4716,4713,6/24/26 13:00,71.683,
Plot Title: T4717,4714,6/24/26 13:15,65.167,
Plot Title: T4718,4715,6/24/26 13:30,62.598,
Plot Title: T4719,4716,6/24/26 13:45,61.398,
Plot Title: T4720,4717,6/24/26 14:00,61.227,
Plot Title: T4721,4718,6/24/26 14:15,61.227,
Plot Title: T4722,4719,6/24/26 14:30,60.883,
Plot Title: T4723,4720,6/24/26 14:45,61.054,
Plot Title: T4724,4721,6/24/26 15:00,61.741,
Plot Title: T4725,4722,6/24/26 15:15,61.741,
Plot Title: T4726,4723,6/24/26 15:30,62.769,
Plot Title: T4727,4724,6/24/26 15:45,63.282,
Plot Title: T4728,4725,6/24/26 16:00,63.282,
Plot Title: T4729,4726,6/24/26 16:15,61.912,
Plot Title: T4730,4727,6/24/26 16:30,61.054,
Plot Title: T4731,4728,6/24/26 16:45,60.368,
Plot Title: T4732,4729,6/24/26 17:00,59.851,
Plot Title: T4733,4730,6/24/26 17:15,58.82,
Plot Title: T4734,4731,6/24/26 17:30,58.82,
Plot Title: T4735,4732,6/24/26 17:45,57.614,
Plot Title: T4736,4733,6/24/26 18:00,56.404,
Plot Title: T4737,4734,6/24/26 18:15,55.364,
Plot Title: T4738,4735,6/24/26 18:30,55.017,
Plot Title: T4739,4736,6/24/26 18:45,54.669,
Plot Title: T4740,4737,6/24/26 19:00,54.322,
Plot Title: T4741,4738,6/24/26 19:15,54.147,
Plot Title: T4742,4739,6/24/26 19:30,53.623,
Plot Title: T4743,4740,6/24/26 19:45,53.1,
Plot Title: T4744,4741,6/24/26 20:00,52.75,
Plot Title: T4745,4742,6/24/26 20:15,53.1,
Plot Title: T4746,4743,6/24/26 20:30,52.75,
Plot Title: T4747,4744,6/24/26 20:45,52.225,
Plot Title: T4748,4745,6/24/26 21:00,51.699,
Plot Title: T4749,4746,6/24/26 21:15,50.995,
Plot Title: T4750,4747,6/24/26 21:30,50.819,
Plot Title: T4751,4748,6/24/26 21:45,50.643,
Plot Title: T4752,4749,6/24/26 22:00,50.29,
Plot Title: T4753,4750,6/24/26 22:15,49.759,
Plot Title: T4754,4751,6/24/26 22:30,49.582,
Plot Title: T4755,4752,6/24/26 22:45,49.228,
Plot Title: T4756,4753,6/24/26 23:00,49.228,
Plot Title: T4757,4754,6/24/26 23:15,49.228,
Plot Title: T4758,4755,6/24/26 23:30,49.05,
Plot Title: T4759,4756,6/24/26 23:45,48.871,
Plot Title: T4760,4757,6/25/26 00:00,48.517,
Plot Title: T4761,4758,6/25/26 00:15,48.16,
Plot Title: T4762,4759,6/25/26 00:30,47.982,
Plot Title: T4763,4760,6/25/26 00:45,48.16,
Plot Title: T4764,4761,6/25/26 01:00,48.339,
Plot Title: T4765,4762,6/25/26 01:15,48.339,
Plot Title: T4766,4763,6/25/26 01:30,48.517,
Plot Title: T4767,4764,6/25/26 01:45,48.517,
Plot Title: T4768,4765,6/25/26 02:00,48.517,
Plot Title: T4769,4766,6/25/26 02:15,47.802,
Plot Title: T4770,4767,6/25/26 02:30,47.446,
Plot Title: T4771,4768,6/25/26 02:45,47.446,
Plot Title: T4772,4769,6/25/26 03:00,47.266,
Plot Title: T4773,4770,6/25/26 03:15,46.728,
Plot Title: T4774,4771,6/25/26 03:30,46.369,
Plot Title: T4775,4772,6/25/26 03:45,46.008,
Plot Title: T4776,4773,6/25/26 04:00,45.828,
Plot Title: T4777,4774,6/25/26 04:15,45.648,
Plot Title: T4778,4775,6/25/26 04:30,45.648,
Plot Title: T4779,4776,6/25/26 04:45,45.466,
Plot Title: T4780,4777,6/25/26 05:00,45.828,
Plot Title: T4781,4778,6/25/26 05:15,46.188,
Plot Title: T4782,4779,6/25/26 05:30,45.828,
Plot Title: T4783,4780,6/25/26 05:45,45.648,
Plot Title: T4784,4781,6/25/26 06:00,45.648,
Plot Title: T4785,4782,6/25/26 06:15,45.466,
Plot Title: T4786,4783,6/25/26 06:30,45.286,
Plot Title: T4787,4784,6/25/26 06:45,46.369,
Plot Title: T4788,4785,6/25/26 07:00,49.404,
Plot Title: T4789,4786,6/25/26 07:15,48.695,
Plot Title: T4790,4787,6/25/26 07:30,48.517,
Plot Title: T4791,4788,6/25/26 07:45,48.517,
Plot Title: T4792,4789,6/25/26 08:00,48.339,
Plot Title: T4793,4790,6/25/26 08:15,48.517,
Plot Title: T4794,4791,6/25/26 08:30,48.339,
Plot Title: T4795,4792,6/25/26 08:45,49.228,
Plot Title: T4796,4793,6/25/26 09:00,49.759,
Plot Title: T4797,4794,6/25/26 09:15,49.05,
Plot Title: T4798,4795,6/25/26 09:30,48.695,
Plot Title: T4799,4796,6/25/26 09:45,49.582,
Plot Title: T4800,4797,6/25/26 10:00,50.995,
Plot Title: T4801,4798,6/25/26 10:15,52.75,
Plot Title: T4802,4799,6/25/26 10:30,54.669,
Plot Title: T4803,4800,6/25/26 10:45,55.364,
Plot Title: T4804,4801,6/25/26 11:00,55.017,
Plot Title: T4805,4802,6/25/26 11:15,53.973,
Plot Title: T4806,4803,6/25/26 11:30,55.711,
Plot Title: T4807,4804,6/25/26 11:45,57.614,
Plot Title: T4808,4805,6/25/26 12:00,61.398,
Plot Title: T4809,4806,6/25/26 12:15,62.083,
Plot Title: T4810,4807,6/25/26 12:30,59.337,
Plot Title: T4811,4808,6/25/26 12:45,58.303,
Plot Title: T4812,4809,6/25/26 13:00,59.508,
Plot Title: T4813,4810,6/25/26 13:15,59.851,
Plot Title: T4814,4811,6/25/26 13:30,60.024,
Plot Title: T4815,4812,6/25/26 13:45,60.368,
Plot Title: T4816,4813,6/25/26 14:00,59.68,
Plot Title: T4817,4814,6/25/26 14:15,59.68,
Plot Title: T4818,4815,6/25/26 14:30,58.993,
Plot Title: T4819,4816,6/25/26 14:45,58.647,
Plot Title: T4820,4817,6/25/26 15:00,59.164,
Plot Title: T4821,4818,6/25/26 15:15,59.68,
Plot Title: T4822,4819,6/25/26 15:30,61.227,
Plot Title: T4823,4820,6/25/26 15:45,61.398,
Plot Title: T4824,4821,6/25/26 16:00,62.425,
Plot Title: T4825,4822,6/25/26 16:15,60.195,
Plot Title: T4826,4823,6/25/26 16:30,57.614,
Plot Title: T4827,4824,6/25/26 16:45,58.647,
Plot Title: T4828,4825,6/25/26 17:00,58.476,
Plot Title: T4829,4826,6/25/26 17:15,58.993,
Plot Title: T4830,4827,6/25/26 17:30,58.476,
Plot Title: T4831,4828,6/25/26 17:45,57.958,
Plot Title: T4832,4829,6/25/26 18:00,57.096,
Plot Title: T4833,4830,6/25/26 18:15,56.923,
Plot Title: T4834,4831,6/25/26 18:30,56.404,
Plot Title: T4835,4832,6/25/26 18:45,56.057,
Plot Title: T4836,4833,6/25/26 19:00,55.711,
Plot Title: T4837,4834,6/25/26 19:15,55.017,
Plot Title: T4838,4835,6/25/26 19:30,54.669,
Plot Title: T4839,4836,6/25/26 19:45,53.798,
Plot Title: T4840,4837,6/25/26 20:00,52.75,
Plot Title: T4841,4838,6/25/26 20:15,51.874,
Plot Title: T4842,4839,6/25/26 20:30,51.523,
Plot Title: T4843,4840,6/25/26 20:45,51.523,
Plot Title: T4844,4841,6/25/26 21:00,50.643,
Plot Title: T4845,4842,6/25/26 21:15,49.937,
Plot Title: T4846,4843,6/25/26 21:30,49.404,
Plot Title: T4847,4844,6/25/26 21:45,49.582,
Plot Title: T4848,4845,6/25/26 22:00,49.759,
Plot Title: T4849,4846,6/25/26 22:15,49.404,
Plot Title: T4850,4847,6/25/26 22:30,49.404,
Plot Title: T4851,4848,6/25/26 22:45,49.228,
Plot Title: T4852,4849,6/25/26 23:00,48.695,
Plot Title: T4853,4850,6/25/26 23:15,48.695,
Plot Title: T4854,4851,6/25/26 23:30,48.339,
Plot Title: T4855,4852,6/25/26 23:45,47.982,
Plot Title: T4856,4853,6/26/26 00:00,48.16,
Plot Title: T4857,4854,6/26/26 00:15,48.517,
Plot Title: T4858,4855,6/26/26 00:30,48.517,
Plot Title: T4859,4856,6/26/26 00:45,48.16,
Plot Title: T4860,4857,6/26/26 01:00,47.802,
Plot Title: T4861,4858,6/26/26 01:15,47.266,
Plot Title: T4862,4859,6/26/26 01:30,46.908,
Plot Title: T4863,4860,6/26/26 01:45,46.728,
Plot Title: T4864,4861,6/26/26 02:00,46.908,
Plot Title: T4865,4862,6/26/26 02:15,47.088,
Plot Title: T4866,4863,6/26/26 02:30,47.088,
Plot Title: T4867,4864,6/26/26 02:45,47.266,
Plot Title: T4868,4865,6/26/26 03:00,47.266,
Plot Title: T4869,4866,6/26/26 03:15,47.266,
Plot Title: T4870,4867,6/26/26 03:30,47.266,
Plot Title: T4871,4868,6/26/26 03:45,47.446,
Plot Title: T4872,4869,6/26/26 04:00,47.446,
Plot Title: T4873,4870,6/26/26 04:15,47.446,
Plot Title: T4874,4871,6/26/26 04:30,47.088,
Plot Title: T4875,4872,6/26/26 04:45,46.728,
Plot Title: T4876,4873,6/26/26 05:00,46.548,
Plot Title: T4877,4874,6/26/26 05:15,46.728,
Plot Title: T4878,4875,6/26/26 05:30,46.728,
Plot Title: T4879,4876,6/26/26 05:45,46.728,
Plot Title: T4880,4877,6/26/26 06:00,46.728,
Plot Title: T4881,4878,6/26/26 06:15,47.088,
Plot Title: T4882,4879,6/26/26 06:30,47.266,
Plot Title: T4883,4880,6/26/26 06:45,47.624,
Plot Title: T4884,4881,6/26/26 07:00,48.16,
Plot Title: T4885,4882,6/26/26 07:15,48.517,
Plot Title: T4886,4883,6/26/26 07:30,48.871,
Plot Title: T4887,4884,6/26/26 07:45,49.228,
Plot Title: T4888,4885,6/26/26 08:00,50.29,
Plot Title: T4889,4886,6/26/26 08:15,51.172,
Plot Title: T4890,4887,6/26/26 08:30,52.05,
Plot Title: T4891,4888,6/26/26 08:45,52.401,
Plot Title: T4892,4889,6/26/26 09:00,52.401,
Plot Title: T4893,4890,6/26/26 09:15,52.925,
Plot Title: T4894,4891,6/26/26 09:30,53.973,
Plot Title: T4895,4892,6/26/26 09:45,55.189,
Plot Title: T4896,4893,6/26/26 10:00,55.711,
Plot Title: T4897,4894,6/26/26 10:15,55.884,
Plot Title: T4898,4895,6/26/26 10:30,55.884,
Plot Title: T4899,4896,6/26/26 10:45,57.441,
Plot Title: T4900,4897,6/26/26 11:00,58.647,
Plot Title: T4901,4898,6/26/26 11:15,60.883,
Plot Title: T4902,4899,6/26/26 11:30,61.054,
Plot Title: T4903,4900,6/26/26 11:45,61.912,
Plot Title: T4904,4901,6/26/26 12:00,63.111,
Plot Title: T4905,4902,6/26/26 12:15,64.31,
Plot Title: T4906,4903,6/26/26 12:30,66.022,
Plot Title: T4907,4904,6/26/26 12:45,66.366,
Plot Title: T4908,4905,6/26/26 13:00,64.825,
Plot Title: T4909,4906,6/26/26 13:15,64.996,
Plot Title: T4910,4907,6/26/26 13:30,65.167,
Plot Title: T4911,4908,6/26/26 13:45,63.968,
Plot Title: T4912,4909,6/26/26 14:00,63.282,
Plot Title: T4913,4910,6/26/26 14:15,62.254,
Plot Title: T4914,4911,6/26/26 14:30,59.508,
Plot Title: T4915,4912,6/26/26 14:45,58.82,
Plot Title: T4916,4913,6/26/26 15:00,58.993,
Plot Title: T4917,4914,6/26/26 15:15,56.75,
Plot Title: T4918,4915,6/26/26 15:30,59.337,
Plot Title: T4919,4916,6/26/26 15:45,60.195,
Plot Title: T4920,4917,6/26/26 16:00,60.539,
Plot Title: T4921,4918,6/26/26 16:15,60.883,
Plot Title: T4922,4919,6/26/26 16:30,60.883,
Plot Title: T4923,4920,6/26/26 16:45,59.851,
Plot Title: T4924,4921,6/26/26 17:00,58.82,
Plot Title: T4925,4922,6/26/26 17:15,58.476,
Plot Title: T4926,4923,6/26/26 17:30,58.131,
Plot Title: T4927,4924,6/26/26 17:45,58.131,
Plot Title: T4928,4925,6/26/26 18:00,57.958,
Plot Title: T4929,4926,6/26/26 18:15,58.131,
Plot Title: T4930,4927,6/26/26 18:30,57.268,
Plot Title: T4931,4928,6/26/26 18:45,57.096,
Plot Title: T4932,4929,6/26/26 19:00,56.23,
Plot Title: T4933,4930,6/26/26 19:15,56.057,
Plot Title: T4934,4931,6/26/26 19:30,55.364,
Plot Title: T4935,4932,6/26/26 19:45,54.842,
Plot Title: T4936,4933,6/26/26 20:00,53.798,
Plot Title: T4937,4934,6/26/26 20:15,52.75,
Plot Title: T4938,4935,6/26/26 20:30,52.05,
Plot Title: T4939,4936,6/26/26 20:45,51.172,
Plot Title: T4940,4937,6/26/26 21:00,50.643,
Plot Title: T4941,4938,6/26/26 21:15,50.466,
Plot Title: T4942,4939,6/26/26 21:30,50.29,
Plot Title: T4943,4940,6/26/26 21:45,49.582,
Plot Title: T4944,4941,6/26/26 22:00,49.05,
Plot Title: T4945,4942,6/26/26 22:15,48.695,
Plot Title: T4946,4943,6/26/26 22:30,48.16,
Plot Title: T4947,4944,6/26/26 22:45,47.802,
Plot Title: T4948,4945,6/26/26 23:00,47.624,
Plot Title: T4949,4946,6/26/26 23:15,47.446,
Plot Title: T4950,4947,6/26/26 23:30,47.088,
Plot Title: T4951,4948,6/26/26 23:45,47.088,
Plot Title: T4952,4949,6/27/26 00:00,47.088,
Plot Title: T4953,4950,6/27/26 00:15,47.266,
Plot Title: T4954,4951,6/27/26 00:30,47.446,
Plot Title: T4955,4952,6/27/26 00:45,47.266,
Plot Title: T4956,4953,6/27/26 01:00,47.266,
Plot Title: T4957,4954,6/27/26 01:15,47.266,
Plot Title: T4958,4955,6/27/26 01:30,47.446,
Plot Title: T4959,4956,6/27/26 01:45,47.446,
Plot Title: T4960,4957,6/27/26 02:00,47.446,
Plot Title: T4961,4958,6/27/26 02:15,47.446,
Plot Title: T4962,4959,6/27/26 02:30,47.266,
Plot Title: T4963,4960,6/27/26 02:45,47.266,
Plot Title: T4964,4961,6/27/26 03:00,46.908,
Plot Title: T4965,4962,6/27/26 03:15,46.908,
Plot Title: T4966,4963,6/27/26 03:30,46.728,
Plot Title: T4967,4964,6/27/26 03:45,46.369,
Plot Title: T4968,4965,6/27/26 04:00,45.648,
Plot Title: T4969,4966,6/27/26 04:15,45.286,
Plot Title: T4970,4967,6/27/26 04:30,44.922,
Plot Title: T4971,4968,6/27/26 04:45,45.104,
Plot Title: T4972,4969,6/27/26 05:00,45.286,
Plot Title: T4973,4970,6/27/26 05:15,45.466,
Plot Title: T4974,4971,6/27/26 05:30,44.922,
Plot Title: T4975,4972,6/27/26 05:45,44.742,
Plot Title: T4976,4973,6/27/26 06:00,44.922,
Plot Title: T4977,4974,6/27/26 06:15,45.104,
Plot Title: T4978,4975,6/27/26 06:30,45.286,
Plot Title: T4979,4976,6/27/26 06:45,45.648,
Plot Title: T4980,4977,6/27/26 07:00,45.828,
Plot Title: T4981,4978,6/27/26 07:15,46.188,
Plot Title: T4982,4979,6/27/26 07:30,47.088,
Plot Title: T4983,4980,6/27/26 07:45,49.05,
Plot Title: T4984,4981,6/27/26 08:00,49.404,
Plot Title: T4985,4982,6/27/26 08:15,48.695,
Plot Title: T4986,4983,6/27/26 08:30,47.802,
Plot Title: T4987,4984,6/27/26 08:45,49.05,
Plot Title: T4988,4985,6/27/26 09:00,50.466,
Plot Title: T4989,4986,6/27/26 09:15,50.29,
Plot Title: T4990,4987,6/27/26 09:30,50.819,
Plot Title: T4991,4988,6/27/26 09:45,50.995,
Plot Title: T4992,4989,6/27/26 10:00,52.05,
Plot Title: T4993,4990,6/27/26 10:15,52.925,
Plot Title: T4994,4991,6/27/26 10:30,52.576,
Plot Title: T4995,4992,6/27/26 10:45,54.322,
Plot Title: T4996,4993,6/27/26 11:00,55.537,
Plot Title: T4997,4994,6/27/26 11:15,53.973,
Plot Title: T4998,4995,6/27/26 11:30,53.973,
Plot Title: T4999,4996,6/27/26 11:45,54.495,
Plot Title: T5000,4997,6/27/26 12:00,53.449,
Plot Title: T5001,4998,6/27/26 12:15,52.05,
Plot Title: T5002,4999,6/27/26 12:30,52.401,
Plot Title: T5003,5000,6/27/26 12:45,52.401,
Plot Title: T5004,5001,6/27/26 13:00,51.699,
Plot Title: T5005,5002,6/27/26 13:15,51.699,
Plot Title: T5006,5003,6/27/26 13:30,53.1,
Plot Title: T5007,5004,6/27/26 13:45,54.322,
Plot Title: T5008,5005,6/27/26 14:00,52.401,
Plot Title: T5009,5006,6/27/26 14:15,52.05,
Plot Title: T5010,5007,6/27/26 14:30,54.495,
Plot Title: T5011,5008,6/27/26 14:45,53.274,
Plot Title: T5012,5009,6/27/26 15:00,52.05,
Plot Title: T5013,5010,6/27/26 15:15,51.874,
Plot Title: T5014,5011,6/27/26 15:30,52.576,
Plot Title: T5015,5012,6/27/26 15:45,52.75,
Plot Title: T5016,5013,6/27/26 16:00,51.874,
Plot Title: T5017,5014,6/27/26 16:15,51.346,
Plot Title: T5018,5015,6/27/26 16:30,51.172,
Plot Title: T5019,5016,6/27/26 16:45,50.995,
Plot Title: T5020,5017,6/27/26 17:00,51.523,
Plot Title: T5021,5018,6/27/26 17:15,50.819,
Plot Title: T5022,5019,6/27/26 17:30,50.819,
Plot Title: T5023,5020,6/27/26 17:45,50.29,
Plot Title: T5024,5021,6/27/26 18:00,49.05,
Plot Title: T5025,5022,6/27/26 18:15,48.695,
Plot Title: T5026,5023,6/27/26 18:30,49.228,
Plot Title: T5027,5024,6/27/26 18:45,49.228,
Plot Title: T5028,5025,6/27/26 19:00,48.871,
Plot Title: T5029,5026,6/27/26 19:15,48.16,
Plot Title: T5030,5027,6/27/26 19:30,47.982,
Plot Title: T5031,5028,6/27/26 19:45,47.624,
Plot Title: T5032,5029,6/27/26 20:00,47.446,
Plot Title: T5033,5030,6/27/26 20:15,47.088,
Plot Title: T5034,5031,6/27/26 20:30,46.908,
Plot Title: T5035,5032,6/27/26 20:45,46.728,
Plot Title: T5036,5033,6/27/26 21:00,46.548,
Plot Title: T5037,5034,6/27/26 21:15,46.008,
Plot Title: T5038,5035,6/27/26 21:30,45.828,
Plot Title: T5039,5036,6/27/26 21:45,45.466,
Plot Title: T5040,5037,6/27/26 22:00,45.286,
Plot Title: T5041,5038,6/27/26 22:15,44.922,
Plot Title: T5042,5039,6/27/26 22:30,44.56,
Plot Title: T5043,5040,6/27/26 22:45,44.379,
Plot Title: T5044,5041,6/27/26 23:00,44.195,
Plot Title: T5045,5042,6/27/26 23:15,44.195,
Plot Title: T5046,5043,6/27/26 23:30,44.013,
Plot Title: T5047,5044,6/27/26 23:45,43.831,
Plot Title: T5048,5045,6/28/26 00:00,43.648,
Plot Title: T5049,5046,6/28/26 00:15,43.648,
Plot Title: T5050,5047,6/28/26 00:30,43.466,
Plot Title: T5051,5048,6/28/26 00:45,43.282,
Plot Title: T5052,5049,6/28/26 01:00,43.282,
Plot Title: T5053,5050,6/28/26 01:15,43.099,
Plot Title: T5054,5051,6/28/26 01:30,42.915,
Plot Title: T5055,5052,6/28/26 01:45,42.548,
Plot Title: T5056,5053,6/28/26 02:00,42.363,
Plot Title: T5057,5054,6/28/26 02:15,42.179,
Plot Title: T5058,5055,6/28/26 02:30,41.994,
Plot Title: T5059,5056,6/28/26 02:45,41.81,
Plot Title: T5060,5057,6/28/26 03:00,41.625,
Plot Title: T5061,5058,6/28/26 03:15,41.625,
Plot Title: T5062,5059,6/28/26 03:30,41.625,
Plot Title: T5063,5060,6/28/26 03:45,41.625,
Plot Title: T5064,5061,6/28/26 04:00,41.81,
Plot Title: T5065,5062,6/28/26 04:15,41.625,
Plot Title: T5066,5063,6/28/26 04:30,41.625,
Plot Title: T5067,5064,6/28/26 04:45,41.625,
Plot Title: T5068,5065,6/28/26 05:00,41.625,
Plot Title: T5069,5066,6/28/26 05:15,41.625,
Plot Title: T5070,5067,6/28/26 05:30,41.625,
Plot Title: T5071,5068,6/28/26 05:45,41.625,
Plot Title: T5072,5069,6/28/26 06:00,41.625,
Plot Title: T5073,5070,6/28/26 06:15,41.81,
Plot Title: T5074,5071,6/28/26 06:30,41.81,
Plot Title: T5075,5072,6/28/26 06:45,41.994,
Plot Title: T5076,5073,6/28/26 07:00,42.179,
Plot Title: T5077,5074,6/28/26 07:15,42.179,
Plot Title: T5078,5075,6/28/26 07:30,42.363,
Plot Title: T5079,5076,6/28/26 07:45,42.732,
Plot Title: T5080,5077,6/28/26 08:00,42.732,
Plot Title: T5081,5078,6/28/26 08:15,42.915,
Plot Title: T5082,5079,6/28/26 08:30,42.915,
Plot Title: T5083,5080,6/28/26 08:45,43.099,
Plot Title: T5084,5081,6/28/26 09:00,43.282,
Plot Title: T5085,5082,6/28/26 09:15,43.648,
Plot Title: T5086,5083,6/28/26 09:30,43.648,
Plot Title: T5087,5084,6/28/26 09:45,43.466,
Plot Title: T5088,5085,6/28/26 10:00,43.648,
Plot Title: T5089,5086,6/28/26 10:15,43.282,
Plot Title: T5090,5087,6/28/26 10:30,42.548,
Plot Title: T5091,5088,6/28/26 10:45,41.625,
Plot Title: T5092,5089,6/28/26 11:00,39.573,
Plot Title: T5093,5090,6/28/26 11:15,39.196,
Plot Title: T5094,5091,6/28/26 11:30,40.509,
Plot Title: T5095,5092,6/28/26 11:45,41.625,
Plot Title: T5096,5093,6/28/26 12:00,42.548,
Plot Title: T5097,5094,6/28/26 12:15,43.466,
Plot Title: T5098,5095,6/28/26 12:30,43.831,
Plot Title: T5099,5096,6/28/26 12:45,44.013,
Plot Title: T5100,5097,6/28/26 13:00,44.195,
Plot Title: T5101,5098,6/28/26 13:15,44.013,
Plot Title: T5102,5099,6/28/26 13:30,44.013,
Plot Title: T5103,5100,6/28/26 13:45,44.56,
Plot Title: T5104,5101,6/28/26 14:00,44.922,
Plot Title: T5105,5102,6/28/26 14:15,45.466,
Plot Title: T5106,5103,6/28/26 14:30,46.008,
Plot Title: T5107,5104,6/28/26 14:45,46.188,
Plot Title: T5108,5105,6/28/26 15:00,46.548,
Plot Title: T5109,5106,6/28/26 15:15,47.088,
Plot Title: T5110,5107,6/28/26 15:30,47.446,
Plot Title: T5111,5108,6/28/26 15:45,47.088,
Plot Title: T5112,5109,6/28/26 16:00,46.908,
Plot Title: T5113,5110,6/28/26 16:15,46.728,
Plot Title: T5114,5111,6/28/26 16:30,46.548,
Plot Title: T5115,5112,6/28/26 16:45,46.008,
Plot Title: T5116,5113,6/28/26 17:00,45.828,
Plot Title: T5117,5114,6/28/26 17:15,46.188,
Plot Title: T5118,5115,6/28/26 17:30,46.369,
Plot Title: T5119,5116,6/28/26 17:45,46.369,
Plot Title: T5120,5117,6/28/26 18:00,45.648,
Plot Title: T5121,5118,6/28/26 18:15,44.922,
Plot Title: T5122,5119,6/28/26 18:30,44.56,
Plot Title: T5123,5120,6/28/26 18:45,44.013,
Plot Title: T5124,5121,6/28/26 19:00,43.466,
Plot Title: T5125,5122,6/28/26 19:15,43.099,
Plot Title: T5126,5123,6/28/26 19:30,42.915,
Plot Title: T5127,5124,6/28/26 19:45,42.363,
Plot Title: T5128,5125,6/28/26 20:00,41.994,
Plot Title: T5129,5126,6/28/26 20:15,41.994,
Plot Title: T5130,5127,6/28/26 20:30,41.625,
Plot Title: T5131,5128,6/28/26 20:45,41.067,
Plot Title: T5132,5129,6/28/26 21:00,40.696,
Plot Title: T5133,5130,6/28/26 21:15,40.509,
Plot Title: T5134,5131,6/28/26 21:30,40.321,
Plot Title: T5135,5132,6/28/26 21:45,40.134,
Plot Title: T5136,5133,6/28/26 22:00,40.134,
Plot Title: T5137,5134,6/28/26 22:15,39.947,
Plot Title: T5138,5135,6/28/26 22:30,39.76,
Plot Title: T5139,5136,6/28/26 22:45,39.76,
Plot Title: T5140,5137,6/28/26 23:00,39.573,
Plot Title: T5141,5138,6/28/26 23:15,39.384,
Plot Title: T5142,5139,6/28/26 23:30,39.007,
Plot Title: T5143,5140,6/28/26 23:45,39.007,
Plot Title: T5144,5141,6/29/26 00:00,38.818,
Plot Title: T5145,5142,6/29/26 00:15,38.818,
Plot Title: T5146,5143,6/29/26 00:30,38.818,
Plot Title: T5147,5144,6/29/26 00:45,38.25,
Plot Title: T5148,5145,6/29/26 01:00,38.061,
Plot Title: T5149,5146,6/29/26 01:15,38.25,
Plot Title: T5150,5147,6/29/26 01:30,37.679,
Plot Title: T5151,5148,6/29/26 01:45,37.87,
Plot Title: T5152,5149,6/29/26 02:00,38.061,
Plot Title: T5153,5150,6/29/26 02:15,37.87,
Plot Title: T5154,5151,6/29/26 02:30,37.297,
Plot Title: T5155,5152,6/29/26 02:45,37.679,
Plot Title: T5156,5153,6/29/26 03:00,37.297,
Plot Title: T5157,5154,6/29/26 03:15,36.723,
Plot Title: T5158,5155,6/29/26 03:30,36.338,
Plot Title: T5159,5156,6/29/26 03:45,36.531,
Plot Title: T5160,5157,6/29/26 04:00,36.723,
Plot Title: T5161,5158,6/29/26 04:15,36.914,
Plot Title: T5162,5159,6/29/26 04:30,37.107,
Plot Title: T5163,5160,6/29/26 04:45,37.107,
Plot Title: T5164,5161,6/29/26 05:00,37.107,
Plot Title: T5165,5162,6/29/26 05:15,37.297,
Plot Title: T5166,5163,6/29/26 05:30,37.297,
Plot Title: T5167,5164,6/29/26 05:45,37.107,
Plot Title: T5168,5165,6/29/26 06:00,37.107,
Plot Title: T5169,5166,6/29/26 06:15,37.107,
Plot Title: T5170,5167,6/29/26 06:30,37.107,
Plot Title: T5171,5168,6/29/26 06:45,37.297,
Plot Title: T5172,5169,6/29/26 07:00,37.679,
Plot Title: T5173,5170,6/29/26 07:15,38.25,
Plot Title: T5174,5171,6/29/26 07:30,38.818,
Plot Title: T5175,5172,6/29/26 07:45,39.007,
Plot Title: T5176,5173,6/29/26 08:00,37.488,
Plot Title: T5177,5174,6/29/26 08:15,36.338,
Plot Title: T5178,5175,6/29/26 08:30,36.145,
Plot Title: T5179,5176,6/29/26 08:45,36.338,
Plot Title: T5180,5177,6/29/26 09:00,36.145,
Plot Title: T5181,5178,6/29/26 09:15,36.145,
Plot Title: T5182,5179,6/29/26 09:30,36.145,
Plot Title: T5183,5180,6/29/26 09:45,36.145,
Plot Title: T5184,5181,6/29/26 10:00,36.145,
Plot Title: T5185,5182,6/29/26 10:15,36.145,
Plot Title: T5186,5183,6/29/26 10:30,35.951,
Plot Title: T5187,5184,6/29/26 10:45,35.951,
Plot Title: T5188,5185,6/29/26 11:00,35.951,
Plot Title: T5189,5186,6/29/26 11:15,35.758,
Plot Title: T5190,5187,6/29/26 11:30,35.758,
Plot Title: T5191,5188,6/29/26 11:45,35.758,
Plot Title: T5192,5189,6/29/26 12:00,35.564,
Plot Title: T5193,5190,6/29/26 12:15,35.564,
Plot Title: T5194,5191,6/29/26 12:30,35.564,
Plot Title: T5195,5192,6/29/26 12:45,35.564,
Plot Title: T5196,5193,6/29/26 13:00,35.564,
Plot Title: T5197,5194,6/29/26 13:15,35.564,
Plot Title: T5198,5195,6/29/26 13:30,35.564,
Plot Title: T5199,5196,6/29/26 13:45,35.564,
Plot Title: T5200,5197,6/29/26 14:00,35.564,
Plot Title: T5201,5198,6/29/26 14:15,35.37,
Plot Title: T5202,5199,6/29/26 14:30,35.37,
Plot Title: T5203,5200,6/29/26 14:45,35.37,
Plot Title: T5204,5201,6/29/26 15:00,35.37,
Plot Title: T5205,5202,6/29/26 15:15,35.37,
Plot Title: T5206,5203,6/29/26 15:30,35.37,
Plot Title: T5207,5204,6/29/26 15:45,35.175,
Plot Title: T5208,5205,6/29/26 16:00,35.175,
Plot Title: T5209,5206,6/29/26 16:15,35.175,
Plot Title: T5210,5207,6/29/26 16:30,35.175,
Plot Title: T5211,5208,6/29/26 16:45,35.175,
Plot Title: T5212,5209,6/29/26 17:00,35.175,
Plot Title: T5213,5210,6/29/26 17:15,35.175,
Plot Title: T5214,5211,6/29/26 17:30,35.175,
Plot Title: T5215,5212,6/29/26 17:45,35.175,
Plot Title: T5216,5213,6/29/26 18:00,35.175,
Plot Title: T5217,5214,6/29/26 18:15,34.981,
Plot Title: T5218,5215,6/29/26 18:30,34.981,
Plot Title: T5219,5216,6/29/26 18:45,34.981,
Plot Title: T5220,5217,6/29/26 19:00,34.981,
Plot Title: T5221,5218,6/29/26 19:15,34.981,
Plot Title: T5222,5219,6/29/26 19:30,34.981,
Plot Title: T5223,5220,6/29/26 19:45,34.981,
Plot Title: T5224,5221,6/29/26 20:00,34.981,
Plot Title: T5225,5222,6/29/26 20:15,34.981,
Plot Title: T5226,5223,6/29/26 20:30,34.981,
Plot Title: T5227,5224,6/29/26 20:45,34.981,
Plot Title: T5228,5225,6/29/26 21:00,34.981,
Plot Title: T5229,5226,6/29/26 21:15,34.981,
Plot Title: T5230,5227,6/29/26 21:30,34.981,
Plot Title: T5231,5228,6/29/26 21:45,34.981,
Plot Title: T5232,5229,6/29/26 22:00,34.981,
Plot Title: T5233,5230,6/29/26 22:15,34.981,
Plot Title: T5234,5231,6/29/26 22:30,34.981,
Plot Title: T5235,5232,6/29/26 22:45,34.981,
Plot Title: T5236,5233,6/29/26 23:00,34.981,
Plot Title: T5237,5234,6/29/26 23:15,34.981,
Plot Title: T5238,5235,6/29/26 23:30,34.981,
Plot Title: T5239,5236,6/29/26 23:45,34.981,
Plot Title: T5240,5237,6/30/26 00:00,34.981,
Plot Title: T5241,5238,6/30/26 00:15,34.981,
Plot Title: T5242,5239,6/30/26 00:30,34.981,
Plot Title: T5243,5240,6/30/26 00:45,34.981,
Plot Title: T5244,5241,6/30/26 01:00,34.981,
Plot Title: T5245,5242,6/30/26 01:15,34.981,
Plot Title: T5246,5243,6/30/26 01:30,34.981,
Plot Title: T5247,5244,6/30/26 01:45,34.981,
Plot Title: T5248,5245,6/30/26 02:00,34.981,
Plot Title: T5249,5246,6/30/26 02:15,34.981,
Plot Title: T5250,5247,6/30/26 02:30,34.981,
Plot Title: T5251,5248,6/30/26 02:45,34.981,
Plot Title: T5252,5249,6/30/26 03:00,34.981,
Plot Title: T5253,5250,6/30/26 03:15,34.981,
Plot Title: T5254,5251,6/30/26 03:30,34.981,
Plot Title: T5255,5252,6/30/26 03:45,34.981,
Plot Title: T5256,5253,6/30/26 04:00,35.175,
Plot Title: T5257,5254,6/30/26 04:15,35.175,
Plot Title: T5258,5255,6/30/26 04:30,35.175,
Plot Title: T5259,5256,6/30/26 04:45,35.175,
Plot Title: T5260,5257,6/30/26 05:00,35.175,
Plot Title: T5261,5258,6/30/26 05:15,35.175,
Plot Title: T5262,5259,6/30/26 05:30,35.175,
Plot Title: T5263,5260,6/30/26 05:45,35.37,
Plot Title: T5264,5261,6/30/26 06:00,35.175,
Plot Title: T5265,5262,6/30/26 06:15,35.37,
Plot Title: T5266,5263,6/30/26 06:30,35.37,
Plot Title: T5267,5264,6/30/26 06:45,35.564,
Plot Title: T5268,5265,6/30/26 07:00,35.758,
Plot Title: T5269,5266,6/30/26 07:15,35.951,
Plot Title: T5270,5267,6/30/26 07:30,36.338,
Plot Title: T5271,5268,6/30/26 07:45,36.914,
Plot Title: T5272,5269,6/30/26 08:00,38.061,
Plot Title: T5273,5270,6/30/26 08:15,39.384,
Plot Title: T5274,5271,6/30/26 08:30,40.881,
Plot Title: T5275,5272,6/30/26 08:45,42.915,
Plot Title: T5276,5273,6/30/26 09:00,43.831,
Plot Title: T5277,5274,6/30/26 09:15,44.742,
Plot Title: T5278,5275,6/30/26 09:30,45.466,
Plot Title: T5279,5276,6/30/26 09:45,46.369,
Plot Title: T5280,5277,6/30/26 10:00,47.802,
Plot Title: T5281,5278,6/30/26 10:15,49.05,
Plot Title: T5282,5279,6/30/26 10:30,50.29,
Plot Title: T5283,5280,6/30/26 10:45,50.995,
Plot Title: T5284,5281,6/30/26 11:00,51.874,
Plot Title: T5285,5282,6/30/26 11:15,53.1,
Plot Title: T5286,5283,6/30/26 11:30,53.1,
Plot Title: T5287,5284,6/30/26 11:45,51.874,
Plot Title: T5288,5285,6/30/26 12:00,52.401,
Plot Title: T5289,5286,6/30/26 12:15,54.842,
Plot Title: T5290,5287,6/30/26 12:30,53.798,
Plot Title: T5291,5288,6/30/26 12:45,54.669,
Plot Title: T5292,5289,6/30/26 13:00,55.189,
Plot Title: T5293,5290,6/30/26 13:15,56.75,
Plot Title: T5294,5291,6/30/26 13:30,55.537,
Plot Title: T5295,5292,6/30/26 13:45,56.404,
Plot Title: T5296,5293,6/30/26 14:00,57.268,
Plot Title: T5297,5294,6/30/26 14:15,57.268,
Plot Title: T5298,5295,6/30/26 14:30,57.441,
Plot Title: T5299,5296,6/30/26 14:45,56.923,
Plot Title: T5300,5297,6/30/26 15:00,60.539,
Plot Title: T5301,5298,6/30/26 15:15,59.508,
Plot Title: T5302,5299,6/30/26 15:30,58.131,
Plot Title: T5303,5300,6/30/26 15:45,57.268,
Plot Title: T5304,5301,6/30/26 16:00,57.785,
Plot Title: T5305,5302,6/30/26 16:15,56.75,
Plot Title: T5306,5303,6/30/26 16:30,56.23,
Plot Title: T5307,5304,6/30/26 16:45,55.364,
Plot Title: T5308,5305,6/30/26 17:00,55.017,
Plot Title: T5309,5306,6/30/26 17:15,55.017,
Plot Title: T5310,5307,6/30/26 17:30,53.973,
Plot Title: T5311,5308,6/30/26 17:45,52.576,
Plot Title: T5312,5309,6/30/26 18:00,51.874,
Plot Title: T5313,5310,6/30/26 18:15,50.643,
Plot Title: T5314,5311,6/30/26 18:30,49.937,
Plot Title: T5315,5312,6/30/26 18:45,49.582,
Plot Title: T5316,5313,6/30/26 19:00,49.582,
Plot Title: T5317,5314,6/30/26 19:15,49.404,
Plot Title: T5318,5315,6/30/26 19:30,48.695,
Plot Title: T5319,5316,6/30/26 19:45,47.982,
Plot Title: T5320,5317,6/30/26 20:00,47.802,
Plot Title: T5321,5318,6/30/26 20:15,47.446,
Plot Title: T5322,5319,6/30/26 20:30,46.728,
Plot Title: T5323,5320,6/30/26 20:45,46.008,
Plot Title: T5324,5321,6/30/26 21:00,45.286,
Plot Title: T5325,5322,6/30/26 21:15,44.742,
Plot Title: T5326,5323,6/30/26 21:30,44.379,
Plot Title: T5327,5324,6/30/26 21:45,43.831,
Plot Title: T5328,5325,6/30/26 22:00,43.466,
Plot Title: T5329,5326,6/30/26 22:15,43.282,
Plot Title: T5330,5327,6/30/26 22:30,42.915,
Plot Title: T5331,5328,6/30/26 22:45,42.732,
Plot Title: T5332,5329,6/30/26 23:00,42.548,
Plot Title: T5333,5330,6/30/26 23:15,42.363,
Plot Title: T5334,5331,6/30/26 23:30,41.994,
Plot Title: T5335,5332,6/30/26 23:45,41.81,
Plot Title: T5336,5333,7/1/26 00:00,41.625,
Plot Title: T5337,5334,7/1/26 00:15,41.439,
Plot Title: T5338,5335,7/1/26 00:30,41.439,
Plot Title: T5339,5336,7/1/26 00:45,41.254,
Plot Title: T5340,5337,7/1/26 01:00,41.067,
Plot Title: T5341,5338,7/1/26 01:15,41.067,
Plot Title: T5342,5339,7/1/26 01:30,40.881,
Plot Title: T5343,5340,7/1/26 01:45,40.696,
Plot Title: T5344,5341,7/1/26 02:00,40.509,
Plot Title: T5345,5342,7/1/26 02:15,40.509,
Plot Title: T5346,5343,7/1/26 02:30,40.509,
Plot Title: T5347,5344,7/1/26 02:45,40.509,
Plot Title: T5348,5345,7/1/26 03:00,40.321,
Plot Title: T5349,5346,7/1/26 03:15,40.134,
Plot Title: T5350,5347,7/1/26 03:30,40.134,
Plot Title: T5351,5348,7/1/26 03:45,39.947,
Plot Title: T5352,5349,7/1/26 04:00,39.76,
Plot Title: T5353,5350,7/1/26 04:15,39.76,
Plot Title: T5354,5351,7/1/26 04:30,39.573,
Plot Title: T5355,5352,7/1/26 04:45,39.573,
Plot Title: T5356,5353,7/1/26 05:00,39.573,
Plot Title: T5357,5354,7/1/26 05:15,39.384,
Plot Title: T5358,5355,7/1/26 05:30,39.384,
Plot Title: T5359,5356,7/1/26 05:45,39.384,
Plot Title: T5360,5357,7/1/26 06:00,39.76,
Plot Title: T5361,5358,7/1/26 06:15,42.179,
Plot Title: T5362,5359,7/1/26 06:30,45.466,
Plot Title: T5363,5360,7/1/26 06:45,49.05,
Plot Title: T5364,5361,7/1/26 07:00,51.874,
Plot Title: T5365,5362,7/1/26 07:15,51.699,
Plot Title: T5366,5363,7/1/26 07:30,51.346,
Plot Title: T5367,5364,7/1/26 07:45,53.274,
Plot Title: T5368,5365,7/1/26 08:00,50.995,
Plot Title: T5369,5366,7/1/26 08:15,49.404,
Plot Title: T5370,5367,7/1/26 08:30,49.05,
Plot Title: T5371,5368,7/1/26 08:45,48.517,
Plot Title: T5372,5369,7/1/26 09:00,48.339,
Plot Title: T5373,5370,7/1/26 09:15,47.982,
Plot Title: T5374,5371,7/1/26 09:30,47.624,
Plot Title: T5375,5372,7/1/26 09:45,47.802,
Plot Title: T5376,5373,7/1/26 10:00,49.05,
Plot Title: T5377,5374,7/1/26 10:15,50.819,
Plot Title: T5378,5375,7/1/26 10:30,51.523,
Plot Title: T5379,5376,7/1/26 10:45,52.401,
Plot Title: T5380,5377,7/1/26 11:00,53.274,
Plot Title: T5381,5378,7/1/26 11:15,57.096,
Plot Title: T5382,5379,7/1/26 11:30,56.057,
Plot Title: T5383,5380,7/1/26 11:45,55.537,
Plot Title: T5384,5381,7/1/26 12:00,63.968,
Plot Title: T5385,5382,7/1/26 12:15,66.879,
Plot Title: T5386,5383,7/1/26 12:30,66.366,
Plot Title: T5387,5384,7/1/26 12:45,61.569,
Plot Title: T5388,5385,7/1/26 13:00,57.441,
Plot Title: T5389,5386,7/1/26 13:15,54.495,
Plot Title: T5390,5387,7/1/26 13:30,54.322,
Plot Title: T5391,5388,7/1/26 13:45,53.798,
Plot Title: T5392,5389,7/1/26 14:00,52.925,
Plot Title: T5393,5390,7/1/26 14:15,52.401,
Plot Title: T5394,5391,7/1/26 14:30,53.623,
Plot Title: T5395,5392,7/1/26 14:45,53.623,
Plot Title: T5396,5393,7/1/26 15:00,54.322,
Plot Title: T5397,5394,7/1/26 15:15,53.274,
Plot Title: T5398,5395,7/1/26 15:30,56.577,
Plot Title: T5399,5396,7/1/26 15:45,60.368,
Plot Title: T5400,5397,7/1/26 16:00,60.712,
Plot Title: T5401,5398,7/1/26 16:15,56.23,
Plot Title: T5402,5399,7/1/26 16:30,53.973,
Plot Title: T5403,5400,7/1/26 16:45,53.798,
Plot Title: T5404,5401,7/1/26 17:00,53.623,
Plot Title: T5405,5402,7/1/26 17:15,53.1,
Plot Title: T5406,5403,7/1/26 17:30,53.623,
Plot Title: T5407,5404,7/1/26 17:45,53.274,
Plot Title: T5408,5405,7/1/26 18:00,52.225,
Plot Title: T5409,5406,7/1/26 18:15,50.995,
Plot Title: T5410,5407,7/1/26 18:30,49.759,
Plot Title: T5411,5408,7/1/26 18:45,49.05,
Plot Title: T5412,5409,7/1/26 19:00,49.05,
Plot Title: T5413,5410,7/1/26 19:15,49.228,
Plot Title: T5414,5411,7/1/26 19:30,48.871,
Plot Title: T5415,5412,7/1/26 19:45,48.339,
Plot Title: T5416,5413,7/1/26 20:00,47.982,
Plot Title: T5417,5414,7/1/26 20:15,47.982,
Plot Title: T5418,5415,7/1/26 20:30,47.982,
Plot Title: T5419,5416,7/1/26 20:45,47.802,
Plot Title: T5420,5417,7/1/26 21:00,47.446,
Plot Title: T5421,5418,7/1/26 21:15,47.088,
Plot Title: T5422,5419,7/1/26 21:30,46.728,
Plot Title: T5423,5420,7/1/26 21:45,46.548,
Plot Title: T5424,5421,7/1/26 22:00,46.548,
Plot Title: T5425,5422,7/1/26 22:15,46.188,
Plot Title: T5426,5423,7/1/26 22:30,45.828,
Plot Title: T5427,5424,7/1/26 22:45,45.648,
Plot Title: T5428,5425,7/1/26 23:00,45.466,
Plot Title: T5429,5426,7/1/26 23:15,45.286,
Plot Title: T5430,5427,7/1/26 23:30,45.286,
Plot Title: T5431,5428,7/1/26 23:45,44.922,
Plot Title: T5432,5429,7/2/26 00:00,44.379,
Plot Title: T5433,5430,7/2/26 00:15,44.195,
Plot Title: T5434,5431,7/2/26 00:30,44.56,
Plot Title: T5435,5432,7/2/26 00:45,44.742,
Plot Title: T5436,5433,7/2/26 01:00,44.742,
Plot Title: T5437,5434,7/2/26 01:15,44.742,
Plot Title: T5438,5435,7/2/26 01:30,44.922,
Plot Title: T5439,5436,7/2/26 01:45,44.742,
Plot Title: T5440,5437,7/2/26 02:00,44.56,
Plot Title: T5441,5438,7/2/26 02:15,44.195,
Plot Title: T5442,5439,7/2/26 02:30,44.013,
Plot Title: T5443,5440,7/2/26 02:45,43.466,
Plot Title: T5444,5441,7/2/26 03:00,42.915,
Plot Title: T5445,5442,7/2/26 03:15,42.548,
Plot Title: T5446,5443,7/2/26 03:30,42.363,
Plot Title: T5447,5444,7/2/26 03:45,42.179,
Plot Title: T5448,5445,7/2/26 04:00,41.994,
Plot Title: T5449,5446,7/2/26 04:15,41.81,
Plot Title: T5450,5447,7/2/26 04:30,41.625,
Plot Title: T5451,5448,7/2/26 04:45,41.625,
Plot Title: T5452,5449,7/2/26 05:00,41.439,
Plot Title: T5453,5450,7/2/26 05:15,41.254,
Plot Title: T5454,5451,7/2/26 05:30,41.254,
Plot Title: T5455,5452,7/2/26 05:45,41.254,
Plot Title: T5456,5453,7/2/26 06:00,41.625,
Plot Title: T5457,5454,7/2/26 06:15,44.013,
Plot Title: T5458,5455,7/2/26 06:30,46.728,
Plot Title: T5459,5456,7/2/26 06:45,50.29,
Plot Title: T5460,5457,7/2/26 07:00,53.449,
Plot Title: T5461,5458,7/2/26 07:15,53.623,
Plot Title: T5462,5459,7/2/26 07:30,53.1,
Plot Title: T5463,5460,7/2/26 07:45,54.669,
Plot Title: T5464,5461,7/2/26 08:00,52.401,
Plot Title: T5465,5462,7/2/26 08:15,50.643,
Plot Title: T5466,5463,7/2/26 08:30,50.466,
Plot Title: T5467,5464,7/2/26 08:45,49.937,
Plot Title: T5468,5465,7/2/26 09:00,49.759,
Plot Title: T5469,5466,7/2/26 09:15,49.582,
Plot Title: T5470,5467,7/2/26 09:30,49.582,
Plot Title: T5471,5468,7/2/26 09:45,49.228,
Plot Title: T5472,5469,7/2/26 10:00,49.05,
Plot Title: T5473,5470,7/2/26 10:15,49.582,
Plot Title: T5474,5471,7/2/26 10:30,50.113,
Plot Title: T5475,5472,7/2/26 10:45,52.401,
Plot Title: T5476,5473,7/2/26 11:00,52.925,
Plot Title: T5477,5474,7/2/26 11:15,55.884,
Plot Title: T5478,5475,7/2/26 11:30,53.973,
Plot Title: T5479,5476,7/2/26 11:45,54.322,
Plot Title: T5480,5477,7/2/26 12:00,67.735,
Plot Title: T5481,5478,7/2/26 12:15,73.062,
Plot Title: T5482,5479,7/2/26 12:30,76.528,
Plot Title: T5483,5480,7/2/26 12:45,78.8,
Plot Title: T5484,5481,7/2/26 13:00,69.964,
Plot Title: T5485,5482,7/2/26 13:15,65.167,
Plot Title: T5486,5483,7/2/26 13:30,62.94,
Plot Title: T5487,5484,7/2/26 13:45,62.254,
Plot Title: T5488,5485,7/2/26 14:00,61.227,
Plot Title: T5489,5486,7/2/26 14:15,60.368,
Plot Title: T5490,5487,7/2/26 14:30,60.368,
Plot Title: T5491,5488,7/2/26 14:45,59.337,
Plot Title: T5492,5489,7/2/26 15:00,59.337,
Plot Title: T5493,5490,7/2/26 15:15,59.337,
Plot Title: T5494,5491,7/2/26 15:30,60.883,
Plot Title: T5495,5492,7/2/26 15:45,64.139,
Plot Title: T5496,5493,7/2/26 16:00,63.282,
Plot Title: T5497,5494,7/2/26 16:15,61.227,
Plot Title: T5498,5495,7/2/26 16:30,60.195,
Plot Title: T5499,5496,7/2/26 16:45,59.508,
Plot Title: T5500,5497,7/2/26 17:00,58.131,
Plot Title: T5501,5498,7/2/26 17:15,57.096,
Plot Title: T5502,5499,7/2/26 17:30,57.268,
Plot Title: T5503,5500,7/2/26 17:45,57.268,
Plot Title: T5504,5501,7/2/26 18:00,57.441,
Plot Title: T5505,5502,7/2/26 18:15,57.096,
Plot Title: T5506,5503,7/2/26 18:30,56.75,
Plot Title: T5507,5504,7/2/26 18:45,56.23,
Plot Title: T5508,5505,7/2/26 19:00,55.537,
Plot Title: T5509,5506,7/2/26 19:15,54.669,
Plot Title: T5510,5507,7/2/26 19:30,53.623,
Plot Title: T5511,5508,7/2/26 19:45,53.1,
Plot Title: T5512,5509,7/2/26 20:00,52.576,
Plot Title: T5513,5510,7/2/26 20:15,52.401,
Plot Title: T5514,5511,7/2/26 20:30,52.225,
Plot Title: T5515,5512,7/2/26 20:45,51.346,
Plot Title: T5516,5513,7/2/26 21:00,50.643,
Plot Title: T5517,5514,7/2/26 21:15,49.759,
Plot Title: T5518,5515,7/2/26 21:30,49.228,
Plot Title: T5519,5516,7/2/26 21:45,48.871,
Plot Title: T5520,5517,7/2/26 22:00,48.517,
Plot Title: T5521,5518,7/2/26 22:15,47.982,
Plot Title: T5522,5519,7/2/26 22:30,47.624,
Plot Title: T5523,5520,7/2/26 22:45,47.446,
Plot Title: T5524,5521,7/2/26 23:00,47.088,
Plot Title: T5525,5522,7/2/26 23:15,46.908,
Plot Title: T5526,5523,7/2/26 23:30,46.728,
Plot Title: T5527,5524,7/2/26 23:45,46.908,
Plot Title: T5528,5525,7/3/26 00:00,47.088,
Plot Title: T5529,5526,7/3/26 00:15,46.728,
Plot Title: T5530,5527,7/3/26 00:30,46.369,
Plot Title: T5531,5528,7/3/26 00:45,46.008,
Plot Title: T5532,5529,7/3/26 01:00,45.828,
Plot Title: T5533,5530,7/3/26 01:15,45.648,
Plot Title: T5534,5531,7/3/26 01:30,45.466,
Plot Title: T5535,5532,7/3/26 01:45,45.286,
Plot Title: T5536,5533,7/3/26 02:00,45.104,
Plot Title: T5537,5534,7/3/26 02:15,44.922,
Plot Title: T5538,5535,7/3/26 02:30,44.742,
Plot Title: T5539,5536,7/3/26 02:45,44.742,
Plot Title: T5540,5537,7/3/26 03:00,44.56,
Plot Title: T5541,5538,7/3/26 03:15,44.379,
Plot Title: T5542,5539,7/3/26 03:30,44.195,
Plot Title: T5543,5540,7/3/26 03:45,44.013,
Plot Title: T5544,5541,7/3/26 04:00,44.013,
Plot Title: T5545,5542,7/3/26 04:15,43.831,
Plot Title: T5546,5543,7/3/26 04:30,43.648,
Plot Title: T5547,5544,7/3/26 04:45,43.648,
Plot Title: T5548,5545,7/3/26 05:00,43.466,
Plot Title: T5549,5546,7/3/26 05:15,43.282,
Plot Title: T5550,5547,7/3/26 05:30,43.282,
Plot Title: T5551,5548,7/3/26 05:45,43.282,
Plot Title: T5552,5549,7/3/26 06:00,43.466,
Plot Title: T5553,5550,7/3/26 06:15,45.648,
Plot Title: T5554,5551,7/3/26 06:30,48.339,
Plot Title: T5555,5552,7/3/26 06:45,51.874,
Plot Title: T5556,5553,7/3/26 07:00,54.495,
Plot Title: T5557,5554,7/3/26 07:15,54.669,
Plot Title: T5558,5555,7/3/26 07:30,54.495,
Plot Title: T5559,5556,7/3/26 07:45,54.147,
Plot Title: T5560,5557,7/3/26 08:00,52.925,
Plot Title: T5561,5558,7/3/26 08:15,52.225,
Plot Title: T5562,5559,7/3/26 08:30,52.05,
Plot Title: T5563,5560,7/3/26 08:45,51.523,
Plot Title: T5564,5561,7/3/26 09:00,51.346,
Plot Title: T5565,5562,7/3/26 09:15,51.346,
Plot Title: T5566,5563,7/3/26 09:30,50.995,
Plot Title: T5567,5564,7/3/26 09:45,50.995,
Plot Title: T5568,5565,7/3/26 10:00,50.995,
Plot Title: T5569,5566,7/3/26 10:15,51.699,
Plot Title: T5570,5567,7/3/26 10:30,52.925,
Plot Title: T5571,5568,7/3/26 10:45,54.669,
Plot Title: T5572,5569,7/3/26 11:00,56.923,
Plot Title: T5573,5570,7/3/26 11:15,58.303,
Plot Title: T5574,5571,7/3/26 11:30,58.647,
Plot Title: T5575,5572,7/3/26 11:45,59.164,
Plot Title: T5576,5573,7/3/26 12:00,64.652,
Plot Title: T5577,5574,7/3/26 12:15,71.168,
Plot Title: T5578,5575,7/3/26 12:30,68.421,
Plot Title: T5579,5576,7/3/26 12:45,69.278,
Plot Title: T5580,5577,7/3/26 13:00,65.851,
Plot Title: T5581,5578,7/3/26 13:15,63.968,
Plot Title: T5582,5579,7/3/26 13:30,62.083,
Plot Title: T5583,5580,7/3/26 13:45,60.712,
Plot Title: T5584,5581,7/3/26 14:00,60.712,
Plot Title: T5585,5582,7/3/26 14:15,60.883,
Plot Title: T5586,5583,7/3/26 14:30,60.195,
Plot Title: T5587,5584,7/3/26 14:45,59.851,
Plot Title: T5588,5585,7/3/26 15:00,64.481,
Plot Title: T5589,5586,7/3/26 15:15,63.626,
Plot Title: T5590,5587,7/3/26 15:30,64.139,
Plot Title: T5591,5588,7/3/26 15:45,66.537,
Plot Title: T5592,5589,7/3/26 16:00,66.537,
Plot Title: T5593,5590,7/3/26 16:15,61.227,
Plot Title: T5594,5591,7/3/26 16:30,58.993,
Plot Title: T5595,5592,7/3/26 16:45,57.785,
Plot Title: T5596,5593,7/3/26 17:00,56.577,
Plot Title: T5597,5594,7/3/26 17:15,56.404,
Plot Title: T5598,5595,7/3/26 17:30,56.404,
Plot Title: T5599,5596,7/3/26 17:45,55.884,
Plot Title: T5600,5597,7/3/26 18:00,55.364,
Plot Title: T5601,5598,7/3/26 18:15,54.842,
Plot Title: T5602,5599,7/3/26 18:30,54.842,
Plot Title: T5603,5600,7/3/26 18:45,55.189,
Plot Title: T5604,5601,7/3/26 19:00,54.322,
Plot Title: T5605,5602,7/3/26 19:15,53.449,
Plot Title: T5606,5603,7/3/26 19:30,53.1,
Plot Title: T5607,5604,7/3/26 19:45,52.925,
Plot Title: T5608,5605,7/3/26 20:00,52.925,
Plot Title: T5609,5606,7/3/26 20:15,52.75,
Plot Title: T5610,5607,7/3/26 20:30,52.225,
Plot Title: T5611,5608,7/3/26 20:45,52.05,
Plot Title: T5612,5609,7/3/26 21:00,51.699,
Plot Title: T5613,5610,7/3/26 21:15,51.346,
Plot Title: T5614,5611,7/3/26 21:30,50.643,
Plot Title: T5615,5612,7/3/26 21:45,50.113,
Plot Title: T5616,5613,7/3/26 22:00,49.582,
Plot Title: T5617,5614,7/3/26 22:15,49.05,
Plot Title: T5618,5615,7/3/26 22:30,48.517,
Plot Title: T5619,5616,7/3/26 22:45,48.16,
Plot Title: T5620,5617,7/3/26 23:00,47.982,
Plot Title: T5621,5618,7/3/26 23:15,47.982,
Plot Title: T5622,5619,7/3/26 23:30,47.802,
Plot Title: T5623,5620,7/3/26 23:45,47.624,
Plot Title: T5624,5621,7/4/26 00:00,47.446,
Plot Title: T5625,5622,7/4/26 00:15,47.266,
Plot Title: T5626,5623,7/4/26 00:30,47.088,
Plot Title: T5627,5624,7/4/26 00:45,47.088,
Plot Title: T5628,5625,7/4/26 01:00,46.908,
Plot Title: T5629,5626,7/4/26 01:15,46.728,
Plot Title: T5630,5627,7/4/26 01:30,46.548,
Plot Title: T5631,5628,7/4/26 01:45,46.369,
Plot Title: T5632,5629,7/4/26 02:00,46.188,
Plot Title: T5633,5630,7/4/26 02:15,46.008,
Plot Title: T5634,5631,7/4/26 02:30,46.008,
Plot Title: T5635,5632,7/4/26 02:45,45.828,
Plot Title: T5636,5633,7/4/26 03:00,45.648,
Plot Title: T5637,5634,7/4/26 03:15,45.466,
Plot Title: T5638,5635,7/4/26 03:30,45.466,
Plot Title: T5639,5636,7/4/26 03:45,45.286,
Plot Title: T5640,5637,7/4/26 04:00,45.286,
Plot Title: T5641,5638,7/4/26 04:15,45.286,
Plot Title: T5642,5639,7/4/26 04:30,45.104,
Plot Title: T5643,5640,7/4/26 04:45,44.922,
Plot Title: T5644,5641,7/4/26 05:00,44.922,
Plot Title: T5645,5642,7/4/26 05:15,44.742,
Plot Title: T5646,5643,7/4/26 05:30,44.56,
Plot Title: T5647,5644,7/4/26 05:45,44.56,
Plot Title: T5648,5645,7/4/26 06:00,44.922,
Plot Title: T5649,5646,7/4/26 06:15,47.624,
Plot Title: T5650,5647,7/4/26 06:30,50.643,
Plot Title: T5651,5648,7/4/26 06:45,53.798,
Plot Title: T5652,5649,7/4/26 07:00,56.923,
Plot Title: T5653,5650,7/4/26 07:15,57.268,
Plot Title: T5654,5651,7/4/26 07:30,56.404,
Plot Title: T5655,5652,7/4/26 07:45,57.614,
Plot Title: T5656,5653,7/4/26 08:00,55.537,
Plot Title: T5657,5654,7/4/26 08:15,53.973,
Plot Title: T5658,5655,7/4/26 08:30,53.623,
Plot Title: T5659,5656,7/4/26 08:45,53.274,
Plot Title: T5660,5657,7/4/26 09:00,53.1,
Plot Title: T5661,5658,7/4/26 09:15,52.75,
Plot Title: T5662,5659,7/4/26 09:30,52.576,
Plot Title: T5663,5660,7/4/26 09:45,52.225,
Plot Title: T5664,5661,7/4/26 10:00,52.05,
Plot Title: T5665,5662,7/4/26 10:15,51.874,
Plot Title: T5666,5663,7/4/26 10:30,51.874,
Plot Title: T5667,5664,7/4/26 10:45,54.147,
Plot Title: T5668,5665,7/4/26 11:00,55.884,
Plot Title: T5669,5666,7/4/26 11:15,59.164,
Plot Title: T5670,5667,7/4/26 11:30,56.404,
Plot Title: T5671,5668,7/4/26 11:45,55.711,
Plot Title: T5672,5669,7/4/26 12:00,70.48,
Plot Title: T5673,5670,7/4/26 12:15,76.528,
Plot Title: T5674,5671,7/4/26 12:30,79.678,
Plot Title: T5675,5672,7/4/26 12:45,81.266,
Plot Title: T5676,5673,7/4/26 13:00,72.718,
Plot Title: T5677,5674,7/4/26 13:15,66.193,
Plot Title: T5678,5675,7/4/26 13:30,63.111,
Plot Title: T5679,5676,7/4/26 13:45,61.227,
Plot Title: T5680,5677,7/4/26 14:00,60.024,
Plot Title: T5681,5678,7/4/26 14:15,59.164,
Plot Title: T5682,5679,7/4/26 14:30,58.476,
Plot Title: T5683,5680,7/4/26 14:45,58.303,
Plot Title: T5684,5681,7/4/26 15:00,64.652,
Plot Title: T5685,5682,7/4/26 15:15,64.481,
Plot Title: T5686,5683,7/4/26 15:30,64.139,
Plot Title: T5687,5684,7/4/26 15:45,67.564,
Plot Title: T5688,5685,7/4/26 16:00,67.564,
Plot Title: T5689,5686,7/4/26 16:15,62.083,
Plot Title: T5690,5687,7/4/26 16:30,59.508,
Plot Title: T5691,5688,7/4/26 16:45,57.958,
Plot Title: T5692,5689,7/4/26 17:00,57.096,
Plot Title: T5693,5690,7/4/26 17:15,56.404,
Plot Title: T5694,5691,7/4/26 17:30,56.057,
Plot Title: T5695,5692,7/4/26 17:45,55.711,
Plot Title: T5696,5693,7/4/26 18:00,55.189,
Plot Title: T5697,5694,7/4/26 18:15,54.669,
Plot Title: T5698,5695,7/4/26 18:30,54.495,
Plot Title: T5699,5696,7/4/26 18:45,54.322,
Plot Title: T5700,5697,7/4/26 19:00,54.495,
Plot Title: T5701,5698,7/4/26 19:15,54.322,
Plot Title: T5702,5699,7/4/26 19:30,53.798,
Plot Title: T5703,5700,7/4/26 19:45,53.623,
Plot Title: T5704,5701,7/4/26 20:00,53.274,
Plot Title: T5705,5702,7/4/26 20:15,52.925,
Plot Title: T5706,5703,7/4/26 20:30,52.75,
Plot Title: T5707,5704,7/4/26 20:45,52.401,
Plot Title: T5708,5705,7/4/26 21:00,52.05,
Plot Title: T5709,5706,7/4/26 21:15,51.874,
Plot Title: T5710,5707,7/4/26 21:30,51.523,
Plot Title: T5711,5708,7/4/26 21:45,51.346,
Plot Title: T5712,5709,7/4/26 22:00,51.172,
Plot Title: T5713,5710,7/4/26 22:15,50.995,
Plot Title: T5714,5711,7/4/26 22:30,50.995,
Plot Title: T5715,5712,7/4/26 22:45,50.819,
Plot Title: T5716,5713,7/4/26 23:00,50.466,
Plot Title: T5717,5714,7/4/26 23:15,50.29,
Plot Title: T5718,5715,7/4/26 23:30,50.113,
Plot Title: T5719,5716,7/4/26 23:45,49.937,
Plot Title: T5720,5717,7/5/26 00:00,49.759,
Plot Title: T5721,5718,7/5/26 00:15,49.759,
Plot Title: T5722,5719,7/5/26 00:30,49.582,
Plot Title: T5723,5720,7/5/26 00:45,49.404,
Plot Title: T5724,5721,7/5/26 01:00,49.228,
Plot Title: T5725,5722,7/5/26 01:15,49.228,
Plot Title: T5726,5723,7/5/26 01:30,49.05,
Plot Title: T5727,5724,7/5/26 01:45,49.05,
Plot Title: T5728,5725,7/5/26 02:00,48.871,
Plot Title: T5729,5726,7/5/26 02:15,48.695,
Plot Title: T5730,5727,7/5/26 02:30,48.695,
Plot Title: T5731,5728,7/5/26 02:45,48.517,
Plot Title: T5732,5729,7/5/26 03:00,48.517,
Plot Title: T5733,5730,7/5/26 03:15,48.339,
Plot Title: T5734,5731,7/5/26 03:30,48.339,
Plot Title: T5735,5732,7/5/26 03:45,48.16,
Plot Title: T5736,5733,7/5/26 04:00,47.982,
Plot Title: T5737,5734,7/5/26 04:15,47.802,
Plot Title: T5738,5735,7/5/26 04:30,47.802,
Plot Title: T5739,5736,7/5/26 04:45,47.624,
Plot Title: T5740,5737,7/5/26 05:00,47.446,
Plot Title: T5741,5738,7/5/26 05:15,47.266,
Plot Title: T5742,5739,7/5/26 05:30,47.088,
Plot Title: T5743,5740,7/5/26 05:45,47.088,
Plot Title: T5744,5741,7/5/26 06:00,47.266,
Plot Title: T5745,5742,7/5/26 06:15,49.582,
Plot Title: T5746,5743,7/5/26 06:30,52.75,
Plot Title: T5747,5744,7/5/26 06:45,55.711,
Plot Title: T5748,5745,7/5/26 07:00,58.476,
Plot Title: T5749,5746,7/5/26 07:15,58.993,
Plot Title: T5750,5747,7/5/26 07:30,58.303,
Plot Title: T5751,5748,7/5/26 07:45,59.508,
Plot Title: T5752,5749,7/5/26 08:00,57.785,
Plot Title: T5753,5750,7/5/26 08:15,56.404,
Plot Title: T5754,5751,7/5/26 08:30,55.884,
Plot Title: T5755,5752,7/5/26 08:45,55.537,
Plot Title: T5756,5753,7/5/26 09:00,55.364,
Plot Title: T5757,5754,7/5/26 09:15,55.189,
Plot Title: T5758,5755,7/5/26 09:30,55.017,
Plot Title: T5759,5756,7/5/26 09:45,54.842,
Plot Title: T5760,5757,7/5/26 10:00,54.669,
Plot Title: T5761,5758,7/5/26 10:15,54.495,
Plot Title: T5762,5759,7/5/26 10:30,54.669,
Plot Title: T5763,5760,7/5/26 10:45,57.441,
Plot Title: T5764,5761,7/5/26 11:00,58.82,
Plot Title: T5765,5762,7/5/26 11:15,61.741,
Plot Title: T5766,5763,7/5/26 11:30,59.337,
Plot Title: T5767,5764,7/5/26 11:45,58.476,
Plot Title: T5768,5765,7/5/26 12:00,68.763,
Plot Title: T5769,5766,7/5/26 12:15,75.312,
Plot Title: T5770,5767,7/5/26 12:30,81.266,
Plot Title: T5771,5768,7/5/26 12:45,84.474,
Plot Title: T5772,5769,7/5/26 13:00,76.528,
Plot Title: T5773,5770,7/5/26 13:15,70.995,
Plot Title: T5774,5771,7/5/26 13:30,69.449,
Plot Title: T5775,5772,7/5/26 13:45,67.735,
Plot Title: T5776,5773,7/5/26 14:00,67.735,
Plot Title: T5777,5774,7/5/26 14:15,66.708,
Plot Title: T5778,5775,7/5/26 14:30,64.825,
Plot Title: T5779,5776,7/5/26 14:45,63.111,
Plot Title: T5780,5777,7/5/26 15:00,61.227,
Plot Title: T5781,5778,7/5/26 15:15,59.337,
Plot Title: T5782,5779,7/5/26 15:30,58.303,
Plot Title: T5783,5780,7/5/26 15:45,58.303,
Plot Title: T5784,5781,7/5/26 16:00,58.131,
Plot Title: T5785,5782,7/5/26 16:15,57.096,
Plot Title: T5786,5783,7/5/26 16:30,57.441,
Plot Title: T5787,5784,7/5/26 16:45,57.614,
Plot Title: T5788,5785,7/5/26 17:00,57.785,
Plot Title: T5789,5786,7/5/26 17:15,57.441,
Plot Title: T5790,5787,7/5/26 17:30,57.958,
Plot Title: T5791,5788,7/5/26 17:45,58.82,
Plot Title: T5792,5789,7/5/26 18:00,59.68,
Plot Title: T5793,5790,7/5/26 18:15,59.851,
Plot Title: T5794,5791,7/5/26 18:30,58.82,
Plot Title: T5795,5792,7/5/26 18:45,58.131,
Plot Title: T5796,5793,7/5/26 19:00,57.096,
Plot Title: T5797,5794,7/5/26 19:15,56.404,
Plot Title: T5798,5795,7/5/26 19:30,56.057,
Plot Title: T5799,5796,7/5/26 19:45,56.404,
Plot Title: T5800,5797,7/5/26 20:00,55.884,
Plot Title: T5801,5798,7/5/26 20:15,55.537,
Plot Title: T5802,5799,7/5/26 20:30,55.189,
Plot Title: T5803,5800,7/5/26 20:45,54.147,
Plot Title: T5804,5801,7/5/26 21:00,53.973,
Plot Title: T5805,5802,7/5/26 21:15,53.798,
Plot Title: T5806,5803,7/5/26 21:30,53.623,
Plot Title: T5807,5804,7/5/26 21:45,53.449,
Plot Title: T5808,5805,7/5/26 22:00,53.274,
Plot Title: T5809,5806,7/5/26 22:15,53.1,
Plot Title: T5810,5807,7/5/26 22:30,52.75,
Plot Title: T5811,5808,7/5/26 22:45,52.401,
Plot Title: T5812,5809,7/5/26 23:00,51.874,
Plot Title: T5813,5810,7/5/26 23:15,51.523,
Plot Title: T5814,5811,7/5/26 23:30,51.346,
Plot Title: T5815,5812,7/5/26 23:45,51.172,
Plot Title: T5816,5813,7/6/26 00:00,50.995,
Plot Title: T5817,5814,7/6/26 00:15,50.819,
Plot Title: T5818,5815,7/6/26 00:30,50.466,
Plot Title: T5819,5816,7/6/26 00:45,50.29,
Plot Title: T5820,5817,7/6/26 01:00,50.29,
Plot Title: T5821,5818,7/6/26 01:15,50.113,
Plot Title: T5822,5819,7/6/26 01:30,49.937,
Plot Title: T5823,5820,7/6/26 01:45,49.759,
Plot Title: T5824,5821,7/6/26 02:00,49.759,
Plot Title: T5825,5822,7/6/26 02:15,49.582,
Plot Title: T5826,5823,7/6/26 02:30,49.404,
Plot Title: T5827,5824,7/6/26 02:45,49.582,
Plot Title: T5828,5825,7/6/26 03:00,49.228,
Plot Title: T5829,5826,7/6/26 03:15,49.05,
Plot Title: T5830,5827,7/6/26 03:30,48.695,
Plot Title: T5831,5828,7/6/26 03:45,48.517,
Plot Title: T5832,5829,7/6/26 04:00,48.16,
Plot Title: T5833,5830,7/6/26 04:15,47.982,
Plot Title: T5834,5831,7/6/26 04:30,47.802,
Plot Title: T5835,5832,7/6/26 04:45,47.624,
Plot Title: T5836,5833,7/6/26 05:00,47.446,
Plot Title: T5837,5834,7/6/26 05:15,47.266,
Plot Title: T5838,5835,7/6/26 05:30,47.088,
Plot Title: T5839,5836,7/6/26 05:45,47.088,
Plot Title: T5840,5837,7/6/26 06:00,47.266,
Plot Title: T5841,5838,7/6/26 06:15,47.624,
Plot Title: T5842,5839,7/6/26 06:30,48.339,
Plot Title: T5843,5840,7/6/26 06:45,50.466,
Plot Title: T5844,5841,7/6/26 07:00,51.523,
Plot Title: T5845,5842,7/6/26 07:15,53.1,
Plot Title: T5846,5843,7/6/26 07:30,53.623,
Plot Title: T5847,5844,7/6/26 07:45,53.449,
Plot Title: T5848,5845,7/6/26 08:00,53.973,
Plot Title: T5849,5846,7/6/26 08:15,54.147,
Plot Title: T5850,5847,7/6/26 08:30,54.842,
Plot Title: T5851,5848,7/6/26 08:45,55.537,
Plot Title: T5852,5849,7/6/26 09:00,56.057,
Plot Title: T5853,5850,7/6/26 09:15,56.75,
Plot Title: T5854,5851,7/6/26 09:30,56.577,
Plot Title: T5855,5852,7/6/26 09:45,56.404,
Plot Title: T5856,5853,7/6/26 10:00,56.404,
Plot Title: T5857,5854,7/6/26 10:15,56.923,
Plot Title: T5858,5855,7/6/26 10:30,57.614,
Plot Title: T5859,5856,7/6/26 10:45,58.131,
Plot Title: T5860,5857,7/6/26 11:00,59.337,
Plot Title: T5861,5858,7/6/26 11:15,59.508,
Plot Title: T5862,5859,7/6/26 11:30,59.337,
Plot Title: T5863,5860,7/6/26 11:45,60.712,
Plot Title: T5864,5861,7/6/26 12:00,62.083,
Plot Title: T5865,5862,7/6/26 12:15,63.455,
Plot Title: T5866,5863,7/6/26 12:30,62.598,
Plot Title: T5867,5864,7/6/26 12:45,62.083,
Plot Title: T5868,5865,7/6/26 13:00,59.68,
Plot Title: T5869,5866,7/6/26 13:15,58.476,
Plot Title: T5870,5867,7/6/26 13:30,60.712,
Plot Title: T5871,5868,7/6/26 13:45,61.912,
Plot Title: T5872,5869,7/6/26 14:00,62.083,
Plot Title: T5873,5870,7/6/26 14:15,60.883,
Plot Title: T5874,5871,7/6/26 14:30,61.054,
Plot Title: T5875,5872,7/6/26 14:45,62.425,
Plot Title: T5876,5873,7/6/26 15:00,64.139,
Plot Title: T5877,5874,7/6/26 15:15,64.652,
Plot Title: T5878,5875,7/6/26 15:30,63.968,
Plot Title: T5879,5876,7/6/26 15:45,63.968,
Plot Title: T5880,5877,7/6/26 16:00,64.31,
Plot Title: T5881,5878,7/6/26 16:15,62.254,
Plot Title: T5882,5879,7/6/26 16:30,60.195,
Plot Title: T5883,5880,7/6/26 16:45,59.851,
Plot Title: T5884,5881,7/6/26 17:00,60.024,
Plot Title: T5885,5882,7/6/26 17:15,60.195,
Plot Title: T5886,5883,7/6/26 17:30,58.993,
Plot Title: T5887,5884,7/6/26 17:45,58.647,
Plot Title: T5888,5885,7/6/26 18:00,58.647,
Plot Title: T5889,5886,7/6/26 18:15,57.614,
Plot Title: T5890,5887,7/6/26 18:30,56.75,
Plot Title: T5891,5888,7/6/26 18:45,55.537,
Plot Title: T5892,5889,7/6/26 19:00,55.364,
Plot Title: T5893,5890,7/6/26 19:15,56.23,
Plot Title: T5894,5891,7/6/26 19:30,55.711,
Plot Title: T5895,5892,7/6/26 19:45,55.189,
Plot Title: T5896,5893,7/6/26 20:00,54.147,
Plot Title: T5897,5894,7/6/26 20:15,53.274,
Plot Title: T5898,5895,7/6/26 20:30,52.75,
Plot Title: T5899,5896,7/6/26 20:45,52.401,
Plot Title: T5900,5897,7/6/26 21:00,52.05,
Plot Title: T5901,5898,7/6/26 21:15,51.699,
Plot Title: T5902,5899,7/6/26 21:30,51.523,
Plot Title: T5903,5900,7/6/26 21:45,51.172,
Plot Title: T5904,5901,7/6/26 22:00,50.995,
Plot Title: T5905,5902,7/6/26 22:15,50.819,
Plot Title: T5906,5903,7/6/26 22:30,50.466,
Plot Title: T5907,5904,7/6/26 22:45,50.466,
Plot Title: T5908,5905,7/6/26 23:00,50.819,
Plot Title: T5909,5906,7/6/26 23:15,50.995,
Plot Title: T5910,5907,7/6/26 23:30,51.172,
Plot Title: T5911,5908,7/6/26 23:45,51.346,
Plot Title: T5912,5909,7/7/26 00:00,51.346,
Plot Title: T5913,5910,7/7/26 00:15,51.346,
Plot Title: T5914,5911,7/7/26 00:30,51.172,
Plot Title: T5915,5912,7/7/26 00:45,51.172,
Plot Title: T5916,5913,7/7/26 01:00,50.466,
Plot Title: T5917,5914,7/7/26 01:15,50.113,
Plot Title: T5918,5915,7/7/26 01:30,49.759,
Plot Title: T5919,5916,7/7/26 01:45,49.937,
Plot Title: T5920,5917,7/7/26 02:00,49.582,
Plot Title: T5921,5918,7/7/26 02:15,49.228,
Plot Title: T5922,5919,7/7/26 02:30,48.871,
Plot Title: T5923,5920,7/7/26 02:45,48.695,
Plot Title: T5924,5921,7/7/26 03:00,48.695,
Plot Title: T5925,5922,7/7/26 03:15,48.517,
Plot Title: T5926,5923,7/7/26 03:30,48.339,
Plot Title: T5927,5924,7/7/26 03:45,48.339,
Plot Title: T5928,5925,7/7/26 04:00,48.16,
Plot Title: T5929,5926,7/7/26 04:15,47.982,
Plot Title: T5930,5927,7/7/26 04:30,47.624,
Plot Title: T5931,5928,7/7/26 04:45,47.624,
Plot Title: T5932,5929,7/7/26 05:00,47.446,
Plot Title: T5933,5930,7/7/26 05:15,47.446,
Plot Title: T5934,5931,7/7/26 05:30,47.446,
Plot Title: T5935,5932,7/7/26 05:45,47.446,
Plot Title: T5936,5933,7/7/26 06:00,47.624,
Plot Title: T5937,5934,7/7/26 06:15,48.517,
Plot Title: T5938,5935,7/7/26 06:30,51.523,
Plot Title: T5939,5936,7/7/26 06:45,52.925,
Plot Title: T5940,5937,7/7/26 07:00,56.057,
Plot Title: T5941,5938,7/7/26 07:15,57.268,
Plot Title: T5942,5939,7/7/26 07:30,57.268,
Plot Title: T5943,5940,7/7/26 07:45,58.303,
Plot Title: T5944,5941,7/7/26 08:00,56.923,
Plot Title: T5945,5942,7/7/26 08:15,56.057,
Plot Title: T5946,5943,7/7/26 08:30,55.884,
Plot Title: T5947,5944,7/7/26 08:45,55.884,
Plot Title: T5948,5945,7/7/26 09:00,55.884,
Plot Title: T5949,5946,7/7/26 09:15,55.711,
Plot Title: T5950,5947,7/7/26 09:30,55.884,
Plot Title: T5951,5948,7/7/26 09:45,56.577,
Plot Title: T5952,5949,7/7/26 10:00,56.923,
Plot Title: T5953,5950,7/7/26 10:15,56.923,
Plot Title: T5954,5951,7/7/26 10:30,56.923,
Plot Title: T5955,5952,7/7/26 10:45,58.82,
Plot Title: T5956,5953,7/7/26 11:00,59.68,
Plot Title: T5957,5954,7/7/26 11:15,61.912,
Plot Title: T5958,5955,7/7/26 11:30,59.851,
Plot Title: T5959,5956,7/7/26 11:45,58.476,
Plot Title: T5960,5957,7/7/26 12:00,72.891,
Plot Title: T5961,5958,7/7/26 12:15,79.502,
Plot Title: T5962,5959,7/7/26 12:30,82.686,
Plot Title: T5963,5960,7/7/26 12:45,84.295,
Plot Title: T5964,5961,7/7/26 13:00,75.659,
Plot Title: T5965,5962,7/7/26 13:15,69.449,
Plot Title: T5966,5963,7/7/26 13:30,66.366,
Plot Title: T5967,5964,7/7/26 13:45,64.996,
Plot Title: T5968,5965,7/7/26 14:00,64.481,
Plot Title: T5969,5966,7/7/26 14:15,62.769,
Plot Title: T5970,5967,7/7/26 14:30,61.569,
Plot Title: T5971,5968,7/7/26 14:45,60.883,
Plot Title: T5972,5969,7/7/26 15:00,63.111,
Plot Title: T5973,5970,7/7/26 15:15,64.481,
Plot Title: T5974,5971,7/7/26 15:30,65.338,
Plot Title: T5975,5972,7/7/26 15:45,65.509,
Plot Title: T5976,5973,7/7/26 16:00,65.338,
Plot Title: T5977,5974,7/7/26 16:15,63.797,
Plot Title: T5978,5975,7/7/26 16:30,62.254,
Plot Title: T5979,5976,7/7/26 16:45,61.741,
Plot Title: T5980,5977,7/7/26 17:00,61.912,
Plot Title: T5981,5978,7/7/26 17:15,61.741,
Plot Title: T5982,5979,7/7/26 17:30,61.912,
Plot Title: T5983,5980,7/7/26 17:45,61.741,
Plot Title: T5984,5981,7/7/26 18:00,62.425,
Plot Title: T5985,5982,7/7/26 18:15,61.398,
Plot Title: T5986,5983,7/7/26 18:30,60.368,
Plot Title: T5987,5984,7/7/26 18:45,59.68,
Plot Title: T5988,5985,7/7/26 19:00,60.024,
Plot Title: T5989,5986,7/7/26 19:15,59.851,
Plot Title: T5990,5987,7/7/26 19:30,59.337,
Plot Title: T5991,5988,7/7/26 19:45,59.164,
Plot Title: T5992,5989,7/7/26 20:00,58.647,
Plot Title: T5993,5990,7/7/26 20:15,57.614,
Plot Title: T5994,5991,7/7/26 20:30,57.096,
Plot Title: T5995,5992,7/7/26 20:45,56.23,
Plot Title: T5996,5993,7/7/26 21:00,55.537,
Plot Title: T5997,5994,7/7/26 21:15,54.842,
Plot Title: T5998,5995,7/7/26 21:30,54.322,
Plot Title: T5999,5996,7/7/26 21:45,53.798,
Plot Title: T6000,5997,7/7/26 22:00,53.623,
Plot Title: T6001,5998,7/7/26 22:15,53.274,
Plot Title: T6002,5999,7/7/26 22:30,53.1,
Plot Title: T6003,6000,7/7/26 22:45,52.925,
Plot Title: T6004,6001,7/7/26 23:00,52.576,
Plot Title: T6005,6002,7/7/26 23:15,52.401,
Plot Title: T6006,6003,7/7/26 23:30,52.225,
Plot Title: T6007,6004,7/7/26 23:45,51.874,
Plot Title: T6008,6005,7/8/26 00:00,51.699,
Plot Title: T6009,6006,7/8/26 00:15,51.346,
Plot Title: T6010,6007,7/8/26 00:30,51.172,
Plot Title: T6011,6008,7/8/26 00:45,50.995,
Plot Title: T6012,6009,7/8/26 01:00,50.819,
Plot Title: T6013,6010,7/8/26 01:15,50.643,
Plot Title: T6014,6011,7/8/26 01:30,50.466,
Plot Title: T6015,6012,7/8/26 01:45,50.29,
Plot Title: T6016,6013,7/8/26 02:00,50.113,
Plot Title: T6017,6014,7/8/26 02:15,49.937,
Plot Title: T6018,6015,7/8/26 02:30,49.937,
Plot Title: T6019,6016,7/8/26 02:45,49.759,
Plot Title: T6020,6017,7/8/26 03:00,49.582,
Plot Title: T6021,6018,7/8/26 03:15,49.404,
Plot Title: T6022,6019,7/8/26 03:30,49.404,
Plot Title: T6023,6020,7/8/26 03:45,49.228,
Plot Title: T6024,6021,7/8/26 04:00,49.228,
Plot Title: T6025,6022,7/8/26 04:15,49.228,
Plot Title: T6026,6023,7/8/26 04:30,49.05,
Plot Title: T6027,6024,7/8/26 04:45,48.871,
Plot Title: T6028,6025,7/8/26 05:00,48.695,
Plot Title: T6029,6026,7/8/26 05:15,48.517,
Plot Title: T6030,6027,7/8/26 05:30,48.517,
Plot Title: T6031,6028,7/8/26 05:45,48.339,
Plot Title: T6032,6029,7/8/26 06:00,48.517,
Plot Title: T6033,6030,7/8/26 06:15,50.466,
Plot Title: T6034,6031,7/8/26 06:30,52.925,
Plot Title: T6035,6032,7/8/26 06:45,55.537,
Plot Title: T6036,6033,7/8/26 07:00,58.476,
Plot Title: T6037,6034,7/8/26 07:15,59.508,
Plot Title: T6038,6035,7/8/26 07:30,58.647,
Plot Title: T6039,6036,7/8/26 07:45,58.131,
Plot Title: T6040,6037,7/8/26 08:00,57.096,
Plot Title: T6041,6038,7/8/26 08:15,56.23,
Plot Title: T6042,6039,7/8/26 08:30,56.23,
Plot Title: T6043,6040,7/8/26 08:45,56.23,
Plot Title: T6044,6041,7/8/26 09:00,56.057,
Plot Title: T6045,6042,7/8/26 09:15,55.884,
Plot Title: T6046,6043,7/8/26 09:30,55.537,
Plot Title: T6047,6044,7/8/26 09:45,55.364,
Plot Title: T6048,6045,7/8/26 10:00,55.364,
Plot Title: T6049,6046,7/8/26 10:15,55.189,
Plot Title: T6050,6047,7/8/26 10:30,55.364,
Plot Title: T6051,6048,7/8/26 10:45,57.441,
Plot Title: T6052,6049,7/8/26 11:00,58.476,
Plot Title: T6053,6050,7/8/26 11:15,60.883,
Plot Title: T6054,6051,7/8/26 11:30,60.024,
Plot Title: T6055,6052,7/8/26 11:45,59.164,
Plot Title: T6056,6053,7/8/26 12:00,58.131,
Plot Title: T6057,6054,7/8/26 12:15,68.421,
Plot Title: T6058,6055,7/8/26 12:30,72.199,
Plot Title: T6059,6056,7/8/26 12:45,75.312,
Plot Title: T6060,6057,7/8/26 13:00,69.793,
Plot Title: T6061,6058,7/8/26 13:15,66.366,
Plot Title: T6062,6059,7/8/26 13:30,65.167,
Plot Title: T6063,6060,7/8/26 13:45,63.626,
Plot Title: T6064,6061,7/8/26 14:00,62.94,
Plot Title: T6065,6062,7/8/26 14:15,63.282,
Plot Title: T6066,6063,7/8/26 14:30,62.94,
Plot Title: T6067,6064,7/8/26 14:45,63.626,
Plot Title: T6068,6065,7/8/26 15:00,65.509,
Plot Title: T6069,6066,7/8/26 15:15,66.022,
Plot Title: T6070,6067,7/8/26 15:30,65.338,
Plot Title: T6071,6068,7/8/26 15:45,66.193,
Plot Title: T6072,6069,7/8/26 16:00,67.735,
Plot Title: T6073,6070,7/8/26 16:15,65.68,
Plot Title: T6074,6071,7/8/26 16:30,63.797,
Plot Title: T6075,6072,7/8/26 16:45,62.598,
Plot Title: T6076,6073,7/8/26 17:00,61.569,
Plot Title: T6077,6074,7/8/26 17:15,60.712,
Plot Title: T6078,6075,7/8/26 17:30,60.195,
Plot Title: T6079,6076,7/8/26 17:45,61.054,
Plot Title: T6080,6077,7/8/26 18:00,61.569,
Plot Title: T6081,6078,7/8/26 18:15,61.398,
Plot Title: T6082,6079,7/8/26 18:30,60.195,
Plot Title: T6083,6080,7/8/26 18:45,60.195,
Plot Title: T6084,6081,7/8/26 19:00,59.508,
Plot Title: T6085,6082,7/8/26 19:15,58.993,
Plot Title: T6086,6083,7/8/26 19:30,58.476,
Plot Title: T6087,6084,7/8/26 19:45,58.303,
Plot Title: T6088,6085,7/8/26 20:00,58.303,
Plot Title: T6089,6086,7/8/26 20:15,57.268,
Plot Title: T6090,6087,7/8/26 20:30,56.75,
Plot Title: T6091,6088,7/8/26 20:45,56.057,
Plot Title: T6092,6089,7/8/26 21:00,55.884,
Plot Title: T6093,6090,7/8/26 21:15,55.711,
Plot Title: T6094,6091,7/8/26 21:30,55.364,
Plot Title: T6095,6092,7/8/26 21:45,54.842,
Plot Title: T6096,6093,7/8/26 22:00,54.495,
Plot Title: T6097,6094,7/8/26 22:15,54.147,
Plot Title: T6098,6095,7/8/26 22:30,53.449,
Plot Title: T6099,6096,7/8/26 22:45,52.576,
Plot Title: T6100,6097,7/8/26 23:00,51.874,
Plot Title: T6101,6098,7/8/26 23:15,51.699,
Plot Title: T6102,6099,7/8/26 23:30,51.346,
Plot Title: T6103,6100,7/8/26 23:45,51.172,
Plot Title: T6104,6101,7/9/26 00:00,50.819,
Plot Title: T6105,6102,7/9/26 00:15,50.29,
Plot Title: T6106,6103,7/9/26 00:30,50.113,
Plot Title: T6107,6104,7/9/26 00:45,50.29,
Plot Title: T6108,6105,7/9/26 01:00,50.29,
Plot Title: T6109,6106,7/9/26 01:15,50.29,
Plot Title: T6110,6107,7/9/26 01:30,50.29,
Plot Title: T6111,6108,7/9/26 01:45,50.113,
Plot Title: T6112,6109,7/9/26 02:00,49.937,
Plot Title: T6113,6110,7/9/26 02:15,49.937,
Plot Title: T6114,6111,7/9/26 02:30,49.759,
Plot Title: T6115,6112,7/9/26 02:45,49.582,
Plot Title: T6116,6113,7/9/26 03:00,49.582,
Plot Title: T6117,6114,7/9/26 03:15,49.582,
Plot Title: T6118,6115,7/9/26 03:30,49.404,
Plot Title: T6119,6116,7/9/26 03:45,49.228,
Plot Title: T6120,6117,7/9/26 04:00,49.05,
Plot Title: T6121,6118,7/9/26 04:15,48.871,
Plot Title: T6122,6119,7/9/26 04:30,48.695,
Plot Title: T6123,6120,7/9/26 04:45,48.339,
Plot Title: T6124,6121,7/9/26 05:00,48.16,
Plot Title: T6125,6122,7/9/26 05:15,47.982,
Plot Title: T6126,6123,7/9/26 05:30,47.802,
Plot Title: T6127,6124,7/9/26 05:45,47.624,
Plot Title: T6128,6125,7/9/26 06:00,47.624,
Plot Title: T6129,6126,7/9/26 06:15,49.05,
Plot Title: T6130,6127,7/9/26 06:30,52.05,
Plot Title: T6131,6128,7/9/26 06:45,55.711,
Plot Title: T6132,6129,7/9/26 07:00,58.476,
Plot Title: T6133,6130,7/9/26 07:15,59.164,
Plot Title: T6134,6131,7/9/26 07:30,58.476,
Plot Title: T6135,6132,7/9/26 07:45,58.303,
Plot Title: T6136,6133,7/9/26 08:00,56.75,
Plot Title: T6137,6134,7/9/26 08:15,55.537,
Plot Title: T6138,6135,7/9/26 08:30,55.364,
Plot Title: T6139,6136,7/9/26 08:45,55.189,
Plot Title: T6140,6137,7/9/26 09:00,54.842,
Plot Title: T6141,6138,7/9/26 09:15,54.842,
Plot Title: T6142,6139,7/9/26 09:30,54.495,
Plot Title: T6143,6140,7/9/26 09:45,54.322,
Plot Title: T6144,6141,7/9/26 10:00,54.147,
Plot Title: T6145,6142,7/9/26 10:15,54.322,
Plot Title: T6146,6143,7/9/26 10:30,54.669,
Plot Title: T6147,6144,7/9/26 10:45,56.404,
Plot Title: T6148,6145,7/9/26 11:00,57.096,
Plot Title: T6149,6146,7/9/26 11:15,59.508,
Plot Title: T6150,6147,7/9/26 11:30,57.958,
Plot Title: T6151,6148,7/9/26 11:45,57.096,
Plot Title: T6152,6149,7/9/26 12:00,71.683,
Plot Title: T6153,6150,7/9/26 12:15,78.449,
Plot Title: T6154,6151,7/9/26 12:30,81.975,
Plot Title: T6155,6152,7/9/26 12:45,84.115,
Plot Title: T6156,6153,7/9/26 13:00,74.098,
Plot Title: T6157,6154,7/9/26 13:15,67.735,
Plot Title: T6158,6155,7/9/26 13:30,64.481,
Plot Title: T6159,6156,7/9/26 13:45,62.769,
Plot Title: T6160,6157,7/9/26 14:00,61.741,
Plot Title: T6161,6158,7/9/26 14:15,61.227,
Plot Title: T6162,6159,7/9/26 14:30,60.883,
Plot Title: T6163,6160,7/9/26 14:45,61.227,
Plot Title: T6164,6161,7/9/26 15:00,62.94,
Plot Title: T6165,6162,7/9/26 15:15,62.94,
Plot Title: T6166,6163,7/9/26 15:30,62.769,
Plot Title: T6167,6164,7/9/26 15:45,67.392,
Plot Title: T6168,6165,7/9/26 16:00,68.934,
Plot Title: T6169,6166,7/9/26 16:15,63.797,
Plot Title: T6170,6167,7/9/26 16:30,61.054,
Plot Title: T6171,6168,7/9/26 16:45,59.851,
Plot Title: T6172,6169,7/9/26 17:00,59.164,
Plot Title: T6173,6170,7/9/26 17:15,58.647,
Plot Title: T6174,6171,7/9/26 17:30,58.131,
Plot Title: T6175,6172,7/9/26 17:45,57.614,
Plot Title: T6176,6173,7/9/26 18:00,57.441,
Plot Title: T6177,6174,7/9/26 18:15,56.75,
Plot Title: T6178,6175,7/9/26 18:30,56.23,
Plot Title: T6179,6176,7/9/26 18:45,55.711,
Plot Title: T6180,6177,7/9/26 19:00,55.189,
Plot Title: T6181,6178,7/9/26 19:15,54.842,
Plot Title: T6182,6179,7/9/26 19:30,54.495,
Plot Title: T6183,6180,7/9/26 19:45,54.147,
Plot Title: T6184,6181,7/9/26 20:00,53.798,
Plot Title: T6185,6182,7/9/26 20:15,53.449,
Plot Title: T6186,6183,7/9/26 20:30,53.274,
Plot Title: T6187,6184,7/9/26 20:45,52.925,
Plot Title: T6188,6185,7/9/26 21:00,52.75,
Plot Title: T6189,6186,7/9/26 21:15,52.401,
Plot Title: T6190,6187,7/9/26 21:30,52.05,
Plot Title: T6191,6188,7/9/26 21:45,51.699,
Plot Title: T6192,6189,7/9/26 22:00,51.346,
Plot Title: T6193,6190,7/9/26 22:15,51.172,
Plot Title: T6194,6191,7/9/26 22:30,50.995,
Plot Title: T6195,6192,7/9/26 22:45,50.819,
Plot Title: T6196,6193,7/9/26 23:00,50.643,
Plot Title: T6197,6194,7/9/26 23:15,50.466,
Plot Title: T6198,6195,7/9/26 23:30,50.113,
Plot Title: T6199,6196,7/9/26 23:45,50.113,
Plot Title: T6200,6197,7/10/26 00:00,49.937,
Plot Title: T6201,6198,7/10/26 00:15,49.937,
Plot Title: T6202,6199,7/10/26 00:30,49.937,
Plot Title: T6203,6200,7/10/26 00:45,49.759,
Plot Title: T6204,6201,7/10/26 01:00,49.582,
Plot Title: T6205,6202,7/10/26 01:15,49.404,
Plot Title: T6206,6203,7/10/26 01:30,49.228,
Plot Title: T6207,6204,7/10/26 01:45,49.228,
Plot Title: T6208,6205,7/10/26 02:00,49.05,
Plot Title: T6209,6206,7/10/26 02:15,49.05,
Plot Title: T6210,6207,7/10/26 02:30,49.05,
Plot Title: T6211,6208,7/10/26 02:45,49.05,
Plot Title: T6212,6209,7/10/26 03:00,49.05,
Plot Title: T6213,6210,7/10/26 03:15,49.05,
Plot Title: T6214,6211,7/10/26 03:30,48.871,
Plot Title: T6215,6212,7/10/26 03:45,48.695,
Plot Title: T6216,6213,7/10/26 04:00,48.517,
Plot Title: T6217,6214,7/10/26 04:15,48.339,
Plot Title: T6218,6215,7/10/26 04:30,48.16,
Plot Title: T6219,6216,7/10/26 04:45,47.982,
Plot Title: T6220,6217,7/10/26 05:00,47.982,
Plot Title: T6221,6218,7/10/26 05:15,47.982,
Plot Title: T6222,6219,7/10/26 05:30,47.802,
Plot Title: T6223,6220,7/10/26 05:45,47.802,
Plot Title: T6224,6221,7/10/26 06:00,47.624,
Plot Title: T6225,6222,7/10/26 06:15,49.05,
Plot Title: T6226,6223,7/10/26 06:30,51.523,
Plot Title: T6227,6224,7/10/26 06:45,54.322,
Plot Title: T6228,6225,7/10/26 07:00,57.441,
Plot Title: T6229,6226,7/10/26 07:15,59.164,
Plot Title: T6230,6227,7/10/26 07:30,58.647,
Plot Title: T6231,6228,7/10/26 07:45,57.441,
Plot Title: T6232,6229,7/10/26 08:00,56.057,
Plot Title: T6233,6230,7/10/26 08:15,55.189,
Plot Title: T6234,6231,7/10/26 08:30,55.189,
Plot Title: T6235,6232,7/10/26 08:45,55.017,
Plot Title: T6236,6233,7/10/26 09:00,54.842,
Plot Title: T6237,6234,7/10/26 09:15,55.189,
Plot Title: T6238,6235,7/10/26 09:30,54.669,
Plot Title: T6239,6236,7/10/26 09:45,54.495,
Plot Title: T6240,6237,7/10/26 10:00,54.322,
Plot Title: T6241,6238,7/10/26 10:15,54.495,Logged