Plot Title: T04,#,"Date Time, GMT-06:00",T,End Of File (LGR S/N: 21120051)
Plot Title: T04,1,5/5/26 11:00,73.407,
Plot Title: T04,2,5/5/26 11:15,73.062,
Plot Title: T04,3,5/5/26 11:30,71.512,
Plot Title: T04,4,5/5/26 11:45,71.856,
Plot Title: T04,5,5/5/26 12:00,68.421,
Plot Title: T04,6,5/5/26 12:15,64.825,
Plot Title: T04,7,5/5/26 12:30,59.164,
Plot Title: T04,8,5/5/26 12:45,48.871,
Plot Title: T04,9,5/5/26 13:00,47.802,
Plot Title: T04,10,5/5/26 13:15,45.286,
Plot Title: T04,11,5/5/26 13:30,44.379,
Plot Title: T04,12,5/5/26 13:45,44.195,
Plot Title: T04,13,5/5/26 14:00,45.104,
Plot Title: T04,14,5/5/26 14:15,45.104,
Plot Title: T04,15,5/5/26 14:30,45.286,
Plot Title: T04,16,5/5/26 14:45,45.104,
Plot Title: T04,17,5/5/26 15:00,44.013,
Plot Title: T04,18,5/5/26 15:15,44.56,
Plot Title: T04,19,5/5/26 15:30,43.282,
Plot Title: T04,20,5/5/26 15:45,43.099,
Plot Title: T04,21,5/5/26 16:00,44.379,
Plot Title: T04,22,5/5/26 16:15,44.742,
Plot Title: T04,23,5/5/26 16:30,43.466,
Plot Title: T04,24,5/5/26 16:45,42.548,
Plot Title: T04,25,5/5/26 17:00,42.179,
Plot Title: T04,26,5/5/26 17:15,41.994,
Plot Title: T04,27,5/5/26 17:30,41.625,
Plot Title: T04,28,5/5/26 17:45,40.881,
Plot Title: T04,29,5/5/26 18:00,39.76,
Plot Title: T04,30,5/5/26 18:15,38.818,
Plot Title: T04,31,5/5/26 18:30,38.44,
Plot Title: T04,32,5/5/26 18:45,38.061,
Plot Title: T04,33,5/5/26 19:00,37.87,
Plot Title: T04,34,5/5/26 19:15,37.679,
Plot Title: T04,35,5/5/26 19:30,37.488,
Plot Title: T04,36,5/5/26 19:45,37.297,
Plot Title: T04,37,5/5/26 20:00,37.297,
Plot Title: T04,38,5/5/26 20:15,37.107,
Plot Title: T04,39,5/5/26 20:30,36.914,
Plot Title: T04,40,5/5/26 20:45,36.914,
Plot Title: T04,41,5/5/26 21:00,36.723,
Plot Title: T04,42,5/5/26 21:15,36.531,
Plot Title: T04,43,5/5/26 21:30,36.338,
Plot Title: T04,44,5/5/26 21:45,36.145,
Plot Title: T04,45,5/5/26 22:00,36.145,
Plot Title: T04,46,5/5/26 22:15,35.951,
Plot Title: T04,47,5/5/26 22:30,35.758,
Plot Title: T04,48,5/5/26 22:45,35.564,
Plot Title: T04,49,5/5/26 23:00,35.564,
Plot Title: T04,50,5/5/26 23:15,35.37,
Plot Title: T04,51,5/5/26 23:30,35.175,
Plot Title: T04,52,5/5/26 23:45,35.175,
Plot Title: T04,53,5/6/26 00:00,34.981,
Plot Title: T04,54,5/6/26 00:15,34.981,
Plot Title: T04,55,5/6/26 00:30,34.786,
Plot Title: T04,56,5/6/26 00:45,34.786,
Plot Title: T04,57,5/6/26 01:00,34.59,
Plot Title: T04,58,5/6/26 01:15,34.59,
Plot Title: T04,59,5/6/26 01:30,34.394,
Plot Title: T04,60,5/6/26 01:45,34.394,
Plot Title: T04,61,5/6/26 02:00,34.394,
Plot Title: T04,62,5/6/26 02:15,34.198,
Plot Title: T04,63,5/6/26 02:30,34.198,
Plot Title: T04,64,5/6/26 02:45,34.002,
Plot Title: T04,65,5/6/26 03:00,34.002,
Plot Title: T04,66,5/6/26 03:15,34.002,
Plot Title: T04,67,5/6/26 03:30,33.805,
Plot Title: T04,68,5/6/26 03:45,33.805,
Plot Title: T04,69,5/6/26 04:00,33.805,
Plot Title: T04,70,5/6/26 04:15,33.607,
Plot Title: T04,71,5/6/26 04:30,33.607,
Plot Title: T04,72,5/6/26 04:45,33.607,
Plot Title: T04,73,5/6/26 05:00,33.411,
Plot Title: T04,74,5/6/26 05:15,33.411,
Plot Title: T04,75,5/6/26 05:30,33.213,
Plot Title: T04,76,5/6/26 05:45,33.213,
Plot Title: T04,77,5/6/26 06:00,33.013,
Plot Title: T04,78,5/6/26 06:15,33.013,
Plot Title: T04,79,5/6/26 06:30,32.815,
Plot Title: T04,80,5/6/26 06:45,32.815,
Plot Title: T04,81,5/6/26 07:00,32.815,
Plot Title: T04,82,5/6/26 07:15,32.617,
Plot Title: T04,83,5/6/26 07:30,32.617,
Plot Title: T04,84,5/6/26 07:45,32.617,
Plot Title: T04,85,5/6/26 08:00,32.617,
Plot Title: T04,86,5/6/26 08:15,32.617,
Plot Title: T04,87,5/6/26 08:30,32.815,
Plot Title: T04,88,5/6/26 08:45,33.013,
Plot Title: T04,89,5/6/26 09:00,33.013,
Plot Title: T04,90,5/6/26 09:15,33.013,
Plot Title: T04,91,5/6/26 09:30,33.013,
Plot Title: T04,92,5/6/26 09:45,33.013,
Plot Title: T04,93,5/6/26 10:00,33.213,
Plot Title: T04,94,5/6/26 10:15,33.213,
Plot Title: T04,95,5/6/26 10:30,33.213,
Plot Title: T04,96,5/6/26 10:45,33.411,
Plot Title: T04,97,5/6/26 11:00,34.59,
Plot Title: T04,98,5/6/26 11:15,43.282,
Plot Title: T04,99,5/6/26 11:30,46.369,
Plot Title: T04,100,5/6/26 11:45,45.466,
Plot Title: T04,101,5/6/26 12:00,43.282,
Plot Title: T04,102,5/6/26 12:15,43.466,
Plot Title: T04,103,5/6/26 12:30,52.225,
Plot Title: T04,104,5/6/26 12:45,58.476,
Plot Title: T04,105,5/6/26 13:00,61.912,
Plot Title: T04,106,5/6/26 13:15,64.139,
Plot Title: T04,107,5/6/26 13:30,66.193,
Plot Title: T04,108,5/6/26 13:45,65.851,
Plot Title: T04,109,5/6/26 14:00,57.958,
Plot Title: T04,110,5/6/26 14:15,53.274,
Plot Title: T04,111,5/6/26 14:30,50.29,
Plot Title: T04,112,5/6/26 14:45,48.695,
Plot Title: T04,113,5/6/26 15:00,47.802,
Plot Title: T04,114,5/6/26 15:15,49.404,
Plot Title: T04,115,5/6/26 15:30,52.576,
Plot Title: T04,116,5/6/26 15:45,52.576,
Plot Title: T04,117,5/6/26 16:00,53.623,
Plot Title: T04,118,5/6/26 16:15,54.495,
Plot Title: T04,119,5/6/26 16:30,52.576,
Plot Title: T04,120,5/6/26 16:45,52.576,
Plot Title: T04,121,5/6/26 17:00,50.995,
Plot Title: T04,122,5/6/26 17:15,49.582,
Plot Title: T04,123,5/6/26 17:30,48.695,
Plot Title: T04,124,5/6/26 17:45,47.802,
Plot Title: T04,125,5/6/26 18:00,47.266,
Plot Title: T04,126,5/6/26 18:15,47.088,
Plot Title: T04,127,5/6/26 18:30,46.369,
Plot Title: T04,128,5/6/26 18:45,46.008,
Plot Title: T04,129,5/6/26 19:00,45.466,
Plot Title: T04,130,5/6/26 19:15,44.922,
Plot Title: T04,131,5/6/26 19:30,44.379,
Plot Title: T04,132,5/6/26 19:45,44.013,
Plot Title: T04,133,5/6/26 20:00,43.648,
Plot Title: T04,134,5/6/26 20:15,43.466,
Plot Title: T04,135,5/6/26 20:30,43.282,
Plot Title: T04,136,5/6/26 20:45,42.915,
Plot Title: T04,137,5/6/26 21:00,42.732,
Plot Title: T04,138,5/6/26 21:15,42.363,
Plot Title: T04,139,5/6/26 21:30,42.363,
Plot Title: T04,140,5/6/26 21:45,42.179,
Plot Title: T04,141,5/6/26 22:00,42.179,
Plot Title: T04,142,5/6/26 22:15,41.994,
Plot Title: T04,143,5/6/26 22:30,41.81,
Plot Title: T04,144,5/6/26 22:45,41.81,
Plot Title: T04,145,5/6/26 23:00,41.625,
Plot Title: T04,146,5/6/26 23:15,41.439,
Plot Title: T04,147,5/6/26 23:30,41.254,
Plot Title: T04,148,5/6/26 23:45,41.067,
Plot Title: T04,149,5/7/26 00:00,40.881,
Plot Title: T04,150,5/7/26 00:15,40.696,
Plot Title: T04,151,5/7/26 00:30,40.696,
Plot Title: T04,152,5/7/26 00:45,40.509,
Plot Title: T04,153,5/7/26 01:00,40.509,
Plot Title: T04,154,5/7/26 01:15,40.321,
Plot Title: T04,155,5/7/26 01:30,40.134,
Plot Title: T04,156,5/7/26 01:45,40.134,
Plot Title: T04,157,5/7/26 02:00,39.947,
Plot Title: T04,158,5/7/26 02:15,39.947,
Plot Title: T04,159,5/7/26 02:30,39.947,
Plot Title: T04,160,5/7/26 02:45,39.947,
Plot Title: T04,161,5/7/26 03:00,39.76,
Plot Title: T04,162,5/7/26 03:15,39.947,
Plot Title: T04,163,5/7/26 03:30,39.573,
Plot Title: T04,164,5/7/26 03:45,39.007,
Plot Title: T04,165,5/7/26 04:00,38.629,
Plot Title: T04,166,5/7/26 04:15,38.44,
Plot Title: T04,167,5/7/26 04:30,38.44,
Plot Title: T04,168,5/7/26 04:45,38.25,
Plot Title: T04,169,5/7/26 05:00,38.25,
Plot Title: T04,170,5/7/26 05:15,38.44,
Plot Title: T04,171,5/7/26 05:30,38.44,
Plot Title: T04,172,5/7/26 05:45,38.25,
Plot Title: T04,173,5/7/26 06:00,38.25,
Plot Title: T04,174,5/7/26 06:15,38.629,
Plot Title: T04,175,5/7/26 06:30,38.818,
Plot Title: T04,176,5/7/26 06:45,38.629,
Plot Title: T04,177,5/7/26 07:00,38.25,
Plot Title: T04,178,5/7/26 07:15,38.25,
Plot Title: T04,179,5/7/26 07:30,38.629,
Plot Title: T04,180,5/7/26 07:45,38.629,
Plot Title: T04,181,5/7/26 08:00,38.818,
Plot Title: T04,182,5/7/26 08:15,39.196,
Plot Title: T04,183,5/7/26 08:30,41.625,
Plot Title: T04,184,5/7/26 08:45,44.922,
Plot Title: T04,185,5/7/26 09:00,46.548,
Plot Title: T04,186,5/7/26 09:15,46.548,
Plot Title: T04,187,5/7/26 09:30,46.369,
Plot Title: T04,188,5/7/26 09:45,45.828,
Plot Title: T04,189,5/7/26 10:00,46.188,
Plot Title: T04,190,5/7/26 10:15,46.369,
Plot Title: T04,191,5/7/26 10:30,47.446,
Plot Title: T04,192,5/7/26 10:45,49.404,
Plot Title: T04,193,5/7/26 11:00,50.995,
Plot Title: T04,194,5/7/26 11:15,54.842,
Plot Title: T04,195,5/7/26 11:30,52.576,
Plot Title: T04,196,5/7/26 11:45,50.819,
Plot Title: T04,197,5/7/26 12:00,49.937,
Plot Title: T04,198,5/7/26 12:15,52.05,
Plot Title: T04,199,5/7/26 12:30,57.614,
Plot Title: T04,200,5/7/26 12:45,58.993,
Plot Title: T04,201,5/7/26 13:00,56.404,
Plot Title: T04,202,5/7/26 13:15,56.23,
Plot Title: T04,203,5/7/26 13:30,53.973,
Plot Title: T04,204,5/7/26 13:45,52.225,
Plot Title: T04,205,5/7/26 14:00,51.346,
Plot Title: T04,206,5/7/26 14:15,52.401,
Plot Title: T04,207,5/7/26 14:30,52.401,
Plot Title: T04,208,5/7/26 14:45,52.576,
Plot Title: T04,209,5/7/26 15:00,52.225,
Plot Title: T04,210,5/7/26 15:15,53.274,
Plot Title: T04,211,5/7/26 15:30,52.576,
Plot Title: T04,212,5/7/26 15:45,52.05,
Plot Title: T04,213,5/7/26 16:00,53.623,
Plot Title: T04,214,5/7/26 16:15,57.958,
Plot Title: T04,215,5/7/26 16:30,55.711,
Plot Title: T04,216,5/7/26 16:45,53.623,
Plot Title: T04,217,5/7/26 17:00,52.75,
Plot Title: T04,218,5/7/26 17:15,51.346,
Plot Title: T04,219,5/7/26 17:30,50.643,
Plot Title: T04,220,5/7/26 17:45,50.643,
Plot Title: T04,221,5/7/26 18:00,49.937,
Plot Title: T04,222,5/7/26 18:15,49.228,
Plot Title: T04,223,5/7/26 18:30,48.339,
Plot Title: T04,224,5/7/26 18:45,47.982,
Plot Title: T04,225,5/7/26 19:00,47.624,
Plot Title: T04,226,5/7/26 19:15,47.088,
Plot Title: T04,227,5/7/26 19:30,46.548,
Plot Title: T04,228,5/7/26 19:45,46.188,
Plot Title: T04,229,5/7/26 20:00,45.828,
Plot Title: T04,230,5/7/26 20:15,45.286,
Plot Title: T04,231,5/7/26 20:30,45.104,
Plot Title: T04,232,5/7/26 20:45,44.742,
Plot Title: T04,233,5/7/26 21:00,43.831,
Plot Title: T04,234,5/7/26 21:15,43.099,
Plot Title: T04,235,5/7/26 21:30,42.548,
Plot Title: T04,236,5/7/26 21:45,41.994,
Plot Title: T04,237,5/7/26 22:00,41.625,
Plot Title: T04,238,5/7/26 22:15,41.254,
Plot Title: T04,239,5/7/26 22:30,41.067,
Plot Title: T04,240,5/7/26 22:45,40.696,
Plot Title: T04,241,5/7/26 23:00,40.509,
Plot Title: T04,242,5/7/26 23:15,40.321,
Plot Title: T04,243,5/7/26 23:30,40.134,
Plot Title: T04,244,5/7/26 23:45,39.947,
Plot Title: T04,245,5/8/26 00:00,39.76,
Plot Title: T04,246,5/8/26 00:15,39.573,
Plot Title: T04,247,5/8/26 00:30,39.384,
Plot Title: T04,248,5/8/26 00:45,39.384,
Plot Title: T04,249,5/8/26 01:00,39.196,
Plot Title: T04,250,5/8/26 01:15,39.007,
Plot Title: T04,251,5/8/26 01:30,39.007,
Plot Title: T04,252,5/8/26 01:45,38.818,
Plot Title: T04,253,5/8/26 02:00,38.818,
Plot Title: T04,254,5/8/26 02:15,38.818,
Plot Title: T04,255,5/8/26 02:30,38.629,
Plot Title: T04,256,5/8/26 02:45,38.44,
Plot Title: T04,257,5/8/26 03:00,38.25,
Plot Title: T04,258,5/8/26 03:15,38.25,
Plot Title: T04,259,5/8/26 03:30,38.061,
Plot Title: T04,260,5/8/26 03:45,38.061,
Plot Title: T04,261,5/8/26 04:00,37.87,
Plot Title: T04,262,5/8/26 04:15,37.87,
Plot Title: T04,263,5/8/26 04:30,37.679,
Plot Title: T04,264,5/8/26 04:45,37.488,
Plot Title: T04,265,5/8/26 05:00,37.297,
Plot Title: T04,266,5/8/26 05:15,37.297,
Plot Title: T04,267,5/8/26 05:30,37.107,
Plot Title: T04,268,5/8/26 05:45,37.107,
Plot Title: T04,269,5/8/26 06:00,36.914,
Plot Title: T04,270,5/8/26 06:15,36.723,
Plot Title: T04,271,5/8/26 06:30,36.723,
Plot Title: T04,272,5/8/26 06:45,36.723,
Plot Title: T04,273,5/8/26 07:00,36.723,
Plot Title: T04,274,5/8/26 07:15,36.914,
Plot Title: T04,275,5/8/26 07:30,37.107,
Plot Title: T04,276,5/8/26 07:45,37.488,
Plot Title: T04,277,5/8/26 08:00,37.87,
Plot Title: T04,278,5/8/26 08:15,38.629,
Plot Title: T04,279,5/8/26 08:30,41.254,
Plot Title: T04,280,5/8/26 08:45,44.56,
Plot Title: T04,281,5/8/26 09:00,46.188,
Plot Title: T04,282,5/8/26 09:15,45.466,
Plot Title: T04,283,5/8/26 09:30,44.379,
Plot Title: T04,284,5/8/26 09:45,44.013,
Plot Title: T04,285,5/8/26 10:00,44.013,
Plot Title: T04,286,5/8/26 10:15,44.195,
Plot Title: T04,287,5/8/26 10:30,47.802,
Plot Title: T04,288,5/8/26 10:45,54.147,
Plot Title: T04,289,5/8/26 11:00,53.1,
Plot Title: T04,290,5/8/26 11:15,54.322,
Plot Title: T04,291,5/8/26 11:30,55.537,
Plot Title: T04,292,5/8/26 11:45,54.147,
Plot Title: T04,293,5/8/26 12:00,53.1,
Plot Title: T04,294,5/8/26 12:15,54.669,
Plot Title: T04,295,5/8/26 12:30,60.195,
Plot Title: T04,296,5/8/26 12:45,64.481,
Plot Title: T04,297,5/8/26 13:00,65.851,
Plot Title: T04,298,5/8/26 13:15,66.193,
Plot Title: T04,299,5/8/26 13:30,67.221,
Plot Title: T04,300,5/8/26 13:45,65.167,
Plot Title: T04,301,5/8/26 14:00,61.569,
Plot Title: T04,302,5/8/26 14:15,59.851,
Plot Title: T04,303,5/8/26 14:30,58.82,
Plot Title: T04,304,5/8/26 14:45,57.441,
Plot Title: T04,305,5/8/26 15:00,56.923,
Plot Title: T04,306,5/8/26 15:15,57.096,
Plot Title: T04,307,5/8/26 15:30,56.577,
Plot Title: T04,308,5/8/26 15:45,56.404,
Plot Title: T04,309,5/8/26 16:00,55.711,
Plot Title: T04,310,5/8/26 16:15,54.842,
Plot Title: T04,311,5/8/26 16:30,55.537,
Plot Title: T04,312,5/8/26 16:45,57.441,
Plot Title: T04,313,5/8/26 17:00,56.057,
Plot Title: T04,314,5/8/26 17:15,54.842,
Plot Title: T04,315,5/8/26 17:30,54.322,
Plot Title: T04,316,5/8/26 17:45,53.623,
Plot Title: T04,317,5/8/26 18:00,53.1,
Plot Title: T04,318,5/8/26 18:15,52.401,
Plot Title: T04,319,5/8/26 18:30,51.172,
Plot Title: T04,320,5/8/26 18:45,50.29,
Plot Title: T04,321,5/8/26 19:00,49.582,
Plot Title: T04,322,5/8/26 19:15,49.05,
Plot Title: T04,323,5/8/26 19:30,48.517,
Plot Title: T04,324,5/8/26 19:45,48.16,
Plot Title: T04,325,5/8/26 20:00,47.624,
Plot Title: T04,326,5/8/26 20:15,47.266,
Plot Title: T04,327,5/8/26 20:30,46.908,
Plot Title: T04,328,5/8/26 20:45,46.548,
Plot Title: T04,329,5/8/26 21:00,46.188,
Plot Title: T04,330,5/8/26 21:15,46.008,
Plot Title: T04,331,5/8/26 21:30,45.648,
Plot Title: T04,332,5/8/26 21:45,45.466,
Plot Title: T04,333,5/8/26 22:00,45.286,
Plot Title: T04,334,5/8/26 22:15,45.104,
Plot Title: T04,335,5/8/26 22:30,44.922,
Plot Title: T04,336,5/8/26 22:45,44.742,
Plot Title: T04,337,5/8/26 23:00,44.195,
Plot Title: T04,338,5/8/26 23:15,43.466,
Plot Title: T04,339,5/8/26 23:30,43.099,
Plot Title: T04,340,5/8/26 23:45,42.915,
Plot Title: T04,341,5/9/26 00:00,42.732,
Plot Title: T04,342,5/9/26 00:15,42.732,
Plot Title: T04,343,5/9/26 00:30,42.548,
Plot Title: T04,344,5/9/26 00:45,42.179,
Plot Title: T04,345,5/9/26 01:00,41.994,
Plot Title: T04,346,5/9/26 01:15,41.81,
Plot Title: T04,347,5/9/26 01:30,41.625,
Plot Title: T04,348,5/9/26 01:45,41.439,
Plot Title: T04,349,5/9/26 02:00,41.254,
Plot Title: T04,350,5/9/26 02:15,41.067,
Plot Title: T04,351,5/9/26 02:30,41.067,
Plot Title: T04,352,5/9/26 02:45,40.881,
Plot Title: T04,353,5/9/26 03:00,40.509,
Plot Title: T04,354,5/9/26 03:15,39.947,
Plot Title: T04,355,5/9/26 03:30,39.384,
Plot Title: T04,356,5/9/26 03:45,39.007,
Plot Title: T04,357,5/9/26 04:00,38.818,
Plot Title: T04,358,5/9/26 04:15,38.44,
Plot Title: T04,359,5/9/26 04:30,38.25,
Plot Title: T04,360,5/9/26 04:45,38.061,
Plot Title: T04,361,5/9/26 05:00,38.061,
Plot Title: T04,362,5/9/26 05:15,38.25,
Plot Title: T04,363,5/9/26 05:30,38.25,
Plot Title: T04,364,5/9/26 05:45,38.25,
Plot Title: T04,365,5/9/26 06:00,38.25,
Plot Title: T04,366,5/9/26 06:15,38.25,
Plot Title: T04,367,5/9/26 06:30,38.44,
Plot Title: T04,368,5/9/26 06:45,38.629,
Plot Title: T04,369,5/9/26 07:00,39.007,
Plot Title: T04,370,5/9/26 07:15,39.196,
Plot Title: T04,371,5/9/26 07:30,39.573,
Plot Title: T04,372,5/9/26 07:45,39.947,
Plot Title: T04,373,5/9/26 08:00,39.947,
Plot Title: T04,374,5/9/26 08:15,39.947,
Plot Title: T04,375,5/9/26 08:30,41.81,
Plot Title: T04,376,5/9/26 08:45,45.648,
Plot Title: T04,377,5/9/26 09:00,46.728,
Plot Title: T04,378,5/9/26 09:15,45.828,
Plot Title: T04,379,5/9/26 09:30,44.013,
Plot Title: T04,380,5/9/26 09:45,43.466,
Plot Title: T04,381,5/9/26 10:00,43.099,
Plot Title: T04,382,5/9/26 10:15,43.099,
Plot Title: T04,383,5/9/26 10:30,45.104,
Plot Title: T04,384,5/9/26 10:45,48.871,
Plot Title: T04,385,5/9/26 11:00,54.147,
Plot Title: T04,386,5/9/26 11:15,57.785,
Plot Title: T04,387,5/9/26 11:30,55.884,
Plot Title: T04,388,5/9/26 11:45,52.05,
Plot Title: T04,389,5/9/26 12:00,50.29,
Plot Title: T04,390,5/9/26 12:15,52.401,
Plot Title: T04,391,5/9/26 12:30,60.368,
Plot Title: T04,392,5/9/26 12:45,64.996,
Plot Title: T04,393,5/9/26 13:00,64.139,
Plot Title: T04,394,5/9/26 13:15,62.254,
Plot Title: T04,395,5/9/26 13:30,62.083,
Plot Title: T04,396,5/9/26 13:45,61.227,
Plot Title: T04,397,5/9/26 14:00,57.785,
Plot Title: T04,398,5/9/26 14:15,55.711,
Plot Title: T04,399,5/9/26 14:30,54.147,
Plot Title: T04,400,5/9/26 14:45,54.147,
Plot Title: T04,401,5/9/26 15:00,54.842,
Plot Title: T04,402,5/9/26 15:15,55.017,
Plot Title: T04,403,5/9/26 15:30,56.75,
Plot Title: T04,404,5/9/26 15:45,56.404,
Plot Title: T04,405,5/9/26 16:00,55.711,
Plot Title: T04,406,5/9/26 16:15,58.82,
Plot Title: T04,407,5/9/26 16:30,56.75,
Plot Title: T04,408,5/9/26 16:45,55.711,
Plot Title: T04,409,5/9/26 17:00,52.925,
Plot Title: T04,410,5/9/26 17:15,51.172,
Plot Title: T04,411,5/9/26 17:30,50.466,
Plot Title: T04,412,5/9/26 17:45,49.937,
Plot Title: T04,413,5/9/26 18:00,49.404,
Plot Title: T04,414,5/9/26 18:15,48.517,
Plot Title: T04,415,5/9/26 18:30,47.802,
Plot Title: T04,416,5/9/26 18:45,47.266,
Plot Title: T04,417,5/9/26 19:00,46.728,
Plot Title: T04,418,5/9/26 19:15,46.008,
Plot Title: T04,419,5/9/26 19:30,45.466,
Plot Title: T04,420,5/9/26 19:45,44.922,
Plot Title: T04,421,5/9/26 20:00,44.56,
Plot Title: T04,422,5/9/26 20:15,44.195,
Plot Title: T04,423,5/9/26 20:30,43.648,
Plot Title: T04,424,5/9/26 20:45,43.282,
Plot Title: T04,425,5/9/26 21:00,42.915,
Plot Title: T04,426,5/9/26 21:15,42.732,
Plot Title: T04,427,5/9/26 21:30,42.363,
Plot Title: T04,428,5/9/26 21:45,42.179,
Plot Title: T04,429,5/9/26 22:00,41.81,
Plot Title: T04,430,5/9/26 22:15,41.625,
Plot Title: T04,431,5/9/26 22:30,41.439,
Plot Title: T04,432,5/9/26 22:45,41.254,
Plot Title: T04,433,5/9/26 23:00,41.067,
Plot Title: T04,434,5/9/26 23:15,41.067,
Plot Title: T04,435,5/9/26 23:30,40.881,
Plot Title: T04,436,5/9/26 23:45,40.696,
Plot Title: T04,437,5/10/26 00:00,40.509,
Plot Title: T04,438,5/10/26 00:15,40.509,
Plot Title: T04,439,5/10/26 00:30,40.321,
Plot Title: T04,440,5/10/26 00:45,40.321,
Plot Title: T04,441,5/10/26 01:00,40.134,
Plot Title: T04,442,5/10/26 01:15,40.134,
Plot Title: T04,443,5/10/26 01:30,39.947,
Plot Title: T04,444,5/10/26 01:45,39.76,
Plot Title: T04,445,5/10/26 02:00,39.573,
Plot Title: T04,446,5/10/26 02:15,39.384,
Plot Title: T04,447,5/10/26 02:30,39.196,
Plot Title: T04,448,5/10/26 02:45,39.007,
Plot Title: T04,449,5/10/26 03:00,39.007,
Plot Title: T04,450,5/10/26 03:15,38.818,
Plot Title: T04,451,5/10/26 03:30,38.629,
Plot Title: T04,452,5/10/26 03:45,38.629,
Plot Title: T04,453,5/10/26 04:00,38.44,
Plot Title: T04,454,5/10/26 04:15,38.25,
Plot Title: T04,455,5/10/26 04:30,38.061,
Plot Title: T04,456,5/10/26 04:45,38.061,
Plot Title: T04,457,5/10/26 05:00,37.87,
Plot Title: T04,458,5/10/26 05:15,37.87,
Plot Title: T04,459,5/10/26 05:30,37.679,
Plot Title: T04,460,5/10/26 05:45,37.488,
Plot Title: T04,461,5/10/26 06:00,37.488,
Plot Title: T04,462,5/10/26 06:15,37.297,
Plot Title: T04,463,5/10/26 06:30,37.297,
Plot Title: T04,464,5/10/26 06:45,37.297,
Plot Title: T04,465,5/10/26 07:00,37.297,
Plot Title: T04,466,5/10/26 07:15,37.488,
Plot Title: T04,467,5/10/26 07:30,38.061,
Plot Title: T04,468,5/10/26 07:45,38.629,
Plot Title: T04,469,5/10/26 08:00,38.818,
Plot Title: T04,470,5/10/26 08:15,39.384,
Plot Title: T04,471,5/10/26 08:30,42.915,
Plot Title: T04,472,5/10/26 08:45,45.648,
Plot Title: T04,473,5/10/26 09:00,46.728,
Plot Title: T04,474,5/10/26 09:15,46.008,
Plot Title: T04,475,5/10/26 09:30,44.56,
Plot Title: T04,476,5/10/26 09:45,43.831,
Plot Title: T04,477,5/10/26 10:00,43.466,
Plot Title: T04,478,5/10/26 10:15,43.831,
Plot Title: T04,479,5/10/26 10:30,46.548,
Plot Title: T04,480,5/10/26 10:45,53.973,
Plot Title: T04,481,5/10/26 11:00,58.993,
Plot Title: T04,482,5/10/26 11:15,62.425,
Plot Title: T04,483,5/10/26 11:30,62.254,
Plot Title: T04,484,5/10/26 11:45,57.096,
Plot Title: T04,485,5/10/26 12:00,53.1,
Plot Title: T04,486,5/10/26 12:15,55.364,
Plot Title: T04,487,5/10/26 12:30,63.797,
Plot Title: T04,488,5/10/26 12:45,68.077,
Plot Title: T04,489,5/10/26 13:00,70.824,
Plot Title: T04,490,5/10/26 13:15,73.062,
Plot Title: T04,491,5/10/26 13:30,74.446,
Plot Title: T04,492,5/10/26 13:45,71.683,
Plot Title: T04,493,5/10/26 14:00,63.626,
Plot Title: T04,494,5/10/26 14:15,59.508,
Plot Title: T04,495,5/10/26 14:30,57.268,
Plot Title: T04,496,5/10/26 14:45,55.884,
Plot Title: T04,497,5/10/26 15:00,56.577,
Plot Title: T04,498,5/10/26 15:15,60.883,
Plot Title: T04,499,5/10/26 15:30,66.366,
Plot Title: T04,500,5/10/26 15:45,68.077,
Plot Title: T04,501,5/10/26 16:00,67.392,
Plot Title: T04,502,5/10/26 16:15,63.797,
Plot Title: T04,503,5/10/26 16:30,59.508,
Plot Title: T04,504,5/10/26 16:45,59.851,
Plot Title: T04,505,5/10/26 17:00,57.441,
Plot Title: T04,506,5/10/26 17:15,56.057,
Plot Title: T04,507,5/10/26 17:30,55.364,
Plot Title: T04,508,5/10/26 17:45,54.147,
Plot Title: T04,509,5/10/26 18:00,53.1,
Plot Title: T04,510,5/10/26 18:15,52.401,
Plot Title: T04,511,5/10/26 18:30,51.699,
Plot Title: T04,512,5/10/26 18:45,50.995,
Plot Title: T04,513,5/10/26 19:00,50.466,
Plot Title: T04,514,5/10/26 19:15,49.937,
Plot Title: T04,515,5/10/26 19:30,49.404,
Plot Title: T04,516,5/10/26 19:45,49.05,
Plot Title: T04,517,5/10/26 20:00,48.695,
Plot Title: T04,518,5/10/26 20:15,48.339,
Plot Title: T04,519,5/10/26 20:30,48.16,
Plot Title: T04,520,5/10/26 20:45,47.802,
Plot Title: T04,521,5/10/26 21:00,47.446,
Plot Title: T04,522,5/10/26 21:15,47.088,
Plot Title: T04,523,5/10/26 21:30,46.728,
Plot Title: T04,524,5/10/26 21:45,46.548,
Plot Title: T04,525,5/10/26 22:00,46.369,
Plot Title: T04,526,5/10/26 22:15,46.188,
Plot Title: T04,527,5/10/26 22:30,45.828,
Plot Title: T04,528,5/10/26 22:45,45.648,
Plot Title: T04,529,5/10/26 23:00,45.466,
Plot Title: T04,530,5/10/26 23:15,45.466,
Plot Title: T04,531,5/10/26 23:30,45.648,
Plot Title: T04,532,5/10/26 23:45,45.648,
Plot Title: T04,533,5/11/26 00:00,45.648,
Plot Title: T04,534,5/11/26 00:15,45.466,
Plot Title: T04,535,5/11/26 00:30,45.286,
Plot Title: T04,536,5/11/26 00:45,45.286,
Plot Title: T04,537,5/11/26 01:00,45.104,
Plot Title: T04,538,5/11/26 01:15,44.922,
Plot Title: T04,539,5/11/26 01:30,44.742,
Plot Title: T04,540,5/11/26 01:45,44.742,
Plot Title: T04,541,5/11/26 02:00,44.56,
Plot Title: T04,542,5/11/26 02:15,44.56,
Plot Title: T04,543,5/11/26 02:30,44.379,
Plot Title: T04,544,5/11/26 02:45,44.379,
Plot Title: T04,545,5/11/26 03:00,44.379,
Plot Title: T04,546,5/11/26 03:15,44.379,
Plot Title: T04,547,5/11/26 03:30,44.195,
Plot Title: T04,548,5/11/26 03:45,44.195,
Plot Title: T04,549,5/11/26 04:00,44.013,
Plot Title: T04,550,5/11/26 04:15,44.013,
Plot Title: T04,551,5/11/26 04:30,44.013,
Plot Title: T04,552,5/11/26 04:45,44.013,
Plot Title: T04,553,5/11/26 05:00,44.013,
Plot Title: T04,554,5/11/26 05:15,44.013,
Plot Title: T04,555,5/11/26 05:30,44.013,
Plot Title: T04,556,5/11/26 05:45,44.013,
Plot Title: T04,557,5/11/26 06:00,43.831,
Plot Title: T04,558,5/11/26 06:15,43.831,
Plot Title: T04,559,5/11/26 06:30,43.648,
Plot Title: T04,560,5/11/26 06:45,43.831,
Plot Title: T04,561,5/11/26 07:00,44.013,
Plot Title: T04,562,5/11/26 07:15,44.195,
Plot Title: T04,563,5/11/26 07:30,44.013,
Plot Title: T04,564,5/11/26 07:45,44.56,
Plot Title: T04,565,5/11/26 08:00,44.922,
Plot Title: T04,566,5/11/26 08:15,45.828,
Plot Title: T04,567,5/11/26 08:30,48.871,
Plot Title: T04,568,5/11/26 08:45,50.995,
Plot Title: T04,569,5/11/26 09:00,51.699,
Plot Title: T04,570,5/11/26 09:15,51.172,
Plot Title: T04,571,5/11/26 09:30,49.582,
Plot Title: T04,572,5/11/26 09:45,48.695,
Plot Title: T04,573,5/11/26 10:00,47.982,
Plot Title: T04,574,5/11/26 10:15,47.982,
Plot Title: T04,575,5/11/26 10:30,49.759,
Plot Title: T04,576,5/11/26 10:45,55.537,
Plot Title: T04,577,5/11/26 11:00,61.054,
Plot Title: T04,578,5/11/26 11:15,64.825,
Plot Title: T04,579,5/11/26 11:30,66.537,
Plot Title: T04,580,5/11/26 11:45,61.741,
Plot Title: T04,581,5/11/26 12:00,57.441,
Plot Title: T04,582,5/11/26 12:15,58.131,
Plot Title: T04,583,5/11/26 12:30,66.366,
Plot Title: T04,584,5/11/26 12:45,70.995,
Plot Title: T04,585,5/11/26 13:00,73.926,
Plot Title: T04,586,5/11/26 13:15,76.181,
Plot Title: T04,587,5/11/26 13:30,77.923,
Plot Title: T04,588,5/11/26 13:45,75.139,
Plot Title: T04,589,5/11/26 14:00,67.564,
Plot Title: T04,590,5/11/26 14:15,64.139,
Plot Title: T04,591,5/11/26 14:30,61.912,
Plot Title: T04,592,5/11/26 14:45,60.712,
Plot Title: T04,593,5/11/26 15:00,61.227,
Plot Title: T04,594,5/11/26 15:15,64.481,
Plot Title: T04,595,5/11/26 15:30,69.449,
Plot Title: T04,596,5/11/26 15:45,70.651,
Plot Title: T04,597,5/11/26 16:00,70.651,
Plot Title: T04,598,5/11/26 16:15,67.221,
Plot Title: T04,599,5/11/26 16:30,63.111,
Plot Title: T04,600,5/11/26 16:45,63.282,
Plot Title: T04,601,5/11/26 17:00,60.368,
Plot Title: T04,602,5/11/26 17:15,58.476,
Plot Title: T04,603,5/11/26 17:30,57.614,
Plot Title: T04,604,5/11/26 17:45,56.75,
Plot Title: T04,605,5/11/26 18:00,55.537,
Plot Title: T04,606,5/11/26 18:15,54.669,
Plot Title: T04,607,5/11/26 18:30,53.798,
Plot Title: T04,608,5/11/26 18:45,53.274,
Plot Title: T04,609,5/11/26 19:00,52.75,
Plot Title: T04,610,5/11/26 19:15,52.05,
Plot Title: T04,611,5/11/26 19:30,51.346,
Plot Title: T04,612,5/11/26 19:45,50.819,
Plot Title: T04,613,5/11/26 20:00,50.29,
Plot Title: T04,614,5/11/26 20:15,49.759,
Plot Title: T04,615,5/11/26 20:30,49.228,
Plot Title: T04,616,5/11/26 20:45,48.695,
Plot Title: T04,617,5/11/26 21:00,48.339,
Plot Title: T04,618,5/11/26 21:15,47.802,
Plot Title: T04,619,5/11/26 21:30,47.446,
Plot Title: T04,620,5/11/26 21:45,47.088,
Plot Title: T04,621,5/11/26 22:00,46.728,
Plot Title: T04,622,5/11/26 22:15,46.548,
Plot Title: T04,623,5/11/26 22:30,46.188,
Plot Title: T04,624,5/11/26 22:45,46.008,
Plot Title: T04,625,5/11/26 23:00,45.648,
Plot Title: T04,626,5/11/26 23:15,45.466,
Plot Title: T04,627,5/11/26 23:30,45.286,
Plot Title: T04,628,5/11/26 23:45,44.922,
Plot Title: T04,629,5/12/26 00:00,44.742,
Plot Title: T04,630,5/12/26 00:15,44.56,
Plot Title: T04,631,5/12/26 00:30,44.379,
Plot Title: T04,632,5/12/26 00:45,44.195,
Plot Title: T04,633,5/12/26 01:00,44.013,
Plot Title: T04,634,5/12/26 01:15,43.831,
Plot Title: T04,635,5/12/26 01:30,43.648,
Plot Title: T04,636,5/12/26 01:45,43.466,
Plot Title: T04,637,5/12/26 02:00,43.282,
Plot Title: T04,638,5/12/26 02:15,43.099,
Plot Title: T04,639,5/12/26 02:30,42.915,
Plot Title: T04,640,5/12/26 02:45,42.732,
Plot Title: T04,641,5/12/26 03:00,42.548,
Plot Title: T04,642,5/12/26 03:15,42.548,
Plot Title: T04,643,5/12/26 03:30,42.363,
Plot Title: T04,644,5/12/26 03:45,42.179,
Plot Title: T04,645,5/12/26 04:00,41.994,
Plot Title: T04,646,5/12/26 04:15,41.81,
Plot Title: T04,647,5/12/26 04:30,41.81,
Plot Title: T04,648,5/12/26 04:45,41.625,
Plot Title: T04,649,5/12/26 05:00,41.439,
Plot Title: T04,650,5/12/26 05:15,41.254,
Plot Title: T04,651,5/12/26 05:30,41.254,
Plot Title: T04,652,5/12/26 05:45,41.067,
Plot Title: T04,653,5/12/26 06:00,41.067,
Plot Title: T04,654,5/12/26 06:15,40.881,
Plot Title: T04,655,5/12/26 06:30,40.881,
Plot Title: T04,656,5/12/26 06:45,41.067,
Plot Title: T04,657,5/12/26 07:00,41.067,
Plot Title: T04,658,5/12/26 07:15,41.254,
Plot Title: T04,659,5/12/26 07:30,41.439,
Plot Title: T04,660,5/12/26 07:45,41.625,
Plot Title: T04,661,5/12/26 08:00,41.994,
Plot Title: T04,662,5/12/26 08:15,42.732,
Plot Title: T04,663,5/12/26 08:30,46.728,
Plot Title: T04,664,5/12/26 08:45,50.29,
Plot Title: T04,665,5/12/26 09:00,51.172,
Plot Title: T04,666,5/12/26 09:15,50.113,
Plot Title: T04,667,5/12/26 09:30,48.16,
Plot Title: T04,668,5/12/26 09:45,47.088,
Plot Title: T04,669,5/12/26 10:00,46.728,
Plot Title: T04,670,5/12/26 10:15,46.728,
Plot Title: T04,671,5/12/26 10:30,48.871,
Plot Title: T04,672,5/12/26 10:45,53.798,
Plot Title: T04,673,5/12/26 11:00,58.993,
Plot Title: T04,674,5/12/26 11:15,63.455,
Plot Title: T04,675,5/12/26 11:30,65.851,
Plot Title: T04,676,5/12/26 11:45,61.569,
Plot Title: T04,677,5/12/26 12:00,57.096,
Plot Title: T04,678,5/12/26 12:15,58.303,
Plot Title: T04,679,5/12/26 12:30,65.338,
Plot Title: T04,680,5/12/26 12:45,69.622,
Plot Title: T04,681,5/12/26 13:00,72.372,
Plot Title: T04,682,5/12/26 13:15,74.098,
Plot Title: T04,683,5/12/26 13:30,76.354,
Plot Title: T04,684,5/12/26 13:45,74.098,
Plot Title: T04,685,5/12/26 14:00,67.564,
Plot Title: T04,686,5/12/26 14:15,63.968,
Plot Title: T04,687,5/12/26 14:30,61.398,
Plot Title: T04,688,5/12/26 14:45,60.024,
Plot Title: T04,689,5/12/26 15:00,61.912,
Plot Title: T04,690,5/12/26 15:15,64.139,
Plot Title: T04,691,5/12/26 15:30,68.248,
Plot Title: T04,692,5/12/26 15:45,71.856,
Plot Title: T04,693,5/12/26 16:00,73.753,
Plot Title: T04,694,5/12/26 16:15,71.512,
Plot Title: T04,695,5/12/26 16:30,65.167,
Plot Title: T04,696,5/12/26 16:45,65.167,
Plot Title: T04,697,5/12/26 17:00,61.569,
Plot Title: T04,698,5/12/26 17:15,59.508,
Plot Title: T04,699,5/12/26 17:30,58.82,
Plot Title: T04,700,5/12/26 17:45,57.958,
Plot Title: T04,701,5/12/26 18:00,56.75,
Plot Title: T04,702,5/12/26 18:15,55.884,
Plot Title: T04,703,5/12/26 18:30,55.364,
Plot Title: T04,704,5/12/26 18:45,54.842,
Plot Title: T04,705,5/12/26 19:00,54.322,
Plot Title: T04,706,5/12/26 19:15,53.798,
Plot Title: T04,707,5/12/26 19:30,53.274,
Plot Title: T04,708,5/12/26 19:45,53.1,
Plot Title: T04,709,5/12/26 20:00,52.75,
Plot Title: T04,710,5/12/26 20:15,52.05,
Plot Title: T04,711,5/12/26 20:30,51.346,
Plot Title: T04,712,5/12/26 20:45,50.819,
Plot Title: T04,713,5/12/26 21:00,50.29,
Plot Title: T04,714,5/12/26 21:15,50.113,
Plot Title: T04,715,5/12/26 21:30,49.937,
Plot Title: T04,716,5/12/26 21:45,49.759,
Plot Title: T04,717,5/12/26 22:00,49.404,
Plot Title: T04,718,5/12/26 22:15,49.05,
Plot Title: T04,719,5/12/26 22:30,48.871,
Plot Title: T04,720,5/12/26 22:45,48.517,
Plot Title: T04,721,5/12/26 23:00,48.339,
Plot Title: T04,722,5/12/26 23:15,48.16,
Plot Title: T04,723,5/12/26 23:30,47.982,
Plot Title: T04,724,5/12/26 23:45,47.802,
Plot Title: T04,725,5/13/26 00:00,47.624,
Plot Title: T04,726,5/13/26 00:15,47.446,
Plot Title: T04,727,5/13/26 00:30,47.266,
Plot Title: T04,728,5/13/26 00:45,47.266,
Plot Title: T04,729,5/13/26 01:00,47.088,
Plot Title: T04,730,5/13/26 01:15,46.908,
Plot Title: T04,731,5/13/26 01:30,46.908,
Plot Title: T04,732,5/13/26 01:45,46.728,
Plot Title: T04,733,5/13/26 02:00,46.728,
Plot Title: T04,734,5/13/26 02:15,46.728,
Plot Title: T04,735,5/13/26 02:30,46.728,
Plot Title: T04,736,5/13/26 02:45,46.728,
Plot Title: T04,737,5/13/26 03:00,46.728,
Plot Title: T04,738,5/13/26 03:15,47.088,
Plot Title: T04,739,5/13/26 03:30,47.266,
Plot Title: T04,740,5/13/26 03:45,47.088,
Plot Title: T04,741,5/13/26 04:00,47.088,
Plot Title: T04,742,5/13/26 04:15,46.908,
Plot Title: T04,743,5/13/26 04:30,46.908,
Plot Title: T04,744,5/13/26 04:45,46.908,
Plot Title: T04,745,5/13/26 05:00,46.908,
Plot Title: T04,746,5/13/26 05:15,46.908,
Plot Title: T04,747,5/13/26 05:30,46.908,
Plot Title: T04,748,5/13/26 05:45,46.728,
Plot Title: T04,749,5/13/26 06:00,46.908,
Plot Title: T04,750,5/13/26 06:15,46.908,
Plot Title: T04,751,5/13/26 06:30,46.728,
Plot Title: T04,752,5/13/26 06:45,46.728,
Plot Title: T04,753,5/13/26 07:00,46.908,
Plot Title: T04,754,5/13/26 07:15,47.088,
Plot Title: T04,755,5/13/26 07:30,47.088,
Plot Title: T04,756,5/13/26 07:45,47.266,
Plot Title: T04,757,5/13/26 08:00,47.446,
Plot Title: T04,758,5/13/26 08:15,47.982,
Plot Title: T04,759,5/13/26 08:30,49.05,
Plot Title: T04,760,5/13/26 08:45,50.995,
Plot Title: T04,761,5/13/26 09:00,52.925,
Plot Title: T04,762,5/13/26 09:15,52.05,
Plot Title: T04,763,5/13/26 09:30,51.172,
Plot Title: T04,764,5/13/26 09:45,50.643,
Plot Title: T04,765,5/13/26 10:00,50.819,
Plot Title: T04,766,5/13/26 10:15,51.172,
Plot Title: T04,767,5/13/26 10:30,53.623,
Plot Title: T04,768,5/13/26 10:45,58.476,
Plot Title: T04,769,5/13/26 11:00,63.626,
Plot Title: T04,770,5/13/26 11:15,67.735,
Plot Title: T04,771,5/13/26 11:30,69.964,
Plot Title: T04,772,5/13/26 11:45,66.708,
Plot Title: T04,773,5/13/26 12:00,62.254,
Plot Title: T04,774,5/13/26 12:15,64.139,
Plot Title: T04,775,5/13/26 12:30,69.964,
Plot Title: T04,776,5/13/26 12:45,73.234,
Plot Title: T04,777,5/13/26 13:00,76.006,
Plot Title: T04,778,5/13/26 13:15,77.749,
Plot Title: T04,779,5/13/26 13:30,78.8,
Plot Title: T04,780,5/13/26 13:45,76.181,
Plot Title: T04,781,5/13/26 14:00,69.107,
Plot Title: T04,782,5/13/26 14:15,65.509,
Plot Title: T04,783,5/13/26 14:30,63.626,
Plot Title: T04,784,5/13/26 14:45,62.94,
Plot Title: T04,785,5/13/26 15:00,62.425,
Plot Title: T04,786,5/13/26 15:15,63.797,
Plot Title: T04,787,5/13/26 15:30,63.797,
Plot Title: T04,788,5/13/26 15:45,64.996,
Plot Title: T04,789,5/13/26 16:00,64.996,
Plot Title: T04,790,5/13/26 16:15,63.111,
Plot Title: T04,791,5/13/26 16:30,61.054,
Plot Title: T04,792,5/13/26 16:45,59.851,
Plot Title: T04,793,5/13/26 17:00,58.993,
Plot Title: T04,794,5/13/26 17:15,58.131,
Plot Title: T04,795,5/13/26 17:30,57.958,
Plot Title: T04,796,5/13/26 17:45,57.268,
Plot Title: T04,797,5/13/26 18:00,57.268,
Plot Title: T04,798,5/13/26 18:15,56.577,
Plot Title: T04,799,5/13/26 18:30,56.404,
Plot Title: T04,800,5/13/26 18:45,55.537,
Plot Title: T04,801,5/13/26 19:00,54.495,
Plot Title: T04,802,5/13/26 19:15,53.798,
Plot Title: T04,803,5/13/26 19:30,53.274,
Plot Title: T04,804,5/13/26 19:45,52.75,
Plot Title: T04,805,5/13/26 20:00,52.576,
Plot Title: T04,806,5/13/26 20:15,50.643,
Plot Title: T04,807,5/13/26 20:30,49.404,
Plot Title: T04,808,5/13/26 20:45,49.582,
Plot Title: T04,809,5/13/26 21:00,48.871,
Plot Title: T04,810,5/13/26 21:15,47.802,
Plot Title: T04,811,5/13/26 21:30,47.088,
Plot Title: T04,812,5/13/26 21:45,46.548,
Plot Title: T04,813,5/13/26 22:00,45.828,
Plot Title: T04,814,5/13/26 22:15,45.648,
Plot Title: T04,815,5/13/26 22:30,45.104,
Plot Title: T04,816,5/13/26 22:45,44.742,
Plot Title: T04,817,5/13/26 23:00,44.379,
Plot Title: T04,818,5/13/26 23:15,43.831,
Plot Title: T04,819,5/13/26 23:30,43.282,
Plot Title: T04,820,5/13/26 23:45,42.732,
Plot Title: T04,821,5/14/26 00:00,42.363,
Plot Title: T04,822,5/14/26 00:15,42.179,
Plot Title: T04,823,5/14/26 00:30,41.81,
Plot Title: T04,824,5/14/26 00:45,41.625,
Plot Title: T04,825,5/14/26 01:00,41.254,
Plot Title: T04,826,5/14/26 01:15,41.067,
Plot Title: T04,827,5/14/26 01:30,40.881,
Plot Title: T04,828,5/14/26 01:45,40.696,
Plot Title: T04,829,5/14/26 02:00,40.696,
Plot Title: T04,830,5/14/26 02:15,40.509,
Plot Title: T04,831,5/14/26 02:30,40.321,
Plot Title: T04,832,5/14/26 02:45,40.134,
Plot Title: T04,833,5/14/26 03:00,39.76,
Plot Title: T04,834,5/14/26 03:15,39.573,
Plot Title: T04,835,5/14/26 03:30,39.573,
Plot Title: T04,836,5/14/26 03:45,39.384,
Plot Title: T04,837,5/14/26 04:00,39.196,
Plot Title: T04,838,5/14/26 04:15,39.007,
Plot Title: T04,839,5/14/26 04:30,38.818,
Plot Title: T04,840,5/14/26 04:45,38.818,
Plot Title: T04,841,5/14/26 05:00,38.629,
Plot Title: T04,842,5/14/26 05:15,38.44,
Plot Title: T04,843,5/14/26 05:30,38.629,
Plot Title: T04,844,5/14/26 05:45,38.818,
Plot Title: T04,845,5/14/26 06:00,38.818,
Plot Title: T04,846,5/14/26 06:15,38.818,
Plot Title: T04,847,5/14/26 06:30,38.629,
Plot Title: T04,848,5/14/26 06:45,38.629,
Plot Title: T04,849,5/14/26 07:00,38.44,
Plot Title: T04,850,5/14/26 07:15,38.44,
Plot Title: T04,851,5/14/26 07:30,38.44,
Plot Title: T04,852,5/14/26 07:45,38.44,
Plot Title: T04,853,5/14/26 08:00,38.44,
Plot Title: T04,854,5/14/26 08:15,38.44,
Plot Title: T04,855,5/14/26 08:30,41.254,
Plot Title: T04,856,5/14/26 08:45,46.008,
Plot Title: T04,857,5/14/26 09:00,47.802,
Plot Title: T04,858,5/14/26 09:15,48.695,
Plot Title: T04,859,5/14/26 09:30,46.008,
Plot Title: T04,860,5/14/26 09:45,44.56,
Plot Title: T04,861,5/14/26 10:00,44.379,
Plot Title: T04,862,5/14/26 10:15,44.195,
Plot Title: T04,863,5/14/26 10:30,45.286,
Plot Title: T04,864,5/14/26 10:45,50.113,
Plot Title: T04,865,5/14/26 11:00,54.147,
Plot Title: T04,866,5/14/26 11:15,60.883,
Plot Title: T04,867,5/14/26 11:30,63.626,
Plot Title: T04,868,5/14/26 11:45,59.851,
Plot Title: T04,869,5/14/26 12:00,53.623,
Plot Title: T04,870,5/14/26 12:15,55.017,
Plot Title: T04,871,5/14/26 12:30,64.139,
Plot Title: T04,872,5/14/26 12:45,68.421,
Plot Title: T04,873,5/14/26 13:00,70.651,
Plot Title: T04,874,5/14/26 13:15,72.028,
Plot Title: T04,875,5/14/26 13:30,73.407,
Plot Title: T04,876,5/14/26 13:45,69.964,
Plot Title: T04,877,5/14/26 14:00,61.741,
Plot Title: T04,878,5/14/26 14:15,57.785,
Plot Title: T04,879,5/14/26 14:30,55.711,
Plot Title: T04,880,5/14/26 14:45,54.842,
Plot Title: T04,881,5/14/26 15:00,55.189,
Plot Title: T04,882,5/14/26 15:15,54.842,
Plot Title: T04,883,5/14/26 15:30,54.147,
Plot Title: T04,884,5/14/26 15:45,53.623,
Plot Title: T04,885,5/14/26 16:00,52.925,
Plot Title: T04,886,5/14/26 16:15,52.925,
Plot Title: T04,887,5/14/26 16:30,52.401,
Plot Title: T04,888,5/14/26 16:45,51.523,
Plot Title: T04,889,5/14/26 17:00,51.523,
Plot Title: T04,890,5/14/26 17:15,50.995,
Plot Title: T04,891,5/14/26 17:30,50.466,
Plot Title: T04,892,5/14/26 17:45,50.113,
Plot Title: T04,893,5/14/26 18:00,49.582,
Plot Title: T04,894,5/14/26 18:15,49.05,
Plot Title: T04,895,5/14/26 18:30,48.695,
Plot Title: T04,896,5/14/26 18:45,48.339,
Plot Title: T04,897,5/14/26 19:00,48.16,
Plot Title: T04,898,5/14/26 19:15,47.982,
Plot Title: T04,899,5/14/26 19:30,47.624,
Plot Title: T04,900,5/14/26 19:45,47.266,
Plot Title: T04,901,5/14/26 20:00,46.908,
Plot Title: T04,902,5/14/26 20:15,46.548,
Plot Title: T04,903,5/14/26 20:30,46.188,
Plot Title: T04,904,5/14/26 20:45,45.828,
Plot Title: T04,905,5/14/26 21:00,45.648,
Plot Title: T04,906,5/14/26 21:15,45.466,
Plot Title: T04,907,5/14/26 21:30,45.286,
Plot Title: T04,908,5/14/26 21:45,45.104,
Plot Title: T04,909,5/14/26 22:00,44.922,
Plot Title: T04,910,5/14/26 22:15,44.742,
Plot Title: T04,911,5/14/26 22:30,44.56,
Plot Title: T04,912,5/14/26 22:45,44.379,
Plot Title: T04,913,5/14/26 23:00,44.195,
Plot Title: T04,914,5/14/26 23:15,44.195,
Plot Title: T04,915,5/14/26 23:30,44.013,
Plot Title: T04,916,5/14/26 23:45,43.831,
Plot Title: T04,917,5/15/26 00:00,43.466,
Plot Title: T04,918,5/15/26 00:15,43.099,
Plot Title: T04,919,5/15/26 00:30,42.915,
Plot Title: T04,920,5/15/26 00:45,42.732,
Plot Title: T04,921,5/15/26 01:00,41.994,
Plot Title: T04,922,5/15/26 01:15,41.439,
Plot Title: T04,923,5/15/26 01:30,41.067,
Plot Title: T04,924,5/15/26 01:45,40.881,
Plot Title: T04,925,5/15/26 02:00,40.696,
Plot Title: T04,926,5/15/26 02:15,40.509,
Plot Title: T04,927,5/15/26 02:30,40.134,
Plot Title: T04,928,5/15/26 02:45,39.947,
Plot Title: T04,929,5/15/26 03:00,39.573,
Plot Title: T04,930,5/15/26 03:15,39.384,
Plot Title: T04,931,5/15/26 03:30,39.384,
Plot Title: T04,932,5/15/26 03:45,39.384,
Plot Title: T04,933,5/15/26 04:00,39.196,
Plot Title: T04,934,5/15/26 04:15,39.384,
Plot Title: T04,935,5/15/26 04:30,39.573,
Plot Title: T04,936,5/15/26 04:45,39.573,
Plot Title: T04,937,5/15/26 05:00,39.573,
Plot Title: T04,938,5/15/26 05:15,39.76,
Plot Title: T04,939,5/15/26 05:30,39.76,
Plot Title: T04,940,5/15/26 05:45,39.76,
Plot Title: T04,941,5/15/26 06:00,39.384,
Plot Title: T04,942,5/15/26 06:15,39.384,
Plot Title: T04,943,5/15/26 06:30,39.573,
Plot Title: T04,944,5/15/26 06:45,39.947,
Plot Title: T04,945,5/15/26 07:00,40.321,
Plot Title: T04,946,5/15/26 07:15,40.321,
Plot Title: T04,947,5/15/26 07:30,40.509,
Plot Title: T04,948,5/15/26 07:45,40.321,
Plot Title: T04,949,5/15/26 08:00,40.509,
Plot Title: T04,950,5/15/26 08:15,41.254,
Plot Title: T04,951,5/15/26 08:30,44.56,
Plot Title: T04,952,5/15/26 08:45,48.16,
Plot Title: T04,953,5/15/26 09:00,49.05,
Plot Title: T04,954,5/15/26 09:15,49.228,
Plot Title: T04,955,5/15/26 09:30,47.088,
Plot Title: T04,956,5/15/26 09:45,45.828,
Plot Title: T04,957,5/15/26 10:00,45.466,
Plot Title: T04,958,5/15/26 10:15,46.369,
Plot Title: T04,959,5/15/26 10:30,47.982,
Plot Title: T04,960,5/15/26 10:45,51.699,
Plot Title: T04,961,5/15/26 11:00,52.75,
Plot Title: T04,962,5/15/26 11:15,59.337,
Plot Title: T04,963,5/15/26 11:30,62.254,
Plot Title: T04,964,5/15/26 11:45,58.647,
Plot Title: T04,965,5/15/26 12:00,53.274,
Plot Title: T04,966,5/15/26 12:15,55.017,
Plot Title: T04,967,5/15/26 12:30,63.626,
Plot Title: T04,968,5/15/26 12:45,68.421,
Plot Title: T04,969,5/15/26 13:00,71.856,
Plot Title: T04,970,5/15/26 13:15,73.407,
Plot Title: T04,971,5/15/26 13:30,73.753,
Plot Title: T04,972,5/15/26 13:45,70.651,
Plot Title: T04,973,5/15/26 14:00,63.968,
Plot Title: T04,974,5/15/26 14:15,60.883,
Plot Title: T04,975,5/15/26 14:30,59.68,
Plot Title: T04,976,5/15/26 14:45,58.993,
Plot Title: T04,977,5/15/26 15:00,58.993,
Plot Title: T04,978,5/15/26 15:15,62.94,
Plot Title: T04,979,5/15/26 15:30,66.366,
Plot Title: T04,980,5/15/26 15:45,67.05,
Plot Title: T04,981,5/15/26 16:00,68.248,
Plot Title: T04,982,5/15/26 16:15,66.022,
Plot Title: T04,983,5/15/26 16:30,61.569,
Plot Title: T04,984,5/15/26 16:45,60.368,
Plot Title: T04,985,5/15/26 17:00,58.82,
Plot Title: T04,986,5/15/26 17:15,57.785,
Plot Title: T04,987,5/15/26 17:30,57.268,
Plot Title: T04,988,5/15/26 17:45,55.884,
Plot Title: T04,989,5/15/26 18:00,55.189,
Plot Title: T04,990,5/15/26 18:15,54.147,
Plot Title: T04,991,5/15/26 18:30,53.1,
Plot Title: T04,992,5/15/26 18:45,52.225,
Plot Title: T04,993,5/15/26 19:00,51.874,
Plot Title: T04,994,5/15/26 19:15,51.346,
Plot Title: T04,995,5/15/26 19:30,50.819,
Plot Title: T04,996,5/15/26 19:45,50.29,
Plot Title: T04,997,5/15/26 20:00,49.404,
Plot Title: T04,998,5/15/26 20:15,48.871,
Plot Title: T04,999,5/15/26 20:30,48.339,
Plot Title: T04,1000,5/15/26 20:45,47.802,
Plot Title: T04,1001,5/15/26 21:00,47.446,
Plot Title: T04,1002,5/15/26 21:15,47.088,
Plot Title: T04,1003,5/15/26 21:30,46.728,
Plot Title: T04,1004,5/15/26 21:45,46.548,
Plot Title: T04,1005,5/15/26 22:00,46.188,
Plot Title: T04,1006,5/15/26 22:15,45.828,
Plot Title: T04,1007,5/15/26 22:30,45.648,
Plot Title: T04,1008,5/15/26 22:45,45.286,
Plot Title: T04,1009,5/15/26 23:00,45.104,
Plot Title: T04,1010,5/15/26 23:15,44.742,
Plot Title: T04,1011,5/15/26 23:30,44.56,
Plot Title: T04,1012,5/15/26 23:45,44.195,
Plot Title: T04,1013,5/16/26 00:00,44.013,
Plot Title: T04,1014,5/16/26 00:15,43.831,
Plot Title: T04,1015,5/16/26 00:30,43.466,
Plot Title: T04,1016,5/16/26 00:45,43.282,
Plot Title: T04,1017,5/16/26 01:00,43.099,
Plot Title: T04,1018,5/16/26 01:15,43.099,
Plot Title: T04,1019,5/16/26 01:30,42.915,
Plot Title: T04,1020,5/16/26 01:45,42.915,
Plot Title: T04,1021,5/16/26 02:00,42.732,
Plot Title: T04,1022,5/16/26 02:15,42.548,
Plot Title: T04,1023,5/16/26 02:30,42.363,
Plot Title: T04,1024,5/16/26 02:45,42.363,
Plot Title: T04,1025,5/16/26 03:00,42.363,
Plot Title: T04,1026,5/16/26 03:15,42.179,
Plot Title: T04,1027,5/16/26 03:30,41.994,
Plot Title: T04,1028,5/16/26 03:45,41.81,
Plot Title: T04,1029,5/16/26 04:00,41.625,
Plot Title: T04,1030,5/16/26 04:15,41.625,
Plot Title: T04,1031,5/16/26 04:30,41.625,
Plot Title: T04,1032,5/16/26 04:45,41.625,
Plot Title: T04,1033,5/16/26 05:00,41.439,
Plot Title: T04,1034,5/16/26 05:15,41.439,
Plot Title: T04,1035,5/16/26 05:30,41.439,
Plot Title: T04,1036,5/16/26 05:45,41.439,
Plot Title: T04,1037,5/16/26 06:00,41.439,
Plot Title: T04,1038,5/16/26 06:15,41.439,
Plot Title: T04,1039,5/16/26 06:30,41.439,
Plot Title: T04,1040,5/16/26 06:45,41.625,
Plot Title: T04,1041,5/16/26 07:00,41.625,
Plot Title: T04,1042,5/16/26 07:15,41.81,
Plot Title: T04,1043,5/16/26 07:30,41.994,
Plot Title: T04,1044,5/16/26 07:45,42.179,
Plot Title: T04,1045,5/16/26 08:00,42.548,
Plot Title: T04,1046,5/16/26 08:15,42.732,
Plot Title: T04,1047,5/16/26 08:30,43.831,
Plot Title: T04,1048,5/16/26 08:45,46.548,
Plot Title: T04,1049,5/16/26 09:00,49.404,
Plot Title: T04,1050,5/16/26 09:15,50.995,
Plot Title: T04,1051,5/16/26 09:30,49.582,
Plot Title: T04,1052,5/16/26 09:45,47.982,
Plot Title: T04,1053,5/16/26 10:00,47.982,
Plot Title: T04,1054,5/16/26 10:15,48.695,
Plot Title: T04,1055,5/16/26 10:30,49.228,
Plot Title: T04,1056,5/16/26 10:45,49.759,
Plot Title: T04,1057,5/16/26 11:00,50.643,
Plot Title: T04,1058,5/16/26 11:15,50.995,
Plot Title: T04,1059,5/16/26 11:30,50.643,
Plot Title: T04,1060,5/16/26 11:45,50.819,
Plot Title: T04,1061,5/16/26 12:00,51.172,
Plot Title: T04,1062,5/16/26 12:15,51.346,
Plot Title: T04,1063,5/16/26 12:30,55.189,
Plot Title: T04,1064,5/16/26 12:45,54.147,
Plot Title: T04,1065,5/16/26 13:00,53.623,
Plot Title: T04,1066,5/16/26 13:15,54.322,
Plot Title: T04,1067,5/16/26 13:30,53.449,
Plot Title: T04,1068,5/16/26 13:45,52.925,
Plot Title: T04,1069,5/16/26 14:00,52.75,
Plot Title: T04,1070,5/16/26 14:15,51.172,
Plot Title: T04,1071,5/16/26 14:30,50.113,
Plot Title: T04,1072,5/16/26 14:45,49.05,
Plot Title: T04,1073,5/16/26 15:00,46.369,
Plot Title: T04,1074,5/16/26 15:15,44.922,
Plot Title: T04,1075,5/16/26 15:30,44.013,
Plot Title: T04,1076,5/16/26 15:45,43.648,
Plot Title: T04,1077,5/16/26 16:00,43.099,
Plot Title: T04,1078,5/16/26 16:15,42.915,
Plot Title: T04,1079,5/16/26 16:30,42.732,
Plot Title: T04,1080,5/16/26 16:45,42.363,
Plot Title: T04,1081,5/16/26 17:00,42.179,
Plot Title: T04,1082,5/16/26 17:15,41.994,
Plot Title: T04,1083,5/16/26 17:30,41.81,
Plot Title: T04,1084,5/16/26 17:45,41.625,
Plot Title: T04,1085,5/16/26 18:00,41.439,
Plot Title: T04,1086,5/16/26 18:15,41.254,
Plot Title: T04,1087,5/16/26 18:30,41.067,
Plot Title: T04,1088,5/16/26 18:45,40.881,
Plot Title: T04,1089,5/16/26 19:00,40.696,
Plot Title: T04,1090,5/16/26 19:15,40.509,
Plot Title: T04,1091,5/16/26 19:30,40.509,
Plot Title: T04,1092,5/16/26 19:45,40.321,
Plot Title: T04,1093,5/16/26 20:00,40.134,
Plot Title: T04,1094,5/16/26 20:15,39.947,
Plot Title: T04,1095,5/16/26 20:30,39.76,
Plot Title: T04,1096,5/16/26 20:45,39.573,
Plot Title: T04,1097,5/16/26 21:00,39.384,
Plot Title: T04,1098,5/16/26 21:15,39.384,
Plot Title: T04,1099,5/16/26 21:30,39.196,
Plot Title: T04,1100,5/16/26 21:45,39.196,
Plot Title: T04,1101,5/16/26 22:00,39.007,
Plot Title: T04,1102,5/16/26 22:15,39.007,
Plot Title: T04,1103,5/16/26 22:30,38.818,
Plot Title: T04,1104,5/16/26 22:45,38.818,
Plot Title: T04,1105,5/16/26 23:00,38.629,
Plot Title: T04,1106,5/16/26 23:15,38.629,
Plot Title: T04,1107,5/16/26 23:30,38.629,
Plot Title: T04,1108,5/16/26 23:45,38.44,
Plot Title: T04,1109,5/17/26 00:00,38.44,
Plot Title: T04,1110,5/17/26 00:15,38.44,
Plot Title: T04,1111,5/17/26 00:30,38.25,
Plot Title: T04,1112,5/17/26 00:45,38.25,
Plot Title: T04,1113,5/17/26 01:00,38.25,
Plot Title: T04,1114,5/17/26 01:15,38.25,
Plot Title: T04,1115,5/17/26 01:30,38.061,
Plot Title: T04,1116,5/17/26 01:45,38.061,
Plot Title: T04,1117,5/17/26 02:00,38.061,
Plot Title: T04,1118,5/17/26 02:15,37.87,
Plot Title: T04,1119,5/17/26 02:30,37.87,
Plot Title: T04,1120,5/17/26 02:45,37.87,
Plot Title: T04,1121,5/17/26 03:00,37.87,
Plot Title: T04,1122,5/17/26 03:15,37.679,
Plot Title: T04,1123,5/17/26 03:30,37.679,
Plot Title: T04,1124,5/17/26 03:45,37.679,
Plot Title: T04,1125,5/17/26 04:00,37.679,
Plot Title: T04,1126,5/17/26 04:15,37.679,
Plot Title: T04,1127,5/17/26 04:30,37.679,
Plot Title: T04,1128,5/17/26 04:45,37.488,
Plot Title: T04,1129,5/17/26 05:00,37.488,
Plot Title: T04,1130,5/17/26 05:15,37.488,
Plot Title: T04,1131,5/17/26 05:30,37.488,
Plot Title: T04,1132,5/17/26 05:45,37.488,
Plot Title: T04,1133,5/17/26 06:00,37.488,
Plot Title: T04,1134,5/17/26 06:15,37.297,
Plot Title: T04,1135,5/17/26 06:30,37.297,
Plot Title: T04,1136,5/17/26 06:45,37.297,
Plot Title: T04,1137,5/17/26 07:00,37.297,
Plot Title: T04,1138,5/17/26 07:15,37.297,
Plot Title: T04,1139,5/17/26 07:30,37.297,
Plot Title: T04,1140,5/17/26 07:45,37.297,
Plot Title: T04,1141,5/17/26 08:00,37.297,
Plot Title: T04,1142,5/17/26 08:15,37.107,
Plot Title: T04,1143,5/17/26 08:30,37.107,
Plot Title: T04,1144,5/17/26 08:45,37.107,
Plot Title: T04,1145,5/17/26 09:00,37.107,
Plot Title: T04,1146,5/17/26 09:15,37.107,
Plot Title: T04,1147,5/17/26 09:30,37.107,
Plot Title: T04,1148,5/17/26 09:45,37.107,
Plot Title: T04,1149,5/17/26 10:00,37.107,
Plot Title: T04,1150,5/17/26 10:15,36.914,
Plot Title: T04,1151,5/17/26 10:30,36.914,
Plot Title: T04,1152,5/17/26 10:45,36.914,
Plot Title: T04,1153,5/17/26 11:00,36.914,
Plot Title: T04,1154,5/17/26 11:15,36.723,
Plot Title: T04,1155,5/17/26 11:30,36.723,
Plot Title: T04,1156,5/17/26 11:45,36.723,
Plot Title: T04,1157,5/17/26 12:00,36.723,
Plot Title: T04,1158,5/17/26 12:15,36.723,
Plot Title: T04,1159,5/17/26 12:30,36.723,
Plot Title: T04,1160,5/17/26 12:45,36.723,
Plot Title: T04,1161,5/17/26 13:00,36.723,
Plot Title: T04,1162,5/17/26 13:15,36.723,
Plot Title: T04,1163,5/17/26 13:30,36.531,
Plot Title: T04,1164,5/17/26 13:45,36.531,
Plot Title: T04,1165,5/17/26 14:00,36.531,
Plot Title: T04,1166,5/17/26 14:15,36.531,
Plot Title: T04,1167,5/17/26 14:30,36.531,
Plot Title: T04,1168,5/17/26 14:45,36.531,
Plot Title: T04,1169,5/17/26 15:00,36.338,
Plot Title: T04,1170,5/17/26 15:15,36.338,
Plot Title: T04,1171,5/17/26 15:30,36.338,
Plot Title: T04,1172,5/17/26 15:45,36.338,
Plot Title: T04,1173,5/17/26 16:00,36.338,
Plot Title: T04,1174,5/17/26 16:15,36.338,
Plot Title: T04,1175,5/17/26 16:30,36.338,
Plot Title: T04,1176,5/17/26 16:45,36.338,
Plot Title: T04,1177,5/17/26 17:00,36.338,
Plot Title: T04,1178,5/17/26 17:15,36.338,
Plot Title: T04,1179,5/17/26 17:30,36.338,
Plot Title: T04,1180,5/17/26 17:45,36.338,
Plot Title: T04,1181,5/17/26 18:00,36.338,
Plot Title: T04,1182,5/17/26 18:15,36.338,
Plot Title: T04,1183,5/17/26 18:30,36.338,
Plot Title: T04,1184,5/17/26 18:45,36.338,
Plot Title: T04,1185,5/17/26 19:00,36.338,
Plot Title: T04,1186,5/17/26 19:15,36.338,
Plot Title: T04,1187,5/17/26 19:30,36.338,
Plot Title: T04,1188,5/17/26 19:45,36.338,
Plot Title: T04,1189,5/17/26 20:00,36.338,
Plot Title: T04,1190,5/17/26 20:15,36.338,
Plot Title: T04,1191,5/17/26 20:30,36.145,
Plot Title: T04,1192,5/17/26 20:45,36.145,
Plot Title: T04,1193,5/17/26 21:00,36.145,
Plot Title: T04,1194,5/17/26 21:15,36.145,
Plot Title: T04,1195,5/17/26 21:30,36.145,
Plot Title: T04,1196,5/17/26 21:45,36.145,
Plot Title: T04,1197,5/17/26 22:00,36.145,
Plot Title: T04,1198,5/17/26 22:15,36.145,
Plot Title: T04,1199,5/17/26 22:30,36.145,
Plot Title: T04,1200,5/17/26 22:45,36.145,
Plot Title: T04,1201,5/17/26 23:00,36.145,
Plot Title: T04,1202,5/17/26 23:15,36.145,
Plot Title: T04,1203,5/17/26 23:30,36.145,
Plot Title: T04,1204,5/17/26 23:45,36.145,
Plot Title: T04,1205,5/18/26 00:00,36.145,
Plot Title: T04,1206,5/18/26 00:15,36.145,
Plot Title: T04,1207,5/18/26 00:30,36.145,
Plot Title: T04,1208,5/18/26 00:45,36.145,
Plot Title: T04,1209,5/18/26 01:00,36.145,
Plot Title: T04,1210,5/18/26 01:15,36.145,
Plot Title: T04,1211,5/18/26 01:30,36.145,
Plot Title: T04,1212,5/18/26 01:45,36.145,
Plot Title: T04,1213,5/18/26 02:00,36.145,
Plot Title: T04,1214,5/18/26 02:15,36.145,
Plot Title: T04,1215,5/18/26 02:30,36.145,
Plot Title: T04,1216,5/18/26 02:45,36.145,
Plot Title: T04,1217,5/18/26 03:00,36.145,
Plot Title: T04,1218,5/18/26 03:15,36.145,
Plot Title: T04,1219,5/18/26 03:30,36.145,
Plot Title: T04,1220,5/18/26 03:45,36.145,
Plot Title: T04,1221,5/18/26 04:00,36.145,
Plot Title: T04,1222,5/18/26 04:15,36.145,
Plot Title: T04,1223,5/18/26 04:30,36.145,
Plot Title: T04,1224,5/18/26 04:45,36.145,
Plot Title: T04,1225,5/18/26 05:00,36.145,
Plot Title: T04,1226,5/18/26 05:15,36.145,
Plot Title: T04,1227,5/18/26 05:30,36.145,
Plot Title: T04,1228,5/18/26 05:45,36.145,
Plot Title: T04,1229,5/18/26 06:00,36.145,
Plot Title: T04,1230,5/18/26 06:15,36.145,
Plot Title: T04,1231,5/18/26 06:30,36.145,
Plot Title: T04,1232,5/18/26 06:45,36.145,
Plot Title: T04,1233,5/18/26 07:00,36.145,
Plot Title: T04,1234,5/18/26 07:15,36.145,
Plot Title: T04,1235,5/18/26 07:30,36.145,
Plot Title: T04,1236,5/18/26 07:45,36.145,
Plot Title: T04,1237,5/18/26 08:00,36.145,
Plot Title: T04,1238,5/18/26 08:15,36.145,
Plot Title: T04,1239,5/18/26 08:30,36.145,
Plot Title: T04,1240,5/18/26 08:45,36.145,
Plot Title: T04,1241,5/18/26 09:00,36.145,
Plot Title: T04,1242,5/18/26 09:15,36.145,
Plot Title: T04,1243,5/18/26 09:30,36.145,
Plot Title: T04,1244,5/18/26 09:45,36.145,
Plot Title: T04,1245,5/18/26 10:00,36.145,
Plot Title: T04,1246,5/18/26 10:15,36.145,
Plot Title: T04,1247,5/18/26 10:30,36.145,
Plot Title: T04,1248,5/18/26 10:45,36.145,
Plot Title: T04,1249,5/18/26 11:00,36.145,
Plot Title: T04,1250,5/18/26 11:15,36.145,
Plot Title: T04,1251,5/18/26 11:30,36.145,
Plot Title: T04,1252,5/18/26 11:45,36.145,
Plot Title: T04,1253,5/18/26 12:00,36.145,
Plot Title: T04,1254,5/18/26 12:15,36.145,
Plot Title: T04,1255,5/18/26 12:30,36.145,
Plot Title: T04,1256,5/18/26 12:45,36.145,
Plot Title: T04,1257,5/18/26 13:00,36.145,
Plot Title: T04,1258,5/18/26 13:15,36.145,
Plot Title: T04,1259,5/18/26 13:30,36.145,
Plot Title: T04,1260,5/18/26 13:45,36.145,
Plot Title: T04,1261,5/18/26 14:00,36.145,
Plot Title: T04,1262,5/18/26 14:15,36.145,
Plot Title: T04,1263,5/18/26 14:30,35.951,
Plot Title: T04,1264,5/18/26 14:45,35.951,
Plot Title: T04,1265,5/18/26 15:00,35.951,
Plot Title: T04,1266,5/18/26 15:15,35.951,
Plot Title: T04,1267,5/18/26 15:30,35.951,
Plot Title: T04,1268,5/18/26 15:45,35.758,
Plot Title: T04,1269,5/18/26 16:00,35.758,
Plot Title: T04,1270,5/18/26 16:15,35.758,
Plot Title: T04,1271,5/18/26 16:30,35.758,
Plot Title: T04,1272,5/18/26 16:45,35.758,
Plot Title: T04,1273,5/18/26 17:00,35.758,
Plot Title: T04,1274,5/18/26 17:15,35.758,
Plot Title: T04,1275,5/18/26 17:30,35.564,
Plot Title: T04,1276,5/18/26 17:45,35.564,
Plot Title: T04,1277,5/18/26 18:00,35.564,
Plot Title: T04,1278,5/18/26 18:15,35.564,
Plot Title: T04,1279,5/18/26 18:30,35.564,
Plot Title: T04,1280,5/18/26 18:45,35.564,
Plot Title: T04,1281,5/18/26 19:00,35.564,
Plot Title: T04,1282,5/18/26 19:15,35.564,
Plot Title: T04,1283,5/18/26 19:30,35.564,
Plot Title: T04,1284,5/18/26 19:45,35.564,
Plot Title: T04,1285,5/18/26 20:00,35.564,
Plot Title: T04,1286,5/18/26 20:15,35.564,
Plot Title: T04,1287,5/18/26 20:30,35.758,
Plot Title: T04,1288,5/18/26 20:45,35.564,
Plot Title: T04,1289,5/18/26 21:00,35.758,
Plot Title: T04,1290,5/18/26 21:15,35.758,
Plot Title: T04,1291,5/18/26 21:30,35.758,
Plot Title: T04,1292,5/18/26 21:45,35.758,
Plot Title: T04,1293,5/18/26 22:00,35.758,
Plot Title: T04,1294,5/18/26 22:15,35.758,
Plot Title: T04,1295,5/18/26 22:30,35.758,
Plot Title: T04,1296,5/18/26 22:45,35.758,
Plot Title: T04,1297,5/18/26 23:00,35.758,
Plot Title: T04,1298,5/18/26 23:15,35.758,
Plot Title: T04,1299,5/18/26 23:30,35.758,
Plot Title: T04,1300,5/18/26 23:45,35.758,
Plot Title: T04,1301,5/19/26 00:00,35.758,
Plot Title: T04,1302,5/19/26 00:15,35.758,
Plot Title: T04,1303,5/19/26 00:30,35.758,
Plot Title: T04,1304,5/19/26 00:45,35.758,
Plot Title: T04,1305,5/19/26 01:00,35.564,
Plot Title: T04,1306,5/19/26 01:15,35.758,
Plot Title: T04,1307,5/19/26 01:30,35.564,
Plot Title: T04,1308,5/19/26 01:45,35.564,
Plot Title: T04,1309,5/19/26 02:00,35.564,
Plot Title: T04,1310,5/19/26 02:15,35.564,
Plot Title: T04,1311,5/19/26 02:30,35.564,
Plot Title: T04,1312,5/19/26 02:45,35.564,
Plot Title: T04,1313,5/19/26 03:00,35.564,
Plot Title: T04,1314,5/19/26 03:15,35.564,
Plot Title: T04,1315,5/19/26 03:30,35.564,
Plot Title: T04,1316,5/19/26 03:45,35.564,
Plot Title: T04,1317,5/19/26 04:00,35.564,
Plot Title: T04,1318,5/19/26 04:15,35.564,
Plot Title: T04,1319,5/19/26 04:30,35.564,
Plot Title: T04,1320,5/19/26 04:45,35.37,
Plot Title: T04,1321,5/19/26 05:00,35.37,
Plot Title: T04,1322,5/19/26 05:15,35.37,
Plot Title: T04,1323,5/19/26 05:30,35.37,
Plot Title: T04,1324,5/19/26 05:45,35.37,
Plot Title: T04,1325,5/19/26 06:00,35.175,
Plot Title: T04,1326,5/19/26 06:15,35.175,
Plot Title: T04,1327,5/19/26 06:30,35.175,
Plot Title: T04,1328,5/19/26 06:45,35.175,
Plot Title: T04,1329,5/19/26 07:00,35.175,
Plot Title: T04,1330,5/19/26 07:15,35.175,
Plot Title: T04,1331,5/19/26 07:30,34.981,
Plot Title: T04,1332,5/19/26 07:45,34.981,
Plot Title: T04,1333,5/19/26 08:00,34.981,
Plot Title: T04,1334,5/19/26 08:15,34.981,
Plot Title: T04,1335,5/19/26 08:30,35.175,
Plot Title: T04,1336,5/19/26 08:45,35.175,
Plot Title: T04,1337,5/19/26 09:00,35.175,
Plot Title: T04,1338,5/19/26 09:15,35.175,
Plot Title: T04,1339,5/19/26 09:30,35.37,
Plot Title: T04,1340,5/19/26 09:45,35.37,
Plot Title: T04,1341,5/19/26 10:00,35.37,
Plot Title: T04,1342,5/19/26 10:15,35.37,
Plot Title: T04,1343,5/19/26 10:30,35.37,
Plot Title: T04,1344,5/19/26 10:45,35.37,
Plot Title: T04,1345,5/19/26 11:00,35.564,
Plot Title: T04,1346,5/19/26 11:15,35.758,
Plot Title: T04,1347,5/19/26 11:30,35.951,
Plot Title: T04,1348,5/19/26 11:45,35.951,
Plot Title: T04,1349,5/19/26 12:00,35.758,
Plot Title: T04,1350,5/19/26 12:15,35.564,
Plot Title: T04,1351,5/19/26 12:30,35.564,
Plot Title: T04,1352,5/19/26 12:45,35.564,
Plot Title: T04,1353,5/19/26 13:00,35.564,
Plot Title: T04,1354,5/19/26 13:15,35.37,
Plot Title: T04,1355,5/19/26 13:30,35.175,
Plot Title: T04,1356,5/19/26 13:45,34.981,
Plot Title: T04,1357,5/19/26 14:00,34.786,
Plot Title: T04,1358,5/19/26 14:15,34.786,
Plot Title: T04,1359,5/19/26 14:30,34.786,
Plot Title: T04,1360,5/19/26 14:45,34.786,
Plot Title: T04,1361,5/19/26 15:00,34.786,
Plot Title: T04,1362,5/19/26 15:15,34.786,
Plot Title: T04,1363,5/19/26 15:30,34.786,
Plot Title: T04,1364,5/19/26 15:45,34.786,
Plot Title: T04,1365,5/19/26 16:00,34.786,
Plot Title: T04,1366,5/19/26 16:15,34.786,
Plot Title: T04,1367,5/19/26 16:30,34.786,
Plot Title: T04,1368,5/19/26 16:45,34.786,
Plot Title: T04,1369,5/19/26 17:00,34.786,
Plot Title: T04,1370,5/19/26 17:15,34.786,
Plot Title: T04,1371,5/19/26 17:30,34.786,
Plot Title: T04,1372,5/19/26 17:45,34.786,
Plot Title: T04,1373,5/19/26 18:00,34.786,
Plot Title: T04,1374,5/19/26 18:15,34.786,
Plot Title: T04,1375,5/19/26 18:30,34.786,
Plot Title: T04,1376,5/19/26 18:45,34.786,
Plot Title: T04,1377,5/19/26 19:00,34.981,
Plot Title: T04,1378,5/19/26 19:15,34.981,
Plot Title: T04,1379,5/19/26 19:30,34.981,
Plot Title: T04,1380,5/19/26 19:45,34.786,
Plot Title: T04,1381,5/19/26 20:00,34.786,
Plot Title: T04,1382,5/19/26 20:15,34.981,
Plot Title: T04,1383,5/19/26 20:30,34.981,
Plot Title: T04,1384,5/19/26 20:45,34.981,
Plot Title: T04,1385,5/19/26 21:00,34.981,
Plot Title: T04,1386,5/19/26 21:15,34.786,
Plot Title: T04,1387,5/19/26 21:30,34.786,
Plot Title: T04,1388,5/19/26 21:45,34.786,
Plot Title: T04,1389,5/19/26 22:00,34.786,
Plot Title: T04,1390,5/19/26 22:15,34.786,
Plot Title: T04,1391,5/19/26 22:30,34.786,
Plot Title: T04,1392,5/19/26 22:45,34.786,
Plot Title: T04,1393,5/19/26 23:00,34.786,
Plot Title: T04,1394,5/19/26 23:15,34.786,
Plot Title: T04,1395,5/19/26 23:30,34.786,
Plot Title: T04,1396,5/19/26 23:45,34.786,
Plot Title: T04,1397,5/20/26 00:00,34.786,
Plot Title: T04,1398,5/20/26 00:15,34.786,
Plot Title: T04,1399,5/20/26 00:30,34.786,
Plot Title: T04,1400,5/20/26 00:45,34.786,
Plot Title: T04,1401,5/20/26 01:00,34.786,
Plot Title: T04,1402,5/20/26 01:15,34.786,
Plot Title: T04,1403,5/20/26 01:30,34.786,
Plot Title: T04,1404,5/20/26 01:45,34.786,
Plot Title: T04,1405,5/20/26 02:00,34.981,
Plot Title: T04,1406,5/20/26 02:15,34.786,
Plot Title: T04,1407,5/20/26 02:30,34.981,
Plot Title: T04,1408,5/20/26 02:45,34.981,
Plot Title: T04,1409,5/20/26 03:00,34.786,
Plot Title: T04,1410,5/20/26 03:15,34.786,
Plot Title: T04,1411,5/20/26 03:30,34.786,
Plot Title: T04,1412,5/20/26 03:45,34.786,
Plot Title: T04,1413,5/20/26 04:00,34.786,
Plot Title: T04,1414,5/20/26 04:15,34.59,
Plot Title: T04,1415,5/20/26 04:30,34.59,
Plot Title: T04,1416,5/20/26 04:45,34.59,
Plot Title: T04,1417,5/20/26 05:00,34.59,
Plot Title: T04,1418,5/20/26 05:15,34.59,
Plot Title: T04,1419,5/20/26 05:30,34.59,
Plot Title: T04,1420,5/20/26 05:45,34.59,
Plot Title: T04,1421,5/20/26 06:00,34.59,
Plot Title: T04,1422,5/20/26 06:15,34.59,
Plot Title: T04,1423,5/20/26 06:30,34.394,
Plot Title: T04,1424,5/20/26 06:45,34.394,
Plot Title: T04,1425,5/20/26 07:00,34.394,
Plot Title: T04,1426,5/20/26 07:15,34.394,
Plot Title: T04,1427,5/20/26 07:30,34.394,
Plot Title: T04,1428,5/20/26 07:45,34.394,
Plot Title: T04,1429,5/20/26 08:00,34.394,
Plot Title: T04,1430,5/20/26 08:15,34.394,
Plot Title: T04,1431,5/20/26 08:30,34.394,
Plot Title: T04,1432,5/20/26 08:45,34.59,
Plot Title: T04,1433,5/20/26 09:00,34.981,
Plot Title: T04,1434,5/20/26 09:15,34.981,
Plot Title: T04,1435,5/20/26 09:30,35.175,
Plot Title: T04,1436,5/20/26 09:45,35.175,
Plot Title: T04,1437,5/20/26 10:00,35.175,
Plot Title: T04,1438,5/20/26 10:15,34.981,
Plot Title: T04,1439,5/20/26 10:30,34.981,
Plot Title: T04,1440,5/20/26 10:45,34.981,
Plot Title: T04,1441,5/20/26 11:00,34.981,
Plot Title: T04,1442,5/20/26 11:15,35.175,
Plot Title: T04,1443,5/20/26 11:30,34.786,
Plot Title: T04,1444,5/20/26 11:45,34.786,
Plot Title: T04,1445,5/20/26 12:00,34.981,
Plot Title: T04,1446,5/20/26 12:15,35.175,
Plot Title: T04,1447,5/20/26 12:30,35.37,
Plot Title: T04,1448,5/20/26 12:45,35.951,
Plot Title: T04,1449,5/20/26 13:00,36.145,
Plot Title: T04,1450,5/20/26 13:15,36.145,
Plot Title: T04,1451,5/20/26 13:30,37.679,
Plot Title: T04,1452,5/20/26 13:45,41.254,
Plot Title: T04,1453,5/20/26 14:00,41.994,
Plot Title: T04,1454,5/20/26 14:15,44.013,
Plot Title: T04,1455,5/20/26 14:30,44.195,
Plot Title: T04,1456,5/20/26 14:45,45.286,
Plot Title: T04,1457,5/20/26 15:00,44.013,
Plot Title: T04,1458,5/20/26 15:15,48.695,
Plot Title: T04,1459,5/20/26 15:30,52.225,
Plot Title: T04,1460,5/20/26 15:45,51.346,
Plot Title: T04,1461,5/20/26 16:00,49.404,
Plot Title: T04,1462,5/20/26 16:15,48.695,
Plot Title: T04,1463,5/20/26 16:30,48.517,
Plot Title: T04,1464,5/20/26 16:45,48.339,
Plot Title: T04,1465,5/20/26 17:00,47.446,
Plot Title: T04,1466,5/20/26 17:15,46.548,
Plot Title: T04,1467,5/20/26 17:30,46.369,
Plot Title: T04,1468,5/20/26 17:45,45.104,
Plot Title: T04,1469,5/20/26 18:00,44.379,
Plot Title: T04,1470,5/20/26 18:15,44.742,
Plot Title: T04,1471,5/20/26 18:30,44.922,
Plot Title: T04,1472,5/20/26 18:45,44.922,
Plot Title: T04,1473,5/20/26 19:00,44.379,
Plot Title: T04,1474,5/20/26 19:15,43.648,
Plot Title: T04,1475,5/20/26 19:30,42.732,
Plot Title: T04,1476,5/20/26 19:45,41.254,
Plot Title: T04,1477,5/20/26 20:00,39.947,
Plot Title: T04,1478,5/20/26 20:15,39.196,
Plot Title: T04,1479,5/20/26 20:30,39.007,
Plot Title: T04,1480,5/20/26 20:45,38.629,
Plot Title: T04,1481,5/20/26 21:00,37.87,
Plot Title: T04,1482,5/20/26 21:15,37.488,
Plot Title: T04,1483,5/20/26 21:30,37.297,
Plot Title: T04,1484,5/20/26 21:45,37.107,
Plot Title: T04,1485,5/20/26 22:00,37.107,
Plot Title: T04,1486,5/20/26 22:15,36.914,
Plot Title: T04,1487,5/20/26 22:30,36.914,
Plot Title: T04,1488,5/20/26 22:45,36.723,
Plot Title: T04,1489,5/20/26 23:00,36.723,
Plot Title: T04,1490,5/20/26 23:15,36.723,
Plot Title: T04,1491,5/20/26 23:30,36.531,
Plot Title: T04,1492,5/20/26 23:45,36.531,
Plot Title: T04,1493,5/21/26 00:00,36.338,
Plot Title: T04,1494,5/21/26 00:15,36.338,
Plot Title: T04,1495,5/21/26 00:30,36.338,
Plot Title: T04,1496,5/21/26 00:45,36.338,
Plot Title: T04,1497,5/21/26 01:00,36.145,
Plot Title: T04,1498,5/21/26 01:15,36.145,
Plot Title: T04,1499,5/21/26 01:30,36.145,
Plot Title: T04,1500,5/21/26 01:45,36.145,
Plot Title: T04,1501,5/21/26 02:00,36.145,
Plot Title: T04,1502,5/21/26 02:15,35.951,
Plot Title: T04,1503,5/21/26 02:30,35.951,
Plot Title: T04,1504,5/21/26 02:45,35.951,
Plot Title: T04,1505,5/21/26 03:00,35.951,
Plot Title: T04,1506,5/21/26 03:15,35.951,
Plot Title: T04,1507,5/21/26 03:30,35.951,
Plot Title: T04,1508,5/21/26 03:45,35.951,
Plot Title: T04,1509,5/21/26 04:00,35.758,
Plot Title: T04,1510,5/21/26 04:15,35.758,
Plot Title: T04,1511,5/21/26 04:30,35.758,
Plot Title: T04,1512,5/21/26 04:45,35.758,
Plot Title: T04,1513,5/21/26 05:00,35.758,
Plot Title: T04,1514,5/21/26 05:15,35.758,
Plot Title: T04,1515,5/21/26 05:30,35.758,
Plot Title: T04,1516,5/21/26 05:45,35.564,
Plot Title: T04,1517,5/21/26 06:00,35.758,
Plot Title: T04,1518,5/21/26 06:15,35.564,
Plot Title: T04,1519,5/21/26 06:30,35.564,
Plot Title: T04,1520,5/21/26 06:45,35.564,
Plot Title: T04,1521,5/21/26 07:00,35.564,
Plot Title: T04,1522,5/21/26 07:15,35.564,
Plot Title: T04,1523,5/21/26 07:30,35.564,
Plot Title: T04,1524,5/21/26 07:45,35.564,
Plot Title: T04,1525,5/21/26 08:00,35.564,
Plot Title: T04,1526,5/21/26 08:15,35.564,
Plot Title: T04,1527,5/21/26 08:30,35.564,
Plot Title: T04,1528,5/21/26 08:45,35.564,
Plot Title: T04,1529,5/21/26 09:00,35.37,
Plot Title: T04,1530,5/21/26 09:15,35.37,
Plot Title: T04,1531,5/21/26 09:30,35.37,
Plot Title: T04,1532,5/21/26 09:45,35.37,
Plot Title: T04,1533,5/21/26 10:00,35.37,
Plot Title: T04,1534,5/21/26 10:15,35.37,
Plot Title: T04,1535,5/21/26 10:30,35.37,
Plot Title: T04,1536,5/21/26 10:45,35.37,
Plot Title: T04,1537,5/21/26 11:00,35.37,
Plot Title: T04,1538,5/21/26 11:15,35.37,
Plot Title: T04,1539,5/21/26 11:30,35.37,
Plot Title: T04,1540,5/21/26 11:45,35.175,
Plot Title: T04,1541,5/21/26 12:00,35.175,
Plot Title: T04,1542,5/21/26 12:15,35.175,
Plot Title: T04,1543,5/21/26 12:30,35.175,
Plot Title: T04,1544,5/21/26 12:45,35.175,
Plot Title: T04,1545,5/21/26 13:00,35.175,
Plot Title: T04,1546,5/21/26 13:15,35.175,
Plot Title: T04,1547,5/21/26 13:30,35.175,
Plot Title: T04,1548,5/21/26 13:45,35.175,
Plot Title: T04,1549,5/21/26 14:00,35.175,
Plot Title: T04,1550,5/21/26 14:15,35.175,
Plot Title: T04,1551,5/21/26 14:30,35.175,
Plot Title: T04,1552,5/21/26 14:45,35.175,
Plot Title: T04,1553,5/21/26 15:00,34.981,
Plot Title: T04,1554,5/21/26 15:15,34.981,
Plot Title: T04,1555,5/21/26 15:30,35.175,
Plot Title: T04,1556,5/21/26 15:45,34.981,
Plot Title: T04,1557,5/21/26 16:00,34.981,
Plot Title: T04,1558,5/21/26 16:15,34.981,
Plot Title: T04,1559,5/21/26 16:30,34.981,
Plot Title: T04,1560,5/21/26 16:45,34.981,
Plot Title: T04,1561,5/21/26 17:00,34.981,
Plot Title: T04,1562,5/21/26 17:15,34.981,
Plot Title: T04,1563,5/21/26 17:30,34.981,
Plot Title: T04,1564,5/21/26 17:45,34.981,
Plot Title: T04,1565,5/21/26 18:00,34.981,
Plot Title: T04,1566,5/21/26 18:15,34.981,
Plot Title: T04,1567,5/21/26 18:30,34.981,
Plot Title: T04,1568,5/21/26 18:45,34.981,
Plot Title: T04,1569,5/21/26 19:00,34.786,
Plot Title: T04,1570,5/21/26 19:15,34.786,
Plot Title: T04,1571,5/21/26 19:30,34.786,
Plot Title: T04,1572,5/21/26 19:45,34.786,
Plot Title: T04,1573,5/21/26 20:00,34.786,
Plot Title: T04,1574,5/21/26 20:15,34.786,
Plot Title: T04,1575,5/21/26 20:30,34.786,
Plot Title: T04,1576,5/21/26 20:45,34.786,
Plot Title: T04,1577,5/21/26 21:00,34.786,
Plot Title: T04,1578,5/21/26 21:15,34.786,
Plot Title: T04,1579,5/21/26 21:30,34.786,
Plot Title: T04,1580,5/21/26 21:45,34.786,
Plot Title: T04,1581,5/21/26 22:00,34.786,
Plot Title: T04,1582,5/21/26 22:15,34.786,
Plot Title: T04,1583,5/21/26 22:30,34.786,
Plot Title: T04,1584,5/21/26 22:45,34.786,
Plot Title: T04,1585,5/21/26 23:00,34.786,
Plot Title: T04,1586,5/21/26 23:15,34.786,
Plot Title: T04,1587,5/21/26 23:30,34.786,
Plot Title: T04,1588,5/21/26 23:45,34.786,
Plot Title: T04,1589,5/22/26 00:00,34.786,
Plot Title: T04,1590,5/22/26 00:15,34.786,
Plot Title: T04,1591,5/22/26 00:30,34.786,
Plot Title: T04,1592,5/22/26 00:45,34.786,
Plot Title: T04,1593,5/22/26 01:00,34.786,
Plot Title: T04,1594,5/22/26 01:15,34.786,
Plot Title: T04,1595,5/22/26 01:30,34.786,
Plot Title: T04,1596,5/22/26 01:45,34.786,
Plot Title: T04,1597,5/22/26 02:00,34.786,
Plot Title: T04,1598,5/22/26 02:15,34.786,
Plot Title: T04,1599,5/22/26 02:30,34.786,
Plot Title: T04,1600,5/22/26 02:45,34.786,
Plot Title: T04,1601,5/22/26 03:00,34.786,
Plot Title: T04,1602,5/22/26 03:15,34.786,
Plot Title: T04,1603,5/22/26 03:30,34.786,
Plot Title: T04,1604,5/22/26 03:45,34.786,
Plot Title: T04,1605,5/22/26 04:00,34.786,
Plot Title: T04,1606,5/22/26 04:15,34.786,
Plot Title: T04,1607,5/22/26 04:30,34.786,
Plot Title: T04,1608,5/22/26 04:45,34.786,
Plot Title: T04,1609,5/22/26 05:00,34.786,
Plot Title: T04,1610,5/22/26 05:15,34.786,
Plot Title: T04,1611,5/22/26 05:30,34.786,
Plot Title: T04,1612,5/22/26 05:45,34.786,
Plot Title: T04,1613,5/22/26 06:00,34.786,
Plot Title: T04,1614,5/22/26 06:15,34.786,
Plot Title: T04,1615,5/22/26 06:30,34.786,
Plot Title: T04,1616,5/22/26 06:45,34.786,
Plot Title: T04,1617,5/22/26 07:00,34.786,
Plot Title: T04,1618,5/22/26 07:15,34.786,
Plot Title: T04,1619,5/22/26 07:30,34.786,
Plot Title: T04,1620,5/22/26 07:45,34.786,
Plot Title: T04,1621,5/22/26 08:00,34.786,
Plot Title: T04,1622,5/22/26 08:15,34.786,
Plot Title: T04,1623,5/22/26 08:30,34.786,
Plot Title: T04,1624,5/22/26 08:45,34.786,
Plot Title: T04,1625,5/22/26 09:00,34.786,
Plot Title: T04,1626,5/22/26 09:15,34.786,
Plot Title: T04,1627,5/22/26 09:30,34.786,
Plot Title: T04,1628,5/22/26 09:45,34.786,
Plot Title: T04,1629,5/22/26 10:00,34.786,
Plot Title: T04,1630,5/22/26 10:15,34.786,
Plot Title: T04,1631,5/22/26 10:30,34.59,
Plot Title: T04,1632,5/22/26 10:45,34.59,
Plot Title: T04,1633,5/22/26 11:00,34.786,
Plot Title: T04,1634,5/22/26 11:15,34.59,
Plot Title: T04,1635,5/22/26 11:30,34.59,
Plot Title: T04,1636,5/22/26 11:45,34.59,
Plot Title: T04,1637,5/22/26 12:00,34.59,
Plot Title: T04,1638,5/22/26 12:15,34.59,
Plot Title: T04,1639,5/22/26 12:30,34.394,
Plot Title: T04,1640,5/22/26 12:45,34.198,
Plot Title: T04,1641,5/22/26 13:00,34.198,
Plot Title: T04,1642,5/22/26 13:15,34.198,
Plot Title: T04,1643,5/22/26 13:30,34.002,
Plot Title: T04,1644,5/22/26 13:45,34.002,
Plot Title: T04,1645,5/22/26 14:00,34.002,
Plot Title: T04,1646,5/22/26 14:15,34.002,
Plot Title: T04,1647,5/22/26 14:30,34.002,
Plot Title: T04,1648,5/22/26 14:45,34.002,
Plot Title: T04,1649,5/22/26 15:00,34.002,
Plot Title: T04,1650,5/22/26 15:15,34.002,
Plot Title: T04,1651,5/22/26 15:30,34.002,
Plot Title: T04,1652,5/22/26 15:45,34.002,
Plot Title: T04,1653,5/22/26 16:00,34.002,
Plot Title: T04,1654,5/22/26 16:15,34.002,
Plot Title: T04,1655,5/22/26 16:30,34.002,
Plot Title: T04,1656,5/22/26 16:45,34.002,
Plot Title: T04,1657,5/22/26 17:00,34.002,
Plot Title: T04,1658,5/22/26 17:15,34.002,
Plot Title: T04,1659,5/22/26 17:30,34.198,
Plot Title: T04,1660,5/22/26 17:45,34.198,
Plot Title: T04,1661,5/22/26 18:00,34.198,
Plot Title: T04,1662,5/22/26 18:15,34.198,
Plot Title: T04,1663,5/22/26 18:30,34.198,
Plot Title: T04,1664,5/22/26 18:45,34.198,
Plot Title: T04,1665,5/22/26 19:00,34.198,
Plot Title: T04,1666,5/22/26 19:15,34.198,
Plot Title: T04,1667,5/22/26 19:30,34.198,
Plot Title: T04,1668,5/22/26 19:45,34.198,
Plot Title: T04,1669,5/22/26 20:00,34.198,
Plot Title: T04,1670,5/22/26 20:15,34.198,
Plot Title: T04,1671,5/22/26 20:30,34.198,
Plot Title: T04,1672,5/22/26 20:45,34.198,
Plot Title: T04,1673,5/22/26 21:00,34.198,
Plot Title: T04,1674,5/22/26 21:15,34.198,
Plot Title: T04,1675,5/22/26 21:30,34.198,
Plot Title: T04,1676,5/22/26 21:45,34.198,
Plot Title: T04,1677,5/22/26 22:00,34.198,
Plot Title: T04,1678,5/22/26 22:15,34.198,
Plot Title: T04,1679,5/22/26 22:30,34.198,
Plot Title: T04,1680,5/22/26 22:45,34.198,
Plot Title: T04,1681,5/22/26 23:00,34.198,
Plot Title: T04,1682,5/22/26 23:15,34.198,
Plot Title: T04,1683,5/22/26 23:30,34.198,
Plot Title: T04,1684,5/22/26 23:45,34.198,
Plot Title: T04,1685,5/23/26 00:00,34.198,
Plot Title: T04,1686,5/23/26 00:15,34.198,
Plot Title: T04,1687,5/23/26 00:30,34.198,
Plot Title: T04,1688,5/23/26 00:45,34.198,
Plot Title: T04,1689,5/23/26 01:00,34.198,
Plot Title: T04,1690,5/23/26 01:15,34.198,
Plot Title: T04,1691,5/23/26 01:30,34.198,
Plot Title: T04,1692,5/23/26 01:45,34.198,
Plot Title: T04,1693,5/23/26 02:00,34.198,
Plot Title: T04,1694,5/23/26 02:15,34.198,
Plot Title: T04,1695,5/23/26 02:30,34.198,
Plot Title: T04,1696,5/23/26 02:45,34.198,
Plot Title: T04,1697,5/23/26 03:00,34.198,
Plot Title: T04,1698,5/23/26 03:15,34.198,
Plot Title: T04,1699,5/23/26 03:30,34.198,
Plot Title: T04,1700,5/23/26 03:45,34.198,
Plot Title: T04,1701,5/23/26 04:00,34.198,
Plot Title: T04,1702,5/23/26 04:15,34.198,
Plot Title: T04,1703,5/23/26 04:30,34.198,
Plot Title: T04,1704,5/23/26 04:45,34.198,
Plot Title: T04,1705,5/23/26 05:00,34.198,
Plot Title: T04,1706,5/23/26 05:15,34.198,
Plot Title: T04,1707,5/23/26 05:30,34.198,
Plot Title: T04,1708,5/23/26 05:45,34.198,
Plot Title: T04,1709,5/23/26 06:00,34.198,
Plot Title: T04,1710,5/23/26 06:15,34.198,
Plot Title: T04,1711,5/23/26 06:30,34.198,
Plot Title: T04,1712,5/23/26 06:45,34.198,
Plot Title: T04,1713,5/23/26 07:00,34.394,
Plot Title: T04,1714,5/23/26 07:15,34.394,
Plot Title: T04,1715,5/23/26 07:30,34.394,
Plot Title: T04,1716,5/23/26 07:45,34.59,
Plot Title: T04,1717,5/23/26 08:00,34.59,
Plot Title: T04,1718,5/23/26 08:15,34.786,
Plot Title: T04,1719,5/23/26 08:30,34.981,
Plot Title: T04,1720,5/23/26 08:45,35.37,
Plot Title: T04,1721,5/23/26 09:00,35.564,
Plot Title: T04,1722,5/23/26 09:15,35.564,
Plot Title: T04,1723,5/23/26 09:30,35.37,
Plot Title: T04,1724,5/23/26 09:45,35.37,
Plot Title: T04,1725,5/23/26 10:00,35.37,
Plot Title: T04,1726,5/23/26 10:15,35.564,
Plot Title: T04,1727,5/23/26 10:30,35.758,
Plot Title: T04,1728,5/23/26 10:45,36.723,
Plot Title: T04,1729,5/23/26 11:00,41.81,
Plot Title: T04,1730,5/23/26 11:15,50.643,
Plot Title: T04,1731,5/23/26 11:30,55.189,
Plot Title: T04,1732,5/23/26 11:45,53.449,
Plot Title: T04,1733,5/23/26 12:00,50.995,
Plot Title: T04,1734,5/23/26 12:15,52.05,
Plot Title: T04,1735,5/23/26 12:30,58.647,
Plot Title: T04,1736,5/23/26 12:45,63.282,
Plot Title: T04,1737,5/23/26 13:00,60.883,
Plot Title: T04,1738,5/23/26 13:15,58.82,
Plot Title: T04,1739,5/23/26 13:30,58.131,
Plot Title: T04,1740,5/23/26 13:45,57.958,
Plot Title: T04,1741,5/23/26 14:00,56.577,
Plot Title: T04,1742,5/23/26 14:15,55.364,
Plot Title: T04,1743,5/23/26 14:30,54.842,
Plot Title: T04,1744,5/23/26 14:45,54.669,
Plot Title: T04,1745,5/23/26 15:00,53.973,
Plot Title: T04,1746,5/23/26 15:15,57.096,
Plot Title: T04,1747,5/23/26 15:30,61.398,
Plot Title: T04,1748,5/23/26 15:45,63.111,
Plot Title: T04,1749,5/23/26 16:00,63.968,
Plot Title: T04,1750,5/23/26 16:15,58.82,
Plot Title: T04,1751,5/23/26 16:30,55.537,
Plot Title: T04,1752,5/23/26 16:45,54.147,
Plot Title: T04,1753,5/23/26 17:00,53.798,
Plot Title: T04,1754,5/23/26 17:15,53.449,
Plot Title: T04,1755,5/23/26 17:30,52.576,
Plot Title: T04,1756,5/23/26 17:45,52.576,
Plot Title: T04,1757,5/23/26 18:00,52.225,
Plot Title: T04,1758,5/23/26 18:15,50.819,
Plot Title: T04,1759,5/23/26 18:30,50.29,
Plot Title: T04,1760,5/23/26 18:45,49.582,
Plot Title: T04,1761,5/23/26 19:00,48.871,
Plot Title: T04,1762,5/23/26 19:15,47.802,
Plot Title: T04,1763,5/23/26 19:30,46.908,
Plot Title: T04,1764,5/23/26 19:45,46.188,
Plot Title: T04,1765,5/23/26 20:00,45.648,
Plot Title: T04,1766,5/23/26 20:15,45.104,
Plot Title: T04,1767,5/23/26 20:30,44.56,
Plot Title: T04,1768,5/23/26 20:45,44.195,
Plot Title: T04,1769,5/23/26 21:00,43.831,
Plot Title: T04,1770,5/23/26 21:15,43.282,
Plot Title: T04,1771,5/23/26 21:30,42.915,
Plot Title: T04,1772,5/23/26 21:45,42.732,
Plot Title: T04,1773,5/23/26 22:00,42.548,
Plot Title: T04,1774,5/23/26 22:15,42.179,
Plot Title: T04,1775,5/23/26 22:30,41.994,
Plot Title: T04,1776,5/23/26 22:45,41.81,
Plot Title: T04,1777,5/23/26 23:00,41.625,
Plot Title: T04,1778,5/23/26 23:15,41.439,
Plot Title: T04,1779,5/23/26 23:30,41.439,
Plot Title: T04,1780,5/23/26 23:45,41.254,
Plot Title: T04,1781,5/24/26 00:00,41.067,
Plot Title: T04,1782,5/24/26 00:15,40.881,
Plot Title: T04,1783,5/24/26 00:30,40.881,
Plot Title: T04,1784,5/24/26 00:45,40.696,
Plot Title: T04,1785,5/24/26 01:00,40.509,
Plot Title: T04,1786,5/24/26 01:15,40.509,
Plot Title: T04,1787,5/24/26 01:30,40.321,
Plot Title: T04,1788,5/24/26 01:45,40.134,
Plot Title: T04,1789,5/24/26 02:00,40.134,
Plot Title: T04,1790,5/24/26 02:15,39.947,
Plot Title: T04,1791,5/24/26 02:30,39.947,
Plot Title: T04,1792,5/24/26 02:45,39.76,
Plot Title: T04,1793,5/24/26 03:00,39.573,
Plot Title: T04,1794,5/24/26 03:15,39.573,
Plot Title: T04,1795,5/24/26 03:30,39.384,
Plot Title: T04,1796,5/24/26 03:45,39.196,
Plot Title: T04,1797,5/24/26 04:00,39.196,
Plot Title: T04,1798,5/24/26 04:15,39.007,
Plot Title: T04,1799,5/24/26 04:30,38.818,
Plot Title: T04,1800,5/24/26 04:45,38.629,
Plot Title: T04,1801,5/24/26 05:00,38.629,
Plot Title: T04,1802,5/24/26 05:15,38.44,
Plot Title: T04,1803,5/24/26 05:30,38.25,
Plot Title: T04,1804,5/24/26 05:45,38.25,
Plot Title: T04,1805,5/24/26 06:00,38.061,
Plot Title: T04,1806,5/24/26 06:15,38.061,
Plot Title: T04,1807,5/24/26 06:30,38.061,
Plot Title: T04,1808,5/24/26 06:45,38.25,
Plot Title: T04,1809,5/24/26 07:00,38.25,
Plot Title: T04,1810,5/24/26 07:15,38.44,
Plot Title: T04,1811,5/24/26 07:30,38.818,
Plot Title: T04,1812,5/24/26 07:45,39.007,
Plot Title: T04,1813,5/24/26 08:00,39.573,
Plot Title: T04,1814,5/24/26 08:15,40.509,
Plot Title: T04,1815,5/24/26 08:30,42.363,
Plot Title: T04,1816,5/24/26 08:45,46.188,
Plot Title: T04,1817,5/24/26 09:00,47.802,
Plot Title: T04,1818,5/24/26 09:15,47.982,
Plot Title: T04,1819,5/24/26 09:30,47.266,
Plot Title: T04,1820,5/24/26 09:45,46.728,
Plot Title: T04,1821,5/24/26 10:00,46.728,
Plot Title: T04,1822,5/24/26 10:15,47.088,
Plot Title: T04,1823,5/24/26 10:30,47.624,
Plot Title: T04,1824,5/24/26 10:45,48.517,
Plot Title: T04,1825,5/24/26 11:00,54.495,
Plot Title: T04,1826,5/24/26 11:15,61.398,
Plot Title: T04,1827,5/24/26 11:30,63.797,
Plot Title: T04,1828,5/24/26 11:45,60.712,
Plot Title: T04,1829,5/24/26 12:00,57.096,
Plot Title: T04,1830,5/24/26 12:15,56.404,
Plot Title: T04,1831,5/24/26 12:30,62.94,
Plot Title: T04,1832,5/24/26 12:45,68.592,
Plot Title: T04,1833,5/24/26 13:00,70.308,
Plot Title: T04,1834,5/24/26 13:15,72.718,
Plot Title: T04,1835,5/24/26 13:30,72.718,
Plot Title: T04,1836,5/24/26 13:45,73.58,
Plot Title: T04,1837,5/24/26 14:00,66.193,
Plot Title: T04,1838,5/24/26 14:15,62.769,
Plot Title: T04,1839,5/24/26 14:30,62.598,
Plot Title: T04,1840,5/24/26 14:45,63.282,
Plot Title: T04,1841,5/24/26 15:00,61.398,
Plot Title: T04,1842,5/24/26 15:15,62.425,
Plot Title: T04,1843,5/24/26 15:30,64.996,
Plot Title: T04,1844,5/24/26 15:45,65.851,
Plot Title: T04,1845,5/24/26 16:00,65.68,
Plot Title: T04,1846,5/24/26 16:15,62.083,
Plot Title: T04,1847,5/24/26 16:30,60.024,
Plot Title: T04,1848,5/24/26 16:45,58.993,
Plot Title: T04,1849,5/24/26 17:00,58.647,
Plot Title: T04,1850,5/24/26 17:15,58.647,
Plot Title: T04,1851,5/24/26 17:30,57.958,
Plot Title: T04,1852,5/24/26 17:45,57.958,
Plot Title: T04,1853,5/24/26 18:00,57.441,
Plot Title: T04,1854,5/24/26 18:15,56.057,
Plot Title: T04,1855,5/24/26 18:30,54.669,
Plot Title: T04,1856,5/24/26 18:45,53.449,
Plot Title: T04,1857,5/24/26 19:00,52.925,
Plot Title: T04,1858,5/24/26 19:15,52.576,
Plot Title: T04,1859,5/24/26 19:30,52.75,
Plot Title: T04,1860,5/24/26 19:45,52.225,
Plot Title: T04,1861,5/24/26 20:00,51.523,
Plot Title: T04,1862,5/24/26 20:15,50.819,
Plot Title: T04,1863,5/24/26 20:30,50.29,
Plot Title: T04,1864,5/24/26 20:45,49.582,
Plot Title: T04,1865,5/24/26 21:00,48.871,
Plot Title: T04,1866,5/24/26 21:15,48.339,
Plot Title: T04,1867,5/24/26 21:30,47.982,
Plot Title: T04,1868,5/24/26 21:45,47.624,
Plot Title: T04,1869,5/24/26 22:00,47.266,
Plot Title: T04,1870,5/24/26 22:15,46.908,
Plot Title: T04,1871,5/24/26 22:30,46.548,
Plot Title: T04,1872,5/24/26 22:45,46.369,
Plot Title: T04,1873,5/24/26 23:00,46.188,
Plot Title: T04,1874,5/24/26 23:15,46.008,
Plot Title: T04,1875,5/24/26 23:30,45.828,
Plot Title: T04,1876,5/24/26 23:45,45.648,
Plot Title: T04,1877,5/25/26 00:00,45.466,
Plot Title: T04,1878,5/25/26 00:15,45.286,
Plot Title: T04,1879,5/25/26 00:30,45.104,
Plot Title: T04,1880,5/25/26 00:45,44.922,
Plot Title: T04,1881,5/25/26 01:00,44.742,
Plot Title: T04,1882,5/25/26 01:15,44.56,
Plot Title: T04,1883,5/25/26 01:30,44.379,
Plot Title: T04,1884,5/25/26 01:45,44.195,
Plot Title: T04,1885,5/25/26 02:00,44.013,
Plot Title: T04,1886,5/25/26 02:15,43.831,
Plot Title: T04,1887,5/25/26 02:30,43.648,
Plot Title: T04,1888,5/25/26 02:45,43.466,
Plot Title: T04,1889,5/25/26 03:00,43.466,
Plot Title: T04,1890,5/25/26 03:15,43.282,
Plot Title: T04,1891,5/25/26 03:30,43.099,
Plot Title: T04,1892,5/25/26 03:45,43.099,
Plot Title: T04,1893,5/25/26 04:00,42.915,
Plot Title: T04,1894,5/25/26 04:15,42.732,
Plot Title: T04,1895,5/25/26 04:30,42.732,
Plot Title: T04,1896,5/25/26 04:45,42.548,
Plot Title: T04,1897,5/25/26 05:00,42.363,
Plot Title: T04,1898,5/25/26 05:15,42.363,
Plot Title: T04,1899,5/25/26 05:30,42.179,
Plot Title: T04,1900,5/25/26 05:45,41.994,
Plot Title: T04,1901,5/25/26 06:00,41.994,
Plot Title: T04,1902,5/25/26 06:15,41.994,
Plot Title: T04,1903,5/25/26 06:30,41.994,
Plot Title: T04,1904,5/25/26 06:45,41.994,
Plot Title: T04,1905,5/25/26 07:00,42.179,
Plot Title: T04,1906,5/25/26 07:15,42.363,
Plot Title: T04,1907,5/25/26 07:30,42.548,
Plot Title: T04,1908,5/25/26 07:45,43.099,
Plot Title: T04,1909,5/25/26 08:00,43.466,
Plot Title: T04,1910,5/25/26 08:15,44.379,
Plot Title: T04,1911,5/25/26 08:30,46.548,
Plot Title: T04,1912,5/25/26 08:45,50.29,
Plot Title: T04,1913,5/25/26 09:00,51.874,
Plot Title: T04,1914,5/25/26 09:15,50.995,
Plot Title: T04,1915,5/25/26 09:30,49.759,
Plot Title: T04,1916,5/25/26 09:45,48.871,
Plot Title: T04,1917,5/25/26 10:00,48.339,
Plot Title: T04,1918,5/25/26 10:15,48.16,
Plot Title: T04,1919,5/25/26 10:30,48.695,
Plot Title: T04,1920,5/25/26 10:45,51.172,
Plot Title: T04,1921,5/25/26 11:00,58.476,
Plot Title: T04,1922,5/25/26 11:15,64.139,
Plot Title: T04,1923,5/25/26 11:30,65.68,
Plot Title: T04,1924,5/25/26 11:45,63.626,
Plot Title: T04,1925,5/25/26 12:00,60.195,
Plot Title: T04,1926,5/25/26 12:15,60.539,
Plot Title: T04,1927,5/25/26 12:30,67.735,
Plot Title: T04,1928,5/25/26 12:45,72.545,
Plot Title: T04,1929,5/25/26 13:00,74.791,
Plot Title: T04,1930,5/25/26 13:15,75.312,
Plot Title: T04,1931,5/25/26 13:30,67.906,
Plot Title: T04,1932,5/25/26 13:45,63.968,
Plot Title: T04,1933,5/25/26 14:00,60.712,
Plot Title: T04,1934,5/25/26 14:15,58.303,
Plot Title: T04,1935,5/25/26 14:30,57.958,
Plot Title: T04,1936,5/25/26 14:45,61.054,
Plot Title: T04,1937,5/25/26 15:00,60.195,
Plot Title: T04,1938,5/25/26 15:15,61.054,
Plot Title: T04,1939,5/25/26 15:30,66.537,
Plot Title: T04,1940,5/25/26 15:45,70.308,
Plot Title: T04,1941,5/25/26 16:00,68.592,
Plot Title: T04,1942,5/25/26 16:15,63.455,
Plot Title: T04,1943,5/25/26 16:30,60.712,
Plot Title: T04,1944,5/25/26 16:45,58.82,
Plot Title: T04,1945,5/25/26 17:00,57.785,
Plot Title: T04,1946,5/25/26 17:15,56.923,
Plot Title: T04,1947,5/25/26 17:30,56.404,
Plot Title: T04,1948,5/25/26 17:45,57.096,
Plot Title: T04,1949,5/25/26 18:00,56.75,
Plot Title: T04,1950,5/25/26 18:15,56.404,
Plot Title: T04,1951,5/25/26 18:30,56.23,
Plot Title: T04,1952,5/25/26 18:45,55.884,
Plot Title: T04,1953,5/25/26 19:00,54.842,
Plot Title: T04,1954,5/25/26 19:15,54.147,
Plot Title: T04,1955,5/25/26 19:30,53.973,
Plot Title: T04,1956,5/25/26 19:45,53.449,
Plot Title: T04,1957,5/25/26 20:00,52.75,
Plot Title: T04,1958,5/25/26 20:15,52.225,
Plot Title: T04,1959,5/25/26 20:30,51.699,
Plot Title: T04,1960,5/25/26 20:45,51.346,
Plot Title: T04,1961,5/25/26 21:00,50.643,
Plot Title: T04,1962,5/25/26 21:15,49.937,
Plot Title: T04,1963,5/25/26 21:30,49.404,
Plot Title: T04,1964,5/25/26 21:45,48.871,
Plot Title: T04,1965,5/25/26 22:00,48.517,
Plot Title: T04,1966,5/25/26 22:15,48.16,
Plot Title: T04,1967,5/25/26 22:30,47.802,
Plot Title: T04,1968,5/25/26 22:45,47.624,
Plot Title: T04,1969,5/25/26 23:00,47.266,
Plot Title: T04,1970,5/25/26 23:15,47.088,
Plot Title: T04,1971,5/25/26 23:30,46.908,
Plot Title: T04,1972,5/25/26 23:45,46.728,
Plot Title: T04,1973,5/26/26 00:00,46.728,
Plot Title: T04,1974,5/26/26 00:15,46.548,
Plot Title: T04,1975,5/26/26 00:30,46.548,
Plot Title: T04,1976,5/26/26 00:45,46.369,
Plot Title: T04,1977,5/26/26 01:00,46.369,
Plot Title: T04,1978,5/26/26 01:15,46.188,
Plot Title: T04,1979,5/26/26 01:30,46.008,
Plot Title: T04,1980,5/26/26 01:45,45.828,
Plot Title: T04,1981,5/26/26 02:00,45.828,
Plot Title: T04,1982,5/26/26 02:15,45.828,
Plot Title: T04,1983,5/26/26 02:30,45.648,
Plot Title: T04,1984,5/26/26 02:45,45.648,
Plot Title: T04,1985,5/26/26 03:00,45.466,
Plot Title: T04,1986,5/26/26 03:15,45.286,
Plot Title: T04,1987,5/26/26 03:30,45.104,
Plot Title: T04,1988,5/26/26 03:45,44.922,
Plot Title: T04,1989,5/26/26 04:00,44.742,
Plot Title: T04,1990,5/26/26 04:15,44.742,
Plot Title: T04,1991,5/26/26 04:30,44.56,
Plot Title: T04,1992,5/26/26 04:45,44.379,
Plot Title: T04,1993,5/26/26 05:00,44.56,
Plot Title: T04,1994,5/26/26 05:15,44.742,
Plot Title: T04,1995,5/26/26 05:30,44.742,
Plot Title: T04,1996,5/26/26 05:45,44.56,
Plot Title: T04,1997,5/26/26 06:00,44.56,
Plot Title: T04,1998,5/26/26 06:15,44.56,
Plot Title: T04,1999,5/26/26 06:30,44.56,
Plot Title: T04,2000,5/26/26 06:45,44.742,
Plot Title: T04,2001,5/26/26 07:00,45.104,
Plot Title: T04,2002,5/26/26 07:15,45.286,
Plot Title: T04,2003,5/26/26 07:30,45.466,
Plot Title: T04,2004,5/26/26 07:45,46.008,
Plot Title: T04,2005,5/26/26 08:00,46.369,
Plot Title: T04,2006,5/26/26 08:15,46.908,
Plot Title: T04,2007,5/26/26 08:30,48.16,
Plot Title: T04,2008,5/26/26 08:45,51.874,
Plot Title: T04,2009,5/26/26 09:00,54.322,
Plot Title: T04,2010,5/26/26 09:15,52.925,
Plot Title: T04,2011,5/26/26 09:30,51.523,
Plot Title: T04,2012,5/26/26 09:45,51.172,
Plot Title: T04,2013,5/26/26 10:00,51.523,
Plot Title: T04,2014,5/26/26 10:15,52.225,
Plot Title: T04,2015,5/26/26 10:30,52.925,
Plot Title: T04,2016,5/26/26 10:45,54.322,
Plot Title: T04,2017,5/26/26 11:00,54.495,
Plot Title: T04,2018,5/26/26 11:15,56.404,
Plot Title: T04,2019,5/26/26 11:30,57.785,
Plot Title: T04,2020,5/26/26 11:45,61.227,
Plot Title: T04,2021,5/26/26 12:00,60.368,
Plot Title: T04,2022,5/26/26 12:15,59.164,
Plot Title: T04,2023,5/26/26 12:30,63.626,
Plot Title: T04,2024,5/26/26 12:45,62.598,
Plot Title: T04,2025,5/26/26 13:00,62.425,
Plot Title: T04,2026,5/26/26 13:15,60.024,
Plot Title: T04,2027,5/26/26 13:30,58.131,
Plot Title: T04,2028,5/26/26 13:45,57.096,
Plot Title: T04,2029,5/26/26 14:00,56.23,
Plot Title: T04,2030,5/26/26 14:15,56.75,
Plot Title: T04,2031,5/26/26 14:30,57.958,
Plot Title: T04,2032,5/26/26 14:45,59.68,
Plot Title: T04,2033,5/26/26 15:00,59.68,
Plot Title: T04,2034,5/26/26 15:15,63.111,
Plot Title: T04,2035,5/26/26 15:30,62.425,
Plot Title: T04,2036,5/26/26 15:45,59.164,
Plot Title: T04,2037,5/26/26 16:00,57.268,
Plot Title: T04,2038,5/26/26 16:15,55.711,
Plot Title: T04,2039,5/26/26 16:30,54.669,
Plot Title: T04,2040,5/26/26 16:45,53.623,
Plot Title: T04,2041,5/26/26 17:00,53.274,
Plot Title: T04,2042,5/26/26 17:15,53.623,
Plot Title: T04,2043,5/26/26 17:30,53.623,
Plot Title: T04,2044,5/26/26 17:45,53.274,
Plot Title: T04,2045,5/26/26 18:00,53.274,
Plot Title: T04,2046,5/26/26 18:15,52.401,
Plot Title: T04,2047,5/26/26 18:30,51.523,
Plot Title: T04,2048,5/26/26 18:45,51.699,
Plot Title: T04,2049,5/26/26 19:00,52.05,
Plot Title: T04,2050,5/26/26 19:15,51.874,
Plot Title: T04,2051,5/26/26 19:30,51.523,
Plot Title: T04,2052,5/26/26 19:45,51.172,
Plot Title: T04,2053,5/26/26 20:00,50.466,
Plot Title: T04,2054,5/26/26 20:15,50.29,
Plot Title: T04,2055,5/26/26 20:30,49.937,
Plot Title: T04,2056,5/26/26 20:45,49.582,
Plot Title: T04,2057,5/26/26 21:00,49.228,
Plot Title: T04,2058,5/26/26 21:15,48.871,
Plot Title: T04,2059,5/26/26 21:30,48.517,
Plot Title: T04,2060,5/26/26 21:45,48.339,
Plot Title: T04,2061,5/26/26 22:00,48.339,
Plot Title: T04,2062,5/26/26 22:15,48.16,
Plot Title: T04,2063,5/26/26 22:30,48.16,
Plot Title: T04,2064,5/26/26 22:45,47.802,
Plot Title: T04,2065,5/26/26 23:00,47.624,
Plot Title: T04,2066,5/26/26 23:15,47.266,
Plot Title: T04,2067,5/26/26 23:30,46.908,
Plot Title: T04,2068,5/26/26 23:45,46.908,
Plot Title: T04,2069,5/27/26 00:00,46.908,
Plot Title: T04,2070,5/27/26 00:15,46.728,
Plot Title: T04,2071,5/27/26 00:30,46.728,
Plot Title: T04,2072,5/27/26 00:45,46.369,
Plot Title: T04,2073,5/27/26 01:00,46.008,
Plot Title: T04,2074,5/27/26 01:15,45.828,
Plot Title: T04,2075,5/27/26 01:30,45.828,
Plot Title: T04,2076,5/27/26 01:45,45.828,
Plot Title: T04,2077,5/27/26 02:00,45.466,
Plot Title: T04,2078,5/27/26 02:15,45.286,
Plot Title: T04,2079,5/27/26 02:30,44.922,
Plot Title: T04,2080,5/27/26 02:45,44.742,
Plot Title: T04,2081,5/27/26 03:00,44.56,
Plot Title: T04,2082,5/27/26 03:15,44.379,
Plot Title: T04,2083,5/27/26 03:30,44.195,
Plot Title: T04,2084,5/27/26 03:45,44.013,
Plot Title: T04,2085,5/27/26 04:00,44.013,
Plot Title: T04,2086,5/27/26 04:15,43.831,
Plot Title: T04,2087,5/27/26 04:30,43.831,
Plot Title: T04,2088,5/27/26 04:45,43.648,
Plot Title: T04,2089,5/27/26 05:00,43.466,
Plot Title: T04,2090,5/27/26 05:15,43.466,
Plot Title: T04,2091,5/27/26 05:30,43.466,
Plot Title: T04,2092,5/27/26 05:45,43.466,
Plot Title: T04,2093,5/27/26 06:00,43.466,
Plot Title: T04,2094,5/27/26 06:15,43.466,
Plot Title: T04,2095,5/27/26 06:30,43.466,
Plot Title: T04,2096,5/27/26 06:45,43.466,
Plot Title: T04,2097,5/27/26 07:00,43.466,
Plot Title: T04,2098,5/27/26 07:15,43.466,
Plot Title: T04,2099,5/27/26 07:30,43.831,
Plot Title: T04,2100,5/27/26 07:45,44.379,
Plot Title: T04,2101,5/27/26 08:00,45.286,
Plot Title: T04,2102,5/27/26 08:15,46.008,
Plot Title: T04,2103,5/27/26 08:30,48.517,
Plot Title: T04,2104,5/27/26 08:45,52.75,
Plot Title: T04,2105,5/27/26 09:00,54.495,
Plot Title: T04,2106,5/27/26 09:15,52.75,
Plot Title: T04,2107,5/27/26 09:30,51.346,
Plot Title: T04,2108,5/27/26 09:45,50.643,
Plot Title: T04,2109,5/27/26 10:00,49.937,
Plot Title: T04,2110,5/27/26 10:15,49.582,
Plot Title: T04,2111,5/27/26 10:30,49.759,
Plot Title: T04,2112,5/27/26 10:45,53.798,
Plot Title: T04,2113,5/27/26 11:00,61.227,
Plot Title: T04,2114,5/27/26 11:15,66.708,
Plot Title: T04,2115,5/27/26 11:30,67.735,
Plot Title: T04,2116,5/27/26 11:45,64.139,
Plot Title: T04,2117,5/27/26 12:00,60.368,
Plot Title: T04,2118,5/27/26 12:15,62.598,
Plot Title: T04,2119,5/27/26 12:30,68.934,
Plot Title: T04,2120,5/27/26 12:45,73.062,
Plot Title: T04,2121,5/27/26 13:00,75.659,
Plot Title: T04,2122,5/27/26 13:15,73.234,
Plot Title: T04,2123,5/27/26 13:30,69.964,
Plot Title: T04,2124,5/27/26 13:45,75.312,
Plot Title: T04,2125,5/27/26 14:00,69.793,
Plot Title: T04,2126,5/27/26 14:15,65.338,
Plot Title: T04,2127,5/27/26 14:30,63.968,
Plot Title: T04,2128,5/27/26 14:45,62.769,
Plot Title: T04,2129,5/27/26 15:00,61.741,
Plot Title: T04,2130,5/27/26 15:15,65.68,
Plot Title: T04,2131,5/27/26 15:30,64.825,
Plot Title: T04,2132,5/27/26 15:45,69.449,
Plot Title: T04,2133,5/27/26 16:00,67.05,
Plot Title: T04,2134,5/27/26 16:15,63.626,
Plot Title: T04,2135,5/27/26 16:30,61.398,
Plot Title: T04,2136,5/27/26 16:45,60.024,
Plot Title: T04,2137,5/27/26 17:00,59.337,
Plot Title: T04,2138,5/27/26 17:15,60.024,
Plot Title: T04,2139,5/27/26 17:30,60.539,
Plot Title: T04,2140,5/27/26 17:45,60.195,
Plot Title: T04,2141,5/27/26 18:00,58.82,
Plot Title: T04,2142,5/27/26 18:15,57.441,
Plot Title: T04,2143,5/27/26 18:30,57.614,
Plot Title: T04,2144,5/27/26 18:45,57.268,
Plot Title: T04,2145,5/27/26 19:00,56.404,
Plot Title: T04,2146,5/27/26 19:15,56.057,
Plot Title: T04,2147,5/27/26 19:30,55.189,
Plot Title: T04,2148,5/27/26 19:45,54.322,
Plot Title: T04,2149,5/27/26 20:00,53.623,
Plot Title: T04,2150,5/27/26 20:15,53.274,
Plot Title: T04,2151,5/27/26 20:30,52.925,
Plot Title: T04,2152,5/27/26 20:45,52.576,
Plot Title: T04,2153,5/27/26 21:00,52.225,
Plot Title: T04,2154,5/27/26 21:15,51.874,
Plot Title: T04,2155,5/27/26 21:30,51.523,
Plot Title: T04,2156,5/27/26 21:45,51.172,
Plot Title: T04,2157,5/27/26 22:00,50.995,
Plot Title: T04,2158,5/27/26 22:15,50.643,
Plot Title: T04,2159,5/27/26 22:30,50.466,
Plot Title: T04,2160,5/27/26 22:45,50.29,
Plot Title: T04,2161,5/27/26 23:00,50.113,
Plot Title: T04,2162,5/27/26 23:15,49.937,
Plot Title: T04,2163,5/27/26 23:30,49.759,
Plot Title: T04,2164,5/27/26 23:45,49.759,
Plot Title: T04,2165,5/28/26 00:00,49.582,
Plot Title: T04,2166,5/28/26 00:15,49.404,
Plot Title: T04,2167,5/28/26 00:30,49.228,
Plot Title: T04,2168,5/28/26 00:45,49.05,
Plot Title: T04,2169,5/28/26 01:00,48.871,
Plot Title: T04,2170,5/28/26 01:15,48.871,
Plot Title: T04,2171,5/28/26 01:30,48.695,
Plot Title: T04,2172,5/28/26 01:45,48.517,
Plot Title: T04,2173,5/28/26 02:00,48.517,
Plot Title: T04,2174,5/28/26 02:15,48.339,
Plot Title: T04,2175,5/28/26 02:30,48.339,
Plot Title: T04,2176,5/28/26 02:45,48.339,
Plot Title: T04,2177,5/28/26 03:00,48.16,
Plot Title: T04,2178,5/28/26 03:15,47.982,
Plot Title: T04,2179,5/28/26 03:30,47.624,
Plot Title: T04,2180,5/28/26 03:45,47.446,
Plot Title: T04,2181,5/28/26 04:00,47.266,
Plot Title: T04,2182,5/28/26 04:15,47.088,
Plot Title: T04,2183,5/28/26 04:30,47.088,
Plot Title: T04,2184,5/28/26 04:45,46.908,
Plot Title: T04,2185,5/28/26 05:00,46.728,
Plot Title: T04,2186,5/28/26 05:15,46.728,
Plot Title: T04,2187,5/28/26 05:30,46.548,
Plot Title: T04,2188,5/28/26 05:45,46.548,
Plot Title: T04,2189,5/28/26 06:00,46.548,
Plot Title: T04,2190,5/28/26 06:15,46.369,
Plot Title: T04,2191,5/28/26 06:30,46.369,
Plot Title: T04,2192,5/28/26 06:45,46.369,
Plot Title: T04,2193,5/28/26 07:00,46.369,
Plot Title: T04,2194,5/28/26 07:15,46.369,
Plot Title: T04,2195,5/28/26 07:30,46.548,
Plot Title: T04,2196,5/28/26 07:45,46.908,
Plot Title: T04,2197,5/28/26 08:00,47.088,
Plot Title: T04,2198,5/28/26 08:15,47.624,
Plot Title: T04,2199,5/28/26 08:30,49.228,
Plot Title: T04,2200,5/28/26 08:45,52.925,
Plot Title: T04,2201,5/28/26 09:00,56.057,
Plot Title: T04,2202,5/28/26 09:15,54.495,
Plot Title: T04,2203,5/28/26 09:30,53.449,
Plot Title: T04,2204,5/28/26 09:45,52.576,
Plot Title: T04,2205,5/28/26 10:00,51.699,
Plot Title: T04,2206,5/28/26 10:15,51.523,
Plot Title: T04,2207,5/28/26 10:30,51.874,
Plot Title: T04,2208,5/28/26 10:45,57.268,
Plot Title: T04,2209,5/28/26 11:00,64.31,
Plot Title: T04,2210,5/28/26 11:15,69.449,
Plot Title: T04,2211,5/28/26 11:30,70.137,
Plot Title: T04,2212,5/28/26 11:45,66.708,
Plot Title: T04,2213,5/28/26 12:00,62.769,
Plot Title: T04,2214,5/28/26 12:15,64.31,
Plot Title: T04,2215,5/28/26 12:30,69.793,
Plot Title: T04,2216,5/28/26 12:45,72.891,
Plot Title: T04,2217,5/28/26 13:00,72.199,
Plot Title: T04,2218,5/28/26 13:15,72.545,
Plot Title: T04,2219,5/28/26 13:30,69.107,
Plot Title: T04,2220,5/28/26 13:45,70.137,
Plot Title: T04,2221,5/28/26 14:00,66.708,
Plot Title: T04,2222,5/28/26 14:15,64.996,
Plot Title: T04,2223,5/28/26 14:30,64.825,
Plot Title: T04,2224,5/28/26 14:45,64.31,
Plot Title: T04,2225,5/28/26 15:00,63.455,
Plot Title: T04,2226,5/28/26 15:15,63.626,
Plot Title: T04,2227,5/28/26 15:30,65.338,
Plot Title: T04,2228,5/28/26 15:45,67.906,
Plot Title: T04,2229,5/28/26 16:00,67.564,
Plot Title: T04,2230,5/28/26 16:15,64.652,
Plot Title: T04,2231,5/28/26 16:30,63.797,
Plot Title: T04,2232,5/28/26 16:45,62.425,
Plot Title: T04,2233,5/28/26 17:00,61.054,
Plot Title: T04,2234,5/28/26 17:15,60.368,
Plot Title: T04,2235,5/28/26 17:30,62.254,
Plot Title: T04,2236,5/28/26 17:45,65.167,
Plot Title: T04,2237,5/28/26 18:00,62.598,
Plot Title: T04,2238,5/28/26 18:15,60.539,
Plot Title: T04,2239,5/28/26 18:30,59.68,
Plot Title: T04,2240,5/28/26 18:45,59.164,
Plot Title: T04,2241,5/28/26 19:00,58.131,
Plot Title: T04,2242,5/28/26 19:15,57.785,
Plot Title: T04,2243,5/28/26 19:30,57.958,
Plot Title: T04,2244,5/28/26 19:45,57.614,
Plot Title: T04,2245,5/28/26 20:00,56.404,
Plot Title: T04,2246,5/28/26 20:15,55.537,
Plot Title: T04,2247,5/28/26 20:30,54.669,
Plot Title: T04,2248,5/28/26 20:45,53.973,
Plot Title: T04,2249,5/28/26 21:00,53.449,
Plot Title: T04,2250,5/28/26 21:15,52.925,
Plot Title: T04,2251,5/28/26 21:30,52.576,
Plot Title: T04,2252,5/28/26 21:45,52.05,
Plot Title: T04,2253,5/28/26 22:00,51.874,
Plot Title: T04,2254,5/28/26 22:15,51.523,
Plot Title: T04,2255,5/28/26 22:30,51.172,
Plot Title: T04,2256,5/28/26 22:45,50.995,
Plot Title: T04,2257,5/28/26 23:00,50.819,
Plot Title: T04,2258,5/28/26 23:15,50.643,
Plot Title: T04,2259,5/28/26 23:30,50.29,
Plot Title: T04,2260,5/28/26 23:45,49.937,
Plot Title: T04,2261,5/29/26 00:00,49.759,
Plot Title: T04,2262,5/29/26 00:15,49.582,
Plot Title: T04,2263,5/29/26 00:30,49.404,
Plot Title: T04,2264,5/29/26 00:45,49.228,
Plot Title: T04,2265,5/29/26 01:00,49.05,
Plot Title: T04,2266,5/29/26 01:15,48.871,
Plot Title: T04,2267,5/29/26 01:30,48.695,
Plot Title: T04,2268,5/29/26 01:45,48.517,
Plot Title: T04,2269,5/29/26 02:00,48.517,
Plot Title: T04,2270,5/29/26 02:15,48.339,
Plot Title: T04,2271,5/29/26 02:30,48.16,
Plot Title: T04,2272,5/29/26 02:45,47.982,
Plot Title: T04,2273,5/29/26 03:00,47.802,
Plot Title: T04,2274,5/29/26 03:15,47.446,
Plot Title: T04,2275,5/29/26 03:30,47.266,
Plot Title: T04,2276,5/29/26 03:45,47.088,
Plot Title: T04,2277,5/29/26 04:00,47.088,
Plot Title: T04,2278,5/29/26 04:15,46.908,
Plot Title: T04,2279,5/29/26 04:30,46.728,
Plot Title: T04,2280,5/29/26 04:45,46.728,
Plot Title: T04,2281,5/29/26 05:00,46.728,
Plot Title: T04,2282,5/29/26 05:15,46.728,
Plot Title: T04,2283,5/29/26 05:30,46.728,
Plot Title: T04,2284,5/29/26 05:45,46.548,
Plot Title: T04,2285,5/29/26 06:00,46.369,
Plot Title: T04,2286,5/29/26 06:15,46.369,
Plot Title: T04,2287,5/29/26 06:30,46.369,
Plot Title: T04,2288,5/29/26 06:45,46.369,
Plot Title: T04,2289,5/29/26 07:00,46.548,
Plot Title: T04,2290,5/29/26 07:15,46.908,
Plot Title: T04,2291,5/29/26 07:30,46.908,
Plot Title: T04,2292,5/29/26 07:45,47.088,
Plot Title: T04,2293,5/29/26 08:00,47.266,
Plot Title: T04,2294,5/29/26 08:15,47.624,
Plot Title: T04,2295,5/29/26 08:30,50.113,
Plot Title: T04,2296,5/29/26 08:45,54.495,
Plot Title: T04,2297,5/29/26 09:00,56.923,
Plot Title: T04,2298,5/29/26 09:15,54.495,
Plot Title: T04,2299,5/29/26 09:30,54.322,
Plot Title: T04,2300,5/29/26 09:45,52.925,
Plot Title: T04,2301,5/29/26 10:00,52.401,
Plot Title: T04,2302,5/29/26 10:15,51.874,
Plot Title: T04,2303,5/29/26 10:30,52.05,
Plot Title: T04,2304,5/29/26 10:45,58.131,
Plot Title: T04,2305,5/29/26 11:00,62.598,
Plot Title: T04,2306,5/29/26 11:15,67.564,
Plot Title: T04,2307,5/29/26 11:30,68.248,
Plot Title: T04,2308,5/29/26 11:45,66.022,
Plot Title: T04,2309,5/29/26 12:00,62.425,
Plot Title: T04,2310,5/29/26 12:15,63.797,
Plot Title: T04,2311,5/29/26 12:30,70.48,
Plot Title: T04,2312,5/29/26 12:45,67.221,
Plot Title: T04,2313,5/29/26 13:00,63.111,
Plot Title: T04,2314,5/29/26 13:15,65.509,
Plot Title: T04,2315,5/29/26 13:30,67.392,
Plot Title: T04,2316,5/29/26 13:45,64.139,
Plot Title: T04,2317,5/29/26 14:00,62.083,
Plot Title: T04,2318,5/29/26 14:15,62.083,
Plot Title: T04,2319,5/29/26 14:30,62.254,
Plot Title: T04,2320,5/29/26 14:45,63.282,
Plot Title: T04,2321,5/29/26 15:00,63.282,
Plot Title: T04,2322,5/29/26 15:15,66.366,
Plot Title: T04,2323,5/29/26 15:30,64.996,
Plot Title: T04,2324,5/29/26 15:45,63.968,
Plot Title: T04,2325,5/29/26 16:00,62.425,
Plot Title: T04,2326,5/29/26 16:15,62.083,
Plot Title: T04,2327,5/29/26 16:30,61.227,
Plot Title: T04,2328,5/29/26 16:45,59.508,
Plot Title: T04,2329,5/29/26 17:00,58.993,
Plot Title: T04,2330,5/29/26 17:15,59.851,
Plot Title: T04,2331,5/29/26 17:30,60.712,
Plot Title: T04,2332,5/29/26 17:45,63.111,
Plot Title: T04,2333,5/29/26 18:00,61.227,
Plot Title: T04,2334,5/29/26 18:15,59.508,
Plot Title: T04,2335,5/29/26 18:30,58.303,
Plot Title: T04,2336,5/29/26 18:45,57.268,
Plot Title: T04,2337,5/29/26 19:00,56.75,
Plot Title: T04,2338,5/29/26 19:15,56.404,
Plot Title: T04,2339,5/29/26 19:30,55.884,
Plot Title: T04,2340,5/29/26 19:45,55.364,
Plot Title: T04,2341,5/29/26 20:00,54.842,
Plot Title: T04,2342,5/29/26 20:15,54.322,
Plot Title: T04,2343,5/29/26 20:30,54.147,
Plot Title: T04,2344,5/29/26 20:45,53.798,
Plot Title: T04,2345,5/29/26 21:00,53.274,
Plot Title: T04,2346,5/29/26 21:15,52.925,
Plot Title: T04,2347,5/29/26 21:30,52.75,
Plot Title: T04,2348,5/29/26 21:45,52.576,
Plot Title: T04,2349,5/29/26 22:00,52.401,
Plot Title: T04,2350,5/29/26 22:15,52.225,
Plot Title: T04,2351,5/29/26 22:30,52.05,
Plot Title: T04,2352,5/29/26 22:45,52.05,
Plot Title: T04,2353,5/29/26 23:00,52.05,
Plot Title: T04,2354,5/29/26 23:15,52.05,
Plot Title: T04,2355,5/29/26 23:30,51.874,
Plot Title: T04,2356,5/29/26 23:45,51.699,
Plot Title: T04,2357,5/30/26 00:00,51.523,
Plot Title: T04,2358,5/30/26 00:15,51.172,
Plot Title: T04,2359,5/30/26 00:30,50.995,
Plot Title: T04,2360,5/30/26 00:45,50.819,
Plot Title: T04,2361,5/30/26 01:00,50.643,
Plot Title: T04,2362,5/30/26 01:15,50.466,
Plot Title: T04,2363,5/30/26 01:30,50.466,
Plot Title: T04,2364,5/30/26 01:45,50.113,
Plot Title: T04,2365,5/30/26 02:00,49.582,
Plot Title: T04,2366,5/30/26 02:15,48.871,
Plot Title: T04,2367,5/30/26 02:30,48.517,
Plot Title: T04,2368,5/30/26 02:45,48.339,
Plot Title: T04,2369,5/30/26 03:00,48.339,
Plot Title: T04,2370,5/30/26 03:15,48.16,
Plot Title: T04,2371,5/30/26 03:30,48.16,
Plot Title: T04,2372,5/30/26 03:45,47.802,
Plot Title: T04,2373,5/30/26 04:00,47.624,
Plot Title: T04,2374,5/30/26 04:15,47.446,
Plot Title: T04,2375,5/30/26 04:30,47.446,
Plot Title: T04,2376,5/30/26 04:45,47.446,
Plot Title: T04,2377,5/30/26 05:00,47.624,
Plot Title: T04,2378,5/30/26 05:15,47.624,
Plot Title: T04,2379,5/30/26 05:30,47.802,
Plot Title: T04,2380,5/30/26 05:45,47.802,
Plot Title: T04,2381,5/30/26 06:00,47.802,
Plot Title: T04,2382,5/30/26 06:15,47.802,
Plot Title: T04,2383,5/30/26 06:30,47.802,
Plot Title: T04,2384,5/30/26 06:45,47.982,
Plot Title: T04,2385,5/30/26 07:00,48.16,
Plot Title: T04,2386,5/30/26 07:15,48.517,
Plot Title: T04,2387,5/30/26 07:30,48.871,
Plot Title: T04,2388,5/30/26 07:45,49.05,
Plot Title: T04,2389,5/30/26 08:00,49.05,
Plot Title: T04,2390,5/30/26 08:15,48.871,
Plot Title: T04,2391,5/30/26 08:30,48.695,
Plot Title: T04,2392,5/30/26 08:45,48.695,
Plot Title: T04,2393,5/30/26 09:00,48.695,
Plot Title: T04,2394,5/30/26 09:15,48.517,
Plot Title: T04,2395,5/30/26 09:30,48.517,
Plot Title: T04,2396,5/30/26 09:45,48.871,
Plot Title: T04,2397,5/30/26 10:00,48.871,
Plot Title: T04,2398,5/30/26 10:15,48.695,
Plot Title: T04,2399,5/30/26 10:30,48.339,
Plot Title: T04,2400,5/30/26 10:45,48.339,
Plot Title: T04,2401,5/30/26 11:00,48.871,
Plot Title: T04,2402,5/30/26 11:15,49.05,
Plot Title: T04,2403,5/30/26 11:30,48.871,
Plot Title: T04,2404,5/30/26 11:45,48.695,
Plot Title: T04,2405,5/30/26 12:00,49.05,
Plot Title: T04,2406,5/30/26 12:15,49.05,
Plot Title: T04,2407,5/30/26 12:30,49.05,
Plot Title: T04,2408,5/30/26 12:45,49.228,
Plot Title: T04,2409,5/30/26 13:00,49.582,
Plot Title: T04,2410,5/30/26 13:15,49.582,
Plot Title: T04,2411,5/30/26 13:30,49.404,
Plot Title: T04,2412,5/30/26 13:45,49.582,
Plot Title: T04,2413,5/30/26 14:00,49.937,
Plot Title: T04,2414,5/30/26 14:15,50.113,
Plot Title: T04,2415,5/30/26 14:30,50.466,
Plot Title: T04,2416,5/30/26 14:45,49.937,
Plot Title: T04,2417,5/30/26 15:00,49.759,
Plot Title: T04,2418,5/30/26 15:15,49.759,
Plot Title: T04,2419,5/30/26 15:30,49.759,
Plot Title: T04,2420,5/30/26 15:45,49.937,
Plot Title: T04,2421,5/30/26 16:00,49.582,
Plot Title: T04,2422,5/30/26 16:15,49.759,
Plot Title: T04,2423,5/30/26 16:30,50.113,
Plot Title: T04,2424,5/30/26 16:45,49.937,
Plot Title: T04,2425,5/30/26 17:00,49.937,
Plot Title: T04,2426,5/30/26 17:15,49.937,
Plot Title: T04,2427,5/30/26 17:30,50.113,
Plot Title: T04,2428,5/30/26 17:45,49.937,
Plot Title: T04,2429,5/30/26 18:00,49.759,
Plot Title: T04,2430,5/30/26 18:15,49.759,
Plot Title: T04,2431,5/30/26 18:30,49.582,
Plot Title: T04,2432,5/30/26 18:45,49.404,
Plot Title: T04,2433,5/30/26 19:00,49.228,
Plot Title: T04,2434,5/30/26 19:15,48.871,
Plot Title: T04,2435,5/30/26 19:30,48.517,
Plot Title: T04,2436,5/30/26 19:45,48.339,
Plot Title: T04,2437,5/30/26 20:00,48.16,
Plot Title: T04,2438,5/30/26 20:15,47.802,
Plot Title: T04,2439,5/30/26 20:30,47.446,
Plot Title: T04,2440,5/30/26 20:45,47.266,
Plot Title: T04,2441,5/30/26 21:00,47.088,
Plot Title: T04,2442,5/30/26 21:15,46.728,
Plot Title: T04,2443,5/30/26 21:30,46.369,
Plot Title: T04,2444,5/30/26 21:45,46.188,
Plot Title: T04,2445,5/30/26 22:00,46.008,
Plot Title: T04,2446,5/30/26 22:15,46.008,
Plot Title: T04,2447,5/30/26 22:30,45.828,
Plot Title: T04,2448,5/30/26 22:45,45.466,
Plot Title: T04,2449,5/30/26 23:00,45.104,
Plot Title: T04,2450,5/30/26 23:15,44.742,
Plot Title: T04,2451,5/30/26 23:30,44.56,
Plot Title: T04,2452,5/30/26 23:45,44.195,
Plot Title: T04,2453,5/31/26 00:00,44.013,
Plot Title: T04,2454,5/31/26 00:15,43.831,
Plot Title: T04,2455,5/31/26 00:30,43.831,
Plot Title: T04,2456,5/31/26 00:45,43.831,
Plot Title: T04,2457,5/31/26 01:00,43.831,
Plot Title: T04,2458,5/31/26 01:15,43.831,
Plot Title: T04,2459,5/31/26 01:30,43.648,
Plot Title: T04,2460,5/31/26 01:45,43.648,
Plot Title: T04,2461,5/31/26 02:00,43.466,
Plot Title: T04,2462,5/31/26 02:15,43.466,
Plot Title: T04,2463,5/31/26 02:30,43.466,
Plot Title: T04,2464,5/31/26 02:45,43.282,
Plot Title: T04,2465,5/31/26 03:00,43.282,
Plot Title: T04,2466,5/31/26 03:15,43.282,
Plot Title: T04,2467,5/31/26 03:30,43.099,
Plot Title: T04,2468,5/31/26 03:45,43.099,
Plot Title: T04,2469,5/31/26 04:00,43.099,
Plot Title: T04,2470,5/31/26 04:15,43.099,
Plot Title: T04,2471,5/31/26 04:30,43.099,
Plot Title: T04,2472,5/31/26 04:45,43.099,
Plot Title: T04,2473,5/31/26 05:00,42.915,
Plot Title: T04,2474,5/31/26 05:15,42.915,
Plot Title: T04,2475,5/31/26 05:30,42.732,
Plot Title: T04,2476,5/31/26 05:45,42.732,
Plot Title: T04,2477,5/31/26 06:00,42.548,
Plot Title: T04,2478,5/31/26 06:15,42.732,
Plot Title: T04,2479,5/31/26 06:30,42.732,
Plot Title: T04,2480,5/31/26 06:45,42.732,
Plot Title: T04,2481,5/31/26 07:00,42.732,
Plot Title: T04,2482,5/31/26 07:15,42.732,
Plot Title: T04,2483,5/31/26 07:30,42.548,
Plot Title: T04,2484,5/31/26 07:45,42.179,
Plot Title: T04,2485,5/31/26 08:00,41.81,
Plot Title: T04,2486,5/31/26 08:15,41.439,
Plot Title: T04,2487,5/31/26 08:30,41.254,
Plot Title: T04,2488,5/31/26 08:45,41.067,
Plot Title: T04,2489,5/31/26 09:00,41.254,
Plot Title: T04,2490,5/31/26 09:15,41.994,
Plot Title: T04,2491,5/31/26 09:30,42.732,
Plot Title: T04,2492,5/31/26 09:45,42.915,
Plot Title: T04,2493,5/31/26 10:00,43.099,
Plot Title: T04,2494,5/31/26 10:15,43.282,
Plot Title: T04,2495,5/31/26 10:30,43.648,
Plot Title: T04,2496,5/31/26 10:45,44.379,
Plot Title: T04,2497,5/31/26 11:00,44.922,
Plot Title: T04,2498,5/31/26 11:15,45.104,
Plot Title: T04,2499,5/31/26 11:30,44.922,
Plot Title: T04,2500,5/31/26 11:45,44.922,
Plot Title: T04,2501,5/31/26 12:00,44.742,
Plot Title: T04,2502,5/31/26 12:15,45.286,
Plot Title: T04,2503,5/31/26 12:30,46.188,
Plot Title: T04,2504,5/31/26 12:45,45.466,
Plot Title: T04,2505,5/31/26 13:00,46.188,
Plot Title: T04,2506,5/31/26 13:15,47.446,
Plot Title: T04,2507,5/31/26 13:30,47.266,
Plot Title: T04,2508,5/31/26 13:45,46.369,
Plot Title: T04,2509,5/31/26 14:00,47.266,
Plot Title: T04,2510,5/31/26 14:15,47.624,
Plot Title: T04,2511,5/31/26 14:30,47.088,
Plot Title: T04,2512,5/31/26 14:45,46.728,
Plot Title: T04,2513,5/31/26 15:00,45.466,
Plot Title: T04,2514,5/31/26 15:15,44.922,
Plot Title: T04,2515,5/31/26 15:30,43.648,
Plot Title: T04,2516,5/31/26 15:45,42.363,
Plot Title: T04,2517,5/31/26 16:00,43.099,
Plot Title: T04,2518,5/31/26 16:15,44.013,
Plot Title: T04,2519,5/31/26 16:30,44.379,
Plot Title: T04,2520,5/31/26 16:45,44.379,
Plot Title: T04,2521,5/31/26 17:00,44.379,
Plot Title: T04,2522,5/31/26 17:15,44.742,
Plot Title: T04,2523,5/31/26 17:30,45.104,
Plot Title: T04,2524,5/31/26 17:45,45.104,
Plot Title: T04,2525,5/31/26 18:00,44.922,
Plot Title: T04,2526,5/31/26 18:15,44.742,
Plot Title: T04,2527,5/31/26 18:30,44.379,
Plot Title: T04,2528,5/31/26 18:45,42.915,
Plot Title: T04,2529,5/31/26 19:00,41.439,
Plot Title: T04,2530,5/31/26 19:15,40.881,
Plot Title: T04,2531,5/31/26 19:30,40.881,
Plot Title: T04,2532,5/31/26 19:45,40.881,
Plot Title: T04,2533,5/31/26 20:00,40.881,
Plot Title: T04,2534,5/31/26 20:15,40.696,
Plot Title: T04,2535,5/31/26 20:30,40.696,
Plot Title: T04,2536,5/31/26 20:45,40.881,
Plot Title: T04,2537,5/31/26 21:00,40.696,
Plot Title: T04,2538,5/31/26 21:15,40.509,
Plot Title: T04,2539,5/31/26 21:30,40.321,
Plot Title: T04,2540,5/31/26 21:45,40.509,
Plot Title: T04,2541,5/31/26 22:00,40.509,
Plot Title: T04,2542,5/31/26 22:15,40.509,
Plot Title: T04,2543,5/31/26 22:30,40.509,
Plot Title: T04,2544,5/31/26 22:45,40.509,
Plot Title: T04,2545,5/31/26 23:00,40.509,
Plot Title: T04,2546,5/31/26 23:15,40.509,
Plot Title: T04,2547,5/31/26 23:30,40.509,
Plot Title: T04,2548,5/31/26 23:45,40.321,
Plot Title: T04,2549,6/1/26 00:00,40.321,
Plot Title: T04,2550,6/1/26 00:15,40.321,
Plot Title: T04,2551,6/1/26 00:30,40.321,
Plot Title: T04,2552,6/1/26 00:45,40.134,
Plot Title: T04,2553,6/1/26 01:00,40.134,
Plot Title: T04,2554,6/1/26 01:15,39.947,
Plot Title: T04,2555,6/1/26 01:30,39.76,
Plot Title: T04,2556,6/1/26 01:45,39.947,
Plot Title: T04,2557,6/1/26 02:00,39.76,
Plot Title: T04,2558,6/1/26 02:15,39.573,
Plot Title: T04,2559,6/1/26 02:30,39.573,
Plot Title: T04,2560,6/1/26 02:45,39.573,
Plot Title: T04,2561,6/1/26 03:00,39.196,
Plot Title: T04,2562,6/1/26 03:15,38.818,
Plot Title: T04,2563,6/1/26 03:30,38.629,
Plot Title: T04,2564,6/1/26 03:45,38.25,
Plot Title: T04,2565,6/1/26 04:00,38.25,
Plot Title: T04,2566,6/1/26 04:15,38.061,
Plot Title: T04,2567,6/1/26 04:30,37.87,
Plot Title: T04,2568,6/1/26 04:45,37.679,
Plot Title: T04,2569,6/1/26 05:00,37.679,
Plot Title: T04,2570,6/1/26 05:15,37.488,
Plot Title: T04,2571,6/1/26 05:30,37.488,
Plot Title: T04,2572,6/1/26 05:45,37.297,
Plot Title: T04,2573,6/1/26 06:00,37.297,
Plot Title: T04,2574,6/1/26 06:15,37.297,
Plot Title: T04,2575,6/1/26 06:30,37.488,
Plot Title: T04,2576,6/1/26 06:45,37.488,
Plot Title: T04,2577,6/1/26 07:00,37.679,
Plot Title: T04,2578,6/1/26 07:15,37.87,
Plot Title: T04,2579,6/1/26 07:30,38.061,
Plot Title: T04,2580,6/1/26 07:45,38.629,
Plot Title: T04,2581,6/1/26 08:00,39.007,
Plot Title: T04,2582,6/1/26 08:15,39.384,
Plot Title: T04,2583,6/1/26 08:30,40.696,
Plot Title: T04,2584,6/1/26 08:45,45.286,
Plot Title: T04,2585,6/1/26 09:00,49.404,
Plot Title: T04,2586,6/1/26 09:15,47.802,
Plot Title: T04,2587,6/1/26 09:30,47.088,
Plot Title: T04,2588,6/1/26 09:45,47.088,
Plot Title: T04,2589,6/1/26 10:00,47.624,
Plot Title: T04,2590,6/1/26 10:15,47.624,
Plot Title: T04,2591,6/1/26 10:30,48.517,
Plot Title: T04,2592,6/1/26 10:45,50.466,
Plot Title: T04,2593,6/1/26 11:00,52.225,
Plot Title: T04,2594,6/1/26 11:15,57.958,
Plot Title: T04,2595,6/1/26 11:30,61.054,
Plot Title: T04,2596,6/1/26 11:45,61.227,
Plot Title: T04,2597,6/1/26 12:00,56.577,
Plot Title: T04,2598,6/1/26 12:15,55.537,
Plot Title: T04,2599,6/1/26 12:30,62.083,
Plot Title: T04,2600,6/1/26 12:45,66.537,
Plot Title: T04,2601,6/1/26 13:00,70.308,
Plot Title: T04,2602,6/1/26 13:15,71.168,
Plot Title: T04,2603,6/1/26 13:30,73.062,
Plot Title: T04,2604,6/1/26 13:45,72.199,
Plot Title: T04,2605,6/1/26 14:00,68.592,
Plot Title: T04,2606,6/1/26 14:15,63.111,
Plot Title: T04,2607,6/1/26 14:30,60.539,
Plot Title: T04,2608,6/1/26 14:45,60.195,
Plot Title: T04,2609,6/1/26 15:00,60.195,
Plot Title: T04,2610,6/1/26 15:15,64.139,
Plot Title: T04,2611,6/1/26 15:30,65.851,
Plot Title: T04,2612,6/1/26 15:45,65.338,
Plot Title: T04,2613,6/1/26 16:00,61.398,
Plot Title: T04,2614,6/1/26 16:15,58.82,
Plot Title: T04,2615,6/1/26 16:30,57.441,
Plot Title: T04,2616,6/1/26 16:45,56.404,
Plot Title: T04,2617,6/1/26 17:00,55.189,
Plot Title: T04,2618,6/1/26 17:15,54.495,
Plot Title: T04,2619,6/1/26 17:30,54.147,
Plot Title: T04,2620,6/1/26 17:45,53.1,
Plot Title: T04,2621,6/1/26 18:00,52.925,
Plot Title: T04,2622,6/1/26 18:15,52.925,
Plot Title: T04,2623,6/1/26 18:30,52.05,
Plot Title: T04,2624,6/1/26 18:45,51.172,
Plot Title: T04,2625,6/1/26 19:00,50.29,
Plot Title: T04,2626,6/1/26 19:15,50.113,
Plot Title: T04,2627,6/1/26 19:30,49.759,
Plot Title: T04,2628,6/1/26 19:45,49.228,
Plot Title: T04,2629,6/1/26 20:00,48.695,
Plot Title: T04,2630,6/1/26 20:15,48.339,
Plot Title: T04,2631,6/1/26 20:30,47.624,
Plot Title: T04,2632,6/1/26 20:45,46.728,
Plot Title: T04,2633,6/1/26 21:00,46.008,
Plot Title: T04,2634,6/1/26 21:15,45.648,
Plot Title: T04,2635,6/1/26 21:30,45.286,
Plot Title: T04,2636,6/1/26 21:45,44.922,
Plot Title: T04,2637,6/1/26 22:00,44.922,
Plot Title: T04,2638,6/1/26 22:15,44.56,
Plot Title: T04,2639,6/1/26 22:30,44.195,
Plot Title: T04,2640,6/1/26 22:45,44.013,
Plot Title: T04,2641,6/1/26 23:00,43.831,
Plot Title: T04,2642,6/1/26 23:15,44.013,
Plot Title: T04,2643,6/1/26 23:30,44.195,
Plot Title: T04,2644,6/1/26 23:45,44.195,
Plot Title: T04,2645,6/2/26 00:00,43.648,
Plot Title: T04,2646,6/2/26 00:15,43.282,
Plot Title: T04,2647,6/2/26 00:30,43.099,
Plot Title: T04,2648,6/2/26 00:45,42.915,
Plot Title: T04,2649,6/2/26 01:00,42.732,
Plot Title: T04,2650,6/2/26 01:15,42.363,
Plot Title: T04,2651,6/2/26 01:30,42.179,
Plot Title: T04,2652,6/2/26 01:45,41.994,
Plot Title: T04,2653,6/2/26 02:00,41.81,
Plot Title: T04,2654,6/2/26 02:15,41.625,
Plot Title: T04,2655,6/2/26 02:30,41.439,
Plot Title: T04,2656,6/2/26 02:45,41.254,
Plot Title: T04,2657,6/2/26 03:00,41.067,
Plot Title: T04,2658,6/2/26 03:15,41.067,
Plot Title: T04,2659,6/2/26 03:30,40.881,
Plot Title: T04,2660,6/2/26 03:45,40.881,
Plot Title: T04,2661,6/2/26 04:00,40.881,
Plot Title: T04,2662,6/2/26 04:15,41.067,
Plot Title: T04,2663,6/2/26 04:30,41.254,
Plot Title: T04,2664,6/2/26 04:45,41.254,
Plot Title: T04,2665,6/2/26 05:00,41.254,
Plot Title: T04,2666,6/2/26 05:15,41.067,
Plot Title: T04,2667,6/2/26 05:30,41.067,
Plot Title: T04,2668,6/2/26 05:45,41.067,
Plot Title: T04,2669,6/2/26 06:00,41.067,
Plot Title: T04,2670,6/2/26 06:15,41.067,
Plot Title: T04,2671,6/2/26 06:30,40.881,
Plot Title: T04,2672,6/2/26 06:45,40.696,
Plot Title: T04,2673,6/2/26 07:00,40.509,
Plot Title: T04,2674,6/2/26 07:15,40.696,
Plot Title: T04,2675,6/2/26 07:30,40.881,
Plot Title: T04,2676,6/2/26 07:45,41.254,
Plot Title: T04,2677,6/2/26 08:00,41.625,
Plot Title: T04,2678,6/2/26 08:15,42.548,
Plot Title: T04,2679,6/2/26 08:30,44.922,
Plot Title: T04,2680,6/2/26 08:45,45.648,
Plot Title: T04,2681,6/2/26 09:00,46.548,
Plot Title: T04,2682,6/2/26 09:15,47.088,
Plot Title: T04,2683,6/2/26 09:30,47.802,
Plot Title: T04,2684,6/2/26 09:45,47.802,
Plot Title: T04,2685,6/2/26 10:00,48.339,
Plot Title: T04,2686,6/2/26 10:15,48.517,
Plot Title: T04,2687,6/2/26 10:30,49.228,
Plot Title: T04,2688,6/2/26 10:45,50.819,
Plot Title: T04,2689,6/2/26 11:00,52.576,
Plot Title: T04,2690,6/2/26 11:15,54.495,
Plot Title: T04,2691,6/2/26 11:30,52.925,
Plot Title: T04,2692,6/2/26 11:45,52.225,
Plot Title: T04,2693,6/2/26 12:00,51.699,
Plot Title: T04,2694,6/2/26 12:15,52.05,
Plot Title: T04,2695,6/2/26 12:30,54.842,
Plot Title: T04,2696,6/2/26 12:45,55.364,
Plot Title: T04,2697,6/2/26 13:00,59.337,
Plot Title: T04,2698,6/2/26 13:15,60.024,
Plot Title: T04,2699,6/2/26 13:30,61.741,
Plot Title: T04,2700,6/2/26 13:45,64.652,
Plot Title: T04,2701,6/2/26 14:00,61.912,
Plot Title: T04,2702,6/2/26 14:15,58.647,
Plot Title: T04,2703,6/2/26 14:30,57.441,
Plot Title: T04,2704,6/2/26 14:45,57.614,
Plot Title: T04,2705,6/2/26 15:00,57.441,
Plot Title: T04,2706,6/2/26 15:15,57.096,
Plot Title: T04,2707,6/2/26 15:30,58.82,
Plot Title: T04,2708,6/2/26 15:45,59.337,
Plot Title: T04,2709,6/2/26 16:00,58.303,
Plot Title: T04,2710,6/2/26 16:15,58.82,
Plot Title: T04,2711,6/2/26 16:30,58.303,
Plot Title: T04,2712,6/2/26 16:45,57.268,
Plot Title: T04,2713,6/2/26 17:00,56.577,
Plot Title: T04,2714,6/2/26 17:15,56.404,
Plot Title: T04,2715,6/2/26 17:30,56.057,
Plot Title: T04,2716,6/2/26 17:45,56.75,
Plot Title: T04,2717,6/2/26 18:00,56.057,
Plot Title: T04,2718,6/2/26 18:15,54.842,
Plot Title: T04,2719,6/2/26 18:30,53.623,
Plot Title: T04,2720,6/2/26 18:45,52.576,
Plot Title: T04,2721,6/2/26 19:00,51.874,
Plot Title: T04,2722,6/2/26 19:15,51.523,
Plot Title: T04,2723,6/2/26 19:30,51.346,
Plot Title: T04,2724,6/2/26 19:45,50.643,
Plot Title: T04,2725,6/2/26 20:00,50.29,
Plot Title: T04,2726,6/2/26 20:15,49.759,
Plot Title: T04,2727,6/2/26 20:30,48.695,
Plot Title: T04,2728,6/2/26 20:45,47.982,
Plot Title: T04,2729,6/2/26 21:00,47.624,
Plot Title: T04,2730,6/2/26 21:15,47.266,
Plot Title: T04,2731,6/2/26 21:30,46.908,
Plot Title: T04,2732,6/2/26 21:45,46.548,
Plot Title: T04,2733,6/2/26 22:00,46.369,
Plot Title: T04,2734,6/2/26 22:15,46.369,
Plot Title: T04,2735,6/2/26 22:30,46.369,
Plot Title: T04,2736,6/2/26 22:45,46.188,
Plot Title: T04,2737,6/2/26 23:00,45.828,
Plot Title: T04,2738,6/2/26 23:15,45.466,
Plot Title: T04,2739,6/2/26 23:30,44.922,
Plot Title: T04,2740,6/2/26 23:45,44.742,
Plot Title: T04,2741,6/3/26 00:00,44.379,
Plot Title: T04,2742,6/3/26 00:15,44.195,
Plot Title: T04,2743,6/3/26 00:30,44.195,
Plot Title: T04,2744,6/3/26 00:45,44.013,
Plot Title: T04,2745,6/3/26 01:00,43.831,
Plot Title: T04,2746,6/3/26 01:15,43.648,
Plot Title: T04,2747,6/3/26 01:30,43.282,
Plot Title: T04,2748,6/3/26 01:45,43.282,
Plot Title: T04,2749,6/3/26 02:00,43.099,
Plot Title: T04,2750,6/3/26 02:15,42.915,
Plot Title: T04,2751,6/3/26 02:30,42.548,
Plot Title: T04,2752,6/3/26 02:45,42.363,
Plot Title: T04,2753,6/3/26 03:00,42.363,
Plot Title: T04,2754,6/3/26 03:15,42.179,
Plot Title: T04,2755,6/3/26 03:30,42.179,
Plot Title: T04,2756,6/3/26 03:45,42.179,
Plot Title: T04,2757,6/3/26 04:00,41.994,
Plot Title: T04,2758,6/3/26 04:15,41.994,
Plot Title: T04,2759,6/3/26 04:30,41.81,
Plot Title: T04,2760,6/3/26 04:45,41.81,
Plot Title: T04,2761,6/3/26 05:00,41.625,
Plot Title: T04,2762,6/3/26 05:15,41.625,
Plot Title: T04,2763,6/3/26 05:30,41.439,
Plot Title: T04,2764,6/3/26 05:45,41.254,
Plot Title: T04,2765,6/3/26 06:00,41.067,
Plot Title: T04,2766,6/3/26 06:15,41.067,
Plot Title: T04,2767,6/3/26 06:30,41.067,
Plot Title: T04,2768,6/3/26 06:45,41.254,
Plot Title: T04,2769,6/3/26 07:00,41.254,
Plot Title: T04,2770,6/3/26 07:15,41.439,
Plot Title: T04,2771,6/3/26 07:30,41.625,
Plot Title: T04,2772,6/3/26 07:45,41.994,
Plot Title: T04,2773,6/3/26 08:00,42.548,
Plot Title: T04,2774,6/3/26 08:15,43.282,
Plot Title: T04,2775,6/3/26 08:30,44.922,
Plot Title: T04,2776,6/3/26 08:45,49.05,
Plot Title: T04,2777,6/3/26 09:00,53.1,
Plot Title: T04,2778,6/3/26 09:15,51.172,
Plot Title: T04,2779,6/3/26 09:30,50.29,
Plot Title: T04,2780,6/3/26 09:45,49.05,
Plot Title: T04,2781,6/3/26 10:00,48.16,
Plot Title: T04,2782,6/3/26 10:15,47.802,
Plot Title: T04,2783,6/3/26 10:30,47.982,
Plot Title: T04,2784,6/3/26 10:45,52.925,
Plot Title: T04,2785,6/3/26 11:00,55.364,
Plot Title: T04,2786,6/3/26 11:15,60.883,
Plot Title: T04,2787,6/3/26 11:30,64.139,
Plot Title: T04,2788,6/3/26 11:45,63.626,
Plot Title: T04,2789,6/3/26 12:00,58.82,
Plot Title: T04,2790,6/3/26 12:15,57.785,
Plot Title: T04,2791,6/3/26 12:30,65.851,
Plot Title: T04,2792,6/3/26 12:45,71.683,
Plot Title: T04,2793,6/3/26 13:00,74.964,
Plot Title: T04,2794,6/3/26 13:15,76.876,
Plot Title: T04,2795,6/3/26 13:30,78.449,
Plot Title: T04,2796,6/3/26 13:45,79.502,
Plot Title: T04,2797,6/3/26 14:00,71.683,
Plot Title: T04,2798,6/3/26 14:15,65.167,
Plot Title: T04,2799,6/3/26 14:30,61.912,
Plot Title: T04,2800,6/3/26 14:45,60.712,
Plot Title: T04,2801,6/3/26 15:00,61.227,
Plot Title: T04,2802,6/3/26 15:15,67.906,
Plot Title: T04,2803,6/3/26 15:30,73.062,
Plot Title: T04,2804,6/3/26 15:45,74.446,
Plot Title: T04,2805,6/3/26 16:00,69.622,
Plot Title: T04,2806,6/3/26 16:15,66.193,
Plot Title: T04,2807,6/3/26 16:30,62.94,
Plot Title: T04,2808,6/3/26 16:45,61.398,
Plot Title: T04,2809,6/3/26 17:00,60.539,
Plot Title: T04,2810,6/3/26 17:15,60.712,
Plot Title: T04,2811,6/3/26 17:30,60.024,
Plot Title: T04,2812,6/3/26 17:45,59.508,
Plot Title: T04,2813,6/3/26 18:00,58.993,
Plot Title: T04,2814,6/3/26 18:15,58.993,
Plot Title: T04,2815,6/3/26 18:30,58.303,
Plot Title: T04,2816,6/3/26 18:45,57.958,
Plot Title: T04,2817,6/3/26 19:00,57.614,
Plot Title: T04,2818,6/3/26 19:15,56.923,
Plot Title: T04,2819,6/3/26 19:30,56.23,
Plot Title: T04,2820,6/3/26 19:45,55.537,
Plot Title: T04,2821,6/3/26 20:00,54.842,
Plot Title: T04,2822,6/3/26 20:15,54.147,
Plot Title: T04,2823,6/3/26 20:30,53.274,
Plot Title: T04,2824,6/3/26 20:45,52.75,
Plot Title: T04,2825,6/3/26 21:00,52.401,
Plot Title: T04,2826,6/3/26 21:15,52.05,
Plot Title: T04,2827,6/3/26 21:30,52.05,
Plot Title: T04,2828,6/3/26 21:45,51.874,
Plot Title: T04,2829,6/3/26 22:00,51.523,
Plot Title: T04,2830,6/3/26 22:15,50.995,
Plot Title: T04,2831,6/3/26 22:30,50.643,
Plot Title: T04,2832,6/3/26 22:45,50.643,
Plot Title: T04,2833,6/3/26 23:00,50.466,
Plot Title: T04,2834,6/3/26 23:15,50.29,
Plot Title: T04,2835,6/3/26 23:30,49.937,
Plot Title: T04,2836,6/3/26 23:45,49.404,
Plot Title: T04,2837,6/4/26 00:00,49.05,
Plot Title: T04,2838,6/4/26 00:15,49.05,
Plot Title: T04,2839,6/4/26 00:30,49.05,
Plot Title: T04,2840,6/4/26 00:45,49.228,
Plot Title: T04,2841,6/4/26 01:00,48.695,
Plot Title: T04,2842,6/4/26 01:15,48.695,
Plot Title: T04,2843,6/4/26 01:30,48.695,
Plot Title: T04,2844,6/4/26 01:45,48.871,
Plot Title: T04,2845,6/4/26 02:00,48.871,
Plot Title: T04,2846,6/4/26 02:15,48.871,
Plot Title: T04,2847,6/4/26 02:30,48.695,
Plot Title: T04,2848,6/4/26 02:45,48.517,
Plot Title: T04,2849,6/4/26 03:00,48.339,
Plot Title: T04,2850,6/4/26 03:15,48.16,
Plot Title: T04,2851,6/4/26 03:30,47.802,
Plot Title: T04,2852,6/4/26 03:45,47.446,
Plot Title: T04,2853,6/4/26 04:00,47.266,
Plot Title: T04,2854,6/4/26 04:15,46.908,
Plot Title: T04,2855,6/4/26 04:30,46.548,
Plot Title: T04,2856,6/4/26 04:45,46.369,
Plot Title: T04,2857,6/4/26 05:00,46.369,
Plot Title: T04,2858,6/4/26 05:15,46.188,
Plot Title: T04,2859,6/4/26 05:30,46.188,
Plot Title: T04,2860,6/4/26 05:45,46.188,
Plot Title: T04,2861,6/4/26 06:00,46.548,
Plot Title: T04,2862,6/4/26 06:15,46.908,
Plot Title: T04,2863,6/4/26 06:30,47.088,
Plot Title: T04,2864,6/4/26 06:45,47.266,
Plot Title: T04,2865,6/4/26 07:00,47.624,
Plot Title: T04,2866,6/4/26 07:15,48.339,
Plot Title: T04,2867,6/4/26 07:30,48.695,
Plot Title: T04,2868,6/4/26 07:45,48.871,
Plot Title: T04,2869,6/4/26 08:00,49.05,
Plot Title: T04,2870,6/4/26 08:15,50.29,
Plot Title: T04,2871,6/4/26 08:30,52.225,
Plot Title: T04,2872,6/4/26 08:45,56.057,
Plot Title: T04,2873,6/4/26 09:00,58.303,
Plot Title: T04,2874,6/4/26 09:15,55.884,
Plot Title: T04,2875,6/4/26 09:30,55.364,
Plot Title: T04,2876,6/4/26 09:45,53.798,
Plot Title: T04,2877,6/4/26 10:00,53.798,
Plot Title: T04,2878,6/4/26 10:15,54.669,
Plot Title: T04,2879,6/4/26 10:30,53.973,
Plot Title: T04,2880,6/4/26 10:45,54.147,
Plot Title: T04,2881,6/4/26 11:00,54.322,
Plot Title: T04,2882,6/4/26 11:15,55.189,
Plot Title: T04,2883,6/4/26 11:30,55.884,
Plot Title: T04,2884,6/4/26 11:45,56.057,
Plot Title: T04,2885,6/4/26 12:00,56.577,
Plot Title: T04,2886,6/4/26 12:15,57.614,
Plot Title: T04,2887,6/4/26 12:30,61.741,
Plot Title: T04,2888,6/4/26 12:45,65.167,
Plot Title: T04,2889,6/4/26 13:00,66.193,
Plot Title: T04,2890,6/4/26 13:15,64.139,
Plot Title: T04,2891,6/4/26 13:30,64.481,
Plot Title: T04,2892,6/4/26 13:45,69.793,
Plot Title: T04,2893,6/4/26 14:00,65.68,
Plot Title: T04,2894,6/4/26 14:15,62.598,
Plot Title: T04,2895,6/4/26 14:30,61.227,
Plot Title: T04,2896,6/4/26 14:45,60.368,
Plot Title: T04,2897,6/4/26 15:00,59.851,
Plot Title: T04,2898,6/4/26 15:15,61.398,
Plot Title: T04,2899,6/4/26 15:30,67.05,
Plot Title: T04,2900,6/4/26 15:45,64.652,
Plot Title: T04,2901,6/4/26 16:00,63.455,
Plot Title: T04,2902,6/4/26 16:15,61.054,
Plot Title: T04,2903,6/4/26 16:30,60.024,
Plot Title: T04,2904,6/4/26 16:45,58.993,
Plot Title: T04,2905,6/4/26 17:00,58.131,
Plot Title: T04,2906,6/4/26 17:15,58.131,
Plot Title: T04,2907,6/4/26 17:30,58.131,
Plot Title: T04,2908,6/4/26 17:45,57.785,
Plot Title: T04,2909,6/4/26 18:00,57.614,
Plot Title: T04,2910,6/4/26 18:15,56.75,
Plot Title: T04,2911,6/4/26 18:30,55.711,
Plot Title: T04,2912,6/4/26 18:45,55.017,
Plot Title: T04,2913,6/4/26 19:00,54.147,
Plot Title: T04,2914,6/4/26 19:15,53.449,
Plot Title: T04,2915,6/4/26 19:30,52.75,
Plot Title: T04,2916,6/4/26 19:45,52.225,
Plot Title: T04,2917,6/4/26 20:00,51.874,
Plot Title: T04,2918,6/4/26 20:15,51.346,
Plot Title: T04,2919,6/4/26 20:30,50.995,
Plot Title: T04,2920,6/4/26 20:45,50.643,
Plot Title: T04,2921,6/4/26 21:00,50.113,
Plot Title: T04,2922,6/4/26 21:15,49.937,
Plot Title: T04,2923,6/4/26 21:30,49.582,
Plot Title: T04,2924,6/4/26 21:45,49.228,
Plot Title: T04,2925,6/4/26 22:00,49.05,
Plot Title: T04,2926,6/4/26 22:15,48.695,
Plot Title: T04,2927,6/4/26 22:30,48.517,
Plot Title: T04,2928,6/4/26 22:45,48.339,
Plot Title: T04,2929,6/4/26 23:00,48.16,
Plot Title: T04,2930,6/4/26 23:15,47.982,
Plot Title: T04,2931,6/4/26 23:30,47.802,
Plot Title: T04,2932,6/4/26 23:45,47.446,
Plot Title: T04,2933,6/5/26 00:00,47.266,
Plot Title: T04,2934,6/5/26 00:15,47.088,
Plot Title: T04,2935,6/5/26 00:30,46.908,
Plot Title: T04,2936,6/5/26 00:45,46.908,
Plot Title: T04,2937,6/5/26 01:00,46.728,
Plot Title: T04,2938,6/5/26 01:15,46.548,
Plot Title: T04,2939,6/5/26 01:30,46.369,
Plot Title: T04,2940,6/5/26 01:45,46.188,
Plot Title: T04,2941,6/5/26 02:00,46.008,
Plot Title: T04,2942,6/5/26 02:15,46.008,
Plot Title: T04,2943,6/5/26 02:30,45.648,
Plot Title: T04,2944,6/5/26 02:45,45.466,
Plot Title: T04,2945,6/5/26 03:00,45.286,
Plot Title: T04,2946,6/5/26 03:15,45.104,
Plot Title: T04,2947,6/5/26 03:30,44.922,
Plot Title: T04,2948,6/5/26 03:45,44.922,
Plot Title: T04,2949,6/5/26 04:00,44.742,
Plot Title: T04,2950,6/5/26 04:15,44.56,
Plot Title: T04,2951,6/5/26 04:30,44.379,
Plot Title: T04,2952,6/5/26 04:45,44.379,
Plot Title: T04,2953,6/5/26 05:00,44.195,
Plot Title: T04,2954,6/5/26 05:15,44.013,
Plot Title: T04,2955,6/5/26 05:30,44.013,
Plot Title: T04,2956,6/5/26 05:45,43.831,
Plot Title: T04,2957,6/5/26 06:00,43.831,
Plot Title: T04,2958,6/5/26 06:15,43.831,
Plot Title: T04,2959,6/5/26 06:30,43.831,
Plot Title: T04,2960,6/5/26 06:45,44.013,
Plot Title: T04,2961,6/5/26 07:00,44.013,
Plot Title: T04,2962,6/5/26 07:15,44.195,
Plot Title: T04,2963,6/5/26 07:30,44.379,
Plot Title: T04,2964,6/5/26 07:45,44.742,
Plot Title: T04,2965,6/5/26 08:00,45.286,
Plot Title: T04,2966,6/5/26 08:15,46.008,
Plot Title: T04,2967,6/5/26 08:30,47.624,
Plot Title: T04,2968,6/5/26 08:45,51.699,
Plot Title: T04,2969,6/5/26 09:00,54.495,
Plot Title: T04,2970,6/5/26 09:15,52.05,
Plot Title: T04,2971,6/5/26 09:30,51.699,
Plot Title: T04,2972,6/5/26 09:45,50.466,
Plot Title: T04,2973,6/5/26 10:00,49.759,
Plot Title: T04,2974,6/5/26 10:15,49.404,
Plot Title: T04,2975,6/5/26 10:30,49.404,
Plot Title: T04,2976,6/5/26 10:45,55.711,
Plot Title: T04,2977,6/5/26 11:00,57.096,
Plot Title: T04,2978,6/5/26 11:15,62.425,
Plot Title: T04,2979,6/5/26 11:30,65.68,
Plot Title: T04,2980,6/5/26 11:45,66.193,
Plot Title: T04,2981,6/5/26 12:00,61.054,
Plot Title: T04,2982,6/5/26 12:15,60.024,
Plot Title: T04,2983,6/5/26 12:30,68.763,
Plot Title: T04,2984,6/5/26 12:45,74.098,
Plot Title: T04,2985,6/5/26 13:00,77.225,
Plot Title: T04,2986,6/5/26 13:15,79.151,
Plot Title: T04,2987,6/5/26 13:30,80.382,
Plot Title: T04,2988,6/5/26 13:45,80.911,
Plot Title: T04,2989,6/5/26 14:00,73.062,
Plot Title: T04,2990,6/5/26 14:15,66.708,
Plot Title: T04,2991,6/5/26 14:30,63.797,
Plot Title: T04,2992,6/5/26 14:45,63.111,
Plot Title: T04,2993,6/5/26 15:00,63.455,
Plot Title: T04,2994,6/5/26 15:15,69.793,
Plot Title: T04,2995,6/5/26 15:30,75.139,
Plot Title: T04,2996,6/5/26 15:45,76.876,
Plot Title: T04,2997,6/5/26 16:00,71.856,
Plot Title: T04,2998,6/5/26 16:15,68.763,
Plot Title: T04,2999,6/5/26 16:30,64.652,
Plot Title: T04,3000,6/5/26 16:45,62.254,
Plot Title: T04,3001,6/5/26 17:00,60.712,
Plot Title: T04,3002,6/5/26 17:15,61.398,
Plot Title: T04,3003,6/5/26 17:30,61.054,
Plot Title: T04,3004,6/5/26 17:45,63.968,
Plot Title: T04,3005,6/5/26 18:00,61.741,
Plot Title: T04,3006,6/5/26 18:15,59.337,
Plot Title: T04,3007,6/5/26 18:30,57.958,
Plot Title: T04,3008,6/5/26 18:45,56.923,
Plot Title: T04,3009,6/5/26 19:00,56.404,
Plot Title: T04,3010,6/5/26 19:15,55.711,
Plot Title: T04,3011,6/5/26 19:30,55.189,
Plot Title: T04,3012,6/5/26 19:45,54.842,
Plot Title: T04,3013,6/5/26 20:00,54.322,
Plot Title: T04,3014,6/5/26 20:15,53.973,
Plot Title: T04,3015,6/5/26 20:30,53.623,
Plot Title: T04,3016,6/5/26 20:45,53.449,
Plot Title: T04,3017,6/5/26 21:00,53.1,
Plot Title: T04,3018,6/5/26 21:15,52.75,
Plot Title: T04,3019,6/5/26 21:30,52.576,
Plot Title: T04,3020,6/5/26 21:45,52.225,
Plot Title: T04,3021,6/5/26 22:00,51.874,
Plot Title: T04,3022,6/5/26 22:15,51.523,
Plot Title: T04,3023,6/5/26 22:30,51.346,
Plot Title: T04,3024,6/5/26 22:45,51.172,
Plot Title: T04,3025,6/5/26 23:00,50.819,
Plot Title: T04,3026,6/5/26 23:15,50.643,
Plot Title: T04,3027,6/5/26 23:30,50.466,
Plot Title: T04,3028,6/5/26 23:45,50.29,
Plot Title: T04,3029,6/6/26 00:00,50.113,
Plot Title: T04,3030,6/6/26 00:15,49.937,
Plot Title: T04,3031,6/6/26 00:30,49.759,
Plot Title: T04,3032,6/6/26 00:45,49.582,
Plot Title: T04,3033,6/6/26 01:00,49.404,
Plot Title: T04,3034,6/6/26 01:15,49.05,
Plot Title: T04,3035,6/6/26 01:30,48.695,
Plot Title: T04,3036,6/6/26 01:45,48.517,
Plot Title: T04,3037,6/6/26 02:00,48.339,
Plot Title: T04,3038,6/6/26 02:15,48.16,
Plot Title: T04,3039,6/6/26 02:30,47.802,
Plot Title: T04,3040,6/6/26 02:45,47.802,
Plot Title: T04,3041,6/6/26 03:00,47.802,
Plot Title: T04,3042,6/6/26 03:15,47.624,
Plot Title: T04,3043,6/6/26 03:30,47.446,
Plot Title: T04,3044,6/6/26 03:45,47.446,
Plot Title: T04,3045,6/6/26 04:00,47.266,
Plot Title: T04,3046,6/6/26 04:15,47.088,
Plot Title: T04,3047,6/6/26 04:30,46.908,
Plot Title: T04,3048,6/6/26 04:45,46.728,
Plot Title: T04,3049,6/6/26 05:00,46.728,
Plot Title: T04,3050,6/6/26 05:15,46.548,
Plot Title: T04,3051,6/6/26 05:30,46.369,
Plot Title: T04,3052,6/6/26 05:45,46.369,
Plot Title: T04,3053,6/6/26 06:00,46.369,
Plot Title: T04,3054,6/6/26 06:15,46.369,
Plot Title: T04,3055,6/6/26 06:30,46.548,
Plot Title: T04,3056,6/6/26 06:45,47.266,
Plot Title: T04,3057,6/6/26 07:00,47.624,
Plot Title: T04,3058,6/6/26 07:15,47.982,
Plot Title: T04,3059,6/6/26 07:30,48.695,
Plot Title: T04,3060,6/6/26 07:45,49.05,
Plot Title: T04,3061,6/6/26 08:00,49.937,
Plot Title: T04,3062,6/6/26 08:15,50.995,
Plot Title: T04,3063,6/6/26 08:30,52.925,
Plot Title: T04,3064,6/6/26 08:45,53.973,
Plot Title: T04,3065,6/6/26 09:00,53.973,
Plot Title: T04,3066,6/6/26 09:15,54.495,
Plot Title: T04,3067,6/6/26 09:30,53.798,
Plot Title: T04,3068,6/6/26 09:45,53.798,
Plot Title: T04,3069,6/6/26 10:00,53.623,
Plot Title: T04,3070,6/6/26 10:15,53.449,
Plot Title: T04,3071,6/6/26 10:30,52.925,
Plot Title: T04,3072,6/6/26 10:45,52.576,
Plot Title: T04,3073,6/6/26 11:00,52.925,
Plot Title: T04,3074,6/6/26 11:15,54.495,
Plot Title: T04,3075,6/6/26 11:30,57.785,
Plot Title: T04,3076,6/6/26 11:45,60.368,
Plot Title: T04,3077,6/6/26 12:00,58.993,
Plot Title: T04,3078,6/6/26 12:15,60.024,
Plot Title: T04,3079,6/6/26 12:30,60.368,
Plot Title: T04,3080,6/6/26 12:45,62.254,
Plot Title: T04,3081,6/6/26 13:00,64.31,
Plot Title: T04,3082,6/6/26 13:15,63.455,
Plot Title: T04,3083,6/6/26 13:30,62.425,
Plot Title: T04,3084,6/6/26 13:45,61.227,
Plot Title: T04,3085,6/6/26 14:00,60.883,
Plot Title: T04,3086,6/6/26 14:15,61.569,
Plot Title: T04,3087,6/6/26 14:30,61.912,
Plot Title: T04,3088,6/6/26 14:45,61.398,
Plot Title: T04,3089,6/6/26 15:00,60.368,
Plot Title: T04,3090,6/6/26 15:15,59.164,
Plot Title: T04,3091,6/6/26 15:30,60.024,
Plot Title: T04,3092,6/6/26 15:45,60.712,
Plot Title: T04,3093,6/6/26 16:00,59.508,
Plot Title: T04,3094,6/6/26 16:15,59.337,
Plot Title: T04,3095,6/6/26 16:30,58.303,
Plot Title: T04,3096,6/6/26 16:45,57.785,
Plot Title: T04,3097,6/6/26 17:00,57.441,
Plot Title: T04,3098,6/6/26 17:15,57.268,
Plot Title: T04,3099,6/6/26 17:30,56.75,
Plot Title: T04,3100,6/6/26 17:45,57.268,
Plot Title: T04,3101,6/6/26 18:00,56.404,
Plot Title: T04,3102,6/6/26 18:15,55.364,
Plot Title: T04,3103,6/6/26 18:30,54.669,
Plot Title: T04,3104,6/6/26 18:45,54.147,
Plot Title: T04,3105,6/6/26 19:00,53.623,
Plot Title: T04,3106,6/6/26 19:15,53.274,
Plot Title: T04,3107,6/6/26 19:30,53.1,
Plot Title: T04,3108,6/6/26 19:45,52.401,
Plot Title: T04,3109,6/6/26 20:00,51.874,
Plot Title: T04,3110,6/6/26 20:15,51.346,
Plot Title: T04,3111,6/6/26 20:30,50.995,
Plot Title: T04,3112,6/6/26 20:45,50.819,
Plot Title: T04,3113,6/6/26 21:00,50.29,
Plot Title: T04,3114,6/6/26 21:15,49.759,
Plot Title: T04,3115,6/6/26 21:30,49.228,
Plot Title: T04,3116,6/6/26 21:45,48.695,
Plot Title: T04,3117,6/6/26 22:00,48.339,
Plot Title: T04,3118,6/6/26 22:15,48.16,
Plot Title: T04,3119,6/6/26 22:30,47.982,
Plot Title: T04,3120,6/6/26 22:45,47.802,
Plot Title: T04,3121,6/6/26 23:00,47.982,
Plot Title: T04,3122,6/6/26 23:15,48.339,
Plot Title: T04,3123,6/6/26 23:30,48.339,
Plot Title: T04,3124,6/6/26 23:45,48.16,
Plot Title: T04,3125,6/7/26 00:00,47.982,
Plot Title: T04,3126,6/7/26 00:15,47.982,
Plot Title: T04,3127,6/7/26 00:30,47.802,
Plot Title: T04,3128,6/7/26 00:45,47.624,
Plot Title: T04,3129,6/7/26 01:00,47.446,
Plot Title: T04,3130,6/7/26 01:15,47.266,
Plot Title: T04,3131,6/7/26 01:30,47.088,
Plot Title: T04,3132,6/7/26 01:45,46.728,
Plot Title: T04,3133,6/7/26 02:00,46.548,
Plot Title: T04,3134,6/7/26 02:15,46.369,
Plot Title: T04,3135,6/7/26 02:30,46.369,
Plot Title: T04,3136,6/7/26 02:45,46.548,
Plot Title: T04,3137,6/7/26 03:00,46.728,
Plot Title: T04,3138,6/7/26 03:15,46.548,
Plot Title: T04,3139,6/7/26 03:30,46.548,
Plot Title: T04,3140,6/7/26 03:45,46.369,
Plot Title: T04,3141,6/7/26 04:00,46.188,
Plot Title: T04,3142,6/7/26 04:15,46.188,
Plot Title: T04,3143,6/7/26 04:30,46.008,
Plot Title: T04,3144,6/7/26 04:45,46.369,
Plot Title: T04,3145,6/7/26 05:00,46.548,
Plot Title: T04,3146,6/7/26 05:15,46.369,
Plot Title: T04,3147,6/7/26 05:30,46.008,
Plot Title: T04,3148,6/7/26 05:45,45.466,
Plot Title: T04,3149,6/7/26 06:00,45.286,
Plot Title: T04,3150,6/7/26 06:15,45.104,
Plot Title: T04,3151,6/7/26 06:30,45.104,
Plot Title: T04,3152,6/7/26 06:45,45.286,
Plot Title: T04,3153,6/7/26 07:00,45.648,
Plot Title: T04,3154,6/7/26 07:15,45.828,
Plot Title: T04,3155,6/7/26 07:30,45.466,
Plot Title: T04,3156,6/7/26 07:45,45.828,
Plot Title: T04,3157,6/7/26 08:00,46.008,
Plot Title: T04,3158,6/7/26 08:15,46.369,
Plot Title: T04,3159,6/7/26 08:30,47.446,
Plot Title: T04,3160,6/7/26 08:45,50.466,
Plot Title: T04,3161,6/7/26 09:00,49.937,
Plot Title: T04,3162,6/7/26 09:15,49.05,
Plot Title: T04,3163,6/7/26 09:30,49.404,
Plot Title: T04,3164,6/7/26 09:45,49.05,
Plot Title: T04,3165,6/7/26 10:00,48.871,
Plot Title: T04,3166,6/7/26 10:15,48.695,
Plot Title: T04,3167,6/7/26 10:30,48.695,
Plot Title: T04,3168,6/7/26 10:45,53.973,
Plot Title: T04,3169,6/7/26 11:00,55.364,
Plot Title: T04,3170,6/7/26 11:15,59.508,
Plot Title: T04,3171,6/7/26 11:30,62.254,
Plot Title: T04,3172,6/7/26 11:45,59.508,
Plot Title: T04,3173,6/7/26 12:00,58.993,
Plot Title: T04,3174,6/7/26 12:15,57.268,
Plot Title: T04,3175,6/7/26 12:30,56.057,
Plot Title: T04,3176,6/7/26 12:45,56.75,
Plot Title: T04,3177,6/7/26 13:00,55.884,
Plot Title: T04,3178,6/7/26 13:15,55.189,
Plot Title: T04,3179,6/7/26 13:30,54.669,
Plot Title: T04,3180,6/7/26 13:45,53.449,
Plot Title: T04,3181,6/7/26 14:00,52.225,
Plot Title: T04,3182,6/7/26 14:15,51.172,
Plot Title: T04,3183,6/7/26 14:30,50.29,
Plot Title: T04,3184,6/7/26 14:45,49.582,
Plot Title: T04,3185,6/7/26 15:00,49.228,
Plot Title: T04,3186,6/7/26 15:15,48.871,
Plot Title: T04,3187,6/7/26 15:30,48.871,
Plot Title: T04,3188,6/7/26 15:45,48.871,
Plot Title: T04,3189,6/7/26 16:00,48.517,
Plot Title: T04,3190,6/7/26 16:15,48.339,
Plot Title: T04,3191,6/7/26 16:30,48.871,
Plot Title: T04,3192,6/7/26 16:45,48.871,
Plot Title: T04,3193,6/7/26 17:00,46.728,
Plot Title: T04,3194,6/7/26 17:15,46.188,
Plot Title: T04,3195,6/7/26 17:30,46.008,
Plot Title: T04,3196,6/7/26 17:45,46.548,
Plot Title: T04,3197,6/7/26 18:00,47.266,
Plot Title: T04,3198,6/7/26 18:15,47.266,
Plot Title: T04,3199,6/7/26 18:30,46.908,
Plot Title: T04,3200,6/7/26 18:45,45.828,
Plot Title: T04,3201,6/7/26 19:00,44.742,
Plot Title: T04,3202,6/7/26 19:15,44.379,
Plot Title: T04,3203,6/7/26 19:30,45.104,
Plot Title: T04,3204,6/7/26 19:45,45.104,
Plot Title: T04,3205,6/7/26 20:00,44.742,
Plot Title: T04,3206,6/7/26 20:15,44.379,
Plot Title: T04,3207,6/7/26 20:30,44.195,
Plot Title: T04,3208,6/7/26 20:45,44.013,
Plot Title: T04,3209,6/7/26 21:00,43.648,
Plot Title: T04,3210,6/7/26 21:15,43.466,
Plot Title: T04,3211,6/7/26 21:30,43.282,
Plot Title: T04,3212,6/7/26 21:45,43.099,
Plot Title: T04,3213,6/7/26 22:00,42.548,
Plot Title: T04,3214,6/7/26 22:15,41.81,
Plot Title: T04,3215,6/7/26 22:30,41.439,
Plot Title: T04,3216,6/7/26 22:45,41.254,
Plot Title: T04,3217,6/7/26 23:00,41.067,
Plot Title: T04,3218,6/7/26 23:15,40.881,
Plot Title: T04,3219,6/7/26 23:30,40.696,
Plot Title: T04,3220,6/7/26 23:45,40.509,
Plot Title: T04,3221,6/8/26 00:00,40.321,
Plot Title: T04,3222,6/8/26 00:15,40.134,
Plot Title: T04,3223,6/8/26 00:30,40.134,
Plot Title: T04,3224,6/8/26 00:45,39.947,
Plot Title: T04,3225,6/8/26 01:00,39.76,
Plot Title: T04,3226,6/8/26 01:15,39.573,
Plot Title: T04,3227,6/8/26 01:30,39.384,
Plot Title: T04,3228,6/8/26 01:45,39.007,
Plot Title: T04,3229,6/8/26 02:00,38.818,
Plot Title: T04,3230,6/8/26 02:15,38.629,
Plot Title: T04,3231,6/8/26 02:30,38.44,
Plot Title: T04,3232,6/8/26 02:45,38.25,
Plot Title: T04,3233,6/8/26 03:00,38.061,
Plot Title: T04,3234,6/8/26 03:15,38.061,
Plot Title: T04,3235,6/8/26 03:30,37.87,
Plot Title: T04,3236,6/8/26 03:45,37.87,
Plot Title: T04,3237,6/8/26 04:00,37.679,
Plot Title: T04,3238,6/8/26 04:15,37.679,
Plot Title: T04,3239,6/8/26 04:30,37.679,
Plot Title: T04,3240,6/8/26 04:45,37.488,
Plot Title: T04,3241,6/8/26 05:00,37.488,
Plot Title: T04,3242,6/8/26 05:15,37.488,
Plot Title: T04,3243,6/8/26 05:30,37.488,
Plot Title: T04,3244,6/8/26 05:45,37.488,
Plot Title: T04,3245,6/8/26 06:00,37.488,
Plot Title: T04,3246,6/8/26 06:15,37.488,
Plot Title: T04,3247,6/8/26 06:30,37.679,
Plot Title: T04,3248,6/8/26 06:45,37.679,
Plot Title: T04,3249,6/8/26 07:00,37.679,
Plot Title: T04,3250,6/8/26 07:15,37.87,
Plot Title: T04,3251,6/8/26 07:30,38.061,
Plot Title: T04,3252,6/8/26 07:45,38.061,
Plot Title: T04,3253,6/8/26 08:00,38.25,
Plot Title: T04,3254,6/8/26 08:15,38.44,
Plot Title: T04,3255,6/8/26 08:30,39.384,
Plot Title: T04,3256,6/8/26 08:45,44.56,
Plot Title: T04,3257,6/8/26 09:00,48.517,
Plot Title: T04,3258,6/8/26 09:15,46.008,
Plot Title: T04,3259,6/8/26 09:30,45.648,
Plot Title: T04,3260,6/8/26 09:45,44.56,
Plot Title: T04,3261,6/8/26 10:00,43.648,
Plot Title: T04,3262,6/8/26 10:15,43.466,
Plot Title: T04,3263,6/8/26 10:30,43.648,
Plot Title: T04,3264,6/8/26 10:45,48.695,
Plot Title: T04,3265,6/8/26 11:00,51.172,
Plot Title: T04,3266,6/8/26 11:15,56.577,
Plot Title: T04,3267,6/8/26 11:30,62.425,
Plot Title: T04,3268,6/8/26 11:45,62.769,
Plot Title: T04,3269,6/8/26 12:00,55.711,
Plot Title: T04,3270,6/8/26 12:15,53.798,
Plot Title: T04,3271,6/8/26 12:30,63.797,
Plot Title: T04,3272,6/8/26 12:45,69.107,
Plot Title: T04,3273,6/8/26 13:00,71.512,
Plot Title: T04,3274,6/8/26 13:15,73.234,
Plot Title: T04,3275,6/8/26 13:30,74.271,
Plot Title: T04,3276,6/8/26 13:45,75.139,
Plot Title: T04,3277,6/8/26 14:00,66.879,
Plot Title: T04,3278,6/8/26 14:15,61.054,
Plot Title: T04,3279,6/8/26 14:30,58.647,
Plot Title: T04,3280,6/8/26 14:45,58.303,
Plot Title: T04,3281,6/8/26 15:00,58.993,
Plot Title: T04,3282,6/8/26 15:15,58.993,
Plot Title: T04,3283,6/8/26 15:30,63.626,
Plot Title: T04,3284,6/8/26 15:45,61.398,
Plot Title: T04,3285,6/8/26 16:00,59.508,
Plot Title: T04,3286,6/8/26 16:15,58.303,
Plot Title: T04,3287,6/8/26 16:30,56.923,
Plot Title: T04,3288,6/8/26 16:45,55.711,
Plot Title: T04,3289,6/8/26 17:00,55.364,
Plot Title: T04,3290,6/8/26 17:15,56.057,
Plot Title: T04,3291,6/8/26 17:30,55.364,
Plot Title: T04,3292,6/8/26 17:45,54.322,
Plot Title: T04,3293,6/8/26 18:00,53.623,
Plot Title: T04,3294,6/8/26 18:15,53.1,
Plot Title: T04,3295,6/8/26 18:30,52.401,
Plot Title: T04,3296,6/8/26 18:45,52.225,
Plot Title: T04,3297,6/8/26 19:00,52.05,
Plot Title: T04,3298,6/8/26 19:15,52.05,
Plot Title: T04,3299,6/8/26 19:30,52.05,
Plot Title: T04,3300,6/8/26 19:45,51.874,
Plot Title: T04,3301,6/8/26 20:00,51.172,
Plot Title: T04,3302,6/8/26 20:15,50.466,
Plot Title: T04,3303,6/8/26 20:30,50.113,
Plot Title: T04,3304,6/8/26 20:45,49.759,
Plot Title: T04,3305,6/8/26 21:00,49.582,
Plot Title: T04,3306,6/8/26 21:15,49.404,
Plot Title: T04,3307,6/8/26 21:30,49.228,
Plot Title: T04,3308,6/8/26 21:45,49.05,
Plot Title: T04,3309,6/8/26 22:00,48.871,
Plot Title: T04,3310,6/8/26 22:15,48.695,
Plot Title: T04,3311,6/8/26 22:30,48.339,
Plot Title: T04,3312,6/8/26 22:45,48.16,
Plot Title: T04,3313,6/8/26 23:00,48.16,
Plot Title: T04,3314,6/8/26 23:15,48.16,
Plot Title: T04,3315,6/8/26 23:30,48.16,
Plot Title: T04,3316,6/8/26 23:45,48.16,
Plot Title: T04,3317,6/9/26 00:00,47.982,
Plot Title: T04,3318,6/9/26 00:15,47.982,
Plot Title: T04,3319,6/9/26 00:30,47.982,
Plot Title: T04,3320,6/9/26 00:45,47.982,
Plot Title: T04,3321,6/9/26 01:00,47.802,
Plot Title: T04,3322,6/9/26 01:15,47.802,
Plot Title: T04,3323,6/9/26 01:30,47.802,
Plot Title: T04,3324,6/9/26 01:45,47.624,
Plot Title: T04,3325,6/9/26 02:00,47.266,
Plot Title: T04,3326,6/9/26 02:15,47.266,
Plot Title: T04,3327,6/9/26 02:30,47.266,
Plot Title: T04,3328,6/9/26 02:45,47.446,
Plot Title: T04,3329,6/9/26 03:00,47.446,
Plot Title: T04,3330,6/9/26 03:15,47.266,
Plot Title: T04,3331,6/9/26 03:30,47.266,
Plot Title: T04,3332,6/9/26 03:45,47.266,
Plot Title: T04,3333,6/9/26 04:00,47.266,
Plot Title: T04,3334,6/9/26 04:15,47.088,
Plot Title: T04,3335,6/9/26 04:30,47.088,
Plot Title: T04,3336,6/9/26 04:45,47.088,
Plot Title: T04,3337,6/9/26 05:00,46.908,
Plot Title: T04,3338,6/9/26 05:15,46.908,
Plot Title: T04,3339,6/9/26 05:30,46.908,
Plot Title: T04,3340,6/9/26 05:45,46.908,
Plot Title: T04,3341,6/9/26 06:00,46.728,
Plot Title: T04,3342,6/9/26 06:15,46.548,
Plot Title: T04,3343,6/9/26 06:30,46.548,
Plot Title: T04,3344,6/9/26 06:45,46.548,
Plot Title: T04,3345,6/9/26 07:00,46.548,
Plot Title: T04,3346,6/9/26 07:15,46.908,
Plot Title: T04,3347,6/9/26 07:30,47.266,
Plot Title: T04,3348,6/9/26 07:45,47.446,
Plot Title: T04,3349,6/9/26 08:00,47.624,
Plot Title: T04,3350,6/9/26 08:15,48.517,
Plot Title: T04,3351,6/9/26 08:30,49.937,
Plot Title: T04,3352,6/9/26 08:45,52.925,
Plot Title: T04,3353,6/9/26 09:00,53.449,
Plot Title: T04,3354,6/9/26 09:15,52.05,
Plot Title: T04,3355,6/9/26 09:30,51.172,
Plot Title: T04,3356,6/9/26 09:45,50.995,
Plot Title: T04,3357,6/9/26 10:00,51.172,
Plot Title: T04,3358,6/9/26 10:15,52.05,
Plot Title: T04,3359,6/9/26 10:30,52.925,
Plot Title: T04,3360,6/9/26 10:45,53.973,
Plot Title: T04,3361,6/9/26 11:00,54.842,
Plot Title: T04,3362,6/9/26 11:15,59.337,
Plot Title: T04,3363,6/9/26 11:30,63.111,
Plot Title: T04,3364,6/9/26 11:45,58.476,
Plot Title: T04,3365,6/9/26 12:00,52.225,
Plot Title: T04,3366,6/9/26 12:15,50.29,
Plot Title: T04,3367,6/9/26 12:30,50.819,
Plot Title: T04,3368,6/9/26 12:45,49.404,
Plot Title: T04,3369,6/9/26 13:00,48.871,
Plot Title: T04,3370,6/9/26 13:15,48.517,
Plot Title: T04,3371,6/9/26 13:30,48.339,
Plot Title: T04,3372,6/9/26 13:45,47.982,
Plot Title: T04,3373,6/9/26 14:00,47.446,
Plot Title: T04,3374,6/9/26 14:15,47.088,
Plot Title: T04,3375,6/9/26 14:30,46.908,
Plot Title: T04,3376,6/9/26 14:45,47.266,
Plot Title: T04,3377,6/9/26 15:00,46.908,
Plot Title: T04,3378,6/9/26 15:15,46.728,
Plot Title: T04,3379,6/9/26 15:30,46.548,
Plot Title: T04,3380,6/9/26 15:45,46.548,
Plot Title: T04,3381,6/9/26 16:00,46.908,
Plot Title: T04,3382,6/9/26 16:15,47.802,
Plot Title: T04,3383,6/9/26 16:30,48.695,
Plot Title: T04,3384,6/9/26 16:45,48.695,
Plot Title: T04,3385,6/9/26 17:00,49.404,
Plot Title: T04,3386,6/9/26 17:15,50.643,
Plot Title: T04,3387,6/9/26 17:30,50.466,
Plot Title: T04,3388,6/9/26 17:45,48.517,
Plot Title: T04,3389,6/9/26 18:00,45.104,
Plot Title: T04,3390,6/9/26 18:15,44.56,
Plot Title: T04,3391,6/9/26 18:30,44.742,
Plot Title: T04,3392,6/9/26 18:45,45.286,
Plot Title: T04,3393,6/9/26 19:00,46.188,
Plot Title: T04,3394,6/9/26 19:15,46.188,
Plot Title: T04,3395,6/9/26 19:30,46.008,
Plot Title: T04,3396,6/9/26 19:45,45.828,
Plot Title: T04,3397,6/9/26 20:00,45.828,
Plot Title: T04,3398,6/9/26 20:15,45.648,
Plot Title: T04,3399,6/9/26 20:30,45.286,
Plot Title: T04,3400,6/9/26 20:45,45.104,
Plot Title: T04,3401,6/9/26 21:00,44.742,
Plot Title: T04,3402,6/9/26 21:15,43.831,
Plot Title: T04,3403,6/9/26 21:30,43.466,
Plot Title: T04,3404,6/9/26 21:45,43.466,
Plot Title: T04,3405,6/9/26 22:00,43.282,
Plot Title: T04,3406,6/9/26 22:15,43.099,
Plot Title: T04,3407,6/9/26 22:30,43.099,
Plot Title: T04,3408,6/9/26 22:45,42.915,
Plot Title: T04,3409,6/9/26 23:00,42.732,
Plot Title: T04,3410,6/9/26 23:15,42.548,
Plot Title: T04,3411,6/9/26 23:30,41.81,
Plot Title: T04,3412,6/9/26 23:45,41.254,
Plot Title: T04,3413,6/10/26 00:00,40.696,
Plot Title: T04,3414,6/10/26 00:15,40.509,
Plot Title: T04,3415,6/10/26 00:30,40.696,
Plot Title: T04,3416,6/10/26 00:45,40.696,
Plot Title: T04,3417,6/10/26 01:00,40.509,
Plot Title: T04,3418,6/10/26 01:15,40.509,
Plot Title: T04,3419,6/10/26 01:30,40.509,
Plot Title: T04,3420,6/10/26 01:45,40.134,
Plot Title: T04,3421,6/10/26 02:00,39.76,
Plot Title: T04,3422,6/10/26 02:15,39.573,
Plot Title: T04,3423,6/10/26 02:30,39.384,
Plot Title: T04,3424,6/10/26 02:45,39.196,
Plot Title: T04,3425,6/10/26 03:00,39.573,
Plot Title: T04,3426,6/10/26 03:15,39.947,
Plot Title: T04,3427,6/10/26 03:30,39.947,
Plot Title: T04,3428,6/10/26 03:45,39.76,
Plot Title: T04,3429,6/10/26 04:00,39.76,
Plot Title: T04,3430,6/10/26 04:15,39.947,
Plot Title: T04,3431,6/10/26 04:30,39.947,
Plot Title: T04,3432,6/10/26 04:45,39.573,
Plot Title: T04,3433,6/10/26 05:00,39.196,
Plot Title: T04,3434,6/10/26 05:15,38.818,
Plot Title: T04,3435,6/10/26 05:30,38.44,
Plot Title: T04,3436,6/10/26 05:45,38.629,
Plot Title: T04,3437,6/10/26 06:00,39.007,
Plot Title: T04,3438,6/10/26 06:15,39.196,
Plot Title: T04,3439,6/10/26 06:30,39.384,
Plot Title: T04,3440,6/10/26 06:45,39.573,
Plot Title: T04,3441,6/10/26 07:00,40.134,
Plot Title: T04,3442,6/10/26 07:15,40.321,
Plot Title: T04,3443,6/10/26 07:30,40.134,
Plot Title: T04,3444,6/10/26 07:45,40.134,
Plot Title: T04,3445,6/10/26 08:00,40.509,
Plot Title: T04,3446,6/10/26 08:15,40.881,
Plot Title: T04,3447,6/10/26 08:30,41.81,
Plot Title: T04,3448,6/10/26 08:45,46.008,
Plot Title: T04,3449,6/10/26 09:00,47.446,
Plot Title: T04,3450,6/10/26 09:15,46.369,
Plot Title: T04,3451,6/10/26 09:30,46.188,
Plot Title: T04,3452,6/10/26 09:45,44.922,
Plot Title: T04,3453,6/10/26 10:00,44.013,
Plot Title: T04,3454,6/10/26 10:15,43.648,
Plot Title: T04,3455,6/10/26 10:30,43.831,
Plot Title: T04,3456,6/10/26 10:45,48.871,
Plot Title: T04,3457,6/10/26 11:00,49.05,
Plot Title: T04,3458,6/10/26 11:15,53.274,
Plot Title: T04,3459,6/10/26 11:30,54.495,
Plot Title: T04,3460,6/10/26 11:45,56.23,
Plot Title: T04,3461,6/10/26 12:00,53.623,
Plot Title: T04,3462,6/10/26 12:15,52.225,
Plot Title: T04,3463,6/10/26 12:30,56.23,
Plot Title: T04,3464,6/10/26 12:45,51.874,
Plot Title: T04,3465,6/10/26 13:00,49.228,
Plot Title: T04,3466,6/10/26 13:15,53.798,
Plot Title: T04,3467,6/10/26 13:30,53.973,
Plot Title: T04,3468,6/10/26 13:45,50.466,
Plot Title: T04,3469,6/10/26 14:00,48.871,
Plot Title: T04,3470,6/10/26 14:15,50.113,
Plot Title: T04,3471,6/10/26 14:30,49.937,
Plot Title: T04,3472,6/10/26 14:45,49.404,
Plot Title: T04,3473,6/10/26 15:00,46.908,
Plot Title: T04,3474,6/10/26 15:15,47.982,
Plot Title: T04,3475,6/10/26 15:30,47.446,
Plot Title: T04,3476,6/10/26 15:45,49.937,
Plot Title: T04,3477,6/10/26 16:00,50.643,
Plot Title: T04,3478,6/10/26 16:15,49.582,
Plot Title: T04,3479,6/10/26 16:30,48.339,
Plot Title: T04,3480,6/10/26 16:45,46.728,
Plot Title: T04,3481,6/10/26 17:00,44.013,
Plot Title: T04,3482,6/10/26 17:15,42.915,
Plot Title: T04,3483,6/10/26 17:30,42.363,
Plot Title: T04,3484,6/10/26 17:45,43.099,
Plot Title: T04,3485,6/10/26 18:00,45.286,
Plot Title: T04,3486,6/10/26 18:15,45.648,
Plot Title: T04,3487,6/10/26 18:30,45.466,
Plot Title: T04,3488,6/10/26 18:45,45.286,
Plot Title: T04,3489,6/10/26 19:00,45.104,
Plot Title: T04,3490,6/10/26 19:15,44.742,
Plot Title: T04,3491,6/10/26 19:30,44.195,
Plot Title: T04,3492,6/10/26 19:45,43.466,
Plot Title: T04,3493,6/10/26 20:00,42.915,
Plot Title: T04,3494,6/10/26 20:15,42.548,
Plot Title: T04,3495,6/10/26 20:30,42.363,
Plot Title: T04,3496,6/10/26 20:45,42.179,
Plot Title: T04,3497,6/10/26 21:00,41.994,
Plot Title: T04,3498,6/10/26 21:15,41.625,
Plot Title: T04,3499,6/10/26 21:30,41.254,
Plot Title: T04,3500,6/10/26 21:45,40.696,
Plot Title: T04,3501,6/10/26 22:00,39.947,
Plot Title: T04,3502,6/10/26 22:15,39.573,
Plot Title: T04,3503,6/10/26 22:30,39.384,
Plot Title: T04,3504,6/10/26 22:45,39.384,
Plot Title: T04,3505,6/10/26 23:00,39.384,
Plot Title: T04,3506,6/10/26 23:15,39.384,
Plot Title: T04,3507,6/10/26 23:30,39.384,
Plot Title: T04,3508,6/10/26 23:45,39.384,
Plot Title: T04,3509,6/11/26 00:00,39.196,
Plot Title: T04,3510,6/11/26 00:15,39.196,
Plot Title: T04,3511,6/11/26 00:30,39.196,
Plot Title: T04,3512,6/11/26 00:45,39.007,
Plot Title: T04,3513,6/11/26 01:00,39.007,
Plot Title: T04,3514,6/11/26 01:15,39.007,
Plot Title: T04,3515,6/11/26 01:30,39.007,
Plot Title: T04,3516,6/11/26 01:45,39.196,
Plot Title: T04,3517,6/11/26 02:00,39.196,
Plot Title: T04,3518,6/11/26 02:15,39.384,
Plot Title: T04,3519,6/11/26 02:30,39.384,
Plot Title: T04,3520,6/11/26 02:45,39.196,
Plot Title: T04,3521,6/11/26 03:00,39.196,
Plot Title: T04,3522,6/11/26 03:15,39.384,
Plot Title: T04,3523,6/11/26 03:30,39.384,
Plot Title: T04,3524,6/11/26 03:45,39.384,
Plot Title: T04,3525,6/11/26 04:00,39.384,
Plot Title: T04,3526,6/11/26 04:15,39.196,
Plot Title: T04,3527,6/11/26 04:30,39.196,
Plot Title: T04,3528,6/11/26 04:45,39.384,
Plot Title: T04,3529,6/11/26 05:00,39.384,
Plot Title: T04,3530,6/11/26 05:15,39.384,
Plot Title: T04,3531,6/11/26 05:30,39.196,
Plot Title: T04,3532,6/11/26 05:45,39.196,
Plot Title: T04,3533,6/11/26 06:00,39.196,
Plot Title: T04,3534,6/11/26 06:15,39.196,
Plot Title: T04,3535,6/11/26 06:30,39.196,
Plot Title: T04,3536,6/11/26 06:45,39.384,
Plot Title: T04,3537,6/11/26 07:00,39.947,
Plot Title: T04,3538,6/11/26 07:15,40.134,
Plot Title: T04,3539,6/11/26 07:30,40.134,
Plot Title: T04,3540,6/11/26 07:45,40.321,
Plot Title: T04,3541,6/11/26 08:00,40.509,
Plot Title: T04,3542,6/11/26 08:15,40.696,
Plot Title: T04,3543,6/11/26 08:30,41.439,
Plot Title: T04,3544,6/11/26 08:45,43.099,
Plot Title: T04,3545,6/11/26 09:00,46.908,
Plot Title: T04,3546,6/11/26 09:15,46.188,
Plot Title: T04,3547,6/11/26 09:30,46.548,
Plot Title: T04,3548,6/11/26 09:45,46.728,
Plot Title: T04,3549,6/11/26 10:00,48.16,
Plot Title: T04,3550,6/11/26 10:15,49.228,
Plot Title: T04,3551,6/11/26 10:30,49.582,
Plot Title: T04,3552,6/11/26 10:45,50.466,
Plot Title: T04,3553,6/11/26 11:00,51.172,
Plot Title: T04,3554,6/11/26 11:15,54.147,
Plot Title: T04,3555,6/11/26 11:30,57.096,
Plot Title: T04,3556,6/11/26 11:45,55.711,
Plot Title: T04,3557,6/11/26 12:00,56.057,
Plot Title: T04,3558,6/11/26 12:15,56.404,
Plot Title: T04,3559,6/11/26 12:30,62.94,
Plot Title: T04,3560,6/11/26 12:45,67.392,
Plot Title: T04,3561,6/11/26 13:00,72.199,
Plot Title: T04,3562,6/11/26 13:15,70.48,
Plot Title: T04,3563,6/11/26 13:30,73.58,
Plot Title: T04,3564,6/11/26 13:45,73.062,
Plot Title: T04,3565,6/11/26 14:00,67.05,
Plot Title: T04,3566,6/11/26 14:15,61.398,
Plot Title: T04,3567,6/11/26 14:30,57.785,
Plot Title: T04,3568,6/11/26 14:45,56.057,
Plot Title: T04,3569,6/11/26 15:00,57.785,
Plot Title: T04,3570,6/11/26 15:15,63.282,
Plot Title: T04,3571,6/11/26 15:30,69.449,
Plot Title: T04,3572,6/11/26 15:45,71.683,
Plot Title: T04,3573,6/11/26 16:00,67.221,
Plot Title: T04,3574,6/11/26 16:15,62.94,
Plot Title: T04,3575,6/11/26 16:30,60.024,
Plot Title: T04,3576,6/11/26 16:45,57.268,
Plot Title: T04,3577,6/11/26 17:00,55.537,
Plot Title: T04,3578,6/11/26 17:15,54.842,
Plot Title: T04,3579,6/11/26 17:30,55.017,
Plot Title: T04,3580,6/11/26 17:45,58.82,
Plot Title: T04,3581,6/11/26 18:00,59.851,
Plot Title: T04,3582,6/11/26 18:15,56.23,
Plot Title: T04,3583,6/11/26 18:30,53.798,
Plot Title: T04,3584,6/11/26 18:45,52.225,
Plot Title: T04,3585,6/11/26 19:00,51.346,
Plot Title: T04,3586,6/11/26 19:15,50.643,
Plot Title: T04,3587,6/11/26 19:30,49.937,
Plot Title: T04,3588,6/11/26 19:45,49.404,
Plot Title: T04,3589,6/11/26 20:00,48.871,
Plot Title: T04,3590,6/11/26 20:15,48.517,
Plot Title: T04,3591,6/11/26 20:30,47.982,
Plot Title: T04,3592,6/11/26 20:45,47.624,
Plot Title: T04,3593,6/11/26 21:00,47.266,
Plot Title: T04,3594,6/11/26 21:15,46.908,
Plot Title: T04,3595,6/11/26 21:30,46.728,
Plot Title: T04,3596,6/11/26 21:45,46.369,
Plot Title: T04,3597,6/11/26 22:00,46.008,
Plot Title: T04,3598,6/11/26 22:15,45.828,
Plot Title: T04,3599,6/11/26 22:30,45.648,
Plot Title: T04,3600,6/11/26 22:45,45.286,
Plot Title: T04,3601,6/11/26 23:00,45.104,
Plot Title: T04,3602,6/11/26 23:15,44.922,
Plot Title: T04,3603,6/11/26 23:30,44.742,
Plot Title: T04,3604,6/11/26 23:45,44.56,
Plot Title: T04,3605,6/12/26 00:00,44.379,
Plot Title: T04,3606,6/12/26 00:15,44.013,
Plot Title: T04,3607,6/12/26 00:30,43.831,
Plot Title: T04,3608,6/12/26 00:45,43.648,
Plot Title: T04,3609,6/12/26 01:00,43.466,
Plot Title: T04,3610,6/12/26 01:15,43.282,
Plot Title: T04,3611,6/12/26 01:30,43.099,
Plot Title: T04,3612,6/12/26 01:45,42.915,
Plot Title: T04,3613,6/12/26 02:00,42.915,
Plot Title: T04,3614,6/12/26 02:15,42.732,
Plot Title: T04,3615,6/12/26 02:30,42.548,
Plot Title: T04,3616,6/12/26 02:45,42.548,
Plot Title: T04,3617,6/12/26 03:00,42.363,
Plot Title: T04,3618,6/12/26 03:15,42.179,
Plot Title: T04,3619,6/12/26 03:30,41.994,
Plot Title: T04,3620,6/12/26 03:45,41.81,
Plot Title: T04,3621,6/12/26 04:00,41.81,
Plot Title: T04,3622,6/12/26 04:15,41.625,
Plot Title: T04,3623,6/12/26 04:30,41.439,
Plot Title: T04,3624,6/12/26 04:45,41.254,
Plot Title: T04,3625,6/12/26 05:00,41.254,
Plot Title: T04,3626,6/12/26 05:15,41.067,
Plot Title: T04,3627,6/12/26 05:30,41.067,
Plot Title: T04,3628,6/12/26 05:45,40.881,
Plot Title: T04,3629,6/12/26 06:00,40.881,
Plot Title: T04,3630,6/12/26 06:15,40.881,
Plot Title: T04,3631,6/12/26 06:30,41.067,
Plot Title: T04,3632,6/12/26 06:45,41.067,
Plot Title: T04,3633,6/12/26 07:00,41.254,
Plot Title: T04,3634,6/12/26 07:15,41.254,
Plot Title: T04,3635,6/12/26 07:30,41.625,
Plot Title: T04,3636,6/12/26 07:45,41.994,
Plot Title: T04,3637,6/12/26 08:00,42.363,
Plot Title: T04,3638,6/12/26 08:15,43.099,
Plot Title: T04,3639,6/12/26 08:30,44.013,
Plot Title: T04,3640,6/12/26 08:45,48.339,
Plot Title: T04,3641,6/12/26 09:00,51.523,
Plot Title: T04,3642,6/12/26 09:15,48.871,
Plot Title: T04,3643,6/12/26 09:30,48.871,
Plot Title: T04,3644,6/12/26 09:45,47.982,
Plot Title: T04,3645,6/12/26 10:00,47.088,
Plot Title: T04,3646,6/12/26 10:15,46.908,
Plot Title: T04,3647,6/12/26 10:30,46.908,
Plot Title: T04,3648,6/12/26 10:45,50.819,
Plot Title: T04,3649,6/12/26 11:00,52.576,
Plot Title: T04,3650,6/12/26 11:15,58.476,
Plot Title: T04,3651,6/12/26 11:30,65.509,
Plot Title: T04,3652,6/12/26 11:45,65.338,
Plot Title: T04,3653,6/12/26 12:00,58.82,
Plot Title: T04,3654,6/12/26 12:15,58.131,
Plot Title: T04,3655,6/12/26 12:30,67.392,
Plot Title: T04,3656,6/12/26 12:45,71.856,
Plot Title: T04,3657,6/12/26 13:00,74.619,
Plot Title: T04,3658,6/12/26 13:15,76.354,
Plot Title: T04,3659,6/12/26 13:30,77.749,
Plot Title: T04,3660,6/12/26 13:45,73.58,
Plot Title: T04,3661,6/12/26 14:00,68.421,
Plot Title: T04,3662,6/12/26 14:15,63.626,
Plot Title: T04,3663,6/12/26 14:30,62.425,
Plot Title: T04,3664,6/12/26 14:45,61.227,
Plot Title: T04,3665,6/12/26 15:00,61.227,
Plot Title: T04,3666,6/12/26 15:15,65.167,
Plot Title: T04,3667,6/12/26 15:30,69.793,
Plot Title: T04,3668,6/12/26 15:45,71.339,
Plot Title: T04,3669,6/12/26 16:00,66.193,
Plot Title: T04,3670,6/12/26 16:15,64.139,
Plot Title: T04,3671,6/12/26 16:30,63.626,
Plot Title: T04,3672,6/12/26 16:45,61.569,
Plot Title: T04,3673,6/12/26 17:00,60.024,
Plot Title: T04,3674,6/12/26 17:15,58.647,
Plot Title: T04,3675,6/12/26 17:30,58.82,
Plot Title: T04,3676,6/12/26 17:45,59.68,
Plot Title: T04,3677,6/12/26 18:00,57.614,
Plot Title: T04,3678,6/12/26 18:15,56.404,
Plot Title: T04,3679,6/12/26 18:30,55.711,
Plot Title: T04,3680,6/12/26 18:45,55.017,
Plot Title: T04,3681,6/12/26 19:00,54.495,
Plot Title: T04,3682,6/12/26 19:15,53.798,
Plot Title: T04,3683,6/12/26 19:30,53.449,
Plot Title: T04,3684,6/12/26 19:45,52.925,
Plot Title: T04,3685,6/12/26 20:00,52.401,
Plot Title: T04,3686,6/12/26 20:15,51.874,
Plot Title: T04,3687,6/12/26 20:30,51.523,
Plot Title: T04,3688,6/12/26 20:45,51.172,
Plot Title: T04,3689,6/12/26 21:00,50.819,
Plot Title: T04,3690,6/12/26 21:15,50.466,
Plot Title: T04,3691,6/12/26 21:30,50.29,
Plot Title: T04,3692,6/12/26 21:45,50.113,
Plot Title: T04,3693,6/12/26 22:00,49.759,
Plot Title: T04,3694,6/12/26 22:15,49.404,
Plot Title: T04,3695,6/12/26 22:30,49.05,
Plot Title: T04,3696,6/12/26 22:45,48.695,
Plot Title: T04,3697,6/12/26 23:00,48.517,
Plot Title: T04,3698,6/12/26 23:15,48.339,
Plot Title: T04,3699,6/12/26 23:30,47.982,
Plot Title: T04,3700,6/12/26 23:45,47.624,
Plot Title: T04,3701,6/13/26 00:00,47.446,
Plot Title: T04,3702,6/13/26 00:15,47.266,
Plot Title: T04,3703,6/13/26 00:30,47.088,
Plot Title: T04,3704,6/13/26 00:45,46.908,
Plot Title: T04,3705,6/13/26 01:00,46.728,
Plot Title: T04,3706,6/13/26 01:15,46.548,
Plot Title: T04,3707,6/13/26 01:30,46.369,
Plot Title: T04,3708,6/13/26 01:45,45.828,
Plot Title: T04,3709,6/13/26 02:00,45.286,
Plot Title: T04,3710,6/13/26 02:15,45.104,
Plot Title: T04,3711,6/13/26 02:30,45.104,
Plot Title: T04,3712,6/13/26 02:45,44.922,
Plot Title: T04,3713,6/13/26 03:00,44.922,
Plot Title: T04,3714,6/13/26 03:15,44.742,
Plot Title: T04,3715,6/13/26 03:30,44.742,
Plot Title: T04,3716,6/13/26 03:45,44.56,
Plot Title: T04,3717,6/13/26 04:00,44.56,
Plot Title: T04,3718,6/13/26 04:15,44.379,
Plot Title: T04,3719,6/13/26 04:30,44.195,
Plot Title: T04,3720,6/13/26 04:45,44.195,
Plot Title: T04,3721,6/13/26 05:00,44.195,
Plot Title: T04,3722,6/13/26 05:15,44.013,
Plot Title: T04,3723,6/13/26 05:30,43.831,
Plot Title: T04,3724,6/13/26 05:45,43.831,
Plot Title: T04,3725,6/13/26 06:00,43.831,
Plot Title: T04,3726,6/13/26 06:15,43.648,
Plot Title: T04,3727,6/13/26 06:30,43.648,
Plot Title: T04,3728,6/13/26 06:45,43.648,
Plot Title: T04,3729,6/13/26 07:00,43.648,
Plot Title: T04,3730,6/13/26 07:15,43.648,
Plot Title: T04,3731,6/13/26 07:30,43.831,
Plot Title: T04,3732,6/13/26 07:45,43.831,
Plot Title: T04,3733,6/13/26 08:00,43.831,
Plot Title: T04,3734,6/13/26 08:15,44.013,
Plot Title: T04,3735,6/13/26 08:30,44.013,
Plot Title: T04,3736,6/13/26 08:45,44.379,
Plot Title: T04,3737,6/13/26 09:00,44.56,
Plot Title: T04,3738,6/13/26 09:15,44.56,
Plot Title: T04,3739,6/13/26 09:30,44.379,
Plot Title: T04,3740,6/13/26 09:45,44.379,
Plot Title: T04,3741,6/13/26 10:00,44.379,
Plot Title: T04,3742,6/13/26 10:15,44.379,
Plot Title: T04,3743,6/13/26 10:30,44.195,
Plot Title: T04,3744,6/13/26 10:45,44.56,
Plot Title: T04,3745,6/13/26 11:00,45.828,
Plot Title: T04,3746,6/13/26 11:15,48.339,
Plot Title: T04,3747,6/13/26 11:30,50.995,
Plot Title: T04,3748,6/13/26 11:45,53.798,
Plot Title: T04,3749,6/13/26 12:00,53.274,
Plot Title: T04,3750,6/13/26 12:15,51.699,
Plot Title: T04,3751,6/13/26 12:30,51.172,
Plot Title: T04,3752,6/13/26 12:45,50.995,
Plot Title: T04,3753,6/13/26 13:00,51.346,
Plot Title: T04,3754,6/13/26 13:15,53.274,
Plot Title: T04,3755,6/13/26 13:30,58.647,
Plot Title: T04,3756,6/13/26 13:45,60.883,
Plot Title: T04,3757,6/13/26 14:00,56.23,
Plot Title: T04,3758,6/13/26 14:15,54.842,
Plot Title: T04,3759,6/13/26 14:30,55.364,
Plot Title: T04,3760,6/13/26 14:45,55.364,
Plot Title: T04,3761,6/13/26 15:00,56.404,
Plot Title: T04,3762,6/13/26 15:15,55.364,
Plot Title: T04,3763,6/13/26 15:30,54.147,
Plot Title: T04,3764,6/13/26 15:45,52.576,
Plot Title: T04,3765,6/13/26 16:00,52.05,
Plot Title: T04,3766,6/13/26 16:15,51.699,
Plot Title: T04,3767,6/13/26 16:30,52.225,
Plot Title: T04,3768,6/13/26 16:45,52.576,
Plot Title: T04,3769,6/13/26 17:00,52.75,
Plot Title: T04,3770,6/13/26 17:15,52.225,
Plot Title: T04,3771,6/13/26 17:30,52.05,
Plot Title: T04,3772,6/13/26 17:45,51.699,
Plot Title: T04,3773,6/13/26 18:00,51.523,
Plot Title: T04,3774,6/13/26 18:15,51.172,
Plot Title: T04,3775,6/13/26 18:30,50.466,
Plot Title: T04,3776,6/13/26 18:45,50.113,
Plot Title: T04,3777,6/13/26 19:00,49.937,
Plot Title: T04,3778,6/13/26 19:15,48.517,
Plot Title: T04,3779,6/13/26 19:30,47.266,
Plot Title: T04,3780,6/13/26 19:45,46.369,
Plot Title: T04,3781,6/13/26 20:00,45.648,
Plot Title: T04,3782,6/13/26 20:15,45.104,
Plot Title: T04,3783,6/13/26 20:30,44.56,
Plot Title: T04,3784,6/13/26 20:45,44.195,
Plot Title: T04,3785,6/13/26 21:00,43.831,
Plot Title: T04,3786,6/13/26 21:15,43.466,
Plot Title: T04,3787,6/13/26 21:30,43.099,
Plot Title: T04,3788,6/13/26 21:45,42.732,
Plot Title: T04,3789,6/13/26 22:00,42.363,
Plot Title: T04,3790,6/13/26 22:15,41.994,
Plot Title: T04,3791,6/13/26 22:30,41.81,
Plot Title: T04,3792,6/13/26 22:45,41.625,
Plot Title: T04,3793,6/13/26 23:00,41.439,
Plot Title: T04,3794,6/13/26 23:15,41.254,
Plot Title: T04,3795,6/13/26 23:30,41.067,
Plot Title: T04,3796,6/13/26 23:45,40.881,
Plot Title: T04,3797,6/14/26 00:00,40.696,
Plot Title: T04,3798,6/14/26 00:15,40.509,
Plot Title: T04,3799,6/14/26 00:30,40.321,
Plot Title: T04,3800,6/14/26 00:45,40.134,
Plot Title: T04,3801,6/14/26 01:00,39.947,
Plot Title: T04,3802,6/14/26 01:15,39.76,
Plot Title: T04,3803,6/14/26 01:30,39.573,
Plot Title: T04,3804,6/14/26 01:45,39.573,
Plot Title: T04,3805,6/14/26 02:00,39.384,
Plot Title: T04,3806,6/14/26 02:15,39.196,
Plot Title: T04,3807,6/14/26 02:30,39.196,
Plot Title: T04,3808,6/14/26 02:45,39.007,
Plot Title: T04,3809,6/14/26 03:00,38.818,
Plot Title: T04,3810,6/14/26 03:15,38.818,
Plot Title: T04,3811,6/14/26 03:30,38.629,
Plot Title: T04,3812,6/14/26 03:45,38.629,
Plot Title: T04,3813,6/14/26 04:00,38.44,
Plot Title: T04,3814,6/14/26 04:15,38.25,
Plot Title: T04,3815,6/14/26 04:30,38.25,
Plot Title: T04,3816,6/14/26 04:45,38.061,
Plot Title: T04,3817,6/14/26 05:00,37.87,
Plot Title: T04,3818,6/14/26 05:15,37.87,
Plot Title: T04,3819,6/14/26 05:30,37.679,
Plot Title: T04,3820,6/14/26 05:45,37.679,
Plot Title: T04,3821,6/14/26 06:00,37.488,
Plot Title: T04,3822,6/14/26 06:15,37.488,
Plot Title: T04,3823,6/14/26 06:30,37.679,
Plot Title: T04,3824,6/14/26 06:45,37.87,
Plot Title: T04,3825,6/14/26 07:00,37.87,
Plot Title: T04,3826,6/14/26 07:15,38.061,
Plot Title: T04,3827,6/14/26 07:30,38.44,
Plot Title: T04,3828,6/14/26 07:45,39.196,
Plot Title: T04,3829,6/14/26 08:00,39.947,
Plot Title: T04,3830,6/14/26 08:15,40.696,
Plot Title: T04,3831,6/14/26 08:30,41.439,
Plot Title: T04,3832,6/14/26 08:45,44.922,
Plot Title: T04,3833,6/14/26 09:00,47.446,
Plot Title: T04,3834,6/14/26 09:15,46.188,
Plot Title: T04,3835,6/14/26 09:30,46.188,
Plot Title: T04,3836,6/14/26 09:45,45.648,
Plot Title: T04,3837,6/14/26 10:00,45.104,
Plot Title: T04,3838,6/14/26 10:15,44.742,
Plot Title: T04,3839,6/14/26 10:30,44.56,
Plot Title: T04,3840,6/14/26 10:45,47.088,
Plot Title: T04,3841,6/14/26 11:00,48.871,
Plot Title: T04,3842,6/14/26 11:15,55.017,
Plot Title: T04,3843,6/14/26 11:30,63.455,
Plot Title: T04,3844,6/14/26 11:45,65.338,
Plot Title: T04,3845,6/14/26 12:00,58.303,
Plot Title: T04,3846,6/14/26 12:15,56.577,
Plot Title: T04,3847,6/14/26 12:30,66.537,
Plot Title: T04,3848,6/14/26 12:45,71.168,
Plot Title: T04,3849,6/14/26 13:00,73.58,
Plot Title: T04,3850,6/14/26 13:15,75.139,
Plot Title: T04,3851,6/14/26 13:30,76.354,
Plot Title: T04,3852,6/14/26 13:45,77.225,
Plot Title: T04,3853,6/14/26 14:00,69.622,
Plot Title: T04,3854,6/14/26 14:15,63.111,
Plot Title: T04,3855,6/14/26 14:30,59.508,
Plot Title: T04,3856,6/14/26 14:45,57.614,
Plot Title: T04,3857,6/14/26 15:00,59.68,
Plot Title: T04,3858,6/14/26 15:15,63.111,
Plot Title: T04,3859,6/14/26 15:30,68.421,
Plot Title: T04,3860,6/14/26 15:45,69.964,
Plot Title: T04,3861,6/14/26 16:00,67.221,
Plot Title: T04,3862,6/14/26 16:15,63.455,
Plot Title: T04,3863,6/14/26 16:30,61.398,
Plot Title: T04,3864,6/14/26 16:45,58.647,
Plot Title: T04,3865,6/14/26 17:00,57.268,
Plot Title: T04,3866,6/14/26 17:15,56.923,
Plot Title: T04,3867,6/14/26 17:30,57.785,
Plot Title: T04,3868,6/14/26 17:45,60.712,
Plot Title: T04,3869,6/14/26 18:00,60.368,
Plot Title: T04,3870,6/14/26 18:15,57.441,
Plot Title: T04,3871,6/14/26 18:30,55.884,
Plot Title: T04,3872,6/14/26 18:45,54.842,
Plot Title: T04,3873,6/14/26 19:00,53.274,
Plot Title: T04,3874,6/14/26 19:15,52.225,
Plot Title: T04,3875,6/14/26 19:30,51.699,
Plot Title: T04,3876,6/14/26 19:45,50.819,
Plot Title: T04,3877,6/14/26 20:00,50.113,
Plot Title: T04,3878,6/14/26 20:15,49.582,
Plot Title: T04,3879,6/14/26 20:30,49.05,
Plot Title: T04,3880,6/14/26 20:45,48.517,
Plot Title: T04,3881,6/14/26 21:00,48.16,
Plot Title: T04,3882,6/14/26 21:15,47.624,
Plot Title: T04,3883,6/14/26 21:30,47.266,
Plot Title: T04,3884,6/14/26 21:45,46.908,
Plot Title: T04,3885,6/14/26 22:00,46.548,
Plot Title: T04,3886,6/14/26 22:15,46.188,
Plot Title: T04,3887,6/14/26 22:30,45.828,
Plot Title: T04,3888,6/14/26 22:45,45.648,
Plot Title: T04,3889,6/14/26 23:00,45.286,
Plot Title: T04,3890,6/14/26 23:15,45.104,
Plot Title: T04,3891,6/14/26 23:30,44.922,
Plot Title: T04,3892,6/14/26 23:45,44.742,
Plot Title: T04,3893,6/15/26 00:00,44.56,
Plot Title: T04,3894,6/15/26 00:15,44.379,
Plot Title: T04,3895,6/15/26 00:30,44.195,
Plot Title: T04,3896,6/15/26 00:45,44.013,
Plot Title: T04,3897,6/15/26 01:00,43.831,
Plot Title: T04,3898,6/15/26 01:15,43.648,
Plot Title: T04,3899,6/15/26 01:30,43.466,
Plot Title: T04,3900,6/15/26 01:45,43.282,
Plot Title: T04,3901,6/15/26 02:00,43.099,
Plot Title: T04,3902,6/15/26 02:15,43.099,
Plot Title: T04,3903,6/15/26 02:30,42.915,
Plot Title: T04,3904,6/15/26 02:45,42.732,
Plot Title: T04,3905,6/15/26 03:00,42.732,
Plot Title: T04,3906,6/15/26 03:15,42.548,
Plot Title: T04,3907,6/15/26 03:30,42.363,
Plot Title: T04,3908,6/15/26 03:45,42.179,
Plot Title: T04,3909,6/15/26 04:00,41.994,
Plot Title: T04,3910,6/15/26 04:15,41.994,
Plot Title: T04,3911,6/15/26 04:30,41.81,
Plot Title: T04,3912,6/15/26 04:45,41.81,
Plot Title: T04,3913,6/15/26 05:00,41.625,
Plot Title: T04,3914,6/15/26 05:15,41.625,
Plot Title: T04,3915,6/15/26 05:30,41.439,
Plot Title: T04,3916,6/15/26 05:45,41.439,
Plot Title: T04,3917,6/15/26 06:00,41.254,
Plot Title: T04,3918,6/15/26 06:15,41.439,
Plot Title: T04,3919,6/15/26 06:30,41.625,
Plot Title: T04,3920,6/15/26 06:45,41.625,
Plot Title: T04,3921,6/15/26 07:00,41.81,
Plot Title: T04,3922,6/15/26 07:15,41.994,
Plot Title: T04,3923,6/15/26 07:30,42.363,
Plot Title: T04,3924,6/15/26 07:45,42.915,
Plot Title: T04,3925,6/15/26 08:00,43.282,
Plot Title: T04,3926,6/15/26 08:15,44.379,
Plot Title: T04,3927,6/15/26 08:30,44.922,
Plot Title: T04,3928,6/15/26 08:45,49.05,
Plot Title: T04,3929,6/15/26 09:00,52.225,
Plot Title: T04,3930,6/15/26 09:15,49.582,
Plot Title: T04,3931,6/15/26 09:30,49.582,
Plot Title: T04,3932,6/15/26 09:45,48.871,
Plot Title: T04,3933,6/15/26 10:00,48.16,
Plot Title: T04,3934,6/15/26 10:15,47.982,
Plot Title: T04,3935,6/15/26 10:30,48.16,
Plot Title: T04,3936,6/15/26 10:45,51.172,
Plot Title: T04,3937,6/15/26 11:00,52.05,
Plot Title: T04,3938,6/15/26 11:15,58.82,
Plot Title: T04,3939,6/15/26 11:30,66.193,
Plot Title: T04,3940,6/15/26 11:45,66.879,
Plot Title: T04,3941,6/15/26 12:00,60.368,
Plot Title: T04,3942,6/15/26 12:15,59.508,
Plot Title: T04,3943,6/15/26 12:30,68.077,
Plot Title: T04,3944,6/15/26 12:45,71.856,
Plot Title: T04,3945,6/15/26 13:00,74.446,
Plot Title: T04,3946,6/15/26 13:15,76.354,
Plot Title: T04,3947,6/15/26 13:30,77.923,
Plot Title: T04,3948,6/15/26 13:45,78.098,
Plot Title: T04,3949,6/15/26 14:00,71.683,
Plot Title: T04,3950,6/15/26 14:15,67.221,
Plot Title: T04,3951,6/15/26 14:30,65.509,
Plot Title: T04,3952,6/15/26 14:45,64.652,
Plot Title: T04,3953,6/15/26 15:00,64.996,
Plot Title: T04,3954,6/15/26 15:15,67.392,
Plot Title: T04,3955,6/15/26 15:30,72.718,
Plot Title: T04,3956,6/15/26 15:45,74.098,
Plot Title: T04,3957,6/15/26 16:00,71.339,
Plot Title: T04,3958,6/15/26 16:15,67.392,
Plot Title: T04,3959,6/15/26 16:30,65.509,
Plot Title: T04,3960,6/15/26 16:45,63.968,
Plot Title: T04,3961,6/15/26 17:00,62.769,
Plot Title: T04,3962,6/15/26 17:15,61.741,
Plot Title: T04,3963,6/15/26 17:30,61.912,
Plot Title: T04,3964,6/15/26 17:45,61.227,
Plot Title: T04,3965,6/15/26 18:00,60.195,
Plot Title: T04,3966,6/15/26 18:15,59.508,
Plot Title: T04,3967,6/15/26 18:30,59.164,
Plot Title: T04,3968,6/15/26 18:45,58.476,
Plot Title: T04,3969,6/15/26 19:00,57.958,
Plot Title: T04,3970,6/15/26 19:15,57.096,
Plot Title: T04,3971,6/15/26 19:30,56.23,
Plot Title: T04,3972,6/15/26 19:45,55.884,
Plot Title: T04,3973,6/15/26 20:00,55.537,
Plot Title: T04,3974,6/15/26 20:15,55.364,
Plot Title: T04,3975,6/15/26 20:30,54.669,
Plot Title: T04,3976,6/15/26 20:45,53.798,
Plot Title: T04,3977,6/15/26 21:00,53.274,
Plot Title: T04,3978,6/15/26 21:15,53.1,
Plot Title: T04,3979,6/15/26 21:30,52.576,
Plot Title: T04,3980,6/15/26 21:45,52.05,
Plot Title: T04,3981,6/15/26 22:00,51.699,
Plot Title: T04,3982,6/15/26 22:15,51.523,
Plot Title: T04,3983,6/15/26 22:30,51.523,
Plot Title: T04,3984,6/15/26 22:45,51.523,
Plot Title: T04,3985,6/15/26 23:00,51.523,
Plot Title: T04,3986,6/15/26 23:15,51.523,
Plot Title: T04,3987,6/15/26 23:30,51.346,
Plot Title: T04,3988,6/15/26 23:45,51.172,
Plot Title: T04,3989,6/16/26 00:00,50.995,
Plot Title: T04,3990,6/16/26 00:15,50.995,
Plot Title: T04,3991,6/16/26 00:30,51.172,
Plot Title: T04,3992,6/16/26 00:45,50.995,
Plot Title: T04,3993,6/16/26 01:00,50.643,
Plot Title: T04,3994,6/16/26 01:15,50.29,
Plot Title: T04,3995,6/16/26 01:30,50.113,
Plot Title: T04,3996,6/16/26 01:45,50.29,
Plot Title: T04,3997,6/16/26 02:00,50.466,
Plot Title: T04,3998,6/16/26 02:15,50.466,
Plot Title: T04,3999,6/16/26 02:30,50.466,
Plot Title: T04,4000,6/16/26 02:45,50.466,
Plot Title: T04,4001,6/16/26 03:00,50.29,
Plot Title: T04,4002,6/16/26 03:15,49.937,
Plot Title: T04,4003,6/16/26 03:30,49.759,
Plot Title: T04,4004,6/16/26 03:45,49.404,
Plot Title: T04,4005,6/16/26 04:00,49.05,
Plot Title: T04,4006,6/16/26 04:15,48.695,
Plot Title: T04,4007,6/16/26 04:30,48.339,
Plot Title: T04,4008,6/16/26 04:45,48.16,
Plot Title: T04,4009,6/16/26 05:00,47.982,
Plot Title: T04,4010,6/16/26 05:15,47.982,
Plot Title: T04,4011,6/16/26 05:30,47.982,
Plot Title: T04,4012,6/16/26 05:45,47.982,
Plot Title: T04,4013,6/16/26 06:00,48.16,
Plot Title: T04,4014,6/16/26 06:15,48.695,
Plot Title: T04,4015,6/16/26 06:30,48.871,
Plot Title: T04,4016,6/16/26 06:45,49.05,
Plot Title: T04,4017,6/16/26 07:00,48.871,
Plot Title: T04,4018,6/16/26 07:15,48.871,
Plot Title: T04,4019,6/16/26 07:30,48.695,
Plot Title: T04,4020,6/16/26 07:45,49.05,
Plot Title: T04,4021,6/16/26 08:00,49.05,
Plot Title: T04,4022,6/16/26 08:15,49.937,
Plot Title: T04,4023,6/16/26 08:30,50.29,
Plot Title: T04,4024,6/16/26 08:45,54.495,
Plot Title: T04,4025,6/16/26 09:00,56.923,
Plot Title: T04,4026,6/16/26 09:15,54.322,
Plot Title: T04,4027,6/16/26 09:30,53.449,
Plot Title: T04,4028,6/16/26 09:45,53.274,
Plot Title: T04,4029,6/16/26 10:00,52.925,
Plot Title: T04,4030,6/16/26 10:15,52.576,
Plot Title: T04,4031,6/16/26 10:30,52.75,
Plot Title: T04,4032,6/16/26 10:45,56.23,
Plot Title: T04,4033,6/16/26 11:00,57.958,
Plot Title: T04,4034,6/16/26 11:15,62.254,
Plot Title: T04,4035,6/16/26 11:30,66.708,
Plot Title: T04,4036,6/16/26 11:45,67.564,
Plot Title: T04,4037,6/16/26 12:00,63.968,
Plot Title: T04,4038,6/16/26 12:15,64.481,
Plot Title: T04,4039,6/16/26 12:30,70.308,
Plot Title: T04,4040,6/16/26 12:45,76.354,
Plot Title: T04,4041,6/16/26 13:00,79.326,
Plot Title: T04,4042,6/16/26 13:15,81.975,
Plot Title: T04,4043,6/16/26 13:30,83.935,
Plot Title: T04,4044,6/16/26 13:45,85.374,
Plot Title: T04,4045,6/16/26 14:00,78.449,
Plot Title: T04,4046,6/16/26 14:15,71.512,
Plot Title: T04,4047,6/16/26 14:30,68.248,
Plot Title: T04,4048,6/16/26 14:45,66.537,
Plot Title: T04,4049,6/16/26 15:00,67.05,
Plot Title: T04,4050,6/16/26 15:15,69.622,
Plot Title: T04,4051,6/16/26 15:30,73.926,
Plot Title: T04,4052,6/16/26 15:45,78.274,
Plot Title: T04,4053,6/16/26 16:00,75.659,
Plot Title: T04,4054,6/16/26 16:15,71.683,
Plot Title: T04,4055,6/16/26 16:30,69.278,
Plot Title: T04,4056,6/16/26 16:45,66.366,
Plot Title: T04,4057,6/16/26 17:00,64.652,
Plot Title: T04,4058,6/16/26 17:15,64.31,
Plot Title: T04,4059,6/16/26 17:30,64.652,
Plot Title: T04,4060,6/16/26 17:45,68.077,
Plot Title: T04,4061,6/16/26 18:00,68.248,
Plot Title: T04,4062,6/16/26 18:15,64.481,
Plot Title: T04,4063,6/16/26 18:30,62.425,
Plot Title: T04,4064,6/16/26 18:45,61.227,
Plot Title: T04,4065,6/16/26 19:00,60.368,
Plot Title: T04,4066,6/16/26 19:15,59.508,
Plot Title: T04,4067,6/16/26 19:30,58.993,
Plot Title: T04,4068,6/16/26 19:45,58.476,
Plot Title: T04,4069,6/16/26 20:00,57.958,
Plot Title: T04,4070,6/16/26 20:15,57.614,
Plot Title: T04,4071,6/16/26 20:30,57.096,
Plot Title: T04,4072,6/16/26 20:45,56.577,
Plot Title: T04,4073,6/16/26 21:00,56.057,
Plot Title: T04,4074,6/16/26 21:15,55.537,
Plot Title: T04,4075,6/16/26 21:30,55.017,
Plot Title: T04,4076,6/16/26 21:45,54.495,
Plot Title: T04,4077,6/16/26 22:00,54.147,
Plot Title: T04,4078,6/16/26 22:15,53.798,
Plot Title: T04,4079,6/16/26 22:30,53.623,
Plot Title: T04,4080,6/16/26 22:45,53.274,
Plot Title: T04,4081,6/16/26 23:00,53.1,
Plot Title: T04,4082,6/16/26 23:15,52.75,
Plot Title: T04,4083,6/16/26 23:30,52.401,
Plot Title: T04,4084,6/16/26 23:45,52.225,
Plot Title: T04,4085,6/17/26 00:00,51.874,
Plot Title: T04,4086,6/17/26 00:15,51.699,
Plot Title: T04,4087,6/17/26 00:30,51.523,
Plot Title: T04,4088,6/17/26 00:45,51.346,
Plot Title: T04,4089,6/17/26 01:00,50.995,
Plot Title: T04,4090,6/17/26 01:15,50.643,
Plot Title: T04,4091,6/17/26 01:30,50.466,
Plot Title: T04,4092,6/17/26 01:45,50.113,
Plot Title: T04,4093,6/17/26 02:00,49.937,
Plot Title: T04,4094,6/17/26 02:15,49.759,
Plot Title: T04,4095,6/17/26 02:30,49.759,
Plot Title: T04,4096,6/17/26 02:45,49.404,
Plot Title: T04,4097,6/17/26 03:00,49.228,
Plot Title: T04,4098,6/17/26 03:15,49.05,
Plot Title: T04,4099,6/17/26 03:30,48.871,
Plot Title: T04,4100,6/17/26 03:45,48.517,
Plot Title: T04,4101,6/17/26 04:00,48.517,
Plot Title: T04,4102,6/17/26 04:15,48.871,
Plot Title: T04,4103,6/17/26 04:30,48.695,
Plot Title: T04,4104,6/17/26 04:45,48.339,
Plot Title: T04,4105,6/17/26 05:00,48.16,
Plot Title: T04,4106,6/17/26 05:15,48.695,
Plot Title: T04,4107,6/17/26 05:30,48.695,
Plot Title: T04,4108,6/17/26 05:45,48.871,
Plot Title: T04,4109,6/17/26 06:00,48.871,
Plot Title: T04,4110,6/17/26 06:15,48.871,
Plot Title: T04,4111,6/17/26 06:30,49.05,
Plot Title: T04,4112,6/17/26 06:45,49.582,
Plot Title: T04,4113,6/17/26 07:00,49.759,
Plot Title: T04,4114,6/17/26 07:15,49.228,
Plot Title: T04,4115,6/17/26 07:30,48.695,
Plot Title: T04,4116,6/17/26 07:45,49.05,
Plot Title: T04,4117,6/17/26 08:00,49.05,
Plot Title: T04,4118,6/17/26 08:15,49.759,
Plot Title: T04,4119,6/17/26 08:30,49.937,
Plot Title: T04,4120,6/17/26 08:45,54.147,
Plot Title: T04,4121,6/17/26 09:00,56.404,
Plot Title: T04,4122,6/17/26 09:15,53.623,
Plot Title: T04,4123,6/17/26 09:30,53.449,
Plot Title: T04,4124,6/17/26 09:45,52.401,
Plot Title: T04,4125,6/17/26 10:00,52.05,
Plot Title: T04,4126,6/17/26 10:15,51.874,
Plot Title: T04,4127,6/17/26 10:30,51.874,
Plot Title: T04,4128,6/17/26 10:45,54.669,
Plot Title: T04,4129,6/17/26 11:00,55.364,
Plot Title: T04,4130,6/17/26 11:15,62.598,
Plot Title: T04,4131,6/17/26 11:30,68.934,
Plot Title: T04,4132,6/17/26 11:45,68.763,
Plot Title: T04,4133,6/17/26 12:00,64.139,
Plot Title: T04,4134,6/17/26 12:15,64.139,
Plot Title: T04,4135,6/17/26 12:30,65.68,
Plot Title: T04,4136,6/17/26 12:45,68.592,
Plot Title: T04,4137,6/17/26 13:00,68.934,
Plot Title: T04,4138,6/17/26 13:15,65.509,
Plot Title: T04,4139,6/17/26 13:30,67.735,
Plot Title: T04,4140,6/17/26 13:45,69.107,
Plot Title: T04,4141,6/17/26 14:00,67.221,
Plot Title: T04,4142,6/17/26 14:15,64.481,
Plot Title: T04,4143,6/17/26 14:30,61.398,
Plot Title: T04,4144,6/17/26 14:45,60.195,
Plot Title: T04,4145,6/17/26 15:00,59.851,
Plot Title: T04,4146,6/17/26 15:15,58.993,
Plot Title: T04,4147,6/17/26 15:30,59.164,
Plot Title: T04,4148,6/17/26 15:45,58.993,
Plot Title: T04,4149,6/17/26 16:00,59.508,
Plot Title: T04,4150,6/17/26 16:15,60.883,
Plot Title: T04,4151,6/17/26 16:30,60.712,
Plot Title: T04,4152,6/17/26 16:45,60.195,
Plot Title: T04,4153,6/17/26 17:00,58.82,
Plot Title: T04,4154,6/17/26 17:15,58.476,
Plot Title: T04,4155,6/17/26 17:30,57.785,
Plot Title: T04,4156,6/17/26 17:45,57.614,
Plot Title: T04,4157,6/17/26 18:00,56.75,
Plot Title: T04,4158,6/17/26 18:15,56.577,
Plot Title: T04,4159,6/17/26 18:30,56.23,
Plot Title: T04,4160,6/17/26 18:45,56.057,
Plot Title: T04,4161,6/17/26 19:00,55.537,
Plot Title: T04,4162,6/17/26 19:15,55.364,
Plot Title: T04,4163,6/17/26 19:30,55.189,
Plot Title: T04,4164,6/17/26 19:45,54.842,
Plot Title: T04,4165,6/17/26 20:00,54.322,
Plot Title: T04,4166,6/17/26 20:15,53.623,
Plot Title: T04,4167,6/17/26 20:30,53.1,
Plot Title: T04,4168,6/17/26 20:45,52.75,
Plot Title: T04,4169,6/17/26 21:00,52.401,
Plot Title: T04,4170,6/17/26 21:15,52.05,
Plot Title: T04,4171,6/17/26 21:30,51.346,
Plot Title: T04,4172,6/17/26 21:45,50.819,
Plot Title: T04,4173,6/17/26 22:00,50.466,
Plot Title: T04,4174,6/17/26 22:15,49.937,
Plot Title: T04,4175,6/17/26 22:30,49.759,
Plot Title: T04,4176,6/17/26 22:45,49.759,
Plot Title: T04,4177,6/17/26 23:00,49.228,
Plot Title: T04,4178,6/17/26 23:15,48.695,
Plot Title: T04,4179,6/17/26 23:30,48.339,
Plot Title: T04,4180,6/17/26 23:45,47.982,
Plot Title: T04,4181,6/18/26 00:00,47.624,
Plot Title: T04,4182,6/18/26 00:15,47.446,
Plot Title: T04,4183,6/18/26 00:30,47.266,
Plot Title: T04,4184,6/18/26 00:45,46.908,
Plot Title: T04,4185,6/18/26 01:00,46.728,
Plot Title: T04,4186,6/18/26 01:15,46.548,
Plot Title: T04,4187,6/18/26 01:30,46.369,
Plot Title: T04,4188,6/18/26 01:45,46.188,
Plot Title: T04,4189,6/18/26 02:00,46.188,
Plot Title: T04,4190,6/18/26 02:15,46.008,
Plot Title: T04,4191,6/18/26 02:30,45.828,
Plot Title: T04,4192,6/18/26 02:45,45.648,
Plot Title: T04,4193,6/18/26 03:00,45.648,
Plot Title: T04,4194,6/18/26 03:15,45.466,
Plot Title: T04,4195,6/18/26 03:30,45.286,
Plot Title: T04,4196,6/18/26 03:45,45.286,
Plot Title: T04,4197,6/18/26 04:00,45.286,
Plot Title: T04,4198,6/18/26 04:15,45.466,
Plot Title: T04,4199,6/18/26 04:30,45.466,
Plot Title: T04,4200,6/18/26 04:45,45.286,
Plot Title: T04,4201,6/18/26 05:00,45.286,
Plot Title: T04,4202,6/18/26 05:15,45.466,
Plot Title: T04,4203,6/18/26 05:30,45.466,
Plot Title: T04,4204,6/18/26 05:45,45.104,
Plot Title: T04,4205,6/18/26 06:00,44.922,
Plot Title: T04,4206,6/18/26 06:15,44.922,
Plot Title: T04,4207,6/18/26 06:30,44.742,
Plot Title: T04,4208,6/18/26 06:45,44.922,
Plot Title: T04,4209,6/18/26 07:00,45.286,
Plot Title: T04,4210,6/18/26 07:15,45.828,
Plot Title: T04,4211,6/18/26 07:30,46.728,
Plot Title: T04,4212,6/18/26 07:45,46.728,
Plot Title: T04,4213,6/18/26 08:00,46.548,
Plot Title: T04,4214,6/18/26 08:15,46.548,
Plot Title: T04,4215,6/18/26 08:30,47.088,
Plot Title: T04,4216,6/18/26 08:45,51.523,
Plot Title: T04,4217,6/18/26 09:00,53.798,
Plot Title: T04,4218,6/18/26 09:15,52.401,
Plot Title: T04,4219,6/18/26 09:30,52.925,
Plot Title: T04,4220,6/18/26 09:45,52.05,
Plot Title: T04,4221,6/18/26 10:00,51.523,
Plot Title: T04,4222,6/18/26 10:15,50.466,
Plot Title: T04,4223,6/18/26 10:30,50.995,
Plot Title: T04,4224,6/18/26 10:45,52.225,
Plot Title: T04,4225,6/18/26 11:00,53.798,
Plot Title: T04,4226,6/18/26 11:15,61.912,
Plot Title: T04,4227,6/18/26 11:30,68.934,
Plot Title: T04,4228,6/18/26 11:45,68.934,
Plot Title: T04,4229,6/18/26 12:00,61.912,
Plot Title: T04,4230,6/18/26 12:15,61.054,
Plot Title: T04,4231,6/18/26 12:30,69.793,
Plot Title: T04,4232,6/18/26 12:45,73.753,
Plot Title: T04,4233,6/18/26 13:00,73.926,
Plot Title: T04,4234,6/18/26 13:15,78.098,
Plot Title: T04,4235,6/18/26 13:30,79.502,
Plot Title: T04,4236,6/18/26 13:45,81.621,
Plot Title: T04,4237,6/18/26 14:00,74.619,
Plot Title: T04,4238,6/18/26 14:15,68.421,
Plot Title: T04,4239,6/18/26 14:30,64.825,
Plot Title: T04,4240,6/18/26 14:45,63.282,
Plot Title: T04,4241,6/18/26 15:00,65.338,
Plot Title: T04,4242,6/18/26 15:15,70.824,
Plot Title: T04,4243,6/18/26 15:30,77.225,
Plot Title: T04,4244,6/18/26 15:45,78.274,
Plot Title: T04,4245,6/18/26 16:00,74.446,
Plot Title: T04,4246,6/18/26 16:15,70.48,
Plot Title: T04,4247,6/18/26 16:30,67.906,
Plot Title: T04,4248,6/18/26 16:45,64.139,
Plot Title: T04,4249,6/18/26 17:00,62.254,
Plot Title: T04,4250,6/18/26 17:15,61.741,
Plot Title: T04,4251,6/18/26 17:30,62.425,
Plot Title: T04,4252,6/18/26 17:45,66.537,
Plot Title: T04,4253,6/18/26 18:00,67.221,
Plot Title: T04,4254,6/18/26 18:15,62.598,
Plot Title: T04,4255,6/18/26 18:30,60.024,
Plot Title: T04,4256,6/18/26 18:45,58.476,
Plot Title: T04,4257,6/18/26 19:00,57.268,
Plot Title: T04,4258,6/18/26 19:15,56.404,
Plot Title: T04,4259,6/18/26 19:30,55.711,
Plot Title: T04,4260,6/18/26 19:45,55.017,
Plot Title: T04,4261,6/18/26 20:00,54.495,
Plot Title: T04,4262,6/18/26 20:15,53.973,
Plot Title: T04,4263,6/18/26 20:30,53.623,
Plot Title: T04,4264,6/18/26 20:45,53.1,
Plot Title: T04,4265,6/18/26 21:00,52.75,
Plot Title: T04,4266,6/18/26 21:15,52.401,
Plot Title: T04,4267,6/18/26 21:30,52.05,
Plot Title: T04,4268,6/18/26 21:45,51.523,
Plot Title: T04,4269,6/18/26 22:00,51.172,
Plot Title: T04,4270,6/18/26 22:15,50.643,
Plot Title: T04,4271,6/18/26 22:30,50.466,
Plot Title: T04,4272,6/18/26 22:45,50.113,
Plot Title: T04,4273,6/18/26 23:00,49.759,
Plot Title: T04,4274,6/18/26 23:15,49.404,
Plot Title: T04,4275,6/18/26 23:30,49.228,
Plot Title: T04,4276,6/18/26 23:45,48.871,
Plot Title: T04,4277,6/19/26 00:00,48.695,
Plot Title: T04,4278,6/19/26 00:15,48.517,
Plot Title: T04,4279,6/19/26 00:30,48.339,
Plot Title: T04,4280,6/19/26 00:45,48.16,
Plot Title: T04,4281,6/19/26 01:00,47.982,
Plot Title: T04,4282,6/19/26 01:15,47.802,
Plot Title: T04,4283,6/19/26 01:30,47.446,
Plot Title: T04,4284,6/19/26 01:45,47.266,
Plot Title: T04,4285,6/19/26 02:00,47.088,
Plot Title: T04,4286,6/19/26 02:15,46.908,
Plot Title: T04,4287,6/19/26 02:30,46.728,
Plot Title: T04,4288,6/19/26 02:45,46.369,
Plot Title: T04,4289,6/19/26 03:00,46.188,
Plot Title: T04,4290,6/19/26 03:15,46.188,
Plot Title: T04,4291,6/19/26 03:30,46.008,
Plot Title: T04,4292,6/19/26 03:45,45.828,
Plot Title: T04,4293,6/19/26 04:00,45.466,
Plot Title: T04,4294,6/19/26 04:15,45.466,
Plot Title: T04,4295,6/19/26 04:30,45.104,
Plot Title: T04,4296,6/19/26 04:45,44.922,
Plot Title: T04,4297,6/19/26 05:00,44.742,
Plot Title: T04,4298,6/19/26 05:15,44.56,
Plot Title: T04,4299,6/19/26 05:30,44.379,
Plot Title: T04,4300,6/19/26 05:45,44.379,
Plot Title: T04,4301,6/19/26 06:00,44.379,
Plot Title: T04,4302,6/19/26 06:15,44.379,
Plot Title: T04,4303,6/19/26 06:30,44.379,
Plot Title: T04,4304,6/19/26 06:45,44.56,
Plot Title: T04,4305,6/19/26 07:00,44.742,
Plot Title: T04,4306,6/19/26 07:15,44.922,
Plot Title: T04,4307,6/19/26 07:30,45.466,
Plot Title: T04,4308,6/19/26 07:45,46.369,
Plot Title: T04,4309,6/19/26 08:00,47.088,
Plot Title: T04,4310,6/19/26 08:15,48.517,
Plot Title: T04,4311,6/19/26 08:30,49.937,
Plot Title: T04,4312,6/19/26 08:45,51.874,
Plot Title: T04,4313,6/19/26 09:00,52.225,
Plot Title: T04,4314,6/19/26 09:15,52.225,
Plot Title: T04,4315,6/19/26 09:30,52.576,
Plot Title: T04,4316,6/19/26 09:45,52.925,
Plot Title: T04,4317,6/19/26 10:00,53.274,
Plot Title: T04,4318,6/19/26 10:15,53.798,
Plot Title: T04,4319,6/19/26 10:30,54.147,
Plot Title: T04,4320,6/19/26 10:45,54.495,
Plot Title: T04,4321,6/19/26 11:00,54.842,
Plot Title: T04,4322,6/19/26 11:15,56.577,
Plot Title: T04,4323,6/19/26 11:30,59.164,
Plot Title: T04,4324,6/19/26 11:45,58.303,
Plot Title: T04,4325,6/19/26 12:00,57.958,
Plot Title: T04,4326,6/19/26 12:15,58.993,
Plot Title: T04,4327,6/19/26 12:30,59.337,
Plot Title: T04,4328,6/19/26 12:45,58.303,
Plot Title: T04,4329,6/19/26 13:00,58.647,
Plot Title: T04,4330,6/19/26 13:15,59.508,
Plot Title: T04,4331,6/19/26 13:30,62.425,
Plot Title: T04,4332,6/19/26 13:45,65.167,
Plot Title: T04,4333,6/19/26 14:00,65.167,
Plot Title: T04,4334,6/19/26 14:15,62.425,
Plot Title: T04,4335,6/19/26 14:30,62.254,
Plot Title: T04,4336,6/19/26 14:45,63.111,
Plot Title: T04,4337,6/19/26 15:00,64.481,
Plot Title: T04,4338,6/19/26 15:15,67.564,
Plot Title: T04,4339,6/19/26 15:30,69.964,
Plot Title: T04,4340,6/19/26 15:45,68.248,
Plot Title: T04,4341,6/19/26 16:00,67.221,
Plot Title: T04,4342,6/19/26 16:15,66.366,
Plot Title: T04,4343,6/19/26 16:30,65.509,
Plot Title: T04,4344,6/19/26 16:45,63.968,
Plot Title: T04,4345,6/19/26 17:00,62.598,
Plot Title: T04,4346,6/19/26 17:15,62.083,
Plot Title: T04,4347,6/19/26 17:30,60.539,
Plot Title: T04,4348,6/19/26 17:45,60.712,
Plot Title: T04,4349,6/19/26 18:00,63.797,
Plot Title: T04,4350,6/19/26 18:15,61.398,
Plot Title: T04,4351,6/19/26 18:30,60.539,
Plot Title: T04,4352,6/19/26 18:45,60.195,
Plot Title: T04,4353,6/19/26 19:00,59.164,
Plot Title: T04,4354,6/19/26 19:15,57.785,
Plot Title: T04,4355,6/19/26 19:30,56.23,
Plot Title: T04,4356,6/19/26 19:45,55.364,
Plot Title: T04,4357,6/19/26 20:00,54.669,
Plot Title: T04,4358,6/19/26 20:15,54.147,
Plot Title: T04,4359,6/19/26 20:30,54.147,
Plot Title: T04,4360,6/19/26 20:45,53.973,
Plot Title: T04,4361,6/19/26 21:00,53.623,
Plot Title: T04,4362,6/19/26 21:15,53.274,
Plot Title: T04,4363,6/19/26 21:30,53.274,
Plot Title: T04,4364,6/19/26 21:45,52.925,
Plot Title: T04,4365,6/19/26 22:00,52.225,
Plot Title: T04,4366,6/19/26 22:15,51.874,
Plot Title: T04,4367,6/19/26 22:30,51.874,
Plot Title: T04,4368,6/19/26 22:45,52.05,
Plot Title: T04,4369,6/19/26 23:00,51.874,
Plot Title: T04,4370,6/19/26 23:15,51.874,
Plot Title: T04,4371,6/19/26 23:30,51.874,
Plot Title: T04,4372,6/19/26 23:45,51.699,
Plot Title: T04,4373,6/20/26 00:00,51.874,
Plot Title: T04,4374,6/20/26 00:15,52.225,
Plot Title: T04,4375,6/20/26 00:30,52.05,
Plot Title: T04,4376,6/20/26 00:45,51.699,
Plot Title: T04,4377,6/20/26 01:00,51.346,
Plot Title: T04,4378,6/20/26 01:15,51.346,
Plot Title: T04,4379,6/20/26 01:30,51.523,
Plot Title: T04,4380,6/20/26 01:45,51.523,
Plot Title: T04,4381,6/20/26 02:00,51.523,
Plot Title: T04,4382,6/20/26 02:15,51.523,
Plot Title: T04,4383,6/20/26 02:30,51.346,
Plot Title: T04,4384,6/20/26 02:45,51.346,
Plot Title: T04,4385,6/20/26 03:00,51.172,
Plot Title: T04,4386,6/20/26 03:15,51.172,
Plot Title: T04,4387,6/20/26 03:30,51.172,
Plot Title: T04,4388,6/20/26 03:45,51.172,
Plot Title: T04,4389,6/20/26 04:00,51.172,
Plot Title: T04,4390,6/20/26 04:15,51.172,
Plot Title: T04,4391,6/20/26 04:30,50.995,
Plot Title: T04,4392,6/20/26 04:45,50.819,
Plot Title: T04,4393,6/20/26 05:00,50.466,
Plot Title: T04,4394,6/20/26 05:15,50.29,
Plot Title: T04,4395,6/20/26 05:30,50.29,
Plot Title: T04,4396,6/20/26 05:45,50.466,
Plot Title: T04,4397,6/20/26 06:00,50.466,
Plot Title: T04,4398,6/20/26 06:15,50.466,
Plot Title: T04,4399,6/20/26 06:30,50.466,
Plot Title: T04,4400,6/20/26 06:45,50.819,
Plot Title: T04,4401,6/20/26 07:00,51.346,
Plot Title: T04,4402,6/20/26 07:15,51.523,
Plot Title: T04,4403,6/20/26 07:30,51.523,
Plot Title: T04,4404,6/20/26 07:45,51.699,
Plot Title: T04,4405,6/20/26 08:00,51.523,
Plot Title: T04,4406,6/20/26 08:15,51.874,
Plot Title: T04,4407,6/20/26 08:30,51.874,
Plot Title: T04,4408,6/20/26 08:45,51.874,
Plot Title: T04,4409,6/20/26 09:00,51.874,
Plot Title: T04,4410,6/20/26 09:15,51.874,
Plot Title: T04,4411,6/20/26 09:30,52.05,
Plot Title: T04,4412,6/20/26 09:45,53.1,
Plot Title: T04,4413,6/20/26 10:00,54.842,
Plot Title: T04,4414,6/20/26 10:15,55.884,
Plot Title: T04,4415,6/20/26 10:30,55.711,
Plot Title: T04,4416,6/20/26 10:45,54.842,
Plot Title: T04,4417,6/20/26 11:00,55.189,
Plot Title: T04,4418,6/20/26 11:15,55.711,
Plot Title: T04,4419,6/20/26 11:30,56.577,
Plot Title: T04,4420,6/20/26 11:45,56.923,
Plot Title: T04,4421,6/20/26 12:00,56.057,
Plot Title: T04,4422,6/20/26 12:15,55.537,
Plot Title: T04,4423,6/20/26 12:30,56.23,
Plot Title: T04,4424,6/20/26 12:45,56.23,
Plot Title: T04,4425,6/20/26 13:00,56.23,
Plot Title: T04,4426,6/20/26 13:15,57.096,
Plot Title: T04,4427,6/20/26 13:30,59.337,
Plot Title: T04,4428,6/20/26 13:45,60.368,
Plot Title: T04,4429,6/20/26 14:00,61.054,
Plot Title: T04,4430,6/20/26 14:15,59.508,
Plot Title: T04,4431,6/20/26 14:30,59.68,
Plot Title: T04,4432,6/20/26 14:45,59.164,
Plot Title: T04,4433,6/20/26 15:00,57.096,
Plot Title: T04,4434,6/20/26 15:15,54.322,
Plot Title: T04,4435,6/20/26 15:30,52.925,
Plot Title: T04,4436,6/20/26 15:45,52.225,
Plot Title: T04,4437,6/20/26 16:00,51.699,
Plot Title: T04,4438,6/20/26 16:15,51.699,
Plot Title: T04,4439,6/20/26 16:30,51.874,
Plot Title: T04,4440,6/20/26 16:45,51.523,
Plot Title: T04,4441,6/20/26 17:00,51.172,
Plot Title: T04,4442,6/20/26 17:15,50.819,
Plot Title: T04,4443,6/20/26 17:30,50.643,
Plot Title: T04,4444,6/20/26 17:45,50.643,
Plot Title: T04,4445,6/20/26 18:00,50.466,
Plot Title: T04,4446,6/20/26 18:15,50.466,
Plot Title: T04,4447,6/20/26 18:30,50.466,
Plot Title: T04,4448,6/20/26 18:45,50.29,
Plot Title: T04,4449,6/20/26 19:00,50.29,
Plot Title: T04,4450,6/20/26 19:15,50.29,
Plot Title: T04,4451,6/20/26 19:30,50.113,
Plot Title: T04,4452,6/20/26 19:45,50.113,
Plot Title: T04,4453,6/20/26 20:00,50.113,
Plot Title: T04,4454,6/20/26 20:15,49.937,
Plot Title: T04,4455,6/20/26 20:30,49.759,
Plot Title: T04,4456,6/20/26 20:45,49.582,
Plot Title: T04,4457,6/20/26 21:00,49.582,
Plot Title: T04,4458,6/20/26 21:15,49.404,
Plot Title: T04,4459,6/20/26 21:30,49.228,
Plot Title: T04,4460,6/20/26 21:45,49.05,
Plot Title: T04,4461,6/20/26 22:00,48.871,
Plot Title: T04,4462,6/20/26 22:15,48.871,
Plot Title: T04,4463,6/20/26 22:30,48.695,
Plot Title: T04,4464,6/20/26 22:45,48.517,
Plot Title: T04,4465,6/20/26 23:00,48.16,
Plot Title: T04,4466,6/20/26 23:15,47.802,
Plot Title: T04,4467,6/20/26 23:30,47.624,
Plot Title: T04,4468,6/20/26 23:45,47.446,
Plot Title: T04,4469,6/21/26 00:00,47.266,
Plot Title: T04,4470,6/21/26 00:15,47.266,
Plot Title: T04,4471,6/21/26 00:30,47.624,
Plot Title: T04,4472,6/21/26 00:45,47.802,
Plot Title: T04,4473,6/21/26 01:00,47.802,
Plot Title: T04,4474,6/21/26 01:15,47.802,
Plot Title: T04,4475,6/21/26 01:30,47.802,
Plot Title: T04,4476,6/21/26 01:45,47.982,
Plot Title: T04,4477,6/21/26 02:00,47.624,
Plot Title: T04,4478,6/21/26 02:15,47.088,
Plot Title: T04,4479,6/21/26 02:30,46.908,
Plot Title: T04,4480,6/21/26 02:45,46.908,
Plot Title: T04,4481,6/21/26 03:00,46.908,
Plot Title: T04,4482,6/21/26 03:15,47.266,
Plot Title: T04,4483,6/21/26 03:30,47.266,
Plot Title: T04,4484,6/21/26 03:45,47.266,
Plot Title: T04,4485,6/21/26 04:00,47.446,
Plot Title: T04,4486,6/21/26 04:15,47.446,
Plot Title: T04,4487,6/21/26 04:30,47.624,
Plot Title: T04,4488,6/21/26 04:45,47.446,
Plot Title: T04,4489,6/21/26 05:00,47.446,
Plot Title: T04,4490,6/21/26 05:15,47.446,
Plot Title: T04,4491,6/21/26 05:30,47.446,
Plot Title: T04,4492,6/21/26 05:45,47.446,
Plot Title: T04,4493,6/21/26 06:00,46.908,
Plot Title: T04,4494,6/21/26 06:15,46.728,
Plot Title: T04,4495,6/21/26 06:30,47.088,
Plot Title: T04,4496,6/21/26 06:45,47.446,
Plot Title: T04,4497,6/21/26 07:00,47.624,
Plot Title: T04,4498,6/21/26 07:15,47.982,
Plot Title: T04,4499,6/21/26 07:30,48.695,
Plot Title: T04,4500,6/21/26 07:45,49.582,
Plot Title: T04,4501,6/21/26 08:00,49.937,
Plot Title: T04,4502,6/21/26 08:15,51.172,
Plot Title: T04,4503,6/21/26 08:30,51.874,
Plot Title: T04,4504,6/21/26 08:45,55.884,
Plot Title: T04,4505,6/21/26 09:00,55.537,
Plot Title: T04,4506,6/21/26 09:15,54.842,
Plot Title: T04,4507,6/21/26 09:30,55.884,
Plot Title: T04,4508,6/21/26 09:45,55.189,
Plot Title: T04,4509,6/21/26 10:00,54.669,
Plot Title: T04,4510,6/21/26 10:15,54.842,
Plot Title: T04,4511,6/21/26 10:30,54.842,
Plot Title: T04,4512,6/21/26 10:45,55.884,
Plot Title: T04,4513,6/21/26 11:00,57.441,
Plot Title: T04,4514,6/21/26 11:15,60.539,
Plot Title: T04,4515,6/21/26 11:30,65.851,
Plot Title: T04,4516,6/21/26 11:45,67.221,
Plot Title: T04,4517,6/21/26 12:00,63.111,
Plot Title: T04,4518,6/21/26 12:15,61.054,
Plot Title: T04,4519,6/21/26 12:30,69.964,
Plot Title: T04,4520,6/21/26 12:45,73.407,
Plot Title: T04,4521,6/21/26 13:00,67.564,
Plot Title: T04,4522,6/21/26 13:15,66.879,
Plot Title: T04,4523,6/21/26 13:30,67.906,
Plot Title: T04,4524,6/21/26 13:45,70.48,
Plot Title: T04,4525,6/21/26 14:00,67.735,
Plot Title: T04,4526,6/21/26 14:15,64.825,
Plot Title: T04,4527,6/21/26 14:30,63.111,
Plot Title: T04,4528,6/21/26 14:45,62.425,
Plot Title: T04,4529,6/21/26 15:00,64.825,
Plot Title: T04,4530,6/21/26 15:15,65.338,
Plot Title: T04,4531,6/21/26 15:30,73.234,
Plot Title: T04,4532,6/21/26 15:45,74.446,
Plot Title: T04,4533,6/21/26 16:00,68.763,
Plot Title: T04,4534,6/21/26 16:15,66.708,
Plot Title: T04,4535,6/21/26 16:30,65.68,
Plot Title: T04,4536,6/21/26 16:45,62.769,
Plot Title: T04,4537,6/21/26 17:00,60.883,
Plot Title: T04,4538,6/21/26 17:15,60.368,
Plot Title: T04,4539,6/21/26 17:30,61.569,
Plot Title: T04,4540,6/21/26 17:45,62.083,
Plot Title: T04,4541,6/21/26 18:00,60.712,
Plot Title: T04,4542,6/21/26 18:15,60.195,
Plot Title: T04,4543,6/21/26 18:30,59.164,
Plot Title: T04,4544,6/21/26 18:45,58.303,
Plot Title: T04,4545,6/21/26 19:00,56.923,
Plot Title: T04,4546,6/21/26 19:15,56.404,
Plot Title: T04,4547,6/21/26 19:30,56.057,
Plot Title: T04,4548,6/21/26 19:45,56.23,
Plot Title: T04,4549,6/21/26 20:00,55.884,
Plot Title: T04,4550,6/21/26 20:15,55.189,
Plot Title: T04,4551,6/21/26 20:30,54.322,
Plot Title: T04,4552,6/21/26 20:45,53.623,
Plot Title: T04,4553,6/21/26 21:00,53.449,
Plot Title: T04,4554,6/21/26 21:15,53.449,
Plot Title: T04,4555,6/21/26 21:30,52.401,
Plot Title: T04,4556,6/21/26 21:45,47.624,
Plot Title: T04,4557,6/21/26 22:00,46.188,
Plot Title: T04,4558,6/21/26 22:15,46.008,
Plot Title: T04,4559,6/21/26 22:30,46.369,
Plot Title: T04,4560,6/21/26 22:45,46.728,
Plot Title: T04,4561,6/21/26 23:00,47.088,
Plot Title: T04,4562,6/21/26 23:15,47.624,
Plot Title: T04,4563,6/21/26 23:30,48.16,
Plot Title: T04,4564,6/21/26 23:45,48.16,
Plot Title: T04,4565,6/22/26 00:00,47.982,
Plot Title: T04,4566,6/22/26 00:15,47.982,
Plot Title: T04,4567,6/22/26 00:30,47.802,
Plot Title: T04,4568,6/22/26 00:45,47.624,
Plot Title: T04,4569,6/22/26 01:00,47.446,
Plot Title: T04,4570,6/22/26 01:15,47.446,
Plot Title: T04,4571,6/22/26 01:30,47.266,
Plot Title: T04,4572,6/22/26 01:45,47.088,
Plot Title: T04,4573,6/22/26 02:00,46.908,
Plot Title: T04,4574,6/22/26 02:15,46.908,
Plot Title: T04,4575,6/22/26 02:30,47.088,
Plot Title: T04,4576,6/22/26 02:45,46.908,
Plot Title: T04,4577,6/22/26 03:00,46.728,
Plot Title: T04,4578,6/22/26 03:15,46.728,
Plot Title: T04,4579,6/22/26 03:30,46.728,
Plot Title: T04,4580,6/22/26 03:45,46.548,
Plot Title: T04,4581,6/22/26 04:00,46.188,
Plot Title: T04,4582,6/22/26 04:15,46.008,
Plot Title: T04,4583,6/22/26 04:30,46.008,
Plot Title: T04,4584,6/22/26 04:45,45.828,
Plot Title: T04,4585,6/22/26 05:00,45.828,
Plot Title: T04,4586,6/22/26 05:15,45.828,
Plot Title: T04,4587,6/22/26 05:30,46.008,
Plot Title: T04,4588,6/22/26 05:45,46.008,
Plot Title: T04,4589,6/22/26 06:00,46.008,
Plot Title: T04,4590,6/22/26 06:15,46.008,
Plot Title: T04,4591,6/22/26 06:30,46.369,
Plot Title: T04,4592,6/22/26 06:45,46.369,
Plot Title: T04,4593,6/22/26 07:00,46.728,
Plot Title: T04,4594,6/22/26 07:15,46.908,
Plot Title: T04,4595,6/22/26 07:30,46.908,
Plot Title: T04,4596,6/22/26 07:45,47.446,
Plot Title: T04,4597,6/22/26 08:00,47.802,
Plot Title: T04,4598,6/22/26 08:15,48.695,
Plot Title: T04,4599,6/22/26 08:30,49.228,
Plot Title: T04,4600,6/22/26 08:45,50.995,
Plot Title: T04,4601,6/22/26 09:00,55.189,
Plot Title: T04,4602,6/22/26 09:15,53.973,
Plot Title: T04,4603,6/22/26 09:30,53.623,
Plot Title: T04,4604,6/22/26 09:45,52.925,
Plot Title: T04,4605,6/22/26 10:00,52.225,
Plot Title: T04,4606,6/22/26 10:15,52.05,
Plot Title: T04,4607,6/22/26 10:30,52.401,
Plot Title: T04,4608,6/22/26 10:45,54.147,
Plot Title: T04,4609,6/22/26 11:00,56.923,
Plot Title: T04,4610,6/22/26 11:15,62.425,
Plot Title: T04,4611,6/22/26 11:30,68.592,
Plot Title: T04,4612,6/22/26 11:45,72.028,
Plot Title: T04,4613,6/22/26 12:00,66.708,
Plot Title: T04,4614,6/22/26 12:15,64.996,
Plot Title: T04,4615,6/22/26 12:30,68.592,
Plot Title: T04,4616,6/22/26 12:45,71.339,
Plot Title: T04,4617,6/22/26 13:00,75.484,
Plot Title: T04,4618,6/22/26 13:15,75.659,
Plot Title: T04,4619,6/22/26 13:30,72.199,
Plot Title: T04,4620,6/22/26 13:45,70.137,
Plot Title: T04,4621,6/22/26 14:00,70.48,
Plot Title: T04,4622,6/22/26 14:15,66.879,
Plot Title: T04,4623,6/22/26 14:30,64.825,
Plot Title: T04,4624,6/22/26 14:45,63.282,
Plot Title: T04,4625,6/22/26 15:00,63.797,
Plot Title: T04,4626,6/22/26 15:15,65.338,
Plot Title: T04,4627,6/22/26 15:30,70.308,
Plot Title: T04,4628,6/22/26 15:45,74.791,
Plot Title: T04,4629,6/22/26 16:00,71.512,
Plot Title: T04,4630,6/22/26 16:15,66.537,
Plot Title: T04,4631,6/22/26 16:30,65.509,
Plot Title: T04,4632,6/22/26 16:45,63.282,
Plot Title: T04,4633,6/22/26 17:00,62.254,
Plot Title: T04,4634,6/22/26 17:15,61.227,
Plot Title: T04,4635,6/22/26 17:30,60.712,
Plot Title: T04,4636,6/22/26 17:45,60.195,
Plot Title: T04,4637,6/22/26 18:00,59.164,
Plot Title: T04,4638,6/22/26 18:15,58.476,
Plot Title: T04,4639,6/22/26 18:30,57.614,
Plot Title: T04,4640,6/22/26 18:45,56.923,
Plot Title: T04,4641,6/22/26 19:00,56.404,
Plot Title: T04,4642,6/22/26 19:15,56.057,
Plot Title: T04,4643,6/22/26 19:30,55.537,
Plot Title: T04,4644,6/22/26 19:45,55.189,
Plot Title: T04,4645,6/22/26 20:00,54.669,
Plot Title: T04,4646,6/22/26 20:15,54.147,
Plot Title: T04,4647,6/22/26 20:30,53.623,
Plot Title: T04,4648,6/22/26 20:45,53.1,
Plot Title: T04,4649,6/22/26 21:00,52.925,
Plot Title: T04,4650,6/22/26 21:15,52.75,
Plot Title: T04,4651,6/22/26 21:30,52.05,
Plot Title: T04,4652,6/22/26 21:45,51.346,
Plot Title: T04,4653,6/22/26 22:00,50.643,
Plot Title: T04,4654,6/22/26 22:15,50.113,
Plot Title: T04,4655,6/22/26 22:30,49.759,
Plot Title: T04,4656,6/22/26 22:45,49.404,
Plot Title: T04,4657,6/22/26 23:00,49.05,
Plot Title: T04,4658,6/22/26 23:15,48.871,
Plot Title: T04,4659,6/22/26 23:30,48.695,
Plot Title: T04,4660,6/22/26 23:45,48.339,
Plot Title: T04,4661,6/23/26 00:00,48.16,
Plot Title: T04,4662,6/23/26 00:15,47.982,
Plot Title: T04,4663,6/23/26 00:30,47.624,
Plot Title: T04,4664,6/23/26 00:45,47.446,
Plot Title: T04,4665,6/23/26 01:00,47.266,
Plot Title: T04,4666,6/23/26 01:15,47.088,
Plot Title: T04,4667,6/23/26 01:30,46.908,
Plot Title: T04,4668,6/23/26 01:45,46.728,
Plot Title: T04,4669,6/23/26 02:00,46.369,
Plot Title: T04,4670,6/23/26 02:15,46.188,
Plot Title: T04,4671,6/23/26 02:30,46.008,
Plot Title: T04,4672,6/23/26 02:45,45.828,
Plot Title: T04,4673,6/23/26 03:00,45.648,
Plot Title: T04,4674,6/23/26 03:15,45.466,
Plot Title: T04,4675,6/23/26 03:30,45.286,
Plot Title: T04,4676,6/23/26 03:45,45.104,
Plot Title: T04,4677,6/23/26 04:00,44.922,
Plot Title: T04,4678,6/23/26 04:15,44.742,
Plot Title: T04,4679,6/23/26 04:30,44.56,
Plot Title: T04,4680,6/23/26 04:45,44.56,
Plot Title: T04,4681,6/23/26 05:00,44.379,
Plot Title: T04,4682,6/23/26 05:15,44.195,
Plot Title: T04,4683,6/23/26 05:30,44.013,
Plot Title: T04,4684,6/23/26 05:45,43.831,
Plot Title: T04,4685,6/23/26 06:00,43.831,
Plot Title: T04,4686,6/23/26 06:15,43.648,
Plot Title: T04,4687,6/23/26 06:30,43.648,
Plot Title: T04,4688,6/23/26 06:45,43.831,
Plot Title: T04,4689,6/23/26 07:00,44.013,
Plot Title: T04,4690,6/23/26 07:15,44.013,
Plot Title: T04,4691,6/23/26 07:30,44.379,
Plot Title: T04,4692,6/23/26 07:45,45.104,
Plot Title: T04,4693,6/23/26 08:00,45.648,
Plot Title: T04,4694,6/23/26 08:15,46.728,
Plot Title: T04,4695,6/23/26 08:30,47.088,
Plot Title: T04,4696,6/23/26 08:45,50.113,
Plot Title: T04,4697,6/23/26 09:00,53.973,
Plot Title: T04,4698,6/23/26 09:15,51.874,
Plot Title: T04,4699,6/23/26 09:30,51.346,
Plot Title: T04,4700,6/23/26 09:45,50.643,
Plot Title: T04,4701,6/23/26 10:00,50.113,
Plot Title: T04,4702,6/23/26 10:15,49.759,
Plot Title: T04,4703,6/23/26 10:30,49.582,
Plot Title: T04,4704,6/23/26 10:45,50.995,
Plot Title: T04,4705,6/23/26 11:00,52.225,
Plot Title: T04,4706,6/23/26 11:15,58.647,
Plot Title: T04,4707,6/23/26 11:30,66.708,
Plot Title: T04,4708,6/23/26 11:45,69.278,
Plot Title: T04,4709,6/23/26 12:00,62.769,
Plot Title: T04,4710,6/23/26 12:15,59.68,
Plot Title: T04,4711,6/23/26 12:30,68.934,
Plot Title: T04,4712,6/23/26 12:45,73.926,
Plot Title: T04,4713,6/23/26 13:00,76.354,
Plot Title: T04,4714,6/23/26 13:15,77.923,
Plot Title: T04,4715,6/23/26 13:30,79.151,
Plot Title: T04,4716,6/23/26 13:45,80.206,
Plot Title: T04,4717,6/23/26 14:00,73.926,
Plot Title: T04,4718,6/23/26 14:15,67.05,
Plot Title: T04,4719,6/23/26 14:30,63.455,
Plot Title: T04,4720,6/23/26 14:45,61.569,
Plot Title: T04,4721,6/23/26 15:00,63.968,
Plot Title: T04,4722,6/23/26 15:15,67.906,
Plot Title: T04,4723,6/23/26 15:30,74.619,
Plot Title: T04,4724,6/23/26 15:45,77.225,
Plot Title: T04,4725,6/23/26 16:00,74.791,
Plot Title: T04,4726,6/23/26 16:15,68.763,
Plot Title: T04,4727,6/23/26 16:30,67.05,
Plot Title: T04,4728,6/23/26 16:45,63.455,
Plot Title: T04,4729,6/23/26 17:00,61.398,
Plot Title: T04,4730,6/23/26 17:15,60.883,
Plot Title: T04,4731,6/23/26 17:30,61.227,
Plot Title: T04,4732,6/23/26 17:45,64.825,
Plot Title: T04,4733,6/23/26 18:00,66.022,
Plot Title: T04,4734,6/23/26 18:15,61.912,
Plot Title: T04,4735,6/23/26 18:30,59.337,
Plot Title: T04,4736,6/23/26 18:45,57.958,
Plot Title: T04,4737,6/23/26 19:00,57.096,
Plot Title: T04,4738,6/23/26 19:15,56.404,
Plot Title: T04,4739,6/23/26 19:30,55.711,
Plot Title: T04,4740,6/23/26 19:45,55.189,
Plot Title: T04,4741,6/23/26 20:00,54.669,
Plot Title: T04,4742,6/23/26 20:15,54.147,
Plot Title: T04,4743,6/23/26 20:30,53.798,
Plot Title: T04,4744,6/23/26 20:45,53.274,
Plot Title: T04,4745,6/23/26 21:00,52.925,
Plot Title: T04,4746,6/23/26 21:15,52.576,
Plot Title: T04,4747,6/23/26 21:30,52.401,
Plot Title: T04,4748,6/23/26 21:45,52.225,
Plot Title: T04,4749,6/23/26 22:00,52.05,
Plot Title: T04,4750,6/23/26 22:15,51.874,
Plot Title: T04,4751,6/23/26 22:30,51.523,
Plot Title: T04,4752,6/23/26 22:45,51.346,
Plot Title: T04,4753,6/23/26 23:00,51.172,
Plot Title: T04,4754,6/23/26 23:15,50.995,
Plot Title: T04,4755,6/23/26 23:30,50.819,
Plot Title: T04,4756,6/23/26 23:45,50.643,
Plot Title: T04,4757,6/24/26 00:00,50.29,
Plot Title: T04,4758,6/24/26 00:15,50.113,
Plot Title: T04,4759,6/24/26 00:30,49.937,
Plot Title: T04,4760,6/24/26 00:45,49.759,
Plot Title: T04,4761,6/24/26 01:00,49.759,
Plot Title: T04,4762,6/24/26 01:15,49.582,
Plot Title: T04,4763,6/24/26 01:30,49.404,
Plot Title: T04,4764,6/24/26 01:45,49.228,
Plot Title: T04,4765,6/24/26 02:00,49.228,
Plot Title: T04,4766,6/24/26 02:15,49.228,
Plot Title: T04,4767,6/24/26 02:30,49.404,
Plot Title: T04,4768,6/24/26 02:45,49.228,
Plot Title: T04,4769,6/24/26 03:00,48.871,
Plot Title: T04,4770,6/24/26 03:15,48.871,
Plot Title: T04,4771,6/24/26 03:30,48.695,
Plot Title: T04,4772,6/24/26 03:45,48.339,
Plot Title: T04,4773,6/24/26 04:00,47.982,
Plot Title: T04,4774,6/24/26 04:15,47.802,
Plot Title: T04,4775,6/24/26 04:30,47.802,
Plot Title: T04,4776,6/24/26 04:45,47.802,
Plot Title: T04,4777,6/24/26 05:00,47.802,
Plot Title: T04,4778,6/24/26 05:15,47.802,
Plot Title: T04,4779,6/24/26 05:30,47.446,
Plot Title: T04,4780,6/24/26 05:45,47.088,
Plot Title: T04,4781,6/24/26 06:00,46.908,
Plot Title: T04,4782,6/24/26 06:15,46.728,
Plot Title: T04,4783,6/24/26 06:30,46.728,
Plot Title: T04,4784,6/24/26 06:45,46.908,
Plot Title: T04,4785,6/24/26 07:00,47.088,
Plot Title: T04,4786,6/24/26 07:15,47.266,
Plot Title: T04,4787,6/24/26 07:30,47.446,
Plot Title: T04,4788,6/24/26 07:45,47.802,
Plot Title: T04,4789,6/24/26 08:00,48.339,
Plot Title: T04,4790,6/24/26 08:15,49.404,
Plot Title: T04,4791,6/24/26 08:30,49.759,
Plot Title: T04,4792,6/24/26 08:45,52.75,
Plot Title: T04,4793,6/24/26 09:00,55.364,
Plot Title: T04,4794,6/24/26 09:15,53.274,
Plot Title: T04,4795,6/24/26 09:30,53.1,
Plot Title: T04,4796,6/24/26 09:45,52.576,
Plot Title: T04,4797,6/24/26 10:00,52.05,
Plot Title: T04,4798,6/24/26 10:15,51.874,
Plot Title: T04,4799,6/24/26 10:30,51.699,
Plot Title: T04,4800,6/24/26 10:45,53.1,
Plot Title: T04,4801,6/24/26 11:00,54.147,
Plot Title: T04,4802,6/24/26 11:15,60.883,
Plot Title: T04,4803,6/24/26 11:30,68.077,
Plot Title: T04,4804,6/24/26 11:45,69.793,
Plot Title: T04,4805,6/24/26 12:00,63.455,
Plot Title: T04,4806,6/24/26 12:15,61.227,
Plot Title: T04,4807,6/24/26 12:30,66.537,
Plot Title: T04,4808,6/24/26 12:45,72.891,
Plot Title: T04,4809,6/24/26 13:00,73.926,
Plot Title: T04,4810,6/24/26 13:15,76.876,
Plot Title: T04,4811,6/24/26 13:30,79.151,
Plot Title: T04,4812,6/24/26 13:45,79.853,
Plot Title: T04,4813,6/24/26 14:00,74.791,
Plot Title: T04,4814,6/24/26 14:15,70.137,
Plot Title: T04,4815,6/24/26 14:30,67.735,
Plot Title: T04,4816,6/24/26 14:45,66.708,
Plot Title: T04,4817,6/24/26 15:00,66.193,
Plot Title: T04,4818,6/24/26 15:15,65.338,
Plot Title: T04,4819,6/24/26 15:30,67.05,
Plot Title: T04,4820,6/24/26 15:45,68.934,
Plot Title: T04,4821,6/24/26 16:00,67.392,
Plot Title: T04,4822,6/24/26 16:15,66.366,
Plot Title: T04,4823,6/24/26 16:30,65.509,
Plot Title: T04,4824,6/24/26 16:45,64.481,
Plot Title: T04,4825,6/24/26 17:00,63.797,
Plot Title: T04,4826,6/24/26 17:15,63.111,
Plot Title: T04,4827,6/24/26 17:30,63.626,
Plot Title: T04,4828,6/24/26 17:45,66.193,
Plot Title: T04,4829,6/24/26 18:00,66.708,
Plot Title: T04,4830,6/24/26 18:15,62.94,
Plot Title: T04,4831,6/24/26 18:30,61.227,
Plot Title: T04,4832,6/24/26 18:45,60.539,
Plot Title: T04,4833,6/24/26 19:00,59.851,
Plot Title: T04,4834,6/24/26 19:15,58.993,
Plot Title: T04,4835,6/24/26 19:30,58.476,
Plot Title: T04,4836,6/24/26 19:45,57.958,
Plot Title: T04,4837,6/24/26 20:00,57.614,
Plot Title: T04,4838,6/24/26 20:15,57.785,
Plot Title: T04,4839,6/24/26 20:30,57.268,
Plot Title: T04,4840,6/24/26 20:45,56.923,
Plot Title: T04,4841,6/24/26 21:00,56.23,
Plot Title: T04,4842,6/24/26 21:15,55.711,
Plot Title: T04,4843,6/24/26 21:30,55.537,
Plot Title: T04,4844,6/24/26 21:45,55.189,
Plot Title: T04,4845,6/24/26 22:00,55.017,
Plot Title: T04,4846,6/24/26 22:15,54.669,
Plot Title: T04,4847,6/24/26 22:30,54.147,
Plot Title: T04,4848,6/24/26 22:45,54.322,
Plot Title: T04,4849,6/24/26 23:00,54.322,
Plot Title: T04,4850,6/24/26 23:15,54.322,
Plot Title: T04,4851,6/24/26 23:30,53.973,
Plot Title: T04,4852,6/24/26 23:45,53.623,
Plot Title: T04,4853,6/25/26 00:00,53.1,
Plot Title: T04,4854,6/25/26 00:15,52.925,
Plot Title: T04,4855,6/25/26 00:30,52.75,
Plot Title: T04,4856,6/25/26 00:45,52.925,
Plot Title: T04,4857,6/25/26 01:00,52.925,
Plot Title: T04,4858,6/25/26 01:15,53.1,
Plot Title: T04,4859,6/25/26 01:30,53.1,
Plot Title: T04,4860,6/25/26 01:45,53.1,
Plot Title: T04,4861,6/25/26 02:00,53.1,
Plot Title: T04,4862,6/25/26 02:15,52.401,
Plot Title: T04,4863,6/25/26 02:30,52.05,
Plot Title: T04,4864,6/25/26 02:45,51.874,
Plot Title: T04,4865,6/25/26 03:00,51.523,
Plot Title: T04,4866,6/25/26 03:15,51.172,
Plot Title: T04,4867,6/25/26 03:30,50.819,
Plot Title: T04,4868,6/25/26 03:45,50.466,
Plot Title: T04,4869,6/25/26 04:00,50.29,
Plot Title: T04,4870,6/25/26 04:15,50.113,
Plot Title: T04,4871,6/25/26 04:30,50.113,
Plot Title: T04,4872,6/25/26 04:45,50.29,
Plot Title: T04,4873,6/25/26 05:00,50.466,
Plot Title: T04,4874,6/25/26 05:15,50.29,
Plot Title: T04,4875,6/25/26 05:30,49.937,
Plot Title: T04,4876,6/25/26 05:45,49.759,
Plot Title: T04,4877,6/25/26 06:00,49.404,
Plot Title: T04,4878,6/25/26 06:15,49.228,
Plot Title: T04,4879,6/25/26 06:30,49.05,
Plot Title: T04,4880,6/25/26 06:45,49.759,
Plot Title: T04,4881,6/25/26 07:00,50.113,
Plot Title: T04,4882,6/25/26 07:15,49.937,
Plot Title: T04,4883,6/25/26 07:30,50.29,
Plot Title: T04,4884,6/25/26 07:45,50.643,
Plot Title: T04,4885,6/25/26 08:00,50.29,
Plot Title: T04,4886,6/25/26 08:15,50.29,
Plot Title: T04,4887,6/25/26 08:30,50.466,
Plot Title: T04,4888,6/25/26 08:45,51.523,
Plot Title: T04,4889,6/25/26 09:00,52.401,
Plot Title: T04,4890,6/25/26 09:15,51.699,
Plot Title: T04,4891,6/25/26 09:30,51.523,
Plot Title: T04,4892,6/25/26 09:45,52.401,
Plot Title: T04,4893,6/25/26 10:00,53.449,
Plot Title: T04,4894,6/25/26 10:15,54.495,
Plot Title: T04,4895,6/25/26 10:30,55.884,
Plot Title: T04,4896,6/25/26 10:45,57.096,
Plot Title: T04,4897,6/25/26 11:00,58.476,
Plot Title: T04,4898,6/25/26 11:15,57.958,
Plot Title: T04,4899,6/25/26 11:30,58.303,
Plot Title: T04,4900,6/25/26 11:45,58.993,
Plot Title: T04,4901,6/25/26 12:00,60.712,
Plot Title: T04,4902,6/25/26 12:15,61.398,
Plot Title: T04,4903,6/25/26 12:30,69.964,
Plot Title: T04,4904,6/25/26 12:45,68.934,
Plot Title: T04,4905,6/25/26 13:00,67.392,
Plot Title: T04,4906,6/25/26 13:15,69.964,
Plot Title: T04,4907,6/25/26 13:30,70.137,
Plot Title: T04,4908,6/25/26 13:45,69.278,
Plot Title: T04,4909,6/25/26 14:00,69.107,
Plot Title: T04,4910,6/25/26 14:15,65.851,
Plot Title: T04,4911,6/25/26 14:30,63.626,
Plot Title: T04,4912,6/25/26 14:45,63.626,
Plot Title: T04,4913,6/25/26 15:00,65.68,
Plot Title: T04,4914,6/25/26 15:15,65.167,
Plot Title: T04,4915,6/25/26 15:30,66.708,
Plot Title: T04,4916,6/25/26 15:45,66.708,
Plot Title: T04,4917,6/25/26 16:00,66.022,
Plot Title: T04,4918,6/25/26 16:15,64.481,
Plot Title: T04,4919,6/25/26 16:30,62.769,
Plot Title: T04,4920,6/25/26 16:45,62.598,
Plot Title: T04,4921,6/25/26 17:00,62.254,
Plot Title: T04,4922,6/25/26 17:15,62.083,
Plot Title: T04,4923,6/25/26 17:30,61.569,
Plot Title: T04,4924,6/25/26 17:45,64.652,
Plot Title: T04,4925,6/25/26 18:00,65.338,
Plot Title: T04,4926,6/25/26 18:15,62.769,
Plot Title: T04,4927,6/25/26 18:30,61.227,
Plot Title: T04,4928,6/25/26 18:45,60.368,
Plot Title: T04,4929,6/25/26 19:00,59.337,
Plot Title: T04,4930,6/25/26 19:15,58.647,
Plot Title: T04,4931,6/25/26 19:30,58.131,
Plot Title: T04,4932,6/25/26 19:45,57.268,
Plot Title: T04,4933,6/25/26 20:00,56.404,
Plot Title: T04,4934,6/25/26 20:15,55.884,
Plot Title: T04,4935,6/25/26 20:30,55.711,
Plot Title: T04,4936,6/25/26 20:45,55.711,
Plot Title: T04,4937,6/25/26 21:00,54.842,
Plot Title: T04,4938,6/25/26 21:15,54.322,
Plot Title: T04,4939,6/25/26 21:30,53.973,
Plot Title: T04,4940,6/25/26 21:45,53.973,
Plot Title: T04,4941,6/25/26 22:00,54.322,
Plot Title: T04,4942,6/25/26 22:15,53.798,
Plot Title: T04,4943,6/25/26 22:30,53.623,
Plot Title: T04,4944,6/25/26 22:45,53.449,
Plot Title: T04,4945,6/25/26 23:00,52.925,
Plot Title: T04,4946,6/25/26 23:15,52.925,
Plot Title: T04,4947,6/25/26 23:30,52.925,
Plot Title: T04,4948,6/25/26 23:45,52.401,
Plot Title: T04,4949,6/26/26 00:00,52.225,
Plot Title: T04,4950,6/26/26 00:15,52.401,
Plot Title: T04,4951,6/26/26 00:30,52.576,
Plot Title: T04,4952,6/26/26 00:45,52.401,
Plot Title: T04,4953,6/26/26 01:00,52.05,
Plot Title: T04,4954,6/26/26 01:15,51.523,
Plot Title: T04,4955,6/26/26 01:30,51.172,
Plot Title: T04,4956,6/26/26 01:45,50.995,
Plot Title: T04,4957,6/26/26 02:00,50.995,
Plot Title: T04,4958,6/26/26 02:15,50.995,
Plot Title: T04,4959,6/26/26 02:30,50.995,
Plot Title: T04,4960,6/26/26 02:45,51.172,
Plot Title: T04,4961,6/26/26 03:00,51.172,
Plot Title: T04,4962,6/26/26 03:15,51.172,
Plot Title: T04,4963,6/26/26 03:30,51.172,
Plot Title: T04,4964,6/26/26 03:45,51.172,
Plot Title: T04,4965,6/26/26 04:00,50.995,
Plot Title: T04,4966,6/26/26 04:15,50.995,
Plot Title: T04,4967,6/26/26 04:30,50.819,
Plot Title: T04,4968,6/26/26 04:45,50.29,
Plot Title: T04,4969,6/26/26 05:00,50.29,
Plot Title: T04,4970,6/26/26 05:15,50.29,
Plot Title: T04,4971,6/26/26 05:30,50.29,
Plot Title: T04,4972,6/26/26 05:45,50.29,
Plot Title: T04,4973,6/26/26 06:00,50.29,
Plot Title: T04,4974,6/26/26 06:15,50.466,
Plot Title: T04,4975,6/26/26 06:30,50.643,
Plot Title: T04,4976,6/26/26 06:45,50.819,
Plot Title: T04,4977,6/26/26 07:00,50.995,
Plot Title: T04,4978,6/26/26 07:15,51.346,
Plot Title: T04,4979,6/26/26 07:30,51.699,
Plot Title: T04,4980,6/26/26 07:45,52.05,
Plot Title: T04,4981,6/26/26 08:00,52.401,
Plot Title: T04,4982,6/26/26 08:15,53.1,
Plot Title: T04,4983,6/26/26 08:30,53.623,
Plot Title: T04,4984,6/26/26 08:45,54.322,
Plot Title: T04,4985,6/26/26 09:00,54.322,
Plot Title: T04,4986,6/26/26 09:15,54.147,
Plot Title: T04,4987,6/26/26 09:30,55.017,
Plot Title: T04,4988,6/26/26 09:45,56.23,
Plot Title: T04,4989,6/26/26 10:00,57.441,
Plot Title: T04,4990,6/26/26 10:15,57.096,
Plot Title: T04,4991,6/26/26 10:30,56.23,
Plot Title: T04,4992,6/26/26 10:45,58.303,
Plot Title: T04,4993,6/26/26 11:00,60.195,
Plot Title: T04,4994,6/26/26 11:15,62.598,
Plot Title: T04,4995,6/26/26 11:30,62.94,
Plot Title: T04,4996,6/26/26 11:45,62.94,
Plot Title: T04,4997,6/26/26 12:00,61.912,
Plot Title: T04,4998,6/26/26 12:15,63.282,
Plot Title: T04,4999,6/26/26 12:30,63.626,
Plot Title: T04,5000,6/26/26 12:45,63.282,
Plot Title: T04,5001,6/26/26 13:00,63.968,
Plot Title: T04,5002,6/26/26 13:15,65.509,
Plot Title: T04,5003,6/26/26 13:30,68.248,
Plot Title: T04,5004,6/26/26 13:45,67.05,
Plot Title: T04,5005,6/26/26 14:00,63.626,
Plot Title: T04,5006,6/26/26 14:15,61.912,
Plot Title: T04,5007,6/26/26 14:30,59.337,
Plot Title: T04,5008,6/26/26 14:45,58.993,
Plot Title: T04,5009,6/26/26 15:00,62.769,
Plot Title: T04,5010,6/26/26 15:15,63.455,
Plot Title: T04,5011,6/26/26 15:30,66.537,
Plot Title: T04,5012,6/26/26 15:45,68.763,
Plot Title: T04,5013,6/26/26 16:00,68.248,
Plot Title: T04,5014,6/26/26 16:15,66.879,
Plot Title: T04,5015,6/26/26 16:30,65.68,
Plot Title: T04,5016,6/26/26 16:45,63.797,
Plot Title: T04,5017,6/26/26 17:00,61.912,
Plot Title: T04,5018,6/26/26 17:15,60.368,
Plot Title: T04,5019,6/26/26 17:30,59.68,
Plot Title: T04,5020,6/26/26 17:45,60.712,
Plot Title: T04,5021,6/26/26 18:00,62.425,
Plot Title: T04,5022,6/26/26 18:15,61.054,
Plot Title: T04,5023,6/26/26 18:30,59.337,
Plot Title: T04,5024,6/26/26 18:45,58.993,
Plot Title: T04,5025,6/26/26 19:00,58.303,
Plot Title: T04,5026,6/26/26 19:15,57.958,
Plot Title: T04,5027,6/26/26 19:30,57.268,
Plot Title: T04,5028,6/26/26 19:45,57.096,
Plot Title: T04,5029,6/26/26 20:00,56.75,
Plot Title: T04,5030,6/26/26 20:15,56.057,
Plot Title: T04,5031,6/26/26 20:30,55.711,
Plot Title: T04,5032,6/26/26 20:45,54.842,
Plot Title: T04,5033,6/26/26 21:00,54.322,
Plot Title: T04,5034,6/26/26 21:15,54.147,
Plot Title: T04,5035,6/26/26 21:30,53.973,
Plot Title: T04,5036,6/26/26 21:45,53.623,
Plot Title: T04,5037,6/26/26 22:00,53.274,
Plot Title: T04,5038,6/26/26 22:15,52.75,
Plot Title: T04,5039,6/26/26 22:30,52.401,
Plot Title: T04,5040,6/26/26 22:45,52.225,
Plot Title: T04,5041,6/26/26 23:00,52.225,
Plot Title: T04,5042,6/26/26 23:15,52.05,
Plot Title: T04,5043,6/26/26 23:30,52.05,
Plot Title: T04,5044,6/26/26 23:45,52.05,
Plot Title: T04,5045,6/27/26 00:00,51.874,
Plot Title: T04,5046,6/27/26 00:15,51.874,
Plot Title: T04,5047,6/27/26 00:30,51.699,
Plot Title: T04,5048,6/27/26 00:45,51.346,
Plot Title: T04,5049,6/27/26 01:00,51.172,
Plot Title: T04,5050,6/27/26 01:15,51.172,
Plot Title: T04,5051,6/27/26 01:30,51.346,
Plot Title: T04,5052,6/27/26 01:45,51.172,
Plot Title: T04,5053,6/27/26 02:00,51.172,
Plot Title: T04,5054,6/27/26 02:15,51.172,
Plot Title: T04,5055,6/27/26 02:30,50.995,
Plot Title: T04,5056,6/27/26 02:45,50.819,
Plot Title: T04,5057,6/27/26 03:00,50.819,
Plot Title: T04,5058,6/27/26 03:15,50.466,
Plot Title: T04,5059,6/27/26 03:30,50.29,
Plot Title: T04,5060,6/27/26 03:45,50.29,
Plot Title: T04,5061,6/27/26 04:00,49.937,
Plot Title: T04,5062,6/27/26 04:15,49.228,
Plot Title: T04,5063,6/27/26 04:30,48.695,
Plot Title: T04,5064,6/27/26 04:45,48.517,
Plot Title: T04,5065,6/27/26 05:00,48.695,
Plot Title: T04,5066,6/27/26 05:15,48.871,
Plot Title: T04,5067,6/27/26 05:30,49.05,
Plot Title: T04,5068,6/27/26 05:45,48.871,
Plot Title: T04,5069,6/27/26 06:00,48.871,
Plot Title: T04,5070,6/27/26 06:15,48.871,
Plot Title: T04,5071,6/27/26 06:30,49.05,
Plot Title: T04,5072,6/27/26 06:45,49.228,
Plot Title: T04,5073,6/27/26 07:00,49.404,
Plot Title: T04,5074,6/27/26 07:15,49.582,
Plot Title: T04,5075,6/27/26 07:30,49.937,
Plot Title: T04,5076,6/27/26 07:45,50.29,
Plot Title: T04,5077,6/27/26 08:00,50.819,
Plot Title: T04,5078,6/27/26 08:15,50.643,
Plot Title: T04,5079,6/27/26 08:30,50.466,
Plot Title: T04,5080,6/27/26 08:45,50.819,
Plot Title: T04,5081,6/27/26 09:00,51.172,
Plot Title: T04,5082,6/27/26 09:15,51.346,
Plot Title: T04,5083,6/27/26 09:30,52.401,
Plot Title: T04,5084,6/27/26 09:45,54.322,
Plot Title: T04,5085,6/27/26 10:00,54.842,
Plot Title: T04,5086,6/27/26 10:15,54.842,
Plot Title: T04,5087,6/27/26 10:30,54.495,
Plot Title: T04,5088,6/27/26 10:45,54.669,
Plot Title: T04,5089,6/27/26 11:00,53.449,
Plot Title: T04,5090,6/27/26 11:15,54.842,
Plot Title: T04,5091,6/27/26 11:30,56.23,
Plot Title: T04,5092,6/27/26 11:45,56.23,
Plot Title: T04,5093,6/27/26 12:00,55.884,
Plot Title: T04,5094,6/27/26 12:15,56.404,
Plot Title: T04,5095,6/27/26 12:30,55.364,
Plot Title: T04,5096,6/27/26 12:45,53.623,
Plot Title: T04,5097,6/27/26 13:00,52.401,
Plot Title: T04,5098,6/27/26 13:15,51.346,
Plot Title: T04,5099,6/27/26 13:30,51.172,
Plot Title: T04,5100,6/27/26 13:45,53.973,
Plot Title: T04,5101,6/27/26 14:00,52.225,
Plot Title: T04,5102,6/27/26 14:15,52.225,
Plot Title: T04,5103,6/27/26 14:30,52.225,
Plot Title: T04,5104,6/27/26 14:45,51.523,
Plot Title: T04,5105,6/27/26 15:00,51.874,
Plot Title: T04,5106,6/27/26 15:15,52.225,
Plot Title: T04,5107,6/27/26 15:30,52.225,
Plot Title: T04,5108,6/27/26 15:45,51.874,
Plot Title: T04,5109,6/27/26 16:00,52.401,
Plot Title: T04,5110,6/27/26 16:15,53.1,
Plot Title: T04,5111,6/27/26 16:30,53.274,
Plot Title: T04,5112,6/27/26 16:45,53.798,
Plot Title: T04,5113,6/27/26 17:00,53.623,
Plot Title: T04,5114,6/27/26 17:15,53.449,
Plot Title: T04,5115,6/27/26 17:30,53.1,
Plot Title: T04,5116,6/27/26 17:45,52.225,
Plot Title: T04,5117,6/27/26 18:00,51.699,
Plot Title: T04,5118,6/27/26 18:15,51.172,
Plot Title: T04,5119,6/27/26 18:30,51.699,
Plot Title: T04,5120,6/27/26 18:45,51.874,
Plot Title: T04,5121,6/27/26 19:00,51.523,
Plot Title: T04,5122,6/27/26 19:15,50.995,
Plot Title: T04,5123,6/27/26 19:30,50.113,
Plot Title: T04,5124,6/27/26 19:45,49.937,
Plot Title: T04,5125,6/27/26 20:00,49.582,
Plot Title: T04,5126,6/27/26 20:15,49.228,
Plot Title: T04,5127,6/27/26 20:30,49.05,
Plot Title: T04,5128,6/27/26 20:45,48.871,
Plot Title: T04,5129,6/27/26 21:00,48.695,
Plot Title: T04,5130,6/27/26 21:15,48.517,
Plot Title: T04,5131,6/27/26 21:30,47.982,
Plot Title: T04,5132,6/27/26 21:45,47.802,
Plot Title: T04,5133,6/27/26 22:00,47.624,
Plot Title: T04,5134,6/27/26 22:15,47.624,
Plot Title: T04,5135,6/27/26 22:30,47.624,
Plot Title: T04,5136,6/27/26 22:45,47.266,
Plot Title: T04,5137,6/27/26 23:00,46.908,
Plot Title: T04,5138,6/27/26 23:15,46.728,
Plot Title: T04,5139,6/27/26 23:30,46.728,
Plot Title: T04,5140,6/27/26 23:45,46.548,
Plot Title: T04,5141,6/28/26 00:00,46.369,
Plot Title: T04,5142,6/28/26 00:15,46.369,
Plot Title: T04,5143,6/28/26 00:30,46.369,
Plot Title: T04,5144,6/28/26 00:45,46.188,
Plot Title: T04,5145,6/28/26 01:00,46.188,
Plot Title: T04,5146,6/28/26 01:15,46.008,
Plot Title: T04,5147,6/28/26 01:30,46.008,
Plot Title: T04,5148,6/28/26 01:45,45.828,
Plot Title: T04,5149,6/28/26 02:00,45.648,
Plot Title: T04,5150,6/28/26 02:15,45.648,
Plot Title: T04,5151,6/28/26 02:30,45.648,
Plot Title: T04,5152,6/28/26 02:45,45.648,
Plot Title: T04,5153,6/28/26 03:00,45.286,
Plot Title: T04,5154,6/28/26 03:15,45.104,
Plot Title: T04,5155,6/28/26 03:30,45.104,
Plot Title: T04,5156,6/28/26 03:45,45.104,
Plot Title: T04,5157,6/28/26 04:00,45.104,
Plot Title: T04,5158,6/28/26 04:15,45.104,
Plot Title: T04,5159,6/28/26 04:30,45.104,
Plot Title: T04,5160,6/28/26 04:45,45.104,
Plot Title: T04,5161,6/28/26 05:00,45.104,
Plot Title: T04,5162,6/28/26 05:15,44.922,
Plot Title: T04,5163,6/28/26 05:30,44.922,
Plot Title: T04,5164,6/28/26 05:45,44.922,
Plot Title: T04,5165,6/28/26 06:00,44.742,
Plot Title: T04,5166,6/28/26 06:15,44.922,
Plot Title: T04,5167,6/28/26 06:30,44.922,
Plot Title: T04,5168,6/28/26 06:45,44.922,
Plot Title: T04,5169,6/28/26 07:00,45.104,
Plot Title: T04,5170,6/28/26 07:15,45.104,
Plot Title: T04,5171,6/28/26 07:30,45.286,
Plot Title: T04,5172,6/28/26 07:45,45.286,
Plot Title: T04,5173,6/28/26 08:00,45.104,
Plot Title: T04,5174,6/28/26 08:15,45.104,
Plot Title: T04,5175,6/28/26 08:30,45.104,
Plot Title: T04,5176,6/28/26 08:45,45.466,
Plot Title: T04,5177,6/28/26 09:00,46.008,
Plot Title: T04,5178,6/28/26 09:15,46.188,
Plot Title: T04,5179,6/28/26 09:30,46.369,
Plot Title: T04,5180,6/28/26 09:45,46.369,
Plot Title: T04,5181,6/28/26 10:00,46.188,
Plot Title: T04,5182,6/28/26 10:15,45.648,
Plot Title: T04,5183,6/28/26 10:30,45.104,
Plot Title: T04,5184,6/28/26 10:45,44.742,
Plot Title: T04,5185,6/28/26 11:00,44.56,
Plot Title: T04,5186,6/28/26 11:15,44.013,
Plot Title: T04,5187,6/28/26 11:30,44.195,
Plot Title: T04,5188,6/28/26 11:45,44.922,
Plot Title: T04,5189,6/28/26 12:00,46.008,
Plot Title: T04,5190,6/28/26 12:15,46.369,
Plot Title: T04,5191,6/28/26 12:30,46.369,
Plot Title: T04,5192,6/28/26 12:45,46.369,
Plot Title: T04,5193,6/28/26 13:00,46.548,
Plot Title: T04,5194,6/28/26 13:15,46.548,
Plot Title: T04,5195,6/28/26 13:30,46.728,
Plot Title: T04,5196,6/28/26 13:45,46.728,
Plot Title: T04,5197,6/28/26 14:00,46.908,
Plot Title: T04,5198,6/28/26 14:15,47.624,
Plot Title: T04,5199,6/28/26 14:30,48.517,
Plot Title: T04,5200,6/28/26 14:45,48.871,
Plot Title: T04,5201,6/28/26 15:00,48.695,
Plot Title: T04,5202,6/28/26 15:15,48.871,
Plot Title: T04,5203,6/28/26 15:30,48.695,
Plot Title: T04,5204,6/28/26 15:45,49.05,
Plot Title: T04,5205,6/28/26 16:00,48.871,
Plot Title: T04,5206,6/28/26 16:15,48.517,
Plot Title: T04,5207,6/28/26 16:30,48.871,
Plot Title: T04,5208,6/28/26 16:45,49.05,
Plot Title: T04,5209,6/28/26 17:00,49.05,
Plot Title: T04,5210,6/28/26 17:15,49.582,
Plot Title: T04,5211,6/28/26 17:30,50.113,
Plot Title: T04,5212,6/28/26 17:45,50.113,
Plot Title: T04,5213,6/28/26 18:00,49.759,
Plot Title: T04,5214,6/28/26 18:15,49.404,
Plot Title: T04,5215,6/28/26 18:30,48.871,
Plot Title: T04,5216,6/28/26 18:45,48.517,
Plot Title: T04,5217,6/28/26 19:00,47.982,
Plot Title: T04,5218,6/28/26 19:15,47.802,
Plot Title: T04,5219,6/28/26 19:30,47.624,
Plot Title: T04,5220,6/28/26 19:45,47.446,
Plot Title: T04,5221,6/28/26 20:00,47.446,
Plot Title: T04,5222,6/28/26 20:15,47.088,
Plot Title: T04,5223,6/28/26 20:30,46.548,
Plot Title: T04,5224,6/28/26 20:45,45.828,
Plot Title: T04,5225,6/28/26 21:00,45.104,
Plot Title: T04,5226,6/28/26 21:15,44.742,
Plot Title: T04,5227,6/28/26 21:30,44.742,
Plot Title: T04,5228,6/28/26 21:45,44.56,
Plot Title: T04,5229,6/28/26 22:00,44.379,
Plot Title: T04,5230,6/28/26 22:15,44.013,
Plot Title: T04,5231,6/28/26 22:30,43.831,
Plot Title: T04,5232,6/28/26 22:45,43.648,
Plot Title: T04,5233,6/28/26 23:00,43.648,
Plot Title: T04,5234,6/28/26 23:15,43.466,
Plot Title: T04,5235,6/28/26 23:30,43.282,
Plot Title: T04,5236,6/28/26 23:45,43.282,
Plot Title: T04,5237,6/29/26 00:00,43.282,
Plot Title: T04,5238,6/29/26 00:15,43.099,
Plot Title: T04,5239,6/29/26 00:30,43.099,
Plot Title: T04,5240,6/29/26 00:45,43.099,
Plot Title: T04,5241,6/29/26 01:00,43.099,
Plot Title: T04,5242,6/29/26 01:15,43.099,
Plot Title: T04,5243,6/29/26 01:30,42.915,
Plot Title: T04,5244,6/29/26 01:45,42.915,
Plot Title: T04,5245,6/29/26 02:00,42.732,
Plot Title: T04,5246,6/29/26 02:15,42.732,
Plot Title: T04,5247,6/29/26 02:30,42.548,
Plot Title: T04,5248,6/29/26 02:45,42.548,
Plot Title: T04,5249,6/29/26 03:00,42.363,
Plot Title: T04,5250,6/29/26 03:15,42.179,
Plot Title: T04,5251,6/29/26 03:30,41.994,
Plot Title: T04,5252,6/29/26 03:45,41.994,
Plot Title: T04,5253,6/29/26 04:00,41.81,
Plot Title: T04,5254,6/29/26 04:15,41.81,
Plot Title: T04,5255,6/29/26 04:30,41.81,
Plot Title: T04,5256,6/29/26 04:45,41.81,
Plot Title: T04,5257,6/29/26 05:00,41.81,
Plot Title: T04,5258,6/29/26 05:15,41.81,
Plot Title: T04,5259,6/29/26 05:30,41.81,
Plot Title: T04,5260,6/29/26 05:45,41.81,
Plot Title: T04,5261,6/29/26 06:00,41.81,
Plot Title: T04,5262,6/29/26 06:15,41.625,
Plot Title: T04,5263,6/29/26 06:30,41.625,
Plot Title: T04,5264,6/29/26 06:45,41.81,
Plot Title: T04,5265,6/29/26 07:00,41.81,
Plot Title: T04,5266,6/29/26 07:15,41.994,
Plot Title: T04,5267,6/29/26 07:30,42.363,
Plot Title: T04,5268,6/29/26 07:45,42.548,
Plot Title: T04,5269,6/29/26 08:00,41.994,
Plot Title: T04,5270,6/29/26 08:15,41.067,
Plot Title: T04,5271,6/29/26 08:30,40.509,
Plot Title: T04,5272,6/29/26 08:45,40.881,
Plot Title: T04,5273,6/29/26 09:00,40.696,
Plot Title: T04,5274,6/29/26 09:15,40.321,
Plot Title: T04,5275,6/29/26 09:30,39.76,
Plot Title: T04,5276,6/29/26 09:45,39.947,
Plot Title: T04,5277,6/29/26 10:00,39.947,
Plot Title: T04,5278,6/29/26 10:15,40.134,
Plot Title: T04,5279,6/29/26 10:30,40.696,
Plot Title: T04,5280,6/29/26 10:45,40.881,
Plot Title: T04,5281,6/29/26 11:00,40.696,
Plot Title: T04,5282,6/29/26 11:15,40.509,
Plot Title: T04,5283,6/29/26 11:30,40.696,
Plot Title: T04,5284,6/29/26 11:45,40.881,
Plot Title: T04,5285,6/29/26 12:00,40.321,
Plot Title: T04,5286,6/29/26 12:15,40.134,
Plot Title: T04,5287,6/29/26 12:30,40.134,
Plot Title: T04,5288,6/29/26 12:45,40.696,
Plot Title: T04,5289,6/29/26 13:00,41.254,
Plot Title: T04,5290,6/29/26 13:15,41.439,
Plot Title: T04,5291,6/29/26 13:30,42.179,
Plot Title: T04,5292,6/29/26 13:45,43.099,
Plot Title: T04,5293,6/29/26 14:00,44.013,
Plot Title: T04,5294,6/29/26 14:15,44.56,
Plot Title: T04,5295,6/29/26 14:30,45.104,
Plot Title: T04,5296,6/29/26 14:45,45.466,
Plot Title: T04,5297,6/29/26 15:00,45.828,
Plot Title: T04,5298,6/29/26 15:15,46.369,
Plot Title: T04,5299,6/29/26 15:30,46.369,
Plot Title: T04,5300,6/29/26 15:45,46.369,
Plot Title: T04,5301,6/29/26 16:00,46.548,
Plot Title: T04,5302,6/29/26 16:15,47.088,
Plot Title: T04,5303,6/29/26 16:30,47.088,
Plot Title: T04,5304,6/29/26 16:45,47.266,
Plot Title: T04,5305,6/29/26 17:00,47.624,
Plot Title: T04,5306,6/29/26 17:15,47.982,
Plot Title: T04,5307,6/29/26 17:30,48.517,
Plot Title: T04,5308,6/29/26 17:45,48.339,
Plot Title: T04,5309,6/29/26 18:00,47.802,
Plot Title: T04,5310,6/29/26 18:15,47.446,
Plot Title: T04,5311,6/29/26 18:30,47.088,
Plot Title: T04,5312,6/29/26 18:45,46.908,
Plot Title: T04,5313,6/29/26 19:00,46.728,
Plot Title: T04,5314,6/29/26 19:15,46.728,
Plot Title: T04,5315,6/29/26 19:30,46.728,
Plot Title: T04,5316,6/29/26 19:45,46.548,
Plot Title: T04,5317,6/29/26 20:00,46.188,
Plot Title: T04,5318,6/29/26 20:15,45.828,
Plot Title: T04,5319,6/29/26 20:30,45.648,
Plot Title: T04,5320,6/29/26 20:45,45.286,
Plot Title: T04,5321,6/29/26 21:00,44.922,
Plot Title: T04,5322,6/29/26 21:15,44.56,
Plot Title: T04,5323,6/29/26 21:30,44.379,
Plot Title: T04,5324,6/29/26 21:45,44.195,
Plot Title: T04,5325,6/29/26 22:00,44.013,
Plot Title: T04,5326,6/29/26 22:15,44.013,
Plot Title: T04,5327,6/29/26 22:30,43.831,
Plot Title: T04,5328,6/29/26 22:45,43.648,
Plot Title: T04,5329,6/29/26 23:00,43.648,
Plot Title: T04,5330,6/29/26 23:15,43.648,
Plot Title: T04,5331,6/29/26 23:30,43.466,
Plot Title: T04,5332,6/29/26 23:45,43.282,
Plot Title: T04,5333,6/30/26 00:00,43.282,
Plot Title: T04,5334,6/30/26 00:15,43.099,
Plot Title: T04,5335,6/30/26 00:30,43.099,
Plot Title: T04,5336,6/30/26 00:45,43.099,
Plot Title: T04,5337,6/30/26 01:00,43.099,
Plot Title: T04,5338,6/30/26 01:15,43.099,
Plot Title: T04,5339,6/30/26 01:30,43.099,
Plot Title: T04,5340,6/30/26 01:45,43.099,
Plot Title: T04,5341,6/30/26 02:00,43.099,
Plot Title: T04,5342,6/30/26 02:15,43.099,
Plot Title: T04,5343,6/30/26 02:30,43.099,
Plot Title: T04,5344,6/30/26 02:45,43.099,
Plot Title: T04,5345,6/30/26 03:00,43.099,
Plot Title: T04,5346,6/30/26 03:15,43.099,
Plot Title: T04,5347,6/30/26 03:30,43.099,
Plot Title: T04,5348,6/30/26 03:45,43.099,
Plot Title: T04,5349,6/30/26 04:00,43.099,
Plot Title: T04,5350,6/30/26 04:15,43.099,
Plot Title: T04,5351,6/30/26 04:30,43.099,
Plot Title: T04,5352,6/30/26 04:45,43.099,
Plot Title: T04,5353,6/30/26 05:00,43.099,
Plot Title: T04,5354,6/30/26 05:15,43.099,
Plot Title: T04,5355,6/30/26 05:30,43.099,
Plot Title: T04,5356,6/30/26 05:45,43.099,
Plot Title: T04,5357,6/30/26 06:00,43.099,
Plot Title: T04,5358,6/30/26 06:15,43.099,
Plot Title: T04,5359,6/30/26 06:30,43.099,
Plot Title: T04,5360,6/30/26 06:45,43.099,
Plot Title: T04,5361,6/30/26 07:00,43.099,
Plot Title: T04,5362,6/30/26 07:15,43.282,
Plot Title: T04,5363,6/30/26 07:30,43.282,
Plot Title: T04,5364,6/30/26 07:45,43.648,
Plot Title: T04,5365,6/30/26 08:00,44.013,
Plot Title: T04,5366,6/30/26 08:15,44.56,
Plot Title: T04,5367,6/30/26 08:30,45.286,
Plot Title: T04,5368,6/30/26 08:45,46.008,
Plot Title: T04,5369,6/30/26 09:00,47.266,
Plot Title: T04,5370,6/30/26 09:15,48.695,
Plot Title: T04,5371,6/30/26 09:30,49.05,
Plot Title: T04,5372,6/30/26 09:45,49.582,
Plot Title: T04,5373,6/30/26 10:00,49.759,
Plot Title: T04,5374,6/30/26 10:15,50.113,
Plot Title: T04,5375,6/30/26 10:30,50.819,
Plot Title: T04,5376,6/30/26 10:45,51.699,
Plot Title: T04,5377,6/30/26 11:00,52.75,
Plot Title: T04,5378,6/30/26 11:15,53.798,
Plot Title: T04,5379,6/30/26 11:30,56.923,
Plot Title: T04,5380,6/30/26 11:45,59.508,
Plot Title: T04,5381,6/30/26 12:00,57.096,
Plot Title: T04,5382,6/30/26 12:15,56.057,
Plot Title: T04,5383,6/30/26 12:30,55.711,
Plot Title: T04,5384,6/30/26 12:45,53.973,
Plot Title: T04,5385,6/30/26 13:00,54.147,
Plot Title: T04,5386,6/30/26 13:15,55.711,
Plot Title: T04,5387,6/30/26 13:30,57.096,
Plot Title: T04,5388,6/30/26 13:45,57.268,
Plot Title: T04,5389,6/30/26 14:00,56.23,
Plot Title: T04,5390,6/30/26 14:15,55.364,
Plot Title: T04,5391,6/30/26 14:30,56.923,
Plot Title: T04,5392,6/30/26 14:45,57.614,
Plot Title: T04,5393,6/30/26 15:00,57.958,
Plot Title: T04,5394,6/30/26 15:15,60.195,
Plot Title: T04,5395,6/30/26 15:30,63.626,
Plot Title: T04,5396,6/30/26 15:45,63.111,
Plot Title: T04,5397,6/30/26 16:00,61.398,
Plot Title: T04,5398,6/30/26 16:15,60.195,
Plot Title: T04,5399,6/30/26 16:30,59.68,
Plot Title: T04,5400,6/30/26 16:45,58.993,
Plot Title: T04,5401,6/30/26 17:00,57.785,
Plot Title: T04,5402,6/30/26 17:15,56.923,
Plot Title: T04,5403,6/30/26 17:30,57.441,
Plot Title: T04,5404,6/30/26 17:45,57.958,
Plot Title: T04,5405,6/30/26 18:00,60.883,
Plot Title: T04,5406,6/30/26 18:15,58.82,
Plot Title: T04,5407,6/30/26 18:30,56.23,
Plot Title: T04,5408,6/30/26 18:45,55.017,
Plot Title: T04,5409,6/30/26 19:00,54.147,
Plot Title: T04,5410,6/30/26 19:15,53.623,
Plot Title: T04,5411,6/30/26 19:30,53.449,
Plot Title: T04,5412,6/30/26 19:45,53.1,
Plot Title: T04,5413,6/30/26 20:00,52.925,
Plot Title: T04,5414,6/30/26 20:15,52.401,
Plot Title: T04,5415,6/30/26 20:30,51.523,
Plot Title: T04,5416,6/30/26 20:45,50.643,
Plot Title: T04,5417,6/30/26 21:00,49.937,
Plot Title: T04,5418,6/30/26 21:15,49.228,
Plot Title: T04,5419,6/30/26 21:30,48.695,
Plot Title: T04,5420,6/30/26 21:45,48.16,
Plot Title: T04,5421,6/30/26 22:00,47.802,
Plot Title: T04,5422,6/30/26 22:15,47.446,
Plot Title: T04,5423,6/30/26 22:30,47.088,
Plot Title: T04,5424,6/30/26 22:45,46.908,
Plot Title: T04,5425,6/30/26 23:00,46.548,
Plot Title: T04,5426,6/30/26 23:15,46.369,
Plot Title: T04,5427,6/30/26 23:30,46.188,
Plot Title: T04,5428,6/30/26 23:45,46.008,
Plot Title: T04,5429,7/1/26 00:00,45.828,
Plot Title: T04,5430,7/1/26 00:15,45.648,
Plot Title: T04,5431,7/1/26 00:30,45.286,
Plot Title: T04,5432,7/1/26 00:45,45.104,
Plot Title: T04,5433,7/1/26 01:00,44.922,
Plot Title: T04,5434,7/1/26 01:15,44.922,
Plot Title: T04,5435,7/1/26 01:30,45.104,
Plot Title: T04,5436,7/1/26 01:45,44.922,
Plot Title: T04,5437,7/1/26 02:00,44.742,
Plot Title: T04,5438,7/1/26 02:15,44.379,
Plot Title: T04,5439,7/1/26 02:30,44.379,
Plot Title: T04,5440,7/1/26 02:45,44.379,
Plot Title: T04,5441,7/1/26 03:00,44.195,
Plot Title: T04,5442,7/1/26 03:15,44.013,
Plot Title: T04,5443,7/1/26 03:30,43.831,
Plot Title: T04,5444,7/1/26 03:45,43.648,
Plot Title: T04,5445,7/1/26 04:00,43.466,
Plot Title: T04,5446,7/1/26 04:15,43.466,
Plot Title: T04,5447,7/1/26 04:30,43.282,
Plot Title: T04,5448,7/1/26 04:45,43.099,
Plot Title: T04,5449,7/1/26 05:00,43.099,
Plot Title: T04,5450,7/1/26 05:15,42.915,
Plot Title: T04,5451,7/1/26 05:30,42.732,
Plot Title: T04,5452,7/1/26 05:45,42.732,
Plot Title: T04,5453,7/1/26 06:00,42.548,
Plot Title: T04,5454,7/1/26 06:15,42.732,
Plot Title: T04,5455,7/1/26 06:30,42.732,
Plot Title: T04,5456,7/1/26 06:45,42.732,
Plot Title: T04,5457,7/1/26 07:00,42.915,
Plot Title: T04,5458,7/1/26 07:15,43.099,
Plot Title: T04,5459,7/1/26 07:30,43.282,
Plot Title: T04,5460,7/1/26 07:45,43.648,
Plot Title: T04,5461,7/1/26 08:00,44.379,
Plot Title: T04,5462,7/1/26 08:15,44.922,
Plot Title: T04,5463,7/1/26 08:30,45.648,
Plot Title: T04,5464,7/1/26 08:45,48.517,
Plot Title: T04,5465,7/1/26 09:00,52.576,
Plot Title: T04,5466,7/1/26 09:15,51.874,
Plot Title: T04,5467,7/1/26 09:30,50.643,
Plot Title: T04,5468,7/1/26 09:45,50.29,
Plot Title: T04,5469,7/1/26 10:00,49.937,
Plot Title: T04,5470,7/1/26 10:15,51.346,
Plot Title: T04,5471,7/1/26 10:30,52.75,
Plot Title: T04,5472,7/1/26 10:45,53.623,
Plot Title: T04,5473,7/1/26 11:00,53.973,
Plot Title: T04,5474,7/1/26 11:15,53.449,
Plot Title: T04,5475,7/1/26 11:30,56.23,
Plot Title: T04,5476,7/1/26 11:45,57.441,
Plot Title: T04,5477,7/1/26 12:00,57.096,
Plot Title: T04,5478,7/1/26 12:15,56.923,
Plot Title: T04,5479,7/1/26 12:30,56.404,
Plot Title: T04,5480,7/1/26 12:45,56.057,
Plot Title: T04,5481,7/1/26 13:00,53.973,
Plot Title: T04,5482,7/1/26 13:15,51.874,
Plot Title: T04,5483,7/1/26 13:30,55.711,
Plot Title: T04,5484,7/1/26 13:45,68.934,
Plot Title: T04,5485,7/1/26 14:00,69.793,
Plot Title: T04,5486,7/1/26 14:15,62.94,
Plot Title: T04,5487,7/1/26 14:30,60.368,
Plot Title: T04,5488,7/1/26 14:45,59.68,
Plot Title: T04,5489,7/1/26 15:00,59.508,
Plot Title: T04,5490,7/1/26 15:15,57.958,
Plot Title: T04,5491,7/1/26 15:30,55.537,
Plot Title: T04,5492,7/1/26 15:45,52.05,
Plot Title: T04,5493,7/1/26 16:00,57.268,
Plot Title: T04,5494,7/1/26 16:15,59.164,
Plot Title: T04,5495,7/1/26 16:30,59.337,
Plot Title: T04,5496,7/1/26 16:45,58.303,
Plot Title: T04,5497,7/1/26 17:00,57.441,
Plot Title: T04,5498,7/1/26 17:15,57.614,
Plot Title: T04,5499,7/1/26 17:30,57.958,
Plot Title: T04,5500,7/1/26 17:45,57.441,
Plot Title: T04,5501,7/1/26 18:00,55.537,
Plot Title: T04,5502,7/1/26 18:15,53.798,
Plot Title: T04,5503,7/1/26 18:30,52.576,
Plot Title: T04,5504,7/1/26 18:45,51.699,
Plot Title: T04,5505,7/1/26 19:00,51.346,
Plot Title: T04,5506,7/1/26 19:15,51.699,
Plot Title: T04,5507,7/1/26 19:30,51.699,
Plot Title: T04,5508,7/1/26 19:45,51.172,
Plot Title: T04,5509,7/1/26 20:00,50.643,
Plot Title: T04,5510,7/1/26 20:15,50.466,
Plot Title: T04,5511,7/1/26 20:30,50.643,
Plot Title: T04,5512,7/1/26 20:45,50.643,
Plot Title: T04,5513,7/1/26 21:00,50.466,
Plot Title: T04,5514,7/1/26 21:15,49.937,
Plot Title: T04,5515,7/1/26 21:30,49.759,
Plot Title: T04,5516,7/1/26 21:45,49.404,
Plot Title: T04,5517,7/1/26 22:00,49.228,
Plot Title: T04,5518,7/1/26 22:15,49.228,
Plot Title: T04,5519,7/1/26 22:30,48.695,
Plot Title: T04,5520,7/1/26 22:45,48.517,
Plot Title: T04,5521,7/1/26 23:00,48.339,
Plot Title: T04,5522,7/1/26 23:15,48.16,
Plot Title: T04,5523,7/1/26 23:30,47.982,
Plot Title: T04,5524,7/1/26 23:45,47.624,
Plot Title: T04,5525,7/2/26 00:00,47.266,
Plot Title: T04,5526,7/2/26 00:15,47.088,
Plot Title: T04,5527,7/2/26 00:30,47.266,
Plot Title: T04,5528,7/2/26 00:45,47.446,
Plot Title: T04,5529,7/2/26 01:00,47.624,
Plot Title: T04,5530,7/2/26 01:15,47.802,
Plot Title: T04,5531,7/2/26 01:30,47.802,
Plot Title: T04,5532,7/2/26 01:45,47.624,
Plot Title: T04,5533,7/2/26 02:00,47.446,
Plot Title: T04,5534,7/2/26 02:15,47.266,
Plot Title: T04,5535,7/2/26 02:30,46.908,
Plot Title: T04,5536,7/2/26 02:45,46.548,
Plot Title: T04,5537,7/2/26 03:00,46.008,
Plot Title: T04,5538,7/2/26 03:15,45.648,
Plot Title: T04,5539,7/2/26 03:30,45.466,
Plot Title: T04,5540,7/2/26 03:45,45.104,
Plot Title: T04,5541,7/2/26 04:00,45.104,
Plot Title: T04,5542,7/2/26 04:15,44.922,
Plot Title: T04,5543,7/2/26 04:30,44.742,
Plot Title: T04,5544,7/2/26 04:45,44.922,
Plot Title: T04,5545,7/2/26 05:00,44.742,
Plot Title: T04,5546,7/2/26 05:15,44.56,
Plot Title: T04,5547,7/2/26 05:30,44.56,
Plot Title: T04,5548,7/2/26 05:45,44.379,
Plot Title: T04,5549,7/2/26 06:00,44.195,
Plot Title: T04,5550,7/2/26 06:15,44.195,
Plot Title: T04,5551,7/2/26 06:30,44.195,
Plot Title: T04,5552,7/2/26 06:45,44.56,
Plot Title: T04,5553,7/2/26 07:00,44.922,
Plot Title: T04,5554,7/2/26 07:15,45.104,
Plot Title: T04,5555,7/2/26 07:30,45.286,
Plot Title: T04,5556,7/2/26 07:45,45.828,
Plot Title: T04,5557,7/2/26 08:00,46.548,
Plot Title: T04,5558,7/2/26 08:15,47.088,
Plot Title: T04,5559,7/2/26 08:30,47.446,
Plot Title: T04,5560,7/2/26 08:45,50.113,
Plot Title: T04,5561,7/2/26 09:00,53.1,
Plot Title: T04,5562,7/2/26 09:15,52.925,
Plot Title: T04,5563,7/2/26 09:30,52.05,
Plot Title: T04,5564,7/2/26 09:45,51.699,
Plot Title: T04,5565,7/2/26 10:00,51.523,
Plot Title: T04,5566,7/2/26 10:15,51.699,
Plot Title: T04,5567,7/2/26 10:30,52.05,
Plot Title: T04,5568,7/2/26 10:45,52.75,
Plot Title: T04,5569,7/2/26 11:00,53.798,
Plot Title: T04,5570,7/2/26 11:15,56.057,
Plot Title: T04,5571,7/2/26 11:30,62.254,
Plot Title: T04,5572,7/2/26 11:45,67.735,
Plot Title: T04,5573,7/2/26 12:00,63.455,
Plot Title: T04,5574,7/2/26 12:15,60.024,
Plot Title: T04,5575,7/2/26 12:30,61.054,
Plot Title: T04,5576,7/2/26 12:45,66.022,
Plot Title: T04,5577,7/2/26 13:00,67.392,
Plot Title: T04,5578,7/2/26 13:15,70.824,
Plot Title: T04,5579,7/2/26 13:30,68.763,
Plot Title: T04,5580,7/2/26 13:45,64.481,
Plot Title: T04,5581,7/2/26 14:00,62.769,
Plot Title: T04,5582,7/2/26 14:15,62.598,
Plot Title: T04,5583,7/2/26 14:30,60.712,
Plot Title: T04,5584,7/2/26 14:45,61.054,
Plot Title: T04,5585,7/2/26 15:00,61.569,
Plot Title: T04,5586,7/2/26 15:15,62.083,
Plot Title: T04,5587,7/2/26 15:30,63.968,
Plot Title: T04,5588,7/2/26 15:45,62.254,
Plot Title: T04,5589,7/2/26 16:00,61.569,
Plot Title: T04,5590,7/2/26 16:15,62.254,
Plot Title: T04,5591,7/2/26 16:30,62.425,
Plot Title: T04,5592,7/2/26 16:45,61.569,
Plot Title: T04,5593,7/2/26 17:00,61.227,
Plot Title: T04,5594,7/2/26 17:15,60.883,
Plot Title: T04,5595,7/2/26 17:30,60.539,
Plot Title: T04,5596,7/2/26 17:45,60.195,
Plot Title: T04,5597,7/2/26 18:00,61.741,
Plot Title: T04,5598,7/2/26 18:15,60.883,
Plot Title: T04,5599,7/2/26 18:30,60.195,
Plot Title: T04,5600,7/2/26 18:45,59.164,
Plot Title: T04,5601,7/2/26 19:00,58.476,
Plot Title: T04,5602,7/2/26 19:15,57.958,
Plot Title: T04,5603,7/2/26 19:30,57.096,
Plot Title: T04,5604,7/2/26 19:45,56.404,
Plot Title: T04,5605,7/2/26 20:00,55.884,
Plot Title: T04,5606,7/2/26 20:15,55.364,
Plot Title: T04,5607,7/2/26 20:30,54.842,
Plot Title: T04,5608,7/2/26 20:45,53.973,
Plot Title: T04,5609,7/2/26 21:00,53.449,
Plot Title: T04,5610,7/2/26 21:15,52.75,
Plot Title: T04,5611,7/2/26 21:30,52.225,
Plot Title: T04,5612,7/2/26 21:45,51.699,
Plot Title: T04,5613,7/2/26 22:00,51.346,
Plot Title: T04,5614,7/2/26 22:15,50.995,
Plot Title: T04,5615,7/2/26 22:30,50.643,
Plot Title: T04,5616,7/2/26 22:45,50.466,
Plot Title: T04,5617,7/2/26 23:00,50.29,
Plot Title: T04,5618,7/2/26 23:15,49.937,
Plot Title: T04,5619,7/2/26 23:30,49.582,
Plot Title: T04,5620,7/2/26 23:45,49.582,
Plot Title: T04,5621,7/3/26 00:00,49.937,
Plot Title: T04,5622,7/3/26 00:15,49.937,
Plot Title: T04,5623,7/3/26 00:30,49.582,
Plot Title: T04,5624,7/3/26 00:45,49.228,
Plot Title: T04,5625,7/3/26 01:00,49.05,
Plot Title: T04,5626,7/3/26 01:15,48.695,
Plot Title: T04,5627,7/3/26 01:30,48.517,
Plot Title: T04,5628,7/3/26 01:45,48.339,
Plot Title: T04,5629,7/3/26 02:00,48.16,
Plot Title: T04,5630,7/3/26 02:15,47.982,
Plot Title: T04,5631,7/3/26 02:30,47.802,
Plot Title: T04,5632,7/3/26 02:45,47.624,
Plot Title: T04,5633,7/3/26 03:00,47.446,
Plot Title: T04,5634,7/3/26 03:15,47.266,
Plot Title: T04,5635,7/3/26 03:30,47.266,
Plot Title: T04,5636,7/3/26 03:45,47.088,
Plot Title: T04,5637,7/3/26 04:00,46.908,
Plot Title: T04,5638,7/3/26 04:15,46.728,
Plot Title: T04,5639,7/3/26 04:30,46.548,
Plot Title: T04,5640,7/3/26 04:45,46.548,
Plot Title: T04,5641,7/3/26 05:00,46.369,
Plot Title: T04,5642,7/3/26 05:15,46.369,
Plot Title: T04,5643,7/3/26 05:30,46.188,
Plot Title: T04,5644,7/3/26 05:45,46.188,
Plot Title: T04,5645,7/3/26 06:00,46.008,
Plot Title: T04,5646,7/3/26 06:15,46.008,
Plot Title: T04,5647,7/3/26 06:30,46.008,
Plot Title: T04,5648,7/3/26 06:45,46.188,
Plot Title: T04,5649,7/3/26 07:00,46.369,
Plot Title: T04,5650,7/3/26 07:15,46.548,
Plot Title: T04,5651,7/3/26 07:30,46.728,
Plot Title: T04,5652,7/3/26 07:45,47.802,
Plot Title: T04,5653,7/3/26 08:00,48.339,
Plot Title: T04,5654,7/3/26 08:15,48.695,
Plot Title: T04,5655,7/3/26 08:30,49.228,
Plot Title: T04,5656,7/3/26 08:45,51.874,
Plot Title: T04,5657,7/3/26 09:00,55.711,
Plot Title: T04,5658,7/3/26 09:15,54.495,
Plot Title: T04,5659,7/3/26 09:30,53.973,
Plot Title: T04,5660,7/3/26 09:45,53.623,
Plot Title: T04,5661,7/3/26 10:00,53.274,
Plot Title: T04,5662,7/3/26 10:15,53.798,
Plot Title: T04,5663,7/3/26 10:30,54.842,
Plot Title: T04,5664,7/3/26 10:45,56.75,
Plot Title: T04,5665,7/3/26 11:00,58.993,
Plot Title: T04,5666,7/3/26 11:15,58.993,
Plot Title: T04,5667,7/3/26 11:30,59.164,
Plot Title: T04,5668,7/3/26 11:45,60.712,
Plot Title: T04,5669,7/3/26 12:00,60.368,
Plot Title: T04,5670,7/3/26 12:15,60.024,
Plot Title: T04,5671,7/3/26 12:30,63.797,
Plot Title: T04,5672,7/3/26 12:45,64.825,
Plot Title: T04,5673,7/3/26 13:00,64.31,
Plot Title: T04,5674,7/3/26 13:15,66.022,
Plot Title: T04,5675,7/3/26 13:30,68.592,
Plot Title: T04,5676,7/3/26 13:45,69.107,
Plot Title: T04,5677,7/3/26 14:00,68.934,
Plot Title: T04,5678,7/3/26 14:15,64.996,
Plot Title: T04,5679,7/3/26 14:30,62.94,
Plot Title: T04,5680,7/3/26 14:45,62.083,
Plot Title: T04,5681,7/3/26 15:00,62.425,
Plot Title: T04,5682,7/3/26 15:15,64.139,
Plot Title: T04,5683,7/3/26 15:30,72.372,
Plot Title: T04,5684,7/3/26 15:45,75.832,
Plot Title: T04,5685,7/3/26 16:00,74.098,
Plot Title: T04,5686,7/3/26 16:15,69.622,
Plot Title: T04,5687,7/3/26 16:30,66.193,
Plot Title: T04,5688,7/3/26 16:45,62.94,
Plot Title: T04,5689,7/3/26 17:00,61.054,
Plot Title: T04,5690,7/3/26 17:15,60.539,
Plot Title: T04,5691,7/3/26 17:30,60.368,
Plot Title: T04,5692,7/3/26 17:45,60.368,
Plot Title: T04,5693,7/3/26 18:00,59.508,
Plot Title: T04,5694,7/3/26 18:15,59.164,
Plot Title: T04,5695,7/3/26 18:30,58.82,
Plot Title: T04,5696,7/3/26 18:45,58.131,
Plot Title: T04,5697,7/3/26 19:00,58.131,
Plot Title: T04,5698,7/3/26 19:15,57.958,
Plot Title: T04,5699,7/3/26 19:30,56.923,
Plot Title: T04,5700,7/3/26 19:45,56.23,
Plot Title: T04,5701,7/3/26 20:00,55.884,
Plot Title: T04,5702,7/3/26 20:15,55.884,
Plot Title: T04,5703,7/3/26 20:30,55.364,
Plot Title: T04,5704,7/3/26 20:45,54.842,
Plot Title: T04,5705,7/3/26 21:00,54.495,
Plot Title: T04,5706,7/3/26 21:15,54.147,
Plot Title: T04,5707,7/3/26 21:30,53.798,
Plot Title: T04,5708,7/3/26 21:45,53.449,
Plot Title: T04,5709,7/3/26 22:00,52.925,
Plot Title: T04,5710,7/3/26 22:15,52.401,
Plot Title: T04,5711,7/3/26 22:30,52.05,
Plot Title: T04,5712,7/3/26 22:45,51.699,
Plot Title: T04,5713,7/3/26 23:00,51.699,
Plot Title: T04,5714,7/3/26 23:15,51.523,
Plot Title: T04,5715,7/3/26 23:30,51.172,
Plot Title: T04,5716,7/3/26 23:45,50.995,
Plot Title: T04,5717,7/4/26 00:00,50.819,
Plot Title: T04,5718,7/4/26 00:15,50.643,
Plot Title: T04,5719,7/4/26 00:30,50.466,
Plot Title: T04,5720,7/4/26 00:45,50.29,
Plot Title: T04,5721,7/4/26 01:00,50.113,
Plot Title: T04,5722,7/4/26 01:15,50.113,
Plot Title: T04,5723,7/4/26 01:30,49.937,
Plot Title: T04,5724,7/4/26 01:45,49.759,
Plot Title: T04,5725,7/4/26 02:00,49.582,
Plot Title: T04,5726,7/4/26 02:15,49.404,
Plot Title: T04,5727,7/4/26 02:30,49.228,
Plot Title: T04,5728,7/4/26 02:45,49.228,
Plot Title: T04,5729,7/4/26 03:00,49.05,
Plot Title: T04,5730,7/4/26 03:15,49.05,
Plot Title: T04,5731,7/4/26 03:30,48.871,
Plot Title: T04,5732,7/4/26 03:45,48.695,
Plot Title: T04,5733,7/4/26 04:00,48.517,
Plot Title: T04,5734,7/4/26 04:15,48.339,
Plot Title: T04,5735,7/4/26 04:30,48.16,
Plot Title: T04,5736,7/4/26 04:45,47.982,
Plot Title: T04,5737,7/4/26 05:00,47.982,
Plot Title: T04,5738,7/4/26 05:15,47.802,
Plot Title: T04,5739,7/4/26 05:30,47.624,
Plot Title: T04,5740,7/4/26 05:45,47.624,
Plot Title: T04,5741,7/4/26 06:00,47.624,
Plot Title: T04,5742,7/4/26 06:15,47.446,
Plot Title: T04,5743,7/4/26 06:30,47.446,
Plot Title: T04,5744,7/4/26 06:45,47.446,
Plot Title: T04,5745,7/4/26 07:00,47.624,
Plot Title: T04,5746,7/4/26 07:15,47.624,
Plot Title: T04,5747,7/4/26 07:30,47.802,
Plot Title: T04,5748,7/4/26 07:45,48.16,
Plot Title: T04,5749,7/4/26 08:00,48.695,
Plot Title: T04,5750,7/4/26 08:15,49.05,
Plot Title: T04,5751,7/4/26 08:30,49.937,
Plot Title: T04,5752,7/4/26 08:45,53.1,
Plot Title: T04,5753,7/4/26 09:00,57.096,
Plot Title: T04,5754,7/4/26 09:15,55.711,
Plot Title: T04,5755,7/4/26 09:30,54.669,
Plot Title: T04,5756,7/4/26 09:45,54.147,
Plot Title: T04,5757,7/4/26 10:00,53.449,
Plot Title: T04,5758,7/4/26 10:15,53.1,
Plot Title: T04,5759,7/4/26 10:30,53.1,
Plot Title: T04,5760,7/4/26 10:45,55.364,
Plot Title: T04,5761,7/4/26 11:00,57.614,
Plot Title: T04,5762,7/4/26 11:15,60.539,
Plot Title: T04,5763,7/4/26 11:30,67.735,
Plot Title: T04,5764,7/4/26 11:45,71.512,
Plot Title: T04,5765,7/4/26 12:00,66.708,
Plot Title: T04,5766,7/4/26 12:15,62.769,
Plot Title: T04,5767,7/4/26 12:30,68.934,
Plot Title: T04,5768,7/4/26 12:45,75.659,
Plot Title: T04,5769,7/4/26 13:00,78.975,
Plot Title: T04,5770,7/4/26 13:15,80.735,
Plot Title: T04,5771,7/4/26 13:30,81.621,
Plot Title: T04,5772,7/4/26 13:45,82.864,
Plot Title: T04,5773,7/4/26 14:00,80.029,
Plot Title: T04,5774,7/4/26 14:15,71.856,
Plot Title: T04,5775,7/4/26 14:30,67.906,
Plot Title: T04,5776,7/4/26 14:45,66.022,
Plot Title: T04,5777,7/4/26 15:00,66.193,
Plot Title: T04,5778,7/4/26 15:15,69.449,
Plot Title: T04,5779,7/4/26 15:30,76.181,
Plot Title: T04,5780,7/4/26 15:45,78.975,
Plot Title: T04,5781,7/4/26 16:00,76.703,
Plot Title: T04,5782,7/4/26 16:15,72.891,
Plot Title: T04,5783,7/4/26 16:30,68.934,
Plot Title: T04,5784,7/4/26 16:45,65.851,
Plot Title: T04,5785,7/4/26 17:00,64.31,
Plot Title: T04,5786,7/4/26 17:15,63.797,
Plot Title: T04,5787,7/4/26 17:30,63.968,
Plot Title: T04,5788,7/4/26 17:45,66.193,
Plot Title: T04,5789,7/4/26 18:00,67.05,
Plot Title: T04,5790,7/4/26 18:15,63.968,
Plot Title: T04,5791,7/4/26 18:30,62.083,
Plot Title: T04,5792,7/4/26 18:45,61.054,
Plot Title: T04,5793,7/4/26 19:00,60.539,
Plot Title: T04,5794,7/4/26 19:15,60.024,
Plot Title: T04,5795,7/4/26 19:30,59.508,
Plot Title: T04,5796,7/4/26 19:45,58.82,
Plot Title: T04,5797,7/4/26 20:00,58.476,
Plot Title: T04,5798,7/4/26 20:15,57.958,
Plot Title: T04,5799,7/4/26 20:30,57.441,
Plot Title: T04,5800,7/4/26 20:45,57.096,
Plot Title: T04,5801,7/4/26 21:00,56.923,
Plot Title: T04,5802,7/4/26 21:15,56.577,
Plot Title: T04,5803,7/4/26 21:30,56.23,
Plot Title: T04,5804,7/4/26 21:45,55.884,
Plot Title: T04,5805,7/4/26 22:00,55.711,
Plot Title: T04,5806,7/4/26 22:15,55.364,
Plot Title: T04,5807,7/4/26 22:30,55.189,
Plot Title: T04,5808,7/4/26 22:45,55.017,
Plot Title: T04,5809,7/4/26 23:00,54.842,
Plot Title: T04,5810,7/4/26 23:15,54.495,
Plot Title: T04,5811,7/4/26 23:30,54.322,
Plot Title: T04,5812,7/4/26 23:45,54.147,
Plot Title: T04,5813,7/5/26 00:00,53.973,
Plot Title: T04,5814,7/5/26 00:15,53.798,
Plot Title: T04,5815,7/5/26 00:30,53.623,
Plot Title: T04,5816,7/5/26 00:45,53.449,
Plot Title: T04,5817,7/5/26 01:00,53.274,
Plot Title: T04,5818,7/5/26 01:15,53.1,
Plot Title: T04,5819,7/5/26 01:30,53.1,
Plot Title: T04,5820,7/5/26 01:45,52.925,
Plot Title: T04,5821,7/5/26 02:00,52.75,
Plot Title: T04,5822,7/5/26 02:15,52.75,
Plot Title: T04,5823,7/5/26 02:30,52.576,
Plot Title: T04,5824,7/5/26 02:45,52.576,
Plot Title: T04,5825,7/5/26 03:00,52.401,
Plot Title: T04,5826,7/5/26 03:15,52.05,
Plot Title: T04,5827,7/5/26 03:30,52.05,
Plot Title: T04,5828,7/5/26 03:45,51.874,
Plot Title: T04,5829,7/5/26 04:00,51.699,
Plot Title: T04,5830,7/5/26 04:15,51.523,
Plot Title: T04,5831,7/5/26 04:30,51.346,
Plot Title: T04,5832,7/5/26 04:45,51.172,
Plot Title: T04,5833,7/5/26 05:00,50.995,
Plot Title: T04,5834,7/5/26 05:15,50.819,
Plot Title: T04,5835,7/5/26 05:30,50.643,
Plot Title: T04,5836,7/5/26 05:45,50.466,
Plot Title: T04,5837,7/5/26 06:00,50.466,
Plot Title: T04,5838,7/5/26 06:15,50.466,
Plot Title: T04,5839,7/5/26 06:30,50.466,
Plot Title: T04,5840,7/5/26 06:45,50.466,
Plot Title: T04,5841,7/5/26 07:00,50.466,
Plot Title: T04,5842,7/5/26 07:15,50.643,
Plot Title: T04,5843,7/5/26 07:30,50.819,
Plot Title: T04,5844,7/5/26 07:45,51.172,
Plot Title: T04,5845,7/5/26 08:00,51.523,
Plot Title: T04,5846,7/5/26 08:15,52.05,
Plot Title: T04,5847,7/5/26 08:30,52.75,
Plot Title: T04,5848,7/5/26 08:45,55.884,
Plot Title: T04,5849,7/5/26 09:00,59.68,
Plot Title: T04,5850,7/5/26 09:15,57.958,
Plot Title: T04,5851,7/5/26 09:30,57.096,
Plot Title: T04,5852,7/5/26 09:45,56.404,
Plot Title: T04,5853,7/5/26 10:00,55.884,
Plot Title: T04,5854,7/5/26 10:15,55.711,
Plot Title: T04,5855,7/5/26 10:30,55.711,
Plot Title: T04,5856,7/5/26 10:45,58.303,
Plot Title: T04,5857,7/5/26 11:00,60.712,
Plot Title: T04,5858,7/5/26 11:15,63.111,
Plot Title: T04,5859,7/5/26 11:30,69.793,
Plot Title: T04,5860,7/5/26 11:45,72.718,
Plot Title: T04,5861,7/5/26 12:00,68.077,
Plot Title: T04,5862,7/5/26 12:15,64.996,
Plot Title: T04,5863,7/5/26 12:30,70.995,
Plot Title: T04,5864,7/5/26 12:45,77.923,
Plot Title: T04,5865,7/5/26 13:00,79.678,
Plot Title: T04,5866,7/5/26 13:15,79.151,
Plot Title: T04,5867,7/5/26 13:30,77.749,
Plot Title: T04,5868,7/5/26 13:45,77.749,
Plot Title: T04,5869,7/5/26 14:00,73.407,
Plot Title: T04,5870,7/5/26 14:15,71.168,
Plot Title: T04,5871,7/5/26 14:30,68.248,
Plot Title: T04,5872,7/5/26 14:45,66.022,
Plot Title: T04,5873,7/5/26 15:00,63.968,
Plot Title: T04,5874,7/5/26 15:15,62.598,
Plot Title: T04,5875,7/5/26 15:30,61.227,
Plot Title: T04,5876,7/5/26 15:45,60.539,
Plot Title: T04,5877,7/5/26 16:00,60.368,
Plot Title: T04,5878,7/5/26 16:15,59.337,
Plot Title: T04,5879,7/5/26 16:30,59.164,
Plot Title: T04,5880,7/5/26 16:45,59.508,
Plot Title: T04,5881,7/5/26 17:00,58.82,
Plot Title: T04,5882,7/5/26 17:15,58.647,
Plot Title: T04,5883,7/5/26 17:30,58.82,
Plot Title: T04,5884,7/5/26 17:45,59.68,
Plot Title: T04,5885,7/5/26 18:00,60.368,
Plot Title: T04,5886,7/5/26 18:15,60.712,
Plot Title: T04,5887,7/5/26 18:30,60.195,
Plot Title: T04,5888,7/5/26 18:45,59.337,
Plot Title: T04,5889,7/5/26 19:00,58.476,
Plot Title: T04,5890,7/5/26 19:15,57.958,
Plot Title: T04,5891,7/5/26 19:30,57.441,
Plot Title: T04,5892,7/5/26 19:45,57.268,
Plot Title: T04,5893,7/5/26 20:00,57.096,
Plot Title: T04,5894,7/5/26 20:15,56.923,
Plot Title: T04,5895,7/5/26 20:30,56.75,
Plot Title: T04,5896,7/5/26 20:45,56.23,
Plot Title: T04,5897,7/5/26 21:00,56.23,
Plot Title: T04,5898,7/5/26 21:15,56.057,
Plot Title: T04,5899,7/5/26 21:30,56.057,
Plot Title: T04,5900,7/5/26 21:45,55.884,
Plot Title: T04,5901,7/5/26 22:00,55.711,
Plot Title: T04,5902,7/5/26 22:15,55.537,
Plot Title: T04,5903,7/5/26 22:30,55.364,
Plot Title: T04,5904,7/5/26 22:45,55.017,
Plot Title: T04,5905,7/5/26 23:00,54.669,
Plot Title: T04,5906,7/5/26 23:15,54.495,
Plot Title: T04,5907,7/5/26 23:30,54.147,
Plot Title: T04,5908,7/5/26 23:45,53.973,
Plot Title: T04,5909,7/6/26 00:00,53.973,
Plot Title: T04,5910,7/6/26 00:15,53.623,
Plot Title: T04,5911,7/6/26 00:30,53.449,
Plot Title: T04,5912,7/6/26 00:45,53.1,
Plot Title: T04,5913,7/6/26 01:00,53.1,
Plot Title: T04,5914,7/6/26 01:15,52.925,
Plot Title: T04,5915,7/6/26 01:30,52.925,
Plot Title: T04,5916,7/6/26 01:45,52.75,
Plot Title: T04,5917,7/6/26 02:00,52.75,
Plot Title: T04,5918,7/6/26 02:15,52.576,
Plot Title: T04,5919,7/6/26 02:30,52.225,
Plot Title: T04,5920,7/6/26 02:45,52.401,
Plot Title: T04,5921,7/6/26 03:00,52.401,
Plot Title: T04,5922,7/6/26 03:15,52.05,
Plot Title: T04,5923,7/6/26 03:30,51.699,
Plot Title: T04,5924,7/6/26 03:45,51.523,
Plot Title: T04,5925,7/6/26 04:00,51.346,
Plot Title: T04,5926,7/6/26 04:15,51.346,
Plot Title: T04,5927,7/6/26 04:30,50.995,
Plot Title: T04,5928,7/6/26 04:45,50.819,
Plot Title: T04,5929,7/6/26 05:00,50.466,
Plot Title: T04,5930,7/6/26 05:15,50.29,
Plot Title: T04,5931,7/6/26 05:30,50.113,
Plot Title: T04,5932,7/6/26 05:45,49.937,
Plot Title: T04,5933,7/6/26 06:00,50.113,
Plot Title: T04,5934,7/6/26 06:15,50.466,
Plot Title: T04,5935,7/6/26 06:30,50.643,
Plot Title: T04,5936,7/6/26 06:45,50.995,
Plot Title: T04,5937,7/6/26 07:00,51.523,
Plot Title: T04,5938,7/6/26 07:15,52.225,
Plot Title: T04,5939,7/6/26 07:30,52.925,
Plot Title: T04,5940,7/6/26 07:45,53.274,
Plot Title: T04,5941,7/6/26 08:00,53.798,
Plot Title: T04,5942,7/6/26 08:15,53.973,
Plot Title: T04,5943,7/6/26 08:30,54.669,
Plot Title: T04,5944,7/6/26 08:45,55.017,
Plot Title: T04,5945,7/6/26 09:00,55.537,
Plot Title: T04,5946,7/6/26 09:15,55.711,
Plot Title: T04,5947,7/6/26 09:30,56.057,
Plot Title: T04,5948,7/6/26 09:45,56.057,
Plot Title: T04,5949,7/6/26 10:00,56.057,
Plot Title: T04,5950,7/6/26 10:15,56.404,
Plot Title: T04,5951,7/6/26 10:30,56.577,
Plot Title: T04,5952,7/6/26 10:45,56.75,
Plot Title: T04,5953,7/6/26 11:00,58.303,
Plot Title: T04,5954,7/6/26 11:15,58.82,
Plot Title: T04,5955,7/6/26 11:30,59.164,
Plot Title: T04,5956,7/6/26 11:45,60.368,
Plot Title: T04,5957,7/6/26 12:00,60.368,
Plot Title: T04,5958,7/6/26 12:15,61.398,
Plot Title: T04,5959,7/6/26 12:30,60.368,
Plot Title: T04,5960,7/6/26 12:45,59.508,
Plot Title: T04,5961,7/6/26 13:00,58.476,
Plot Title: T04,5962,7/6/26 13:15,58.303,
Plot Title: T04,5963,7/6/26 13:30,58.647,
Plot Title: T04,5964,7/6/26 13:45,58.993,
Plot Title: T04,5965,7/6/26 14:00,61.741,
Plot Title: T04,5966,7/6/26 14:15,62.083,
Plot Title: T04,5967,7/6/26 14:30,62.254,
Plot Title: T04,5968,7/6/26 14:45,62.769,
Plot Title: T04,5969,7/6/26 15:00,63.455,
Plot Title: T04,5970,7/6/26 15:15,63.968,
Plot Title: T04,5971,7/6/26 15:30,64.825,
Plot Title: T04,5972,7/6/26 15:45,67.05,
Plot Title: T04,5973,7/6/26 16:00,67.564,
Plot Title: T04,5974,7/6/26 16:15,66.879,
Plot Title: T04,5975,7/6/26 16:30,63.968,
Plot Title: T04,5976,7/6/26 16:45,62.254,
Plot Title: T04,5977,7/6/26 17:00,61.912,
Plot Title: T04,5978,7/6/26 17:15,62.083,
Plot Title: T04,5979,7/6/26 17:30,62.083,
Plot Title: T04,5980,7/6/26 17:45,62.598,
Plot Title: T04,5981,7/6/26 18:00,61.741,
Plot Title: T04,5982,7/6/26 18:15,60.024,
Plot Title: T04,5983,7/6/26 18:30,58.82,
Plot Title: T04,5984,7/6/26 18:45,58.131,
Plot Title: T04,5985,7/6/26 19:00,57.614,
Plot Title: T04,5986,7/6/26 19:15,57.785,
Plot Title: T04,5987,7/6/26 19:30,57.785,
Plot Title: T04,5988,7/6/26 19:45,56.923,
Plot Title: T04,5989,7/6/26 20:00,56.057,
Plot Title: T04,5990,7/6/26 20:15,55.537,
Plot Title: T04,5991,7/6/26 20:30,55.189,
Plot Title: T04,5992,7/6/26 20:45,54.842,
Plot Title: T04,5993,7/6/26 21:00,54.669,
Plot Title: T04,5994,7/6/26 21:15,54.322,
Plot Title: T04,5995,7/6/26 21:30,54.147,
Plot Title: T04,5996,7/6/26 21:45,53.798,
Plot Title: T04,5997,7/6/26 22:00,53.449,
Plot Title: T04,5998,7/6/26 22:15,53.274,
Plot Title: T04,5999,7/6/26 22:30,53.274,
Plot Title: T04,6000,7/6/26 22:45,53.274,
Plot Title: T04,6001,7/6/26 23:00,53.449,
Plot Title: T04,6002,7/6/26 23:15,53.623,
Plot Title: T04,6003,7/6/26 23:30,53.798,
Plot Title: T04,6004,7/6/26 23:45,53.798,
Plot Title: T04,6005,7/7/26 00:00,53.798,
Plot Title: T04,6006,7/7/26 00:15,53.623,
Plot Title: T04,6007,7/7/26 00:30,53.623,
Plot Title: T04,6008,7/7/26 00:45,53.449,
Plot Title: T04,6009,7/7/26 01:00,52.925,
Plot Title: T04,6010,7/7/26 01:15,52.576,
Plot Title: T04,6011,7/7/26 01:30,52.225,
Plot Title: T04,6012,7/7/26 01:45,52.05,
Plot Title: T04,6013,7/7/26 02:00,51.874,
Plot Title: T04,6014,7/7/26 02:15,51.699,
Plot Title: T04,6015,7/7/26 02:30,51.523,
Plot Title: T04,6016,7/7/26 02:45,51.346,
Plot Title: T04,6017,7/7/26 03:00,51.346,
Plot Title: T04,6018,7/7/26 03:15,51.172,
Plot Title: T04,6019,7/7/26 03:30,51.172,
Plot Title: T04,6020,7/7/26 03:45,50.995,
Plot Title: T04,6021,7/7/26 04:00,50.819,
Plot Title: T04,6022,7/7/26 04:15,50.819,
Plot Title: T04,6023,7/7/26 04:30,50.643,
Plot Title: T04,6024,7/7/26 04:45,50.466,
Plot Title: T04,6025,7/7/26 05:00,50.466,
Plot Title: T04,6026,7/7/26 05:15,50.29,
Plot Title: T04,6027,7/7/26 05:30,50.113,
Plot Title: T04,6028,7/7/26 05:45,50.113,
Plot Title: T04,6029,7/7/26 06:00,49.937,
Plot Title: T04,6030,7/7/26 06:15,49.937,
Plot Title: T04,6031,7/7/26 06:30,49.937,
Plot Title: T04,6032,7/7/26 06:45,49.937,
Plot Title: T04,6033,7/7/26 07:00,50.113,
Plot Title: T04,6034,7/7/26 07:15,50.29,
Plot Title: T04,6035,7/7/26 07:30,50.466,
Plot Title: T04,6036,7/7/26 07:45,50.819,
Plot Title: T04,6037,7/7/26 08:00,51.172,
Plot Title: T04,6038,7/7/26 08:15,51.874,
Plot Title: T04,6039,7/7/26 08:30,52.576,
Plot Title: T04,6040,7/7/26 08:45,56.23,
Plot Title: T04,6041,7/7/26 09:00,60.024,
Plot Title: T04,6042,7/7/26 09:15,59.164,
Plot Title: T04,6043,7/7/26 09:30,57.441,
Plot Title: T04,6044,7/7/26 09:45,57.096,
Plot Title: T04,6045,7/7/26 10:00,56.404,
Plot Title: T04,6046,7/7/26 10:15,56.057,
Plot Title: T04,6047,7/7/26 10:30,56.057,
Plot Title: T04,6048,7/7/26 10:45,58.647,
Plot Title: T04,6049,7/7/26 11:00,61.227,
Plot Title: T04,6050,7/7/26 11:15,61.569,
Plot Title: T04,6051,7/7/26 11:30,67.906,
Plot Title: T04,6052,7/7/26 11:45,68.248,
Plot Title: T04,6053,7/7/26 12:00,64.31,
Plot Title: T04,6054,7/7/26 12:15,62.598,
Plot Title: T04,6055,7/7/26 12:30,68.421,
Plot Title: T04,6056,7/7/26 12:45,76.006,
Plot Title: T04,6057,7/7/26 13:00,79.151,
Plot Title: T04,6058,7/7/26 13:15,78.975,
Plot Title: T04,6059,7/7/26 13:30,80.559,
Plot Title: T04,6060,7/7/26 13:45,80.735,
Plot Title: T04,6061,7/7/26 14:00,79.502,
Plot Title: T04,6062,7/7/26 14:15,72.718,
Plot Title: T04,6063,7/7/26 14:30,69.449,
Plot Title: T04,6064,7/7/26 14:45,68.421,
Plot Title: T04,6065,7/7/26 15:00,68.421,
Plot Title: T04,6066,7/7/26 15:15,70.308,
Plot Title: T04,6067,7/7/26 15:30,74.446,
Plot Title: T04,6068,7/7/26 15:45,73.062,
Plot Title: T04,6069,7/7/26 16:00,70.824,
Plot Title: T04,6070,7/7/26 16:15,69.449,
Plot Title: T04,6071,7/7/26 16:30,68.421,
Plot Title: T04,6072,7/7/26 16:45,67.392,
Plot Title: T04,6073,7/7/26 17:00,66.537,
Plot Title: T04,6074,7/7/26 17:15,66.193,
Plot Title: T04,6075,7/7/26 17:30,66.193,
Plot Title: T04,6076,7/7/26 17:45,67.735,
Plot Title: T04,6077,7/7/26 18:00,67.906,
Plot Title: T04,6078,7/7/26 18:15,65.851,
Plot Title: T04,6079,7/7/26 18:30,64.31,
Plot Title: T04,6080,7/7/26 18:45,63.455,
Plot Title: T04,6081,7/7/26 19:00,63.626,
Plot Title: T04,6082,7/7/26 19:15,63.455,
Plot Title: T04,6083,7/7/26 19:30,62.94,
Plot Title: T04,6084,7/7/26 19:45,62.598,
Plot Title: T04,6085,7/7/26 20:00,61.912,
Plot Title: T04,6086,7/7/26 20:15,60.883,
Plot Title: T04,6087,7/7/26 20:30,60.195,
Plot Title: T04,6088,7/7/26 20:45,59.337,
Plot Title: T04,6089,7/7/26 21:00,58.82,
Plot Title: T04,6090,7/7/26 21:15,58.303,
Plot Title: T04,6091,7/7/26 21:30,57.958,
Plot Title: T04,6092,7/7/26 21:45,57.614,
Plot Title: T04,6093,7/7/26 22:00,57.268,
Plot Title: T04,6094,7/7/26 22:15,57.096,
Plot Title: T04,6095,7/7/26 22:30,56.75,
Plot Title: T04,6096,7/7/26 22:45,56.577,
Plot Title: T04,6097,7/7/26 23:00,56.404,
Plot Title: T04,6098,7/7/26 23:15,56.23,
Plot Title: T04,6099,7/7/26 23:30,56.057,
Plot Title: T04,6100,7/7/26 23:45,55.884,
Plot Title: T04,6101,7/8/26 00:00,55.537,
Plot Title: T04,6102,7/8/26 00:15,55.189,
Plot Title: T04,6103,7/8/26 00:30,55.017,
Plot Title: T04,6104,7/8/26 00:45,54.842,
Plot Title: T04,6105,7/8/26 01:00,54.669,
Plot Title: T04,6106,7/8/26 01:15,54.495,
Plot Title: T04,6107,7/8/26 01:30,54.322,
Plot Title: T04,6108,7/8/26 01:45,54.147,
Plot Title: T04,6109,7/8/26 02:00,53.973,
Plot Title: T04,6110,7/8/26 02:15,53.798,
Plot Title: T04,6111,7/8/26 02:30,53.623,
Plot Title: T04,6112,7/8/26 02:45,53.449,
Plot Title: T04,6113,7/8/26 03:00,53.274,
Plot Title: T04,6114,7/8/26 03:15,53.1,
Plot Title: T04,6115,7/8/26 03:30,52.925,
Plot Title: T04,6116,7/8/26 03:45,52.925,
Plot Title: T04,6117,7/8/26 04:00,52.75,
Plot Title: T04,6118,7/8/26 04:15,52.576,
Plot Title: T04,6119,7/8/26 04:30,52.576,
Plot Title: T04,6120,7/8/26 04:45,52.401,
Plot Title: T04,6121,7/8/26 05:00,52.401,
Plot Title: T04,6122,7/8/26 05:15,52.225,
Plot Title: T04,6123,7/8/26 05:30,52.05,
Plot Title: T04,6124,7/8/26 05:45,51.874,
Plot Title: T04,6125,7/8/26 06:00,51.874,
Plot Title: T04,6126,7/8/26 06:15,52.05,
Plot Title: T04,6127,7/8/26 06:30,52.05,
Plot Title: T04,6128,7/8/26 06:45,52.225,
Plot Title: T04,6129,7/8/26 07:00,52.225,
Plot Title: T04,6130,7/8/26 07:15,52.401,
Plot Title: T04,6131,7/8/26 07:30,52.576,
Plot Title: T04,6132,7/8/26 07:45,52.576,
Plot Title: T04,6133,7/8/26 08:00,53.1,
Plot Title: T04,6134,7/8/26 08:15,53.449,
Plot Title: T04,6135,7/8/26 08:30,54.147,
Plot Title: T04,6136,7/8/26 08:45,57.958,
Plot Title: T04,6137,7/8/26 09:00,61.227,
Plot Title: T04,6138,7/8/26 09:15,60.195,
Plot Title: T04,6139,7/8/26 09:30,58.647,
Plot Title: T04,6140,7/8/26 09:45,58.131,
Plot Title: T04,6141,7/8/26 10:00,57.441,
Plot Title: T04,6142,7/8/26 10:15,57.268,
Plot Title: T04,6143,7/8/26 10:30,57.096,
Plot Title: T04,6144,7/8/26 10:45,60.368,
Plot Title: T04,6145,7/8/26 11:00,63.111,
Plot Title: T04,6146,7/8/26 11:15,64.139,
Plot Title: T04,6147,7/8/26 11:30,70.137,
Plot Title: T04,6148,7/8/26 11:45,70.651,
Plot Title: T04,6149,7/8/26 12:00,67.05,
Plot Title: T04,6150,7/8/26 12:15,65.167,
Plot Title: T04,6151,7/8/26 12:30,70.308,
Plot Title: T04,6152,7/8/26 12:45,70.824,
Plot Title: T04,6153,7/8/26 13:00,74.964,
Plot Title: T04,6154,7/8/26 13:15,81.09,
Plot Title: T04,6155,7/8/26 13:30,80.911,
Plot Title: T04,6156,7/8/26 13:45,83.221,
Plot Title: T04,6157,7/8/26 14:00,81.266,
Plot Title: T04,6158,7/8/26 14:15,75.312,
Plot Title: T04,6159,7/8/26 14:30,71.856,
Plot Title: T04,6160,7/8/26 14:45,70.824,
Plot Title: T04,6161,7/8/26 15:00,70.137,
Plot Title: T04,6162,7/8/26 15:15,70.995,
Plot Title: T04,6163,7/8/26 15:30,72.199,
Plot Title: T04,6164,7/8/26 15:45,73.062,
Plot Title: T04,6165,7/8/26 16:00,72.891,
Plot Title: T04,6166,7/8/26 16:15,72.891,
Plot Title: T04,6167,7/8/26 16:30,70.308,
Plot Title: T04,6168,7/8/26 16:45,68.421,
Plot Title: T04,6169,7/8/26 17:00,66.879,
Plot Title: T04,6170,7/8/26 17:15,67.221,
Plot Title: T04,6171,7/8/26 17:30,66.708,
Plot Title: T04,6172,7/8/26 17:45,66.879,
Plot Title: T04,6173,7/8/26 18:00,67.906,
Plot Title: T04,6174,7/8/26 18:15,67.221,
Plot Title: T04,6175,7/8/26 18:30,65.509,
Plot Title: T04,6176,7/8/26 18:45,64.996,
Plot Title: T04,6177,7/8/26 19:00,64.31,
Plot Title: T04,6178,7/8/26 19:15,63.282,
Plot Title: T04,6179,7/8/26 19:30,62.769,
Plot Title: T04,6180,7/8/26 19:45,62.598,
Plot Title: T04,6181,7/8/26 20:00,62.769,
Plot Title: T04,6182,7/8/26 20:15,62.083,
Plot Title: T04,6183,7/8/26 20:30,61.569,
Plot Title: T04,6184,7/8/26 20:45,60.712,
Plot Title: T04,6185,7/8/26 21:00,60.712,
Plot Title: T04,6186,7/8/26 21:15,60.195,
Plot Title: T04,6187,7/8/26 21:30,59.68,
Plot Title: T04,6188,7/8/26 21:45,59.337,
Plot Title: T04,6189,7/8/26 22:00,58.993,
Plot Title: T04,6190,7/8/26 22:15,58.647,
Plot Title: T04,6191,7/8/26 22:30,58.131,
Plot Title: T04,6192,7/8/26 22:45,57.441,
Plot Title: T04,6193,7/8/26 23:00,56.923,
Plot Title: T04,6194,7/8/26 23:15,56.404,
Plot Title: T04,6195,7/8/26 23:30,55.884,
Plot Title: T04,6196,7/8/26 23:45,55.537,
Plot Title: T04,6197,7/9/26 00:00,55.017,
Plot Title: T04,6198,7/9/26 00:15,54.669,
Plot Title: T04,6199,7/9/26 00:30,54.322,
Plot Title: T04,6200,7/9/26 00:45,54.147,
Plot Title: T04,6201,7/9/26 01:00,54.322,
Plot Title: T04,6202,7/9/26 01:15,54.147,
Plot Title: T04,6203,7/9/26 01:30,53.973,
Plot Title: T04,6204,7/9/26 01:45,53.798,
Plot Title: T04,6205,7/9/26 02:00,53.623,
Plot Title: T04,6206,7/9/26 02:15,53.449,
Plot Title: T04,6207,7/9/26 02:30,53.449,
Plot Title: T04,6208,7/9/26 02:45,53.274,
Plot Title: T04,6209,7/9/26 03:00,53.1,
Plot Title: T04,6210,7/9/26 03:15,53.1,
Plot Title: T04,6211,7/9/26 03:30,52.925,
Plot Title: T04,6212,7/9/26 03:45,52.75,
Plot Title: T04,6213,7/9/26 04:00,52.576,
Plot Title: T04,6214,7/9/26 04:15,52.401,
Plot Title: T04,6215,7/9/26 04:30,52.225,
Plot Title: T04,6216,7/9/26 04:45,51.874,
Plot Title: T04,6217,7/9/26 05:00,51.699,
Plot Title: T04,6218,7/9/26 05:15,51.523,
Plot Title: T04,6219,7/9/26 05:30,51.346,
Plot Title: T04,6220,7/9/26 05:45,51.172,
Plot Title: T04,6221,7/9/26 06:00,50.995,
Plot Title: T04,6222,7/9/26 06:15,50.995,
Plot Title: T04,6223,7/9/26 06:30,50.819,
Plot Title: T04,6224,7/9/26 06:45,50.819,
Plot Title: T04,6225,7/9/26 07:00,50.995,
Plot Title: T04,6226,7/9/26 07:15,51.172,
Plot Title: T04,6227,7/9/26 07:30,51.172,
Plot Title: T04,6228,7/9/26 07:45,51.523,
Plot Title: T04,6229,7/9/26 08:00,51.874,
Plot Title: T04,6230,7/9/26 08:15,52.401,
Plot Title: T04,6231,7/9/26 08:30,52.925,
Plot Title: T04,6232,7/9/26 08:45,57.268,
Plot Title: T04,6233,7/9/26 09:00,61.227,
Plot Title: T04,6234,7/9/26 09:15,61.054,
Plot Title: T04,6235,7/9/26 09:30,58.647,
Plot Title: T04,6236,7/9/26 09:45,58.131,
Plot Title: T04,6237,7/9/26 10:00,57.096,
Plot Title: T04,6238,7/9/26 10:15,56.577,Logged